# Blender 4.1.1
# www.blender.org
mtllib title.mtl
o タイトル
v -1.077349 0.121518 -0.100000
v -1.076552 0.089271 -0.100000
v -1.074993 0.055756 -0.100000
v -1.072481 0.021392 -0.100000
v -1.068828 -0.013399 -0.100000
v -1.063844 -0.048195 -0.100000
v -1.057340 -0.082575 -0.100000
v -1.049127 -0.116118 -0.100000
v -1.039014 -0.148401 -0.100000
v -1.026814 -0.179005 -0.100000
v -1.012336 -0.207507 -0.100000
v -0.995392 -0.233487 -0.100000
v -0.990058 -0.240298 -0.100000
v -0.984088 -0.247202 -0.100000
v -0.977547 -0.254068 -0.100000
v -0.970501 -0.260767 -0.100000
v -0.963018 -0.267167 -0.100000
v -0.955165 -0.273137 -0.100000
v -0.947008 -0.278548 -0.100000
v -0.938613 -0.283268 -0.100000
v -0.930047 -0.287166 -0.100000
v -0.921378 -0.290113 -0.100000
v -0.912671 -0.291976 -0.100000
v -0.903994 -0.292627 -0.100000
v -0.894414 -0.291216 -0.100000
v -0.883936 -0.287233 -0.100000
v -0.872876 -0.281046 -0.100000
v -0.861552 -0.273027 -0.100000
v -0.850281 -0.263547 -0.100000
v -0.839382 -0.252976 -0.100000
v -0.829170 -0.241685 -0.100000
v -0.819964 -0.230045 -0.100000
v -0.812080 -0.218426 -0.100000
v -0.805836 -0.207199 -0.100000
v -0.801550 -0.196735 -0.100000
v -0.799539 -0.187404 -0.100000
v -0.804915 -0.175115 -0.100000
v -0.807988 -0.178187 -0.100000
v -0.808211 -0.177405 -0.100000
v -0.808493 -0.176598 -0.100000
v -0.808828 -0.175775 -0.100000
v -0.809211 -0.174945 -0.100000
v -0.809637 -0.174114 -0.100000
v -0.810100 -0.173291 -0.100000
v -0.810595 -0.172484 -0.100000
v -0.811117 -0.171702 -0.100000
v -0.811660 -0.170951 -0.100000
v -0.812219 -0.170240 -0.100000
v -0.812789 -0.169578 -0.100000
v -0.813364 -0.168971 -0.100000
v -0.814102 -0.168249 -0.100000
v -0.814790 -0.167612 -0.100000
v -0.815440 -0.167051 -0.100000
v -0.816066 -0.166553 -0.100000
v -0.816682 -0.166108 -0.100000
v -0.817300 -0.165707 -0.100000
v -0.817935 -0.165337 -0.100000
v -0.818598 -0.164988 -0.100000
v -0.819304 -0.164651 -0.100000
v -0.820067 -0.164313 -0.100000
v -0.820898 -0.163964 -0.100000
v -0.821813 -0.163594 -0.100000
v -0.827889 -0.160612 -0.100000
v -0.833813 -0.157077 -0.100000
v -0.839562 -0.153046 -0.100000
v -0.845110 -0.148575 -0.100000
v -0.850434 -0.143720 -0.100000
v -0.855511 -0.138537 -0.100000
v -0.860315 -0.133082 -0.100000
v -0.864823 -0.127411 -0.100000
v -0.869012 -0.121580 -0.100000
v -0.872856 -0.115645 -0.100000
v -0.876332 -0.109662 -0.100000
v -0.879416 -0.103687 -0.100000
v -0.886651 -0.086842 -0.100000
v -0.892683 -0.069740 -0.100000
v -0.897621 -0.052407 -0.100000
v -0.901576 -0.034875 -0.100000
v -0.904656 -0.017172 -0.100000
v -0.906970 0.000672 -0.100000
v -0.908628 0.018628 -0.100000
v -0.909740 0.036667 -0.100000
v -0.910414 0.054760 -0.100000
v -0.910760 0.072876 -0.100000
v -0.910888 0.090987 -0.100000
v -0.910906 0.109063 -0.100000
v -0.910868 0.120734 -0.100000
v -0.910789 0.132670 -0.100000
v -0.910726 0.144813 -0.100000
v -0.910736 0.157109 -0.100000
v -0.910873 0.169500 -0.100000
v -0.911194 0.181932 -0.100000
v -0.911756 0.194347 -0.100000
v -0.912613 0.206691 -0.100000
v -0.913822 0.218906 -0.100000
v -0.915440 0.230937 -0.100000
v -0.917521 0.242729 -0.100000
v -0.920123 0.254224 -0.100000
v -0.921358 0.258620 -0.100000
v -0.922772 0.262957 -0.100000
v -0.924383 0.267209 -0.100000
v -0.926210 0.271349 -0.100000
v -0.928272 0.275350 -0.100000
v -0.930588 0.279186 -0.100000
v -0.933175 0.282830 -0.100000
v -0.936053 0.286255 -0.100000
v -0.939240 0.289435 -0.100000
v -0.942755 0.292342 -0.100000
v -0.946617 0.294951 -0.100000
v -0.950845 0.297235 -0.100000
v -0.955868 0.299337 -0.100000
v -0.960950 0.301061 -0.100000
v -0.966086 0.302443 -0.100000
v -0.971269 0.303522 -0.100000
v -0.976495 0.304333 -0.100000
v -0.981759 0.304915 -0.100000
v -0.987054 0.305306 -0.100000
v -0.992376 0.305541 -0.100000
v -0.997720 0.305660 -0.100000
v -1.003079 0.305698 -0.100000
v -1.008449 0.305693 -0.100000
v -1.013825 0.305684 -0.100000
v -1.025082 0.305413 -0.100000
v -1.035081 0.304546 -0.100000
v -1.043875 0.302995 -0.100000
v -1.051516 0.300677 -0.100000
v -1.058059 0.297505 -0.100000
v -1.063556 0.293395 -0.100000
v -1.068061 0.288260 -0.100000
v -1.071628 0.282016 -0.100000
v -1.074309 0.274578 -0.100000
v -1.076158 0.265859 -0.100000
v -1.077228 0.255775 -0.100000
v -1.077573 0.244240 -0.100000
v -1.077573 0.152074 -0.100000
v -1.121522 0.081241 -0.100000
v -1.121686 0.096419 -0.100000
v -1.121904 0.114007 -0.100000
v -1.122234 0.133356 -0.100000
v -1.122734 0.153814 -0.100000
v -1.123464 0.174731 -0.100000
v -1.124482 0.195456 -0.100000
v -1.125846 0.215338 -0.100000
v -1.127616 0.233727 -0.100000
v -1.129850 0.249972 -0.100000
v -1.132607 0.263421 -0.100000
v -1.135945 0.273425 -0.100000
v -1.139561 0.280237 -0.100000
v -1.143501 0.286120 -0.100000
v -1.147765 0.291139 -0.100000
v -1.152358 0.295358 -0.100000
v -1.157282 0.298840 -0.100000
v -1.162538 0.301651 -0.100000
v -1.168131 0.303854 -0.100000
v -1.174063 0.305513 -0.100000
v -1.180336 0.306692 -0.100000
v -1.186952 0.307454 -0.100000
v -1.193916 0.307865 -0.100000
v -1.201229 0.307988 -0.100000
v -1.206189 0.307980 -0.100000
v -1.211082 0.307927 -0.100000
v -1.215906 0.307784 -0.100000
v -1.220658 0.307504 -0.100000
v -1.225335 0.307043 -0.100000
v -1.229935 0.306356 -0.100000
v -1.234454 0.305396 -0.100000
v -1.238892 0.304119 -0.100000
v -1.243243 0.302479 -0.100000
v -1.247507 0.300432 -0.100000
v -1.251680 0.297931 -0.100000
v -1.255760 0.294931 -0.100000
v -1.264023 0.285252 -0.100000
v -1.270854 0.271328 -0.100000
v -1.276389 0.253936 -0.100000
v -1.280764 0.233857 -0.100000
v -1.284115 0.211868 -0.100000
v -1.286578 0.188748 -0.100000
v -1.288289 0.165276 -0.100000
v -1.289384 0.142231 -0.100000
v -1.289998 0.120392 -0.100000
v -1.290269 0.100536 -0.100000
v -1.290332 0.083444 -0.100000
v -1.290323 0.069892 -0.100000
v -1.290413 0.055300 -0.100000
v -1.290664 0.040707 -0.100000
v -1.291043 0.026114 -0.100000
v -1.291517 0.011521 -0.100000
v -1.292056 -0.003072 -0.100000
v -1.292627 -0.017665 -0.100000
v -1.293197 -0.032258 -0.100000
v -1.293736 -0.046851 -0.100000
v -1.294211 -0.061444 -0.100000
v -1.294589 -0.076037 -0.100000
v -1.294840 -0.090630 -0.100000
v -1.294931 -0.105223 -0.100000
v -1.294951 -0.106997 -0.100000
v -1.295030 -0.109177 -0.100000
v -1.295195 -0.111655 -0.100000
v -1.295471 -0.114326 -0.100000
v -1.295886 -0.117081 -0.100000
v -1.296467 -0.119816 -0.100000
v -1.297239 -0.122422 -0.100000
v -1.298231 -0.124794 -0.100000
v -1.299467 -0.126824 -0.100000
v -1.300976 -0.128406 -0.100000
v -1.302783 -0.129434 -0.100000
v -1.304915 -0.129800 -0.100000
v -1.306228 -0.129708 -0.100000
v -1.307483 -0.129445 -0.100000
v -1.308684 -0.129032 -0.100000
v -1.309837 -0.128492 -0.100000
v -1.310947 -0.127845 -0.100000
v -1.312020 -0.127112 -0.100000
v -1.313061 -0.126316 -0.100000
v -1.314075 -0.125476 -0.100000
v -1.315068 -0.124616 -0.100000
v -1.316045 -0.123755 -0.100000
v -1.317011 -0.122916 -0.100000
v -1.317972 -0.122120 -0.100000
v -1.321717 -0.118231 -0.100000
v -1.325272 -0.114244 -0.100000
v -1.328641 -0.110155 -0.100000
v -1.331826 -0.105962 -0.100000
v -1.334829 -0.101663 -0.100000
v -1.337654 -0.097254 -0.100000
v -1.340302 -0.092733 -0.100000
v -1.342777 -0.088098 -0.100000
v -1.345082 -0.083345 -0.100000
v -1.347219 -0.078473 -0.100000
v -1.349190 -0.073477 -0.100000
v -1.350998 -0.068356 -0.100000
v -1.353792 -0.059846 -0.100000
v -1.356453 -0.050897 -0.100000
v -1.359039 -0.041619 -0.100000
v -1.361609 -0.032116 -0.100000
v -1.364221 -0.022496 -0.100000
v -1.366935 -0.012865 -0.100000
v -1.369809 -0.003330 -0.100000
v -1.372902 0.006002 -0.100000
v -1.376272 0.015025 -0.100000
v -1.379978 0.023632 -0.100000
v -1.384079 0.031716 -0.100000
v -1.388633 0.039171 -0.100000
v -1.391032 0.042629 -0.100000
v -1.393618 0.045717 -0.100000
v -1.396385 0.048447 -0.100000
v -1.399328 0.050833 -0.100000
v -1.402442 0.052889 -0.100000
v -1.405722 0.054628 -0.100000
v -1.409161 0.056062 -0.100000
v -1.412755 0.057205 -0.100000
v -1.416499 0.058072 -0.100000
v -1.420386 0.058674 -0.100000
v -1.424412 0.059026 -0.100000
v -1.428571 0.059140 -0.100000
v -1.437302 0.059008 -0.100000
v -1.447470 0.058535 -0.100000
v -1.458657 0.057604 -0.100000
v -1.470444 0.056096 -0.100000
v -1.482413 0.053895 -0.100000
v -1.494143 0.050883 -0.100000
v -1.505218 0.046943 -0.100000
v -1.515219 0.041958 -0.100000
v -1.523725 0.035810 -0.100000
v -1.530320 0.028382 -0.100000
v -1.534584 0.019557 -0.100000
v -1.536098 0.009217 -0.100000
v -1.535879 0.000992 -0.100000
v -1.535241 -0.007168 -0.100000
v -1.534214 -0.015265 -0.100000
v -1.532827 -0.023297 -0.100000
v -1.531109 -0.031266 -0.100000
v -1.529090 -0.039171 -0.100000
v -1.526798 -0.047011 -0.100000
v -1.524265 -0.054788 -0.100000
v -1.521517 -0.062500 -0.100000
v -1.518586 -0.070148 -0.100000
v -1.515500 -0.077733 -0.100000
v -1.512289 -0.085253 -0.100000
v -1.494067 -0.121698 -0.100000
v -1.473275 -0.154652 -0.100000
v -1.450029 -0.184176 -0.100000
v -1.424447 -0.210332 -0.100000
v -1.396646 -0.233181 -0.100000
v -1.366743 -0.252784 -0.100000
v -1.334857 -0.269203 -0.100000
v -1.301104 -0.282500 -0.100000
v -1.265601 -0.292735 -0.100000
v -1.228466 -0.299969 -0.100000
v -1.189817 -0.304265 -0.100000
v -1.149770 -0.305684 -0.100000
v -1.143402 -0.303163 -0.100000
v -1.138064 -0.296143 -0.100000
v -1.133665 -0.285438 -0.100000
v -1.130113 -0.271861 -0.100000
v -1.127319 -0.256225 -0.100000
v -1.125192 -0.239343 -0.100000
v -1.123641 -0.222030 -0.100000
v -1.122575 -0.205098 -0.100000
v -1.121904 -0.189360 -0.100000
v -1.121537 -0.175631 -0.100000
v -1.121383 -0.164723 -0.100000
v -1.121352 -0.157450 -0.100000
v -1.121352 0.069124 -0.100000
v -0.475495 0.077045 -0.100000
v -0.495011 0.073480 -0.100000
v -0.515877 0.069856 -0.100000
v -0.537663 0.066081 -0.100000
v -0.559939 0.062060 -0.100000
v -0.582277 0.057700 -0.100000
v -0.604247 0.052908 -0.100000
v -0.625420 0.047591 -0.100000
v -0.645365 0.041655 -0.100000
v -0.663655 0.035007 -0.100000
v -0.679859 0.027553 -0.100000
v -0.693548 0.019201 -0.100000
v -0.698474 0.015225 -0.100000
v -0.702552 0.011005 -0.100000
v -0.705861 0.006588 -0.100000
v -0.708483 0.002020 -0.100000
v -0.710496 -0.002656 -0.100000
v -0.711982 -0.007392 -0.100000
v -0.713019 -0.012145 -0.100000
v -0.713688 -0.016869 -0.100000
v -0.714070 -0.021517 -0.100000
v -0.714243 -0.026046 -0.100000
v -0.714288 -0.030410 -0.100000
v -0.714286 -0.034562 -0.100000
v -0.713789 -0.045322 -0.100000
v -0.712298 -0.055996 -0.100000
v -0.709809 -0.066436 -0.100000
v -0.706321 -0.076492 -0.100000
v -0.701829 -0.086014 -0.100000
v -0.696333 -0.094854 -0.100000
v -0.689828 -0.102862 -0.100000
v -0.682312 -0.109888 -0.100000
v -0.673783 -0.115783 -0.100000
v -0.664238 -0.120399 -0.100000
v -0.653674 -0.123585 -0.100000
v -0.642089 -0.125192 -0.100000
v -0.617485 -0.123907 -0.100000
v -0.593165 -0.120356 -0.100000
v -0.569064 -0.114991 -0.100000
v -0.545116 -0.108266 -0.100000
v -0.521253 -0.100635 -0.100000
v -0.497408 -0.092550 -0.100000
v -0.473515 -0.084465 -0.100000
v -0.449508 -0.076833 -0.100000
v -0.425319 -0.070108 -0.100000
v -0.400883 -0.064744 -0.100000
v -0.376131 -0.061192 -0.100000
v -0.350998 -0.059908 -0.100000
v -0.342161 -0.061538 -0.100000
v -0.334763 -0.066102 -0.100000
v -0.328677 -0.073109 -0.100000
v -0.323775 -0.082067 -0.100000
v -0.319930 -0.092488 -0.100000
v -0.317012 -0.103879 -0.100000
v -0.314895 -0.115750 -0.100000
v -0.313449 -0.127610 -0.100000
v -0.312548 -0.138969 -0.100000
v -0.312063 -0.149336 -0.100000
v -0.311865 -0.158220 -0.100000
v -0.311828 -0.165131 -0.100000
v -0.311904 -0.172796 -0.100000
v -0.312112 -0.180435 -0.100000
v -0.312428 -0.188052 -0.100000
v -0.312824 -0.195653 -0.100000
v -0.313273 -0.203244 -0.100000
v -0.313748 -0.210829 -0.100000
v -0.314224 -0.218415 -0.100000
v -0.314673 -0.226006 -0.100000
v -0.315068 -0.233607 -0.100000
v -0.315384 -0.241224 -0.100000
v -0.315593 -0.248863 -0.100000
v -0.315668 -0.256528 -0.100000
v -0.315192 -0.266460 -0.100000
v -0.313780 -0.275178 -0.100000
v -0.311456 -0.282750 -0.100000
v -0.308244 -0.289242 -0.100000
v -0.304167 -0.294720 -0.100000
v -0.299251 -0.299251 -0.100000
v -0.293519 -0.302902 -0.100000
v -0.286994 -0.305740 -0.100000
v -0.279702 -0.307832 -0.100000
v -0.271665 -0.309243 -0.100000
v -0.262909 -0.310041 -0.100000
v -0.253456 -0.310292 -0.100000
v -0.246534 -0.310284 -0.100000
v -0.239621 -0.310228 -0.100000
v -0.232755 -0.310076 -0.100000
v -0.225977 -0.309780 -0.100000
v -0.219327 -0.309292 -0.100000
v -0.212846 -0.308564 -0.100000
v -0.206572 -0.307548 -0.100000
v -0.200546 -0.306196 -0.100000
v -0.194808 -0.304460 -0.100000
v -0.189399 -0.302291 -0.100000
v -0.184357 -0.299643 -0.100000
v -0.179724 -0.296467 -0.100000
v -0.168007 -0.283365 -0.100000
v -0.158442 -0.265386 -0.100000
v -0.150814 -0.243412 -0.100000
v -0.144905 -0.218325 -0.100000
v -0.140501 -0.191009 -0.100000
v -0.137385 -0.162346 -0.100000
v -0.135341 -0.133220 -0.100000
v -0.134153 -0.104512 -0.100000
v -0.133605 -0.077105 -0.100000
v -0.133481 -0.051882 -0.100000
v -0.133565 -0.029727 -0.100000
v -0.133641 -0.011521 -0.100000
v -0.133471 0.006958 -0.100000
v -0.133114 0.029872 -0.100000
v -0.132801 0.056248 -0.100000
v -0.132759 0.085111 -0.100000
v -0.133218 0.115490 -0.100000
v -0.134409 0.146409 -0.100000
v -0.136559 0.176897 -0.100000
v -0.139899 0.205979 -0.100000
v -0.144657 0.232683 -0.100000
v -0.151064 0.256034 -0.100000
v -0.159348 0.275060 -0.100000
v -0.169739 0.288787 -0.100000
v -0.175900 0.293727 -0.100000
v -0.182799 0.297847 -0.100000
v -0.190344 0.301219 -0.100000
v -0.198441 0.303920 -0.100000
v -0.206997 0.306023 -0.100000
v -0.215918 0.307604 -0.100000
v -0.225111 0.308736 -0.100000
v -0.234483 0.309495 -0.100000
v -0.243940 0.309956 -0.100000
v -0.253389 0.310192 -0.100000
v -0.262736 0.310279 -0.100000
v -0.271889 0.310292 -0.100000
v -0.280863 0.309699 -0.100000
v -0.288637 0.307981 -0.100000
v -0.295291 0.305228 -0.100000
v -0.300905 0.301530 -0.100000
v -0.305558 0.296980 -0.100000
v -0.309332 0.291667 -0.100000
v -0.312305 0.285681 -0.100000
v -0.314559 0.279115 -0.100000
v -0.316172 0.272057 -0.100000
v -0.317226 0.264600 -0.100000
v -0.317799 0.256833 -0.100000
v -0.317972 0.248848 -0.100000
v -0.317897 0.243487 -0.100000
v -0.317688 0.238156 -0.100000
v -0.317372 0.232851 -0.100000
v -0.316977 0.227570 -0.100000
v -0.316528 0.222311 -0.100000
v -0.316052 0.217070 -0.100000
v -0.315577 0.211845 -0.100000
v -0.315128 0.206634 -0.100000
v -0.314732 0.201433 -0.100000
v -0.314417 0.196240 -0.100000
v -0.314208 0.191053 -0.100000
v -0.314132 0.185868 -0.100000
v -0.315814 0.166431 -0.100000
v -0.320611 0.150125 -0.100000
v -0.328149 0.136593 -0.100000
v -0.338055 0.125476 -0.100000
v -0.349957 0.116419 -0.100000
v -0.363479 0.109063 -0.100000
v -0.378250 0.103051 -0.100000
v -0.393895 0.098026 -0.100000
v -0.410042 0.093630 -0.100000
v -0.426317 0.089506 -0.100000
v -0.442347 0.085297 -0.100000
v -0.457757 0.080645 -0.100000
v 0.148975 0.084444 -0.100000
v 0.156981 0.081911 -0.100000
v 0.164603 0.079805 -0.100000
v 0.171872 0.077971 -0.100000
v 0.178822 0.076255 -0.100000
v 0.185484 0.074501 -0.100000
v 0.191890 0.072555 -0.100000
v 0.198071 0.070262 -0.100000
v 0.204061 0.067468 -0.100000
v 0.209891 0.064018 -0.100000
v 0.215593 0.059758 -0.100000
v 0.221198 0.054531 -0.100000
v 0.230203 0.042834 -0.100000
v 0.237039 0.029438 -0.100000
v 0.241972 0.014629 -0.100000
v 0.245264 -0.001309 -0.100000
v 0.247180 -0.018089 -0.100000
v 0.247984 -0.035426 -0.100000
v 0.247940 -0.053036 -0.100000
v 0.247312 -0.070632 -0.100000
v 0.246364 -0.087930 -0.100000
v 0.245360 -0.104643 -0.100000
v 0.244564 -0.120487 -0.100000
v 0.244240 -0.135177 -0.100000
v 0.243822 -0.146377 -0.100000
v 0.242757 -0.160007 -0.100000
v 0.241323 -0.175487 -0.100000
v 0.239802 -0.192240 -0.100000
v 0.238473 -0.209686 -0.100000
v 0.237615 -0.227247 -0.100000
v 0.237510 -0.244343 -0.100000
v 0.238437 -0.260397 -0.100000
v 0.240675 -0.274830 -0.100000
v 0.244506 -0.287062 -0.100000
v 0.250209 -0.296515 -0.100000
v 0.258065 -0.302611 -0.100000
v 0.267123 -0.306372 -0.100000
v 0.276195 -0.309275 -0.100000
v 0.285198 -0.311420 -0.100000
v 0.294049 -0.312909 -0.100000
v 0.302665 -0.313843 -0.100000
v 0.310964 -0.314324 -0.100000
v 0.318863 -0.314453 -0.100000
v 0.326279 -0.314331 -0.100000
v 0.333129 -0.314060 -0.100000
v 0.339332 -0.313741 -0.100000
v 0.344804 -0.313475 -0.100000
v 0.349462 -0.313364 -0.100000
v 0.354983 -0.313371 -0.100000
v 0.360407 -0.313353 -0.100000
v 0.365735 -0.313256 -0.100000
v 0.370968 -0.313023 -0.100000
v 0.376104 -0.312597 -0.100000
v 0.381144 -0.311924 -0.100000
v 0.386089 -0.310947 -0.100000
v 0.390937 -0.309609 -0.100000
v 0.395689 -0.307856 -0.100000
v 0.400346 -0.305630 -0.100000
v 0.404906 -0.302877 -0.100000
v 0.409370 -0.299539 -0.100000
v 0.414941 -0.292802 -0.100000
v 0.419440 -0.282959 -0.100000
v 0.422979 -0.270581 -0.100000
v 0.425670 -0.256244 -0.100000
v 0.427625 -0.240520 -0.100000
v 0.428955 -0.223982 -0.100000
v 0.429774 -0.207205 -0.100000
v 0.430193 -0.190761 -0.100000
v 0.430324 -0.175223 -0.100000
v 0.430278 -0.161166 -0.100000
v 0.430169 -0.149162 -0.100000
v 0.430108 -0.139785 -0.100000
v 0.430032 -0.129565 -0.100000
v 0.429951 -0.118383 -0.100000
v 0.430084 -0.106651 -0.100000
v 0.430648 -0.094783 -0.100000
v 0.431863 -0.083192 -0.100000
v 0.433948 -0.072293 -0.100000
v 0.437120 -0.062497 -0.100000
v 0.441600 -0.054219 -0.100000
v 0.447605 -0.047871 -0.100000
v 0.455354 -0.043868 -0.100000
v 0.465065 -0.042622 -0.100000
v 0.476959 -0.044547 -0.100000
v 0.488382 -0.048413 -0.100000
v 0.500693 -0.053650 -0.100000
v 0.513789 -0.059932 -0.100000
v 0.527564 -0.066934 -0.100000
v 0.541916 -0.074331 -0.100000
v 0.556740 -0.081797 -0.100000
v 0.571931 -0.089007 -0.100000
v 0.587387 -0.095636 -0.100000
v 0.603003 -0.101358 -0.100000
v 0.618674 -0.105849 -0.100000
v 0.634298 -0.108781 -0.100000
v 0.649770 -0.109831 -0.100000
v 0.659620 -0.108375 -0.100000
v 0.668797 -0.104263 -0.100000
v 0.677263 -0.097878 -0.100000
v 0.684986 -0.089606 -0.100000
v 0.691930 -0.079829 -0.100000
v 0.698061 -0.068932 -0.100000
v 0.703343 -0.057300 -0.100000
v 0.707743 -0.045315 -0.100000
v 0.711226 -0.033362 -0.100000
v 0.713756 -0.021825 -0.100000
v 0.715300 -0.011089 -0.100000
v 0.715822 -0.001536 -0.100000
v 0.715710 0.002094 -0.100000
v 0.715374 0.005682 -0.100000
v 0.714814 0.009217 -0.100000
v 0.714030 0.012687 -0.100000
v 0.713022 0.016083 -0.100000
v 0.711790 0.019393 -0.100000
v 0.710334 0.022608 -0.100000
v 0.708653 0.025715 -0.100000
v 0.706749 0.028706 -0.100000
v 0.704621 0.031568 -0.100000
v 0.702269 0.034292 -0.100000
v 0.699693 0.036866 -0.100000
v 0.692247 0.040767 -0.100000
v 0.676673 0.046819 -0.100000
v 0.654474 0.054615 -0.100000
v 0.627155 0.063748 -0.100000
v 0.596219 0.073809 -0.100000
v 0.563172 0.084389 -0.100000
v 0.529517 0.095082 -0.100000
v 0.496757 0.105479 -0.100000
v 0.466398 0.115171 -0.100000
v 0.439943 0.123752 -0.100000
v 0.418896 0.130812 -0.100000
v 0.404762 0.135945 -0.100000
v 0.390263 0.141923 -0.100000
v 0.375942 0.148312 -0.100000
v 0.361787 0.155074 -0.100000
v 0.347784 0.162172 -0.100000
v 0.333920 0.169569 -0.100000
v 0.320181 0.177227 -0.100000
v 0.306553 0.185110 -0.100000
v 0.293025 0.193179 -0.100000
v 0.279582 0.201397 -0.100000
v 0.266211 0.209727 -0.100000
v 0.252898 0.218132 -0.100000
v 0.239631 0.226575 -0.100000
v 0.239631 0.225806 -0.100000
v 0.234372 0.229340 -0.100000
v 0.227958 0.233658 -0.100000
v 0.220610 0.238551 -0.100000
v 0.212551 0.243813 -0.100000
v 0.204000 0.249235 -0.100000
v 0.195181 0.254608 -0.100000
v 0.186313 0.259726 -0.100000
v 0.177619 0.264380 -0.100000
v 0.169319 0.268361 -0.100000
v 0.161635 0.271463 -0.100000
v 0.154789 0.273476 -0.100000
v 0.149002 0.274194 -0.100000
v 0.141779 0.273030 -0.100000
v 0.133722 0.269749 -0.100000
v 0.125084 0.264665 -0.100000
v 0.116118 0.258093 -0.100000
v 0.107077 0.250348 -0.100000
v 0.098214 0.241743 -0.100000
v 0.089784 0.232595 -0.100000
v 0.082039 0.223218 -0.100000
v 0.075233 0.213926 -0.100000
v 0.069619 0.205034 -0.100000
v 0.065450 0.196856 -0.100000
v 0.062980 0.189708 -0.100000
v 0.059886 0.173383 -0.100000
v 0.058966 0.158887 -0.100000
v 0.060088 0.146097 -0.100000
v 0.063122 0.134892 -0.100000
v 0.067938 0.125148 -0.100000
v 0.074405 0.116743 -0.100000
v 0.082392 0.109555 -0.100000
v 0.091768 0.103459 -0.100000
v 0.102403 0.098334 -0.100000
v 0.114166 0.094058 -0.100000
v 0.126926 0.090506 -0.100000
v 0.140553 0.087558 -0.100000
v 1.031830 0.064501 -0.100000
v 1.031327 0.067535 -0.100000
v 1.030770 0.070553 -0.100000
v 1.030182 0.073562 -0.100000
v 1.029582 0.076572 -0.100000
v 1.028994 0.079589 -0.100000
v 1.028437 0.082623 -0.100000
v 1.027934 0.085680 -0.100000
v 1.027506 0.088770 -0.100000
v 1.027173 0.091899 -0.100000
v 1.026958 0.095077 -0.100000
v 1.026882 0.098310 -0.100000
v 1.027785 0.105076 -0.100000
v 1.030334 0.110834 -0.100000
v 1.034286 0.115663 -0.100000
v 1.039398 0.119645 -0.100000
v 1.045427 0.122859 -0.100000
v 1.052131 0.125384 -0.100000
v 1.059267 0.127301 -0.100000
v 1.066593 0.128691 -0.100000
v 1.073865 0.129632 -0.100000
v 1.080841 0.130206 -0.100000
v 1.087278 0.130491 -0.100000
v 1.092934 0.130568 -0.100000
v 1.095607 0.130553 -0.100000
v 1.098250 0.130511 -0.100000
v 1.100867 0.130448 -0.100000
v 1.103459 0.130369 -0.100000
v 1.106030 0.130279 -0.100000
v 1.108583 0.130184 -0.100000
v 1.111120 0.130089 -0.100000
v 1.113643 0.129999 -0.100000
v 1.116156 0.129920 -0.100000
v 1.118660 0.129857 -0.100000
v 1.121159 0.129815 -0.100000
v 1.123656 0.129800 -0.100000
v 1.130391 0.129841 -0.100000
v 1.137150 0.129932 -0.100000
v 1.143925 0.130028 -0.100000
v 1.150708 0.130085 -0.100000
v 1.157491 0.130056 -0.100000
v 1.164267 0.129896 -0.100000
v 1.171026 0.129561 -0.100000
v 1.177761 0.129004 -0.100000
v 1.184464 0.128180 -0.100000
v 1.191127 0.127045 -0.100000
v 1.197742 0.125552 -0.100000
v 1.204301 0.123656 -0.100000
v 1.220194 0.115763 -0.100000
v 1.236012 0.103143 -0.100000
v 1.251776 0.086826 -0.100000
v 1.267509 0.067844 -0.100000
v 1.283231 0.047231 -0.100000
v 1.298963 0.026018 -0.100000
v 1.314728 0.005236 -0.100000
v 1.330546 -0.014081 -0.100000
v 1.346438 -0.030902 -0.100000
v 1.362427 -0.044195 -0.100000
v 1.378533 -0.052927 -0.100000
v 1.394777 -0.056068 -0.100000
v 1.402238 -0.055159 -0.100000
v 1.410938 -0.052576 -0.100000
v 1.420519 -0.048531 -0.100000
v 1.430619 -0.043238 -0.100000
v 1.440880 -0.036911 -0.100000
v 1.450941 -0.029762 -0.100000
v 1.460441 -0.022005 -0.100000
v 1.469022 -0.013853 -0.100000
v 1.476323 -0.005520 -0.100000
v 1.481983 0.002781 -0.100000
v 1.485643 0.010836 -0.100000
v 1.486943 0.018433 -0.100000
v 1.486820 0.019691 -0.100000
v 1.486474 0.021136 -0.100000
v 1.485935 0.022729 -0.100000
v 1.485236 0.024435 -0.100000
v 1.484410 0.026216 -0.100000
v 1.483487 0.028034 -0.100000
v 1.482500 0.029852 -0.100000
v 1.481481 0.031632 -0.100000
v 1.480463 0.033338 -0.100000
v 1.479476 0.034932 -0.100000
v 1.478553 0.036377 -0.100000
v 1.477727 0.037634 -0.100000
v 1.476736 0.039171 -0.100000
v 1.475689 0.040707 -0.100000
v 1.474594 0.042243 -0.100000
v 1.473460 0.043779 -0.100000
v 1.472293 0.045315 -0.100000
v 1.471102 0.046851 -0.100000
v 1.469895 0.048387 -0.100000
v 1.468681 0.049923 -0.100000
v 1.467466 0.051459 -0.100000
v 1.466259 0.052995 -0.100000
v 1.465068 0.054531 -0.100000
v 1.463902 0.056068 -0.100000
v 1.452320 0.071510 -0.100000
v 1.441017 0.087120 -0.100000
v 1.430012 0.102907 -0.100000
v 1.419326 0.118877 -0.100000
v 1.408983 0.135039 -0.100000
v 1.399002 0.151402 -0.100000
v 1.389405 0.167972 -0.100000
v 1.380213 0.184758 -0.100000
v 1.371448 0.201769 -0.100000
v 1.363131 0.219011 -0.100000
v 1.355283 0.236494 -0.100000
v 1.347926 0.254224 -0.100000
v 1.346030 0.259393 -0.100000
v 1.344146 0.264852 -0.100000
v 1.342226 0.270509 -0.100000
v 1.340217 0.276270 -0.100000
v 1.338070 0.282042 -0.100000
v 1.335734 0.287730 -0.100000
v 1.333157 0.293243 -0.100000
v 1.330290 0.298487 -0.100000
v 1.327081 0.303367 -0.100000
v 1.323480 0.307792 -0.100000
v 1.319437 0.311668 -0.100000
v 1.314900 0.314900 -0.100000
v 1.309685 0.317708 -0.100000
v 1.304407 0.320020 -0.100000
v 1.299071 0.321885 -0.100000
v 1.293679 0.323349 -0.100000
v 1.288234 0.324461 -0.100000
v 1.282738 0.325269 -0.100000
v 1.277194 0.325821 -0.100000
v 1.271605 0.326165 -0.100000
v 1.265973 0.326349 -0.100000
v 1.260301 0.326421 -0.100000
v 1.254592 0.326429 -0.100000
v 1.248848 0.326421 -0.100000
v 1.237885 0.326434 -0.100000
v 1.228025 0.326336 -0.100000
v 1.219254 0.325917 -0.100000
v 1.211555 0.324970 -0.100000
v 1.204912 0.323287 -0.100000
v 1.199309 0.320661 -0.100000
v 1.194730 0.316882 -0.100000
v 1.191159 0.311743 -0.100000
v 1.188580 0.305036 -0.100000
v 1.186977 0.296552 -0.100000
v 1.186335 0.286085 -0.100000
v 1.186636 0.273425 -0.100000
v 1.174394 0.268910 -0.100000
v 1.156415 0.265592 -0.100000
v 1.133749 0.263261 -0.100000
v 1.107442 0.261706 -0.100000
v 1.078542 0.260716 -0.100000
v 1.048099 0.260081 -0.100000
v 1.017160 0.259590 -0.100000
v 0.986773 0.259032 -0.100000
v 0.957985 0.258197 -0.100000
v 0.931846 0.256873 -0.100000
v 0.909404 0.254851 -0.100000
v 0.891705 0.251920 -0.100000
v 0.891705 0.251152 -0.100000
v 0.881062 0.249069 -0.100000
v 0.872422 0.245943 -0.100000
v 0.865579 0.241851 -0.100000
v 0.860329 0.236872 -0.100000
v 0.856465 0.231082 -0.100000
v 0.853783 0.224558 -0.100000
v 0.852076 0.217379 -0.100000
v 0.851141 0.209621 -0.100000
v 0.850770 0.201361 -0.100000
v 0.850760 0.192677 -0.100000
v 0.850905 0.183647 -0.100000
v 0.850999 0.174347 -0.100000
v 0.852443 0.128498 -0.100000
v 0.856858 0.083984 -0.100000
v 0.864367 0.040959 -0.100000
v 0.875093 -0.000427 -0.100000
v 0.889157 -0.040020 -0.100000
v 0.906682 -0.077669 -0.100000
v 0.927792 -0.113222 -0.100000
v 0.952609 -0.146527 -0.100000
v 0.981255 -0.177431 -0.100000
v 1.013853 -0.205784 -0.100000
v 1.050527 -0.231432 -0.100000
v 1.091398 -0.254224 -0.100000
v 1.107094 -0.261564 -0.100000
v 1.124417 -0.268910 -0.100000
v 1.143073 -0.276138 -0.100000
v 1.162770 -0.283126 -0.100000
v 1.183213 -0.289751 -0.100000
v 1.204109 -0.295891 -0.100000
v 1.225166 -0.301423 -0.100000
v 1.246089 -0.306224 -0.100000
v 1.266585 -0.310172 -0.100000
v 1.286362 -0.313144 -0.100000
v 1.305125 -0.315017 -0.100000
v 1.322581 -0.315668 -0.100000
v 1.336194 -0.314672 -0.100000
v 1.348285 -0.311796 -0.100000
v 1.358931 -0.307208 -0.100000
v 1.368208 -0.301075 -0.100000
v 1.376195 -0.293567 -0.100000
v 1.382969 -0.284850 -0.100000
v 1.388606 -0.275094 -0.100000
v 1.393184 -0.264465 -0.100000
v 1.396781 -0.253132 -0.100000
v 1.399475 -0.241263 -0.100000
v 1.401341 -0.229027 -0.100000
v 1.402458 -0.216590 -0.100000
v 1.390714 -0.205441 -0.100000
v 1.372899 -0.195625 -0.100000
v 1.350362 -0.186876 -0.100000
v 1.324458 -0.178927 -0.100000
v 1.296538 -0.171511 -0.100000
v 1.267953 -0.164363 -0.100000
v 1.240057 -0.157214 -0.100000
v 1.214200 -0.149798 -0.100000
v 1.191736 -0.141849 -0.100000
v 1.174016 -0.133100 -0.100000
v 1.162393 -0.123284 -0.100000
v 1.158218 -0.112135 -0.100000
v 1.160606 -0.103765 -0.100000
v 1.167207 -0.096187 -0.100000
v 1.177179 -0.089202 -0.100000
v 1.189680 -0.082608 -0.100000
v 1.203866 -0.076206 -0.100000
v 1.218894 -0.069796 -0.100000
v 1.233922 -0.063179 -0.100000
v 1.248108 -0.056153 -0.100000
v 1.260609 -0.048519 -0.100000
v 1.270581 -0.040077 -0.100000
v 1.277182 -0.030627 -0.100000
v 1.279570 -0.019969 -0.100000
v 1.278691 -0.012227 -0.100000
v 1.276185 -0.003086 -0.100000
v 1.272250 0.007056 -0.100000
v 1.267082 0.017807 -0.100000
v 1.260880 0.028772 -0.100000
v 1.253840 0.039555 -0.100000
v 1.246161 0.049761 -0.100000
v 1.238039 0.058998 -0.100000
v 1.229671 0.066868 -0.100000
v 1.221255 0.072979 -0.100000
v 1.212989 0.076935 -0.100000
v 1.205069 0.078341 -0.100000
v 1.192400 0.077283 -0.100000
v 1.179116 0.074359 -0.100000
v 1.165431 0.069940 -0.100000
v 1.151562 0.064402 -0.100000
v 1.137725 0.058117 -0.100000
v 1.124136 0.051459 -0.100000
v 1.111011 0.044801 -0.100000
v 1.098566 0.038516 -0.100000
v 1.087018 0.032978 -0.100000
v 1.076581 0.028560 -0.100000
v 1.067472 0.025635 -0.100000
v 1.059908 0.024578 -0.100000
v 1.053731 0.024950 -0.100000
v 1.048896 0.026021 -0.100000
v 1.045207 0.027722 -0.100000
v 1.042470 0.029982 -0.100000
v 1.040491 0.032734 -0.100000
v 1.039075 0.035906 -0.100000
v 1.038026 0.039431 -0.100000
v 1.037151 0.043238 -0.100000
v 1.036254 0.047259 -0.100000
v 1.035142 0.051424 -0.100000
v 1.033619 0.055663 -0.100000
v 1.031490 0.059908 -0.100000
v 1.032258 0.061444 -0.100000
v -1.077349 0.121518 0.100000
v -1.076552 0.089271 0.100000
v -1.074993 0.055756 0.100000
v -1.072481 0.021392 0.100000
v -1.068828 -0.013399 0.100000
v -1.063844 -0.048195 0.100000
v -1.057340 -0.082575 0.100000
v -1.049127 -0.116118 0.100000
v -1.039014 -0.148401 0.100000
v -1.026814 -0.179005 0.100000
v -1.012336 -0.207507 0.100000
v -0.995392 -0.233487 0.100000
v -0.990058 -0.240298 0.100000
v -0.984088 -0.247202 0.100000
v -0.977547 -0.254068 0.100000
v -0.970501 -0.260767 0.100000
v -0.963018 -0.267167 0.100000
v -0.955165 -0.273137 0.100000
v -0.947008 -0.278548 0.100000
v -0.938613 -0.283268 0.100000
v -0.930047 -0.287166 0.100000
v -0.921378 -0.290113 0.100000
v -0.912671 -0.291976 0.100000
v -0.903994 -0.292627 0.100000
v -0.894414 -0.291216 0.100000
v -0.883936 -0.287233 0.100000
v -0.872876 -0.281046 0.100000
v -0.861552 -0.273027 0.100000
v -0.850281 -0.263547 0.100000
v -0.839382 -0.252976 0.100000
v -0.829170 -0.241685 0.100000
v -0.819964 -0.230045 0.100000
v -0.812080 -0.218426 0.100000
v -0.805836 -0.207199 0.100000
v -0.801550 -0.196735 0.100000
v -0.799539 -0.187404 0.100000
v -0.804915 -0.175115 0.100000
v -0.807988 -0.178187 0.100000
v -0.808211 -0.177405 0.100000
v -0.808493 -0.176598 0.100000
v -0.808828 -0.175775 0.100000
v -0.809211 -0.174945 0.100000
v -0.809637 -0.174114 0.100000
v -0.810100 -0.173291 0.100000
v -0.810595 -0.172484 0.100000
v -0.811117 -0.171702 0.100000
v -0.811660 -0.170951 0.100000
v -0.812219 -0.170240 0.100000
v -0.812789 -0.169578 0.100000
v -0.813364 -0.168971 0.100000
v -0.814102 -0.168249 0.100000
v -0.814790 -0.167612 0.100000
v -0.815440 -0.167051 0.100000
v -0.816066 -0.166553 0.100000
v -0.816682 -0.166108 0.100000
v -0.817300 -0.165707 0.100000
v -0.817935 -0.165337 0.100000
v -0.818598 -0.164988 0.100000
v -0.819304 -0.164651 0.100000
v -0.820067 -0.164313 0.100000
v -0.820898 -0.163964 0.100000
v -0.821813 -0.163594 0.100000
v -0.827889 -0.160612 0.100000
v -0.833813 -0.157077 0.100000
v -0.839562 -0.153046 0.100000
v -0.845110 -0.148575 0.100000
v -0.850434 -0.143720 0.100000
v -0.855511 -0.138537 0.100000
v -0.860315 -0.133082 0.100000
v -0.864823 -0.127411 0.100000
v -0.869012 -0.121580 0.100000
v -0.872856 -0.115645 0.100000
v -0.876332 -0.109662 0.100000
v -0.879416 -0.103687 0.100000
v -0.886651 -0.086842 0.100000
v -0.892683 -0.069740 0.100000
v -0.897621 -0.052407 0.100000
v -0.901576 -0.034875 0.100000
v -0.904656 -0.017172 0.100000
v -0.906970 0.000672 0.100000
v -0.908628 0.018628 0.100000
v -0.909740 0.036667 0.100000
v -0.910414 0.054760 0.100000
v -0.910760 0.072876 0.100000
v -0.910888 0.090987 0.100000
v -0.910906 0.109063 0.100000
v -0.910868 0.120734 0.100000
v -0.910789 0.132670 0.100000
v -0.910726 0.144813 0.100000
v -0.910736 0.157109 0.100000
v -0.910873 0.169500 0.100000
v -0.911194 0.181932 0.100000
v -0.911756 0.194347 0.100000
v -0.912613 0.206691 0.100000
v -0.913822 0.218906 0.100000
v -0.915440 0.230937 0.100000
v -0.917521 0.242729 0.100000
v -0.920123 0.254224 0.100000
v -0.921358 0.258620 0.100000
v -0.922772 0.262957 0.100000
v -0.924383 0.267209 0.100000
v -0.926210 0.271349 0.100000
v -0.928272 0.275350 0.100000
v -0.930588 0.279186 0.100000
v -0.933175 0.282830 0.100000
v -0.936053 0.286255 0.100000
v -0.939240 0.289435 0.100000
v -0.942755 0.292342 0.100000
v -0.946617 0.294951 0.100000
v -0.950845 0.297235 0.100000
v -0.955868 0.299337 0.100000
v -0.960950 0.301061 0.100000
v -0.966086 0.302443 0.100000
v -0.971269 0.303522 0.100000
v -0.976495 0.304333 0.100000
v -0.981759 0.304915 0.100000
v -0.987054 0.305306 0.100000
v -0.992376 0.305541 0.100000
v -0.997720 0.305660 0.100000
v -1.003079 0.305698 0.100000
v -1.008449 0.305693 0.100000
v -1.013825 0.305684 0.100000
v -1.025082 0.305413 0.100000
v -1.035081 0.304546 0.100000
v -1.043875 0.302995 0.100000
v -1.051516 0.300677 0.100000
v -1.058059 0.297505 0.100000
v -1.063556 0.293395 0.100000
v -1.068061 0.288260 0.100000
v -1.071628 0.282016 0.100000
v -1.074309 0.274578 0.100000
v -1.076158 0.265859 0.100000
v -1.077228 0.255775 0.100000
v -1.077573 0.244240 0.100000
v -1.077573 0.152074 0.100000
v -1.121522 0.081241 0.100000
v -1.121686 0.096419 0.100000
v -1.121904 0.114007 0.100000
v -1.122234 0.133356 0.100000
v -1.122734 0.153814 0.100000
v -1.123464 0.174731 0.100000
v -1.124482 0.195456 0.100000
v -1.125846 0.215338 0.100000
v -1.127616 0.233727 0.100000
v -1.129850 0.249972 0.100000
v -1.132607 0.263421 0.100000
v -1.135945 0.273425 0.100000
v -1.139561 0.280237 0.100000
v -1.143501 0.286120 0.100000
v -1.147765 0.291139 0.100000
v -1.152358 0.295358 0.100000
v -1.157282 0.298840 0.100000
v -1.162538 0.301651 0.100000
v -1.168131 0.303854 0.100000
v -1.174063 0.305513 0.100000
v -1.180336 0.306692 0.100000
v -1.186952 0.307454 0.100000
v -1.193916 0.307865 0.100000
v -1.201229 0.307988 0.100000
v -1.206189 0.307980 0.100000
v -1.211082 0.307927 0.100000
v -1.215906 0.307784 0.100000
v -1.220658 0.307504 0.100000
v -1.225335 0.307043 0.100000
v -1.229935 0.306356 0.100000
v -1.234454 0.305396 0.100000
v -1.238892 0.304119 0.100000
v -1.243243 0.302479 0.100000
v -1.247507 0.300432 0.100000
v -1.251680 0.297931 0.100000
v -1.255760 0.294931 0.100000
v -1.264023 0.285252 0.100000
v -1.270854 0.271328 0.100000
v -1.276389 0.253936 0.100000
v -1.280764 0.233857 0.100000
v -1.284115 0.211868 0.100000
v -1.286578 0.188748 0.100000
v -1.288289 0.165276 0.100000
v -1.289384 0.142231 0.100000
v -1.289998 0.120392 0.100000
v -1.290269 0.100536 0.100000
v -1.290332 0.083444 0.100000
v -1.290323 0.069892 0.100000
v -1.290413 0.055300 0.100000
v -1.290664 0.040707 0.100000
v -1.291043 0.026114 0.100000
v -1.291517 0.011521 0.100000
v -1.292056 -0.003072 0.100000
v -1.292627 -0.017665 0.100000
v -1.293197 -0.032258 0.100000
v -1.293736 -0.046851 0.100000
v -1.294211 -0.061444 0.100000
v -1.294589 -0.076037 0.100000
v -1.294840 -0.090630 0.100000
v -1.294931 -0.105223 0.100000
v -1.294951 -0.106997 0.100000
v -1.295030 -0.109177 0.100000
v -1.295195 -0.111655 0.100000
v -1.295471 -0.114326 0.100000
v -1.295886 -0.117081 0.100000
v -1.296467 -0.119816 0.100000
v -1.297239 -0.122422 0.100000
v -1.298231 -0.124794 0.100000
v -1.299467 -0.126824 0.100000
v -1.300976 -0.128406 0.100000
v -1.302783 -0.129434 0.100000
v -1.304915 -0.129800 0.100000
v -1.306228 -0.129708 0.100000
v -1.307483 -0.129445 0.100000
v -1.308684 -0.129032 0.100000
v -1.309837 -0.128492 0.100000
v -1.310947 -0.127845 0.100000
v -1.312020 -0.127112 0.100000
v -1.313061 -0.126316 0.100000
v -1.314075 -0.125476 0.100000
v -1.315068 -0.124616 0.100000
v -1.316045 -0.123755 0.100000
v -1.317011 -0.122916 0.100000
v -1.317972 -0.122120 0.100000
v -1.321717 -0.118231 0.100000
v -1.325272 -0.114244 0.100000
v -1.328641 -0.110155 0.100000
v -1.331826 -0.105962 0.100000
v -1.334829 -0.101663 0.100000
v -1.337654 -0.097254 0.100000
v -1.340302 -0.092733 0.100000
v -1.342777 -0.088098 0.100000
v -1.345082 -0.083345 0.100000
v -1.347219 -0.078473 0.100000
v -1.349190 -0.073477 0.100000
v -1.350998 -0.068356 0.100000
v -1.353792 -0.059846 0.100000
v -1.356453 -0.050897 0.100000
v -1.359039 -0.041619 0.100000
v -1.361609 -0.032116 0.100000
v -1.364221 -0.022496 0.100000
v -1.366935 -0.012865 0.100000
v -1.369809 -0.003330 0.100000
v -1.372902 0.006002 0.100000
v -1.376272 0.015025 0.100000
v -1.379978 0.023632 0.100000
v -1.384079 0.031716 0.100000
v -1.388633 0.039171 0.100000
v -1.391032 0.042629 0.100000
v -1.393618 0.045717 0.100000
v -1.396385 0.048447 0.100000
v -1.399328 0.050833 0.100000
v -1.402442 0.052889 0.100000
v -1.405722 0.054628 0.100000
v -1.409161 0.056062 0.100000
v -1.412755 0.057205 0.100000
v -1.416499 0.058072 0.100000
v -1.420386 0.058674 0.100000
v -1.424412 0.059026 0.100000
v -1.428571 0.059140 0.100000
v -1.437302 0.059008 0.100000
v -1.447470 0.058535 0.100000
v -1.458657 0.057604 0.100000
v -1.470444 0.056096 0.100000
v -1.482413 0.053895 0.100000
v -1.494143 0.050883 0.100000
v -1.505218 0.046943 0.100000
v -1.515219 0.041958 0.100000
v -1.523725 0.035810 0.100000
v -1.530320 0.028382 0.100000
v -1.534584 0.019557 0.100000
v -1.536098 0.009217 0.100000
v -1.535879 0.000992 0.100000
v -1.535241 -0.007168 0.100000
v -1.534214 -0.015265 0.100000
v -1.532827 -0.023297 0.100000
v -1.531109 -0.031266 0.100000
v -1.529090 -0.039171 0.100000
v -1.526798 -0.047011 0.100000
v -1.524265 -0.054788 0.100000
v -1.521517 -0.062500 0.100000
v -1.518586 -0.070148 0.100000
v -1.515500 -0.077733 0.100000
v -1.512289 -0.085253 0.100000
v -1.494067 -0.121698 0.100000
v -1.473275 -0.154652 0.100000
v -1.450029 -0.184176 0.100000
v -1.424447 -0.210332 0.100000
v -1.396646 -0.233181 0.100000
v -1.366743 -0.252784 0.100000
v -1.334857 -0.269203 0.100000
v -1.301104 -0.282500 0.100000
v -1.265601 -0.292735 0.100000
v -1.228466 -0.299969 0.100000
v -1.189817 -0.304265 0.100000
v -1.149770 -0.305684 0.100000
v -1.143402 -0.303163 0.100000
v -1.138064 -0.296143 0.100000
v -1.133665 -0.285438 0.100000
v -1.130113 -0.271861 0.100000
v -1.127319 -0.256225 0.100000
v -1.125192 -0.239343 0.100000
v -1.123641 -0.222030 0.100000
v -1.122575 -0.205098 0.100000
v -1.121904 -0.189360 0.100000
v -1.121537 -0.175631 0.100000
v -1.121383 -0.164723 0.100000
v -1.121352 -0.157450 0.100000
v -1.121352 0.069124 0.100000
v -0.475495 0.077045 0.100000
v -0.495011 0.073480 0.100000
v -0.515877 0.069856 0.100000
v -0.537663 0.066081 0.100000
v -0.559939 0.062060 0.100000
v -0.582277 0.057700 0.100000
v -0.604247 0.052908 0.100000
v -0.625420 0.047591 0.100000
v -0.645365 0.041655 0.100000
v -0.663655 0.035007 0.100000
v -0.679859 0.027553 0.100000
v -0.693548 0.019201 0.100000
v -0.698474 0.015225 0.100000
v -0.702552 0.011005 0.100000
v -0.705861 0.006588 0.100000
v -0.708483 0.002020 0.100000
v -0.710496 -0.002656 0.100000
v -0.711982 -0.007392 0.100000
v -0.713019 -0.012145 0.100000
v -0.713688 -0.016869 0.100000
v -0.714070 -0.021517 0.100000
v -0.714243 -0.026046 0.100000
v -0.714288 -0.030410 0.100000
v -0.714286 -0.034562 0.100000
v -0.713789 -0.045322 0.100000
v -0.712298 -0.055996 0.100000
v -0.709809 -0.066436 0.100000
v -0.706321 -0.076492 0.100000
v -0.701829 -0.086014 0.100000
v -0.696333 -0.094854 0.100000
v -0.689828 -0.102862 0.100000
v -0.682312 -0.109888 0.100000
v -0.673783 -0.115783 0.100000
v -0.664238 -0.120399 0.100000
v -0.653674 -0.123585 0.100000
v -0.642089 -0.125192 0.100000
v -0.617485 -0.123907 0.100000
v -0.593165 -0.120356 0.100000
v -0.569064 -0.114991 0.100000
v -0.545116 -0.108266 0.100000
v -0.521253 -0.100635 0.100000
v -0.497408 -0.092550 0.100000
v -0.473515 -0.084465 0.100000
v -0.449508 -0.076833 0.100000
v -0.425319 -0.070108 0.100000
v -0.400883 -0.064744 0.100000
v -0.376131 -0.061192 0.100000
v -0.350998 -0.059908 0.100000
v -0.342161 -0.061538 0.100000
v -0.334763 -0.066102 0.100000
v -0.328677 -0.073109 0.100000
v -0.323775 -0.082067 0.100000
v -0.319930 -0.092488 0.100000
v -0.317012 -0.103879 0.100000
v -0.314895 -0.115750 0.100000
v -0.313449 -0.127610 0.100000
v -0.312548 -0.138969 0.100000
v -0.312063 -0.149336 0.100000
v -0.311865 -0.158220 0.100000
v -0.311828 -0.165131 0.100000
v -0.311904 -0.172796 0.100000
v -0.312112 -0.180435 0.100000
v -0.312428 -0.188052 0.100000
v -0.312824 -0.195653 0.100000
v -0.313273 -0.203244 0.100000
v -0.313748 -0.210829 0.100000
v -0.314224 -0.218415 0.100000
v -0.314673 -0.226006 0.100000
v -0.315068 -0.233607 0.100000
v -0.315384 -0.241224 0.100000
v -0.315593 -0.248863 0.100000
v -0.315668 -0.256528 0.100000
v -0.315192 -0.266460 0.100000
v -0.313780 -0.275178 0.100000
v -0.311456 -0.282750 0.100000
v -0.308244 -0.289242 0.100000
v -0.304167 -0.294720 0.100000
v -0.299251 -0.299251 0.100000
v -0.293519 -0.302902 0.100000
v -0.286994 -0.305740 0.100000
v -0.279702 -0.307832 0.100000
v -0.271665 -0.309243 0.100000
v -0.262909 -0.310041 0.100000
v -0.253456 -0.310292 0.100000
v -0.246534 -0.310284 0.100000
v -0.239621 -0.310228 0.100000
v -0.232755 -0.310076 0.100000
v -0.225977 -0.309780 0.100000
v -0.219327 -0.309292 0.100000
v -0.212846 -0.308564 0.100000
v -0.206572 -0.307548 0.100000
v -0.200546 -0.306196 0.100000
v -0.194808 -0.304460 0.100000
v -0.189399 -0.302291 0.100000
v -0.184357 -0.299643 0.100000
v -0.179724 -0.296467 0.100000
v -0.168007 -0.283365 0.100000
v -0.158442 -0.265386 0.100000
v -0.150814 -0.243412 0.100000
v -0.144905 -0.218325 0.100000
v -0.140501 -0.191009 0.100000
v -0.137385 -0.162346 0.100000
v -0.135341 -0.133220 0.100000
v -0.134153 -0.104512 0.100000
v -0.133605 -0.077105 0.100000
v -0.133481 -0.051882 0.100000
v -0.133565 -0.029727 0.100000
v -0.133641 -0.011521 0.100000
v -0.133471 0.006958 0.100000
v -0.133114 0.029872 0.100000
v -0.132801 0.056248 0.100000
v -0.132759 0.085111 0.100000
v -0.133218 0.115490 0.100000
v -0.134409 0.146409 0.100000
v -0.136559 0.176897 0.100000
v -0.139899 0.205979 0.100000
v -0.144657 0.232683 0.100000
v -0.151064 0.256034 0.100000
v -0.159348 0.275060 0.100000
v -0.169739 0.288787 0.100000
v -0.175900 0.293727 0.100000
v -0.182799 0.297847 0.100000
v -0.190344 0.301219 0.100000
v -0.198441 0.303920 0.100000
v -0.206997 0.306023 0.100000
v -0.215918 0.307604 0.100000
v -0.225111 0.308736 0.100000
v -0.234483 0.309495 0.100000
v -0.243940 0.309956 0.100000
v -0.253389 0.310192 0.100000
v -0.262736 0.310279 0.100000
v -0.271889 0.310292 0.100000
v -0.280863 0.309699 0.100000
v -0.288637 0.307981 0.100000
v -0.295291 0.305228 0.100000
v -0.300905 0.301530 0.100000
v -0.305558 0.296980 0.100000
v -0.309332 0.291667 0.100000
v -0.312305 0.285681 0.100000
v -0.314559 0.279115 0.100000
v -0.316172 0.272057 0.100000
v -0.317226 0.264600 0.100000
v -0.317799 0.256833 0.100000
v -0.317972 0.248848 0.100000
v -0.317897 0.243487 0.100000
v -0.317688 0.238156 0.100000
v -0.317372 0.232851 0.100000
v -0.316977 0.227570 0.100000
v -0.316528 0.222311 0.100000
v -0.316052 0.217070 0.100000
v -0.315577 0.211845 0.100000
v -0.315128 0.206634 0.100000
v -0.314732 0.201433 0.100000
v -0.314417 0.196240 0.100000
v -0.314208 0.191053 0.100000
v -0.314132 0.185868 0.100000
v -0.315814 0.166431 0.100000
v -0.320611 0.150125 0.100000
v -0.328149 0.136593 0.100000
v -0.338055 0.125476 0.100000
v -0.349957 0.116419 0.100000
v -0.363479 0.109063 0.100000
v -0.378250 0.103051 0.100000
v -0.393895 0.098026 0.100000
v -0.410042 0.093630 0.100000
v -0.426317 0.089506 0.100000
v -0.442347 0.085297 0.100000
v -0.457757 0.080645 0.100000
v 0.148975 0.084444 0.100000
v 0.156981 0.081911 0.100000
v 0.164603 0.079805 0.100000
v 0.171872 0.077971 0.100000
v 0.178822 0.076255 0.100000
v 0.185484 0.074501 0.100000
v 0.191890 0.072555 0.100000
v 0.198071 0.070262 0.100000
v 0.204061 0.067468 0.100000
v 0.209891 0.064018 0.100000
v 0.215593 0.059758 0.100000
v 0.221198 0.054531 0.100000
v 0.230203 0.042834 0.100000
v 0.237039 0.029438 0.100000
v 0.241972 0.014629 0.100000
v 0.245264 -0.001309 0.100000
v 0.247180 -0.018089 0.100000
v 0.247984 -0.035426 0.100000
v 0.247940 -0.053036 0.100000
v 0.247312 -0.070632 0.100000
v 0.246364 -0.087930 0.100000
v 0.245360 -0.104643 0.100000
v 0.244564 -0.120487 0.100000
v 0.244240 -0.135177 0.100000
v 0.243822 -0.146377 0.100000
v 0.242757 -0.160007 0.100000
v 0.241323 -0.175487 0.100000
v 0.239802 -0.192240 0.100000
v 0.238473 -0.209686 0.100000
v 0.237615 -0.227247 0.100000
v 0.237510 -0.244343 0.100000
v 0.238437 -0.260397 0.100000
v 0.240675 -0.274830 0.100000
v 0.244506 -0.287062 0.100000
v 0.250209 -0.296515 0.100000
v 0.258065 -0.302611 0.100000
v 0.267123 -0.306372 0.100000
v 0.276195 -0.309275 0.100000
v 0.285198 -0.311420 0.100000
v 0.294049 -0.312909 0.100000
v 0.302665 -0.313843 0.100000
v 0.310964 -0.314324 0.100000
v 0.318863 -0.314453 0.100000
v 0.326279 -0.314331 0.100000
v 0.333129 -0.314060 0.100000
v 0.339332 -0.313741 0.100000
v 0.344804 -0.313475 0.100000
v 0.349462 -0.313364 0.100000
v 0.354983 -0.313371 0.100000
v 0.360407 -0.313353 0.100000
v 0.365735 -0.313256 0.100000
v 0.370968 -0.313023 0.100000
v 0.376104 -0.312597 0.100000
v 0.381144 -0.311924 0.100000
v 0.386089 -0.310947 0.100000
v 0.390937 -0.309609 0.100000
v 0.395689 -0.307856 0.100000
v 0.400346 -0.305630 0.100000
v 0.404906 -0.302877 0.100000
v 0.409370 -0.299539 0.100000
v 0.414941 -0.292802 0.100000
v 0.419440 -0.282959 0.100000
v 0.422979 -0.270581 0.100000
v 0.425670 -0.256244 0.100000
v 0.427625 -0.240520 0.100000
v 0.428955 -0.223982 0.100000
v 0.429774 -0.207205 0.100000
v 0.430193 -0.190761 0.100000
v 0.430324 -0.175223 0.100000
v 0.430278 -0.161166 0.100000
v 0.430169 -0.149162 0.100000
v 0.430108 -0.139785 0.100000
v 0.430032 -0.129565 0.100000
v 0.429951 -0.118383 0.100000
v 0.430084 -0.106651 0.100000
v 0.430648 -0.094783 0.100000
v 0.431863 -0.083192 0.100000
v 0.433948 -0.072293 0.100000
v 0.437120 -0.062497 0.100000
v 0.441600 -0.054219 0.100000
v 0.447605 -0.047871 0.100000
v 0.455354 -0.043868 0.100000
v 0.465065 -0.042622 0.100000
v 0.476959 -0.044547 0.100000
v 0.488382 -0.048413 0.100000
v 0.500693 -0.053650 0.100000
v 0.513789 -0.059932 0.100000
v 0.527564 -0.066934 0.100000
v 0.541916 -0.074331 0.100000
v 0.556740 -0.081797 0.100000
v 0.571931 -0.089007 0.100000
v 0.587387 -0.095636 0.100000
v 0.603003 -0.101358 0.100000
v 0.618674 -0.105849 0.100000
v 0.634298 -0.108781 0.100000
v 0.649770 -0.109831 0.100000
v 0.659620 -0.108375 0.100000
v 0.668797 -0.104263 0.100000
v 0.677263 -0.097878 0.100000
v 0.684986 -0.089606 0.100000
v 0.691930 -0.079829 0.100000
v 0.698061 -0.068932 0.100000
v 0.703343 -0.057300 0.100000
v 0.707743 -0.045315 0.100000
v 0.711226 -0.033362 0.100000
v 0.713756 -0.021825 0.100000
v 0.715300 -0.011089 0.100000
v 0.715822 -0.001536 0.100000
v 0.715710 0.002094 0.100000
v 0.715374 0.005682 0.100000
v 0.714814 0.009217 0.100000
v 0.714030 0.012687 0.100000
v 0.713022 0.016083 0.100000
v 0.711790 0.019393 0.100000
v 0.710334 0.022608 0.100000
v 0.708653 0.025715 0.100000
v 0.706749 0.028706 0.100000
v 0.704621 0.031568 0.100000
v 0.702269 0.034292 0.100000
v 0.699693 0.036866 0.100000
v 0.692247 0.040767 0.100000
v 0.676673 0.046819 0.100000
v 0.654474 0.054615 0.100000
v 0.627155 0.063748 0.100000
v 0.596219 0.073809 0.100000
v 0.563172 0.084389 0.100000
v 0.529517 0.095082 0.100000
v 0.496757 0.105479 0.100000
v 0.466398 0.115171 0.100000
v 0.439943 0.123752 0.100000
v 0.418896 0.130812 0.100000
v 0.404762 0.135945 0.100000
v 0.390263 0.141923 0.100000
v 0.375942 0.148312 0.100000
v 0.361787 0.155074 0.100000
v 0.347784 0.162172 0.100000
v 0.333920 0.169569 0.100000
v 0.320181 0.177227 0.100000
v 0.306553 0.185110 0.100000
v 0.293025 0.193179 0.100000
v 0.279582 0.201397 0.100000
v 0.266211 0.209727 0.100000
v 0.252898 0.218132 0.100000
v 0.239631 0.226575 0.100000
v 0.239631 0.225806 0.100000
v 0.234372 0.229340 0.100000
v 0.227958 0.233658 0.100000
v 0.220610 0.238551 0.100000
v 0.212551 0.243813 0.100000
v 0.204000 0.249235 0.100000
v 0.195181 0.254608 0.100000
v 0.186313 0.259726 0.100000
v 0.177619 0.264380 0.100000
v 0.169319 0.268361 0.100000
v 0.161635 0.271463 0.100000
v 0.154789 0.273476 0.100000
v 0.149002 0.274194 0.100000
v 0.141779 0.273030 0.100000
v 0.133722 0.269749 0.100000
v 0.125084 0.264665 0.100000
v 0.116118 0.258093 0.100000
v 0.107077 0.250348 0.100000
v 0.098214 0.241743 0.100000
v 0.089784 0.232595 0.100000
v 0.082039 0.223218 0.100000
v 0.075233 0.213926 0.100000
v 0.069619 0.205034 0.100000
v 0.065450 0.196856 0.100000
v 0.062980 0.189708 0.100000
v 0.059886 0.173383 0.100000
v 0.058966 0.158887 0.100000
v 0.060088 0.146097 0.100000
v 0.063122 0.134892 0.100000
v 0.067938 0.125148 0.100000
v 0.074405 0.116743 0.100000
v 0.082392 0.109555 0.100000
v 0.091768 0.103459 0.100000
v 0.102403 0.098334 0.100000
v 0.114166 0.094058 0.100000
v 0.126926 0.090506 0.100000
v 0.140553 0.087558 0.100000
v 1.031830 0.064501 0.100000
v 1.031327 0.067535 0.100000
v 1.030770 0.070553 0.100000
v 1.030182 0.073562 0.100000
v 1.029582 0.076572 0.100000
v 1.028994 0.079589 0.100000
v 1.028437 0.082623 0.100000
v 1.027934 0.085680 0.100000
v 1.027506 0.088770 0.100000
v 1.027173 0.091899 0.100000
v 1.026958 0.095077 0.100000
v 1.026882 0.098310 0.100000
v 1.027785 0.105076 0.100000
v 1.030334 0.110834 0.100000
v 1.034286 0.115663 0.100000
v 1.039398 0.119645 0.100000
v 1.045427 0.122859 0.100000
v 1.052131 0.125384 0.100000
v 1.059267 0.127301 0.100000
v 1.066593 0.128691 0.100000
v 1.073865 0.129632 0.100000
v 1.080841 0.130206 0.100000
v 1.087278 0.130491 0.100000
v 1.092934 0.130568 0.100000
v 1.095607 0.130553 0.100000
v 1.098250 0.130511 0.100000
v 1.100867 0.130448 0.100000
v 1.103459 0.130369 0.100000
v 1.106030 0.130279 0.100000
v 1.108583 0.130184 0.100000
v 1.111120 0.130089 0.100000
v 1.113643 0.129999 0.100000
v 1.116156 0.129920 0.100000
v 1.118660 0.129857 0.100000
v 1.121159 0.129815 0.100000
v 1.123656 0.129800 0.100000
v 1.130391 0.129841 0.100000
v 1.137150 0.129932 0.100000
v 1.143925 0.130028 0.100000
v 1.150708 0.130085 0.100000
v 1.157491 0.130056 0.100000
v 1.164267 0.129896 0.100000
v 1.171026 0.129561 0.100000
v 1.177761 0.129004 0.100000
v 1.184464 0.128180 0.100000
v 1.191127 0.127045 0.100000
v 1.197742 0.125552 0.100000
v 1.204301 0.123656 0.100000
v 1.220194 0.115763 0.100000
v 1.236012 0.103143 0.100000
v 1.251776 0.086826 0.100000
v 1.267509 0.067844 0.100000
v 1.283231 0.047231 0.100000
v 1.298963 0.026018 0.100000
v 1.314728 0.005236 0.100000
v 1.330546 -0.014081 0.100000
v 1.346438 -0.030902 0.100000
v 1.362427 -0.044195 0.100000
v 1.378533 -0.052927 0.100000
v 1.394777 -0.056068 0.100000
v 1.402238 -0.055159 0.100000
v 1.410938 -0.052576 0.100000
v 1.420519 -0.048531 0.100000
v 1.430619 -0.043238 0.100000
v 1.440880 -0.036911 0.100000
v 1.450941 -0.029762 0.100000
v 1.460441 -0.022005 0.100000
v 1.469022 -0.013853 0.100000
v 1.476323 -0.005520 0.100000
v 1.481983 0.002781 0.100000
v 1.485643 0.010836 0.100000
v 1.486943 0.018433 0.100000
v 1.486820 0.019691 0.100000
v 1.486474 0.021136 0.100000
v 1.485935 0.022729 0.100000
v 1.485236 0.024435 0.100000
v 1.484410 0.026216 0.100000
v 1.483487 0.028034 0.100000
v 1.482500 0.029852 0.100000
v 1.481481 0.031632 0.100000
v 1.480463 0.033338 0.100000
v 1.479476 0.034932 0.100000
v 1.478553 0.036377 0.100000
v 1.477727 0.037634 0.100000
v 1.476736 0.039171 0.100000
v 1.475689 0.040707 0.100000
v 1.474594 0.042243 0.100000
v 1.473460 0.043779 0.100000
v 1.472293 0.045315 0.100000
v 1.471102 0.046851 0.100000
v 1.469895 0.048387 0.100000
v 1.468681 0.049923 0.100000
v 1.467466 0.051459 0.100000
v 1.466259 0.052995 0.100000
v 1.465068 0.054531 0.100000
v 1.463902 0.056068 0.100000
v 1.452320 0.071510 0.100000
v 1.441017 0.087120 0.100000
v 1.430012 0.102907 0.100000
v 1.419326 0.118877 0.100000
v 1.408983 0.135039 0.100000
v 1.399002 0.151402 0.100000
v 1.389405 0.167972 0.100000
v 1.380213 0.184758 0.100000
v 1.371448 0.201769 0.100000
v 1.363131 0.219011 0.100000
v 1.355283 0.236494 0.100000
v 1.347926 0.254224 0.100000
v 1.346030 0.259393 0.100000
v 1.344146 0.264852 0.100000
v 1.342226 0.270509 0.100000
v 1.340217 0.276270 0.100000
v 1.338070 0.282042 0.100000
v 1.335734 0.287730 0.100000
v 1.333157 0.293243 0.100000
v 1.330290 0.298487 0.100000
v 1.327081 0.303367 0.100000
v 1.323480 0.307792 0.100000
v 1.319437 0.311668 0.100000
v 1.314900 0.314900 0.100000
v 1.309685 0.317708 0.100000
v 1.304407 0.320020 0.100000
v 1.299071 0.321885 0.100000
v 1.293679 0.323349 0.100000
v 1.288234 0.324461 0.100000
v 1.282738 0.325269 0.100000
v 1.277194 0.325821 0.100000
v 1.271605 0.326165 0.100000
v 1.265973 0.326349 0.100000
v 1.260301 0.326421 0.100000
v 1.254592 0.326429 0.100000
v 1.248848 0.326421 0.100000
v 1.237885 0.326434 0.100000
v 1.228025 0.326336 0.100000
v 1.219254 0.325917 0.100000
v 1.211555 0.324970 0.100000
v 1.204912 0.323287 0.100000
v 1.199309 0.320661 0.100000
v 1.194730 0.316882 0.100000
v 1.191159 0.311743 0.100000
v 1.188580 0.305036 0.100000
v 1.186977 0.296552 0.100000
v 1.186335 0.286085 0.100000
v 1.186636 0.273425 0.100000
v 1.174394 0.268910 0.100000
v 1.156415 0.265592 0.100000
v 1.133749 0.263261 0.100000
v 1.107442 0.261706 0.100000
v 1.078542 0.260716 0.100000
v 1.048099 0.260081 0.100000
v 1.017160 0.259590 0.100000
v 0.986773 0.259032 0.100000
v 0.957985 0.258197 0.100000
v 0.931846 0.256873 0.100000
v 0.909404 0.254851 0.100000
v 0.891705 0.251920 0.100000
v 0.891705 0.251152 0.100000
v 0.881062 0.249069 0.100000
v 0.872422 0.245943 0.100000
v 0.865579 0.241851 0.100000
v 0.860329 0.236872 0.100000
v 0.856465 0.231082 0.100000
v 0.853783 0.224558 0.100000
v 0.852076 0.217379 0.100000
v 0.851141 0.209621 0.100000
v 0.850770 0.201361 0.100000
v 0.850760 0.192677 0.100000
v 0.850905 0.183647 0.100000
v 0.850999 0.174347 0.100000
v 0.852443 0.128498 0.100000
v 0.856858 0.083984 0.100000
v 0.864367 0.040959 0.100000
v 0.875093 -0.000427 0.100000
v 0.889157 -0.040020 0.100000
v 0.906682 -0.077669 0.100000
v 0.927792 -0.113222 0.100000
v 0.952609 -0.146527 0.100000
v 0.981255 -0.177431 0.100000
v 1.013853 -0.205784 0.100000
v 1.050527 -0.231432 0.100000
v 1.091398 -0.254224 0.100000
v 1.107094 -0.261564 0.100000
v 1.124417 -0.268910 0.100000
v 1.143073 -0.276138 0.100000
v 1.162770 -0.283126 0.100000
v 1.183213 -0.289751 0.100000
v 1.204109 -0.295891 0.100000
v 1.225166 -0.301423 0.100000
v 1.246089 -0.306224 0.100000
v 1.266585 -0.310172 0.100000
v 1.286362 -0.313144 0.100000
v 1.305125 -0.315017 0.100000
v 1.322581 -0.315668 0.100000
v 1.336194 -0.314672 0.100000
v 1.348285 -0.311796 0.100000
v 1.358931 -0.307208 0.100000
v 1.368208 -0.301075 0.100000
v 1.376195 -0.293567 0.100000
v 1.382969 -0.284850 0.100000
v 1.388606 -0.275094 0.100000
v 1.393184 -0.264465 0.100000
v 1.396781 -0.253132 0.100000
v 1.399475 -0.241263 0.100000
v 1.401341 -0.229027 0.100000
v 1.402458 -0.216590 0.100000
v 1.390714 -0.205441 0.100000
v 1.372899 -0.195625 0.100000
v 1.350362 -0.186876 0.100000
v 1.324458 -0.178927 0.100000
v 1.296538 -0.171511 0.100000
v 1.267953 -0.164363 0.100000
v 1.240057 -0.157214 0.100000
v 1.214200 -0.149798 0.100000
v 1.191736 -0.141849 0.100000
v 1.174016 -0.133100 0.100000
v 1.162393 -0.123284 0.100000
v 1.158218 -0.112135 0.100000
v 1.160606 -0.103765 0.100000
v 1.167207 -0.096187 0.100000
v 1.177179 -0.089202 0.100000
v 1.189680 -0.082608 0.100000
v 1.203866 -0.076206 0.100000
v 1.218894 -0.069796 0.100000
v 1.233922 -0.063179 0.100000
v 1.248108 -0.056153 0.100000
v 1.260609 -0.048519 0.100000
v 1.270581 -0.040077 0.100000
v 1.277182 -0.030627 0.100000
v 1.279570 -0.019969 0.100000
v 1.278691 -0.012227 0.100000
v 1.276185 -0.003086 0.100000
v 1.272250 0.007056 0.100000
v 1.267082 0.017807 0.100000
v 1.260880 0.028772 0.100000
v 1.253840 0.039555 0.100000
v 1.246161 0.049761 0.100000
v 1.238039 0.058998 0.100000
v 1.229671 0.066868 0.100000
v 1.221255 0.072979 0.100000
v 1.212989 0.076935 0.100000
v 1.205069 0.078341 0.100000
v 1.192400 0.077283 0.100000
v 1.179116 0.074359 0.100000
v 1.165431 0.069940 0.100000
v 1.151562 0.064402 0.100000
v 1.137725 0.058117 0.100000
v 1.124136 0.051459 0.100000
v 1.111011 0.044801 0.100000
v 1.098566 0.038516 0.100000
v 1.087018 0.032978 0.100000
v 1.076581 0.028560 0.100000
v 1.067472 0.025635 0.100000
v 1.059908 0.024578 0.100000
v 1.053731 0.024950 0.100000
v 1.048896 0.026021 0.100000
v 1.045207 0.027722 0.100000
v 1.042470 0.029982 0.100000
v 1.040491 0.032734 0.100000
v 1.039075 0.035906 0.100000
v 1.038026 0.039431 0.100000
v 1.037151 0.043238 0.100000
v 1.036254 0.047259 0.100000
v 1.035142 0.051424 0.100000
v 1.033619 0.055663 0.100000
v 1.031490 0.059908 0.100000
v 1.032258 0.061444 0.100000
v 1.031830 0.064501 0.100000
v 1.031830 0.064501 -0.100000
v 1.031327 0.067535 0.100000
v 1.031327 0.067535 -0.100000
v 1.030770 0.070553 0.100000
v 1.030770 0.070553 -0.100000
v 1.030182 0.073562 0.100000
v 1.030182 0.073562 -0.100000
v 1.029582 0.076572 0.100000
v 1.029582 0.076572 -0.100000
v 1.028994 0.079589 0.100000
v 1.028994 0.079589 -0.100000
v 1.028437 0.082623 0.100000
v 1.028437 0.082623 -0.100000
v 1.027934 0.085680 0.100000
v 1.027934 0.085680 -0.100000
v 1.027506 0.088770 0.100000
v 1.027506 0.088770 -0.100000
v 1.027173 0.091899 0.100000
v 1.027173 0.091899 -0.100000
v 1.026958 0.095077 0.100000
v 1.026958 0.095077 -0.100000
v 1.026882 0.098310 0.100000
v 1.026882 0.098310 -0.100000
v 1.027785 0.105076 0.100000
v 1.027785 0.105076 -0.100000
v 1.030334 0.110834 0.100000
v 1.030334 0.110834 -0.100000
v 1.034286 0.115663 0.100000
v 1.034286 0.115663 -0.100000
v 1.039398 0.119645 0.100000
v 1.039398 0.119645 -0.100000
v 1.045427 0.122859 0.100000
v 1.045427 0.122859 -0.100000
v 1.052131 0.125384 0.100000
v 1.052131 0.125384 -0.100000
v 1.059267 0.127301 0.100000
v 1.059267 0.127301 -0.100000
v 1.066593 0.128691 0.100000
v 1.066593 0.128691 -0.100000
v 1.073865 0.129632 0.100000
v 1.073865 0.129632 -0.100000
v 1.080841 0.130206 0.100000
v 1.080841 0.130206 -0.100000
v 1.087278 0.130491 0.100000
v 1.087278 0.130491 -0.100000
v 1.092934 0.130568 0.100000
v 1.092934 0.130568 -0.100000
v 1.095607 0.130553 0.100000
v 1.095607 0.130553 -0.100000
v 1.098250 0.130511 0.100000
v 1.098250 0.130511 -0.100000
v 1.100867 0.130448 0.100000
v 1.100867 0.130448 -0.100000
v 1.103459 0.130369 0.100000
v 1.103459 0.130369 -0.100000
v 1.106030 0.130279 0.100000
v 1.106030 0.130279 -0.100000
v 1.108583 0.130184 0.100000
v 1.108583 0.130184 -0.100000
v 1.111120 0.130089 0.100000
v 1.111120 0.130089 -0.100000
v 1.113643 0.129999 0.100000
v 1.113643 0.129999 -0.100000
v 1.116156 0.129920 0.100000
v 1.116156 0.129920 -0.100000
v 1.118660 0.129857 0.100000
v 1.118660 0.129857 -0.100000
v 1.121159 0.129815 0.100000
v 1.121159 0.129815 -0.100000
v 1.123656 0.129800 0.100000
v 1.123656 0.129800 -0.100000
v 1.130391 0.129841 0.100000
v 1.130391 0.129841 -0.100000
v 1.137150 0.129932 0.100000
v 1.137150 0.129932 -0.100000
v 1.143925 0.130028 0.100000
v 1.143925 0.130028 -0.100000
v 1.150708 0.130085 0.100000
v 1.150708 0.130085 -0.100000
v 1.157491 0.130056 0.100000
v 1.157491 0.130056 -0.100000
v 1.164267 0.129896 0.100000
v 1.164267 0.129896 -0.100000
v 1.171026 0.129561 0.100000
v 1.171026 0.129561 -0.100000
v 1.177761 0.129004 0.100000
v 1.177761 0.129004 -0.100000
v 1.184464 0.128180 0.100000
v 1.184464 0.128180 -0.100000
v 1.191127 0.127045 0.100000
v 1.191127 0.127045 -0.100000
v 1.197742 0.125552 0.100000
v 1.197742 0.125552 -0.100000
v 1.204301 0.123656 0.100000
v 1.204301 0.123656 -0.100000
v 1.220194 0.115763 0.100000
v 1.220194 0.115763 -0.100000
v 1.236012 0.103143 0.100000
v 1.236012 0.103143 -0.100000
v 1.251776 0.086826 0.100000
v 1.251776 0.086826 -0.100000
v 1.267509 0.067844 0.100000
v 1.267509 0.067844 -0.100000
v 1.283231 0.047231 0.100000
v 1.283231 0.047231 -0.100000
v 1.298963 0.026018 0.100000
v 1.298963 0.026018 -0.100000
v 1.314728 0.005236 0.100000
v 1.314728 0.005236 -0.100000
v 1.330546 -0.014081 0.100000
v 1.330546 -0.014081 -0.100000
v 1.346438 -0.030902 0.100000
v 1.346438 -0.030902 -0.100000
v 1.362427 -0.044195 0.100000
v 1.362427 -0.044195 -0.100000
v 1.378533 -0.052927 0.100000
v 1.378533 -0.052927 -0.100000
v 1.394777 -0.056068 0.100000
v 1.394777 -0.056068 -0.100000
v 1.402238 -0.055159 0.100000
v 1.402238 -0.055159 -0.100000
v 1.410938 -0.052576 0.100000
v 1.410938 -0.052576 -0.100000
v 1.420519 -0.048531 0.100000
v 1.420519 -0.048531 -0.100000
v 1.430619 -0.043238 0.100000
v 1.430619 -0.043238 -0.100000
v 1.440880 -0.036911 0.100000
v 1.440880 -0.036911 -0.100000
v 1.450941 -0.029762 0.100000
v 1.450941 -0.029762 -0.100000
v 1.460441 -0.022005 0.100000
v 1.460441 -0.022005 -0.100000
v 1.469022 -0.013853 0.100000
v 1.469022 -0.013853 -0.100000
v 1.476323 -0.005520 0.100000
v 1.476323 -0.005520 -0.100000
v 1.481983 0.002781 0.100000
v 1.481983 0.002781 -0.100000
v 1.485643 0.010836 0.100000
v 1.485643 0.010836 -0.100000
v 1.486943 0.018433 0.100000
v 1.486943 0.018433 -0.100000
v 1.486820 0.019691 0.100000
v 1.486820 0.019691 -0.100000
v 1.486474 0.021136 0.100000
v 1.486474 0.021136 -0.100000
v 1.485935 0.022729 0.100000
v 1.485935 0.022729 -0.100000
v 1.485236 0.024435 0.100000
v 1.485236 0.024435 -0.100000
v 1.484410 0.026216 0.100000
v 1.484410 0.026216 -0.100000
v 1.483487 0.028034 0.100000
v 1.483487 0.028034 -0.100000
v 1.482500 0.029852 0.100000
v 1.482500 0.029852 -0.100000
v 1.481481 0.031632 0.100000
v 1.481481 0.031632 -0.100000
v 1.480463 0.033338 0.100000
v 1.480463 0.033338 -0.100000
v 1.479476 0.034932 0.100000
v 1.479476 0.034932 -0.100000
v 1.478553 0.036377 0.100000
v 1.478553 0.036377 -0.100000
v 1.477727 0.037634 0.100000
v 1.477727 0.037634 -0.100000
v 1.476736 0.039171 0.100000
v 1.476736 0.039171 -0.100000
v 1.475689 0.040707 0.100000
v 1.475689 0.040707 -0.100000
v 1.474594 0.042243 0.100000
v 1.474594 0.042243 -0.100000
v 1.473460 0.043779 0.100000
v 1.473460 0.043779 -0.100000
v 1.472293 0.045315 0.100000
v 1.472293 0.045315 -0.100000
v 1.471102 0.046851 0.100000
v 1.471102 0.046851 -0.100000
v 1.469895 0.048387 0.100000
v 1.469895 0.048387 -0.100000
v 1.468681 0.049923 0.100000
v 1.468681 0.049923 -0.100000
v 1.467466 0.051459 0.100000
v 1.467466 0.051459 -0.100000
v 1.466259 0.052995 0.100000
v 1.466259 0.052995 -0.100000
v 1.465068 0.054531 0.100000
v 1.465068 0.054531 -0.100000
v 1.463902 0.056068 0.100000
v 1.463902 0.056068 -0.100000
v 1.452320 0.071510 0.100000
v 1.452320 0.071510 -0.100000
v 1.441017 0.087120 0.100000
v 1.441017 0.087120 -0.100000
v 1.430012 0.102907 0.100000
v 1.430012 0.102907 -0.100000
v 1.419326 0.118877 0.100000
v 1.419326 0.118877 -0.100000
v 1.408983 0.135039 0.100000
v 1.408983 0.135039 -0.100000
v 1.399002 0.151402 0.100000
v 1.399002 0.151402 -0.100000
v 1.389405 0.167972 0.100000
v 1.389405 0.167972 -0.100000
v 1.380213 0.184758 0.100000
v 1.380213 0.184758 -0.100000
v 1.371448 0.201769 0.100000
v 1.371448 0.201769 -0.100000
v 1.363131 0.219011 0.100000
v 1.363131 0.219011 -0.100000
v 1.355283 0.236494 0.100000
v 1.355283 0.236494 -0.100000
v 1.347926 0.254224 0.100000
v 1.347926 0.254224 -0.100000
v 1.346030 0.259393 0.100000
v 1.346030 0.259393 -0.100000
v 1.344146 0.264852 0.100000
v 1.344146 0.264852 -0.100000
v 1.342226 0.270509 0.100000
v 1.342226 0.270509 -0.100000
v 1.340217 0.276270 0.100000
v 1.340217 0.276270 -0.100000
v 1.338070 0.282042 0.100000
v 1.338070 0.282042 -0.100000
v 1.335734 0.287730 0.100000
v 1.335734 0.287730 -0.100000
v 1.333157 0.293243 0.100000
v 1.333157 0.293243 -0.100000
v 1.330290 0.298487 0.100000
v 1.330290 0.298487 -0.100000
v 1.327081 0.303367 0.100000
v 1.327081 0.303367 -0.100000
v 1.323480 0.307792 0.100000
v 1.323480 0.307792 -0.100000
v 1.319437 0.311668 0.100000
v 1.319437 0.311668 -0.100000
v 1.314900 0.314900 0.100000
v 1.314900 0.314900 -0.100000
v 1.309685 0.317708 0.100000
v 1.309685 0.317708 -0.100000
v 1.304407 0.320020 0.100000
v 1.304407 0.320020 -0.100000
v 1.299071 0.321885 0.100000
v 1.299071 0.321885 -0.100000
v 1.293679 0.323349 0.100000
v 1.293679 0.323349 -0.100000
v 1.288234 0.324461 0.100000
v 1.288234 0.324461 -0.100000
v 1.282738 0.325269 0.100000
v 1.282738 0.325269 -0.100000
v 1.277194 0.325821 0.100000
v 1.277194 0.325821 -0.100000
v 1.271605 0.326165 0.100000
v 1.271605 0.326165 -0.100000
v 1.265973 0.326349 0.100000
v 1.265973 0.326349 -0.100000
v 1.260301 0.326421 0.100000
v 1.260301 0.326421 -0.100000
v 1.254592 0.326429 0.100000
v 1.254592 0.326429 -0.100000
v 1.248848 0.326421 0.100000
v 1.248848 0.326421 -0.100000
v 1.237885 0.326434 0.100000
v 1.237885 0.326434 -0.100000
v 1.228025 0.326336 0.100000
v 1.228025 0.326336 -0.100000
v 1.219254 0.325917 0.100000
v 1.219254 0.325917 -0.100000
v 1.211555 0.324970 0.100000
v 1.211555 0.324970 -0.100000
v 1.204912 0.323287 0.100000
v 1.204912 0.323287 -0.100000
v 1.199309 0.320661 0.100000
v 1.199309 0.320661 -0.100000
v 1.194730 0.316882 0.100000
v 1.194730 0.316882 -0.100000
v 1.191159 0.311743 0.100000
v 1.191159 0.311743 -0.100000
v 1.188580 0.305036 0.100000
v 1.188580 0.305036 -0.100000
v 1.186977 0.296552 0.100000
v 1.186977 0.296552 -0.100000
v 1.186335 0.286085 0.100000
v 1.186335 0.286085 -0.100000
v 1.186636 0.273425 0.100000
v 1.186636 0.273425 -0.100000
v 1.174394 0.268910 0.100000
v 1.174394 0.268910 -0.100000
v 1.156415 0.265592 0.100000
v 1.156415 0.265592 -0.100000
v 1.133749 0.263261 0.100000
v 1.133749 0.263261 -0.100000
v 1.107442 0.261706 0.100000
v 1.107442 0.261706 -0.100000
v 1.078542 0.260716 0.100000
v 1.078542 0.260716 -0.100000
v 1.048099 0.260081 0.100000
v 1.048099 0.260081 -0.100000
v 1.017160 0.259590 0.100000
v 1.017160 0.259590 -0.100000
v 0.986773 0.259032 0.100000
v 0.986773 0.259032 -0.100000
v 0.957985 0.258197 0.100000
v 0.957985 0.258197 -0.100000
v 0.931846 0.256873 0.100000
v 0.931846 0.256873 -0.100000
v 0.909404 0.254851 0.100000
v 0.909404 0.254851 -0.100000
v 0.891705 0.251920 0.100000
v 0.891705 0.251920 -0.100000
v 0.891705 0.251152 0.100000
v 0.891705 0.251152 -0.100000
v 0.881062 0.249069 0.100000
v 0.881062 0.249069 -0.100000
v 0.872422 0.245943 0.100000
v 0.872422 0.245943 -0.100000
v 0.865579 0.241851 0.100000
v 0.865579 0.241851 -0.100000
v 0.860329 0.236872 0.100000
v 0.860329 0.236872 -0.100000
v 0.856465 0.231082 0.100000
v 0.856465 0.231082 -0.100000
v 0.853783 0.224558 0.100000
v 0.853783 0.224558 -0.100000
v 0.852076 0.217379 0.100000
v 0.852076 0.217379 -0.100000
v 0.851141 0.209621 0.100000
v 0.851141 0.209621 -0.100000
v 0.850770 0.201361 0.100000
v 0.850770 0.201361 -0.100000
v 0.850760 0.192677 0.100000
v 0.850760 0.192677 -0.100000
v 0.850905 0.183647 0.100000
v 0.850905 0.183647 -0.100000
v 0.850999 0.174347 0.100000
v 0.850999 0.174347 -0.100000
v 0.852443 0.128498 0.100000
v 0.852443 0.128498 -0.100000
v 0.856858 0.083984 0.100000
v 0.856858 0.083984 -0.100000
v 0.864367 0.040959 0.100000
v 0.864367 0.040959 -0.100000
v 0.875093 -0.000427 0.100000
v 0.875093 -0.000427 -0.100000
v 0.889157 -0.040020 0.100000
v 0.889157 -0.040020 -0.100000
v 0.906682 -0.077669 0.100000
v 0.906682 -0.077669 -0.100000
v 0.927792 -0.113222 0.100000
v 0.927792 -0.113222 -0.100000
v 0.952609 -0.146527 0.100000
v 0.952609 -0.146527 -0.100000
v 0.981255 -0.177431 0.100000
v 0.981255 -0.177431 -0.100000
v 1.013853 -0.205784 0.100000
v 1.013853 -0.205784 -0.100000
v 1.050527 -0.231432 0.100000
v 1.050527 -0.231432 -0.100000
v 1.091398 -0.254224 0.100000
v 1.091398 -0.254224 -0.100000
v 1.107094 -0.261564 0.100000
v 1.107094 -0.261564 -0.100000
v 1.124417 -0.268910 0.100000
v 1.124417 -0.268910 -0.100000
v 1.143073 -0.276138 0.100000
v 1.143073 -0.276138 -0.100000
v 1.162770 -0.283126 0.100000
v 1.162770 -0.283126 -0.100000
v 1.183213 -0.289751 0.100000
v 1.183213 -0.289751 -0.100000
v 1.204109 -0.295891 0.100000
v 1.204109 -0.295891 -0.100000
v 1.225166 -0.301423 0.100000
v 1.225166 -0.301423 -0.100000
v 1.246089 -0.306224 0.100000
v 1.246089 -0.306224 -0.100000
v 1.266585 -0.310172 0.100000
v 1.266585 -0.310172 -0.100000
v 1.286362 -0.313144 0.100000
v 1.286362 -0.313144 -0.100000
v 1.305125 -0.315017 0.100000
v 1.305125 -0.315017 -0.100000
v 1.322581 -0.315668 0.100000
v 1.322581 -0.315668 -0.100000
v 1.336194 -0.314672 0.100000
v 1.336194 -0.314672 -0.100000
v 1.348285 -0.311796 0.100000
v 1.348285 -0.311796 -0.100000
v 1.358931 -0.307208 0.100000
v 1.358931 -0.307208 -0.100000
v 1.368208 -0.301075 0.100000
v 1.368208 -0.301075 -0.100000
v 1.376195 -0.293567 0.100000
v 1.376195 -0.293567 -0.100000
v 1.382969 -0.284850 0.100000
v 1.382969 -0.284850 -0.100000
v 1.388606 -0.275094 0.100000
v 1.388606 -0.275094 -0.100000
v 1.393184 -0.264465 0.100000
v 1.393184 -0.264465 -0.100000
v 1.396781 -0.253132 0.100000
v 1.396781 -0.253132 -0.100000
v 1.399475 -0.241263 0.100000
v 1.399475 -0.241263 -0.100000
v 1.401341 -0.229027 0.100000
v 1.401341 -0.229027 -0.100000
v 1.402458 -0.216590 0.100000
v 1.402458 -0.216590 -0.100000
v 1.390714 -0.205441 0.100000
v 1.390714 -0.205441 -0.100000
v 1.372899 -0.195625 0.100000
v 1.372899 -0.195625 -0.100000
v 1.350362 -0.186876 0.100000
v 1.350362 -0.186876 -0.100000
v 1.324458 -0.178927 0.100000
v 1.324458 -0.178927 -0.100000
v 1.296538 -0.171511 0.100000
v 1.296538 -0.171511 -0.100000
v 1.267953 -0.164363 0.100000
v 1.267953 -0.164363 -0.100000
v 1.240057 -0.157214 0.100000
v 1.240057 -0.157214 -0.100000
v 1.214200 -0.149798 0.100000
v 1.214200 -0.149798 -0.100000
v 1.191736 -0.141849 0.100000
v 1.191736 -0.141849 -0.100000
v 1.174016 -0.133100 0.100000
v 1.174016 -0.133100 -0.100000
v 1.162393 -0.123284 0.100000
v 1.162393 -0.123284 -0.100000
v 1.158218 -0.112135 0.100000
v 1.158218 -0.112135 -0.100000
v 1.160606 -0.103765 0.100000
v 1.160606 -0.103765 -0.100000
v 1.167207 -0.096187 0.100000
v 1.167207 -0.096187 -0.100000
v 1.177179 -0.089202 0.100000
v 1.177179 -0.089202 -0.100000
v 1.189680 -0.082608 0.100000
v 1.189680 -0.082608 -0.100000
v 1.203866 -0.076206 0.100000
v 1.203866 -0.076206 -0.100000
v 1.218894 -0.069796 0.100000
v 1.218894 -0.069796 -0.100000
v 1.233922 -0.063179 0.100000
v 1.233922 -0.063179 -0.100000
v 1.248108 -0.056153 0.100000
v 1.248108 -0.056153 -0.100000
v 1.260609 -0.048519 0.100000
v 1.260609 -0.048519 -0.100000
v 1.270581 -0.040077 0.100000
v 1.270581 -0.040077 -0.100000
v 1.277182 -0.030627 0.100000
v 1.277182 -0.030627 -0.100000
v 1.279570 -0.019969 0.100000
v 1.279570 -0.019969 -0.100000
v 1.278691 -0.012227 0.100000
v 1.278691 -0.012227 -0.100000
v 1.276185 -0.003086 0.100000
v 1.276185 -0.003086 -0.100000
v 1.272250 0.007056 0.100000
v 1.272250 0.007056 -0.100000
v 1.267082 0.017807 0.100000
v 1.267082 0.017807 -0.100000
v 1.260880 0.028772 0.100000
v 1.260880 0.028772 -0.100000
v 1.253840 0.039555 0.100000
v 1.253840 0.039555 -0.100000
v 1.246161 0.049761 0.100000
v 1.246161 0.049761 -0.100000
v 1.238039 0.058998 0.100000
v 1.238039 0.058998 -0.100000
v 1.229671 0.066868 0.100000
v 1.229671 0.066868 -0.100000
v 1.221255 0.072979 0.100000
v 1.221255 0.072979 -0.100000
v 1.212989 0.076935 0.100000
v 1.212989 0.076935 -0.100000
v 1.205069 0.078341 0.100000
v 1.205069 0.078341 -0.100000
v 1.192400 0.077283 0.100000
v 1.192400 0.077283 -0.100000
v 1.179116 0.074359 0.100000
v 1.179116 0.074359 -0.100000
v 1.165431 0.069940 0.100000
v 1.165431 0.069940 -0.100000
v 1.151562 0.064402 0.100000
v 1.151562 0.064402 -0.100000
v 1.137725 0.058117 0.100000
v 1.137725 0.058117 -0.100000
v 1.124136 0.051459 0.100000
v 1.124136 0.051459 -0.100000
v 1.111011 0.044801 0.100000
v 1.111011 0.044801 -0.100000
v 1.098566 0.038516 0.100000
v 1.098566 0.038516 -0.100000
v 1.087018 0.032978 0.100000
v 1.087018 0.032978 -0.100000
v 1.076581 0.028560 0.100000
v 1.076581 0.028560 -0.100000
v 1.067472 0.025635 0.100000
v 1.067472 0.025635 -0.100000
v 1.059908 0.024578 0.100000
v 1.059908 0.024578 -0.100000
v 1.053731 0.024950 0.100000
v 1.053731 0.024950 -0.100000
v 1.048896 0.026021 0.100000
v 1.048896 0.026021 -0.100000
v 1.045207 0.027722 0.100000
v 1.045207 0.027722 -0.100000
v 1.042470 0.029982 0.100000
v 1.042470 0.029982 -0.100000
v 1.040491 0.032734 0.100000
v 1.040491 0.032734 -0.100000
v 1.039075 0.035906 0.100000
v 1.039075 0.035906 -0.100000
v 1.038026 0.039431 0.100000
v 1.038026 0.039431 -0.100000
v 1.037151 0.043238 0.100000
v 1.037151 0.043238 -0.100000
v 1.036254 0.047259 0.100000
v 1.036254 0.047259 -0.100000
v 1.035142 0.051424 0.100000
v 1.035142 0.051424 -0.100000
v 1.033619 0.055663 0.100000
v 1.033619 0.055663 -0.100000
v 1.031490 0.059908 0.100000
v 1.031490 0.059908 -0.100000
v 1.032258 0.061444 0.100000
v 1.032258 0.061444 -0.100000
v 0.148975 0.084444 0.100000
v 0.148975 0.084444 -0.100000
v 0.156981 0.081911 0.100000
v 0.156981 0.081911 -0.100000
v 0.164603 0.079805 0.100000
v 0.164603 0.079805 -0.100000
v 0.171872 0.077971 0.100000
v 0.171872 0.077971 -0.100000
v 0.178822 0.076255 0.100000
v 0.178822 0.076255 -0.100000
v 0.185484 0.074501 0.100000
v 0.185484 0.074501 -0.100000
v 0.191890 0.072555 0.100000
v 0.191890 0.072555 -0.100000
v 0.198071 0.070262 0.100000
v 0.198071 0.070262 -0.100000
v 0.204061 0.067468 0.100000
v 0.204061 0.067468 -0.100000
v 0.209891 0.064018 0.100000
v 0.209891 0.064018 -0.100000
v 0.215593 0.059758 0.100000
v 0.215593 0.059758 -0.100000
v 0.221198 0.054531 0.100000
v 0.221198 0.054531 -0.100000
v 0.230203 0.042834 0.100000
v 0.230203 0.042834 -0.100000
v 0.237039 0.029438 0.100000
v 0.237039 0.029438 -0.100000
v 0.241972 0.014629 0.100000
v 0.241972 0.014629 -0.100000
v 0.245264 -0.001309 0.100000
v 0.245264 -0.001309 -0.100000
v 0.247180 -0.018089 0.100000
v 0.247180 -0.018089 -0.100000
v 0.247984 -0.035426 0.100000
v 0.247984 -0.035426 -0.100000
v 0.247940 -0.053036 0.100000
v 0.247940 -0.053036 -0.100000
v 0.247312 -0.070632 0.100000
v 0.247312 -0.070632 -0.100000
v 0.246364 -0.087930 0.100000
v 0.246364 -0.087930 -0.100000
v 0.245360 -0.104643 0.100000
v 0.245360 -0.104643 -0.100000
v 0.244564 -0.120487 0.100000
v 0.244564 -0.120487 -0.100000
v 0.244240 -0.135177 0.100000
v 0.244240 -0.135177 -0.100000
v 0.243822 -0.146377 0.100000
v 0.243822 -0.146377 -0.100000
v 0.242757 -0.160007 0.100000
v 0.242757 -0.160007 -0.100000
v 0.241323 -0.175487 0.100000
v 0.241323 -0.175487 -0.100000
v 0.239802 -0.192240 0.100000
v 0.239802 -0.192240 -0.100000
v 0.238473 -0.209686 0.100000
v 0.238473 -0.209686 -0.100000
v 0.237615 -0.227247 0.100000
v 0.237615 -0.227247 -0.100000
v 0.237510 -0.244343 0.100000
v 0.237510 -0.244343 -0.100000
v 0.238437 -0.260397 0.100000
v 0.238437 -0.260397 -0.100000
v 0.240675 -0.274830 0.100000
v 0.240675 -0.274830 -0.100000
v 0.244506 -0.287062 0.100000
v 0.244506 -0.287062 -0.100000
v 0.250209 -0.296515 0.100000
v 0.250209 -0.296515 -0.100000
v 0.258065 -0.302611 0.100000
v 0.258065 -0.302611 -0.100000
v 0.267123 -0.306372 0.100000
v 0.267123 -0.306372 -0.100000
v 0.276195 -0.309275 0.100000
v 0.276195 -0.309275 -0.100000
v 0.285198 -0.311420 0.100000
v 0.285198 -0.311420 -0.100000
v 0.294049 -0.312909 0.100000
v 0.294049 -0.312909 -0.100000
v 0.302665 -0.313843 0.100000
v 0.302665 -0.313843 -0.100000
v 0.310964 -0.314324 0.100000
v 0.310964 -0.314324 -0.100000
v 0.318863 -0.314453 0.100000
v 0.318863 -0.314453 -0.100000
v 0.326279 -0.314331 0.100000
v 0.326279 -0.314331 -0.100000
v 0.333129 -0.314060 0.100000
v 0.333129 -0.314060 -0.100000
v 0.339332 -0.313741 0.100000
v 0.339332 -0.313741 -0.100000
v 0.344804 -0.313475 0.100000
v 0.344804 -0.313475 -0.100000
v 0.349462 -0.313364 0.100000
v 0.349462 -0.313364 -0.100000
v 0.354983 -0.313371 0.100000
v 0.354983 -0.313371 -0.100000
v 0.360407 -0.313353 0.100000
v 0.360407 -0.313353 -0.100000
v 0.365735 -0.313256 0.100000
v 0.365735 -0.313256 -0.100000
v 0.370968 -0.313023 0.100000
v 0.370968 -0.313023 -0.100000
v 0.376104 -0.312597 0.100000
v 0.376104 -0.312597 -0.100000
v 0.381144 -0.311924 0.100000
v 0.381144 -0.311924 -0.100000
v 0.386089 -0.310947 0.100000
v 0.386089 -0.310947 -0.100000
v 0.390937 -0.309609 0.100000
v 0.390937 -0.309609 -0.100000
v 0.395689 -0.307856 0.100000
v 0.395689 -0.307856 -0.100000
v 0.400346 -0.305630 0.100000
v 0.400346 -0.305630 -0.100000
v 0.404906 -0.302877 0.100000
v 0.404906 -0.302877 -0.100000
v 0.409370 -0.299539 0.100000
v 0.409370 -0.299539 -0.100000
v 0.414941 -0.292802 0.100000
v 0.414941 -0.292802 -0.100000
v 0.419440 -0.282959 0.100000
v 0.419440 -0.282959 -0.100000
v 0.422979 -0.270581 0.100000
v 0.422979 -0.270581 -0.100000
v 0.425670 -0.256244 0.100000
v 0.425670 -0.256244 -0.100000
v 0.427625 -0.240520 0.100000
v 0.427625 -0.240520 -0.100000
v 0.428955 -0.223982 0.100000
v 0.428955 -0.223982 -0.100000
v 0.429774 -0.207205 0.100000
v 0.429774 -0.207205 -0.100000
v 0.430193 -0.190761 0.100000
v 0.430193 -0.190761 -0.100000
v 0.430324 -0.175223 0.100000
v 0.430324 -0.175223 -0.100000
v 0.430278 -0.161166 0.100000
v 0.430278 -0.161166 -0.100000
v 0.430169 -0.149162 0.100000
v 0.430169 -0.149162 -0.100000
v 0.430108 -0.139785 0.100000
v 0.430108 -0.139785 -0.100000
v 0.430032 -0.129565 0.100000
v 0.430032 -0.129565 -0.100000
v 0.429951 -0.118383 0.100000
v 0.429951 -0.118383 -0.100000
v 0.430084 -0.106651 0.100000
v 0.430084 -0.106651 -0.100000
v 0.430648 -0.094783 0.100000
v 0.430648 -0.094783 -0.100000
v 0.431863 -0.083192 0.100000
v 0.431863 -0.083192 -0.100000
v 0.433948 -0.072293 0.100000
v 0.433948 -0.072293 -0.100000
v 0.437120 -0.062497 0.100000
v 0.437120 -0.062497 -0.100000
v 0.441600 -0.054219 0.100000
v 0.441600 -0.054219 -0.100000
v 0.447605 -0.047871 0.100000
v 0.447605 -0.047871 -0.100000
v 0.455354 -0.043868 0.100000
v 0.455354 -0.043868 -0.100000
v 0.465065 -0.042622 0.100000
v 0.465065 -0.042622 -0.100000
v 0.476959 -0.044547 0.100000
v 0.476959 -0.044547 -0.100000
v 0.488382 -0.048413 0.100000
v 0.488382 -0.048413 -0.100000
v 0.500693 -0.053650 0.100000
v 0.500693 -0.053650 -0.100000
v 0.513789 -0.059932 0.100000
v 0.513789 -0.059932 -0.100000
v 0.527564 -0.066934 0.100000
v 0.527564 -0.066934 -0.100000
v 0.541916 -0.074331 0.100000
v 0.541916 -0.074331 -0.100000
v 0.556740 -0.081797 0.100000
v 0.556740 -0.081797 -0.100000
v 0.571931 -0.089007 0.100000
v 0.571931 -0.089007 -0.100000
v 0.587387 -0.095636 0.100000
v 0.587387 -0.095636 -0.100000
v 0.603003 -0.101358 0.100000
v 0.603003 -0.101358 -0.100000
v 0.618674 -0.105849 0.100000
v 0.618674 -0.105849 -0.100000
v 0.634298 -0.108781 0.100000
v 0.634298 -0.108781 -0.100000
v 0.649770 -0.109831 0.100000
v 0.649770 -0.109831 -0.100000
v 0.659620 -0.108375 0.100000
v 0.659620 -0.108375 -0.100000
v 0.668797 -0.104263 0.100000
v 0.668797 -0.104263 -0.100000
v 0.677263 -0.097878 0.100000
v 0.677263 -0.097878 -0.100000
v 0.684986 -0.089606 0.100000
v 0.684986 -0.089606 -0.100000
v 0.691930 -0.079829 0.100000
v 0.691930 -0.079829 -0.100000
v 0.698061 -0.068932 0.100000
v 0.698061 -0.068932 -0.100000
v 0.703343 -0.057300 0.100000
v 0.703343 -0.057300 -0.100000
v 0.707743 -0.045315 0.100000
v 0.707743 -0.045315 -0.100000
v 0.711226 -0.033362 0.100000
v 0.711226 -0.033362 -0.100000
v 0.713756 -0.021825 0.100000
v 0.713756 -0.021825 -0.100000
v 0.715300 -0.011089 0.100000
v 0.715300 -0.011089 -0.100000
v 0.715822 -0.001536 0.100000
v 0.715822 -0.001536 -0.100000
v 0.715710 0.002094 0.100000
v 0.715710 0.002094 -0.100000
v 0.715374 0.005682 0.100000
v 0.715374 0.005682 -0.100000
v 0.714814 0.009217 0.100000
v 0.714814 0.009217 -0.100000
v 0.714030 0.012687 0.100000
v 0.714030 0.012687 -0.100000
v 0.713022 0.016083 0.100000
v 0.713022 0.016083 -0.100000
v 0.711790 0.019393 0.100000
v 0.711790 0.019393 -0.100000
v 0.710334 0.022608 0.100000
v 0.710334 0.022608 -0.100000
v 0.708653 0.025715 0.100000
v 0.708653 0.025715 -0.100000
v 0.706749 0.028706 0.100000
v 0.706749 0.028706 -0.100000
v 0.704621 0.031568 0.100000
v 0.704621 0.031568 -0.100000
v 0.702269 0.034292 0.100000
v 0.702269 0.034292 -0.100000
v 0.699693 0.036866 0.100000
v 0.699693 0.036866 -0.100000
v 0.692247 0.040767 0.100000
v 0.692247 0.040767 -0.100000
v 0.676673 0.046819 0.100000
v 0.676673 0.046819 -0.100000
v 0.654474 0.054615 0.100000
v 0.654474 0.054615 -0.100000
v 0.627155 0.063748 0.100000
v 0.627155 0.063748 -0.100000
v 0.596219 0.073809 0.100000
v 0.596219 0.073809 -0.100000
v 0.563172 0.084389 0.100000
v 0.563172 0.084389 -0.100000
v 0.529517 0.095082 0.100000
v 0.529517 0.095082 -0.100000
v 0.496757 0.105479 0.100000
v 0.496757 0.105479 -0.100000
v 0.466398 0.115171 0.100000
v 0.466398 0.115171 -0.100000
v 0.439943 0.123752 0.100000
v 0.439943 0.123752 -0.100000
v 0.418896 0.130812 0.100000
v 0.418896 0.130812 -0.100000
v 0.404762 0.135945 0.100000
v 0.404762 0.135945 -0.100000
v 0.390263 0.141923 0.100000
v 0.390263 0.141923 -0.100000
v 0.375942 0.148312 0.100000
v 0.375942 0.148312 -0.100000
v 0.361787 0.155074 0.100000
v 0.361787 0.155074 -0.100000
v 0.347784 0.162172 0.100000
v 0.347784 0.162172 -0.100000
v 0.333920 0.169569 0.100000
v 0.333920 0.169569 -0.100000
v 0.320181 0.177227 0.100000
v 0.320181 0.177227 -0.100000
v 0.306553 0.185110 0.100000
v 0.306553 0.185110 -0.100000
v 0.293025 0.193179 0.100000
v 0.293025 0.193179 -0.100000
v 0.279582 0.201397 0.100000
v 0.279582 0.201397 -0.100000
v 0.266211 0.209727 0.100000
v 0.266211 0.209727 -0.100000
v 0.252898 0.218132 0.100000
v 0.252898 0.218132 -0.100000
v 0.239631 0.226575 0.100000
v 0.239631 0.226575 -0.100000
v 0.239631 0.225806 0.100000
v 0.239631 0.225806 -0.100000
v 0.234372 0.229340 0.100000
v 0.234372 0.229340 -0.100000
v 0.227958 0.233658 0.100000
v 0.227958 0.233658 -0.100000
v 0.220610 0.238551 0.100000
v 0.220610 0.238551 -0.100000
v 0.212551 0.243813 0.100000
v 0.212551 0.243813 -0.100000
v 0.204000 0.249235 0.100000
v 0.204000 0.249235 -0.100000
v 0.195181 0.254608 0.100000
v 0.195181 0.254608 -0.100000
v 0.186313 0.259726 0.100000
v 0.186313 0.259726 -0.100000
v 0.177619 0.264380 0.100000
v 0.177619 0.264380 -0.100000
v 0.169319 0.268361 0.100000
v 0.169319 0.268361 -0.100000
v 0.161635 0.271463 0.100000
v 0.161635 0.271463 -0.100000
v 0.154789 0.273476 0.100000
v 0.154789 0.273476 -0.100000
v 0.149002 0.274194 0.100000
v 0.149002 0.274194 -0.100000
v 0.141779 0.273030 0.100000
v 0.141779 0.273030 -0.100000
v 0.133722 0.269749 0.100000
v 0.133722 0.269749 -0.100000
v 0.125084 0.264665 0.100000
v 0.125084 0.264665 -0.100000
v 0.116118 0.258093 0.100000
v 0.116118 0.258093 -0.100000
v 0.107077 0.250348 0.100000
v 0.107077 0.250348 -0.100000
v 0.098214 0.241743 0.100000
v 0.098214 0.241743 -0.100000
v 0.089784 0.232595 0.100000
v 0.089784 0.232595 -0.100000
v 0.082039 0.223218 0.100000
v 0.082039 0.223218 -0.100000
v 0.075233 0.213926 0.100000
v 0.075233 0.213926 -0.100000
v 0.069619 0.205034 0.100000
v 0.069619 0.205034 -0.100000
v 0.065450 0.196856 0.100000
v 0.065450 0.196856 -0.100000
v 0.062980 0.189708 0.100000
v 0.062980 0.189708 -0.100000
v 0.059886 0.173383 0.100000
v 0.059886 0.173383 -0.100000
v 0.058966 0.158887 0.100000
v 0.058966 0.158887 -0.100000
v 0.060088 0.146097 0.100000
v 0.060088 0.146097 -0.100000
v 0.063122 0.134892 0.100000
v 0.063122 0.134892 -0.100000
v 0.067938 0.125148 0.100000
v 0.067938 0.125148 -0.100000
v 0.074405 0.116743 0.100000
v 0.074405 0.116743 -0.100000
v 0.082392 0.109555 0.100000
v 0.082392 0.109555 -0.100000
v 0.091768 0.103459 0.100000
v 0.091768 0.103459 -0.100000
v 0.102403 0.098334 0.100000
v 0.102403 0.098334 -0.100000
v 0.114166 0.094058 0.100000
v 0.114166 0.094058 -0.100000
v 0.126926 0.090506 0.100000
v 0.126926 0.090506 -0.100000
v 0.140553 0.087558 0.100000
v 0.140553 0.087558 -0.100000
v -0.475495 0.077045 0.100000
v -0.475495 0.077045 -0.100000
v -0.495011 0.073480 0.100000
v -0.495011 0.073480 -0.100000
v -0.515877 0.069856 0.100000
v -0.515877 0.069856 -0.100000
v -0.537663 0.066081 0.100000
v -0.537663 0.066081 -0.100000
v -0.559939 0.062060 0.100000
v -0.559939 0.062060 -0.100000
v -0.582277 0.057700 0.100000
v -0.582277 0.057700 -0.100000
v -0.604247 0.052908 0.100000
v -0.604247 0.052908 -0.100000
v -0.625420 0.047591 0.100000
v -0.625420 0.047591 -0.100000
v -0.645365 0.041655 0.100000
v -0.645365 0.041655 -0.100000
v -0.663655 0.035007 0.100000
v -0.663655 0.035007 -0.100000
v -0.679859 0.027553 0.100000
v -0.679859 0.027553 -0.100000
v -0.693548 0.019201 0.100000
v -0.693548 0.019201 -0.100000
v -0.698474 0.015225 0.100000
v -0.698474 0.015225 -0.100000
v -0.702552 0.011005 0.100000
v -0.702552 0.011005 -0.100000
v -0.705861 0.006588 0.100000
v -0.705861 0.006588 -0.100000
v -0.708483 0.002020 0.100000
v -0.708483 0.002020 -0.100000
v -0.710496 -0.002656 0.100000
v -0.710496 -0.002656 -0.100000
v -0.711982 -0.007392 0.100000
v -0.711982 -0.007392 -0.100000
v -0.713019 -0.012145 0.100000
v -0.713019 -0.012145 -0.100000
v -0.713688 -0.016869 0.100000
v -0.713688 -0.016869 -0.100000
v -0.714070 -0.021517 0.100000
v -0.714070 -0.021517 -0.100000
v -0.714243 -0.026046 0.100000
v -0.714243 -0.026046 -0.100000
v -0.714288 -0.030410 0.100000
v -0.714288 -0.030410 -0.100000
v -0.714286 -0.034562 0.100000
v -0.714286 -0.034562 -0.100000
v -0.713789 -0.045322 0.100000
v -0.713789 -0.045322 -0.100000
v -0.712298 -0.055996 0.100000
v -0.712298 -0.055996 -0.100000
v -0.709809 -0.066436 0.100000
v -0.709809 -0.066436 -0.100000
v -0.706321 -0.076492 0.100000
v -0.706321 -0.076492 -0.100000
v -0.701829 -0.086014 0.100000
v -0.701829 -0.086014 -0.100000
v -0.696333 -0.094854 0.100000
v -0.696333 -0.094854 -0.100000
v -0.689828 -0.102862 0.100000
v -0.689828 -0.102862 -0.100000
v -0.682312 -0.109888 0.100000
v -0.682312 -0.109888 -0.100000
v -0.673783 -0.115783 0.100000
v -0.673783 -0.115783 -0.100000
v -0.664238 -0.120399 0.100000
v -0.664238 -0.120399 -0.100000
v -0.653674 -0.123585 0.100000
v -0.653674 -0.123585 -0.100000
v -0.642089 -0.125192 0.100000
v -0.642089 -0.125192 -0.100000
v -0.617485 -0.123907 0.100000
v -0.617485 -0.123907 -0.100000
v -0.593165 -0.120356 0.100000
v -0.593165 -0.120356 -0.100000
v -0.569064 -0.114991 0.100000
v -0.569064 -0.114991 -0.100000
v -0.545116 -0.108266 0.100000
v -0.545116 -0.108266 -0.100000
v -0.521253 -0.100635 0.100000
v -0.521253 -0.100635 -0.100000
v -0.497408 -0.092550 0.100000
v -0.497408 -0.092550 -0.100000
v -0.473515 -0.084465 0.100000
v -0.473515 -0.084465 -0.100000
v -0.449508 -0.076833 0.100000
v -0.449508 -0.076833 -0.100000
v -0.425319 -0.070108 0.100000
v -0.425319 -0.070108 -0.100000
v -0.400883 -0.064744 0.100000
v -0.400883 -0.064744 -0.100000
v -0.376131 -0.061192 0.100000
v -0.376131 -0.061192 -0.100000
v -0.350998 -0.059908 0.100000
v -0.350998 -0.059908 -0.100000
v -0.342161 -0.061538 0.100000
v -0.342161 -0.061538 -0.100000
v -0.334763 -0.066102 0.100000
v -0.334763 -0.066102 -0.100000
v -0.328677 -0.073109 0.100000
v -0.328677 -0.073109 -0.100000
v -0.323775 -0.082067 0.100000
v -0.323775 -0.082067 -0.100000
v -0.319930 -0.092488 0.100000
v -0.319930 -0.092488 -0.100000
v -0.317012 -0.103879 0.100000
v -0.317012 -0.103879 -0.100000
v -0.314895 -0.115750 0.100000
v -0.314895 -0.115750 -0.100000
v -0.313449 -0.127610 0.100000
v -0.313449 -0.127610 -0.100000
v -0.312548 -0.138969 0.100000
v -0.312548 -0.138969 -0.100000
v -0.312063 -0.149336 0.100000
v -0.312063 -0.149336 -0.100000
v -0.311865 -0.158220 0.100000
v -0.311865 -0.158220 -0.100000
v -0.311828 -0.165131 0.100000
v -0.311828 -0.165131 -0.100000
v -0.311904 -0.172796 0.100000
v -0.311904 -0.172796 -0.100000
v -0.312112 -0.180435 0.100000
v -0.312112 -0.180435 -0.100000
v -0.312428 -0.188052 0.100000
v -0.312428 -0.188052 -0.100000
v -0.312824 -0.195653 0.100000
v -0.312824 -0.195653 -0.100000
v -0.313273 -0.203244 0.100000
v -0.313273 -0.203244 -0.100000
v -0.313748 -0.210829 0.100000
v -0.313748 -0.210829 -0.100000
v -0.314224 -0.218415 0.100000
v -0.314224 -0.218415 -0.100000
v -0.314673 -0.226006 0.100000
v -0.314673 -0.226006 -0.100000
v -0.315068 -0.233607 0.100000
v -0.315068 -0.233607 -0.100000
v -0.315384 -0.241224 0.100000
v -0.315384 -0.241224 -0.100000
v -0.315593 -0.248863 0.100000
v -0.315593 -0.248863 -0.100000
v -0.315668 -0.256528 0.100000
v -0.315668 -0.256528 -0.100000
v -0.315192 -0.266460 0.100000
v -0.315192 -0.266460 -0.100000
v -0.313780 -0.275178 0.100000
v -0.313780 -0.275178 -0.100000
v -0.311456 -0.282750 0.100000
v -0.311456 -0.282750 -0.100000
v -0.308244 -0.289242 0.100000
v -0.308244 -0.289242 -0.100000
v -0.304167 -0.294720 0.100000
v -0.304167 -0.294720 -0.100000
v -0.299251 -0.299251 0.100000
v -0.299251 -0.299251 -0.100000
v -0.293519 -0.302902 0.100000
v -0.293519 -0.302902 -0.100000
v -0.286994 -0.305740 0.100000
v -0.286994 -0.305740 -0.100000
v -0.279702 -0.307832 0.100000
v -0.279702 -0.307832 -0.100000
v -0.271665 -0.309243 0.100000
v -0.271665 -0.309243 -0.100000
v -0.262909 -0.310041 0.100000
v -0.262909 -0.310041 -0.100000
v -0.253456 -0.310292 0.100000
v -0.253456 -0.310292 -0.100000
v -0.246534 -0.310284 0.100000
v -0.246534 -0.310284 -0.100000
v -0.239621 -0.310228 0.100000
v -0.239621 -0.310228 -0.100000
v -0.232755 -0.310076 0.100000
v -0.232755 -0.310076 -0.100000
v -0.225977 -0.309780 0.100000
v -0.225977 -0.309780 -0.100000
v -0.219327 -0.309292 0.100000
v -0.219327 -0.309292 -0.100000
v -0.212846 -0.308564 0.100000
v -0.212846 -0.308564 -0.100000
v -0.206572 -0.307548 0.100000
v -0.206572 -0.307548 -0.100000
v -0.200546 -0.306196 0.100000
v -0.200546 -0.306196 -0.100000
v -0.194808 -0.304460 0.100000
v -0.194808 -0.304460 -0.100000
v -0.189399 -0.302291 0.100000
v -0.189399 -0.302291 -0.100000
v -0.184357 -0.299643 0.100000
v -0.184357 -0.299643 -0.100000
v -0.179724 -0.296467 0.100000
v -0.179724 -0.296467 -0.100000
v -0.168007 -0.283365 0.100000
v -0.168007 -0.283365 -0.100000
v -0.158442 -0.265386 0.100000
v -0.158442 -0.265386 -0.100000
v -0.150814 -0.243412 0.100000
v -0.150814 -0.243412 -0.100000
v -0.144905 -0.218325 0.100000
v -0.144905 -0.218325 -0.100000
v -0.140501 -0.191009 0.100000
v -0.140501 -0.191009 -0.100000
v -0.137385 -0.162346 0.100000
v -0.137385 -0.162346 -0.100000
v -0.135341 -0.133220 0.100000
v -0.135341 -0.133220 -0.100000
v -0.134153 -0.104512 0.100000
v -0.134153 -0.104512 -0.100000
v -0.133605 -0.077105 0.100000
v -0.133605 -0.077105 -0.100000
v -0.133481 -0.051882 0.100000
v -0.133481 -0.051882 -0.100000
v -0.133565 -0.029727 0.100000
v -0.133565 -0.029727 -0.100000
v -0.133641 -0.011521 0.100000
v -0.133641 -0.011521 -0.100000
v -0.133471 0.006958 0.100000
v -0.133471 0.006958 -0.100000
v -0.133114 0.029872 0.100000
v -0.133114 0.029872 -0.100000
v -0.132801 0.056248 0.100000
v -0.132801 0.056248 -0.100000
v -0.132759 0.085111 0.100000
v -0.132759 0.085111 -0.100000
v -0.133218 0.115490 0.100000
v -0.133218 0.115490 -0.100000
v -0.134409 0.146409 0.100000
v -0.134409 0.146409 -0.100000
v -0.136559 0.176897 0.100000
v -0.136559 0.176897 -0.100000
v -0.139899 0.205979 0.100000
v -0.139899 0.205979 -0.100000
v -0.144657 0.232683 0.100000
v -0.144657 0.232683 -0.100000
v -0.151064 0.256034 0.100000
v -0.151064 0.256034 -0.100000
v -0.159348 0.275060 0.100000
v -0.159348 0.275060 -0.100000
v -0.169739 0.288787 0.100000
v -0.169739 0.288787 -0.100000
v -0.175900 0.293727 0.100000
v -0.175900 0.293727 -0.100000
v -0.182799 0.297847 0.100000
v -0.182799 0.297847 -0.100000
v -0.190344 0.301219 0.100000
v -0.190344 0.301219 -0.100000
v -0.198441 0.303920 0.100000
v -0.198441 0.303920 -0.100000
v -0.206997 0.306023 0.100000
v -0.206997 0.306023 -0.100000
v -0.215918 0.307604 0.100000
v -0.215918 0.307604 -0.100000
v -0.225111 0.308736 0.100000
v -0.225111 0.308736 -0.100000
v -0.234483 0.309495 0.100000
v -0.234483 0.309495 -0.100000
v -0.243940 0.309956 0.100000
v -0.243940 0.309956 -0.100000
v -0.253389 0.310192 0.100000
v -0.253389 0.310192 -0.100000
v -0.262736 0.310279 0.100000
v -0.262736 0.310279 -0.100000
v -0.271889 0.310292 0.100000
v -0.271889 0.310292 -0.100000
v -0.280863 0.309699 0.100000
v -0.280863 0.309699 -0.100000
v -0.288637 0.307981 0.100000
v -0.288637 0.307981 -0.100000
v -0.295291 0.305228 0.100000
v -0.295291 0.305228 -0.100000
v -0.300905 0.301530 0.100000
v -0.300905 0.301530 -0.100000
v -0.305558 0.296980 0.100000
v -0.305558 0.296980 -0.100000
v -0.309332 0.291667 0.100000
v -0.309332 0.291667 -0.100000
v -0.312305 0.285681 0.100000
v -0.312305 0.285681 -0.100000
v -0.314559 0.279115 0.100000
v -0.314559 0.279115 -0.100000
v -0.316172 0.272057 0.100000
v -0.316172 0.272057 -0.100000
v -0.317226 0.264600 0.100000
v -0.317226 0.264600 -0.100000
v -0.317799 0.256833 0.100000
v -0.317799 0.256833 -0.100000
v -0.317972 0.248848 0.100000
v -0.317972 0.248848 -0.100000
v -0.317897 0.243487 0.100000
v -0.317897 0.243487 -0.100000
v -0.317688 0.238156 0.100000
v -0.317688 0.238156 -0.100000
v -0.317372 0.232851 0.100000
v -0.317372 0.232851 -0.100000
v -0.316977 0.227570 0.100000
v -0.316977 0.227570 -0.100000
v -0.316528 0.222311 0.100000
v -0.316528 0.222311 -0.100000
v -0.316052 0.217070 0.100000
v -0.316052 0.217070 -0.100000
v -0.315577 0.211845 0.100000
v -0.315577 0.211845 -0.100000
v -0.315128 0.206634 0.100000
v -0.315128 0.206634 -0.100000
v -0.314732 0.201433 0.100000
v -0.314732 0.201433 -0.100000
v -0.314417 0.196240 0.100000
v -0.314417 0.196240 -0.100000
v -0.314208 0.191053 0.100000
v -0.314208 0.191053 -0.100000
v -0.314132 0.185868 0.100000
v -0.314132 0.185868 -0.100000
v -0.315814 0.166431 0.100000
v -0.315814 0.166431 -0.100000
v -0.320611 0.150125 0.100000
v -0.320611 0.150125 -0.100000
v -0.328149 0.136593 0.100000
v -0.328149 0.136593 -0.100000
v -0.338055 0.125476 0.100000
v -0.338055 0.125476 -0.100000
v -0.349957 0.116419 0.100000
v -0.349957 0.116419 -0.100000
v -0.363479 0.109063 0.100000
v -0.363479 0.109063 -0.100000
v -0.378250 0.103051 0.100000
v -0.378250 0.103051 -0.100000
v -0.393895 0.098026 0.100000
v -0.393895 0.098026 -0.100000
v -0.410042 0.093630 0.100000
v -0.410042 0.093630 -0.100000
v -0.426317 0.089506 0.100000
v -0.426317 0.089506 -0.100000
v -0.442347 0.085297 0.100000
v -0.442347 0.085297 -0.100000
v -0.457757 0.080645 0.100000
v -0.457757 0.080645 -0.100000
v -1.121522 0.081241 0.100000
v -1.121522 0.081241 -0.100000
v -1.121686 0.096419 0.100000
v -1.121686 0.096419 -0.100000
v -1.121904 0.114007 0.100000
v -1.121904 0.114007 -0.100000
v -1.122234 0.133356 0.100000
v -1.122234 0.133356 -0.100000
v -1.122734 0.153814 0.100000
v -1.122734 0.153814 -0.100000
v -1.123464 0.174731 0.100000
v -1.123464 0.174731 -0.100000
v -1.124482 0.195456 0.100000
v -1.124482 0.195456 -0.100000
v -1.125846 0.215338 0.100000
v -1.125846 0.215338 -0.100000
v -1.127616 0.233727 0.100000
v -1.127616 0.233727 -0.100000
v -1.129850 0.249972 0.100000
v -1.129850 0.249972 -0.100000
v -1.132607 0.263421 0.100000
v -1.132607 0.263421 -0.100000
v -1.135945 0.273425 0.100000
v -1.135945 0.273425 -0.100000
v -1.139561 0.280237 0.100000
v -1.139561 0.280237 -0.100000
v -1.143501 0.286120 0.100000
v -1.143501 0.286120 -0.100000
v -1.147765 0.291139 0.100000
v -1.147765 0.291139 -0.100000
v -1.152358 0.295358 0.100000
v -1.152358 0.295358 -0.100000
v -1.157282 0.298840 0.100000
v -1.157282 0.298840 -0.100000
v -1.162538 0.301651 0.100000
v -1.162538 0.301651 -0.100000
v -1.168131 0.303854 0.100000
v -1.168131 0.303854 -0.100000
v -1.174063 0.305513 0.100000
v -1.174063 0.305513 -0.100000
v -1.180336 0.306692 0.100000
v -1.180336 0.306692 -0.100000
v -1.186952 0.307454 0.100000
v -1.186952 0.307454 -0.100000
v -1.193916 0.307865 0.100000
v -1.193916 0.307865 -0.100000
v -1.201229 0.307988 0.100000
v -1.201229 0.307988 -0.100000
v -1.206189 0.307980 0.100000
v -1.206189 0.307980 -0.100000
v -1.211082 0.307927 0.100000
v -1.211082 0.307927 -0.100000
v -1.215906 0.307784 0.100000
v -1.215906 0.307784 -0.100000
v -1.220658 0.307504 0.100000
v -1.220658 0.307504 -0.100000
v -1.225335 0.307043 0.100000
v -1.225335 0.307043 -0.100000
v -1.229935 0.306356 0.100000
v -1.229935 0.306356 -0.100000
v -1.234454 0.305396 0.100000
v -1.234454 0.305396 -0.100000
v -1.238892 0.304119 0.100000
v -1.238892 0.304119 -0.100000
v -1.243243 0.302479 0.100000
v -1.243243 0.302479 -0.100000
v -1.247507 0.300432 0.100000
v -1.247507 0.300432 -0.100000
v -1.251680 0.297931 0.100000
v -1.251680 0.297931 -0.100000
v -1.255760 0.294931 0.100000
v -1.255760 0.294931 -0.100000
v -1.264023 0.285252 0.100000
v -1.264023 0.285252 -0.100000
v -1.270854 0.271328 0.100000
v -1.270854 0.271328 -0.100000
v -1.276389 0.253936 0.100000
v -1.276389 0.253936 -0.100000
v -1.280764 0.233857 0.100000
v -1.280764 0.233857 -0.100000
v -1.284115 0.211868 0.100000
v -1.284115 0.211868 -0.100000
v -1.286578 0.188748 0.100000
v -1.286578 0.188748 -0.100000
v -1.288289 0.165276 0.100000
v -1.288289 0.165276 -0.100000
v -1.289384 0.142231 0.100000
v -1.289384 0.142231 -0.100000
v -1.289998 0.120392 0.100000
v -1.289998 0.120392 -0.100000
v -1.290269 0.100536 0.100000
v -1.290269 0.100536 -0.100000
v -1.290332 0.083444 0.100000
v -1.290332 0.083444 -0.100000
v -1.290323 0.069892 0.100000
v -1.290323 0.069892 -0.100000
v -1.290413 0.055300 0.100000
v -1.290413 0.055300 -0.100000
v -1.290664 0.040707 0.100000
v -1.290664 0.040707 -0.100000
v -1.291043 0.026114 0.100000
v -1.291043 0.026114 -0.100000
v -1.291517 0.011521 0.100000
v -1.291517 0.011521 -0.100000
v -1.292056 -0.003072 0.100000
v -1.292056 -0.003072 -0.100000
v -1.292627 -0.017665 0.100000
v -1.292627 -0.017665 -0.100000
v -1.293197 -0.032258 0.100000
v -1.293197 -0.032258 -0.100000
v -1.293736 -0.046851 0.100000
v -1.293736 -0.046851 -0.100000
v -1.294211 -0.061444 0.100000
v -1.294211 -0.061444 -0.100000
v -1.294589 -0.076037 0.100000
v -1.294589 -0.076037 -0.100000
v -1.294840 -0.090630 0.100000
v -1.294840 -0.090630 -0.100000
v -1.294931 -0.105223 0.100000
v -1.294931 -0.105223 -0.100000
v -1.294951 -0.106997 0.100000
v -1.294951 -0.106997 -0.100000
v -1.295030 -0.109177 0.100000
v -1.295030 -0.109177 -0.100000
v -1.295195 -0.111655 0.100000
v -1.295195 -0.111655 -0.100000
v -1.295471 -0.114326 0.100000
v -1.295471 -0.114326 -0.100000
v -1.295886 -0.117081 0.100000
v -1.295886 -0.117081 -0.100000
v -1.296467 -0.119816 0.100000
v -1.296467 -0.119816 -0.100000
v -1.297239 -0.122422 0.100000
v -1.297239 -0.122422 -0.100000
v -1.298231 -0.124794 0.100000
v -1.298231 -0.124794 -0.100000
v -1.299467 -0.126824 0.100000
v -1.299467 -0.126824 -0.100000
v -1.300976 -0.128406 0.100000
v -1.300976 -0.128406 -0.100000
v -1.302783 -0.129434 0.100000
v -1.302783 -0.129434 -0.100000
v -1.304915 -0.129800 0.100000
v -1.304915 -0.129800 -0.100000
v -1.306228 -0.129708 0.100000
v -1.306228 -0.129708 -0.100000
v -1.307483 -0.129445 0.100000
v -1.307483 -0.129445 -0.100000
v -1.308684 -0.129032 0.100000
v -1.308684 -0.129032 -0.100000
v -1.309837 -0.128492 0.100000
v -1.309837 -0.128492 -0.100000
v -1.310947 -0.127845 0.100000
v -1.310947 -0.127845 -0.100000
v -1.312020 -0.127112 0.100000
v -1.312020 -0.127112 -0.100000
v -1.313061 -0.126316 0.100000
v -1.313061 -0.126316 -0.100000
v -1.314075 -0.125476 0.100000
v -1.314075 -0.125476 -0.100000
v -1.315068 -0.124616 0.100000
v -1.315068 -0.124616 -0.100000
v -1.316045 -0.123755 0.100000
v -1.316045 -0.123755 -0.100000
v -1.317011 -0.122916 0.100000
v -1.317011 -0.122916 -0.100000
v -1.317972 -0.122120 0.100000
v -1.317972 -0.122120 -0.100000
v -1.321717 -0.118231 0.100000
v -1.321717 -0.118231 -0.100000
v -1.325272 -0.114244 0.100000
v -1.325272 -0.114244 -0.100000
v -1.328641 -0.110155 0.100000
v -1.328641 -0.110155 -0.100000
v -1.331826 -0.105962 0.100000
v -1.331826 -0.105962 -0.100000
v -1.334829 -0.101663 0.100000
v -1.334829 -0.101663 -0.100000
v -1.337654 -0.097254 0.100000
v -1.337654 -0.097254 -0.100000
v -1.340302 -0.092733 0.100000
v -1.340302 -0.092733 -0.100000
v -1.342777 -0.088098 0.100000
v -1.342777 -0.088098 -0.100000
v -1.345082 -0.083345 0.100000
v -1.345082 -0.083345 -0.100000
v -1.347219 -0.078473 0.100000
v -1.347219 -0.078473 -0.100000
v -1.349190 -0.073477 0.100000
v -1.349190 -0.073477 -0.100000
v -1.350998 -0.068356 0.100000
v -1.350998 -0.068356 -0.100000
v -1.353792 -0.059846 0.100000
v -1.353792 -0.059846 -0.100000
v -1.356453 -0.050897 0.100000
v -1.356453 -0.050897 -0.100000
v -1.359039 -0.041619 0.100000
v -1.359039 -0.041619 -0.100000
v -1.361609 -0.032116 0.100000
v -1.361609 -0.032116 -0.100000
v -1.364221 -0.022496 0.100000
v -1.364221 -0.022496 -0.100000
v -1.366935 -0.012865 0.100000
v -1.366935 -0.012865 -0.100000
v -1.369809 -0.003330 0.100000
v -1.369809 -0.003330 -0.100000
v -1.372902 0.006002 0.100000
v -1.372902 0.006002 -0.100000
v -1.376272 0.015025 0.100000
v -1.376272 0.015025 -0.100000
v -1.379978 0.023632 0.100000
v -1.379978 0.023632 -0.100000
v -1.384079 0.031716 0.100000
v -1.384079 0.031716 -0.100000
v -1.388633 0.039171 0.100000
v -1.388633 0.039171 -0.100000
v -1.391032 0.042629 0.100000
v -1.391032 0.042629 -0.100000
v -1.393618 0.045717 0.100000
v -1.393618 0.045717 -0.100000
v -1.396385 0.048447 0.100000
v -1.396385 0.048447 -0.100000
v -1.399328 0.050833 0.100000
v -1.399328 0.050833 -0.100000
v -1.402442 0.052889 0.100000
v -1.402442 0.052889 -0.100000
v -1.405722 0.054628 0.100000
v -1.405722 0.054628 -0.100000
v -1.409161 0.056062 0.100000
v -1.409161 0.056062 -0.100000
v -1.412755 0.057205 0.100000
v -1.412755 0.057205 -0.100000
v -1.416499 0.058072 0.100000
v -1.416499 0.058072 -0.100000
v -1.420386 0.058674 0.100000
v -1.420386 0.058674 -0.100000
v -1.424412 0.059026 0.100000
v -1.424412 0.059026 -0.100000
v -1.428571 0.059140 0.100000
v -1.428571 0.059140 -0.100000
v -1.437302 0.059008 0.100000
v -1.437302 0.059008 -0.100000
v -1.447470 0.058535 0.100000
v -1.447470 0.058535 -0.100000
v -1.458657 0.057604 0.100000
v -1.458657 0.057604 -0.100000
v -1.470444 0.056096 0.100000
v -1.470444 0.056096 -0.100000
v -1.482413 0.053895 0.100000
v -1.482413 0.053895 -0.100000
v -1.494143 0.050883 0.100000
v -1.494143 0.050883 -0.100000
v -1.505218 0.046943 0.100000
v -1.505218 0.046943 -0.100000
v -1.515219 0.041958 0.100000
v -1.515219 0.041958 -0.100000
v -1.523725 0.035810 0.100000
v -1.523725 0.035810 -0.100000
v -1.530320 0.028382 0.100000
v -1.530320 0.028382 -0.100000
v -1.534584 0.019557 0.100000
v -1.534584 0.019557 -0.100000
v -1.536098 0.009217 0.100000
v -1.536098 0.009217 -0.100000
v -1.535879 0.000992 0.100000
v -1.535879 0.000992 -0.100000
v -1.535241 -0.007168 0.100000
v -1.535241 -0.007168 -0.100000
v -1.534214 -0.015265 0.100000
v -1.534214 -0.015265 -0.100000
v -1.532827 -0.023297 0.100000
v -1.532827 -0.023297 -0.100000
v -1.531109 -0.031266 0.100000
v -1.531109 -0.031266 -0.100000
v -1.529090 -0.039171 0.100000
v -1.529090 -0.039171 -0.100000
v -1.526798 -0.047011 0.100000
v -1.526798 -0.047011 -0.100000
v -1.524265 -0.054788 0.100000
v -1.524265 -0.054788 -0.100000
v -1.521517 -0.062500 0.100000
v -1.521517 -0.062500 -0.100000
v -1.518586 -0.070148 0.100000
v -1.518586 -0.070148 -0.100000
v -1.515500 -0.077733 0.100000
v -1.515500 -0.077733 -0.100000
v -1.512289 -0.085253 0.100000
v -1.512289 -0.085253 -0.100000
v -1.494067 -0.121698 0.100000
v -1.494067 -0.121698 -0.100000
v -1.473275 -0.154652 0.100000
v -1.473275 -0.154652 -0.100000
v -1.450029 -0.184176 0.100000
v -1.450029 -0.184176 -0.100000
v -1.424447 -0.210332 0.100000
v -1.424447 -0.210332 -0.100000
v -1.396646 -0.233181 0.100000
v -1.396646 -0.233181 -0.100000
v -1.366743 -0.252784 0.100000
v -1.366743 -0.252784 -0.100000
v -1.334857 -0.269203 0.100000
v -1.334857 -0.269203 -0.100000
v -1.301104 -0.282500 0.100000
v -1.301104 -0.282500 -0.100000
v -1.265601 -0.292735 0.100000
v -1.265601 -0.292735 -0.100000
v -1.228466 -0.299969 0.100000
v -1.228466 -0.299969 -0.100000
v -1.189817 -0.304265 0.100000
v -1.189817 -0.304265 -0.100000
v -1.149770 -0.305684 0.100000
v -1.149770 -0.305684 -0.100000
v -1.143402 -0.303163 0.100000
v -1.143402 -0.303163 -0.100000
v -1.138064 -0.296143 0.100000
v -1.138064 -0.296143 -0.100000
v -1.133665 -0.285438 0.100000
v -1.133665 -0.285438 -0.100000
v -1.130113 -0.271861 0.100000
v -1.130113 -0.271861 -0.100000
v -1.127319 -0.256225 0.100000
v -1.127319 -0.256225 -0.100000
v -1.125192 -0.239343 0.100000
v -1.125192 -0.239343 -0.100000
v -1.123641 -0.222030 0.100000
v -1.123641 -0.222030 -0.100000
v -1.122575 -0.205098 0.100000
v -1.122575 -0.205098 -0.100000
v -1.121904 -0.189360 0.100000
v -1.121904 -0.189360 -0.100000
v -1.121537 -0.175631 0.100000
v -1.121537 -0.175631 -0.100000
v -1.121383 -0.164723 0.100000
v -1.121383 -0.164723 -0.100000
v -1.121352 -0.157450 0.100000
v -1.121352 -0.157450 -0.100000
v -1.121352 0.069124 0.100000
v -1.121352 0.069124 -0.100000
v -1.077349 0.121518 0.100000
v -1.077349 0.121518 -0.100000
v -1.076552 0.089271 0.100000
v -1.076552 0.089271 -0.100000
v -1.074993 0.055756 0.100000
v -1.074993 0.055756 -0.100000
v -1.072481 0.021392 0.100000
v -1.072481 0.021392 -0.100000
v -1.068828 -0.013399 0.100000
v -1.068828 -0.013399 -0.100000
v -1.063844 -0.048195 0.100000
v -1.063844 -0.048195 -0.100000
v -1.057340 -0.082575 0.100000
v -1.057340 -0.082575 -0.100000
v -1.049127 -0.116118 0.100000
v -1.049127 -0.116118 -0.100000
v -1.039014 -0.148401 0.100000
v -1.039014 -0.148401 -0.100000
v -1.026814 -0.179005 0.100000
v -1.026814 -0.179005 -0.100000
v -1.012336 -0.207507 0.100000
v -1.012336 -0.207507 -0.100000
v -0.995392 -0.233487 0.100000
v -0.995392 -0.233487 -0.100000
v -0.990058 -0.240298 0.100000
v -0.990058 -0.240298 -0.100000
v -0.984088 -0.247202 0.100000
v -0.984088 -0.247202 -0.100000
v -0.977547 -0.254068 0.100000
v -0.977547 -0.254068 -0.100000
v -0.970501 -0.260767 0.100000
v -0.970501 -0.260767 -0.100000
v -0.963018 -0.267167 0.100000
v -0.963018 -0.267167 -0.100000
v -0.955165 -0.273137 0.100000
v -0.955165 -0.273137 -0.100000
v -0.947008 -0.278548 0.100000
v -0.947008 -0.278548 -0.100000
v -0.938613 -0.283268 0.100000
v -0.938613 -0.283268 -0.100000
v -0.930047 -0.287166 0.100000
v -0.930047 -0.287166 -0.100000
v -0.921378 -0.290113 0.100000
v -0.921378 -0.290113 -0.100000
v -0.912671 -0.291976 0.100000
v -0.912671 -0.291976 -0.100000
v -0.903994 -0.292627 0.100000
v -0.903994 -0.292627 -0.100000
v -0.894414 -0.291216 0.100000
v -0.894414 -0.291216 -0.100000
v -0.883936 -0.287233 0.100000
v -0.883936 -0.287233 -0.100000
v -0.872876 -0.281046 0.100000
v -0.872876 -0.281046 -0.100000
v -0.861552 -0.273027 0.100000
v -0.861552 -0.273027 -0.100000
v -0.850281 -0.263547 0.100000
v -0.850281 -0.263547 -0.100000
v -0.839382 -0.252976 0.100000
v -0.839382 -0.252976 -0.100000
v -0.829170 -0.241685 0.100000
v -0.829170 -0.241685 -0.100000
v -0.819964 -0.230045 0.100000
v -0.819964 -0.230045 -0.100000
v -0.812080 -0.218426 0.100000
v -0.812080 -0.218426 -0.100000
v -0.805836 -0.207199 0.100000
v -0.805836 -0.207199 -0.100000
v -0.801550 -0.196735 0.100000
v -0.801550 -0.196735 -0.100000
v -0.799539 -0.187404 0.100000
v -0.799539 -0.187404 -0.100000
v -0.804915 -0.175115 0.100000
v -0.804915 -0.175115 -0.100000
v -0.807988 -0.178187 0.100000
v -0.807988 -0.178187 -0.100000
v -0.808211 -0.177405 0.100000
v -0.808211 -0.177405 -0.100000
v -0.808493 -0.176598 0.100000
v -0.808493 -0.176598 -0.100000
v -0.808828 -0.175775 0.100000
v -0.808828 -0.175775 -0.100000
v -0.809211 -0.174945 0.100000
v -0.809211 -0.174945 -0.100000
v -0.809637 -0.174114 0.100000
v -0.809637 -0.174114 -0.100000
v -0.810100 -0.173291 0.100000
v -0.810100 -0.173291 -0.100000
v -0.810595 -0.172484 0.100000
v -0.810595 -0.172484 -0.100000
v -0.811117 -0.171702 0.100000
v -0.811117 -0.171702 -0.100000
v -0.811660 -0.170951 0.100000
v -0.811660 -0.170951 -0.100000
v -0.812219 -0.170240 0.100000
v -0.812219 -0.170240 -0.100000
v -0.812789 -0.169578 0.100000
v -0.812789 -0.169578 -0.100000
v -0.813364 -0.168971 0.100000
v -0.813364 -0.168971 -0.100000
v -0.814102 -0.168249 0.100000
v -0.814102 -0.168249 -0.100000
v -0.814790 -0.167612 0.100000
v -0.814790 -0.167612 -0.100000
v -0.815440 -0.167051 0.100000
v -0.815440 -0.167051 -0.100000
v -0.816066 -0.166553 0.100000
v -0.816066 -0.166553 -0.100000
v -0.816682 -0.166108 0.100000
v -0.816682 -0.166108 -0.100000
v -0.817300 -0.165707 0.100000
v -0.817300 -0.165707 -0.100000
v -0.817935 -0.165337 0.100000
v -0.817935 -0.165337 -0.100000
v -0.818598 -0.164988 0.100000
v -0.818598 -0.164988 -0.100000
v -0.819304 -0.164651 0.100000
v -0.819304 -0.164651 -0.100000
v -0.820067 -0.164313 0.100000
v -0.820067 -0.164313 -0.100000
v -0.820898 -0.163964 0.100000
v -0.820898 -0.163964 -0.100000
v -0.821813 -0.163594 0.100000
v -0.821813 -0.163594 -0.100000
v -0.827889 -0.160612 0.100000
v -0.827889 -0.160612 -0.100000
v -0.833813 -0.157077 0.100000
v -0.833813 -0.157077 -0.100000
v -0.839562 -0.153046 0.100000
v -0.839562 -0.153046 -0.100000
v -0.845110 -0.148575 0.100000
v -0.845110 -0.148575 -0.100000
v -0.850434 -0.143720 0.100000
v -0.850434 -0.143720 -0.100000
v -0.855511 -0.138537 0.100000
v -0.855511 -0.138537 -0.100000
v -0.860315 -0.133082 0.100000
v -0.860315 -0.133082 -0.100000
v -0.864823 -0.127411 0.100000
v -0.864823 -0.127411 -0.100000
v -0.869012 -0.121580 0.100000
v -0.869012 -0.121580 -0.100000
v -0.872856 -0.115645 0.100000
v -0.872856 -0.115645 -0.100000
v -0.876332 -0.109662 0.100000
v -0.876332 -0.109662 -0.100000
v -0.879416 -0.103687 0.100000
v -0.879416 -0.103687 -0.100000
v -0.886651 -0.086842 0.100000
v -0.886651 -0.086842 -0.100000
v -0.892683 -0.069740 0.100000
v -0.892683 -0.069740 -0.100000
v -0.897621 -0.052407 0.100000
v -0.897621 -0.052407 -0.100000
v -0.901576 -0.034875 0.100000
v -0.901576 -0.034875 -0.100000
v -0.904656 -0.017172 0.100000
v -0.904656 -0.017172 -0.100000
v -0.906970 0.000672 0.100000
v -0.906970 0.000672 -0.100000
v -0.908628 0.018628 0.100000
v -0.908628 0.018628 -0.100000
v -0.909740 0.036667 0.100000
v -0.909740 0.036667 -0.100000
v -0.910414 0.054760 0.100000
v -0.910414 0.054760 -0.100000
v -0.910760 0.072876 0.100000
v -0.910760 0.072876 -0.100000
v -0.910888 0.090987 0.100000
v -0.910888 0.090987 -0.100000
v -0.910906 0.109063 0.100000
v -0.910906 0.109063 -0.100000
v -0.910868 0.120734 0.100000
v -0.910868 0.120734 -0.100000
v -0.910789 0.132670 0.100000
v -0.910789 0.132670 -0.100000
v -0.910726 0.144813 0.100000
v -0.910726 0.144813 -0.100000
v -0.910736 0.157109 0.100000
v -0.910736 0.157109 -0.100000
v -0.910873 0.169500 0.100000
v -0.910873 0.169500 -0.100000
v -0.911194 0.181932 0.100000
v -0.911194 0.181932 -0.100000
v -0.911756 0.194347 0.100000
v -0.911756 0.194347 -0.100000
v -0.912613 0.206691 0.100000
v -0.912613 0.206691 -0.100000
v -0.913822 0.218906 0.100000
v -0.913822 0.218906 -0.100000
v -0.915440 0.230937 0.100000
v -0.915440 0.230937 -0.100000
v -0.917521 0.242729 0.100000
v -0.917521 0.242729 -0.100000
v -0.920123 0.254224 0.100000
v -0.920123 0.254224 -0.100000
v -0.921358 0.258620 0.100000
v -0.921358 0.258620 -0.100000
v -0.922772 0.262957 0.100000
v -0.922772 0.262957 -0.100000
v -0.924383 0.267209 0.100000
v -0.924383 0.267209 -0.100000
v -0.926210 0.271349 0.100000
v -0.926210 0.271349 -0.100000
v -0.928272 0.275350 0.100000
v -0.928272 0.275350 -0.100000
v -0.930588 0.279186 0.100000
v -0.930588 0.279186 -0.100000
v -0.933175 0.282830 0.100000
v -0.933175 0.282830 -0.100000
v -0.936053 0.286255 0.100000
v -0.936053 0.286255 -0.100000
v -0.939240 0.289435 0.100000
v -0.939240 0.289435 -0.100000
v -0.942755 0.292342 0.100000
v -0.942755 0.292342 -0.100000
v -0.946617 0.294951 0.100000
v -0.946617 0.294951 -0.100000
v -0.950845 0.297235 0.100000
v -0.950845 0.297235 -0.100000
v -0.955868 0.299337 0.100000
v -0.955868 0.299337 -0.100000
v -0.960950 0.301061 0.100000
v -0.960950 0.301061 -0.100000
v -0.966086 0.302443 0.100000
v -0.966086 0.302443 -0.100000
v -0.971269 0.303522 0.100000
v -0.971269 0.303522 -0.100000
v -0.976495 0.304333 0.100000
v -0.976495 0.304333 -0.100000
v -0.981759 0.304915 0.100000
v -0.981759 0.304915 -0.100000
v -0.987054 0.305306 0.100000
v -0.987054 0.305306 -0.100000
v -0.992376 0.305541 0.100000
v -0.992376 0.305541 -0.100000
v -0.997720 0.305660 0.100000
v -0.997720 0.305660 -0.100000
v -1.003079 0.305698 0.100000
v -1.003079 0.305698 -0.100000
v -1.008449 0.305693 0.100000
v -1.008449 0.305693 -0.100000
v -1.013825 0.305684 0.100000
v -1.013825 0.305684 -0.100000
v -1.025082 0.305413 0.100000
v -1.025082 0.305413 -0.100000
v -1.035081 0.304546 0.100000
v -1.035081 0.304546 -0.100000
v -1.043875 0.302995 0.100000
v -1.043875 0.302995 -0.100000
v -1.051516 0.300677 0.100000
v -1.051516 0.300677 -0.100000
v -1.058059 0.297505 0.100000
v -1.058059 0.297505 -0.100000
v -1.063556 0.293395 0.100000
v -1.063556 0.293395 -0.100000
v -1.068061 0.288260 0.100000
v -1.068061 0.288260 -0.100000
v -1.071628 0.282016 0.100000
v -1.071628 0.282016 -0.100000
v -1.074309 0.274578 0.100000
v -1.074309 0.274578 -0.100000
v -1.076158 0.265859 0.100000
v -1.076158 0.265859 -0.100000
v -1.077228 0.255775 0.100000
v -1.077228 0.255775 -0.100000
v -1.077573 0.244240 0.100000
v -1.077573 0.244240 -0.100000
v -1.077573 0.152074 0.100000
v -1.077573 0.152074 -0.100000
vn -0.0000 -0.0000 -1.0000
vn -0.0000 -0.0000 1.0000
vn 0.9850 0.1725 -0.0000
vn 0.9885 0.1512 -0.0000
vn 0.9824 0.1866 -0.0000
vn 0.9811 0.1936 -0.0000
vn 0.9811 0.1934 -0.0000
vn 0.9826 0.1860 -0.0000
vn 0.9811 0.1933 -0.0000
vn 0.9852 0.1714 -0.0000
vn 0.9826 0.1859 -0.0000
vn 0.9887 0.1499 -0.0000
vn 0.9926 0.1215 -0.0000
vn 0.9962 0.0866 -0.0000
vn 0.9990 0.0456 -0.0000
vn 0.9985 -0.0545 -0.0000
vn 0.9625 -0.2713 -0.0000
vn 0.9985 -0.0546 -0.0000
vn 0.8519 -0.5238 -0.0000
vn 0.9625 -0.2714 -0.0000
vn 0.6986 -0.7156 -0.0000
vn 0.5444 -0.8388 -0.0000
vn 0.4123 -0.9110 -0.0000
vn 0.3064 -0.9519 -0.0000
vn 0.2231 -0.9748 -0.0000
vn 0.1574 -0.9875 -0.0000
vn 0.1052 -0.9945 -0.0000
vn 0.0631 -0.9980 -0.0000
vn 0.0290 -0.9996 -0.0000
vn 0.0040 -1.0000 -0.0000
vn -0.0107 -0.9999 -0.0000
vn -0.0200 -0.9998 -0.0000
vn -0.0273 -0.9996 -0.0000
vn -0.0327 -0.9995 -0.0000
vn -0.0361 -0.9993 -0.0000
vn -0.0374 -0.9993 -0.0000
vn -0.0365 -0.9993 -0.0000
vn -0.0335 -0.9994 -0.0000
vn -0.0283 -0.9996 -0.0000
vn -0.0210 -0.9998 -0.0000
vn -0.0114 -0.9999 -0.0000
vn -0.0000 -1.0000 -0.0000
vn 0.0097 -1.0000 -0.0000
vn 0.0139 -0.9999 -0.0000
vn 0.0113 -0.9999 -0.0000
vn 0.0020 -1.0000 -0.0000
vn -0.0139 -0.9999 -0.0000
vn -0.0366 -0.9993 -0.0000
vn -0.0660 -0.9978 -0.0000
vn -0.1022 -0.9948 -0.0000
vn -0.1450 -0.9894 -0.0000
vn -0.1942 -0.9810 -0.0000
vn -0.2490 -0.9685 -0.0000
vn -0.3627 -0.9319 -0.0000
vn -0.5373 -0.8434 -0.0000
vn -0.6728 -0.7398 -0.0000
vn -0.7451 -0.6670 -0.0000
vn -0.7827 -0.6224 -0.0000
vn -0.7992 -0.6011 -0.0000
vn -0.8000 -0.6000 -0.0000
vn -0.7853 -0.6191 -0.0000
vn -0.7508 -0.6606 -0.0000
vn -0.6843 -0.7292 -0.0000
vn -0.5607 -0.8280 -0.0000
vn -0.3372 -0.9415 -0.0000
vn -0.0349 -0.9994 -0.0000
vn -0.3372 -0.9414 -0.0000
vn 0.2035 -0.9791 -0.0000
vn 0.3373 -0.9414 -0.0000
vn 0.4269 -0.9043 -0.0000
vn 0.4948 -0.8690 -0.0000
vn 0.5524 -0.8336 -0.0000
vn 0.6062 -0.7953 -0.0000
vn 0.6611 -0.7503 -0.0000
vn 0.7212 -0.6927 -0.0000
vn 0.7906 -0.6123 -0.0000
vn 0.8715 -0.4903 -0.0000
vn 0.9559 -0.2936 -0.0000
vn 0.9993 -0.0361 -0.0000
vn 0.9862 0.1657 -0.0000
vn 0.9608 0.2771 -0.0000
vn 0.9862 0.1656 -0.0000
vn 0.9369 0.3497 -0.0000
vn 0.9609 0.2771 -0.0000
vn 0.9165 0.4001 -0.0000
vn 0.9368 0.3498 -0.0000
vn 0.8995 0.4369 -0.0000
vn 0.9164 0.4003 -0.0000
vn 0.8854 0.4648 -0.0000
vn 0.8995 0.4370 -0.0000
vn 0.8735 0.4868 -0.0000
vn 0.8854 0.4649 -0.0000
vn 0.8633 0.5048 -0.0000
vn 0.8544 0.5196 -0.0000
vn 0.8633 0.5047 -0.0000
vn 0.8465 0.5324 -0.0000
vn 0.8392 0.5438 -0.0000
vn 0.8380 0.5456 -0.0000
vn 0.8335 0.5526 -0.0000
vn 0.8204 0.5718 -0.0000
vn 0.8094 0.5873 -0.0000
vn 0.8204 0.5717 -0.0000
vn 0.8004 0.5995 -0.0000
vn 0.7933 0.6088 -0.0000
vn 0.8003 0.5996 -0.0000
vn 0.7883 0.6152 -0.0000
vn 0.7934 0.6087 -0.0000
vn 0.7854 0.6190 -0.0000
vn 0.7884 0.6152 -0.0000
vn 0.7844 0.6203 -0.0000
vn 0.7853 0.6191 -0.0000
vn 0.7883 0.6153 -0.0000
vn 0.7982 0.6024 -0.0000
vn 0.8050 0.5933 -0.0000
vn 0.8152 0.5792 -0.0000
vn 0.8258 0.5640 -0.0000
vn 0.8367 0.5476 -0.0000
vn 0.8480 0.5299 -0.0000
vn 0.8596 0.5110 -0.0000
vn 0.8713 0.4908 -0.0000
vn 0.8831 0.4692 -0.0000
vn 0.8949 0.4463 -0.0000
vn 0.9066 0.4220 -0.0000
vn 0.9181 0.3964 -0.0000
vn 0.9314 0.3639 -0.0000
vn 0.9421 0.3353 -0.0000
vn 0.9461 0.3238 -0.0000
vn 0.9456 0.3254 -0.0000
vn 0.9408 0.3390 -0.0000
vn 0.9456 0.3253 -0.0000
vn 0.9313 0.3644 -0.0000
vn 0.9157 0.4018 -0.0000
vn 0.8921 0.4518 -0.0000
vn 0.8572 0.5150 -0.0000
vn 0.8066 0.5910 -0.0000
vn 0.7352 0.6779 -0.0000
vn 0.8067 0.5910 -0.0000
vn 0.6378 0.7702 -0.0000
vn 0.5282 0.8491 -0.0000
vn 0.4380 0.8990 -0.0000
vn 0.3658 0.9307 -0.0000
vn 0.2961 0.9552 -0.0000
vn 0.2312 0.9729 -0.0000
vn 0.1728 0.9849 -0.0000
vn 0.1223 0.9925 -0.0000
vn 0.0803 0.9968 -0.0000
vn 0.0470 0.9989 -0.0000
vn 0.0227 0.9997 -0.0000
vn 0.0070 1.0000 -0.0000
vn -0.0000 1.0000 -0.0000
vn -0.0001 1.0000 -0.0000
vn -0.0044 1.0000 -0.0000
vn -0.0288 0.9996 -0.0000
vn -0.0849 0.9964 -0.0000
vn -0.1842 0.9829 -0.0000
vn -0.3365 0.9417 -0.0000
vn -0.5347 0.8450 -0.0000
vn -0.7357 0.6773 -0.0000
vn -0.8837 0.4681 -0.0000
vn -0.9619 0.2734 -0.0000
vn -0.9923 0.1237 -0.0000
vn -0.9998 0.0188 -0.0000
vn -0.8271 0.5620 -0.0000
vn -0.2647 0.9643 -0.0000
vn -0.1420 0.9899 -0.0000
vn -0.0807 0.9967 -0.0000
vn -0.0466 0.9989 -0.0000
vn -0.0275 0.9996 -0.0000
vn -0.0184 0.9998 -0.0000
vn -0.0171 0.9999 -0.0000
vn -0.0237 0.9997 -0.0000
vn -0.0398 0.9992 -0.0000
vn -0.0702 0.9975 -0.0000
vn -0.1267 0.9919 -0.0000
vn -0.7627 0.6468 -0.0000
vn -0.7720 0.6356 -0.0000
vn -0.2669 0.9637 -0.0000
vn -0.4287 0.9035 -0.0000
vn -0.6043 0.7968 -0.0000
vn -0.7647 0.6444 -0.0000
vn -0.8827 0.4700 -0.0000
vn -0.9518 0.3067 -0.0000
vn -0.9844 0.1758 -0.0000
vn -0.9966 0.0823 -0.0000
vn -0.9997 0.0230 -0.0000
vn -1.0000 -0.0074 -0.0000
vn -0.9999 -0.0130 -0.0000
vn -0.9998 -0.0208 -0.0000
vn -0.9979 -0.0651 -0.0000
vn -0.9908 -0.1354 -0.0000
vn -0.9774 -0.2116 -0.0000
vn -0.9561 -0.2931 -0.0000
vn -0.9255 -0.3788 -0.0000
vn -0.8843 -0.4669 -0.0000
vn -0.8320 -0.5548 -0.0000
vn -0.7687 -0.6396 -0.0000
vn -0.6958 -0.7182 -0.0000
vn -0.6155 -0.7881 -0.0000
vn -0.5308 -0.8475 -0.0000
vn -0.4556 -0.8902 -0.0000
vn -0.4071 -0.9134 -0.0000
vn -0.3759 -0.9267 -0.0000
vn -0.3479 -0.9376 -0.0000
vn -0.3214 -0.9470 -0.0000
vn -0.3479 -0.9375 -0.0000
vn -0.2951 -0.9555 -0.0000
vn -0.2680 -0.9634 -0.0000
vn -0.2389 -0.9710 -0.0000
vn -0.2064 -0.9785 -0.0000
vn -0.1689 -0.9856 -0.0000
vn -0.1240 -0.9923 -0.0000
vn -0.0684 -0.9977 -0.0000
vn 0.0179 -0.9998 -0.0000
vn -0.0683 -0.9977 -0.0000
vn 0.1527 -0.9883 -0.0000
vn 0.3148 -0.9492 -0.0000
vn 0.4755 -0.8797 -0.0000
vn 0.6204 -0.7843 -0.0000
vn 0.7395 -0.6731 -0.0000
vn 0.6204 -0.7842 -0.0000
vn 0.8297 -0.5582 -0.0000
vn 0.8937 -0.4487 -0.0000
vn 0.9369 -0.3495 -0.0000
vn 0.9650 -0.2621 -0.0000
vn 0.9825 -0.1861 -0.0000
vn 0.9928 -0.1202 -0.0000
vn 0.9356 0.3531 -0.0000
vn 0.5904 0.8071 -0.0000
vn 0.4232 0.9061 -0.0000
vn 0.3278 0.9447 -0.0000
vn 0.4232 0.9060 -0.0000
vn 0.2751 0.9614 -0.0000
vn 0.2497 0.9683 -0.0000
vn 0.2454 0.9694 -0.0000
vn 0.2620 0.9651 -0.0000
vn 0.3048 0.9524 -0.0000
vn 0.3888 0.9213 -0.0000
vn 0.5480 0.8365 -0.0000
vn 0.8174 0.5761 -0.0000
vn 0.9992 0.0402 -0.0000
vn 0.8789 -0.4770 -0.0000
vn 0.6688 -0.7434 -0.0000
vn 0.5212 -0.8534 -0.0000
vn 0.4392 -0.8984 -0.0000
vn 0.4018 -0.9157 -0.0000
vn 0.4391 -0.8984 -0.0000
vn 0.3977 -0.9175 -0.0000
vn 0.4235 -0.9059 -0.0000
vn 0.4830 -0.8756 -0.0000
vn 0.5854 -0.8108 -0.0000
vn 0.7391 -0.6736 -0.0000
vn 0.5854 -0.8107 -0.0000
vn 0.9151 -0.4033 -0.0000
vn 0.9986 -0.0536 -0.0000
vn 0.9819 0.1892 -0.0000
vn 0.9986 -0.0537 -0.0000
vn 0.9496 0.3135 -0.0000
vn 0.9175 0.3978 -0.0000
vn 0.8863 0.4630 -0.0000
vn 0.8543 0.5198 -0.0000
vn 0.8187 0.5743 -0.0000
vn 0.7756 0.6313 -0.0000
vn 0.7189 0.6952 -0.0000
vn 0.6376 0.7703 -0.0000
vn 0.7188 0.6952 -0.0000
vn 0.5117 0.8592 -0.0000
vn 0.3060 0.9520 -0.0000
vn 0.0462 0.9989 -0.0000
vn -0.1494 0.9888 -0.0000
vn -0.2614 0.9652 -0.0000
vn -0.3392 0.9407 -0.0000
vn -0.3923 0.9198 -0.0000
vn -0.4268 0.9043 -0.0000
vn -0.4462 0.8949 -0.0000
vn -0.4516 0.8922 -0.0000
vn -0.4416 0.8972 -0.0000
vn -0.4112 0.9115 -0.0000
vn -0.3481 0.9374 -0.0000
vn -0.2229 0.9748 -0.0000
vn -0.3481 0.9375 -0.0000
vn -0.0393 0.9992 -0.0000
vn 0.1387 0.9903 -0.0000
vn 0.3193 0.9477 -0.0000
vn 0.5322 0.8466 -0.0000
vn 0.7303 0.6831 -0.0000
vn 0.8669 0.4984 -0.0000
vn 0.9378 0.3472 -0.0000
vn 0.9670 0.2547 -0.0000
vn 0.9378 0.3471 -0.0000
vn 0.9753 0.2208 -0.0000
vn 0.9713 0.2379 -0.0000
vn 0.9545 0.2984 -0.0000
vn 0.9192 0.3939 -0.0000
vn 0.9544 0.2984 -0.0000
vn 1.0000 0.0006 -0.0000
vn 0.9191 0.3939 -0.0000
vn 0.9869 -0.1615 -0.0000
vn -0.2840 -0.9588 -0.0000
vn -0.3243 -0.9460 -0.0000
vn -0.2555 -0.9668 -0.0000
vn -0.2422 -0.9702 -0.0000
vn -0.2472 -0.9690 -0.0000
vn -0.2727 -0.9621 -0.0000
vn -0.3193 -0.9476 -0.0000
vn -0.3855 -0.9227 -0.0000
vn -0.4666 -0.8845 -0.0000
vn -0.5547 -0.8320 -0.0000
vn -0.6412 -0.7674 -0.0000
vn -0.7397 -0.6730 -0.0000
vn -0.8451 -0.5345 -0.0000
vn -0.9223 -0.3864 -0.0000
vn -0.9657 -0.2596 -0.0000
vn -0.9874 -0.1580 -0.0000
vn -0.9968 -0.0799 -0.0000
vn -0.9998 -0.0219 -0.0000
vn -0.9998 0.0191 -0.0000
vn -0.9990 0.0452 -0.0000
vn -0.9984 0.0573 -0.0000
vn -0.9985 0.0551 -0.0000
vn -0.9993 0.0361 -0.0000
vn -0.9996 0.0296 -0.0000
vn -0.9983 0.0576 -0.0000
vn -0.9964 0.0851 -0.0000
vn -0.9958 0.0913 -0.0000
vn -0.9965 0.0832 -0.0000
vn -0.9981 0.0624 -0.0000
vn -0.9996 0.0275 -0.0000
vn -0.9997 -0.0257 -0.0000
vn -0.9944 -0.1056 -0.0000
vn -0.9740 -0.2267 -0.0000
vn -0.9118 -0.4106 -0.0000
vn -0.7473 -0.6645 -0.0000
vn -0.5027 -0.8644 -0.0000
vn -0.3444 -0.9388 -0.0000
vn -0.2684 -0.9633 -0.0000
vn -0.1990 -0.9800 -0.0000
vn -0.1369 -0.9906 -0.0000
vn -0.1989 -0.9800 -0.0000
vn -0.0829 -0.9966 -0.0000
vn -0.0371 -0.9993 -0.0000
vn 0.0001 -1.0000 -0.0000
vn 0.0280 -0.9996 -0.0000
vn 0.0455 -0.9990 -0.0000
vn 0.0500 -0.9988 -0.0000
vn 0.0362 -0.9993 -0.0000
vn 0.0010 -1.0000 -0.0000
vn 0.0107 -0.9999 -0.0000
vn 0.0314 -0.9995 -0.0000
vn 0.0636 -0.9980 -0.0000
vn 0.1075 -0.9942 -0.0000
vn 0.1633 -0.9866 -0.0000
vn 0.2301 -0.9732 -0.0000
vn 0.3063 -0.9519 -0.0000
vn 0.3891 -0.9212 -0.0000
vn 0.4746 -0.8802 -0.0000
vn 0.5585 -0.8295 -0.0000
vn 0.6896 -0.7242 -0.0000
vn 0.8474 -0.5310 -0.0000
vn 0.9381 -0.3463 -0.0000
vn 0.8473 -0.5310 -0.0000
vn 0.9732 -0.2299 -0.0000
vn 0.9881 -0.1540 -0.0000
vn 0.9948 -0.1018 -0.0000
vn 0.9979 -0.0645 -0.0000
vn 0.9993 -0.0371 -0.0000
vn 0.9999 -0.0169 -0.0000
vn 1.0000 -0.0026 -0.0000
vn 1.0000 0.0062 -0.0000
vn 1.0000 0.0078 -0.0000
vn 1.0000 0.0070 -0.0000
vn 1.0000 0.0073 -0.0000
vn 1.0000 -0.0020 -0.0000
vn 0.9996 -0.0294 -0.0000
vn 0.9971 -0.0759 -0.0000
vn 0.9893 -0.1462 -0.0000
vn 0.9686 -0.2485 -0.0000
vn 0.9193 -0.3936 -0.0000
vn 0.8099 -0.5866 -0.0000
vn 0.9193 -0.3937 -0.0000
vn 0.6012 -0.7991 -0.0000
vn 0.2976 -0.9547 -0.0000
vn -0.0164 -0.9999 -0.0000
vn -0.2410 -0.9705 -0.0000
vn -0.3563 -0.9344 -0.0000
vn -0.4121 -0.9111 -0.0000
vn -0.4429 -0.8966 -0.0000
vn -0.4540 -0.8910 -0.0000
vn -0.4393 -0.8983 -0.0000
vn -0.4115 -0.9114 -0.0000
vn -0.3693 -0.9293 -0.0000
vn -0.3099 -0.9508 -0.0000
vn -0.2302 -0.9731 -0.0000
vn -0.1263 -0.9920 -0.0000
vn 0.0395 -0.9992 -0.0000
vn 0.2802 -0.9599 -0.0000
vn 0.5087 -0.8609 -0.0000
vn 0.6690 -0.7432 -0.0000
vn 0.7749 -0.6321 -0.0000
vn 0.8446 -0.5354 -0.0000
vn 0.8918 -0.4523 -0.0000
vn 0.9253 -0.3793 -0.0000
vn 0.8919 -0.4523 -0.0000
vn 0.9500 -0.3124 -0.0000
vn 0.9690 -0.2471 -0.0000
vn 0.9840 -0.1784 -0.0000
vn 0.9951 -0.0985 -0.0000
vn 0.9999 -0.0119 -0.0000
vn 0.9981 0.0621 -0.0000
vn 0.9922 0.1250 -0.0000
vn 0.9821 0.1886 -0.0000
vn 0.9922 0.1249 -0.0000
vn 0.9676 0.2526 -0.0000
vn 0.9821 0.1885 -0.0000
vn 0.9485 0.3169 -0.0000
vn 0.9246 0.3809 -0.0000
vn 0.8958 0.4444 -0.0000
vn 0.8621 0.5067 -0.0000
vn 0.8236 0.5672 -0.0000
vn 0.7802 0.6255 -0.0000
vn 0.8235 0.5673 -0.0000
vn 0.7324 0.6809 -0.0000
vn 0.5922 0.8058 -0.0000
vn 0.7323 0.6809 -0.0000
vn 0.4138 0.9104 -0.0000
vn 0.3468 0.9379 -0.0000
vn 0.3242 0.9460 -0.0000
vn 0.3132 0.9497 -0.0000
vn 0.3071 0.9517 -0.0000
vn 0.3039 0.9527 -0.0000
vn 0.3026 0.9531 -0.0000
vn 0.3033 0.9529 -0.0000
vn 0.3063 0.9519 -0.0000
vn 0.3133 0.9497 -0.0000
vn 0.3297 0.9441 -0.0000
vn 0.3613 0.9324 -0.0000
vn 0.3943 0.9190 -0.0000
vn 0.4193 0.9079 -0.0000
vn 0.4416 0.8972 -0.0000
vn 0.4614 0.8872 -0.0000
vn 0.4788 0.8779 -0.0000
vn 0.4938 0.8696 -0.0000
vn 0.5065 0.8622 -0.0000
vn 0.5169 0.8560 -0.0000
vn 0.5252 0.8510 -0.0000
vn 0.5313 0.8472 -0.0000
vn 0.5354 0.8446 -0.0000
vn -0.4812 0.8766 -0.0000
vn -0.4703 0.8825 -0.0000
vn 0.5580 0.8298 -0.0000
vn 0.5564 0.8309 -0.0000
vn 0.5505 0.8348 -0.0000
vn 0.5411 0.8410 -0.0000
vn 0.5279 0.8493 -0.0000
vn 0.5101 0.8601 -0.0000
vn 0.4859 0.8740 -0.0000
vn 0.4523 0.8919 -0.0000
vn 0.4036 0.9149 -0.0000
vn 0.3286 0.9445 -0.0000
vn 0.2033 0.9791 -0.0000
vn -0.0182 0.9998 -0.0000
vn -0.2698 0.9629 -0.0000
vn -0.4434 0.8963 -0.0000
vn -0.2699 0.9629 -0.0000
vn -0.5499 0.8352 -0.0000
vn -0.6213 0.7836 -0.0000
vn -0.6739 0.7388 -0.0000
vn -0.7162 0.6978 -0.0000
vn -0.7535 0.6575 -0.0000
vn -0.7163 0.6978 -0.0000
vn -0.7892 0.6141 -0.0000
vn -0.8266 0.5627 -0.0000
vn -0.8692 0.4945 -0.0000
vn -0.9203 0.3913 -0.0000
vn -0.9664 0.2571 -0.0000
vn -0.9922 0.1250 -0.0000
vn -0.9999 -0.0121 -0.0000
vn -0.9846 -0.1751 -0.0000
vn -0.9353 -0.3539 -0.0000
vn -0.8486 -0.5290 -0.0000
vn -0.7338 -0.6793 -0.0000
vn -0.6089 -0.7933 -0.0000
vn -0.4906 -0.8714 -0.0000
vn -0.3884 -0.9215 -0.0000
vn -0.3051 -0.9523 -0.0000
vn -0.2399 -0.9708 -0.0000
vn -0.2798 -0.9600 -0.0000
vn -0.1754 0.9845 -0.0000
vn -0.1893 0.9819 -0.0000
vn -0.1709 0.9853 -0.0000
vn -0.1742 0.9847 -0.0000
vn -0.1846 0.9828 -0.0000
vn -0.2023 0.9793 -0.0000
vn -0.2284 0.9736 -0.0000
vn -0.2645 0.9644 -0.0000
vn -0.3136 0.9496 -0.0000
vn -0.3801 0.9250 -0.0000
vn -0.4702 0.8826 -0.0000
vn -0.5757 0.8176 -0.0000
vn -0.6749 0.7379 -0.0000
vn -0.7612 0.6486 -0.0000
vn -0.8354 0.5497 -0.0000
vn -0.8944 0.4473 -0.0000
vn -0.9376 0.3478 -0.0000
vn -0.9665 0.2565 -0.0000
vn -0.9842 0.1769 -0.0000
vn -0.9666 0.2565 -0.0000
vn -0.9938 0.1111 -0.0000
vn -0.9982 0.0600 -0.0000
vn -0.9997 0.0243 -0.0000
vn -1.0000 0.0049 -0.0000
vn -0.9997 -0.0234 -0.0000
vn -0.9957 -0.0923 -0.0000
vn -0.9827 -0.1853 -0.0000
vn -0.9600 -0.2802 -0.0000
vn -0.9259 -0.3777 -0.0000
vn -0.9599 -0.2802 -0.0000
vn -0.8783 -0.4781 -0.0000
vn -0.8143 -0.5804 -0.0000
vn -0.7313 -0.6821 -0.0000
vn -0.6275 -0.7786 -0.0000
vn -0.5035 -0.8640 -0.0000
vn -0.6275 -0.7787 -0.0000
vn -0.3632 -0.9317 -0.0000
vn -0.2137 -0.9769 -0.0000
vn -0.0428 -0.9991 -0.0000
vn 0.0984 -0.9951 -0.0000
vn 0.1810 -0.9835 -0.0000
vn 0.2439 -0.9698 -0.0000
vn 0.2875 -0.9578 -0.0000
vn 0.3129 -0.9498 -0.0000
vn 0.3208 -0.9471 -0.0000
vn 0.3118 -0.9502 -0.0000
vn 0.2855 -0.9584 -0.0000
vn 0.2412 -0.9705 -0.0000
vn 0.1783 -0.9840 -0.0000
vn 0.0966 -0.9953 -0.0000
vn -0.0656 -0.9978 -0.0000
vn -0.3594 -0.9332 -0.0000
vn -0.6474 -0.7621 -0.0000
vn -0.8208 -0.5712 -0.0000
vn -0.9102 -0.4142 -0.0000
vn -0.8208 -0.5711 -0.0000
vn -0.9547 -0.2976 -0.0000
vn -0.9773 -0.2120 -0.0000
vn -0.9889 -0.1483 -0.0000
vn -0.9950 -0.1001 -0.0000
vn -0.9980 -0.0629 -0.0000
vn -0.9994 -0.0345 -0.0000
vn -0.9999 -0.0138 -0.0000
vn -1.0000 0.0022 -0.0000
vn -0.9998 0.0186 -0.0000
vn -0.9994 0.0344 -0.0000
vn -0.9989 0.0467 -0.0000
vn -0.9985 0.0555 -0.0000
vn -0.9981 0.0608 -0.0000
vn -0.9980 0.0626 -0.0000
vn -0.9998 -0.0190 -0.0000
vn -0.9946 -0.1040 -0.0000
vn -0.9738 -0.2272 -0.0000
vn -0.9292 -0.3697 -0.0000
vn -0.8527 -0.5224 -0.0000
vn -0.7432 -0.6690 -0.0000
vn -0.6099 -0.7925 -0.0000
vn -0.4695 -0.8829 -0.0000
vn -0.3380 -0.9411 -0.0000
vn -0.2246 -0.9744 -0.0000
vn -0.1320 -0.9913 -0.0000
vn -0.0587 -0.9983 -0.0000
vn -0.0127 -0.9999 -0.0000
vn 0.0046 -1.0000 -0.0000
vn 0.0151 -0.9999 -0.0000
vn 0.0329 -0.9995 -0.0000
vn 0.0584 -0.9983 -0.0000
vn 0.0924 -0.9957 -0.0000
vn 0.1358 -0.9907 -0.0000
vn 0.1895 -0.9819 -0.0000
vn 0.2544 -0.9671 -0.0000
vn 0.3311 -0.9436 -0.0000
vn 0.4191 -0.9080 -0.0000
vn 0.5161 -0.8565 -0.0000
vn 0.6602 -0.7511 -0.0000
vn 0.8201 -0.5723 -0.0000
vn 0.9165 -0.4000 -0.0000
vn 0.9603 -0.2790 -0.0000
vn 0.9809 -0.1943 -0.0000
vn 0.9910 -0.1337 -0.0000
vn 0.9960 -0.0891 -0.0000
vn 0.9984 -0.0557 -0.0000
vn 0.9995 -0.0307 -0.0000
vn 0.9999 -0.0125 -0.0000
vn 1.0000 -0.0006 -0.0000
vn 1.0000 0.0040 -0.0000
vn 1.0000 -0.0025 -0.0000
vn 0.9999 -0.0124 -0.0000
vn 0.9999 -0.0137 -0.0000
vn 1.0000 -0.0067 -0.0000
vn 1.0000 0.0068 -0.0000
vn 0.9996 0.0268 -0.0000
vn 0.9985 0.0544 -0.0000
vn 0.9957 0.0922 -0.0000
vn 0.9895 0.1448 -0.0000
vn 0.9754 0.2202 -0.0000
vn 0.9430 0.3327 -0.0000
vn 0.8632 0.5049 -0.0000
vn 0.7169 0.6971 -0.0000
vn 0.5705 0.8213 -0.0000
vn 0.4612 0.8873 -0.0000
vn 0.3627 0.9319 -0.0000
vn 0.2778 0.9606 -0.0000
vn 0.2067 0.9784 -0.0000
vn 0.1484 0.9889 -0.0000
vn 0.1015 0.9948 -0.0000
vn 0.0647 0.9979 -0.0000
vn 0.0368 0.9993 -0.0000
vn 0.0172 0.9999 -0.0000
vn 0.0053 1.0000 -0.0000
vn -0.0323 0.9995 -0.0000
vn -0.1413 0.9900 -0.0000
vn -0.3002 0.9539 -0.0000
vn -0.4683 0.8836 -0.0000
vn -0.6275 0.7786 -0.0000
vn -0.7603 0.6496 -0.0000
vn -0.8581 0.5136 -0.0000
vn -0.9227 0.3856 -0.0000
vn -0.9617 0.2741 -0.0000
vn -0.9834 0.1815 -0.0000
vn -0.9943 0.1068 -0.0000
vn -0.9989 0.0477 -0.0000
vn -1.0000 0.0038 -0.0000
vn -0.9996 -0.0266 -0.0000
vn -0.9988 -0.0493 -0.0000
vn -0.9977 -0.0671 -0.0000
vn -0.9978 -0.0670 -0.0000
vn -0.9961 -0.0877 -0.0000
vn -0.9959 -0.0905 -0.0000
vn -0.9961 -0.0882 -0.0000
vn -0.9967 -0.0808 -0.0000
vn -0.9977 -0.0683 -0.0000
vn -0.9987 -0.0505 -0.0000
vn -0.9996 -0.0274 -0.0000
vn -0.9994 0.0359 -0.0000
vn -0.9827 0.1851 -0.0000
vn -0.9222 0.3868 -0.0000
vn -0.8150 0.5795 -0.0000
vn -0.6792 0.7339 -0.0000
vn -0.5433 0.8395 -0.0000
vn -0.4281 0.9037 -0.0000
vn -0.3416 0.9398 -0.0000
vn -0.2843 0.9587 -0.0000
vn -0.2542 0.9672 -0.0000
vn -0.2498 0.9683 -0.0000
vn -0.2715 0.9624 -0.0000
vn -0.2442 0.9697 -0.0000
vn 0.9999 0.0116 -0.0000
vn 0.9999 0.0124 -0.0000
vn 0.9999 0.0147 -0.0000
vn 0.9998 0.0208 -0.0000
vn 0.9996 0.0297 -0.0000
vn 0.9998 0.0207 -0.0000
vn 0.9991 0.0420 -0.0000
vn 0.9983 0.0588 -0.0000
vn 0.9966 0.0821 -0.0000
vn 0.9932 0.1160 -0.0000
vn 0.9857 0.1686 -0.0000
vn 0.9658 0.2591 -0.0000
vn 0.9191 0.3941 -0.0000
vn 0.8582 0.5134 -0.0000
vn 0.7978 0.6029 -0.0000
vn 0.8582 0.5133 -0.0000
vn 0.7206 0.6933 -0.0000
vn 0.7978 0.6030 -0.0000
vn 0.6283 0.7780 -0.0000
vn 0.5255 0.8508 -0.0000
vn 0.4197 0.9077 -0.0000
vn 0.3183 0.9480 -0.0000
vn 0.2272 0.9738 -0.0000
vn 0.1497 0.9887 -0.0000
vn 0.0867 0.9962 -0.0000
vn 0.0378 0.9993 -0.0000
vn 0.0076 1.0000 -0.0000
vn -0.0062 1.0000 -0.0000
vn -0.0203 0.9998 -0.0000
vn -0.0442 0.9990 -0.0000
vn -0.0784 0.9969 -0.0000
vn -0.1230 0.9924 -0.0000
vn -0.1778 0.9841 -0.0000
vn -0.2423 0.9702 -0.0000
vn -0.3148 0.9492 -0.0000
vn -0.3931 0.9195 -0.0000
vn -0.3148 0.9491 -0.0000
vn -0.4740 0.8805 -0.0000
vn -0.5538 0.8326 -0.0000
vn -0.6810 0.7323 -0.0000
vn -0.8357 0.5492 -0.0000
vn -0.9279 0.3729 -0.0000
vn -0.9660 0.2584 -0.0000
vn -0.9833 0.1819 -0.0000
vn -0.9917 0.1283 -0.0000
vn -0.9960 0.0893 -0.0000
vn -0.9982 0.0601 -0.0000
vn -0.9993 0.0378 -0.0000
vn -0.9998 0.0209 -0.0000
vn -1.0000 0.0086 -0.0000
vn -1.0000 0.0015 -0.0000
vn -1.0000 0.0087 -0.0000
vn -1.0000 0.0028 -0.0000
vn -0.9999 0.0117 -0.0000
vn -0.9998 0.0216 -0.0000
vn -0.9996 0.0292 -0.0000
vn -0.9994 0.0347 -0.0000
vn -0.9993 0.0380 -0.0000
vn -0.9992 0.0391 -0.0000
vn -0.9998 0.0215 -0.0000
vn -1.0000 0.0088 -0.0000
vn -0.9997 0.0238 -0.0000
vn -1.0000 0.0089 -0.0000
vn -0.9987 0.0512 -0.0000
vn -0.9997 0.0240 -0.0000
vn -0.9964 0.0846 -0.0000
vn -0.9987 0.0513 -0.0000
vn -0.9920 0.1260 -0.0000
vn -0.9840 0.1784 -0.0000
vn -0.9692 0.2461 -0.0000
vn -0.9421 0.3354 -0.0000
vn -0.9693 0.2461 -0.0000
vn -0.8909 0.4542 -0.0000
vn -0.7935 0.6086 -0.0000
vn -0.6156 0.7881 -0.0000
vn -0.3368 0.9416 -0.0000
vn -0.6156 0.7880 -0.0000
vn -0.0499 0.9988 -0.0000
vn 0.1381 0.9904 -0.0000
vn 0.2656 0.9641 -0.0000
vn 0.3752 0.9269 -0.0000
vn 0.4645 0.8856 -0.0000
vn 0.3752 0.9270 -0.0000
vn 0.5340 0.8455 -0.0000
vn 0.5859 0.8104 -0.0000
vn 0.5341 0.8454 -0.0000
vn 0.6227 0.7825 -0.0000
vn 0.5860 0.8103 -0.0000
vn 0.6462 0.7631 -0.0000
vn 0.6226 0.7825 -0.0000
vn 0.6579 0.7531 -0.0000
vn 0.6462 0.7632 -0.0000
vn 0.6584 0.7527 -0.0000
vn 0.6470 0.7625 -0.0000
vn 0.6583 0.7528 -0.0000
vn 0.6803 0.7329 -0.0000
vn 0.6469 0.7626 -0.0000
vn 0.7335 0.6797 -0.0000
vn 0.6803 0.7330 -0.0000
vn 0.7592 0.6508 -0.0000
vn 0.7842 0.6205 -0.0000
vn 0.8082 0.5889 -0.0000
vn 0.8311 0.5561 -0.0000
vn 0.8526 0.5226 -0.0000
vn 0.8310 0.5562 -0.0000
vn 0.8726 0.4884 -0.0000
vn 0.8911 0.4538 -0.0000
vn 0.9080 0.4190 -0.0000
vn 0.8911 0.4537 -0.0000
vn 0.9232 0.3844 -0.0000
vn 0.9367 0.3501 -0.0000
vn 0.9232 0.3843 -0.0000
vn 0.9466 0.3225 -0.0000
vn 0.9544 0.2985 -0.0000
vn 0.9609 0.2767 -0.0000
vn 0.9643 0.2647 -0.0000
vn 0.9609 0.2768 -0.0000
vn 0.9652 0.2616 -0.0000
vn 0.9643 0.2648 -0.0000
vn 0.9638 0.2667 -0.0000
vn 0.9600 0.2799 -0.0000
vn 0.9638 0.2666 -0.0000
vn 0.9534 0.3016 -0.0000
vn 0.9432 0.3323 -0.0000
vn 0.9279 0.3728 -0.0000
vn 0.9056 0.4241 -0.0000
vn 0.8733 0.4872 -0.0000
vn 0.8379 0.5459 -0.0000
vn 0.7950 0.6067 -0.0000
vn 0.7353 0.6777 -0.0000
vn 0.7950 0.6066 -0.0000
vn 0.6668 0.7452 -0.0000
vn 0.5911 0.8066 -0.0000
vn 0.5103 0.8600 -0.0000
vn 0.4271 0.9042 -0.0000
vn 0.5102 0.8600 -0.0000
vn 0.3444 0.9388 -0.0000
vn 0.2646 0.9644 -0.0000
vn 0.1894 0.9819 -0.0000
vn 0.2645 0.9644 -0.0000
vn 0.1201 0.9928 -0.0000
vn 0.0572 0.9984 -0.0000
vn 0.0062 1.0000 -0.0000
vn 0.0573 0.9984 -0.0000
vn -0.0308 0.9995 -0.0000
vn -0.0647 0.9979 -0.0000
vn -0.1050 0.9945 -0.0000
vn -0.1539 0.9881 -0.0000
vn -0.2149 0.9766 -0.0000
vn -0.2922 0.9564 -0.0000
vn -0.3914 0.9202 -0.0000
vn -0.5177 0.8556 -0.0000
vn -0.6708 0.7416 -0.0000
vn -0.8320 0.5547 -0.0000
vn -0.9560 0.2933 -0.0000
vn -0.9982 0.0593 -0.0000
vn -0.9560 0.2934 -0.0000
vn -0.9986 -0.0523 -0.0000
vn -0.9982 0.0594 -0.0000
vn -0.9948 -0.1019 -0.0000
vn -0.9890 -0.1481 -0.0000
vn -0.9817 -0.1905 -0.0000
vn -0.9734 -0.2292 -0.0000
vn -0.9645 -0.2640 -0.0000
vn -0.9554 -0.2952 -0.0000
vn -0.9465 -0.3227 -0.0000
vn -0.9380 -0.3467 -0.0000
vn -0.9301 -0.3674 -0.0000
vn -0.9230 -0.3848 -0.0000
vn -0.9075 -0.4201 -0.0000
vn -0.8711 -0.4910 -0.0000
vn -0.8168 -0.5769 -0.0000
vn -0.8712 -0.4910 -0.0000
vn -0.7514 -0.6599 -0.0000
vn -0.6759 -0.7370 -0.0000
vn -0.5925 -0.8056 -0.0000
vn -0.5037 -0.8639 -0.0000
vn -0.4127 -0.9109 -0.0000
vn -0.3221 -0.9467 -0.0000
vn -0.2343 -0.9722 -0.0000
vn -0.1510 -0.9885 -0.0000
vn -0.0730 -0.9973 -0.0000
vn 0.1699 -0.9855 -0.0000
vn 0.6042 -0.7968 -0.0000
vn 0.8678 -0.4969 -0.0000
vn 0.9483 -0.3173 -0.0000
vn 0.9767 -0.2147 -0.0000
vn 0.9886 -0.1505 -0.0000
vn 0.9767 -0.2146 -0.0000
vn 0.9942 -0.1071 -0.0000
vn 0.9971 -0.0760 -0.0000
vn 0.9942 -0.1072 -0.0000
vn 0.9986 -0.0527 -0.0000
vn 0.9994 -0.0347 -0.0000
vn 0.9998 -0.0204 -0.0000
vn 1.0000 -0.0092 -0.0000
vn 1.0000 -0.0022 -0.0000
vn 1.0000 -0.0021 -0.0000
vn -0.9994 -0.0356 -0.0000
vn -0.9999 -0.0160 -0.0000
vn -0.9982 -0.0597 -0.0000
vn -0.9961 -0.0887 -0.0000
vn -0.9924 -0.1231 -0.0000
vn -0.9865 -0.1639 -0.0000
vn -0.9773 -0.2119 -0.0000
vn -0.9633 -0.2685 -0.0000
vn -0.9423 -0.3349 -0.0000
vn -0.9112 -0.4120 -0.0000
vn -0.9423 -0.3348 -0.0000
vn -0.8658 -0.5003 -0.0000
vn -0.8132 -0.5820 -0.0000
vn -0.7721 -0.6355 -0.0000
vn -0.7404 -0.6721 -0.0000
vn -0.7068 -0.7074 -0.0000
vn -0.6697 -0.7426 -0.0000
vn -0.6279 -0.7783 -0.0000
vn -0.5793 -0.8151 -0.0000
vn -0.5218 -0.8531 -0.0000
vn -0.4526 -0.8917 -0.0000
vn -0.3685 -0.9296 -0.0000
vn -0.2660 -0.9640 -0.0000
vn -0.1423 -0.9898 -0.0000
vn 0.0357 -0.9994 -0.0000
vn 0.2520 -0.9677 -0.0000
vn 0.4229 -0.9062 -0.0000
vn 0.5338 -0.8456 -0.0000
vn 0.6113 -0.7914 -0.0000
vn 0.6704 -0.7420 -0.0000
vn 0.7193 -0.6947 -0.0000
vn 0.7634 -0.6459 -0.0000
vn 0.8065 -0.5913 -0.0000
vn 0.8516 -0.5243 -0.0000
vn 0.9013 -0.4333 -0.0000
vn 0.9552 -0.2960 -0.0000
vn 0.9950 0.0999 -0.0000
vn 0.1854 0.9827 -0.0000
vn 0.2511 0.9680 -0.0000
vn 0.9533 0.3021 -0.0000
vn 0.2512 0.9679 -0.0000
vn 0.9354 0.3536 -0.0000
vn 0.9173 0.3981 -0.0000
vn 0.9354 0.3537 -0.0000
vn 0.8992 0.4376 -0.0000
vn 0.9173 0.3982 -0.0000
vn 0.8808 0.4735 -0.0000
vn 0.8992 0.4375 -0.0000
vn 0.8620 0.5069 -0.0000
vn 0.8808 0.4734 -0.0000
vn 0.8423 0.5390 -0.0000
vn 0.8213 0.5705 -0.0000
vn 0.8423 0.5391 -0.0000
vn 0.7982 0.6023 -0.0000
vn 0.8213 0.5706 -0.0000
vn 0.7723 0.6353 -0.0000
vn 0.7422 0.6702 -0.0000
vn 0.7722 0.6353 -0.0000
vn 0.7125 0.7017 -0.0000
vn 0.7422 0.6701 -0.0000
vn 0.6892 0.7245 -0.0000
vn 0.7126 0.7016 -0.0000
vn 0.6666 0.7454 -0.0000
vn 0.6893 0.7245 -0.0000
vn 0.6381 0.7699 -0.0000
vn 0.6040 0.7970 -0.0000
vn 0.5653 0.8249 -0.0000
vn 0.5244 0.8514 -0.0000
vn 0.5654 0.8248 -0.0000
vn 0.4844 0.8748 -0.0000
vn 0.5245 0.8514 -0.0000
vn 0.4483 0.8939 -0.0000
vn 0.4184 0.9083 -0.0000
vn 0.3958 0.9183 -0.0000
vn 0.3807 0.9247 -0.0000
vn 0.4081 0.9130 -0.0000
vn 0.4769 0.8789 -0.0000
vn 0.4081 0.9129 -0.0000
vn 0.5436 0.8393 -0.0000
vn 0.6011 0.7992 -0.0000
vn 0.6509 0.7591 -0.0000
vn 0.6944 0.7196 -0.0000
vn 0.7327 0.6806 -0.0000
vn 0.7669 0.6418 -0.0000
vn 0.7977 0.6030 -0.0000
vn 0.8260 0.5637 -0.0000
vn 0.8522 0.5232 -0.0000
vn 0.8769 0.4807 -0.0000
vn 0.9043 0.4269 -0.0000
vn 0.9315 0.3638 -0.0000
vn 0.9528 0.3035 -0.0000
vn 0.9690 0.2471 -0.0000
vn 0.9807 0.1958 -0.0000
vn 0.9887 0.1500 -0.0000
vn 0.9806 0.1958 -0.0000
vn 0.9939 0.1103 -0.0000
vn 0.9971 0.0767 -0.0000
vn 0.9988 0.0494 -0.0000
vn 0.9996 0.0282 -0.0000
vn 0.9999 0.0131 -0.0000
vn 1.0000 -0.0012 -0.0000
vn 1.0000 -0.0050 -0.0000
vn 1.0000 -0.0059 -0.0000
vn 1.0000 -0.0049 -0.0000
vn 1.0000 0.0059 -0.0000
vn 0.9998 0.0185 -0.0000
vn 0.9994 0.0355 -0.0000
vn 0.9984 0.0572 -0.0000
vn 0.9965 0.0839 -0.0000
vn 0.9933 0.1159 -0.0000
vn 0.9881 0.1536 -0.0000
vn 0.9803 0.1973 -0.0000
vn 0.9693 0.2457 -0.0000
vn 0.9569 0.2903 -0.0000
vn 0.9432 0.3322 -0.0000
vn 0.9253 0.3792 -0.0000
vn 0.9023 0.4312 -0.0000
vn 0.8730 0.4877 -0.0000
vn 0.9023 0.4311 -0.0000
vn 0.8363 0.5482 -0.0000
vn 0.7911 0.6116 -0.0000
vn 0.7366 0.6763 -0.0000
vn 0.7912 0.6116 -0.0000
vn 0.6725 0.7401 -0.0000
vn 0.7367 0.6763 -0.0000
vn 0.5993 0.8005 -0.0000
vn 0.5182 0.8553 -0.0000
vn 0.4312 0.9023 -0.0000
vn 0.3538 0.9353 -0.0000
vn 0.4312 0.9022 -0.0000
vn 0.2907 0.9568 -0.0000
vn 0.2319 0.9727 -0.0000
vn 0.1786 0.9839 -0.0000
vn 0.1317 0.9913 -0.0000
vn 0.0917 0.9958 -0.0000
vn 0.0589 0.9983 -0.0000
vn 0.0332 0.9994 -0.0000
vn 0.0146 0.9999 -0.0000
vn 0.0032 1.0000 -0.0000
vn -0.0013 1.0000 -0.0000
vn -0.0129 0.9999 -0.0000
vn -0.0552 0.9985 -0.0000
vn -0.1302 0.9915 -0.0000
vn -0.2324 0.9726 -0.0000
vn -0.3644 0.9312 -0.0000
vn -0.5199 0.8542 -0.0000
vn -0.6789 0.7342 -0.0000
vn -0.8141 0.5807 -0.0000
vn -0.6790 0.7342 -0.0000
vn -0.9079 0.4191 -0.0000
vn -0.9618 0.2739 -0.0000
vn -0.9876 0.1567 -0.0000
vn -0.9977 0.0677 -0.0000
vn -0.9999 0.0149 -0.0000
vn -0.9977 0.0678 -0.0000
vn -1.0000 -0.0037 -0.0000
vt 0.518152 0.000000
vt 0.524752 0.000000
vt 0.521452 0.000000
vt 0.528053 0.000000
vt 0.531353 0.000000
vt 0.514852 0.000000
vt 0.534653 0.000000
vt 0.537954 0.000000
vt 0.511551 0.000000
vt 0.541254 0.000000
vt 0.508251 0.000000
vt 0.544554 0.000000
vt 0.504951 0.000000
vt 0.547855 0.000000
vt 0.551155 0.000000
vt 0.501650 0.000000
vt 0.554455 0.000000
vt 0.498350 0.000000
vt 0.557756 0.000000
vt 0.495050 0.000000
vt 0.561056 0.000000
vt 0.491749 0.000000
vt 0.564356 0.000000
vt 0.488449 0.000000
vt 0.485149 0.000000
vt 0.567657 0.000000
vt 0.481848 0.000000
vt 0.478548 0.000000
vt 0.570957 0.000000
vt 0.475248 0.000000
vt 0.574257 0.000000
vt 0.471947 0.000000
vt 0.577558 0.000000
vt 0.468647 0.000000
vt 0.465347 0.000000
vt 0.580858 0.000000
vt 0.462046 0.000000
vt 0.584158 0.000000
vt 0.458746 0.000000
vt 0.587459 0.000000
vt 0.455446 0.000000
vt 0.590759 0.000000
vt 0.452145 0.000000
vt 0.594059 0.000000
vt 0.448845 0.000000
vt 0.597360 0.000000
vt 0.445545 0.000000
vt 0.600660 0.000000
vt 1.000000 0.000000
vt 0.603960 0.000000
vt 0.996700 0.000000
vt 0.834984 0.000000
vt 0.841584 0.000000
vt 0.838284 0.000000
vt 0.831683 0.000000
vt 0.844885 0.000000
vt 0.828383 0.000000
vt 0.848185 0.000000
vt 0.825082 0.000000
vt 0.851485 0.000000
vt 0.821782 0.000000
vt 0.854786 0.000000
vt 0.818482 0.000000
vt 0.607261 0.000000
vt 0.815181 0.000000
vt 0.858086 0.000000
vt 0.811881 0.000000
vt 0.861386 0.000000
vt 0.808581 0.000000
vt 0.805281 0.000000
vt 0.864686 0.000000
vt 0.801980 0.000000
vt 0.798680 0.000000
vt 0.867987 0.000000
vt 0.610561 0.000000
vt 0.795380 0.000000
vt 0.871287 0.000000
vt 0.792079 0.000000
vt 0.874587 0.000000
vt 0.613861 0.000000
vt 0.788779 0.000000
vt 0.877888 0.000000
vt 0.785479 0.000000
vt 0.617162 0.000000
vt 0.881188 0.000000
vt 0.782178 0.000000
vt 0.884488 0.000000
vt 0.620462 0.000000
vt 0.778878 0.000000
vt 0.887789 0.000000
vt 0.775578 0.000000
vt 0.891089 0.000000
vt 0.623762 0.000000
vt 0.772277 0.000000
vt 0.894389 0.000000
vt 0.897690 0.000000
vt 0.768977 0.000000
vt 0.627063 0.000000
vt 0.900990 0.000000
vt 0.765677 0.000000
vt 0.630363 0.000000
vt 0.904290 0.000000
vt 0.762376 0.000000
vt 0.907591 0.000000
vt 0.759076 0.000000
vt 0.633663 0.000000
vt 0.910891 0.000000
vt 0.755776 0.000000
vt 0.914191 0.000000
vt 0.752475 0.000000
vt 0.636964 0.000000
vt 0.917492 0.000000
vt 0.749175 0.000000
vt 0.745875 0.000000
vt 0.920792 0.000000
vt 0.742574 0.000000
vt 0.640264 0.000000
vt 0.739274 0.000000
vt 0.735974 0.000000
vt 0.732673 0.000000
vt 0.643564 0.000000
vt 0.729373 0.000000
vt 0.646865 0.000000
vt 0.650165 0.000000
vt 0.726073 0.000000
vt 0.653465 0.000000
vt 0.722772 0.000000
vt 0.656766 0.000000
vt 0.660066 0.000000
vt 0.719472 0.000000
vt 0.663366 0.000000
vt 0.924092 0.000000
vt 0.716172 0.000000
vt 0.666667 0.000000
vt 0.712871 0.000000
vt 0.709571 0.000000
vt 0.706271 0.000000
vt 0.669967 0.000000
vt 0.702970 0.000000
vt 0.699670 0.000000
vt 0.673267 0.000000
vt 0.696370 0.000000
vt 0.693069 0.000000
vt 0.676568 0.000000
vt 0.689769 0.000000
vt 0.686469 0.000000
vt 0.679868 0.000000
vt 0.683168 0.000000
vt 0.927393 0.000000
vt 0.993399 0.000000
vt 0.990099 0.000000
vt 0.986799 0.000000
vt 0.930693 0.000000
vt 0.983498 0.000000
vt 0.980198 0.000000
vt 0.933993 0.000000
vt 0.976898 0.000000
vt 0.937294 0.000000
vt 0.973597 0.000000
vt 0.940594 0.000000
vt 0.970297 0.000000
vt 0.943894 0.000000
vt 0.966997 0.000000
vt 0.947195 0.000000
vt 0.963696 0.000000
vt 0.950495 0.000000
vt 0.960396 0.000000
vt 0.953795 0.000000
vt 0.957096 0.000000
vt 0.389439 0.000000
vt 0.396040 0.000000
vt 0.392739 0.000000
vt 0.399340 0.000000
vt 0.402640 0.000000
vt 0.386139 0.000000
vt 0.382838 0.000000
vt 0.405941 0.000000
vt 0.379538 0.000000
vt 0.376238 0.000000
vt 0.409241 0.000000
vt 0.372937 0.000000
vt 0.369637 0.000000
vt 0.412541 0.000000
vt 0.366337 0.000000
vt 0.363036 0.000000
vt 0.415842 0.000000
vt 0.359736 0.000000
vt 0.419142 0.000000
vt 0.356436 0.000000
vt 0.353135 0.000000
vt 0.422442 0.000000
vt 0.349835 0.000000
vt 0.346535 0.000000
vt 0.425743 0.000000
vt 0.343234 0.000000
vt 0.339934 0.000000
vt 0.429043 0.000000
vt 0.336634 0.000000
vt 0.333333 0.000000
vt 0.432343 0.000000
vt 0.330033 0.000000
vt 0.326733 0.000000
vt 0.435644 0.000000
vt 0.323432 0.000000
vt 0.320132 0.000000
vt 0.438944 0.000000
vt 0.316832 0.000000
vt 0.442244 0.000000
vt 0.313531 0.000000
vt 0.310231 0.000000
vt 0.306931 0.000000
vt 0.303630 0.000000
vt 0.300330 0.000000
vt 0.297030 0.000000
vt 0.293729 0.000000
vt 0.290429 0.000000
vt 0.000000 0.000000
vt 0.287129 0.000000
vt 0.283828 0.000000
vt 0.003300 0.000000
vt 0.280528 0.000000
vt 0.277228 0.000000
vt 0.273927 0.000000
vt 0.006601 0.000000
vt 0.270627 0.000000
vt 0.009901 0.000000
vt 0.267327 0.000000
vt 0.264026 0.000000
vt 0.013201 0.000000
vt 0.260726 0.000000
vt 0.257426 0.000000
vt 0.016502 0.000000
vt 0.254125 0.000000
vt 0.250825 0.000000
vt 0.019802 0.000000
vt 0.247525 0.000000
vt 0.244224 0.000000
vt 0.023102 0.000000
vt 0.240924 0.000000
vt 0.237624 0.000000
vt 0.234323 0.000000
vt 0.231023 0.000000
vt 0.026403 0.000000
vt 0.227723 0.000000
vt 0.224422 0.000000
vt 0.221122 0.000000
vt 0.217822 0.000000
vt 0.214521 0.000000
vt 0.029703 0.000000
vt 0.211221 0.000000
vt 0.207921 0.000000
vt 0.204620 0.000000
vt 0.201320 0.000000
vt 0.198020 0.000000
vt 0.194719 0.000000
vt 0.191419 0.000000
vt 0.188119 0.000000
vt 0.184818 0.000000
vt 0.181518 0.000000
vt 0.178218 0.000000
vt 0.174917 0.000000
vt 0.171617 0.000000
vt 0.168317 0.000000
vt 0.165017 0.000000
vt 0.161716 0.000000
vt 0.158416 0.000000
vt 0.155116 0.000000
vt 0.151815 0.000000
vt 0.148515 0.000000
vt 0.145215 0.000000
vt 0.141914 0.000000
vt 0.138614 0.000000
vt 0.135314 0.000000
vt 0.132013 0.000000
vt 0.115512 0.000000
vt 0.122112 0.000000
vt 0.118812 0.000000
vt 0.128713 0.000000
vt 0.125413 0.000000
vt 0.033003 0.000000
vt 0.112211 0.000000
vt 0.108911 0.000000
vt 0.105611 0.000000
vt 0.036304 0.000000
vt 0.102310 0.000000
vt 0.099010 0.000000
vt 0.039604 0.000000
vt 0.042904 0.000000
vt 0.095710 0.000000
vt 0.046205 0.000000
vt 0.092409 0.000000
vt 0.049505 0.000000
vt 0.052805 0.000000
vt 0.089109 0.000000
vt 0.056106 0.000000
vt 0.085809 0.000000
vt 0.059406 0.000000
vt 0.062706 0.000000
vt 0.082508 0.000000
vt 0.066007 0.000000
vt 0.069307 0.000000
vt 0.079208 0.000000
vt 0.072607 0.000000
vt 0.075908 0.000000
vt 0.778443 0.000000
vt 0.790419 0.000000
vt 0.784431 0.000000
vt 0.772455 0.000000
vt 0.766467 0.000000
vt 0.760479 0.000000
vt 0.796407 0.000000
vt 0.754491 0.000000
vt 0.748503 0.000000
vt 0.802395 0.000000
vt 0.742515 0.000000
vt 0.736527 0.000000
vt 0.808383 0.000000
vt 0.730539 0.000000
vt 0.814371 0.000000
vt 0.724551 0.000000
vt 0.718563 0.000000
vt 0.820359 0.000000
vt 0.712575 0.000000
vt 0.826347 0.000000
vt 0.706587 0.000000
vt 0.832335 0.000000
vt 0.838323 0.000000
vt 0.700599 0.000000
vt 0.844311 0.000000
vt 0.850299 0.000000
vt 0.856287 0.000000
vt 0.694611 0.000000
vt 0.862275 0.000000
vt 0.868263 0.000000
vt 0.874251 0.000000
vt 0.880240 0.000000
vt 0.688623 0.000000
vt 0.886228 0.000000
vt 0.892216 0.000000
vt 0.898204 0.000000
vt 0.904192 0.000000
vt 0.910180 0.000000
vt 0.682635 0.000000
vt 0.916168 0.000000
vt 0.922156 0.000000
vt 0.928144 0.000000
vt 0.934132 0.000000
vt 0.676647 0.000000
vt 0.940120 0.000000
vt 0.946108 0.000000
vt 0.670659 0.000000
vt 0.952096 0.000000
vt 0.958084 0.000000
vt 0.964072 0.000000
vt 0.664671 0.000000
vt 0.970060 0.000000
vt 0.976048 0.000000
vt 0.982036 0.000000
vt 0.988024 0.000000
vt 0.994012 0.000000
vt 0.658683 0.000000
vt 0.005988 0.000000
vt 0.011976 0.000000
vt 0.017964 0.000000
vt 0.023952 0.000000
vt 0.029940 0.000000
vt 0.035928 0.000000
vt 0.652695 0.000000
vt 0.041916 0.000000
vt 0.047904 0.000000
vt 0.053892 0.000000
vt 0.059880 0.000000
vt 0.646707 0.000000
vt 0.065868 0.000000
vt 0.071856 0.000000
vt 0.077844 0.000000
vt 0.083832 0.000000
vt 0.640719 0.000000
vt 0.089820 0.000000
vt 0.095808 0.000000
vt 0.101796 0.000000
vt 0.107784 0.000000
vt 0.634731 0.000000
vt 0.113772 0.000000
vt 0.119760 0.000000
vt 0.125749 0.000000
vt 0.131737 0.000000
vt 0.628743 0.000000
vt 0.137725 0.000000
vt 0.143713 0.000000
vt 0.149701 0.000000
vt 0.622755 0.000000
vt 0.281437 0.000000
vt 0.155689 0.000000
vt 0.287425 0.000000
vt 0.275449 0.000000
vt 0.269461 0.000000
vt 0.293413 0.000000
vt 0.263473 0.000000
vt 0.299401 0.000000
vt 0.161677 0.000000
vt 0.257485 0.000000
vt 0.305389 0.000000
vt 0.167665 0.000000
vt 0.251497 0.000000
vt 0.616766 0.000000
vt 0.311377 0.000000
vt 0.245509 0.000000
vt 0.173653 0.000000
vt 0.317365 0.000000
vt 0.239521 0.000000
vt 0.179641 0.000000
vt 0.233533 0.000000
vt 0.185629 0.000000
vt 0.323353 0.000000
vt 0.610778 0.000000
vt 0.227545 0.000000
vt 0.191617 0.000000
vt 0.221557 0.000000
vt 0.329341 0.000000
vt 0.197605 0.000000
vt 0.215569 0.000000
vt 0.203593 0.000000
vt 0.209581 0.000000
vt 0.335329 0.000000
vt 0.604790 0.000000
vt 0.341317 0.000000
vt 0.347305 0.000000
vt 0.353293 0.000000
vt 0.598802 0.000000
vt 0.359281 0.000000
vt 0.365269 0.000000
vt 0.371257 0.000000
vt 0.377246 0.000000
vt 0.592814 0.000000
vt 0.383234 0.000000
vt 0.389222 0.000000
vt 0.395210 0.000000
vt 0.586826 0.000000
vt 0.401198 0.000000
vt 0.407186 0.000000
vt 0.413174 0.000000
vt 0.419162 0.000000
vt 0.580838 0.000000
vt 0.425150 0.000000
vt 0.431138 0.000000
vt 0.574850 0.000000
vt 0.437126 0.000000
vt 0.443114 0.000000
vt 0.449102 0.000000
vt 0.568862 0.000000
vt 0.455090 0.000000
vt 0.461078 0.000000
vt 0.562874 0.000000
vt 0.467066 0.000000
vt 0.556886 0.000000
vt 0.550898 0.000000
vt 0.473054 0.000000
vt 0.544910 0.000000
vt 0.479042 0.000000
vt 0.538922 0.000000
vt 0.532934 0.000000
vt 0.485030 0.000000
vt 0.526946 0.000000
vt 0.491018 0.000000
vt 0.520958 0.000000
vt 0.514970 0.000000
vt 0.497006 0.000000
vt 0.508982 0.000000
vt 0.502994 0.000000
vt 0.861111 0.000000
vt 0.872222 0.000000
vt 0.866667 0.000000
vt 0.855556 0.000000
vt 0.877778 0.000000
vt 0.850000 0.000000
vt 0.883333 0.000000
vt 0.844444 0.000000
vt 0.888889 0.000000
vt 0.838889 0.000000
vt 0.833333 0.000000
vt 0.894444 0.000000
vt 0.827778 0.000000
vt 0.900000 0.000000
vt 0.822222 0.000000
vt 0.816667 0.000000
vt 0.905556 0.000000
vt 0.811111 0.000000
vt 0.805556 0.000000
vt 0.911111 0.000000
vt 0.800000 0.000000
vt 0.788889 0.000000
vt 0.794444 0.000000
vt 0.916667 0.000000
vt 0.783333 0.000000
vt 0.922222 0.000000
vt 0.777778 0.000000
vt 0.927778 0.000000
vt 0.772222 0.000000
vt 0.933333 0.000000
vt 0.766667 0.000000
vt 0.938889 0.000000
vt 0.761111 0.000000
vt 0.755556 0.000000
vt 0.944444 0.000000
vt 0.750000 0.000000
vt 0.744444 0.000000
vt 0.950000 0.000000
vt 0.738889 0.000000
vt 0.733333 0.000000
vt 0.955556 0.000000
vt 0.727778 0.000000
vt 0.722222 0.000000
vt 0.961111 0.000000
vt 0.716667 0.000000
vt 0.966667 0.000000
vt 0.711111 0.000000
vt 0.972222 0.000000
vt 0.705556 0.000000
vt 0.977778 0.000000
vt 0.700000 0.000000
vt 0.983333 0.000000
vt 0.988889 0.000000
vt 0.694444 0.000000
vt 0.994444 0.000000
vt 0.005556 0.000000
vt 0.688889 0.000000
vt 0.011111 0.000000
vt 0.016667 0.000000
vt 0.022222 0.000000
vt 0.027778 0.000000
vt 0.033333 0.000000
vt 0.683333 0.000000
vt 0.038889 0.000000
vt 0.044444 0.000000
vt 0.050000 0.000000
vt 0.055556 0.000000
vt 0.677778 0.000000
vt 0.061111 0.000000
vt 0.672222 0.000000
vt 0.066667 0.000000
vt 0.072222 0.000000
vt 0.661111 0.000000
vt 0.655556 0.000000
vt 0.650000 0.000000
vt 0.644444 0.000000
vt 0.077778 0.000000
vt 0.638889 0.000000
vt 0.633333 0.000000
vt 0.627778 0.000000
vt 0.622222 0.000000
vt 0.616667 0.000000
vt 0.083333 0.000000
vt 0.611111 0.000000
vt 0.605556 0.000000
vt 0.600000 0.000000
vt 0.594444 0.000000
vt 0.088889 0.000000
vt 0.588889 0.000000
vt 0.583333 0.000000
vt 0.094444 0.000000
vt 0.577778 0.000000
vt 0.572222 0.000000
vt 0.455556 0.000000
vt 0.100000 0.000000
vt 0.461111 0.000000
vt 0.450000 0.000000
vt 0.444444 0.000000
vt 0.466667 0.000000
vt 0.566667 0.000000
vt 0.438889 0.000000
vt 0.472222 0.000000
vt 0.105556 0.000000
vt 0.477778 0.000000
vt 0.433333 0.000000
vt 0.561111 0.000000
vt 0.483333 0.000000
vt 0.427778 0.000000
vt 0.488889 0.000000
vt 0.555556 0.000000
vt 0.111111 0.000000
vt 0.422222 0.000000
vt 0.494444 0.000000
vt 0.550000 0.000000
vt 0.500000 0.000000
vt 0.416667 0.000000
vt 0.116667 0.000000
vt 0.505556 0.000000
vt 0.544444 0.000000
vt 0.411111 0.000000
vt 0.511111 0.000000
vt 0.538889 0.000000
vt 0.516667 0.000000
vt 0.533333 0.000000
vt 0.122222 0.000000
vt 0.522222 0.000000
vt 0.405556 0.000000
vt 0.527778 0.000000
vt 0.400000 0.000000
vt 0.127778 0.000000
vt 0.394444 0.000000
vt 0.133333 0.000000
vt 0.388889 0.000000
vt 0.138889 0.000000
vt 0.383333 0.000000
vt 0.144444 0.000000
vt 0.377778 0.000000
vt 0.372222 0.000000
vt 0.150000 0.000000
vt 0.366667 0.000000
vt 0.155556 0.000000
vt 0.361111 0.000000
vt 0.161111 0.000000
vt 0.355556 0.000000
vt 0.166667 0.000000
vt 0.350000 0.000000
vt 0.172222 0.000000
vt 0.344444 0.000000
vt 0.177778 0.000000
vt 0.338889 0.000000
vt 0.183333 0.000000
vt 0.188889 0.000000
vt 0.327778 0.000000
vt 0.194444 0.000000
vt 0.322222 0.000000
vt 0.200000 0.000000
vt 0.316667 0.000000
vt 0.311111 0.000000
vt 0.205556 0.000000
vt 0.305556 0.000000
vt 0.211111 0.000000
vt 0.300000 0.000000
vt 0.294444 0.000000
vt 0.216667 0.000000
vt 0.288889 0.000000
vt 0.283333 0.000000
vt 0.222222 0.000000
vt 0.277778 0.000000
vt 0.261111 0.000000
vt 0.272222 0.000000
vt 0.266667 0.000000
vt 0.255556 0.000000
vt 0.250000 0.000000
vt 0.244444 0.000000
vt 0.227778 0.000000
vt 0.238889 0.000000
vt 0.233333 0.000000
vt 0.494340 0.000000
vt 0.501887 0.000000
vt 0.498113 0.000000
vt 0.486792 0.000000
vt 0.490566 0.000000
vt 0.483019 0.000000
vt 0.479245 0.000000
vt 0.505660 0.000000
vt 0.475472 0.000000
vt 0.509434 0.000000
vt 0.471698 0.000000
vt 0.467925 0.000000
vt 0.513208 0.000000
vt 0.464151 0.000000
vt 0.460377 0.000000
vt 0.516981 0.000000
vt 0.456604 0.000000
vt 0.520755 0.000000
vt 0.452830 0.000000
vt 0.449057 0.000000
vt 0.524528 0.000000
vt 0.445283 0.000000
vt 0.528302 0.000000
vt 0.441509 0.000000
vt 0.437736 0.000000
vt 0.532075 0.000000
vt 0.433962 0.000000
vt 0.430189 0.000000
vt 0.535849 0.000000
vt 0.426415 0.000000
vt 0.422642 0.000000
vt 0.539623 0.000000
vt 0.418868 0.000000
vt 0.415094 0.000000
vt 0.543396 0.000000
vt 0.411321 0.000000
vt 0.547170 0.000000
vt 0.550943 0.000000
vt 0.407547 0.000000
vt 0.554717 0.000000
vt 0.558491 0.000000
vt 0.562264 0.000000
vt 0.566038 0.000000
vt 0.569811 0.000000
vt 0.403774 0.000000
vt 0.573585 0.000000
vt 0.577358 0.000000
vt 0.581132 0.000000
vt 0.584906 0.000000
vt 0.588679 0.000000
vt 0.592453 0.000000
vt 0.596226 0.000000
vt 0.603774 0.000000
vt 0.607547 0.000000
vt 0.396226 0.000000
vt 0.611321 0.000000
vt 0.615094 0.000000
vt 0.392453 0.000000
vt 0.618868 0.000000
vt 0.622642 0.000000
vt 0.388679 0.000000
vt 0.626415 0.000000
vt 0.630189 0.000000
vt 0.384906 0.000000
vt 0.633962 0.000000
vt 0.637736 0.000000
vt 0.381132 0.000000
vt 0.377358 0.000000
vt 0.373585 0.000000
vt 0.154717 0.000000
vt 0.150943 0.000000
vt 0.090566 0.000000
vt 0.086792 0.000000
vt 0.083019 0.000000
vt 0.094340 0.000000
vt 0.098113 0.000000
vt 0.079245 0.000000
vt 0.101887 0.000000
vt 0.105660 0.000000
vt 0.147170 0.000000
vt 0.109434 0.000000
vt 0.075472 0.000000
vt 0.113208 0.000000
vt 0.116981 0.000000
vt 0.143396 0.000000
vt 0.139623 0.000000
vt 0.120755 0.000000
vt 0.135849 0.000000
vt 0.124528 0.000000
vt 0.158491 0.000000
vt 0.128302 0.000000
vt 0.132075 0.000000
vt 0.071698 0.000000
vt 0.162264 0.000000
vt 0.166038 0.000000
vt 0.067925 0.000000
vt 0.641509 0.000000
vt 0.169811 0.000000
vt 0.064151 0.000000
vt 0.173585 0.000000
vt 0.177358 0.000000
vt 0.060377 0.000000
vt 0.181132 0.000000
vt 0.056604 0.000000
vt 0.052830 0.000000
vt 0.369811 0.000000
vt 0.184906 0.000000
vt 0.049057 0.000000
vt 0.045283 0.000000
vt 0.041509 0.000000
vt 0.188679 0.000000
vt 0.366038 0.000000
vt 0.037736 0.000000
vt 0.033962 0.000000
vt 0.030189 0.000000
vt 0.026415 0.000000
vt 0.362264 0.000000
vt 0.192453 0.000000
vt 0.022642 0.000000
vt 0.645283 0.000000
vt 0.018868 0.000000
vt 0.015094 0.000000
vt 0.901887 0.000000
vt 0.909434 0.000000
vt 0.905660 0.000000
vt 0.913208 0.000000
vt 0.898113 0.000000
vt 0.011321 0.000000
vt 0.916981 0.000000
vt 0.007547 0.000000
vt 0.894340 0.000000
vt 0.358491 0.000000
vt 0.003774 0.000000
vt 0.920755 0.000000
vt 0.196226 0.000000
vt 0.890566 0.000000
vt 0.924528 0.000000
vt 0.996226 0.000000
vt 0.992453 0.000000
vt 0.886792 0.000000
vt 0.928302 0.000000
vt 0.354717 0.000000
vt 0.988679 0.000000
vt 0.350943 0.000000
vt 0.347170 0.000000
vt 0.343396 0.000000
vt 0.932076 0.000000
vt 0.984906 0.000000
vt 0.339623 0.000000
vt 0.883019 0.000000
vt 0.335849 0.000000
vt 0.981132 0.000000
vt 0.332075 0.000000
vt 0.328302 0.000000
vt 0.935849 0.000000
vt 0.324528 0.000000
vt 0.977359 0.000000
vt 0.320755 0.000000
vt 0.649057 0.000000
vt 0.316981 0.000000
vt 0.879245 0.000000
vt 0.973585 0.000000
vt 0.313208 0.000000
vt 0.939623 0.000000
vt 0.309434 0.000000
vt 0.305660 0.000000
vt 0.969811 0.000000
vt 0.301887 0.000000
vt 0.298113 0.000000
vt 0.943396 0.000000
vt 0.966038 0.000000
vt 0.294340 0.000000
vt 0.962264 0.000000
vt 0.290566 0.000000
vt 0.875472 0.000000
vt 0.947170 0.000000
vt 0.286792 0.000000
vt 0.958491 0.000000
vt 0.283019 0.000000
vt 0.954717 0.000000
vt 0.203774 0.000000
vt 0.950943 0.000000
vt 0.279245 0.000000
vt 0.275472 0.000000
vt 0.271698 0.000000
vt 0.267925 0.000000
vt 0.264151 0.000000
vt 0.871698 0.000000
vt 0.260377 0.000000
vt 0.867925 0.000000
vt 0.207547 0.000000
vt 0.256604 0.000000
vt 0.652830 0.000000
vt 0.864151 0.000000
vt 0.252830 0.000000
vt 0.860377 0.000000
vt 0.249057 0.000000
vt 0.211321 0.000000
vt 0.856604 0.000000
vt 0.245283 0.000000
vt 0.241509 0.000000
vt 0.852830 0.000000
vt 0.215094 0.000000
vt 0.237736 0.000000
vt 0.656604 0.000000
vt 0.849057 0.000000
vt 0.233962 0.000000
vt 0.218868 0.000000
vt 0.845283 0.000000
vt 0.230189 0.000000
vt 0.226415 0.000000
vt 0.222642 0.000000
vt 0.841509 0.000000
vt 0.837736 0.000000
vt 0.833962 0.000000
vt 0.830189 0.000000
vt 0.660377 0.000000
vt 0.826415 0.000000
vt 0.822641 0.000000
vt 0.818868 0.000000
vt 0.815094 0.000000
vt 0.811321 0.000000
vt 0.664151 0.000000
vt 0.807547 0.000000
vt 0.803774 0.000000
vt 0.667925 0.000000
vt 0.796226 0.000000
vt 0.792453 0.000000
vt 0.788679 0.000000
vt 0.784906 0.000000
vt 0.671698 0.000000
vt 0.781132 0.000000
vt 0.777358 0.000000
vt 0.773585 0.000000
vt 0.769811 0.000000
vt 0.675472 0.000000
vt 0.766038 0.000000
vt 0.762264 0.000000
vt 0.679245 0.000000
vt 0.758491 0.000000
vt 0.754717 0.000000
vt 0.683019 0.000000
vt 0.686792 0.000000
vt 0.750943 0.000000
vt 0.690566 0.000000
vt 0.747170 0.000000
vt 0.694340 0.000000
vt 0.698113 0.000000
vt 0.743396 0.000000
vt 0.701887 0.000000
vt 0.739623 0.000000
vt 0.705660 0.000000
vt 0.735849 0.000000
vt 0.709434 0.000000
vt 0.713208 0.000000
vt 0.732075 0.000000
vt 0.716981 0.000000
vt 0.728302 0.000000
vt 0.720755 0.000000
vt 0.724528 0.000000
vt 0.003759 1.000000
vt 0.000000 1.000000
vt 0.007519 1.000000
vt 0.003759 0.000000
vt 0.011278 1.000000
vt 0.007519 0.000000
vt 0.015038 1.000000
vt 0.011278 0.000000
vt 0.018797 1.000000
vt 0.015038 0.000000
vt 0.022556 1.000000
vt 0.018797 0.000000
vt 0.026316 1.000000
vt 0.022556 0.000000
vt 0.030075 1.000000
vt 0.026316 0.000000
vt 0.033835 1.000000
vt 0.030075 0.000000
vt 0.037594 1.000000
vt 0.033835 0.000000
vt 0.041353 1.000000
vt 0.037594 0.000000
vt 0.045113 1.000000
vt 0.041353 0.000000
vt 0.048872 1.000000
vt 0.045113 0.000000
vt 0.052632 1.000000
vt 0.048872 0.000000
vt 0.056391 1.000000
vt 0.052632 0.000000
vt 0.060150 1.000000
vt 0.056391 0.000000
vt 0.063910 1.000000
vt 0.060150 0.000000
vt 0.067669 1.000000
vt 0.063910 0.000000
vt 0.071429 1.000000
vt 0.067669 0.000000
vt 0.075188 1.000000
vt 0.071429 0.000000
vt 0.078947 1.000000
vt 0.075188 0.000000
vt 0.082707 1.000000
vt 0.078947 0.000000
vt 0.086466 1.000000
vt 0.082707 0.000000
vt 0.090226 1.000000
vt 0.086466 0.000000
vt 0.093985 1.000000
vt 0.090226 0.000000
vt 0.097744 1.000000
vt 0.093985 0.000000
vt 0.101504 1.000000
vt 0.097744 0.000000
vt 0.105263 1.000000
vt 0.101504 0.000000
vt 0.109023 1.000000
vt 0.105263 0.000000
vt 0.112782 1.000000
vt 0.109023 0.000000
vt 0.116541 1.000000
vt 0.112782 0.000000
vt 0.120301 1.000000
vt 0.116541 0.000000
vt 0.124060 1.000000
vt 0.120301 0.000000
vt 0.127820 1.000000
vt 0.124060 0.000000
vt 0.131579 1.000000
vt 0.127820 0.000000
vt 0.135338 1.000000
vt 0.131579 0.000000
vt 0.139098 1.000000
vt 0.135338 0.000000
vt 0.142857 1.000000
vt 0.139098 0.000000
vt 0.146617 1.000000
vt 0.142857 0.000000
vt 0.150376 1.000000
vt 0.146617 0.000000
vt 0.154135 1.000000
vt 0.150376 0.000000
vt 0.157895 1.000000
vt 0.154135 0.000000
vt 0.161654 1.000000
vt 0.157895 0.000000
vt 0.165414 1.000000
vt 0.161654 0.000000
vt 0.169173 1.000000
vt 0.165414 0.000000
vt 0.172932 1.000000
vt 0.169173 0.000000
vt 0.176692 1.000000
vt 0.172932 0.000000
vt 0.180451 1.000000
vt 0.176692 0.000000
vt 0.184211 1.000000
vt 0.180451 0.000000
vt 0.187970 1.000000
vt 0.184211 0.000000
vt 0.191729 1.000000
vt 0.187970 0.000000
vt 0.195489 1.000000
vt 0.191729 0.000000
vt 0.199248 1.000000
vt 0.195489 0.000000
vt 0.203008 1.000000
vt 0.199248 0.000000
vt 0.206767 1.000000
vt 0.203008 0.000000
vt 0.210526 1.000000
vt 0.206767 0.000000
vt 0.214286 1.000000
vt 0.210526 0.000000
vt 0.218045 1.000000
vt 0.214286 0.000000
vt 0.221805 1.000000
vt 0.218045 0.000000
vt 0.225564 1.000000
vt 0.221805 0.000000
vt 0.229323 1.000000
vt 0.225564 0.000000
vt 0.233083 1.000000
vt 0.229323 0.000000
vt 0.236842 1.000000
vt 0.233083 0.000000
vt 0.240602 1.000000
vt 0.236842 0.000000
vt 0.244361 1.000000
vt 0.240602 0.000000
vt 0.248120 1.000000
vt 0.244361 0.000000
vt 0.251880 1.000000
vt 0.248120 0.000000
vt 0.255639 1.000000
vt 0.251880 0.000000
vt 0.259398 1.000000
vt 0.255639 0.000000
vt 0.263158 1.000000
vt 0.259398 0.000000
vt 0.266917 1.000000
vt 0.263158 0.000000
vt 0.270677 1.000000
vt 0.266917 0.000000
vt 0.274436 1.000000
vt 0.270677 0.000000
vt 0.278196 1.000000
vt 0.274436 0.000000
vt 0.281955 1.000000
vt 0.278196 0.000000
vt 0.285714 1.000000
vt 0.281955 0.000000
vt 0.289474 1.000000
vt 0.285714 0.000000
vt 0.293233 1.000000
vt 0.289474 0.000000
vt 0.296992 1.000000
vt 0.293233 0.000000
vt 0.300752 1.000000
vt 0.296992 0.000000
vt 0.304511 1.000000
vt 0.300752 0.000000
vt 0.308271 1.000000
vt 0.304511 0.000000
vt 0.312030 1.000000
vt 0.308271 0.000000
vt 0.315789 1.000000
vt 0.312030 0.000000
vt 0.319549 1.000000
vt 0.315789 0.000000
vt 0.323308 1.000000
vt 0.319549 0.000000
vt 0.327068 1.000000
vt 0.323308 0.000000
vt 0.330827 1.000000
vt 0.327068 0.000000
vt 0.334586 1.000000
vt 0.330827 0.000000
vt 0.338346 1.000000
vt 0.334586 0.000000
vt 0.342105 1.000000
vt 0.338346 0.000000
vt 0.345865 1.000000
vt 0.342105 0.000000
vt 0.349624 1.000000
vt 0.345865 0.000000
vt 0.353383 1.000000
vt 0.349624 0.000000
vt 0.357143 1.000000
vt 0.353383 0.000000
vt 0.360902 1.000000
vt 0.357143 0.000000
vt 0.364662 1.000000
vt 0.360902 0.000000
vt 0.368421 1.000000
vt 0.364662 0.000000
vt 0.372180 1.000000
vt 0.368421 0.000000
vt 0.375940 1.000000
vt 0.372180 0.000000
vt 0.379699 1.000000
vt 0.375940 0.000000
vt 0.383459 1.000000
vt 0.379699 0.000000
vt 0.387218 1.000000
vt 0.383459 0.000000
vt 0.390977 1.000000
vt 0.387218 0.000000
vt 0.394737 1.000000
vt 0.390977 0.000000
vt 0.398496 1.000000
vt 0.394737 0.000000
vt 0.402256 1.000000
vt 0.398496 0.000000
vt 0.406015 1.000000
vt 0.402256 0.000000
vt 0.409774 1.000000
vt 0.406015 0.000000
vt 0.413534 1.000000
vt 0.409774 0.000000
vt 0.417293 1.000000
vt 0.413534 0.000000
vt 0.421053 1.000000
vt 0.417293 0.000000
vt 0.424812 1.000000
vt 0.421053 0.000000
vt 0.428571 1.000000
vt 0.424812 0.000000
vt 0.432331 1.000000
vt 0.428571 0.000000
vt 0.436090 1.000000
vt 0.432331 0.000000
vt 0.439850 1.000000
vt 0.436090 0.000000
vt 0.443609 1.000000
vt 0.439850 0.000000
vt 0.447368 1.000000
vt 0.443609 0.000000
vt 0.451128 1.000000
vt 0.447368 0.000000
vt 0.454887 1.000000
vt 0.451128 0.000000
vt 0.458647 1.000000
vt 0.454887 0.000000
vt 0.462406 1.000000
vt 0.458647 0.000000
vt 0.466165 1.000000
vt 0.462406 0.000000
vt 0.469925 1.000000
vt 0.466165 0.000000
vt 0.473684 1.000000
vt 0.469925 0.000000
vt 0.477444 1.000000
vt 0.473684 0.000000
vt 0.481203 1.000000
vt 0.477444 0.000000
vt 0.484962 1.000000
vt 0.481203 0.000000
vt 0.488722 1.000000
vt 0.484962 0.000000
vt 0.492481 1.000000
vt 0.488722 0.000000
vt 0.496241 1.000000
vt 0.492481 0.000000
vt 0.500000 1.000000
vt 0.496241 0.000000
vt 0.503759 1.000000
vt 0.507519 1.000000
vt 0.503759 0.000000
vt 0.511278 1.000000
vt 0.507519 0.000000
vt 0.515038 1.000000
vt 0.511278 0.000000
vt 0.518797 1.000000
vt 0.515038 0.000000
vt 0.522556 1.000000
vt 0.518797 0.000000
vt 0.526316 1.000000
vt 0.522556 0.000000
vt 0.530075 1.000000
vt 0.526316 0.000000
vt 0.533835 1.000000
vt 0.530075 0.000000
vt 0.537594 1.000000
vt 0.533835 0.000000
vt 0.541353 1.000000
vt 0.537594 0.000000
vt 0.545113 1.000000
vt 0.541353 0.000000
vt 0.548872 1.000000
vt 0.545113 0.000000
vt 0.552632 1.000000
vt 0.548872 0.000000
vt 0.556391 1.000000
vt 0.552632 0.000000
vt 0.560150 1.000000
vt 0.556391 0.000000
vt 0.563910 1.000000
vt 0.560150 0.000000
vt 0.567669 1.000000
vt 0.563910 0.000000
vt 0.571429 1.000000
vt 0.567669 0.000000
vt 0.575188 1.000000
vt 0.571429 0.000000
vt 0.578947 1.000000
vt 0.575188 0.000000
vt 0.582707 1.000000
vt 0.578947 0.000000
vt 0.586466 1.000000
vt 0.582707 0.000000
vt 0.590226 1.000000
vt 0.586466 0.000000
vt 0.593985 1.000000
vt 0.590226 0.000000
vt 0.597744 1.000000
vt 0.593985 0.000000
vt 0.601504 1.000000
vt 0.597744 0.000000
vt 0.605263 1.000000
vt 0.601504 0.000000
vt 0.609023 1.000000
vt 0.605263 0.000000
vt 0.612782 1.000000
vt 0.609023 0.000000
vt 0.616541 1.000000
vt 0.612782 0.000000
vt 0.620301 1.000000
vt 0.616541 0.000000
vt 0.624060 1.000000
vt 0.620301 0.000000
vt 0.627820 1.000000
vt 0.624060 0.000000
vt 0.631579 1.000000
vt 0.627820 0.000000
vt 0.635338 1.000000
vt 0.631579 0.000000
vt 0.639098 1.000000
vt 0.635338 0.000000
vt 0.642857 1.000000
vt 0.639098 0.000000
vt 0.646617 1.000000
vt 0.642857 0.000000
vt 0.650376 1.000000
vt 0.646617 0.000000
vt 0.654135 1.000000
vt 0.650376 0.000000
vt 0.657895 1.000000
vt 0.654135 0.000000
vt 0.661654 1.000000
vt 0.657895 0.000000
vt 0.665414 1.000000
vt 0.661654 0.000000
vt 0.669173 1.000000
vt 0.665414 0.000000
vt 0.672932 1.000000
vt 0.669173 0.000000
vt 0.676692 1.000000
vt 0.672932 0.000000
vt 0.680451 1.000000
vt 0.676692 0.000000
vt 0.684211 1.000000
vt 0.680451 0.000000
vt 0.687970 1.000000
vt 0.684211 0.000000
vt 0.691729 1.000000
vt 0.687970 0.000000
vt 0.695489 1.000000
vt 0.691729 0.000000
vt 0.699248 1.000000
vt 0.695489 0.000000
vt 0.703008 1.000000
vt 0.699248 0.000000
vt 0.706767 1.000000
vt 0.703008 0.000000
vt 0.710526 1.000000
vt 0.706767 0.000000
vt 0.714286 1.000000
vt 0.710526 0.000000
vt 0.718045 1.000000
vt 0.714286 0.000000
vt 0.721804 1.000000
vt 0.718045 0.000000
vt 0.725564 1.000000
vt 0.721804 0.000000
vt 0.729323 1.000000
vt 0.725564 0.000000
vt 0.733083 1.000000
vt 0.729323 0.000000
vt 0.736842 1.000000
vt 0.733083 0.000000
vt 0.740601 1.000000
vt 0.736842 0.000000
vt 0.744361 1.000000
vt 0.740601 0.000000
vt 0.748120 1.000000
vt 0.744361 0.000000
vt 0.751880 1.000000
vt 0.748120 0.000000
vt 0.755639 1.000000
vt 0.751880 0.000000
vt 0.759399 1.000000
vt 0.755639 0.000000
vt 0.763158 1.000000
vt 0.759399 0.000000
vt 0.766917 1.000000
vt 0.763158 0.000000
vt 0.770677 1.000000
vt 0.766917 0.000000
vt 0.774436 1.000000
vt 0.770677 0.000000
vt 0.778196 1.000000
vt 0.774436 0.000000
vt 0.781955 1.000000
vt 0.778196 0.000000
vt 0.785714 1.000000
vt 0.781955 0.000000
vt 0.789474 1.000000
vt 0.785714 0.000000
vt 0.793233 1.000000
vt 0.789474 0.000000
vt 0.796992 1.000000
vt 0.793233 0.000000
vt 0.800752 1.000000
vt 0.796992 0.000000
vt 0.804511 1.000000
vt 0.800752 0.000000
vt 0.808271 1.000000
vt 0.804511 0.000000
vt 0.812030 1.000000
vt 0.808271 0.000000
vt 0.815789 1.000000
vt 0.812030 0.000000
vt 0.819549 1.000000
vt 0.815789 0.000000
vt 0.823308 1.000000
vt 0.819549 0.000000
vt 0.827068 1.000000
vt 0.823308 0.000000
vt 0.830827 1.000000
vt 0.827068 0.000000
vt 0.834586 1.000000
vt 0.830827 0.000000
vt 0.838346 1.000000
vt 0.834586 0.000000
vt 0.842105 1.000000
vt 0.838346 0.000000
vt 0.845865 1.000000
vt 0.842105 0.000000
vt 0.849624 1.000000
vt 0.845865 0.000000
vt 0.853383 1.000000
vt 0.849624 0.000000
vt 0.857143 1.000000
vt 0.853383 0.000000
vt 0.860902 1.000000
vt 0.857143 0.000000
vt 0.864662 1.000000
vt 0.860902 0.000000
vt 0.868421 1.000000
vt 0.864662 0.000000
vt 0.872180 1.000000
vt 0.868421 0.000000
vt 0.875940 1.000000
vt 0.872180 0.000000
vt 0.879699 1.000000
vt 0.875940 0.000000
vt 0.883459 1.000000
vt 0.879699 0.000000
vt 0.887218 1.000000
vt 0.883459 0.000000
vt 0.890977 1.000000
vt 0.887218 0.000000
vt 0.894737 1.000000
vt 0.890977 0.000000
vt 0.898496 1.000000
vt 0.894737 0.000000
vt 0.902256 1.000000
vt 0.898496 0.000000
vt 0.906015 1.000000
vt 0.902256 0.000000
vt 0.909774 1.000000
vt 0.906015 0.000000
vt 0.913534 1.000000
vt 0.909774 0.000000
vt 0.917293 1.000000
vt 0.913534 0.000000
vt 0.921053 1.000000
vt 0.917293 0.000000
vt 0.924812 1.000000
vt 0.921053 0.000000
vt 0.928571 1.000000
vt 0.924812 0.000000
vt 0.932331 1.000000
vt 0.928571 0.000000
vt 0.936090 1.000000
vt 0.932331 0.000000
vt 0.939850 1.000000
vt 0.936090 0.000000
vt 0.943609 1.000000
vt 0.939850 0.000000
vt 0.947368 1.000000
vt 0.943609 0.000000
vt 0.951128 1.000000
vt 0.947368 0.000000
vt 0.954887 1.000000
vt 0.951128 0.000000
vt 0.958647 1.000000
vt 0.954887 0.000000
vt 0.962406 1.000000
vt 0.958647 0.000000
vt 0.966165 1.000000
vt 0.962406 0.000000
vt 0.969925 1.000000
vt 0.966165 0.000000
vt 0.973684 1.000000
vt 0.969925 0.000000
vt 0.977444 1.000000
vt 0.973684 0.000000
vt 0.981203 1.000000
vt 0.977444 0.000000
vt 0.984962 1.000000
vt 0.981203 0.000000
vt 0.988722 1.000000
vt 0.984962 0.000000
vt 0.992481 1.000000
vt 0.988722 0.000000
vt 0.996241 1.000000
vt 0.992481 0.000000
vt 1.000000 1.000000
vt 0.996241 0.000000
vt 0.005525 1.000000
vt 0.011050 1.000000
vt 0.005525 0.000000
vt 0.016575 1.000000
vt 0.011050 0.000000
vt 0.022099 1.000000
vt 0.016575 0.000000
vt 0.027624 1.000000
vt 0.022099 0.000000
vt 0.033149 1.000000
vt 0.027624 0.000000
vt 0.038674 1.000000
vt 0.033149 0.000000
vt 0.044199 1.000000
vt 0.038674 0.000000
vt 0.049724 1.000000
vt 0.044199 0.000000
vt 0.055249 1.000000
vt 0.049724 0.000000
vt 0.060773 1.000000
vt 0.055249 0.000000
vt 0.066298 1.000000
vt 0.060773 0.000000
vt 0.071823 1.000000
vt 0.066298 0.000000
vt 0.077348 1.000000
vt 0.071823 0.000000
vt 0.082873 1.000000
vt 0.077348 0.000000
vt 0.088398 1.000000
vt 0.082873 0.000000
vt 0.093923 1.000000
vt 0.088398 0.000000
vt 0.099448 1.000000
vt 0.093923 0.000000
vt 0.104972 1.000000
vt 0.099448 0.000000
vt 0.110497 1.000000
vt 0.104972 0.000000
vt 0.116022 1.000000
vt 0.110497 0.000000
vt 0.121547 1.000000
vt 0.116022 0.000000
vt 0.127072 1.000000
vt 0.121547 0.000000
vt 0.132597 1.000000
vt 0.127072 0.000000
vt 0.138122 1.000000
vt 0.132597 0.000000
vt 0.143646 1.000000
vt 0.138122 0.000000
vt 0.149171 1.000000
vt 0.143646 0.000000
vt 0.154696 1.000000
vt 0.149171 0.000000
vt 0.160221 1.000000
vt 0.154696 0.000000
vt 0.165746 1.000000
vt 0.160221 0.000000
vt 0.171271 1.000000
vt 0.165746 0.000000
vt 0.176796 1.000000
vt 0.171271 0.000000
vt 0.182320 1.000000
vt 0.176796 0.000000
vt 0.187845 1.000000
vt 0.182320 0.000000
vt 0.193370 1.000000
vt 0.187845 0.000000
vt 0.198895 1.000000
vt 0.193370 0.000000
vt 0.204420 1.000000
vt 0.198895 0.000000
vt 0.209945 1.000000
vt 0.204420 0.000000
vt 0.215470 1.000000
vt 0.209945 0.000000
vt 0.220994 1.000000
vt 0.215470 0.000000
vt 0.226519 1.000000
vt 0.220994 0.000000
vt 0.232044 1.000000
vt 0.226519 0.000000
vt 0.237569 1.000000
vt 0.232044 0.000000
vt 0.243094 1.000000
vt 0.237569 0.000000
vt 0.248619 1.000000
vt 0.243094 0.000000
vt 0.254144 1.000000
vt 0.248619 0.000000
vt 0.259668 1.000000
vt 0.254144 0.000000
vt 0.265193 1.000000
vt 0.259668 0.000000
vt 0.270718 1.000000
vt 0.265193 0.000000
vt 0.276243 1.000000
vt 0.270718 0.000000
vt 0.281768 1.000000
vt 0.276243 0.000000
vt 0.287293 1.000000
vt 0.281768 0.000000
vt 0.292818 1.000000
vt 0.287293 0.000000
vt 0.298343 1.000000
vt 0.292818 0.000000
vt 0.303867 1.000000
vt 0.298343 0.000000
vt 0.309392 1.000000
vt 0.303867 0.000000
vt 0.314917 1.000000
vt 0.309392 0.000000
vt 0.320442 1.000000
vt 0.314917 0.000000
vt 0.325967 1.000000
vt 0.320442 0.000000
vt 0.331492 1.000000
vt 0.325967 0.000000
vt 0.337017 1.000000
vt 0.331492 0.000000
vt 0.342541 1.000000
vt 0.337017 0.000000
vt 0.348066 1.000000
vt 0.342541 0.000000
vt 0.353591 1.000000
vt 0.348066 0.000000
vt 0.359116 1.000000
vt 0.353591 0.000000
vt 0.364641 1.000000
vt 0.359116 0.000000
vt 0.370166 1.000000
vt 0.364641 0.000000
vt 0.375691 1.000000
vt 0.370166 0.000000
vt 0.381215 1.000000
vt 0.375691 0.000000
vt 0.386740 1.000000
vt 0.381215 0.000000
vt 0.392265 1.000000
vt 0.386740 0.000000
vt 0.397790 1.000000
vt 0.392265 0.000000
vt 0.403315 1.000000
vt 0.397790 0.000000
vt 0.408840 1.000000
vt 0.403315 0.000000
vt 0.414365 1.000000
vt 0.408840 0.000000
vt 0.419890 1.000000
vt 0.414365 0.000000
vt 0.425414 1.000000
vt 0.419890 0.000000
vt 0.430939 1.000000
vt 0.425414 0.000000
vt 0.436464 1.000000
vt 0.430939 0.000000
vt 0.441989 1.000000
vt 0.436464 0.000000
vt 0.447514 1.000000
vt 0.441989 0.000000
vt 0.453039 1.000000
vt 0.447514 0.000000
vt 0.458564 1.000000
vt 0.453039 0.000000
vt 0.464088 1.000000
vt 0.458564 0.000000
vt 0.469613 1.000000
vt 0.464088 0.000000
vt 0.475138 1.000000
vt 0.469613 0.000000
vt 0.480663 1.000000
vt 0.475138 0.000000
vt 0.486188 1.000000
vt 0.480663 0.000000
vt 0.491713 1.000000
vt 0.486188 0.000000
vt 0.497238 1.000000
vt 0.491713 0.000000
vt 0.502762 1.000000
vt 0.497238 0.000000
vt 0.508287 1.000000
vt 0.502762 0.000000
vt 0.513812 1.000000
vt 0.508287 0.000000
vt 0.519337 1.000000
vt 0.513812 0.000000
vt 0.524862 1.000000
vt 0.519337 0.000000
vt 0.530387 1.000000
vt 0.524862 0.000000
vt 0.535912 1.000000
vt 0.530387 0.000000
vt 0.541436 1.000000
vt 0.535912 0.000000
vt 0.546961 1.000000
vt 0.541436 0.000000
vt 0.552486 1.000000
vt 0.546961 0.000000
vt 0.558011 1.000000
vt 0.552486 0.000000
vt 0.563536 1.000000
vt 0.558011 0.000000
vt 0.569061 1.000000
vt 0.563536 0.000000
vt 0.574586 1.000000
vt 0.569061 0.000000
vt 0.580110 1.000000
vt 0.574586 0.000000
vt 0.585635 1.000000
vt 0.580110 0.000000
vt 0.591160 1.000000
vt 0.585635 0.000000
vt 0.596685 1.000000
vt 0.591160 0.000000
vt 0.602210 1.000000
vt 0.596685 0.000000
vt 0.607735 1.000000
vt 0.602210 0.000000
vt 0.613260 1.000000
vt 0.607735 0.000000
vt 0.618785 1.000000
vt 0.613260 0.000000
vt 0.624309 1.000000
vt 0.618785 0.000000
vt 0.629834 1.000000
vt 0.624309 0.000000
vt 0.635359 1.000000
vt 0.629834 0.000000
vt 0.640884 1.000000
vt 0.635359 0.000000
vt 0.646409 1.000000
vt 0.640884 0.000000
vt 0.651934 1.000000
vt 0.646409 0.000000
vt 0.657459 1.000000
vt 0.651934 0.000000
vt 0.662983 1.000000
vt 0.657459 0.000000
vt 0.668508 1.000000
vt 0.662983 0.000000
vt 0.674033 1.000000
vt 0.668508 0.000000
vt 0.679558 1.000000
vt 0.674033 0.000000
vt 0.685083 1.000000
vt 0.679558 0.000000
vt 0.690608 1.000000
vt 0.685083 0.000000
vt 0.696133 1.000000
vt 0.690608 0.000000
vt 0.701657 1.000000
vt 0.696133 0.000000
vt 0.707182 1.000000
vt 0.701657 0.000000
vt 0.712707 1.000000
vt 0.707182 0.000000
vt 0.718232 1.000000
vt 0.712707 0.000000
vt 0.723757 1.000000
vt 0.718232 0.000000
vt 0.729282 1.000000
vt 0.723757 0.000000
vt 0.734807 1.000000
vt 0.729282 0.000000
vt 0.740331 1.000000
vt 0.734807 0.000000
vt 0.745856 1.000000
vt 0.740331 0.000000
vt 0.751381 1.000000
vt 0.745856 0.000000
vt 0.756906 1.000000
vt 0.751381 0.000000
vt 0.762431 1.000000
vt 0.756906 0.000000
vt 0.767956 1.000000
vt 0.762431 0.000000
vt 0.773481 1.000000
vt 0.767956 0.000000
vt 0.779006 1.000000
vt 0.773481 0.000000
vt 0.784530 1.000000
vt 0.779006 0.000000
vt 0.790055 1.000000
vt 0.784530 0.000000
vt 0.795580 1.000000
vt 0.790055 0.000000
vt 0.801105 1.000000
vt 0.795580 0.000000
vt 0.806630 1.000000
vt 0.801105 0.000000
vt 0.812155 1.000000
vt 0.806630 0.000000
vt 0.817680 1.000000
vt 0.812155 0.000000
vt 0.823204 1.000000
vt 0.817680 0.000000
vt 0.828729 1.000000
vt 0.823204 0.000000
vt 0.834254 1.000000
vt 0.828729 0.000000
vt 0.839779 1.000000
vt 0.834254 0.000000
vt 0.845304 1.000000
vt 0.839779 0.000000
vt 0.850829 1.000000
vt 0.845304 0.000000
vt 0.856354 1.000000
vt 0.850829 0.000000
vt 0.861878 1.000000
vt 0.856354 0.000000
vt 0.867403 1.000000
vt 0.861878 0.000000
vt 0.872928 1.000000
vt 0.867403 0.000000
vt 0.878453 1.000000
vt 0.872928 0.000000
vt 0.883978 1.000000
vt 0.878453 0.000000
vt 0.889503 1.000000
vt 0.883978 0.000000
vt 0.895028 1.000000
vt 0.889503 0.000000
vt 0.900553 1.000000
vt 0.895028 0.000000
vt 0.906077 1.000000
vt 0.900553 0.000000
vt 0.911602 1.000000
vt 0.906077 0.000000
vt 0.917127 1.000000
vt 0.911602 0.000000
vt 0.922652 1.000000
vt 0.917127 0.000000
vt 0.928177 1.000000
vt 0.922652 0.000000
vt 0.933702 1.000000
vt 0.928177 0.000000
vt 0.939227 1.000000
vt 0.933702 0.000000
vt 0.944751 1.000000
vt 0.939227 0.000000
vt 0.950276 1.000000
vt 0.944751 0.000000
vt 0.955801 1.000000
vt 0.950276 0.000000
vt 0.961326 1.000000
vt 0.955801 0.000000
vt 0.966851 1.000000
vt 0.961326 0.000000
vt 0.972376 1.000000
vt 0.966851 0.000000
vt 0.977901 1.000000
vt 0.972376 0.000000
vt 0.983425 1.000000
vt 0.977901 0.000000
vt 0.988950 1.000000
vt 0.983425 0.000000
vt 0.994475 1.000000
vt 0.988950 0.000000
vt 0.994475 0.000000
vt 0.005952 1.000000
vt 0.011905 1.000000
vt 0.005952 0.000000
vt 0.017857 1.000000
vt 0.011905 0.000000
vt 0.023810 1.000000
vt 0.017857 0.000000
vt 0.029762 1.000000
vt 0.023810 0.000000
vt 0.035714 1.000000
vt 0.029762 0.000000
vt 0.041667 1.000000
vt 0.035714 0.000000
vt 0.047619 1.000000
vt 0.041667 0.000000
vt 0.053571 1.000000
vt 0.047619 0.000000
vt 0.059524 1.000000
vt 0.053571 0.000000
vt 0.065476 1.000000
vt 0.059524 0.000000
vt 0.065476 0.000000
vt 0.077381 1.000000
vt 0.083333 1.000000
vt 0.077381 0.000000
vt 0.089286 1.000000
vt 0.095238 1.000000
vt 0.089286 0.000000
vt 0.101190 1.000000
vt 0.095238 0.000000
vt 0.107143 1.000000
vt 0.101190 0.000000
vt 0.113095 1.000000
vt 0.107143 0.000000
vt 0.119048 1.000000
vt 0.113095 0.000000
vt 0.125000 1.000000
vt 0.119048 0.000000
vt 0.130952 1.000000
vt 0.125000 0.000000
vt 0.136905 1.000000
vt 0.130952 0.000000
vt 0.136905 0.000000
vt 0.148810 1.000000
vt 0.154762 1.000000
vt 0.148810 0.000000
vt 0.160714 1.000000
vt 0.154762 0.000000
vt 0.166667 1.000000
vt 0.160714 0.000000
vt 0.172619 1.000000
vt 0.178571 1.000000
vt 0.172619 0.000000
vt 0.184524 1.000000
vt 0.178571 0.000000
vt 0.190476 1.000000
vt 0.184524 0.000000
vt 0.196429 1.000000
vt 0.190476 0.000000
vt 0.202381 1.000000
vt 0.196429 0.000000
vt 0.208333 1.000000
vt 0.202381 0.000000
vt 0.208333 0.000000
vt 0.220238 1.000000
vt 0.226190 1.000000
vt 0.220238 0.000000
vt 0.232143 1.000000
vt 0.226190 0.000000
vt 0.238095 1.000000
vt 0.232143 0.000000
vt 0.244048 1.000000
vt 0.238095 0.000000
vt 0.250000 1.000000
vt 0.244048 0.000000
vt 0.255952 1.000000
vt 0.261905 1.000000
vt 0.255952 0.000000
vt 0.267857 1.000000
vt 0.261905 0.000000
vt 0.273810 1.000000
vt 0.267857 0.000000
vt 0.279762 1.000000
vt 0.273810 0.000000
vt 0.279762 0.000000
vt 0.291667 1.000000
vt 0.297619 1.000000
vt 0.291667 0.000000
vt 0.303571 1.000000
vt 0.297619 0.000000
vt 0.309524 1.000000
vt 0.303571 0.000000
vt 0.315476 1.000000
vt 0.309524 0.000000
vt 0.321429 1.000000
vt 0.315476 0.000000
vt 0.327381 1.000000
vt 0.321429 0.000000
vt 0.333333 1.000000
vt 0.327381 0.000000
vt 0.339286 1.000000
vt 0.345238 1.000000
vt 0.339286 0.000000
vt 0.351190 1.000000
vt 0.345238 0.000000
vt 0.351190 0.000000
vt 0.363095 1.000000
vt 0.369048 1.000000
vt 0.363095 0.000000
vt 0.375000 1.000000
vt 0.369048 0.000000
vt 0.380952 1.000000
vt 0.375000 0.000000
vt 0.386905 1.000000
vt 0.380952 0.000000
vt 0.392857 1.000000
vt 0.386905 0.000000
vt 0.398810 1.000000
vt 0.392857 0.000000
vt 0.404762 1.000000
vt 0.398810 0.000000
vt 0.410714 1.000000
vt 0.404762 0.000000
vt 0.416667 1.000000
vt 0.410714 0.000000
vt 0.422619 1.000000
vt 0.422619 0.000000
vt 0.434524 1.000000
vt 0.440476 1.000000
vt 0.434524 0.000000
vt 0.446429 1.000000
vt 0.440476 0.000000
vt 0.452381 1.000000
vt 0.446429 0.000000
vt 0.458333 1.000000
vt 0.452381 0.000000
vt 0.464286 1.000000
vt 0.458333 0.000000
vt 0.470238 1.000000
vt 0.464286 0.000000
vt 0.476190 1.000000
vt 0.470238 0.000000
vt 0.482143 1.000000
vt 0.476190 0.000000
vt 0.488095 1.000000
vt 0.482143 0.000000
vt 0.494048 1.000000
vt 0.488095 0.000000
vt 0.494048 0.000000
vt 0.505952 1.000000
vt 0.511905 1.000000
vt 0.505952 0.000000
vt 0.517857 1.000000
vt 0.511905 0.000000
vt 0.523810 1.000000
vt 0.517857 0.000000
vt 0.529762 1.000000
vt 0.523810 0.000000
vt 0.535714 1.000000
vt 0.529762 0.000000
vt 0.541667 1.000000
vt 0.535714 0.000000
vt 0.547619 1.000000
vt 0.541667 0.000000
vt 0.553571 1.000000
vt 0.547619 0.000000
vt 0.559524 1.000000
vt 0.553571 0.000000
vt 0.565476 1.000000
vt 0.559524 0.000000
vt 0.565476 0.000000
vt 0.577381 1.000000
vt 0.583333 1.000000
vt 0.577381 0.000000
vt 0.589286 1.000000
vt 0.595238 1.000000
vt 0.589286 0.000000
vt 0.601190 1.000000
vt 0.595238 0.000000
vt 0.607143 1.000000
vt 0.601190 0.000000
vt 0.613095 1.000000
vt 0.607143 0.000000
vt 0.619048 1.000000
vt 0.613095 0.000000
vt 0.625000 1.000000
vt 0.619048 0.000000
vt 0.630952 1.000000
vt 0.625000 0.000000
vt 0.636905 1.000000
vt 0.630952 0.000000
vt 0.636905 0.000000
vt 0.648810 1.000000
vt 0.654762 1.000000
vt 0.648810 0.000000
vt 0.660714 1.000000
vt 0.654762 0.000000
vt 0.666667 1.000000
vt 0.660714 0.000000
vt 0.672619 1.000000
vt 0.678571 1.000000
vt 0.672619 0.000000
vt 0.684524 1.000000
vt 0.678571 0.000000
vt 0.690476 1.000000
vt 0.684524 0.000000
vt 0.696429 1.000000
vt 0.690476 0.000000
vt 0.702381 1.000000
vt 0.696429 0.000000
vt 0.708333 1.000000
vt 0.702381 0.000000
vt 0.708333 0.000000
vt 0.720238 1.000000
vt 0.726190 1.000000
vt 0.720238 0.000000
vt 0.732143 1.000000
vt 0.726190 0.000000
vt 0.738095 1.000000
vt 0.732143 0.000000
vt 0.744048 1.000000
vt 0.738095 0.000000
vt 0.750000 1.000000
vt 0.744048 0.000000
vt 0.755952 1.000000
vt 0.761905 1.000000
vt 0.755952 0.000000
vt 0.767857 1.000000
vt 0.761905 0.000000
vt 0.773810 1.000000
vt 0.767857 0.000000
vt 0.779762 1.000000
vt 0.773810 0.000000
vt 0.779762 0.000000
vt 0.791667 1.000000
vt 0.797619 1.000000
vt 0.791667 0.000000
vt 0.803571 1.000000
vt 0.797619 0.000000
vt 0.809524 1.000000
vt 0.803571 0.000000
vt 0.815476 1.000000
vt 0.809524 0.000000
vt 0.821429 1.000000
vt 0.815476 0.000000
vt 0.827381 1.000000
vt 0.821429 0.000000
vt 0.833333 1.000000
vt 0.827381 0.000000
vt 0.839286 1.000000
vt 0.845238 1.000000
vt 0.839286 0.000000
vt 0.851190 1.000000
vt 0.845238 0.000000
vt 0.851190 0.000000
vt 0.863095 1.000000
vt 0.869048 1.000000
vt 0.863095 0.000000
vt 0.875000 1.000000
vt 0.869048 0.000000
vt 0.880952 1.000000
vt 0.875000 0.000000
vt 0.886905 1.000000
vt 0.880952 0.000000
vt 0.892857 1.000000
vt 0.886905 0.000000
vt 0.898810 1.000000
vt 0.892857 0.000000
vt 0.904762 1.000000
vt 0.898810 0.000000
vt 0.910714 1.000000
vt 0.904762 0.000000
vt 0.916667 1.000000
vt 0.910714 0.000000
vt 0.922619 1.000000
vt 0.922619 0.000000
vt 0.934524 1.000000
vt 0.940476 1.000000
vt 0.934524 0.000000
vt 0.946429 1.000000
vt 0.940476 0.000000
vt 0.952381 1.000000
vt 0.946429 0.000000
vt 0.958333 1.000000
vt 0.952381 0.000000
vt 0.964286 1.000000
vt 0.958333 0.000000
vt 0.970238 1.000000
vt 0.964286 0.000000
vt 0.976190 1.000000
vt 0.970238 0.000000
vt 0.982143 1.000000
vt 0.976190 0.000000
vt 0.988095 1.000000
vt 0.982143 0.000000
vt 0.994048 1.000000
vt 0.988095 0.000000
vt 0.994048 0.000000
vt 0.005917 1.000000
vt 0.011834 1.000000
vt 0.005917 0.000000
vt 0.017751 1.000000
vt 0.011834 0.000000
vt 0.023669 1.000000
vt 0.017751 0.000000
vt 0.029586 1.000000
vt 0.023669 0.000000
vt 0.035503 1.000000
vt 0.029586 0.000000
vt 0.041420 1.000000
vt 0.035503 0.000000
vt 0.047337 1.000000
vt 0.041420 0.000000
vt 0.053254 1.000000
vt 0.047337 0.000000
vt 0.059172 1.000000
vt 0.053254 0.000000
vt 0.065089 1.000000
vt 0.059172 0.000000
vt 0.071006 1.000000
vt 0.065089 0.000000
vt 0.076923 1.000000
vt 0.071006 0.000000
vt 0.082840 1.000000
vt 0.076923 0.000000
vt 0.088757 1.000000
vt 0.082840 0.000000
vt 0.094675 1.000000
vt 0.088757 0.000000
vt 0.100592 1.000000
vt 0.094675 0.000000
vt 0.106509 1.000000
vt 0.100592 0.000000
vt 0.112426 1.000000
vt 0.106509 0.000000
vt 0.118343 1.000000
vt 0.112426 0.000000
vt 0.124260 1.000000
vt 0.118343 0.000000
vt 0.130178 1.000000
vt 0.124260 0.000000
vt 0.136095 1.000000
vt 0.130178 0.000000
vt 0.142012 1.000000
vt 0.136095 0.000000
vt 0.147929 1.000000
vt 0.142012 0.000000
vt 0.153846 1.000000
vt 0.147929 0.000000
vt 0.159763 1.000000
vt 0.153846 0.000000
vt 0.165680 1.000000
vt 0.159763 0.000000
vt 0.171598 1.000000
vt 0.165680 0.000000
vt 0.177515 1.000000
vt 0.171598 0.000000
vt 0.183432 1.000000
vt 0.177515 0.000000
vt 0.189349 1.000000
vt 0.183432 0.000000
vt 0.195266 1.000000
vt 0.189349 0.000000
vt 0.201183 1.000000
vt 0.195266 0.000000
vt 0.207101 1.000000
vt 0.201183 0.000000
vt 0.213018 1.000000
vt 0.207101 0.000000
vt 0.218935 1.000000
vt 0.213018 0.000000
vt 0.224852 1.000000
vt 0.218935 0.000000
vt 0.230769 1.000000
vt 0.224852 0.000000
vt 0.236686 1.000000
vt 0.230769 0.000000
vt 0.242604 1.000000
vt 0.236686 0.000000
vt 0.248521 1.000000
vt 0.242604 0.000000
vt 0.254438 1.000000
vt 0.248521 0.000000
vt 0.260355 1.000000
vt 0.254438 0.000000
vt 0.266272 1.000000
vt 0.260355 0.000000
vt 0.272189 1.000000
vt 0.266272 0.000000
vt 0.278107 1.000000
vt 0.272189 0.000000
vt 0.284024 1.000000
vt 0.278107 0.000000
vt 0.289941 1.000000
vt 0.284024 0.000000
vt 0.295858 1.000000
vt 0.289941 0.000000
vt 0.301775 1.000000
vt 0.295858 0.000000
vt 0.307692 1.000000
vt 0.301775 0.000000
vt 0.313609 1.000000
vt 0.307692 0.000000
vt 0.319527 1.000000
vt 0.313609 0.000000
vt 0.325444 1.000000
vt 0.319527 0.000000
vt 0.331361 1.000000
vt 0.325444 0.000000
vt 0.337278 1.000000
vt 0.331361 0.000000
vt 0.343195 1.000000
vt 0.337278 0.000000
vt 0.349112 1.000000
vt 0.343195 0.000000
vt 0.355030 1.000000
vt 0.349112 0.000000
vt 0.360947 1.000000
vt 0.355030 0.000000
vt 0.366864 1.000000
vt 0.360947 0.000000
vt 0.372781 1.000000
vt 0.366864 0.000000
vt 0.378698 1.000000
vt 0.372781 0.000000
vt 0.384615 1.000000
vt 0.378698 0.000000
vt 0.390533 1.000000
vt 0.384615 0.000000
vt 0.396450 1.000000
vt 0.390533 0.000000
vt 0.402367 1.000000
vt 0.396450 0.000000
vt 0.408284 1.000000
vt 0.402367 0.000000
vt 0.414201 1.000000
vt 0.408284 0.000000
vt 0.420118 1.000000
vt 0.414201 0.000000
vt 0.426035 1.000000
vt 0.420118 0.000000
vt 0.431953 1.000000
vt 0.426035 0.000000
vt 0.437870 1.000000
vt 0.431953 0.000000
vt 0.443787 1.000000
vt 0.437870 0.000000
vt 0.449704 1.000000
vt 0.443787 0.000000
vt 0.455621 1.000000
vt 0.449704 0.000000
vt 0.461538 1.000000
vt 0.455621 0.000000
vt 0.467456 1.000000
vt 0.461538 0.000000
vt 0.473373 1.000000
vt 0.467456 0.000000
vt 0.479290 1.000000
vt 0.473373 0.000000
vt 0.485207 1.000000
vt 0.479290 0.000000
vt 0.491124 1.000000
vt 0.485207 0.000000
vt 0.497041 1.000000
vt 0.491124 0.000000
vt 0.502959 1.000000
vt 0.497041 0.000000
vt 0.508876 1.000000
vt 0.502959 0.000000
vt 0.514793 1.000000
vt 0.508876 0.000000
vt 0.520710 1.000000
vt 0.514793 0.000000
vt 0.526627 1.000000
vt 0.520710 0.000000
vt 0.532544 1.000000
vt 0.526627 0.000000
vt 0.538462 1.000000
vt 0.532544 0.000000
vt 0.544379 1.000000
vt 0.538462 0.000000
vt 0.550296 1.000000
vt 0.544379 0.000000
vt 0.556213 1.000000
vt 0.550296 0.000000
vt 0.562130 1.000000
vt 0.556213 0.000000
vt 0.568047 1.000000
vt 0.562130 0.000000
vt 0.573964 1.000000
vt 0.568047 0.000000
vt 0.579882 1.000000
vt 0.573964 0.000000
vt 0.585799 1.000000
vt 0.579882 0.000000
vt 0.591716 1.000000
vt 0.585799 0.000000
vt 0.597633 1.000000
vt 0.591716 0.000000
vt 0.603550 1.000000
vt 0.597633 0.000000
vt 0.609467 1.000000
vt 0.603550 0.000000
vt 0.615385 1.000000
vt 0.609467 0.000000
vt 0.621302 1.000000
vt 0.615385 0.000000
vt 0.627219 1.000000
vt 0.621302 0.000000
vt 0.633136 1.000000
vt 0.627219 0.000000
vt 0.639053 1.000000
vt 0.633136 0.000000
vt 0.644970 1.000000
vt 0.639053 0.000000
vt 0.650888 1.000000
vt 0.644970 0.000000
vt 0.656805 1.000000
vt 0.650888 0.000000
vt 0.662722 1.000000
vt 0.656805 0.000000
vt 0.668639 1.000000
vt 0.662722 0.000000
vt 0.674556 1.000000
vt 0.668639 0.000000
vt 0.680473 1.000000
vt 0.674556 0.000000
vt 0.686391 1.000000
vt 0.680473 0.000000
vt 0.692308 1.000000
vt 0.686391 0.000000
vt 0.698225 1.000000
vt 0.692308 0.000000
vt 0.704142 1.000000
vt 0.698225 0.000000
vt 0.710059 1.000000
vt 0.704142 0.000000
vt 0.715976 1.000000
vt 0.710059 0.000000
vt 0.721893 1.000000
vt 0.715976 0.000000
vt 0.727811 1.000000
vt 0.721893 0.000000
vt 0.733728 1.000000
vt 0.727811 0.000000
vt 0.739645 1.000000
vt 0.733728 0.000000
vt 0.745562 1.000000
vt 0.739645 0.000000
vt 0.751479 1.000000
vt 0.745562 0.000000
vt 0.757396 1.000000
vt 0.751479 0.000000
vt 0.763314 1.000000
vt 0.757396 0.000000
vt 0.769231 1.000000
vt 0.763314 0.000000
vt 0.775148 1.000000
vt 0.769231 0.000000
vt 0.781065 1.000000
vt 0.775148 0.000000
vt 0.786982 1.000000
vt 0.781065 0.000000
vt 0.792899 1.000000
vt 0.786982 0.000000
vt 0.798817 1.000000
vt 0.792899 0.000000
vt 0.804734 1.000000
vt 0.798817 0.000000
vt 0.810651 1.000000
vt 0.804734 0.000000
vt 0.816568 1.000000
vt 0.810651 0.000000
vt 0.822485 1.000000
vt 0.816568 0.000000
vt 0.828402 1.000000
vt 0.822485 0.000000
vt 0.834320 1.000000
vt 0.828402 0.000000
vt 0.840237 1.000000
vt 0.834320 0.000000
vt 0.846154 1.000000
vt 0.840237 0.000000
vt 0.852071 1.000000
vt 0.846154 0.000000
vt 0.857988 1.000000
vt 0.852071 0.000000
vt 0.863905 1.000000
vt 0.857988 0.000000
vt 0.869823 1.000000
vt 0.863905 0.000000
vt 0.875740 1.000000
vt 0.869823 0.000000
vt 0.881657 1.000000
vt 0.875740 0.000000
vt 0.887574 1.000000
vt 0.881657 0.000000
vt 0.893491 1.000000
vt 0.887574 0.000000
vt 0.899408 1.000000
vt 0.893491 0.000000
vt 0.905325 1.000000
vt 0.899408 0.000000
vt 0.911243 1.000000
vt 0.905325 0.000000
vt 0.917160 1.000000
vt 0.911243 0.000000
vt 0.923077 1.000000
vt 0.917160 0.000000
vt 0.928994 1.000000
vt 0.923077 0.000000
vt 0.934911 1.000000
vt 0.928994 0.000000
vt 0.940828 1.000000
vt 0.934911 0.000000
vt 0.946746 1.000000
vt 0.940828 0.000000
vt 0.952663 1.000000
vt 0.946746 0.000000
vt 0.958580 1.000000
vt 0.952663 0.000000
vt 0.964497 1.000000
vt 0.958580 0.000000
vt 0.970414 1.000000
vt 0.964497 0.000000
vt 0.976331 1.000000
vt 0.970414 0.000000
vt 0.982249 1.000000
vt 0.976331 0.000000
vt 0.988166 1.000000
vt 0.982249 0.000000
vt 0.994083 1.000000
vt 0.988166 0.000000
vt 0.994083 0.000000
vt 0.007407 1.000000
vt 0.014815 1.000000
vt 0.007407 0.000000
vt 0.022222 1.000000
vt 0.014815 0.000000
vt 0.029630 1.000000
vt 0.037037 1.000000
vt 0.029630 0.000000
vt 0.044444 1.000000
vt 0.037037 0.000000
vt 0.051852 1.000000
vt 0.059259 1.000000
vt 0.051852 0.000000
vt 0.066667 1.000000
vt 0.059259 0.000000
vt 0.074074 1.000000
vt 0.081481 1.000000
vt 0.074074 0.000000
vt 0.088889 1.000000
vt 0.081481 0.000000
vt 0.096296 1.000000
vt 0.103704 1.000000
vt 0.096296 0.000000
vt 0.111111 1.000000
vt 0.103704 0.000000
vt 0.118519 1.000000
vt 0.125926 1.000000
vt 0.118519 0.000000
vt 0.133333 1.000000
vt 0.125926 0.000000
vt 0.140741 1.000000
vt 0.148148 1.000000
vt 0.140741 0.000000
vt 0.155556 1.000000
vt 0.148148 0.000000
vt 0.162963 1.000000
vt 0.170370 1.000000
vt 0.162963 0.000000
vt 0.177778 1.000000
vt 0.170370 0.000000
vt 0.185185 1.000000
vt 0.192593 1.000000
vt 0.185185 0.000000
vt 0.200000 1.000000
vt 0.192593 0.000000
vt 0.207407 1.000000
vt 0.214815 1.000000
vt 0.207407 0.000000
vt 0.222222 1.000000
vt 0.214815 0.000000
vt 0.229630 1.000000
vt 0.237037 1.000000
vt 0.229630 0.000000
vt 0.244444 1.000000
vt 0.237037 0.000000
vt 0.251852 1.000000
vt 0.259259 1.000000
vt 0.251852 0.000000
vt 0.266667 1.000000
vt 0.259259 0.000000
vt 0.274074 1.000000
vt 0.281481 1.000000
vt 0.274074 0.000000
vt 0.288889 1.000000
vt 0.281481 0.000000
vt 0.296296 1.000000
vt 0.303704 1.000000
vt 0.296296 0.000000
vt 0.311111 1.000000
vt 0.303704 0.000000
vt 0.318519 1.000000
vt 0.325926 1.000000
vt 0.318519 0.000000
vt 0.325926 0.000000
vt 0.340741 1.000000
vt 0.348148 1.000000
vt 0.340741 0.000000
vt 0.355556 1.000000
vt 0.348148 0.000000
vt 0.362963 1.000000
vt 0.370370 1.000000
vt 0.362963 0.000000
vt 0.377778 1.000000
vt 0.370370 0.000000
vt 0.385185 1.000000
vt 0.392593 1.000000
vt 0.385185 0.000000
vt 0.400000 1.000000
vt 0.392593 0.000000
vt 0.407407 1.000000
vt 0.414815 1.000000
vt 0.407407 0.000000
vt 0.422222 1.000000
vt 0.414815 0.000000
vt 0.429630 1.000000
vt 0.437037 1.000000
vt 0.429630 0.000000
vt 0.444444 1.000000
vt 0.437037 0.000000
vt 0.451852 1.000000
vt 0.459259 1.000000
vt 0.451852 0.000000
vt 0.466667 1.000000
vt 0.459259 0.000000
vt 0.474074 1.000000
vt 0.481481 1.000000
vt 0.474074 0.000000
vt 0.488889 1.000000
vt 0.481481 0.000000
vt 0.496296 1.000000
vt 0.503704 1.000000
vt 0.496296 0.000000
vt 0.511111 1.000000
vt 0.503704 0.000000
vt 0.518519 1.000000
vt 0.525926 1.000000
vt 0.518519 0.000000
vt 0.533333 1.000000
vt 0.525926 0.000000
vt 0.540741 1.000000
vt 0.548148 1.000000
vt 0.540741 0.000000
vt 0.555556 1.000000
vt 0.548148 0.000000
vt 0.562963 1.000000
vt 0.570370 1.000000
vt 0.562963 0.000000
vt 0.577778 1.000000
vt 0.570370 0.000000
vt 0.585185 1.000000
vt 0.592593 1.000000
vt 0.585185 0.000000
vt 0.600000 1.000000
vt 0.592593 0.000000
vt 0.607407 1.000000
vt 0.614815 1.000000
vt 0.607407 0.000000
vt 0.622222 1.000000
vt 0.614815 0.000000
vt 0.629630 1.000000
vt 0.637037 1.000000
vt 0.629630 0.000000
vt 0.644444 1.000000
vt 0.637037 0.000000
vt 0.651852 1.000000
vt 0.659259 1.000000
vt 0.651852 0.000000
vt 0.659259 0.000000
vt 0.674074 1.000000
vt 0.681481 1.000000
vt 0.674074 0.000000
vt 0.688889 1.000000
vt 0.681481 0.000000
vt 0.696296 1.000000
vt 0.703704 1.000000
vt 0.696296 0.000000
vt 0.711111 1.000000
vt 0.703704 0.000000
vt 0.718518 1.000000
vt 0.725926 1.000000
vt 0.718518 0.000000
vt 0.733333 1.000000
vt 0.725926 0.000000
vt 0.740741 1.000000
vt 0.748148 1.000000
vt 0.740741 0.000000
vt 0.755556 1.000000
vt 0.748148 0.000000
vt 0.762963 1.000000
vt 0.770370 1.000000
vt 0.762963 0.000000
vt 0.777778 1.000000
vt 0.770370 0.000000
vt 0.785185 1.000000
vt 0.792593 1.000000
vt 0.785185 0.000000
vt 0.800000 1.000000
vt 0.792593 0.000000
vt 0.807407 1.000000
vt 0.814815 1.000000
vt 0.807407 0.000000
vt 0.822222 1.000000
vt 0.814815 0.000000
vt 0.829630 1.000000
vt 0.837037 1.000000
vt 0.829630 0.000000
vt 0.844444 1.000000
vt 0.837037 0.000000
vt 0.851852 1.000000
vt 0.859259 1.000000
vt 0.851852 0.000000
vt 0.866667 1.000000
vt 0.859259 0.000000
vt 0.874074 1.000000
vt 0.881481 1.000000
vt 0.874074 0.000000
vt 0.888889 1.000000
vt 0.881481 0.000000
vt 0.896296 1.000000
vt 0.903704 1.000000
vt 0.896296 0.000000
vt 0.911111 1.000000
vt 0.903704 0.000000
vt 0.918519 1.000000
vt 0.925926 1.000000
vt 0.918519 0.000000
vt 0.933333 1.000000
vt 0.925926 0.000000
vt 0.940741 1.000000
vt 0.948148 1.000000
vt 0.940741 0.000000
vt 0.955556 1.000000
vt 0.948148 0.000000
vt 0.962963 1.000000
vt 0.970370 1.000000
vt 0.962963 0.000000
vt 0.977778 1.000000
vt 0.970370 0.000000
vt 0.985185 1.000000
vt 0.992593 1.000000
vt 0.985185 0.000000
vt 0.992593 0.000000
s 0
usemtl マテリアル.004
f 158/1/1 160/2/1 159/3/1
f 158/1/1 161/4/1 160/2/1
f 158/1/1 162/5/1 161/4/1
f 157/6/1 162/5/1 158/1/1
f 157/6/1 163/7/1 162/5/1
f 157/6/1 164/8/1 163/7/1
f 156/9/1 164/8/1 157/6/1
f 156/9/1 165/10/1 164/8/1
f 155/11/1 165/10/1 156/9/1
f 155/11/1 166/12/1 165/10/1
f 154/13/1 166/12/1 155/11/1
f 154/13/1 167/14/1 166/12/1
f 154/13/1 168/15/1 167/14/1
f 153/16/1 168/15/1 154/13/1
f 153/16/1 169/17/1 168/15/1
f 152/18/1 169/17/1 153/16/1
f 152/18/1 170/19/1 169/17/1
f 151/20/1 170/19/1 152/18/1
f 151/20/1 171/21/1 170/19/1
f 150/22/1 171/21/1 151/20/1
f 150/22/1 172/23/1 171/21/1
f 149/24/1 172/23/1 150/22/1
f 148/25/1 172/23/1 149/24/1
f 148/25/1 173/26/1 172/23/1
f 147/27/1 173/26/1 148/25/1
f 146/28/1 173/26/1 147/27/1
f 146/28/1 174/29/1 173/26/1
f 145/30/1 174/29/1 146/28/1
f 145/30/1 175/31/1 174/29/1
f 144/32/1 175/31/1 145/30/1
f 144/32/1 176/33/1 175/31/1
f 143/34/1 176/33/1 144/32/1
f 142/35/1 176/33/1 143/34/1
f 142/35/1 177/36/1 176/33/1
f 141/37/1 177/36/1 142/35/1
f 141/37/1 178/38/1 177/36/1
f 140/39/1 178/38/1 141/37/1
f 140/39/1 179/40/1 178/38/1
f 139/41/1 179/40/1 140/39/1
f 139/41/1 180/42/1 179/40/1
f 138/43/1 180/42/1 139/41/1
f 138/43/1 181/44/1 180/42/1
f 137/45/1 181/44/1 138/43/1
f 137/45/1 182/46/1 181/44/1
f 136/47/1 182/46/1 137/45/1
f 136/47/1 183/48/1 182/46/1
f 304/49/1 183/48/1 136/47/1
f 304/49/1 184/50/1 183/48/1
f 303/51/1 184/50/1 304/49/1
f 254/52/1 256/53/1 255/54/1
f 253/55/1 256/53/1 254/52/1
f 253/55/1 257/56/1 256/53/1
f 252/57/1 257/56/1 253/55/1
f 252/57/1 258/58/1 257/56/1
f 251/59/1 258/58/1 252/57/1
f 251/59/1 259/60/1 258/58/1
f 250/61/1 259/60/1 251/59/1
f 250/61/1 260/62/1 259/60/1
f 249/63/1 260/62/1 250/61/1
f 303/51/1 185/64/1 184/50/1
f 248/65/1 260/62/1 249/63/1
f 248/65/1 261/66/1 260/62/1
f 247/67/1 261/66/1 248/65/1
f 247/67/1 262/68/1 261/66/1
f 246/69/1 262/68/1 247/67/1
f 245/70/1 262/68/1 246/69/1
f 245/70/1 263/71/1 262/68/1
f 244/72/1 263/71/1 245/70/1
f 243/73/1 263/71/1 244/72/1
f 243/73/1 264/74/1 263/71/1
f 303/51/1 186/75/1 185/64/1
f 242/76/1 264/74/1 243/73/1
f 242/76/1 265/77/1 264/74/1
f 241/78/1 265/77/1 242/76/1
f 241/78/1 266/79/1 265/77/1
f 303/51/1 187/80/1 186/75/1
f 240/81/1 266/79/1 241/78/1
f 240/81/1 267/82/1 266/79/1
f 239/83/1 267/82/1 240/81/1
f 303/51/1 188/84/1 187/80/1
f 239/83/1 268/85/1 267/82/1
f 238/86/1 268/85/1 239/83/1
f 238/86/1 269/87/1 268/85/1
f 303/51/1 189/88/1 188/84/1
f 237/89/1 269/87/1 238/86/1
f 237/89/1 270/90/1 269/87/1
f 236/91/1 270/90/1 237/89/1
f 236/91/1 271/92/1 270/90/1
f 303/51/1 190/93/1 189/88/1
f 235/94/1 271/92/1 236/91/1
f 235/94/1 272/95/1 271/92/1
f 235/94/1 273/96/1 272/95/1
f 234/97/1 273/96/1 235/94/1
f 303/51/1 191/98/1 190/93/1
f 234/97/1 274/99/1 273/96/1
f 233/100/1 274/99/1 234/97/1
f 303/51/1 192/101/1 191/98/1
f 233/100/1 275/102/1 274/99/1
f 232/103/1 275/102/1 233/100/1
f 232/103/1 276/104/1 275/102/1
f 231/105/1 276/104/1 232/103/1
f 303/51/1 193/106/1 192/101/1
f 231/105/1 277/107/1 276/104/1
f 230/108/1 277/107/1 231/105/1
f 230/108/1 278/109/1 277/107/1
f 229/110/1 278/109/1 230/108/1
f 303/51/1 194/111/1 193/106/1
f 229/110/1 279/112/1 278/109/1
f 228/113/1 279/112/1 229/110/1
f 227/114/1 279/112/1 228/113/1
f 227/114/1 280/115/1 279/112/1
f 226/116/1 280/115/1 227/114/1
f 303/51/1 195/117/1 194/111/1
f 225/118/1 280/115/1 226/116/1
f 224/119/1 280/115/1 225/118/1
f 223/120/1 280/115/1 224/119/1
f 303/51/1 196/121/1 195/117/1
f 222/122/1 280/115/1 223/120/1
f 303/51/1 197/123/1 196/121/1
f 303/51/1 198/124/1 197/123/1
f 221/125/1 280/115/1 222/122/1
f 303/51/1 199/126/1 198/124/1
f 220/127/1 280/115/1 221/125/1
f 303/51/1 200/128/1 199/126/1
f 303/51/1 201/129/1 200/128/1
f 219/130/1 280/115/1 220/127/1
f 303/51/1 202/131/1 201/129/1
f 219/130/1 281/132/1 280/115/1
f 218/133/1 281/132/1 219/130/1
f 303/51/1 203/134/1 202/131/1
f 217/135/1 281/132/1 218/133/1
f 216/136/1 281/132/1 217/135/1
f 215/137/1 281/132/1 216/136/1
f 303/51/1 204/138/1 203/134/1
f 214/139/1 281/132/1 215/137/1
f 213/140/1 281/132/1 214/139/1
f 303/51/1 205/141/1 204/138/1
f 212/142/1 281/132/1 213/140/1
f 211/143/1 281/132/1 212/142/1
f 303/51/1 206/144/1 205/141/1
f 210/145/1 281/132/1 211/143/1
f 209/146/1 281/132/1 210/145/1
f 303/51/1 207/147/1 206/144/1
f 208/148/1 281/132/1 209/146/1
f 207/147/1 281/132/1 208/148/1
f 303/51/1 281/132/1 207/147/1
f 303/51/1 282/149/1 281/132/1
f 302/150/1 282/149/1 303/51/1
f 301/151/1 282/149/1 302/150/1
f 300/152/1 282/149/1 301/151/1
f 300/152/1 283/153/1 282/149/1
f 299/154/1 283/153/1 300/152/1
f 298/155/1 283/153/1 299/154/1
f 298/155/1 284/156/1 283/153/1
f 297/157/1 284/156/1 298/155/1
f 297/157/1 285/158/1 284/156/1
f 296/159/1 285/158/1 297/157/1
f 296/159/1 286/160/1 285/158/1
f 295/161/1 286/160/1 296/159/1
f 295/161/1 287/162/1 286/160/1
f 294/163/1 287/162/1 295/161/1
f 294/163/1 288/164/1 287/162/1
f 293/165/1 288/164/1 294/163/1
f 293/165/1 289/166/1 288/164/1
f 292/167/1 289/166/1 293/165/1
f 292/167/1 290/168/1 289/166/1
f 291/169/1 290/168/1 292/167/1
f 119/170/1 121/171/1 120/172/1
f 119/170/1 122/173/1 121/171/1
f 119/170/1 123/174/1 122/173/1
f 118/175/1 123/174/1 119/170/1
f 117/176/1 123/174/1 118/175/1
f 117/176/1 124/177/1 123/174/1
f 116/178/1 124/177/1 117/176/1
f 115/179/1 124/177/1 116/178/1
f 115/179/1 125/180/1 124/177/1
f 114/181/1 125/180/1 115/179/1
f 113/182/1 125/180/1 114/181/1
f 113/182/1 126/183/1 125/180/1
f 112/184/1 126/183/1 113/182/1
f 111/185/1 126/183/1 112/184/1
f 111/185/1 127/186/1 126/183/1
f 110/187/1 127/186/1 111/185/1
f 110/187/1 128/188/1 127/186/1
f 109/189/1 128/188/1 110/187/1
f 108/190/1 128/188/1 109/189/1
f 108/190/1 129/191/1 128/188/1
f 107/192/1 129/191/1 108/190/1
f 106/193/1 129/191/1 107/192/1
f 106/193/1 130/194/1 129/191/1
f 105/195/1 130/194/1 106/193/1
f 104/196/1 130/194/1 105/195/1
f 104/196/1 131/197/1 130/194/1
f 103/198/1 131/197/1 104/196/1
f 102/199/1 131/197/1 103/198/1
f 102/199/1 132/200/1 131/197/1
f 101/201/1 132/200/1 102/199/1
f 100/202/1 132/200/1 101/201/1
f 100/202/1 133/203/1 132/200/1
f 99/204/1 133/203/1 100/202/1
f 98/205/1 133/203/1 99/204/1
f 98/205/1 134/206/1 133/203/1
f 97/207/1 134/206/1 98/205/1
f 97/207/1 135/208/1 134/206/1
f 96/209/1 135/208/1 97/207/1
f 95/210/1 135/208/1 96/209/1
f 94/211/1 135/208/1 95/210/1
f 93/212/1 135/208/1 94/211/1
f 92/213/1 135/208/1 93/212/1
f 91/214/1 135/208/1 92/213/1
f 90/215/1 135/208/1 91/214/1
f 89/216/1 135/208/1 90/215/1
f 89/216/1 1/217/1 135/208/1
f 88/218/1 1/217/1 89/216/1
f 87/219/1 1/217/1 88/218/1
f 87/219/1 2/220/1 1/217/1
f 86/221/1 2/220/1 87/219/1
f 85/222/1 2/220/1 86/221/1
f 84/223/1 2/220/1 85/222/1
f 84/223/1 3/224/1 2/220/1
f 83/225/1 3/224/1 84/223/1
f 83/225/1 4/226/1 3/224/1
f 82/227/1 4/226/1 83/225/1
f 81/228/1 4/226/1 82/227/1
f 81/228/1 5/229/1 4/226/1
f 80/230/1 5/229/1 81/228/1
f 79/231/1 5/229/1 80/230/1
f 79/231/1 6/232/1 5/229/1
f 78/233/1 6/232/1 79/231/1
f 77/234/1 6/232/1 78/233/1
f 77/234/1 7/235/1 6/232/1
f 76/236/1 7/235/1 77/234/1
f 75/237/1 7/235/1 76/236/1
f 75/237/1 8/238/1 7/235/1
f 74/239/1 8/238/1 75/237/1
f 73/240/1 8/238/1 74/239/1
f 72/241/1 8/238/1 73/240/1
f 71/242/1 8/238/1 72/241/1
f 71/242/1 9/243/1 8/238/1
f 70/244/1 9/243/1 71/242/1
f 69/245/1 9/243/1 70/244/1
f 68/246/1 9/243/1 69/245/1
f 67/247/1 9/243/1 68/246/1
f 66/248/1 9/243/1 67/247/1
f 66/248/1 10/249/1 9/243/1
f 65/250/1 10/249/1 66/248/1
f 64/251/1 10/249/1 65/250/1
f 63/252/1 10/249/1 64/251/1
f 62/253/1 10/249/1 63/252/1
f 61/254/1 10/249/1 62/253/1
f 60/255/1 10/249/1 61/254/1
f 59/256/1 10/249/1 60/255/1
f 58/257/1 10/249/1 59/256/1
f 57/258/1 10/249/1 58/257/1
f 56/259/1 10/249/1 57/258/1
f 55/260/1 10/249/1 56/259/1
f 54/261/1 10/249/1 55/260/1
f 53/262/1 10/249/1 54/261/1
f 52/263/1 10/249/1 53/262/1
f 51/264/1 10/249/1 52/263/1
f 50/265/1 10/249/1 51/264/1
f 49/266/1 10/249/1 50/265/1
f 48/267/1 10/249/1 49/266/1
f 47/268/1 10/249/1 48/267/1
f 46/269/1 10/249/1 47/268/1
f 45/270/1 10/249/1 46/269/1
f 44/271/1 10/249/1 45/270/1
f 43/272/1 10/249/1 44/271/1
f 42/273/1 10/249/1 43/272/1
f 41/274/1 10/249/1 42/273/1
f 36/275/1 38/276/1 37/277/1
f 40/278/1 10/249/1 41/274/1
f 39/279/1 10/249/1 40/278/1
f 38/276/1 10/249/1 39/279/1
f 36/275/1 10/249/1 38/276/1
f 36/275/1 11/280/1 10/249/1
f 35/281/1 11/280/1 36/275/1
f 34/282/1 11/280/1 35/281/1
f 33/283/1 11/280/1 34/282/1
f 33/283/1 12/284/1 11/280/1
f 32/285/1 12/284/1 33/283/1
f 31/286/1 12/284/1 32/285/1
f 31/286/1 13/287/1 12/284/1
f 31/286/1 14/288/1 13/287/1
f 30/289/1 14/288/1 31/286/1
f 30/289/1 15/290/1 14/288/1
f 29/291/1 15/290/1 30/289/1
f 29/291/1 16/292/1 15/290/1
f 29/291/1 17/293/1 16/292/1
f 28/294/1 17/293/1 29/291/1
f 28/294/1 18/295/1 17/293/1
f 27/296/1 18/295/1 28/294/1
f 27/296/1 19/297/1 18/295/1
f 27/296/1 20/298/1 19/297/1
f 26/299/1 20/298/1 27/296/1
f 26/299/1 21/300/1 20/298/1
f 26/299/1 22/301/1 21/300/1
f 25/302/1 22/301/1 26/299/1
f 25/302/1 23/303/1 22/301/1
f 24/304/1 23/303/1 25/302/1
f 435/305/1 437/306/1 436/307/1
f 434/308/1 437/306/1 435/305/1
f 433/309/1 437/306/1 434/308/1
f 432/310/1 437/306/1 433/309/1
f 432/310/1 438/311/1 437/306/1
f 431/312/1 438/311/1 432/310/1
f 430/313/1 438/311/1 431/312/1
f 430/313/1 439/314/1 438/311/1
f 429/315/1 439/314/1 430/313/1
f 428/316/1 439/314/1 429/315/1
f 428/316/1 440/317/1 439/314/1
f 427/318/1 440/317/1 428/316/1
f 427/318/1 441/319/1 440/317/1
f 426/320/1 441/319/1 427/318/1
f 425/321/1 441/319/1 426/320/1
f 425/321/1 442/322/1 441/319/1
f 424/323/1 442/322/1 425/321/1
f 424/323/1 443/324/1 442/322/1
f 423/325/1 443/324/1 424/323/1
f 423/325/1 444/326/1 443/324/1
f 423/325/1 445/327/1 444/326/1
f 422/328/1 445/327/1 423/325/1
f 422/328/1 446/329/1 445/327/1
f 422/328/1 447/330/1 446/329/1
f 422/328/1 448/331/1 447/330/1
f 421/332/1 448/331/1 422/328/1
f 421/332/1 449/333/1 448/331/1
f 421/332/1 450/334/1 449/333/1
f 421/332/1 451/335/1 450/334/1
f 421/332/1 452/336/1 451/335/1
f 420/337/1 452/336/1 421/332/1
f 420/337/1 453/338/1 452/336/1
f 420/337/1 454/339/1 453/338/1
f 420/337/1 455/340/1 454/339/1
f 420/337/1 456/341/1 455/340/1
f 420/337/1 457/342/1 456/341/1
f 419/343/1 457/342/1 420/337/1
f 419/343/1 458/344/1 457/342/1
f 419/343/1 459/345/1 458/344/1
f 419/343/1 460/346/1 459/345/1
f 419/343/1 461/347/1 460/346/1
f 418/348/1 461/347/1 419/343/1
f 418/348/1 462/349/1 461/347/1
f 418/348/1 463/350/1 462/349/1
f 417/351/1 463/350/1 418/348/1
f 417/351/1 464/352/1 463/350/1
f 417/351/1 465/353/1 464/352/1
f 417/351/1 466/354/1 465/353/1
f 416/355/1 466/354/1 417/351/1
f 416/355/1 467/356/1 466/354/1
f 416/355/1 468/357/1 467/356/1
f 416/355/1 469/358/1 468/357/1
f 416/355/1 470/359/1 469/358/1
f 416/355/1 471/360/1 470/359/1
f 416/355/1 472/49/1 471/360/1
f 415/361/1 472/49/1 416/355/1
f 415/361/1 305/217/1 472/49/1
f 415/361/1 306/362/1 305/217/1
f 415/361/1 307/363/1 306/362/1
f 415/361/1 308/364/1 307/363/1
f 415/361/1 309/365/1 308/364/1
f 415/361/1 310/366/1 309/365/1
f 415/361/1 311/367/1 310/366/1
f 414/368/1 311/367/1 415/361/1
f 414/368/1 312/369/1 311/367/1
f 414/368/1 313/370/1 312/369/1
f 414/368/1 314/371/1 313/370/1
f 414/368/1 315/372/1 314/371/1
f 413/373/1 315/372/1 414/368/1
f 413/373/1 316/374/1 315/372/1
f 413/373/1 317/375/1 316/374/1
f 413/373/1 318/376/1 317/375/1
f 413/373/1 319/377/1 318/376/1
f 412/378/1 319/377/1 413/373/1
f 412/378/1 320/379/1 319/377/1
f 412/378/1 321/380/1 320/379/1
f 412/378/1 322/381/1 321/380/1
f 412/378/1 323/382/1 322/381/1
f 411/383/1 323/382/1 412/378/1
f 411/383/1 324/384/1 323/382/1
f 411/383/1 325/385/1 324/384/1
f 411/383/1 326/386/1 325/385/1
f 411/383/1 327/387/1 326/386/1
f 410/388/1 327/387/1 411/383/1
f 410/388/1 328/389/1 327/387/1
f 410/388/1 329/390/1 328/389/1
f 410/388/1 330/391/1 329/390/1
f 409/392/1 352/393/1 410/388/1
f 352/393/1 330/391/1 410/388/1
f 352/393/1 331/394/1 330/391/1
f 409/392/1 353/395/1 352/393/1
f 351/396/1 331/394/1 352/393/1
f 350/397/1 331/394/1 351/396/1
f 409/392/1 354/398/1 353/395/1
f 349/399/1 331/394/1 350/397/1
f 409/392/1 355/400/1 354/398/1
f 349/399/1 332/401/1 331/394/1
f 348/402/1 332/401/1 349/399/1
f 409/392/1 356/403/1 355/400/1
f 348/402/1 333/404/1 332/401/1
f 347/405/1 333/404/1 348/402/1
f 408/406/1 356/403/1 409/392/1
f 408/406/1 357/407/1 356/403/1
f 346/408/1 333/404/1 347/405/1
f 346/408/1 334/409/1 333/404/1
f 408/406/1 358/410/1 357/407/1
f 345/411/1 334/409/1 346/408/1
f 345/411/1 335/412/1 334/409/1
f 344/413/1 335/412/1 345/411/1
f 344/413/1 336/414/1 335/412/1
f 408/406/1 359/415/1 358/410/1
f 407/416/1 359/415/1 408/406/1
f 343/417/1 336/414/1 344/413/1
f 343/417/1 337/418/1 336/414/1
f 342/419/1 337/418/1 343/417/1
f 407/416/1 360/420/1 359/415/1
f 342/419/1 338/421/1 337/418/1
f 341/422/1 338/421/1 342/419/1
f 341/422/1 339/423/1 338/421/1
f 341/422/1 340/424/1 339/423/1
f 407/416/1 361/425/1 360/420/1
f 406/426/1 361/425/1 407/416/1
f 406/426/1 362/427/1 361/425/1
f 406/426/1 363/428/1 362/427/1
f 406/426/1 364/429/1 363/428/1
f 405/430/1 364/429/1 406/426/1
f 405/430/1 365/431/1 364/429/1
f 405/430/1 366/432/1 365/431/1
f 405/430/1 367/433/1 366/432/1
f 405/430/1 368/434/1 367/433/1
f 404/435/1 368/434/1 405/430/1
f 404/435/1 369/436/1 368/434/1
f 404/435/1 370/437/1 369/436/1
f 404/435/1 371/438/1 370/437/1
f 403/439/1 371/438/1 404/435/1
f 403/439/1 372/440/1 371/438/1
f 403/439/1 373/441/1 372/440/1
f 403/439/1 374/442/1 373/441/1
f 403/439/1 375/443/1 374/442/1
f 402/444/1 375/443/1 403/439/1
f 402/444/1 376/445/1 375/443/1
f 402/444/1 377/446/1 376/445/1
f 401/447/1 377/446/1 402/444/1
f 401/447/1 378/448/1 377/446/1
f 401/447/1 379/449/1 378/448/1
f 401/447/1 380/450/1 379/449/1
f 400/451/1 380/450/1 401/447/1
f 400/451/1 381/452/1 380/450/1
f 400/451/1 382/453/1 381/452/1
f 399/454/1 382/453/1 400/451/1
f 399/454/1 383/455/1 382/453/1
f 398/456/1 383/455/1 399/454/1
f 397/457/1 383/455/1 398/456/1
f 397/457/1 384/458/1 383/455/1
f 396/459/1 384/458/1 397/457/1
f 396/459/1 385/460/1 384/458/1
f 395/461/1 385/460/1 396/459/1
f 394/462/1 385/460/1 395/461/1
f 394/462/1 386/463/1 385/460/1
f 393/464/1 386/463/1 394/462/1
f 393/464/1 387/465/1 386/463/1
f 392/466/1 387/465/1 393/464/1
f 391/467/1 387/465/1 392/466/1
f 391/467/1 388/468/1 387/465/1
f 390/469/1 388/468/1 391/467/1
f 389/470/1 388/468/1 390/469/1
f 628/471/1 630/472/1 629/473/1
f 627/474/1 630/472/1 628/471/1
f 627/474/1 631/475/1 630/472/1
f 626/476/1 631/475/1 627/474/1
f 626/476/1 632/477/1 631/475/1
f 625/478/1 632/477/1 626/476/1
f 625/478/1 633/479/1 632/477/1
f 624/480/1 633/479/1 625/478/1
f 623/481/1 633/479/1 624/480/1
f 623/481/1 634/482/1 633/479/1
f 622/483/1 634/482/1 623/481/1
f 622/483/1 635/484/1 634/482/1
f 621/485/1 635/484/1 622/483/1
f 620/486/1 635/484/1 621/485/1
f 620/486/1 636/487/1 635/484/1
f 619/488/1 636/487/1 620/486/1
f 618/489/1 636/487/1 619/488/1
f 618/489/1 637/490/1 636/487/1
f 617/491/1 637/490/1 618/489/1
f 615/492/1 617/491/1 616/493/1
f 615/492/1 637/490/1 617/491/1
f 615/492/1 638/494/1 637/490/1
f 614/495/1 638/494/1 615/492/1
f 614/495/1 639/496/1 638/494/1
f 613/497/1 639/496/1 614/495/1
f 613/497/1 640/498/1 639/496/1
f 612/499/1 640/498/1 613/497/1
f 612/499/1 641/500/1 640/498/1
f 611/501/1 641/500/1 612/499/1
f 611/501/1 642/502/1 641/500/1
f 610/503/1 642/502/1 611/501/1
f 609/504/1 642/502/1 610/503/1
f 609/504/1 643/505/1 642/502/1
f 608/506/1 643/505/1 609/504/1
f 607/507/1 643/505/1 608/506/1
f 607/507/1 644/508/1 643/505/1
f 606/509/1 644/508/1 607/507/1
f 605/510/1 644/508/1 606/509/1
f 605/510/1 645/511/1 644/508/1
f 604/512/1 645/511/1 605/510/1
f 603/513/1 645/511/1 604/512/1
f 603/513/1 646/514/1 645/511/1
f 602/515/1 646/514/1 603/513/1
f 602/515/1 647/516/1 646/514/1
f 601/517/1 647/516/1 602/515/1
f 601/517/1 648/518/1 647/516/1
f 600/519/1 648/518/1 601/517/1
f 600/519/1 649/520/1 648/518/1
f 599/521/1 649/520/1 600/519/1
f 599/521/1 650/522/1 649/520/1
f 599/521/1 651/523/1 650/522/1
f 598/524/1 651/523/1 599/521/1
f 598/524/1 652/525/1 651/523/1
f 598/524/1 653/49/1 652/525/1
f 598/524/1 473/217/1 653/49/1
f 598/524/1 474/526/1 473/217/1
f 597/527/1 474/526/1 598/524/1
f 597/527/1 475/528/1 474/526/1
f 597/527/1 476/529/1 475/528/1
f 597/527/1 477/530/1 476/529/1
f 597/527/1 478/531/1 477/530/1
f 597/527/1 479/532/1 478/531/1
f 596/533/1 479/532/1 597/527/1
f 596/533/1 480/534/1 479/532/1
f 596/533/1 481/535/1 480/534/1
f 596/533/1 482/536/1 481/535/1
f 596/533/1 483/537/1 482/536/1
f 595/538/1 483/537/1 596/533/1
f 595/538/1 484/539/1 483/537/1
f 594/540/1 484/539/1 595/538/1
f 594/540/1 485/541/1 484/539/1
f 593/134/1 485/541/1 594/540/1
f 593/134/1 486/542/1 485/541/1
f 592/543/1 486/542/1 593/134/1
f 591/544/1 486/542/1 592/543/1
f 590/545/1 486/542/1 591/544/1
f 589/546/1 486/542/1 590/545/1
f 589/546/1 487/547/1 486/542/1
f 588/548/1 487/547/1 589/546/1
f 587/549/1 487/547/1 588/548/1
f 586/550/1 487/547/1 587/549/1
f 585/551/1 487/547/1 586/550/1
f 584/552/1 487/547/1 585/551/1
f 584/552/1 488/553/1 487/547/1
f 583/554/1 488/553/1 584/552/1
f 582/555/1 488/553/1 583/554/1
f 581/556/1 488/553/1 582/555/1
f 580/557/1 488/553/1 581/556/1
f 580/557/1 489/558/1 488/553/1
f 579/559/1 489/558/1 580/557/1
f 578/560/1 489/558/1 579/559/1
f 578/560/1 490/561/1 489/558/1
f 577/562/1 490/561/1 578/560/1
f 576/563/1 490/561/1 577/562/1
f 576/563/1 555/564/1 490/561/1
f 555/564/1 491/565/1 490/561/1
f 576/563/1 556/566/1 555/564/1
f 554/567/1 491/565/1 555/564/1
f 553/568/1 491/565/1 554/567/1
f 576/563/1 557/569/1 556/566/1
f 575/570/1 557/569/1 576/563/1
f 552/571/1 491/565/1 553/568/1
f 575/570/1 558/572/1 557/569/1
f 552/571/1 492/573/1 491/565/1
f 575/570/1 559/574/1 558/572/1
f 551/575/1 492/573/1 552/571/1
f 574/576/1 559/574/1 575/570/1
f 574/576/1 560/577/1 559/574/1
f 550/578/1 492/573/1 551/575/1
f 574/576/1 561/579/1 560/577/1
f 573/580/1 561/579/1 574/576/1
f 550/578/1 493/581/1 492/573/1
f 549/582/1 493/581/1 550/578/1
f 573/580/1 562/583/1 561/579/1
f 572/584/1 562/583/1 573/580/1
f 572/584/1 563/585/1 562/583/1
f 548/586/1 493/581/1 549/582/1
f 548/586/1 494/587/1 493/581/1
f 572/584/1 564/588/1 563/585/1
f 571/589/1 564/588/1 572/584/1
f 547/590/1 494/587/1 548/586/1
f 571/589/1 565/591/1 564/588/1
f 570/592/1 565/591/1 571/589/1
f 570/592/1 566/593/1 565/591/1
f 569/594/1 566/593/1 570/592/1
f 547/590/1 495/595/1 494/587/1
f 569/594/1 567/596/1 566/593/1
f 546/597/1 495/595/1 547/590/1
f 568/598/1 567/596/1 569/594/1
f 545/599/1 495/595/1 546/597/1
f 545/599/1 496/600/1 495/595/1
f 544/601/1 496/600/1 545/599/1
f 544/601/1 497/602/1 496/600/1
f 543/603/1 497/602/1 544/601/1
f 543/603/1 498/604/1 497/602/1
f 542/605/1 498/604/1 543/603/1
f 542/605/1 499/606/1 498/604/1
f 541/607/1 499/606/1 542/605/1
f 540/608/1 499/606/1 541/607/1
f 540/608/1 500/609/1 499/606/1
f 539/610/1 500/609/1 540/608/1
f 539/610/1 501/611/1 500/609/1
f 538/612/1 501/611/1 539/610/1
f 538/612/1 502/613/1 501/611/1
f 537/614/1 502/613/1 538/612/1
f 537/614/1 503/615/1 502/613/1
f 536/616/1 503/615/1 537/614/1
f 536/616/1 504/617/1 503/615/1
f 535/618/1 504/617/1 536/616/1
f 535/618/1 505/619/1 504/617/1
f 534/620/1 505/619/1 535/618/1
f 534/620/1 506/621/1 505/619/1
f 533/199/1 506/621/1 534/620/1
f 533/199/1 507/622/1 506/621/1
f 532/623/1 507/622/1 533/199/1
f 532/623/1 508/624/1 507/622/1
f 531/625/1 508/624/1 532/623/1
f 531/625/1 509/626/1 508/624/1
f 530/627/1 509/626/1 531/625/1
f 529/628/1 509/626/1 530/627/1
f 529/628/1 510/629/1 509/626/1
f 528/630/1 510/629/1 529/628/1
f 528/630/1 511/631/1 510/629/1
f 527/632/1 511/631/1 528/630/1
f 526/633/1 511/631/1 527/632/1
f 526/633/1 512/634/1 511/631/1
f 525/635/1 512/634/1 526/633/1
f 524/636/1 512/634/1 525/635/1
f 524/636/1 513/637/1 512/634/1
f 523/638/1 520/639/1 524/636/1
f 520/639/1 513/637/1 524/636/1
f 522/640/1 520/639/1 523/638/1
f 521/641/1 520/639/1 522/640/1
f 519/642/1 513/637/1 520/639/1
f 518/643/1 513/637/1 519/642/1
f 517/644/1 513/637/1 518/643/1
f 517/644/1 514/645/1 513/637/1
f 516/646/1 514/645/1 517/644/1
f 516/646/1 515/647/1 514/645/1
f 785/648/1 787/649/1 786/650/1
f 783/651/1 785/648/1 784/652/1
f 782/653/1 785/648/1 783/651/1
f 782/653/1 787/649/1 785/648/1
f 781/654/1 787/649/1 782/653/1
f 781/654/1 788/655/1 787/649/1
f 780/656/1 788/655/1 781/654/1
f 780/656/1 789/657/1 788/655/1
f 779/658/1 789/657/1 780/656/1
f 778/659/1 789/657/1 779/658/1
f 778/659/1 790/660/1 789/657/1
f 777/661/1 790/660/1 778/659/1
f 776/662/1 790/660/1 777/661/1
f 776/662/1 791/663/1 790/660/1
f 775/664/1 791/663/1 776/662/1
f 775/664/1 792/665/1 791/663/1
f 774/666/1 792/665/1 775/664/1
f 773/667/1 792/665/1 774/666/1
f 773/667/1 793/668/1 792/665/1
f 772/669/1 793/668/1 773/667/1
f 772/669/1 794/670/1 793/668/1
f 771/671/1 794/670/1 772/669/1
f 770/672/1 794/670/1 771/671/1
f 770/672/1 795/673/1 794/670/1
f 769/674/1 795/673/1 770/672/1
f 768/675/1 795/673/1 769/674/1
f 768/675/1 796/676/1 795/673/1
f 767/677/1 796/676/1 768/675/1
f 766/678/1 796/676/1 767/677/1
f 766/678/1 797/679/1 796/676/1
f 765/680/1 797/679/1 766/678/1
f 764/681/1 797/679/1 765/680/1
f 764/681/1 798/682/1 797/679/1
f 763/683/1 798/682/1 764/681/1
f 763/683/1 799/684/1 798/682/1
f 763/683/1 800/685/1 799/684/1
f 762/686/1 800/685/1 763/683/1
f 762/686/1 801/687/1 800/685/1
f 762/686/1 802/688/1 801/687/1
f 762/686/1 803/689/1 802/688/1
f 762/686/1 804/690/1 803/689/1
f 762/686/1 805/691/1 804/690/1
f 761/692/1 805/691/1 762/686/1
f 761/692/1 806/693/1 805/691/1
f 761/692/1 807/694/1 806/693/1
f 761/692/1 808/695/1 807/694/1
f 761/692/1 809/696/1 808/695/1
f 760/599/1 809/696/1 761/692/1
f 760/599/1 810/697/1 809/696/1
f 760/599/1 811/698/1 810/697/1
f 760/599/1 812/699/1 811/698/1
f 760/599/1 813/556/1 812/699/1
f 760/599/1 814/700/1 813/556/1
f 760/599/1 815/701/1 814/700/1
f 759/702/1 815/701/1 760/599/1
f 759/702/1 816/703/1 815/701/1
f 759/702/1 817/704/1 816/703/1
f 758/705/1 817/704/1 759/702/1
f 758/705/1 818/706/1 817/704/1
f 758/705/1 819/707/1 818/706/1
f 757/708/1 819/707/1 758/705/1
f 757/708/1 820/709/1 819/707/1
f 757/708/1 821/710/1 820/709/1
f 756/711/1 821/710/1 757/708/1
f 756/711/1 822/712/1 821/710/1
f 756/711/1 823/713/1 822/712/1
f 755/714/1 823/713/1 756/711/1
f 754/715/1 823/713/1 755/714/1
f 753/716/1 695/717/1 754/715/1
f 695/717/1 694/718/1 754/715/1
f 694/718/1 678/719/1 754/715/1
f 678/719/1 677/720/1 754/715/1
f 677/720/1 823/713/1 754/715/1
f 676/721/1 823/713/1 677/720/1
f 694/718/1 679/722/1 678/719/1
f 694/718/1 680/723/1 679/722/1
f 675/724/1 823/713/1 676/721/1
f 694/718/1 681/725/1 680/723/1
f 694/718/1 682/726/1 681/725/1
f 694/718/1 693/727/1 682/726/1
f 693/727/1 683/728/1 682/726/1
f 674/729/1 823/713/1 675/724/1
f 693/727/1 684/730/1 683/728/1
f 693/727/1 685/731/1 684/730/1
f 692/732/1 685/731/1 693/727/1
f 691/733/1 685/731/1 692/732/1
f 691/733/1 686/734/1 685/731/1
f 690/735/1 686/734/1 691/733/1
f 690/735/1 687/736/1 686/734/1
f 753/716/1 696/737/1 695/717/1
f 690/735/1 688/738/1 687/736/1
f 689/739/1 688/738/1 690/735/1
f 673/740/1 823/713/1 674/729/1
f 753/716/1 697/741/1 696/737/1
f 753/716/1 698/742/1 697/741/1
f 672/743/1 823/713/1 673/740/1
f 672/743/1 824/744/1 823/713/1
f 753/716/1 699/745/1 698/742/1
f 671/746/1 824/744/1 672/743/1
f 753/716/1 700/747/1 699/745/1
f 753/716/1 701/748/1 700/747/1
f 670/749/1 824/744/1 671/746/1
f 753/716/1 702/750/1 701/748/1
f 669/751/1 824/744/1 670/749/1
f 668/752/1 824/744/1 669/751/1
f 752/753/1 702/750/1 753/716/1
f 752/753/1 703/754/1 702/750/1
f 667/755/1 824/744/1 668/752/1
f 666/756/1 824/744/1 667/755/1
f 665/757/1 824/744/1 666/756/1
f 752/753/1 704/758/1 703/754/1
f 751/759/1 704/758/1 752/753/1
f 664/760/1 824/744/1 665/757/1
f 663/761/1 824/744/1 664/760/1
f 662/762/1 824/744/1 663/761/1
f 661/763/1 824/744/1 662/762/1
f 750/764/1 704/758/1 751/759/1
f 750/764/1 705/765/1 704/758/1
f 660/766/1 824/744/1 661/763/1
f 660/766/1 825/767/1 824/744/1
f 659/768/1 825/767/1 660/766/1
f 658/769/1 825/767/1 659/768/1
f 893/770/1 895/771/1 894/772/1
f 893/770/1 896/773/1 895/771/1
f 892/774/1 896/773/1 893/770/1
f 657/775/1 825/767/1 658/769/1
f 892/774/1 897/776/1 896/773/1
f 656/777/1 825/767/1 657/775/1
f 891/778/1 897/776/1 892/774/1
f 749/779/1 705/765/1 750/764/1
f 655/780/1 825/767/1 656/777/1
f 891/778/1 898/781/1 897/776/1
f 749/779/1 706/782/1 705/765/1
f 654/217/1 825/767/1 655/780/1
f 890/783/1 898/781/1 891/778/1
f 919/49/1 825/767/1 654/217/1
f 890/783/1 899/784/1 898/781/1
f 918/785/1 825/767/1 919/49/1
f 917/786/1 825/767/1 918/785/1
f 889/787/1 899/784/1 890/783/1
f 889/787/1 900/788/1 899/784/1
f 748/789/1 706/782/1 749/779/1
f 916/790/1 825/767/1 917/786/1
f 747/791/1 706/782/1 748/789/1
f 746/792/1 706/782/1 747/791/1
f 745/793/1 706/782/1 746/792/1
f 889/787/1 901/794/1 900/788/1
f 915/795/1 825/767/1 916/790/1
f 744/796/1 706/782/1 745/793/1
f 888/797/1 901/794/1 889/787/1
f 743/798/1 706/782/1 744/796/1
f 914/799/1 825/767/1 915/795/1
f 743/798/1 707/626/1 706/782/1
f 742/800/1 707/626/1 743/798/1
f 741/801/1 707/626/1 742/800/1
f 888/797/1 902/802/1 901/794/1
f 740/803/1 707/626/1 741/801/1
f 913/804/1 825/767/1 914/799/1
f 739/805/1 707/626/1 740/803/1
f 913/804/1 826/806/1 825/767/1
f 738/807/1 707/626/1 739/805/1
f 887/808/1 902/802/1 888/797/1
f 912/809/1 826/806/1 913/804/1
f 737/810/1 707/626/1 738/807/1
f 887/808/1 903/811/1 902/802/1
f 736/812/1 707/626/1 737/810/1
f 735/813/1 707/626/1 736/812/1
f 911/814/1 826/806/1 912/809/1
f 734/815/1 707/626/1 735/813/1
f 733/816/1 707/626/1 734/815/1
f 887/808/1 904/817/1 903/811/1
f 910/818/1 826/806/1 911/814/1
f 732/819/1 707/626/1 733/816/1
f 909/820/1 826/806/1 910/818/1
f 731/821/1 707/626/1 732/819/1
f 886/822/1 904/817/1 887/808/1
f 886/822/1 905/823/1 904/817/1
f 730/824/1 707/626/1 731/821/1
f 908/825/1 826/806/1 909/820/1
f 729/826/1 707/626/1 730/824/1
f 907/827/1 826/806/1 908/825/1
f 729/826/1 708/828/1 707/626/1
f 886/822/1 906/829/1 905/823/1
f 906/829/1 826/806/1 907/827/1
f 886/822/1 826/806/1 906/829/1
f 728/830/1 708/828/1 729/826/1
f 727/831/1 708/828/1 728/830/1
f 726/832/1 708/828/1 727/831/1
f 725/833/1 708/828/1 726/832/1
f 724/834/1 708/828/1 725/833/1
f 885/835/1 826/806/1 886/822/1
f 723/836/1 708/828/1 724/834/1
f 884/837/1 826/806/1 885/835/1
f 723/836/1 709/838/1 708/828/1
f 722/839/1 709/838/1 723/836/1
f 884/837/1 827/840/1 826/806/1
f 883/841/1 827/840/1 884/837/1
f 721/842/1 709/838/1 722/839/1
f 882/843/1 827/840/1 883/841/1
f 720/844/1 709/838/1 721/842/1
f 720/844/1 710/845/1 709/838/1
f 881/846/1 827/840/1 882/843/1
f 719/847/1 710/845/1 720/844/1
f 718/848/1 710/845/1 719/847/1
f 880/849/1 827/840/1 881/846/1
f 718/848/1 711/850/1 710/845/1
f 717/851/1 711/850/1 718/848/1
f 880/849/1 828/852/1 827/840/1
f 879/853/1 828/852/1 880/849/1
f 716/854/1 711/850/1 717/851/1
f 716/854/1 712/855/1 711/850/1
f 878/856/1 828/852/1 879/853/1
f 715/857/1 712/855/1 716/854/1
f 714/858/1 712/855/1 715/857/1
f 714/858/1 713/859/1 712/855/1
f 877/860/1 828/852/1 878/856/1
f 876/861/1 828/852/1 877/860/1
f 875/862/1 828/852/1 876/861/1
f 874/863/1 828/852/1 875/862/1
f 874/863/1 829/864/1 828/852/1
f 873/865/1 829/864/1 874/863/1
f 872/866/1 829/864/1 873/865/1
f 871/867/1 829/864/1 872/866/1
f 870/868/1 829/864/1 871/867/1
f 869/869/1 829/864/1 870/868/1
f 869/869/1 830/870/1 829/864/1
f 868/871/1 830/870/1 869/869/1
f 867/872/1 830/870/1 868/871/1
f 866/491/1 830/870/1 867/872/1
f 866/491/1 831/873/1 830/870/1
f 865/874/1 831/873/1 866/491/1
f 864/875/1 831/873/1 865/874/1
f 863/876/1 831/873/1 864/875/1
f 862/877/1 831/873/1 863/876/1
f 862/877/1 832/878/1 831/873/1
f 861/879/1 832/878/1 862/877/1
f 860/880/1 832/878/1 861/879/1
f 859/881/1 832/878/1 860/880/1
f 858/882/1 832/878/1 859/881/1
f 858/882/1 833/883/1 832/878/1
f 857/884/1 833/883/1 858/882/1
f 856/885/1 833/883/1 857/884/1
f 856/885/1 834/886/1 833/883/1
f 855/887/1 834/886/1 856/885/1
f 854/888/1 834/886/1 855/887/1
f 854/888/1 835/889/1 834/886/1
f 854/888/1 836/890/1 835/889/1
f 853/891/1 836/890/1 854/888/1
f 853/891/1 837/892/1 836/890/1
f 852/893/1 837/892/1 853/891/1
f 852/893/1 838/894/1 837/892/1
f 852/893/1 839/895/1 838/894/1
f 851/896/1 839/895/1 852/893/1
f 851/896/1 840/897/1 839/895/1
f 850/898/1 840/897/1 851/896/1
f 850/898/1 841/899/1 840/897/1
f 849/900/1 841/899/1 850/898/1
f 849/900/1 842/901/1 841/899/1
f 849/900/1 843/902/1 842/901/1
f 848/903/1 843/902/1 849/900/1
f 848/903/1 844/904/1 843/902/1
f 847/905/1 844/904/1 848/903/1
f 847/905/1 845/906/1 844/904/1
f 846/907/1 845/906/1 847/905/1
f 1077/1/2 1078/3/2 1079/2/2
f 1077/1/2 1079/2/2 1080/4/2
f 1077/1/2 1080/4/2 1081/5/2
f 1076/6/2 1077/1/2 1081/5/2
f 1076/6/2 1081/5/2 1082/7/2
f 1076/6/2 1082/7/2 1083/8/2
f 1075/9/2 1076/6/2 1083/8/2
f 1075/9/2 1083/8/2 1084/10/2
f 1074/11/2 1075/9/2 1084/10/2
f 1074/11/2 1084/10/2 1085/12/2
f 1073/13/2 1074/11/2 1085/12/2
f 1073/13/2 1085/12/2 1086/14/2
f 1073/13/2 1086/14/2 1087/15/2
f 1072/16/2 1073/13/2 1087/15/2
f 1072/16/2 1087/15/2 1088/17/2
f 1071/18/2 1072/16/2 1088/17/2
f 1071/18/2 1088/17/2 1089/19/2
f 1070/20/2 1071/18/2 1089/19/2
f 1070/20/2 1089/19/2 1090/21/2
f 1069/22/2 1070/20/2 1090/21/2
f 1069/22/2 1090/21/2 1091/23/2
f 1068/24/2 1069/22/2 1091/23/2
f 1067/25/2 1068/24/2 1091/23/2
f 1067/25/2 1091/23/2 1092/26/2
f 1066/27/2 1067/25/2 1092/26/2
f 1065/28/2 1066/27/2 1092/26/2
f 1065/28/2 1092/26/2 1093/29/2
f 1064/30/2 1065/28/2 1093/29/2
f 1064/30/2 1093/29/2 1094/31/2
f 1063/32/2 1064/30/2 1094/31/2
f 1063/32/2 1094/31/2 1095/33/2
f 1062/34/2 1063/32/2 1095/33/2
f 1061/35/2 1062/34/2 1095/33/2
f 1061/35/2 1095/33/2 1096/36/2
f 1060/37/2 1061/35/2 1096/36/2
f 1060/37/2 1096/36/2 1097/38/2
f 1059/39/2 1060/37/2 1097/38/2
f 1059/39/2 1097/38/2 1098/40/2
f 1058/41/2 1059/39/2 1098/40/2
f 1058/41/2 1098/40/2 1099/42/2
f 1057/43/2 1058/41/2 1099/42/2
f 1057/43/2 1099/42/2 1100/44/2
f 1056/45/2 1057/43/2 1100/44/2
f 1056/45/2 1100/44/2 1101/46/2
f 1055/47/2 1056/45/2 1101/46/2
f 1055/47/2 1101/46/2 1102/48/2
f 1223/49/2 1055/47/2 1102/48/2
f 1223/49/2 1102/48/2 1103/50/2
f 1222/51/2 1223/49/2 1103/50/2
f 1173/52/2 1174/54/2 1175/53/2
f 1172/55/2 1173/52/2 1175/53/2
f 1172/55/2 1175/53/2 1176/56/2
f 1171/57/2 1172/55/2 1176/56/2
f 1171/57/2 1176/56/2 1177/58/2
f 1170/59/2 1171/57/2 1177/58/2
f 1170/59/2 1177/58/2 1178/60/2
f 1169/61/2 1170/59/2 1178/60/2
f 1169/61/2 1178/60/2 1179/62/2
f 1168/63/2 1169/61/2 1179/62/2
f 1222/51/2 1103/50/2 1104/64/2
f 1167/65/2 1168/63/2 1179/62/2
f 1167/65/2 1179/62/2 1180/66/2
f 1166/67/2 1167/65/2 1180/66/2
f 1166/67/2 1180/66/2 1181/68/2
f 1165/69/2 1166/67/2 1181/68/2
f 1164/70/2 1165/69/2 1181/68/2
f 1164/70/2 1181/68/2 1182/71/2
f 1163/72/2 1164/70/2 1182/71/2
f 1162/73/2 1163/72/2 1182/71/2
f 1162/73/2 1182/71/2 1183/74/2
f 1222/51/2 1104/64/2 1105/75/2
f 1161/76/2 1162/73/2 1183/74/2
f 1161/76/2 1183/74/2 1184/77/2
f 1160/78/2 1161/76/2 1184/77/2
f 1160/78/2 1184/77/2 1185/79/2
f 1222/51/2 1105/75/2 1106/80/2
f 1159/81/2 1160/78/2 1185/79/2
f 1159/81/2 1185/79/2 1186/82/2
f 1158/83/2 1159/81/2 1186/82/2
f 1222/51/2 1106/80/2 1107/84/2
f 1158/83/2 1186/82/2 1187/85/2
f 1157/86/2 1158/83/2 1187/85/2
f 1157/86/2 1187/85/2 1188/87/2
f 1222/51/2 1107/84/2 1108/88/2
f 1156/89/2 1157/86/2 1188/87/2
f 1156/89/2 1188/87/2 1189/90/2
f 1155/91/2 1156/89/2 1189/90/2
f 1155/91/2 1189/90/2 1190/92/2
f 1222/51/2 1108/88/2 1109/93/2
f 1154/94/2 1155/91/2 1190/92/2
f 1154/94/2 1190/92/2 1191/95/2
f 1154/94/2 1191/95/2 1192/96/2
f 1153/97/2 1154/94/2 1192/96/2
f 1222/51/2 1109/93/2 1110/98/2
f 1153/97/2 1192/96/2 1193/99/2
f 1152/100/2 1153/97/2 1193/99/2
f 1222/51/2 1110/98/2 1111/101/2
f 1152/100/2 1193/99/2 1194/102/2
f 1151/103/2 1152/100/2 1194/102/2
f 1151/103/2 1194/102/2 1195/104/2
f 1150/105/2 1151/103/2 1195/104/2
f 1222/51/2 1111/101/2 1112/106/2
f 1150/105/2 1195/104/2 1196/107/2
f 1149/108/2 1150/105/2 1196/107/2
f 1149/108/2 1196/107/2 1197/109/2
f 1148/110/2 1149/108/2 1197/109/2
f 1222/51/2 1112/106/2 1113/111/2
f 1148/110/2 1197/109/2 1198/112/2
f 1147/113/2 1148/110/2 1198/112/2
f 1146/114/2 1147/113/2 1198/112/2
f 1146/114/2 1198/112/2 1199/115/2
f 1145/116/2 1146/114/2 1199/115/2
f 1222/51/2 1113/111/2 1114/117/2
f 1144/118/2 1145/116/2 1199/115/2
f 1143/119/2 1144/118/2 1199/115/2
f 1142/120/2 1143/119/2 1199/115/2
f 1222/51/2 1114/117/2 1115/121/2
f 1141/122/2 1142/120/2 1199/115/2
f 1222/51/2 1115/121/2 1116/123/2
f 1222/51/2 1116/123/2 1117/124/2
f 1140/125/2 1141/122/2 1199/115/2
f 1222/51/2 1117/124/2 1118/126/2
f 1139/127/2 1140/125/2 1199/115/2
f 1222/51/2 1118/126/2 1119/128/2
f 1222/51/2 1119/128/2 1120/129/2
f 1138/130/2 1139/127/2 1199/115/2
f 1222/51/2 1120/129/2 1121/131/2
f 1138/130/2 1199/115/2 1200/132/2
f 1137/133/2 1138/130/2 1200/132/2
f 1222/51/2 1121/131/2 1122/134/2
f 1136/135/2 1137/133/2 1200/132/2
f 1135/136/2 1136/135/2 1200/132/2
f 1134/137/2 1135/136/2 1200/132/2
f 1222/51/2 1122/134/2 1123/138/2
f 1133/139/2 1134/137/2 1200/132/2
f 1132/140/2 1133/139/2 1200/132/2
f 1222/51/2 1123/138/2 1124/141/2
f 1131/142/2 1132/140/2 1200/132/2
f 1130/143/2 1131/142/2 1200/132/2
f 1222/51/2 1124/141/2 1125/144/2
f 1129/145/2 1130/143/2 1200/132/2
f 1128/146/2 1129/145/2 1200/132/2
f 1222/51/2 1125/144/2 1126/147/2
f 1127/148/2 1128/146/2 1200/132/2
f 1126/147/2 1127/148/2 1200/132/2
f 1222/51/2 1126/147/2 1200/132/2
f 1222/51/2 1200/132/2 1201/149/2
f 1221/150/2 1222/51/2 1201/149/2
f 1220/151/2 1221/150/2 1201/149/2
f 1219/152/2 1220/151/2 1201/149/2
f 1219/152/2 1201/149/2 1202/153/2
f 1218/154/2 1219/152/2 1202/153/2
f 1217/155/2 1218/154/2 1202/153/2
f 1217/155/2 1202/153/2 1203/156/2
f 1216/157/2 1217/155/2 1203/156/2
f 1216/157/2 1203/156/2 1204/158/2
f 1215/159/2 1216/157/2 1204/158/2
f 1215/159/2 1204/158/2 1205/160/2
f 1214/161/2 1215/159/2 1205/160/2
f 1214/161/2 1205/160/2 1206/162/2
f 1213/163/2 1214/161/2 1206/162/2
f 1213/163/2 1206/162/2 1207/164/2
f 1212/165/2 1213/163/2 1207/164/2
f 1212/165/2 1207/164/2 1208/166/2
f 1211/167/2 1212/165/2 1208/166/2
f 1211/167/2 1208/166/2 1209/168/2
f 1210/169/2 1211/167/2 1209/168/2
f 1038/170/2 1039/172/2 1040/171/2
f 1038/170/2 1040/171/2 1041/173/2
f 1038/170/2 1041/173/2 1042/174/2
f 1037/175/2 1038/170/2 1042/174/2
f 1036/176/2 1037/175/2 1042/174/2
f 1036/176/2 1042/174/2 1043/177/2
f 1035/178/2 1036/176/2 1043/177/2
f 1034/179/2 1035/178/2 1043/177/2
f 1034/179/2 1043/177/2 1044/180/2
f 1033/181/2 1034/179/2 1044/180/2
f 1032/182/2 1033/181/2 1044/180/2
f 1032/182/2 1044/180/2 1045/183/2
f 1031/184/2 1032/182/2 1045/183/2
f 1030/185/2 1031/184/2 1045/183/2
f 1030/185/2 1045/183/2 1046/186/2
f 1029/187/2 1030/185/2 1046/186/2
f 1029/187/2 1046/186/2 1047/188/2
f 1028/189/2 1029/187/2 1047/188/2
f 1027/190/2 1028/189/2 1047/188/2
f 1027/190/2 1047/188/2 1048/191/2
f 1026/192/2 1027/190/2 1048/191/2
f 1025/193/2 1026/192/2 1048/191/2
f 1025/193/2 1048/191/2 1049/194/2
f 1024/195/2 1025/193/2 1049/194/2
f 1023/196/2 1024/195/2 1049/194/2
f 1023/196/2 1049/194/2 1050/197/2
f 1022/198/2 1023/196/2 1050/197/2
f 1021/199/2 1022/198/2 1050/197/2
f 1021/199/2 1050/197/2 1051/200/2
f 1020/201/2 1021/199/2 1051/200/2
f 1019/202/2 1020/201/2 1051/200/2
f 1019/202/2 1051/200/2 1052/203/2
f 1018/204/2 1019/202/2 1052/203/2
f 1017/205/2 1018/204/2 1052/203/2
f 1017/205/2 1052/203/2 1053/206/2
f 1016/207/2 1017/205/2 1053/206/2
f 1016/207/2 1053/206/2 1054/208/2
f 1015/209/2 1016/207/2 1054/208/2
f 1014/210/2 1015/209/2 1054/208/2
f 1013/211/2 1014/210/2 1054/208/2
f 1012/212/2 1013/211/2 1054/208/2
f 1011/213/2 1012/212/2 1054/208/2
f 1010/214/2 1011/213/2 1054/208/2
f 1009/215/2 1010/214/2 1054/208/2
f 1008/216/2 1009/215/2 1054/208/2
f 1008/216/2 1054/208/2 920/217/2
f 1007/218/2 1008/216/2 920/217/2
f 1006/219/2 1007/218/2 920/217/2
f 1006/219/2 920/217/2 921/220/2
f 1005/221/2 1006/219/2 921/220/2
f 1004/222/2 1005/221/2 921/220/2
f 1003/223/2 1004/222/2 921/220/2
f 1003/223/2 921/220/2 922/224/2
f 1002/225/2 1003/223/2 922/224/2
f 1002/225/2 922/224/2 923/226/2
f 1001/227/2 1002/225/2 923/226/2
f 1000/228/2 1001/227/2 923/226/2
f 1000/228/2 923/226/2 924/229/2
f 999/230/2 1000/228/2 924/229/2
f 998/231/2 999/230/2 924/229/2
f 998/231/2 924/229/2 925/232/2
f 997/233/2 998/231/2 925/232/2
f 996/234/2 997/233/2 925/232/2
f 996/234/2 925/232/2 926/235/2
f 995/236/2 996/234/2 926/235/2
f 994/237/2 995/236/2 926/235/2
f 994/237/2 926/235/2 927/238/2
f 993/239/2 994/237/2 927/238/2
f 992/240/2 993/239/2 927/238/2
f 991/241/2 992/240/2 927/238/2
f 990/242/2 991/241/2 927/238/2
f 990/242/2 927/238/2 928/243/2
f 989/244/2 990/242/2 928/243/2
f 988/245/2 989/244/2 928/243/2
f 987/246/2 988/245/2 928/243/2
f 986/247/2 987/246/2 928/243/2
f 985/248/2 986/247/2 928/243/2
f 985/248/2 928/243/2 929/249/2
f 984/250/2 985/248/2 929/249/2
f 983/251/2 984/250/2 929/249/2
f 982/252/2 983/251/2 929/249/2
f 981/253/2 982/252/2 929/249/2
f 980/254/2 981/253/2 929/249/2
f 979/255/2 980/254/2 929/249/2
f 978/256/2 979/255/2 929/249/2
f 977/257/2 978/256/2 929/249/2
f 976/258/2 977/257/2 929/249/2
f 975/259/2 976/258/2 929/249/2
f 974/260/2 975/259/2 929/249/2
f 973/261/2 974/260/2 929/249/2
f 972/262/2 973/261/2 929/249/2
f 971/263/2 972/262/2 929/249/2
f 970/264/2 971/263/2 929/249/2
f 969/265/2 970/264/2 929/249/2
f 968/266/2 969/265/2 929/249/2
f 967/267/2 968/266/2 929/249/2
f 966/268/2 967/267/2 929/249/2
f 965/269/2 966/268/2 929/249/2
f 964/270/2 965/269/2 929/249/2
f 963/271/2 964/270/2 929/249/2
f 962/272/2 963/271/2 929/249/2
f 961/273/2 962/272/2 929/249/2
f 960/274/2 961/273/2 929/249/2
f 955/275/2 956/277/2 957/276/2
f 959/278/2 960/274/2 929/249/2
f 958/279/2 959/278/2 929/249/2
f 957/276/2 958/279/2 929/249/2
f 955/275/2 957/276/2 929/249/2
f 955/275/2 929/249/2 930/280/2
f 954/281/2 955/275/2 930/280/2
f 953/282/2 954/281/2 930/280/2
f 952/283/2 953/282/2 930/280/2
f 952/283/2 930/280/2 931/284/2
f 951/285/2 952/283/2 931/284/2
f 950/286/2 951/285/2 931/284/2
f 950/286/2 931/284/2 932/287/2
f 950/286/2 932/287/2 933/288/2
f 949/289/2 950/286/2 933/288/2
f 949/289/2 933/288/2 934/290/2
f 948/291/2 949/289/2 934/290/2
f 948/291/2 934/290/2 935/292/2
f 948/291/2 935/292/2 936/293/2
f 947/294/2 948/291/2 936/293/2
f 947/294/2 936/293/2 937/295/2
f 946/296/2 947/294/2 937/295/2
f 946/296/2 937/295/2 938/297/2
f 946/296/2 938/297/2 939/298/2
f 945/299/2 946/296/2 939/298/2
f 945/299/2 939/298/2 940/300/2
f 945/299/2 940/300/2 941/301/2
f 944/302/2 945/299/2 941/301/2
f 944/302/2 941/301/2 942/303/2
f 943/304/2 944/302/2 942/303/2
f 1354/305/2 1355/307/2 1356/306/2
f 1353/308/2 1354/305/2 1356/306/2
f 1352/309/2 1353/308/2 1356/306/2
f 1351/310/2 1352/309/2 1356/306/2
f 1351/310/2 1356/306/2 1357/311/2
f 1350/312/2 1351/310/2 1357/311/2
f 1349/313/2 1350/312/2 1357/311/2
f 1349/313/2 1357/311/2 1358/314/2
f 1348/315/2 1349/313/2 1358/314/2
f 1347/316/2 1348/315/2 1358/314/2
f 1347/316/2 1358/314/2 1359/317/2
f 1346/318/2 1347/316/2 1359/317/2
f 1346/318/2 1359/317/2 1360/319/2
f 1345/320/2 1346/318/2 1360/319/2
f 1344/321/2 1345/320/2 1360/319/2
f 1344/321/2 1360/319/2 1361/322/2
f 1343/323/2 1344/321/2 1361/322/2
f 1343/323/2 1361/322/2 1362/324/2
f 1342/325/2 1343/323/2 1362/324/2
f 1342/325/2 1362/324/2 1363/326/2
f 1342/325/2 1363/326/2 1364/327/2
f 1341/328/2 1342/325/2 1364/327/2
f 1341/328/2 1364/327/2 1365/329/2
f 1341/328/2 1365/329/2 1366/330/2
f 1341/328/2 1366/330/2 1367/331/2
f 1340/332/2 1341/328/2 1367/331/2
f 1340/332/2 1367/331/2 1368/333/2
f 1340/332/2 1368/333/2 1369/334/2
f 1340/332/2 1369/334/2 1370/335/2
f 1340/332/2 1370/335/2 1371/336/2
f 1339/337/2 1340/332/2 1371/336/2
f 1339/337/2 1371/336/2 1372/338/2
f 1339/337/2 1372/338/2 1373/339/2
f 1339/337/2 1373/339/2 1374/340/2
f 1339/337/2 1374/340/2 1375/341/2
f 1339/337/2 1375/341/2 1376/342/2
f 1338/343/2 1339/337/2 1376/342/2
f 1338/343/2 1376/342/2 1377/344/2
f 1338/343/2 1377/344/2 1378/345/2
f 1338/343/2 1378/345/2 1379/346/2
f 1338/343/2 1379/346/2 1380/347/2
f 1337/348/2 1338/343/2 1380/347/2
f 1337/348/2 1380/347/2 1381/349/2
f 1337/348/2 1381/349/2 1382/350/2
f 1336/351/2 1337/348/2 1382/350/2
f 1336/351/2 1382/350/2 1383/352/2
f 1336/351/2 1383/352/2 1384/353/2
f 1336/351/2 1384/353/2 1385/354/2
f 1335/355/2 1336/351/2 1385/354/2
f 1335/355/2 1385/354/2 1386/356/2
f 1335/355/2 1386/356/2 1387/357/2
f 1335/355/2 1387/357/2 1388/358/2
f 1335/355/2 1388/358/2 1389/359/2
f 1335/355/2 1389/359/2 1390/360/2
f 1335/355/2 1390/360/2 1391/49/2
f 1334/361/2 1335/355/2 1391/49/2
f 1334/361/2 1391/49/2 1224/217/2
f 1334/361/2 1224/217/2 1225/362/2
f 1334/361/2 1225/362/2 1226/363/2
f 1334/361/2 1226/363/2 1227/364/2
f 1334/361/2 1227/364/2 1228/365/2
f 1334/361/2 1228/365/2 1229/366/2
f 1334/361/2 1229/366/2 1230/367/2
f 1333/368/2 1334/361/2 1230/367/2
f 1333/368/2 1230/367/2 1231/369/2
f 1333/368/2 1231/369/2 1232/370/2
f 1333/368/2 1232/370/2 1233/371/2
f 1333/368/2 1233/371/2 1234/372/2
f 1332/373/2 1333/368/2 1234/372/2
f 1332/373/2 1234/372/2 1235/374/2
f 1332/373/2 1235/374/2 1236/375/2
f 1332/373/2 1236/375/2 1237/376/2
f 1332/373/2 1237/376/2 1238/377/2
f 1331/378/2 1332/373/2 1238/377/2
f 1331/378/2 1238/377/2 1239/379/2
f 1331/378/2 1239/379/2 1240/380/2
f 1331/378/2 1240/380/2 1241/381/2
f 1331/378/2 1241/381/2 1242/382/2
f 1330/383/2 1331/378/2 1242/382/2
f 1330/383/2 1242/382/2 1243/384/2
f 1330/383/2 1243/384/2 1244/385/2
f 1330/383/2 1244/385/2 1245/386/2
f 1330/383/2 1245/386/2 1246/387/2
f 1329/388/2 1330/383/2 1246/387/2
f 1329/388/2 1246/387/2 1247/389/2
f 1329/388/2 1247/389/2 1248/390/2
f 1329/388/2 1248/390/2 1249/391/2
f 1328/392/2 1329/388/2 1271/393/2
f 1271/393/2 1329/388/2 1249/391/2
f 1271/393/2 1249/391/2 1250/394/2
f 1328/392/2 1271/393/2 1272/395/2
f 1270/396/2 1271/393/2 1250/394/2
f 1269/397/2 1270/396/2 1250/394/2
f 1328/392/2 1272/395/2 1273/398/2
f 1268/399/2 1269/397/2 1250/394/2
f 1328/392/2 1273/398/2 1274/400/2
f 1268/399/2 1250/394/2 1251/401/2
f 1267/402/2 1268/399/2 1251/401/2
f 1328/392/2 1274/400/2 1275/403/2
f 1267/402/2 1251/401/2 1252/404/2
f 1266/405/2 1267/402/2 1252/404/2
f 1327/406/2 1328/392/2 1275/403/2
f 1327/406/2 1275/403/2 1276/407/2
f 1265/408/2 1266/405/2 1252/404/2
f 1265/408/2 1252/404/2 1253/409/2
f 1327/406/2 1276/407/2 1277/410/2
f 1264/411/2 1265/408/2 1253/409/2
f 1264/411/2 1253/409/2 1254/412/2
f 1263/413/2 1264/411/2 1254/412/2
f 1263/413/2 1254/412/2 1255/414/2
f 1327/406/2 1277/410/2 1278/415/2
f 1326/416/2 1327/406/2 1278/415/2
f 1262/417/2 1263/413/2 1255/414/2
f 1262/417/2 1255/414/2 1256/418/2
f 1261/419/2 1262/417/2 1256/418/2
f 1326/416/2 1278/415/2 1279/420/2
f 1261/419/2 1256/418/2 1257/421/2
f 1260/422/2 1261/419/2 1257/421/2
f 1260/422/2 1257/421/2 1258/423/2
f 1260/422/2 1258/423/2 1259/424/2
f 1326/416/2 1279/420/2 1280/425/2
f 1325/426/2 1326/416/2 1280/425/2
f 1325/426/2 1280/425/2 1281/427/2
f 1325/426/2 1281/427/2 1282/428/2
f 1325/426/2 1282/428/2 1283/429/2
f 1324/430/2 1325/426/2 1283/429/2
f 1324/430/2 1283/429/2 1284/431/2
f 1324/430/2 1284/431/2 1285/432/2
f 1324/430/2 1285/432/2 1286/433/2
f 1324/430/2 1286/433/2 1287/434/2
f 1323/435/2 1324/430/2 1287/434/2
f 1323/435/2 1287/434/2 1288/436/2
f 1323/435/2 1288/436/2 1289/437/2
f 1323/435/2 1289/437/2 1290/438/2
f 1322/439/2 1323/435/2 1290/438/2
f 1322/439/2 1290/438/2 1291/440/2
f 1322/439/2 1291/440/2 1292/441/2
f 1322/439/2 1292/441/2 1293/442/2
f 1322/439/2 1293/442/2 1294/443/2
f 1321/444/2 1322/439/2 1294/443/2
f 1321/444/2 1294/443/2 1295/445/2
f 1321/444/2 1295/445/2 1296/446/2
f 1320/447/2 1321/444/2 1296/446/2
f 1320/447/2 1296/446/2 1297/448/2
f 1320/447/2 1297/448/2 1298/449/2
f 1320/447/2 1298/449/2 1299/450/2
f 1319/451/2 1320/447/2 1299/450/2
f 1319/451/2 1299/450/2 1300/452/2
f 1319/451/2 1300/452/2 1301/453/2
f 1318/454/2 1319/451/2 1301/453/2
f 1318/454/2 1301/453/2 1302/455/2
f 1317/456/2 1318/454/2 1302/455/2
f 1316/457/2 1317/456/2 1302/455/2
f 1316/457/2 1302/455/2 1303/458/2
f 1315/459/2 1316/457/2 1303/458/2
f 1315/459/2 1303/458/2 1304/460/2
f 1314/461/2 1315/459/2 1304/460/2
f 1313/462/2 1314/461/2 1304/460/2
f 1313/462/2 1304/460/2 1305/463/2
f 1312/464/2 1313/462/2 1305/463/2
f 1312/464/2 1305/463/2 1306/465/2
f 1311/466/2 1312/464/2 1306/465/2
f 1310/467/2 1311/466/2 1306/465/2
f 1310/467/2 1306/465/2 1307/468/2
f 1309/469/2 1310/467/2 1307/468/2
f 1308/470/2 1309/469/2 1307/468/2
f 1547/471/2 1548/473/2 1549/472/2
f 1546/474/2 1547/471/2 1549/472/2
f 1546/474/2 1549/472/2 1550/475/2
f 1545/476/2 1546/474/2 1550/475/2
f 1545/476/2 1550/475/2 1551/477/2
f 1544/478/2 1545/476/2 1551/477/2
f 1544/478/2 1551/477/2 1552/479/2
f 1543/480/2 1544/478/2 1552/479/2
f 1542/481/2 1543/480/2 1552/479/2
f 1542/481/2 1552/479/2 1553/482/2
f 1541/483/2 1542/481/2 1553/482/2
f 1541/483/2 1553/482/2 1554/484/2
f 1540/485/2 1541/483/2 1554/484/2
f 1539/486/2 1540/485/2 1554/484/2
f 1539/486/2 1554/484/2 1555/487/2
f 1538/488/2 1539/486/2 1555/487/2
f 1537/489/2 1538/488/2 1555/487/2
f 1537/489/2 1555/487/2 1556/490/2
f 1536/491/2 1537/489/2 1556/490/2
f 1534/492/2 1535/493/2 1536/491/2
f 1534/492/2 1536/491/2 1556/490/2
f 1534/492/2 1556/490/2 1557/494/2
f 1533/495/2 1534/492/2 1557/494/2
f 1533/495/2 1557/494/2 1558/496/2
f 1532/497/2 1533/495/2 1558/496/2
f 1532/497/2 1558/496/2 1559/498/2
f 1531/499/2 1532/497/2 1559/498/2
f 1531/499/2 1559/498/2 1560/500/2
f 1530/501/2 1531/499/2 1560/500/2
f 1530/501/2 1560/500/2 1561/502/2
f 1529/503/2 1530/501/2 1561/502/2
f 1528/504/2 1529/503/2 1561/502/2
f 1528/504/2 1561/502/2 1562/505/2
f 1527/506/2 1528/504/2 1562/505/2
f 1526/507/2 1527/506/2 1562/505/2
f 1526/507/2 1562/505/2 1563/508/2
f 1525/509/2 1526/507/2 1563/508/2
f 1524/510/2 1525/509/2 1563/508/2
f 1524/510/2 1563/508/2 1564/511/2
f 1523/512/2 1524/510/2 1564/511/2
f 1522/513/2 1523/512/2 1564/511/2
f 1522/513/2 1564/511/2 1565/514/2
f 1521/515/2 1522/513/2 1565/514/2
f 1521/515/2 1565/514/2 1566/516/2
f 1520/517/2 1521/515/2 1566/516/2
f 1520/517/2 1566/516/2 1567/518/2
f 1519/519/2 1520/517/2 1567/518/2
f 1519/519/2 1567/518/2 1568/520/2
f 1518/521/2 1519/519/2 1568/520/2
f 1518/521/2 1568/520/2 1569/522/2
f 1518/521/2 1569/522/2 1570/523/2
f 1517/524/2 1518/521/2 1570/523/2
f 1517/524/2 1570/523/2 1571/525/2
f 1517/524/2 1571/525/2 1572/49/2
f 1517/524/2 1572/49/2 1392/217/2
f 1517/524/2 1392/217/2 1393/526/2
f 1516/527/2 1517/524/2 1393/526/2
f 1516/527/2 1393/526/2 1394/528/2
f 1516/527/2 1394/528/2 1395/529/2
f 1516/527/2 1395/529/2 1396/530/2
f 1516/527/2 1396/530/2 1397/531/2
f 1516/527/2 1397/531/2 1398/532/2
f 1515/533/2 1516/527/2 1398/532/2
f 1515/533/2 1398/532/2 1399/534/2
f 1515/533/2 1399/534/2 1400/535/2
f 1515/533/2 1400/535/2 1401/536/2
f 1515/533/2 1401/536/2 1402/537/2
f 1514/538/2 1515/533/2 1402/537/2
f 1514/538/2 1402/537/2 1403/539/2
f 1513/540/2 1514/538/2 1403/539/2
f 1513/540/2 1403/539/2 1404/541/2
f 1512/134/2 1513/540/2 1404/541/2
f 1512/134/2 1404/541/2 1405/542/2
f 1511/543/2 1512/134/2 1405/542/2
f 1510/544/2 1511/543/2 1405/542/2
f 1509/545/2 1510/544/2 1405/542/2
f 1508/546/2 1509/545/2 1405/542/2
f 1508/546/2 1405/542/2 1406/547/2
f 1507/548/2 1508/546/2 1406/547/2
f 1506/549/2 1507/548/2 1406/547/2
f 1505/550/2 1506/549/2 1406/547/2
f 1504/551/2 1505/550/2 1406/547/2
f 1503/552/2 1504/551/2 1406/547/2
f 1503/552/2 1406/547/2 1407/553/2
f 1502/554/2 1503/552/2 1407/553/2
f 1501/555/2 1502/554/2 1407/553/2
f 1500/556/2 1501/555/2 1407/553/2
f 1499/557/2 1500/556/2 1407/553/2
f 1499/557/2 1407/553/2 1408/558/2
f 1498/559/2 1499/557/2 1408/558/2
f 1497/560/2 1498/559/2 1408/558/2
f 1497/560/2 1408/558/2 1409/561/2
f 1496/562/2 1497/560/2 1409/561/2
f 1495/563/2 1496/562/2 1409/561/2
f 1495/563/2 1409/561/2 1474/564/2
f 1474/564/2 1409/561/2 1410/565/2
f 1495/563/2 1474/564/2 1475/566/2
f 1473/567/2 1474/564/2 1410/565/2
f 1472/568/2 1473/567/2 1410/565/2
f 1495/563/2 1475/566/2 1476/569/2
f 1494/570/2 1495/563/2 1476/569/2
f 1471/571/2 1472/568/2 1410/565/2
f 1494/570/2 1476/569/2 1477/572/2
f 1471/571/2 1410/565/2 1411/573/2
f 1494/570/2 1477/572/2 1478/574/2
f 1470/575/2 1471/571/2 1411/573/2
f 1493/576/2 1494/570/2 1478/574/2
f 1493/576/2 1478/574/2 1479/577/2
f 1469/578/2 1470/575/2 1411/573/2
f 1493/576/2 1479/577/2 1480/579/2
f 1492/580/2 1493/576/2 1480/579/2
f 1469/578/2 1411/573/2 1412/581/2
f 1468/582/2 1469/578/2 1412/581/2
f 1492/580/2 1480/579/2 1481/583/2
f 1491/584/2 1492/580/2 1481/583/2
f 1491/584/2 1481/583/2 1482/585/2
f 1467/586/2 1468/582/2 1412/581/2
f 1467/586/2 1412/581/2 1413/587/2
f 1491/584/2 1482/585/2 1483/588/2
f 1490/589/2 1491/584/2 1483/588/2
f 1466/590/2 1467/586/2 1413/587/2
f 1490/589/2 1483/588/2 1484/591/2
f 1489/592/2 1490/589/2 1484/591/2
f 1489/592/2 1484/591/2 1485/593/2
f 1488/594/2 1489/592/2 1485/593/2
f 1466/590/2 1413/587/2 1414/595/2
f 1488/594/2 1485/593/2 1486/596/2
f 1465/597/2 1466/590/2 1414/595/2
f 1487/598/2 1488/594/2 1486/596/2
f 1464/599/2 1465/597/2 1414/595/2
f 1464/599/2 1414/595/2 1415/600/2
f 1463/601/2 1464/599/2 1415/600/2
f 1463/601/2 1415/600/2 1416/602/2
f 1462/603/2 1463/601/2 1416/602/2
f 1462/603/2 1416/602/2 1417/604/2
f 1461/605/2 1462/603/2 1417/604/2
f 1461/605/2 1417/604/2 1418/606/2
f 1460/607/2 1461/605/2 1418/606/2
f 1459/608/2 1460/607/2 1418/606/2
f 1459/608/2 1418/606/2 1419/609/2
f 1458/610/2 1459/608/2 1419/609/2
f 1458/610/2 1419/609/2 1420/611/2
f 1457/612/2 1458/610/2 1420/611/2
f 1457/612/2 1420/611/2 1421/613/2
f 1456/614/2 1457/612/2 1421/613/2
f 1456/614/2 1421/613/2 1422/615/2
f 1455/616/2 1456/614/2 1422/615/2
f 1455/616/2 1422/615/2 1423/617/2
f 1454/618/2 1455/616/2 1423/617/2
f 1454/618/2 1423/617/2 1424/619/2
f 1453/620/2 1454/618/2 1424/619/2
f 1453/620/2 1424/619/2 1425/621/2
f 1452/199/2 1453/620/2 1425/621/2
f 1452/199/2 1425/621/2 1426/622/2
f 1451/623/2 1452/199/2 1426/622/2
f 1451/623/2 1426/622/2 1427/624/2
f 1450/625/2 1451/623/2 1427/624/2
f 1450/625/2 1427/624/2 1428/626/2
f 1449/627/2 1450/625/2 1428/626/2
f 1448/628/2 1449/627/2 1428/626/2
f 1448/628/2 1428/626/2 1429/629/2
f 1447/630/2 1448/628/2 1429/629/2
f 1447/630/2 1429/629/2 1430/631/2
f 1446/632/2 1447/630/2 1430/631/2
f 1445/633/2 1446/632/2 1430/631/2
f 1445/633/2 1430/631/2 1431/634/2
f 1444/635/2 1445/633/2 1431/634/2
f 1443/636/2 1444/635/2 1431/634/2
f 1443/636/2 1431/634/2 1432/637/2
f 1442/638/2 1443/636/2 1439/639/2
f 1439/639/2 1443/636/2 1432/637/2
f 1441/640/2 1442/638/2 1439/639/2
f 1440/641/2 1441/640/2 1439/639/2
f 1438/642/2 1439/639/2 1432/637/2
f 1437/643/2 1438/642/2 1432/637/2
f 1436/644/2 1437/643/2 1432/637/2
f 1436/644/2 1432/637/2 1433/645/2
f 1435/646/2 1436/644/2 1433/645/2
f 1435/646/2 1433/645/2 1434/647/2
f 1704/648/2 1705/650/2 1706/649/2
f 1702/651/2 1703/652/2 1704/648/2
f 1701/653/2 1702/651/2 1704/648/2
f 1701/653/2 1704/648/2 1706/649/2
f 1700/654/2 1701/653/2 1706/649/2
f 1700/654/2 1706/649/2 1707/655/2
f 1699/656/2 1700/654/2 1707/655/2
f 1699/656/2 1707/655/2 1708/657/2
f 1698/658/2 1699/656/2 1708/657/2
f 1697/659/2 1698/658/2 1708/657/2
f 1697/659/2 1708/657/2 1709/660/2
f 1696/661/2 1697/659/2 1709/660/2
f 1695/662/2 1696/661/2 1709/660/2
f 1695/662/2 1709/660/2 1710/663/2
f 1694/664/2 1695/662/2 1710/663/2
f 1694/664/2 1710/663/2 1711/665/2
f 1693/666/2 1694/664/2 1711/665/2
f 1692/667/2 1693/666/2 1711/665/2
f 1692/667/2 1711/665/2 1712/668/2
f 1691/669/2 1692/667/2 1712/668/2
f 1691/669/2 1712/668/2 1713/670/2
f 1690/671/2 1691/669/2 1713/670/2
f 1689/672/2 1690/671/2 1713/670/2
f 1689/672/2 1713/670/2 1714/673/2
f 1688/674/2 1689/672/2 1714/673/2
f 1687/675/2 1688/674/2 1714/673/2
f 1687/675/2 1714/673/2 1715/676/2
f 1686/677/2 1687/675/2 1715/676/2
f 1685/678/2 1686/677/2 1715/676/2
f 1685/678/2 1715/676/2 1716/679/2
f 1684/680/2 1685/678/2 1716/679/2
f 1683/681/2 1684/680/2 1716/679/2
f 1683/681/2 1716/679/2 1717/682/2
f 1682/683/2 1683/681/2 1717/682/2
f 1682/683/2 1717/682/2 1718/684/2
f 1682/683/2 1718/684/2 1719/685/2
f 1681/686/2 1682/683/2 1719/685/2
f 1681/686/2 1719/685/2 1720/687/2
f 1681/686/2 1720/687/2 1721/688/2
f 1681/686/2 1721/688/2 1722/689/2
f 1681/686/2 1722/689/2 1723/690/2
f 1681/686/2 1723/690/2 1724/691/2
f 1680/692/2 1681/686/2 1724/691/2
f 1680/692/2 1724/691/2 1725/693/2
f 1680/692/2 1725/693/2 1726/694/2
f 1680/692/2 1726/694/2 1727/695/2
f 1680/692/2 1727/695/2 1728/696/2
f 1679/599/2 1680/692/2 1728/696/2
f 1679/599/2 1728/696/2 1729/697/2
f 1679/599/2 1729/697/2 1730/698/2
f 1679/599/2 1730/698/2 1731/699/2
f 1679/599/2 1731/699/2 1732/556/2
f 1679/599/2 1732/556/2 1733/700/2
f 1679/599/2 1733/700/2 1734/701/2
f 1678/702/2 1679/599/2 1734/701/2
f 1678/702/2 1734/701/2 1735/703/2
f 1678/702/2 1735/703/2 1736/704/2
f 1677/705/2 1678/702/2 1736/704/2
f 1677/705/2 1736/704/2 1737/706/2
f 1677/705/2 1737/706/2 1738/707/2
f 1676/708/2 1677/705/2 1738/707/2
f 1676/708/2 1738/707/2 1739/709/2
f 1676/708/2 1739/709/2 1740/710/2
f 1675/711/2 1676/708/2 1740/710/2
f 1675/711/2 1740/710/2 1741/712/2
f 1675/711/2 1741/712/2 1742/713/2
f 1674/714/2 1675/711/2 1742/713/2
f 1673/715/2 1674/714/2 1742/713/2
f 1672/716/2 1673/715/2 1614/717/2
f 1614/717/2 1673/715/2 1613/718/2
f 1613/718/2 1673/715/2 1597/719/2
f 1597/719/2 1673/715/2 1596/720/2
f 1596/720/2 1673/715/2 1742/713/2
f 1595/721/2 1596/720/2 1742/713/2
f 1613/718/2 1597/719/2 1598/722/2
f 1613/718/2 1598/722/2 1599/723/2
f 1594/724/2 1595/721/2 1742/713/2
f 1613/718/2 1599/723/2 1600/725/2
f 1613/718/2 1600/725/2 1601/726/2
f 1613/718/2 1601/726/2 1612/727/2
f 1612/727/2 1601/726/2 1602/728/2
f 1593/729/2 1594/724/2 1742/713/2
f 1612/727/2 1602/728/2 1603/730/2
f 1612/727/2 1603/730/2 1604/731/2
f 1611/732/2 1612/727/2 1604/731/2
f 1610/733/2 1611/732/2 1604/731/2
f 1610/733/2 1604/731/2 1605/734/2
f 1609/735/2 1610/733/2 1605/734/2
f 1609/735/2 1605/734/2 1606/736/2
f 1672/716/2 1614/717/2 1615/737/2
f 1609/735/2 1606/736/2 1607/738/2
f 1608/739/2 1609/735/2 1607/738/2
f 1592/740/2 1593/729/2 1742/713/2
f 1672/716/2 1615/737/2 1616/741/2
f 1672/716/2 1616/741/2 1617/742/2
f 1591/743/2 1592/740/2 1742/713/2
f 1591/743/2 1742/713/2 1743/744/2
f 1672/716/2 1617/742/2 1618/745/2
f 1590/746/2 1591/743/2 1743/744/2
f 1672/716/2 1618/745/2 1619/747/2
f 1672/716/2 1619/747/2 1620/748/2
f 1589/749/2 1590/746/2 1743/744/2
f 1672/716/2 1620/748/2 1621/750/2
f 1588/751/2 1589/749/2 1743/744/2
f 1587/752/2 1588/751/2 1743/744/2
f 1671/753/2 1672/716/2 1621/750/2
f 1671/753/2 1621/750/2 1622/754/2
f 1586/755/2 1587/752/2 1743/744/2
f 1585/756/2 1586/755/2 1743/744/2
f 1584/757/2 1585/756/2 1743/744/2
f 1671/753/2 1622/754/2 1623/758/2
f 1670/759/2 1671/753/2 1623/758/2
f 1583/760/2 1584/757/2 1743/744/2
f 1582/761/2 1583/760/2 1743/744/2
f 1581/762/2 1582/761/2 1743/744/2
f 1580/763/2 1581/762/2 1743/744/2
f 1669/764/2 1670/759/2 1623/758/2
f 1669/764/2 1623/758/2 1624/765/2
f 1579/766/2 1580/763/2 1743/744/2
f 1579/766/2 1743/744/2 1744/767/2
f 1578/768/2 1579/766/2 1744/767/2
f 1577/769/2 1578/768/2 1744/767/2
f 1812/770/2 1813/772/2 1814/771/2
f 1812/770/2 1814/771/2 1815/773/2
f 1811/774/2 1812/770/2 1815/773/2
f 1576/775/2 1577/769/2 1744/767/2
f 1811/774/2 1815/773/2 1816/776/2
f 1575/777/2 1576/775/2 1744/767/2
f 1810/778/2 1811/774/2 1816/776/2
f 1668/779/2 1669/764/2 1624/765/2
f 1574/780/2 1575/777/2 1744/767/2
f 1810/778/2 1816/776/2 1817/781/2
f 1668/779/2 1624/765/2 1625/782/2
f 1573/217/2 1574/780/2 1744/767/2
f 1809/783/2 1810/778/2 1817/781/2
f 1838/49/2 1573/217/2 1744/767/2
f 1809/783/2 1817/781/2 1818/784/2
f 1837/785/2 1838/49/2 1744/767/2
f 1836/786/2 1837/785/2 1744/767/2
f 1808/787/2 1809/783/2 1818/784/2
f 1808/787/2 1818/784/2 1819/788/2
f 1667/789/2 1668/779/2 1625/782/2
f 1835/790/2 1836/786/2 1744/767/2
f 1666/791/2 1667/789/2 1625/782/2
f 1665/792/2 1666/791/2 1625/782/2
f 1664/793/2 1665/792/2 1625/782/2
f 1808/787/2 1819/788/2 1820/794/2
f 1834/795/2 1835/790/2 1744/767/2
f 1663/796/2 1664/793/2 1625/782/2
f 1807/797/2 1808/787/2 1820/794/2
f 1662/798/2 1663/796/2 1625/782/2
f 1833/799/2 1834/795/2 1744/767/2
f 1662/798/2 1625/782/2 1626/626/2
f 1661/800/2 1662/798/2 1626/626/2
f 1660/801/2 1661/800/2 1626/626/2
f 1807/797/2 1820/794/2 1821/802/2
f 1659/803/2 1660/801/2 1626/626/2
f 1832/804/2 1833/799/2 1744/767/2
f 1658/805/2 1659/803/2 1626/626/2
f 1832/804/2 1744/767/2 1745/806/2
f 1657/807/2 1658/805/2 1626/626/2
f 1806/808/2 1807/797/2 1821/802/2
f 1831/809/2 1832/804/2 1745/806/2
f 1656/810/2 1657/807/2 1626/626/2
f 1806/808/2 1821/802/2 1822/811/2
f 1655/812/2 1656/810/2 1626/626/2
f 1654/813/2 1655/812/2 1626/626/2
f 1830/814/2 1831/809/2 1745/806/2
f 1653/815/2 1654/813/2 1626/626/2
f 1652/816/2 1653/815/2 1626/626/2
f 1806/808/2 1822/811/2 1823/817/2
f 1829/818/2 1830/814/2 1745/806/2
f 1651/819/2 1652/816/2 1626/626/2
f 1828/820/2 1829/818/2 1745/806/2
f 1650/821/2 1651/819/2 1626/626/2
f 1805/822/2 1806/808/2 1823/817/2
f 1805/822/2 1823/817/2 1824/823/2
f 1649/824/2 1650/821/2 1626/626/2
f 1827/825/2 1828/820/2 1745/806/2
f 1648/826/2 1649/824/2 1626/626/2
f 1826/827/2 1827/825/2 1745/806/2
f 1648/826/2 1626/626/2 1627/828/2
f 1805/822/2 1824/823/2 1825/829/2
f 1825/829/2 1826/827/2 1745/806/2
f 1805/822/2 1825/829/2 1745/806/2
f 1647/830/2 1648/826/2 1627/828/2
f 1646/831/2 1647/830/2 1627/828/2
f 1645/832/2 1646/831/2 1627/828/2
f 1644/833/2 1645/832/2 1627/828/2
f 1643/834/2 1644/833/2 1627/828/2
f 1804/835/2 1805/822/2 1745/806/2
f 1642/836/2 1643/834/2 1627/828/2
f 1803/837/2 1804/835/2 1745/806/2
f 1642/836/2 1627/828/2 1628/838/2
f 1641/839/2 1642/836/2 1628/838/2
f 1803/837/2 1745/806/2 1746/840/2
f 1802/841/2 1803/837/2 1746/840/2
f 1640/842/2 1641/839/2 1628/838/2
f 1801/843/2 1802/841/2 1746/840/2
f 1639/844/2 1640/842/2 1628/838/2
f 1639/844/2 1628/838/2 1629/845/2
f 1800/846/2 1801/843/2 1746/840/2
f 1638/847/2 1639/844/2 1629/845/2
f 1637/848/2 1638/847/2 1629/845/2
f 1799/849/2 1800/846/2 1746/840/2
f 1637/848/2 1629/845/2 1630/850/2
f 1636/851/2 1637/848/2 1630/850/2
f 1799/849/2 1746/840/2 1747/852/2
f 1798/853/2 1799/849/2 1747/852/2
f 1635/854/2 1636/851/2 1630/850/2
f 1635/854/2 1630/850/2 1631/855/2
f 1797/856/2 1798/853/2 1747/852/2
f 1634/857/2 1635/854/2 1631/855/2
f 1633/858/2 1634/857/2 1631/855/2
f 1633/858/2 1631/855/2 1632/859/2
f 1796/860/2 1797/856/2 1747/852/2
f 1795/861/2 1796/860/2 1747/852/2
f 1794/862/2 1795/861/2 1747/852/2
f 1793/863/2 1794/862/2 1747/852/2
f 1793/863/2 1747/852/2 1748/864/2
f 1792/865/2 1793/863/2 1748/864/2
f 1791/866/2 1792/865/2 1748/864/2
f 1790/867/2 1791/866/2 1748/864/2
f 1789/868/2 1790/867/2 1748/864/2
f 1788/869/2 1789/868/2 1748/864/2
f 1788/869/2 1748/864/2 1749/870/2
f 1787/871/2 1788/869/2 1749/870/2
f 1786/872/2 1787/871/2 1749/870/2
f 1785/491/2 1786/872/2 1749/870/2
f 1785/491/2 1749/870/2 1750/873/2
f 1784/874/2 1785/491/2 1750/873/2
f 1783/875/2 1784/874/2 1750/873/2
f 1782/876/2 1783/875/2 1750/873/2
f 1781/877/2 1782/876/2 1750/873/2
f 1781/877/2 1750/873/2 1751/878/2
f 1780/879/2 1781/877/2 1751/878/2
f 1779/880/2 1780/879/2 1751/878/2
f 1778/881/2 1779/880/2 1751/878/2
f 1777/882/2 1778/881/2 1751/878/2
f 1777/882/2 1751/878/2 1752/883/2
f 1776/884/2 1777/882/2 1752/883/2
f 1775/885/2 1776/884/2 1752/883/2
f 1775/885/2 1752/883/2 1753/886/2
f 1774/887/2 1775/885/2 1753/886/2
f 1773/888/2 1774/887/2 1753/886/2
f 1773/888/2 1753/886/2 1754/889/2
f 1773/888/2 1754/889/2 1755/890/2
f 1772/891/2 1773/888/2 1755/890/2
f 1772/891/2 1755/890/2 1756/892/2
f 1771/893/2 1772/891/2 1756/892/2
f 1771/893/2 1756/892/2 1757/894/2
f 1771/893/2 1757/894/2 1758/895/2
f 1770/896/2 1771/893/2 1758/895/2
f 1770/896/2 1758/895/2 1759/897/2
f 1769/898/2 1770/896/2 1759/897/2
f 1769/898/2 1759/897/2 1760/899/2
f 1768/900/2 1769/898/2 1760/899/2
f 1768/900/2 1760/899/2 1761/901/2
f 1768/900/2 1761/901/2 1762/902/2
f 1767/903/2 1768/900/2 1762/902/2
f 1767/903/2 1762/902/2 1763/904/2
f 1766/905/2 1767/903/2 1763/904/2
f 1766/905/2 1763/904/2 1764/906/2
f 1765/907/2 1766/905/2 1764/906/2
s 1
f 1842/908/3 1839/217/4 1840/909/4
f 1844/910/5 1841/911/3 1842/908/3
f 1846/912/6 1843/913/5 1844/910/5
f 1848/914/7 1845/915/6 1846/912/6
f 1850/916/8 1847/917/9 1848/914/7
f 1852/918/10 1849/919/11 1850/916/8
f 1854/920/12 1851/921/10 1852/918/10
f 1856/922/13 1853/923/12 1854/920/12
f 1858/924/14 1855/925/13 1856/922/13
f 1860/926/15 1857/927/14 1858/924/14
f 1862/928/16 1859/929/15 1860/926/15
f 1864/930/17 1861/931/18 1862/928/16
f 1866/932/19 1863/933/20 1864/930/17
f 1868/934/21 1865/935/19 1866/932/19
f 1870/936/22 1867/937/21 1868/934/21
f 1872/938/23 1869/939/22 1870/936/22
f 1874/940/24 1871/941/23 1872/938/23
f 1876/942/25 1873/943/24 1874/940/24
f 1878/944/26 1875/945/25 1876/942/25
f 1880/946/27 1877/947/26 1878/944/26
f 1882/948/28 1879/949/27 1880/946/27
f 1884/950/29 1881/951/28 1882/948/28
f 1886/952/30 1883/953/29 1884/950/29
f 1888/954/31 1885/955/30 1886/952/30
f 1890/956/32 1887/957/31 1888/954/31
f 1892/958/33 1889/959/32 1890/956/32
f 1894/960/34 1891/961/33 1892/958/33
f 1896/962/35 1893/963/34 1894/960/34
f 1898/964/36 1895/965/35 1896/962/35
f 1900/966/37 1897/967/36 1898/964/36
f 1902/968/38 1899/969/37 1900/966/37
f 1904/970/39 1901/971/38 1902/968/38
f 1906/972/40 1903/973/39 1904/970/39
f 1908/974/41 1905/975/40 1906/972/40
f 1910/976/42 1907/977/41 1908/974/41
f 1912/978/43 1909/979/42 1910/976/42
f 1914/980/44 1911/981/43 1912/978/43
f 1916/982/45 1913/983/44 1914/980/44
f 1918/984/46 1915/985/45 1916/982/45
f 1920/986/47 1917/987/46 1918/984/46
f 1922/988/48 1919/989/47 1920/986/47
f 1924/990/49 1921/991/48 1922/988/48
f 1926/992/50 1923/993/49 1924/990/49
f 1928/994/51 1925/995/50 1926/992/50
f 1930/996/52 1927/997/51 1928/994/51
f 1932/998/53 1929/999/52 1930/996/52
f 1934/1000/54 1931/1001/53 1932/998/53
f 1936/1002/55 1933/1003/54 1934/1000/54
f 1938/1004/56 1935/1005/55 1936/1002/55
f 1940/1006/57 1937/1007/56 1938/1004/56
f 1942/1008/58 1939/1009/57 1940/1006/57
f 1944/1010/59 1941/1011/58 1942/1008/58
f 1946/1012/60 1943/1013/59 1944/1010/59
f 1948/1014/61 1945/1015/60 1946/1012/60
f 1950/1016/62 1947/1017/61 1948/1014/61
f 1952/1018/63 1949/1019/62 1950/1016/62
f 1954/1020/64 1951/1021/63 1952/1018/63
f 1956/1022/65 1953/1023/64 1954/1020/64
f 1958/1024/66 1955/1025/67 1956/1022/65
f 1960/1026/68 1957/1027/66 1958/1024/66
f 1962/1028/69 1959/1029/68 1960/1026/68
f 1964/1030/70 1961/1031/69 1962/1028/69
f 1966/1032/71 1963/1033/70 1964/1030/70
f 1968/1034/72 1965/1035/71 1966/1032/71
f 1970/1036/73 1967/1037/72 1968/1034/72
f 1972/1038/74 1969/1039/73 1970/1036/73
f 1974/1040/75 1971/1041/74 1972/1038/74
f 1976/1042/76 1973/1043/75 1974/1040/75
f 1978/1044/77 1975/1045/76 1976/1042/76
f 1980/1046/78 1977/1047/77 1978/1044/77
f 1982/1048/79 1979/1049/78 1980/1046/78
f 1984/1050/80 1981/1051/79 1982/1048/79
f 1986/1052/81 1983/1053/82 1984/1050/80
f 1988/1054/83 1985/1055/84 1986/1052/81
f 1990/1056/85 1987/1057/86 1988/1054/83
f 1992/1058/87 1989/1059/88 1990/1056/85
f 1994/1060/89 1991/1061/90 1992/1058/87
f 1996/1062/91 1993/1063/92 1994/1060/89
f 1998/1064/93 1995/1065/91 1996/1062/91
f 2000/1066/94 1997/1067/95 1998/1064/93
f 2002/1068/96 1999/1069/94 2000/1066/94
f 2004/1070/97 2001/1071/96 2002/1068/96
f 2006/1072/98 2003/1073/97 2004/1070/97
f 2008/1074/99 2005/1075/98 2006/1072/98
f 2010/1076/100 2007/1077/99 2008/1074/99
f 2012/1078/101 2009/1079/102 2010/1076/100
f 2014/1080/103 2011/1081/101 2012/1078/101
f 2016/1082/104 2013/1083/105 2014/1080/103
f 2018/1084/106 2015/1085/107 2016/1082/104
f 2020/1086/108 2017/1087/109 2018/1084/106
f 2022/1088/110 2019/1089/108 2020/1086/108
f 2024/1090/108 2021/1091/110 2022/1088/110
f 2026/1092/109 2023/1093/111 2024/1090/108
f 2028/1094/107 2025/1095/112 2026/1092/109
f 2030/1096/113 2027/1097/104 2028/1094/107
f 2032/1098/114 2029/1099/113 2030/1096/113
f 2034/1100/115 2031/1101/114 2032/1098/114
f 2036/1102/116 2033/1103/115 2034/1100/115
f 2038/1104/117 2035/1105/116 2036/1102/116
f 2040/1106/118 2037/1107/117 2038/1104/117
f 2042/1108/119 2039/1109/118 2040/1106/118
f 2044/1110/120 2041/1111/119 2042/1108/119
f 2046/1112/121 2043/1113/120 2044/1110/120
f 2048/1114/122 2045/1115/121 2046/1112/121
f 2050/1116/123 2047/1117/122 2048/1114/122
f 2052/1118/124 2049/1119/123 2050/1116/123
f 2054/1120/125 2051/1121/124 2052/1118/124
f 2056/1122/126 2053/1123/125 2054/1120/125
f 2058/1124/127 2055/1125/126 2056/1122/126
f 2060/1126/128 2057/1127/127 2058/1124/127
f 2062/1128/129 2059/1129/130 2060/1126/128
f 2064/1130/131 2061/1131/129 2062/1128/129
f 2066/1132/132 2063/1133/131 2064/1130/131
f 2068/1134/133 2065/1135/132 2066/1132/132
f 2070/1136/134 2067/1137/133 2068/1134/133
f 2072/1138/135 2069/1139/134 2070/1136/134
f 2074/1140/136 2071/1141/137 2072/1138/135
f 2076/1142/138 2073/1143/136 2074/1140/136
f 2078/1144/139 2075/1145/138 2076/1142/138
f 2080/1146/140 2077/1147/139 2078/1144/139
f 2082/1148/141 2079/1149/140 2080/1146/140
f 2084/1150/142 2081/1151/141 2082/1148/141
f 2086/1152/143 2083/1153/142 2084/1150/142
f 2088/1154/144 2085/1155/143 2086/1152/143
f 2090/1156/145 2087/1157/144 2088/1154/144
f 2092/1158/146 2089/1159/145 2090/1156/145
f 2094/1160/147 2091/1161/146 2092/1158/146
f 2096/1162/148 2093/1163/147 2094/1160/147
f 2098/1164/149 2095/1165/148 2096/1162/148
f 2100/1166/150 2097/1167/149 2098/1164/149
f 2102/1168/151 2099/1169/150 2100/1166/150
f 2104/1170/152 2101/1171/151 2102/1168/151
f 2106/1172/153 2103/1173/152 2104/1170/152
f 2108/1174/154 2105/585/153 2106/1172/153
f 2110/1175/155 2107/1176/154 2108/1174/154
f 2112/1177/156 2109/1178/155 2110/1175/155
f 2114/1179/157 2111/1180/156 2112/1177/156
f 2116/1181/158 2113/1182/157 2114/1179/157
f 2118/1183/159 2115/1184/158 2116/1181/158
f 2120/1185/160 2117/1186/159 2118/1183/159
f 2122/1187/161 2119/1188/160 2120/1185/160
f 2124/1189/162 2121/1190/161 2122/1187/161
f 2126/1191/163 2123/1192/162 2124/1189/162
f 2128/1193/164 2125/1194/163 2126/1191/163
f 2130/1195/165 2127/1196/164 2128/1193/164
f 2132/1197/166 2129/1198/165 2130/1195/165
f 2134/1199/167 2131/1200/166 2132/1197/166
f 2136/1201/168 2133/1202/167 2134/1199/167
f 2138/1203/169 2135/1204/168 2136/1201/168
f 2140/1205/170 2137/1206/169 2138/1203/169
f 2142/1207/171 2139/1208/170 2140/1205/170
f 2144/1209/172 2141/1210/171 2142/1207/171
f 2146/1211/173 2143/1212/172 2144/1209/172
f 2148/1213/174 2145/1214/173 2146/1211/173
f 2150/1215/175 2147/1216/174 2148/1213/174
f 2152/1217/176 2149/1218/175 2150/1215/175
f 2154/1219/177 2151/1220/176 2152/1217/176
f 2156/1221/178 2153/1222/177 2154/1219/177
f 2158/1223/179 2155/1224/178 2156/1221/178
f 2160/1225/180 2157/1226/179 2158/1223/179
f 2162/1227/181 2159/1228/180 2160/1225/180
f 2164/1229/182 2161/1230/181 2162/1227/181
f 2166/1231/183 2163/1232/182 2164/1229/182
f 2168/1233/184 2165/1234/183 2166/1231/183
f 2170/1235/185 2167/1236/184 2168/1233/184
f 2172/1237/186 2169/1238/185 2170/1235/185
f 2174/1239/187 2171/1240/186 2172/1237/186
f 2176/1241/188 2173/1242/187 2174/1239/187
f 2178/1243/189 2175/1244/188 2176/1241/188
f 2180/1245/190 2177/1246/189 2178/1243/189
f 2182/1247/191 2179/1248/190 2180/1245/190
f 2184/1249/192 2181/1250/191 2182/1247/191
f 2186/1251/193 2183/1252/192 2184/1249/192
f 2188/1253/194 2185/1254/193 2186/1251/193
f 2190/1255/195 2187/1256/194 2188/1253/194
f 2192/1257/196 2189/1258/195 2190/1255/195
f 2194/1259/197 2191/1260/196 2192/1257/196
f 2196/1261/198 2193/1262/197 2194/1259/197
f 2198/1263/199 2195/1264/198 2196/1261/198
f 2200/1265/200 2197/1266/199 2198/1263/199
f 2202/1267/201 2199/1268/200 2200/1265/200
f 2204/1269/202 2201/1270/201 2202/1267/201
f 2206/1271/203 2203/1272/202 2204/1269/202
f 2208/1273/204 2205/1274/205 2206/1271/203
f 2210/1275/206 2207/1276/204 2208/1273/204
f 2212/1277/207 2209/1278/206 2210/1275/206
f 2214/1279/208 2211/1280/207 2212/1277/207
f 2216/1281/209 2213/1282/208 2214/1279/208
f 2218/1283/210 2215/1284/209 2216/1281/209
f 2220/1285/211 2217/1286/210 2218/1283/210
f 2222/1287/212 2219/1288/211 2220/1285/211
f 2224/1289/213 2221/1290/214 2222/1287/212
f 2226/1291/215 2223/1292/213 2224/1289/213
f 2228/1293/216 2225/1294/215 2226/1291/215
f 2230/1295/217 2227/1296/216 2228/1293/216
f 2232/1297/218 2229/1298/217 2230/1295/217
f 2234/1299/219 2231/1300/220 2232/1297/218
f 2236/1301/221 2233/1302/219 2234/1299/219
f 2238/1303/222 2235/1304/221 2236/1301/221
f 2240/1305/223 2237/1306/222 2238/1303/222
f 2242/1307/224 2239/1308/223 2240/1305/223
f 2244/1309/225 2241/1310/224 2242/1307/224
f 2246/1311/226 2243/1312/225 2244/1309/225
f 2248/1313/227 2245/1314/226 2246/1311/226
f 2250/1315/228 2247/1316/227 2248/1313/227
f 2252/1317/229 2249/1318/228 2250/1315/228
f 2254/1319/230 2251/1320/231 2252/1317/229
f 2256/1321/232 2253/1322/230 2254/1319/230
f 2258/1323/233 2255/1324/232 2256/1321/232
f 2260/1325/234 2257/1326/233 2258/1323/233
f 2262/1327/235 2259/1328/234 2260/1325/234
f 2264/1329/236 2261/1330/235 2262/1327/235
f 2266/1331/237 2263/1332/236 2264/1329/236
f 2268/1333/238 2265/1334/237 2266/1331/237
f 2270/1335/239 2267/1336/238 2268/1333/238
f 2272/1337/240 2269/1338/239 2270/1335/239
f 2274/1339/241 2271/1340/240 2272/1337/240
f 2276/1341/242 2273/1342/241 2274/1339/241
f 2278/1343/243 2275/1344/242 2276/1341/242
f 2280/1345/244 2277/1346/243 2278/1343/243
f 2282/1347/245 2279/1348/246 2280/1345/244
f 2284/1349/247 2281/1350/245 2282/1347/245
f 2286/1351/248 2283/1352/247 2284/1349/247
f 2288/1353/249 2285/1354/248 2286/1351/248
f 2290/1355/250 2287/1356/249 2288/1353/249
f 2292/1357/251 2289/1358/252 2290/1355/250
f 2294/1359/253 2291/1360/251 2292/1357/251
f 2296/1361/254 2293/1362/253 2294/1359/253
f 2298/1363/255 2295/1364/256 2296/1361/254
f 2300/1365/257 2297/1366/255 2298/1363/255
f 2302/1367/258 2299/1368/257 2300/1365/257
f 2304/1369/259 2301/1370/258 2302/1367/258
f 2306/1371/260 2303/1372/259 2304/1369/259
f 2308/1373/261 2305/1374/260 2306/1371/260
f 2310/1375/262 2307/1376/261 2308/1373/261
f 2312/1377/263 2309/1378/262 2310/1375/262
f 2314/1379/264 2311/1380/265 2312/1377/263
f 2316/1381/266 2313/1382/264 2314/1379/264
f 2318/1383/267 2315/1384/266 2316/1381/266
f 2320/1385/268 2317/1386/267 2318/1383/267
f 2322/1387/269 2319/1388/268 2320/1385/268
f 2324/1389/270 2321/1390/269 2322/1387/269
f 2326/1391/271 2323/1392/270 2324/1389/270
f 2328/1393/272 2325/1394/271 2326/1391/271
f 2330/1395/273 2327/1396/272 2328/1393/272
f 2332/1397/274 2329/1398/273 2330/1395/273
f 2334/1399/275 2331/1400/274 2332/1397/274
f 2336/1401/276 2333/1402/275 2334/1399/275
f 2338/1403/277 2335/1404/276 2336/1401/276
f 2340/1405/278 2337/1406/277 2338/1403/277
f 2342/1407/279 2339/1408/280 2340/1405/278
f 2344/1409/281 2341/1410/279 2342/1407/279
f 2346/1411/282 2343/1412/281 2344/1409/281
f 2348/1413/283 2345/1414/282 2346/1411/282
f 2350/1415/284 2347/1416/283 2348/1413/283
f 2352/1417/285 2349/1418/284 2350/1415/284
f 2354/1419/286 2351/1420/285 2352/1417/285
f 2356/1421/287 2353/1422/286 2354/1419/286
f 2358/1423/288 2355/1424/289 2356/1421/287
f 2360/1425/290 2357/1426/288 2358/1423/288
f 2362/1427/291 2359/1428/290 2360/1425/290
f 2364/1429/292 2361/1430/291 2362/1427/291
f 2366/1431/293 2363/1432/294 2364/1429/292
f 2368/1433/295 2365/1434/296 2366/1431/293
f 2370/1435/297 2367/1436/295 2368/1433/295
f 1840/1437/4 2369/1438/297 2370/1435/297
f 2374/1439/298 2371/217/299 2372/909/299
f 2376/1440/300 2373/1441/298 2374/1439/298
f 2378/1442/301 2375/1443/300 2376/1440/300
f 2380/1444/302 2377/1445/301 2378/1442/301
f 2382/1446/303 2379/1447/302 2380/1444/302
f 2384/1448/304 2381/1449/303 2382/1446/303
f 2386/1450/305 2383/1451/304 2384/1448/304
f 2388/1452/306 2385/1453/305 2386/1450/305
f 2390/1454/307 2387/1455/306 2388/1452/306
f 2392/1456/308 2389/1457/307 2390/1454/307
f 2394/1458/309 2391/1459/308 2392/1456/308
f 2396/1460/310 2393/1461/309 2394/1458/309
f 2398/1462/311 2395/1463/310 2396/1460/310
f 2400/1464/312 2397/1465/311 2398/1462/311
f 2402/1466/313 2399/1467/312 2400/1464/312
f 2404/1468/314 2401/1469/313 2402/1466/313
f 2406/1470/315 2403/1471/314 2404/1468/314
f 2408/1472/316 2405/1473/315 2406/1470/315
f 2410/1474/317 2407/1475/316 2408/1472/316
f 2412/1476/318 2409/1477/317 2410/1474/317
f 2414/1478/319 2411/1479/318 2412/1476/318
f 2416/1480/320 2413/1481/319 2414/1478/319
f 2418/1482/321 2415/1483/320 2416/1480/320
f 2420/1484/322 2417/1485/321 2418/1482/321
f 2422/1486/323 2419/1487/322 2420/1484/322
f 2424/1488/324 2421/1489/323 2422/1486/323
f 2426/1490/325 2423/1491/324 2424/1488/324
f 2428/1492/326 2425/1493/325 2426/1490/325
f 2430/1494/327 2427/1495/326 2428/1492/326
f 2432/1496/328 2429/1497/327 2430/1494/327
f 2434/1498/329 2431/1499/328 2432/1496/328
f 2436/1500/330 2433/1501/329 2434/1498/329
f 2438/1502/331 2435/1503/330 2436/1500/330
f 2440/1504/332 2437/1505/331 2438/1502/331
f 2442/1506/333 2439/1507/332 2440/1504/332
f 2444/1508/334 2441/1509/333 2442/1506/333
f 2446/1510/335 2443/1511/334 2444/1508/334
f 2448/1512/336 2445/1513/335 2446/1510/335
f 2450/1514/337 2447/1515/338 2448/1512/336
f 2452/1516/339 2449/1517/337 2450/1514/337
f 2454/1518/340 2451/1519/339 2452/1516/339
f 2456/1520/341 2453/1521/340 2454/1518/340
f 2458/1522/342 2455/1523/341 2456/1520/341
f 2460/1524/343 2457/1525/342 2458/1522/342
f 2462/1526/344 2459/1527/343 2460/1524/343
f 2464/1528/345 2461/1529/344 2462/1526/344
f 2466/1530/45 2463/1531/345 2464/1528/345
f 2468/1532/346 2465/1533/45 2466/1530/45
f 2470/1534/347 2467/1535/346 2468/1532/346
f 2472/1536/348 2469/1537/347 2470/1534/347
f 2474/1538/349 2471/1539/348 2472/1536/348
f 2476/1540/350 2473/1541/349 2474/1538/349
f 2478/1542/351 2475/1543/350 2476/1540/350
f 2480/1544/352 2477/1545/351 2478/1542/351
f 2482/1546/353 2479/1547/352 2480/1544/352
f 2484/1548/354 2481/1549/353 2482/1546/353
f 2486/1550/355 2483/1551/354 2484/1548/354
f 2488/1552/356 2485/1553/355 2486/1550/355
f 2490/1554/357 2487/1555/356 2488/1552/356
f 2492/1556/358 2489/1557/357 2490/1554/357
f 2494/1558/359 2491/1559/360 2492/1556/358
f 2496/1560/361 2493/1561/359 2494/1558/359
f 2498/1562/362 2495/1563/361 2496/1560/361
f 2500/1564/363 2497/1565/362 2498/1562/362
f 2502/1566/364 2499/1567/363 2500/1564/363
f 2504/1568/365 2501/1569/364 2502/1566/364
f 2506/1570/366 2503/1571/365 2504/1568/365
f 2508/1572/367 2505/1573/366 2506/1570/366
f 2510/1574/368 2507/1575/367 2508/1572/367
f 2512/1576/369 2509/1577/368 2510/1574/368
f 2514/1578/370 2511/1579/369 2512/1576/369
f 2516/1580/371 2513/1581/370 2514/1578/370
f 2518/1582/372 2515/1583/371 2516/1580/371
f 2520/1584/373 2517/1585/372 2518/1582/372
f 2522/1586/374 2519/1587/373 2520/1584/373
f 2524/1588/375 2521/1589/374 2522/1586/374
f 2526/1590/376 2523/1591/375 2524/1588/375
f 2528/1592/377 2525/1593/376 2526/1590/376
f 2530/1594/378 2527/1595/379 2528/1592/377
f 2532/1596/380 2529/1597/378 2530/1594/378
f 2534/1598/381 2531/1599/380 2532/1596/380
f 2536/1600/382 2533/1601/381 2534/1598/381
f 2538/1602/383 2535/1603/382 2536/1600/382
f 2540/1604/384 2537/1605/383 2538/1602/383
f 2542/1606/385 2539/1607/384 2540/1604/384
f 2544/1608/386 2541/1609/385 2542/1606/385
f 2546/1610/200 2543/1611/386 2544/1608/386
f 2548/1612/387 2545/1613/200 2546/1610/200
f 2550/1614/388 2547/1615/387 2548/1612/387
f 2552/1616/389 2549/1617/388 2550/1614/388
f 2554/1618/390 2551/1619/389 2552/1616/389
f 2556/1620/391 2553/1621/390 2554/1618/390
f 2558/1622/392 2555/1623/391 2556/1620/391
f 2560/1624/393 2557/1625/392 2558/1622/392
f 2562/1626/394 2559/1627/393 2560/1624/393
f 2564/1628/395 2561/1629/394 2562/1626/394
f 2566/1630/396 2563/1631/395 2564/1628/395
f 2568/1632/397 2565/1633/396 2566/1630/396
f 2570/1634/398 2567/1635/397 2568/1632/397
f 2572/1636/399 2569/1637/398 2570/1634/398
f 2574/1638/400 2571/1639/399 2572/1636/399
f 2576/1640/401 2573/1641/402 2574/1638/400
f 2578/1642/403 2575/1643/401 2576/1640/401
f 2580/1644/404 2577/1645/403 2578/1642/403
f 2582/1646/405 2579/1647/404 2580/1644/404
f 2584/1648/406 2581/1649/405 2582/1646/405
f 2586/1650/407 2583/1651/406 2584/1648/406
f 2588/1652/408 2585/1653/407 2586/1650/407
f 2590/1654/409 2587/1655/408 2588/1652/408
f 2592/1656/410 2589/1657/411 2590/1654/409
f 2594/1658/412 2591/1659/413 2592/1656/410
f 2596/1660/414 2593/1661/412 2594/1658/412
f 2598/1662/415 2595/1663/414 2596/1660/414
f 2600/1664/416 2597/1665/415 2598/1662/415
f 2602/1666/417 2599/1667/416 2600/1664/416
f 2604/1668/418 2601/1669/417 2602/1666/417
f 2606/1670/419 2603/1671/420 2604/1668/418
f 2608/1672/421 2605/1673/419 2606/1670/419
f 2610/1674/422 2607/1675/423 2608/1672/421
f 2612/1676/424 2609/1677/422 2610/1674/422
f 2614/1678/425 2611/1679/424 2612/1676/424
f 2616/1680/426 2613/1681/425 2614/1678/425
f 2618/1682/427 2615/1683/426 2616/1680/426
f 2620/1684/428 2617/1685/427 2618/1682/427
f 2622/1686/429 2619/1687/428 2620/1684/428
f 2624/1688/430 2621/1689/429 2622/1686/429
f 2626/1690/431 2623/1691/430 2624/1688/430
f 2628/1692/432 2625/1693/431 2626/1690/431
f 2630/1694/433 2627/1695/432 2628/1692/432
f 2632/1696/434 2629/1697/433 2630/1694/433
f 2634/1698/435 2631/1699/434 2632/1696/434
f 2636/1700/436 2633/1701/435 2634/1698/435
f 2638/1702/437 2635/1703/436 2636/1700/436
f 2640/1704/438 2637/1705/437 2638/1702/437
f 2642/1706/439 2639/1707/438 2640/1704/438
f 2644/1708/440 2641/1709/439 2642/1706/439
f 2646/1710/441 2643/1711/440 2644/1708/440
f 2648/1712/442 2645/1713/441 2646/1710/441
f 2650/1714/443 2647/1715/442 2648/1712/442
f 2652/1716/444 2649/1717/443 2650/1714/443
f 2654/1718/445 2651/1719/444 2652/1716/444
f 2656/1720/446 2653/1721/445 2654/1718/445
f 2658/1722/447 2655/1723/446 2656/1720/446
f 2660/1724/448 2657/1725/447 2658/1722/447
f 2662/1726/449 2659/1727/448 2660/1724/448
f 2664/1728/450 2661/1729/449 2662/1726/449
f 2666/1730/451 2663/1731/450 2664/1728/450
f 2668/1732/452 2665/1733/451 2666/1730/451
f 2670/1734/453 2667/1735/452 2668/1732/452
f 2672/1736/454 2669/1737/453 2670/1734/453
f 2674/1738/455 2671/1739/454 2672/1736/454
f 2676/1740/456 2673/1741/455 2674/1738/455
f 2678/1742/457 2675/1743/456 2676/1740/456
f 2680/1744/458 2677/1745/457 2678/1742/457
f 2682/1746/459 2679/1747/458 2680/1744/458
f 2684/1748/460 2681/1749/459 2682/1746/459
f 2686/1750/461 2683/1751/460 2684/1748/460
f 2688/1752/462 2685/1753/463 2686/1750/461
f 2690/1754/464 2687/1755/462 2688/1752/462
f 2692/1756/465 2689/1757/464 2690/1754/464
f 2694/1758/466 2691/1759/465 2692/1756/465
f 2696/1760/467 2693/1761/466 2694/1758/466
f 2698/1762/468 2695/1763/469 2696/1760/467
f 2700/1764/470 2697/1765/468 2698/1762/468
f 2702/1766/471 2699/1767/470 2700/1764/470
f 2704/1768/472 2701/1769/471 2702/1766/471
f 2706/1770/473 2703/1771/472 2704/1768/472
f 2708/1772/474 2705/1773/473 2706/1770/473
f 2710/1774/475 2707/1775/474 2708/1772/474
f 2712/1776/476 2709/1777/475 2710/1774/475
f 2714/1778/477 2711/1779/476 2712/1776/476
f 2716/1780/478 2713/1781/477 2714/1778/477
f 2718/1782/479 2715/1783/478 2716/1780/478
f 2720/1784/480 2717/1785/479 2718/1782/479
f 2722/1786/481 2719/1787/480 2720/1784/480
f 2724/1788/482 2721/1789/481 2722/1786/481
f 2726/1790/483 2723/1791/482 2724/1788/482
f 2728/1792/484 2725/1793/483 2726/1790/483
f 2730/1794/485 2727/1795/484 2728/1792/484
f 2732/1796/486 2729/1797/485 2730/1794/485
f 2372/1437/299 2731/1798/486 2732/1796/486
f 2736/1799/487 2733/217/488 2734/909/488
f 2738/1800/489 2735/1801/487 2736/1799/487
f 2740/1802/490 2737/1803/489 2738/1800/489
f 2742/1804/491 2739/1805/490 2740/1802/490
f 2744/1806/492 2741/1807/491 2742/1804/491
f 2746/1808/493 2743/1809/492 2744/1806/492
f 2748/1810/494 2745/1811/493 2746/1808/493
f 2750/1812/495 2747/1813/494 2748/1810/494
f 2752/1814/496 2749/1815/495 2750/1812/495
f 2754/1816/497 2751/1817/496 2752/1814/496
f 2756/1818/498 2753/1819/497 2754/1816/497
f 2758/944/499 2755/1820/498 2756/1818/498
f 2760/1821/500 2757/947/499 2758/944/499
f 2762/1822/501 2759/1823/500 2760/1821/500
f 2764/1824/502 2761/553/501 2762/1822/501
f 2766/1825/503 2763/1826/502 2764/1824/502
f 2768/1827/504 2765/1828/503 2766/1825/503
f 2770/1829/505 2767/1830/506 2768/1827/504
f 2772/1831/507 2769/1832/505 2770/1829/505
f 2774/1833/508 2771/1834/507 2772/1831/507
f 2776/1835/509 2773/1836/508 2774/1833/508
f 2778/1837/510 2775/1838/509 2776/1835/509
f 2780/1839/511 2777/1840/510 2778/1837/510
f 2782/982/512 2779/1841/511 2780/1839/511
f 2784/1842/513 2781/985/512 2782/982/512
f 2786/1843/514 2783/1844/513 2784/1842/513
f 2788/1845/515 2785/1846/516 2786/1843/514
f 2790/1847/517 2787/1848/515 2788/1845/515
f 2792/1849/518 2789/615/517 2790/1847/517
f 2794/1850/519 2791/1851/518 2792/1849/518
f 2796/1852/520 2793/1853/519 2794/1850/519
f 2798/1854/521 2795/1855/522 2796/1852/520
f 2800/1856/523 2797/1857/521 2798/1854/521
f 2802/1858/524 2799/1859/523 2800/1856/523
f 2804/1860/525 2801/1861/524 2802/1858/524
f 2806/1020/526 2803/1862/525 2804/1860/525
f 2808/1863/527 2805/1023/526 2806/1020/526
f 2810/1864/528 2807/1865/527 2808/1863/527
f 2812/1866/529 2809/1867/528 2810/1864/528
f 2814/1868/530 2811/1869/529 2812/1866/529
f 2816/1870/531 2813/1871/530 2814/1868/530
f 2818/1872/532 2815/1873/531 2816/1870/531
f 2820/1874/533 2817/643/532 2818/1872/532
f 2822/1875/534 2819/1876/533 2820/1874/533
f 2824/1877/535 2821/1878/534 2822/1875/534
f 2826/1879/536 2823/1880/535 2824/1877/535
f 2828/1881/537 2825/1882/536 2826/1879/536
f 2830/1058/538 2827/1883/537 2828/1881/537
f 2832/1884/539 2829/1061/538 2830/1058/538
f 2834/1885/540 2831/1886/539 2832/1884/539
f 2836/1887/541 2833/1888/542 2834/1885/540
f 2838/1889/543 2835/1890/541 2836/1887/541
f 2840/1891/544 2837/1892/543 2838/1889/543
f 2842/1893/545 2839/1894/544 2840/1891/544
f 2844/1895/546 2841/1896/545 2842/1893/545
f 2846/1897/547 2843/1898/546 2844/1895/546
f 2848/1899/548 2845/199/547 2846/1897/547
f 2850/1900/549 2847/1901/548 2848/1899/548
f 2852/1902/550 2849/1903/549 2850/1900/549
f 2854/1096/551 2851/1904/550 2852/1902/550
f 2856/1905/552 2853/1099/551 2854/1096/551
f 2858/1906/553 2855/1907/552 2856/1905/552
f 2860/1908/554 2857/1909/553 2858/1906/553
f 2862/1910/555 2859/1911/554 2860/1908/554
f 2864/1912/556 2861/1913/555 2862/1910/555
f 2866/1914/555 2863/1915/556 2864/1912/556
f 2868/1916/554 2865/1917/555 2866/1914/555
f 2870/1918/553 2867/1919/554 2868/1916/554
f 2872/1920/552 2869/1921/553 2870/1918/553
f 2874/1922/551 2871/1923/552 2872/1920/552
f 2876/1924/557 2873/586/551 2874/1922/551
f 2878/1134/558 2875/1925/557 2876/1924/557
f 2880/1926/559 2877/1137/558 2878/1134/558
f 2882/1927/560 2879/1928/559 2880/1926/559
f 2884/1929/561 2881/1930/560 2882/1927/560
f 2886/1931/562 2883/1932/561 2884/1929/561
f 2888/1933/563 2885/1934/562 2886/1931/562
f 2890/1935/564 2887/1936/563 2888/1933/563
f 2892/1937/565 2889/1938/564 2890/1935/564
f 2894/1939/566 2891/1940/565 2892/1937/565
f 2896/1941/567 2893/1942/566 2894/1939/566
f 2898/1943/568 2895/1944/567 2896/1941/567
f 2900/1945/569 2897/1946/568 2898/1943/568
f 2902/1172/570 2899/1947/569 2900/1945/569
f 2904/1948/571 2901/585/570 2902/1172/570
f 2906/1949/572 2903/1950/571 2904/1948/571
f 2908/1951/573 2905/1952/572 2906/1949/572
f 2910/1953/574 2907/1954/573 2908/1951/573
f 2912/1955/575 2909/1956/574 2910/1953/574
f 2914/1957/576 2911/1958/575 2912/1955/575
f 2916/1959/577 2913/1960/576 2914/1957/576
f 2918/1961/578 2915/1962/577 2916/1959/577
f 2920/1963/579 2917/1964/578 2918/1961/578
f 2922/1965/580 2919/1966/579 2920/1963/579
f 2924/1967/581 2921/1968/580 2922/1965/580
f 2926/1209/582 2923/1969/581 2924/1967/581
f 2928/1970/583 2925/1212/582 2926/1209/582
f 2930/1971/584 2927/1972/583 2928/1970/583
f 2932/1973/585 2929/560/584 2930/1971/584
f 2934/1974/586 2931/1975/585 2932/1973/585
f 2936/1976/587 2933/1977/586 2934/1974/586
f 2938/1978/588 2935/1979/587 2936/1976/587
f 2940/1980/589 2937/1981/588 2938/1978/588
f 2942/1982/590 2939/1983/589 2940/1980/589
f 2944/1984/591 2941/1985/590 2942/1982/590
f 2946/1986/592 2943/1987/591 2944/1984/591
f 2948/1988/593 2945/1989/592 2946/1986/592
f 2950/1247/594 2947/1990/593 2948/1988/593
f 2952/1991/595 2949/1250/594 2950/1247/594
f 2954/1992/596 2951/1993/595 2952/1991/595
f 2956/1994/597 2953/1995/596 2954/1992/596
f 2958/1996/598 2955/1997/597 2956/1994/597
f 2960/1998/599 2957/134/598 2958/1996/598
f 2962/1999/600 2959/2000/599 2960/1998/599
f 2964/2001/601 2961/2002/600 2962/1999/600
f 2966/2003/602 2963/2004/601 2964/2001/601
f 2968/2005/603 2965/2006/602 2966/2003/602
f 2970/2007/604 2967/2008/603 2968/2005/603
f 2972/2009/605 2969/2010/604 2970/2007/604
f 2974/1285/606 2971/2011/605 2972/2009/605
f 2976/2012/607 2973/1288/606 2974/1285/606
f 2978/2013/608 2975/2014/607 2976/2012/607
f 2980/2015/609 2977/2016/608 2978/2013/608
f 2982/2017/610 2979/2018/609 2980/2015/609
f 2984/2019/611 2981/2020/610 2982/2017/610
f 2986/2021/612 2983/2022/611 2984/2019/611
f 2988/2023/613 2985/506/612 2986/2021/612
f 2990/2024/614 2987/2025/613 2988/2023/613
f 2992/2026/615 2989/2027/614 2990/2024/614
f 2994/2028/616 2991/2029/615 2992/2026/615
f 2996/2030/617 2993/2031/616 2994/2028/616
f 2998/1323/618 2995/2032/617 2996/2030/617
f 3000/2033/619 2997/1326/618 2998/1323/618
f 3002/2034/620 2999/2035/619 3000/2033/619
f 3004/2036/621 3001/2037/620 3002/2034/620
f 3006/2038/622 3003/2039/621 3004/2036/621
f 3008/2040/623 3005/2041/622 3006/2038/622
f 3010/2042/624 3007/2043/623 3008/2040/623
f 3012/2044/625 3009/2045/624 3010/2042/624
f 3014/2046/626 3011/2047/625 3012/2044/625
f 3016/2048/627 3013/481/626 3014/2046/626
f 3018/2049/628 3015/2050/627 3016/2048/627
f 3020/2051/629 3017/2052/628 3018/2049/628
f 3022/1361/630 3019/2053/629 3020/2051/629
f 3024/2054/631 3021/1364/630 3022/1361/630
f 3026/2055/632 3023/2056/631 3024/2054/631
f 3028/2057/314 3025/2058/633 3026/2055/632
f 3030/2059/634 3027/2060/314 3028/2057/314
f 3032/2061/635 3029/2062/634 3030/2059/634
f 3034/2063/636 3031/2064/635 3032/2061/635
f 3036/2065/637 3033/2066/636 3034/2063/636
f 3038/2067/638 3035/2068/637 3036/2065/637
f 3040/2069/639 3037/2070/638 3038/2067/638
f 3042/2071/640 3039/2072/639 3040/2069/639
f 3044/2073/641 3041/494/640 3042/2071/640
f 3046/1399/642 3043/2074/641 3044/2073/641
f 3048/2075/643 3045/1402/642 3046/1399/642
f 3050/2076/644 3047/2077/643 3048/2075/643
f 3052/2078/645 3049/2079/644 3050/2076/644
f 3054/2080/646 3051/2081/645 3052/2078/645
f 3056/2082/647 3053/2083/646 3054/2080/646
f 3058/2084/648 3055/2085/647 3056/2082/647
f 3060/2086/649 3057/2087/648 3058/2084/648
f 3062/2088/650 3059/2089/649 3060/2086/649
f 3064/2090/651 3061/2091/650 3062/2088/650
f 3066/2092/652 3063/2093/651 3064/2090/651
f 3068/2094/653 3065/2095/652 3066/2092/652
f 2734/1437/488 3067/2096/653 3068/2094/653
f 3072/2097/654 3069/217/655 3070/909/655
f 3074/2098/656 3071/2099/654 3072/2097/654
f 3076/2100/657 3073/2101/656 3074/2098/656
f 3078/2102/658 3075/2103/659 3076/2100/657
f 3080/2104/660 3077/2105/658 3078/2102/658
f 3082/2106/661 3079/2107/660 3080/2104/660
f 3084/2108/662 3081/2109/661 3082/2106/661
f 3086/2110/663 3083/2111/662 3084/2108/662
f 3088/2112/664 3085/2113/663 3086/2110/663
f 3090/2114/665 3087/2115/664 3088/2112/664
f 3092/2116/666 3089/2117/665 3090/2114/665
f 3094/2118/667 3091/2119/666 3092/2116/666
f 3096/2120/668 3093/2121/669 3094/2118/667
f 3098/2122/670 3095/2123/671 3096/2120/668
f 3100/2124/672 3097/2125/670 3098/2122/670
f 3102/2126/673 3099/2127/672 3100/2124/672
f 3104/2128/674 3101/2129/673 3102/2126/673
f 3106/2130/675 3103/2131/674 3104/2128/674
f 3108/2132/676 3105/2133/675 3106/2130/675
f 3110/2134/677 3107/2135/676 3108/2132/676
f 3112/2136/678 3109/2137/677 3110/2134/677
f 3114/2138/679 3111/2139/678 3112/2136/678
f 3116/2140/680 3113/2141/679 3114/2138/679
f 3118/2142/681 3115/2143/680 3116/2140/680
f 3120/2144/682 3117/2145/681 3118/2142/681
f 3122/2146/683 3119/2147/682 3120/2144/682
f 3124/2148/684 3121/2149/683 3122/2146/683
f 3126/2150/685 3123/2151/684 3124/2148/684
f 3128/2152/686 3125/2153/685 3126/2150/685
f 3130/2154/687 3127/2155/686 3128/2152/686
f 3132/2156/688 3129/2157/687 3130/2154/687
f 3134/2158/689 3131/2159/690 3132/2156/688
f 3136/2160/691 3133/2161/689 3134/2158/689
f 3138/2162/692 3135/2163/691 3136/2160/691
f 3140/2164/693 3137/2165/692 3138/2162/692
f 3142/2166/694 3139/2167/693 3140/2164/693
f 3144/2168/695 3141/2169/694 3142/2166/694
f 3146/2170/696 3143/2171/695 3144/2168/695
f 3148/2172/697 3145/2173/696 3146/2170/696
f 3150/2174/698 3147/2175/697 3148/2172/697
f 3152/2176/699 3149/2177/698 3150/2174/698
f 3154/2178/700 3151/2179/699 3152/2176/699
f 3156/2180/701 3153/2181/700 3154/2178/700
f 3158/2182/702 3155/2183/701 3156/2180/701
f 3160/2184/703 3157/2185/702 3158/2182/702
f 3162/2186/704 3159/2187/705 3160/2184/703
f 3164/2188/706 3161/2189/704 3162/2186/704
f 3166/2190/707 3163/2191/706 3164/2188/706
f 3168/2192/708 3165/2193/707 3166/2190/707
f 3170/2194/709 3167/2195/708 3168/2192/708
f 3172/2196/710 3169/2197/709 3170/2194/709
f 3174/2198/711 3171/2199/710 3172/2196/710
f 3176/2200/712 3173/2201/711 3174/2198/711
f 3178/2202/711 3175/2203/712 3176/2200/712
f 3180/2204/710 3177/2205/711 3178/2202/711
f 3182/2206/709 3179/2207/710 3180/2204/710
f 3184/2208/713 3181/2209/709 3182/2206/709
f 3186/2210/707 3183/2211/708 3184/2208/713
f 3188/2212/714 3185/2213/707 3186/2210/707
f 3190/2214/715 3187/2215/716 3188/2212/714
f 3192/2216/717 3189/2217/718 3190/2214/715
f 3194/2218/719 3191/2219/720 3192/2216/717
f 3196/2220/721 3193/2221/719 3194/2218/719
f 3198/2222/722 3195/2223/721 3196/2220/721
f 3200/2224/723 3197/2225/722 3198/2222/722
f 3202/2226/724 3199/2227/725 3200/2224/723
f 3204/2228/726 3201/2229/724 3202/2226/724
f 3206/2230/727 3203/2231/726 3204/2228/726
f 3208/2232/728 3205/2233/727 3206/2230/727
f 3210/2234/729 3207/2235/730 3208/2232/728
f 3212/2236/731 3209/2237/729 3210/2234/729
f 3214/2238/732 3211/2239/731 3212/2236/731
f 3216/2240/733 3213/2241/732 3214/2238/732
f 3218/2242/734 3215/2243/733 3216/2240/733
f 3220/2244/735 3217/2245/736 3218/2242/734
f 3222/2246/737 3219/2247/735 3220/2244/735
f 3224/2248/738 3221/2249/739 3222/2246/737
f 3226/2250/740 3223/2251/741 3224/2248/738
f 3228/2252/742 3225/2253/743 3226/2250/740
f 3230/2254/744 3227/2255/745 3228/2252/742
f 3232/2256/746 3229/2257/744 3230/2254/744
f 3234/2258/747 3231/2259/748 3232/2256/746
f 3236/2260/749 3233/2261/750 3234/2258/747
f 3238/2262/751 3235/2263/752 3236/2260/749
f 3240/2264/753 3237/2265/751 3238/2262/751
f 3242/2266/754 3239/2267/753 3240/2264/753
f 3244/2268/755 3241/2269/754 3242/2266/754
f 3246/2270/756 3243/2271/755 3244/2268/755
f 3248/2272/757 3245/2273/758 3246/2270/756
f 3250/2274/759 3247/2275/757 3248/2272/757
f 3252/2276/760 3249/2277/759 3250/2274/759
f 3254/2278/761 3251/2279/762 3252/2276/760
f 3256/2280/763 3253/2281/761 3254/2278/761
f 3258/2282/764 3255/2283/765 3256/2280/763
f 3260/2284/766 3257/2285/764 3258/2282/764
f 3262/2286/767 3259/2287/766 3260/2284/766
f 3264/2288/768 3261/2289/767 3262/2286/767
f 3266/2290/769 3263/2291/770 3264/2288/768
f 3268/2292/771 3265/2293/772 3266/2290/769
f 3270/2294/773 3267/2295/771 3268/2292/771
f 3272/2296/774 3269/2297/775 3270/2294/773
f 3274/2298/776 3271/2299/774 3272/2296/774
f 3276/2300/777 3273/2301/776 3274/2298/776
f 3278/2302/778 3275/2303/777 3276/2300/777
f 3280/2304/779 3277/2305/778 3278/2302/778
f 3282/2306/780 3279/2307/779 3280/2304/779
f 3284/2308/781 3281/2309/780 3282/2306/780
f 3286/2310/782 3283/2311/781 3284/2308/781
f 3288/2312/783 3285/2313/784 3286/2310/782
f 3290/2314/785 3287/2315/783 3288/2312/783
f 3292/2316/786 3289/2317/785 3290/2314/785
f 3294/2318/787 3291/2319/786 3292/2316/786
f 3296/2320/788 3293/2321/789 3294/2318/787
f 3298/2322/790 3295/2323/788 3296/2320/788
f 3300/2324/791 3297/2325/790 3298/2322/790
f 3302/2326/792 3299/2327/793 3300/2324/791
f 3304/2328/794 3301/2329/792 3302/2326/792
f 3306/2330/795 3303/2331/794 3304/2328/794
f 3308/2332/796 3305/2333/797 3306/2330/795
f 3310/2334/798 3307/2335/796 3308/2332/796
f 3312/2336/799 3309/2337/798 3310/2334/798
f 3314/2338/800 3311/2339/799 3312/2336/799
f 3316/2340/801 3313/2341/800 3314/2338/800
f 3318/2342/802 3315/2343/801 3316/2340/801
f 3320/2344/803 3317/2345/802 3318/2342/802
f 3322/2346/804 3319/2347/803 3320/2344/803
f 3324/2348/805 3321/2349/804 3322/2346/804
f 3326/2350/806 3323/2351/805 3324/2348/805
f 3328/2352/807 3325/2353/806 3326/2350/806
f 3330/2354/808 3327/2355/807 3328/2352/807
f 3332/2356/809 3329/2357/810 3330/2354/808
f 3334/2358/811 3331/2359/812 3332/2356/809
f 3336/2360/813 3333/2361/811 3334/2358/811
f 3338/2362/814 3335/2363/813 3336/2360/813
f 3340/2364/815 3337/2365/814 3338/2362/814
f 3342/2366/816 3339/2367/815 3340/2364/815
f 3344/2368/817 3341/2369/816 3342/2366/816
f 3346/2370/818 3343/2371/817 3344/2368/817
f 3348/2372/819 3345/2373/818 3346/2370/818
f 3350/2374/820 3347/2375/819 3348/2372/819
f 3352/2376/821 3349/2377/820 3350/2374/820
f 3354/2378/822 3351/2379/821 3352/2376/821
f 3356/2380/823 3353/2381/822 3354/2378/822
f 3358/2382/824 3355/2383/823 3356/2380/823
f 3360/2384/825 3357/2385/826 3358/2382/824
f 3362/2386/827 3359/2387/825 3360/2384/825
f 3364/2388/828 3361/2389/827 3362/2386/827
f 3366/2390/829 3363/2391/828 3364/2388/828
f 3368/2392/830 3365/2393/829 3366/2390/829
f 3370/2394/831 3367/2395/830 3368/2392/830
f 3372/2396/832 3369/2397/831 3370/2394/831
f 3374/2398/833 3371/2399/832 3372/2396/832
f 3376/2400/834 3373/2401/833 3374/2398/833
f 3378/2402/835 3375/2403/834 3376/2400/834
f 3380/2404/836 3377/2405/835 3378/2402/835
f 3382/2406/837 3379/2407/836 3380/2404/836
f 3384/2408/838 3381/2409/837 3382/2406/837
f 3386/2410/839 3383/2411/838 3384/2408/838
f 3388/2412/840 3385/2413/839 3386/2410/839
f 3390/2414/841 3387/2415/842 3388/2412/840
f 3392/2416/843 3389/2417/841 3390/2414/841
f 3394/2418/844 3391/2419/845 3392/2416/843
f 3396/2420/846 3393/2421/844 3394/2418/844
f 3398/2422/847 3395/2423/846 3396/2420/846
f 3400/2424/848 3397/2425/847 3398/2422/847
f 3402/2426/849 3399/2427/848 3400/2424/848
f 3404/2428/850 3401/2429/849 3402/2426/849
f 3406/2430/370 3403/2431/851 3404/2428/850
f 3070/1437/655 3405/2432/370 3406/2430/370
f 3410/2433/852 3407/217/853 3408/909/853
f 3412/2434/854 3409/2435/852 3410/2433/852
f 3414/2436/855 3411/2437/854 3412/2434/854
f 3416/2438/856 3413/530/855 3414/2436/855
f 3418/2439/857 3415/2440/856 3416/2438/856
f 3420/2441/858 3417/2442/857 3418/2439/857
f 3422/2443/859 3419/535/858 3420/2441/858
f 3424/2444/860 3421/2445/859 3422/2443/859
f 3426/2446/861 3423/2447/862 3424/2444/860
f 3428/2448/863 3425/541/861 3426/2446/861
f 3430/2449/864 3427/2450/863 3428/2448/863
f 3432/2451/865 3429/2452/864 3430/2449/864
f 3434/2453/866 3431/558/865 3432/2451/865
f 3436/2454/867 3433/2455/866 3434/2453/866
f 3438/2456/868 3435/2457/867 3436/2454/867
f 3440/2458/869 3437/581/868 3438/2456/868
f 3442/2459/870 3439/2460/869 3440/2458/869
f 3444/2461/871 3441/2462/870 3442/2459/870
f 3446/2463/872 3443/602/871 3444/2461/871
f 3448/2464/873 3445/2465/872 3446/2463/872
f 3450/2466/874 3447/2467/873 3448/2464/873
f 3452/2468/875 3449/611/874 3450/2466/874
f 3454/2469/876 3451/2470/875 3452/2468/875
f 3456/2471/877 3453/2472/876 3454/2469/876
f 3458/2473/878 3455/619/877 3456/2471/877
f 3460/2474/879 3457/2475/878 3458/2473/878
f 3462/2476/880 3459/2477/879 3460/2474/879
f 3464/2478/881 3461/626/880 3462/2476/880
f 3466/2479/882 3463/2480/881 3464/2478/881
f 3468/2481/883 3465/2482/882 3466/2479/882
f 3470/2483/884 3467/637/883 3468/2481/883
f 3472/2484/885 3469/2485/884 3470/2483/884
f 3474/2486/886 3471/2487/885 3472/2484/885
f 3476/2488/887 3473/644/886 3474/2486/886
f 3478/2489/888 3475/2490/887 3476/2488/887
f 3480/2491/889 3477/2492/888 3478/2489/888
f 3482/2493/890 3479/641/889 3480/2491/889
f 3484/2494/891 3481/2495/892 3482/2493/890
f 3486/2496/893 3483/2497/891 3484/2494/891
f 3488/2498/894 3485/635/895 3486/2496/893
f 3490/2499/896 3487/2500/897 3488/2498/894
f 3492/2501/898 3489/2502/899 3490/2499/896
f 3494/2503/900 3491/628/901 3492/2501/898
f 3496/2504/902 3493/2505/900 3494/2503/900
f 3498/1897/903 3495/2506/904 3496/2504/902
f 3500/2507/905 3497/199/906 3498/1897/903
f 3502/2508/907 3499/2509/905 3500/2507/905
f 3504/2510/908 3501/2511/909 3502/2508/907
f 3506/2512/910 3503/614/911 3504/2510/908
f 3508/2513/912 3505/2514/913 3506/2512/910
f 3510/2515/914 3507/2516/915 3508/2513/912
f 3512/2517/916 3509/607/914 3510/2515/914
f 3514/2518/917 3511/2519/916 3512/2517/916
f 3516/2520/918 3513/2521/917 3514/2518/917
f 3518/2522/919 3515/599/920 3516/2520/918
f 3520/2523/921 3517/2524/922 3518/2522/919
f 3522/2525/923 3519/2526/921 3520/2523/921
f 3524/2527/924 3521/582/923 3522/2525/923
f 3526/2528/925 3523/2529/924 3524/2527/924
f 3528/2530/926 3525/2531/925 3526/2528/925
f 3530/2532/927 3527/568/926 3528/2530/926
f 3532/2533/928 3529/2534/929 3530/2532/927
f 3534/2535/930 3531/2536/928 3532/2533/928
f 3536/2537/931 3533/569/930 3534/2535/930
f 3538/2538/932 3535/2539/931 3536/2537/931
f 3540/2540/933 3537/2541/932 3538/2538/932
f 3542/2542/934 3539/579/933 3540/2540/933
f 3544/2543/935 3541/2544/934 3542/2542/934
f 3546/2545/936 3543/2546/935 3544/2543/935
f 3548/2547/937 3545/591/936 3546/2545/936
f 3550/2548/938 3547/2549/937 3548/2547/937
f 3552/2550/939 3549/2551/938 3550/2548/938
f 3554/2552/940 3551/594/939 3552/2550/939
f 3556/2553/941 3553/2554/940 3554/2552/940
f 3558/2555/942 3555/2556/941 3556/2553/941
f 3560/2557/943 3557/580/942 3558/2555/942
f 3562/2558/944 3559/2559/943 3560/2557/943
f 3564/2560/945 3561/2561/946 3562/2558/944
f 3566/2562/947 3563/562/945 3564/2560/945
f 3568/2563/948 3565/2564/947 3566/2562/947
f 3570/2565/949 3567/2566/948 3568/2563/948
f 3572/2567/950 3569/556/949 3570/2565/949
f 3574/2568/951 3571/2569/950 3572/2567/950
f 3576/2570/592 3573/2571/951 3574/2568/951
f 3578/2572/952 3575/551/592 3576/2570/592
f 3580/2573/953 3577/2574/952 3578/2572/952
f 3582/2575/954 3579/2576/955 3580/2573/953
f 3584/2577/850 3581/546/954 3582/2575/954
f 3586/2578/956 3583/2579/850 3584/2577/850
f 3588/1996/957 3585/2580/956 3586/2578/956
f 3590/2581/958 3587/134/957 3588/1996/957
f 3592/2582/959 3589/2583/958 3590/2581/958
f 3594/2584/960 3591/2585/959 3592/2582/959
f 3596/2586/961 3593/527/960 3594/2584/960
f 3598/2587/962 3595/2588/961 3596/2586/961
f 3600/2589/963 3597/2590/962 3598/2587/962
f 3602/2591/964 3599/517/963 3600/2589/963
f 3604/2592/965 3601/2593/964 3602/2591/964
f 3606/2594/966 3603/2595/965 3604/2592/965
f 3608/2596/967 3605/510/777 3606/2594/966
f 3610/2597/968 3607/2598/967 3608/2596/967
f 3612/2599/969 3609/2600/970 3610/2597/968
f 3614/2601/971 3611/504/969 3612/2599/969
f 3616/2602/972 3613/2603/971 3614/2601/971
f 3618/2604/973 3615/2605/974 3616/2602/972
f 3620/2606/975 3617/497/976 3618/2604/973
f 3622/2607/977 3619/2608/975 3620/2606/975
f 3624/2609/978 3621/2610/977 3622/2607/977
f 3626/2611/979 3623/491/978 3624/2609/978
f 3628/2612/980 3625/2613/981 3626/2611/979
f 3630/2614/982 3627/2615/980 3628/2612/980
f 3632/2616/983 3629/485/982 3630/2614/982
f 3634/2617/984 3631/2618/983 3632/2616/983
f 3636/2619/985 3633/2620/984 3634/2617/984
f 3638/2621/986 3635/478/985 3636/2619/985
f 3640/2622/987 3637/2623/986 3638/2621/986
f 3642/2624/988 3639/2625/987 3640/2622/987
f 3644/2626/989 3641/473/988 3642/2624/988
f 3646/2627/990 3643/2628/989 3644/2626/989
f 3648/2629/991 3645/2630/990 3646/2627/990
f 3650/2631/992 3647/479/991 3648/2629/991
f 3652/2632/993 3649/2633/992 3650/2631/992
f 3654/2634/994 3651/2635/993 3652/2632/993
f 3656/2636/995 3653/490/994 3654/2634/994
f 3658/2637/996 3655/2638/995 3656/2636/995
f 3660/2639/997 3657/2640/996 3658/2637/996
f 3662/2641/998 3659/500/997 3660/2639/997
f 3664/2642/999 3661/2643/1000 3662/2641/998
f 3666/2644/1001 3663/2645/999 3664/2642/999
f 3668/2646/1002 3665/511/1001 3666/2644/1001
f 3670/2647/1003 3667/2648/1002 3668/2646/1002
f 3672/2649/1004 3669/2650/1003 3670/2647/1003
f 3674/2651/1005 3671/520/1006 3672/2649/1004
f 3676/2652/1007 3673/2653/1005 3674/2651/1005
f 3408/1437/853 3675/2654/1007 3676/2652/1007
f 1842/908/3 1841/911/3 1839/217/4
f 1844/910/5 1843/913/5 1841/911/3
f 1846/912/6 1845/915/6 1843/913/5
f 1848/914/7 1847/917/9 1845/915/6
f 1850/916/8 1849/919/11 1847/917/9
f 1852/918/10 1851/921/10 1849/919/11
f 1854/920/12 1853/923/12 1851/921/10
f 1856/922/13 1855/925/13 1853/923/12
f 1858/924/14 1857/927/14 1855/925/13
f 1860/926/15 1859/929/15 1857/927/14
f 1862/928/16 1861/931/18 1859/929/15
f 1864/930/17 1863/933/20 1861/931/18
f 1866/932/19 1865/935/19 1863/933/20
f 1868/934/21 1867/937/21 1865/935/19
f 1870/936/22 1869/939/22 1867/937/21
f 1872/938/23 1871/941/23 1869/939/22
f 1874/940/24 1873/943/24 1871/941/23
f 1876/942/25 1875/945/25 1873/943/24
f 1878/944/26 1877/947/26 1875/945/25
f 1880/946/27 1879/949/27 1877/947/26
f 1882/948/28 1881/951/28 1879/949/27
f 1884/950/29 1883/953/29 1881/951/28
f 1886/952/30 1885/955/30 1883/953/29
f 1888/954/31 1887/957/31 1885/955/30
f 1890/956/32 1889/959/32 1887/957/31
f 1892/958/33 1891/961/33 1889/959/32
f 1894/960/34 1893/963/34 1891/961/33
f 1896/962/35 1895/965/35 1893/963/34
f 1898/964/36 1897/967/36 1895/965/35
f 1900/966/37 1899/969/37 1897/967/36
f 1902/968/38 1901/971/38 1899/969/37
f 1904/970/39 1903/973/39 1901/971/38
f 1906/972/40 1905/975/40 1903/973/39
f 1908/974/41 1907/977/41 1905/975/40
f 1910/976/42 1909/979/42 1907/977/41
f 1912/978/43 1911/981/43 1909/979/42
f 1914/980/44 1913/983/44 1911/981/43
f 1916/982/45 1915/985/45 1913/983/44
f 1918/984/46 1917/987/46 1915/985/45
f 1920/986/47 1919/989/47 1917/987/46
f 1922/988/48 1921/991/48 1919/989/47
f 1924/990/49 1923/993/49 1921/991/48
f 1926/992/50 1925/995/50 1923/993/49
f 1928/994/51 1927/997/51 1925/995/50
f 1930/996/52 1929/999/52 1927/997/51
f 1932/998/53 1931/1001/53 1929/999/52
f 1934/1000/54 1933/1003/54 1931/1001/53
f 1936/1002/55 1935/1005/55 1933/1003/54
f 1938/1004/56 1937/1007/56 1935/1005/55
f 1940/1006/57 1939/1009/57 1937/1007/56
f 1942/1008/58 1941/1011/58 1939/1009/57
f 1944/1010/59 1943/1013/59 1941/1011/58
f 1946/1012/60 1945/1015/60 1943/1013/59
f 1948/1014/61 1947/1017/61 1945/1015/60
f 1950/1016/62 1949/1019/62 1947/1017/61
f 1952/1018/63 1951/1021/63 1949/1019/62
f 1954/1020/64 1953/1023/64 1951/1021/63
f 1956/1022/65 1955/1025/67 1953/1023/64
f 1958/1024/66 1957/1027/66 1955/1025/67
f 1960/1026/68 1959/1029/68 1957/1027/66
f 1962/1028/69 1961/1031/69 1959/1029/68
f 1964/1030/70 1963/1033/70 1961/1031/69
f 1966/1032/71 1965/1035/71 1963/1033/70
f 1968/1034/72 1967/1037/72 1965/1035/71
f 1970/1036/73 1969/1039/73 1967/1037/72
f 1972/1038/74 1971/1041/74 1969/1039/73
f 1974/1040/75 1973/1043/75 1971/1041/74
f 1976/1042/76 1975/1045/76 1973/1043/75
f 1978/1044/77 1977/1047/77 1975/1045/76
f 1980/1046/78 1979/1049/78 1977/1047/77
f 1982/1048/79 1981/1051/79 1979/1049/78
f 1984/1050/80 1983/1053/82 1981/1051/79
f 1986/1052/81 1985/1055/84 1983/1053/82
f 1988/1054/83 1987/1057/86 1985/1055/84
f 1990/1056/85 1989/1059/88 1987/1057/86
f 1992/1058/87 1991/1061/90 1989/1059/88
f 1994/1060/89 1993/1063/92 1991/1061/90
f 1996/1062/91 1995/1065/91 1993/1063/92
f 1998/1064/93 1997/1067/95 1995/1065/91
f 2000/1066/94 1999/1069/94 1997/1067/95
f 2002/1068/96 2001/1071/96 1999/1069/94
f 2004/1070/97 2003/1073/97 2001/1071/96
f 2006/1072/98 2005/1075/98 2003/1073/97
f 2008/1074/99 2007/1077/99 2005/1075/98
f 2010/1076/100 2009/1079/102 2007/1077/99
f 2012/1078/101 2011/1081/101 2009/1079/102
f 2014/1080/103 2013/1083/105 2011/1081/101
f 2016/1082/104 2015/1085/107 2013/1083/105
f 2018/1084/106 2017/1087/109 2015/1085/107
f 2020/1086/108 2019/1089/108 2017/1087/109
f 2022/1088/110 2021/1091/110 2019/1089/108
f 2024/1090/108 2023/1093/111 2021/1091/110
f 2026/1092/109 2025/1095/112 2023/1093/111
f 2028/1094/107 2027/1097/104 2025/1095/112
f 2030/1096/113 2029/1099/113 2027/1097/104
f 2032/1098/114 2031/1101/114 2029/1099/113
f 2034/1100/115 2033/1103/115 2031/1101/114
f 2036/1102/116 2035/1105/116 2033/1103/115
f 2038/1104/117 2037/1107/117 2035/1105/116
f 2040/1106/118 2039/1109/118 2037/1107/117
f 2042/1108/119 2041/1111/119 2039/1109/118
f 2044/1110/120 2043/1113/120 2041/1111/119
f 2046/1112/121 2045/1115/121 2043/1113/120
f 2048/1114/122 2047/1117/122 2045/1115/121
f 2050/1116/123 2049/1119/123 2047/1117/122
f 2052/1118/124 2051/1121/124 2049/1119/123
f 2054/1120/125 2053/1123/125 2051/1121/124
f 2056/1122/126 2055/1125/126 2053/1123/125
f 2058/1124/127 2057/1127/127 2055/1125/126
f 2060/1126/128 2059/1129/130 2057/1127/127
f 2062/1128/129 2061/1131/129 2059/1129/130
f 2064/1130/131 2063/1133/131 2061/1131/129
f 2066/1132/132 2065/1135/132 2063/1133/131
f 2068/1134/133 2067/1137/133 2065/1135/132
f 2070/1136/134 2069/1139/134 2067/1137/133
f 2072/1138/135 2071/1141/137 2069/1139/134
f 2074/1140/136 2073/1143/136 2071/1141/137
f 2076/1142/138 2075/1145/138 2073/1143/136
f 2078/1144/139 2077/1147/139 2075/1145/138
f 2080/1146/140 2079/1149/140 2077/1147/139
f 2082/1148/141 2081/1151/141 2079/1149/140
f 2084/1150/142 2083/1153/142 2081/1151/141
f 2086/1152/143 2085/1155/143 2083/1153/142
f 2088/1154/144 2087/1157/144 2085/1155/143
f 2090/1156/145 2089/1159/145 2087/1157/144
f 2092/1158/146 2091/1161/146 2089/1159/145
f 2094/1160/147 2093/1163/147 2091/1161/146
f 2096/1162/148 2095/1165/148 2093/1163/147
f 2098/1164/149 2097/1167/149 2095/1165/148
f 2100/1166/150 2099/1169/150 2097/1167/149
f 2102/1168/151 2101/1171/151 2099/1169/150
f 2104/1170/152 2103/1173/152 2101/1171/151
f 2106/1172/153 2105/585/153 2103/1173/152
f 2108/1174/154 2107/1176/154 2105/585/153
f 2110/1175/155 2109/1178/155 2107/1176/154
f 2112/1177/156 2111/1180/156 2109/1178/155
f 2114/1179/157 2113/1182/157 2111/1180/156
f 2116/1181/158 2115/1184/158 2113/1182/157
f 2118/1183/159 2117/1186/159 2115/1184/158
f 2120/1185/160 2119/1188/160 2117/1186/159
f 2122/1187/161 2121/1190/161 2119/1188/160
f 2124/1189/162 2123/1192/162 2121/1190/161
f 2126/1191/163 2125/1194/163 2123/1192/162
f 2128/1193/164 2127/1196/164 2125/1194/163
f 2130/1195/165 2129/1198/165 2127/1196/164
f 2132/1197/166 2131/1200/166 2129/1198/165
f 2134/1199/167 2133/1202/167 2131/1200/166
f 2136/1201/168 2135/1204/168 2133/1202/167
f 2138/1203/169 2137/1206/169 2135/1204/168
f 2140/1205/170 2139/1208/170 2137/1206/169
f 2142/1207/171 2141/1210/171 2139/1208/170
f 2144/1209/172 2143/1212/172 2141/1210/171
f 2146/1211/173 2145/1214/173 2143/1212/172
f 2148/1213/174 2147/1216/174 2145/1214/173
f 2150/1215/175 2149/1218/175 2147/1216/174
f 2152/1217/176 2151/1220/176 2149/1218/175
f 2154/1219/177 2153/1222/177 2151/1220/176
f 2156/1221/178 2155/1224/178 2153/1222/177
f 2158/1223/179 2157/1226/179 2155/1224/178
f 2160/1225/180 2159/1228/180 2157/1226/179
f 2162/1227/181 2161/1230/181 2159/1228/180
f 2164/1229/182 2163/1232/182 2161/1230/181
f 2166/1231/183 2165/1234/183 2163/1232/182
f 2168/1233/184 2167/1236/184 2165/1234/183
f 2170/1235/185 2169/1238/185 2167/1236/184
f 2172/1237/186 2171/1240/186 2169/1238/185
f 2174/1239/187 2173/1242/187 2171/1240/186
f 2176/1241/188 2175/1244/188 2173/1242/187
f 2178/1243/189 2177/1246/189 2175/1244/188
f 2180/1245/190 2179/1248/190 2177/1246/189
f 2182/1247/191 2181/1250/191 2179/1248/190
f 2184/1249/192 2183/1252/192 2181/1250/191
f 2186/1251/193 2185/1254/193 2183/1252/192
f 2188/1253/194 2187/1256/194 2185/1254/193
f 2190/1255/195 2189/1258/195 2187/1256/194
f 2192/1257/196 2191/1260/196 2189/1258/195
f 2194/1259/197 2193/1262/197 2191/1260/196
f 2196/1261/198 2195/1264/198 2193/1262/197
f 2198/1263/199 2197/1266/199 2195/1264/198
f 2200/1265/200 2199/1268/200 2197/1266/199
f 2202/1267/201 2201/1270/201 2199/1268/200
f 2204/1269/202 2203/1272/202 2201/1270/201
f 2206/1271/203 2205/1274/205 2203/1272/202
f 2208/1273/204 2207/1276/204 2205/1274/205
f 2210/1275/206 2209/1278/206 2207/1276/204
f 2212/1277/207 2211/1280/207 2209/1278/206
f 2214/1279/208 2213/1282/208 2211/1280/207
f 2216/1281/209 2215/1284/209 2213/1282/208
f 2218/1283/210 2217/1286/210 2215/1284/209
f 2220/1285/211 2219/1288/211 2217/1286/210
f 2222/1287/212 2221/1290/214 2219/1288/211
f 2224/1289/213 2223/1292/213 2221/1290/214
f 2226/1291/215 2225/1294/215 2223/1292/213
f 2228/1293/216 2227/1296/216 2225/1294/215
f 2230/1295/217 2229/1298/217 2227/1296/216
f 2232/1297/218 2231/1300/220 2229/1298/217
f 2234/1299/219 2233/1302/219 2231/1300/220
f 2236/1301/221 2235/1304/221 2233/1302/219
f 2238/1303/222 2237/1306/222 2235/1304/221
f 2240/1305/223 2239/1308/223 2237/1306/222
f 2242/1307/224 2241/1310/224 2239/1308/223
f 2244/1309/225 2243/1312/225 2241/1310/224
f 2246/1311/226 2245/1314/226 2243/1312/225
f 2248/1313/227 2247/1316/227 2245/1314/226
f 2250/1315/228 2249/1318/228 2247/1316/227
f 2252/1317/229 2251/1320/231 2249/1318/228
f 2254/1319/230 2253/1322/230 2251/1320/231
f 2256/1321/232 2255/1324/232 2253/1322/230
f 2258/1323/233 2257/1326/233 2255/1324/232
f 2260/1325/234 2259/1328/234 2257/1326/233
f 2262/1327/235 2261/1330/235 2259/1328/234
f 2264/1329/236 2263/1332/236 2261/1330/235
f 2266/1331/237 2265/1334/237 2263/1332/236
f 2268/1333/238 2267/1336/238 2265/1334/237
f 2270/1335/239 2269/1338/239 2267/1336/238
f 2272/1337/240 2271/1340/240 2269/1338/239
f 2274/1339/241 2273/1342/241 2271/1340/240
f 2276/1341/242 2275/1344/242 2273/1342/241
f 2278/1343/243 2277/1346/243 2275/1344/242
f 2280/1345/244 2279/1348/246 2277/1346/243
f 2282/1347/245 2281/1350/245 2279/1348/246
f 2284/1349/247 2283/1352/247 2281/1350/245
f 2286/1351/248 2285/1354/248 2283/1352/247
f 2288/1353/249 2287/1356/249 2285/1354/248
f 2290/1355/250 2289/1358/252 2287/1356/249
f 2292/1357/251 2291/1360/251 2289/1358/252
f 2294/1359/253 2293/1362/253 2291/1360/251
f 2296/1361/254 2295/1364/256 2293/1362/253
f 2298/1363/255 2297/1366/255 2295/1364/256
f 2300/1365/257 2299/1368/257 2297/1366/255
f 2302/1367/258 2301/1370/258 2299/1368/257
f 2304/1369/259 2303/1372/259 2301/1370/258
f 2306/1371/260 2305/1374/260 2303/1372/259
f 2308/1373/261 2307/1376/261 2305/1374/260
f 2310/1375/262 2309/1378/262 2307/1376/261
f 2312/1377/263 2311/1380/265 2309/1378/262
f 2314/1379/264 2313/1382/264 2311/1380/265
f 2316/1381/266 2315/1384/266 2313/1382/264
f 2318/1383/267 2317/1386/267 2315/1384/266
f 2320/1385/268 2319/1388/268 2317/1386/267
f 2322/1387/269 2321/1390/269 2319/1388/268
f 2324/1389/270 2323/1392/270 2321/1390/269
f 2326/1391/271 2325/1394/271 2323/1392/270
f 2328/1393/272 2327/1396/272 2325/1394/271
f 2330/1395/273 2329/1398/273 2327/1396/272
f 2332/1397/274 2331/1400/274 2329/1398/273
f 2334/1399/275 2333/1402/275 2331/1400/274
f 2336/1401/276 2335/1404/276 2333/1402/275
f 2338/1403/277 2337/1406/277 2335/1404/276
f 2340/1405/278 2339/1408/280 2337/1406/277
f 2342/1407/279 2341/1410/279 2339/1408/280
f 2344/1409/281 2343/1412/281 2341/1410/279
f 2346/1411/282 2345/1414/282 2343/1412/281
f 2348/1413/283 2347/1416/283 2345/1414/282
f 2350/1415/284 2349/1418/284 2347/1416/283
f 2352/1417/285 2351/1420/285 2349/1418/284
f 2354/1419/286 2353/1422/286 2351/1420/285
f 2356/1421/287 2355/1424/289 2353/1422/286
f 2358/1423/288 2357/1426/288 2355/1424/289
f 2360/1425/290 2359/1428/290 2357/1426/288
f 2362/1427/291 2361/1430/291 2359/1428/290
f 2364/1429/292 2363/1432/294 2361/1430/291
f 2366/1431/293 2365/1434/296 2363/1432/294
f 2368/1433/295 2367/1436/295 2365/1434/296
f 2370/1435/297 2369/1438/297 2367/1436/295
f 1840/1437/4 1839/49/4 2369/1438/297
f 2374/1439/298 2373/1441/298 2371/217/299
f 2376/1440/300 2375/1443/300 2373/1441/298
f 2378/1442/301 2377/1445/301 2375/1443/300
f 2380/1444/302 2379/1447/302 2377/1445/301
f 2382/1446/303 2381/1449/303 2379/1447/302
f 2384/1448/304 2383/1451/304 2381/1449/303
f 2386/1450/305 2385/1453/305 2383/1451/304
f 2388/1452/306 2387/1455/306 2385/1453/305
f 2390/1454/307 2389/1457/307 2387/1455/306
f 2392/1456/308 2391/1459/308 2389/1457/307
f 2394/1458/309 2393/1461/309 2391/1459/308
f 2396/1460/310 2395/1463/310 2393/1461/309
f 2398/1462/311 2397/1465/311 2395/1463/310
f 2400/1464/312 2399/1467/312 2397/1465/311
f 2402/1466/313 2401/1469/313 2399/1467/312
f 2404/1468/314 2403/1471/314 2401/1469/313
f 2406/1470/315 2405/1473/315 2403/1471/314
f 2408/1472/316 2407/1475/316 2405/1473/315
f 2410/1474/317 2409/1477/317 2407/1475/316
f 2412/1476/318 2411/1479/318 2409/1477/317
f 2414/1478/319 2413/1481/319 2411/1479/318
f 2416/1480/320 2415/1483/320 2413/1481/319
f 2418/1482/321 2417/1485/321 2415/1483/320
f 2420/1484/322 2419/1487/322 2417/1485/321
f 2422/1486/323 2421/1489/323 2419/1487/322
f 2424/1488/324 2423/1491/324 2421/1489/323
f 2426/1490/325 2425/1493/325 2423/1491/324
f 2428/1492/326 2427/1495/326 2425/1493/325
f 2430/1494/327 2429/1497/327 2427/1495/326
f 2432/1496/328 2431/1499/328 2429/1497/327
f 2434/1498/329 2433/1501/329 2431/1499/328
f 2436/1500/330 2435/1503/330 2433/1501/329
f 2438/1502/331 2437/1505/331 2435/1503/330
f 2440/1504/332 2439/1507/332 2437/1505/331
f 2442/1506/333 2441/1509/333 2439/1507/332
f 2444/1508/334 2443/1511/334 2441/1509/333
f 2446/1510/335 2445/1513/335 2443/1511/334
f 2448/1512/336 2447/1515/338 2445/1513/335
f 2450/1514/337 2449/1517/337 2447/1515/338
f 2452/1516/339 2451/1519/339 2449/1517/337
f 2454/1518/340 2453/1521/340 2451/1519/339
f 2456/1520/341 2455/1523/341 2453/1521/340
f 2458/1522/342 2457/1525/342 2455/1523/341
f 2460/1524/343 2459/1527/343 2457/1525/342
f 2462/1526/344 2461/1529/344 2459/1527/343
f 2464/1528/345 2463/1531/345 2461/1529/344
f 2466/1530/45 2465/1533/45 2463/1531/345
f 2468/1532/346 2467/1535/346 2465/1533/45
f 2470/1534/347 2469/1537/347 2467/1535/346
f 2472/1536/348 2471/1539/348 2469/1537/347
f 2474/1538/349 2473/1541/349 2471/1539/348
f 2476/1540/350 2475/1543/350 2473/1541/349
f 2478/1542/351 2477/1545/351 2475/1543/350
f 2480/1544/352 2479/1547/352 2477/1545/351
f 2482/1546/353 2481/1549/353 2479/1547/352
f 2484/1548/354 2483/1551/354 2481/1549/353
f 2486/1550/355 2485/1553/355 2483/1551/354
f 2488/1552/356 2487/1555/356 2485/1553/355
f 2490/1554/357 2489/1557/357 2487/1555/356
f 2492/1556/358 2491/1559/360 2489/1557/357
f 2494/1558/359 2493/1561/359 2491/1559/360
f 2496/1560/361 2495/1563/361 2493/1561/359
f 2498/1562/362 2497/1565/362 2495/1563/361
f 2500/1564/363 2499/1567/363 2497/1565/362
f 2502/1566/364 2501/1569/364 2499/1567/363
f 2504/1568/365 2503/1571/365 2501/1569/364
f 2506/1570/366 2505/1573/366 2503/1571/365
f 2508/1572/367 2507/1575/367 2505/1573/366
f 2510/1574/368 2509/1577/368 2507/1575/367
f 2512/1576/369 2511/1579/369 2509/1577/368
f 2514/1578/370 2513/1581/370 2511/1579/369
f 2516/1580/371 2515/1583/371 2513/1581/370
f 2518/1582/372 2517/1585/372 2515/1583/371
f 2520/1584/373 2519/1587/373 2517/1585/372
f 2522/1586/374 2521/1589/374 2519/1587/373
f 2524/1588/375 2523/1591/375 2521/1589/374
f 2526/1590/376 2525/1593/376 2523/1591/375
f 2528/1592/377 2527/1595/379 2525/1593/376
f 2530/1594/378 2529/1597/378 2527/1595/379
f 2532/1596/380 2531/1599/380 2529/1597/378
f 2534/1598/381 2533/1601/381 2531/1599/380
f 2536/1600/382 2535/1603/382 2533/1601/381
f 2538/1602/383 2537/1605/383 2535/1603/382
f 2540/1604/384 2539/1607/384 2537/1605/383
f 2542/1606/385 2541/1609/385 2539/1607/384
f 2544/1608/386 2543/1611/386 2541/1609/385
f 2546/1610/200 2545/1613/200 2543/1611/386
f 2548/1612/387 2547/1615/387 2545/1613/200
f 2550/1614/388 2549/1617/388 2547/1615/387
f 2552/1616/389 2551/1619/389 2549/1617/388
f 2554/1618/390 2553/1621/390 2551/1619/389
f 2556/1620/391 2555/1623/391 2553/1621/390
f 2558/1622/392 2557/1625/392 2555/1623/391
f 2560/1624/393 2559/1627/393 2557/1625/392
f 2562/1626/394 2561/1629/394 2559/1627/393
f 2564/1628/395 2563/1631/395 2561/1629/394
f 2566/1630/396 2565/1633/396 2563/1631/395
f 2568/1632/397 2567/1635/397 2565/1633/396
f 2570/1634/398 2569/1637/398 2567/1635/397
f 2572/1636/399 2571/1639/399 2569/1637/398
f 2574/1638/400 2573/1641/402 2571/1639/399
f 2576/1640/401 2575/1643/401 2573/1641/402
f 2578/1642/403 2577/1645/403 2575/1643/401
f 2580/1644/404 2579/1647/404 2577/1645/403
f 2582/1646/405 2581/1649/405 2579/1647/404
f 2584/1648/406 2583/1651/406 2581/1649/405
f 2586/1650/407 2585/1653/407 2583/1651/406
f 2588/1652/408 2587/1655/408 2585/1653/407
f 2590/1654/409 2589/1657/411 2587/1655/408
f 2592/1656/410 2591/1659/413 2589/1657/411
f 2594/1658/412 2593/1661/412 2591/1659/413
f 2596/1660/414 2595/1663/414 2593/1661/412
f 2598/1662/415 2597/1665/415 2595/1663/414
f 2600/1664/416 2599/1667/416 2597/1665/415
f 2602/1666/417 2601/1669/417 2599/1667/416
f 2604/1668/418 2603/1671/420 2601/1669/417
f 2606/1670/419 2605/1673/419 2603/1671/420
f 2608/1672/421 2607/1675/423 2605/1673/419
f 2610/1674/422 2609/1677/422 2607/1675/423
f 2612/1676/424 2611/1679/424 2609/1677/422
f 2614/1678/425 2613/1681/425 2611/1679/424
f 2616/1680/426 2615/1683/426 2613/1681/425
f 2618/1682/427 2617/1685/427 2615/1683/426
f 2620/1684/428 2619/1687/428 2617/1685/427
f 2622/1686/429 2621/1689/429 2619/1687/428
f 2624/1688/430 2623/1691/430 2621/1689/429
f 2626/1690/431 2625/1693/431 2623/1691/430
f 2628/1692/432 2627/1695/432 2625/1693/431
f 2630/1694/433 2629/1697/433 2627/1695/432
f 2632/1696/434 2631/1699/434 2629/1697/433
f 2634/1698/435 2633/1701/435 2631/1699/434
f 2636/1700/436 2635/1703/436 2633/1701/435
f 2638/1702/437 2637/1705/437 2635/1703/436
f 2640/1704/438 2639/1707/438 2637/1705/437
f 2642/1706/439 2641/1709/439 2639/1707/438
f 2644/1708/440 2643/1711/440 2641/1709/439
f 2646/1710/441 2645/1713/441 2643/1711/440
f 2648/1712/442 2647/1715/442 2645/1713/441
f 2650/1714/443 2649/1717/443 2647/1715/442
f 2652/1716/444 2651/1719/444 2649/1717/443
f 2654/1718/445 2653/1721/445 2651/1719/444
f 2656/1720/446 2655/1723/446 2653/1721/445
f 2658/1722/447 2657/1725/447 2655/1723/446
f 2660/1724/448 2659/1727/448 2657/1725/447
f 2662/1726/449 2661/1729/449 2659/1727/448
f 2664/1728/450 2663/1731/450 2661/1729/449
f 2666/1730/451 2665/1733/451 2663/1731/450
f 2668/1732/452 2667/1735/452 2665/1733/451
f 2670/1734/453 2669/1737/453 2667/1735/452
f 2672/1736/454 2671/1739/454 2669/1737/453
f 2674/1738/455 2673/1741/455 2671/1739/454
f 2676/1740/456 2675/1743/456 2673/1741/455
f 2678/1742/457 2677/1745/457 2675/1743/456
f 2680/1744/458 2679/1747/458 2677/1745/457
f 2682/1746/459 2681/1749/459 2679/1747/458
f 2684/1748/460 2683/1751/460 2681/1749/459
f 2686/1750/461 2685/1753/463 2683/1751/460
f 2688/1752/462 2687/1755/462 2685/1753/463
f 2690/1754/464 2689/1757/464 2687/1755/462
f 2692/1756/465 2691/1759/465 2689/1757/464
f 2694/1758/466 2693/1761/466 2691/1759/465
f 2696/1760/467 2695/1763/469 2693/1761/466
f 2698/1762/468 2697/1765/468 2695/1763/469
f 2700/1764/470 2699/1767/470 2697/1765/468
f 2702/1766/471 2701/1769/471 2699/1767/470
f 2704/1768/472 2703/1771/472 2701/1769/471
f 2706/1770/473 2705/1773/473 2703/1771/472
f 2708/1772/474 2707/1775/474 2705/1773/473
f 2710/1774/475 2709/1777/475 2707/1775/474
f 2712/1776/476 2711/1779/476 2709/1777/475
f 2714/1778/477 2713/1781/477 2711/1779/476
f 2716/1780/478 2715/1783/478 2713/1781/477
f 2718/1782/479 2717/1785/479 2715/1783/478
f 2720/1784/480 2719/1787/480 2717/1785/479
f 2722/1786/481 2721/1789/481 2719/1787/480
f 2724/1788/482 2723/1791/482 2721/1789/481
f 2726/1790/483 2725/1793/483 2723/1791/482
f 2728/1792/484 2727/1795/484 2725/1793/483
f 2730/1794/485 2729/1797/485 2727/1795/484
f 2732/1796/486 2731/1798/486 2729/1797/485
f 2372/1437/299 2371/49/299 2731/1798/486
f 2736/1799/487 2735/1801/487 2733/217/488
f 2738/1800/489 2737/1803/489 2735/1801/487
f 2740/1802/490 2739/1805/490 2737/1803/489
f 2742/1804/491 2741/1807/491 2739/1805/490
f 2744/1806/492 2743/1809/492 2741/1807/491
f 2746/1808/493 2745/1811/493 2743/1809/492
f 2748/1810/494 2747/1813/494 2745/1811/493
f 2750/1812/495 2749/1815/495 2747/1813/494
f 2752/1814/496 2751/1817/496 2749/1815/495
f 2754/1816/497 2753/1819/497 2751/1817/496
f 2756/1818/498 2755/1820/498 2753/1819/497
f 2758/944/499 2757/947/499 2755/1820/498
f 2760/1821/500 2759/1823/500 2757/947/499
f 2762/1822/501 2761/553/501 2759/1823/500
f 2764/1824/502 2763/1826/502 2761/553/501
f 2766/1825/503 2765/1828/503 2763/1826/502
f 2768/1827/504 2767/1830/506 2765/1828/503
f 2770/1829/505 2769/1832/505 2767/1830/506
f 2772/1831/507 2771/1834/507 2769/1832/505
f 2774/1833/508 2773/1836/508 2771/1834/507
f 2776/1835/509 2775/1838/509 2773/1836/508
f 2778/1837/510 2777/1840/510 2775/1838/509
f 2780/1839/511 2779/1841/511 2777/1840/510
f 2782/982/512 2781/985/512 2779/1841/511
f 2784/1842/513 2783/1844/513 2781/985/512
f 2786/1843/514 2785/1846/516 2783/1844/513
f 2788/1845/515 2787/1848/515 2785/1846/516
f 2790/1847/517 2789/615/517 2787/1848/515
f 2792/1849/518 2791/1851/518 2789/615/517
f 2794/1850/519 2793/1853/519 2791/1851/518
f 2796/1852/520 2795/1855/522 2793/1853/519
f 2798/1854/521 2797/1857/521 2795/1855/522
f 2800/1856/523 2799/1859/523 2797/1857/521
f 2802/1858/524 2801/1861/524 2799/1859/523
f 2804/1860/525 2803/1862/525 2801/1861/524
f 2806/1020/526 2805/1023/526 2803/1862/525
f 2808/1863/527 2807/1865/527 2805/1023/526
f 2810/1864/528 2809/1867/528 2807/1865/527
f 2812/1866/529 2811/1869/529 2809/1867/528
f 2814/1868/530 2813/1871/530 2811/1869/529
f 2816/1870/531 2815/1873/531 2813/1871/530
f 2818/1872/532 2817/643/532 2815/1873/531
f 2820/1874/533 2819/1876/533 2817/643/532
f 2822/1875/534 2821/1878/534 2819/1876/533
f 2824/1877/535 2823/1880/535 2821/1878/534
f 2826/1879/536 2825/1882/536 2823/1880/535
f 2828/1881/537 2827/1883/537 2825/1882/536
f 2830/1058/538 2829/1061/538 2827/1883/537
f 2832/1884/539 2831/1886/539 2829/1061/538
f 2834/1885/540 2833/1888/542 2831/1886/539
f 2836/1887/541 2835/1890/541 2833/1888/542
f 2838/1889/543 2837/1892/543 2835/1890/541
f 2840/1891/544 2839/1894/544 2837/1892/543
f 2842/1893/545 2841/1896/545 2839/1894/544
f 2844/1895/546 2843/1898/546 2841/1896/545
f 2846/1897/547 2845/199/547 2843/1898/546
f 2848/1899/548 2847/1901/548 2845/199/547
f 2850/1900/549 2849/1903/549 2847/1901/548
f 2852/1902/550 2851/1904/550 2849/1903/549
f 2854/1096/551 2853/1099/551 2851/1904/550
f 2856/1905/552 2855/1907/552 2853/1099/551
f 2858/1906/553 2857/1909/553 2855/1907/552
f 2860/1908/554 2859/1911/554 2857/1909/553
f 2862/1910/555 2861/1913/555 2859/1911/554
f 2864/1912/556 2863/1915/556 2861/1913/555
f 2866/1914/555 2865/1917/555 2863/1915/556
f 2868/1916/554 2867/1919/554 2865/1917/555
f 2870/1918/553 2869/1921/553 2867/1919/554
f 2872/1920/552 2871/1923/552 2869/1921/553
f 2874/1922/551 2873/586/551 2871/1923/552
f 2876/1924/557 2875/1925/557 2873/586/551
f 2878/1134/558 2877/1137/558 2875/1925/557
f 2880/1926/559 2879/1928/559 2877/1137/558
f 2882/1927/560 2881/1930/560 2879/1928/559
f 2884/1929/561 2883/1932/561 2881/1930/560
f 2886/1931/562 2885/1934/562 2883/1932/561
f 2888/1933/563 2887/1936/563 2885/1934/562
f 2890/1935/564 2889/1938/564 2887/1936/563
f 2892/1937/565 2891/1940/565 2889/1938/564
f 2894/1939/566 2893/1942/566 2891/1940/565
f 2896/1941/567 2895/1944/567 2893/1942/566
f 2898/1943/568 2897/1946/568 2895/1944/567
f 2900/1945/569 2899/1947/569 2897/1946/568
f 2902/1172/570 2901/585/570 2899/1947/569
f 2904/1948/571 2903/1950/571 2901/585/570
f 2906/1949/572 2905/1952/572 2903/1950/571
f 2908/1951/573 2907/1954/573 2905/1952/572
f 2910/1953/574 2909/1956/574 2907/1954/573
f 2912/1955/575 2911/1958/575 2909/1956/574
f 2914/1957/576 2913/1960/576 2911/1958/575
f 2916/1959/577 2915/1962/577 2913/1960/576
f 2918/1961/578 2917/1964/578 2915/1962/577
f 2920/1963/579 2919/1966/579 2917/1964/578
f 2922/1965/580 2921/1968/580 2919/1966/579
f 2924/1967/581 2923/1969/581 2921/1968/580
f 2926/1209/582 2925/1212/582 2923/1969/581
f 2928/1970/583 2927/1972/583 2925/1212/582
f 2930/1971/584 2929/560/584 2927/1972/583
f 2932/1973/585 2931/1975/585 2929/560/584
f 2934/1974/586 2933/1977/586 2931/1975/585
f 2936/1976/587 2935/1979/587 2933/1977/586
f 2938/1978/588 2937/1981/588 2935/1979/587
f 2940/1980/589 2939/1983/589 2937/1981/588
f 2942/1982/590 2941/1985/590 2939/1983/589
f 2944/1984/591 2943/1987/591 2941/1985/590
f 2946/1986/592 2945/1989/592 2943/1987/591
f 2948/1988/593 2947/1990/593 2945/1989/592
f 2950/1247/594 2949/1250/594 2947/1990/593
f 2952/1991/595 2951/1993/595 2949/1250/594
f 2954/1992/596 2953/1995/596 2951/1993/595
f 2956/1994/597 2955/1997/597 2953/1995/596
f 2958/1996/598 2957/134/598 2955/1997/597
f 2960/1998/599 2959/2000/599 2957/134/598
f 2962/1999/600 2961/2002/600 2959/2000/599
f 2964/2001/601 2963/2004/601 2961/2002/600
f 2966/2003/602 2965/2006/602 2963/2004/601
f 2968/2005/603 2967/2008/603 2965/2006/602
f 2970/2007/604 2969/2010/604 2967/2008/603
f 2972/2009/605 2971/2011/605 2969/2010/604
f 2974/1285/606 2973/1288/606 2971/2011/605
f 2976/2012/607 2975/2014/607 2973/1288/606
f 2978/2013/608 2977/2016/608 2975/2014/607
f 2980/2015/609 2979/2018/609 2977/2016/608
f 2982/2017/610 2981/2020/610 2979/2018/609
f 2984/2019/611 2983/2022/611 2981/2020/610
f 2986/2021/612 2985/506/612 2983/2022/611
f 2988/2023/613 2987/2025/613 2985/506/612
f 2990/2024/614 2989/2027/614 2987/2025/613
f 2992/2026/615 2991/2029/615 2989/2027/614
f 2994/2028/616 2993/2031/616 2991/2029/615
f 2996/2030/617 2995/2032/617 2993/2031/616
f 2998/1323/618 2997/1326/618 2995/2032/617
f 3000/2033/619 2999/2035/619 2997/1326/618
f 3002/2034/620 3001/2037/620 2999/2035/619
f 3004/2036/621 3003/2039/621 3001/2037/620
f 3006/2038/622 3005/2041/622 3003/2039/621
f 3008/2040/623 3007/2043/623 3005/2041/622
f 3010/2042/624 3009/2045/624 3007/2043/623
f 3012/2044/625 3011/2047/625 3009/2045/624
f 3014/2046/626 3013/481/626 3011/2047/625
f 3016/2048/627 3015/2050/627 3013/481/626
f 3018/2049/628 3017/2052/628 3015/2050/627
f 3020/2051/629 3019/2053/629 3017/2052/628
f 3022/1361/630 3021/1364/630 3019/2053/629
f 3024/2054/631 3023/2056/631 3021/1364/630
f 3026/2055/632 3025/2058/633 3023/2056/631
f 3028/2057/314 3027/2060/314 3025/2058/633
f 3030/2059/634 3029/2062/634 3027/2060/314
f 3032/2061/635 3031/2064/635 3029/2062/634
f 3034/2063/636 3033/2066/636 3031/2064/635
f 3036/2065/637 3035/2068/637 3033/2066/636
f 3038/2067/638 3037/2070/638 3035/2068/637
f 3040/2069/639 3039/2072/639 3037/2070/638
f 3042/2071/640 3041/494/640 3039/2072/639
f 3044/2073/641 3043/2074/641 3041/494/640
f 3046/1399/642 3045/1402/642 3043/2074/641
f 3048/2075/643 3047/2077/643 3045/1402/642
f 3050/2076/644 3049/2079/644 3047/2077/643
f 3052/2078/645 3051/2081/645 3049/2079/644
f 3054/2080/646 3053/2083/646 3051/2081/645
f 3056/2082/647 3055/2085/647 3053/2083/646
f 3058/2084/648 3057/2087/648 3055/2085/647
f 3060/2086/649 3059/2089/649 3057/2087/648
f 3062/2088/650 3061/2091/650 3059/2089/649
f 3064/2090/651 3063/2093/651 3061/2091/650
f 3066/2092/652 3065/2095/652 3063/2093/651
f 3068/2094/653 3067/2096/653 3065/2095/652
f 2734/1437/488 2733/49/488 3067/2096/653
f 3072/2097/654 3071/2099/654 3069/217/655
f 3074/2098/656 3073/2101/656 3071/2099/654
f 3076/2100/657 3075/2103/659 3073/2101/656
f 3078/2102/658 3077/2105/658 3075/2103/659
f 3080/2104/660 3079/2107/660 3077/2105/658
f 3082/2106/661 3081/2109/661 3079/2107/660
f 3084/2108/662 3083/2111/662 3081/2109/661
f 3086/2110/663 3085/2113/663 3083/2111/662
f 3088/2112/664 3087/2115/664 3085/2113/663
f 3090/2114/665 3089/2117/665 3087/2115/664
f 3092/2116/666 3091/2119/666 3089/2117/665
f 3094/2118/667 3093/2121/669 3091/2119/666
f 3096/2120/668 3095/2123/671 3093/2121/669
f 3098/2122/670 3097/2125/670 3095/2123/671
f 3100/2124/672 3099/2127/672 3097/2125/670
f 3102/2126/673 3101/2129/673 3099/2127/672
f 3104/2128/674 3103/2131/674 3101/2129/673
f 3106/2130/675 3105/2133/675 3103/2131/674
f 3108/2132/676 3107/2135/676 3105/2133/675
f 3110/2134/677 3109/2137/677 3107/2135/676
f 3112/2136/678 3111/2139/678 3109/2137/677
f 3114/2138/679 3113/2141/679 3111/2139/678
f 3116/2140/680 3115/2143/680 3113/2141/679
f 3118/2142/681 3117/2145/681 3115/2143/680
f 3120/2144/682 3119/2147/682 3117/2145/681
f 3122/2146/683 3121/2149/683 3119/2147/682
f 3124/2148/684 3123/2151/684 3121/2149/683
f 3126/2150/685 3125/2153/685 3123/2151/684
f 3128/2152/686 3127/2155/686 3125/2153/685
f 3130/2154/687 3129/2157/687 3127/2155/686
f 3132/2156/688 3131/2159/690 3129/2157/687
f 3134/2158/689 3133/2161/689 3131/2159/690
f 3136/2160/691 3135/2163/691 3133/2161/689
f 3138/2162/692 3137/2165/692 3135/2163/691
f 3140/2164/693 3139/2167/693 3137/2165/692
f 3142/2166/694 3141/2169/694 3139/2167/693
f 3144/2168/695 3143/2171/695 3141/2169/694
f 3146/2170/696 3145/2173/696 3143/2171/695
f 3148/2172/697 3147/2175/697 3145/2173/696
f 3150/2174/698 3149/2177/698 3147/2175/697
f 3152/2176/699 3151/2179/699 3149/2177/698
f 3154/2178/700 3153/2181/700 3151/2179/699
f 3156/2180/701 3155/2183/701 3153/2181/700
f 3158/2182/702 3157/2185/702 3155/2183/701
f 3160/2184/703 3159/2187/705 3157/2185/702
f 3162/2186/704 3161/2189/704 3159/2187/705
f 3164/2188/706 3163/2191/706 3161/2189/704
f 3166/2190/707 3165/2193/707 3163/2191/706
f 3168/2192/708 3167/2195/708 3165/2193/707
f 3170/2194/709 3169/2197/709 3167/2195/708
f 3172/2196/710 3171/2199/710 3169/2197/709
f 3174/2198/711 3173/2201/711 3171/2199/710
f 3176/2200/712 3175/2203/712 3173/2201/711
f 3178/2202/711 3177/2205/711 3175/2203/712
f 3180/2204/710 3179/2207/710 3177/2205/711
f 3182/2206/709 3181/2209/709 3179/2207/710
f 3184/2208/713 3183/2211/708 3181/2209/709
f 3186/2210/707 3185/2213/707 3183/2211/708
f 3188/2212/714 3187/2215/716 3185/2213/707
f 3190/2214/715 3189/2217/718 3187/2215/716
f 3192/2216/717 3191/2219/720 3189/2217/718
f 3194/2218/719 3193/2221/719 3191/2219/720
f 3196/2220/721 3195/2223/721 3193/2221/719
f 3198/2222/722 3197/2225/722 3195/2223/721
f 3200/2224/723 3199/2227/725 3197/2225/722
f 3202/2226/724 3201/2229/724 3199/2227/725
f 3204/2228/726 3203/2231/726 3201/2229/724
f 3206/2230/727 3205/2233/727 3203/2231/726
f 3208/2232/728 3207/2235/730 3205/2233/727
f 3210/2234/729 3209/2237/729 3207/2235/730
f 3212/2236/731 3211/2239/731 3209/2237/729
f 3214/2238/732 3213/2241/732 3211/2239/731
f 3216/2240/733 3215/2243/733 3213/2241/732
f 3218/2242/734 3217/2245/736 3215/2243/733
f 3220/2244/735 3219/2247/735 3217/2245/736
f 3222/2246/737 3221/2249/739 3219/2247/735
f 3224/2248/738 3223/2251/741 3221/2249/739
f 3226/2250/740 3225/2253/743 3223/2251/741
f 3228/2252/742 3227/2255/745 3225/2253/743
f 3230/2254/744 3229/2257/744 3227/2255/745
f 3232/2256/746 3231/2259/748 3229/2257/744
f 3234/2258/747 3233/2261/750 3231/2259/748
f 3236/2260/749 3235/2263/752 3233/2261/750
f 3238/2262/751 3237/2265/751 3235/2263/752
f 3240/2264/753 3239/2267/753 3237/2265/751
f 3242/2266/754 3241/2269/754 3239/2267/753
f 3244/2268/755 3243/2271/755 3241/2269/754
f 3246/2270/756 3245/2273/758 3243/2271/755
f 3248/2272/757 3247/2275/757 3245/2273/758
f 3250/2274/759 3249/2277/759 3247/2275/757
f 3252/2276/760 3251/2279/762 3249/2277/759
f 3254/2278/761 3253/2281/761 3251/2279/762
f 3256/2280/763 3255/2283/765 3253/2281/761
f 3258/2282/764 3257/2285/764 3255/2283/765
f 3260/2284/766 3259/2287/766 3257/2285/764
f 3262/2286/767 3261/2289/767 3259/2287/766
f 3264/2288/768 3263/2291/770 3261/2289/767
f 3266/2290/769 3265/2293/772 3263/2291/770
f 3268/2292/771 3267/2295/771 3265/2293/772
f 3270/2294/773 3269/2297/775 3267/2295/771
f 3272/2296/774 3271/2299/774 3269/2297/775
f 3274/2298/776 3273/2301/776 3271/2299/774
f 3276/2300/777 3275/2303/777 3273/2301/776
f 3278/2302/778 3277/2305/778 3275/2303/777
f 3280/2304/779 3279/2307/779 3277/2305/778
f 3282/2306/780 3281/2309/780 3279/2307/779
f 3284/2308/781 3283/2311/781 3281/2309/780
f 3286/2310/782 3285/2313/784 3283/2311/781
f 3288/2312/783 3287/2315/783 3285/2313/784
f 3290/2314/785 3289/2317/785 3287/2315/783
f 3292/2316/786 3291/2319/786 3289/2317/785
f 3294/2318/787 3293/2321/789 3291/2319/786
f 3296/2320/788 3295/2323/788 3293/2321/789
f 3298/2322/790 3297/2325/790 3295/2323/788
f 3300/2324/791 3299/2327/793 3297/2325/790
f 3302/2326/792 3301/2329/792 3299/2327/793
f 3304/2328/794 3303/2331/794 3301/2329/792
f 3306/2330/795 3305/2333/797 3303/2331/794
f 3308/2332/796 3307/2335/796 3305/2333/797
f 3310/2334/798 3309/2337/798 3307/2335/796
f 3312/2336/799 3311/2339/799 3309/2337/798
f 3314/2338/800 3313/2341/800 3311/2339/799
f 3316/2340/801 3315/2343/801 3313/2341/800
f 3318/2342/802 3317/2345/802 3315/2343/801
f 3320/2344/803 3319/2347/803 3317/2345/802
f 3322/2346/804 3321/2349/804 3319/2347/803
f 3324/2348/805 3323/2351/805 3321/2349/804
f 3326/2350/806 3325/2353/806 3323/2351/805
f 3328/2352/807 3327/2355/807 3325/2353/806
f 3330/2354/808 3329/2357/810 3327/2355/807
f 3332/2356/809 3331/2359/812 3329/2357/810
f 3334/2358/811 3333/2361/811 3331/2359/812
f 3336/2360/813 3335/2363/813 3333/2361/811
f 3338/2362/814 3337/2365/814 3335/2363/813
f 3340/2364/815 3339/2367/815 3337/2365/814
f 3342/2366/816 3341/2369/816 3339/2367/815
f 3344/2368/817 3343/2371/817 3341/2369/816
f 3346/2370/818 3345/2373/818 3343/2371/817
f 3348/2372/819 3347/2375/819 3345/2373/818
f 3350/2374/820 3349/2377/820 3347/2375/819
f 3352/2376/821 3351/2379/821 3349/2377/820
f 3354/2378/822 3353/2381/822 3351/2379/821
f 3356/2380/823 3355/2383/823 3353/2381/822
f 3358/2382/824 3357/2385/826 3355/2383/823
f 3360/2384/825 3359/2387/825 3357/2385/826
f 3362/2386/827 3361/2389/827 3359/2387/825
f 3364/2388/828 3363/2391/828 3361/2389/827
f 3366/2390/829 3365/2393/829 3363/2391/828
f 3368/2392/830 3367/2395/830 3365/2393/829
f 3370/2394/831 3369/2397/831 3367/2395/830
f 3372/2396/832 3371/2399/832 3369/2397/831
f 3374/2398/833 3373/2401/833 3371/2399/832
f 3376/2400/834 3375/2403/834 3373/2401/833
f 3378/2402/835 3377/2405/835 3375/2403/834
f 3380/2404/836 3379/2407/836 3377/2405/835
f 3382/2406/837 3381/2409/837 3379/2407/836
f 3384/2408/838 3383/2411/838 3381/2409/837
f 3386/2410/839 3385/2413/839 3383/2411/838
f 3388/2412/840 3387/2415/842 3385/2413/839
f 3390/2414/841 3389/2417/841 3387/2415/842
f 3392/2416/843 3391/2419/845 3389/2417/841
f 3394/2418/844 3393/2421/844 3391/2419/845
f 3396/2420/846 3395/2423/846 3393/2421/844
f 3398/2422/847 3397/2425/847 3395/2423/846
f 3400/2424/848 3399/2427/848 3397/2425/847
f 3402/2426/849 3401/2429/849 3399/2427/848
f 3404/2428/850 3403/2431/851 3401/2429/849
f 3406/2430/370 3405/2432/370 3403/2431/851
f 3070/1437/655 3069/49/655 3405/2432/370
f 3410/2433/852 3409/2435/852 3407/217/853
f 3412/2434/854 3411/2437/854 3409/2435/852
f 3414/2436/855 3413/530/855 3411/2437/854
f 3416/2438/856 3415/2440/856 3413/530/855
f 3418/2439/857 3417/2442/857 3415/2440/856
f 3420/2441/858 3419/535/858 3417/2442/857
f 3422/2443/859 3421/2445/859 3419/535/858
f 3424/2444/860 3423/2447/862 3421/2445/859
f 3426/2446/861 3425/541/861 3423/2447/862
f 3428/2448/863 3427/2450/863 3425/541/861
f 3430/2449/864 3429/2452/864 3427/2450/863
f 3432/2451/865 3431/558/865 3429/2452/864
f 3434/2453/866 3433/2455/866 3431/558/865
f 3436/2454/867 3435/2457/867 3433/2455/866
f 3438/2456/868 3437/581/868 3435/2457/867
f 3440/2458/869 3439/2460/869 3437/581/868
f 3442/2459/870 3441/2462/870 3439/2460/869
f 3444/2461/871 3443/602/871 3441/2462/870
f 3446/2463/872 3445/2465/872 3443/602/871
f 3448/2464/873 3447/2467/873 3445/2465/872
f 3450/2466/874 3449/611/874 3447/2467/873
f 3452/2468/875 3451/2470/875 3449/611/874
f 3454/2469/876 3453/2472/876 3451/2470/875
f 3456/2471/877 3455/619/877 3453/2472/876
f 3458/2473/878 3457/2475/878 3455/619/877
f 3460/2474/879 3459/2477/879 3457/2475/878
f 3462/2476/880 3461/626/880 3459/2477/879
f 3464/2478/881 3463/2480/881 3461/626/880
f 3466/2479/882 3465/2482/882 3463/2480/881
f 3468/2481/883 3467/637/883 3465/2482/882
f 3470/2483/884 3469/2485/884 3467/637/883
f 3472/2484/885 3471/2487/885 3469/2485/884
f 3474/2486/886 3473/644/886 3471/2487/885
f 3476/2488/887 3475/2490/887 3473/644/886
f 3478/2489/888 3477/2492/888 3475/2490/887
f 3480/2491/889 3479/641/889 3477/2492/888
f 3482/2493/890 3481/2495/892 3479/641/889
f 3484/2494/891 3483/2497/891 3481/2495/892
f 3486/2496/893 3485/635/895 3483/2497/891
f 3488/2498/894 3487/2500/897 3485/635/895
f 3490/2499/896 3489/2502/899 3487/2500/897
f 3492/2501/898 3491/628/901 3489/2502/899
f 3494/2503/900 3493/2505/900 3491/628/901
f 3496/2504/902 3495/2506/904 3493/2505/900
f 3498/1897/903 3497/199/906 3495/2506/904
f 3500/2507/905 3499/2509/905 3497/199/906
f 3502/2508/907 3501/2511/909 3499/2509/905
f 3504/2510/908 3503/614/911 3501/2511/909
f 3506/2512/910 3505/2514/913 3503/614/911
f 3508/2513/912 3507/2516/915 3505/2514/913
f 3510/2515/914 3509/607/914 3507/2516/915
f 3512/2517/916 3511/2519/916 3509/607/914
f 3514/2518/917 3513/2521/917 3511/2519/916
f 3516/2520/918 3515/599/920 3513/2521/917
f 3518/2522/919 3517/2524/922 3515/599/920
f 3520/2523/921 3519/2526/921 3517/2524/922
f 3522/2525/923 3521/582/923 3519/2526/921
f 3524/2527/924 3523/2529/924 3521/582/923
f 3526/2528/925 3525/2531/925 3523/2529/924
f 3528/2530/926 3527/568/926 3525/2531/925
f 3530/2532/927 3529/2534/929 3527/568/926
f 3532/2533/928 3531/2536/928 3529/2534/929
f 3534/2535/930 3533/569/930 3531/2536/928
f 3536/2537/931 3535/2539/931 3533/569/930
f 3538/2538/932 3537/2541/932 3535/2539/931
f 3540/2540/933 3539/579/933 3537/2541/932
f 3542/2542/934 3541/2544/934 3539/579/933
f 3544/2543/935 3543/2546/935 3541/2544/934
f 3546/2545/936 3545/591/936 3543/2546/935
f 3548/2547/937 3547/2549/937 3545/591/936
f 3550/2548/938 3549/2551/938 3547/2549/937
f 3552/2550/939 3551/594/939 3549/2551/938
f 3554/2552/940 3553/2554/940 3551/594/939
f 3556/2553/941 3555/2556/941 3553/2554/940
f 3558/2555/942 3557/580/942 3555/2556/941
f 3560/2557/943 3559/2559/943 3557/580/942
f 3562/2558/944 3561/2561/946 3559/2559/943
f 3564/2560/945 3563/562/945 3561/2561/946
f 3566/2562/947 3565/2564/947 3563/562/945
f 3568/2563/948 3567/2566/948 3565/2564/947
f 3570/2565/949 3569/556/949 3567/2566/948
f 3572/2567/950 3571/2569/950 3569/556/949
f 3574/2568/951 3573/2571/951 3571/2569/950
f 3576/2570/592 3575/551/592 3573/2571/951
f 3578/2572/952 3577/2574/952 3575/551/592
f 3580/2573/953 3579/2576/955 3577/2574/952
f 3582/2575/954 3581/546/954 3579/2576/955
f 3584/2577/850 3583/2579/850 3581/546/954
f 3586/2578/956 3585/2580/956 3583/2579/850
f 3588/1996/957 3587/134/957 3585/2580/956
f 3590/2581/958 3589/2583/958 3587/134/957
f 3592/2582/959 3591/2585/959 3589/2583/958
f 3594/2584/960 3593/527/960 3591/2585/959
f 3596/2586/961 3595/2588/961 3593/527/960
f 3598/2587/962 3597/2590/962 3595/2588/961
f 3600/2589/963 3599/517/963 3597/2590/962
f 3602/2591/964 3601/2593/964 3599/517/963
f 3604/2592/965 3603/2595/965 3601/2593/964
f 3606/2594/966 3605/510/777 3603/2595/965
f 3608/2596/967 3607/2598/967 3605/510/777
f 3610/2597/968 3609/2600/970 3607/2598/967
f 3612/2599/969 3611/504/969 3609/2600/970
f 3614/2601/971 3613/2603/971 3611/504/969
f 3616/2602/972 3615/2605/974 3613/2603/971
f 3618/2604/973 3617/497/976 3615/2605/974
f 3620/2606/975 3619/2608/975 3617/497/976
f 3622/2607/977 3621/2610/977 3619/2608/975
f 3624/2609/978 3623/491/978 3621/2610/977
f 3626/2611/979 3625/2613/981 3623/491/978
f 3628/2612/980 3627/2615/980 3625/2613/981
f 3630/2614/982 3629/485/982 3627/2615/980
f 3632/2616/983 3631/2618/983 3629/485/982
f 3634/2617/984 3633/2620/984 3631/2618/983
f 3636/2619/985 3635/478/985 3633/2620/984
f 3638/2621/986 3637/2623/986 3635/478/985
f 3640/2622/987 3639/2625/987 3637/2623/986
f 3642/2624/988 3641/473/988 3639/2625/987
f 3644/2626/989 3643/2628/989 3641/473/988
f 3646/2627/990 3645/2630/990 3643/2628/989
f 3648/2629/991 3647/479/991 3645/2630/990
f 3650/2631/992 3649/2633/992 3647/479/991
f 3652/2632/993 3651/2635/993 3649/2633/992
f 3654/2634/994 3653/490/994 3651/2635/993
f 3656/2636/995 3655/2638/995 3653/490/994
f 3658/2637/996 3657/2640/996 3655/2638/995
f 3660/2639/997 3659/500/997 3657/2640/996
f 3662/2641/998 3661/2643/1000 3659/500/997
f 3664/2642/999 3663/2645/999 3661/2643/1000
f 3666/2644/1001 3665/511/1001 3663/2645/999
f 3668/2646/1002 3667/2648/1002 3665/511/1001
f 3670/2647/1003 3669/2650/1003 3667/2648/1002
f 3672/2649/1004 3671/520/1006 3669/2650/1003
f 3674/2651/1005 3673/2653/1005 3671/520/1006
f 3676/2652/1007 3675/2654/1007 3673/2653/1005
f 3408/1437/853 3407/49/853 3675/2654/1007
