# Blender 4.1.1
# www.blender.org
mtllib return.mtl
o 戻る
v -0.459124 0.079962 -0.100000
v -0.460115 0.079017 -0.100000
v -0.461442 0.078509 -0.100000
v -0.463048 0.078369 -0.100000
v -0.464879 0.078529 -0.100000
v -0.466878 0.078917 -0.100000
v -0.468989 0.079466 -0.100000
v -0.471155 0.080105 -0.100000
v -0.473322 0.080765 -0.100000
v -0.475433 0.081378 -0.100000
v -0.477432 0.081873 -0.100000
v -0.479263 0.082181 -0.100000
v -0.506645 0.083495 -0.100000
v -0.533641 0.083024 -0.100000
v -0.559896 0.080489 -0.100000
v -0.585054 0.075610 -0.100000
v -0.608762 0.068107 -0.100000
v -0.630664 0.057700 -0.100000
v -0.650406 0.044108 -0.100000
v -0.667634 0.027052 -0.100000
v -0.681992 0.006252 -0.100000
v -0.693125 -0.018572 -0.100000
v -0.700680 -0.047700 -0.100000
v -0.704301 -0.081413 -0.100000
v -0.701977 -0.122930 -0.100000
v -0.691788 -0.160024 -0.100000
v -0.674671 -0.192852 -0.100000
v -0.651562 -0.221568 -0.100000
v -0.623396 -0.246326 -0.100000
v -0.591110 -0.267281 -0.100000
v -0.555640 -0.284588 -0.100000
v -0.517921 -0.298401 -0.100000
v -0.478891 -0.308876 -0.100000
v -0.439484 -0.316166 -0.100000
v -0.400638 -0.320427 -0.100000
v -0.363287 -0.321813 -0.100000
v -0.339055 -0.320990 -0.100000
v -0.313627 -0.318435 -0.100000
v -0.287634 -0.314012 -0.100000
v -0.261706 -0.307590 -0.100000
v -0.236470 -0.299033 -0.100000
v -0.212558 -0.288210 -0.100000
v -0.190597 -0.274987 -0.100000
v -0.171218 -0.259231 -0.100000
v -0.155050 -0.240807 -0.100000
v -0.142722 -0.219584 -0.100000
v -0.134864 -0.195427 -0.100000
v -0.132104 -0.168203 -0.100000
v -0.134625 -0.146368 -0.100000
v -0.141769 -0.127229 -0.100000
v -0.152914 -0.110635 -0.100000
v -0.167435 -0.096433 -0.100000
v -0.184708 -0.084471 -0.100000
v -0.204109 -0.074597 -0.100000
v -0.225014 -0.066659 -0.100000
v -0.246800 -0.060505 -0.100000
v -0.268841 -0.055984 -0.100000
v -0.290515 -0.052942 -0.100000
v -0.311196 -0.051229 -0.100000
v -0.330261 -0.050691 -0.100000
v -0.353464 -0.050709 -0.100000
v -0.375391 -0.051029 -0.100000
v -0.395953 -0.052047 -0.100000
v -0.415059 -0.054162 -0.100000
v -0.432619 -0.057769 -0.100000
v -0.448541 -0.063268 -0.100000
v -0.462735 -0.071055 -0.100000
v -0.475110 -0.081527 -0.100000
v -0.485575 -0.095082 -0.100000
v -0.494041 -0.112117 -0.100000
v -0.500415 -0.133030 -0.100000
v -0.504608 -0.158218 -0.100000
v -0.509352 -0.155308 -0.100000
v -0.513949 -0.151643 -0.100000
v -0.518349 -0.147333 -0.100000
v -0.522501 -0.142487 -0.100000
v -0.526354 -0.137215 -0.100000
v -0.529858 -0.131624 -0.100000
v -0.532962 -0.125826 -0.100000
v -0.535615 -0.119929 -0.100000
v -0.537766 -0.114043 -0.100000
v -0.539366 -0.108277 -0.100000
v -0.540363 -0.102740 -0.100000
v -0.540707 -0.097542 -0.100000
v -0.539046 -0.082640 -0.100000
v -0.534335 -0.069718 -0.100000
v -0.526978 -0.058648 -0.100000
v -0.517381 -0.049297 -0.100000
v -0.505949 -0.041536 -0.100000
v -0.493088 -0.035234 -0.100000
v -0.479202 -0.030260 -0.100000
v -0.464698 -0.026483 -0.100000
v -0.449981 -0.023774 -0.100000
v -0.435455 -0.022000 -0.100000
v -0.421527 -0.021031 -0.100000
v -0.408602 -0.020737 -0.100000
v -0.393657 -0.020823 -0.100000
v -0.378773 -0.021100 -0.100000
v -0.363947 -0.021601 -0.100000
v -0.349178 -0.022359 -0.100000
v -0.334462 -0.023404 -0.100000
v -0.319797 -0.024770 -0.100000
v -0.305179 -0.026487 -0.100000
v -0.290607 -0.028588 -0.100000
v -0.276078 -0.031106 -0.100000
v -0.261588 -0.034072 -0.100000
v -0.247136 -0.037517 -0.100000
v -0.232719 -0.041475 -0.100000
v -0.226675 -0.043325 -0.100000
v -0.219125 -0.045713 -0.100000
v -0.210385 -0.048507 -0.100000
v -0.200774 -0.051573 -0.100000
v -0.190607 -0.054778 -0.100000
v -0.180204 -0.057988 -0.100000
v -0.169880 -0.061070 -0.100000
v -0.159953 -0.063890 -0.100000
v -0.150742 -0.066316 -0.100000
v -0.142562 -0.068214 -0.100000
v -0.135732 -0.069451 -0.100000
v -0.130568 -0.069892 -0.100000
v -0.123082 -0.069211 -0.100000
v -0.115673 -0.067254 -0.100000
v -0.108451 -0.064156 -0.100000
v -0.101525 -0.060050 -0.100000
v -0.095004 -0.055069 -0.100000
v -0.088998 -0.049347 -0.100000
v -0.083616 -0.043017 -0.100000
v -0.078967 -0.036212 -0.100000
v -0.075161 -0.029066 -0.100000
v -0.072307 -0.021712 -0.100000
v -0.070514 -0.014283 -0.100000
v -0.069892 -0.006912 -0.100000
v -0.070049 -0.003475 -0.100000
v -0.070508 -0.000085 -0.100000
v -0.071249 0.003240 -0.100000
v -0.072254 0.006486 -0.100000
v -0.073504 0.009635 -0.100000
v -0.074981 0.012673 -0.100000
v -0.076666 0.015582 -0.100000
v -0.078540 0.018348 -0.100000
v -0.080585 0.020953 -0.100000
v -0.082782 0.023383 -0.100000
v -0.085113 0.025620 -0.100000
v -0.087558 0.027650 -0.100000
v -0.092757 0.031190 -0.100000
v -0.097987 0.034534 -0.100000
v -0.103243 0.037706 -0.100000
v -0.108522 0.040735 -0.100000
v -0.113824 0.043646 -0.100000
v -0.119144 0.046467 -0.100000
v -0.124480 0.049224 -0.100000
v -0.129829 0.051943 -0.100000
v -0.135189 0.054651 -0.100000
v -0.140557 0.057376 -0.100000
v -0.145930 0.060143 -0.100000
v -0.151306 0.062980 -0.100000
v -0.159208 0.067543 -0.100000
v -0.171517 0.074398 -0.100000
v -0.187260 0.083081 -0.100000
v -0.205467 0.093133 -0.100000
v -0.225168 0.104092 -0.100000
v -0.245392 0.115495 -0.100000
v -0.265167 0.126883 -0.100000
v -0.283524 0.137794 -0.100000
v -0.299491 0.147765 -0.100000
v -0.312098 0.156337 -0.100000
v -0.320374 0.163047 -0.100000
v -0.323349 0.167435 -0.100000
v -0.322856 0.169536 -0.100000
v -0.321453 0.171250 -0.100000
v -0.319256 0.172607 -0.100000
v -0.316379 0.173636 -0.100000
v -0.312937 0.174366 -0.100000
v -0.309044 0.174827 -0.100000
v -0.304815 0.175048 -0.100000
v -0.300364 0.175058 -0.100000
v -0.295807 0.174887 -0.100000
v -0.291258 0.174564 -0.100000
v -0.286831 0.174118 -0.100000
v -0.282642 0.173579 -0.100000
v -0.272096 0.171941 -0.100000
v -0.261574 0.170137 -0.100000
v -0.251068 0.168227 -0.100000
v -0.240570 0.166268 -0.100000
v -0.230072 0.164321 -0.100000
v -0.219566 0.162442 -0.100000
v -0.209044 0.160692 -0.100000
v -0.198498 0.159128 -0.100000
v -0.187920 0.157810 -0.100000
v -0.177302 0.156796 -0.100000
v -0.166636 0.156144 -0.100000
v -0.155914 0.155914 -0.100000
v -0.149113 0.156403 -0.100000
v -0.142918 0.157841 -0.100000
v -0.137325 0.160186 -0.100000
v -0.132332 0.163395 -0.100000
v -0.127937 0.167426 -0.100000
v -0.124136 0.172235 -0.100000
v -0.120927 0.177780 -0.100000
v -0.118308 0.184019 -0.100000
v -0.116275 0.190908 -0.100000
v -0.114827 0.198406 -0.100000
v -0.113960 0.206468 -0.100000
v -0.113671 0.215054 -0.100000
v -0.113616 0.219599 -0.100000
v -0.113483 0.225046 -0.100000
v -0.113323 0.231207 -0.100000
v -0.113188 0.237896 -0.100000
v -0.113127 0.244927 -0.100000
v -0.113191 0.252112 -0.100000
v -0.113432 0.259265 -0.100000
v -0.113899 0.266200 -0.100000
v -0.114643 0.272729 -0.100000
v -0.115716 0.278667 -0.100000
v -0.117167 0.283825 -0.100000
v -0.119048 0.288018 -0.100000
v -0.126761 0.296302 -0.100000
v -0.138323 0.302508 -0.100000
v -0.153070 0.306896 -0.100000
v -0.170336 0.309723 -0.100000
v -0.189459 0.311249 -0.100000
v -0.209773 0.311732 -0.100000
v -0.230616 0.311431 -0.100000
v -0.251323 0.310605 -0.100000
v -0.271229 0.309512 -0.100000
v -0.289672 0.308411 -0.100000
v -0.305986 0.307561 -0.100000
v -0.319508 0.307220 -0.100000
v -0.332724 0.307219 -0.100000
v -0.345871 0.307213 -0.100000
v -0.358943 0.307196 -0.100000
v -0.371935 0.307163 -0.100000
v -0.384842 0.307109 -0.100000
v -0.397657 0.307028 -0.100000
v -0.410377 0.306915 -0.100000
v -0.422996 0.306765 -0.100000
v -0.435508 0.306572 -0.100000
v -0.447908 0.306331 -0.100000
v -0.460190 0.306037 -0.100000
v -0.472350 0.305684 -0.100000
v -0.484918 0.305216 -0.100000
v -0.497941 0.304503 -0.100000
v -0.511269 0.303427 -0.100000
v -0.524748 0.301872 -0.100000
v -0.538228 0.299719 -0.100000
v -0.551555 0.296851 -0.100000
v -0.564579 0.293151 -0.100000
v -0.577146 0.288502 -0.100000
v -0.589106 0.282786 -0.100000
v -0.600305 0.275886 -0.100000
v -0.610592 0.267685 -0.100000
v -0.619816 0.258065 -0.100000
v -0.622316 0.254768 -0.100000
v -0.624460 0.251408 -0.100000
v -0.626272 0.247984 -0.100000
v -0.627781 0.244496 -0.100000
v -0.629012 0.240943 -0.100000
v -0.629992 0.237327 -0.100000
v -0.630749 0.233647 -0.100000
v -0.631308 0.229903 -0.100000
v -0.631696 0.226094 -0.100000
v -0.631941 0.222222 -0.100000
v -0.632068 0.218286 -0.100000
v -0.632104 0.214286 -0.100000
v -0.630112 0.198776 -0.100000
v -0.624488 0.184808 -0.100000
v -0.615759 0.172259 -0.100000
v -0.604455 0.161006 -0.100000
v -0.591102 0.150926 -0.100000
v -0.576229 0.141897 -0.100000
v -0.560364 0.133796 -0.100000
v -0.544035 0.126501 -0.100000
v -0.527770 0.119888 -0.100000
v -0.512097 0.113835 -0.100000
v -0.497544 0.108219 -0.100000
v -0.484639 0.102919 -0.100000
v -0.481632 0.101234 -0.100000
v -0.478438 0.099939 -0.100000
v -0.475158 0.098910 -0.100000
v -0.471895 0.098026 -0.100000
v -0.468749 0.097163 -0.100000
v -0.465822 0.096198 -0.100000
v -0.463215 0.095010 -0.100000
v -0.461029 0.093474 -0.100000
v -0.459365 0.091470 -0.100000
v -0.458326 0.088873 -0.100000
v -0.458012 0.085562 -0.100000
v -0.458525 0.081413 -0.100000
v -0.312486 -0.149903 -0.100000
v -0.307618 -0.150328 -0.100000
v -0.302707 -0.151078 -0.100000
v -0.297861 -0.152188 -0.100000
v -0.293185 -0.153692 -0.100000
v -0.288786 -0.155626 -0.100000
v -0.284772 -0.158024 -0.100000
v -0.281248 -0.160921 -0.100000
v -0.278322 -0.164351 -0.100000
v -0.276099 -0.168349 -0.100000
v -0.274688 -0.172949 -0.100000
v -0.274194 -0.178187 -0.100000
v -0.275368 -0.183884 -0.100000
v -0.278660 -0.189072 -0.100000
v -0.283722 -0.193752 -0.100000
v -0.290209 -0.197929 -0.100000
v -0.297773 -0.201604 -0.100000
v -0.306068 -0.204781 -0.100000
v -0.314746 -0.207462 -0.100000
v -0.323462 -0.209649 -0.100000
v -0.331869 -0.211346 -0.100000
v -0.339620 -0.212554 -0.100000
v -0.346368 -0.213277 -0.100000
v -0.351767 -0.213518 -0.100000
v -0.356269 -0.213146 -0.100000
v -0.360197 -0.212078 -0.100000
v -0.363587 -0.210385 -0.100000
v -0.366473 -0.208141 -0.100000
v -0.368890 -0.205417 -0.100000
v -0.370872 -0.202285 -0.100000
v -0.372454 -0.198817 -0.100000
v -0.373670 -0.195084 -0.100000
v -0.374556 -0.191160 -0.100000
v -0.375146 -0.187116 -0.100000
v -0.375474 -0.183024 -0.100000
v -0.375576 -0.178955 -0.100000
v -0.375172 -0.174025 -0.100000
v -0.374012 -0.169593 -0.100000
v -0.372168 -0.165647 -0.100000
v -0.369716 -0.162172 -0.100000
v -0.366731 -0.159156 -0.100000
v -0.363287 -0.156586 -0.100000
v -0.359459 -0.154448 -0.100000
v -0.355322 -0.152728 -0.100000
v -0.350950 -0.151414 -0.100000
v -0.346419 -0.150491 -0.100000
v -0.341801 -0.149948 -0.100000
v -0.337174 -0.149770 -0.100000
v -0.317204 -0.149770 -0.100000
v 0.059414 -0.138691 -0.100000
v 0.066323 -0.141591 -0.100000
v 0.073637 -0.143937 -0.100000
v 0.081271 -0.145787 -0.100000
v 0.089140 -0.147200 -0.100000
v 0.097158 -0.148233 -0.100000
v 0.105241 -0.148947 -0.100000
v 0.113301 -0.149400 -0.100000
v 0.121256 -0.149650 -0.100000
v 0.129018 -0.149755 -0.100000
v 0.136503 -0.149776 -0.100000
v 0.143625 -0.149770 -0.100000
v 0.147521 -0.149822 -0.100000
v 0.152515 -0.149994 -0.100000
v 0.158362 -0.150310 -0.100000
v 0.164818 -0.150794 -0.100000
v 0.171636 -0.151470 -0.100000
v 0.178571 -0.152362 -0.100000
v 0.185379 -0.153494 -0.100000
v 0.191813 -0.154890 -0.100000
v 0.197629 -0.156574 -0.100000
v 0.202580 -0.158570 -0.100000
v 0.206422 -0.160902 -0.100000
v 0.208909 -0.163594 -0.100000
v 0.205887 -0.171535 -0.100000
v 0.197531 -0.178283 -0.100000
v 0.184908 -0.184152 -0.100000
v 0.169085 -0.189452 -0.100000
v 0.151128 -0.194496 -0.100000
v 0.132104 -0.199597 -0.100000
v 0.113081 -0.205065 -0.100000
v 0.095124 -0.211214 -0.100000
v 0.079301 -0.218354 -0.100000
v 0.066678 -0.226799 -0.100000
v 0.058322 -0.236859 -0.100000
v 0.055300 -0.248848 -0.100000
v 0.056101 -0.255815 -0.100000
v 0.058386 -0.263491 -0.100000
v 0.061972 -0.271625 -0.100000
v 0.066678 -0.279968 -0.100000
v 0.072323 -0.288268 -0.100000
v 0.078725 -0.296275 -0.100000
v 0.085703 -0.303738 -0.100000
v 0.093076 -0.310406 -0.100000
v 0.100662 -0.316028 -0.100000
v 0.108281 -0.320355 -0.100000
v 0.115750 -0.323134 -0.100000
v 0.122888 -0.324117 -0.100000
v 0.139821 -0.322711 -0.100000
v 0.157102 -0.318826 -0.100000
v 0.174563 -0.312956 -0.100000
v 0.192041 -0.305598 -0.100000
v 0.209369 -0.297248 -0.100000
v 0.226383 -0.288402 -0.100000
v 0.242916 -0.279557 -0.100000
v 0.258804 -0.271207 -0.100000
v 0.273882 -0.263849 -0.100000
v 0.287983 -0.257979 -0.100000
v 0.300943 -0.254094 -0.100000
v 0.312596 -0.252688 -0.100000
v 0.331128 -0.254290 -0.100000
v 0.349484 -0.258719 -0.100000
v 0.367680 -0.265409 -0.100000
v 0.385731 -0.273795 -0.100000
v 0.403655 -0.283312 -0.100000
v 0.421467 -0.293395 -0.100000
v 0.439183 -0.303477 -0.100000
v 0.456819 -0.312994 -0.100000
v 0.474390 -0.321381 -0.100000
v 0.491914 -0.328071 -0.100000
v 0.509406 -0.332500 -0.100000
v 0.526882 -0.334101 -0.100000
v 0.535223 -0.333484 -0.100000
v 0.542662 -0.331726 -0.100000
v 0.549323 -0.328965 -0.100000
v 0.555328 -0.325340 -0.100000
v 0.560799 -0.320989 -0.100000
v 0.565860 -0.316052 -0.100000
v 0.570633 -0.310667 -0.100000
v 0.575240 -0.304972 -0.100000
v 0.579805 -0.299107 -0.100000
v 0.584450 -0.293210 -0.100000
v 0.589297 -0.287419 -0.100000
v 0.594470 -0.281874 -0.100000
v 0.598310 -0.281106 -0.100000
v 0.603279 -0.281892 -0.100000
v 0.607527 -0.284064 -0.100000
v 0.611199 -0.287346 -0.100000
v 0.614439 -0.291460 -0.100000
v 0.617392 -0.296129 -0.100000
v 0.620200 -0.301075 -0.100000
v 0.623008 -0.306021 -0.100000
v 0.625960 -0.310690 -0.100000
v 0.629200 -0.314804 -0.100000
v 0.632873 -0.318086 -0.100000
v 0.637121 -0.320259 -0.100000
v 0.642089 -0.321045 -0.100000
v 0.648672 -0.319626 -0.100000
v 0.656991 -0.315647 -0.100000
v 0.666607 -0.309524 -0.100000
v 0.677078 -0.301673 -0.100000
v 0.687965 -0.292509 -0.100000
v 0.698829 -0.282450 -0.100000
v 0.709228 -0.271911 -0.100000
v 0.718723 -0.261307 -0.100000
v 0.726875 -0.251056 -0.100000
v 0.733242 -0.241573 -0.100000
v 0.737385 -0.233274 -0.100000
v 0.738863 -0.226574 -0.100000
v 0.738725 -0.223513 -0.100000
v 0.738333 -0.220131 -0.100000
v 0.737723 -0.216494 -0.100000
v 0.736929 -0.212664 -0.100000
v 0.735985 -0.208707 -0.100000
v 0.734927 -0.204685 -0.100000
v 0.733789 -0.200664 -0.100000
v 0.732605 -0.196706 -0.100000
v 0.731411 -0.192876 -0.100000
v 0.730241 -0.189239 -0.100000
v 0.729129 -0.185857 -0.100000
v 0.728111 -0.182796 -0.100000
v 0.725573 -0.174215 -0.100000
v 0.722980 -0.165735 -0.100000
v 0.720370 -0.157330 -0.100000
v 0.717785 -0.148973 -0.100000
v 0.715263 -0.140637 -0.100000
v 0.712846 -0.132296 -0.100000
v 0.710572 -0.123923 -0.100000
v 0.708483 -0.115492 -0.100000
v 0.706617 -0.106975 -0.100000
v 0.705016 -0.098346 -0.100000
v 0.703718 -0.089578 -0.100000
v 0.702765 -0.080645 -0.100000
v 0.701323 -0.062788 -0.100000
v 0.700063 -0.044931 -0.100000
v 0.698973 -0.027074 -0.100000
v 0.698043 -0.009217 -0.100000
v 0.697262 0.008641 -0.100000
v 0.696621 0.026498 -0.100000
v 0.696107 0.044355 -0.100000
v 0.695710 0.062212 -0.100000
v 0.695421 0.080069 -0.100000
v 0.695227 0.097926 -0.100000
v 0.695118 0.115783 -0.100000
v 0.695085 0.133641 -0.100000
v 0.695021 0.136121 -0.100000
v 0.694832 0.138569 -0.100000
v 0.694521 0.140985 -0.100000
v 0.694089 0.143369 -0.100000
v 0.693540 0.145721 -0.100000
v 0.692876 0.148041 -0.100000
v 0.692101 0.150330 -0.100000
v 0.691216 0.152586 -0.100000
v 0.690224 0.154810 -0.100000
v 0.689129 0.157002 -0.100000
v 0.687932 0.159162 -0.100000
v 0.686636 0.161290 -0.100000
v 0.685259 0.163324 -0.100000
v 0.683813 0.165205 -0.100000
v 0.682292 0.166943 -0.100000
v 0.680691 0.168544 -0.100000
v 0.679004 0.170018 -0.100000
v 0.677227 0.171371 -0.100000
v 0.675354 0.172612 -0.100000
v 0.673380 0.173750 -0.100000
v 0.671299 0.174791 -0.100000
v 0.669106 0.175745 -0.100000
v 0.666796 0.176618 -0.100000
v 0.664363 0.177419 -0.100000
v 0.648415 0.181493 -0.100000
v 0.631767 0.184919 -0.100000
v 0.614547 0.187752 -0.100000
v 0.596888 0.190050 -0.100000
v 0.578919 0.191867 -0.100000
v 0.560772 0.193260 -0.100000
v 0.542576 0.194286 -0.100000
v 0.524464 0.194999 -0.100000
v 0.506564 0.195457 -0.100000
v 0.489009 0.195714 -0.100000
v 0.471928 0.195827 -0.100000
v 0.455453 0.195853 -0.100000
v 0.445085 0.195807 -0.100000
v 0.434716 0.195682 -0.100000
v 0.424347 0.195493 -0.100000
v 0.413979 0.195255 -0.100000
v 0.403610 0.194986 -0.100000
v 0.393241 0.194700 -0.100000
v 0.382873 0.194415 -0.100000
v 0.372504 0.194146 -0.100000
v 0.362135 0.193908 -0.100000
v 0.351767 0.193719 -0.100000
v 0.341398 0.193594 -0.100000
v 0.331029 0.193548 -0.100000
v 0.314685 0.193635 -0.100000
v 0.294302 0.193730 -0.100000
v 0.270797 0.193584 -0.100000
v 0.245093 0.192951 -0.100000
v 0.218109 0.191582 -0.100000
v 0.190764 0.189228 -0.100000
v 0.163980 0.185643 -0.100000
v 0.138676 0.180577 -0.100000
v 0.115771 0.173783 -0.100000
v 0.096188 0.165013 -0.100000
v 0.080844 0.154019 -0.100000
v 0.070661 0.140553 -0.100000
v 0.068190 0.135115 -0.100000
v 0.066130 0.129562 -0.100000
v 0.064444 0.123908 -0.100000
v 0.063094 0.118166 -0.100000
v 0.062042 0.112349 -0.100000
v 0.061252 0.106471 -0.100000
v 0.060686 0.100545 -0.100000
v 0.060306 0.094584 -0.100000
v 0.060076 0.088602 -0.100000
v 0.059958 0.082612 -0.100000
v 0.059914 0.076627 -0.100000
v 0.059908 0.070661 -0.100000
v 0.060127 0.057039 -0.100000
v 0.060893 0.044252 -0.100000
v 0.062368 0.032366 -0.100000
v 0.064715 0.021448 -0.100000
v 0.068097 0.011566 -0.100000
v 0.072677 0.002784 -0.100000
v 0.078616 -0.004829 -0.100000
v 0.086078 -0.011208 -0.100000
v 0.095226 -0.016285 -0.100000
v 0.106222 -0.019994 -0.100000
v 0.119229 -0.022269 -0.100000
v 0.134409 -0.023041 -0.100000
v 0.140169 -0.023011 -0.100000
v 0.145929 -0.022928 -0.100000
v 0.151690 -0.022801 -0.100000
v 0.157450 -0.022643 -0.100000
v 0.163210 -0.022464 -0.100000
v 0.168971 -0.022273 -0.100000
v 0.174731 -0.022083 -0.100000
v 0.180492 -0.021904 -0.100000
v 0.186252 -0.021745 -0.100000
v 0.192012 -0.021619 -0.100000
v 0.197773 -0.021536 -0.100000
v 0.203533 -0.021505 -0.100000
v 0.206744 -0.021485 -0.100000
v 0.210851 -0.021473 -0.100000
v 0.215630 -0.021541 -0.100000
v 0.220857 -0.021761 -0.100000
v 0.226308 -0.022205 -0.100000
v 0.231759 -0.022945 -0.100000
v 0.236986 -0.024054 -0.100000
v 0.241765 -0.025602 -0.100000
v 0.245872 -0.027662 -0.100000
v 0.249083 -0.030306 -0.100000
v 0.251173 -0.033606 -0.100000
v 0.251920 -0.037634 -0.100000
v 0.250372 -0.041310 -0.100000
v 0.246060 -0.044316 -0.100000
v 0.239487 -0.046719 -0.100000
v 0.231154 -0.048586 -0.100000
v 0.221563 -0.049984 -0.100000
v 0.211214 -0.050979 -0.100000
v 0.200608 -0.051638 -0.100000
v 0.190249 -0.052028 -0.100000
v 0.180636 -0.052215 -0.100000
v 0.172271 -0.052266 -0.100000
v 0.165655 -0.052248 -0.100000
v 0.161290 -0.052227 -0.100000
v 0.155146 -0.052197 -0.100000
v 0.149002 -0.052114 -0.100000
v 0.142857 -0.051987 -0.100000
v 0.136713 -0.051829 -0.100000
v 0.130568 -0.051650 -0.100000
v 0.124424 -0.051459 -0.100000
v 0.118280 -0.051269 -0.100000
v 0.112135 -0.051089 -0.100000
v 0.105991 -0.050931 -0.100000
v 0.099846 -0.050805 -0.100000
v 0.093702 -0.050721 -0.100000
v 0.087558 -0.050691 -0.100000
v 0.077848 -0.050926 -0.100000
v 0.069402 -0.051676 -0.100000
v 0.062140 -0.053007 -0.100000
v 0.055982 -0.054987 -0.100000
v 0.050849 -0.057681 -0.100000
v 0.046659 -0.061156 -0.100000
v 0.043333 -0.065479 -0.100000
v 0.040792 -0.070717 -0.100000
v 0.038955 -0.076937 -0.100000
v 0.037741 -0.084204 -0.100000
v 0.037072 -0.092587 -0.100000
v 0.036866 -0.102151 -0.100000
v 0.036949 -0.105558 -0.100000
v 0.037208 -0.108864 -0.100000
v 0.037658 -0.112063 -0.100000
v 0.038317 -0.115150 -0.100000
v 0.039200 -0.118120 -0.100000
v 0.040323 -0.120968 -0.100000
v 0.041701 -0.123687 -0.100000
v 0.043352 -0.126273 -0.100000
v 0.045291 -0.128720 -0.100000
v 0.047534 -0.131023 -0.100000
v 0.050097 -0.133177 -0.100000
v 0.052995 -0.135177 -0.100000
v 0.279170 0.101352 -0.100000
v 0.283350 0.101269 -0.100000
v 0.287502 0.101142 -0.100000
v 0.291631 0.100984 -0.100000
v 0.295739 0.100805 -0.100000
v 0.299827 0.100614 -0.100000
v 0.303900 0.100424 -0.100000
v 0.307959 0.100245 -0.100000
v 0.312008 0.100086 -0.100000
v 0.316049 0.099960 -0.100000
v 0.320084 0.099877 -0.100000
v 0.324117 0.099846 -0.100000
v 0.334677 0.099877 -0.100000
v 0.345238 0.099960 -0.100000
v 0.355799 0.100086 -0.100000
v 0.366359 0.100245 -0.100000
v 0.376920 0.100424 -0.100000
v 0.387481 0.100614 -0.100000
v 0.398041 0.100805 -0.100000
v 0.408602 0.100984 -0.100000
v 0.419163 0.101142 -0.100000
v 0.429724 0.101269 -0.100000
v 0.440284 0.101352 -0.100000
v 0.450845 0.101382 -0.100000
v 0.457268 0.101363 -0.100000
v 0.464855 0.101294 -0.100000
v 0.473358 0.101154 -0.100000
v 0.482534 0.100927 -0.100000
v 0.492136 0.100594 -0.100000
v 0.501920 0.100134 -0.100000
v 0.511640 0.099531 -0.100000
v 0.521050 0.098765 -0.100000
v 0.529906 0.097818 -0.100000
v 0.537962 0.096671 -0.100000
v 0.544972 0.095305 -0.100000
v 0.550691 0.093702 -0.100000
v 0.551987 0.093270 -0.100000
v 0.553184 0.092745 -0.100000
v 0.554280 0.092130 -0.100000
v 0.555271 0.091426 -0.100000
v 0.556156 0.090637 -0.100000
v 0.556932 0.089766 -0.100000
v 0.557595 0.088814 -0.100000
v 0.558144 0.087785 -0.100000
v 0.558576 0.086682 -0.100000
v 0.558887 0.085506 -0.100000
v 0.559076 0.084261 -0.100000
v 0.559140 0.082949 -0.100000
v 0.557984 0.078714 -0.100000
v 0.554759 0.075183 -0.100000
v 0.549827 0.072293 -0.100000
v 0.543551 0.069978 -0.100000
v 0.536294 0.068175 -0.100000
v 0.528418 0.066820 -0.100000
v 0.520286 0.065850 -0.100000
v 0.512260 0.065199 -0.100000
v 0.504704 0.064804 -0.100000
v 0.497980 0.064601 -0.100000
v 0.492451 0.064527 -0.100000
v 0.488479 0.064516 -0.100000
v 0.469278 0.064546 -0.100000
v 0.450077 0.064630 -0.100000
v 0.430876 0.064756 -0.100000
v 0.411674 0.064914 -0.100000
v 0.392473 0.065094 -0.100000
v 0.373272 0.065284 -0.100000
v 0.354071 0.065474 -0.100000
v 0.334869 0.065654 -0.100000
v 0.315668 0.065812 -0.100000
v 0.296467 0.065938 -0.100000
v 0.277266 0.066022 -0.100000
v 0.258065 0.066052 -0.100000
v 0.254612 0.066061 -0.100000
v 0.249836 0.066123 -0.100000
v 0.244048 0.066292 -0.100000
v 0.237555 0.066621 -0.100000
v 0.230667 0.067163 -0.100000
v 0.223694 0.067972 -0.100000
v 0.216945 0.069101 -0.100000
v 0.210730 0.070604 -0.100000
v 0.205357 0.072533 -0.100000
v 0.201136 0.074942 -0.100000
v 0.198377 0.077884 -0.100000
v 0.197389 0.081413 -0.100000
v 0.198666 0.085840 -0.100000
v 0.202228 0.089560 -0.100000
v 0.207673 0.092634 -0.100000
v 0.214599 0.095124 -0.100000
v 0.222601 0.097092 -0.100000
v 0.231279 0.098598 -0.100000
v 0.240228 0.099705 -0.100000
v 0.249047 0.100472 -0.100000
v 0.257332 0.100962 -0.100000
v 0.264682 0.101237 -0.100000
v 0.270692 0.101356 -0.100000
v 0.274962 0.101382 -0.100000
v 0.427881 -0.052942 -0.100000
v 0.424713 -0.052757 -0.100000
v 0.421455 -0.052407 -0.100000
v 0.418189 -0.051858 -0.100000
v 0.414997 -0.051073 -0.100000
v 0.411962 -0.050019 -0.100000
v 0.409168 -0.048661 -0.100000
v 0.406696 -0.046965 -0.100000
v 0.404630 -0.044895 -0.100000
v 0.403052 -0.042417 -0.100000
v 0.402044 -0.039496 -0.100000
v 0.401690 -0.036098 -0.100000
v 0.402572 -0.032599 -0.100000
v 0.405032 -0.029741 -0.100000
v 0.408794 -0.027458 -0.100000
v 0.413580 -0.025687 -0.100000
v 0.419113 -0.024364 -0.100000
v 0.425115 -0.023425 -0.100000
v 0.431309 -0.022807 -0.100000
v 0.437418 -0.022444 -0.100000
v 0.443164 -0.022273 -0.100000
v 0.448270 -0.022231 -0.100000
v 0.452459 -0.022252 -0.100000
v 0.455453 -0.022273 -0.100000
v 0.459485 -0.022228 -0.100000
v 0.463518 -0.022103 -0.100000
v 0.467550 -0.021913 -0.100000
v 0.471582 -0.021676 -0.100000
v 0.475614 -0.021407 -0.100000
v 0.479647 -0.021121 -0.100000
v 0.483679 -0.020836 -0.100000
v 0.487711 -0.020567 -0.100000
v 0.491744 -0.020329 -0.100000
v 0.495776 -0.020140 -0.100000
v 0.499808 -0.020015 -0.100000
v 0.503840 -0.019969 -0.100000
v 0.507863 -0.019981 -0.100000
v 0.512851 -0.020062 -0.100000
v 0.518553 -0.020281 -0.100000
v 0.524720 -0.020709 -0.100000
v 0.531100 -0.021414 -0.100000
v 0.537442 -0.022465 -0.100000
v 0.543497 -0.023933 -0.100000
v 0.549013 -0.025886 -0.100000
v 0.553739 -0.028394 -0.100000
v 0.557426 -0.031526 -0.100000
v 0.559822 -0.035351 -0.100000
v 0.560676 -0.039939 -0.100000
v 0.559795 -0.042616 -0.100000
v 0.557337 -0.044906 -0.100000
v 0.553583 -0.046839 -0.100000
v 0.548814 -0.048444 -0.100000
v 0.543308 -0.049750 -0.100000
v 0.537346 -0.050787 -0.100000
v 0.531209 -0.051584 -0.100000
v 0.525175 -0.052170 -0.100000
v 0.519525 -0.052575 -0.100000
v 0.514540 -0.052828 -0.100000
v 0.510498 -0.052958 -0.100000
v 0.507681 -0.052995 -0.100000
v 0.430876 -0.052995 -0.100000
v 0.534509 -0.151597 -0.100000
v 0.541628 -0.152483 -0.100000
v 0.548207 -0.153982 -0.100000
v 0.554219 -0.156113 -0.100000
v 0.559633 -0.158895 -0.100000
v 0.564420 -0.162346 -0.100000
v 0.568552 -0.166486 -0.100000
v 0.571998 -0.171332 -0.100000
v 0.574729 -0.176903 -0.100000
v 0.576716 -0.183219 -0.100000
v 0.577930 -0.190297 -0.100000
v 0.578341 -0.198157 -0.100000
v 0.578170 -0.200410 -0.100000
v 0.577676 -0.202552 -0.100000
v 0.576889 -0.204565 -0.100000
v 0.575838 -0.206435 -0.100000
v 0.574552 -0.208144 -0.100000
v 0.573061 -0.209677 -0.100000
v 0.571393 -0.211019 -0.100000
v 0.569580 -0.212152 -0.100000
v 0.567648 -0.213062 -0.100000
v 0.565629 -0.213731 -0.100000
v 0.563551 -0.214144 -0.100000
v 0.561444 -0.214286 -0.100000
v 0.556117 -0.213717 -0.100000
v 0.548202 -0.212106 -0.100000
v 0.538283 -0.209593 -0.100000
v 0.526939 -0.206321 -0.100000
v 0.514752 -0.202429 -0.100000
v 0.502304 -0.198061 -0.100000
v 0.490176 -0.193356 -0.100000
v 0.478950 -0.188456 -0.100000
v 0.469206 -0.183504 -0.100000
v 0.461526 -0.178639 -0.100000
v 0.456492 -0.174004 -0.100000
v 0.454685 -0.169739 -0.100000
v 0.455523 -0.165827 -0.100000
v 0.457871 -0.162506 -0.100000
v 0.461478 -0.159730 -0.100000
v 0.466092 -0.157450 -0.100000
v 0.471464 -0.155618 -0.100000
v 0.477343 -0.154186 -0.100000
v 0.483477 -0.153106 -0.100000
v 0.489617 -0.152330 -0.100000
v 0.495512 -0.151810 -0.100000
v 0.500910 -0.151498 -0.100000
v 0.505562 -0.151346 -0.100000
v 0.509217 -0.151306 -0.100000
v 0.526882 -0.151306 -0.100000
v 0.320261 0.327204 -0.100000
v 0.315611 0.327246 -0.100000
v 0.310940 0.327309 -0.100000
v 0.306253 0.327388 -0.100000
v 0.301554 0.327478 -0.100000
v 0.296851 0.327573 -0.100000
v 0.292148 0.327668 -0.100000
v 0.287450 0.327758 -0.100000
v 0.282762 0.327837 -0.100000
v 0.278091 0.327900 -0.100000
v 0.273441 0.327942 -0.100000
v 0.268817 0.327957 -0.100000
v 0.253564 0.327884 -0.100000
v 0.234223 0.327498 -0.100000
v 0.211826 0.326553 -0.100000
v 0.187404 0.324800 -0.100000
v 0.161990 0.321990 -0.100000
v 0.136617 0.317876 -0.100000
v 0.112315 0.312211 -0.100000
v 0.090118 0.304745 -0.100000
v 0.071057 0.295231 -0.100000
v 0.056164 0.283421 -0.100000
v 0.046471 0.269067 -0.100000
v 0.043011 0.251920 -0.100000
v 0.044068 0.243773 -0.100000
v 0.047054 0.236922 -0.100000
v 0.051687 0.231255 -0.100000
v 0.057689 0.226660 -0.100000
v 0.064779 0.223025 -0.100000
v 0.072677 0.220238 -0.100000
v 0.081103 0.218187 -0.100000
v 0.089776 0.216761 -0.100000
v 0.098418 0.215846 -0.100000
v 0.106748 0.215331 -0.100000
v 0.114486 0.215104 -0.100000
v 0.121352 0.215054 -0.100000
v 0.143256 0.215054 -0.100000
v 0.165188 0.215057 -0.100000
v 0.187140 0.215066 -0.100000
v 0.209109 0.215082 -0.100000
v 0.231088 0.215109 -0.100000
v 0.253072 0.215150 -0.100000
v 0.275057 0.215206 -0.100000
v 0.297036 0.215281 -0.100000
v 0.319004 0.215378 -0.100000
v 0.340957 0.215498 -0.100000
v 0.362888 0.215645 -0.100000
v 0.384793 0.215822 -0.100000
v 0.406859 0.215998 -0.100000
v 0.428899 0.216145 -0.100000
v 0.450917 0.216266 -0.100000
v 0.472919 0.216362 -0.100000
v 0.494911 0.216437 -0.100000
v 0.516897 0.216494 -0.100000
v 0.538883 0.216534 -0.100000
v 0.560875 0.216561 -0.100000
v 0.582877 0.216578 -0.100000
v 0.604896 0.216586 -0.100000
v 0.626935 0.216589 -0.100000
v 0.649002 0.216590 -0.100000
v 0.652665 0.216607 -0.100000
v 0.656351 0.216665 -0.100000
v 0.660054 0.216770 -0.100000
v 0.663765 0.216931 -0.100000
v 0.667476 0.217157 -0.100000
v 0.671179 0.217454 -0.100000
v 0.674866 0.217831 -0.100000
v 0.678529 0.218297 -0.100000
v 0.682160 0.218858 -0.100000
v 0.685751 0.219523 -0.100000
v 0.689294 0.220301 -0.100000
v 0.692780 0.221198 -0.100000
v 0.696082 0.222240 -0.100000
v 0.699419 0.223456 -0.100000
v 0.702729 0.224858 -0.100000
v 0.705951 0.226461 -0.100000
v 0.709024 0.228276 -0.100000
v 0.711886 0.230319 -0.100000
v 0.714476 0.232601 -0.100000
v 0.716732 0.235137 -0.100000
v 0.718594 0.237939 -0.100000
v 0.720000 0.241022 -0.100000
v 0.720888 0.244397 -0.100000
v 0.721198 0.248080 -0.100000
v 0.721148 0.251933 -0.100000
v 0.720985 0.255803 -0.100000
v 0.720694 0.259673 -0.100000
v 0.720260 0.263526 -0.100000
v 0.719665 0.267348 -0.100000
v 0.718894 0.271121 -0.100000
v 0.717931 0.274831 -0.100000
v 0.716761 0.278461 -0.100000
v 0.715366 0.281994 -0.100000
v 0.713731 0.285416 -0.100000
v 0.711840 0.288709 -0.100000
v 0.709677 0.291859 -0.100000
v 0.700248 0.299492 -0.100000
v 0.685313 0.305943 -0.100000
v 0.665899 0.311312 -0.100000
v 0.643028 0.315697 -0.100000
v 0.617725 0.319196 -0.100000
v 0.591014 0.321909 -0.100000
v 0.563919 0.323933 -0.100000
v 0.537464 0.325368 -0.100000
v 0.512673 0.326313 -0.100000
v 0.490570 0.326865 -0.100000
v 0.472180 0.327124 -0.100000
v 0.458525 0.327189 -0.100000
v 0.324885 0.327189 -0.100000
v -0.459124 0.079962 0.100000
v -0.460115 0.079017 0.100000
v -0.461442 0.078509 0.100000
v -0.463048 0.078369 0.100000
v -0.464879 0.078529 0.100000
v -0.466878 0.078917 0.100000
v -0.468989 0.079466 0.100000
v -0.471155 0.080105 0.100000
v -0.473322 0.080765 0.100000
v -0.475433 0.081378 0.100000
v -0.477432 0.081873 0.100000
v -0.479263 0.082181 0.100000
v -0.506645 0.083495 0.100000
v -0.533641 0.083024 0.100000
v -0.559896 0.080489 0.100000
v -0.585054 0.075610 0.100000
v -0.608762 0.068107 0.100000
v -0.630664 0.057700 0.100000
v -0.650406 0.044108 0.100000
v -0.667634 0.027052 0.100000
v -0.681992 0.006252 0.100000
v -0.693125 -0.018572 0.100000
v -0.700680 -0.047700 0.100000
v -0.704301 -0.081413 0.100000
v -0.701977 -0.122930 0.100000
v -0.691788 -0.160024 0.100000
v -0.674671 -0.192852 0.100000
v -0.651562 -0.221568 0.100000
v -0.623396 -0.246326 0.100000
v -0.591110 -0.267281 0.100000
v -0.555640 -0.284588 0.100000
v -0.517921 -0.298401 0.100000
v -0.478891 -0.308876 0.100000
v -0.439484 -0.316166 0.100000
v -0.400638 -0.320427 0.100000
v -0.363287 -0.321813 0.100000
v -0.339055 -0.320990 0.100000
v -0.313627 -0.318435 0.100000
v -0.287634 -0.314012 0.100000
v -0.261706 -0.307590 0.100000
v -0.236470 -0.299033 0.100000
v -0.212558 -0.288210 0.100000
v -0.190597 -0.274987 0.100000
v -0.171218 -0.259231 0.100000
v -0.155050 -0.240807 0.100000
v -0.142722 -0.219584 0.100000
v -0.134864 -0.195427 0.100000
v -0.132104 -0.168203 0.100000
v -0.134625 -0.146368 0.100000
v -0.141769 -0.127229 0.100000
v -0.152914 -0.110635 0.100000
v -0.167435 -0.096433 0.100000
v -0.184708 -0.084471 0.100000
v -0.204109 -0.074597 0.100000
v -0.225014 -0.066659 0.100000
v -0.246800 -0.060505 0.100000
v -0.268841 -0.055984 0.100000
v -0.290515 -0.052942 0.100000
v -0.311196 -0.051229 0.100000
v -0.330261 -0.050691 0.100000
v -0.353464 -0.050709 0.100000
v -0.375391 -0.051029 0.100000
v -0.395953 -0.052047 0.100000
v -0.415059 -0.054162 0.100000
v -0.432619 -0.057769 0.100000
v -0.448541 -0.063268 0.100000
v -0.462735 -0.071055 0.100000
v -0.475110 -0.081527 0.100000
v -0.485575 -0.095082 0.100000
v -0.494041 -0.112117 0.100000
v -0.500415 -0.133030 0.100000
v -0.504608 -0.158218 0.100000
v -0.509352 -0.155308 0.100000
v -0.513949 -0.151643 0.100000
v -0.518349 -0.147333 0.100000
v -0.522501 -0.142487 0.100000
v -0.526354 -0.137215 0.100000
v -0.529858 -0.131624 0.100000
v -0.532962 -0.125826 0.100000
v -0.535615 -0.119929 0.100000
v -0.537766 -0.114043 0.100000
v -0.539366 -0.108277 0.100000
v -0.540363 -0.102740 0.100000
v -0.540707 -0.097542 0.100000
v -0.539046 -0.082640 0.100000
v -0.534335 -0.069718 0.100000
v -0.526978 -0.058648 0.100000
v -0.517381 -0.049297 0.100000
v -0.505949 -0.041536 0.100000
v -0.493088 -0.035234 0.100000
v -0.479202 -0.030260 0.100000
v -0.464698 -0.026483 0.100000
v -0.449981 -0.023774 0.100000
v -0.435455 -0.022000 0.100000
v -0.421527 -0.021031 0.100000
v -0.408602 -0.020737 0.100000
v -0.393657 -0.020823 0.100000
v -0.378773 -0.021100 0.100000
v -0.363947 -0.021601 0.100000
v -0.349178 -0.022359 0.100000
v -0.334462 -0.023404 0.100000
v -0.319797 -0.024770 0.100000
v -0.305179 -0.026487 0.100000
v -0.290607 -0.028588 0.100000
v -0.276078 -0.031106 0.100000
v -0.261588 -0.034072 0.100000
v -0.247136 -0.037517 0.100000
v -0.232719 -0.041475 0.100000
v -0.226675 -0.043325 0.100000
v -0.219125 -0.045713 0.100000
v -0.210385 -0.048507 0.100000
v -0.200774 -0.051573 0.100000
v -0.190607 -0.054778 0.100000
v -0.180204 -0.057988 0.100000
v -0.169880 -0.061070 0.100000
v -0.159953 -0.063890 0.100000
v -0.150742 -0.066316 0.100000
v -0.142562 -0.068214 0.100000
v -0.135732 -0.069451 0.100000
v -0.130568 -0.069892 0.100000
v -0.123082 -0.069211 0.100000
v -0.115673 -0.067254 0.100000
v -0.108451 -0.064156 0.100000
v -0.101525 -0.060050 0.100000
v -0.095004 -0.055069 0.100000
v -0.088998 -0.049347 0.100000
v -0.083616 -0.043017 0.100000
v -0.078967 -0.036212 0.100000
v -0.075161 -0.029066 0.100000
v -0.072307 -0.021712 0.100000
v -0.070514 -0.014283 0.100000
v -0.069892 -0.006912 0.100000
v -0.070049 -0.003475 0.100000
v -0.070508 -0.000085 0.100000
v -0.071249 0.003240 0.100000
v -0.072254 0.006486 0.100000
v -0.073504 0.009635 0.100000
v -0.074981 0.012673 0.100000
v -0.076666 0.015582 0.100000
v -0.078540 0.018348 0.100000
v -0.080585 0.020953 0.100000
v -0.082782 0.023383 0.100000
v -0.085113 0.025620 0.100000
v -0.087558 0.027650 0.100000
v -0.092757 0.031190 0.100000
v -0.097987 0.034534 0.100000
v -0.103243 0.037706 0.100000
v -0.108522 0.040735 0.100000
v -0.113824 0.043646 0.100000
v -0.119144 0.046467 0.100000
v -0.124480 0.049224 0.100000
v -0.129829 0.051943 0.100000
v -0.135189 0.054651 0.100000
v -0.140557 0.057376 0.100000
v -0.145930 0.060143 0.100000
v -0.151306 0.062980 0.100000
v -0.159208 0.067543 0.100000
v -0.171517 0.074398 0.100000
v -0.187260 0.083081 0.100000
v -0.205467 0.093133 0.100000
v -0.225168 0.104092 0.100000
v -0.245392 0.115495 0.100000
v -0.265167 0.126883 0.100000
v -0.283524 0.137794 0.100000
v -0.299491 0.147765 0.100000
v -0.312098 0.156337 0.100000
v -0.320374 0.163047 0.100000
v -0.323349 0.167435 0.100000
v -0.322856 0.169536 0.100000
v -0.321453 0.171250 0.100000
v -0.319256 0.172607 0.100000
v -0.316379 0.173636 0.100000
v -0.312937 0.174366 0.100000
v -0.309044 0.174827 0.100000
v -0.304815 0.175048 0.100000
v -0.300364 0.175058 0.100000
v -0.295807 0.174887 0.100000
v -0.291258 0.174564 0.100000
v -0.286831 0.174118 0.100000
v -0.282642 0.173579 0.100000
v -0.272096 0.171941 0.100000
v -0.261574 0.170137 0.100000
v -0.251068 0.168227 0.100000
v -0.240570 0.166268 0.100000
v -0.230072 0.164321 0.100000
v -0.219566 0.162442 0.100000
v -0.209044 0.160692 0.100000
v -0.198498 0.159128 0.100000
v -0.187920 0.157810 0.100000
v -0.177302 0.156796 0.100000
v -0.166636 0.156144 0.100000
v -0.155914 0.155914 0.100000
v -0.149113 0.156403 0.100000
v -0.142918 0.157841 0.100000
v -0.137325 0.160186 0.100000
v -0.132332 0.163395 0.100000
v -0.127937 0.167426 0.100000
v -0.124136 0.172235 0.100000
v -0.120927 0.177780 0.100000
v -0.118308 0.184019 0.100000
v -0.116275 0.190908 0.100000
v -0.114827 0.198406 0.100000
v -0.113960 0.206468 0.100000
v -0.113671 0.215054 0.100000
v -0.113616 0.219599 0.100000
v -0.113483 0.225046 0.100000
v -0.113323 0.231207 0.100000
v -0.113188 0.237896 0.100000
v -0.113127 0.244927 0.100000
v -0.113191 0.252112 0.100000
v -0.113432 0.259265 0.100000
v -0.113899 0.266200 0.100000
v -0.114643 0.272729 0.100000
v -0.115716 0.278667 0.100000
v -0.117167 0.283825 0.100000
v -0.119048 0.288018 0.100000
v -0.126761 0.296302 0.100000
v -0.138323 0.302508 0.100000
v -0.153070 0.306896 0.100000
v -0.170336 0.309723 0.100000
v -0.189459 0.311249 0.100000
v -0.209773 0.311732 0.100000
v -0.230616 0.311431 0.100000
v -0.251323 0.310605 0.100000
v -0.271229 0.309512 0.100000
v -0.289672 0.308411 0.100000
v -0.305986 0.307561 0.100000
v -0.319508 0.307220 0.100000
v -0.332724 0.307219 0.100000
v -0.345871 0.307213 0.100000
v -0.358943 0.307196 0.100000
v -0.371935 0.307163 0.100000
v -0.384842 0.307109 0.100000
v -0.397657 0.307028 0.100000
v -0.410377 0.306915 0.100000
v -0.422996 0.306765 0.100000
v -0.435508 0.306572 0.100000
v -0.447908 0.306331 0.100000
v -0.460190 0.306037 0.100000
v -0.472350 0.305684 0.100000
v -0.484918 0.305216 0.100000
v -0.497941 0.304503 0.100000
v -0.511269 0.303427 0.100000
v -0.524748 0.301872 0.100000
v -0.538228 0.299719 0.100000
v -0.551555 0.296851 0.100000
v -0.564579 0.293151 0.100000
v -0.577146 0.288502 0.100000
v -0.589106 0.282786 0.100000
v -0.600305 0.275886 0.100000
v -0.610592 0.267685 0.100000
v -0.619816 0.258065 0.100000
v -0.622316 0.254768 0.100000
v -0.624460 0.251408 0.100000
v -0.626272 0.247984 0.100000
v -0.627781 0.244496 0.100000
v -0.629012 0.240943 0.100000
v -0.629992 0.237327 0.100000
v -0.630749 0.233647 0.100000
v -0.631308 0.229903 0.100000
v -0.631696 0.226094 0.100000
v -0.631941 0.222222 0.100000
v -0.632068 0.218286 0.100000
v -0.632104 0.214286 0.100000
v -0.630112 0.198776 0.100000
v -0.624488 0.184808 0.100000
v -0.615759 0.172259 0.100000
v -0.604455 0.161006 0.100000
v -0.591102 0.150926 0.100000
v -0.576229 0.141897 0.100000
v -0.560364 0.133796 0.100000
v -0.544035 0.126501 0.100000
v -0.527770 0.119888 0.100000
v -0.512097 0.113835 0.100000
v -0.497544 0.108219 0.100000
v -0.484639 0.102919 0.100000
v -0.481632 0.101234 0.100000
v -0.478438 0.099939 0.100000
v -0.475158 0.098910 0.100000
v -0.471895 0.098026 0.100000
v -0.468749 0.097163 0.100000
v -0.465822 0.096198 0.100000
v -0.463215 0.095010 0.100000
v -0.461029 0.093474 0.100000
v -0.459365 0.091470 0.100000
v -0.458326 0.088873 0.100000
v -0.458012 0.085562 0.100000
v -0.458525 0.081413 0.100000
v -0.312486 -0.149903 0.100000
v -0.307618 -0.150328 0.100000
v -0.302707 -0.151078 0.100000
v -0.297861 -0.152188 0.100000
v -0.293185 -0.153692 0.100000
v -0.288786 -0.155626 0.100000
v -0.284772 -0.158024 0.100000
v -0.281248 -0.160921 0.100000
v -0.278322 -0.164351 0.100000
v -0.276099 -0.168349 0.100000
v -0.274688 -0.172949 0.100000
v -0.274194 -0.178187 0.100000
v -0.275368 -0.183884 0.100000
v -0.278660 -0.189072 0.100000
v -0.283722 -0.193752 0.100000
v -0.290209 -0.197929 0.100000
v -0.297773 -0.201604 0.100000
v -0.306068 -0.204781 0.100000
v -0.314746 -0.207462 0.100000
v -0.323462 -0.209649 0.100000
v -0.331869 -0.211346 0.100000
v -0.339620 -0.212554 0.100000
v -0.346368 -0.213277 0.100000
v -0.351767 -0.213518 0.100000
v -0.356269 -0.213146 0.100000
v -0.360197 -0.212078 0.100000
v -0.363587 -0.210385 0.100000
v -0.366473 -0.208141 0.100000
v -0.368890 -0.205417 0.100000
v -0.370872 -0.202285 0.100000
v -0.372454 -0.198817 0.100000
v -0.373670 -0.195084 0.100000
v -0.374556 -0.191160 0.100000
v -0.375146 -0.187116 0.100000
v -0.375474 -0.183024 0.100000
v -0.375576 -0.178955 0.100000
v -0.375172 -0.174025 0.100000
v -0.374012 -0.169593 0.100000
v -0.372168 -0.165647 0.100000
v -0.369716 -0.162172 0.100000
v -0.366731 -0.159156 0.100000
v -0.363287 -0.156586 0.100000
v -0.359459 -0.154448 0.100000
v -0.355322 -0.152728 0.100000
v -0.350950 -0.151414 0.100000
v -0.346419 -0.150491 0.100000
v -0.341801 -0.149948 0.100000
v -0.337174 -0.149770 0.100000
v -0.317204 -0.149770 0.100000
v 0.059414 -0.138691 0.100000
v 0.066323 -0.141591 0.100000
v 0.073637 -0.143937 0.100000
v 0.081271 -0.145787 0.100000
v 0.089140 -0.147200 0.100000
v 0.097158 -0.148233 0.100000
v 0.105241 -0.148947 0.100000
v 0.113301 -0.149400 0.100000
v 0.121256 -0.149650 0.100000
v 0.129018 -0.149755 0.100000
v 0.136503 -0.149776 0.100000
v 0.143625 -0.149770 0.100000
v 0.147521 -0.149822 0.100000
v 0.152515 -0.149994 0.100000
v 0.158362 -0.150310 0.100000
v 0.164818 -0.150794 0.100000
v 0.171636 -0.151470 0.100000
v 0.178571 -0.152362 0.100000
v 0.185379 -0.153494 0.100000
v 0.191813 -0.154890 0.100000
v 0.197629 -0.156574 0.100000
v 0.202580 -0.158570 0.100000
v 0.206422 -0.160902 0.100000
v 0.208909 -0.163594 0.100000
v 0.205887 -0.171535 0.100000
v 0.197531 -0.178283 0.100000
v 0.184908 -0.184152 0.100000
v 0.169085 -0.189452 0.100000
v 0.151128 -0.194496 0.100000
v 0.132104 -0.199597 0.100000
v 0.113081 -0.205065 0.100000
v 0.095124 -0.211214 0.100000
v 0.079301 -0.218354 0.100000
v 0.066678 -0.226799 0.100000
v 0.058322 -0.236859 0.100000
v 0.055300 -0.248848 0.100000
v 0.056101 -0.255815 0.100000
v 0.058386 -0.263491 0.100000
v 0.061972 -0.271625 0.100000
v 0.066678 -0.279968 0.100000
v 0.072323 -0.288268 0.100000
v 0.078725 -0.296275 0.100000
v 0.085703 -0.303738 0.100000
v 0.093076 -0.310406 0.100000
v 0.100662 -0.316028 0.100000
v 0.108281 -0.320355 0.100000
v 0.115750 -0.323134 0.100000
v 0.122888 -0.324117 0.100000
v 0.139821 -0.322711 0.100000
v 0.157102 -0.318826 0.100000
v 0.174563 -0.312956 0.100000
v 0.192041 -0.305598 0.100000
v 0.209369 -0.297248 0.100000
v 0.226383 -0.288402 0.100000
v 0.242916 -0.279557 0.100000
v 0.258804 -0.271207 0.100000
v 0.273882 -0.263849 0.100000
v 0.287983 -0.257979 0.100000
v 0.300943 -0.254094 0.100000
v 0.312596 -0.252688 0.100000
v 0.331128 -0.254290 0.100000
v 0.349484 -0.258719 0.100000
v 0.367680 -0.265409 0.100000
v 0.385731 -0.273795 0.100000
v 0.403655 -0.283312 0.100000
v 0.421467 -0.293395 0.100000
v 0.439183 -0.303477 0.100000
v 0.456819 -0.312994 0.100000
v 0.474390 -0.321381 0.100000
v 0.491914 -0.328071 0.100000
v 0.509406 -0.332500 0.100000
v 0.526882 -0.334101 0.100000
v 0.535223 -0.333484 0.100000
v 0.542662 -0.331726 0.100000
v 0.549323 -0.328965 0.100000
v 0.555328 -0.325340 0.100000
v 0.560799 -0.320989 0.100000
v 0.565860 -0.316052 0.100000
v 0.570633 -0.310667 0.100000
v 0.575240 -0.304972 0.100000
v 0.579805 -0.299107 0.100000
v 0.584450 -0.293210 0.100000
v 0.589297 -0.287419 0.100000
v 0.594470 -0.281874 0.100000
v 0.598310 -0.281106 0.100000
v 0.603279 -0.281892 0.100000
v 0.607527 -0.284064 0.100000
v 0.611199 -0.287346 0.100000
v 0.614439 -0.291460 0.100000
v 0.617392 -0.296129 0.100000
v 0.620200 -0.301075 0.100000
v 0.623008 -0.306021 0.100000
v 0.625960 -0.310690 0.100000
v 0.629200 -0.314804 0.100000
v 0.632873 -0.318086 0.100000
v 0.637121 -0.320259 0.100000
v 0.642089 -0.321045 0.100000
v 0.648672 -0.319626 0.100000
v 0.656991 -0.315647 0.100000
v 0.666607 -0.309524 0.100000
v 0.677078 -0.301673 0.100000
v 0.687965 -0.292509 0.100000
v 0.698829 -0.282450 0.100000
v 0.709228 -0.271911 0.100000
v 0.718723 -0.261307 0.100000
v 0.726875 -0.251056 0.100000
v 0.733242 -0.241573 0.100000
v 0.737385 -0.233274 0.100000
v 0.738863 -0.226574 0.100000
v 0.738725 -0.223513 0.100000
v 0.738333 -0.220131 0.100000
v 0.737723 -0.216494 0.100000
v 0.736929 -0.212664 0.100000
v 0.735985 -0.208707 0.100000
v 0.734927 -0.204685 0.100000
v 0.733789 -0.200664 0.100000
v 0.732605 -0.196706 0.100000
v 0.731411 -0.192876 0.100000
v 0.730241 -0.189239 0.100000
v 0.729129 -0.185857 0.100000
v 0.728111 -0.182796 0.100000
v 0.725573 -0.174215 0.100000
v 0.722980 -0.165735 0.100000
v 0.720370 -0.157330 0.100000
v 0.717785 -0.148973 0.100000
v 0.715263 -0.140637 0.100000
v 0.712846 -0.132296 0.100000
v 0.710572 -0.123923 0.100000
v 0.708483 -0.115492 0.100000
v 0.706617 -0.106975 0.100000
v 0.705016 -0.098346 0.100000
v 0.703718 -0.089578 0.100000
v 0.702765 -0.080645 0.100000
v 0.701323 -0.062788 0.100000
v 0.700063 -0.044931 0.100000
v 0.698973 -0.027074 0.100000
v 0.698043 -0.009217 0.100000
v 0.697262 0.008641 0.100000
v 0.696621 0.026498 0.100000
v 0.696107 0.044355 0.100000
v 0.695710 0.062212 0.100000
v 0.695421 0.080069 0.100000
v 0.695227 0.097926 0.100000
v 0.695118 0.115783 0.100000
v 0.695085 0.133641 0.100000
v 0.695021 0.136121 0.100000
v 0.694832 0.138569 0.100000
v 0.694521 0.140985 0.100000
v 0.694089 0.143369 0.100000
v 0.693540 0.145721 0.100000
v 0.692876 0.148041 0.100000
v 0.692101 0.150330 0.100000
v 0.691216 0.152586 0.100000
v 0.690224 0.154810 0.100000
v 0.689129 0.157002 0.100000
v 0.687932 0.159162 0.100000
v 0.686636 0.161290 0.100000
v 0.685259 0.163324 0.100000
v 0.683813 0.165205 0.100000
v 0.682292 0.166943 0.100000
v 0.680691 0.168544 0.100000
v 0.679004 0.170018 0.100000
v 0.677227 0.171371 0.100000
v 0.675354 0.172612 0.100000
v 0.673380 0.173750 0.100000
v 0.671299 0.174791 0.100000
v 0.669106 0.175745 0.100000
v 0.666796 0.176618 0.100000
v 0.664363 0.177419 0.100000
v 0.648415 0.181493 0.100000
v 0.631767 0.184919 0.100000
v 0.614547 0.187752 0.100000
v 0.596888 0.190050 0.100000
v 0.578919 0.191867 0.100000
v 0.560772 0.193260 0.100000
v 0.542576 0.194286 0.100000
v 0.524464 0.194999 0.100000
v 0.506564 0.195457 0.100000
v 0.489009 0.195714 0.100000
v 0.471928 0.195827 0.100000
v 0.455453 0.195853 0.100000
v 0.445085 0.195807 0.100000
v 0.434716 0.195682 0.100000
v 0.424347 0.195493 0.100000
v 0.413979 0.195255 0.100000
v 0.403610 0.194986 0.100000
v 0.393241 0.194700 0.100000
v 0.382873 0.194415 0.100000
v 0.372504 0.194146 0.100000
v 0.362135 0.193908 0.100000
v 0.351767 0.193719 0.100000
v 0.341398 0.193594 0.100000
v 0.331029 0.193548 0.100000
v 0.314685 0.193635 0.100000
v 0.294302 0.193730 0.100000
v 0.270797 0.193584 0.100000
v 0.245093 0.192951 0.100000
v 0.218109 0.191582 0.100000
v 0.190764 0.189228 0.100000
v 0.163980 0.185643 0.100000
v 0.138676 0.180577 0.100000
v 0.115771 0.173783 0.100000
v 0.096188 0.165013 0.100000
v 0.080844 0.154019 0.100000
v 0.070661 0.140553 0.100000
v 0.068190 0.135115 0.100000
v 0.066130 0.129562 0.100000
v 0.064444 0.123908 0.100000
v 0.063094 0.118166 0.100000
v 0.062042 0.112349 0.100000
v 0.061252 0.106471 0.100000
v 0.060686 0.100545 0.100000
v 0.060306 0.094584 0.100000
v 0.060076 0.088602 0.100000
v 0.059958 0.082612 0.100000
v 0.059914 0.076627 0.100000
v 0.059908 0.070661 0.100000
v 0.060127 0.057039 0.100000
v 0.060893 0.044252 0.100000
v 0.062368 0.032366 0.100000
v 0.064715 0.021448 0.100000
v 0.068097 0.011566 0.100000
v 0.072677 0.002784 0.100000
v 0.078616 -0.004829 0.100000
v 0.086078 -0.011208 0.100000
v 0.095226 -0.016285 0.100000
v 0.106222 -0.019994 0.100000
v 0.119229 -0.022269 0.100000
v 0.134409 -0.023041 0.100000
v 0.140169 -0.023011 0.100000
v 0.145929 -0.022928 0.100000
v 0.151690 -0.022801 0.100000
v 0.157450 -0.022643 0.100000
v 0.163210 -0.022464 0.100000
v 0.168971 -0.022273 0.100000
v 0.174731 -0.022083 0.100000
v 0.180492 -0.021904 0.100000
v 0.186252 -0.021745 0.100000
v 0.192012 -0.021619 0.100000
v 0.197773 -0.021536 0.100000
v 0.203533 -0.021505 0.100000
v 0.206744 -0.021485 0.100000
v 0.210851 -0.021473 0.100000
v 0.215630 -0.021541 0.100000
v 0.220857 -0.021761 0.100000
v 0.226308 -0.022205 0.100000
v 0.231759 -0.022945 0.100000
v 0.236986 -0.024054 0.100000
v 0.241765 -0.025602 0.100000
v 0.245872 -0.027662 0.100000
v 0.249083 -0.030306 0.100000
v 0.251173 -0.033606 0.100000
v 0.251920 -0.037634 0.100000
v 0.250372 -0.041310 0.100000
v 0.246060 -0.044316 0.100000
v 0.239487 -0.046719 0.100000
v 0.231154 -0.048586 0.100000
v 0.221563 -0.049984 0.100000
v 0.211214 -0.050979 0.100000
v 0.200608 -0.051638 0.100000
v 0.190249 -0.052028 0.100000
v 0.180636 -0.052215 0.100000
v 0.172271 -0.052266 0.100000
v 0.165655 -0.052248 0.100000
v 0.161290 -0.052227 0.100000
v 0.155146 -0.052197 0.100000
v 0.149002 -0.052114 0.100000
v 0.142857 -0.051987 0.100000
v 0.136713 -0.051829 0.100000
v 0.130568 -0.051650 0.100000
v 0.124424 -0.051459 0.100000
v 0.118280 -0.051269 0.100000
v 0.112135 -0.051089 0.100000
v 0.105991 -0.050931 0.100000
v 0.099846 -0.050805 0.100000
v 0.093702 -0.050721 0.100000
v 0.087558 -0.050691 0.100000
v 0.077848 -0.050926 0.100000
v 0.069402 -0.051676 0.100000
v 0.062140 -0.053007 0.100000
v 0.055982 -0.054987 0.100000
v 0.050849 -0.057681 0.100000
v 0.046659 -0.061156 0.100000
v 0.043333 -0.065479 0.100000
v 0.040792 -0.070717 0.100000
v 0.038955 -0.076937 0.100000
v 0.037741 -0.084204 0.100000
v 0.037072 -0.092587 0.100000
v 0.036866 -0.102151 0.100000
v 0.036949 -0.105558 0.100000
v 0.037208 -0.108864 0.100000
v 0.037658 -0.112063 0.100000
v 0.038317 -0.115150 0.100000
v 0.039200 -0.118120 0.100000
v 0.040323 -0.120968 0.100000
v 0.041701 -0.123687 0.100000
v 0.043352 -0.126273 0.100000
v 0.045291 -0.128720 0.100000
v 0.047534 -0.131023 0.100000
v 0.050097 -0.133177 0.100000
v 0.052995 -0.135177 0.100000
v 0.279170 0.101352 0.100000
v 0.283350 0.101269 0.100000
v 0.287502 0.101142 0.100000
v 0.291631 0.100984 0.100000
v 0.295739 0.100805 0.100000
v 0.299827 0.100614 0.100000
v 0.303900 0.100424 0.100000
v 0.307959 0.100245 0.100000
v 0.312008 0.100086 0.100000
v 0.316049 0.099960 0.100000
v 0.320084 0.099877 0.100000
v 0.324117 0.099846 0.100000
v 0.334677 0.099877 0.100000
v 0.345238 0.099960 0.100000
v 0.355799 0.100086 0.100000
v 0.366359 0.100245 0.100000
v 0.376920 0.100424 0.100000
v 0.387481 0.100614 0.100000
v 0.398041 0.100805 0.100000
v 0.408602 0.100984 0.100000
v 0.419163 0.101142 0.100000
v 0.429724 0.101269 0.100000
v 0.440284 0.101352 0.100000
v 0.450845 0.101382 0.100000
v 0.457268 0.101363 0.100000
v 0.464855 0.101294 0.100000
v 0.473358 0.101154 0.100000
v 0.482534 0.100927 0.100000
v 0.492136 0.100594 0.100000
v 0.501920 0.100134 0.100000
v 0.511640 0.099531 0.100000
v 0.521050 0.098765 0.100000
v 0.529906 0.097818 0.100000
v 0.537962 0.096671 0.100000
v 0.544972 0.095305 0.100000
v 0.550691 0.093702 0.100000
v 0.551987 0.093270 0.100000
v 0.553184 0.092745 0.100000
v 0.554280 0.092130 0.100000
v 0.555271 0.091426 0.100000
v 0.556156 0.090637 0.100000
v 0.556932 0.089766 0.100000
v 0.557595 0.088814 0.100000
v 0.558144 0.087785 0.100000
v 0.558576 0.086682 0.100000
v 0.558887 0.085506 0.100000
v 0.559076 0.084261 0.100000
v 0.559140 0.082949 0.100000
v 0.557984 0.078714 0.100000
v 0.554759 0.075183 0.100000
v 0.549827 0.072293 0.100000
v 0.543551 0.069978 0.100000
v 0.536294 0.068175 0.100000
v 0.528418 0.066820 0.100000
v 0.520286 0.065850 0.100000
v 0.512260 0.065199 0.100000
v 0.504704 0.064804 0.100000
v 0.497980 0.064601 0.100000
v 0.492451 0.064527 0.100000
v 0.488479 0.064516 0.100000
v 0.469278 0.064546 0.100000
v 0.450077 0.064630 0.100000
v 0.430876 0.064756 0.100000
v 0.411674 0.064914 0.100000
v 0.392473 0.065094 0.100000
v 0.373272 0.065284 0.100000
v 0.354071 0.065474 0.100000
v 0.334869 0.065654 0.100000
v 0.315668 0.065812 0.100000
v 0.296467 0.065938 0.100000
v 0.277266 0.066022 0.100000
v 0.258065 0.066052 0.100000
v 0.254612 0.066061 0.100000
v 0.249836 0.066123 0.100000
v 0.244048 0.066292 0.100000
v 0.237555 0.066621 0.100000
v 0.230667 0.067163 0.100000
v 0.223694 0.067972 0.100000
v 0.216945 0.069101 0.100000
v 0.210730 0.070604 0.100000
v 0.205357 0.072533 0.100000
v 0.201136 0.074942 0.100000
v 0.198377 0.077884 0.100000
v 0.197389 0.081413 0.100000
v 0.198666 0.085840 0.100000
v 0.202228 0.089560 0.100000
v 0.207673 0.092634 0.100000
v 0.214599 0.095124 0.100000
v 0.222601 0.097092 0.100000
v 0.231279 0.098598 0.100000
v 0.240228 0.099705 0.100000
v 0.249047 0.100472 0.100000
v 0.257332 0.100962 0.100000
v 0.264682 0.101237 0.100000
v 0.270692 0.101356 0.100000
v 0.274962 0.101382 0.100000
v 0.427881 -0.052942 0.100000
v 0.424713 -0.052757 0.100000
v 0.421455 -0.052407 0.100000
v 0.418189 -0.051858 0.100000
v 0.414997 -0.051073 0.100000
v 0.411962 -0.050019 0.100000
v 0.409168 -0.048661 0.100000
v 0.406696 -0.046965 0.100000
v 0.404630 -0.044895 0.100000
v 0.403052 -0.042417 0.100000
v 0.402044 -0.039496 0.100000
v 0.401690 -0.036098 0.100000
v 0.402572 -0.032599 0.100000
v 0.405032 -0.029741 0.100000
v 0.408794 -0.027458 0.100000
v 0.413580 -0.025687 0.100000
v 0.419113 -0.024364 0.100000
v 0.425115 -0.023425 0.100000
v 0.431309 -0.022807 0.100000
v 0.437418 -0.022444 0.100000
v 0.443164 -0.022273 0.100000
v 0.448270 -0.022231 0.100000
v 0.452459 -0.022252 0.100000
v 0.455453 -0.022273 0.100000
v 0.459485 -0.022228 0.100000
v 0.463518 -0.022103 0.100000
v 0.467550 -0.021913 0.100000
v 0.471582 -0.021676 0.100000
v 0.475614 -0.021407 0.100000
v 0.479647 -0.021121 0.100000
v 0.483679 -0.020836 0.100000
v 0.487711 -0.020567 0.100000
v 0.491744 -0.020329 0.100000
v 0.495776 -0.020140 0.100000
v 0.499808 -0.020015 0.100000
v 0.503840 -0.019969 0.100000
v 0.507863 -0.019981 0.100000
v 0.512851 -0.020062 0.100000
v 0.518553 -0.020281 0.100000
v 0.524720 -0.020709 0.100000
v 0.531100 -0.021414 0.100000
v 0.537442 -0.022465 0.100000
v 0.543497 -0.023933 0.100000
v 0.549013 -0.025886 0.100000
v 0.553739 -0.028394 0.100000
v 0.557426 -0.031526 0.100000
v 0.559822 -0.035351 0.100000
v 0.560676 -0.039939 0.100000
v 0.559795 -0.042616 0.100000
v 0.557337 -0.044906 0.100000
v 0.553583 -0.046839 0.100000
v 0.548814 -0.048444 0.100000
v 0.543308 -0.049750 0.100000
v 0.537346 -0.050787 0.100000
v 0.531209 -0.051584 0.100000
v 0.525175 -0.052170 0.100000
v 0.519525 -0.052575 0.100000
v 0.514540 -0.052828 0.100000
v 0.510498 -0.052958 0.100000
v 0.507681 -0.052995 0.100000
v 0.430876 -0.052995 0.100000
v 0.534509 -0.151597 0.100000
v 0.541628 -0.152483 0.100000
v 0.548207 -0.153982 0.100000
v 0.554219 -0.156113 0.100000
v 0.559633 -0.158895 0.100000
v 0.564420 -0.162346 0.100000
v 0.568552 -0.166486 0.100000
v 0.571998 -0.171332 0.100000
v 0.574729 -0.176903 0.100000
v 0.576716 -0.183219 0.100000
v 0.577930 -0.190297 0.100000
v 0.578341 -0.198157 0.100000
v 0.578170 -0.200410 0.100000
v 0.577676 -0.202552 0.100000
v 0.576889 -0.204565 0.100000
v 0.575838 -0.206435 0.100000
v 0.574552 -0.208144 0.100000
v 0.573061 -0.209677 0.100000
v 0.571393 -0.211019 0.100000
v 0.569580 -0.212152 0.100000
v 0.567648 -0.213062 0.100000
v 0.565629 -0.213731 0.100000
v 0.563551 -0.214144 0.100000
v 0.561444 -0.214286 0.100000
v 0.556117 -0.213717 0.100000
v 0.548202 -0.212106 0.100000
v 0.538283 -0.209593 0.100000
v 0.526939 -0.206321 0.100000
v 0.514752 -0.202429 0.100000
v 0.502304 -0.198061 0.100000
v 0.490176 -0.193356 0.100000
v 0.478950 -0.188456 0.100000
v 0.469206 -0.183504 0.100000
v 0.461526 -0.178639 0.100000
v 0.456492 -0.174004 0.100000
v 0.454685 -0.169739 0.100000
v 0.455523 -0.165827 0.100000
v 0.457871 -0.162506 0.100000
v 0.461478 -0.159730 0.100000
v 0.466092 -0.157450 0.100000
v 0.471464 -0.155618 0.100000
v 0.477343 -0.154186 0.100000
v 0.483477 -0.153106 0.100000
v 0.489617 -0.152330 0.100000
v 0.495512 -0.151810 0.100000
v 0.500910 -0.151498 0.100000
v 0.505562 -0.151346 0.100000
v 0.509217 -0.151306 0.100000
v 0.526882 -0.151306 0.100000
v 0.320261 0.327204 0.100000
v 0.315611 0.327246 0.100000
v 0.310940 0.327309 0.100000
v 0.306253 0.327388 0.100000
v 0.301554 0.327478 0.100000
v 0.296851 0.327573 0.100000
v 0.292148 0.327668 0.100000
v 0.287450 0.327758 0.100000
v 0.282762 0.327837 0.100000
v 0.278091 0.327900 0.100000
v 0.273441 0.327942 0.100000
v 0.268817 0.327957 0.100000
v 0.253564 0.327884 0.100000
v 0.234223 0.327498 0.100000
v 0.211826 0.326553 0.100000
v 0.187404 0.324800 0.100000
v 0.161990 0.321990 0.100000
v 0.136617 0.317876 0.100000
v 0.112315 0.312211 0.100000
v 0.090118 0.304745 0.100000
v 0.071057 0.295231 0.100000
v 0.056164 0.283421 0.100000
v 0.046471 0.269067 0.100000
v 0.043011 0.251920 0.100000
v 0.044068 0.243773 0.100000
v 0.047054 0.236922 0.100000
v 0.051687 0.231255 0.100000
v 0.057689 0.226660 0.100000
v 0.064779 0.223025 0.100000
v 0.072677 0.220238 0.100000
v 0.081103 0.218187 0.100000
v 0.089776 0.216761 0.100000
v 0.098418 0.215846 0.100000
v 0.106748 0.215331 0.100000
v 0.114486 0.215104 0.100000
v 0.121352 0.215054 0.100000
v 0.143256 0.215054 0.100000
v 0.165188 0.215057 0.100000
v 0.187140 0.215066 0.100000
v 0.209109 0.215082 0.100000
v 0.231088 0.215109 0.100000
v 0.253072 0.215150 0.100000
v 0.275057 0.215206 0.100000
v 0.297036 0.215281 0.100000
v 0.319004 0.215378 0.100000
v 0.340957 0.215498 0.100000
v 0.362888 0.215645 0.100000
v 0.384793 0.215822 0.100000
v 0.406859 0.215998 0.100000
v 0.428899 0.216145 0.100000
v 0.450917 0.216266 0.100000
v 0.472919 0.216362 0.100000
v 0.494911 0.216437 0.100000
v 0.516897 0.216494 0.100000
v 0.538883 0.216534 0.100000
v 0.560875 0.216561 0.100000
v 0.582877 0.216578 0.100000
v 0.604896 0.216586 0.100000
v 0.626935 0.216589 0.100000
v 0.649002 0.216590 0.100000
v 0.652665 0.216607 0.100000
v 0.656351 0.216665 0.100000
v 0.660054 0.216770 0.100000
v 0.663765 0.216931 0.100000
v 0.667476 0.217157 0.100000
v 0.671179 0.217454 0.100000
v 0.674866 0.217831 0.100000
v 0.678529 0.218297 0.100000
v 0.682160 0.218858 0.100000
v 0.685751 0.219523 0.100000
v 0.689294 0.220301 0.100000
v 0.692780 0.221198 0.100000
v 0.696082 0.222240 0.100000
v 0.699419 0.223456 0.100000
v 0.702729 0.224858 0.100000
v 0.705951 0.226461 0.100000
v 0.709024 0.228276 0.100000
v 0.711886 0.230319 0.100000
v 0.714476 0.232601 0.100000
v 0.716732 0.235137 0.100000
v 0.718594 0.237939 0.100000
v 0.720000 0.241022 0.100000
v 0.720888 0.244397 0.100000
v 0.721198 0.248080 0.100000
v 0.721148 0.251933 0.100000
v 0.720985 0.255803 0.100000
v 0.720694 0.259673 0.100000
v 0.720260 0.263526 0.100000
v 0.719665 0.267348 0.100000
v 0.718894 0.271121 0.100000
v 0.717931 0.274831 0.100000
v 0.716761 0.278461 0.100000
v 0.715366 0.281994 0.100000
v 0.713731 0.285416 0.100000
v 0.711840 0.288709 0.100000
v 0.709677 0.291859 0.100000
v 0.700248 0.299492 0.100000
v 0.685313 0.305943 0.100000
v 0.665899 0.311312 0.100000
v 0.643028 0.315697 0.100000
v 0.617725 0.319196 0.100000
v 0.591014 0.321909 0.100000
v 0.563919 0.323933 0.100000
v 0.537464 0.325368 0.100000
v 0.512673 0.326313 0.100000
v 0.490570 0.326865 0.100000
v 0.472180 0.327124 0.100000
v 0.458525 0.327189 0.100000
v 0.324885 0.327189 0.100000
v 0.320261 0.327204 0.100000
v 0.320261 0.327204 -0.100000
v 0.315611 0.327246 0.100000
v 0.315611 0.327246 -0.100000
v 0.310940 0.327309 0.100000
v 0.310940 0.327309 -0.100000
v 0.306253 0.327388 0.100000
v 0.306253 0.327388 -0.100000
v 0.301554 0.327478 0.100000
v 0.301554 0.327478 -0.100000
v 0.296851 0.327573 0.100000
v 0.296851 0.327573 -0.100000
v 0.292148 0.327668 0.100000
v 0.292148 0.327668 -0.100000
v 0.287450 0.327758 0.100000
v 0.287450 0.327758 -0.100000
v 0.282762 0.327837 0.100000
v 0.282762 0.327837 -0.100000
v 0.278091 0.327900 0.100000
v 0.278091 0.327900 -0.100000
v 0.273441 0.327942 0.100000
v 0.273441 0.327942 -0.100000
v 0.268817 0.327957 0.100000
v 0.268817 0.327957 -0.100000
v 0.253564 0.327884 0.100000
v 0.253564 0.327884 -0.100000
v 0.234223 0.327498 0.100000
v 0.234223 0.327498 -0.100000
v 0.211826 0.326553 0.100000
v 0.211826 0.326553 -0.100000
v 0.187404 0.324800 0.100000
v 0.187404 0.324800 -0.100000
v 0.161990 0.321990 0.100000
v 0.161990 0.321990 -0.100000
v 0.136617 0.317876 0.100000
v 0.136617 0.317876 -0.100000
v 0.112315 0.312211 0.100000
v 0.112315 0.312211 -0.100000
v 0.090118 0.304745 0.100000
v 0.090118 0.304745 -0.100000
v 0.071057 0.295231 0.100000
v 0.071057 0.295231 -0.100000
v 0.056164 0.283421 0.100000
v 0.056164 0.283421 -0.100000
v 0.046471 0.269067 0.100000
v 0.046471 0.269067 -0.100000
v 0.043011 0.251920 0.100000
v 0.043011 0.251920 -0.100000
v 0.044068 0.243773 0.100000
v 0.044068 0.243773 -0.100000
v 0.047054 0.236922 0.100000
v 0.047054 0.236922 -0.100000
v 0.051687 0.231255 0.100000
v 0.051687 0.231255 -0.100000
v 0.057689 0.226660 0.100000
v 0.057689 0.226660 -0.100000
v 0.064779 0.223025 0.100000
v 0.064779 0.223025 -0.100000
v 0.072677 0.220238 0.100000
v 0.072677 0.220238 -0.100000
v 0.081103 0.218187 0.100000
v 0.081103 0.218187 -0.100000
v 0.089776 0.216761 0.100000
v 0.089776 0.216761 -0.100000
v 0.098418 0.215846 0.100000
v 0.098418 0.215846 -0.100000
v 0.106748 0.215331 0.100000
v 0.106748 0.215331 -0.100000
v 0.114486 0.215104 0.100000
v 0.114486 0.215104 -0.100000
v 0.121352 0.215054 0.100000
v 0.121352 0.215054 -0.100000
v 0.143256 0.215054 0.100000
v 0.143256 0.215054 -0.100000
v 0.165188 0.215057 0.100000
v 0.165188 0.215057 -0.100000
v 0.187140 0.215066 0.100000
v 0.187140 0.215066 -0.100000
v 0.209109 0.215082 0.100000
v 0.209109 0.215082 -0.100000
v 0.231088 0.215109 0.100000
v 0.231088 0.215109 -0.100000
v 0.253072 0.215150 0.100000
v 0.253072 0.215150 -0.100000
v 0.275057 0.215206 0.100000
v 0.275057 0.215206 -0.100000
v 0.297036 0.215281 0.100000
v 0.297036 0.215281 -0.100000
v 0.319004 0.215378 0.100000
v 0.319004 0.215378 -0.100000
v 0.340957 0.215498 0.100000
v 0.340957 0.215498 -0.100000
v 0.362888 0.215645 0.100000
v 0.362888 0.215645 -0.100000
v 0.384793 0.215822 0.100000
v 0.384793 0.215822 -0.100000
v 0.406859 0.215998 0.100000
v 0.406859 0.215998 -0.100000
v 0.428899 0.216145 0.100000
v 0.428899 0.216145 -0.100000
v 0.450917 0.216266 0.100000
v 0.450917 0.216266 -0.100000
v 0.472919 0.216362 0.100000
v 0.472919 0.216362 -0.100000
v 0.494911 0.216437 0.100000
v 0.494911 0.216437 -0.100000
v 0.516897 0.216494 0.100000
v 0.516897 0.216494 -0.100000
v 0.538883 0.216534 0.100000
v 0.538883 0.216534 -0.100000
v 0.560875 0.216561 0.100000
v 0.560875 0.216561 -0.100000
v 0.582877 0.216578 0.100000
v 0.582877 0.216578 -0.100000
v 0.604896 0.216586 0.100000
v 0.604896 0.216586 -0.100000
v 0.626935 0.216589 0.100000
v 0.626935 0.216589 -0.100000
v 0.649002 0.216590 0.100000
v 0.649002 0.216590 -0.100000
v 0.652665 0.216607 0.100000
v 0.652665 0.216607 -0.100000
v 0.656351 0.216665 0.100000
v 0.656351 0.216665 -0.100000
v 0.660054 0.216770 0.100000
v 0.660054 0.216770 -0.100000
v 0.663765 0.216931 0.100000
v 0.663765 0.216931 -0.100000
v 0.667476 0.217157 0.100000
v 0.667476 0.217157 -0.100000
v 0.671179 0.217454 0.100000
v 0.671179 0.217454 -0.100000
v 0.674866 0.217831 0.100000
v 0.674866 0.217831 -0.100000
v 0.678529 0.218297 0.100000
v 0.678529 0.218297 -0.100000
v 0.682160 0.218858 0.100000
v 0.682160 0.218858 -0.100000
v 0.685751 0.219523 0.100000
v 0.685751 0.219523 -0.100000
v 0.689294 0.220301 0.100000
v 0.689294 0.220301 -0.100000
v 0.692780 0.221198 0.100000
v 0.692780 0.221198 -0.100000
v 0.696082 0.222240 0.100000
v 0.696082 0.222240 -0.100000
v 0.699419 0.223456 0.100000
v 0.699419 0.223456 -0.100000
v 0.702729 0.224858 0.100000
v 0.702729 0.224858 -0.100000
v 0.705951 0.226461 0.100000
v 0.705951 0.226461 -0.100000
v 0.709024 0.228276 0.100000
v 0.709024 0.228276 -0.100000
v 0.711886 0.230319 0.100000
v 0.711886 0.230319 -0.100000
v 0.714476 0.232601 0.100000
v 0.714476 0.232601 -0.100000
v 0.716732 0.235137 0.100000
v 0.716732 0.235137 -0.100000
v 0.718594 0.237939 0.100000
v 0.718594 0.237939 -0.100000
v 0.720000 0.241022 0.100000
v 0.720000 0.241022 -0.100000
v 0.720888 0.244397 0.100000
v 0.720888 0.244397 -0.100000
v 0.721198 0.248080 0.100000
v 0.721198 0.248080 -0.100000
v 0.721148 0.251933 0.100000
v 0.721148 0.251933 -0.100000
v 0.720985 0.255803 0.100000
v 0.720985 0.255803 -0.100000
v 0.720694 0.259673 0.100000
v 0.720694 0.259673 -0.100000
v 0.720260 0.263526 0.100000
v 0.720260 0.263526 -0.100000
v 0.719665 0.267348 0.100000
v 0.719665 0.267348 -0.100000
v 0.718894 0.271121 0.100000
v 0.718894 0.271121 -0.100000
v 0.717931 0.274831 0.100000
v 0.717931 0.274831 -0.100000
v 0.716761 0.278461 0.100000
v 0.716761 0.278461 -0.100000
v 0.715366 0.281994 0.100000
v 0.715366 0.281994 -0.100000
v 0.713731 0.285416 0.100000
v 0.713731 0.285416 -0.100000
v 0.711840 0.288709 0.100000
v 0.711840 0.288709 -0.100000
v 0.709677 0.291859 0.100000
v 0.709677 0.291859 -0.100000
v 0.700248 0.299492 0.100000
v 0.700248 0.299492 -0.100000
v 0.685313 0.305943 0.100000
v 0.685313 0.305943 -0.100000
v 0.665899 0.311312 0.100000
v 0.665899 0.311312 -0.100000
v 0.643028 0.315697 0.100000
v 0.643028 0.315697 -0.100000
v 0.617725 0.319196 0.100000
v 0.617725 0.319196 -0.100000
v 0.591014 0.321909 0.100000
v 0.591014 0.321909 -0.100000
v 0.563919 0.323933 0.100000
v 0.563919 0.323933 -0.100000
v 0.537464 0.325368 0.100000
v 0.537464 0.325368 -0.100000
v 0.512673 0.326313 0.100000
v 0.512673 0.326313 -0.100000
v 0.490570 0.326865 0.100000
v 0.490570 0.326865 -0.100000
v 0.472180 0.327124 0.100000
v 0.472180 0.327124 -0.100000
v 0.458525 0.327189 0.100000
v 0.458525 0.327189 -0.100000
v 0.324885 0.327189 0.100000
v 0.324885 0.327189 -0.100000
v 0.059414 -0.138691 0.100000
v 0.059414 -0.138691 -0.100000
v 0.066323 -0.141591 0.100000
v 0.066323 -0.141591 -0.100000
v 0.073637 -0.143937 0.100000
v 0.073637 -0.143937 -0.100000
v 0.081271 -0.145787 0.100000
v 0.081271 -0.145787 -0.100000
v 0.089140 -0.147200 0.100000
v 0.089140 -0.147200 -0.100000
v 0.097158 -0.148233 0.100000
v 0.097158 -0.148233 -0.100000
v 0.105241 -0.148947 0.100000
v 0.105241 -0.148947 -0.100000
v 0.113301 -0.149400 0.100000
v 0.113301 -0.149400 -0.100000
v 0.121256 -0.149650 0.100000
v 0.121256 -0.149650 -0.100000
v 0.129018 -0.149755 0.100000
v 0.129018 -0.149755 -0.100000
v 0.136503 -0.149776 0.100000
v 0.136503 -0.149776 -0.100000
v 0.143625 -0.149770 0.100000
v 0.143625 -0.149770 -0.100000
v 0.147521 -0.149822 0.100000
v 0.147521 -0.149822 -0.100000
v 0.152515 -0.149994 0.100000
v 0.152515 -0.149994 -0.100000
v 0.158362 -0.150310 0.100000
v 0.158362 -0.150310 -0.100000
v 0.164818 -0.150794 0.100000
v 0.164818 -0.150794 -0.100000
v 0.171636 -0.151470 0.100000
v 0.171636 -0.151470 -0.100000
v 0.178571 -0.152362 0.100000
v 0.178571 -0.152362 -0.100000
v 0.185379 -0.153494 0.100000
v 0.185379 -0.153494 -0.100000
v 0.191813 -0.154890 0.100000
v 0.191813 -0.154890 -0.100000
v 0.197629 -0.156574 0.100000
v 0.197629 -0.156574 -0.100000
v 0.202580 -0.158570 0.100000
v 0.202580 -0.158570 -0.100000
v 0.206422 -0.160902 0.100000
v 0.206422 -0.160902 -0.100000
v 0.208909 -0.163594 0.100000
v 0.208909 -0.163594 -0.100000
v 0.205887 -0.171535 0.100000
v 0.205887 -0.171535 -0.100000
v 0.197531 -0.178283 0.100000
v 0.197531 -0.178283 -0.100000
v 0.184908 -0.184152 0.100000
v 0.184908 -0.184152 -0.100000
v 0.169085 -0.189452 0.100000
v 0.169085 -0.189452 -0.100000
v 0.151128 -0.194496 0.100000
v 0.151128 -0.194496 -0.100000
v 0.132104 -0.199597 0.100000
v 0.132104 -0.199597 -0.100000
v 0.113081 -0.205065 0.100000
v 0.113081 -0.205065 -0.100000
v 0.095124 -0.211214 0.100000
v 0.095124 -0.211214 -0.100000
v 0.079301 -0.218354 0.100000
v 0.079301 -0.218354 -0.100000
v 0.066678 -0.226799 0.100000
v 0.066678 -0.226799 -0.100000
v 0.058322 -0.236859 0.100000
v 0.058322 -0.236859 -0.100000
v 0.055300 -0.248848 0.100000
v 0.055300 -0.248848 -0.100000
v 0.056101 -0.255815 0.100000
v 0.056101 -0.255815 -0.100000
v 0.058386 -0.263491 0.100000
v 0.058386 -0.263491 -0.100000
v 0.061972 -0.271625 0.100000
v 0.061972 -0.271625 -0.100000
v 0.066678 -0.279968 0.100000
v 0.066678 -0.279968 -0.100000
v 0.072323 -0.288268 0.100000
v 0.072323 -0.288268 -0.100000
v 0.078725 -0.296275 0.100000
v 0.078725 -0.296275 -0.100000
v 0.085703 -0.303738 0.100000
v 0.085703 -0.303738 -0.100000
v 0.093076 -0.310406 0.100000
v 0.093076 -0.310406 -0.100000
v 0.100662 -0.316028 0.100000
v 0.100662 -0.316028 -0.100000
v 0.108281 -0.320355 0.100000
v 0.108281 -0.320355 -0.100000
v 0.115750 -0.323134 0.100000
v 0.115750 -0.323134 -0.100000
v 0.122888 -0.324117 0.100000
v 0.122888 -0.324117 -0.100000
v 0.139821 -0.322711 0.100000
v 0.139821 -0.322711 -0.100000
v 0.157102 -0.318826 0.100000
v 0.157102 -0.318826 -0.100000
v 0.174563 -0.312956 0.100000
v 0.174563 -0.312956 -0.100000
v 0.192041 -0.305598 0.100000
v 0.192041 -0.305598 -0.100000
v 0.209369 -0.297248 0.100000
v 0.209369 -0.297248 -0.100000
v 0.226383 -0.288402 0.100000
v 0.226383 -0.288402 -0.100000
v 0.242916 -0.279557 0.100000
v 0.242916 -0.279557 -0.100000
v 0.258804 -0.271207 0.100000
v 0.258804 -0.271207 -0.100000
v 0.273882 -0.263849 0.100000
v 0.273882 -0.263849 -0.100000
v 0.287983 -0.257979 0.100000
v 0.287983 -0.257979 -0.100000
v 0.300943 -0.254094 0.100000
v 0.300943 -0.254094 -0.100000
v 0.312596 -0.252688 0.100000
v 0.312596 -0.252688 -0.100000
v 0.331128 -0.254290 0.100000
v 0.331128 -0.254290 -0.100000
v 0.349484 -0.258719 0.100000
v 0.349484 -0.258719 -0.100000
v 0.367680 -0.265409 0.100000
v 0.367680 -0.265409 -0.100000
v 0.385731 -0.273795 0.100000
v 0.385731 -0.273795 -0.100000
v 0.403655 -0.283312 0.100000
v 0.403655 -0.283312 -0.100000
v 0.421467 -0.293395 0.100000
v 0.421467 -0.293395 -0.100000
v 0.439183 -0.303477 0.100000
v 0.439183 -0.303477 -0.100000
v 0.456819 -0.312994 0.100000
v 0.456819 -0.312994 -0.100000
v 0.474390 -0.321381 0.100000
v 0.474390 -0.321381 -0.100000
v 0.491914 -0.328071 0.100000
v 0.491914 -0.328071 -0.100000
v 0.509406 -0.332500 0.100000
v 0.509406 -0.332500 -0.100000
v 0.526882 -0.334101 0.100000
v 0.526882 -0.334101 -0.100000
v 0.535223 -0.333484 0.100000
v 0.535223 -0.333484 -0.100000
v 0.542662 -0.331726 0.100000
v 0.542662 -0.331726 -0.100000
v 0.549323 -0.328965 0.100000
v 0.549323 -0.328965 -0.100000
v 0.555328 -0.325340 0.100000
v 0.555328 -0.325340 -0.100000
v 0.560799 -0.320989 0.100000
v 0.560799 -0.320989 -0.100000
v 0.565860 -0.316052 0.100000
v 0.565860 -0.316052 -0.100000
v 0.570633 -0.310667 0.100000
v 0.570633 -0.310667 -0.100000
v 0.575240 -0.304972 0.100000
v 0.575240 -0.304972 -0.100000
v 0.579805 -0.299107 0.100000
v 0.579805 -0.299107 -0.100000
v 0.584450 -0.293210 0.100000
v 0.584450 -0.293210 -0.100000
v 0.589297 -0.287419 0.100000
v 0.589297 -0.287419 -0.100000
v 0.594470 -0.281874 0.100000
v 0.594470 -0.281874 -0.100000
v 0.598310 -0.281106 0.100000
v 0.598310 -0.281106 -0.100000
v 0.603279 -0.281892 0.100000
v 0.603279 -0.281892 -0.100000
v 0.607527 -0.284064 0.100000
v 0.607527 -0.284064 -0.100000
v 0.611199 -0.287346 0.100000
v 0.611199 -0.287346 -0.100000
v 0.614439 -0.291460 0.100000
v 0.614439 -0.291460 -0.100000
v 0.617392 -0.296129 0.100000
v 0.617392 -0.296129 -0.100000
v 0.620200 -0.301075 0.100000
v 0.620200 -0.301075 -0.100000
v 0.623008 -0.306021 0.100000
v 0.623008 -0.306021 -0.100000
v 0.625960 -0.310690 0.100000
v 0.625960 -0.310690 -0.100000
v 0.629200 -0.314804 0.100000
v 0.629200 -0.314804 -0.100000
v 0.632873 -0.318086 0.100000
v 0.632873 -0.318086 -0.100000
v 0.637121 -0.320259 0.100000
v 0.637121 -0.320259 -0.100000
v 0.642089 -0.321045 0.100000
v 0.642089 -0.321045 -0.100000
v 0.648672 -0.319626 0.100000
v 0.648672 -0.319626 -0.100000
v 0.656991 -0.315647 0.100000
v 0.656991 -0.315647 -0.100000
v 0.666607 -0.309524 0.100000
v 0.666607 -0.309524 -0.100000
v 0.677078 -0.301673 0.100000
v 0.677078 -0.301673 -0.100000
v 0.687965 -0.292509 0.100000
v 0.687965 -0.292509 -0.100000
v 0.698829 -0.282450 0.100000
v 0.698829 -0.282450 -0.100000
v 0.709228 -0.271911 0.100000
v 0.709228 -0.271911 -0.100000
v 0.718723 -0.261307 0.100000
v 0.718723 -0.261307 -0.100000
v 0.726875 -0.251056 0.100000
v 0.726875 -0.251056 -0.100000
v 0.733242 -0.241573 0.100000
v 0.733242 -0.241573 -0.100000
v 0.737385 -0.233274 0.100000
v 0.737385 -0.233274 -0.100000
v 0.738863 -0.226574 0.100000
v 0.738863 -0.226574 -0.100000
v 0.738725 -0.223513 0.100000
v 0.738725 -0.223513 -0.100000
v 0.738333 -0.220131 0.100000
v 0.738333 -0.220131 -0.100000
v 0.737723 -0.216494 0.100000
v 0.737723 -0.216494 -0.100000
v 0.736929 -0.212664 0.100000
v 0.736929 -0.212664 -0.100000
v 0.735985 -0.208707 0.100000
v 0.735985 -0.208707 -0.100000
v 0.734927 -0.204685 0.100000
v 0.734927 -0.204685 -0.100000
v 0.733789 -0.200664 0.100000
v 0.733789 -0.200664 -0.100000
v 0.732605 -0.196706 0.100000
v 0.732605 -0.196706 -0.100000
v 0.731411 -0.192876 0.100000
v 0.731411 -0.192876 -0.100000
v 0.730241 -0.189239 0.100000
v 0.730241 -0.189239 -0.100000
v 0.729129 -0.185857 0.100000
v 0.729129 -0.185857 -0.100000
v 0.728111 -0.182796 0.100000
v 0.728111 -0.182796 -0.100000
v 0.725573 -0.174215 0.100000
v 0.725573 -0.174215 -0.100000
v 0.722980 -0.165735 0.100000
v 0.722980 -0.165735 -0.100000
v 0.720370 -0.157330 0.100000
v 0.720370 -0.157330 -0.100000
v 0.717785 -0.148973 0.100000
v 0.717785 -0.148973 -0.100000
v 0.715263 -0.140637 0.100000
v 0.715263 -0.140637 -0.100000
v 0.712846 -0.132296 0.100000
v 0.712846 -0.132296 -0.100000
v 0.710572 -0.123923 0.100000
v 0.710572 -0.123923 -0.100000
v 0.708483 -0.115492 0.100000
v 0.708483 -0.115492 -0.100000
v 0.706617 -0.106975 0.100000
v 0.706617 -0.106975 -0.100000
v 0.705016 -0.098346 0.100000
v 0.705016 -0.098346 -0.100000
v 0.703718 -0.089578 0.100000
v 0.703718 -0.089578 -0.100000
v 0.702765 -0.080645 0.100000
v 0.702765 -0.080645 -0.100000
v 0.701323 -0.062788 0.100000
v 0.701323 -0.062788 -0.100000
v 0.700063 -0.044931 0.100000
v 0.700063 -0.044931 -0.100000
v 0.698973 -0.027074 0.100000
v 0.698973 -0.027074 -0.100000
v 0.698043 -0.009217 0.100000
v 0.698043 -0.009217 -0.100000
v 0.697262 0.008641 0.100000
v 0.697262 0.008641 -0.100000
v 0.696621 0.026498 0.100000
v 0.696621 0.026498 -0.100000
v 0.696107 0.044355 0.100000
v 0.696107 0.044355 -0.100000
v 0.695710 0.062212 0.100000
v 0.695710 0.062212 -0.100000
v 0.695421 0.080069 0.100000
v 0.695421 0.080069 -0.100000
v 0.695227 0.097926 0.100000
v 0.695227 0.097926 -0.100000
v 0.695118 0.115783 0.100000
v 0.695118 0.115783 -0.100000
v 0.695085 0.133641 0.100000
v 0.695085 0.133641 -0.100000
v 0.695021 0.136121 0.100000
v 0.695021 0.136121 -0.100000
v 0.694832 0.138569 0.100000
v 0.694832 0.138569 -0.100000
v 0.694521 0.140985 0.100000
v 0.694521 0.140985 -0.100000
v 0.694089 0.143369 0.100000
v 0.694089 0.143369 -0.100000
v 0.693540 0.145721 0.100000
v 0.693540 0.145721 -0.100000
v 0.692876 0.148041 0.100000
v 0.692876 0.148041 -0.100000
v 0.692101 0.150330 0.100000
v 0.692101 0.150330 -0.100000
v 0.691216 0.152586 0.100000
v 0.691216 0.152586 -0.100000
v 0.690224 0.154810 0.100000
v 0.690224 0.154810 -0.100000
v 0.689129 0.157002 0.100000
v 0.689129 0.157002 -0.100000
v 0.687932 0.159162 0.100000
v 0.687932 0.159162 -0.100000
v 0.686636 0.161290 0.100000
v 0.686636 0.161290 -0.100000
v 0.685259 0.163324 0.100000
v 0.685259 0.163324 -0.100000
v 0.683813 0.165205 0.100000
v 0.683813 0.165205 -0.100000
v 0.682292 0.166943 0.100000
v 0.682292 0.166943 -0.100000
v 0.680691 0.168544 0.100000
v 0.680691 0.168544 -0.100000
v 0.679004 0.170018 0.100000
v 0.679004 0.170018 -0.100000
v 0.677227 0.171371 0.100000
v 0.677227 0.171371 -0.100000
v 0.675354 0.172612 0.100000
v 0.675354 0.172612 -0.100000
v 0.673380 0.173750 0.100000
v 0.673380 0.173750 -0.100000
v 0.671299 0.174791 0.100000
v 0.671299 0.174791 -0.100000
v 0.669106 0.175745 0.100000
v 0.669106 0.175745 -0.100000
v 0.666796 0.176618 0.100000
v 0.666796 0.176618 -0.100000
v 0.664363 0.177419 0.100000
v 0.664363 0.177419 -0.100000
v 0.648415 0.181493 0.100000
v 0.648415 0.181493 -0.100000
v 0.631767 0.184919 0.100000
v 0.631767 0.184919 -0.100000
v 0.614547 0.187752 0.100000
v 0.614547 0.187752 -0.100000
v 0.596888 0.190050 0.100000
v 0.596888 0.190050 -0.100000
v 0.578919 0.191867 0.100000
v 0.578919 0.191867 -0.100000
v 0.560772 0.193260 0.100000
v 0.560772 0.193260 -0.100000
v 0.542576 0.194286 0.100000
v 0.542576 0.194286 -0.100000
v 0.524464 0.194999 0.100000
v 0.524464 0.194999 -0.100000
v 0.506564 0.195457 0.100000
v 0.506564 0.195457 -0.100000
v 0.489009 0.195714 0.100000
v 0.489009 0.195714 -0.100000
v 0.471928 0.195827 0.100000
v 0.471928 0.195827 -0.100000
v 0.455453 0.195853 0.100000
v 0.455453 0.195853 -0.100000
v 0.445085 0.195807 0.100000
v 0.445085 0.195807 -0.100000
v 0.434716 0.195682 0.100000
v 0.434716 0.195682 -0.100000
v 0.424347 0.195493 0.100000
v 0.424347 0.195493 -0.100000
v 0.413979 0.195255 0.100000
v 0.413979 0.195255 -0.100000
v 0.403610 0.194986 0.100000
v 0.403610 0.194986 -0.100000
v 0.393241 0.194700 0.100000
v 0.393241 0.194700 -0.100000
v 0.382873 0.194415 0.100000
v 0.382873 0.194415 -0.100000
v 0.372504 0.194146 0.100000
v 0.372504 0.194146 -0.100000
v 0.362135 0.193908 0.100000
v 0.362135 0.193908 -0.100000
v 0.351767 0.193719 0.100000
v 0.351767 0.193719 -0.100000
v 0.341398 0.193594 0.100000
v 0.341398 0.193594 -0.100000
v 0.331029 0.193548 0.100000
v 0.331029 0.193548 -0.100000
v 0.314685 0.193635 0.100000
v 0.314685 0.193635 -0.100000
v 0.294302 0.193730 0.100000
v 0.294302 0.193730 -0.100000
v 0.270797 0.193584 0.100000
v 0.270797 0.193584 -0.100000
v 0.245093 0.192951 0.100000
v 0.245093 0.192951 -0.100000
v 0.218109 0.191582 0.100000
v 0.218109 0.191582 -0.100000
v 0.190764 0.189228 0.100000
v 0.190764 0.189228 -0.100000
v 0.163980 0.185643 0.100000
v 0.163980 0.185643 -0.100000
v 0.138676 0.180577 0.100000
v 0.138676 0.180577 -0.100000
v 0.115771 0.173783 0.100000
v 0.115771 0.173783 -0.100000
v 0.096188 0.165013 0.100000
v 0.096188 0.165013 -0.100000
v 0.080844 0.154019 0.100000
v 0.080844 0.154019 -0.100000
v 0.070661 0.140553 0.100000
v 0.070661 0.140553 -0.100000
v 0.068190 0.135115 0.100000
v 0.068190 0.135115 -0.100000
v 0.066130 0.129562 0.100000
v 0.066130 0.129562 -0.100000
v 0.064444 0.123908 0.100000
v 0.064444 0.123908 -0.100000
v 0.063094 0.118166 0.100000
v 0.063094 0.118166 -0.100000
v 0.062042 0.112349 0.100000
v 0.062042 0.112349 -0.100000
v 0.061252 0.106471 0.100000
v 0.061252 0.106471 -0.100000
v 0.060686 0.100545 0.100000
v 0.060686 0.100545 -0.100000
v 0.060306 0.094584 0.100000
v 0.060306 0.094584 -0.100000
v 0.060076 0.088602 0.100000
v 0.060076 0.088602 -0.100000
v 0.059958 0.082612 0.100000
v 0.059958 0.082612 -0.100000
v 0.059914 0.076627 0.100000
v 0.059914 0.076627 -0.100000
v 0.059908 0.070661 0.100000
v 0.059908 0.070661 -0.100000
v 0.060127 0.057039 0.100000
v 0.060127 0.057039 -0.100000
v 0.060893 0.044252 0.100000
v 0.060893 0.044252 -0.100000
v 0.062368 0.032366 0.100000
v 0.062368 0.032366 -0.100000
v 0.064715 0.021448 0.100000
v 0.064715 0.021448 -0.100000
v 0.068097 0.011566 0.100000
v 0.068097 0.011566 -0.100000
v 0.072677 0.002784 0.100000
v 0.072677 0.002784 -0.100000
v 0.078616 -0.004829 0.100000
v 0.078616 -0.004829 -0.100000
v 0.086078 -0.011208 0.100000
v 0.086078 -0.011208 -0.100000
v 0.095226 -0.016285 0.100000
v 0.095226 -0.016285 -0.100000
v 0.106222 -0.019994 0.100000
v 0.106222 -0.019994 -0.100000
v 0.119229 -0.022269 0.100000
v 0.119229 -0.022269 -0.100000
v 0.134409 -0.023041 0.100000
v 0.134409 -0.023041 -0.100000
v 0.140169 -0.023011 0.100000
v 0.140169 -0.023011 -0.100000
v 0.145929 -0.022928 0.100000
v 0.145929 -0.022928 -0.100000
v 0.151690 -0.022801 0.100000
v 0.151690 -0.022801 -0.100000
v 0.157450 -0.022643 0.100000
v 0.157450 -0.022643 -0.100000
v 0.163210 -0.022464 0.100000
v 0.163210 -0.022464 -0.100000
v 0.168971 -0.022273 0.100000
v 0.168971 -0.022273 -0.100000
v 0.174731 -0.022083 0.100000
v 0.174731 -0.022083 -0.100000
v 0.180492 -0.021904 0.100000
v 0.180492 -0.021904 -0.100000
v 0.186252 -0.021745 0.100000
v 0.186252 -0.021745 -0.100000
v 0.192012 -0.021619 0.100000
v 0.192012 -0.021619 -0.100000
v 0.197773 -0.021536 0.100000
v 0.197773 -0.021536 -0.100000
v 0.203533 -0.021505 0.100000
v 0.203533 -0.021505 -0.100000
v 0.206744 -0.021485 0.100000
v 0.206744 -0.021485 -0.100000
v 0.210851 -0.021473 0.100000
v 0.210851 -0.021473 -0.100000
v 0.215630 -0.021541 0.100000
v 0.215630 -0.021541 -0.100000
v 0.220857 -0.021761 0.100000
v 0.220857 -0.021761 -0.100000
v 0.226308 -0.022205 0.100000
v 0.226308 -0.022205 -0.100000
v 0.231759 -0.022945 0.100000
v 0.231759 -0.022945 -0.100000
v 0.236986 -0.024054 0.100000
v 0.236986 -0.024054 -0.100000
v 0.241765 -0.025602 0.100000
v 0.241765 -0.025602 -0.100000
v 0.245872 -0.027662 0.100000
v 0.245872 -0.027662 -0.100000
v 0.249083 -0.030306 0.100000
v 0.249083 -0.030306 -0.100000
v 0.251173 -0.033606 0.100000
v 0.251173 -0.033606 -0.100000
v 0.251920 -0.037634 0.100000
v 0.251920 -0.037634 -0.100000
v 0.250372 -0.041310 0.100000
v 0.250372 -0.041310 -0.100000
v 0.246060 -0.044316 0.100000
v 0.246060 -0.044316 -0.100000
v 0.239487 -0.046719 0.100000
v 0.239487 -0.046719 -0.100000
v 0.231154 -0.048586 0.100000
v 0.231154 -0.048586 -0.100000
v 0.221563 -0.049984 0.100000
v 0.221563 -0.049984 -0.100000
v 0.211214 -0.050979 0.100000
v 0.211214 -0.050979 -0.100000
v 0.200608 -0.051638 0.100000
v 0.200608 -0.051638 -0.100000
v 0.190249 -0.052028 0.100000
v 0.190249 -0.052028 -0.100000
v 0.180636 -0.052215 0.100000
v 0.180636 -0.052215 -0.100000
v 0.172271 -0.052266 0.100000
v 0.172271 -0.052266 -0.100000
v 0.165655 -0.052248 0.100000
v 0.165655 -0.052248 -0.100000
v 0.161290 -0.052227 0.100000
v 0.161290 -0.052227 -0.100000
v 0.155146 -0.052197 0.100000
v 0.155146 -0.052197 -0.100000
v 0.149002 -0.052114 0.100000
v 0.149002 -0.052114 -0.100000
v 0.142857 -0.051987 0.100000
v 0.142857 -0.051987 -0.100000
v 0.136713 -0.051829 0.100000
v 0.136713 -0.051829 -0.100000
v 0.130568 -0.051650 0.100000
v 0.130568 -0.051650 -0.100000
v 0.124424 -0.051459 0.100000
v 0.124424 -0.051459 -0.100000
v 0.118280 -0.051269 0.100000
v 0.118280 -0.051269 -0.100000
v 0.112135 -0.051089 0.100000
v 0.112135 -0.051089 -0.100000
v 0.105991 -0.050931 0.100000
v 0.105991 -0.050931 -0.100000
v 0.099846 -0.050805 0.100000
v 0.099846 -0.050805 -0.100000
v 0.093702 -0.050721 0.100000
v 0.093702 -0.050721 -0.100000
v 0.087558 -0.050691 0.100000
v 0.087558 -0.050691 -0.100000
v 0.077848 -0.050926 0.100000
v 0.077848 -0.050926 -0.100000
v 0.069402 -0.051676 0.100000
v 0.069402 -0.051676 -0.100000
v 0.062140 -0.053007 0.100000
v 0.062140 -0.053007 -0.100000
v 0.055982 -0.054987 0.100000
v 0.055982 -0.054987 -0.100000
v 0.050849 -0.057681 0.100000
v 0.050849 -0.057681 -0.100000
v 0.046659 -0.061156 0.100000
v 0.046659 -0.061156 -0.100000
v 0.043333 -0.065479 0.100000
v 0.043333 -0.065479 -0.100000
v 0.040792 -0.070717 0.100000
v 0.040792 -0.070717 -0.100000
v 0.038955 -0.076937 0.100000
v 0.038955 -0.076937 -0.100000
v 0.037741 -0.084204 0.100000
v 0.037741 -0.084204 -0.100000
v 0.037072 -0.092587 0.100000
v 0.037072 -0.092587 -0.100000
v 0.036866 -0.102151 0.100000
v 0.036866 -0.102151 -0.100000
v 0.036949 -0.105558 0.100000
v 0.036949 -0.105558 -0.100000
v 0.037208 -0.108864 0.100000
v 0.037208 -0.108864 -0.100000
v 0.037658 -0.112063 0.100000
v 0.037658 -0.112063 -0.100000
v 0.038317 -0.115150 0.100000
v 0.038317 -0.115150 -0.100000
v 0.039200 -0.118120 0.100000
v 0.039200 -0.118120 -0.100000
v 0.040323 -0.120968 0.100000
v 0.040323 -0.120968 -0.100000
v 0.041701 -0.123687 0.100000
v 0.041701 -0.123687 -0.100000
v 0.043352 -0.126273 0.100000
v 0.043352 -0.126273 -0.100000
v 0.045291 -0.128720 0.100000
v 0.045291 -0.128720 -0.100000
v 0.047534 -0.131023 0.100000
v 0.047534 -0.131023 -0.100000
v 0.050097 -0.133177 0.100000
v 0.050097 -0.133177 -0.100000
v 0.052995 -0.135177 0.100000
v 0.052995 -0.135177 -0.100000
v 0.279170 0.101352 0.100000
v 0.279170 0.101352 -0.100000
v 0.283350 0.101269 0.100000
v 0.283350 0.101269 -0.100000
v 0.287502 0.101142 0.100000
v 0.287502 0.101142 -0.100000
v 0.291631 0.100984 0.100000
v 0.291631 0.100984 -0.100000
v 0.295739 0.100805 0.100000
v 0.295739 0.100805 -0.100000
v 0.299827 0.100614 0.100000
v 0.299827 0.100614 -0.100000
v 0.303900 0.100424 0.100000
v 0.303900 0.100424 -0.100000
v 0.307959 0.100245 0.100000
v 0.307959 0.100245 -0.100000
v 0.312008 0.100086 0.100000
v 0.312008 0.100086 -0.100000
v 0.316049 0.099960 0.100000
v 0.316049 0.099960 -0.100000
v 0.320084 0.099877 0.100000
v 0.320084 0.099877 -0.100000
v 0.324117 0.099846 0.100000
v 0.324117 0.099846 -0.100000
v 0.334677 0.099877 0.100000
v 0.334677 0.099877 -0.100000
v 0.345238 0.099960 0.100000
v 0.345238 0.099960 -0.100000
v 0.355799 0.100086 0.100000
v 0.355799 0.100086 -0.100000
v 0.366359 0.100245 0.100000
v 0.366359 0.100245 -0.100000
v 0.376920 0.100424 0.100000
v 0.376920 0.100424 -0.100000
v 0.387481 0.100614 0.100000
v 0.387481 0.100614 -0.100000
v 0.398041 0.100805 0.100000
v 0.398041 0.100805 -0.100000
v 0.408602 0.100984 0.100000
v 0.408602 0.100984 -0.100000
v 0.419163 0.101142 0.100000
v 0.419163 0.101142 -0.100000
v 0.429724 0.101269 0.100000
v 0.429724 0.101269 -0.100000
v 0.440284 0.101352 0.100000
v 0.440284 0.101352 -0.100000
v 0.450845 0.101382 0.100000
v 0.450845 0.101382 -0.100000
v 0.457268 0.101363 0.100000
v 0.457268 0.101363 -0.100000
v 0.464855 0.101294 0.100000
v 0.464855 0.101294 -0.100000
v 0.473358 0.101154 0.100000
v 0.473358 0.101154 -0.100000
v 0.482534 0.100927 0.100000
v 0.482534 0.100927 -0.100000
v 0.492136 0.100594 0.100000
v 0.492136 0.100594 -0.100000
v 0.501920 0.100134 0.100000
v 0.501920 0.100134 -0.100000
v 0.511640 0.099531 0.100000
v 0.511640 0.099531 -0.100000
v 0.521050 0.098765 0.100000
v 0.521050 0.098765 -0.100000
v 0.529906 0.097818 0.100000
v 0.529906 0.097818 -0.100000
v 0.537962 0.096671 0.100000
v 0.537962 0.096671 -0.100000
v 0.544972 0.095305 0.100000
v 0.544972 0.095305 -0.100000
v 0.550691 0.093702 0.100000
v 0.550691 0.093702 -0.100000
v 0.551987 0.093270 0.100000
v 0.551987 0.093270 -0.100000
v 0.553184 0.092745 0.100000
v 0.553184 0.092745 -0.100000
v 0.554280 0.092130 0.100000
v 0.554280 0.092130 -0.100000
v 0.555271 0.091426 0.100000
v 0.555271 0.091426 -0.100000
v 0.556156 0.090637 0.100000
v 0.556156 0.090637 -0.100000
v 0.556932 0.089766 0.100000
v 0.556932 0.089766 -0.100000
v 0.557595 0.088814 0.100000
v 0.557595 0.088814 -0.100000
v 0.558144 0.087785 0.100000
v 0.558144 0.087785 -0.100000
v 0.558576 0.086682 0.100000
v 0.558576 0.086682 -0.100000
v 0.558887 0.085506 0.100000
v 0.558887 0.085506 -0.100000
v 0.559076 0.084261 0.100000
v 0.559076 0.084261 -0.100000
v 0.559140 0.082949 0.100000
v 0.559140 0.082949 -0.100000
v 0.557984 0.078714 0.100000
v 0.557984 0.078714 -0.100000
v 0.554759 0.075183 0.100000
v 0.554759 0.075183 -0.100000
v 0.549827 0.072293 0.100000
v 0.549827 0.072293 -0.100000
v 0.543551 0.069978 0.100000
v 0.543551 0.069978 -0.100000
v 0.536294 0.068175 0.100000
v 0.536294 0.068175 -0.100000
v 0.528418 0.066820 0.100000
v 0.528418 0.066820 -0.100000
v 0.520286 0.065850 0.100000
v 0.520286 0.065850 -0.100000
v 0.512260 0.065199 0.100000
v 0.512260 0.065199 -0.100000
v 0.504704 0.064804 0.100000
v 0.504704 0.064804 -0.100000
v 0.497980 0.064601 0.100000
v 0.497980 0.064601 -0.100000
v 0.492451 0.064527 0.100000
v 0.492451 0.064527 -0.100000
v 0.488479 0.064516 0.100000
v 0.488479 0.064516 -0.100000
v 0.469278 0.064546 0.100000
v 0.469278 0.064546 -0.100000
v 0.450077 0.064630 0.100000
v 0.450077 0.064630 -0.100000
v 0.430876 0.064756 0.100000
v 0.430876 0.064756 -0.100000
v 0.411674 0.064914 0.100000
v 0.411674 0.064914 -0.100000
v 0.392473 0.065094 0.100000
v 0.392473 0.065094 -0.100000
v 0.373272 0.065284 0.100000
v 0.373272 0.065284 -0.100000
v 0.354071 0.065474 0.100000
v 0.354071 0.065474 -0.100000
v 0.334869 0.065654 0.100000
v 0.334869 0.065654 -0.100000
v 0.315668 0.065812 0.100000
v 0.315668 0.065812 -0.100000
v 0.296467 0.065938 0.100000
v 0.296467 0.065938 -0.100000
v 0.277266 0.066022 0.100000
v 0.277266 0.066022 -0.100000
v 0.258065 0.066052 0.100000
v 0.258065 0.066052 -0.100000
v 0.254612 0.066061 0.100000
v 0.254612 0.066061 -0.100000
v 0.249836 0.066123 0.100000
v 0.249836 0.066123 -0.100000
v 0.244048 0.066292 0.100000
v 0.244048 0.066292 -0.100000
v 0.237555 0.066621 0.100000
v 0.237555 0.066621 -0.100000
v 0.230667 0.067163 0.100000
v 0.230667 0.067163 -0.100000
v 0.223694 0.067972 0.100000
v 0.223694 0.067972 -0.100000
v 0.216945 0.069101 0.100000
v 0.216945 0.069101 -0.100000
v 0.210730 0.070604 0.100000
v 0.210730 0.070604 -0.100000
v 0.205357 0.072533 0.100000
v 0.205357 0.072533 -0.100000
v 0.201136 0.074942 0.100000
v 0.201136 0.074942 -0.100000
v 0.198377 0.077884 0.100000
v 0.198377 0.077884 -0.100000
v 0.197389 0.081413 0.100000
v 0.197389 0.081413 -0.100000
v 0.198666 0.085840 0.100000
v 0.198666 0.085840 -0.100000
v 0.202228 0.089560 0.100000
v 0.202228 0.089560 -0.100000
v 0.207673 0.092634 0.100000
v 0.207673 0.092634 -0.100000
v 0.214599 0.095124 0.100000
v 0.214599 0.095124 -0.100000
v 0.222601 0.097092 0.100000
v 0.222601 0.097092 -0.100000
v 0.231279 0.098598 0.100000
v 0.231279 0.098598 -0.100000
v 0.240228 0.099705 0.100000
v 0.240228 0.099705 -0.100000
v 0.249047 0.100472 0.100000
v 0.249047 0.100472 -0.100000
v 0.257332 0.100962 0.100000
v 0.257332 0.100962 -0.100000
v 0.264682 0.101237 0.100000
v 0.264682 0.101237 -0.100000
v 0.270692 0.101356 0.100000
v 0.270692 0.101356 -0.100000
v 0.274962 0.101382 0.100000
v 0.274962 0.101382 -0.100000
v 0.427881 -0.052942 0.100000
v 0.427881 -0.052942 -0.100000
v 0.424713 -0.052757 0.100000
v 0.424713 -0.052757 -0.100000
v 0.421455 -0.052407 0.100000
v 0.421455 -0.052407 -0.100000
v 0.418189 -0.051858 0.100000
v 0.418189 -0.051858 -0.100000
v 0.414997 -0.051073 0.100000
v 0.414997 -0.051073 -0.100000
v 0.411962 -0.050019 0.100000
v 0.411962 -0.050019 -0.100000
v 0.409168 -0.048661 0.100000
v 0.409168 -0.048661 -0.100000
v 0.406696 -0.046965 0.100000
v 0.406696 -0.046965 -0.100000
v 0.404630 -0.044895 0.100000
v 0.404630 -0.044895 -0.100000
v 0.403052 -0.042417 0.100000
v 0.403052 -0.042417 -0.100000
v 0.402044 -0.039496 0.100000
v 0.402044 -0.039496 -0.100000
v 0.401690 -0.036098 0.100000
v 0.401690 -0.036098 -0.100000
v 0.402572 -0.032599 0.100000
v 0.402572 -0.032599 -0.100000
v 0.405032 -0.029741 0.100000
v 0.405032 -0.029741 -0.100000
v 0.408794 -0.027458 0.100000
v 0.408794 -0.027458 -0.100000
v 0.413580 -0.025687 0.100000
v 0.413580 -0.025687 -0.100000
v 0.419113 -0.024364 0.100000
v 0.419113 -0.024364 -0.100000
v 0.425115 -0.023425 0.100000
v 0.425115 -0.023425 -0.100000
v 0.431309 -0.022807 0.100000
v 0.431309 -0.022807 -0.100000
v 0.437418 -0.022444 0.100000
v 0.437418 -0.022444 -0.100000
v 0.443164 -0.022273 0.100000
v 0.443164 -0.022273 -0.100000
v 0.448270 -0.022231 0.100000
v 0.448270 -0.022231 -0.100000
v 0.452459 -0.022252 0.100000
v 0.452459 -0.022252 -0.100000
v 0.455453 -0.022273 0.100000
v 0.455453 -0.022273 -0.100000
v 0.459485 -0.022228 0.100000
v 0.459485 -0.022228 -0.100000
v 0.463518 -0.022103 0.100000
v 0.463518 -0.022103 -0.100000
v 0.467550 -0.021913 0.100000
v 0.467550 -0.021913 -0.100000
v 0.471582 -0.021676 0.100000
v 0.471582 -0.021676 -0.100000
v 0.475614 -0.021407 0.100000
v 0.475614 -0.021407 -0.100000
v 0.479647 -0.021121 0.100000
v 0.479647 -0.021121 -0.100000
v 0.483679 -0.020836 0.100000
v 0.483679 -0.020836 -0.100000
v 0.487711 -0.020567 0.100000
v 0.487711 -0.020567 -0.100000
v 0.491744 -0.020329 0.100000
v 0.491744 -0.020329 -0.100000
v 0.495776 -0.020140 0.100000
v 0.495776 -0.020140 -0.100000
v 0.499808 -0.020015 0.100000
v 0.499808 -0.020015 -0.100000
v 0.503840 -0.019969 0.100000
v 0.503840 -0.019969 -0.100000
v 0.507863 -0.019981 0.100000
v 0.507863 -0.019981 -0.100000
v 0.512851 -0.020062 0.100000
v 0.512851 -0.020062 -0.100000
v 0.518553 -0.020281 0.100000
v 0.518553 -0.020281 -0.100000
v 0.524720 -0.020709 0.100000
v 0.524720 -0.020709 -0.100000
v 0.531100 -0.021414 0.100000
v 0.531100 -0.021414 -0.100000
v 0.537442 -0.022465 0.100000
v 0.537442 -0.022465 -0.100000
v 0.543497 -0.023933 0.100000
v 0.543497 -0.023933 -0.100000
v 0.549013 -0.025886 0.100000
v 0.549013 -0.025886 -0.100000
v 0.553739 -0.028394 0.100000
v 0.553739 -0.028394 -0.100000
v 0.557426 -0.031526 0.100000
v 0.557426 -0.031526 -0.100000
v 0.559822 -0.035351 0.100000
v 0.559822 -0.035351 -0.100000
v 0.560676 -0.039939 0.100000
v 0.560676 -0.039939 -0.100000
v 0.559795 -0.042616 0.100000
v 0.559795 -0.042616 -0.100000
v 0.557337 -0.044906 0.100000
v 0.557337 -0.044906 -0.100000
v 0.553583 -0.046839 0.100000
v 0.553583 -0.046839 -0.100000
v 0.548814 -0.048444 0.100000
v 0.548814 -0.048444 -0.100000
v 0.543308 -0.049750 0.100000
v 0.543308 -0.049750 -0.100000
v 0.537346 -0.050787 0.100000
v 0.537346 -0.050787 -0.100000
v 0.531209 -0.051584 0.100000
v 0.531209 -0.051584 -0.100000
v 0.525175 -0.052170 0.100000
v 0.525175 -0.052170 -0.100000
v 0.519525 -0.052575 0.100000
v 0.519525 -0.052575 -0.100000
v 0.514540 -0.052828 0.100000
v 0.514540 -0.052828 -0.100000
v 0.510498 -0.052958 0.100000
v 0.510498 -0.052958 -0.100000
v 0.507681 -0.052995 0.100000
v 0.507681 -0.052995 -0.100000
v 0.430876 -0.052995 0.100000
v 0.430876 -0.052995 -0.100000
v 0.534509 -0.151597 0.100000
v 0.534509 -0.151597 -0.100000
v 0.541628 -0.152483 0.100000
v 0.541628 -0.152483 -0.100000
v 0.548207 -0.153982 0.100000
v 0.548207 -0.153982 -0.100000
v 0.554219 -0.156113 0.100000
v 0.554219 -0.156113 -0.100000
v 0.559633 -0.158895 0.100000
v 0.559633 -0.158895 -0.100000
v 0.564420 -0.162346 0.100000
v 0.564420 -0.162346 -0.100000
v 0.568552 -0.166486 0.100000
v 0.568552 -0.166486 -0.100000
v 0.571998 -0.171332 0.100000
v 0.571998 -0.171332 -0.100000
v 0.574729 -0.176903 0.100000
v 0.574729 -0.176903 -0.100000
v 0.576716 -0.183219 0.100000
v 0.576716 -0.183219 -0.100000
v 0.577930 -0.190297 0.100000
v 0.577930 -0.190297 -0.100000
v 0.578341 -0.198157 0.100000
v 0.578341 -0.198157 -0.100000
v 0.578170 -0.200410 0.100000
v 0.578170 -0.200410 -0.100000
v 0.577676 -0.202552 0.100000
v 0.577676 -0.202552 -0.100000
v 0.576889 -0.204565 0.100000
v 0.576889 -0.204565 -0.100000
v 0.575838 -0.206435 0.100000
v 0.575838 -0.206435 -0.100000
v 0.574552 -0.208144 0.100000
v 0.574552 -0.208144 -0.100000
v 0.573061 -0.209677 0.100000
v 0.573061 -0.209677 -0.100000
v 0.571393 -0.211019 0.100000
v 0.571393 -0.211019 -0.100000
v 0.569580 -0.212152 0.100000
v 0.569580 -0.212152 -0.100000
v 0.567648 -0.213062 0.100000
v 0.567648 -0.213062 -0.100000
v 0.565629 -0.213731 0.100000
v 0.565629 -0.213731 -0.100000
v 0.563551 -0.214144 0.100000
v 0.563551 -0.214144 -0.100000
v 0.561444 -0.214286 0.100000
v 0.561444 -0.214286 -0.100000
v 0.556117 -0.213717 0.100000
v 0.556117 -0.213717 -0.100000
v 0.548202 -0.212106 0.100000
v 0.548202 -0.212106 -0.100000
v 0.538283 -0.209593 0.100000
v 0.538283 -0.209593 -0.100000
v 0.526939 -0.206321 0.100000
v 0.526939 -0.206321 -0.100000
v 0.514752 -0.202429 0.100000
v 0.514752 -0.202429 -0.100000
v 0.502304 -0.198061 0.100000
v 0.502304 -0.198061 -0.100000
v 0.490176 -0.193356 0.100000
v 0.490176 -0.193356 -0.100000
v 0.478950 -0.188456 0.100000
v 0.478950 -0.188456 -0.100000
v 0.469206 -0.183504 0.100000
v 0.469206 -0.183504 -0.100000
v 0.461526 -0.178639 0.100000
v 0.461526 -0.178639 -0.100000
v 0.456492 -0.174004 0.100000
v 0.456492 -0.174004 -0.100000
v 0.454685 -0.169739 0.100000
v 0.454685 -0.169739 -0.100000
v 0.455523 -0.165827 0.100000
v 0.455523 -0.165827 -0.100000
v 0.457871 -0.162506 0.100000
v 0.457871 -0.162506 -0.100000
v 0.461478 -0.159730 0.100000
v 0.461478 -0.159730 -0.100000
v 0.466092 -0.157450 0.100000
v 0.466092 -0.157450 -0.100000
v 0.471464 -0.155618 0.100000
v 0.471464 -0.155618 -0.100000
v 0.477343 -0.154186 0.100000
v 0.477343 -0.154186 -0.100000
v 0.483477 -0.153106 0.100000
v 0.483477 -0.153106 -0.100000
v 0.489617 -0.152330 0.100000
v 0.489617 -0.152330 -0.100000
v 0.495512 -0.151810 0.100000
v 0.495512 -0.151810 -0.100000
v 0.500910 -0.151498 0.100000
v 0.500910 -0.151498 -0.100000
v 0.505562 -0.151346 0.100000
v 0.505562 -0.151346 -0.100000
v 0.509217 -0.151306 0.100000
v 0.509217 -0.151306 -0.100000
v 0.526882 -0.151306 0.100000
v 0.526882 -0.151306 -0.100000
v -0.459124 0.079962 0.100000
v -0.459124 0.079962 -0.100000
v -0.460115 0.079017 0.100000
v -0.460115 0.079017 -0.100000
v -0.461442 0.078509 0.100000
v -0.461442 0.078509 -0.100000
v -0.463048 0.078369 0.100000
v -0.463048 0.078369 -0.100000
v -0.464879 0.078529 0.100000
v -0.464879 0.078529 -0.100000
v -0.466878 0.078917 0.100000
v -0.466878 0.078917 -0.100000
v -0.468989 0.079466 0.100000
v -0.468989 0.079466 -0.100000
v -0.471155 0.080105 0.100000
v -0.471155 0.080105 -0.100000
v -0.473322 0.080765 0.100000
v -0.473322 0.080765 -0.100000
v -0.475433 0.081378 0.100000
v -0.475433 0.081378 -0.100000
v -0.477432 0.081873 0.100000
v -0.477432 0.081873 -0.100000
v -0.479263 0.082181 0.100000
v -0.479263 0.082181 -0.100000
v -0.506645 0.083495 0.100000
v -0.506645 0.083495 -0.100000
v -0.533641 0.083024 0.100000
v -0.533641 0.083024 -0.100000
v -0.559896 0.080489 0.100000
v -0.559896 0.080489 -0.100000
v -0.585054 0.075610 0.100000
v -0.585054 0.075610 -0.100000
v -0.608762 0.068107 0.100000
v -0.608762 0.068107 -0.100000
v -0.630664 0.057700 0.100000
v -0.630664 0.057700 -0.100000
v -0.650406 0.044108 0.100000
v -0.650406 0.044108 -0.100000
v -0.667634 0.027052 0.100000
v -0.667634 0.027052 -0.100000
v -0.681992 0.006252 0.100000
v -0.681992 0.006252 -0.100000
v -0.693125 -0.018572 0.100000
v -0.693125 -0.018572 -0.100000
v -0.700680 -0.047700 0.100000
v -0.700680 -0.047700 -0.100000
v -0.704301 -0.081413 0.100000
v -0.704301 -0.081413 -0.100000
v -0.701977 -0.122930 0.100000
v -0.701977 -0.122930 -0.100000
v -0.691788 -0.160024 0.100000
v -0.691788 -0.160024 -0.100000
v -0.674671 -0.192852 0.100000
v -0.674671 -0.192852 -0.100000
v -0.651562 -0.221568 0.100000
v -0.651562 -0.221568 -0.100000
v -0.623396 -0.246326 0.100000
v -0.623396 -0.246326 -0.100000
v -0.591110 -0.267281 0.100000
v -0.591110 -0.267281 -0.100000
v -0.555640 -0.284588 0.100000
v -0.555640 -0.284588 -0.100000
v -0.517921 -0.298401 0.100000
v -0.517921 -0.298401 -0.100000
v -0.478891 -0.308876 0.100000
v -0.478891 -0.308876 -0.100000
v -0.439484 -0.316166 0.100000
v -0.439484 -0.316166 -0.100000
v -0.400638 -0.320427 0.100000
v -0.400638 -0.320427 -0.100000
v -0.363287 -0.321813 0.100000
v -0.363287 -0.321813 -0.100000
v -0.339055 -0.320990 0.100000
v -0.339055 -0.320990 -0.100000
v -0.313627 -0.318435 0.100000
v -0.313627 -0.318435 -0.100000
v -0.287634 -0.314012 0.100000
v -0.287634 -0.314012 -0.100000
v -0.261706 -0.307590 0.100000
v -0.261706 -0.307590 -0.100000
v -0.236470 -0.299033 0.100000
v -0.236470 -0.299033 -0.100000
v -0.212558 -0.288210 0.100000
v -0.212558 -0.288210 -0.100000
v -0.190597 -0.274987 0.100000
v -0.190597 -0.274987 -0.100000
v -0.171218 -0.259231 0.100000
v -0.171218 -0.259231 -0.100000
v -0.155050 -0.240807 0.100000
v -0.155050 -0.240807 -0.100000
v -0.142722 -0.219584 0.100000
v -0.142722 -0.219584 -0.100000
v -0.134864 -0.195427 0.100000
v -0.134864 -0.195427 -0.100000
v -0.132104 -0.168203 0.100000
v -0.132104 -0.168203 -0.100000
v -0.134625 -0.146368 0.100000
v -0.134625 -0.146368 -0.100000
v -0.141769 -0.127229 0.100000
v -0.141769 -0.127229 -0.100000
v -0.152914 -0.110635 0.100000
v -0.152914 -0.110635 -0.100000
v -0.167435 -0.096433 0.100000
v -0.167435 -0.096433 -0.100000
v -0.184708 -0.084471 0.100000
v -0.184708 -0.084471 -0.100000
v -0.204109 -0.074597 0.100000
v -0.204109 -0.074597 -0.100000
v -0.225014 -0.066659 0.100000
v -0.225014 -0.066659 -0.100000
v -0.246800 -0.060505 0.100000
v -0.246800 -0.060505 -0.100000
v -0.268841 -0.055984 0.100000
v -0.268841 -0.055984 -0.100000
v -0.290515 -0.052942 0.100000
v -0.290515 -0.052942 -0.100000
v -0.311196 -0.051229 0.100000
v -0.311196 -0.051229 -0.100000
v -0.330261 -0.050691 0.100000
v -0.330261 -0.050691 -0.100000
v -0.353464 -0.050709 0.100000
v -0.353464 -0.050709 -0.100000
v -0.375391 -0.051029 0.100000
v -0.375391 -0.051029 -0.100000
v -0.395953 -0.052047 0.100000
v -0.395953 -0.052047 -0.100000
v -0.415059 -0.054162 0.100000
v -0.415059 -0.054162 -0.100000
v -0.432619 -0.057769 0.100000
v -0.432619 -0.057769 -0.100000
v -0.448541 -0.063268 0.100000
v -0.448541 -0.063268 -0.100000
v -0.462735 -0.071055 0.100000
v -0.462735 -0.071055 -0.100000
v -0.475110 -0.081527 0.100000
v -0.475110 -0.081527 -0.100000
v -0.485575 -0.095082 0.100000
v -0.485575 -0.095082 -0.100000
v -0.494041 -0.112117 0.100000
v -0.494041 -0.112117 -0.100000
v -0.500415 -0.133030 0.100000
v -0.500415 -0.133030 -0.100000
v -0.504608 -0.158218 0.100000
v -0.504608 -0.158218 -0.100000
v -0.509352 -0.155308 0.100000
v -0.509352 -0.155308 -0.100000
v -0.513949 -0.151643 0.100000
v -0.513949 -0.151643 -0.100000
v -0.518349 -0.147333 0.100000
v -0.518349 -0.147333 -0.100000
v -0.522501 -0.142487 0.100000
v -0.522501 -0.142487 -0.100000
v -0.526354 -0.137215 0.100000
v -0.526354 -0.137215 -0.100000
v -0.529858 -0.131624 0.100000
v -0.529858 -0.131624 -0.100000
v -0.532962 -0.125826 0.100000
v -0.532962 -0.125826 -0.100000
v -0.535615 -0.119929 0.100000
v -0.535615 -0.119929 -0.100000
v -0.537766 -0.114043 0.100000
v -0.537766 -0.114043 -0.100000
v -0.539366 -0.108277 0.100000
v -0.539366 -0.108277 -0.100000
v -0.540363 -0.102740 0.100000
v -0.540363 -0.102740 -0.100000
v -0.540707 -0.097542 0.100000
v -0.540707 -0.097542 -0.100000
v -0.539046 -0.082640 0.100000
v -0.539046 -0.082640 -0.100000
v -0.534335 -0.069718 0.100000
v -0.534335 -0.069718 -0.100000
v -0.526978 -0.058648 0.100000
v -0.526978 -0.058648 -0.100000
v -0.517381 -0.049297 0.100000
v -0.517381 -0.049297 -0.100000
v -0.505949 -0.041536 0.100000
v -0.505949 -0.041536 -0.100000
v -0.493088 -0.035234 0.100000
v -0.493088 -0.035234 -0.100000
v -0.479202 -0.030260 0.100000
v -0.479202 -0.030260 -0.100000
v -0.464698 -0.026483 0.100000
v -0.464698 -0.026483 -0.100000
v -0.449981 -0.023774 0.100000
v -0.449981 -0.023774 -0.100000
v -0.435455 -0.022000 0.100000
v -0.435455 -0.022000 -0.100000
v -0.421527 -0.021031 0.100000
v -0.421527 -0.021031 -0.100000
v -0.408602 -0.020737 0.100000
v -0.408602 -0.020737 -0.100000
v -0.393657 -0.020823 0.100000
v -0.393657 -0.020823 -0.100000
v -0.378773 -0.021100 0.100000
v -0.378773 -0.021100 -0.100000
v -0.363947 -0.021601 0.100000
v -0.363947 -0.021601 -0.100000
v -0.349178 -0.022359 0.100000
v -0.349178 -0.022359 -0.100000
v -0.334462 -0.023404 0.100000
v -0.334462 -0.023404 -0.100000
v -0.319797 -0.024770 0.100000
v -0.319797 -0.024770 -0.100000
v -0.305179 -0.026487 0.100000
v -0.305179 -0.026487 -0.100000
v -0.290607 -0.028588 0.100000
v -0.290607 -0.028588 -0.100000
v -0.276078 -0.031106 0.100000
v -0.276078 -0.031106 -0.100000
v -0.261588 -0.034072 0.100000
v -0.261588 -0.034072 -0.100000
v -0.247136 -0.037517 0.100000
v -0.247136 -0.037517 -0.100000
v -0.232719 -0.041475 0.100000
v -0.232719 -0.041475 -0.100000
v -0.226675 -0.043325 0.100000
v -0.226675 -0.043325 -0.100000
v -0.219125 -0.045713 0.100000
v -0.219125 -0.045713 -0.100000
v -0.210385 -0.048507 0.100000
v -0.210385 -0.048507 -0.100000
v -0.200774 -0.051573 0.100000
v -0.200774 -0.051573 -0.100000
v -0.190607 -0.054778 0.100000
v -0.190607 -0.054778 -0.100000
v -0.180204 -0.057988 0.100000
v -0.180204 -0.057988 -0.100000
v -0.169880 -0.061070 0.100000
v -0.169880 -0.061070 -0.100000
v -0.159953 -0.063890 0.100000
v -0.159953 -0.063890 -0.100000
v -0.150742 -0.066316 0.100000
v -0.150742 -0.066316 -0.100000
v -0.142562 -0.068214 0.100000
v -0.142562 -0.068214 -0.100000
v -0.135732 -0.069451 0.100000
v -0.135732 -0.069451 -0.100000
v -0.130568 -0.069892 0.100000
v -0.130568 -0.069892 -0.100000
v -0.123082 -0.069211 0.100000
v -0.123082 -0.069211 -0.100000
v -0.115673 -0.067254 0.100000
v -0.115673 -0.067254 -0.100000
v -0.108451 -0.064156 0.100000
v -0.108451 -0.064156 -0.100000
v -0.101525 -0.060050 0.100000
v -0.101525 -0.060050 -0.100000
v -0.095004 -0.055069 0.100000
v -0.095004 -0.055069 -0.100000
v -0.088998 -0.049347 0.100000
v -0.088998 -0.049347 -0.100000
v -0.083616 -0.043017 0.100000
v -0.083616 -0.043017 -0.100000
v -0.078967 -0.036212 0.100000
v -0.078967 -0.036212 -0.100000
v -0.075161 -0.029066 0.100000
v -0.075161 -0.029066 -0.100000
v -0.072307 -0.021712 0.100000
v -0.072307 -0.021712 -0.100000
v -0.070514 -0.014283 0.100000
v -0.070514 -0.014283 -0.100000
v -0.069892 -0.006912 0.100000
v -0.069892 -0.006912 -0.100000
v -0.070049 -0.003475 0.100000
v -0.070049 -0.003475 -0.100000
v -0.070508 -0.000085 0.100000
v -0.070508 -0.000085 -0.100000
v -0.071249 0.003240 0.100000
v -0.071249 0.003240 -0.100000
v -0.072254 0.006486 0.100000
v -0.072254 0.006486 -0.100000
v -0.073504 0.009635 0.100000
v -0.073504 0.009635 -0.100000
v -0.074981 0.012673 0.100000
v -0.074981 0.012673 -0.100000
v -0.076666 0.015582 0.100000
v -0.076666 0.015582 -0.100000
v -0.078540 0.018348 0.100000
v -0.078540 0.018348 -0.100000
v -0.080585 0.020953 0.100000
v -0.080585 0.020953 -0.100000
v -0.082782 0.023383 0.100000
v -0.082782 0.023383 -0.100000
v -0.085113 0.025620 0.100000
v -0.085113 0.025620 -0.100000
v -0.087558 0.027650 0.100000
v -0.087558 0.027650 -0.100000
v -0.092757 0.031190 0.100000
v -0.092757 0.031190 -0.100000
v -0.097987 0.034534 0.100000
v -0.097987 0.034534 -0.100000
v -0.103243 0.037706 0.100000
v -0.103243 0.037706 -0.100000
v -0.108522 0.040735 0.100000
v -0.108522 0.040735 -0.100000
v -0.113824 0.043646 0.100000
v -0.113824 0.043646 -0.100000
v -0.119144 0.046467 0.100000
v -0.119144 0.046467 -0.100000
v -0.124480 0.049224 0.100000
v -0.124480 0.049224 -0.100000
v -0.129829 0.051943 0.100000
v -0.129829 0.051943 -0.100000
v -0.135189 0.054651 0.100000
v -0.135189 0.054651 -0.100000
v -0.140557 0.057376 0.100000
v -0.140557 0.057376 -0.100000
v -0.145930 0.060143 0.100000
v -0.145930 0.060143 -0.100000
v -0.151306 0.062980 0.100000
v -0.151306 0.062980 -0.100000
v -0.159208 0.067543 0.100000
v -0.159208 0.067543 -0.100000
v -0.171517 0.074398 0.100000
v -0.171517 0.074398 -0.100000
v -0.187260 0.083081 0.100000
v -0.187260 0.083081 -0.100000
v -0.205467 0.093133 0.100000
v -0.205467 0.093133 -0.100000
v -0.225168 0.104092 0.100000
v -0.225168 0.104092 -0.100000
v -0.245392 0.115495 0.100000
v -0.245392 0.115495 -0.100000
v -0.265167 0.126883 0.100000
v -0.265167 0.126883 -0.100000
v -0.283524 0.137794 0.100000
v -0.283524 0.137794 -0.100000
v -0.299491 0.147765 0.100000
v -0.299491 0.147765 -0.100000
v -0.312098 0.156337 0.100000
v -0.312098 0.156337 -0.100000
v -0.320374 0.163047 0.100000
v -0.320374 0.163047 -0.100000
v -0.323349 0.167435 0.100000
v -0.323349 0.167435 -0.100000
v -0.322856 0.169536 0.100000
v -0.322856 0.169536 -0.100000
v -0.321453 0.171250 0.100000
v -0.321453 0.171250 -0.100000
v -0.319256 0.172607 0.100000
v -0.319256 0.172607 -0.100000
v -0.316379 0.173636 0.100000
v -0.316379 0.173636 -0.100000
v -0.312937 0.174366 0.100000
v -0.312937 0.174366 -0.100000
v -0.309044 0.174827 0.100000
v -0.309044 0.174827 -0.100000
v -0.304815 0.175048 0.100000
v -0.304815 0.175048 -0.100000
v -0.300364 0.175058 0.100000
v -0.300364 0.175058 -0.100000
v -0.295807 0.174887 0.100000
v -0.295807 0.174887 -0.100000
v -0.291258 0.174564 0.100000
v -0.291258 0.174564 -0.100000
v -0.286831 0.174118 0.100000
v -0.286831 0.174118 -0.100000
v -0.282642 0.173579 0.100000
v -0.282642 0.173579 -0.100000
v -0.272096 0.171941 0.100000
v -0.272096 0.171941 -0.100000
v -0.261574 0.170137 0.100000
v -0.261574 0.170137 -0.100000
v -0.251068 0.168227 0.100000
v -0.251068 0.168227 -0.100000
v -0.240570 0.166268 0.100000
v -0.240570 0.166268 -0.100000
v -0.230072 0.164321 0.100000
v -0.230072 0.164321 -0.100000
v -0.219566 0.162442 0.100000
v -0.219566 0.162442 -0.100000
v -0.209044 0.160692 0.100000
v -0.209044 0.160692 -0.100000
v -0.198498 0.159128 0.100000
v -0.198498 0.159128 -0.100000
v -0.187920 0.157810 0.100000
v -0.187920 0.157810 -0.100000
v -0.177302 0.156796 0.100000
v -0.177302 0.156796 -0.100000
v -0.166636 0.156144 0.100000
v -0.166636 0.156144 -0.100000
v -0.155914 0.155914 0.100000
v -0.155914 0.155914 -0.100000
v -0.149113 0.156403 0.100000
v -0.149113 0.156403 -0.100000
v -0.142918 0.157841 0.100000
v -0.142918 0.157841 -0.100000
v -0.137325 0.160186 0.100000
v -0.137325 0.160186 -0.100000
v -0.132332 0.163395 0.100000
v -0.132332 0.163395 -0.100000
v -0.127937 0.167426 0.100000
v -0.127937 0.167426 -0.100000
v -0.124136 0.172235 0.100000
v -0.124136 0.172235 -0.100000
v -0.120927 0.177780 0.100000
v -0.120927 0.177780 -0.100000
v -0.118308 0.184019 0.100000
v -0.118308 0.184019 -0.100000
v -0.116275 0.190908 0.100000
v -0.116275 0.190908 -0.100000
v -0.114827 0.198406 0.100000
v -0.114827 0.198406 -0.100000
v -0.113960 0.206468 0.100000
v -0.113960 0.206468 -0.100000
v -0.113671 0.215054 0.100000
v -0.113671 0.215054 -0.100000
v -0.113616 0.219599 0.100000
v -0.113616 0.219599 -0.100000
v -0.113483 0.225046 0.100000
v -0.113483 0.225046 -0.100000
v -0.113323 0.231207 0.100000
v -0.113323 0.231207 -0.100000
v -0.113188 0.237896 0.100000
v -0.113188 0.237896 -0.100000
v -0.113127 0.244927 0.100000
v -0.113127 0.244927 -0.100000
v -0.113191 0.252112 0.100000
v -0.113191 0.252112 -0.100000
v -0.113432 0.259265 0.100000
v -0.113432 0.259265 -0.100000
v -0.113899 0.266200 0.100000
v -0.113899 0.266200 -0.100000
v -0.114643 0.272729 0.100000
v -0.114643 0.272729 -0.100000
v -0.115716 0.278667 0.100000
v -0.115716 0.278667 -0.100000
v -0.117167 0.283825 0.100000
v -0.117167 0.283825 -0.100000
v -0.119048 0.288018 0.100000
v -0.119048 0.288018 -0.100000
v -0.126761 0.296302 0.100000
v -0.126761 0.296302 -0.100000
v -0.138323 0.302508 0.100000
v -0.138323 0.302508 -0.100000
v -0.153070 0.306896 0.100000
v -0.153070 0.306896 -0.100000
v -0.170336 0.309723 0.100000
v -0.170336 0.309723 -0.100000
v -0.189459 0.311249 0.100000
v -0.189459 0.311249 -0.100000
v -0.209773 0.311732 0.100000
v -0.209773 0.311732 -0.100000
v -0.230616 0.311431 0.100000
v -0.230616 0.311431 -0.100000
v -0.251323 0.310605 0.100000
v -0.251323 0.310605 -0.100000
v -0.271229 0.309512 0.100000
v -0.271229 0.309512 -0.100000
v -0.289672 0.308411 0.100000
v -0.289672 0.308411 -0.100000
v -0.305986 0.307561 0.100000
v -0.305986 0.307561 -0.100000
v -0.319508 0.307220 0.100000
v -0.319508 0.307220 -0.100000
v -0.332724 0.307219 0.100000
v -0.332724 0.307219 -0.100000
v -0.345871 0.307213 0.100000
v -0.345871 0.307213 -0.100000
v -0.358943 0.307196 0.100000
v -0.358943 0.307196 -0.100000
v -0.371935 0.307163 0.100000
v -0.371935 0.307163 -0.100000
v -0.384842 0.307109 0.100000
v -0.384842 0.307109 -0.100000
v -0.397657 0.307028 0.100000
v -0.397657 0.307028 -0.100000
v -0.410377 0.306915 0.100000
v -0.410377 0.306915 -0.100000
v -0.422996 0.306765 0.100000
v -0.422996 0.306765 -0.100000
v -0.435508 0.306572 0.100000
v -0.435508 0.306572 -0.100000
v -0.447908 0.306331 0.100000
v -0.447908 0.306331 -0.100000
v -0.460190 0.306037 0.100000
v -0.460190 0.306037 -0.100000
v -0.472350 0.305684 0.100000
v -0.472350 0.305684 -0.100000
v -0.484918 0.305216 0.100000
v -0.484918 0.305216 -0.100000
v -0.497941 0.304503 0.100000
v -0.497941 0.304503 -0.100000
v -0.511269 0.303427 0.100000
v -0.511269 0.303427 -0.100000
v -0.524748 0.301872 0.100000
v -0.524748 0.301872 -0.100000
v -0.538228 0.299719 0.100000
v -0.538228 0.299719 -0.100000
v -0.551555 0.296851 0.100000
v -0.551555 0.296851 -0.100000
v -0.564579 0.293151 0.100000
v -0.564579 0.293151 -0.100000
v -0.577146 0.288502 0.100000
v -0.577146 0.288502 -0.100000
v -0.589106 0.282786 0.100000
v -0.589106 0.282786 -0.100000
v -0.600305 0.275886 0.100000
v -0.600305 0.275886 -0.100000
v -0.610592 0.267685 0.100000
v -0.610592 0.267685 -0.100000
v -0.619816 0.258065 0.100000
v -0.619816 0.258065 -0.100000
v -0.622316 0.254768 0.100000
v -0.622316 0.254768 -0.100000
v -0.624460 0.251408 0.100000
v -0.624460 0.251408 -0.100000
v -0.626272 0.247984 0.100000
v -0.626272 0.247984 -0.100000
v -0.627781 0.244496 0.100000
v -0.627781 0.244496 -0.100000
v -0.629012 0.240943 0.100000
v -0.629012 0.240943 -0.100000
v -0.629992 0.237327 0.100000
v -0.629992 0.237327 -0.100000
v -0.630749 0.233647 0.100000
v -0.630749 0.233647 -0.100000
v -0.631308 0.229903 0.100000
v -0.631308 0.229903 -0.100000
v -0.631696 0.226094 0.100000
v -0.631696 0.226094 -0.100000
v -0.631941 0.222222 0.100000
v -0.631941 0.222222 -0.100000
v -0.632068 0.218286 0.100000
v -0.632068 0.218286 -0.100000
v -0.632104 0.214286 0.100000
v -0.632104 0.214286 -0.100000
v -0.630112 0.198776 0.100000
v -0.630112 0.198776 -0.100000
v -0.624488 0.184808 0.100000
v -0.624488 0.184808 -0.100000
v -0.615759 0.172259 0.100000
v -0.615759 0.172259 -0.100000
v -0.604455 0.161006 0.100000
v -0.604455 0.161006 -0.100000
v -0.591102 0.150926 0.100000
v -0.591102 0.150926 -0.100000
v -0.576229 0.141897 0.100000
v -0.576229 0.141897 -0.100000
v -0.560364 0.133796 0.100000
v -0.560364 0.133796 -0.100000
v -0.544035 0.126501 0.100000
v -0.544035 0.126501 -0.100000
v -0.527770 0.119888 0.100000
v -0.527770 0.119888 -0.100000
v -0.512097 0.113835 0.100000
v -0.512097 0.113835 -0.100000
v -0.497544 0.108219 0.100000
v -0.497544 0.108219 -0.100000
v -0.484639 0.102919 0.100000
v -0.484639 0.102919 -0.100000
v -0.481632 0.101234 0.100000
v -0.481632 0.101234 -0.100000
v -0.478438 0.099939 0.100000
v -0.478438 0.099939 -0.100000
v -0.475158 0.098910 0.100000
v -0.475158 0.098910 -0.100000
v -0.471895 0.098026 0.100000
v -0.471895 0.098026 -0.100000
v -0.468749 0.097163 0.100000
v -0.468749 0.097163 -0.100000
v -0.465822 0.096198 0.100000
v -0.465822 0.096198 -0.100000
v -0.463215 0.095010 0.100000
v -0.463215 0.095010 -0.100000
v -0.461029 0.093474 0.100000
v -0.461029 0.093474 -0.100000
v -0.459365 0.091470 0.100000
v -0.459365 0.091470 -0.100000
v -0.458326 0.088873 0.100000
v -0.458326 0.088873 -0.100000
v -0.458012 0.085562 0.100000
v -0.458012 0.085562 -0.100000
v -0.458525 0.081413 0.100000
v -0.458525 0.081413 -0.100000
v -0.312486 -0.149903 0.100000
v -0.312486 -0.149903 -0.100000
v -0.307618 -0.150328 0.100000
v -0.307618 -0.150328 -0.100000
v -0.302707 -0.151078 0.100000
v -0.302707 -0.151078 -0.100000
v -0.297861 -0.152188 0.100000
v -0.297861 -0.152188 -0.100000
v -0.293185 -0.153692 0.100000
v -0.293185 -0.153692 -0.100000
v -0.288786 -0.155626 0.100000
v -0.288786 -0.155626 -0.100000
v -0.284772 -0.158024 0.100000
v -0.284772 -0.158024 -0.100000
v -0.281248 -0.160921 0.100000
v -0.281248 -0.160921 -0.100000
v -0.278322 -0.164351 0.100000
v -0.278322 -0.164351 -0.100000
v -0.276099 -0.168349 0.100000
v -0.276099 -0.168349 -0.100000
v -0.274688 -0.172949 0.100000
v -0.274688 -0.172949 -0.100000
v -0.274194 -0.178187 0.100000
v -0.274194 -0.178187 -0.100000
v -0.275368 -0.183884 0.100000
v -0.275368 -0.183884 -0.100000
v -0.278660 -0.189072 0.100000
v -0.278660 -0.189072 -0.100000
v -0.283722 -0.193752 0.100000
v -0.283722 -0.193752 -0.100000
v -0.290209 -0.197929 0.100000
v -0.290209 -0.197929 -0.100000
v -0.297773 -0.201604 0.100000
v -0.297773 -0.201604 -0.100000
v -0.306068 -0.204781 0.100000
v -0.306068 -0.204781 -0.100000
v -0.314746 -0.207462 0.100000
v -0.314746 -0.207462 -0.100000
v -0.323462 -0.209649 0.100000
v -0.323462 -0.209649 -0.100000
v -0.331869 -0.211346 0.100000
v -0.331869 -0.211346 -0.100000
v -0.339620 -0.212554 0.100000
v -0.339620 -0.212554 -0.100000
v -0.346368 -0.213277 0.100000
v -0.346368 -0.213277 -0.100000
v -0.351767 -0.213518 0.100000
v -0.351767 -0.213518 -0.100000
v -0.356269 -0.213146 0.100000
v -0.356269 -0.213146 -0.100000
v -0.360197 -0.212078 0.100000
v -0.360197 -0.212078 -0.100000
v -0.363587 -0.210385 0.100000
v -0.363587 -0.210385 -0.100000
v -0.366473 -0.208141 0.100000
v -0.366473 -0.208141 -0.100000
v -0.368890 -0.205417 0.100000
v -0.368890 -0.205417 -0.100000
v -0.370872 -0.202285 0.100000
v -0.370872 -0.202285 -0.100000
v -0.372454 -0.198817 0.100000
v -0.372454 -0.198817 -0.100000
v -0.373670 -0.195084 0.100000
v -0.373670 -0.195084 -0.100000
v -0.374556 -0.191160 0.100000
v -0.374556 -0.191160 -0.100000
v -0.375146 -0.187116 0.100000
v -0.375146 -0.187116 -0.100000
v -0.375474 -0.183024 0.100000
v -0.375474 -0.183024 -0.100000
v -0.375576 -0.178955 0.100000
v -0.375576 -0.178955 -0.100000
v -0.375172 -0.174025 0.100000
v -0.375172 -0.174025 -0.100000
v -0.374012 -0.169593 0.100000
v -0.374012 -0.169593 -0.100000
v -0.372168 -0.165647 0.100000
v -0.372168 -0.165647 -0.100000
v -0.369716 -0.162172 0.100000
v -0.369716 -0.162172 -0.100000
v -0.366731 -0.159156 0.100000
v -0.366731 -0.159156 -0.100000
v -0.363287 -0.156586 0.100000
v -0.363287 -0.156586 -0.100000
v -0.359459 -0.154448 0.100000
v -0.359459 -0.154448 -0.100000
v -0.355322 -0.152728 0.100000
v -0.355322 -0.152728 -0.100000
v -0.350950 -0.151414 0.100000
v -0.350950 -0.151414 -0.100000
v -0.346419 -0.150491 0.100000
v -0.346419 -0.150491 -0.100000
v -0.341801 -0.149948 0.100000
v -0.341801 -0.149948 -0.100000
v -0.337174 -0.149770 0.100000
v -0.337174 -0.149770 -0.100000
v -0.317204 -0.149770 0.100000
v -0.317204 -0.149770 -0.100000
vn -0.0000 -0.0000 -1.0000
vn -0.0000 -0.0000 1.0000
vn 0.0112 0.9999 -0.0000
vn 0.0061 1.0000 -0.0000
vn 0.0152 0.9999 -0.0000
vn 0.0180 0.9998 -0.0000
vn 0.0197 0.9998 -0.0000
vn 0.0202 0.9998 -0.0000
vn -0.0008 1.0000 -0.0000
vn -0.0124 0.9999 -0.0000
vn -0.0310 0.9995 -0.0000
vn -0.0569 0.9984 -0.0000
vn -0.0908 0.9959 -0.0000
vn -0.1350 0.9908 -0.0000
vn -0.1937 0.9811 -0.0000
vn -0.2732 0.9619 -0.0000
vn -0.3836 0.9235 -0.0000
vn -0.5369 0.8437 -0.0000
vn -0.7336 0.6795 -0.0000
vn -0.9224 0.3862 -0.0000
vn -0.9994 0.0350 -0.0000
vn -0.9638 -0.2667 -0.0000
vn -0.8535 -0.5211 -0.0000
vn -0.6957 -0.7183 -0.0000
vn -0.5342 -0.8453 -0.0000
vn -0.3954 -0.9185 -0.0000
vn -0.2850 -0.9585 -0.0000
vn -0.1995 -0.9799 -0.0000
vn -0.1338 -0.9910 -0.0000
vn -0.0835 -0.9965 -0.0000
vn -0.0455 -0.9990 -0.0000
vn -0.0183 -0.9998 -0.0000
vn -0.0037 -1.0000 -0.0000
vn 0.0001 -1.0000 -0.0000
vn 0.0003 -1.0000 -0.0000
vn 0.0006 -1.0000 -0.0000
vn 0.0010 -1.0000 -0.0000
vn 0.0015 -1.0000 -0.0000
vn 0.0022 -1.0000 -0.0000
vn 0.0030 -1.0000 -0.0000
vn 0.0039 -1.0000 -0.0000
vn 0.0049 -1.0000 -0.0000
vn 0.0061 -1.0000 -0.0000
vn 0.0074 -1.0000 -0.0000
vn 0.0080 -1.0000 -0.0000
vn 0.0073 -1.0000 -0.0000
vn 0.0024 -1.0000 -0.0000
vn 0.0101 -0.9999 -0.0000
vn 0.0220 -0.9998 -0.0000
vn 0.0359 -0.9994 -0.0000
vn 0.0520 -0.9986 -0.0000
vn 0.0703 -0.9975 -0.0000
vn 0.0909 -0.9959 -0.0000
vn 0.1139 -0.9935 -0.0000
vn 0.1394 -0.9902 -0.0000
vn 0.1675 -0.9859 -0.0000
vn 0.1983 -0.9801 -0.0000
vn 0.2318 -0.9728 -0.0000
vn 0.2752 -0.9614 -0.0000
vn 0.3217 -0.9468 -0.0000
vn 0.3663 -0.9305 -0.0000
vn 0.4179 -0.9085 -0.0000
vn 0.4773 -0.8787 -0.0000
vn 0.5453 -0.8382 -0.0000
vn 0.6218 -0.7831 -0.0000
vn 0.7054 -0.7088 -0.0000
vn 0.6218 -0.7832 -0.0000
vn 0.7919 -0.6106 -0.0000
vn 0.8741 -0.4857 -0.0000
vn 0.7920 -0.6106 -0.0000
vn 0.9419 -0.3360 -0.0000
vn 0.9855 -0.1698 -0.0000
vn 0.9994 -0.0354 -0.0000
vn 0.9996 0.0276 -0.0000
vn 0.9983 0.0585 -0.0000
vn 0.9956 0.0935 -0.0000
vn 0.9911 0.1330 -0.0000
vn 0.9842 0.1770 -0.0000
vn 0.9742 0.2258 -0.0000
vn 0.9602 0.2792 -0.0000
vn 0.9742 0.2257 -0.0000
vn 0.9414 0.3372 -0.0000
vn 0.9168 0.3994 -0.0000
vn 0.8854 0.4648 -0.0000
vn 0.8465 0.5324 -0.0000
vn 0.7344 0.6787 -0.0000
vn 0.5177 0.8556 -0.0000
vn 0.3323 0.9432 -0.0000
vn 0.2276 0.9738 -0.0000
vn 0.1627 0.9867 -0.0000
vn 0.1190 0.9929 -0.0000
vn 0.0878 0.9961 -0.0000
vn 0.0643 0.9979 -0.0000
vn 0.0461 0.9989 -0.0000
vn 0.0315 0.9995 -0.0000
vn 0.0195 0.9998 -0.0000
vn 0.0094 1.0000 -0.0000
vn 0.0024 1.0000 -0.0000
vn 0.0016 1.0000 -0.0000
vn -0.3466 -0.9380 -0.0000
vn -0.4343 -0.9008 -0.0000
vn -0.2706 -0.9627 -0.0000
vn -0.2062 -0.9785 -0.0000
vn -0.1523 -0.9883 -0.0000
vn -0.1079 -0.9942 -0.0000
vn -0.0720 -0.9974 -0.0000
vn -0.0437 -0.9990 -0.0000
vn -0.0225 -0.9997 -0.0000
vn -0.0082 -1.0000 -0.0000
vn -0.0009 -1.0000 -0.0000
vn -0.0062 -1.0000 -0.0000
vn -0.0239 -0.9997 -0.0000
vn -0.0442 -0.9990 -0.0000
vn -0.0644 -0.9979 -0.0000
vn -0.0867 -0.9962 -0.0000
vn -0.1131 -0.9936 -0.0000
vn -0.1458 -0.9893 -0.0000
vn -0.1881 -0.9821 -0.0000
vn -0.2452 -0.9695 -0.0000
vn -0.3265 -0.9452 -0.0000
vn -0.4479 -0.8941 -0.0000
vn -0.6329 -0.7743 -0.0000
vn -0.9818 -0.1899 -0.0000
vn -0.8095 0.5872 -0.0000
vn -0.5289 0.8487 -0.0000
vn -0.3702 0.9290 -0.0000
vn -0.2941 0.9558 -0.0000
vn -0.2647 0.9643 -0.0000
vn -0.2676 0.9635 -0.0000
vn -0.3002 0.9539 -0.0000
vn -0.3680 0.9298 -0.0000
vn -0.4853 0.8743 -0.0000
vn -0.6696 0.7427 -0.0000
vn -0.8916 0.4529 -0.0000
vn -0.9978 0.0661 -0.0000
vn -0.9797 -0.2006 -0.0000
vn -0.9386 -0.3450 -0.0000
vn -0.8941 -0.4479 -0.0000
vn -0.8497 -0.5273 -0.0000
vn -0.8046 -0.5939 -0.0000
vn -0.7563 -0.6542 -0.0000
vn -0.7012 -0.7130 -0.0000
vn -0.6339 -0.7735 -0.0000
vn -0.5456 -0.8380 -0.0000
vn -0.4227 -0.9063 -0.0000
vn -0.2440 -0.9698 -0.0000
vn -0.0270 -0.9996 -0.0000
vn 0.1514 -0.9885 -0.0000
vn 0.2694 -0.9630 -0.0000
vn 0.3536 -0.9354 -0.0000
vn 0.4112 -0.9116 -0.0000
vn 0.4478 -0.8942 -0.0000
vn 0.4665 -0.8845 -0.0000
vn 0.4685 -0.8835 -0.0000
vn 0.4519 -0.8920 -0.0000
vn 0.4116 -0.9114 -0.0000
vn 0.3362 -0.9418 -0.0000
vn 0.2042 -0.9789 -0.0000
vn 0.0169 -0.9999 -0.0000
vn -0.1608 -0.9870 -0.0000
vn -0.2903 -0.9569 -0.0000
vn -0.3835 -0.9235 -0.0000
vn -0.4453 -0.8954 -0.0000
vn -0.4808 -0.8768 -0.0000
vn -0.4936 -0.8697 -0.0000
vn -0.4848 -0.8746 -0.0000
vn -0.4530 -0.8915 -0.0000
vn -0.3940 -0.9191 -0.0000
vn -0.3016 -0.9534 -0.0000
vn -0.1689 -0.9856 -0.0000
vn -0.0088 -1.0000 -0.0000
vn 0.1524 -0.9883 -0.0000
vn 0.3075 -0.9516 -0.0000
vn 0.4511 -0.8924 -0.0000
vn 0.5708 -0.8211 -0.0000
vn 0.4511 -0.8925 -0.0000
vn 0.6612 -0.7502 -0.0000
vn 0.7238 -0.6900 -0.0000
vn 0.7631 -0.6463 -0.0000
vn 0.7833 -0.6216 -0.0000
vn 0.7874 -0.6165 -0.0000
vn 0.7763 -0.6304 -0.0000
vn 0.7493 -0.6622 -0.0000
vn 0.4871 -0.8733 -0.0000
vn 0.7493 -0.6623 -0.0000
vn 0.0203 -0.9998 -0.0000
vn -0.3096 -0.9509 -0.0000
vn -0.5655 -0.8248 -0.0000
vn -0.7288 -0.6848 -0.0000
vn -0.8165 -0.5774 -0.0000
vn -0.8577 -0.5142 -0.0000
vn -0.8696 -0.4937 -0.0000
vn -0.8576 -0.5142 -0.0000
vn -0.5655 -0.8247 -0.0000
vn 0.0277 -0.9996 -0.0000
vn 0.3233 -0.9463 -0.0000
vn 0.4852 -0.8744 -0.0000
vn 0.5689 -0.8224 -0.0000
vn 0.6222 -0.7829 -0.0000
vn 0.6619 -0.7496 -0.0000
vn 0.6958 -0.7182 -0.0000
vn 0.7286 -0.6849 -0.0000
vn 0.7642 -0.6450 -0.0000
vn 0.8071 -0.5904 -0.0000
vn 0.8643 -0.5031 -0.0000
vn 0.9427 -0.3336 -0.0000
vn 0.8642 -0.5031 -0.0000
vn 0.9963 -0.0859 -0.0000
vn 0.9968 0.0801 -0.0000
vn 0.9963 -0.0860 -0.0000
vn 0.9901 0.1403 -0.0000
vn 0.9829 0.1843 -0.0000
vn 0.9761 0.2175 -0.0000
vn 0.9700 0.2432 -0.0000
vn 0.9760 0.2176 -0.0000
vn 0.9647 0.2634 -0.0000
vn 0.9602 0.2794 -0.0000
vn 0.9564 0.2921 -0.0000
vn 0.9533 0.3020 -0.0000
vn 0.9564 0.2922 -0.0000
vn 0.9510 0.3093 -0.0000
vn 0.9494 0.3140 -0.0000
vn 0.9541 0.2996 -0.0000
vn 0.9576 0.2880 -0.0000
vn 0.9557 0.2945 -0.0000
vn 0.9552 0.2960 -0.0000
vn 0.9562 0.2926 -0.0000
vn 0.9588 0.2840 -0.0000
vn 0.9563 0.2925 -0.0000
vn 0.9628 0.2702 -0.0000
vn 0.9679 0.2513 -0.0000
vn 0.9738 0.2273 -0.0000
vn 0.9802 0.1982 -0.0000
vn 0.9864 0.1645 -0.0000
vn 0.9920 0.1263 -0.0000
vn 0.9956 0.0933 -0.0000
vn 0.9971 0.0755 -0.0000
vn 0.9978 0.0657 -0.0000
vn 0.9971 0.0754 -0.0000
vn 0.9984 0.0565 -0.0000
vn 0.9989 0.0478 -0.0000
vn 0.9992 0.0398 -0.0000
vn 0.9995 0.0323 -0.0000
vn 0.9997 0.0255 -0.0000
vn 0.9998 0.0192 -0.0000
vn 0.9999 0.0135 -0.0000
vn 1.0000 0.0085 -0.0000
vn 1.0000 0.0040 -0.0000
vn 0.9999 0.0138 -0.0000
vn 0.9987 0.0513 -0.0000
vn 0.9999 0.0137 -0.0000
vn 0.9947 0.1025 -0.0000
vn 0.9882 0.1531 -0.0000
vn 0.9947 0.1024 -0.0000
vn 0.9792 0.2028 -0.0000
vn 0.9882 0.1530 -0.0000
vn 0.9679 0.2512 -0.0000
vn 0.9545 0.2981 -0.0000
vn 0.9393 0.3432 -0.0000
vn 0.9224 0.3863 -0.0000
vn 0.9041 0.4273 -0.0000
vn 0.8848 0.4660 -0.0000
vn 0.8646 0.5024 -0.0000
vn 0.8413 0.5405 -0.0000
vn 0.8646 0.5025 -0.0000
vn 0.8108 0.5853 -0.0000
vn 0.7730 0.6344 -0.0000
vn 0.7302 0.6832 -0.0000
vn 0.6830 0.7304 -0.0000
vn 0.6323 0.7747 -0.0000
vn 0.5795 0.8150 -0.0000
vn 0.5261 0.8504 -0.0000
vn 0.4735 0.8808 -0.0000
vn 0.4233 0.9060 -0.0000
vn 0.4736 0.8808 -0.0000
vn 0.3763 0.9265 -0.0000
vn 0.3333 0.9428 -0.0000
vn 0.2803 0.9599 -0.0000
vn 0.2246 0.9745 -0.0000
vn 0.1820 0.9833 -0.0000
vn 0.1457 0.9893 -0.0000
vn 0.1148 0.9934 -0.0000
vn 0.0886 0.9961 -0.0000
vn 0.0664 0.9978 -0.0000
vn 0.0478 0.9989 -0.0000
vn 0.0325 0.9995 -0.0000
vn 0.0201 0.9998 -0.0000
vn 0.0106 0.9999 -0.0000
vn 0.0041 1.0000 -0.0000
vn -0.0014 1.0000 -0.0000
vn -0.0082 1.0000 -0.0000
vn -0.0152 0.9999 -0.0000
vn -0.0206 0.9998 -0.0000
vn -0.0244 0.9997 -0.0000
vn -0.0267 0.9996 -0.0000
vn -0.0275 0.9996 -0.0000
vn 0.0005 1.0000 -0.0000
vn 0.0050 1.0000 -0.0000
vn -0.0154 0.9999 -0.0000
vn -0.0377 0.9993 -0.0000
vn -0.0682 0.9977 -0.0000
vn -0.1092 0.9940 -0.0000
vn -0.1646 0.9864 -0.0000
vn -0.2406 0.9706 -0.0000
vn -0.3473 0.9378 -0.0000
vn -0.4981 0.8671 -0.0000
vn -0.6979 0.7161 -0.0000
vn -0.8593 0.5115 -0.0000
vn -0.9246 0.3809 -0.0000
vn -0.9484 0.3170 -0.0000
vn -0.9663 0.2575 -0.0000
vn -0.9791 0.2035 -0.0000
vn -0.9878 0.1556 -0.0000
vn -0.9935 0.1142 -0.0000
vn -0.9968 0.0793 -0.0000
vn -0.9987 0.0510 -0.0000
vn -0.9996 0.0291 -0.0000
vn -0.9999 0.0135 -0.0000
vn -1.0000 0.0042 -0.0000
vn -1.0000 -0.0075 -0.0000
vn -0.9993 -0.0379 -0.0000
vn -0.9958 -0.0915 -0.0000
vn -0.9860 -0.1668 -0.0000
vn -0.9636 -0.2674 -0.0000
vn -0.9190 -0.3942 -0.0000
vn -0.9636 -0.2675 -0.0000
vn -0.8410 -0.5410 -0.0000
vn -0.7228 -0.6911 -0.0000
vn -0.5704 -0.8214 -0.0000
vn -0.4041 -0.9147 -0.0000
vn -0.2467 -0.9691 -0.0000
vn -0.1118 -0.9937 -0.0000
vn -0.0228 -0.9997 -0.0000
vn 0.0099 -1.0000 -0.0000
vn 0.0182 -0.9998 -0.0000
vn 0.0247 -0.9997 -0.0000
vn 0.0293 -0.9996 -0.0000
vn 0.0321 -0.9995 -0.0000
vn 0.0330 -0.9995 -0.0000
vn 0.0057 -1.0000 -0.0000
vn 0.0046 -1.0000 -0.0000
vn -0.0057 -1.0000 -0.0000
vn -0.0281 -0.9996 -0.0000
vn -0.0616 -0.9981 -0.0000
vn -0.1711 -0.9853 -0.0000
vn -0.2581 -0.9661 -0.0000
vn -0.3794 -0.9252 -0.0000
vn -0.5455 -0.8381 -0.0000
vn -0.7496 -0.6619 -0.0000
vn -0.5454 -0.8381 -0.0000
vn -0.9309 -0.3653 -0.0000
vn -0.9942 0.1075 -0.0000
vn -0.7774 0.6291 -0.0000
vn -0.4615 0.8871 -0.0000
vn -0.2816 0.9595 -0.0000
vn -0.1816 0.9834 -0.0000
vn -0.1200 0.9928 -0.0000
vn -0.0789 0.9969 -0.0000
vn -0.0498 0.9988 -0.0000
vn -0.0285 0.9996 -0.0000
vn -0.0128 0.9999 -0.0000
vn -0.0017 1.0000 -0.0000
vn 0.0038 1.0000 -0.0000
vn 0.0049 1.0000 -0.0000
vn 0.0093 1.0000 -0.0000
vn 0.0171 0.9999 -0.0000
vn 0.0231 0.9997 -0.0000
vn 0.0275 0.9996 -0.0000
vn 0.0301 0.9995 -0.0000
vn 0.0309 0.9995 -0.0000
vn -0.0096 1.0000 -0.0000
vn -0.0563 0.9984 -0.0000
vn -0.1345 0.9909 -0.0000
vn -0.2437 0.9699 -0.0000
vn -0.3868 0.9222 -0.0000
vn -0.5546 0.8321 -0.0000
vn -0.7200 0.6940 -0.0000
vn -0.8506 0.5258 -0.0000
vn -0.9325 0.3611 -0.0000
vn -0.9745 0.2244 -0.0000
vn -0.9925 0.1223 -0.0000
vn -0.9987 0.0506 -0.0000
vn -1.0000 -0.0014 -0.0000
vn -0.9987 -0.0512 -0.0000
vn -0.9941 -0.1088 -0.0000
vn -0.9847 -0.1742 -0.0000
vn -0.9690 -0.2470 -0.0000
vn -0.9453 -0.3262 -0.0000
vn -0.9121 -0.4100 -0.0000
vn -0.8685 -0.4958 -0.0000
vn -0.8144 -0.5803 -0.0000
vn -0.7511 -0.6602 -0.0000
vn -0.6808 -0.7325 -0.0000
vn -0.6063 -0.7953 -0.0000
vn -0.5247 -0.8513 -0.0000
vn -0.0252 -0.9997 -0.0000
vn -0.0136 -0.9999 -0.0000
vn -0.0343 -0.9994 -0.0000
vn -0.0410 -0.9992 -0.0000
vn -0.0451 -0.9990 -0.0000
vn -0.0466 -0.9989 -0.0000
vn -0.0454 -0.9990 -0.0000
vn -0.0416 -0.9991 -0.0000
vn -0.0351 -0.9994 -0.0000
vn -0.0260 -0.9997 -0.0000
vn -0.0141 -0.9999 -0.0000
vn -0.0023 -1.0000 -0.0000
vn 0.0054 -1.0000 -0.0000
vn 0.0135 -0.9999 -0.0000
vn 0.0160 -0.9999 -0.0000
vn 0.0175 -0.9998 -0.0000
vn 0.0180 -0.9998 -0.0000
vn -0.0001 -1.0000 -0.0000
vn -0.0061 -1.0000 -0.0000
vn -0.0128 -0.9999 -0.0000
vn -0.0206 -0.9998 -0.0000
vn -0.0297 -0.9996 -0.0000
vn -0.0408 -0.9992 -0.0000
vn -0.0544 -0.9985 -0.0000
vn -0.0715 -0.9974 -0.0000
vn -0.0937 -0.9956 -0.0000
vn -0.1237 -0.9923 -0.0000
vn -0.1662 -0.9861 -0.0000
vn -0.2308 -0.9730 -0.0000
vn -0.2931 -0.9561 -0.0000
vn -0.3592 -0.9333 -0.0000
vn -0.4463 -0.8949 -0.0000
vn -0.5350 -0.8449 -0.0000
vn -0.6230 -0.7822 -0.0000
vn -0.7074 -0.7068 -0.0000
vn -0.7850 -0.6194 -0.0000
vn -0.8528 -0.5222 -0.0000
vn -0.7850 -0.6195 -0.0000
vn -0.9083 -0.4182 -0.0000
vn -0.8528 -0.5223 -0.0000
vn -0.9505 -0.3107 -0.0000
vn -0.9084 -0.4182 -0.0000
vn -0.9791 -0.2034 -0.0000
vn -0.9951 -0.0993 -0.0000
vn -0.9941 0.1088 -0.0000
vn -0.8760 0.4823 -0.0000
vn -0.6291 0.7773 -0.0000
vn -0.4275 0.9040 -0.0000
vn -0.2940 0.9558 -0.0000
vn -0.2054 0.9787 -0.0000
vn -0.1441 0.9896 -0.0000
vn -0.0997 0.9950 -0.0000
vn -0.0665 0.9978 -0.0000
vn -0.0411 0.9992 -0.0000
vn -0.0218 0.9998 -0.0000
vn -0.0081 1.0000 -0.0000
vn -0.0006 1.0000 -0.0000
vn 0.0030 1.0000 -0.0000
vn 0.0055 1.0000 -0.0000
vn 0.0074 1.0000 -0.0000
vn 0.0088 1.0000 -0.0000
vn 0.0096 1.0000 -0.0000
vn 0.0099 1.0000 -0.0000
vn 0.0021 1.0000 -0.0000
vn 0.0078 1.0000 -0.0000
vn 0.0211 0.9998 -0.0000
vn 0.0399 0.9992 -0.0000
vn 0.0645 0.9979 -0.0000
vn 0.0969 0.9953 -0.0000
vn 0.1402 0.9901 -0.0000
vn 0.2001 0.9798 -0.0000
vn 0.2868 0.9580 -0.0000
vn 0.4184 0.9083 -0.0000
vn 0.6195 0.7850 -0.0000
vn 0.8712 0.4910 -0.0000
vn 1.0000 -0.0039 -0.0000
vn 0.8667 -0.4989 -0.0000
vn 0.6135 -0.7897 -0.0000
vn 0.4165 -0.9091 -0.0000
vn 0.2890 -0.9573 -0.0000
vn 0.2050 -0.9788 -0.0000
vn 0.1469 -0.9892 -0.0000
vn 0.1047 -0.9945 -0.0000
vn 0.0729 -0.9973 -0.0000
vn 0.0482 -0.9988 -0.0000
vn 0.0286 -0.9996 -0.0000
vn 0.0130 -0.9999 -0.0000
vn -0.0005 -1.0000 -0.0000
vn 0.0825 0.9966 -0.0000
vn 0.0381 0.9993 -0.0000
vn 0.1364 0.9907 -0.0000
vn 0.2025 0.9793 -0.0000
vn 0.2837 0.9589 -0.0000
vn 0.3832 0.9237 -0.0000
vn 0.5029 0.8644 -0.0000
vn 0.6395 0.7688 -0.0000
vn 0.7802 0.6256 -0.0000
vn 0.9006 0.4347 -0.0000
vn 0.7802 0.6255 -0.0000
vn 0.9763 0.2163 -0.0000
vn 0.9974 -0.0714 -0.0000
vn 0.8876 -0.4607 -0.0000
vn 0.9974 -0.0715 -0.0000
vn 0.6463 -0.7631 -0.0000
vn 0.4349 -0.9005 -0.0000
vn 0.2903 -0.9569 -0.0000
vn 0.1937 -0.9811 -0.0000
vn 0.1270 -0.9919 -0.0000
vn 0.0793 -0.9968 -0.0000
vn 0.0445 -0.9990 -0.0000
vn 0.0190 -0.9998 -0.0000
vn 0.0016 -1.0000 -0.0000
vn 0.0021 -1.0000 -0.0000
vn 0.0212 -0.9998 -0.0000
vn 0.0390 -0.9992 -0.0000
vn 0.0528 -0.9986 -0.0000
vn 0.0627 -0.9980 -0.0000
vn 0.0686 -0.9976 -0.0000
vn 0.0706 -0.9975 -0.0000
vn 0.0042 -1.0000 -0.0000
vn -0.0095 -1.0000 -0.0000
vn -0.0273 -0.9996 -0.0000
vn -0.0538 -0.9986 -0.0000
vn -0.0895 -0.9960 -0.0000
vn -0.1367 -0.9906 -0.0000
vn -0.1997 -0.9799 -0.0000
vn -0.4023 -0.9155 -0.0000
vn -0.5613 -0.8276 -0.0000
vn -0.7564 -0.6541 -0.0000
vn -0.9317 -0.3633 -0.0000
vn -0.7564 -0.6542 -0.0000
vn -0.9978 0.0669 -0.0000
vn -0.8423 0.5391 -0.0000
vn -0.5752 0.8180 -0.0000
vn -0.3895 0.9210 -0.0000
vn -0.2752 0.9614 -0.0000
vn -0.2012 0.9795 -0.0000
vn -0.1501 0.9887 -0.0000
vn -0.2012 0.9796 -0.0000
vn -0.1127 0.9936 -0.0000
vn -0.0841 0.9965 -0.0000
vn -0.1128 0.9936 -0.0000
vn -0.0611 0.9981 -0.0000
vn -0.0414 0.9991 -0.0000
vn -0.0227 0.9997 -0.0000
vn -0.0065 1.0000 -0.0000
vn 0.0090 1.0000 -0.0000
vn -0.1730 -0.9849 -0.0000
vn -0.0809 -0.9967 -0.0000
vn -0.2786 -0.9604 -0.0000
vn -0.3965 -0.9180 -0.0000
vn -0.5224 -0.8527 -0.0000
vn -0.6484 -0.7613 -0.0000
vn -0.7640 -0.6452 -0.0000
vn -0.8593 -0.5115 -0.0000
vn -0.9285 -0.3712 -0.0000
vn -0.9720 -0.2351 -0.0000
vn -0.9938 -0.1108 -0.0000
vn -0.9999 0.0118 -0.0000
vn -0.9886 0.1507 -0.0000
vn -0.9554 0.2952 -0.0000
vn -0.9886 0.1506 -0.0000
vn -0.9037 0.4282 -0.0000
vn -0.8372 0.5468 -0.0000
vn -0.9037 0.4281 -0.0000
vn -0.7596 0.6504 -0.0000
vn -0.6731 0.7395 -0.0000
vn -0.5794 0.8150 -0.0000
vn -0.4788 0.8779 -0.0000
vn -0.3710 0.9286 -0.0000
vn -0.2554 0.9668 -0.0000
vn -0.1313 0.9913 -0.0000
vn 0.1530 0.9882 -0.0000
vn 0.2226 0.9749 -0.0000
vn 0.2614 0.9652 -0.0000
vn 0.2907 0.9568 -0.0000
vn 0.3177 0.9482 -0.0000
vn 0.3465 0.9381 -0.0000
vn 0.3809 0.9246 -0.0000
vn 0.4267 0.9044 -0.0000
vn 0.4947 0.8691 -0.0000
vn 0.6087 0.7934 -0.0000
vn 0.8175 0.5759 -0.0000
vn 0.9955 0.0947 -0.0000
vn 0.9158 -0.4016 -0.0000
vn 0.7213 -0.6926 -0.0000
vn 0.5291 -0.8486 -0.0000
vn 0.3837 -0.9235 -0.0000
vn 0.2800 -0.9600 -0.0000
vn 0.2051 -0.9787 -0.0000
vn 0.1494 -0.9888 -0.0000
vn 0.1067 -0.9943 -0.0000
vn 0.0728 -0.9973 -0.0000
vn 0.0452 -0.9990 -0.0000
vn 0.0218 -0.9998 -0.0000
vn 0.0055 -1.0000 -0.0000
vn -0.0191 -0.9998 -0.0000
vn -0.5342 0.8453 -0.0000
vn -0.8253 0.5647 -0.0000
vn -0.2241 0.9746 -0.0000
vn -0.0000 1.0000 -0.0000
vn 0.1389 0.9903 -0.0000
vn 0.2212 0.9752 -0.0000
vn 0.2672 0.9636 -0.0000
vn 0.2213 0.9752 -0.0000
vn 0.2872 0.9579 -0.0000
vn 0.2851 0.9585 -0.0000
vn 0.2873 0.9579 -0.0000
vn 0.2596 0.9657 -0.0000
vn 0.2034 0.9791 -0.0000
vn 0.1072 0.9942 -0.0000
vn -0.0568 0.9984 -0.0000
vn -0.1434 0.9897 -0.0000
vn -0.2465 0.9692 -0.0000
vn -0.3663 0.9305 -0.0000
vn -0.4997 0.8662 -0.0000
vn -0.6378 0.7702 -0.0000
vn -0.7666 0.6421 -0.0000
vn -0.8713 0.4907 -0.0000
vn -0.9435 0.3313 -0.0000
vn -0.9838 0.1794 -0.0000
vn -0.9997 0.0255 -0.0000
vn -0.9869 -0.1613 -0.0000
vn -0.9307 -0.3657 -0.0000
vn -0.8369 -0.5473 -0.0000
vn -0.7223 -0.6916 -0.0000
vn -0.6039 -0.7971 -0.0000
vn -0.4924 -0.8704 -0.0000
vn -0.3917 -0.9201 -0.0000
vn -0.3018 -0.9534 -0.0000
vn -0.2207 -0.9753 -0.0000
vn -0.1456 -0.9893 -0.0000
vn -0.0731 -0.9973 -0.0000
vn -0.0016 -1.0000 -0.0000
vn 0.0670 -0.9978 -0.0000
vn 0.1339 -0.9910 -0.0000
vn 0.2810 -0.9597 -0.0000
vn 0.3672 -0.9302 -0.0000
vn 0.4649 -0.8854 -0.0000
vn 0.5748 -0.8183 -0.0000
vn 0.6937 -0.7203 -0.0000
vn 0.8120 -0.5837 -0.0000
vn 0.9129 -0.4081 -0.0000
vn 0.9785 -0.2063 -0.0000
vn 1.0000 0.0070 -0.0000
vn 0.9723 0.2339 -0.0000
vn 0.8896 0.4568 -0.0000
vn 0.7687 0.6396 -0.0000
vn 0.6365 0.7712 -0.0000
vn 0.5126 0.8586 -0.0000
vn 0.4049 0.9144 -0.0000
vn 0.3137 0.9495 -0.0000
vn 0.2366 0.9716 -0.0000
vn 0.1700 0.9854 -0.0000
vn 0.1108 0.9938 -0.0000
vn 0.0554 0.9985 -0.0000
vn 0.0137 0.9999 -0.0000
vn -0.0077 1.0000 -0.0000
vn -0.0320 0.9995 -0.0000
vn -0.0798 0.9968 -0.0000
vn -0.1558 0.9878 -0.0000
vn -0.2644 0.9644 -0.0000
vn -0.4052 0.9142 -0.0000
vn -0.5663 0.8242 -0.0000
vn -0.7228 0.6911 -0.0000
vn -0.8476 0.5306 -0.0000
vn -0.9292 0.3696 -0.0000
vn -0.9736 0.2284 -0.0000
vn -0.4149 0.9099 -0.0000
vn 0.5742 0.8187 -0.0000
vn 0.6624 0.7491 -0.0000
vn 0.7303 0.6831 -0.0000
vn 0.7840 0.6208 -0.0000
vn 0.8279 0.5609 -0.0000
vn 0.8650 0.5018 -0.0000
vn 0.8973 0.4414 -0.0000
vn 0.9262 0.3771 -0.0000
vn 0.9522 0.3056 -0.0000
vn 0.9749 0.2225 -0.0000
vn 0.9926 0.1218 -0.0000
vn 0.9997 -0.0225 -0.0000
vn 0.9736 -0.2283 -0.0000
vn 0.8924 -0.4512 -0.0000
vn 0.7697 -0.6384 -0.0000
vn 0.6322 -0.7748 -0.0000
vn 0.5021 -0.8648 -0.0000
vn 0.3892 -0.9211 -0.0000
vn 0.2949 -0.9555 -0.0000
vn 0.2167 -0.9762 -0.0000
vn 0.1512 -0.9885 -0.0000
vn 0.0953 -0.9954 -0.0000
vn 0.0461 -0.9989 -0.0000
vn 0.0085 -1.0000 -0.0000
vn -0.0122 -0.9999 -0.0000
vn -0.0262 -0.9997 -0.0000
vn -0.0425 -0.9991 -0.0000
vn -0.0610 -0.9981 -0.0000
vn -0.0818 -0.9966 -0.0000
vn -0.1047 -0.9945 -0.0000
vn -0.1297 -0.9916 -0.0000
vn -0.1567 -0.9876 -0.0000
vn -0.1856 -0.9826 -0.0000
vn -0.2162 -0.9763 -0.0000
vn -0.2483 -0.9687 -0.0000
vn -0.2787 -0.9604 -0.0000
vn -0.2972 -0.9548 -0.0000
vn -0.3031 -0.9530 -0.0000
vn -0.3042 -0.9526 -0.0000
vn -0.3023 -0.9532 -0.0000
vn -0.2977 -0.9546 -0.0000
vn -0.2904 -0.9569 -0.0000
vn -0.2797 -0.9601 -0.0000
vn -0.2640 -0.9645 -0.0000
vn -0.2404 -0.9707 -0.0000
vn -0.2021 -0.9794 -0.0000
vn -0.1318 -0.9913 -0.0000
vn 0.0027 -1.0000 -0.0000
vn 0.1736 -0.9848 -0.0000
vn 0.3256 -0.9455 -0.0000
vn 0.4530 -0.8915 -0.0000
vn 0.3257 -0.9455 -0.0000
vn 0.5594 -0.8289 -0.0000
vn 0.6494 -0.7605 -0.0000
vn 0.7268 -0.6868 -0.0000
vn 0.7949 -0.6068 -0.0000
vn 0.8555 -0.5179 -0.0000
vn 0.9091 -0.4167 -0.0000
vn 0.9543 -0.2988 -0.0000
vn 0.9872 -0.1598 -0.0000
vn 0.9998 -0.0193 -0.0000
vn 0.9960 0.0899 -0.0000
vn 0.9844 0.1759 -0.0000
vn 0.9665 0.2568 -0.0000
vn 0.9431 0.3326 -0.0000
vn 0.9150 0.4034 -0.0000
vn 0.8829 0.4695 -0.0000
vn 0.8471 0.5314 -0.0000
vn 0.8077 0.5896 -0.0000
vn 0.7646 0.6445 -0.0000
vn 0.7176 0.6965 -0.0000
vn 0.6661 0.7459 -0.0000
vn 0.6014 0.7989 -0.0000
vn 0.5508 0.8346 -0.0000
vn 0.5278 0.8494 -0.0000
vn 0.5072 0.8618 -0.0000
vn 0.4895 0.8720 -0.0000
vn 0.4749 0.8800 -0.0000
vn 0.4637 0.8860 -0.0000
vn 0.4561 0.8899 -0.0000
vn 0.4521 0.8920 -0.0000
vn 0.4518 0.8921 -0.0000
vn 0.4552 0.8904 -0.0000
vn 0.4623 0.8867 -0.0000
vn 0.4835 0.8754 -0.0000
vn 0.4933 0.8699 -0.0000
vn 0.4848 0.8747 -0.0000
vn 0.4831 0.8755 -0.0000
vn 0.4847 0.8747 -0.0000
vn 0.4886 0.8725 -0.0000
vn 0.4951 0.8688 -0.0000
vn 0.5050 0.8631 -0.0000
vn 0.5203 0.8540 -0.0000
vn 0.5461 0.8377 -0.0000
vn 0.5966 0.8026 -0.0000
vn 0.7367 0.6762 -0.0000
vn 0.9834 0.1817 -0.0000
vn 0.8969 -0.4422 -0.0000
vn 0.6588 -0.7523 -0.0000
vn 0.4335 -0.9012 -0.0000
vn 0.2728 -0.9621 -0.0000
vn 0.1627 -0.9867 -0.0000
vn 0.2727 -0.9621 -0.0000
vn 0.0849 -0.9964 -0.0000
vn 0.0272 -0.9996 -0.0000
vn -0.0176 -0.9998 -0.0000
vn -0.0542 -0.9985 -0.0000
vn -0.0855 -0.9963 -0.0000
vn -0.1139 -0.9935 -0.0000
vn -0.1406 -0.9901 -0.0000
vn -0.1612 -0.9869 -0.0000
vn -0.1739 -0.9848 -0.0000
vn -0.1811 -0.9835 -0.0000
vn -0.1829 -0.9831 -0.0000
vn -0.1792 -0.9838 -0.0000
vn -0.1700 -0.9854 -0.0000
vn -0.1554 -0.9879 -0.0000
vn -0.1352 -0.9908 -0.0000
vn -0.1094 -0.9940 -0.0000
vn -0.0780 -0.9969 -0.0000
vn -0.0412 -0.9991 -0.0000
vn 0.0251 -0.9997 -0.0000
vn 0.3075 -0.9515 -0.0000
vn 0.4655 -0.8851 -0.0000
vn 0.6105 -0.7920 -0.0000
vn 0.7325 -0.6807 -0.0000
vn 0.8272 -0.5619 -0.0000
vn 0.8956 -0.4449 -0.0000
vn 0.9420 -0.3356 -0.0000
vn 0.9716 -0.2366 -0.0000
vn 0.9889 -0.1484 -0.0000
vn 0.9975 -0.0703 -0.0000
vn 0.9997 -0.0229 -0.0000
vn 0.9998 -0.0183 -0.0000
vn 0.9997 -0.0251 -0.0000
vn 0.9997 -0.0231 -0.0000
vn 0.9999 -0.0145 -0.0000
vn 1.0000 0.0002 -0.0000
vn 0.9998 0.0213 -0.0000
vn 0.9987 0.0504 -0.0000
vn 0.9959 0.0903 -0.0000
vn 0.9893 0.1456 -0.0000
vn 0.9745 0.2245 -0.0000
vn 0.9401 0.3409 -0.0000
vn 0.8333 0.5528 -0.0000
vn 0.6106 0.7919 -0.0000
vn 0.3810 0.9246 -0.0000
vn 0.2238 0.9746 -0.0000
vn 0.1207 0.9927 -0.0000
vn 0.0517 0.9987 -0.0000
vn 0.0047 1.0000 -0.0000
vn -0.0272 0.9996 -0.0000
vn -0.0473 0.9989 -0.0000
vn -0.0572 0.9984 -0.0000
vn -0.0558 0.9984 -0.0000
vn -0.0386 0.9993 -0.0000
vn -0.0126 0.9999 -0.0000
vn -0.0003 1.0000 -0.0000
vn -0.0009 1.0000 -0.0000
vn -0.0019 1.0000 -0.0000
vn -0.0034 1.0000 -0.0000
vn -0.0053 1.0000 -0.0000
vn -0.0076 1.0000 -0.0000
vn -0.0104 0.9999 -0.0000
vn -0.0137 0.9999 -0.0000
vn -0.0174 0.9998 -0.0000
vn -0.0217 0.9998 -0.0000
vn -0.0265 0.9996 -0.0000
vn -0.0331 0.9995 -0.0000
vn -0.0459 0.9989 -0.0000
vn -0.0676 0.9977 -0.0000
vn -0.0976 0.9952 -0.0000
vn -0.1362 0.9907 -0.0000
vn -0.1841 0.9829 -0.0000
vn -0.2419 0.9703 -0.0000
vn -0.3103 0.9506 -0.0000
vn -0.4786 0.8781 -0.0000
vn -0.5750 0.8181 -0.0000
vn -0.6741 0.7386 -0.0000
vn -0.7605 0.6493 -0.0000
vn -0.8206 0.5716 -0.0000
vn -0.8642 0.5032 -0.0000
vn -0.8206 0.5715 -0.0000
vn -0.9015 0.4327 -0.0000
vn -0.9320 0.3625 -0.0000
vn -0.9556 0.2948 -0.0000
vn -0.9728 0.2316 -0.0000
vn -0.9846 0.1746 -0.0000
vn -0.9922 0.1246 -0.0000
vn -0.9966 0.0822 -0.0000
vn -0.9989 0.0477 -0.0000
vn -0.9998 0.0207 -0.0000
vn -0.9989 0.0476 -0.0000
vn -0.9982 -0.0593 -0.0000
vn -0.9676 -0.2525 -0.0000
vn -0.8798 -0.4753 -0.0000
vn -0.7663 -0.6425 -0.0000
vn -0.6555 -0.7552 -0.0000
vn -0.5614 -0.8275 -0.0000
vn -0.4872 -0.8733 -0.0000
vn -0.4315 -0.9021 -0.0000
vn -0.3923 -0.9198 -0.0000
vn -0.3685 -0.9296 -0.0000
vn -0.3601 -0.9329 -0.0000
vn -0.3700 -0.9290 -0.0000
vn -0.4351 -0.9004 -0.0000
vn -0.4331 -0.9013 -0.0000
vn -0.3378 -0.9412 -0.0000
vn -0.2805 -0.9599 -0.0000
vn -0.2631 -0.9648 -0.0000
vn -0.2889 -0.9574 -0.0000
vn -0.3644 -0.9312 -0.0000
vn -0.4969 -0.8678 -0.0000
vn -0.6781 -0.7349 -0.0000
vn -0.8594 -0.5113 -0.0000
vn -0.6782 -0.7349 -0.0000
vn -0.9719 -0.2354 -0.0000
vn -0.8594 -0.5112 -0.0000
vn -0.9999 0.0143 -0.0000
vn -0.9719 -0.2353 -0.0000
vn -0.9671 0.2543 -0.0000
vn -0.1190 -0.9929 -0.0000
vn -0.0576 -0.9983 -0.0000
vn -0.1872 -0.9823 -0.0000
vn -0.2650 -0.9642 -0.0000
vn -0.3549 -0.9349 -0.0000
vn -0.4585 -0.8887 -0.0000
vn -0.5755 -0.8178 -0.0000
vn -0.7006 -0.7136 -0.0000
vn -0.8215 -0.5703 -0.0000
vn -0.7006 -0.7135 -0.0000
vn -0.9201 -0.3917 -0.0000
vn -0.9809 -0.1946 -0.0000
vn -0.9985 0.0546 -0.0000
vn -0.9270 0.3750 -0.0000
vn -0.7680 0.6404 -0.0000
vn -0.6124 0.7905 -0.0000
vn -0.7681 0.6404 -0.0000
vn -0.4901 0.8717 -0.0000
vn -0.3977 0.9175 -0.0000
vn -0.3266 0.9452 -0.0000
vn -0.2694 0.9630 -0.0000
vn -0.2207 0.9753 -0.0000
vn -0.1760 0.9844 -0.0000
vn -0.1303 0.9915 -0.0000
vn -0.0756 0.9971 -0.0000
vn 0.0190 0.9998 -0.0000
vn 0.1731 0.9849 -0.0000
vn 0.3562 0.9344 -0.0000
vn 0.5328 0.8462 -0.0000
vn 0.6839 0.7296 -0.0000
vn 0.7992 0.6011 -0.0000
vn 0.8795 0.4759 -0.0000
vn 0.9318 0.3630 -0.0000
vn 0.9642 0.2653 -0.0000
vn 0.9832 0.1824 -0.0000
vn 0.9937 0.1122 -0.0000
vn 0.9986 0.0525 -0.0000
vn 0.9996 -0.0283 -0.0000
vn 0.9858 -0.1681 -0.0000
vn 0.9405 -0.3397 -0.0000
vn 0.8649 -0.5019 -0.0000
vn 0.7665 -0.6422 -0.0000
vn 0.6563 -0.7545 -0.0000
vn 0.5441 -0.8390 -0.0000
vn 0.4365 -0.8997 -0.0000
vn 0.3363 -0.9418 -0.0000
vn 0.2439 -0.9698 -0.0000
vn 0.1583 -0.9874 -0.0000
vn 0.0778 -0.9970 -0.0000
vn 0.0192 -0.9998 -0.0000
vn -0.0142 -0.9999 -0.0000
vt 0.654762 0.000000
vt 0.660714 0.000000
vt 0.657738 0.000000
vt 0.663690 0.000000
vt 0.651786 0.000000
vt 0.666667 0.000000
vt 0.648810 0.000000
vt 0.669643 0.000000
vt 0.672619 0.000000
vt 0.675595 0.000000
vt 0.678571 0.000000
vt 0.681548 0.000000
vt 0.684524 0.000000
vt 0.687500 0.000000
vt 0.690476 0.000000
vt 0.693452 0.000000
vt 0.696429 0.000000
vt 0.699405 0.000000
vt 0.645833 0.000000
vt 0.702381 0.000000
vt 0.705357 0.000000
vt 0.708333 0.000000
vt 0.711310 0.000000
vt 0.714286 0.000000
vt 0.717262 0.000000
vt 0.720238 0.000000
vt 0.723214 0.000000
vt 0.642857 0.000000
vt 0.726190 0.000000
vt 0.729167 0.000000
vt 0.732143 0.000000
vt 0.639881 0.000000
vt 0.735119 0.000000
vt 0.738095 0.000000
vt 0.636905 0.000000
vt 0.633929 0.000000
vt 0.741071 0.000000
vt 0.630952 0.000000
vt 0.744048 0.000000
vt 0.627976 0.000000
vt 0.747024 0.000000
vt 0.625000 0.000000
vt 0.622024 0.000000
vt 0.750000 0.000000
vt 0.752976 0.000000
vt 0.619048 0.000000
vt 0.755952 0.000000
vt 0.758929 0.000000
vt 0.616071 0.000000
vt 0.761905 0.000000
vt 0.764881 0.000000
vt 0.613095 0.000000
vt 0.767857 0.000000
vt 0.770833 0.000000
vt 0.610119 0.000000
vt 0.773810 0.000000
vt 0.776786 0.000000
vt 0.607143 0.000000
vt 0.779762 0.000000
vt 0.604167 0.000000
vt 0.782738 0.000000
vt 0.601190 0.000000
vt 0.785714 0.000000
vt 0.598214 0.000000
vt 0.788690 0.000000
vt 0.595238 0.000000
vt 0.592262 0.000000
vt 0.791667 0.000000
vt 0.589286 0.000000
vt 0.586310 0.000000
vt 0.520833 0.000000
vt 0.517857 0.000000
vt 0.523810 0.000000
vt 0.514881 0.000000
vt 0.526786 0.000000
vt 0.511905 0.000000
vt 0.529762 0.000000
vt 0.508929 0.000000
vt 0.532738 0.000000
vt 0.505952 0.000000
vt 0.535714 0.000000
vt 0.502976 0.000000
vt 0.794643 0.000000
vt 0.583333 0.000000
vt 0.538690 0.000000
vt 0.500000 0.000000
vt 0.541667 0.000000
vt 0.497024 0.000000
vt 0.544643 0.000000
vt 0.494048 0.000000
vt 0.580357 0.000000
vt 0.547619 0.000000
vt 0.550595 0.000000
vt 0.577381 0.000000
vt 0.491071 0.000000
vt 0.553571 0.000000
vt 0.797619 0.000000
vt 0.556548 0.000000
vt 0.574405 0.000000
vt 0.559524 0.000000
vt 0.571429 0.000000
vt 0.562500 0.000000
vt 0.565476 0.000000
vt 0.568452 0.000000
vt 0.488095 0.000000
vt 0.800595 0.000000
vt 0.485119 0.000000
vt 0.803571 0.000000
vt 0.482143 0.000000
vt 0.806548 0.000000
vt 0.479167 0.000000
vt 0.809524 0.000000
vt 0.812500 0.000000
vt 0.476190 0.000000
vt 0.815476 0.000000
vt 0.818452 0.000000
vt 0.473214 0.000000
vt 0.821429 0.000000
vt 0.824405 0.000000
vt 0.827381 0.000000
vt 0.830357 0.000000
vt 0.833333 0.000000
vt 0.836310 0.000000
vt 0.839286 0.000000
vt 0.842262 0.000000
vt 0.845238 0.000000
vt 0.470238 0.000000
vt 0.848214 0.000000
vt 0.851190 0.000000
vt 0.854167 0.000000
vt 0.032738 0.000000
vt 0.038690 0.000000
vt 0.035714 0.000000
vt 0.467262 0.000000
vt 0.041667 0.000000
vt 0.029762 0.000000
vt 0.026786 0.000000
vt 0.000000 0.000000
vt 0.023810 0.000000
vt 0.020833 0.000000
vt 0.044643 0.000000
vt 0.017857 0.000000
vt 0.002976 0.000000
vt 0.014881 0.000000
vt 0.005952 0.000000
vt 0.011905 0.000000
vt 0.008929 0.000000
vt 0.047619 0.000000
vt 0.464286 0.000000
vt 0.050595 0.000000
vt 0.461310 0.000000
vt 0.458333 0.000000
vt 0.455357 0.000000
vt 0.053571 0.000000
vt 0.452381 0.000000
vt 0.449405 0.000000
vt 0.446429 0.000000
vt 0.443452 0.000000
vt 0.440476 0.000000
vt 0.056548 0.000000
vt 0.437500 0.000000
vt 0.434524 0.000000
vt 0.431548 0.000000
vt 0.428571 0.000000
vt 0.425595 0.000000
vt 0.422619 0.000000
vt 0.059524 0.000000
vt 0.419643 0.000000
vt 0.416667 0.000000
vt 0.413690 0.000000
vt 0.410714 0.000000
vt 0.407738 0.000000
vt 0.404762 0.000000
vt 0.401786 0.000000
vt 0.398810 0.000000
vt 0.062500 0.000000
vt 0.395833 0.000000
vt 0.392857 0.000000
vt 0.389881 0.000000
vt 0.386905 0.000000
vt 0.383929 0.000000
vt 0.282738 0.000000
vt 0.279762 0.000000
vt 0.276786 0.000000
vt 0.065476 0.000000
vt 0.285714 0.000000
vt 0.288690 0.000000
vt 0.291667 0.000000
vt 0.294643 0.000000
vt 0.380952 0.000000
vt 0.273810 0.000000
vt 0.297619 0.000000
vt 0.300595 0.000000
vt 0.270833 0.000000
vt 0.303571 0.000000
vt 0.267857 0.000000
vt 0.306548 0.000000
vt 0.309524 0.000000
vt 0.377976 0.000000
vt 0.264881 0.000000
vt 0.312500 0.000000
vt 0.315476 0.000000
vt 0.261905 0.000000
vt 0.375000 0.000000
vt 0.318452 0.000000
vt 0.321429 0.000000
vt 0.258929 0.000000
vt 0.372024 0.000000
vt 0.324405 0.000000
vt 0.327381 0.000000
vt 0.068452 0.000000
vt 0.330357 0.000000
vt 0.255952 0.000000
vt 0.369048 0.000000
vt 0.172619 0.000000
vt 0.178571 0.000000
vt 0.175595 0.000000
vt 0.181548 0.000000
vt 0.184524 0.000000
vt 0.169643 0.000000
vt 0.333333 0.000000
vt 0.187500 0.000000
vt 0.166667 0.000000
vt 0.190476 0.000000
vt 0.336310 0.000000
vt 0.366071 0.000000
vt 0.163690 0.000000
vt 0.193452 0.000000
vt 0.339286 0.000000
vt 0.252976 0.000000
vt 0.363095 0.000000
vt 0.160714 0.000000
vt 0.342262 0.000000
vt 0.196429 0.000000
vt 0.345238 0.000000
vt 0.360119 0.000000
vt 0.348214 0.000000
vt 0.157738 0.000000
vt 0.357143 0.000000
vt 0.351190 0.000000
vt 0.354167 0.000000
vt 0.250000 0.000000
vt 0.199405 0.000000
vt 0.154762 0.000000
vt 0.071429 0.000000
vt 0.202381 0.000000
vt 0.247024 0.000000
vt 0.151786 0.000000
vt 0.205357 0.000000
vt 0.148810 0.000000
vt 0.244048 0.000000
vt 0.241071 0.000000
vt 0.238095 0.000000
vt 0.145833 0.000000
vt 0.208333 0.000000
vt 0.235119 0.000000
vt 0.232143 0.000000
vt 0.074405 0.000000
vt 0.229167 0.000000
vt 0.142857 0.000000
vt 0.226190 0.000000
vt 0.997024 0.000000
vt 0.994048 0.000000
vt 0.211310 0.000000
vt 0.223214 0.000000
vt 0.220238 0.000000
vt 0.139881 0.000000
vt 0.860119 0.000000
vt 0.857143 0.000000
vt 1.000000 0.000000
vt 0.217262 0.000000
vt 0.991071 0.000000
vt 0.863095 0.000000
vt 0.988095 0.000000
vt 0.866071 0.000000
vt 0.985119 0.000000
vt 0.214286 0.000000
vt 0.869048 0.000000
vt 0.982143 0.000000
vt 0.872024 0.000000
vt 0.979167 0.000000
vt 0.875000 0.000000
vt 0.976190 0.000000
vt 0.877976 0.000000
vt 0.973214 0.000000
vt 0.077381 0.000000
vt 0.880952 0.000000
vt 0.970238 0.000000
vt 0.883929 0.000000
vt 0.967262 0.000000
vt 0.136905 0.000000
vt 0.886905 0.000000
vt 0.964286 0.000000
vt 0.889881 0.000000
vt 0.961310 0.000000
vt 0.892857 0.000000
vt 0.958333 0.000000
vt 0.955357 0.000000
vt 0.895833 0.000000
vt 0.952381 0.000000
vt 0.898810 0.000000
vt 0.949405 0.000000
vt 0.080357 0.000000
vt 0.901786 0.000000
vt 0.946429 0.000000
vt 0.133929 0.000000
vt 0.904762 0.000000
vt 0.943452 0.000000
vt 0.907738 0.000000
vt 0.940476 0.000000
vt 0.910714 0.000000
vt 0.937500 0.000000
vt 0.913690 0.000000
vt 0.934524 0.000000
vt 0.916667 0.000000
vt 0.931548 0.000000
vt 0.919643 0.000000
vt 0.928571 0.000000
vt 0.922619 0.000000
vt 0.925595 0.000000
vt 0.130952 0.000000
vt 0.083333 0.000000
vt 0.127976 0.000000
vt 0.086310 0.000000
vt 0.125000 0.000000
vt 0.089286 0.000000
vt 0.122024 0.000000
vt 0.092262 0.000000
vt 0.119048 0.000000
vt 0.095238 0.000000
vt 0.116071 0.000000
vt 0.113095 0.000000
vt 0.098214 0.000000
vt 0.110119 0.000000
vt 0.101190 0.000000
vt 0.107143 0.000000
vt 0.104167 0.000000
vt 0.840650 0.000000
vt 0.843902 0.000000
vt 0.842276 0.000000
vt 0.839024 0.000000
vt 0.837398 0.000000
vt 0.845528 0.000000
vt 0.835772 0.000000
vt 0.834146 0.000000
vt 0.832520 0.000000
vt 0.830894 0.000000
vt 0.847154 0.000000
vt 0.829268 0.000000
vt 0.827642 0.000000
vt 0.826016 0.000000
vt 0.824390 0.000000
vt 0.996748 0.000000
vt 0.998374 0.000000
vt 0.995122 0.000000
vt 0.993496 0.000000
vt 0.848781 0.000000
vt 0.991870 0.000000
vt 0.990244 0.000000
vt 0.850407 0.000000
vt 0.988618 0.000000
vt 0.852033 0.000000
vt 0.986992 0.000000
vt 0.985366 0.000000
vt 0.853659 0.000000
vt 0.983740 0.000000
vt 0.855285 0.000000
vt 0.982114 0.000000
vt 0.980488 0.000000
vt 0.856911 0.000000
vt 0.978862 0.000000
vt 0.858537 0.000000
vt 0.977236 0.000000
vt 0.975610 0.000000
vt 0.973984 0.000000
vt 0.860163 0.000000
vt 0.972358 0.000000
vt 0.970732 0.000000
vt 0.969106 0.000000
vt 0.967480 0.000000
vt 0.861789 0.000000
vt 0.965854 0.000000
vt 0.964228 0.000000
vt 0.962602 0.000000
vt 0.960976 0.000000
vt 0.959350 0.000000
vt 0.863415 0.000000
vt 0.957724 0.000000
vt 0.956098 0.000000
vt 0.865041 0.000000
vt 0.954472 0.000000
vt 0.952846 0.000000
vt 0.866667 0.000000
vt 0.951219 0.000000
vt 0.949593 0.000000
vt 0.868293 0.000000
vt 0.947967 0.000000
vt 0.946341 0.000000
vt 0.869919 0.000000
vt 0.944715 0.000000
vt 0.943089 0.000000
vt 0.941463 0.000000
vt 0.871545 0.000000
vt 0.939837 0.000000
vt 0.938211 0.000000
vt 0.936585 0.000000
vt 0.873171 0.000000
vt 0.934959 0.000000
vt 0.933333 0.000000
vt 0.931707 0.000000
vt 0.874797 0.000000
vt 0.930081 0.000000
vt 0.928455 0.000000
vt 0.926829 0.000000
vt 0.925203 0.000000
vt 0.923577 0.000000
vt 0.913821 0.000000
vt 0.912195 0.000000
vt 0.876423 0.000000
vt 0.921951 0.000000
vt 0.915447 0.000000
vt 0.920325 0.000000
vt 0.918699 0.000000
vt 0.917073 0.000000
vt 0.910569 0.000000
vt 0.908943 0.000000
vt 0.907317 0.000000
vt 0.905691 0.000000
vt 0.904065 0.000000
vt 0.902439 0.000000
vt 0.900813 0.000000
vt 0.878049 0.000000
vt 0.899187 0.000000
vt 0.897561 0.000000
vt 0.895935 0.000000
vt 0.894309 0.000000
vt 0.879675 0.000000
vt 0.892683 0.000000
vt 0.891057 0.000000
vt 0.889431 0.000000
vt 0.887805 0.000000
vt 0.881301 0.000000
vt 0.886179 0.000000
vt 0.884553 0.000000
vt 0.882927 0.000000
vt 0.291057 0.000000
vt 0.294309 0.000000
vt 0.292683 0.000000
vt 0.289431 0.000000
vt 0.295935 0.000000
vt 0.287805 0.000000
vt 0.297561 0.000000
vt 0.299187 0.000000
vt 0.286179 0.000000
vt 0.300813 0.000000
vt 0.284553 0.000000
vt 0.302439 0.000000
vt 0.304065 0.000000
vt 0.305691 0.000000
vt 0.282927 0.000000
vt 0.307317 0.000000
vt 0.308943 0.000000
vt 0.313821 0.000000
vt 0.317073 0.000000
vt 0.315447 0.000000
vt 0.310569 0.000000
vt 0.312195 0.000000
vt 0.318699 0.000000
vt 0.281301 0.000000
vt 0.320325 0.000000
vt 0.279675 0.000000
vt 0.321951 0.000000
vt 0.278049 0.000000
vt 0.323577 0.000000
vt 0.276423 0.000000
vt 0.325203 0.000000
vt 0.274797 0.000000
vt 0.273171 0.000000
vt 0.326829 0.000000
vt 0.271545 0.000000
vt 0.269919 0.000000
vt 0.268293 0.000000
vt 0.266667 0.000000
vt 0.328455 0.000000
vt 0.265041 0.000000
vt 0.263415 0.000000
vt 0.261789 0.000000
vt 0.260163 0.000000
vt 0.258537 0.000000
vt 0.256911 0.000000
vt 0.255285 0.000000
vt 0.330081 0.000000
vt 0.253659 0.000000
vt 0.252033 0.000000
vt 0.250407 0.000000
vt 0.248780 0.000000
vt 0.247154 0.000000
vt 0.331707 0.000000
vt 0.245528 0.000000
vt 0.243902 0.000000
vt 0.242276 0.000000
vt 0.240650 0.000000
vt 0.239024 0.000000
vt 0.237398 0.000000
vt 0.235772 0.000000
vt 0.234146 0.000000
vt 0.334959 0.000000
vt 0.232520 0.000000
vt 0.336585 0.000000
vt 0.338211 0.000000
vt 0.339837 0.000000
vt 0.230894 0.000000
vt 0.530081 0.000000
vt 0.341463 0.000000
vt 0.528455 0.000000
vt 0.526829 0.000000
vt 0.643902 0.000000
vt 0.343089 0.000000
vt 0.525203 0.000000
vt 0.489431 0.000000
vt 0.642276 0.000000
vt 0.640650 0.000000
vt 0.523577 0.000000
vt 0.491057 0.000000
vt 0.531707 0.000000
vt 0.521951 0.000000
vt 0.492683 0.000000
vt 0.639024 0.000000
vt 0.533333 0.000000
vt 0.520325 0.000000
vt 0.494309 0.000000
vt 0.518699 0.000000
vt 0.495935 0.000000
vt 0.637398 0.000000
vt 0.534959 0.000000
vt 0.517073 0.000000
vt 0.497561 0.000000
vt 0.515447 0.000000
vt 0.499187 0.000000
vt 0.536585 0.000000
vt 0.344715 0.000000
vt 0.635772 0.000000
vt 0.513821 0.000000
vt 0.500813 0.000000
vt 0.512195 0.000000
vt 0.502439 0.000000
vt 0.538211 0.000000
vt 0.510569 0.000000
vt 0.504065 0.000000
vt 0.508943 0.000000
vt 0.505691 0.000000
vt 0.507317 0.000000
vt 0.634146 0.000000
vt 0.539837 0.000000
vt 0.541463 0.000000
vt 0.632520 0.000000
vt 0.229268 0.000000
vt 0.543089 0.000000
vt 0.630894 0.000000
vt 0.544715 0.000000
vt 0.546341 0.000000
vt 0.629268 0.000000
vt 0.346341 0.000000
vt 0.547967 0.000000
vt 0.549594 0.000000
vt 0.551220 0.000000
vt 0.627642 0.000000
vt 0.552846 0.000000
vt 0.554472 0.000000
vt 0.556098 0.000000
vt 0.557724 0.000000
vt 0.626016 0.000000
vt 0.559350 0.000000
vt 0.347967 0.000000
vt 0.560976 0.000000
vt 0.562602 0.000000
vt 0.624390 0.000000
vt 0.564228 0.000000
vt 0.565854 0.000000
vt 0.567480 0.000000
vt 0.349593 0.000000
vt 0.622764 0.000000
vt 0.227642 0.000000
vt 0.569106 0.000000
vt 0.621138 0.000000
vt 0.351220 0.000000
vt 0.570732 0.000000
vt 0.619512 0.000000
vt 0.617886 0.000000
vt 0.572358 0.000000
vt 0.352846 0.000000
vt 0.616260 0.000000
vt 0.573984 0.000000
vt 0.614634 0.000000
vt 0.575610 0.000000
vt 0.613008 0.000000
vt 0.611382 0.000000
vt 0.577236 0.000000
vt 0.609756 0.000000
vt 0.608130 0.000000
vt 0.606504 0.000000
vt 0.604878 0.000000
vt 0.603252 0.000000
vt 0.601626 0.000000
vt 0.600000 0.000000
vt 0.578862 0.000000
vt 0.598374 0.000000
vt 0.596748 0.000000
vt 0.595122 0.000000
vt 0.593496 0.000000
vt 0.580488 0.000000
vt 0.591870 0.000000
vt 0.590244 0.000000
vt 0.582114 0.000000
vt 0.588618 0.000000
vt 0.586992 0.000000
vt 0.583740 0.000000
vt 0.585366 0.000000
vt 0.226016 0.000000
vt 0.354472 0.000000
vt 0.224390 0.000000
vt 0.356098 0.000000
vt 0.357724 0.000000
vt 0.222764 0.000000
vt 0.359350 0.000000
vt 0.360976 0.000000
vt 0.221138 0.000000
vt 0.362602 0.000000
vt 0.364228 0.000000
vt 0.219512 0.000000
vt 0.705691 0.000000
vt 0.704065 0.000000
vt 0.365854 0.000000
vt 0.702439 0.000000
vt 0.367480 0.000000
vt 0.700813 0.000000
vt 0.391870 0.000000
vt 0.388618 0.000000
vt 0.369106 0.000000
vt 0.699187 0.000000
vt 0.707317 0.000000
vt 0.697561 0.000000
vt 0.708943 0.000000
vt 0.695935 0.000000
vt 0.694309 0.000000
vt 0.393496 0.000000
vt 0.710569 0.000000
vt 0.692683 0.000000
vt 0.691057 0.000000
vt 0.689431 0.000000
vt 0.712195 0.000000
vt 0.395122 0.000000
vt 0.390244 0.000000
vt 0.386992 0.000000
vt 0.396748 0.000000
vt 0.385366 0.000000
vt 0.687805 0.000000
vt 0.383740 0.000000
vt 0.398374 0.000000
vt 0.382114 0.000000
vt 0.686179 0.000000
vt 0.380488 0.000000
vt 0.684553 0.000000
vt 0.679675 0.000000
vt 0.400000 0.000000
vt 0.682927 0.000000
vt 0.681301 0.000000
vt 0.678049 0.000000
vt 0.370732 0.000000
vt 0.676423 0.000000
vt 0.378862 0.000000
vt 0.674797 0.000000
vt 0.377236 0.000000
vt 0.713821 0.000000
vt 0.375610 0.000000
vt 0.373984 0.000000
vt 0.673171 0.000000
vt 0.372358 0.000000
vt 0.401626 0.000000
vt 0.671545 0.000000
vt 0.715447 0.000000
vt 0.403252 0.000000
vt 0.669919 0.000000
vt 0.404878 0.000000
vt 0.668293 0.000000
vt 0.717073 0.000000
vt 0.217886 0.000000
vt 0.406504 0.000000
vt 0.718699 0.000000
vt 0.665041 0.000000
vt 0.408130 0.000000
vt 0.720325 0.000000
vt 0.663415 0.000000
vt 0.409756 0.000000
vt 0.721951 0.000000
vt 0.661789 0.000000
vt 0.411382 0.000000
vt 0.660163 0.000000
vt 0.723577 0.000000
vt 0.413008 0.000000
vt 0.658537 0.000000
vt 0.725203 0.000000
vt 0.414634 0.000000
vt 0.656911 0.000000
vt 0.726829 0.000000
vt 0.216260 0.000000
vt 0.416260 0.000000
vt 0.728455 0.000000
vt 0.655285 0.000000
vt 0.730081 0.000000
vt 0.417886 0.000000
vt 0.653659 0.000000
vt 0.731707 0.000000
vt 0.419512 0.000000
vt 0.652032 0.000000
vt 0.447154 0.000000
vt 0.450406 0.000000
vt 0.448780 0.000000
vt 0.445528 0.000000
vt 0.733333 0.000000
vt 0.443902 0.000000
vt 0.452033 0.000000
vt 0.442276 0.000000
vt 0.421138 0.000000
vt 0.650406 0.000000
vt 0.440650 0.000000
vt 0.439024 0.000000
vt 0.437398 0.000000
vt 0.734959 0.000000
vt 0.422764 0.000000
vt 0.435772 0.000000
vt 0.453659 0.000000
vt 0.434146 0.000000
vt 0.648780 0.000000
vt 0.432520 0.000000
vt 0.424390 0.000000
vt 0.430894 0.000000
vt 0.736585 0.000000
vt 0.429268 0.000000
vt 0.426016 0.000000
vt 0.427642 0.000000
vt 0.647154 0.000000
vt 0.738211 0.000000
vt 0.645528 0.000000
vt 0.739837 0.000000
vt 0.743089 0.000000
vt 0.741463 0.000000
vt 0.455285 0.000000
vt 0.456911 0.000000
vt 0.458537 0.000000
vt 0.460163 0.000000
vt 0.214634 0.000000
vt 0.461789 0.000000
vt 0.463415 0.000000
vt 0.465041 0.000000
vt 0.213008 0.000000
vt 0.466667 0.000000
vt 0.211382 0.000000
vt 0.468293 0.000000
vt 0.209756 0.000000
vt 0.469919 0.000000
vt 0.471545 0.000000
vt 0.208130 0.000000
vt 0.473171 0.000000
vt 0.474797 0.000000
vt 0.476423 0.000000
vt 0.206504 0.000000
vt 0.478049 0.000000
vt 0.479675 0.000000
vt 0.481301 0.000000
vt 0.204878 0.000000
vt 0.482927 0.000000
vt 0.484553 0.000000
vt 0.486179 0.000000
vt 0.203252 0.000000
vt 0.487805 0.000000
vt 0.001626 0.000000
vt 0.201626 0.000000
vt 0.003252 0.000000
vt 0.004878 0.000000
vt 0.006504 0.000000
vt 0.008130 0.000000
vt 0.009756 0.000000
vt 0.011382 0.000000
vt 0.200000 0.000000
vt 0.822764 0.000000
vt 0.013008 0.000000
vt 0.017886 0.000000
vt 0.014634 0.000000
vt 0.016260 0.000000
vt 0.019512 0.000000
vt 0.021138 0.000000
vt 0.022764 0.000000
vt 0.024390 0.000000
vt 0.821138 0.000000
vt 0.026016 0.000000
vt 0.744715 0.000000
vt 0.819512 0.000000
vt 0.817886 0.000000
vt 0.027642 0.000000
vt 0.816260 0.000000
vt 0.746341 0.000000
vt 0.814634 0.000000
vt 0.813008 0.000000
vt 0.029268 0.000000
vt 0.747967 0.000000
vt 0.811382 0.000000
vt 0.030894 0.000000
vt 0.749593 0.000000
vt 0.809756 0.000000
vt 0.032520 0.000000
vt 0.808130 0.000000
vt 0.751220 0.000000
vt 0.034146 0.000000
vt 0.198374 0.000000
vt 0.806504 0.000000
vt 0.035772 0.000000
vt 0.752846 0.000000
vt 0.804878 0.000000
vt 0.037398 0.000000
vt 0.754472 0.000000
vt 0.803252 0.000000
vt 0.039024 0.000000
vt 0.196748 0.000000
vt 0.801626 0.000000
vt 0.756098 0.000000
vt 0.800000 0.000000
vt 0.757724 0.000000
vt 0.040650 0.000000
vt 0.798374 0.000000
vt 0.195122 0.000000
vt 0.759350 0.000000
vt 0.042276 0.000000
vt 0.796748 0.000000
vt 0.193496 0.000000
vt 0.760976 0.000000
vt 0.795122 0.000000
vt 0.043902 0.000000
vt 0.191870 0.000000
vt 0.793496 0.000000
vt 0.190244 0.000000
vt 0.045528 0.000000
vt 0.762602 0.000000
vt 0.188618 0.000000
vt 0.791870 0.000000
vt 0.047154 0.000000
vt 0.186992 0.000000
vt 0.790244 0.000000
vt 0.764228 0.000000
vt 0.048780 0.000000
vt 0.765854 0.000000
vt 0.185366 0.000000
vt 0.788618 0.000000
vt 0.767480 0.000000
vt 0.769106 0.000000
vt 0.183740 0.000000
vt 0.050407 0.000000
vt 0.786992 0.000000
vt 0.770732 0.000000
vt 0.772358 0.000000
vt 0.182114 0.000000
vt 0.785366 0.000000
vt 0.773984 0.000000
vt 0.775610 0.000000
vt 0.052033 0.000000
vt 0.783740 0.000000
vt 0.777236 0.000000
vt 0.180488 0.000000
vt 0.778862 0.000000
vt 0.782114 0.000000
vt 0.780488 0.000000
vt 0.178862 0.000000
vt 0.053659 0.000000
vt 0.177236 0.000000
vt 0.175610 0.000000
vt 0.173984 0.000000
vt 0.055285 0.000000
vt 0.172358 0.000000
vt 0.056911 0.000000
vt 0.170732 0.000000
vt 0.095935 0.000000
vt 0.058537 0.000000
vt 0.169106 0.000000
vt 0.097561 0.000000
vt 0.094309 0.000000
vt 0.092683 0.000000
vt 0.099187 0.000000
vt 0.060163 0.000000
vt 0.091057 0.000000
vt 0.100813 0.000000
vt 0.167480 0.000000
vt 0.061789 0.000000
vt 0.089431 0.000000
vt 0.102439 0.000000
vt 0.087805 0.000000
vt 0.063415 0.000000
vt 0.165854 0.000000
vt 0.136585 0.000000
vt 0.104065 0.000000
vt 0.086179 0.000000
vt 0.065041 0.000000
vt 0.138211 0.000000
vt 0.134959 0.000000
vt 0.133333 0.000000
vt 0.139837 0.000000
vt 0.164228 0.000000
vt 0.105691 0.000000
vt 0.141463 0.000000
vt 0.143089 0.000000
vt 0.131707 0.000000
vt 0.066667 0.000000
vt 0.084553 0.000000
vt 0.144715 0.000000
vt 0.162602 0.000000
vt 0.130081 0.000000
vt 0.107317 0.000000
vt 0.146341 0.000000
vt 0.068293 0.000000
vt 0.082927 0.000000
vt 0.128455 0.000000
vt 0.147967 0.000000
vt 0.160976 0.000000
vt 0.108943 0.000000
vt 0.069919 0.000000
vt 0.126829 0.000000
vt 0.081301 0.000000
vt 0.149594 0.000000
vt 0.159350 0.000000
vt 0.071545 0.000000
vt 0.125203 0.000000
vt 0.151220 0.000000
vt 0.079675 0.000000
vt 0.110569 0.000000
vt 0.152846 0.000000
vt 0.157724 0.000000
vt 0.073171 0.000000
vt 0.123577 0.000000
vt 0.154472 0.000000
vt 0.078049 0.000000
vt 0.156098 0.000000
vt 0.074797 0.000000
vt 0.121951 0.000000
vt 0.112195 0.000000
vt 0.076423 0.000000
vt 0.120325 0.000000
vt 0.113821 0.000000
vt 0.118699 0.000000
vt 0.117073 0.000000
vt 0.115447 0.000000
vt 0.009174 1.000000
vt 0.000000 1.000000
vt 0.018349 1.000000
vt 0.009174 0.000000
vt 0.027523 1.000000
vt 0.018349 0.000000
vt 0.036697 1.000000
vt 0.027523 0.000000
vt 0.045872 1.000000
vt 0.036697 0.000000
vt 0.055046 1.000000
vt 0.045872 0.000000
vt 0.064220 1.000000
vt 0.055046 0.000000
vt 0.073394 1.000000
vt 0.064220 0.000000
vt 0.082569 1.000000
vt 0.073394 0.000000
vt 0.091743 1.000000
vt 0.082569 0.000000
vt 0.100917 1.000000
vt 0.091743 0.000000
vt 0.110092 1.000000
vt 0.100917 0.000000
vt 0.119266 1.000000
vt 0.110092 0.000000
vt 0.128440 1.000000
vt 0.119266 0.000000
vt 0.137615 1.000000
vt 0.128440 0.000000
vt 0.146789 1.000000
vt 0.137615 0.000000
vt 0.155963 1.000000
vt 0.146789 0.000000
vt 0.165138 1.000000
vt 0.155963 0.000000
vt 0.174312 1.000000
vt 0.165138 0.000000
vt 0.183486 1.000000
vt 0.174312 0.000000
vt 0.192661 1.000000
vt 0.183486 0.000000
vt 0.201835 1.000000
vt 0.192661 0.000000
vt 0.211009 1.000000
vt 0.201835 0.000000
vt 0.220183 1.000000
vt 0.211009 0.000000
vt 0.229358 1.000000
vt 0.220183 0.000000
vt 0.238532 1.000000
vt 0.229358 0.000000
vt 0.247706 1.000000
vt 0.238532 0.000000
vt 0.256881 1.000000
vt 0.247706 0.000000
vt 0.266055 1.000000
vt 0.256881 0.000000
vt 0.275229 1.000000
vt 0.266055 0.000000
vt 0.284404 1.000000
vt 0.275229 0.000000
vt 0.293578 1.000000
vt 0.284404 0.000000
vt 0.302752 1.000000
vt 0.293578 0.000000
vt 0.311927 1.000000
vt 0.302752 0.000000
vt 0.321101 1.000000
vt 0.311927 0.000000
vt 0.330275 1.000000
vt 0.321101 0.000000
vt 0.339450 1.000000
vt 0.330275 0.000000
vt 0.348624 1.000000
vt 0.339450 0.000000
vt 0.357798 1.000000
vt 0.348624 0.000000
vt 0.366972 1.000000
vt 0.357798 0.000000
vt 0.376147 1.000000
vt 0.366972 0.000000
vt 0.385321 1.000000
vt 0.376147 0.000000
vt 0.394495 1.000000
vt 0.385321 0.000000
vt 0.403670 1.000000
vt 0.394495 0.000000
vt 0.412844 1.000000
vt 0.403670 0.000000
vt 0.422018 1.000000
vt 0.412844 0.000000
vt 0.431193 1.000000
vt 0.422018 0.000000
vt 0.440367 1.000000
vt 0.431193 0.000000
vt 0.449541 1.000000
vt 0.440367 0.000000
vt 0.458716 1.000000
vt 0.449541 0.000000
vt 0.467890 1.000000
vt 0.458716 0.000000
vt 0.477064 1.000000
vt 0.467890 0.000000
vt 0.486239 1.000000
vt 0.477064 0.000000
vt 0.495413 1.000000
vt 0.486239 0.000000
vt 0.504587 1.000000
vt 0.495413 0.000000
vt 0.513761 1.000000
vt 0.504587 0.000000
vt 0.522936 1.000000
vt 0.513761 0.000000
vt 0.532110 1.000000
vt 0.522936 0.000000
vt 0.541284 1.000000
vt 0.532110 0.000000
vt 0.550459 1.000000
vt 0.541284 0.000000
vt 0.559633 1.000000
vt 0.550459 0.000000
vt 0.568807 1.000000
vt 0.559633 0.000000
vt 0.577982 1.000000
vt 0.568807 0.000000
vt 0.587156 1.000000
vt 0.577982 0.000000
vt 0.596330 1.000000
vt 0.587156 0.000000
vt 0.605505 1.000000
vt 0.596330 0.000000
vt 0.614679 1.000000
vt 0.605505 0.000000
vt 0.623853 1.000000
vt 0.614679 0.000000
vt 0.633027 1.000000
vt 0.623853 0.000000
vt 0.642202 1.000000
vt 0.633027 0.000000
vt 0.651376 1.000000
vt 0.642202 0.000000
vt 0.660550 1.000000
vt 0.651376 0.000000
vt 0.669725 1.000000
vt 0.660550 0.000000
vt 0.678899 1.000000
vt 0.669725 0.000000
vt 0.688073 1.000000
vt 0.678899 0.000000
vt 0.697248 1.000000
vt 0.688073 0.000000
vt 0.706422 1.000000
vt 0.697248 0.000000
vt 0.715596 1.000000
vt 0.706422 0.000000
vt 0.724771 1.000000
vt 0.715596 0.000000
vt 0.733945 1.000000
vt 0.724771 0.000000
vt 0.743119 1.000000
vt 0.733945 0.000000
vt 0.752294 1.000000
vt 0.743119 0.000000
vt 0.761468 1.000000
vt 0.752294 0.000000
vt 0.770642 1.000000
vt 0.761468 0.000000
vt 0.779817 1.000000
vt 0.770642 0.000000
vt 0.788991 1.000000
vt 0.779817 0.000000
vt 0.798165 1.000000
vt 0.788991 0.000000
vt 0.807339 1.000000
vt 0.798165 0.000000
vt 0.816514 1.000000
vt 0.807339 0.000000
vt 0.825688 1.000000
vt 0.816514 0.000000
vt 0.834862 1.000000
vt 0.825688 0.000000
vt 0.844037 1.000000
vt 0.834862 0.000000
vt 0.853211 1.000000
vt 0.844037 0.000000
vt 0.862385 1.000000
vt 0.853211 0.000000
vt 0.871560 1.000000
vt 0.862385 0.000000
vt 0.880734 1.000000
vt 0.871560 0.000000
vt 0.889908 1.000000
vt 0.880734 0.000000
vt 0.899083 1.000000
vt 0.889908 0.000000
vt 0.908257 1.000000
vt 0.899083 0.000000
vt 0.917431 1.000000
vt 0.908257 0.000000
vt 0.926606 1.000000
vt 0.917431 0.000000
vt 0.935780 1.000000
vt 0.926606 0.000000
vt 0.944954 1.000000
vt 0.935780 0.000000
vt 0.954128 1.000000
vt 0.944954 0.000000
vt 0.963303 1.000000
vt 0.954128 0.000000
vt 0.972477 1.000000
vt 0.963303 0.000000
vt 0.981651 1.000000
vt 0.972477 0.000000
vt 0.990826 1.000000
vt 0.981651 0.000000
vt 1.000000 1.000000
vt 0.990826 0.000000
vt 0.003322 1.000000
vt 0.006645 1.000000
vt 0.003322 0.000000
vt 0.009967 1.000000
vt 0.006645 0.000000
vt 0.013289 1.000000
vt 0.009967 0.000000
vt 0.016611 1.000000
vt 0.013289 0.000000
vt 0.019934 1.000000
vt 0.016611 0.000000
vt 0.023256 1.000000
vt 0.019934 0.000000
vt 0.026578 1.000000
vt 0.023256 0.000000
vt 0.029900 1.000000
vt 0.026578 0.000000
vt 0.033223 1.000000
vt 0.029900 0.000000
vt 0.036545 1.000000
vt 0.033223 0.000000
vt 0.039867 1.000000
vt 0.036545 0.000000
vt 0.043189 1.000000
vt 0.039867 0.000000
vt 0.046512 1.000000
vt 0.043189 0.000000
vt 0.049834 1.000000
vt 0.046512 0.000000
vt 0.053156 1.000000
vt 0.049834 0.000000
vt 0.056478 1.000000
vt 0.053156 0.000000
vt 0.059801 1.000000
vt 0.056478 0.000000
vt 0.063123 1.000000
vt 0.059801 0.000000
vt 0.066445 1.000000
vt 0.063123 0.000000
vt 0.069767 1.000000
vt 0.066445 0.000000
vt 0.073090 1.000000
vt 0.069767 0.000000
vt 0.076412 1.000000
vt 0.073090 0.000000
vt 0.079734 1.000000
vt 0.076412 0.000000
vt 0.083056 1.000000
vt 0.079734 0.000000
vt 0.086379 1.000000
vt 0.083056 0.000000
vt 0.089701 1.000000
vt 0.086379 0.000000
vt 0.093023 1.000000
vt 0.089701 0.000000
vt 0.096346 1.000000
vt 0.093023 0.000000
vt 0.099668 1.000000
vt 0.096346 0.000000
vt 0.102990 1.000000
vt 0.099668 0.000000
vt 0.106312 1.000000
vt 0.102990 0.000000
vt 0.109635 1.000000
vt 0.106312 0.000000
vt 0.112957 1.000000
vt 0.109635 0.000000
vt 0.116279 1.000000
vt 0.112957 0.000000
vt 0.119601 1.000000
vt 0.116279 0.000000
vt 0.122924 1.000000
vt 0.119601 0.000000
vt 0.126246 1.000000
vt 0.122924 0.000000
vt 0.129568 1.000000
vt 0.126246 0.000000
vt 0.132890 1.000000
vt 0.129568 0.000000
vt 0.136213 1.000000
vt 0.132890 0.000000
vt 0.139535 1.000000
vt 0.136213 0.000000
vt 0.142857 1.000000
vt 0.139535 0.000000
vt 0.146179 1.000000
vt 0.149502 1.000000
vt 0.146179 0.000000
vt 0.152824 1.000000
vt 0.149502 0.000000
vt 0.156146 1.000000
vt 0.152824 0.000000
vt 0.159468 1.000000
vt 0.156146 0.000000
vt 0.162791 1.000000
vt 0.159468 0.000000
vt 0.166113 1.000000
vt 0.162791 0.000000
vt 0.169435 1.000000
vt 0.166113 0.000000
vt 0.172757 1.000000
vt 0.169435 0.000000
vt 0.176080 1.000000
vt 0.172757 0.000000
vt 0.179402 1.000000
vt 0.176080 0.000000
vt 0.182724 1.000000
vt 0.179402 0.000000
vt 0.186047 1.000000
vt 0.182724 0.000000
vt 0.189369 1.000000
vt 0.186047 0.000000
vt 0.192691 1.000000
vt 0.189369 0.000000
vt 0.196013 1.000000
vt 0.192691 0.000000
vt 0.199336 1.000000
vt 0.196013 0.000000
vt 0.202658 1.000000
vt 0.199336 0.000000
vt 0.205980 1.000000
vt 0.202658 0.000000
vt 0.209302 1.000000
vt 0.205980 0.000000
vt 0.212625 1.000000
vt 0.209302 0.000000
vt 0.215947 1.000000
vt 0.212625 0.000000
vt 0.219269 1.000000
vt 0.215947 0.000000
vt 0.222591 1.000000
vt 0.219269 0.000000
vt 0.225914 1.000000
vt 0.222591 0.000000
vt 0.229236 1.000000
vt 0.225914 0.000000
vt 0.232558 1.000000
vt 0.229236 0.000000
vt 0.235880 1.000000
vt 0.232558 0.000000
vt 0.239203 1.000000
vt 0.235880 0.000000
vt 0.242525 1.000000
vt 0.239203 0.000000
vt 0.245847 1.000000
vt 0.242525 0.000000
vt 0.249169 1.000000
vt 0.245847 0.000000
vt 0.252492 1.000000
vt 0.249169 0.000000
vt 0.255814 1.000000
vt 0.252492 0.000000
vt 0.259136 1.000000
vt 0.255814 0.000000
vt 0.262458 1.000000
vt 0.259136 0.000000
vt 0.265781 1.000000
vt 0.262458 0.000000
vt 0.269103 1.000000
vt 0.265781 0.000000
vt 0.272425 1.000000
vt 0.269103 0.000000
vt 0.275748 1.000000
vt 0.272425 0.000000
vt 0.279070 1.000000
vt 0.275748 0.000000
vt 0.282392 1.000000
vt 0.279070 0.000000
vt 0.285714 1.000000
vt 0.282392 0.000000
vt 0.289037 1.000000
vt 0.292359 1.000000
vt 0.289037 0.000000
vt 0.295681 1.000000
vt 0.292359 0.000000
vt 0.299003 1.000000
vt 0.295681 0.000000
vt 0.302326 1.000000
vt 0.299003 0.000000
vt 0.305648 1.000000
vt 0.302326 0.000000
vt 0.308970 1.000000
vt 0.305648 0.000000
vt 0.312292 1.000000
vt 0.308970 0.000000
vt 0.315615 1.000000
vt 0.312292 0.000000
vt 0.318937 1.000000
vt 0.315615 0.000000
vt 0.322259 1.000000
vt 0.318937 0.000000
vt 0.325581 1.000000
vt 0.322259 0.000000
vt 0.328904 1.000000
vt 0.325581 0.000000
vt 0.332226 1.000000
vt 0.328904 0.000000
vt 0.335548 1.000000
vt 0.332226 0.000000
vt 0.338870 1.000000
vt 0.335548 0.000000
vt 0.342193 1.000000
vt 0.338870 0.000000
vt 0.345515 1.000000
vt 0.342193 0.000000
vt 0.348837 1.000000
vt 0.345515 0.000000
vt 0.352159 1.000000
vt 0.348837 0.000000
vt 0.355482 1.000000
vt 0.352159 0.000000
vt 0.358804 1.000000
vt 0.355482 0.000000
vt 0.362126 1.000000
vt 0.358804 0.000000
vt 0.365449 1.000000
vt 0.362126 0.000000
vt 0.368771 1.000000
vt 0.365449 0.000000
vt 0.372093 1.000000
vt 0.368771 0.000000
vt 0.375415 1.000000
vt 0.372093 0.000000
vt 0.378738 1.000000
vt 0.375415 0.000000
vt 0.382060 1.000000
vt 0.378738 0.000000
vt 0.385382 1.000000
vt 0.382060 0.000000
vt 0.388704 1.000000
vt 0.385382 0.000000
vt 0.392027 1.000000
vt 0.388704 0.000000
vt 0.395349 1.000000
vt 0.392027 0.000000
vt 0.398671 1.000000
vt 0.395349 0.000000
vt 0.401993 1.000000
vt 0.398671 0.000000
vt 0.405316 1.000000
vt 0.401993 0.000000
vt 0.408638 1.000000
vt 0.405316 0.000000
vt 0.411960 1.000000
vt 0.408638 0.000000
vt 0.415282 1.000000
vt 0.411960 0.000000
vt 0.418605 1.000000
vt 0.415282 0.000000
vt 0.421927 1.000000
vt 0.418605 0.000000
vt 0.425249 1.000000
vt 0.421927 0.000000
vt 0.428571 1.000000
vt 0.425249 0.000000
vt 0.431894 1.000000
vt 0.435216 1.000000
vt 0.431894 0.000000
vt 0.438538 1.000000
vt 0.435216 0.000000
vt 0.441860 1.000000
vt 0.438538 0.000000
vt 0.445183 1.000000
vt 0.441860 0.000000
vt 0.448505 1.000000
vt 0.445183 0.000000
vt 0.451827 1.000000
vt 0.448505 0.000000
vt 0.455150 1.000000
vt 0.451827 0.000000
vt 0.458472 1.000000
vt 0.455150 0.000000
vt 0.461794 1.000000
vt 0.458472 0.000000
vt 0.465116 1.000000
vt 0.461794 0.000000
vt 0.468439 1.000000
vt 0.465116 0.000000
vt 0.471761 1.000000
vt 0.468439 0.000000
vt 0.475083 1.000000
vt 0.471761 0.000000
vt 0.478405 1.000000
vt 0.475083 0.000000
vt 0.481728 1.000000
vt 0.478405 0.000000
vt 0.485050 1.000000
vt 0.481728 0.000000
vt 0.488372 1.000000
vt 0.485050 0.000000
vt 0.491694 1.000000
vt 0.488372 0.000000
vt 0.495017 1.000000
vt 0.491694 0.000000
vt 0.498339 1.000000
vt 0.495017 0.000000
vt 0.501661 1.000000
vt 0.498339 0.000000
vt 0.504983 1.000000
vt 0.501661 0.000000
vt 0.508306 1.000000
vt 0.504983 0.000000
vt 0.511628 1.000000
vt 0.508306 0.000000
vt 0.514950 1.000000
vt 0.511628 0.000000
vt 0.518272 1.000000
vt 0.514950 0.000000
vt 0.521595 1.000000
vt 0.518272 0.000000
vt 0.524917 1.000000
vt 0.521595 0.000000
vt 0.528239 1.000000
vt 0.524917 0.000000
vt 0.531561 1.000000
vt 0.528239 0.000000
vt 0.534884 1.000000
vt 0.531561 0.000000
vt 0.538206 1.000000
vt 0.534884 0.000000
vt 0.541528 1.000000
vt 0.538206 0.000000
vt 0.544850 1.000000
vt 0.541528 0.000000
vt 0.548173 1.000000
vt 0.544850 0.000000
vt 0.551495 1.000000
vt 0.548173 0.000000
vt 0.554817 1.000000
vt 0.551495 0.000000
vt 0.558140 1.000000
vt 0.554817 0.000000
vt 0.561462 1.000000
vt 0.558140 0.000000
vt 0.564784 1.000000
vt 0.561462 0.000000
vt 0.568106 1.000000
vt 0.564784 0.000000
vt 0.571429 1.000000
vt 0.568106 0.000000
vt 0.574751 1.000000
vt 0.578073 1.000000
vt 0.574751 0.000000
vt 0.581395 1.000000
vt 0.578073 0.000000
vt 0.584718 1.000000
vt 0.581395 0.000000
vt 0.588040 1.000000
vt 0.584718 0.000000
vt 0.591362 1.000000
vt 0.588040 0.000000
vt 0.594684 1.000000
vt 0.591362 0.000000
vt 0.598007 1.000000
vt 0.594684 0.000000
vt 0.601329 1.000000
vt 0.598007 0.000000
vt 0.604651 1.000000
vt 0.601329 0.000000
vt 0.607973 1.000000
vt 0.604651 0.000000
vt 0.611296 1.000000
vt 0.607973 0.000000
vt 0.614618 1.000000
vt 0.611296 0.000000
vt 0.617940 1.000000
vt 0.614618 0.000000
vt 0.621262 1.000000
vt 0.617940 0.000000
vt 0.624585 1.000000
vt 0.621262 0.000000
vt 0.627907 1.000000
vt 0.624585 0.000000
vt 0.631229 1.000000
vt 0.627907 0.000000
vt 0.634551 1.000000
vt 0.631229 0.000000
vt 0.637874 1.000000
vt 0.634551 0.000000
vt 0.641196 1.000000
vt 0.637874 0.000000
vt 0.644518 1.000000
vt 0.641196 0.000000
vt 0.647841 1.000000
vt 0.644518 0.000000
vt 0.651163 1.000000
vt 0.647841 0.000000
vt 0.654485 1.000000
vt 0.651163 0.000000
vt 0.657807 1.000000
vt 0.654485 0.000000
vt 0.661130 1.000000
vt 0.657807 0.000000
vt 0.664452 1.000000
vt 0.661130 0.000000
vt 0.667774 1.000000
vt 0.664452 0.000000
vt 0.671096 1.000000
vt 0.667774 0.000000
vt 0.674419 1.000000
vt 0.671096 0.000000
vt 0.677741 1.000000
vt 0.674419 0.000000
vt 0.681063 1.000000
vt 0.677741 0.000000
vt 0.684385 1.000000
vt 0.681063 0.000000
vt 0.687708 1.000000
vt 0.684385 0.000000
vt 0.691030 1.000000
vt 0.687708 0.000000
vt 0.694352 1.000000
vt 0.691030 0.000000
vt 0.697674 1.000000
vt 0.694352 0.000000
vt 0.700997 1.000000
vt 0.697674 0.000000
vt 0.704319 1.000000
vt 0.700997 0.000000
vt 0.707641 1.000000
vt 0.704319 0.000000
vt 0.710963 1.000000
vt 0.707641 0.000000
vt 0.714286 1.000000
vt 0.710963 0.000000
vt 0.717608 1.000000
vt 0.720930 1.000000
vt 0.717608 0.000000
vt 0.724252 1.000000
vt 0.720930 0.000000
vt 0.727575 1.000000
vt 0.724252 0.000000
vt 0.730897 1.000000
vt 0.727575 0.000000
vt 0.734219 1.000000
vt 0.730897 0.000000
vt 0.737542 1.000000
vt 0.734219 0.000000
vt 0.740864 1.000000
vt 0.737542 0.000000
vt 0.744186 1.000000
vt 0.740864 0.000000
vt 0.747508 1.000000
vt 0.744186 0.000000
vt 0.750831 1.000000
vt 0.747508 0.000000
vt 0.754153 1.000000
vt 0.750831 0.000000
vt 0.757475 1.000000
vt 0.754153 0.000000
vt 0.760797 1.000000
vt 0.757475 0.000000
vt 0.764120 1.000000
vt 0.760797 0.000000
vt 0.767442 1.000000
vt 0.764120 0.000000
vt 0.770764 1.000000
vt 0.767442 0.000000
vt 0.774086 1.000000
vt 0.770764 0.000000
vt 0.777409 1.000000
vt 0.774086 0.000000
vt 0.780731 1.000000
vt 0.777409 0.000000
vt 0.784053 1.000000
vt 0.780731 0.000000
vt 0.787375 1.000000
vt 0.784053 0.000000
vt 0.790698 1.000000
vt 0.787375 0.000000
vt 0.794020 1.000000
vt 0.790698 0.000000
vt 0.797342 1.000000
vt 0.794020 0.000000
vt 0.800664 1.000000
vt 0.797342 0.000000
vt 0.803987 1.000000
vt 0.800664 0.000000
vt 0.807309 1.000000
vt 0.803987 0.000000
vt 0.810631 1.000000
vt 0.807309 0.000000
vt 0.813953 1.000000
vt 0.810631 0.000000
vt 0.817276 1.000000
vt 0.813953 0.000000
vt 0.820598 1.000000
vt 0.817276 0.000000
vt 0.823920 1.000000
vt 0.820598 0.000000
vt 0.827243 1.000000
vt 0.823920 0.000000
vt 0.830565 1.000000
vt 0.827243 0.000000
vt 0.833887 1.000000
vt 0.830565 0.000000
vt 0.837209 1.000000
vt 0.833887 0.000000
vt 0.840532 1.000000
vt 0.837209 0.000000
vt 0.843854 1.000000
vt 0.840532 0.000000
vt 0.847176 1.000000
vt 0.843854 0.000000
vt 0.850498 1.000000
vt 0.847176 0.000000
vt 0.853821 1.000000
vt 0.850498 0.000000
vt 0.857143 1.000000
vt 0.853821 0.000000
vt 0.860465 1.000000
vt 0.863787 1.000000
vt 0.860465 0.000000
vt 0.867110 1.000000
vt 0.863787 0.000000
vt 0.870432 1.000000
vt 0.867110 0.000000
vt 0.873754 1.000000
vt 0.870432 0.000000
vt 0.877076 1.000000
vt 0.873754 0.000000
vt 0.880399 1.000000
vt 0.877076 0.000000
vt 0.883721 1.000000
vt 0.880399 0.000000
vt 0.887043 1.000000
vt 0.883721 0.000000
vt 0.890365 1.000000
vt 0.887043 0.000000
vt 0.893688 1.000000
vt 0.890365 0.000000
vt 0.897010 1.000000
vt 0.893688 0.000000
vt 0.900332 1.000000
vt 0.897010 0.000000
vt 0.903654 1.000000
vt 0.900332 0.000000
vt 0.906977 1.000000
vt 0.903654 0.000000
vt 0.910299 1.000000
vt 0.906977 0.000000
vt 0.913621 1.000000
vt 0.910299 0.000000
vt 0.916944 1.000000
vt 0.913621 0.000000
vt 0.920266 1.000000
vt 0.916944 0.000000
vt 0.923588 1.000000
vt 0.920266 0.000000
vt 0.926910 1.000000
vt 0.923588 0.000000
vt 0.930233 1.000000
vt 0.926910 0.000000
vt 0.933555 1.000000
vt 0.930233 0.000000
vt 0.936877 1.000000
vt 0.933555 0.000000
vt 0.940199 1.000000
vt 0.936877 0.000000
vt 0.943522 1.000000
vt 0.940199 0.000000
vt 0.946844 1.000000
vt 0.943522 0.000000
vt 0.950166 1.000000
vt 0.946844 0.000000
vt 0.953488 1.000000
vt 0.950166 0.000000
vt 0.956811 1.000000
vt 0.953488 0.000000
vt 0.960133 1.000000
vt 0.956811 0.000000
vt 0.963455 1.000000
vt 0.960133 0.000000
vt 0.966777 1.000000
vt 0.963455 0.000000
vt 0.970100 1.000000
vt 0.966777 0.000000
vt 0.973422 1.000000
vt 0.970100 0.000000
vt 0.976744 1.000000
vt 0.973422 0.000000
vt 0.980066 1.000000
vt 0.976744 0.000000
vt 0.983389 1.000000
vt 0.980066 0.000000
vt 0.986711 1.000000
vt 0.983389 0.000000
vt 0.990033 1.000000
vt 0.986711 0.000000
vt 0.993355 1.000000
vt 0.990033 0.000000
vt 0.996678 1.000000
vt 0.993355 0.000000
vt 0.996678 0.000000
vt 0.010417 1.000000
vt 0.020833 1.000000
vt 0.010417 0.000000
vt 0.031250 1.000000
vt 0.041667 1.000000
vt 0.031250 0.000000
vt 0.052083 1.000000
vt 0.062500 1.000000
vt 0.052083 0.000000
vt 0.072917 1.000000
vt 0.083333 1.000000
vt 0.072917 0.000000
vt 0.093750 1.000000
vt 0.104167 1.000000
vt 0.093750 0.000000
vt 0.114583 1.000000
vt 0.125000 1.000000
vt 0.114583 0.000000
vt 0.135417 1.000000
vt 0.145833 1.000000
vt 0.135417 0.000000
vt 0.156250 1.000000
vt 0.166667 1.000000
vt 0.156250 0.000000
vt 0.177083 1.000000
vt 0.187500 1.000000
vt 0.177083 0.000000
vt 0.197917 1.000000
vt 0.208333 1.000000
vt 0.197917 0.000000
vt 0.218750 1.000000
vt 0.229167 1.000000
vt 0.218750 0.000000
vt 0.239583 1.000000
vt 0.250000 1.000000
vt 0.239583 0.000000
vt 0.260417 1.000000
vt 0.270833 1.000000
vt 0.260417 0.000000
vt 0.281250 1.000000
vt 0.291667 1.000000
vt 0.281250 0.000000
vt 0.302083 1.000000
vt 0.312500 1.000000
vt 0.302083 0.000000
vt 0.322917 1.000000
vt 0.333333 1.000000
vt 0.322917 0.000000
vt 0.343750 1.000000
vt 0.354167 1.000000
vt 0.343750 0.000000
vt 0.364583 1.000000
vt 0.375000 1.000000
vt 0.364583 0.000000
vt 0.385417 1.000000
vt 0.395833 1.000000
vt 0.385417 0.000000
vt 0.406250 1.000000
vt 0.416667 1.000000
vt 0.406250 0.000000
vt 0.427083 1.000000
vt 0.437500 1.000000
vt 0.427083 0.000000
vt 0.447917 1.000000
vt 0.458333 1.000000
vt 0.447917 0.000000
vt 0.468750 1.000000
vt 0.479167 1.000000
vt 0.468750 0.000000
vt 0.489583 1.000000
vt 0.500000 1.000000
vt 0.489583 0.000000
vt 0.510417 1.000000
vt 0.520833 1.000000
vt 0.510417 0.000000
vt 0.531250 1.000000
vt 0.541667 1.000000
vt 0.531250 0.000000
vt 0.552083 1.000000
vt 0.562500 1.000000
vt 0.552083 0.000000
vt 0.572917 1.000000
vt 0.583333 1.000000
vt 0.572917 0.000000
vt 0.593750 1.000000
vt 0.604167 1.000000
vt 0.593750 0.000000
vt 0.614583 1.000000
vt 0.625000 1.000000
vt 0.614583 0.000000
vt 0.635417 1.000000
vt 0.645833 1.000000
vt 0.635417 0.000000
vt 0.656250 1.000000
vt 0.666667 1.000000
vt 0.656250 0.000000
vt 0.677083 1.000000
vt 0.687500 1.000000
vt 0.677083 0.000000
vt 0.697917 1.000000
vt 0.708333 1.000000
vt 0.697917 0.000000
vt 0.718750 1.000000
vt 0.729167 1.000000
vt 0.718750 0.000000
vt 0.739583 1.000000
vt 0.750000 1.000000
vt 0.739583 0.000000
vt 0.760417 1.000000
vt 0.770833 1.000000
vt 0.760417 0.000000
vt 0.781250 1.000000
vt 0.791667 1.000000
vt 0.781250 0.000000
vt 0.802083 1.000000
vt 0.812500 1.000000
vt 0.802083 0.000000
vt 0.822917 1.000000
vt 0.833333 1.000000
vt 0.822917 0.000000
vt 0.843750 1.000000
vt 0.854167 1.000000
vt 0.843750 0.000000
vt 0.864583 1.000000
vt 0.875000 1.000000
vt 0.864583 0.000000
vt 0.885417 1.000000
vt 0.895833 1.000000
vt 0.885417 0.000000
vt 0.906250 1.000000
vt 0.916667 1.000000
vt 0.906250 0.000000
vt 0.927083 1.000000
vt 0.937500 1.000000
vt 0.927083 0.000000
vt 0.947917 1.000000
vt 0.958333 1.000000
vt 0.947917 0.000000
vt 0.968750 1.000000
vt 0.979167 1.000000
vt 0.968750 0.000000
vt 0.989583 1.000000
vt 0.989583 0.000000
vt 0.016393 1.000000
vt 0.032787 1.000000
vt 0.016393 0.000000
vt 0.049180 1.000000
vt 0.032787 0.000000
vt 0.065574 1.000000
vt 0.049180 0.000000
vt 0.081967 1.000000
vt 0.065574 0.000000
vt 0.098361 1.000000
vt 0.081967 0.000000
vt 0.114754 1.000000
vt 0.098361 0.000000
vt 0.131148 1.000000
vt 0.114754 0.000000
vt 0.147541 1.000000
vt 0.131148 0.000000
vt 0.163934 1.000000
vt 0.147541 0.000000
vt 0.180328 1.000000
vt 0.163934 0.000000
vt 0.196721 1.000000
vt 0.180328 0.000000
vt 0.213115 1.000000
vt 0.196721 0.000000
vt 0.229508 1.000000
vt 0.213115 0.000000
vt 0.245902 1.000000
vt 0.229508 0.000000
vt 0.262295 1.000000
vt 0.245902 0.000000
vt 0.278689 1.000000
vt 0.262295 0.000000
vt 0.295082 1.000000
vt 0.278689 0.000000
vt 0.311475 1.000000
vt 0.295082 0.000000
vt 0.327869 1.000000
vt 0.311475 0.000000
vt 0.344262 1.000000
vt 0.327869 0.000000
vt 0.360656 1.000000
vt 0.344262 0.000000
vt 0.377049 1.000000
vt 0.360656 0.000000
vt 0.393443 1.000000
vt 0.377049 0.000000
vt 0.409836 1.000000
vt 0.393443 0.000000
vt 0.426230 1.000000
vt 0.409836 0.000000
vt 0.442623 1.000000
vt 0.426230 0.000000
vt 0.459016 1.000000
vt 0.442623 0.000000
vt 0.475410 1.000000
vt 0.459016 0.000000
vt 0.491803 1.000000
vt 0.475410 0.000000
vt 0.508197 1.000000
vt 0.491803 0.000000
vt 0.524590 1.000000
vt 0.508197 0.000000
vt 0.540984 1.000000
vt 0.524590 0.000000
vt 0.557377 1.000000
vt 0.540984 0.000000
vt 0.573770 1.000000
vt 0.557377 0.000000
vt 0.590164 1.000000
vt 0.573770 0.000000
vt 0.606557 1.000000
vt 0.590164 0.000000
vt 0.622951 1.000000
vt 0.606557 0.000000
vt 0.639344 1.000000
vt 0.622951 0.000000
vt 0.655738 1.000000
vt 0.639344 0.000000
vt 0.672131 1.000000
vt 0.655738 0.000000
vt 0.688525 1.000000
vt 0.672131 0.000000
vt 0.704918 1.000000
vt 0.688525 0.000000
vt 0.721311 1.000000
vt 0.704918 0.000000
vt 0.737705 1.000000
vt 0.721311 0.000000
vt 0.754098 1.000000
vt 0.737705 0.000000
vt 0.770492 1.000000
vt 0.754098 0.000000
vt 0.786885 1.000000
vt 0.770492 0.000000
vt 0.803279 1.000000
vt 0.786885 0.000000
vt 0.819672 1.000000
vt 0.803279 0.000000
vt 0.836066 1.000000
vt 0.819672 0.000000
vt 0.852459 1.000000
vt 0.836066 0.000000
vt 0.868852 1.000000
vt 0.852459 0.000000
vt 0.885246 1.000000
vt 0.868852 0.000000
vt 0.901639 1.000000
vt 0.885246 0.000000
vt 0.918033 1.000000
vt 0.901639 0.000000
vt 0.934426 1.000000
vt 0.918033 0.000000
vt 0.950820 1.000000
vt 0.934426 0.000000
vt 0.967213 1.000000
vt 0.950820 0.000000
vt 0.983607 1.000000
vt 0.967213 0.000000
vt 0.983607 0.000000
vt 0.020408 1.000000
vt 0.040816 1.000000
vt 0.020408 0.000000
vt 0.061224 1.000000
vt 0.040816 0.000000
vt 0.081633 1.000000
vt 0.061224 0.000000
vt 0.102041 1.000000
vt 0.081633 0.000000
vt 0.122449 1.000000
vt 0.102041 0.000000
vt 0.122449 0.000000
vt 0.163265 1.000000
vt 0.183673 1.000000
vt 0.163265 0.000000
vt 0.204082 1.000000
vt 0.183673 0.000000
vt 0.224490 1.000000
vt 0.204082 0.000000
vt 0.244898 1.000000
vt 0.224490 0.000000
vt 0.265306 1.000000
vt 0.244898 0.000000
vt 0.265306 0.000000
vt 0.306122 1.000000
vt 0.326531 1.000000
vt 0.306122 0.000000
vt 0.346939 1.000000
vt 0.326531 0.000000
vt 0.367347 1.000000
vt 0.346939 0.000000
vt 0.387755 1.000000
vt 0.367347 0.000000
vt 0.408163 1.000000
vt 0.387755 0.000000
vt 0.408163 0.000000
vt 0.448980 1.000000
vt 0.469388 1.000000
vt 0.448980 0.000000
vt 0.489796 1.000000
vt 0.469388 0.000000
vt 0.510204 1.000000
vt 0.489796 0.000000
vt 0.530612 1.000000
vt 0.510204 0.000000
vt 0.551020 1.000000
vt 0.530612 0.000000
vt 0.551020 0.000000
vt 0.591837 1.000000
vt 0.612245 1.000000
vt 0.591837 0.000000
vt 0.632653 1.000000
vt 0.612245 0.000000
vt 0.653061 1.000000
vt 0.632653 0.000000
vt 0.673469 1.000000
vt 0.653061 0.000000
vt 0.693878 1.000000
vt 0.673469 0.000000
vt 0.693878 0.000000
vt 0.734694 1.000000
vt 0.755102 1.000000
vt 0.734694 0.000000
vt 0.775510 1.000000
vt 0.755102 0.000000
vt 0.795918 1.000000
vt 0.775510 0.000000
vt 0.816327 1.000000
vt 0.795918 0.000000
vt 0.836735 1.000000
vt 0.816327 0.000000
vt 0.836735 0.000000
vt 0.877551 1.000000
vt 0.897959 1.000000
vt 0.877551 0.000000
vt 0.918367 1.000000
vt 0.897959 0.000000
vt 0.938776 1.000000
vt 0.918367 0.000000
vt 0.959184 1.000000
vt 0.938776 0.000000
vt 0.979592 1.000000
vt 0.959184 0.000000
vt 0.979592 0.000000
vt 0.003472 1.000000
vt 0.006944 1.000000
vt 0.003472 0.000000
vt 0.006944 0.000000
vt 0.013889 1.000000
vt 0.017361 1.000000
vt 0.013889 0.000000
vt 0.017361 0.000000
vt 0.024306 1.000000
vt 0.027778 1.000000
vt 0.024306 0.000000
vt 0.027778 0.000000
vt 0.034722 1.000000
vt 0.038194 1.000000
vt 0.034722 0.000000
vt 0.038194 0.000000
vt 0.045139 1.000000
vt 0.048611 1.000000
vt 0.045139 0.000000
vt 0.048611 0.000000
vt 0.055556 1.000000
vt 0.059028 1.000000
vt 0.055556 0.000000
vt 0.059028 0.000000
vt 0.065972 1.000000
vt 0.069444 1.000000
vt 0.065972 0.000000
vt 0.069444 0.000000
vt 0.076389 1.000000
vt 0.079861 1.000000
vt 0.076389 0.000000
vt 0.079861 0.000000
vt 0.086806 1.000000
vt 0.090278 1.000000
vt 0.086806 0.000000
vt 0.090278 0.000000
vt 0.097222 1.000000
vt 0.100694 1.000000
vt 0.097222 0.000000
vt 0.100694 0.000000
vt 0.107639 1.000000
vt 0.111111 1.000000
vt 0.107639 0.000000
vt 0.111111 0.000000
vt 0.118056 1.000000
vt 0.121528 1.000000
vt 0.118056 0.000000
vt 0.121528 0.000000
vt 0.128472 1.000000
vt 0.131944 1.000000
vt 0.128472 0.000000
vt 0.131944 0.000000
vt 0.138889 1.000000
vt 0.142361 1.000000
vt 0.138889 0.000000
vt 0.142361 0.000000
vt 0.149306 1.000000
vt 0.152778 1.000000
vt 0.149306 0.000000
vt 0.152778 0.000000
vt 0.159722 1.000000
vt 0.163194 1.000000
vt 0.159722 0.000000
vt 0.163194 0.000000
vt 0.170139 1.000000
vt 0.173611 1.000000
vt 0.170139 0.000000
vt 0.173611 0.000000
vt 0.180556 1.000000
vt 0.184028 1.000000
vt 0.180556 0.000000
vt 0.184028 0.000000
vt 0.190972 1.000000
vt 0.194444 1.000000
vt 0.190972 0.000000
vt 0.194444 0.000000
vt 0.201389 1.000000
vt 0.204861 1.000000
vt 0.201389 0.000000
vt 0.204861 0.000000
vt 0.211806 1.000000
vt 0.215278 1.000000
vt 0.211806 0.000000
vt 0.215278 0.000000
vt 0.222222 1.000000
vt 0.225694 1.000000
vt 0.222222 0.000000
vt 0.225694 0.000000
vt 0.232639 1.000000
vt 0.236111 1.000000
vt 0.232639 0.000000
vt 0.236111 0.000000
vt 0.243056 1.000000
vt 0.246528 1.000000
vt 0.243056 0.000000
vt 0.246528 0.000000
vt 0.253472 1.000000
vt 0.256944 1.000000
vt 0.253472 0.000000
vt 0.256944 0.000000
vt 0.263889 1.000000
vt 0.267361 1.000000
vt 0.263889 0.000000
vt 0.267361 0.000000
vt 0.274306 1.000000
vt 0.277778 1.000000
vt 0.274306 0.000000
vt 0.277778 0.000000
vt 0.284722 1.000000
vt 0.288194 1.000000
vt 0.284722 0.000000
vt 0.288194 0.000000
vt 0.295139 1.000000
vt 0.298611 1.000000
vt 0.295139 0.000000
vt 0.298611 0.000000
vt 0.305556 1.000000
vt 0.309028 1.000000
vt 0.305556 0.000000
vt 0.309028 0.000000
vt 0.315972 1.000000
vt 0.319444 1.000000
vt 0.315972 0.000000
vt 0.319444 0.000000
vt 0.326389 1.000000
vt 0.329861 1.000000
vt 0.326389 0.000000
vt 0.329861 0.000000
vt 0.336806 1.000000
vt 0.340278 1.000000
vt 0.336806 0.000000
vt 0.340278 0.000000
vt 0.347222 1.000000
vt 0.350694 1.000000
vt 0.347222 0.000000
vt 0.350694 0.000000
vt 0.357639 1.000000
vt 0.361111 1.000000
vt 0.357639 0.000000
vt 0.361111 0.000000
vt 0.368056 1.000000
vt 0.371528 1.000000
vt 0.368056 0.000000
vt 0.371528 0.000000
vt 0.378472 1.000000
vt 0.381944 1.000000
vt 0.378472 0.000000
vt 0.381944 0.000000
vt 0.388889 1.000000
vt 0.392361 1.000000
vt 0.388889 0.000000
vt 0.392361 0.000000
vt 0.399306 1.000000
vt 0.402778 1.000000
vt 0.399306 0.000000
vt 0.402778 0.000000
vt 0.409722 1.000000
vt 0.413194 1.000000
vt 0.409722 0.000000
vt 0.413194 0.000000
vt 0.420139 1.000000
vt 0.423611 1.000000
vt 0.420139 0.000000
vt 0.423611 0.000000
vt 0.430556 1.000000
vt 0.434028 1.000000
vt 0.430556 0.000000
vt 0.434028 0.000000
vt 0.440972 1.000000
vt 0.444444 1.000000
vt 0.440972 0.000000
vt 0.444444 0.000000
vt 0.451389 1.000000
vt 0.454861 1.000000
vt 0.451389 0.000000
vt 0.454861 0.000000
vt 0.461806 1.000000
vt 0.465278 1.000000
vt 0.461806 0.000000
vt 0.465278 0.000000
vt 0.472222 1.000000
vt 0.475694 1.000000
vt 0.472222 0.000000
vt 0.475694 0.000000
vt 0.482639 1.000000
vt 0.486111 1.000000
vt 0.482639 0.000000
vt 0.486111 0.000000
vt 0.493056 1.000000
vt 0.496528 1.000000
vt 0.493056 0.000000
vt 0.496528 0.000000
vt 0.503472 1.000000
vt 0.506944 1.000000
vt 0.503472 0.000000
vt 0.506944 0.000000
vt 0.513889 1.000000
vt 0.517361 1.000000
vt 0.513889 0.000000
vt 0.517361 0.000000
vt 0.524306 1.000000
vt 0.527778 1.000000
vt 0.524306 0.000000
vt 0.527778 0.000000
vt 0.534722 1.000000
vt 0.538194 1.000000
vt 0.534722 0.000000
vt 0.538194 0.000000
vt 0.545139 1.000000
vt 0.548611 1.000000
vt 0.545139 0.000000
vt 0.548611 0.000000
vt 0.555556 1.000000
vt 0.559028 1.000000
vt 0.555556 0.000000
vt 0.559028 0.000000
vt 0.565972 1.000000
vt 0.569444 1.000000
vt 0.565972 0.000000
vt 0.569444 0.000000
vt 0.576389 1.000000
vt 0.579861 1.000000
vt 0.576389 0.000000
vt 0.579861 0.000000
vt 0.586806 1.000000
vt 0.590278 1.000000
vt 0.586806 0.000000
vt 0.590278 0.000000
vt 0.597222 1.000000
vt 0.600694 1.000000
vt 0.597222 0.000000
vt 0.600694 0.000000
vt 0.607639 1.000000
vt 0.611111 1.000000
vt 0.607639 0.000000
vt 0.611111 0.000000
vt 0.618056 1.000000
vt 0.621528 1.000000
vt 0.618056 0.000000
vt 0.621528 0.000000
vt 0.628472 1.000000
vt 0.631944 1.000000
vt 0.628472 0.000000
vt 0.631944 0.000000
vt 0.638889 1.000000
vt 0.642361 1.000000
vt 0.638889 0.000000
vt 0.642361 0.000000
vt 0.649306 1.000000
vt 0.652778 1.000000
vt 0.649306 0.000000
vt 0.652778 0.000000
vt 0.659722 1.000000
vt 0.663194 1.000000
vt 0.659722 0.000000
vt 0.663194 0.000000
vt 0.670139 1.000000
vt 0.673611 1.000000
vt 0.670139 0.000000
vt 0.673611 0.000000
vt 0.680556 1.000000
vt 0.684028 1.000000
vt 0.680556 0.000000
vt 0.684028 0.000000
vt 0.690972 1.000000
vt 0.694444 1.000000
vt 0.690972 0.000000
vt 0.694444 0.000000
vt 0.701389 1.000000
vt 0.704861 1.000000
vt 0.701389 0.000000
vt 0.704861 0.000000
vt 0.711806 1.000000
vt 0.715278 1.000000
vt 0.711806 0.000000
vt 0.715278 0.000000
vt 0.722222 1.000000
vt 0.725694 1.000000
vt 0.722222 0.000000
vt 0.725694 0.000000
vt 0.732639 1.000000
vt 0.736111 1.000000
vt 0.732639 0.000000
vt 0.736111 0.000000
vt 0.743056 1.000000
vt 0.746528 1.000000
vt 0.743056 0.000000
vt 0.746528 0.000000
vt 0.753472 1.000000
vt 0.756944 1.000000
vt 0.753472 0.000000
vt 0.756944 0.000000
vt 0.763889 1.000000
vt 0.767361 1.000000
vt 0.763889 0.000000
vt 0.767361 0.000000
vt 0.774306 1.000000
vt 0.777778 1.000000
vt 0.774306 0.000000
vt 0.777778 0.000000
vt 0.784722 1.000000
vt 0.788194 1.000000
vt 0.784722 0.000000
vt 0.788194 0.000000
vt 0.795139 1.000000
vt 0.798611 1.000000
vt 0.795139 0.000000
vt 0.798611 0.000000
vt 0.805556 1.000000
vt 0.809028 1.000000
vt 0.805556 0.000000
vt 0.809028 0.000000
vt 0.815972 1.000000
vt 0.819444 1.000000
vt 0.815972 0.000000
vt 0.819444 0.000000
vt 0.826389 1.000000
vt 0.829861 1.000000
vt 0.826389 0.000000
vt 0.829861 0.000000
vt 0.836806 1.000000
vt 0.840278 1.000000
vt 0.836806 0.000000
vt 0.840278 0.000000
vt 0.847222 1.000000
vt 0.850694 1.000000
vt 0.847222 0.000000
vt 0.850694 0.000000
vt 0.857639 1.000000
vt 0.861111 1.000000
vt 0.857639 0.000000
vt 0.861111 0.000000
vt 0.868056 1.000000
vt 0.871528 1.000000
vt 0.868056 0.000000
vt 0.871528 0.000000
vt 0.878472 1.000000
vt 0.881944 1.000000
vt 0.878472 0.000000
vt 0.881944 0.000000
vt 0.888889 1.000000
vt 0.892361 1.000000
vt 0.888889 0.000000
vt 0.892361 0.000000
vt 0.899306 1.000000
vt 0.902778 1.000000
vt 0.899306 0.000000
vt 0.902778 0.000000
vt 0.909722 1.000000
vt 0.913194 1.000000
vt 0.909722 0.000000
vt 0.913194 0.000000
vt 0.920139 1.000000
vt 0.923611 1.000000
vt 0.920139 0.000000
vt 0.923611 0.000000
vt 0.930556 1.000000
vt 0.934028 1.000000
vt 0.930556 0.000000
vt 0.934028 0.000000
vt 0.940972 1.000000
vt 0.944444 1.000000
vt 0.940972 0.000000
vt 0.944444 0.000000
vt 0.951389 1.000000
vt 0.954861 1.000000
vt 0.951389 0.000000
vt 0.954861 0.000000
vt 0.961806 1.000000
vt 0.965278 1.000000
vt 0.961806 0.000000
vt 0.965278 0.000000
vt 0.972222 1.000000
vt 0.975694 1.000000
vt 0.972222 0.000000
vt 0.975694 0.000000
vt 0.982639 1.000000
vt 0.986111 1.000000
vt 0.982639 0.000000
vt 0.986111 0.000000
vt 0.993056 1.000000
vt 0.996528 1.000000
vt 0.993056 0.000000
vt 0.996528 0.000000
s 0
usemtl マテリアル.002
f 221/1/1 223/2/1 222/3/1
f 221/1/1 224/4/1 223/2/1
f 220/5/1 224/4/1 221/1/1
f 220/5/1 225/6/1 224/4/1
f 219/7/1 225/6/1 220/5/1
f 219/7/1 226/8/1 225/6/1
f 219/7/1 227/9/1 226/8/1
f 219/7/1 228/10/1 227/9/1
f 219/7/1 229/11/1 228/10/1
f 219/7/1 230/12/1 229/11/1
f 219/7/1 231/13/1 230/12/1
f 219/7/1 232/14/1 231/13/1
f 219/7/1 233/15/1 232/14/1
f 219/7/1 234/16/1 233/15/1
f 219/7/1 235/17/1 234/16/1
f 219/7/1 236/18/1 235/17/1
f 218/19/1 236/18/1 219/7/1
f 218/19/1 237/20/1 236/18/1
f 218/19/1 238/21/1 237/20/1
f 218/19/1 239/22/1 238/21/1
f 218/19/1 240/23/1 239/22/1
f 218/19/1 241/24/1 240/23/1
f 218/19/1 242/25/1 241/24/1
f 218/19/1 243/26/1 242/25/1
f 218/19/1 244/27/1 243/26/1
f 217/28/1 244/27/1 218/19/1
f 217/28/1 245/29/1 244/27/1
f 217/28/1 246/30/1 245/29/1
f 217/28/1 247/31/1 246/30/1
f 216/32/1 247/31/1 217/28/1
f 216/32/1 248/33/1 247/31/1
f 216/32/1 249/34/1 248/33/1
f 215/35/1 249/34/1 216/32/1
f 214/36/1 249/34/1 215/35/1
f 214/36/1 250/37/1 249/34/1
f 213/38/1 250/37/1 214/36/1
f 213/38/1 251/39/1 250/37/1
f 212/40/1 251/39/1 213/38/1
f 212/40/1 252/41/1 251/39/1
f 211/42/1 252/41/1 212/40/1
f 210/43/1 252/41/1 211/42/1
f 210/43/1 253/44/1 252/41/1
f 210/43/1 254/45/1 253/44/1
f 209/46/1 254/45/1 210/43/1
f 209/46/1 255/47/1 254/45/1
f 209/46/1 256/48/1 255/47/1
f 208/49/1 256/48/1 209/46/1
f 208/49/1 257/50/1 256/48/1
f 208/49/1 258/51/1 257/50/1
f 207/52/1 258/51/1 208/49/1
f 207/52/1 259/53/1 258/51/1
f 207/52/1 260/54/1 259/53/1
f 206/55/1 260/54/1 207/52/1
f 206/55/1 261/56/1 260/54/1
f 206/55/1 262/57/1 261/56/1
f 205/58/1 262/57/1 206/55/1
f 205/58/1 263/59/1 262/57/1
f 204/60/1 263/59/1 205/58/1
f 204/60/1 264/61/1 263/59/1
f 203/62/1 264/61/1 204/60/1
f 203/62/1 265/63/1 264/61/1
f 202/64/1 265/63/1 203/62/1
f 202/64/1 266/65/1 265/63/1
f 201/66/1 266/65/1 202/64/1
f 200/67/1 266/65/1 201/66/1
f 200/67/1 267/68/1 266/65/1
f 199/69/1 267/68/1 200/67/1
f 198/70/1 176/71/1 199/69/1
f 176/71/1 175/72/1 199/69/1
f 175/72/1 267/68/1 199/69/1
f 198/70/1 177/73/1 176/71/1
f 174/74/1 267/68/1 175/72/1
f 198/70/1 178/75/1 177/73/1
f 173/76/1 267/68/1 174/74/1
f 198/70/1 179/77/1 178/75/1
f 172/78/1 267/68/1 173/76/1
f 198/70/1 180/79/1 179/77/1
f 171/80/1 267/68/1 172/78/1
f 198/70/1 181/81/1 180/79/1
f 170/82/1 267/68/1 171/80/1
f 170/82/1 268/83/1 267/68/1
f 197/84/1 181/81/1 198/70/1
f 197/84/1 182/85/1 181/81/1
f 169/86/1 268/83/1 170/82/1
f 197/84/1 183/87/1 182/85/1
f 168/88/1 268/83/1 169/86/1
f 197/84/1 184/89/1 183/87/1
f 167/90/1 268/83/1 168/88/1
f 196/91/1 184/89/1 197/84/1
f 196/91/1 185/92/1 184/89/1
f 196/91/1 186/93/1 185/92/1
f 195/94/1 186/93/1 196/91/1
f 166/95/1 268/83/1 167/90/1
f 195/94/1 187/96/1 186/93/1
f 166/95/1 269/97/1 268/83/1
f 195/94/1 188/98/1 187/96/1
f 194/99/1 188/98/1 195/94/1
f 194/99/1 189/100/1 188/98/1
f 193/101/1 189/100/1 194/99/1
f 193/101/1 190/102/1 189/100/1
f 193/101/1 191/103/1 190/102/1
f 192/104/1 191/103/1 193/101/1
f 165/105/1 269/97/1 166/95/1
f 165/105/1 270/106/1 269/97/1
f 164/107/1 270/106/1 165/105/1
f 164/107/1 271/108/1 270/106/1
f 163/109/1 271/108/1 164/107/1
f 163/109/1 272/110/1 271/108/1
f 162/111/1 272/110/1 163/109/1
f 162/111/1 273/112/1 272/110/1
f 162/111/1 274/113/1 273/112/1
f 161/114/1 274/113/1 162/111/1
f 161/114/1 275/115/1 274/113/1
f 161/114/1 276/116/1 275/115/1
f 160/117/1 276/116/1 161/114/1
f 160/117/1 277/118/1 276/116/1
f 160/117/1 278/119/1 277/118/1
f 160/117/1 279/120/1 278/119/1
f 160/117/1 280/121/1 279/120/1
f 160/117/1 281/122/1 280/121/1
f 160/117/1 282/123/1 281/122/1
f 160/117/1 283/124/1 282/123/1
f 160/117/1 284/125/1 283/124/1
f 160/117/1 285/126/1 284/125/1
f 159/127/1 285/126/1 160/117/1
f 159/127/1 286/128/1 285/126/1
f 159/127/1 287/129/1 286/128/1
f 159/127/1 288/130/1 287/129/1
f 12/131/1 14/132/1 13/133/1
f 158/134/1 288/130/1 159/127/1
f 12/131/1 15/135/1 14/132/1
f 11/136/1 15/135/1 12/131/1
f 10/137/1 15/135/1 11/136/1
f 158/134/1 1/138/1 288/130/1
f 9/139/1 15/135/1 10/137/1
f 8/140/1 15/135/1 9/139/1
f 8/140/1 16/141/1 15/135/1
f 7/142/1 16/141/1 8/140/1
f 158/134/1 2/143/1 1/138/1
f 6/144/1 16/141/1 7/142/1
f 158/134/1 3/145/1 2/143/1
f 5/146/1 16/141/1 6/144/1
f 4/147/1 16/141/1 5/146/1
f 158/134/1 4/147/1 3/145/1
f 158/134/1 16/141/1 4/147/1
f 158/134/1 17/148/1 16/141/1
f 157/149/1 17/148/1 158/134/1
f 157/149/1 18/150/1 17/148/1
f 156/151/1 18/150/1 157/149/1
f 155/152/1 18/150/1 156/151/1
f 154/153/1 18/150/1 155/152/1
f 154/153/1 19/154/1 18/150/1
f 153/155/1 19/154/1 154/153/1
f 152/156/1 19/154/1 153/155/1
f 151/157/1 19/154/1 152/156/1
f 150/158/1 19/154/1 151/157/1
f 149/159/1 19/154/1 150/158/1
f 149/159/1 20/160/1 19/154/1
f 148/161/1 20/160/1 149/159/1
f 147/162/1 20/160/1 148/161/1
f 146/163/1 20/160/1 147/162/1
f 145/164/1 20/160/1 146/163/1
f 144/165/1 20/160/1 145/164/1
f 143/166/1 20/160/1 144/165/1
f 143/166/1 21/167/1 20/160/1
f 142/168/1 21/167/1 143/166/1
f 141/169/1 21/167/1 142/168/1
f 140/170/1 21/167/1 141/169/1
f 139/171/1 21/167/1 140/170/1
f 138/172/1 21/167/1 139/171/1
f 137/173/1 21/167/1 138/172/1
f 136/174/1 21/167/1 137/173/1
f 135/175/1 21/167/1 136/174/1
f 135/175/1 22/176/1 21/167/1
f 134/177/1 22/176/1 135/175/1
f 133/178/1 22/176/1 134/177/1
f 132/179/1 22/176/1 133/178/1
f 131/180/1 22/176/1 132/179/1
f 130/181/1 22/176/1 131/180/1
f 130/181/1 96/182/1 22/176/1
f 96/182/1 95/183/1 22/176/1
f 95/183/1 94/184/1 22/176/1
f 94/184/1 23/185/1 22/176/1
f 130/181/1 97/186/1 96/182/1
f 130/181/1 98/187/1 97/186/1
f 130/181/1 99/188/1 98/187/1
f 130/181/1 100/189/1 99/188/1
f 129/190/1 100/189/1 130/181/1
f 93/191/1 23/185/1 94/184/1
f 129/190/1 101/192/1 100/189/1
f 129/190/1 102/193/1 101/192/1
f 92/194/1 23/185/1 93/191/1
f 129/190/1 103/195/1 102/193/1
f 91/196/1 23/185/1 92/194/1
f 129/190/1 104/197/1 103/195/1
f 129/190/1 105/198/1 104/197/1
f 128/199/1 105/198/1 129/190/1
f 90/200/1 23/185/1 91/196/1
f 128/199/1 106/201/1 105/198/1
f 128/199/1 107/202/1 106/201/1
f 89/203/1 23/185/1 90/200/1
f 127/204/1 107/202/1 128/199/1
f 127/204/1 108/205/1 107/202/1
f 127/204/1 109/206/1 108/205/1
f 88/207/1 23/185/1 89/203/1
f 126/208/1 109/206/1 127/204/1
f 126/208/1 110/209/1 109/206/1
f 126/208/1 111/210/1 110/209/1
f 88/207/1 24/211/1 23/185/1
f 126/208/1 112/212/1 111/210/1
f 87/213/1 24/211/1 88/207/1
f 125/214/1 112/212/1 126/208/1
f 59/215/1 61/216/1 60/217/1
f 59/215/1 62/218/1 61/216/1
f 59/215/1 63/219/1 62/218/1
f 58/220/1 63/219/1 59/215/1
f 125/214/1 113/221/1 112/212/1
f 58/220/1 64/222/1 63/219/1
f 57/223/1 64/222/1 58/220/1
f 57/223/1 65/224/1 64/222/1
f 125/214/1 114/225/1 113/221/1
f 124/226/1 114/225/1 125/214/1
f 56/227/1 65/224/1 57/223/1
f 56/227/1 66/228/1 65/224/1
f 124/226/1 115/229/1 114/225/1
f 86/230/1 24/211/1 87/213/1
f 123/231/1 115/229/1 124/226/1
f 55/232/1 66/228/1 56/227/1
f 123/231/1 116/233/1 115/229/1
f 55/232/1 67/234/1 66/228/1
f 123/231/1 117/235/1 116/233/1
f 122/236/1 117/235/1 123/231/1
f 122/236/1 118/237/1 117/235/1
f 54/238/1 67/234/1 55/232/1
f 121/239/1 118/237/1 122/236/1
f 121/239/1 119/240/1 118/237/1
f 120/241/1 119/240/1 121/239/1
f 85/242/1 24/211/1 86/230/1
f 54/238/1 68/243/1 67/234/1
f 53/244/1 68/243/1 54/238/1
f 85/242/1 25/245/1 24/211/1
f 53/244/1 69/246/1 68/243/1
f 84/247/1 25/245/1 85/242/1
f 52/248/1 69/246/1 53/244/1
f 52/248/1 70/249/1 69/246/1
f 51/250/1 70/249/1 52/248/1
f 83/251/1 25/245/1 84/247/1
f 82/252/1 25/245/1 83/251/1
f 81/253/1 25/245/1 82/252/1
f 50/254/1 70/249/1 51/250/1
f 50/254/1 71/255/1 70/249/1
f 80/256/1 25/245/1 81/253/1
f 79/257/1 25/245/1 80/256/1
f 79/257/1 26/258/1 25/245/1
f 78/259/1 26/258/1 79/257/1
f 49/260/1 71/255/1 50/254/1
f 77/261/1 26/258/1 78/259/1
f 49/260/1 336/262/1 71/255/1
f 336/262/1 335/263/1 71/255/1
f 335/263/1 72/264/1 71/255/1
f 76/265/1 26/258/1 77/261/1
f 75/266/1 26/258/1 76/265/1
f 48/267/1 290/268/1 49/260/1
f 290/268/1 289/269/1 49/260/1
f 289/269/1 337/270/1 49/260/1
f 337/270/1 336/262/1 49/260/1
f 74/271/1 26/258/1 75/266/1
f 334/272/1 72/264/1 335/263/1
f 48/267/1 291/273/1 290/268/1
f 333/274/1 72/264/1 334/272/1
f 48/267/1 292/275/1 291/273/1
f 332/276/1 72/264/1 333/274/1
f 73/277/1 26/258/1 74/271/1
f 48/267/1 293/278/1 292/275/1
f 331/279/1 72/264/1 332/276/1
f 48/267/1 294/280/1 293/278/1
f 330/281/1 72/264/1 331/279/1
f 72/264/1 26/258/1 73/277/1
f 48/267/1 295/282/1 294/280/1
f 329/283/1 72/264/1 330/281/1
f 48/267/1 296/284/1 295/282/1
f 329/283/1 26/258/1 72/264/1
f 328/285/1 26/258/1 329/283/1
f 328/285/1 27/286/1 26/258/1
f 48/267/1 297/287/1 296/284/1
f 327/288/1 27/286/1 328/285/1
f 48/267/1 298/289/1 297/287/1
f 326/290/1 27/286/1 327/288/1
f 47/291/1 298/289/1 48/267/1
f 47/291/1 299/292/1 298/289/1
f 325/293/1 27/286/1 326/290/1
f 47/291/1 300/294/1 299/292/1
f 324/295/1 27/286/1 325/293/1
f 47/291/1 301/296/1 300/294/1
f 323/297/1 27/286/1 324/295/1
f 322/298/1 27/286/1 323/297/1
f 47/291/1 302/299/1 301/296/1
f 321/300/1 27/286/1 322/298/1
f 47/291/1 303/301/1 302/299/1
f 320/302/1 27/286/1 321/300/1
f 320/302/1 28/303/1 27/286/1
f 47/291/1 304/304/1 303/301/1
f 319/305/1 28/303/1 320/302/1
f 46/306/1 304/304/1 47/291/1
f 46/306/1 305/307/1 304/304/1
f 318/308/1 28/303/1 319/305/1
f 46/306/1 306/309/1 305/307/1
f 317/310/1 28/303/1 318/308/1
f 46/306/1 307/311/1 306/309/1
f 316/312/1 28/303/1 317/310/1
f 46/306/1 308/313/1 307/311/1
f 315/314/1 28/303/1 316/312/1
f 46/306/1 309/315/1 308/313/1
f 314/316/1 28/303/1 315/314/1
f 46/306/1 310/317/1 309/315/1
f 313/318/1 28/303/1 314/316/1
f 46/306/1 311/319/1 310/317/1
f 312/320/1 28/303/1 313/318/1
f 46/306/1 312/320/1 311/319/1
f 46/306/1 28/303/1 312/320/1
f 45/321/1 28/303/1 46/306/1
f 45/321/1 29/322/1 28/303/1
f 44/323/1 29/322/1 45/321/1
f 44/323/1 30/324/1 29/322/1
f 43/325/1 30/324/1 44/323/1
f 43/325/1 31/326/1 30/324/1
f 42/327/1 31/326/1 43/325/1
f 42/327/1 32/328/1 31/326/1
f 41/329/1 32/328/1 42/327/1
f 41/329/1 33/330/1 32/328/1
f 40/331/1 33/330/1 41/329/1
f 39/332/1 33/330/1 40/331/1
f 39/332/1 34/333/1 33/330/1
f 38/334/1 34/333/1 39/332/1
f 38/334/1 35/335/1 34/333/1
f 37/336/1 35/335/1 38/334/1
f 37/336/1 36/337/1 35/335/1
f 855/338/1 857/339/1 856/340/1
f 854/341/1 857/339/1 855/338/1
f 853/342/1 857/339/1 854/341/1
f 853/342/1 858/343/1 857/339/1
f 852/344/1 858/343/1 853/342/1
f 851/345/1 858/343/1 852/344/1
f 850/346/1 858/343/1 851/345/1
f 849/347/1 858/343/1 850/346/1
f 849/347/1 859/348/1 858/343/1
f 848/349/1 859/348/1 849/347/1
f 847/350/1 859/348/1 848/349/1
f 846/351/1 859/348/1 847/350/1
f 845/352/1 859/348/1 846/351/1
f 953/270/1 859/348/1 845/352/1
f 951/353/1 953/270/1 952/354/1
f 951/353/1 859/348/1 953/270/1
f 950/355/1 859/348/1 951/353/1
f 949/356/1 859/348/1 950/355/1
f 949/356/1 860/357/1 859/348/1
f 948/358/1 860/357/1 949/356/1
f 947/359/1 860/357/1 948/358/1
f 947/359/1 861/360/1 860/357/1
f 946/361/1 861/360/1 947/359/1
f 946/361/1 862/362/1 861/360/1
f 945/363/1 862/362/1 946/361/1
f 944/364/1 862/362/1 945/363/1
f 944/364/1 863/365/1 862/362/1
f 943/366/1 863/365/1 944/364/1
f 943/366/1 864/367/1 863/365/1
f 942/368/1 864/367/1 943/366/1
f 941/369/1 864/367/1 942/368/1
f 941/369/1 865/370/1 864/367/1
f 940/371/1 865/370/1 941/369/1
f 940/371/1 866/372/1 865/370/1
f 939/373/1 866/372/1 940/371/1
f 938/374/1 866/372/1 939/373/1
f 937/375/1 866/372/1 938/374/1
f 937/375/1 867/376/1 866/372/1
f 936/377/1 867/376/1 937/375/1
f 935/378/1 867/376/1 936/377/1
f 934/379/1 867/376/1 935/378/1
f 933/380/1 867/376/1 934/379/1
f 933/380/1 868/381/1 867/376/1
f 932/382/1 868/381/1 933/380/1
f 931/383/1 868/381/1 932/382/1
f 930/384/1 868/381/1 931/383/1
f 929/385/1 868/381/1 930/384/1
f 928/386/1 868/381/1 929/385/1
f 928/386/1 869/387/1 868/381/1
f 927/388/1 869/387/1 928/386/1
f 926/389/1 869/387/1 927/388/1
f 926/389/1 870/390/1 869/387/1
f 925/391/1 870/390/1 926/389/1
f 924/392/1 870/390/1 925/391/1
f 924/392/1 871/393/1 870/390/1
f 923/394/1 871/393/1 924/392/1
f 922/395/1 871/393/1 923/394/1
f 922/395/1 872/396/1 871/393/1
f 921/397/1 872/396/1 922/395/1
f 920/398/1 872/396/1 921/397/1
f 920/398/1 873/399/1 872/396/1
f 919/400/1 873/399/1 920/398/1
f 918/401/1 873/399/1 919/400/1
f 917/402/1 873/399/1 918/401/1
f 917/402/1 874/403/1 873/399/1
f 916/404/1 874/403/1 917/402/1
f 915/405/1 874/403/1 916/404/1
f 914/406/1 874/403/1 915/405/1
f 914/406/1 875/407/1 874/403/1
f 913/408/1 875/407/1 914/406/1
f 912/409/1 875/407/1 913/408/1
f 911/410/1 875/407/1 912/409/1
f 911/410/1 876/411/1 875/407/1
f 910/412/1 876/411/1 911/410/1
f 909/413/1 876/411/1 910/412/1
f 908/414/1 876/411/1 909/413/1
f 907/415/1 876/411/1 908/414/1
f 906/416/1 876/411/1 907/415/1
f 906/416/1 900/417/1 876/411/1
f 900/417/1 899/418/1 876/411/1
f 899/418/1 877/419/1 876/411/1
f 905/420/1 901/421/1 906/416/1
f 901/421/1 900/417/1 906/416/1
f 904/422/1 903/423/1 905/420/1
f 903/423/1 902/424/1 905/420/1
f 902/424/1 901/421/1 905/420/1
f 898/425/1 877/419/1 899/418/1
f 897/426/1 877/419/1 898/425/1
f 896/427/1 877/419/1 897/426/1
f 895/428/1 877/419/1 896/427/1
f 894/429/1 877/419/1 895/428/1
f 893/430/1 877/419/1 894/429/1
f 892/431/1 877/419/1 893/430/1
f 892/431/1 878/432/1 877/419/1
f 891/433/1 878/432/1 892/431/1
f 890/434/1 878/432/1 891/433/1
f 889/435/1 878/432/1 890/434/1
f 888/436/1 878/432/1 889/435/1
f 888/436/1 879/437/1 878/432/1
f 887/438/1 879/437/1 888/436/1
f 886/439/1 879/437/1 887/438/1
f 885/440/1 879/437/1 886/439/1
f 884/441/1 879/437/1 885/440/1
f 884/441/1 880/442/1 879/437/1
f 883/443/1 880/442/1 884/441/1
f 882/444/1 880/442/1 883/443/1
f 881/445/1 880/442/1 882/444/1
f 517/446/1 519/447/1 518/448/1
f 516/449/1 519/447/1 517/446/1
f 516/449/1 520/450/1 519/447/1
f 515/451/1 520/450/1 516/449/1
f 515/451/1 521/452/1 520/450/1
f 515/451/1 522/453/1 521/452/1
f 514/454/1 522/453/1 515/451/1
f 514/454/1 523/455/1 522/453/1
f 513/456/1 523/455/1 514/454/1
f 513/456/1 524/457/1 523/455/1
f 513/456/1 525/458/1 524/457/1
f 513/456/1 526/459/1 525/458/1
f 512/460/1 526/459/1 513/456/1
f 512/460/1 527/461/1 526/459/1
f 512/460/1 528/462/1 527/461/1
f 531/463/1 533/464/1 532/465/1
f 512/460/1 529/466/1 528/462/1
f 530/467/1 533/464/1 531/463/1
f 512/460/1 530/467/1 529/466/1
f 530/467/1 534/468/1 533/464/1
f 512/460/1 534/468/1 530/467/1
f 511/469/1 534/468/1 512/460/1
f 511/469/1 535/470/1 534/468/1
f 510/471/1 535/470/1 511/469/1
f 510/471/1 536/472/1 535/470/1
f 509/473/1 536/472/1 510/471/1
f 509/473/1 537/474/1 536/472/1
f 508/475/1 537/474/1 509/473/1
f 508/475/1 538/476/1 537/474/1
f 507/477/1 538/476/1 508/475/1
f 506/478/1 538/476/1 507/477/1
f 506/478/1 539/479/1 538/476/1
f 505/480/1 539/479/1 506/478/1
f 504/481/1 539/479/1 505/480/1
f 503/482/1 539/479/1 504/481/1
f 502/483/1 539/479/1 503/482/1
f 502/483/1 540/484/1 539/479/1
f 501/485/1 540/484/1 502/483/1
f 500/486/1 540/484/1 501/485/1
f 499/487/1 540/484/1 500/486/1
f 498/488/1 540/484/1 499/487/1
f 497/489/1 540/484/1 498/488/1
f 496/490/1 540/484/1 497/489/1
f 495/491/1 540/484/1 496/490/1
f 495/491/1 541/492/1 540/484/1
f 494/493/1 541/492/1 495/491/1
f 493/494/1 541/492/1 494/493/1
f 492/495/1 541/492/1 493/494/1
f 491/496/1 541/492/1 492/495/1
f 490/497/1 541/492/1 491/496/1
f 490/497/1 542/498/1 541/492/1
f 489/499/1 542/498/1 490/497/1
f 488/500/1 542/498/1 489/499/1
f 487/501/1 542/498/1 488/500/1
f 486/502/1 542/498/1 487/501/1
f 485/503/1 542/498/1 486/502/1
f 484/504/1 542/498/1 485/503/1
f 484/504/1 543/221/1 542/498/1
f 483/505/1 543/221/1 484/504/1
f 482/506/1 543/221/1 483/505/1
f 482/506/1 544/507/1 543/221/1
f 481/508/1 544/507/1 482/506/1
f 481/508/1 545/509/1 544/507/1
f 481/508/1 546/510/1 545/509/1
f 481/508/1 547/511/1 546/510/1
f 480/512/1 547/511/1 481/508/1
f 480/512/1 664/513/1 547/511/1
f 664/513/1 548/514/1 547/511/1
f 664/513/1 663/515/1 548/514/1
f 663/515/1 662/516/1 548/514/1
f 662/516/1 734/517/1 548/514/1
f 734/517/1 549/518/1 548/514/1
f 661/519/1 734/517/1 662/516/1
f 661/519/1 639/520/1 734/517/1
f 733/521/1 549/518/1 734/517/1
f 732/522/1 549/518/1 733/521/1
f 660/523/1 639/520/1 661/519/1
f 660/523/1 640/524/1 639/520/1
f 480/512/1 665/525/1 664/513/1
f 659/526/1 640/524/1 660/523/1
f 659/526/1 641/527/1 640/524/1
f 731/528/1 549/518/1 732/522/1
f 480/512/1 666/529/1 665/525/1
f 658/530/1 641/527/1 659/526/1
f 658/530/1 642/531/1 641/527/1
f 657/532/1 642/531/1 658/530/1
f 657/532/1 643/533/1 642/531/1
f 730/534/1 549/518/1 731/528/1
f 480/512/1 667/535/1 666/529/1
f 656/536/1 643/533/1 657/532/1
f 656/536/1 644/537/1 643/533/1
f 655/538/1 644/537/1 656/536/1
f 655/538/1 645/539/1 644/537/1
f 480/512/1 668/540/1 667/535/1
f 730/534/1 550/541/1 549/518/1
f 729/542/1 550/541/1 730/534/1
f 654/543/1 645/539/1 655/538/1
f 654/543/1 646/544/1 645/539/1
f 653/545/1 646/544/1 654/543/1
f 653/545/1 647/546/1 646/544/1
f 480/512/1 669/547/1 668/540/1
f 652/548/1 647/546/1 653/545/1
f 652/548/1 648/549/1 647/546/1
f 651/550/1 648/549/1 652/548/1
f 651/550/1 649/551/1 648/549/1
f 650/552/1 649/551/1 651/550/1
f 728/553/1 550/541/1 729/542/1
f 480/512/1 670/554/1 669/547/1
f 480/512/1 671/555/1 670/554/1
f 727/556/1 550/541/1 728/553/1
f 479/557/1 671/555/1 480/512/1
f 479/557/1 672/558/1 671/555/1
f 726/559/1 550/541/1 727/556/1
f 479/557/1 673/560/1 672/558/1
f 479/557/1 674/561/1 673/560/1
f 725/562/1 550/541/1 726/559/1
f 725/562/1 551/563/1 550/541/1
f 479/557/1 675/564/1 674/561/1
f 479/557/1 676/565/1 675/564/1
f 479/557/1 677/566/1 676/565/1
f 724/567/1 551/563/1 725/562/1
f 479/557/1 678/568/1 677/566/1
f 479/557/1 679/569/1 678/568/1
f 479/557/1 680/570/1 679/569/1
f 479/557/1 681/571/1 680/570/1
f 723/572/1 551/563/1 724/567/1
f 479/557/1 682/573/1 681/571/1
f 723/572/1 552/574/1 551/563/1
f 479/557/1 683/575/1 682/573/1
f 479/557/1 684/576/1 683/575/1
f 722/577/1 552/574/1 723/572/1
f 479/557/1 685/578/1 684/576/1
f 479/557/1 686/579/1 685/578/1
f 479/557/1 687/580/1 686/579/1
f 722/577/1 553/581/1 552/574/1
f 721/582/1 553/581/1 722/577/1
f 478/583/1 687/580/1 479/557/1
f 478/583/1 688/584/1 687/580/1
f 720/585/1 553/581/1 721/582/1
f 720/585/1 554/586/1 553/581/1
f 478/583/1 689/587/1 688/584/1
f 719/588/1 554/586/1 720/585/1
f 718/589/1 554/586/1 719/588/1
f 478/583/1 690/590/1 689/587/1
f 718/589/1 555/591/1 554/586/1
f 717/592/1 555/591/1 718/589/1
f 478/583/1 691/593/1 690/590/1
f 716/594/1 555/591/1 717/592/1
f 478/583/1 692/595/1 691/593/1
f 715/596/1 555/591/1 716/594/1
f 714/597/1 555/591/1 715/596/1
f 478/583/1 693/598/1 692/595/1
f 713/599/1 555/591/1 714/597/1
f 712/600/1 555/591/1 713/599/1
f 711/601/1 555/591/1 712/600/1
f 710/602/1 555/591/1 711/601/1
f 709/603/1 555/591/1 710/602/1
f 708/604/1 555/591/1 709/603/1
f 707/605/1 555/591/1 708/604/1
f 478/583/1 694/606/1 693/598/1
f 706/607/1 555/591/1 707/605/1
f 705/608/1 555/591/1 706/607/1
f 704/609/1 555/591/1 705/608/1
f 703/610/1 555/591/1 704/609/1
f 478/583/1 695/611/1 694/606/1
f 702/612/1 555/591/1 703/610/1
f 701/613/1 555/591/1 702/612/1
f 478/583/1 696/614/1 695/611/1
f 700/615/1 555/591/1 701/613/1
f 699/616/1 555/591/1 700/615/1
f 478/583/1 697/617/1 696/614/1
f 698/618/1 555/591/1 699/616/1
f 478/583/1 698/618/1 697/617/1
f 478/583/1 555/591/1 698/618/1
f 477/619/1 555/591/1 478/583/1
f 477/619/1 556/620/1 555/591/1
f 476/621/1 556/620/1 477/619/1
f 476/621/1 557/622/1 556/620/1
f 476/621/1 558/623/1 557/622/1
f 475/624/1 558/623/1 476/621/1
f 475/624/1 559/625/1 558/623/1
f 475/624/1 560/626/1 559/625/1
f 474/627/1 560/626/1 475/624/1
f 474/627/1 561/628/1 560/626/1
f 474/627/1 562/629/1 561/628/1
f 473/630/1 772/631/1 474/627/1
f 772/631/1 562/629/1 474/627/1
f 772/631/1 771/632/1 562/629/1
f 771/632/1 563/633/1 562/629/1
f 771/632/1 770/634/1 563/633/1
f 770/634/1 564/635/1 563/633/1
f 769/636/1 564/635/1 770/634/1
f 769/636/1 579/637/1 564/635/1
f 579/637/1 577/638/1 564/635/1
f 577/638/1 565/639/1 564/635/1
f 768/640/1 579/637/1 769/636/1
f 473/630/1 773/641/1 772/631/1
f 767/642/1 579/637/1 768/640/1
f 473/630/1 774/643/1 773/641/1
f 766/644/1 579/637/1 767/642/1
f 765/645/1 580/646/1 766/644/1
f 580/646/1 579/637/1 766/644/1
f 473/630/1 775/647/1 774/643/1
f 764/648/1 580/646/1 765/645/1
f 763/649/1 580/646/1 764/648/1
f 762/650/1 580/646/1 763/649/1
f 473/630/1 776/651/1 775/647/1
f 762/650/1 581/652/1 580/646/1
f 578/653/1 577/638/1 579/637/1
f 576/654/1 565/639/1 577/638/1
f 762/650/1 582/655/1 581/652/1
f 575/656/1 565/639/1 576/654/1
f 761/657/1 582/655/1 762/650/1
f 574/658/1 565/639/1 575/656/1
f 761/657/1 583/659/1 582/655/1
f 573/660/1 565/639/1 574/658/1
f 760/661/1 583/659/1 761/657/1
f 572/662/1 565/639/1 573/660/1
f 759/663/1 583/659/1 760/661/1
f 759/663/1 756/664/1 583/659/1
f 756/664/1 584/665/1 583/659/1
f 758/666/1 757/667/1 759/663/1
f 757/667/1 756/664/1 759/663/1
f 755/668/1 584/665/1 756/664/1
f 572/662/1 566/669/1 565/639/1
f 754/670/1 584/665/1 755/668/1
f 571/671/1 566/669/1 572/662/1
f 753/672/1 584/665/1 754/670/1
f 570/673/1 566/669/1 571/671/1
f 473/630/1 777/674/1 776/651/1
f 569/675/1 566/669/1 570/673/1
f 568/676/1 566/669/1 569/675/1
f 752/677/1 584/665/1 753/672/1
f 567/678/1 566/669/1 568/676/1
f 752/677/1 585/679/1 584/665/1
f 751/680/1 585/679/1 752/677/1
f 473/630/1 778/681/1 777/674/1
f 751/680/1 586/682/1 585/679/1
f 750/683/1 586/682/1 751/680/1
f 750/683/1 587/684/1 586/682/1
f 749/685/1 587/684/1 750/683/1
f 473/630/1 779/686/1 778/681/1
f 472/687/1 779/686/1 473/630/1
f 748/6/1 587/684/1 749/685/1
f 748/6/1 588/688/1 587/684/1
f 472/687/1 780/689/1 779/686/1
f 747/690/1 588/688/1 748/6/1
f 747/690/1 589/691/1 588/688/1
f 472/687/1 781/692/1 780/689/1
f 746/693/1 589/691/1 747/690/1
f 746/693/1 590/694/1 589/691/1
f 472/687/1 782/695/1 781/692/1
f 745/696/1 590/694/1 746/693/1
f 745/696/1 591/697/1 590/694/1
f 744/698/1 591/697/1 745/696/1
f 472/687/1 783/699/1 782/695/1
f 744/698/1 592/700/1 591/697/1
f 743/701/1 592/700/1 744/698/1
f 472/687/1 784/702/1 783/699/1
f 743/701/1 593/703/1 592/700/1
f 742/704/1 593/703/1 743/701/1
f 472/687/1 785/705/1 784/702/1
f 471/706/1 785/705/1 472/687/1
f 742/704/1 594/707/1 593/703/1
f 471/706/1 786/708/1 785/705/1
f 741/709/1 594/707/1 742/704/1
f 471/706/1 787/710/1 786/708/1
f 741/709/1 595/711/1 594/707/1
f 740/712/1 595/711/1 741/709/1
f 471/706/1 788/713/1 787/710/1
f 740/712/1 596/714/1 595/711/1
f 739/715/1 596/714/1 740/712/1
f 613/716/1 615/717/1 614/718/1
f 612/719/1 615/717/1 613/716/1
f 471/706/1 789/720/1 788/713/1
f 611/721/1 615/717/1 612/719/1
f 611/721/1 616/722/1 615/717/1
f 610/723/1 616/722/1 611/721/1
f 739/715/1 597/724/1 596/714/1
f 738/725/1 597/724/1 739/715/1
f 609/726/1 616/722/1 610/723/1
f 608/727/1 616/722/1 609/726/1
f 607/728/1 616/722/1 608/727/1
f 471/706/1 790/729/1 789/720/1
f 738/725/1 598/730/1 597/724/1
f 606/731/1 616/722/1 607/728/1
f 606/731/1 617/732/1 616/722/1
f 605/733/1 617/732/1 606/731/1
f 737/734/1 598/730/1 738/725/1
f 604/735/1 617/732/1 605/733/1
f 737/734/1 599/736/1 598/730/1
f 603/737/1 617/732/1 604/735/1
f 471/706/1 791/738/1 790/729/1
f 602/739/1 617/732/1 603/737/1
f 737/734/1 600/740/1 599/736/1
f 601/741/1 617/732/1 602/739/1
f 600/740/1 617/732/1 601/741/1
f 737/734/1 617/732/1 600/740/1
f 736/742/1 617/732/1 737/734/1
f 471/706/1 792/743/1 791/738/1
f 735/744/1 617/732/1 736/742/1
f 471/706/1 793/745/1 792/743/1
f 795/746/1 617/732/1 735/744/1
f 471/706/1 794/747/1 793/745/1
f 471/706/1 795/746/1 794/747/1
f 471/706/1 617/732/1 795/746/1
f 471/706/1 618/748/1 617/732/1
f 471/706/1 619/749/1 618/748/1
f 471/706/1 620/750/1 619/749/1
f 471/706/1 621/751/1 620/750/1
f 470/752/1 621/751/1 471/706/1
f 470/752/1 622/753/1 621/751/1
f 470/752/1 623/754/1 622/753/1
f 470/752/1 624/755/1 623/754/1
f 469/756/1 624/755/1 470/752/1
f 469/756/1 625/757/1 624/755/1
f 468/758/1 625/757/1 469/756/1
f 468/758/1 626/759/1 625/757/1
f 467/760/1 626/759/1 468/758/1
f 467/760/1 627/761/1 626/759/1
f 467/760/1 628/762/1 627/761/1
f 466/763/1 628/762/1 467/760/1
f 466/763/1 629/764/1 628/762/1
f 466/763/1 630/765/1 629/764/1
f 466/763/1 631/766/1 630/765/1
f 465/767/1 631/766/1 466/763/1
f 465/767/1 632/768/1 631/766/1
f 465/767/1 633/769/1 632/768/1
f 465/767/1 634/770/1 633/769/1
f 464/771/1 634/770/1 465/767/1
f 464/771/1 635/772/1 634/770/1
f 464/771/1 636/773/1 635/772/1
f 464/771/1 637/774/1 636/773/1
f 463/775/1 637/774/1 464/771/1
f 463/775/1 638/776/1 637/774/1
f 463/775/1 338/138/1 638/776/1
f 463/775/1 339/777/1 338/138/1
f 462/778/1 339/777/1 463/775/1
f 462/778/1 340/779/1 339/777/1
f 462/778/1 341/780/1 340/779/1
f 462/778/1 342/781/1 341/780/1
f 462/778/1 343/782/1 342/781/1
f 462/778/1 344/783/1 343/782/1
f 462/778/1 345/784/1 344/783/1
f 461/785/1 844/786/1 462/778/1
f 844/786/1 345/784/1 462/778/1
f 844/786/1 346/787/1 345/784/1
f 844/786/1 349/788/1 346/787/1
f 349/788/1 347/789/1 346/787/1
f 349/788/1 348/790/1 347/789/1
f 844/786/1 350/791/1 349/788/1
f 844/786/1 351/792/1 350/791/1
f 844/786/1 352/793/1 351/792/1
f 844/786/1 353/794/1 352/793/1
f 844/786/1 843/795/1 353/794/1
f 843/795/1 354/796/1 353/794/1
f 461/785/1 796/797/1 844/786/1
f 842/798/1 354/796/1 843/795/1
f 841/799/1 354/796/1 842/798/1
f 841/799/1 355/800/1 354/796/1
f 840/801/1 355/800/1 841/799/1
f 461/785/1 797/802/1 796/797/1
f 839/803/1 355/800/1 840/801/1
f 838/804/1 355/800/1 839/803/1
f 838/804/1 356/805/1 355/800/1
f 461/785/1 798/806/1 797/802/1
f 837/807/1 356/805/1 838/804/1
f 837/807/1 357/808/1 356/805/1
f 461/785/1 799/809/1 798/806/1
f 836/810/1 357/808/1 837/807/1
f 836/810/1 358/811/1 357/808/1
f 835/812/1 358/811/1 836/810/1
f 461/785/1 800/813/1 799/809/1
f 835/812/1 359/814/1 358/811/1
f 460/815/1 800/813/1 461/785/1
f 834/816/1 359/814/1 835/812/1
f 834/816/1 360/817/1 359/814/1
f 460/815/1 801/818/1 800/813/1
f 833/819/1 360/817/1 834/816/1
f 833/819/1 361/820/1 360/817/1
f 460/815/1 802/821/1 801/818/1
f 832/822/1 361/820/1 833/819/1
f 832/822/1 362/823/1 361/820/1
f 459/824/1 802/821/1 460/815/1
f 831/825/1 362/823/1 832/822/1
f 459/824/1 803/826/1 802/821/1
f 830/827/1 362/823/1 831/825/1
f 459/824/1 804/828/1 803/826/1
f 830/827/1 363/829/1 362/823/1
f 829/830/1 363/829/1 830/827/1
f 458/831/1 804/828/1 459/824/1
f 458/831/1 805/832/1 804/828/1
f 829/830/1 364/833/1 363/829/1
f 828/834/1 364/833/1 829/830/1
f 457/835/1 805/832/1 458/831/1
f 457/835/1 806/836/1 805/832/1
f 827/837/1 364/833/1 828/834/1
f 827/837/1 365/838/1 364/833/1
f 456/839/1 806/836/1 457/835/1
f 826/840/1 365/838/1 827/837/1
f 455/841/1 806/836/1 456/839/1
f 826/840/1 366/842/1 365/838/1
f 455/841/1 807/843/1 806/836/1
f 454/844/1 807/843/1 455/841/1
f 825/845/1 366/842/1 826/840/1
f 825/845/1 367/846/1 366/842/1
f 453/847/1 807/843/1 454/844/1
f 824/848/1 367/846/1 825/845/1
f 453/847/1 808/849/1 807/843/1
f 824/848/1 368/850/1 367/846/1
f 453/847/1 809/851/1 808/849/1
f 452/852/1 809/851/1 453/847/1
f 823/853/1 368/850/1 824/848/1
f 452/852/1 810/854/1 809/851/1
f 452/852/1 811/855/1 810/854/1
f 451/856/1 811/855/1 452/852/1
f 823/853/1 369/857/1 368/850/1
f 822/858/1 369/857/1 823/853/1
f 451/856/1 812/859/1 811/855/1
f 451/856/1 813/860/1 812/859/1
f 450/861/1 813/860/1 451/856/1
f 821/862/1 369/857/1 822/858/1
f 450/861/1 814/863/1 813/860/1
f 450/861/1 815/864/1 814/863/1
f 821/862/1 370/865/1 369/857/1
f 820/866/1 370/865/1 821/862/1
f 450/861/1 816/867/1 815/864/1
f 449/868/1 816/867/1 450/861/1
f 449/868/1 817/869/1 816/867/1
f 819/870/1 370/865/1 820/866/1
f 449/868/1 818/871/1 817/869/1
f 449/868/1 819/870/1 818/871/1
f 449/868/1 370/865/1 819/870/1
f 448/872/1 370/865/1 449/868/1
f 448/872/1 371/873/1 370/865/1
f 447/874/1 371/873/1 448/872/1
f 446/875/1 371/873/1 447/874/1
f 445/876/1 371/873/1 446/875/1
f 445/876/1 372/877/1 371/873/1
f 444/878/1 372/877/1 445/876/1
f 444/878/1 373/879/1 372/877/1
f 443/880/1 373/879/1 444/878/1
f 443/880/1 397/881/1 373/879/1
f 397/881/1 374/882/1 373/879/1
f 442/883/1 397/881/1 443/880/1
f 442/883/1 398/884/1 397/881/1
f 396/885/1 374/882/1 397/881/1
f 395/886/1 374/882/1 396/885/1
f 442/883/1 399/887/1 398/884/1
f 395/886/1 375/888/1 374/882/1
f 394/889/1 375/888/1 395/886/1
f 442/883/1 400/890/1 399/887/1
f 441/891/1 400/890/1 442/883/1
f 394/889/1 376/892/1 375/888/1
f 393/893/1 376/892/1 394/889/1
f 441/891/1 401/894/1 400/890/1
f 392/895/1 376/892/1 393/893/1
f 392/895/1 377/896/1 376/892/1
f 440/897/1 401/894/1 441/891/1
f 440/897/1 422/898/1 401/894/1
f 422/898/1 402/899/1 401/894/1
f 391/900/1 377/896/1 392/895/1
f 391/900/1 378/901/1 377/896/1
f 440/897/1 423/902/1 422/898/1
f 421/903/1 402/899/1 422/898/1
f 420/904/1 402/899/1 421/903/1
f 440/897/1 424/905/1 423/902/1
f 439/906/1 424/905/1 440/897/1
f 420/904/1 403/907/1 402/899/1
f 439/906/1 425/908/1 424/905/1
f 439/906/1 426/909/1 425/908/1
f 419/910/1 403/907/1 420/904/1
f 391/900/1 379/911/1 378/901/1
f 390/912/1 379/911/1 391/900/1
f 439/906/1 427/913/1 426/909/1
f 438/914/1 427/913/1 439/906/1
f 418/915/1 403/907/1 419/910/1
f 418/915/1 404/916/1 403/907/1
f 438/914/1 428/917/1 427/913/1
f 390/912/1 380/918/1 379/911/1
f 389/919/1 380/918/1 390/912/1
f 417/920/1 404/916/1 418/915/1
f 438/914/1 429/921/1 428/917/1
f 437/922/1 429/921/1 438/914/1
f 417/920/1 405/923/1 404/916/1
f 389/919/1 381/924/1 380/918/1
f 416/925/1 405/923/1 417/920/1
f 388/926/1 381/924/1 389/919/1
f 437/922/1 430/927/1 429/921/1
f 436/928/1 430/927/1 437/922/1
f 388/926/1 382/929/1 381/924/1
f 415/930/1 405/923/1 416/925/1
f 436/928/1 431/931/1 430/927/1
f 387/932/1 382/929/1 388/926/1
f 415/930/1 406/933/1 405/923/1
f 436/928/1 432/934/1 431/931/1
f 435/935/1 432/934/1 436/928/1
f 387/932/1 383/936/1 382/929/1
f 414/937/1 406/933/1 415/930/1
f 435/935/1 433/938/1 432/934/1
f 386/939/1 383/936/1 387/932/1
f 434/940/1 433/938/1 435/935/1
f 386/939/1 384/941/1 383/936/1
f 413/942/1 406/933/1 414/937/1
f 413/942/1 407/943/1 406/933/1
f 385/944/1 384/941/1 386/939/1
f 412/945/1 407/943/1 413/942/1
f 412/945/1 408/946/1 407/943/1
f 411/947/1 408/946/1 412/945/1
f 410/948/1 408/946/1 411/947/1
f 410/948/1 409/949/1 408/946/1
f 1174/1/2 1175/3/2 1176/2/2
f 1174/1/2 1176/2/2 1177/4/2
f 1173/5/2 1174/1/2 1177/4/2
f 1173/5/2 1177/4/2 1178/6/2
f 1172/7/2 1173/5/2 1178/6/2
f 1172/7/2 1178/6/2 1179/8/2
f 1172/7/2 1179/8/2 1180/9/2
f 1172/7/2 1180/9/2 1181/10/2
f 1172/7/2 1181/10/2 1182/11/2
f 1172/7/2 1182/11/2 1183/12/2
f 1172/7/2 1183/12/2 1184/13/2
f 1172/7/2 1184/13/2 1185/14/2
f 1172/7/2 1185/14/2 1186/15/2
f 1172/7/2 1186/15/2 1187/16/2
f 1172/7/2 1187/16/2 1188/17/2
f 1172/7/2 1188/17/2 1189/18/2
f 1171/19/2 1172/7/2 1189/18/2
f 1171/19/2 1189/18/2 1190/20/2
f 1171/19/2 1190/20/2 1191/21/2
f 1171/19/2 1191/21/2 1192/22/2
f 1171/19/2 1192/22/2 1193/23/2
f 1171/19/2 1193/23/2 1194/24/2
f 1171/19/2 1194/24/2 1195/25/2
f 1171/19/2 1195/25/2 1196/26/2
f 1171/19/2 1196/26/2 1197/27/2
f 1170/28/2 1171/19/2 1197/27/2
f 1170/28/2 1197/27/2 1198/29/2
f 1170/28/2 1198/29/2 1199/30/2
f 1170/28/2 1199/30/2 1200/31/2
f 1169/32/2 1170/28/2 1200/31/2
f 1169/32/2 1200/31/2 1201/33/2
f 1169/32/2 1201/33/2 1202/34/2
f 1168/35/2 1169/32/2 1202/34/2
f 1167/36/2 1168/35/2 1202/34/2
f 1167/36/2 1202/34/2 1203/37/2
f 1166/38/2 1167/36/2 1203/37/2
f 1166/38/2 1203/37/2 1204/39/2
f 1165/40/2 1166/38/2 1204/39/2
f 1165/40/2 1204/39/2 1205/41/2
f 1164/42/2 1165/40/2 1205/41/2
f 1163/43/2 1164/42/2 1205/41/2
f 1163/43/2 1205/41/2 1206/44/2
f 1163/43/2 1206/44/2 1207/45/2
f 1162/46/2 1163/43/2 1207/45/2
f 1162/46/2 1207/45/2 1208/47/2
f 1162/46/2 1208/47/2 1209/48/2
f 1161/49/2 1162/46/2 1209/48/2
f 1161/49/2 1209/48/2 1210/50/2
f 1161/49/2 1210/50/2 1211/51/2
f 1160/52/2 1161/49/2 1211/51/2
f 1160/52/2 1211/51/2 1212/53/2
f 1160/52/2 1212/53/2 1213/54/2
f 1159/55/2 1160/52/2 1213/54/2
f 1159/55/2 1213/54/2 1214/56/2
f 1159/55/2 1214/56/2 1215/57/2
f 1158/58/2 1159/55/2 1215/57/2
f 1158/58/2 1215/57/2 1216/59/2
f 1157/60/2 1158/58/2 1216/59/2
f 1157/60/2 1216/59/2 1217/61/2
f 1156/62/2 1157/60/2 1217/61/2
f 1156/62/2 1217/61/2 1218/63/2
f 1155/64/2 1156/62/2 1218/63/2
f 1155/64/2 1218/63/2 1219/65/2
f 1154/66/2 1155/64/2 1219/65/2
f 1153/67/2 1154/66/2 1219/65/2
f 1153/67/2 1219/65/2 1220/68/2
f 1152/69/2 1153/67/2 1220/68/2
f 1151/70/2 1152/69/2 1129/71/2
f 1129/71/2 1152/69/2 1128/72/2
f 1128/72/2 1152/69/2 1220/68/2
f 1151/70/2 1129/71/2 1130/73/2
f 1127/74/2 1128/72/2 1220/68/2
f 1151/70/2 1130/73/2 1131/75/2
f 1126/76/2 1127/74/2 1220/68/2
f 1151/70/2 1131/75/2 1132/77/2
f 1125/78/2 1126/76/2 1220/68/2
f 1151/70/2 1132/77/2 1133/79/2
f 1124/80/2 1125/78/2 1220/68/2
f 1151/70/2 1133/79/2 1134/81/2
f 1123/82/2 1124/80/2 1220/68/2
f 1123/82/2 1220/68/2 1221/83/2
f 1150/84/2 1151/70/2 1134/81/2
f 1150/84/2 1134/81/2 1135/85/2
f 1122/86/2 1123/82/2 1221/83/2
f 1150/84/2 1135/85/2 1136/87/2
f 1121/88/2 1122/86/2 1221/83/2
f 1150/84/2 1136/87/2 1137/89/2
f 1120/90/2 1121/88/2 1221/83/2
f 1149/91/2 1150/84/2 1137/89/2
f 1149/91/2 1137/89/2 1138/92/2
f 1149/91/2 1138/92/2 1139/93/2
f 1148/94/2 1149/91/2 1139/93/2
f 1119/95/2 1120/90/2 1221/83/2
f 1148/94/2 1139/93/2 1140/96/2
f 1119/95/2 1221/83/2 1222/97/2
f 1148/94/2 1140/96/2 1141/98/2
f 1147/99/2 1148/94/2 1141/98/2
f 1147/99/2 1141/98/2 1142/100/2
f 1146/101/2 1147/99/2 1142/100/2
f 1146/101/2 1142/100/2 1143/102/2
f 1146/101/2 1143/102/2 1144/103/2
f 1145/104/2 1146/101/2 1144/103/2
f 1118/105/2 1119/95/2 1222/97/2
f 1118/105/2 1222/97/2 1223/106/2
f 1117/107/2 1118/105/2 1223/106/2
f 1117/107/2 1223/106/2 1224/108/2
f 1116/109/2 1117/107/2 1224/108/2
f 1116/109/2 1224/108/2 1225/110/2
f 1115/111/2 1116/109/2 1225/110/2
f 1115/111/2 1225/110/2 1226/112/2
f 1115/111/2 1226/112/2 1227/113/2
f 1114/114/2 1115/111/2 1227/113/2
f 1114/114/2 1227/113/2 1228/115/2
f 1114/114/2 1228/115/2 1229/116/2
f 1113/117/2 1114/114/2 1229/116/2
f 1113/117/2 1229/116/2 1230/118/2
f 1113/117/2 1230/118/2 1231/119/2
f 1113/117/2 1231/119/2 1232/120/2
f 1113/117/2 1232/120/2 1233/121/2
f 1113/117/2 1233/121/2 1234/122/2
f 1113/117/2 1234/122/2 1235/123/2
f 1113/117/2 1235/123/2 1236/124/2
f 1113/117/2 1236/124/2 1237/125/2
f 1113/117/2 1237/125/2 1238/126/2
f 1112/127/2 1113/117/2 1238/126/2
f 1112/127/2 1238/126/2 1239/128/2
f 1112/127/2 1239/128/2 1240/129/2
f 1112/127/2 1240/129/2 1241/130/2
f 965/131/2 966/133/2 967/132/2
f 1111/134/2 1112/127/2 1241/130/2
f 965/131/2 967/132/2 968/135/2
f 964/136/2 965/131/2 968/135/2
f 963/137/2 964/136/2 968/135/2
f 1111/134/2 1241/130/2 954/138/2
f 962/139/2 963/137/2 968/135/2
f 961/140/2 962/139/2 968/135/2
f 961/140/2 968/135/2 969/141/2
f 960/142/2 961/140/2 969/141/2
f 1111/134/2 954/138/2 955/143/2
f 959/144/2 960/142/2 969/141/2
f 1111/134/2 955/143/2 956/145/2
f 958/146/2 959/144/2 969/141/2
f 957/147/2 958/146/2 969/141/2
f 1111/134/2 956/145/2 957/147/2
f 1111/134/2 957/147/2 969/141/2
f 1111/134/2 969/141/2 970/148/2
f 1110/149/2 1111/134/2 970/148/2
f 1110/149/2 970/148/2 971/150/2
f 1109/151/2 1110/149/2 971/150/2
f 1108/152/2 1109/151/2 971/150/2
f 1107/153/2 1108/152/2 971/150/2
f 1107/153/2 971/150/2 972/154/2
f 1106/155/2 1107/153/2 972/154/2
f 1105/156/2 1106/155/2 972/154/2
f 1104/157/2 1105/156/2 972/154/2
f 1103/158/2 1104/157/2 972/154/2
f 1102/159/2 1103/158/2 972/154/2
f 1102/159/2 972/154/2 973/160/2
f 1101/161/2 1102/159/2 973/160/2
f 1100/162/2 1101/161/2 973/160/2
f 1099/163/2 1100/162/2 973/160/2
f 1098/164/2 1099/163/2 973/160/2
f 1097/165/2 1098/164/2 973/160/2
f 1096/166/2 1097/165/2 973/160/2
f 1096/166/2 973/160/2 974/167/2
f 1095/168/2 1096/166/2 974/167/2
f 1094/169/2 1095/168/2 974/167/2
f 1093/170/2 1094/169/2 974/167/2
f 1092/171/2 1093/170/2 974/167/2
f 1091/172/2 1092/171/2 974/167/2
f 1090/173/2 1091/172/2 974/167/2
f 1089/174/2 1090/173/2 974/167/2
f 1088/175/2 1089/174/2 974/167/2
f 1088/175/2 974/167/2 975/176/2
f 1087/177/2 1088/175/2 975/176/2
f 1086/178/2 1087/177/2 975/176/2
f 1085/179/2 1086/178/2 975/176/2
f 1084/180/2 1085/179/2 975/176/2
f 1083/181/2 1084/180/2 975/176/2
f 1083/181/2 975/176/2 1049/182/2
f 1049/182/2 975/176/2 1048/183/2
f 1048/183/2 975/176/2 1047/184/2
f 1047/184/2 975/176/2 976/185/2
f 1083/181/2 1049/182/2 1050/186/2
f 1083/181/2 1050/186/2 1051/187/2
f 1083/181/2 1051/187/2 1052/188/2
f 1083/181/2 1052/188/2 1053/189/2
f 1082/190/2 1083/181/2 1053/189/2
f 1046/191/2 1047/184/2 976/185/2
f 1082/190/2 1053/189/2 1054/192/2
f 1082/190/2 1054/192/2 1055/193/2
f 1045/194/2 1046/191/2 976/185/2
f 1082/190/2 1055/193/2 1056/195/2
f 1044/196/2 1045/194/2 976/185/2
f 1082/190/2 1056/195/2 1057/197/2
f 1082/190/2 1057/197/2 1058/198/2
f 1081/199/2 1082/190/2 1058/198/2
f 1043/200/2 1044/196/2 976/185/2
f 1081/199/2 1058/198/2 1059/201/2
f 1081/199/2 1059/201/2 1060/202/2
f 1042/203/2 1043/200/2 976/185/2
f 1080/204/2 1081/199/2 1060/202/2
f 1080/204/2 1060/202/2 1061/205/2
f 1080/204/2 1061/205/2 1062/206/2
f 1041/207/2 1042/203/2 976/185/2
f 1079/208/2 1080/204/2 1062/206/2
f 1079/208/2 1062/206/2 1063/209/2
f 1079/208/2 1063/209/2 1064/210/2
f 1041/207/2 976/185/2 977/211/2
f 1079/208/2 1064/210/2 1065/212/2
f 1040/213/2 1041/207/2 977/211/2
f 1078/214/2 1079/208/2 1065/212/2
f 1012/215/2 1013/217/2 1014/216/2
f 1012/215/2 1014/216/2 1015/218/2
f 1012/215/2 1015/218/2 1016/219/2
f 1011/220/2 1012/215/2 1016/219/2
f 1078/214/2 1065/212/2 1066/221/2
f 1011/220/2 1016/219/2 1017/222/2
f 1010/223/2 1011/220/2 1017/222/2
f 1010/223/2 1017/222/2 1018/224/2
f 1078/214/2 1066/221/2 1067/225/2
f 1077/226/2 1078/214/2 1067/225/2
f 1009/227/2 1010/223/2 1018/224/2
f 1009/227/2 1018/224/2 1019/228/2
f 1077/226/2 1067/225/2 1068/229/2
f 1039/230/2 1040/213/2 977/211/2
f 1076/231/2 1077/226/2 1068/229/2
f 1008/232/2 1009/227/2 1019/228/2
f 1076/231/2 1068/229/2 1069/233/2
f 1008/232/2 1019/228/2 1020/234/2
f 1076/231/2 1069/233/2 1070/235/2
f 1075/236/2 1076/231/2 1070/235/2
f 1075/236/2 1070/235/2 1071/237/2
f 1007/238/2 1008/232/2 1020/234/2
f 1074/239/2 1075/236/2 1071/237/2
f 1074/239/2 1071/237/2 1072/240/2
f 1073/241/2 1074/239/2 1072/240/2
f 1038/242/2 1039/230/2 977/211/2
f 1007/238/2 1020/234/2 1021/243/2
f 1006/244/2 1007/238/2 1021/243/2
f 1038/242/2 977/211/2 978/245/2
f 1006/244/2 1021/243/2 1022/246/2
f 1037/247/2 1038/242/2 978/245/2
f 1005/248/2 1006/244/2 1022/246/2
f 1005/248/2 1022/246/2 1023/249/2
f 1004/250/2 1005/248/2 1023/249/2
f 1036/251/2 1037/247/2 978/245/2
f 1035/252/2 1036/251/2 978/245/2
f 1034/253/2 1035/252/2 978/245/2
f 1003/254/2 1004/250/2 1023/249/2
f 1003/254/2 1023/249/2 1024/255/2
f 1033/256/2 1034/253/2 978/245/2
f 1032/257/2 1033/256/2 978/245/2
f 1032/257/2 978/245/2 979/258/2
f 1031/259/2 1032/257/2 979/258/2
f 1002/260/2 1003/254/2 1024/255/2
f 1030/261/2 1031/259/2 979/258/2
f 1002/260/2 1024/255/2 1289/262/2
f 1289/262/2 1024/255/2 1288/263/2
f 1288/263/2 1024/255/2 1025/264/2
f 1029/265/2 1030/261/2 979/258/2
f 1028/266/2 1029/265/2 979/258/2
f 1001/267/2 1002/260/2 1243/268/2
f 1243/268/2 1002/260/2 1242/269/2
f 1242/269/2 1002/260/2 1290/270/2
f 1290/270/2 1002/260/2 1289/262/2
f 1027/271/2 1028/266/2 979/258/2
f 1287/272/2 1288/263/2 1025/264/2
f 1001/267/2 1243/268/2 1244/273/2
f 1286/274/2 1287/272/2 1025/264/2
f 1001/267/2 1244/273/2 1245/275/2
f 1285/276/2 1286/274/2 1025/264/2
f 1026/277/2 1027/271/2 979/258/2
f 1001/267/2 1245/275/2 1246/278/2
f 1284/279/2 1285/276/2 1025/264/2
f 1001/267/2 1246/278/2 1247/280/2
f 1283/281/2 1284/279/2 1025/264/2
f 1025/264/2 1026/277/2 979/258/2
f 1001/267/2 1247/280/2 1248/282/2
f 1282/283/2 1283/281/2 1025/264/2
f 1001/267/2 1248/282/2 1249/284/2
f 1282/283/2 1025/264/2 979/258/2
f 1281/285/2 1282/283/2 979/258/2
f 1281/285/2 979/258/2 980/286/2
f 1001/267/2 1249/284/2 1250/287/2
f 1280/288/2 1281/285/2 980/286/2
f 1001/267/2 1250/287/2 1251/289/2
f 1279/290/2 1280/288/2 980/286/2
f 1000/291/2 1001/267/2 1251/289/2
f 1000/291/2 1251/289/2 1252/292/2
f 1278/293/2 1279/290/2 980/286/2
f 1000/291/2 1252/292/2 1253/294/2
f 1277/295/2 1278/293/2 980/286/2
f 1000/291/2 1253/294/2 1254/296/2
f 1276/297/2 1277/295/2 980/286/2
f 1275/298/2 1276/297/2 980/286/2
f 1000/291/2 1254/296/2 1255/299/2
f 1274/300/2 1275/298/2 980/286/2
f 1000/291/2 1255/299/2 1256/301/2
f 1273/302/2 1274/300/2 980/286/2
f 1273/302/2 980/286/2 981/303/2
f 1000/291/2 1256/301/2 1257/304/2
f 1272/305/2 1273/302/2 981/303/2
f 999/306/2 1000/291/2 1257/304/2
f 999/306/2 1257/304/2 1258/307/2
f 1271/308/2 1272/305/2 981/303/2
f 999/306/2 1258/307/2 1259/309/2
f 1270/310/2 1271/308/2 981/303/2
f 999/306/2 1259/309/2 1260/311/2
f 1269/312/2 1270/310/2 981/303/2
f 999/306/2 1260/311/2 1261/313/2
f 1268/314/2 1269/312/2 981/303/2
f 999/306/2 1261/313/2 1262/315/2
f 1267/316/2 1268/314/2 981/303/2
f 999/306/2 1262/315/2 1263/317/2
f 1266/318/2 1267/316/2 981/303/2
f 999/306/2 1263/317/2 1264/319/2
f 1265/320/2 1266/318/2 981/303/2
f 999/306/2 1264/319/2 1265/320/2
f 999/306/2 1265/320/2 981/303/2
f 998/321/2 999/306/2 981/303/2
f 998/321/2 981/303/2 982/322/2
f 997/323/2 998/321/2 982/322/2
f 997/323/2 982/322/2 983/324/2
f 996/325/2 997/323/2 983/324/2
f 996/325/2 983/324/2 984/326/2
f 995/327/2 996/325/2 984/326/2
f 995/327/2 984/326/2 985/328/2
f 994/329/2 995/327/2 985/328/2
f 994/329/2 985/328/2 986/330/2
f 993/331/2 994/329/2 986/330/2
f 992/332/2 993/331/2 986/330/2
f 992/332/2 986/330/2 987/333/2
f 991/334/2 992/332/2 987/333/2
f 991/334/2 987/333/2 988/335/2
f 990/336/2 991/334/2 988/335/2
f 990/336/2 988/335/2 989/337/2
f 1808/338/2 1809/340/2 1810/339/2
f 1807/341/2 1808/338/2 1810/339/2
f 1806/342/2 1807/341/2 1810/339/2
f 1806/342/2 1810/339/2 1811/343/2
f 1805/344/2 1806/342/2 1811/343/2
f 1804/345/2 1805/344/2 1811/343/2
f 1803/346/2 1804/345/2 1811/343/2
f 1802/347/2 1803/346/2 1811/343/2
f 1802/347/2 1811/343/2 1812/348/2
f 1801/349/2 1802/347/2 1812/348/2
f 1800/350/2 1801/349/2 1812/348/2
f 1799/351/2 1800/350/2 1812/348/2
f 1798/352/2 1799/351/2 1812/348/2
f 1906/270/2 1798/352/2 1812/348/2
f 1904/353/2 1905/354/2 1906/270/2
f 1904/353/2 1906/270/2 1812/348/2
f 1903/355/2 1904/353/2 1812/348/2
f 1902/356/2 1903/355/2 1812/348/2
f 1902/356/2 1812/348/2 1813/357/2
f 1901/358/2 1902/356/2 1813/357/2
f 1900/359/2 1901/358/2 1813/357/2
f 1900/359/2 1813/357/2 1814/360/2
f 1899/361/2 1900/359/2 1814/360/2
f 1899/361/2 1814/360/2 1815/362/2
f 1898/363/2 1899/361/2 1815/362/2
f 1897/364/2 1898/363/2 1815/362/2
f 1897/364/2 1815/362/2 1816/365/2
f 1896/366/2 1897/364/2 1816/365/2
f 1896/366/2 1816/365/2 1817/367/2
f 1895/368/2 1896/366/2 1817/367/2
f 1894/369/2 1895/368/2 1817/367/2
f 1894/369/2 1817/367/2 1818/370/2
f 1893/371/2 1894/369/2 1818/370/2
f 1893/371/2 1818/370/2 1819/372/2
f 1892/373/2 1893/371/2 1819/372/2
f 1891/374/2 1892/373/2 1819/372/2
f 1890/375/2 1891/374/2 1819/372/2
f 1890/375/2 1819/372/2 1820/376/2
f 1889/377/2 1890/375/2 1820/376/2
f 1888/378/2 1889/377/2 1820/376/2
f 1887/379/2 1888/378/2 1820/376/2
f 1886/380/2 1887/379/2 1820/376/2
f 1886/380/2 1820/376/2 1821/381/2
f 1885/382/2 1886/380/2 1821/381/2
f 1884/383/2 1885/382/2 1821/381/2
f 1883/384/2 1884/383/2 1821/381/2
f 1882/385/2 1883/384/2 1821/381/2
f 1881/386/2 1882/385/2 1821/381/2
f 1881/386/2 1821/381/2 1822/387/2
f 1880/388/2 1881/386/2 1822/387/2
f 1879/389/2 1880/388/2 1822/387/2
f 1879/389/2 1822/387/2 1823/390/2
f 1878/391/2 1879/389/2 1823/390/2
f 1877/392/2 1878/391/2 1823/390/2
f 1877/392/2 1823/390/2 1824/393/2
f 1876/394/2 1877/392/2 1824/393/2
f 1875/395/2 1876/394/2 1824/393/2
f 1875/395/2 1824/393/2 1825/396/2
f 1874/397/2 1875/395/2 1825/396/2
f 1873/398/2 1874/397/2 1825/396/2
f 1873/398/2 1825/396/2 1826/399/2
f 1872/400/2 1873/398/2 1826/399/2
f 1871/401/2 1872/400/2 1826/399/2
f 1870/402/2 1871/401/2 1826/399/2
f 1870/402/2 1826/399/2 1827/403/2
f 1869/404/2 1870/402/2 1827/403/2
f 1868/405/2 1869/404/2 1827/403/2
f 1867/406/2 1868/405/2 1827/403/2
f 1867/406/2 1827/403/2 1828/407/2
f 1866/408/2 1867/406/2 1828/407/2
f 1865/409/2 1866/408/2 1828/407/2
f 1864/410/2 1865/409/2 1828/407/2
f 1864/410/2 1828/407/2 1829/411/2
f 1863/412/2 1864/410/2 1829/411/2
f 1862/413/2 1863/412/2 1829/411/2
f 1861/414/2 1862/413/2 1829/411/2
f 1860/415/2 1861/414/2 1829/411/2
f 1859/416/2 1860/415/2 1829/411/2
f 1859/416/2 1829/411/2 1853/417/2
f 1853/417/2 1829/411/2 1852/418/2
f 1852/418/2 1829/411/2 1830/419/2
f 1858/420/2 1859/416/2 1854/421/2
f 1854/421/2 1859/416/2 1853/417/2
f 1857/422/2 1858/420/2 1856/423/2
f 1856/423/2 1858/420/2 1855/424/2
f 1855/424/2 1858/420/2 1854/421/2
f 1851/425/2 1852/418/2 1830/419/2
f 1850/426/2 1851/425/2 1830/419/2
f 1849/427/2 1850/426/2 1830/419/2
f 1848/428/2 1849/427/2 1830/419/2
f 1847/429/2 1848/428/2 1830/419/2
f 1846/430/2 1847/429/2 1830/419/2
f 1845/431/2 1846/430/2 1830/419/2
f 1845/431/2 1830/419/2 1831/432/2
f 1844/433/2 1845/431/2 1831/432/2
f 1843/434/2 1844/433/2 1831/432/2
f 1842/435/2 1843/434/2 1831/432/2
f 1841/436/2 1842/435/2 1831/432/2
f 1841/436/2 1831/432/2 1832/437/2
f 1840/438/2 1841/436/2 1832/437/2
f 1839/439/2 1840/438/2 1832/437/2
f 1838/440/2 1839/439/2 1832/437/2
f 1837/441/2 1838/440/2 1832/437/2
f 1837/441/2 1832/437/2 1833/442/2
f 1836/443/2 1837/441/2 1833/442/2
f 1835/444/2 1836/443/2 1833/442/2
f 1834/445/2 1835/444/2 1833/442/2
f 1470/446/2 1471/448/2 1472/447/2
f 1469/449/2 1470/446/2 1472/447/2
f 1469/449/2 1472/447/2 1473/450/2
f 1468/451/2 1469/449/2 1473/450/2
f 1468/451/2 1473/450/2 1474/452/2
f 1468/451/2 1474/452/2 1475/453/2
f 1467/454/2 1468/451/2 1475/453/2
f 1467/454/2 1475/453/2 1476/455/2
f 1466/456/2 1467/454/2 1476/455/2
f 1466/456/2 1476/455/2 1477/457/2
f 1466/456/2 1477/457/2 1478/458/2
f 1466/456/2 1478/458/2 1479/459/2
f 1465/460/2 1466/456/2 1479/459/2
f 1465/460/2 1479/459/2 1480/461/2
f 1465/460/2 1480/461/2 1481/462/2
f 1484/463/2 1485/465/2 1486/464/2
f 1465/460/2 1481/462/2 1482/466/2
f 1483/467/2 1484/463/2 1486/464/2
f 1465/460/2 1482/466/2 1483/467/2
f 1483/467/2 1486/464/2 1487/468/2
f 1465/460/2 1483/467/2 1487/468/2
f 1464/469/2 1465/460/2 1487/468/2
f 1464/469/2 1487/468/2 1488/470/2
f 1463/471/2 1464/469/2 1488/470/2
f 1463/471/2 1488/470/2 1489/472/2
f 1462/473/2 1463/471/2 1489/472/2
f 1462/473/2 1489/472/2 1490/474/2
f 1461/475/2 1462/473/2 1490/474/2
f 1461/475/2 1490/474/2 1491/476/2
f 1460/477/2 1461/475/2 1491/476/2
f 1459/478/2 1460/477/2 1491/476/2
f 1459/478/2 1491/476/2 1492/479/2
f 1458/480/2 1459/478/2 1492/479/2
f 1457/481/2 1458/480/2 1492/479/2
f 1456/482/2 1457/481/2 1492/479/2
f 1455/483/2 1456/482/2 1492/479/2
f 1455/483/2 1492/479/2 1493/484/2
f 1454/485/2 1455/483/2 1493/484/2
f 1453/486/2 1454/485/2 1493/484/2
f 1452/487/2 1453/486/2 1493/484/2
f 1451/488/2 1452/487/2 1493/484/2
f 1450/489/2 1451/488/2 1493/484/2
f 1449/490/2 1450/489/2 1493/484/2
f 1448/491/2 1449/490/2 1493/484/2
f 1448/491/2 1493/484/2 1494/492/2
f 1447/493/2 1448/491/2 1494/492/2
f 1446/494/2 1447/493/2 1494/492/2
f 1445/495/2 1446/494/2 1494/492/2
f 1444/496/2 1445/495/2 1494/492/2
f 1443/497/2 1444/496/2 1494/492/2
f 1443/497/2 1494/492/2 1495/498/2
f 1442/499/2 1443/497/2 1495/498/2
f 1441/500/2 1442/499/2 1495/498/2
f 1440/501/2 1441/500/2 1495/498/2
f 1439/502/2 1440/501/2 1495/498/2
f 1438/503/2 1439/502/2 1495/498/2
f 1437/504/2 1438/503/2 1495/498/2
f 1437/504/2 1495/498/2 1496/221/2
f 1436/505/2 1437/504/2 1496/221/2
f 1435/506/2 1436/505/2 1496/221/2
f 1435/506/2 1496/221/2 1497/507/2
f 1434/508/2 1435/506/2 1497/507/2
f 1434/508/2 1497/507/2 1498/509/2
f 1434/508/2 1498/509/2 1499/510/2
f 1434/508/2 1499/510/2 1500/511/2
f 1433/512/2 1434/508/2 1500/511/2
f 1433/512/2 1500/511/2 1617/513/2
f 1617/513/2 1500/511/2 1501/514/2
f 1617/513/2 1501/514/2 1616/515/2
f 1616/515/2 1501/514/2 1615/516/2
f 1615/516/2 1501/514/2 1687/517/2
f 1687/517/2 1501/514/2 1502/518/2
f 1614/519/2 1615/516/2 1687/517/2
f 1614/519/2 1687/517/2 1592/520/2
f 1686/521/2 1687/517/2 1502/518/2
f 1685/522/2 1686/521/2 1502/518/2
f 1613/523/2 1614/519/2 1592/520/2
f 1613/523/2 1592/520/2 1593/524/2
f 1433/512/2 1617/513/2 1618/525/2
f 1612/526/2 1613/523/2 1593/524/2
f 1612/526/2 1593/524/2 1594/527/2
f 1684/528/2 1685/522/2 1502/518/2
f 1433/512/2 1618/525/2 1619/529/2
f 1611/530/2 1612/526/2 1594/527/2
f 1611/530/2 1594/527/2 1595/531/2
f 1610/532/2 1611/530/2 1595/531/2
f 1610/532/2 1595/531/2 1596/533/2
f 1683/534/2 1684/528/2 1502/518/2
f 1433/512/2 1619/529/2 1620/535/2
f 1609/536/2 1610/532/2 1596/533/2
f 1609/536/2 1596/533/2 1597/537/2
f 1608/538/2 1609/536/2 1597/537/2
f 1608/538/2 1597/537/2 1598/539/2
f 1433/512/2 1620/535/2 1621/540/2
f 1683/534/2 1502/518/2 1503/541/2
f 1682/542/2 1683/534/2 1503/541/2
f 1607/543/2 1608/538/2 1598/539/2
f 1607/543/2 1598/539/2 1599/544/2
f 1606/545/2 1607/543/2 1599/544/2
f 1606/545/2 1599/544/2 1600/546/2
f 1433/512/2 1621/540/2 1622/547/2
f 1605/548/2 1606/545/2 1600/546/2
f 1605/548/2 1600/546/2 1601/549/2
f 1604/550/2 1605/548/2 1601/549/2
f 1604/550/2 1601/549/2 1602/551/2
f 1603/552/2 1604/550/2 1602/551/2
f 1681/553/2 1682/542/2 1503/541/2
f 1433/512/2 1622/547/2 1623/554/2
f 1433/512/2 1623/554/2 1624/555/2
f 1680/556/2 1681/553/2 1503/541/2
f 1432/557/2 1433/512/2 1624/555/2
f 1432/557/2 1624/555/2 1625/558/2
f 1679/559/2 1680/556/2 1503/541/2
f 1432/557/2 1625/558/2 1626/560/2
f 1432/557/2 1626/560/2 1627/561/2
f 1678/562/2 1679/559/2 1503/541/2
f 1678/562/2 1503/541/2 1504/563/2
f 1432/557/2 1627/561/2 1628/564/2
f 1432/557/2 1628/564/2 1629/565/2
f 1432/557/2 1629/565/2 1630/566/2
f 1677/567/2 1678/562/2 1504/563/2
f 1432/557/2 1630/566/2 1631/568/2
f 1432/557/2 1631/568/2 1632/569/2
f 1432/557/2 1632/569/2 1633/570/2
f 1432/557/2 1633/570/2 1634/571/2
f 1676/572/2 1677/567/2 1504/563/2
f 1432/557/2 1634/571/2 1635/573/2
f 1676/572/2 1504/563/2 1505/574/2
f 1432/557/2 1635/573/2 1636/575/2
f 1432/557/2 1636/575/2 1637/576/2
f 1675/577/2 1676/572/2 1505/574/2
f 1432/557/2 1637/576/2 1638/578/2
f 1432/557/2 1638/578/2 1639/579/2
f 1432/557/2 1639/579/2 1640/580/2
f 1675/577/2 1505/574/2 1506/581/2
f 1674/582/2 1675/577/2 1506/581/2
f 1431/583/2 1432/557/2 1640/580/2
f 1431/583/2 1640/580/2 1641/584/2
f 1673/585/2 1674/582/2 1506/581/2
f 1673/585/2 1506/581/2 1507/586/2
f 1431/583/2 1641/584/2 1642/587/2
f 1672/588/2 1673/585/2 1507/586/2
f 1671/589/2 1672/588/2 1507/586/2
f 1431/583/2 1642/587/2 1643/590/2
f 1671/589/2 1507/586/2 1508/591/2
f 1670/592/2 1671/589/2 1508/591/2
f 1431/583/2 1643/590/2 1644/593/2
f 1669/594/2 1670/592/2 1508/591/2
f 1431/583/2 1644/593/2 1645/595/2
f 1668/596/2 1669/594/2 1508/591/2
f 1667/597/2 1668/596/2 1508/591/2
f 1431/583/2 1645/595/2 1646/598/2
f 1666/599/2 1667/597/2 1508/591/2
f 1665/600/2 1666/599/2 1508/591/2
f 1664/601/2 1665/600/2 1508/591/2
f 1663/602/2 1664/601/2 1508/591/2
f 1662/603/2 1663/602/2 1508/591/2
f 1661/604/2 1662/603/2 1508/591/2
f 1660/605/2 1661/604/2 1508/591/2
f 1431/583/2 1646/598/2 1647/606/2
f 1659/607/2 1660/605/2 1508/591/2
f 1658/608/2 1659/607/2 1508/591/2
f 1657/609/2 1658/608/2 1508/591/2
f 1656/610/2 1657/609/2 1508/591/2
f 1431/583/2 1647/606/2 1648/611/2
f 1655/612/2 1656/610/2 1508/591/2
f 1654/613/2 1655/612/2 1508/591/2
f 1431/583/2 1648/611/2 1649/614/2
f 1653/615/2 1654/613/2 1508/591/2
f 1652/616/2 1653/615/2 1508/591/2
f 1431/583/2 1649/614/2 1650/617/2
f 1651/618/2 1652/616/2 1508/591/2
f 1431/583/2 1650/617/2 1651/618/2
f 1431/583/2 1651/618/2 1508/591/2
f 1430/619/2 1431/583/2 1508/591/2
f 1430/619/2 1508/591/2 1509/620/2
f 1429/621/2 1430/619/2 1509/620/2
f 1429/621/2 1509/620/2 1510/622/2
f 1429/621/2 1510/622/2 1511/623/2
f 1428/624/2 1429/621/2 1511/623/2
f 1428/624/2 1511/623/2 1512/625/2
f 1428/624/2 1512/625/2 1513/626/2
f 1427/627/2 1428/624/2 1513/626/2
f 1427/627/2 1513/626/2 1514/628/2
f 1427/627/2 1514/628/2 1515/629/2
f 1426/630/2 1427/627/2 1725/631/2
f 1725/631/2 1427/627/2 1515/629/2
f 1725/631/2 1515/629/2 1724/632/2
f 1724/632/2 1515/629/2 1516/633/2
f 1724/632/2 1516/633/2 1723/634/2
f 1723/634/2 1516/633/2 1517/635/2
f 1722/636/2 1723/634/2 1517/635/2
f 1722/636/2 1517/635/2 1532/637/2
f 1532/637/2 1517/635/2 1530/638/2
f 1530/638/2 1517/635/2 1518/639/2
f 1721/640/2 1722/636/2 1532/637/2
f 1426/630/2 1725/631/2 1726/641/2
f 1720/642/2 1721/640/2 1532/637/2
f 1426/630/2 1726/641/2 1727/643/2
f 1719/644/2 1720/642/2 1532/637/2
f 1718/645/2 1719/644/2 1533/646/2
f 1533/646/2 1719/644/2 1532/637/2
f 1426/630/2 1727/643/2 1728/647/2
f 1717/648/2 1718/645/2 1533/646/2
f 1716/649/2 1717/648/2 1533/646/2
f 1715/650/2 1716/649/2 1533/646/2
f 1426/630/2 1728/647/2 1729/651/2
f 1715/650/2 1533/646/2 1534/652/2
f 1531/653/2 1532/637/2 1530/638/2
f 1529/654/2 1530/638/2 1518/639/2
f 1715/650/2 1534/652/2 1535/655/2
f 1528/656/2 1529/654/2 1518/639/2
f 1714/657/2 1715/650/2 1535/655/2
f 1527/658/2 1528/656/2 1518/639/2
f 1714/657/2 1535/655/2 1536/659/2
f 1526/660/2 1527/658/2 1518/639/2
f 1713/661/2 1714/657/2 1536/659/2
f 1525/662/2 1526/660/2 1518/639/2
f 1712/663/2 1713/661/2 1536/659/2
f 1712/663/2 1536/659/2 1709/664/2
f 1709/664/2 1536/659/2 1537/665/2
f 1711/666/2 1712/663/2 1710/667/2
f 1710/667/2 1712/663/2 1709/664/2
f 1708/668/2 1709/664/2 1537/665/2
f 1525/662/2 1518/639/2 1519/669/2
f 1707/670/2 1708/668/2 1537/665/2
f 1524/671/2 1525/662/2 1519/669/2
f 1706/672/2 1707/670/2 1537/665/2
f 1523/673/2 1524/671/2 1519/669/2
f 1426/630/2 1729/651/2 1730/674/2
f 1522/675/2 1523/673/2 1519/669/2
f 1521/676/2 1522/675/2 1519/669/2
f 1705/677/2 1706/672/2 1537/665/2
f 1520/678/2 1521/676/2 1519/669/2
f 1705/677/2 1537/665/2 1538/679/2
f 1704/680/2 1705/677/2 1538/679/2
f 1426/630/2 1730/674/2 1731/681/2
f 1704/680/2 1538/679/2 1539/682/2
f 1703/683/2 1704/680/2 1539/682/2
f 1703/683/2 1539/682/2 1540/684/2
f 1702/685/2 1703/683/2 1540/684/2
f 1426/630/2 1731/681/2 1732/686/2
f 1425/687/2 1426/630/2 1732/686/2
f 1701/6/2 1702/685/2 1540/684/2
f 1701/6/2 1540/684/2 1541/688/2
f 1425/687/2 1732/686/2 1733/689/2
f 1700/690/2 1701/6/2 1541/688/2
f 1700/690/2 1541/688/2 1542/691/2
f 1425/687/2 1733/689/2 1734/692/2
f 1699/693/2 1700/690/2 1542/691/2
f 1699/693/2 1542/691/2 1543/694/2
f 1425/687/2 1734/692/2 1735/695/2
f 1698/696/2 1699/693/2 1543/694/2
f 1698/696/2 1543/694/2 1544/697/2
f 1697/698/2 1698/696/2 1544/697/2
f 1425/687/2 1735/695/2 1736/699/2
f 1697/698/2 1544/697/2 1545/700/2
f 1696/701/2 1697/698/2 1545/700/2
f 1425/687/2 1736/699/2 1737/702/2
f 1696/701/2 1545/700/2 1546/703/2
f 1695/704/2 1696/701/2 1546/703/2
f 1425/687/2 1737/702/2 1738/705/2
f 1424/706/2 1425/687/2 1738/705/2
f 1695/704/2 1546/703/2 1547/707/2
f 1424/706/2 1738/705/2 1739/708/2
f 1694/709/2 1695/704/2 1547/707/2
f 1424/706/2 1739/708/2 1740/710/2
f 1694/709/2 1547/707/2 1548/711/2
f 1693/712/2 1694/709/2 1548/711/2
f 1424/706/2 1740/710/2 1741/713/2
f 1693/712/2 1548/711/2 1549/714/2
f 1692/715/2 1693/712/2 1549/714/2
f 1566/716/2 1567/718/2 1568/717/2
f 1565/719/2 1566/716/2 1568/717/2
f 1424/706/2 1741/713/2 1742/720/2
f 1564/721/2 1565/719/2 1568/717/2
f 1564/721/2 1568/717/2 1569/722/2
f 1563/723/2 1564/721/2 1569/722/2
f 1692/715/2 1549/714/2 1550/724/2
f 1691/725/2 1692/715/2 1550/724/2
f 1562/726/2 1563/723/2 1569/722/2
f 1561/727/2 1562/726/2 1569/722/2
f 1560/728/2 1561/727/2 1569/722/2
f 1424/706/2 1742/720/2 1743/729/2
f 1691/725/2 1550/724/2 1551/730/2
f 1559/731/2 1560/728/2 1569/722/2
f 1559/731/2 1569/722/2 1570/732/2
f 1558/733/2 1559/731/2 1570/732/2
f 1690/734/2 1691/725/2 1551/730/2
f 1557/735/2 1558/733/2 1570/732/2
f 1690/734/2 1551/730/2 1552/736/2
f 1556/737/2 1557/735/2 1570/732/2
f 1424/706/2 1743/729/2 1744/738/2
f 1555/739/2 1556/737/2 1570/732/2
f 1690/734/2 1552/736/2 1553/740/2
f 1554/741/2 1555/739/2 1570/732/2
f 1553/740/2 1554/741/2 1570/732/2
f 1690/734/2 1553/740/2 1570/732/2
f 1689/742/2 1690/734/2 1570/732/2
f 1424/706/2 1744/738/2 1745/743/2
f 1688/744/2 1689/742/2 1570/732/2
f 1424/706/2 1745/743/2 1746/745/2
f 1748/746/2 1688/744/2 1570/732/2
f 1424/706/2 1746/745/2 1747/747/2
f 1424/706/2 1747/747/2 1748/746/2
f 1424/706/2 1748/746/2 1570/732/2
f 1424/706/2 1570/732/2 1571/748/2
f 1424/706/2 1571/748/2 1572/749/2
f 1424/706/2 1572/749/2 1573/750/2
f 1424/706/2 1573/750/2 1574/751/2
f 1423/752/2 1424/706/2 1574/751/2
f 1423/752/2 1574/751/2 1575/753/2
f 1423/752/2 1575/753/2 1576/754/2
f 1423/752/2 1576/754/2 1577/755/2
f 1422/756/2 1423/752/2 1577/755/2
f 1422/756/2 1577/755/2 1578/757/2
f 1421/758/2 1422/756/2 1578/757/2
f 1421/758/2 1578/757/2 1579/759/2
f 1420/760/2 1421/758/2 1579/759/2
f 1420/760/2 1579/759/2 1580/761/2
f 1420/760/2 1580/761/2 1581/762/2
f 1419/763/2 1420/760/2 1581/762/2
f 1419/763/2 1581/762/2 1582/764/2
f 1419/763/2 1582/764/2 1583/765/2
f 1419/763/2 1583/765/2 1584/766/2
f 1418/767/2 1419/763/2 1584/766/2
f 1418/767/2 1584/766/2 1585/768/2
f 1418/767/2 1585/768/2 1586/769/2
f 1418/767/2 1586/769/2 1587/770/2
f 1417/771/2 1418/767/2 1587/770/2
f 1417/771/2 1587/770/2 1588/772/2
f 1417/771/2 1588/772/2 1589/773/2
f 1417/771/2 1589/773/2 1590/774/2
f 1416/775/2 1417/771/2 1590/774/2
f 1416/775/2 1590/774/2 1591/776/2
f 1416/775/2 1591/776/2 1291/138/2
f 1416/775/2 1291/138/2 1292/777/2
f 1415/778/2 1416/775/2 1292/777/2
f 1415/778/2 1292/777/2 1293/779/2
f 1415/778/2 1293/779/2 1294/780/2
f 1415/778/2 1294/780/2 1295/781/2
f 1415/778/2 1295/781/2 1296/782/2
f 1415/778/2 1296/782/2 1297/783/2
f 1415/778/2 1297/783/2 1298/784/2
f 1414/785/2 1415/778/2 1797/786/2
f 1797/786/2 1415/778/2 1298/784/2
f 1797/786/2 1298/784/2 1299/787/2
f 1797/786/2 1299/787/2 1302/788/2
f 1302/788/2 1299/787/2 1300/789/2
f 1302/788/2 1300/789/2 1301/790/2
f 1797/786/2 1302/788/2 1303/791/2
f 1797/786/2 1303/791/2 1304/792/2
f 1797/786/2 1304/792/2 1305/793/2
f 1797/786/2 1305/793/2 1306/794/2
f 1797/786/2 1306/794/2 1796/795/2
f 1796/795/2 1306/794/2 1307/796/2
f 1414/785/2 1797/786/2 1749/797/2
f 1795/798/2 1796/795/2 1307/796/2
f 1794/799/2 1795/798/2 1307/796/2
f 1794/799/2 1307/796/2 1308/800/2
f 1793/801/2 1794/799/2 1308/800/2
f 1414/785/2 1749/797/2 1750/802/2
f 1792/803/2 1793/801/2 1308/800/2
f 1791/804/2 1792/803/2 1308/800/2
f 1791/804/2 1308/800/2 1309/805/2
f 1414/785/2 1750/802/2 1751/806/2
f 1790/807/2 1791/804/2 1309/805/2
f 1790/807/2 1309/805/2 1310/808/2
f 1414/785/2 1751/806/2 1752/809/2
f 1789/810/2 1790/807/2 1310/808/2
f 1789/810/2 1310/808/2 1311/811/2
f 1788/812/2 1789/810/2 1311/811/2
f 1414/785/2 1752/809/2 1753/813/2
f 1788/812/2 1311/811/2 1312/814/2
f 1413/815/2 1414/785/2 1753/813/2
f 1787/816/2 1788/812/2 1312/814/2
f 1787/816/2 1312/814/2 1313/817/2
f 1413/815/2 1753/813/2 1754/818/2
f 1786/819/2 1787/816/2 1313/817/2
f 1786/819/2 1313/817/2 1314/820/2
f 1413/815/2 1754/818/2 1755/821/2
f 1785/822/2 1786/819/2 1314/820/2
f 1785/822/2 1314/820/2 1315/823/2
f 1412/824/2 1413/815/2 1755/821/2
f 1784/825/2 1785/822/2 1315/823/2
f 1412/824/2 1755/821/2 1756/826/2
f 1783/827/2 1784/825/2 1315/823/2
f 1412/824/2 1756/826/2 1757/828/2
f 1783/827/2 1315/823/2 1316/829/2
f 1782/830/2 1783/827/2 1316/829/2
f 1411/831/2 1412/824/2 1757/828/2
f 1411/831/2 1757/828/2 1758/832/2
f 1782/830/2 1316/829/2 1317/833/2
f 1781/834/2 1782/830/2 1317/833/2
f 1410/835/2 1411/831/2 1758/832/2
f 1410/835/2 1758/832/2 1759/836/2
f 1780/837/2 1781/834/2 1317/833/2
f 1780/837/2 1317/833/2 1318/838/2
f 1409/839/2 1410/835/2 1759/836/2
f 1779/840/2 1780/837/2 1318/838/2
f 1408/841/2 1409/839/2 1759/836/2
f 1779/840/2 1318/838/2 1319/842/2
f 1408/841/2 1759/836/2 1760/843/2
f 1407/844/2 1408/841/2 1760/843/2
f 1778/845/2 1779/840/2 1319/842/2
f 1778/845/2 1319/842/2 1320/846/2
f 1406/847/2 1407/844/2 1760/843/2
f 1777/848/2 1778/845/2 1320/846/2
f 1406/847/2 1760/843/2 1761/849/2
f 1777/848/2 1320/846/2 1321/850/2
f 1406/847/2 1761/849/2 1762/851/2
f 1405/852/2 1406/847/2 1762/851/2
f 1776/853/2 1777/848/2 1321/850/2
f 1405/852/2 1762/851/2 1763/854/2
f 1405/852/2 1763/854/2 1764/855/2
f 1404/856/2 1405/852/2 1764/855/2
f 1776/853/2 1321/850/2 1322/857/2
f 1775/858/2 1776/853/2 1322/857/2
f 1404/856/2 1764/855/2 1765/859/2
f 1404/856/2 1765/859/2 1766/860/2
f 1403/861/2 1404/856/2 1766/860/2
f 1774/862/2 1775/858/2 1322/857/2
f 1403/861/2 1766/860/2 1767/863/2
f 1403/861/2 1767/863/2 1768/864/2
f 1774/862/2 1322/857/2 1323/865/2
f 1773/866/2 1774/862/2 1323/865/2
f 1403/861/2 1768/864/2 1769/867/2
f 1402/868/2 1403/861/2 1769/867/2
f 1402/868/2 1769/867/2 1770/869/2
f 1772/870/2 1773/866/2 1323/865/2
f 1402/868/2 1770/869/2 1771/871/2
f 1402/868/2 1771/871/2 1772/870/2
f 1402/868/2 1772/870/2 1323/865/2
f 1401/872/2 1402/868/2 1323/865/2
f 1401/872/2 1323/865/2 1324/873/2
f 1400/874/2 1401/872/2 1324/873/2
f 1399/875/2 1400/874/2 1324/873/2
f 1398/876/2 1399/875/2 1324/873/2
f 1398/876/2 1324/873/2 1325/877/2
f 1397/878/2 1398/876/2 1325/877/2
f 1397/878/2 1325/877/2 1326/879/2
f 1396/880/2 1397/878/2 1326/879/2
f 1396/880/2 1326/879/2 1350/881/2
f 1350/881/2 1326/879/2 1327/882/2
f 1395/883/2 1396/880/2 1350/881/2
f 1395/883/2 1350/881/2 1351/884/2
f 1349/885/2 1350/881/2 1327/882/2
f 1348/886/2 1349/885/2 1327/882/2
f 1395/883/2 1351/884/2 1352/887/2
f 1348/886/2 1327/882/2 1328/888/2
f 1347/889/2 1348/886/2 1328/888/2
f 1395/883/2 1352/887/2 1353/890/2
f 1394/891/2 1395/883/2 1353/890/2
f 1347/889/2 1328/888/2 1329/892/2
f 1346/893/2 1347/889/2 1329/892/2
f 1394/891/2 1353/890/2 1354/894/2
f 1345/895/2 1346/893/2 1329/892/2
f 1345/895/2 1329/892/2 1330/896/2
f 1393/897/2 1394/891/2 1354/894/2
f 1393/897/2 1354/894/2 1375/898/2
f 1375/898/2 1354/894/2 1355/899/2
f 1344/900/2 1345/895/2 1330/896/2
f 1344/900/2 1330/896/2 1331/901/2
f 1393/897/2 1375/898/2 1376/902/2
f 1374/903/2 1375/898/2 1355/899/2
f 1373/904/2 1374/903/2 1355/899/2
f 1393/897/2 1376/902/2 1377/905/2
f 1392/906/2 1393/897/2 1377/905/2
f 1373/904/2 1355/899/2 1356/907/2
f 1392/906/2 1377/905/2 1378/908/2
f 1392/906/2 1378/908/2 1379/909/2
f 1372/910/2 1373/904/2 1356/907/2
f 1344/900/2 1331/901/2 1332/911/2
f 1343/912/2 1344/900/2 1332/911/2
f 1392/906/2 1379/909/2 1380/913/2
f 1391/914/2 1392/906/2 1380/913/2
f 1371/915/2 1372/910/2 1356/907/2
f 1371/915/2 1356/907/2 1357/916/2
f 1391/914/2 1380/913/2 1381/917/2
f 1343/912/2 1332/911/2 1333/918/2
f 1342/919/2 1343/912/2 1333/918/2
f 1370/920/2 1371/915/2 1357/916/2
f 1391/914/2 1381/917/2 1382/921/2
f 1390/922/2 1391/914/2 1382/921/2
f 1370/920/2 1357/916/2 1358/923/2
f 1342/919/2 1333/918/2 1334/924/2
f 1369/925/2 1370/920/2 1358/923/2
f 1341/926/2 1342/919/2 1334/924/2
f 1390/922/2 1382/921/2 1383/927/2
f 1389/928/2 1390/922/2 1383/927/2
f 1341/926/2 1334/924/2 1335/929/2
f 1368/930/2 1369/925/2 1358/923/2
f 1389/928/2 1383/927/2 1384/931/2
f 1340/932/2 1341/926/2 1335/929/2
f 1368/930/2 1358/923/2 1359/933/2
f 1389/928/2 1384/931/2 1385/934/2
f 1388/935/2 1389/928/2 1385/934/2
f 1340/932/2 1335/929/2 1336/936/2
f 1367/937/2 1368/930/2 1359/933/2
f 1388/935/2 1385/934/2 1386/938/2
f 1339/939/2 1340/932/2 1336/936/2
f 1387/940/2 1388/935/2 1386/938/2
f 1339/939/2 1336/936/2 1337/941/2
f 1366/942/2 1367/937/2 1359/933/2
f 1366/942/2 1359/933/2 1360/943/2
f 1338/944/2 1339/939/2 1337/941/2
f 1365/945/2 1366/942/2 1360/943/2
f 1365/945/2 1360/943/2 1361/946/2
f 1364/947/2 1365/945/2 1361/946/2
f 1363/948/2 1364/947/2 1361/946/2
f 1363/948/2 1361/946/2 1362/949/2
s 1
f 1910/950/3 1907/138/4 1908/951/4
f 1912/952/5 1909/953/3 1910/950/3
f 1914/954/6 1911/955/5 1912/952/5
f 1916/956/7 1913/957/6 1914/954/6
f 1918/958/8 1915/959/7 1916/956/7
f 1920/960/7 1917/961/8 1918/958/8
f 1922/962/6 1919/963/7 1920/960/7
f 1924/964/5 1921/965/6 1922/962/6
f 1926/966/3 1923/967/5 1924/964/5
f 1928/968/4 1925/969/3 1926/966/3
f 1930/970/9 1927/971/4 1928/968/4
f 1932/972/10 1929/973/9 1930/970/9
f 1934/974/11 1931/975/10 1932/972/10
f 1936/976/12 1933/977/11 1934/974/11
f 1938/978/13 1935/979/12 1936/976/12
f 1940/980/14 1937/981/13 1938/978/13
f 1942/982/15 1939/983/14 1940/980/14
f 1944/984/16 1941/985/15 1942/982/15
f 1946/986/17 1943/987/16 1944/984/16
f 1948/988/18 1945/989/17 1946/986/17
f 1950/990/19 1947/991/18 1948/988/18
f 1952/992/20 1949/993/19 1950/990/19
f 1954/994/21 1951/995/20 1952/992/20
f 1956/996/22 1953/997/21 1954/994/21
f 1958/998/23 1955/999/22 1956/996/22
f 1960/1000/24 1957/1001/23 1958/998/23
f 1962/1002/25 1959/1003/24 1960/1000/24
f 1964/1004/26 1961/1005/25 1962/1002/25
f 1966/1006/27 1963/1007/26 1964/1004/26
f 1968/1008/28 1965/1009/27 1966/1006/27
f 1970/1010/29 1967/1011/28 1968/1008/28
f 1972/1012/30 1969/1013/29 1970/1010/29
f 1974/1014/31 1971/1015/30 1972/1012/30
f 1976/1016/32 1973/1017/31 1974/1014/31
f 1978/1018/33 1975/1019/32 1976/1016/32
f 1980/1020/34 1977/1021/33 1978/1018/33
f 1982/1022/35 1979/1023/34 1980/1020/34
f 1984/1024/36 1981/1025/35 1982/1022/35
f 1986/1026/37 1983/1027/36 1984/1024/36
f 1988/1028/38 1985/1029/37 1986/1026/37
f 1990/1030/39 1987/1031/38 1988/1028/38
f 1992/1032/40 1989/1033/39 1990/1030/39
f 1994/1034/41 1991/1035/40 1992/1032/40
f 1996/1036/42 1993/1037/41 1994/1034/41
f 1998/1038/43 1995/1039/42 1996/1036/42
f 2000/1040/44 1997/1041/43 1998/1038/43
f 2002/1042/45 1999/1043/44 2000/1040/44
f 2004/1044/46 2001/1045/45 2002/1042/45
f 2006/1046/43 2003/1047/46 2004/1044/46
f 2008/1048/42 2005/1049/43 2006/1046/43
f 2010/1050/41 2007/1051/42 2008/1048/42
f 2012/1052/40 2009/1053/41 2010/1050/41
f 2014/1054/39 2011/1055/40 2012/1052/40
f 2016/1056/38 2013/1057/39 2014/1054/39
f 2018/1058/37 2015/1059/38 2016/1056/38
f 2020/1060/36 2017/1061/37 2018/1058/37
f 2022/1062/35 2019/1063/36 2020/1060/36
f 2024/1064/34 2021/1065/35 2022/1062/35
f 2026/1066/47 2023/1067/34 2024/1064/34
f 2028/1068/48 2025/1069/47 2026/1066/47
f 2030/1070/49 2027/1071/48 2028/1068/48
f 2032/1072/50 2029/1073/49 2030/1070/49
f 2034/1074/51 2031/1075/50 2032/1072/50
f 2036/1076/52 2033/1077/51 2034/1074/51
f 2038/1078/53 2035/1079/52 2036/1076/52
f 2040/1080/54 2037/1081/53 2038/1078/53
f 2042/1082/55 2039/1083/54 2040/1080/54
f 2044/1084/56 2041/1085/55 2042/1082/55
f 2046/1086/57 2043/1087/56 2044/1084/56
f 2048/1088/58 2045/1089/57 2046/1086/57
f 2050/1090/59 2047/1091/58 2048/1088/58
f 2052/1092/60 2049/1093/59 2050/1090/59
f 2054/1094/61 2051/1095/60 2052/1092/60
f 2056/1096/62 2053/1097/61 2054/1094/61
f 2058/1098/63 2055/1099/62 2056/1096/62
f 2060/1100/64 2057/1101/63 2058/1098/63
f 2062/1102/65 2059/1103/64 2060/1100/64
f 2064/1104/66 2061/1105/67 2062/1102/65
f 2066/1106/68 2063/1107/66 2064/1104/66
f 2068/1108/69 2065/1109/70 2066/1106/68
f 2070/1110/71 2067/1111/69 2068/1108/69
f 2072/1112/72 2069/1113/71 2070/1110/71
f 2074/1114/73 2071/1115/72 2072/1112/72
f 2076/1116/74 2073/1117/73 2074/1114/73
f 2078/1118/75 2075/1119/74 2076/1116/74
f 2080/1120/76 2077/1121/75 2078/1118/75
f 2082/1122/77 2079/1123/76 2080/1120/76
f 2084/1124/78 2081/1125/77 2082/1122/77
f 2086/1126/79 2083/1127/78 2084/1124/78
f 2088/1128/80 2085/1129/81 2086/1126/79
f 2090/1130/82 2087/1131/80 2088/1128/80
f 2092/1132/83 2089/1133/82 2090/1130/82
f 2094/1134/84 2091/1135/83 2092/1132/83
f 2096/1136/85 2093/1137/84 2094/1134/84
f 2098/1138/86 2095/1139/85 2096/1136/85
f 2100/1140/87 2097/1141/86 2098/1138/86
f 2102/1142/88 2099/1143/87 2100/1140/87
f 2104/1144/89 2101/1145/88 2102/1142/88
f 2106/1146/90 2103/1147/89 2104/1144/89
f 2108/1148/91 2105/1149/90 2106/1146/90
f 2110/1150/92 2107/1151/91 2108/1148/91
f 2112/1152/93 2109/1153/92 2110/1150/92
f 2114/1154/94 2111/1155/93 2112/1152/93
f 2116/1156/95 2113/1157/94 2114/1154/94
f 2118/1158/96 2115/1159/95 2116/1156/95
f 2120/1160/97 2117/1161/96 2118/1158/96
f 2122/1162/98 2119/1163/97 2120/1160/97
f 2124/1164/99 2121/1165/98 2122/1162/98
f 1908/1166/4 2123/1167/99 2124/1164/99
f 2128/1168/100 2125/138/101 2126/951/101
f 2130/1169/102 2127/1170/100 2128/1168/100
f 2132/1171/103 2129/1172/102 2130/1169/102
f 2134/1173/104 2131/1174/103 2132/1171/103
f 2136/1175/105 2133/1176/104 2134/1173/104
f 2138/1177/106 2135/1178/105 2136/1175/105
f 2140/1179/107 2137/1180/106 2138/1177/106
f 2142/1181/108 2139/1182/107 2140/1179/107
f 2144/1183/109 2141/1184/108 2142/1181/108
f 2146/1185/110 2143/1186/109 2144/1183/109
f 2148/1187/111 2145/1188/110 2146/1185/110
f 2150/1189/112 2147/1190/111 2148/1187/111
f 2152/1191/113 2149/1192/112 2150/1189/112
f 2154/1193/114 2151/1194/113 2152/1191/113
f 2156/1195/115 2153/1196/114 2154/1193/114
f 2158/1197/116 2155/1198/115 2156/1195/115
f 2160/1199/117 2157/1200/116 2158/1197/116
f 2162/1201/118 2159/1202/117 2160/1199/117
f 2164/1203/119 2161/1204/118 2162/1201/118
f 2166/1205/120 2163/1206/119 2164/1203/119
f 2168/1207/121 2165/1208/120 2166/1205/120
f 2170/1209/122 2167/1210/121 2168/1207/121
f 2172/1211/123 2169/1212/122 2170/1209/122
f 2174/1213/124 2171/1214/123 2172/1211/123
f 2176/1215/125 2173/1216/124 2174/1213/124
f 2178/1217/126 2175/1218/125 2176/1215/125
f 2180/1219/127 2177/1220/126 2178/1217/126
f 2182/1221/128 2179/1222/127 2180/1219/127
f 2184/1223/129 2181/1224/128 2182/1221/128
f 2186/1225/130 2183/1226/129 2184/1223/129
f 2188/1227/131 2185/1228/130 2186/1225/130
f 2190/1229/132 2187/1230/131 2188/1227/131
f 2192/1231/133 2189/1232/132 2190/1229/132
f 2194/1233/134 2191/1234/133 2192/1231/133
f 2196/1235/135 2193/1236/134 2194/1233/134
f 2198/1237/136 2195/1238/135 2196/1235/135
f 2200/1239/137 2197/1240/136 2198/1237/136
f 2202/1241/138 2199/1242/137 2200/1239/137
f 2204/1243/139 2201/1244/138 2202/1241/138
f 2206/1245/140 2203/1246/139 2204/1243/139
f 2208/1247/141 2205/1248/140 2206/1245/140
f 2210/1249/142 2207/1250/141 2208/1247/141
f 2212/1251/143 2209/1252/142 2210/1249/142
f 2214/1253/144 2211/260/143 2212/1251/143
f 2216/1254/145 2213/1255/144 2214/1253/144
f 2218/1256/146 2215/1257/145 2216/1254/145
f 2220/1258/147 2217/1259/146 2218/1256/146
f 2222/1260/148 2219/1261/147 2220/1258/147
f 2224/1262/149 2221/1263/148 2222/1260/148
f 2226/1264/150 2223/1265/149 2224/1262/149
f 2228/1266/151 2225/1267/150 2226/1264/150
f 2230/1268/152 2227/1269/151 2228/1266/151
f 2232/1270/153 2229/1271/152 2230/1268/152
f 2234/1272/154 2231/1273/153 2232/1270/153
f 2236/1274/155 2233/1275/154 2234/1272/154
f 2238/1276/156 2235/1277/155 2236/1274/155
f 2240/1278/157 2237/1279/156 2238/1276/156
f 2242/1280/158 2239/1281/157 2240/1278/157
f 2244/1282/159 2241/1283/158 2242/1280/158
f 2246/1284/160 2243/1285/159 2244/1282/159
f 2248/1286/161 2245/1287/160 2246/1284/160
f 2250/1288/162 2247/1289/161 2248/1286/161
f 2252/1290/163 2249/1291/162 2250/1288/162
f 2254/1292/164 2251/1293/163 2252/1290/163
f 2256/1294/165 2253/1295/164 2254/1292/164
f 2258/1296/166 2255/1297/165 2256/1294/165
f 2260/1298/167 2257/1299/166 2258/1296/166
f 2262/1300/168 2259/1301/167 2260/1298/167
f 2264/1302/169 2261/1303/168 2262/1300/168
f 2266/1304/170 2263/1305/169 2264/1302/169
f 2268/1306/171 2265/1307/170 2266/1304/170
f 2270/1308/172 2267/1309/171 2268/1306/171
f 2272/1310/173 2269/1311/172 2270/1308/172
f 2274/1312/174 2271/1313/173 2272/1310/173
f 2276/1314/175 2273/1315/176 2274/1312/174
f 2278/1316/177 2275/1317/175 2276/1314/175
f 2280/1318/178 2277/1319/177 2278/1316/177
f 2282/1320/179 2279/1321/178 2280/1318/178
f 2284/1322/180 2281/1323/179 2282/1320/179
f 2286/1324/181 2283/1325/180 2284/1322/180
f 2288/1326/182 2285/1327/181 2286/1324/181
f 2290/1328/183 2287/1329/182 2288/1326/182
f 2292/1330/184 2289/1331/185 2290/1328/183
f 2294/1332/186 2291/1333/184 2292/1330/184
f 2296/1334/187 2293/1335/186 2294/1332/186
f 2298/1336/188 2295/1337/187 2296/1334/187
f 2300/1338/189 2297/186/188 2298/1336/188
f 2302/1339/190 2299/1340/189 2300/1338/189
f 2304/1341/191 2301/1342/190 2302/1339/190
f 2306/1343/192 2303/1344/193 2304/1341/191
f 2308/1345/193 2305/1346/192 2306/1343/192
f 2310/1347/190 2307/1348/193 2308/1345/193
f 2312/1349/189 2309/1350/190 2310/1347/190
f 2314/1351/188 2311/1352/189 2312/1349/189
f 2316/1353/187 2313/1354/194 2314/1351/188
f 2318/1355/195 2315/1356/187 2316/1353/187
f 2320/1357/196 2317/1358/195 2318/1355/195
f 2322/1359/197 2319/1360/196 2320/1357/196
f 2324/1361/198 2321/1362/197 2322/1359/197
f 2326/1363/199 2323/1364/198 2324/1361/198
f 2328/1365/200 2325/1366/199 2326/1363/199
f 2330/1367/201 2327/1368/200 2328/1365/200
f 2332/1369/202 2329/1370/201 2330/1367/201
f 2334/1371/203 2331/1372/202 2332/1369/202
f 2336/1373/204 2333/1374/203 2334/1371/203
f 2338/1375/205 2335/1376/204 2336/1373/204
f 2340/1377/206 2337/1378/207 2338/1375/205
f 2342/1379/208 2339/1380/206 2340/1377/206
f 2344/1381/209 2341/1382/210 2342/1379/208
f 2346/1383/211 2343/1384/209 2344/1381/209
f 2348/1385/212 2345/1386/211 2346/1383/211
f 2350/1387/213 2347/1388/212 2348/1385/212
f 2352/1389/214 2349/1390/215 2350/1387/213
f 2354/1391/216 2351/1392/214 2352/1389/214
f 2356/1393/217 2353/1394/216 2354/1391/216
f 2358/1395/218 2355/1396/217 2356/1393/217
f 2360/1397/219 2357/1398/220 2358/1395/218
f 2362/1399/221 2359/1400/219 2360/1397/219
f 2364/1401/222 2361/1402/221 2362/1399/221
f 2366/1403/223 2363/1404/222 2364/1401/222
f 2368/1405/224 2365/1406/223 2366/1403/223
f 2370/1407/225 2367/1408/224 2368/1405/224
f 2372/1409/226 2369/1410/225 2370/1407/225
f 2374/1411/227 2371/1412/226 2372/1409/226
f 2376/1413/228 2373/1414/229 2374/1411/227
f 2378/1415/230 2375/1416/228 2376/1413/228
f 2380/1417/231 2377/1418/230 2378/1415/230
f 2382/1419/232 2379/1420/231 2380/1417/231
f 2384/1421/233 2381/1422/232 2382/1419/232
f 2386/1423/234 2383/164/233 2384/1421/233
f 2388/1424/235 2385/1425/234 2386/1423/234
f 2390/1426/236 2387/1427/235 2388/1424/235
f 2392/1428/237 2389/1429/236 2390/1426/236
f 2394/1430/238 2391/1431/239 2392/1428/237
f 2396/1432/240 2393/1433/238 2394/1430/238
f 2398/1434/241 2395/1435/240 2396/1432/240
f 2400/1436/242 2397/1437/241 2398/1434/241
f 2402/1438/243 2399/1439/242 2400/1436/242
f 2404/1440/244 2401/1441/243 2402/1438/243
f 2406/1442/245 2403/1443/244 2404/1440/244
f 2408/1444/246 2405/1445/245 2406/1442/245
f 2410/1446/247 2407/1447/246 2408/1444/246
f 2412/1448/248 2409/1449/247 2410/1446/247
f 2414/1450/249 2411/1451/248 2412/1448/248
f 2416/1452/250 2413/1453/251 2414/1450/249
f 2418/1454/252 2415/1455/250 2416/1452/250
f 2420/1456/253 2417/1457/254 2418/1454/252
f 2422/1458/255 2419/1459/256 2420/1456/253
f 2424/1460/257 2421/1461/255 2422/1458/255
f 2426/1462/258 2423/1463/257 2424/1460/257
f 2428/1464/259 2425/1465/258 2426/1462/258
f 2430/1466/260 2427/1467/259 2428/1464/259
f 2432/1468/261 2429/1469/260 2430/1466/260
f 2434/1470/262 2431/1471/261 2432/1468/261
f 2436/1472/263 2433/1473/262 2434/1470/262
f 2438/1474/264 2435/1475/265 2436/1472/263
f 2440/1476/266 2437/1477/264 2438/1474/264
f 2442/1478/267 2439/1479/266 2440/1476/266
f 2444/1480/268 2441/1481/267 2442/1478/267
f 2446/1482/269 2443/1483/268 2444/1480/268
f 2448/1484/270 2445/1485/269 2446/1482/269
f 2450/1486/271 2447/1487/270 2448/1484/270
f 2452/1488/272 2449/1489/271 2450/1486/271
f 2454/1490/273 2451/1491/272 2452/1488/272
f 2456/1492/274 2453/1493/275 2454/1490/273
f 2458/1494/276 2455/1495/274 2456/1492/274
f 2460/1496/277 2457/1497/276 2458/1494/276
f 2462/1498/278 2459/1499/277 2460/1496/277
f 2464/1500/279 2461/1501/278 2462/1498/278
f 2466/1502/280 2463/1503/279 2464/1500/279
f 2468/1504/281 2465/1505/280 2466/1502/280
f 2470/1506/282 2467/1507/281 2468/1504/281
f 2472/1508/283 2469/101/282 2470/1506/282
f 2474/1509/284 2471/1510/283 2472/1508/283
f 2476/1511/285 2473/1512/284 2474/1509/284
f 2478/1513/286 2475/1514/285 2476/1511/285
f 2480/1515/287 2477/1516/286 2478/1513/286
f 2482/1517/288 2479/1518/287 2480/1515/287
f 2484/1519/289 2481/1520/288 2482/1517/288
f 2486/1521/290 2483/1522/289 2484/1519/289
f 2488/1523/291 2485/1524/290 2486/1521/290
f 2490/1525/292 2487/1526/291 2488/1523/291
f 2492/1527/293 2489/1528/292 2490/1525/292
f 2494/1529/294 2491/1530/293 2492/1527/293
f 2496/1531/295 2493/1532/294 2494/1529/294
f 2498/1533/296 2495/1534/295 2496/1531/295
f 2500/1535/295 2497/1536/296 2498/1533/296
f 2502/1537/294 2499/1538/295 2500/1535/295
f 2504/1539/293 2501/1540/294 2502/1537/294
f 2506/1541/292 2503/1542/293 2504/1539/293
f 2508/1543/291 2505/1544/292 2506/1541/292
f 2510/1545/297 2507/1546/291 2508/1543/291
f 2512/1547/298 2509/1548/297 2510/1545/297
f 2514/1549/9 2511/1550/298 2512/1547/298
f 2516/1551/299 2513/1552/9 2514/1549/9
f 2518/1553/300 2515/1554/299 2516/1551/299
f 2520/1555/301 2517/1556/300 2518/1553/300
f 2522/1557/302 2519/1558/301 2520/1555/301
f 2524/1559/303 2521/1560/302 2522/1557/302
f 2526/1561/304 2523/1562/303 2524/1559/303
f 2528/1563/305 2525/1564/304 2526/1561/304
f 2530/1565/306 2527/1566/305 2528/1563/305
f 2532/1567/307 2529/1568/306 2530/1565/306
f 2534/1569/308 2531/1570/307 2532/1567/307
f 2536/1571/309 2533/1572/308 2534/1569/308
f 2538/1573/310 2535/1574/309 2536/1571/309
f 2540/1575/311 2537/1576/310 2538/1573/310
f 2542/1577/312 2539/1578/311 2540/1575/311
f 2544/1579/313 2541/1580/312 2542/1577/312
f 2546/1581/314 2543/1582/313 2544/1579/313
f 2548/1583/315 2545/1584/314 2546/1581/314
f 2550/1585/316 2547/1586/315 2548/1583/315
f 2552/1587/317 2549/1588/316 2550/1585/316
f 2554/1589/318 2551/1590/317 2552/1587/317
f 2556/1591/319 2553/1592/318 2554/1589/318
f 2558/1593/320 2555/24/319 2556/1591/319
f 2560/1594/321 2557/1595/320 2558/1593/320
f 2562/1596/322 2559/1597/321 2560/1594/321
f 2564/1598/323 2561/1599/322 2562/1596/322
f 2566/1600/324 2563/1601/323 2564/1598/323
f 2568/1602/325 2565/1603/326 2566/1600/324
f 2570/1604/327 2567/1605/325 2568/1602/325
f 2572/1606/328 2569/1607/327 2570/1604/327
f 2574/1608/329 2571/1609/328 2572/1606/328
f 2576/1610/330 2573/1611/329 2574/1608/329
f 2578/1612/331 2575/1613/330 2576/1610/330
f 2580/1614/332 2577/1615/331 2578/1612/331
f 2582/1616/333 2579/1617/332 2580/1614/332
f 2584/1618/334 2581/1619/333 2582/1616/333
f 2586/1620/335 2583/1621/334 2584/1618/334
f 2588/1622/336 2585/1623/335 2586/1620/335
f 2590/1624/337 2587/1625/336 2588/1622/336
f 2592/1626/338 2589/1627/337 2590/1624/337
f 2594/1628/339 2591/1629/338 2592/1626/338
f 2596/1630/338 2593/1631/339 2594/1628/339
f 2598/1632/337 2595/1633/338 2596/1630/338
f 2600/1634/336 2597/1635/337 2598/1632/337
f 2602/1636/335 2599/1637/336 2600/1634/336
f 2604/1638/334 2601/1639/335 2602/1636/335
f 2606/1640/340 2603/1641/334 2604/1638/334
f 2608/1642/341 2605/1643/340 2606/1640/340
f 2610/1644/342 2607/1645/341 2608/1642/341
f 2612/1646/343 2609/1647/342 2610/1644/342
f 2614/1648/344 2611/1649/343 2612/1646/343
f 2616/1650/105 2613/1651/344 2614/1648/344
f 2618/1652/345 2615/1653/105 2616/1650/105
f 2620/1654/346 2617/1655/345 2618/1652/345
f 2622/1656/347 2619/1657/346 2620/1654/346
f 2624/1658/348 2621/1659/347 2622/1656/347
f 2626/1660/349 2623/1661/350 2624/1658/348
f 2628/1662/351 2625/1663/349 2626/1660/349
f 2630/1664/352 2627/1665/351 2628/1662/351
f 2632/1666/353 2629/1667/352 2630/1664/352
f 2634/1668/354 2631/1669/353 2632/1666/353
f 2636/1670/355 2633/1671/354 2634/1668/354
f 2638/1672/356 2635/1673/355 2636/1670/355
f 2640/1674/357 2637/1675/356 2638/1672/356
f 2642/1676/358 2639/1677/357 2640/1674/357
f 2644/1678/359 2641/269/358 2642/1676/358
f 2646/1679/360 2643/1680/359 2644/1678/359
f 2648/1681/361 2645/1682/360 2646/1679/360
f 2650/1683/362 2647/1684/361 2648/1681/361
f 2652/1685/363 2649/1686/362 2650/1683/362
f 2654/1687/364 2651/1688/363 2652/1685/363
f 2656/1689/365 2653/1690/364 2654/1687/364
f 2658/1691/366 2655/1692/365 2656/1689/365
f 2660/1693/367 2657/1694/366 2658/1691/366
f 2662/1695/368 2659/1696/367 2660/1693/367
f 2664/1697/369 2661/1698/368 2662/1695/368
f 2666/1699/370 2663/1700/369 2664/1697/369
f 2668/1701/369 2665/1702/370 2666/1699/370
f 2670/1703/368 2667/1704/369 2668/1701/369
f 2672/1705/367 2669/1706/368 2670/1703/368
f 2674/1707/366 2671/1708/367 2672/1705/367
f 2676/1709/365 2673/1710/366 2674/1707/366
f 2678/1711/371 2675/1712/365 2676/1709/365
f 2680/1713/372 2677/1714/371 2678/1711/371
f 2682/1715/373 2679/1716/372 2680/1713/372
f 2684/1717/374 2681/1718/373 2682/1715/373
f 2686/1719/375 2683/1720/374 2684/1717/374
f 2688/1721/376 2685/1722/375 2686/1719/375
f 2690/1723/377 2687/1724/376 2688/1721/376
f 2692/1725/378 2689/1726/377 2690/1723/377
f 2694/1727/379 2691/1728/378 2692/1725/378
f 2696/1729/380 2693/1730/379 2694/1727/379
f 2698/1731/381 2695/1732/380 2696/1729/380
f 2700/1733/382 2697/1734/381 2698/1731/381
f 2702/1735/383 2699/1736/382 2700/1733/382
f 2704/1737/384 2701/1738/383 2702/1735/383
f 2706/1739/385 2703/1740/384 2704/1737/384
f 2708/1741/386 2705/1742/385 2706/1739/385
f 2710/1743/387 2707/1744/386 2708/1741/386
f 2712/1745/388 2709/1746/387 2710/1743/387
f 2714/1747/389 2711/1748/388 2712/1745/388
f 2716/1749/390 2713/1750/389 2714/1747/389
f 2718/1751/391 2715/1752/390 2716/1749/390
f 2720/1753/392 2717/1754/391 2718/1751/391
f 2722/1755/393 2719/1756/392 2720/1753/392
f 2724/1757/394 2721/1758/393 2722/1755/393
f 2726/1759/395 2723/1760/394 2724/1757/394
f 2126/1166/101 2725/1761/395 2726/1759/395
f 2730/1762/396 2727/138/397 2728/951/397
f 2732/1763/398 2729/1764/396 2730/1762/396
f 2734/1765/399 2731/140/398 2732/1763/398
f 2736/1766/400 2733/1767/399 2734/1765/399
f 2738/1768/401 2735/135/400 2736/1766/400
f 2740/1769/402 2737/1770/401 2738/1768/401
f 2742/1771/403 2739/176/402 2740/1769/402
f 2744/1772/404 2741/1773/403 2742/1771/403
f 2746/1774/405 2743/322/404 2744/1772/404
f 2748/1775/406 2745/1776/405 2746/1774/405
f 2750/1777/407 2747/337/406 2748/1775/406
f 2752/1778/408 2749/1779/407 2750/1777/407
f 2754/1780/334 2751/325/408 2752/1778/408
f 2756/1781/409 2753/1782/334 2754/1780/334
f 2758/1783/410 2755/254/409 2756/1781/409
f 2760/1784/411 2757/1785/410 2758/1783/410
f 2762/1786/412 2759/223/411 2760/1784/411
f 2764/1787/411 2761/1788/412 2762/1786/412
f 2766/1789/410 2763/222/411 2764/1787/411
f 2768/1790/409 2765/1791/410 2766/1789/410
f 2770/1792/334 2767/255/409 2768/1790/409
f 2772/1793/408 2769/1794/334 2770/1792/334
f 2774/1795/413 2771/259/408 2772/1793/408
f 2776/1796/414 2773/1797/413 2774/1795/413
f 2778/1798/415 2775/242/414 2776/1796/414
f 2780/1799/416 2777/1800/415 2778/1798/415
f 2782/1801/417 2779/194/416 2780/1799/416
f 2784/1802/418 2781/1803/417 2782/1801/417
f 2786/1804/419 2783/188/418 2784/1802/418
f 2788/1805/420 2785/1806/419 2786/1804/419
f 2790/1807/421 2787/201/420 2788/1805/420
f 2792/1808/422 2789/1809/421 2790/1807/421
f 2794/1810/423 2791/221/422 2792/1808/422
f 2796/1811/424 2793/1812/423 2794/1810/423
f 2798/1813/425 2795/241/424 2796/1811/424
f 2800/1814/426 2797/1815/425 2798/1813/425
f 2802/1816/427 2799/204/426 2800/1814/426
f 2804/1817/428 2801/1818/427 2802/1816/427
f 2806/1819/429 2803/177/428 2804/1817/428
f 2808/1820/430 2805/1821/429 2806/1819/429
f 2810/1822/431 2807/169/430 2808/1820/430
f 2812/1823/432 2809/1824/433 2810/1822/431
f 2814/1825/434 2811/161/435 2812/1823/432
f 2816/1826/436 2813/1827/437 2814/1825/434
f 2818/1828/438 2815/152/436 2816/1826/436
f 2820/1829/439 2817/1830/438 2818/1828/438
f 2822/1831/440 2819/111/439 2820/1829/439
f 2824/1832/441 2821/1833/440 2822/1831/440
f 2826/1834/442 2823/86/441 2824/1832/441
f 2828/1835/443 2825/1836/442 2826/1834/442
f 2830/1837/444 2827/71/443 2828/1835/443
f 2832/1838/445 2829/1839/444 2830/1837/444
f 2834/1840/446 2831/87/445 2832/1838/445
f 2836/1841/447 2833/1842/446 2834/1840/446
f 2838/1843/448 2835/102/447 2836/1841/447
f 2840/1844/449 2837/1845/448 2838/1843/448
f 2842/1846/450 2839/84/449 2840/1844/449
f 2844/1847/451 2841/1848/450 2842/1846/450
f 2846/1849/452 2843/60/451 2844/1847/451
f 2848/1850/453 2845/1851/452 2846/1849/452
f 2850/1852/454 2847/42/453 2848/1850/453
f 2852/1853/455 2849/1854/454 2850/1852/454
f 2854/1855/456 2851/19/455 2852/1853/455
f 2856/1856/457 2853/1857/456 2854/1855/456
f 2858/1858/458 2855/6/457 2856/1856/457
f 2860/1859/457 2857/1860/458 2858/1858/458
f 2862/1861/456 2859/14/457 2860/1859/457
f 2864/1862/455 2861/1863/456 2862/1861/456
f 2866/1864/454 2863/22/455 2864/1862/455
f 2868/1865/453 2865/1866/454 2866/1864/454
f 2870/1867/459 2867/30/453 2868/1865/453
f 2872/1868/460 2869/1869/459 2870/1867/459
f 2874/1870/461 2871/44/460 2872/1868/460
f 2876/1871/462 2873/1872/461 2874/1870/461
f 2878/1873/463 2875/54/462 2876/1871/462
f 2880/1874/464 2877/1875/463 2878/1873/463
f 2882/1876/465 2879/68/464 2880/1874/464
f 2884/1877/466 2881/1878/465 2882/1876/465
f 2886/1879/467 2883/113/466 2884/1877/466
f 2888/1880/468 2885/1881/467 2886/1879/467
f 2890/1882/469 2887/122/468 2888/1880/468
f 2892/1883/470 2889/1884/469 2890/1882/469
f 2894/1885/471 2891/130/470 2892/1883/470
f 2896/1886/472 2893/1887/471 2894/1885/471
f 2898/1888/473 2895/282/472 2896/1886/472
f 2900/1889/474 2897/1890/473 2898/1888/473
f 2902/1891/475 2899/299/474 2900/1889/474
f 2904/1892/476 2901/1893/475 2902/1891/475
f 2906/1894/477 2903/315/476 2904/1892/476
f 2908/1895/478 2905/1896/477 2906/1894/477
f 2910/1897/479 2907/312/478 2908/1895/478
f 2912/1898/480 2909/1899/479 2910/1897/479
f 2914/1900/481 2911/297/480 2912/1898/480
f 2916/1901/482 2913/1902/481 2914/1900/481
f 2918/1903/483 2915/281/482 2916/1901/482
f 2728/1166/397 2917/1904/483 2918/1903/483
f 2922/1905/484 2919/138/485 2920/951/485
f 2924/1906/486 2921/1907/484 2922/1905/484
f 2926/1908/487 2923/1909/486 2924/1906/486
f 2928/1910/488 2925/1911/487 2926/1908/487
f 2930/1912/489 2927/1913/488 2928/1910/488
f 2932/1914/490 2929/1915/489 2930/1912/489
f 2934/1916/491 2931/1917/490 2932/1914/490
f 2936/1918/492 2933/1919/491 2934/1916/491
f 2938/1920/493 2935/1921/494 2936/1918/492
f 2940/1922/495 2937/1923/493 2938/1920/493
f 2942/1924/496 2939/1925/495 2940/1922/495
f 2944/1926/497 2941/1927/498 2942/1924/496
f 2946/1928/499 2943/1929/497 2944/1926/497
f 2948/1930/500 2945/1931/499 2946/1928/499
f 2950/1932/501 2947/1933/500 2948/1930/500
f 2952/1934/502 2949/1935/501 2950/1932/501
f 2954/1936/503 2951/1937/502 2952/1934/502
f 2956/1938/504 2953/1939/503 2954/1936/503
f 2958/1940/505 2955/1941/504 2956/1938/504
f 2960/1942/506 2957/1943/505 2958/1940/505
f 2962/1944/507 2959/1945/506 2960/1942/506
f 2964/1946/414 2961/1947/507 2962/1944/507
f 2966/1948/508 2963/1949/414 2964/1946/414
f 2968/1950/509 2965/1951/508 2966/1948/508
f 2970/1952/510 2967/1953/509 2968/1950/509
f 2972/1954/511 2969/1955/510 2970/1952/510
f 2974/1956/512 2971/1957/511 2972/1954/511
f 2976/1958/513 2973/1959/512 2974/1956/512
f 2978/1960/514 2975/1961/513 2976/1958/513
f 2980/1962/513 2977/1963/514 2978/1960/514
f 2982/1964/512 2979/1965/513 2980/1962/513
f 2984/1966/511 2981/1967/512 2982/1964/512
f 2986/1968/510 2983/1969/511 2984/1966/511
f 2988/1970/509 2985/1971/510 2986/1968/510
f 2990/1972/515 2987/1973/509 2988/1970/509
f 2992/1974/516 2989/1975/515 2990/1972/515
f 2994/1976/517 2991/1977/516 2992/1974/516
f 2996/1978/518 2993/1979/517 2994/1976/517
f 2998/1980/519 2995/1981/518 2996/1978/518
f 3000/1982/520 2997/1983/519 2998/1980/519
f 3002/1984/521 2999/1985/520 3000/1982/520
f 3004/1986/27 3001/1987/521 3002/1984/521
f 3006/1988/522 3003/1989/27 3004/1986/27
f 3008/1990/523 3005/1991/522 3006/1988/522
f 3010/1992/524 3007/1993/523 3008/1990/523
f 3012/1994/525 3009/1995/526 3010/1992/524
f 3014/1996/527 3011/1997/525 3012/1994/525
f 3016/1998/528 3013/1999/527 3014/1996/527
f 3018/2000/529 3015/2001/528 3016/1998/528
f 3020/2002/530 3017/2003/529 3018/2000/529
f 3022/2004/531 3019/2005/530 3020/2002/530
f 3024/2006/532 3021/2007/531 3022/2004/531
f 3026/2008/533 3023/2009/534 3024/2006/532
f 3028/2010/535 3025/2011/533 3026/2008/533
f 3030/2012/536 3027/2013/537 3028/2010/535
f 3032/2014/538 3029/2015/536 3030/2012/536
f 3034/2016/539 3031/2017/538 3032/2014/538
f 3036/2018/540 3033/2019/539 3034/2016/539
f 3038/2020/541 3035/2021/540 3036/2018/540
f 3040/2022/542 3037/2023/541 3038/2020/541
f 2920/1166/485 3039/2024/542 3040/2022/542
f 3044/2025/543 3041/138/544 3042/951/544
f 3046/2026/545 3043/2027/543 3044/2025/543
f 3048/2028/546 3045/2029/545 3046/2026/545
f 3050/2030/547 3047/2031/546 3048/2028/546
f 3052/2032/548 3049/2033/547 3050/2030/547
f 3054/2034/549 3051/2035/548 3052/2032/548
f 3056/1251/550 3053/2036/549 3054/2034/549
f 3058/2037/551 3055/260/550 3056/1251/550
f 3060/2038/552 3057/2039/551 3058/2037/551
f 3062/2040/553 3059/2041/552 3060/2038/552
f 3064/2042/554 3061/2043/553 3062/2040/553
f 3066/2044/555 3063/2045/554 3064/2042/554
f 3068/2046/556 3065/2047/557 3066/2044/555
f 3070/1336/558 3067/2048/556 3068/2046/556
f 3072/2049/559 3069/186/560 3070/1336/558
f 3074/2050/561 3071/2051/559 3072/2049/559
f 3076/2052/562 3073/2053/561 3074/2050/561
f 3078/2054/563 3075/2055/562 3076/2052/562
f 3080/2056/564 3077/2057/563 3078/2054/563
f 3082/2058/565 3079/2059/564 3080/2056/564
f 3084/1421/566 3081/2060/565 3082/2058/565
f 3086/2061/567 3083/164/566 3084/1421/566
f 3088/2062/7 3085/2063/567 3086/2061/567
f 3090/2064/568 3087/2065/7 3088/2062/7
f 3092/2066/569 3089/2067/568 3090/2064/568
f 3094/2068/570 3091/2069/569 3092/2066/569
f 3096/2070/571 3093/2071/570 3094/2068/570
f 3098/1506/572 3095/2072/571 3096/2070/571
f 3100/2073/573 3097/101/572 3098/1506/572
f 3102/2074/574 3099/2075/573 3100/2073/573
f 3104/2076/575 3101/2077/574 3102/2074/574
f 3106/2078/576 3103/2079/575 3104/2076/575
f 3108/2080/577 3105/2081/576 3106/2078/576
f 3110/2082/578 3107/2083/577 3108/2080/577
f 3112/1591/579 3109/2084/578 3110/2082/578
f 3114/2085/580 3111/24/579 3112/1591/579
f 3116/2086/581 3113/2087/580 3114/2085/580
f 3118/2088/582 3115/2089/581 3116/2086/581
f 3120/2090/583 3117/2091/582 3118/2088/582
f 3122/2092/584 3119/2093/583 3120/2090/583
f 3124/2094/585 3121/2095/584 3122/2092/584
f 3126/1676/586 3123/2096/585 3124/2094/585
f 3128/2097/587 3125/269/586 3126/1676/586
f 3130/2098/588 3127/2099/587 3128/2097/587
f 3132/2100/589 3129/2101/588 3130/2098/588
f 3134/2102/590 3131/2103/589 3132/2100/589
f 3136/2104/591 3133/2105/590 3134/2102/590
f 3138/2106/592 3135/2107/591 3136/2104/591
f 3042/1166/544 3137/2108/592 3138/2106/592
f 3142/2109/593 3139/138/594 3140/951/594
f 3144/2110/595 3141/2111/593 3142/2109/593
f 3146/1762/596 3143/2112/595 3144/2110/595
f 3148/2113/597 3145/1764/596 3146/1762/596
f 3150/2114/598 3147/2115/597 3148/2113/597
f 3152/1763/599 3149/2116/600 3150/2114/598
f 3154/2117/601 3151/140/599 3152/1763/599
f 3156/2118/602 3153/2119/603 3154/2117/601
f 3158/1765/604 3155/2120/602 3156/2118/602
f 3160/2121/605 3157/1767/604 3158/1765/604
f 3162/2122/606 3159/2123/605 3160/2121/605
f 3164/1766/5 3161/2124/606 3162/2122/606
f 3166/2125/607 3163/135/5 3164/1766/5
f 3168/2126/608 3165/2127/607 3166/2125/607
f 3170/1768/609 3167/2128/608 3168/2126/608
f 3172/2129/610 3169/1770/609 3170/1768/609
f 3174/2130/611 3171/2131/610 3172/2129/610
f 3176/1769/612 3173/2132/611 3174/2130/611
f 3178/2133/613 3175/176/612 3176/1769/612
f 3180/2134/614 3177/2135/613 3178/2133/613
f 3182/1771/615 3179/2136/614 3180/2134/614
f 3184/2137/616 3181/1773/615 3182/1771/615
f 3186/2138/617 3183/2139/616 3184/2137/616
f 3188/1772/618 3185/2140/617 3186/2138/617
f 3190/2141/619 3187/322/618 3188/1772/618
f 3192/2142/620 3189/2143/619 3190/2141/619
f 3194/1774/621 3191/2144/620 3192/2142/620
f 3196/2145/622 3193/1776/621 3194/1774/621
f 3198/2146/623 3195/2147/622 3196/2145/622
f 3200/1775/624 3197/2148/623 3198/2146/623
f 3202/2149/625 3199/337/624 3200/1775/624
f 3204/2150/626 3201/2151/625 3202/2149/625
f 3206/1777/627 3203/2152/626 3204/2150/626
f 3208/2153/628 3205/1779/627 3206/1777/627
f 3210/2154/629 3207/2155/628 3208/2153/628
f 3212/1778/630 3209/2156/629 3210/2154/629
f 3214/2157/631 3211/325/630 3212/1778/630
f 3216/2158/158 3213/2159/631 3214/2157/631
f 3218/1780/632 3215/2160/158 3216/2158/158
f 3220/2161/633 3217/1782/632 3218/1780/632
f 3222/2162/634 3219/2163/633 3220/2161/633
f 3224/1781/635 3221/2164/634 3222/2162/634
f 3226/2165/636 3223/254/635 3224/1781/635
f 3228/2166/637 3225/2167/636 3226/2165/636
f 3230/1783/638 3227/2168/637 3228/2166/637
f 3232/2169/639 3229/1785/638 3230/1783/638
f 3234/2170/640 3231/2171/639 3232/2169/639
f 3236/1784/641 3233/2172/640 3234/2170/640
f 3238/2173/642 3235/223/641 3236/1784/641
f 3240/2174/643 3237/2175/642 3238/2173/642
f 3242/1786/644 3239/2176/643 3240/2174/643
f 3244/2177/645 3241/1788/644 3242/1786/644
f 3246/2178/646 3243/2179/645 3244/2177/645
f 3248/1787/647 3245/2180/646 3246/2178/646
f 3250/2181/648 3247/222/647 3248/1787/647
f 3252/2182/649 3249/2183/648 3250/2181/648
f 3254/1789/650 3251/2184/649 3252/2182/649
f 3256/2185/651 3253/1791/650 3254/1789/650
f 3258/2186/652 3255/2187/651 3256/2185/651
f 3260/1790/653 3257/2188/652 3258/2186/652
f 3262/2189/654 3259/255/653 3260/1790/653
f 3264/2190/655 3261/2191/654 3262/2189/654
f 3266/1792/656 3263/2192/655 3264/2190/655
f 3268/2193/657 3265/1794/656 3266/1792/656
f 3270/2194/658 3267/2195/657 3268/2193/657
f 3272/1793/659 3269/2196/658 3270/2194/658
f 3274/2197/660 3271/259/659 3272/1793/659
f 3276/2198/661 3273/2199/660 3274/2197/660
f 3278/1795/662 3275/2200/661 3276/2198/661
f 3280/2201/663 3277/1797/662 3278/1795/662
f 3282/2202/664 3279/2203/663 3280/2201/663
f 3284/1796/665 3281/2204/664 3282/2202/664
f 3286/2205/666 3283/242/665 3284/1796/665
f 3288/2206/667 3285/2207/666 3286/2205/666
f 3290/1798/668 3287/2208/667 3288/2206/667
f 3292/2209/669 3289/1800/668 3290/1798/668
f 3294/2210/670 3291/2211/669 3292/2209/669
f 3296/1799/671 3293/2212/670 3294/2210/670
f 3298/2213/672 3295/194/671 3296/1799/671
f 3300/2214/673 3297/2215/672 3298/2213/672
f 3302/1801/674 3299/2216/673 3300/2214/673
f 3304/2217/675 3301/1803/674 3302/1801/674
f 3306/2218/676 3303/2219/675 3304/2217/675
f 3308/1802/677 3305/2220/676 3306/2218/676
f 3310/2221/678 3307/188/677 3308/1802/677
f 3312/2222/679 3309/2223/678 3310/2221/678
f 3314/1804/680 3311/2224/679 3312/2222/679
f 3316/2225/681 3313/1806/680 3314/1804/680
f 3318/2226/682 3315/2227/681 3316/2225/681
f 3320/1805/683 3317/2228/682 3318/2226/682
f 3322/2229/684 3319/201/683 3320/1805/683
f 3324/2230/685 3321/2231/684 3322/2229/684
f 3326/1807/686 3323/2232/685 3324/2230/685
f 3328/2233/687 3325/1809/686 3326/1807/686
f 3330/2234/688 3327/2235/687 3328/2233/687
f 3332/1808/689 3329/2236/688 3330/2234/688
f 3334/2237/690 3331/221/689 3332/1808/689
f 3336/2238/691 3333/2239/690 3334/2237/690
f 3338/1810/692 3335/2240/691 3336/2238/691
f 3340/2241/693 3337/1812/692 3338/1810/692
f 3342/2242/694 3339/2243/693 3340/2241/693
f 3344/1811/695 3341/2244/694 3342/2242/694
f 3346/2245/696 3343/241/695 3344/1811/695
f 3348/2246/697 3345/2247/696 3346/2245/696
f 3350/1813/698 3347/2248/697 3348/2246/697
f 3352/2249/699 3349/1815/698 3350/1813/698
f 3354/2250/700 3351/2251/699 3352/2249/699
f 3356/1814/701 3353/2252/700 3354/2250/700
f 3358/2253/702 3355/204/701 3356/1814/701
f 3360/2254/703 3357/2255/702 3358/2253/702
f 3362/1816/704 3359/2256/703 3360/2254/703
f 3364/2257/705 3361/1818/704 3362/1816/704
f 3366/2258/706 3363/2259/705 3364/2257/705
f 3368/1817/707 3365/2260/706 3366/2258/706
f 3370/2261/708 3367/177/707 3368/1817/707
f 3372/2262/709 3369/2263/708 3370/2261/708
f 3374/1819/710 3371/2264/709 3372/2262/709
f 3376/2265/711 3373/1821/710 3374/1819/710
f 3378/2266/712 3375/2267/711 3376/2265/711
f 3380/1820/713 3377/2268/712 3378/2266/712
f 3382/2269/714 3379/169/713 3380/1820/713
f 3384/2270/715 3381/2271/716 3382/2269/714
f 3386/1822/717 3383/2272/715 3384/2270/715
f 3388/2273/718 3385/1824/717 3386/1822/717
f 3390/2274/719 3387/2275/718 3388/2273/718
f 3392/1823/720 3389/2276/719 3390/2274/719
f 3394/2277/721 3391/161/720 3392/1823/720
f 3396/2278/722 3393/2279/721 3394/2277/721
f 3398/1825/723 3395/2280/722 3396/2278/722
f 3400/2281/724 3397/1827/723 3398/1825/723
f 3402/2282/725 3399/2283/724 3400/2281/724
f 3404/1826/726 3401/2284/725 3402/2282/725
f 3406/2285/727 3403/152/726 3404/1826/726
f 3408/2286/728 3405/2287/727 3406/2285/727
f 3410/1828/729 3407/2288/728 3408/2286/728
f 3412/2289/730 3409/1830/729 3410/1828/729
f 3414/2290/731 3411/2291/730 3412/2289/730
f 3416/1829/732 3413/2292/731 3414/2290/731
f 3418/2293/733 3415/111/732 3416/1829/732
f 3420/2294/734 3417/2295/733 3418/2293/733
f 3422/1831/735 3419/2296/734 3420/2294/734
f 3424/2297/736 3421/1833/735 3422/1831/735
f 3426/2298/737 3423/2299/736 3424/2297/736
f 3428/1832/738 3425/2300/737 3426/2298/737
f 3430/2301/739 3427/86/738 3428/1832/738
f 3432/2302/740 3429/2303/739 3430/2301/739
f 3434/1834/741 3431/2304/740 3432/2302/740
f 3436/2305/742 3433/1836/741 3434/1834/741
f 3438/2306/743 3435/2307/742 3436/2305/742
f 3440/1835/744 3437/2308/743 3438/2306/743
f 3442/2309/745 3439/71/744 3440/1835/744
f 3444/2310/746 3441/2311/745 3442/2309/745
f 3446/1837/747 3443/2312/746 3444/2310/746
f 3448/2313/748 3445/1839/747 3446/1837/747
f 3450/2314/749 3447/2315/748 3448/2313/748
f 3452/1838/750 3449/2316/749 3450/2314/749
f 3454/2317/751 3451/87/750 3452/1838/750
f 3456/2318/752 3453/2319/751 3454/2317/751
f 3458/1840/753 3455/2320/752 3456/2318/752
f 3460/2321/754 3457/1842/753 3458/1840/753
f 3462/2322/755 3459/2323/754 3460/2321/754
f 3464/1841/756 3461/2324/755 3462/2322/755
f 3466/2325/757 3463/102/756 3464/1841/756
f 3468/2326/758 3465/2327/757 3466/2325/757
f 3470/1843/759 3467/2328/758 3468/2326/758
f 3472/2329/760 3469/1845/759 3470/1843/759
f 3474/2330/761 3471/2331/760 3472/2329/760
f 3476/1844/762 3473/2332/761 3474/2330/761
f 3478/2333/763 3475/84/762 3476/1844/762
f 3480/2334/764 3477/2335/763 3478/2333/763
f 3482/1846/765 3479/2336/764 3480/2334/764
f 3484/2337/766 3481/1848/767 3482/1846/765
f 3486/2338/768 3483/2339/766 3484/2337/766
f 3488/1847/769 3485/2340/768 3486/2338/768
f 3490/2341/770 3487/60/769 3488/1847/769
f 3492/2342/771 3489/2343/770 3490/2341/770
f 3494/1849/772 3491/2344/771 3492/2342/771
f 3496/2345/773 3493/1851/772 3494/1849/772
f 3498/2346/774 3495/2347/773 3496/2345/773
f 3500/1850/775 3497/2348/774 3498/2346/774
f 3502/2349/776 3499/42/775 3500/1850/775
f 3504/2350/777 3501/2351/776 3502/2349/776
f 3506/1852/778 3503/2352/777 3504/2350/777
f 3508/2353/779 3505/1854/778 3506/1852/778
f 3510/2354/780 3507/2355/779 3508/2353/779
f 3512/1853/781 3509/2356/780 3510/2354/780
f 3514/2357/782 3511/19/781 3512/1853/781
f 3516/2358/783 3513/2359/782 3514/2357/782
f 3518/1855/784 3515/2360/783 3516/2358/783
f 3520/2361/785 3517/1857/784 3518/1855/784
f 3522/2362/786 3519/2363/785 3520/2361/785
f 3524/1856/586 3521/2364/786 3522/2362/786
f 3526/2365/787 3523/6/586 3524/1856/586
f 3528/2366/788 3525/2367/787 3526/2365/787
f 3530/1858/789 3527/2368/788 3528/2366/788
f 3532/2369/790 3529/1860/789 3530/1858/789
f 3534/2370/791 3531/2371/790 3532/2369/790
f 3536/1859/792 3533/2372/791 3534/2370/791
f 3538/2373/793 3535/14/792 3536/1859/792
f 3540/2374/794 3537/2375/793 3538/2373/793
f 3542/1861/795 3539/2376/794 3540/2374/794
f 3544/2377/796 3541/1863/795 3542/1861/795
f 3546/2378/797 3543/2379/796 3544/2377/796
f 3548/1862/798 3545/2380/797 3546/2378/797
f 3550/2381/799 3547/22/798 3548/1862/798
f 3552/2382/800 3549/2383/799 3550/2381/799
f 3554/1864/801 3551/2384/800 3552/2382/800
f 3556/2385/802 3553/1866/801 3554/1864/801
f 3558/2386/803 3555/2387/802 3556/2385/802
f 3560/1865/804 3557/2388/803 3558/2386/803
f 3562/2389/805 3559/30/804 3560/1865/804
f 3564/2390/806 3561/2391/805 3562/2389/805
f 3566/1867/807 3563/2392/806 3564/2390/806
f 3568/2393/808 3565/1869/807 3566/1867/807
f 3570/2394/809 3567/2395/808 3568/2393/808
f 3572/1868/810 3569/2396/809 3570/2394/809
f 3574/2397/811 3571/44/810 3572/1868/810
f 3576/2398/812 3573/2399/811 3574/2397/811
f 3578/1870/813 3575/2400/812 3576/2398/812
f 3580/2401/814 3577/1872/813 3578/1870/813
f 3582/2402/815 3579/2403/814 3580/2401/814
f 3584/1871/816 3581/2404/815 3582/2402/815
f 3586/2405/817 3583/54/816 3584/1871/816
f 3588/2406/818 3585/2407/817 3586/2405/817
f 3590/1873/819 3587/2408/818 3588/2406/818
f 3592/2409/820 3589/1875/819 3590/1873/819
f 3594/2410/821 3591/2411/820 3592/2409/820
f 3596/1874/822 3593/2412/821 3594/2410/821
f 3598/2413/823 3595/68/822 3596/1874/822
f 3600/2414/824 3597/2415/823 3598/2413/823
f 3602/1876/825 3599/2416/824 3600/2414/824
f 3604/2417/826 3601/1878/825 3602/1876/825
f 3606/2418/827 3603/2419/826 3604/2417/826
f 3608/1877/828 3605/2420/827 3606/2418/827
f 3610/2421/829 3607/113/828 3608/1877/828
f 3612/2422/830 3609/2423/829 3610/2421/829
f 3614/1879/831 3611/2424/830 3612/2422/830
f 3616/2425/832 3613/1881/831 3614/1879/831
f 3618/2426/833 3615/2427/832 3616/2425/832
f 3620/1880/834 3617/2428/833 3618/2426/833
f 3622/2429/835 3619/122/834 3620/1880/834
f 3624/2430/836 3621/2431/835 3622/2429/835
f 3626/1882/837 3623/2432/836 3624/2430/836
f 3628/2433/838 3625/1884/837 3626/1882/837
f 3630/2434/839 3627/2435/838 3628/2433/838
f 3632/1883/840 3629/2436/839 3630/2434/839
f 3634/2437/530 3631/130/840 3632/1883/840
f 3636/2438/841 3633/2439/530 3634/2437/530
f 3638/1885/842 3635/2440/841 3636/2438/841
f 3640/2441/843 3637/1887/842 3638/1885/842
f 3642/2442/844 3639/2443/843 3640/2441/843
f 3644/1886/845 3641/2444/844 3642/2442/844
f 3646/2445/846 3643/282/847 3644/1886/845
f 3648/2446/848 3645/2447/846 3646/2445/846
f 3650/1888/849 3647/2448/848 3648/2446/848
f 3652/2449/850 3649/1890/849 3650/1888/849
f 3654/2450/851 3651/2451/850 3652/2449/850
f 3656/1889/852 3653/2452/851 3654/2450/851
f 3658/2453/853 3655/299/852 3656/1889/852
f 3660/2454/854 3657/2455/853 3658/2453/853
f 3662/1891/855 3659/2456/854 3660/2454/854
f 3664/2457/856 3661/1893/857 3662/1891/855
f 3666/2458/858 3663/2459/856 3664/2457/856
f 3668/1892/859 3665/2460/858 3666/2458/858
f 3670/2461/860 3667/315/859 3668/1892/859
f 3672/2462/861 3669/2463/860 3670/2461/860
f 3674/1894/862 3671/2464/861 3672/2462/861
f 3676/2465/863 3673/1896/862 3674/1894/862
f 3678/2466/864 3675/2467/863 3676/2465/863
f 3680/1895/865 3677/2468/864 3678/2466/864
f 3682/2469/866 3679/312/865 3680/1895/865
f 3684/2470/867 3681/2471/866 3682/2469/866
f 3686/1897/868 3683/2472/867 3684/2470/867
f 3688/2473/869 3685/1899/868 3686/1897/868
f 3690/2474/870 3687/2475/869 3688/2473/869
f 3692/1898/871 3689/2476/870 3690/2474/870
f 3694/2477/872 3691/297/871 3692/1898/871
f 3696/2478/873 3693/2479/872 3694/2477/872
f 3698/1900/874 3695/2480/873 3696/2478/873
f 3700/2481/875 3697/1902/874 3698/1900/874
f 3702/2482/876 3699/2483/875 3700/2481/875
f 3704/1901/877 3701/2484/876 3702/2482/876
f 3706/2485/878 3703/281/877 3704/1901/877
f 3708/2486/879 3705/2487/880 3706/2485/878
f 3710/1903/881 3707/2488/882 3708/2486/879
f 3712/2489/883 3709/1904/884 3710/1903/881
f 3714/2490/885 3711/2491/883 3712/2489/883
f 3140/1166/594 3713/2492/885 3714/2490/885
f 3718/2025/886 3715/138/887 3716/951/887
f 3720/2026/888 3717/2027/886 3718/2025/886
f 3722/2028/889 3719/2029/888 3720/2026/888
f 3724/2030/890 3721/2031/889 3722/2028/889
f 3726/2032/891 3723/2033/890 3724/2030/890
f 3728/2034/892 3725/2035/891 3726/2032/891
f 3730/1251/893 3727/2036/892 3728/2034/892
f 3732/2037/894 3729/260/895 3730/1251/893
f 3734/2038/896 3731/2039/894 3732/2037/894
f 3736/2040/897 3733/2041/896 3734/2038/896
f 3738/2042/898 3735/2043/897 3736/2040/897
f 3740/2044/899 3737/2045/898 3738/2042/898
f 3742/2046/900 3739/2047/899 3740/2044/899
f 3744/1336/901 3741/2048/902 3742/2046/900
f 3746/2049/903 3743/186/901 3744/1336/901
f 3748/2050/904 3745/2051/903 3746/2049/903
f 3750/2052/905 3747/2053/904 3748/2050/904
f 3752/2054/906 3749/2055/905 3750/2052/905
f 3754/2056/907 3751/2057/906 3752/2054/906
f 3756/2058/908 3753/2059/907 3754/2056/907
f 3758/1421/909 3755/2060/908 3756/2058/908
f 3760/2061/910 3757/164/909 3758/1421/909
f 3762/2062/911 3759/2063/910 3760/2061/910
f 3764/2064/912 3761/2065/911 3762/2062/911
f 3766/2066/913 3763/2067/912 3764/2064/912
f 3768/2068/914 3765/2069/913 3766/2066/913
f 3770/2070/915 3767/2071/914 3768/2068/914
f 3772/1506/916 3769/2072/915 3770/2070/915
f 3774/2073/917 3771/101/916 3772/1506/916
f 3776/2074/918 3773/2075/917 3774/2073/917
f 3778/2076/919 3775/2077/918 3776/2074/918
f 3780/2078/920 3777/2079/919 3778/2076/919
f 3782/2080/921 3779/2081/920 3780/2078/920
f 3784/2082/922 3781/2083/921 3782/2080/921
f 3786/1591/923 3783/2084/922 3784/2082/922
f 3788/2085/924 3785/24/923 3786/1591/923
f 3790/2086/925 3787/2087/924 3788/2085/924
f 3792/2088/926 3789/2089/925 3790/2086/925
f 3794/2090/927 3791/2091/926 3792/2088/926
f 3796/2092/928 3793/2093/927 3794/2090/927
f 3798/2094/929 3795/2095/928 3796/2092/928
f 3800/1676/930 3797/2096/929 3798/2094/929
f 3802/2097/931 3799/269/930 3800/1676/930
f 3804/2098/932 3801/2099/931 3802/2097/931
f 3806/2100/933 3803/2101/932 3804/2098/932
f 3808/2102/934 3805/2103/933 3806/2100/933
f 3810/2104/935 3807/2105/934 3808/2102/934
f 3812/2106/936 3809/2107/935 3810/2104/935
f 3716/1166/887 3811/2108/936 3812/2106/936
f 1910/950/3 1909/953/3 1907/138/4
f 1912/952/5 1911/955/5 1909/953/3
f 1914/954/6 1913/957/6 1911/955/5
f 1916/956/7 1915/959/7 1913/957/6
f 1918/958/8 1917/961/8 1915/959/7
f 1920/960/7 1919/963/7 1917/961/8
f 1922/962/6 1921/965/6 1919/963/7
f 1924/964/5 1923/967/5 1921/965/6
f 1926/966/3 1925/969/3 1923/967/5
f 1928/968/4 1927/971/4 1925/969/3
f 1930/970/9 1929/973/9 1927/971/4
f 1932/972/10 1931/975/10 1929/973/9
f 1934/974/11 1933/977/11 1931/975/10
f 1936/976/12 1935/979/12 1933/977/11
f 1938/978/13 1937/981/13 1935/979/12
f 1940/980/14 1939/983/14 1937/981/13
f 1942/982/15 1941/985/15 1939/983/14
f 1944/984/16 1943/987/16 1941/985/15
f 1946/986/17 1945/989/17 1943/987/16
f 1948/988/18 1947/991/18 1945/989/17
f 1950/990/19 1949/993/19 1947/991/18
f 1952/992/20 1951/995/20 1949/993/19
f 1954/994/21 1953/997/21 1951/995/20
f 1956/996/22 1955/999/22 1953/997/21
f 1958/998/23 1957/1001/23 1955/999/22
f 1960/1000/24 1959/1003/24 1957/1001/23
f 1962/1002/25 1961/1005/25 1959/1003/24
f 1964/1004/26 1963/1007/26 1961/1005/25
f 1966/1006/27 1965/1009/27 1963/1007/26
f 1968/1008/28 1967/1011/28 1965/1009/27
f 1970/1010/29 1969/1013/29 1967/1011/28
f 1972/1012/30 1971/1015/30 1969/1013/29
f 1974/1014/31 1973/1017/31 1971/1015/30
f 1976/1016/32 1975/1019/32 1973/1017/31
f 1978/1018/33 1977/1021/33 1975/1019/32
f 1980/1020/34 1979/1023/34 1977/1021/33
f 1982/1022/35 1981/1025/35 1979/1023/34
f 1984/1024/36 1983/1027/36 1981/1025/35
f 1986/1026/37 1985/1029/37 1983/1027/36
f 1988/1028/38 1987/1031/38 1985/1029/37
f 1990/1030/39 1989/1033/39 1987/1031/38
f 1992/1032/40 1991/1035/40 1989/1033/39
f 1994/1034/41 1993/1037/41 1991/1035/40
f 1996/1036/42 1995/1039/42 1993/1037/41
f 1998/1038/43 1997/1041/43 1995/1039/42
f 2000/1040/44 1999/1043/44 1997/1041/43
f 2002/1042/45 2001/1045/45 1999/1043/44
f 2004/1044/46 2003/1047/46 2001/1045/45
f 2006/1046/43 2005/1049/43 2003/1047/46
f 2008/1048/42 2007/1051/42 2005/1049/43
f 2010/1050/41 2009/1053/41 2007/1051/42
f 2012/1052/40 2011/1055/40 2009/1053/41
f 2014/1054/39 2013/1057/39 2011/1055/40
f 2016/1056/38 2015/1059/38 2013/1057/39
f 2018/1058/37 2017/1061/37 2015/1059/38
f 2020/1060/36 2019/1063/36 2017/1061/37
f 2022/1062/35 2021/1065/35 2019/1063/36
f 2024/1064/34 2023/1067/34 2021/1065/35
f 2026/1066/47 2025/1069/47 2023/1067/34
f 2028/1068/48 2027/1071/48 2025/1069/47
f 2030/1070/49 2029/1073/49 2027/1071/48
f 2032/1072/50 2031/1075/50 2029/1073/49
f 2034/1074/51 2033/1077/51 2031/1075/50
f 2036/1076/52 2035/1079/52 2033/1077/51
f 2038/1078/53 2037/1081/53 2035/1079/52
f 2040/1080/54 2039/1083/54 2037/1081/53
f 2042/1082/55 2041/1085/55 2039/1083/54
f 2044/1084/56 2043/1087/56 2041/1085/55
f 2046/1086/57 2045/1089/57 2043/1087/56
f 2048/1088/58 2047/1091/58 2045/1089/57
f 2050/1090/59 2049/1093/59 2047/1091/58
f 2052/1092/60 2051/1095/60 2049/1093/59
f 2054/1094/61 2053/1097/61 2051/1095/60
f 2056/1096/62 2055/1099/62 2053/1097/61
f 2058/1098/63 2057/1101/63 2055/1099/62
f 2060/1100/64 2059/1103/64 2057/1101/63
f 2062/1102/65 2061/1105/67 2059/1103/64
f 2064/1104/66 2063/1107/66 2061/1105/67
f 2066/1106/68 2065/1109/70 2063/1107/66
f 2068/1108/69 2067/1111/69 2065/1109/70
f 2070/1110/71 2069/1113/71 2067/1111/69
f 2072/1112/72 2071/1115/72 2069/1113/71
f 2074/1114/73 2073/1117/73 2071/1115/72
f 2076/1116/74 2075/1119/74 2073/1117/73
f 2078/1118/75 2077/1121/75 2075/1119/74
f 2080/1120/76 2079/1123/76 2077/1121/75
f 2082/1122/77 2081/1125/77 2079/1123/76
f 2084/1124/78 2083/1127/78 2081/1125/77
f 2086/1126/79 2085/1129/81 2083/1127/78
f 2088/1128/80 2087/1131/80 2085/1129/81
f 2090/1130/82 2089/1133/82 2087/1131/80
f 2092/1132/83 2091/1135/83 2089/1133/82
f 2094/1134/84 2093/1137/84 2091/1135/83
f 2096/1136/85 2095/1139/85 2093/1137/84
f 2098/1138/86 2097/1141/86 2095/1139/85
f 2100/1140/87 2099/1143/87 2097/1141/86
f 2102/1142/88 2101/1145/88 2099/1143/87
f 2104/1144/89 2103/1147/89 2101/1145/88
f 2106/1146/90 2105/1149/90 2103/1147/89
f 2108/1148/91 2107/1151/91 2105/1149/90
f 2110/1150/92 2109/1153/92 2107/1151/91
f 2112/1152/93 2111/1155/93 2109/1153/92
f 2114/1154/94 2113/1157/94 2111/1155/93
f 2116/1156/95 2115/1159/95 2113/1157/94
f 2118/1158/96 2117/1161/96 2115/1159/95
f 2120/1160/97 2119/1163/97 2117/1161/96
f 2122/1162/98 2121/1165/98 2119/1163/97
f 2124/1164/99 2123/1167/99 2121/1165/98
f 1908/1166/4 1907/270/4 2123/1167/99
f 2128/1168/100 2127/1170/100 2125/138/101
f 2130/1169/102 2129/1172/102 2127/1170/100
f 2132/1171/103 2131/1174/103 2129/1172/102
f 2134/1173/104 2133/1176/104 2131/1174/103
f 2136/1175/105 2135/1178/105 2133/1176/104
f 2138/1177/106 2137/1180/106 2135/1178/105
f 2140/1179/107 2139/1182/107 2137/1180/106
f 2142/1181/108 2141/1184/108 2139/1182/107
f 2144/1183/109 2143/1186/109 2141/1184/108
f 2146/1185/110 2145/1188/110 2143/1186/109
f 2148/1187/111 2147/1190/111 2145/1188/110
f 2150/1189/112 2149/1192/112 2147/1190/111
f 2152/1191/113 2151/1194/113 2149/1192/112
f 2154/1193/114 2153/1196/114 2151/1194/113
f 2156/1195/115 2155/1198/115 2153/1196/114
f 2158/1197/116 2157/1200/116 2155/1198/115
f 2160/1199/117 2159/1202/117 2157/1200/116
f 2162/1201/118 2161/1204/118 2159/1202/117
f 2164/1203/119 2163/1206/119 2161/1204/118
f 2166/1205/120 2165/1208/120 2163/1206/119
f 2168/1207/121 2167/1210/121 2165/1208/120
f 2170/1209/122 2169/1212/122 2167/1210/121
f 2172/1211/123 2171/1214/123 2169/1212/122
f 2174/1213/124 2173/1216/124 2171/1214/123
f 2176/1215/125 2175/1218/125 2173/1216/124
f 2178/1217/126 2177/1220/126 2175/1218/125
f 2180/1219/127 2179/1222/127 2177/1220/126
f 2182/1221/128 2181/1224/128 2179/1222/127
f 2184/1223/129 2183/1226/129 2181/1224/128
f 2186/1225/130 2185/1228/130 2183/1226/129
f 2188/1227/131 2187/1230/131 2185/1228/130
f 2190/1229/132 2189/1232/132 2187/1230/131
f 2192/1231/133 2191/1234/133 2189/1232/132
f 2194/1233/134 2193/1236/134 2191/1234/133
f 2196/1235/135 2195/1238/135 2193/1236/134
f 2198/1237/136 2197/1240/136 2195/1238/135
f 2200/1239/137 2199/1242/137 2197/1240/136
f 2202/1241/138 2201/1244/138 2199/1242/137
f 2204/1243/139 2203/1246/139 2201/1244/138
f 2206/1245/140 2205/1248/140 2203/1246/139
f 2208/1247/141 2207/1250/141 2205/1248/140
f 2210/1249/142 2209/1252/142 2207/1250/141
f 2212/1251/143 2211/260/143 2209/1252/142
f 2214/1253/144 2213/1255/144 2211/260/143
f 2216/1254/145 2215/1257/145 2213/1255/144
f 2218/1256/146 2217/1259/146 2215/1257/145
f 2220/1258/147 2219/1261/147 2217/1259/146
f 2222/1260/148 2221/1263/148 2219/1261/147
f 2224/1262/149 2223/1265/149 2221/1263/148
f 2226/1264/150 2225/1267/150 2223/1265/149
f 2228/1266/151 2227/1269/151 2225/1267/150
f 2230/1268/152 2229/1271/152 2227/1269/151
f 2232/1270/153 2231/1273/153 2229/1271/152
f 2234/1272/154 2233/1275/154 2231/1273/153
f 2236/1274/155 2235/1277/155 2233/1275/154
f 2238/1276/156 2237/1279/156 2235/1277/155
f 2240/1278/157 2239/1281/157 2237/1279/156
f 2242/1280/158 2241/1283/158 2239/1281/157
f 2244/1282/159 2243/1285/159 2241/1283/158
f 2246/1284/160 2245/1287/160 2243/1285/159
f 2248/1286/161 2247/1289/161 2245/1287/160
f 2250/1288/162 2249/1291/162 2247/1289/161
f 2252/1290/163 2251/1293/163 2249/1291/162
f 2254/1292/164 2253/1295/164 2251/1293/163
f 2256/1294/165 2255/1297/165 2253/1295/164
f 2258/1296/166 2257/1299/166 2255/1297/165
f 2260/1298/167 2259/1301/167 2257/1299/166
f 2262/1300/168 2261/1303/168 2259/1301/167
f 2264/1302/169 2263/1305/169 2261/1303/168
f 2266/1304/170 2265/1307/170 2263/1305/169
f 2268/1306/171 2267/1309/171 2265/1307/170
f 2270/1308/172 2269/1311/172 2267/1309/171
f 2272/1310/173 2271/1313/173 2269/1311/172
f 2274/1312/174 2273/1315/176 2271/1313/173
f 2276/1314/175 2275/1317/175 2273/1315/176
f 2278/1316/177 2277/1319/177 2275/1317/175
f 2280/1318/178 2279/1321/178 2277/1319/177
f 2282/1320/179 2281/1323/179 2279/1321/178
f 2284/1322/180 2283/1325/180 2281/1323/179
f 2286/1324/181 2285/1327/181 2283/1325/180
f 2288/1326/182 2287/1329/182 2285/1327/181
f 2290/1328/183 2289/1331/185 2287/1329/182
f 2292/1330/184 2291/1333/184 2289/1331/185
f 2294/1332/186 2293/1335/186 2291/1333/184
f 2296/1334/187 2295/1337/187 2293/1335/186
f 2298/1336/188 2297/186/188 2295/1337/187
f 2300/1338/189 2299/1340/189 2297/186/188
f 2302/1339/190 2301/1342/190 2299/1340/189
f 2304/1341/191 2303/1344/193 2301/1342/190
f 2306/1343/192 2305/1346/192 2303/1344/193
f 2308/1345/193 2307/1348/193 2305/1346/192
f 2310/1347/190 2309/1350/190 2307/1348/193
f 2312/1349/189 2311/1352/189 2309/1350/190
f 2314/1351/188 2313/1354/194 2311/1352/189
f 2316/1353/187 2315/1356/187 2313/1354/194
f 2318/1355/195 2317/1358/195 2315/1356/187
f 2320/1357/196 2319/1360/196 2317/1358/195
f 2322/1359/197 2321/1362/197 2319/1360/196
f 2324/1361/198 2323/1364/198 2321/1362/197
f 2326/1363/199 2325/1366/199 2323/1364/198
f 2328/1365/200 2327/1368/200 2325/1366/199
f 2330/1367/201 2329/1370/201 2327/1368/200
f 2332/1369/202 2331/1372/202 2329/1370/201
f 2334/1371/203 2333/1374/203 2331/1372/202
f 2336/1373/204 2335/1376/204 2333/1374/203
f 2338/1375/205 2337/1378/207 2335/1376/204
f 2340/1377/206 2339/1380/206 2337/1378/207
f 2342/1379/208 2341/1382/210 2339/1380/206
f 2344/1381/209 2343/1384/209 2341/1382/210
f 2346/1383/211 2345/1386/211 2343/1384/209
f 2348/1385/212 2347/1388/212 2345/1386/211
f 2350/1387/213 2349/1390/215 2347/1388/212
f 2352/1389/214 2351/1392/214 2349/1390/215
f 2354/1391/216 2353/1394/216 2351/1392/214
f 2356/1393/217 2355/1396/217 2353/1394/216
f 2358/1395/218 2357/1398/220 2355/1396/217
f 2360/1397/219 2359/1400/219 2357/1398/220
f 2362/1399/221 2361/1402/221 2359/1400/219
f 2364/1401/222 2363/1404/222 2361/1402/221
f 2366/1403/223 2365/1406/223 2363/1404/222
f 2368/1405/224 2367/1408/224 2365/1406/223
f 2370/1407/225 2369/1410/225 2367/1408/224
f 2372/1409/226 2371/1412/226 2369/1410/225
f 2374/1411/227 2373/1414/229 2371/1412/226
f 2376/1413/228 2375/1416/228 2373/1414/229
f 2378/1415/230 2377/1418/230 2375/1416/228
f 2380/1417/231 2379/1420/231 2377/1418/230
f 2382/1419/232 2381/1422/232 2379/1420/231
f 2384/1421/233 2383/164/233 2381/1422/232
f 2386/1423/234 2385/1425/234 2383/164/233
f 2388/1424/235 2387/1427/235 2385/1425/234
f 2390/1426/236 2389/1429/236 2387/1427/235
f 2392/1428/237 2391/1431/239 2389/1429/236
f 2394/1430/238 2393/1433/238 2391/1431/239
f 2396/1432/240 2395/1435/240 2393/1433/238
f 2398/1434/241 2397/1437/241 2395/1435/240
f 2400/1436/242 2399/1439/242 2397/1437/241
f 2402/1438/243 2401/1441/243 2399/1439/242
f 2404/1440/244 2403/1443/244 2401/1441/243
f 2406/1442/245 2405/1445/245 2403/1443/244
f 2408/1444/246 2407/1447/246 2405/1445/245
f 2410/1446/247 2409/1449/247 2407/1447/246
f 2412/1448/248 2411/1451/248 2409/1449/247
f 2414/1450/249 2413/1453/251 2411/1451/248
f 2416/1452/250 2415/1455/250 2413/1453/251
f 2418/1454/252 2417/1457/254 2415/1455/250
f 2420/1456/253 2419/1459/256 2417/1457/254
f 2422/1458/255 2421/1461/255 2419/1459/256
f 2424/1460/257 2423/1463/257 2421/1461/255
f 2426/1462/258 2425/1465/258 2423/1463/257
f 2428/1464/259 2427/1467/259 2425/1465/258
f 2430/1466/260 2429/1469/260 2427/1467/259
f 2432/1468/261 2431/1471/261 2429/1469/260
f 2434/1470/262 2433/1473/262 2431/1471/261
f 2436/1472/263 2435/1475/265 2433/1473/262
f 2438/1474/264 2437/1477/264 2435/1475/265
f 2440/1476/266 2439/1479/266 2437/1477/264
f 2442/1478/267 2441/1481/267 2439/1479/266
f 2444/1480/268 2443/1483/268 2441/1481/267
f 2446/1482/269 2445/1485/269 2443/1483/268
f 2448/1484/270 2447/1487/270 2445/1485/269
f 2450/1486/271 2449/1489/271 2447/1487/270
f 2452/1488/272 2451/1491/272 2449/1489/271
f 2454/1490/273 2453/1493/275 2451/1491/272
f 2456/1492/274 2455/1495/274 2453/1493/275
f 2458/1494/276 2457/1497/276 2455/1495/274
f 2460/1496/277 2459/1499/277 2457/1497/276
f 2462/1498/278 2461/1501/278 2459/1499/277
f 2464/1500/279 2463/1503/279 2461/1501/278
f 2466/1502/280 2465/1505/280 2463/1503/279
f 2468/1504/281 2467/1507/281 2465/1505/280
f 2470/1506/282 2469/101/282 2467/1507/281
f 2472/1508/283 2471/1510/283 2469/101/282
f 2474/1509/284 2473/1512/284 2471/1510/283
f 2476/1511/285 2475/1514/285 2473/1512/284
f 2478/1513/286 2477/1516/286 2475/1514/285
f 2480/1515/287 2479/1518/287 2477/1516/286
f 2482/1517/288 2481/1520/288 2479/1518/287
f 2484/1519/289 2483/1522/289 2481/1520/288
f 2486/1521/290 2485/1524/290 2483/1522/289
f 2488/1523/291 2487/1526/291 2485/1524/290
f 2490/1525/292 2489/1528/292 2487/1526/291
f 2492/1527/293 2491/1530/293 2489/1528/292
f 2494/1529/294 2493/1532/294 2491/1530/293
f 2496/1531/295 2495/1534/295 2493/1532/294
f 2498/1533/296 2497/1536/296 2495/1534/295
f 2500/1535/295 2499/1538/295 2497/1536/296
f 2502/1537/294 2501/1540/294 2499/1538/295
f 2504/1539/293 2503/1542/293 2501/1540/294
f 2506/1541/292 2505/1544/292 2503/1542/293
f 2508/1543/291 2507/1546/291 2505/1544/292
f 2510/1545/297 2509/1548/297 2507/1546/291
f 2512/1547/298 2511/1550/298 2509/1548/297
f 2514/1549/9 2513/1552/9 2511/1550/298
f 2516/1551/299 2515/1554/299 2513/1552/9
f 2518/1553/300 2517/1556/300 2515/1554/299
f 2520/1555/301 2519/1558/301 2517/1556/300
f 2522/1557/302 2521/1560/302 2519/1558/301
f 2524/1559/303 2523/1562/303 2521/1560/302
f 2526/1561/304 2525/1564/304 2523/1562/303
f 2528/1563/305 2527/1566/305 2525/1564/304
f 2530/1565/306 2529/1568/306 2527/1566/305
f 2532/1567/307 2531/1570/307 2529/1568/306
f 2534/1569/308 2533/1572/308 2531/1570/307
f 2536/1571/309 2535/1574/309 2533/1572/308
f 2538/1573/310 2537/1576/310 2535/1574/309
f 2540/1575/311 2539/1578/311 2537/1576/310
f 2542/1577/312 2541/1580/312 2539/1578/311
f 2544/1579/313 2543/1582/313 2541/1580/312
f 2546/1581/314 2545/1584/314 2543/1582/313
f 2548/1583/315 2547/1586/315 2545/1584/314
f 2550/1585/316 2549/1588/316 2547/1586/315
f 2552/1587/317 2551/1590/317 2549/1588/316
f 2554/1589/318 2553/1592/318 2551/1590/317
f 2556/1591/319 2555/24/319 2553/1592/318
f 2558/1593/320 2557/1595/320 2555/24/319
f 2560/1594/321 2559/1597/321 2557/1595/320
f 2562/1596/322 2561/1599/322 2559/1597/321
f 2564/1598/323 2563/1601/323 2561/1599/322
f 2566/1600/324 2565/1603/326 2563/1601/323
f 2568/1602/325 2567/1605/325 2565/1603/326
f 2570/1604/327 2569/1607/327 2567/1605/325
f 2572/1606/328 2571/1609/328 2569/1607/327
f 2574/1608/329 2573/1611/329 2571/1609/328
f 2576/1610/330 2575/1613/330 2573/1611/329
f 2578/1612/331 2577/1615/331 2575/1613/330
f 2580/1614/332 2579/1617/332 2577/1615/331
f 2582/1616/333 2581/1619/333 2579/1617/332
f 2584/1618/334 2583/1621/334 2581/1619/333
f 2586/1620/335 2585/1623/335 2583/1621/334
f 2588/1622/336 2587/1625/336 2585/1623/335
f 2590/1624/337 2589/1627/337 2587/1625/336
f 2592/1626/338 2591/1629/338 2589/1627/337
f 2594/1628/339 2593/1631/339 2591/1629/338
f 2596/1630/338 2595/1633/338 2593/1631/339
f 2598/1632/337 2597/1635/337 2595/1633/338
f 2600/1634/336 2599/1637/336 2597/1635/337
f 2602/1636/335 2601/1639/335 2599/1637/336
f 2604/1638/334 2603/1641/334 2601/1639/335
f 2606/1640/340 2605/1643/340 2603/1641/334
f 2608/1642/341 2607/1645/341 2605/1643/340
f 2610/1644/342 2609/1647/342 2607/1645/341
f 2612/1646/343 2611/1649/343 2609/1647/342
f 2614/1648/344 2613/1651/344 2611/1649/343
f 2616/1650/105 2615/1653/105 2613/1651/344
f 2618/1652/345 2617/1655/345 2615/1653/105
f 2620/1654/346 2619/1657/346 2617/1655/345
f 2622/1656/347 2621/1659/347 2619/1657/346
f 2624/1658/348 2623/1661/350 2621/1659/347
f 2626/1660/349 2625/1663/349 2623/1661/350
f 2628/1662/351 2627/1665/351 2625/1663/349
f 2630/1664/352 2629/1667/352 2627/1665/351
f 2632/1666/353 2631/1669/353 2629/1667/352
f 2634/1668/354 2633/1671/354 2631/1669/353
f 2636/1670/355 2635/1673/355 2633/1671/354
f 2638/1672/356 2637/1675/356 2635/1673/355
f 2640/1674/357 2639/1677/357 2637/1675/356
f 2642/1676/358 2641/269/358 2639/1677/357
f 2644/1678/359 2643/1680/359 2641/269/358
f 2646/1679/360 2645/1682/360 2643/1680/359
f 2648/1681/361 2647/1684/361 2645/1682/360
f 2650/1683/362 2649/1686/362 2647/1684/361
f 2652/1685/363 2651/1688/363 2649/1686/362
f 2654/1687/364 2653/1690/364 2651/1688/363
f 2656/1689/365 2655/1692/365 2653/1690/364
f 2658/1691/366 2657/1694/366 2655/1692/365
f 2660/1693/367 2659/1696/367 2657/1694/366
f 2662/1695/368 2661/1698/368 2659/1696/367
f 2664/1697/369 2663/1700/369 2661/1698/368
f 2666/1699/370 2665/1702/370 2663/1700/369
f 2668/1701/369 2667/1704/369 2665/1702/370
f 2670/1703/368 2669/1706/368 2667/1704/369
f 2672/1705/367 2671/1708/367 2669/1706/368
f 2674/1707/366 2673/1710/366 2671/1708/367
f 2676/1709/365 2675/1712/365 2673/1710/366
f 2678/1711/371 2677/1714/371 2675/1712/365
f 2680/1713/372 2679/1716/372 2677/1714/371
f 2682/1715/373 2681/1718/373 2679/1716/372
f 2684/1717/374 2683/1720/374 2681/1718/373
f 2686/1719/375 2685/1722/375 2683/1720/374
f 2688/1721/376 2687/1724/376 2685/1722/375
f 2690/1723/377 2689/1726/377 2687/1724/376
f 2692/1725/378 2691/1728/378 2689/1726/377
f 2694/1727/379 2693/1730/379 2691/1728/378
f 2696/1729/380 2695/1732/380 2693/1730/379
f 2698/1731/381 2697/1734/381 2695/1732/380
f 2700/1733/382 2699/1736/382 2697/1734/381
f 2702/1735/383 2701/1738/383 2699/1736/382
f 2704/1737/384 2703/1740/384 2701/1738/383
f 2706/1739/385 2705/1742/385 2703/1740/384
f 2708/1741/386 2707/1744/386 2705/1742/385
f 2710/1743/387 2709/1746/387 2707/1744/386
f 2712/1745/388 2711/1748/388 2709/1746/387
f 2714/1747/389 2713/1750/389 2711/1748/388
f 2716/1749/390 2715/1752/390 2713/1750/389
f 2718/1751/391 2717/1754/391 2715/1752/390
f 2720/1753/392 2719/1756/392 2717/1754/391
f 2722/1755/393 2721/1758/393 2719/1756/392
f 2724/1757/394 2723/1760/394 2721/1758/393
f 2726/1759/395 2725/1761/395 2723/1760/394
f 2126/1166/101 2125/270/101 2725/1761/395
f 2730/1762/396 2729/1764/396 2727/138/397
f 2732/1763/398 2731/140/398 2729/1764/396
f 2734/1765/399 2733/1767/399 2731/140/398
f 2736/1766/400 2735/135/400 2733/1767/399
f 2738/1768/401 2737/1770/401 2735/135/400
f 2740/1769/402 2739/176/402 2737/1770/401
f 2742/1771/403 2741/1773/403 2739/176/402
f 2744/1772/404 2743/322/404 2741/1773/403
f 2746/1774/405 2745/1776/405 2743/322/404
f 2748/1775/406 2747/337/406 2745/1776/405
f 2750/1777/407 2749/1779/407 2747/337/406
f 2752/1778/408 2751/325/408 2749/1779/407
f 2754/1780/334 2753/1782/334 2751/325/408
f 2756/1781/409 2755/254/409 2753/1782/334
f 2758/1783/410 2757/1785/410 2755/254/409
f 2760/1784/411 2759/223/411 2757/1785/410
f 2762/1786/412 2761/1788/412 2759/223/411
f 2764/1787/411 2763/222/411 2761/1788/412
f 2766/1789/410 2765/1791/410 2763/222/411
f 2768/1790/409 2767/255/409 2765/1791/410
f 2770/1792/334 2769/1794/334 2767/255/409
f 2772/1793/408 2771/259/408 2769/1794/334
f 2774/1795/413 2773/1797/413 2771/259/408
f 2776/1796/414 2775/242/414 2773/1797/413
f 2778/1798/415 2777/1800/415 2775/242/414
f 2780/1799/416 2779/194/416 2777/1800/415
f 2782/1801/417 2781/1803/417 2779/194/416
f 2784/1802/418 2783/188/418 2781/1803/417
f 2786/1804/419 2785/1806/419 2783/188/418
f 2788/1805/420 2787/201/420 2785/1806/419
f 2790/1807/421 2789/1809/421 2787/201/420
f 2792/1808/422 2791/221/422 2789/1809/421
f 2794/1810/423 2793/1812/423 2791/221/422
f 2796/1811/424 2795/241/424 2793/1812/423
f 2798/1813/425 2797/1815/425 2795/241/424
f 2800/1814/426 2799/204/426 2797/1815/425
f 2802/1816/427 2801/1818/427 2799/204/426
f 2804/1817/428 2803/177/428 2801/1818/427
f 2806/1819/429 2805/1821/429 2803/177/428
f 2808/1820/430 2807/169/430 2805/1821/429
f 2810/1822/431 2809/1824/433 2807/169/430
f 2812/1823/432 2811/161/435 2809/1824/433
f 2814/1825/434 2813/1827/437 2811/161/435
f 2816/1826/436 2815/152/436 2813/1827/437
f 2818/1828/438 2817/1830/438 2815/152/436
f 2820/1829/439 2819/111/439 2817/1830/438
f 2822/1831/440 2821/1833/440 2819/111/439
f 2824/1832/441 2823/86/441 2821/1833/440
f 2826/1834/442 2825/1836/442 2823/86/441
f 2828/1835/443 2827/71/443 2825/1836/442
f 2830/1837/444 2829/1839/444 2827/71/443
f 2832/1838/445 2831/87/445 2829/1839/444
f 2834/1840/446 2833/1842/446 2831/87/445
f 2836/1841/447 2835/102/447 2833/1842/446
f 2838/1843/448 2837/1845/448 2835/102/447
f 2840/1844/449 2839/84/449 2837/1845/448
f 2842/1846/450 2841/1848/450 2839/84/449
f 2844/1847/451 2843/60/451 2841/1848/450
f 2846/1849/452 2845/1851/452 2843/60/451
f 2848/1850/453 2847/42/453 2845/1851/452
f 2850/1852/454 2849/1854/454 2847/42/453
f 2852/1853/455 2851/19/455 2849/1854/454
f 2854/1855/456 2853/1857/456 2851/19/455
f 2856/1856/457 2855/6/457 2853/1857/456
f 2858/1858/458 2857/1860/458 2855/6/457
f 2860/1859/457 2859/14/457 2857/1860/458
f 2862/1861/456 2861/1863/456 2859/14/457
f 2864/1862/455 2863/22/455 2861/1863/456
f 2866/1864/454 2865/1866/454 2863/22/455
f 2868/1865/453 2867/30/453 2865/1866/454
f 2870/1867/459 2869/1869/459 2867/30/453
f 2872/1868/460 2871/44/460 2869/1869/459
f 2874/1870/461 2873/1872/461 2871/44/460
f 2876/1871/462 2875/54/462 2873/1872/461
f 2878/1873/463 2877/1875/463 2875/54/462
f 2880/1874/464 2879/68/464 2877/1875/463
f 2882/1876/465 2881/1878/465 2879/68/464
f 2884/1877/466 2883/113/466 2881/1878/465
f 2886/1879/467 2885/1881/467 2883/113/466
f 2888/1880/468 2887/122/468 2885/1881/467
f 2890/1882/469 2889/1884/469 2887/122/468
f 2892/1883/470 2891/130/470 2889/1884/469
f 2894/1885/471 2893/1887/471 2891/130/470
f 2896/1886/472 2895/282/472 2893/1887/471
f 2898/1888/473 2897/1890/473 2895/282/472
f 2900/1889/474 2899/299/474 2897/1890/473
f 2902/1891/475 2901/1893/475 2899/299/474
f 2904/1892/476 2903/315/476 2901/1893/475
f 2906/1894/477 2905/1896/477 2903/315/476
f 2908/1895/478 2907/312/478 2905/1896/477
f 2910/1897/479 2909/1899/479 2907/312/478
f 2912/1898/480 2911/297/480 2909/1899/479
f 2914/1900/481 2913/1902/481 2911/297/480
f 2916/1901/482 2915/281/482 2913/1902/481
f 2918/1903/483 2917/1904/483 2915/281/482
f 2728/1166/397 2727/270/397 2917/1904/483
f 2922/1905/484 2921/1907/484 2919/138/485
f 2924/1906/486 2923/1909/486 2921/1907/484
f 2926/1908/487 2925/1911/487 2923/1909/486
f 2928/1910/488 2927/1913/488 2925/1911/487
f 2930/1912/489 2929/1915/489 2927/1913/488
f 2932/1914/490 2931/1917/490 2929/1915/489
f 2934/1916/491 2933/1919/491 2931/1917/490
f 2936/1918/492 2935/1921/494 2933/1919/491
f 2938/1920/493 2937/1923/493 2935/1921/494
f 2940/1922/495 2939/1925/495 2937/1923/493
f 2942/1924/496 2941/1927/498 2939/1925/495
f 2944/1926/497 2943/1929/497 2941/1927/498
f 2946/1928/499 2945/1931/499 2943/1929/497
f 2948/1930/500 2947/1933/500 2945/1931/499
f 2950/1932/501 2949/1935/501 2947/1933/500
f 2952/1934/502 2951/1937/502 2949/1935/501
f 2954/1936/503 2953/1939/503 2951/1937/502
f 2956/1938/504 2955/1941/504 2953/1939/503
f 2958/1940/505 2957/1943/505 2955/1941/504
f 2960/1942/506 2959/1945/506 2957/1943/505
f 2962/1944/507 2961/1947/507 2959/1945/506
f 2964/1946/414 2963/1949/414 2961/1947/507
f 2966/1948/508 2965/1951/508 2963/1949/414
f 2968/1950/509 2967/1953/509 2965/1951/508
f 2970/1952/510 2969/1955/510 2967/1953/509
f 2972/1954/511 2971/1957/511 2969/1955/510
f 2974/1956/512 2973/1959/512 2971/1957/511
f 2976/1958/513 2975/1961/513 2973/1959/512
f 2978/1960/514 2977/1963/514 2975/1961/513
f 2980/1962/513 2979/1965/513 2977/1963/514
f 2982/1964/512 2981/1967/512 2979/1965/513
f 2984/1966/511 2983/1969/511 2981/1967/512
f 2986/1968/510 2985/1971/510 2983/1969/511
f 2988/1970/509 2987/1973/509 2985/1971/510
f 2990/1972/515 2989/1975/515 2987/1973/509
f 2992/1974/516 2991/1977/516 2989/1975/515
f 2994/1976/517 2993/1979/517 2991/1977/516
f 2996/1978/518 2995/1981/518 2993/1979/517
f 2998/1980/519 2997/1983/519 2995/1981/518
f 3000/1982/520 2999/1985/520 2997/1983/519
f 3002/1984/521 3001/1987/521 2999/1985/520
f 3004/1986/27 3003/1989/27 3001/1987/521
f 3006/1988/522 3005/1991/522 3003/1989/27
f 3008/1990/523 3007/1993/523 3005/1991/522
f 3010/1992/524 3009/1995/526 3007/1993/523
f 3012/1994/525 3011/1997/525 3009/1995/526
f 3014/1996/527 3013/1999/527 3011/1997/525
f 3016/1998/528 3015/2001/528 3013/1999/527
f 3018/2000/529 3017/2003/529 3015/2001/528
f 3020/2002/530 3019/2005/530 3017/2003/529
f 3022/2004/531 3021/2007/531 3019/2005/530
f 3024/2006/532 3023/2009/534 3021/2007/531
f 3026/2008/533 3025/2011/533 3023/2009/534
f 3028/2010/535 3027/2013/537 3025/2011/533
f 3030/2012/536 3029/2015/536 3027/2013/537
f 3032/2014/538 3031/2017/538 3029/2015/536
f 3034/2016/539 3033/2019/539 3031/2017/538
f 3036/2018/540 3035/2021/540 3033/2019/539
f 3038/2020/541 3037/2023/541 3035/2021/540
f 3040/2022/542 3039/2024/542 3037/2023/541
f 2920/1166/485 2919/270/485 3039/2024/542
f 3044/2025/543 3043/2027/543 3041/138/544
f 3046/2026/545 3045/2029/545 3043/2027/543
f 3048/2028/546 3047/2031/546 3045/2029/545
f 3050/2030/547 3049/2033/547 3047/2031/546
f 3052/2032/548 3051/2035/548 3049/2033/547
f 3054/2034/549 3053/2036/549 3051/2035/548
f 3056/1251/550 3055/260/550 3053/2036/549
f 3058/2037/551 3057/2039/551 3055/260/550
f 3060/2038/552 3059/2041/552 3057/2039/551
f 3062/2040/553 3061/2043/553 3059/2041/552
f 3064/2042/554 3063/2045/554 3061/2043/553
f 3066/2044/555 3065/2047/557 3063/2045/554
f 3068/2046/556 3067/2048/556 3065/2047/557
f 3070/1336/558 3069/186/560 3067/2048/556
f 3072/2049/559 3071/2051/559 3069/186/560
f 3074/2050/561 3073/2053/561 3071/2051/559
f 3076/2052/562 3075/2055/562 3073/2053/561
f 3078/2054/563 3077/2057/563 3075/2055/562
f 3080/2056/564 3079/2059/564 3077/2057/563
f 3082/2058/565 3081/2060/565 3079/2059/564
f 3084/1421/566 3083/164/566 3081/2060/565
f 3086/2061/567 3085/2063/567 3083/164/566
f 3088/2062/7 3087/2065/7 3085/2063/567
f 3090/2064/568 3089/2067/568 3087/2065/7
f 3092/2066/569 3091/2069/569 3089/2067/568
f 3094/2068/570 3093/2071/570 3091/2069/569
f 3096/2070/571 3095/2072/571 3093/2071/570
f 3098/1506/572 3097/101/572 3095/2072/571
f 3100/2073/573 3099/2075/573 3097/101/572
f 3102/2074/574 3101/2077/574 3099/2075/573
f 3104/2076/575 3103/2079/575 3101/2077/574
f 3106/2078/576 3105/2081/576 3103/2079/575
f 3108/2080/577 3107/2083/577 3105/2081/576
f 3110/2082/578 3109/2084/578 3107/2083/577
f 3112/1591/579 3111/24/579 3109/2084/578
f 3114/2085/580 3113/2087/580 3111/24/579
f 3116/2086/581 3115/2089/581 3113/2087/580
f 3118/2088/582 3117/2091/582 3115/2089/581
f 3120/2090/583 3119/2093/583 3117/2091/582
f 3122/2092/584 3121/2095/584 3119/2093/583
f 3124/2094/585 3123/2096/585 3121/2095/584
f 3126/1676/586 3125/269/586 3123/2096/585
f 3128/2097/587 3127/2099/587 3125/269/586
f 3130/2098/588 3129/2101/588 3127/2099/587
f 3132/2100/589 3131/2103/589 3129/2101/588
f 3134/2102/590 3133/2105/590 3131/2103/589
f 3136/2104/591 3135/2107/591 3133/2105/590
f 3138/2106/592 3137/2108/592 3135/2107/591
f 3042/1166/544 3041/270/544 3137/2108/592
f 3142/2109/593 3141/2111/593 3139/138/594
f 3144/2110/595 3143/2112/595 3141/2111/593
f 3146/1762/596 3145/1764/596 3143/2112/595
f 3148/2113/597 3147/2115/597 3145/1764/596
f 3150/2114/598 3149/2116/600 3147/2115/597
f 3152/1763/599 3151/140/599 3149/2116/600
f 3154/2117/601 3153/2119/603 3151/140/599
f 3156/2118/602 3155/2120/602 3153/2119/603
f 3158/1765/604 3157/1767/604 3155/2120/602
f 3160/2121/605 3159/2123/605 3157/1767/604
f 3162/2122/606 3161/2124/606 3159/2123/605
f 3164/1766/5 3163/135/5 3161/2124/606
f 3166/2125/607 3165/2127/607 3163/135/5
f 3168/2126/608 3167/2128/608 3165/2127/607
f 3170/1768/609 3169/1770/609 3167/2128/608
f 3172/2129/610 3171/2131/610 3169/1770/609
f 3174/2130/611 3173/2132/611 3171/2131/610
f 3176/1769/612 3175/176/612 3173/2132/611
f 3178/2133/613 3177/2135/613 3175/176/612
f 3180/2134/614 3179/2136/614 3177/2135/613
f 3182/1771/615 3181/1773/615 3179/2136/614
f 3184/2137/616 3183/2139/616 3181/1773/615
f 3186/2138/617 3185/2140/617 3183/2139/616
f 3188/1772/618 3187/322/618 3185/2140/617
f 3190/2141/619 3189/2143/619 3187/322/618
f 3192/2142/620 3191/2144/620 3189/2143/619
f 3194/1774/621 3193/1776/621 3191/2144/620
f 3196/2145/622 3195/2147/622 3193/1776/621
f 3198/2146/623 3197/2148/623 3195/2147/622
f 3200/1775/624 3199/337/624 3197/2148/623
f 3202/2149/625 3201/2151/625 3199/337/624
f 3204/2150/626 3203/2152/626 3201/2151/625
f 3206/1777/627 3205/1779/627 3203/2152/626
f 3208/2153/628 3207/2155/628 3205/1779/627
f 3210/2154/629 3209/2156/629 3207/2155/628
f 3212/1778/630 3211/325/630 3209/2156/629
f 3214/2157/631 3213/2159/631 3211/325/630
f 3216/2158/158 3215/2160/158 3213/2159/631
f 3218/1780/632 3217/1782/632 3215/2160/158
f 3220/2161/633 3219/2163/633 3217/1782/632
f 3222/2162/634 3221/2164/634 3219/2163/633
f 3224/1781/635 3223/254/635 3221/2164/634
f 3226/2165/636 3225/2167/636 3223/254/635
f 3228/2166/637 3227/2168/637 3225/2167/636
f 3230/1783/638 3229/1785/638 3227/2168/637
f 3232/2169/639 3231/2171/639 3229/1785/638
f 3234/2170/640 3233/2172/640 3231/2171/639
f 3236/1784/641 3235/223/641 3233/2172/640
f 3238/2173/642 3237/2175/642 3235/223/641
f 3240/2174/643 3239/2176/643 3237/2175/642
f 3242/1786/644 3241/1788/644 3239/2176/643
f 3244/2177/645 3243/2179/645 3241/1788/644
f 3246/2178/646 3245/2180/646 3243/2179/645
f 3248/1787/647 3247/222/647 3245/2180/646
f 3250/2181/648 3249/2183/648 3247/222/647
f 3252/2182/649 3251/2184/649 3249/2183/648
f 3254/1789/650 3253/1791/650 3251/2184/649
f 3256/2185/651 3255/2187/651 3253/1791/650
f 3258/2186/652 3257/2188/652 3255/2187/651
f 3260/1790/653 3259/255/653 3257/2188/652
f 3262/2189/654 3261/2191/654 3259/255/653
f 3264/2190/655 3263/2192/655 3261/2191/654
f 3266/1792/656 3265/1794/656 3263/2192/655
f 3268/2193/657 3267/2195/657 3265/1794/656
f 3270/2194/658 3269/2196/658 3267/2195/657
f 3272/1793/659 3271/259/659 3269/2196/658
f 3274/2197/660 3273/2199/660 3271/259/659
f 3276/2198/661 3275/2200/661 3273/2199/660
f 3278/1795/662 3277/1797/662 3275/2200/661
f 3280/2201/663 3279/2203/663 3277/1797/662
f 3282/2202/664 3281/2204/664 3279/2203/663
f 3284/1796/665 3283/242/665 3281/2204/664
f 3286/2205/666 3285/2207/666 3283/242/665
f 3288/2206/667 3287/2208/667 3285/2207/666
f 3290/1798/668 3289/1800/668 3287/2208/667
f 3292/2209/669 3291/2211/669 3289/1800/668
f 3294/2210/670 3293/2212/670 3291/2211/669
f 3296/1799/671 3295/194/671 3293/2212/670
f 3298/2213/672 3297/2215/672 3295/194/671
f 3300/2214/673 3299/2216/673 3297/2215/672
f 3302/1801/674 3301/1803/674 3299/2216/673
f 3304/2217/675 3303/2219/675 3301/1803/674
f 3306/2218/676 3305/2220/676 3303/2219/675
f 3308/1802/677 3307/188/677 3305/2220/676
f 3310/2221/678 3309/2223/678 3307/188/677
f 3312/2222/679 3311/2224/679 3309/2223/678
f 3314/1804/680 3313/1806/680 3311/2224/679
f 3316/2225/681 3315/2227/681 3313/1806/680
f 3318/2226/682 3317/2228/682 3315/2227/681
f 3320/1805/683 3319/201/683 3317/2228/682
f 3322/2229/684 3321/2231/684 3319/201/683
f 3324/2230/685 3323/2232/685 3321/2231/684
f 3326/1807/686 3325/1809/686 3323/2232/685
f 3328/2233/687 3327/2235/687 3325/1809/686
f 3330/2234/688 3329/2236/688 3327/2235/687
f 3332/1808/689 3331/221/689 3329/2236/688
f 3334/2237/690 3333/2239/690 3331/221/689
f 3336/2238/691 3335/2240/691 3333/2239/690
f 3338/1810/692 3337/1812/692 3335/2240/691
f 3340/2241/693 3339/2243/693 3337/1812/692
f 3342/2242/694 3341/2244/694 3339/2243/693
f 3344/1811/695 3343/241/695 3341/2244/694
f 3346/2245/696 3345/2247/696 3343/241/695
f 3348/2246/697 3347/2248/697 3345/2247/696
f 3350/1813/698 3349/1815/698 3347/2248/697
f 3352/2249/699 3351/2251/699 3349/1815/698
f 3354/2250/700 3353/2252/700 3351/2251/699
f 3356/1814/701 3355/204/701 3353/2252/700
f 3358/2253/702 3357/2255/702 3355/204/701
f 3360/2254/703 3359/2256/703 3357/2255/702
f 3362/1816/704 3361/1818/704 3359/2256/703
f 3364/2257/705 3363/2259/705 3361/1818/704
f 3366/2258/706 3365/2260/706 3363/2259/705
f 3368/1817/707 3367/177/707 3365/2260/706
f 3370/2261/708 3369/2263/708 3367/177/707
f 3372/2262/709 3371/2264/709 3369/2263/708
f 3374/1819/710 3373/1821/710 3371/2264/709
f 3376/2265/711 3375/2267/711 3373/1821/710
f 3378/2266/712 3377/2268/712 3375/2267/711
f 3380/1820/713 3379/169/713 3377/2268/712
f 3382/2269/714 3381/2271/716 3379/169/713
f 3384/2270/715 3383/2272/715 3381/2271/716
f 3386/1822/717 3385/1824/717 3383/2272/715
f 3388/2273/718 3387/2275/718 3385/1824/717
f 3390/2274/719 3389/2276/719 3387/2275/718
f 3392/1823/720 3391/161/720 3389/2276/719
f 3394/2277/721 3393/2279/721 3391/161/720
f 3396/2278/722 3395/2280/722 3393/2279/721
f 3398/1825/723 3397/1827/723 3395/2280/722
f 3400/2281/724 3399/2283/724 3397/1827/723
f 3402/2282/725 3401/2284/725 3399/2283/724
f 3404/1826/726 3403/152/726 3401/2284/725
f 3406/2285/727 3405/2287/727 3403/152/726
f 3408/2286/728 3407/2288/728 3405/2287/727
f 3410/1828/729 3409/1830/729 3407/2288/728
f 3412/2289/730 3411/2291/730 3409/1830/729
f 3414/2290/731 3413/2292/731 3411/2291/730
f 3416/1829/732 3415/111/732 3413/2292/731
f 3418/2293/733 3417/2295/733 3415/111/732
f 3420/2294/734 3419/2296/734 3417/2295/733
f 3422/1831/735 3421/1833/735 3419/2296/734
f 3424/2297/736 3423/2299/736 3421/1833/735
f 3426/2298/737 3425/2300/737 3423/2299/736
f 3428/1832/738 3427/86/738 3425/2300/737
f 3430/2301/739 3429/2303/739 3427/86/738
f 3432/2302/740 3431/2304/740 3429/2303/739
f 3434/1834/741 3433/1836/741 3431/2304/740
f 3436/2305/742 3435/2307/742 3433/1836/741
f 3438/2306/743 3437/2308/743 3435/2307/742
f 3440/1835/744 3439/71/744 3437/2308/743
f 3442/2309/745 3441/2311/745 3439/71/744
f 3444/2310/746 3443/2312/746 3441/2311/745
f 3446/1837/747 3445/1839/747 3443/2312/746
f 3448/2313/748 3447/2315/748 3445/1839/747
f 3450/2314/749 3449/2316/749 3447/2315/748
f 3452/1838/750 3451/87/750 3449/2316/749
f 3454/2317/751 3453/2319/751 3451/87/750
f 3456/2318/752 3455/2320/752 3453/2319/751
f 3458/1840/753 3457/1842/753 3455/2320/752
f 3460/2321/754 3459/2323/754 3457/1842/753
f 3462/2322/755 3461/2324/755 3459/2323/754
f 3464/1841/756 3463/102/756 3461/2324/755
f 3466/2325/757 3465/2327/757 3463/102/756
f 3468/2326/758 3467/2328/758 3465/2327/757
f 3470/1843/759 3469/1845/759 3467/2328/758
f 3472/2329/760 3471/2331/760 3469/1845/759
f 3474/2330/761 3473/2332/761 3471/2331/760
f 3476/1844/762 3475/84/762 3473/2332/761
f 3478/2333/763 3477/2335/763 3475/84/762
f 3480/2334/764 3479/2336/764 3477/2335/763
f 3482/1846/765 3481/1848/767 3479/2336/764
f 3484/2337/766 3483/2339/766 3481/1848/767
f 3486/2338/768 3485/2340/768 3483/2339/766
f 3488/1847/769 3487/60/769 3485/2340/768
f 3490/2341/770 3489/2343/770 3487/60/769
f 3492/2342/771 3491/2344/771 3489/2343/770
f 3494/1849/772 3493/1851/772 3491/2344/771
f 3496/2345/773 3495/2347/773 3493/1851/772
f 3498/2346/774 3497/2348/774 3495/2347/773
f 3500/1850/775 3499/42/775 3497/2348/774
f 3502/2349/776 3501/2351/776 3499/42/775
f 3504/2350/777 3503/2352/777 3501/2351/776
f 3506/1852/778 3505/1854/778 3503/2352/777
f 3508/2353/779 3507/2355/779 3505/1854/778
f 3510/2354/780 3509/2356/780 3507/2355/779
f 3512/1853/781 3511/19/781 3509/2356/780
f 3514/2357/782 3513/2359/782 3511/19/781
f 3516/2358/783 3515/2360/783 3513/2359/782
f 3518/1855/784 3517/1857/784 3515/2360/783
f 3520/2361/785 3519/2363/785 3517/1857/784
f 3522/2362/786 3521/2364/786 3519/2363/785
f 3524/1856/586 3523/6/586 3521/2364/786
f 3526/2365/787 3525/2367/787 3523/6/586
f 3528/2366/788 3527/2368/788 3525/2367/787
f 3530/1858/789 3529/1860/789 3527/2368/788
f 3532/2369/790 3531/2371/790 3529/1860/789
f 3534/2370/791 3533/2372/791 3531/2371/790
f 3536/1859/792 3535/14/792 3533/2372/791
f 3538/2373/793 3537/2375/793 3535/14/792
f 3540/2374/794 3539/2376/794 3537/2375/793
f 3542/1861/795 3541/1863/795 3539/2376/794
f 3544/2377/796 3543/2379/796 3541/1863/795
f 3546/2378/797 3545/2380/797 3543/2379/796
f 3548/1862/798 3547/22/798 3545/2380/797
f 3550/2381/799 3549/2383/799 3547/22/798
f 3552/2382/800 3551/2384/800 3549/2383/799
f 3554/1864/801 3553/1866/801 3551/2384/800
f 3556/2385/802 3555/2387/802 3553/1866/801
f 3558/2386/803 3557/2388/803 3555/2387/802
f 3560/1865/804 3559/30/804 3557/2388/803
f 3562/2389/805 3561/2391/805 3559/30/804
f 3564/2390/806 3563/2392/806 3561/2391/805
f 3566/1867/807 3565/1869/807 3563/2392/806
f 3568/2393/808 3567/2395/808 3565/1869/807
f 3570/2394/809 3569/2396/809 3567/2395/808
f 3572/1868/810 3571/44/810 3569/2396/809
f 3574/2397/811 3573/2399/811 3571/44/810
f 3576/2398/812 3575/2400/812 3573/2399/811
f 3578/1870/813 3577/1872/813 3575/2400/812
f 3580/2401/814 3579/2403/814 3577/1872/813
f 3582/2402/815 3581/2404/815 3579/2403/814
f 3584/1871/816 3583/54/816 3581/2404/815
f 3586/2405/817 3585/2407/817 3583/54/816
f 3588/2406/818 3587/2408/818 3585/2407/817
f 3590/1873/819 3589/1875/819 3587/2408/818
f 3592/2409/820 3591/2411/820 3589/1875/819
f 3594/2410/821 3593/2412/821 3591/2411/820
f 3596/1874/822 3595/68/822 3593/2412/821
f 3598/2413/823 3597/2415/823 3595/68/822
f 3600/2414/824 3599/2416/824 3597/2415/823
f 3602/1876/825 3601/1878/825 3599/2416/824
f 3604/2417/826 3603/2419/826 3601/1878/825
f 3606/2418/827 3605/2420/827 3603/2419/826
f 3608/1877/828 3607/113/828 3605/2420/827
f 3610/2421/829 3609/2423/829 3607/113/828
f 3612/2422/830 3611/2424/830 3609/2423/829
f 3614/1879/831 3613/1881/831 3611/2424/830
f 3616/2425/832 3615/2427/832 3613/1881/831
f 3618/2426/833 3617/2428/833 3615/2427/832
f 3620/1880/834 3619/122/834 3617/2428/833
f 3622/2429/835 3621/2431/835 3619/122/834
f 3624/2430/836 3623/2432/836 3621/2431/835
f 3626/1882/837 3625/1884/837 3623/2432/836
f 3628/2433/838 3627/2435/838 3625/1884/837
f 3630/2434/839 3629/2436/839 3627/2435/838
f 3632/1883/840 3631/130/840 3629/2436/839
f 3634/2437/530 3633/2439/530 3631/130/840
f 3636/2438/841 3635/2440/841 3633/2439/530
f 3638/1885/842 3637/1887/842 3635/2440/841
f 3640/2441/843 3639/2443/843 3637/1887/842
f 3642/2442/844 3641/2444/844 3639/2443/843
f 3644/1886/845 3643/282/847 3641/2444/844
f 3646/2445/846 3645/2447/846 3643/282/847
f 3648/2446/848 3647/2448/848 3645/2447/846
f 3650/1888/849 3649/1890/849 3647/2448/848
f 3652/2449/850 3651/2451/850 3649/1890/849
f 3654/2450/851 3653/2452/851 3651/2451/850
f 3656/1889/852 3655/299/852 3653/2452/851
f 3658/2453/853 3657/2455/853 3655/299/852
f 3660/2454/854 3659/2456/854 3657/2455/853
f 3662/1891/855 3661/1893/857 3659/2456/854
f 3664/2457/856 3663/2459/856 3661/1893/857
f 3666/2458/858 3665/2460/858 3663/2459/856
f 3668/1892/859 3667/315/859 3665/2460/858
f 3670/2461/860 3669/2463/860 3667/315/859
f 3672/2462/861 3671/2464/861 3669/2463/860
f 3674/1894/862 3673/1896/862 3671/2464/861
f 3676/2465/863 3675/2467/863 3673/1896/862
f 3678/2466/864 3677/2468/864 3675/2467/863
f 3680/1895/865 3679/312/865 3677/2468/864
f 3682/2469/866 3681/2471/866 3679/312/865
f 3684/2470/867 3683/2472/867 3681/2471/866
f 3686/1897/868 3685/1899/868 3683/2472/867
f 3688/2473/869 3687/2475/869 3685/1899/868
f 3690/2474/870 3689/2476/870 3687/2475/869
f 3692/1898/871 3691/297/871 3689/2476/870
f 3694/2477/872 3693/2479/872 3691/297/871
f 3696/2478/873 3695/2480/873 3693/2479/872
f 3698/1900/874 3697/1902/874 3695/2480/873
f 3700/2481/875 3699/2483/875 3697/1902/874
f 3702/2482/876 3701/2484/876 3699/2483/875
f 3704/1901/877 3703/281/877 3701/2484/876
f 3706/2485/878 3705/2487/880 3703/281/877
f 3708/2486/879 3707/2488/882 3705/2487/880
f 3710/1903/881 3709/1904/884 3707/2488/882
f 3712/2489/883 3711/2491/883 3709/1904/884
f 3714/2490/885 3713/2492/885 3711/2491/883
f 3140/1166/594 3139/270/594 3713/2492/885
f 3718/2025/886 3717/2027/886 3715/138/887
f 3720/2026/888 3719/2029/888 3717/2027/886
f 3722/2028/889 3721/2031/889 3719/2029/888
f 3724/2030/890 3723/2033/890 3721/2031/889
f 3726/2032/891 3725/2035/891 3723/2033/890
f 3728/2034/892 3727/2036/892 3725/2035/891
f 3730/1251/893 3729/260/895 3727/2036/892
f 3732/2037/894 3731/2039/894 3729/260/895
f 3734/2038/896 3733/2041/896 3731/2039/894
f 3736/2040/897 3735/2043/897 3733/2041/896
f 3738/2042/898 3737/2045/898 3735/2043/897
f 3740/2044/899 3739/2047/899 3737/2045/898
f 3742/2046/900 3741/2048/902 3739/2047/899
f 3744/1336/901 3743/186/901 3741/2048/902
f 3746/2049/903 3745/2051/903 3743/186/901
f 3748/2050/904 3747/2053/904 3745/2051/903
f 3750/2052/905 3749/2055/905 3747/2053/904
f 3752/2054/906 3751/2057/906 3749/2055/905
f 3754/2056/907 3753/2059/907 3751/2057/906
f 3756/2058/908 3755/2060/908 3753/2059/907
f 3758/1421/909 3757/164/909 3755/2060/908
f 3760/2061/910 3759/2063/910 3757/164/909
f 3762/2062/911 3761/2065/911 3759/2063/910
f 3764/2064/912 3763/2067/912 3761/2065/911
f 3766/2066/913 3765/2069/913 3763/2067/912
f 3768/2068/914 3767/2071/914 3765/2069/913
f 3770/2070/915 3769/2072/915 3767/2071/914
f 3772/1506/916 3771/101/916 3769/2072/915
f 3774/2073/917 3773/2075/917 3771/101/916
f 3776/2074/918 3775/2077/918 3773/2075/917
f 3778/2076/919 3777/2079/919 3775/2077/918
f 3780/2078/920 3779/2081/920 3777/2079/919
f 3782/2080/921 3781/2083/921 3779/2081/920
f 3784/2082/922 3783/2084/922 3781/2083/921
f 3786/1591/923 3785/24/923 3783/2084/922
f 3788/2085/924 3787/2087/924 3785/24/923
f 3790/2086/925 3789/2089/925 3787/2087/924
f 3792/2088/926 3791/2091/926 3789/2089/925
f 3794/2090/927 3793/2093/927 3791/2091/926
f 3796/2092/928 3795/2095/928 3793/2093/927
f 3798/2094/929 3797/2096/929 3795/2095/928
f 3800/1676/930 3799/269/930 3797/2096/929
f 3802/2097/931 3801/2099/931 3799/269/930
f 3804/2098/932 3803/2101/932 3801/2099/931
f 3806/2100/933 3805/2103/933 3803/2101/932
f 3808/2102/934 3807/2105/934 3805/2103/933
f 3810/2104/935 3809/2107/935 3807/2105/934
f 3812/2106/936 3811/2108/936 3809/2107/935
f 3716/1166/887 3715/270/887 3811/2108/936
