# Blender 4.1.1
# www.blender.org
mtllib Text_Title.mtl
o テキスト
v -0.737711 -0.230031 0.000000
v -0.735293 -0.225818 0.000000
v -0.728608 -0.220206 0.000000
v -0.718510 -0.213362 0.000000
v -0.705851 -0.205453 0.000000
v -0.691486 -0.196649 0.000000
v -0.676267 -0.187116 0.000000
v -0.661049 -0.177023 0.000000
v -0.646683 -0.166539 0.000000
v -0.634025 -0.155830 0.000000
v -0.623926 -0.145065 0.000000
v -0.617241 -0.134413 0.000000
v -0.614823 -0.124040 0.000000
v -0.614888 -0.122360 0.000000
v -0.615083 -0.120776 0.000000
v -0.615411 -0.119288 0.000000
v -0.615876 -0.117896 0.000000
v -0.616479 -0.116599 0.000000
v -0.617224 -0.115399 0.000000
v -0.618112 -0.114295 0.000000
v -0.619147 -0.113287 0.000000
v -0.620332 -0.112375 0.000000
v -0.621668 -0.111559 0.000000
v -0.623159 -0.110839 0.000000
v -0.624808 -0.110215 0.000000
v -0.632004 -0.107877 0.000000
v -0.639362 -0.106165 0.000000
v -0.646853 -0.104971 0.000000
v -0.654449 -0.104184 0.000000
v -0.662119 -0.103697 0.000000
v -0.669835 -0.103399 0.000000
v -0.677566 -0.103180 0.000000
v -0.685285 -0.102933 0.000000
v -0.692960 -0.102547 0.000000
v -0.700564 -0.101912 0.000000
v -0.708066 -0.100921 0.000000
v -0.715438 -0.099462 0.000000
v -0.717756 -0.098854 0.000000
v -0.720096 -0.098182 0.000000
v -0.722446 -0.097446 0.000000
v -0.724797 -0.096646 0.000000
v -0.727136 -0.095782 0.000000
v -0.729455 -0.094854 0.000000
v -0.731741 -0.093862 0.000000
v -0.733985 -0.092806 0.000000
v -0.736175 -0.091686 0.000000
v -0.738302 -0.090502 0.000000
v -0.740353 -0.089254 0.000000
v -0.742319 -0.087942 0.000000
v -0.745365 -0.085483 0.000000
v -0.747991 -0.082736 0.000000
v -0.750228 -0.079733 0.000000
v -0.752105 -0.076506 0.000000
v -0.753651 -0.073087 0.000000
v -0.754896 -0.069508 0.000000
v -0.755869 -0.065802 0.000000
v -0.756599 -0.061999 0.000000
v -0.757116 -0.058132 0.000000
v -0.757449 -0.054233 0.000000
v -0.757627 -0.050334 0.000000
v -0.757680 -0.046467 0.000000
v -0.757707 -0.043947 0.000000
v -0.757766 -0.040710 0.000000
v -0.757824 -0.036902 0.000000
v -0.757851 -0.032671 0.000000
v -0.757814 -0.028161 0.000000
v -0.757680 -0.023522 0.000000
v -0.757419 -0.018898 0.000000
v -0.756998 -0.014436 0.000000
v -0.756384 -0.010285 0.000000
v -0.755547 -0.006589 0.000000
v -0.754454 -0.003496 0.000000
v -0.753072 -0.001152 0.000000
v -0.749684 0.002479 -0.000000
v -0.746451 0.005113 -0.000000
v -0.743400 0.007032 -0.000000
v -0.740556 0.008520 -0.000000
v -0.737947 0.009858 -0.000000
v -0.735599 0.011329 -0.000000
v -0.733539 0.013216 -0.000000
v -0.731794 0.015802 -0.000000
v -0.730391 0.019369 -0.000000
v -0.729355 0.024201 -0.000000
v -0.728714 0.030579 -0.000000
v -0.728495 0.038786 -0.000000
v -0.728464 0.043572 -0.000000
v -0.728381 0.048330 -0.000000
v -0.728255 0.053067 -0.000000
v -0.728096 0.057789 -0.000000
v -0.727917 0.062499 -0.000000
v -0.727726 0.067204 -0.000000
v -0.727536 0.071909 -0.000000
v -0.727357 0.076620 -0.000000
v -0.727198 0.081341 -0.000000
v -0.727072 0.086078 -0.000000
v -0.726989 0.090837 -0.000000
v -0.726959 0.095622 -0.000000
v -0.726963 0.104364 -0.000000
v -0.726934 0.114290 -0.000000
v -0.726802 0.125144 -0.000000
v -0.726503 0.136670 -0.000000
v -0.725969 0.148612 -0.000000
v -0.725134 0.160714 -0.000000
v -0.723931 0.172720 -0.000000
v -0.722293 0.184374 -0.000000
v -0.720154 0.195420 -0.000000
v -0.717447 0.205602 -0.000000
v -0.714105 0.214664 -0.000000
v -0.710061 0.222350 -0.000000
v -0.707515 0.226101 -0.000000
v -0.704863 0.229316 -0.000000
v -0.702093 0.232035 -0.000000
v -0.699195 0.234298 -0.000000
v -0.696158 0.236144 -0.000000
v -0.692972 0.237615 -0.000000
v -0.689626 0.238750 -0.000000
v -0.686110 0.239589 -0.000000
v -0.682412 0.240171 -0.000000
v -0.678522 0.240538 -0.000000
v -0.674429 0.240729 -0.000000
v -0.670123 0.240783 -0.000000
v -0.666666 0.240768 -0.000000
v -0.663207 0.240727 -0.000000
v -0.659742 0.240663 -0.000000
v -0.656270 0.240584 -0.000000
v -0.652786 0.240495 -0.000000
v -0.649290 0.240399 -0.000000
v -0.645777 0.240304 -0.000000
v -0.642246 0.240214 -0.000000
v -0.638693 0.240135 -0.000000
v -0.635116 0.240072 -0.000000
v -0.631513 0.240030 -0.000000
v -0.627880 0.240015 -0.000000
v -0.623431 0.240131 -0.000000
v -0.618272 0.240495 -0.000000
v -0.612591 0.241131 -0.000000
v -0.606574 0.242063 -0.000000
v -0.600407 0.243316 -0.000000
v -0.594278 0.244912 -0.000000
v -0.588373 0.246876 -0.000000
v -0.582878 0.249232 -0.000000
v -0.577981 0.252004 -0.000000
v -0.573868 0.255216 -0.000000
v -0.570725 0.258893 -0.000000
v -0.568740 0.263057 -0.000000
v -0.568372 0.264209 -0.000000
v -0.568036 0.265365 -0.000000
v -0.567732 0.266525 -0.000000
v -0.567460 0.267694 -0.000000
v -0.567220 0.268873 -0.000000
v -0.567012 0.270065 -0.000000
v -0.566836 0.271274 -0.000000
v -0.566692 0.272501 -0.000000
v -0.566580 0.273750 -0.000000
v -0.566500 0.275022 -0.000000
v -0.566452 0.276321 -0.000000
v -0.566436 0.277650 -0.000000
v -0.566436 0.305300 -0.000000
v -0.565422 0.314329 -0.000000
v -0.562550 0.321916 -0.000000
v -0.558072 0.328185 -0.000000
v -0.552242 0.333262 -0.000000
v -0.545313 0.337273 -0.000000
v -0.537538 0.340342 -0.000000
v -0.529172 0.342595 -0.000000
v -0.520467 0.344157 -0.000000
v -0.511677 0.345154 -0.000000
v -0.503054 0.345711 -0.000000
v -0.494853 0.345953 -0.000000
v -0.487327 0.346006 -0.000000
v -0.484711 0.346003 -0.000000
v -0.481887 0.345985 -0.000000
v -0.478903 0.345934 -0.000000
v -0.475806 0.345835 -0.000000
v -0.472646 0.345673 -0.000000
v -0.469470 0.345430 -0.000000
v -0.466326 0.345091 -0.000000
v -0.463262 0.344641 -0.000000
v -0.460325 0.344062 -0.000000
v -0.457565 0.343339 -0.000000
v -0.455029 0.342457 -0.000000
v -0.452765 0.341398 -0.000000
v -0.446856 0.337318 -0.000000
v -0.442741 0.332117 -0.000000
v -0.440104 0.325989 -0.000000
v -0.438627 0.319124 -0.000000
v -0.437993 0.311716 -0.000000
v -0.437884 0.303955 -0.000000
v -0.437983 0.296035 -0.000000
v -0.437973 0.288146 -0.000000
v -0.437536 0.280482 -0.000000
v -0.436355 0.273234 -0.000000
v -0.434113 0.266593 -0.000000
v -0.430492 0.260753 -0.000000
v -0.424230 0.255587 -0.000000
v -0.416052 0.252133 -0.000000
v -0.406310 0.250024 -0.000000
v -0.395360 0.248891 -0.000000
v -0.383557 0.248365 -0.000000
v -0.371256 0.248080 -0.000000
v -0.358810 0.247667 -0.000000
v -0.346575 0.246757 -0.000000
v -0.334905 0.244984 -0.000000
v -0.324156 0.241978 -0.000000
v -0.314681 0.237373 -0.000000
v -0.306836 0.230799 -0.000000
v -0.303307 0.226209 -0.000000
v -0.300364 0.220960 -0.000000
v -0.297955 0.215162 -0.000000
v -0.296026 0.208924 -0.000000
v -0.294524 0.202355 -0.000000
v -0.293395 0.195565 -0.000000
v -0.292586 0.188662 -0.000000
v -0.292044 0.181757 -0.000000
v -0.291715 0.174959 -0.000000
v -0.291546 0.168377 -0.000000
v -0.291484 0.162120 -0.000000
v -0.291475 0.156298 -0.000000
v -0.291520 0.150730 -0.000000
v -0.291645 0.145161 -0.000000
v -0.291835 0.139593 -0.000000
v -0.292072 0.134025 -0.000000
v -0.292341 0.128456 -0.000000
v -0.292627 0.122888 -0.000000
v -0.292912 0.117320 -0.000000
v -0.293181 0.111751 -0.000000
v -0.293419 0.106183 -0.000000
v -0.293608 0.100614 -0.000000
v -0.293733 0.095046 -0.000000
v -0.293779 0.089478 -0.000000
v -0.293785 0.084634 -0.000000
v -0.293768 0.078377 -0.000000
v -0.293671 0.071021 -0.000000
v -0.293437 0.062880 -0.000000
v -0.293012 0.054271 -0.000000
v -0.292339 0.045507 -0.000000
v -0.291361 0.036903 -0.000000
v -0.290024 0.028773 -0.000000
v -0.288270 0.021433 -0.000000
v -0.286045 0.015197 -0.000000
v -0.283291 0.010380 -0.000000
v -0.279954 0.007296 -0.000000
v -0.277630 0.008582 -0.000000
v -0.275634 0.010795 -0.000000
v -0.273941 0.013777 -0.000000
v -0.272529 0.017366 -0.000000
v -0.271373 0.021404 -0.000000
v -0.270449 0.025730 -0.000000
v -0.269733 0.030183 -0.000000
v -0.269201 0.034605 -0.000000
v -0.268829 0.038834 -0.000000
v -0.268593 0.042712 -0.000000
v -0.268469 0.046078 -0.000000
v -0.268433 0.048771 -0.000000
v -0.268463 0.061828 -0.000000
v -0.268547 0.074885 -0.000000
v -0.268673 0.087942 -0.000000
v -0.268831 0.100998 -0.000000
v -0.269011 0.114055 -0.000000
v -0.269201 0.127112 -0.000000
v -0.269391 0.140169 -0.000000
v -0.269571 0.153226 -0.000000
v -0.269729 0.166283 -0.000000
v -0.269855 0.179339 -0.000000
v -0.269939 0.192396 -0.000000
v -0.269969 0.205453 -0.000000
v -0.269997 0.213692 -0.000000
v -0.270001 0.222212 -0.000000
v -0.269861 0.230907 -0.000000
v -0.269457 0.239674 -0.000000
v -0.268669 0.248409 -0.000000
v -0.267377 0.257008 -0.000000
v -0.265461 0.265368 -0.000000
v -0.262801 0.273383 -0.000000
v -0.259277 0.280950 -0.000000
v -0.254768 0.287965 -0.000000
v -0.249156 0.294324 -0.000000
v -0.242319 0.299923 -0.000000
v -0.238104 0.302525 -0.000000
v -0.233558 0.304606 -0.000000
v -0.228735 0.306224 -0.000000
v -0.223687 0.307433 -0.000000
v -0.218469 0.308290 -0.000000
v -0.213134 0.308852 -0.000000
v -0.207734 0.309173 -0.000000
v -0.202324 0.309310 -0.000000
v -0.196957 0.309320 -0.000000
v -0.191685 0.309257 -0.000000
v -0.186563 0.309178 -0.000000
v -0.181644 0.309140 -0.000000
v -0.172407 0.309050 -0.000000
v -0.162478 0.308738 -0.000000
v -0.152026 0.308144 -0.000000
v -0.141221 0.307205 -0.000000
v -0.130236 0.305862 -0.000000
v -0.119240 0.304051 -0.000000
v -0.108403 0.301713 -0.000000
v -0.097898 0.298785 -0.000000
v -0.087894 0.295207 -0.000000
v -0.078561 0.290916 -0.000000
v -0.070072 0.285852 -0.000000
v -0.062596 0.279954 -0.000000
v -0.052346 0.266954 -0.000000
v -0.043772 0.248923 -0.000000
v -0.036722 0.226779 -0.000000
v -0.031049 0.201442 -0.000000
v -0.026603 0.173834 -0.000000
v -0.023233 0.144873 -0.000000
v -0.020792 0.115481 -0.000000
v -0.019130 0.086576 -0.000000
v -0.018097 0.059080 -0.000000
v -0.017544 0.033912 -0.000000
v -0.017322 0.011991 -0.000000
v -0.017281 -0.005760 0.000000
v -0.017263 -0.023431 0.000000
v -0.017327 -0.045806 0.000000
v -0.017653 -0.071861 0.000000
v -0.018419 -0.100572 0.000000
v -0.019803 -0.130915 0.000000
v -0.021985 -0.161866 0.000000
v -0.025143 -0.192402 0.000000
v -0.029456 -0.221497 0.000000
v -0.035102 -0.248128 0.000000
v -0.042260 -0.271271 0.000000
v -0.051109 -0.289901 0.000000
v -0.061828 -0.302995 0.000000
v -0.066842 -0.306817 0.000000
v -0.072246 -0.309886 0.000000
v -0.077981 -0.312284 0.000000
v -0.083988 -0.314089 0.000000
v -0.090208 -0.315383 0.000000
v -0.096582 -0.316244 0.000000
v -0.103053 -0.316754 0.000000
v -0.109561 -0.316991 0.000000
v -0.116047 -0.317036 0.000000
v -0.122454 -0.316970 0.000000
v -0.128722 -0.316871 0.000000
v -0.134793 -0.316820 0.000000
v -0.141206 -0.316170 0.000000
v -0.145712 -0.314374 0.000000
v -0.148677 -0.311660 0.000000
v -0.150466 -0.308258 0.000000
v -0.151445 -0.304397 0.000000
v -0.151978 -0.300307 0.000000
v -0.152431 -0.296217 0.000000
v -0.153169 -0.292356 0.000000
v -0.154558 -0.288954 0.000000
v -0.156963 -0.286241 0.000000
v -0.160749 -0.284444 0.000000
v -0.166283 -0.283794 0.000000
v -0.172840 -0.283774 0.000000
v -0.180790 -0.283759 0.000000
v -0.189828 -0.283818 0.000000
v -0.199650 -0.284022 0.000000
v -0.209952 -0.284439 0.000000
v -0.220430 -0.285138 0.000000
v -0.230780 -0.286190 0.000000
v -0.240698 -0.287663 0.000000
v -0.249880 -0.289627 0.000000
v -0.258022 -0.292150 0.000000
v -0.264820 -0.295303 0.000000
v -0.269969 -0.299155 0.000000
v -0.273280 -0.302981 0.000000
v -0.276355 -0.307426 0.000000
v -0.279282 -0.312308 0.000000
v -0.282144 -0.317446 0.000000
v -0.285028 -0.322659 0.000000
v -0.288018 -0.327765 0.000000
v -0.291201 -0.332583 0.000000
v -0.294661 -0.336932 0.000000
v -0.298483 -0.340630 0.000000
v -0.302754 -0.343496 0.000000
v -0.307557 -0.345348 0.000000
v -0.312980 -0.346006 0.000000
v -0.328848 -0.343150 0.000000
v -0.346223 -0.335253 0.000000
v -0.364691 -0.323325 0.000000
v -0.383840 -0.308372 0.000000
v -0.403255 -0.291403 0.000000
v -0.422523 -0.273425 0.000000
v -0.441231 -0.255448 0.000000
v -0.458966 -0.238479 0.000000
v -0.475314 -0.223526 0.000000
v -0.489862 -0.211598 0.000000
v -0.502197 -0.203701 0.000000
v -0.511905 -0.200845 0.000000
v -0.520048 -0.203444 0.000000
v -0.529431 -0.210630 0.000000
v -0.539950 -0.221486 0.000000
v -0.551502 -0.235094 0.000000
v -0.563981 -0.250537 0.000000
v -0.577285 -0.266897 0.000000
v -0.591308 -0.283257 0.000000
v -0.605948 -0.298700 0.000000
v -0.621100 -0.312308 0.000000
v -0.636659 -0.323164 0.000000
v -0.652523 -0.330350 0.000000
v -0.668587 -0.332949 0.000000
v -0.676401 -0.331438 0.000000
v -0.684374 -0.327192 0.000000
v -0.692348 -0.320649 0.000000
v -0.700162 -0.312240 0.000000
v -0.707656 -0.302403 0.000000
v -0.714670 -0.291571 0.000000
v -0.721043 -0.280178 0.000000
v -0.726617 -0.268661 0.000000
v -0.731231 -0.257452 0.000000
v -0.734724 -0.246988 0.000000
v -0.736938 -0.237703 0.000000
v -0.163978 0.100998 -0.000000
v -0.163941 0.098574 -0.000000
v -0.163808 0.095619 -0.000000
v -0.163546 0.092274 -0.000000
v -0.163125 0.088681 -0.000000
v -0.162512 0.084982 -0.000000
v -0.161674 0.081317 -0.000000
v -0.160581 0.077829 -0.000000
v -0.159199 0.074657 -0.000000
v -0.157498 0.071945 -0.000000
v -0.155445 0.069832 -0.000000
v -0.153007 0.068461 -0.000000
v -0.150154 0.067972 -0.000000
v -0.147991 0.068203 -0.000000
v -0.146100 0.068861 -0.000000
v -0.144465 0.069892 -0.000000
v -0.143070 0.071244 -0.000000
v -0.141900 0.072862 -0.000000
v -0.140937 0.074693 -0.000000
v -0.140166 0.076684 -0.000000
v -0.139572 0.078782 -0.000000
v -0.139137 0.080933 -0.000000
v -0.138846 0.083084 -0.000000
v -0.138684 0.085182 -0.000000
v -0.138633 0.087174 -0.000000
v -0.138633 0.111751 -0.000000
v -0.138656 0.116037 -0.000000
v -0.138754 0.122102 -0.000000
v -0.138969 0.129548 -0.000000
v -0.139344 0.137979 -0.000000
v -0.139922 0.146996 -0.000000
v -0.140745 0.156202 -0.000000
v -0.141856 0.165200 -0.000000
v -0.143298 0.173593 -0.000000
v -0.145113 0.180984 -0.000000
v -0.147345 0.186974 -0.000000
v -0.150034 0.191166 -0.000000
v -0.153226 0.193164 -0.000000
v -0.155373 0.192671 -0.000000
v -0.157222 0.191966 -0.000000
v -0.158794 0.191064 -0.000000
v -0.160110 0.189978 -0.000000
v -0.161191 0.188722 -0.000000
v -0.162058 0.187308 -0.000000
v -0.162734 0.185750 -0.000000
v -0.163239 0.184062 -0.000000
v -0.163594 0.182256 -0.000000
v -0.163822 0.180346 -0.000000
v -0.163943 0.178345 -0.000000
v -0.163978 0.176267 -0.000000
v -0.418203 0.110983 -0.000000
v -0.418240 0.113211 -0.000000
v -0.418370 0.115623 -0.000000
v -0.418623 0.118148 -0.000000
v -0.419028 0.120712 -0.000000
v -0.419614 0.123244 -0.000000
v -0.420411 0.125672 -0.000000
v -0.421448 0.127924 -0.000000
v -0.422754 0.129928 -0.000000
v -0.424359 0.131612 -0.000000
v -0.426292 0.132905 -0.000000
v -0.428583 0.133733 -0.000000
v -0.431260 0.134025 -0.000000
v -0.433906 0.132840 -0.000000
v -0.436113 0.129541 -0.000000
v -0.437920 0.124508 -0.000000
v -0.439367 0.118123 -0.000000
v -0.440493 0.110768 -0.000000
v -0.441340 0.102823 -0.000000
v -0.441947 0.094670 -0.000000
v -0.442354 0.086690 -0.000000
v -0.442600 0.079265 -0.000000
v -0.442727 0.072776 -0.000000
v -0.442774 0.067605 -0.000000
v -0.442780 0.064132 -0.000000
v -0.442765 0.062980 -0.000000
v -0.442723 0.061828 -0.000000
v -0.442660 0.060676 -0.000000
v -0.442581 0.059524 -0.000000
v -0.442491 0.058372 -0.000000
v -0.442396 0.057220 -0.000000
v -0.442301 0.056068 -0.000000
v -0.442211 0.054916 -0.000000
v -0.442132 0.053763 -0.000000
v -0.442069 0.052611 -0.000000
v -0.442027 0.051459 -0.000000
v -0.442012 0.050307 -0.000000
v -0.442078 0.047817 -0.000000
v -0.442218 0.044341 -0.000000
v -0.442348 0.040107 -0.000000
v -0.442382 0.035344 -0.000000
v -0.442235 0.030284 -0.000000
v -0.441820 0.025154 -0.000000
v -0.441054 0.020184 -0.000000
v -0.439850 0.015603 -0.000000
v -0.438124 0.011641 -0.000000
v -0.435790 0.008527 -0.000000
v -0.432762 0.006490 -0.000000
v -0.428955 0.005760 -0.000000
v -0.426969 0.006263 -0.000000
v -0.425225 0.007666 -0.000000
v -0.423711 0.009817 -0.000000
v -0.422413 0.012559 -0.000000
v -0.421317 0.015739 -0.000000
v -0.420411 0.019201 -0.000000
v -0.419681 0.022792 -0.000000
v -0.419113 0.026355 -0.000000
v -0.418695 0.029738 -0.000000
v -0.418413 0.032784 -0.000000
v -0.418253 0.035340 -0.000000
v -0.418203 0.037250 -0.000000
v -0.575653 0.011137 -0.000000
v -0.575638 0.017872 -0.000000
v -0.575596 0.024634 -0.000000
v -0.575533 0.031418 -0.000000
v -0.575454 0.038218 -0.000000
v -0.575364 0.045028 -0.000000
v -0.575269 0.051843 -0.000000
v -0.575174 0.058659 -0.000000
v -0.575084 0.065469 -0.000000
v -0.575005 0.072269 -0.000000
v -0.574942 0.079052 -0.000000
v -0.574900 0.085814 -0.000000
v -0.574885 0.092550 -0.000000
v -0.574887 0.095652 -0.000000
v -0.574899 0.098808 -0.000000
v -0.574933 0.102007 -0.000000
v -0.574999 0.105237 -0.000000
v -0.575107 0.108489 -0.000000
v -0.575269 0.111751 -0.000000
v -0.575495 0.115014 -0.000000
v -0.575795 0.118265 -0.000000
v -0.576181 0.121496 -0.000000
v -0.576663 0.124694 -0.000000
v -0.577251 0.127850 -0.000000
v -0.577957 0.130952 -0.000000
v -0.578240 0.131159 -0.000000
v -0.578682 0.131390 -0.000000
v -0.579253 0.131636 -0.000000
v -0.579920 0.131891 -0.000000
v -0.580651 0.132146 -0.000000
v -0.581413 0.132392 -0.000000
v -0.582176 0.132623 -0.000000
v -0.582907 0.132830 -0.000000
v -0.583573 0.133005 -0.000000
v -0.584144 0.133139 -0.000000
v -0.584587 0.133226 -0.000000
v -0.584869 0.133257 -0.000000
v -0.588736 0.132267 -0.000000
v -0.591931 0.129502 -0.000000
v -0.594518 0.125264 -0.000000
v -0.596561 0.119858 -0.000000
v -0.598124 0.113589 -0.000000
v -0.599270 0.106759 -0.000000
v -0.600065 0.099673 -0.000000
v -0.600572 0.092635 -0.000000
v -0.600854 0.085950 -0.000000
v -0.600977 0.079920 -0.000000
v -0.601004 0.074850 -0.000000
v -0.600998 0.071045 -0.000000
v -0.600983 0.068371 -0.000000
v -0.600942 0.065725 -0.000000
v -0.600878 0.063100 -0.000000
v -0.600799 0.060491 -0.000000
v -0.600710 0.057893 -0.000000
v -0.600614 0.055300 -0.000000
v -0.600519 0.052706 -0.000000
v -0.600430 0.050108 -0.000000
v -0.600350 0.047499 -0.000000
v -0.600287 0.044874 -0.000000
v -0.600246 0.042228 -0.000000
v -0.600230 0.039555 -0.000000
v -0.600223 0.037100 -0.000000
v -0.600170 0.034061 -0.000000
v -0.600026 0.030590 -0.000000
v -0.599747 0.026839 -0.000000
v -0.599286 0.022960 -0.000000
v -0.598598 0.019105 -0.000000
v -0.597639 0.015426 -0.000000
v -0.596362 0.012075 -0.000000
v -0.594722 0.009205 -0.000000
v -0.592674 0.006966 -0.000000
v -0.590173 0.005511 -0.000000
v -0.587174 0.004992 -0.000000
v -0.153226 -0.173195 0.000000
v -0.149389 -0.171528 0.000000
v -0.146278 -0.166901 0.000000
v -0.143817 -0.159874 0.000000
v -0.141933 -0.151007 0.000000
v -0.140549 -0.140860 0.000000
v -0.139593 -0.129992 0.000000
v -0.138988 -0.118965 0.000000
v -0.138661 -0.108338 0.000000
v -0.138537 -0.098670 0.000000
v -0.138540 -0.090523 0.000000
v -0.138597 -0.084456 0.000000
v -0.138633 -0.081029 0.000000
v -0.138618 -0.080261 0.000000
v -0.138576 -0.079493 0.000000
v -0.138513 -0.078725 0.000000
v -0.138434 -0.077957 0.000000
v -0.138344 -0.077189 0.000000
v -0.138249 -0.076421 0.000000
v -0.138154 -0.075653 0.000000
v -0.138064 -0.074885 0.000000
v -0.137985 -0.074117 0.000000
v -0.137922 -0.073349 0.000000
v -0.137880 -0.072581 0.000000
v -0.137865 -0.071813 0.000000
v -0.137871 -0.069610 0.000000
v -0.137918 -0.066927 0.000000
v -0.138045 -0.063892 0.000000
v -0.138291 -0.060633 0.000000
v -0.138698 -0.057278 0.000000
v -0.139305 -0.053955 0.000000
v -0.140152 -0.050793 0.000000
v -0.141278 -0.047918 0.000000
v -0.142725 -0.045459 0.000000
v -0.144532 -0.043544 0.000000
v -0.146739 -0.042301 0.000000
v -0.149386 -0.041859 0.000000
v -0.153076 -0.043180 0.000000
v -0.156124 -0.046862 0.000000
v -0.158590 -0.052479 0.000000
v -0.160536 -0.059609 0.000000
v -0.162024 -0.067827 0.000000
v -0.163114 -0.076709 0.000000
v -0.163869 -0.085831 0.000000
v -0.164348 -0.094769 0.000000
v -0.164614 -0.103099 0.000000
v -0.164729 -0.110396 0.000000
v -0.164752 -0.116238 0.000000
v -0.164747 -0.120200 0.000000
v -0.164760 -0.123908 0.000000
v -0.164789 -0.127724 0.000000
v -0.164819 -0.131624 0.000000
v -0.164832 -0.135589 0.000000
v -0.164813 -0.139596 0.000000
v -0.164747 -0.143625 0.000000
v -0.164616 -0.147654 0.000000
v -0.164405 -0.151661 0.000000
v -0.164099 -0.155626 0.000000
v -0.163680 -0.159527 0.000000
v -0.163133 -0.163342 0.000000
v -0.162442 -0.167051 0.000000
v -0.162188 -0.168140 0.000000
v -0.161813 -0.169106 0.000000
v -0.161326 -0.169955 0.000000
v -0.160736 -0.170692 0.000000
v -0.160049 -0.171322 0.000000
v -0.159274 -0.171851 0.000000
v -0.158419 -0.172284 0.000000
v -0.157493 -0.172626 0.000000
v -0.156502 -0.172883 0.000000
v -0.155455 -0.173060 0.000000
v -0.154361 -0.173162 0.000000
v -0.358295 -0.106375 0.000000
v -0.362202 -0.106521 0.000000
v -0.366189 -0.106969 0.000000
v -0.370176 -0.107731 0.000000
v -0.374083 -0.108821 0.000000
v -0.377829 -0.110253 0.000000
v -0.381336 -0.112039 0.000000
v -0.384523 -0.114194 0.000000
v -0.387310 -0.116729 0.000000
v -0.389617 -0.119660 0.000000
v -0.391364 -0.122998 0.000000
v -0.392470 -0.126758 0.000000
v -0.392857 -0.130952 0.000000
v -0.391227 -0.137364 0.000000
v -0.386666 -0.144870 0.000000
v -0.379668 -0.153154 0.000000
v -0.370726 -0.161902 0.000000
v -0.360333 -0.170799 0.000000
v -0.348982 -0.179531 0.000000
v -0.337168 -0.187784 0.000000
v -0.325383 -0.195241 0.000000
v -0.314120 -0.201589 0.000000
v -0.303874 -0.206513 0.000000
v -0.295137 -0.209698 0.000000
v -0.288402 -0.210829 0.000000
v -0.285136 -0.210264 0.000000
v -0.282237 -0.208675 0.000000
v -0.279690 -0.206221 0.000000
v -0.277479 -0.203064 0.000000
v -0.275588 -0.199362 0.000000
v -0.274002 -0.195276 0.000000
v -0.272703 -0.190967 0.000000
v -0.271676 -0.186593 0.000000
v -0.270905 -0.182316 0.000000
v -0.270375 -0.178294 0.000000
v -0.270068 -0.174689 0.000000
v -0.269969 -0.171659 0.000000
v -0.270184 -0.157951 0.000000
v -0.270915 -0.146288 0.000000
v -0.272297 -0.136509 0.000000
v -0.274464 -0.128449 0.000000
v -0.277548 -0.121947 0.000000
v -0.281682 -0.116839 0.000000
v -0.287001 -0.112964 0.000000
v -0.293637 -0.110158 0.000000
v -0.301723 -0.108259 0.000000
v -0.311394 -0.107104 0.000000
v -0.322782 -0.106530 0.000000
v -0.336021 -0.106375 0.000000
v 0.315284 0.079493 -0.000000
v 0.306452 0.079433 -0.000000
v 0.297619 0.079266 -0.000000
v 0.288787 0.079013 -0.000000
v 0.279954 0.078697 -0.000000
v 0.271121 0.078337 -0.000000
v 0.262289 0.077957 -0.000000
v 0.253456 0.077577 -0.000000
v 0.244624 0.077217 -0.000000
v 0.235791 0.076901 -0.000000
v 0.226959 0.076648 -0.000000
v 0.218126 0.076481 -0.000000
v 0.209293 0.076421 -0.000000
v 0.203545 0.076455 -0.000000
v 0.197481 0.076567 -0.000000
v 0.191172 0.076769 -0.000000
v 0.184687 0.077075 -0.000000
v 0.178096 0.077499 -0.000000
v 0.171467 0.078053 -0.000000
v 0.164870 0.078751 -0.000000
v 0.158375 0.079607 -0.000000
v 0.152050 0.080633 -0.000000
v 0.145965 0.081843 -0.000000
v 0.140189 0.083251 -0.000000
v 0.134793 0.084869 -0.000000
v 0.129999 0.086953 -0.000000
v 0.126586 0.089314 -0.000000
v 0.124304 0.091878 -0.000000
v 0.122902 0.094570 -0.000000
v 0.122130 0.097315 -0.000000
v 0.121736 0.100038 -0.000000
v 0.121470 0.102666 -0.000000
v 0.121082 0.105123 -0.000000
v 0.120320 0.107335 -0.000000
v 0.118934 0.109227 -0.000000
v 0.116673 0.110724 -0.000000
v 0.113287 0.111751 -0.000000
v 0.107986 0.112449 -0.000000
v 0.102176 0.112725 -0.000000
v 0.096018 0.112735 -0.000000
v 0.089677 0.112633 -0.000000
v 0.083314 0.112573 -0.000000
v 0.077093 0.112711 -0.000000
v 0.071176 0.113201 -0.000000
v 0.065725 0.114198 -0.000000
v 0.060904 0.115855 -0.000000
v 0.056875 0.118329 -0.000000
v 0.053800 0.121774 -0.000000
v 0.051843 0.126344 -0.000000
v 0.051490 0.128102 -0.000000
v 0.051196 0.129914 -0.000000
v 0.050955 0.131768 -0.000000
v 0.050762 0.133655 -0.000000
v 0.050612 0.135562 -0.000000
v 0.050499 0.137481 -0.000000
v 0.050418 0.139399 -0.000000
v 0.050364 0.141307 -0.000000
v 0.050331 0.143193 -0.000000
v 0.050314 0.145048 -0.000000
v 0.050308 0.146859 -0.000000
v 0.050307 0.148618 -0.000000
v 0.050352 0.165458 -0.000000
v 0.050666 0.182085 -0.000000
v 0.051519 0.198349 -0.000000
v 0.053180 0.214101 -0.000000
v 0.055919 0.229192 -0.000000
v 0.060004 0.243472 -0.000000
v 0.065705 0.256792 -0.000000
v 0.073292 0.269002 -0.000000
v 0.083033 0.279954 -0.000000
v 0.095199 0.289498 -0.000000
v 0.110058 0.297484 -0.000000
v 0.127880 0.303763 -0.000000
v 0.146006 0.308306 -0.000000
v 0.164274 0.312006 -0.000000
v 0.182664 0.314948 -0.000000
v 0.201158 0.317218 -0.000000
v 0.219737 0.318902 -0.000000
v 0.238383 0.320084 -0.000000
v 0.257077 0.320851 -0.000000
v 0.275801 0.321286 -0.000000
v 0.294535 0.321477 -0.000000
v 0.313261 0.321507 -0.000000
v 0.331960 0.321462 -0.000000
v 0.350614 0.321429 -0.000000
v 0.460446 0.321429 -0.000000
v 0.477914 0.321386 -0.000000
v 0.498041 0.321155 -0.000000
v 0.520221 0.320577 -0.000000
v 0.543850 0.319494 -0.000000
v 0.568321 0.317751 -0.000000
v 0.593030 0.315188 -0.000000
v 0.617371 0.311650 -0.000000
v 0.640738 0.306978 -0.000000
v 0.662526 0.301015 -0.000000
v 0.682131 0.293605 -0.000000
v 0.698946 0.284588 -0.000000
v 0.712366 0.273810 -0.000000
v 0.717175 0.267850 -0.000000
v 0.721273 0.260504 -0.000000
v 0.724714 0.252016 -0.000000
v 0.727556 0.242632 -0.000000
v 0.729853 0.232598 -0.000000
v 0.731663 0.222158 -0.000000
v 0.733040 0.211558 -0.000000
v 0.734042 0.201044 -0.000000
v 0.734723 0.190860 -0.000000
v 0.735140 0.181252 -0.000000
v 0.735350 0.172466 -0.000000
v 0.735407 0.164747 -0.000000
v 0.735331 0.152934 -0.000000
v 0.734991 0.142765 -0.000000
v 0.734219 0.134121 -0.000000
v 0.732847 0.126885 -0.000000
v 0.730707 0.120939 -0.000000
v 0.727631 0.116167 -0.000000
v 0.723450 0.112452 -0.000000
v 0.717998 0.109675 -0.000000
v 0.711106 0.107719 -0.000000
v 0.702605 0.106467 -0.000000
v 0.692328 0.105802 -0.000000
v 0.680108 0.105607 -0.000000
v 0.669753 0.105801 -0.000000
v 0.659865 0.106460 -0.000000
v 0.650526 0.107695 -0.000000
v 0.641819 0.109618 -0.000000
v 0.633827 0.112341 -0.000000
v 0.626632 0.115975 -0.000000
v 0.620318 0.120634 -0.000000
v 0.614966 0.126429 -0.000000
v 0.610659 0.133473 -0.000000
v 0.607481 0.141876 -0.000000
v 0.605513 0.151751 -0.000000
v 0.604839 0.163210 -0.000000
v 0.604854 0.164923 -0.000000
v 0.604896 0.166610 -0.000000
v 0.604959 0.168275 -0.000000
v 0.605038 0.169924 -0.000000
v 0.605128 0.171562 -0.000000
v 0.605223 0.173195 -0.000000
v 0.605318 0.174828 -0.000000
v 0.605408 0.176466 -0.000000
v 0.605487 0.178115 -0.000000
v 0.605550 0.179780 -0.000000
v 0.605592 0.181467 -0.000000
v 0.605607 0.183180 -0.000000
v 0.605522 0.186774 -0.000000
v 0.605248 0.190238 -0.000000
v 0.604755 0.193536 -0.000000
v 0.604014 0.196635 -0.000000
v 0.602996 0.199499 -0.000000
v 0.601671 0.202093 -0.000000
v 0.600010 0.204383 -0.000000
v 0.597983 0.206335 -0.000000
v 0.595562 0.207913 -0.000000
v 0.592717 0.209084 -0.000000
v 0.589419 0.209811 -0.000000
v 0.585638 0.210061 -0.000000
v 0.574885 0.199309 -0.000000
v 0.576336 0.179636 -0.000000
v 0.580347 0.160142 -0.000000
v 0.586406 0.140781 -0.000000
v 0.594001 0.121508 -0.000000
v 0.602620 0.102278 -0.000000
v 0.611751 0.083045 -0.000000
v 0.620883 0.063765 -0.000000
v 0.629502 0.044390 -0.000000
v 0.637097 0.024878 -0.000000
v 0.643156 0.005181 -0.000000
v 0.647167 -0.014745 0.000000
v 0.648618 -0.034946 0.000000
v 0.646776 -0.042317 0.000000
v 0.641630 -0.048725 0.000000
v 0.633749 -0.054231 0.000000
v 0.623699 -0.058898 0.000000
v 0.612049 -0.062786 0.000000
v 0.599366 -0.065956 0.000000
v 0.586220 -0.068471 0.000000
v 0.573178 -0.070390 0.000000
v 0.560808 -0.071777 0.000000
v 0.549678 -0.072691 0.000000
v 0.540356 -0.073194 0.000000
v 0.533410 -0.073349 0.000000
v 0.529308 -0.073058 0.000000
v 0.525424 -0.072243 0.000000
v 0.521721 -0.070985 0.000000
v 0.518163 -0.069366 0.000000
v 0.514711 -0.067471 0.000000
v 0.511329 -0.065380 0.000000
v 0.507978 -0.063178 0.000000
v 0.504623 -0.060946 0.000000
v 0.501224 -0.058768 0.000000
v 0.497746 -0.056725 0.000000
v 0.494150 -0.054902 0.000000
v 0.490399 -0.053379 0.000000
v 0.488211 -0.052674 0.000000
v 0.485887 -0.052085 0.000000
v 0.483451 -0.051603 0.000000
v 0.480927 -0.051217 0.000000
v 0.478339 -0.050917 0.000000
v 0.475710 -0.050691 0.000000
v 0.473066 -0.050529 0.000000
v 0.470430 -0.050421 0.000000
v 0.467826 -0.050355 0.000000
v 0.465278 -0.050321 0.000000
v 0.462810 -0.050309 0.000000
v 0.460446 -0.050307 0.000000
v 0.450860 -0.050292 0.000000
v 0.441301 -0.050250 0.000000
v 0.431764 -0.050187 0.000000
v 0.422242 -0.050108 0.000000
v 0.412731 -0.050018 0.000000
v 0.403226 -0.049923 0.000000
v 0.393720 -0.049828 0.000000
v 0.384209 -0.049738 0.000000
v 0.374688 -0.049659 0.000000
v 0.365150 -0.049596 0.000000
v 0.355592 -0.049554 0.000000
v 0.346006 -0.049539 0.000000
v 0.342750 -0.049548 0.000000
v 0.338518 -0.049610 0.000000
v 0.333549 -0.049779 0.000000
v 0.328085 -0.050108 0.000000
v 0.322365 -0.050650 0.000000
v 0.316628 -0.051459 0.000000
v 0.311116 -0.052588 0.000000
v 0.306068 -0.054091 0.000000
v 0.301723 -0.056020 0.000000
v 0.298323 -0.058429 0.000000
v 0.296107 -0.061371 0.000000
v 0.295315 -0.064900 0.000000
v 0.297092 -0.071031 0.000000
v 0.302046 -0.076055 0.000000
v 0.309608 -0.080081 0.000000
v 0.319210 -0.083220 0.000000
v 0.330284 -0.085579 0.000000
v 0.342262 -0.087270 0.000000
v 0.354576 -0.088400 0.000000
v 0.366658 -0.089079 0.000000
v 0.377940 -0.089418 0.000000
v 0.387854 -0.089524 0.000000
v 0.395832 -0.089508 0.000000
v 0.401306 -0.089478 0.000000
v 0.416652 -0.089417 0.000000
v 0.431971 -0.089250 0.000000
v 0.447269 -0.088998 0.000000
v 0.462551 -0.088681 0.000000
v 0.477822 -0.088322 0.000000
v 0.493088 -0.087942 0.000000
v 0.508353 -0.087561 0.000000
v 0.523625 -0.087202 0.000000
v 0.538907 -0.086886 0.000000
v 0.554204 -0.086633 0.000000
v 0.569524 -0.086466 0.000000
v 0.584870 -0.086406 0.000000
v 0.593999 -0.086369 0.000000
v 0.606001 -0.086302 0.000000
v 0.620260 -0.086274 0.000000
v 0.636158 -0.086349 0.000000
v 0.653081 -0.086594 0.000000
v 0.670411 -0.087078 0.000000
v 0.687533 -0.087865 0.000000
v 0.703832 -0.089023 0.000000
v 0.718690 -0.090618 0.000000
v 0.731492 -0.092717 0.000000
v 0.741622 -0.095387 0.000000
v 0.748464 -0.098694 0.000000
v 0.750450 -0.100263 0.000000
v 0.752194 -0.101898 0.000000
v 0.753708 -0.103603 0.000000
v 0.755007 -0.105379 0.000000
v 0.756102 -0.107230 0.000000
v 0.757008 -0.109159 0.000000
v 0.757739 -0.111168 0.000000
v 0.758306 -0.113259 0.000000
v 0.758725 -0.115435 0.000000
v 0.759007 -0.117700 0.000000
v 0.759166 -0.120055 0.000000
v 0.759217 -0.122504 0.000000
v 0.759199 -0.125384 0.000000
v 0.759138 -0.128261 0.000000
v 0.759025 -0.131132 0.000000
v 0.758847 -0.133996 0.000000
v 0.758594 -0.136849 0.000000
v 0.758257 -0.139689 0.000000
v 0.757823 -0.142513 0.000000
v 0.757282 -0.145318 0.000000
v 0.756625 -0.148101 0.000000
v 0.755839 -0.150861 0.000000
v 0.754914 -0.153594 0.000000
v 0.753840 -0.156298 0.000000
v 0.746226 -0.165635 0.000000
v 0.733249 -0.173391 0.000000
v 0.715882 -0.179712 0.000000
v 0.695099 -0.184744 0.000000
v 0.671873 -0.188636 0.000000
v 0.647178 -0.191532 0.000000
v 0.621986 -0.193581 0.000000
v 0.597272 -0.194928 0.000000
v 0.574009 -0.195721 0.000000
v 0.553170 -0.196105 0.000000
v 0.535728 -0.196228 0.000000
v 0.522658 -0.196237 0.000000
v 0.514785 -0.196251 0.000000
v 0.506912 -0.196286 0.000000
v 0.499040 -0.196333 0.000000
v 0.491167 -0.196379 0.000000
v 0.483295 -0.196414 0.000000
v 0.475422 -0.196429 0.000000
v 0.467550 -0.196411 0.000000
v 0.459677 -0.196350 0.000000
v 0.451805 -0.196237 0.000000
v 0.443932 -0.196059 0.000000
v 0.436060 -0.195806 0.000000
v 0.428187 -0.195469 0.000000
v 0.425484 -0.195292 0.000000
v 0.422754 -0.195145 0.000000
v 0.420003 -0.195024 0.000000
v 0.417236 -0.194928 0.000000
v 0.414458 -0.194853 0.000000
v 0.411674 -0.194796 0.000000
v 0.408891 -0.194756 0.000000
v 0.406113 -0.194729 0.000000
v 0.403346 -0.194712 0.000000
v 0.400595 -0.194704 0.000000
v 0.397865 -0.194701 0.000000
v 0.395161 -0.194700 0.000000
v 0.390686 -0.194708 0.000000
v 0.384768 -0.194757 0.000000
v 0.377724 -0.194892 0.000000
v 0.369873 -0.195156 0.000000
v 0.361530 -0.195589 0.000000
v 0.353015 -0.196237 0.000000
v 0.344643 -0.197140 0.000000
v 0.336733 -0.198342 0.000000
v 0.329601 -0.199885 0.000000
v 0.323566 -0.201812 0.000000
v 0.318944 -0.204166 0.000000
v 0.316052 -0.206989 0.000000
v 0.316651 -0.212167 0.000000
v 0.318346 -0.216601 0.000000
v 0.320985 -0.220346 0.000000
v 0.324415 -0.223460 0.000000
v 0.328486 -0.225997 0.000000
v 0.333045 -0.228015 0.000000
v 0.337940 -0.229568 0.000000
v 0.343019 -0.230713 0.000000
v 0.348130 -0.231507 0.000000
v 0.353121 -0.232004 0.000000
v 0.357840 -0.232261 0.000000
v 0.362135 -0.232335 0.000000
v 0.370583 -0.232259 0.000000
v 0.379029 -0.232050 0.000000
v 0.387469 -0.231735 0.000000
v 0.395901 -0.231339 0.000000
v 0.404322 -0.230890 0.000000
v 0.412730 -0.230415 0.000000
v 0.421123 -0.229939 0.000000
v 0.429496 -0.229490 0.000000
v 0.437848 -0.229095 0.000000
v 0.446176 -0.228779 0.000000
v 0.454478 -0.228570 0.000000
v 0.462750 -0.228495 0.000000
v 0.468763 -0.228482 0.000000
v 0.475849 -0.228523 0.000000
v 0.483703 -0.228735 0.000000
v 0.492021 -0.229234 0.000000
v 0.500499 -0.230139 0.000000
v 0.508833 -0.231567 0.000000
v 0.516718 -0.233635 0.000000
v 0.523852 -0.236460 0.000000
v 0.529930 -0.240159 0.000000
v 0.534648 -0.244851 0.000000
v 0.537701 -0.250652 0.000000
v 0.538787 -0.257680 0.000000
v 0.538756 -0.259409 0.000000
v 0.538673 -0.261137 0.000000
v 0.538547 -0.262865 0.000000
v 0.538388 -0.264593 0.000000
v 0.538209 -0.266321 0.000000
v 0.538018 -0.268049 0.000000
v 0.537828 -0.269777 0.000000
v 0.537649 -0.271505 0.000000
v 0.537490 -0.273234 0.000000
v 0.537364 -0.274962 0.000000
v 0.537280 -0.276690 0.000000
v 0.537250 -0.278418 0.000000
v 0.537182 -0.282639 0.000000
v 0.536962 -0.286841 0.000000
v 0.536566 -0.291007 0.000000
v 0.535970 -0.295116 0.000000
v 0.535150 -0.299150 0.000000
v 0.534082 -0.303091 0.000000
v 0.532742 -0.306921 0.000000
v 0.531106 -0.310619 0.000000
v 0.529150 -0.314168 0.000000
v 0.526850 -0.317549 0.000000
v 0.524182 -0.320744 0.000000
v 0.521121 -0.323733 0.000000
v 0.515601 -0.328205 0.000000
v 0.509469 -0.332050 0.000000
v 0.502820 -0.335313 0.000000
v 0.495747 -0.338041 0.000000
v 0.488344 -0.340278 0.000000
v 0.480703 -0.342070 0.000000
v 0.472918 -0.343462 0.000000
v 0.465082 -0.344498 0.000000
v 0.457289 -0.345226 0.000000
v 0.449632 -0.345690 0.000000
v 0.442205 -0.345935 0.000000
v 0.435100 -0.346006 0.000000
v 0.429915 -0.345976 0.000000
v 0.424728 -0.345892 0.000000
v 0.419535 -0.345766 0.000000
v 0.414334 -0.345608 0.000000
v 0.409123 -0.345428 0.000000
v 0.403898 -0.345238 0.000000
v 0.398657 -0.345048 0.000000
v 0.393398 -0.344868 0.000000
v 0.388117 -0.344710 0.000000
v 0.382812 -0.344584 0.000000
v 0.377481 -0.344500 0.000000
v 0.372120 -0.344470 0.000000
v 0.367527 -0.344485 0.000000
v 0.362960 -0.344527 0.000000
v 0.358415 -0.344590 0.000000
v 0.353886 -0.344669 0.000000
v 0.349367 -0.344759 0.000000
v 0.344854 -0.344854 0.000000
v 0.340341 -0.344949 0.000000
v 0.335822 -0.345039 0.000000
v 0.331293 -0.345118 0.000000
v 0.326748 -0.345181 0.000000
v 0.322182 -0.345223 0.000000
v 0.317588 -0.345238 0.000000
v 0.313556 -0.345191 0.000000
v 0.309524 -0.345050 0.000000
v 0.305492 -0.344818 0.000000
v 0.301459 -0.344498 0.000000
v 0.297427 -0.344094 0.000000
v 0.293395 -0.343606 0.000000
v 0.289363 -0.343038 0.000000
v 0.285330 -0.342393 0.000000
v 0.281298 -0.341674 0.000000
v 0.277266 -0.340882 0.000000
v 0.273234 -0.340021 0.000000
v 0.269201 -0.339094 0.000000
v 0.247980 -0.332587 0.000000
v 0.230767 -0.323718 0.000000
v 0.216962 -0.312908 0.000000
v 0.205965 -0.300577 0.000000
v 0.197177 -0.287148 0.000000
v 0.189996 -0.273041 0.000000
v 0.183824 -0.258679 0.000000
v 0.178059 -0.244481 0.000000
v 0.172103 -0.230871 0.000000
v 0.165355 -0.218268 0.000000
v 0.157214 -0.207095 0.000000
v 0.147081 -0.197773 0.000000
v 0.138199 -0.192955 0.000000
v 0.128250 -0.190085 0.000000
v 0.117512 -0.188676 0.000000
v 0.106261 -0.188243 0.000000
v 0.094776 -0.188301 0.000000
v 0.083333 -0.188364 0.000000
v 0.072211 -0.187947 0.000000
v 0.061686 -0.186565 0.000000
v 0.052035 -0.183732 0.000000
v 0.043537 -0.178963 0.000000
v 0.036468 -0.171772 0.000000
v 0.031106 -0.161674 0.000000
v 0.030047 -0.158688 0.000000
v 0.029165 -0.155512 0.000000
v 0.028442 -0.152182 0.000000
v 0.027863 -0.148731 0.000000
v 0.027412 -0.145196 0.000000
v 0.027074 -0.141609 0.000000
v 0.026831 -0.138007 0.000000
v 0.026668 -0.134423 0.000000
v 0.026570 -0.130892 0.000000
v 0.026519 -0.127450 0.000000
v 0.026500 -0.124130 0.000000
v 0.026498 -0.120968 0.000000
v 0.026755 -0.114434 0.000000
v 0.027532 -0.108636 0.000000
v 0.028838 -0.103543 0.000000
v 0.030679 -0.099121 0.000000
v 0.033065 -0.095339 0.000000
v 0.036002 -0.092166 0.000000
v 0.039500 -0.089568 0.000000
v 0.043565 -0.087515 0.000000
v 0.048207 -0.085974 0.000000
v 0.053433 -0.084912 0.000000
v 0.059250 -0.084299 0.000000
v 0.065668 -0.084101 0.000000
v 0.068356 -0.084132 0.000000
v 0.071045 -0.084215 0.000000
v 0.073733 -0.084341 0.000000
v 0.076421 -0.084500 0.000000
v 0.079109 -0.084679 0.000000
v 0.081797 -0.084869 0.000000
v 0.084485 -0.085060 0.000000
v 0.087174 -0.085239 0.000000
v 0.089862 -0.085397 0.000000
v 0.092550 -0.085524 0.000000
v 0.095238 -0.085607 0.000000
v 0.097926 -0.085637 0.000000
v 0.102675 -0.085533 0.000000
v 0.107626 -0.085186 0.000000
v 0.112663 -0.084545 0.000000
v 0.117668 -0.083561 0.000000
v 0.122523 -0.082182 0.000000
v 0.127112 -0.080357 0.000000
v 0.131317 -0.078037 0.000000
v 0.135020 -0.075169 0.000000
v 0.138105 -0.071705 0.000000
v 0.140454 -0.067592 0.000000
v 0.141949 -0.062780 0.000000
v 0.142473 -0.057220 0.000000
v 0.142422 -0.051081 0.000000
v 0.142320 -0.043949 0.000000
v 0.142245 -0.036050 0.000000
v 0.142274 -0.027607 0.000000
v 0.142484 -0.018844 0.000000
v 0.142953 -0.009985 0.000000
v 0.143758 -0.001253 0.000000
v 0.144976 0.007126 -0.000000
v 0.146685 0.014929 -0.000000
v 0.148962 0.021932 -0.000000
v 0.151885 0.027911 -0.000000
v 0.155530 0.032642 -0.000000
v 0.160796 0.036625 -0.000000
v 0.167577 0.039800 -0.000000
v 0.175595 0.042255 -0.000000
v 0.184574 0.044077 -0.000000
v 0.194235 0.045356 -0.000000
v 0.204301 0.046179 -0.000000
v 0.214496 0.046634 -0.000000
v 0.224541 0.046808 -0.000000
v 0.234159 0.046791 -0.000000
v 0.243073 0.046670 -0.000000
v 0.251006 0.046532 -0.000000
v 0.257681 0.046467 -0.000000
v 0.267680 0.046422 -0.000000
v 0.277707 0.046296 -0.000000
v 0.287754 0.046107 -0.000000
v 0.297818 0.045870 -0.000000
v 0.307893 0.045600 -0.000000
v 0.317972 0.045315 -0.000000
v 0.328052 0.045030 -0.000000
v 0.338127 0.044760 -0.000000
v 0.348190 0.044523 -0.000000
v 0.358238 0.044334 -0.000000
v 0.368264 0.044208 -0.000000
v 0.378264 0.044163 -0.000000
v 0.384585 0.044195 -0.000000
v 0.390877 0.044294 -0.000000
v 0.397141 0.044463 -0.000000
v 0.403382 0.044703 -0.000000
v 0.409602 0.045018 -0.000000
v 0.415803 0.045411 -0.000000
v 0.421988 0.045883 -0.000000
v 0.428159 0.046439 -0.000000
v 0.434320 0.047079 -0.000000
v 0.440473 0.047808 -0.000000
v 0.446620 0.048627 -0.000000
v 0.452765 0.049539 -0.000000
v 0.453914 0.049749 -0.000000
v 0.455048 0.050001 -0.000000
v 0.456149 0.050307 -0.000000
v 0.457203 0.050677 -0.000000
v 0.458192 0.051121 -0.000000
v 0.459101 0.051651 -0.000000
v 0.459915 0.052277 -0.000000
v 0.460616 0.053010 -0.000000
v 0.461190 0.053859 -0.000000
v 0.461619 0.054837 -0.000000
v 0.461888 0.055954 -0.000000
v 0.461982 0.057220 -0.000000
v 0.461399 0.061369 -0.000000
v 0.459756 0.065003 -0.000000
v 0.457205 0.068152 -0.000000
v 0.453903 0.070845 -0.000000
v 0.450003 0.073112 -0.000000
v 0.445661 0.074981 -0.000000
v 0.441030 0.076482 -0.000000
v 0.436266 0.077644 -0.000000
v 0.431524 0.078497 -0.000000
v 0.426957 0.079070 -0.000000
v 0.422721 0.079392 -0.000000
v 0.418971 0.079493 -0.000000
v 0.380568 0.177035 -0.000000
v 0.382675 0.177278 -0.000000
v 0.385774 0.177636 -0.000000
v 0.389641 0.178127 -0.000000
v 0.394052 0.178771 -0.000000
v 0.398783 0.179584 -0.000000
v 0.403610 0.180588 -0.000000
v 0.408309 0.181799 -0.000000
v 0.412656 0.183237 -0.000000
v 0.416427 0.184920 -0.000000
v 0.419398 0.186867 -0.000000
v 0.421344 0.189097 -0.000000
v 0.422043 0.191628 -0.000000
v 0.420946 0.196584 -0.000000
v 0.417876 0.200745 -0.000000
v 0.413162 0.204181 -0.000000
v 0.407137 0.206961 -0.000000
v 0.400131 0.209154 -0.000000
v 0.392473 0.210830 -0.000000
v 0.384496 0.212057 -0.000000
v 0.376529 0.212906 -0.000000
v 0.368904 0.213446 -0.000000
v 0.361950 0.213745 -0.000000
v 0.356000 0.213874 -0.000000
v 0.351383 0.213902 -0.000000
v 0.347542 0.213871 -0.000000
v 0.343702 0.213788 -0.000000
v 0.339862 0.213662 -0.000000
v 0.336022 0.213503 -0.000000
v 0.332181 0.213324 -0.000000
v 0.328341 0.213134 -0.000000
v 0.324501 0.212943 -0.000000
v 0.320661 0.212764 -0.000000
v 0.316820 0.212606 -0.000000
v 0.312980 0.212479 -0.000000
v 0.309140 0.212396 -0.000000
v 0.305300 0.212366 -0.000000
v 0.302627 0.212381 -0.000000
v 0.299980 0.212422 -0.000000
v 0.297355 0.212486 -0.000000
v 0.294746 0.212565 -0.000000
v 0.292148 0.212655 -0.000000
v 0.289555 0.212750 -0.000000
v 0.286962 0.212845 -0.000000
v 0.284363 0.212935 -0.000000
v 0.281754 0.213014 -0.000000
v 0.279129 0.213077 -0.000000
v 0.276483 0.213119 -0.000000
v 0.273810 0.213134 -0.000000
v 0.267474 0.213100 -0.000000
v 0.261140 0.212995 -0.000000
v 0.254812 0.212810 -0.000000
v 0.248492 0.212536 -0.000000
v 0.242183 0.212167 -0.000000
v 0.235887 0.211694 -0.000000
v 0.229607 0.211108 -0.000000
v 0.223346 0.210403 -0.000000
v 0.217106 0.209569 -0.000000
v 0.210890 0.208600 -0.000000
v 0.204701 0.207487 -0.000000
v 0.198541 0.206221 -0.000000
v 0.196756 0.205803 -0.000000
v 0.194889 0.205307 -0.000000
v 0.192984 0.204721 -0.000000
v 0.191088 0.204031 -0.000000
v 0.189245 0.203223 -0.000000
v 0.187500 0.202285 -0.000000
v 0.185900 0.201203 -0.000000
v 0.184488 0.199963 -0.000000
v 0.183312 0.198553 -0.000000
v 0.182415 0.196958 -0.000000
v 0.181844 0.195167 -0.000000
v 0.181644 0.193164 -0.000000
v 0.182013 0.189943 -0.000000
v 0.183059 0.187169 -0.000000
v 0.184692 0.184812 -0.000000
v 0.186821 0.182838 -0.000000
v 0.189355 0.181217 -0.000000
v 0.192204 0.179916 -0.000000
v 0.195277 0.178902 -0.000000
v 0.198484 0.178145 -0.000000
v 0.201733 0.177611 -0.000000
v 0.204934 0.177270 -0.000000
v 0.207996 0.177089 -0.000000
v 0.210830 0.177035 -0.000000
vn -0.0000 -0.0000 -1.0000
vt 0.238429 0.000000
vt 0.235624 0.000000
vt 0.237027 0.000000
vt 0.239832 0.000000
vt 0.241234 0.000000
vt 0.234222 0.000000
vt 0.242637 0.000000
vt 0.244039 0.000000
vt 0.232819 0.000000
vt 0.245442 0.000000
vt 0.246844 0.000000
vt 0.231417 0.000000
vt 0.248247 0.000000
vt 0.249649 0.000000
vt 0.230014 0.000000
vt 0.251052 0.000000
vt 0.252454 0.000000
vt 0.228611 0.000000
vt 0.253857 0.000000
vt 0.255259 0.000000
vt 0.227209 0.000000
vt 0.256662 0.000000
vt 0.225806 0.000000
vt 0.224404 0.000000
vt 0.258065 0.000000
vt 0.223001 0.000000
vt 0.259467 0.000000
vt 0.221599 0.000000
vt 0.260870 0.000000
vt 0.220196 0.000000
vt 0.262272 0.000000
vt 0.402525 0.000000
vt 0.399720 0.000000
vt 0.401122 0.000000
vt 0.398317 0.000000
vt 0.403927 0.000000
vt 0.405330 0.000000
vt 0.396914 0.000000
vt 0.406732 0.000000
vt 0.408135 0.000000
vt 0.395512 0.000000
vt 0.409537 0.000000
vt 0.394109 0.000000
vt 0.410940 0.000000
vt 0.392707 0.000000
vt 0.412342 0.000000
vt 0.391304 0.000000
vt 0.413745 0.000000
vt 0.218794 0.000000
vt 0.389902 0.000000
vt 0.415147 0.000000
vt 0.263675 0.000000
vt 0.388499 0.000000
vt 0.416550 0.000000
vt 0.387097 0.000000
vt 0.417952 0.000000
vt 0.265077 0.000000
vt 0.419355 0.000000
vt 0.385694 0.000000
vt 0.420757 0.000000
vt 0.266480 0.000000
vt 0.384292 0.000000
vt 0.422160 0.000000
vt 0.382889 0.000000
vt 0.267882 0.000000
vt 0.423562 0.000000
vt 0.217391 0.000000
vt 0.215989 0.000000
vt 0.214586 0.000000
vt 0.213184 0.000000
vt 0.381487 0.000000
vt 0.269285 0.000000
vt 0.211781 0.000000
vt 0.210379 0.000000
vt 0.208976 0.000000
vt 0.207574 0.000000
vt 0.206171 0.000000
vt 0.424965 0.000000
vt 0.270687 0.000000
vt 0.204769 0.000000
vt 0.380084 0.000000
vt 0.203366 0.000000
vt 0.201964 0.000000
vt 0.200561 0.000000
vt 0.272090 0.000000
vt 0.199158 0.000000
vt 0.378682 0.000000
vt 0.273492 0.000000
vt 0.197756 0.000000
vt 0.274895 0.000000
vt 0.196353 0.000000
vt 0.276297 0.000000
vt 0.194951 0.000000
vt 0.426367 0.000000
vt 0.277700 0.000000
vt 0.377279 0.000000
vt 0.279102 0.000000
vt 0.280505 0.000000
vt 0.281907 0.000000
vt 0.193548 0.000000
vt 0.283310 0.000000
vt 0.284712 0.000000
vt 0.192146 0.000000
vt 0.190743 0.000000
vt 0.189341 0.000000
vt 0.286115 0.000000
vt 0.187938 0.000000
vt 0.169705 0.000000
vt 0.166900 0.000000
vt 0.168303 0.000000
vt 0.171108 0.000000
vt 0.165498 0.000000
vt 0.172511 0.000000
vt 0.173913 0.000000
vt 0.175316 0.000000
vt 0.164095 0.000000
vt 0.186536 0.000000
vt 0.176718 0.000000
vt 0.178121 0.000000
vt 0.179523 0.000000
vt 0.180926 0.000000
vt 0.162693 0.000000
vt 0.182328 0.000000
vt 0.185133 0.000000
vt 0.183731 0.000000
vt 0.375877 0.000000
vt 0.161290 0.000000
vt 0.159888 0.000000
vt 0.158485 0.000000
vt 0.287518 0.000000
vt 0.157083 0.000000
vt 0.155680 0.000000
vt 0.154278 0.000000
vt 0.374474 0.000000
vt 0.288920 0.000000
vt 0.152875 0.000000
vt 0.427770 0.000000
vt 0.290323 0.000000
vt 0.151473 0.000000
vt 0.150070 0.000000
vt 0.373072 0.000000
vt 0.291725 0.000000
vt 0.293128 0.000000
vt 0.148668 0.000000
vt 0.371669 0.000000
vt 0.294530 0.000000
vt 0.147265 0.000000
vt 0.370266 0.000000
vt 0.295933 0.000000
vt 0.429173 0.000000
vt 0.625526 0.000000
vt 0.297335 0.000000
vt 0.145863 0.000000
vt 0.624123 0.000000
vt 0.626928 0.000000
vt 0.628331 0.000000
vt 0.368864 0.000000
vt 0.629734 0.000000
vt 0.622721 0.000000
vt 0.631136 0.000000
vt 0.632539 0.000000
vt 0.633941 0.000000
vt 0.298738 0.000000
vt 0.635344 0.000000
vt 0.621318 0.000000
vt 0.636746 0.000000
vt 0.144460 0.000000
vt 0.638149 0.000000
vt 0.639551 0.000000
vt 0.300140 0.000000
vt 0.619916 0.000000
vt 0.640954 0.000000
vt 0.367461 0.000000
vt 0.642356 0.000000
vt 0.573633 0.000000
vt 0.301543 0.000000
vt 0.430575 0.000000
vt 0.618513 0.000000
vt 0.143058 0.000000
vt 0.302945 0.000000
vt 0.366059 0.000000
vt 0.617111 0.000000
vt 0.304348 0.000000
vt 0.141655 0.000000
vt 0.305750 0.000000
vt 0.615708 0.000000
vt 0.364656 0.000000
vt 0.307153 0.000000
vt 0.140252 0.000000
vt 0.614306 0.000000
vt 0.308555 0.000000
vt 0.431978 0.000000
vt 0.363254 0.000000
vt 0.309958 0.000000
vt 0.612903 0.000000
vt 0.660589 0.000000
vt 0.779804 0.000000
vt 0.138850 0.000000
vt 0.311360 0.000000
vt 0.659187 0.000000
vt 0.661992 0.000000
vt 0.657784 0.000000
vt 0.778401 0.000000
vt 0.781206 0.000000
vt 0.776999 0.000000
vt 0.775596 0.000000
vt 0.774194 0.000000
vt 0.656381 0.000000
vt 0.663394 0.000000
vt 0.772791 0.000000
vt 0.771388 0.000000
vt 0.769986 0.000000
vt 0.782609 0.000000
vt 0.768583 0.000000
vt 0.767181 0.000000
vt 0.765778 0.000000
vt 0.654979 0.000000
vt 0.764376 0.000000
vt 0.762973 0.000000
vt 0.761571 0.000000
vt 0.653576 0.000000
vt 0.611501 0.000000
vt 0.664797 0.000000
vt 0.784011 0.000000
vt 0.312763 0.000000
vt 0.652174 0.000000
vt 0.760168 0.000000
vt 0.361851 0.000000
vt 0.650771 0.000000
vt 0.785414 0.000000
vt 0.137447 0.000000
vt 0.758766 0.000000
vt 0.666199 0.000000
vt 0.649369 0.000000
vt 0.314166 0.000000
vt 0.610098 0.000000
vt 0.757363 0.000000
vt 0.647966 0.000000
vt 0.786816 0.000000
vt 0.755961 0.000000
vt 0.646564 0.000000
vt 0.667602 0.000000
vt 0.315568 0.000000
vt 0.608696 0.000000
vt 0.645161 0.000000
vt 0.433380 0.000000
vt 0.754558 0.000000
vt 0.136045 0.000000
vt 0.360449 0.000000
vt 0.788219 0.000000
vt 0.643759 0.000000
vt 0.316971 0.000000
vt 0.753156 0.000000
vt 0.607293 0.000000
vt 0.727910 0.000000
vt 0.669004 0.000000
vt 0.751753 0.000000
vt 0.789621 0.000000
vt 0.318373 0.000000
vt 0.750351 0.000000
vt 0.134642 0.000000
vt 0.670407 0.000000
vt 0.748948 0.000000
vt 0.575035 0.000000
vt 0.359046 0.000000
vt 0.319776 0.000000
vt 0.791024 0.000000
vt 0.747546 0.000000
vt 0.576438 0.000000
vt 0.746143 0.000000
vt 0.133240 0.000000
vt 0.577840 0.000000
vt 0.321178 0.000000
vt 0.671809 0.000000
vt 0.792426 0.000000
vt 0.744741 0.000000
vt 0.579243 0.000000
vt 0.131837 0.000000
vt 0.322581 0.000000
vt 0.580645 0.000000
vt 0.357644 0.000000
vt 0.605891 0.000000
vt 0.673212 0.000000
vt 0.434783 0.000000
vt 0.130435 0.000000
vt 0.793829 0.000000
vt 0.743338 0.000000
vt 0.604488 0.000000
vt 0.582048 0.000000
vt 0.323983 0.000000
vt 0.603086 0.000000
vt 0.129032 0.000000
vt 0.583450 0.000000
vt 0.601683 0.000000
vt 0.795231 0.000000
vt 0.674614 0.000000
vt 0.741935 0.000000
vt 0.600281 0.000000
vt 0.325386 0.000000
vt 0.584853 0.000000
vt 0.598878 0.000000
vt 0.127630 0.000000
vt 0.356241 0.000000
vt 0.796634 0.000000
vt 0.597475 0.000000
vt 0.586255 0.000000
vt 0.596073 0.000000
vt 0.676017 0.000000
vt 0.740533 0.000000
vt 0.587658 0.000000
vt 0.126227 0.000000
vt 0.594670 0.000000
vt 0.798036 0.000000
vt 0.326788 0.000000
vt 0.593268 0.000000
vt 0.589060 0.000000
vt 0.591865 0.000000
vt 0.590463 0.000000
vt 0.799439 0.000000
vt 0.677419 0.000000
vt 0.124825 0.000000
vt 0.800842 0.000000
vt 0.739130 0.000000
vt 0.678822 0.000000
vt 0.802244 0.000000
vt 0.680224 0.000000
vt 0.328191 0.000000
vt 0.123422 0.000000
vt 0.681627 0.000000
vt 0.354839 0.000000
vt 0.683029 0.000000
vt 0.803647 0.000000
vt 0.684432 0.000000
vt 0.436185 0.000000
vt 0.737728 0.000000
vt 0.685835 0.000000
vt 0.805049 0.000000
vt 0.122020 0.000000
vt 0.687237 0.000000
vt 0.688640 0.000000
vt 0.806452 0.000000
vt 0.690042 0.000000
vt 0.329593 0.000000
vt 0.691445 0.000000
vt 0.120617 0.000000
vt 0.807854 0.000000
vt 0.692847 0.000000
vt 0.736325 0.000000
vt 0.694250 0.000000
vt 0.695652 0.000000
vt 0.809257 0.000000
vt 0.353436 0.000000
vt 0.119215 0.000000
vt 0.697055 0.000000
vt 0.810659 0.000000
vt 0.352034 0.000000
vt 0.330996 0.000000
vt 0.734923 0.000000
vt 0.812062 0.000000
vt 0.698457 0.000000
vt 0.117812 0.000000
vt 0.350631 0.000000
vt 0.813464 0.000000
vt 0.699860 0.000000
vt 0.814867 0.000000
vt 0.349229 0.000000
vt 0.116410 0.000000
vt 0.733520 0.000000
vt 0.726508 0.000000
vt 0.816269 0.000000
vt 0.332398 0.000000
vt 0.701262 0.000000
vt 0.725105 0.000000
vt 0.347826 0.000000
vt 0.817672 0.000000
vt 0.437588 0.000000
vt 0.723703 0.000000
vt 0.732118 0.000000
vt 0.819074 0.000000
vt 0.115007 0.000000
vt 0.702665 0.000000
vt 0.346424 0.000000
vt 0.722300 0.000000
vt 0.333801 0.000000
vt 0.820477 0.000000
vt 0.720898 0.000000
vt 0.345021 0.000000
vt 0.704067 0.000000
vt 0.730715 0.000000
vt 0.113604 0.000000
vt 0.821879 0.000000
vt 0.719495 0.000000
vt 0.335203 0.000000
vt 0.343619 0.000000
vt 0.705470 0.000000
vt 0.112202 0.000000
vt 0.718093 0.000000
vt 0.823282 0.000000
vt 0.729313 0.000000
vt 0.342216 0.000000
vt 0.110799 0.000000
vt 0.716690 0.000000
vt 0.706872 0.000000
vt 0.824684 0.000000
vt 0.336606 0.000000
vt 0.340813 0.000000
vt 0.109397 0.000000
vt 0.715288 0.000000
vt 0.826087 0.000000
vt 0.438990 0.000000
vt 0.708275 0.000000
vt 0.107994 0.000000
vt 0.830295 0.000000
vt 0.339411 0.000000
vt 0.338008 0.000000
vt 0.106592 0.000000
vt 0.713885 0.000000
vt 0.827489 0.000000
vt 0.709677 0.000000
vt 0.105189 0.000000
vt 0.712482 0.000000
vt 0.103787 0.000000
vt 0.828892 0.000000
vt 0.711080 0.000000
vt 0.102384 0.000000
vt 0.100982 0.000000
vt 0.099579 0.000000
vt 0.098177 0.000000
vt 0.440393 0.000000
vt 0.096774 0.000000
vt 0.095372 0.000000
vt 0.093969 0.000000
vt 0.092567 0.000000
vt 0.441795 0.000000
vt 0.882188 0.000000
vt 0.091164 0.000000
vt 0.089762 0.000000
vt 0.088359 0.000000
vt 0.086957 0.000000
vt 0.085554 0.000000
vt 0.880785 0.000000
vt 0.883590 0.000000
vt 0.879383 0.000000
vt 0.884993 0.000000
vt 0.877980 0.000000
vt 0.084151 0.000000
vt 0.876578 0.000000
vt 0.443198 0.000000
vt 0.082749 0.000000
vt 0.886396 0.000000
vt 0.875175 0.000000
vt 0.081346 0.000000
vt 0.873773 0.000000
vt 0.887798 0.000000
vt 0.872370 0.000000
vt 0.079944 0.000000
vt 0.870968 0.000000
vt 0.078541 0.000000
vt 0.889201 0.000000
vt 0.869565 0.000000
vt 0.077139 0.000000
vt 0.868163 0.000000
vt 0.075736 0.000000
vt 0.866760 0.000000
vt 0.890603 0.000000
vt 0.074334 0.000000
vt 0.865358 0.000000
vt 0.863955 0.000000
vt 0.444600 0.000000
vt 0.862553 0.000000
vt 0.072931 0.000000
vt 0.861150 0.000000
vt 0.859748 0.000000
vt 0.858345 0.000000
vt 0.856942 0.000000
vt 0.855540 0.000000
vt 0.071529 0.000000
vt 0.892006 0.000000
vt 0.854137 0.000000
vt 0.852735 0.000000
vt 0.851332 0.000000
vt 0.849930 0.000000
vt 0.070126 0.000000
vt 0.848527 0.000000
vt 0.847125 0.000000
vt 0.068724 0.000000
vt 0.845722 0.000000
vt 0.067321 0.000000
vt 0.893408 0.000000
vt 0.065919 0.000000
vt 0.064516 0.000000
vt 0.063114 0.000000
vt 0.844320 0.000000
vt 0.061711 0.000000
vt 0.060309 0.000000
vt 0.058906 0.000000
vt 0.894811 0.000000
vt 0.057504 0.000000
vt 0.056101 0.000000
vt 0.054698 0.000000
vt 0.053296 0.000000
vt 0.051893 0.000000
vt 0.842917 0.000000
vt 0.050491 0.000000
vt 0.049088 0.000000
vt 0.446003 0.000000
vt 0.047686 0.000000
vt 0.046283 0.000000
vt 0.044881 0.000000
vt 0.043478 0.000000
vt 0.896213 0.000000
vt 0.998598 0.000000
vt 1.000000 0.000000
vt 0.042076 0.000000
vt 0.040673 0.000000
vt 0.039271 0.000000
vt 0.037868 0.000000
vt 0.036466 0.000000
vt 0.932679 0.000000
vt 0.035063 0.000000
vt 0.934081 0.000000
vt 0.935484 0.000000
vt 0.997195 0.000000
vt 0.936886 0.000000
vt 0.995792 0.000000
vt 0.938289 0.000000
vt 0.033661 0.000000
vt 0.994390 0.000000
vt 0.841515 0.000000
vt 0.939691 0.000000
vt 0.992987 0.000000
vt 0.032258 0.000000
vt 0.941094 0.000000
vt 0.897616 0.000000
vt 0.030856 0.000000
vt 0.029453 0.000000
vt 0.942496 0.000000
vt 0.028050 0.000000
vt 0.991585 0.000000
vt 0.026648 0.000000
vt 0.943899 0.000000
vt 0.025245 0.000000
vt 0.023843 0.000000
vt 0.899018 0.000000
vt 0.022440 0.000000
vt 0.945302 0.000000
vt 0.990182 0.000000
vt 0.021038 0.000000
vt 0.840112 0.000000
vt 0.019635 0.000000
vt 0.946704 0.000000
vt 0.900421 0.000000
vt 0.018233 0.000000
vt 0.988780 0.000000
vt 0.016830 0.000000
vt 0.948107 0.000000
vt 0.901823 0.000000
vt 0.015428 0.000000
vt 0.949509 0.000000
vt 0.903226 0.000000
vt 0.987377 0.000000
vt 0.838710 0.000000
vt 0.447405 0.000000
vt 0.950912 0.000000
vt 0.904628 0.000000
vt 0.014025 0.000000
vt 0.906031 0.000000
vt 0.985975 0.000000
vt 0.952314 0.000000
vt 0.907433 0.000000
vt 0.837307 0.000000
vt 0.908836 0.000000
vt 0.953717 0.000000
vt 0.012623 0.000000
vt 0.984572 0.000000
vt 0.910238 0.000000
vt 0.835905 0.000000
vt 0.911641 0.000000
vt 0.955119 0.000000
vt 0.913043 0.000000
vt 0.011220 0.000000
vt 0.983170 0.000000
vt 0.914446 0.000000
vt 0.834502 0.000000
vt 0.448808 0.000000
vt 0.956522 0.000000
vt 0.915849 0.000000
vt 0.009818 0.000000
vt 0.833100 0.000000
vt 0.917251 0.000000
vt 0.918654 0.000000
vt 0.920056 0.000000
vt 0.921459 0.000000
vt 0.922861 0.000000
vt 0.957924 0.000000
vt 0.924264 0.000000
vt 0.831697 0.000000
vt 0.981767 0.000000
vt 0.925666 0.000000
vt 0.927069 0.000000
vt 0.928471 0.000000
vt 0.929874 0.000000
vt 0.931276 0.000000
vt 0.980365 0.000000
vt 0.008415 0.000000
vt 0.978962 0.000000
vt 0.959327 0.000000
vt 0.977560 0.000000
vt 0.976157 0.000000
vt 0.007013 0.000000
vt 0.960729 0.000000
vt 0.974755 0.000000
vt 0.450210 0.000000
vt 0.962132 0.000000
vt 0.973352 0.000000
vt 0.539972 0.000000
vt 0.005610 0.000000
vt 0.971950 0.000000
vt 0.538569 0.000000
vt 0.541374 0.000000
vt 0.963534 0.000000
vt 0.970547 0.000000
vt 0.542777 0.000000
vt 0.537167 0.000000
vt 0.004208 0.000000
vt 0.969144 0.000000
vt 0.964937 0.000000
vt 0.967742 0.000000
vt 0.966339 0.000000
vt 0.544179 0.000000
vt 0.535764 0.000000
vt 0.002805 0.000000
vt 0.001403 0.000000
vt 0.545582 0.000000
vt 0.451613 0.000000
vt 0.534362 0.000000
vt 0.000000 0.000000
vt 0.572230 0.000000
vt 0.546985 0.000000
vt 0.570827 0.000000
vt 0.532959 0.000000
vt 0.569425 0.000000
vt 0.453015 0.000000
vt 0.548387 0.000000
vt 0.531557 0.000000
vt 0.568022 0.000000
vt 0.549790 0.000000
vt 0.566620 0.000000
vt 0.454418 0.000000
vt 0.489481 0.000000
vt 0.490884 0.000000
vt 0.492286 0.000000
vt 0.493689 0.000000
vt 0.495091 0.000000
vt 0.530154 0.000000
vt 0.565217 0.000000
vt 0.551192 0.000000
vt 0.488079 0.000000
vt 0.496494 0.000000
vt 0.497896 0.000000
vt 0.486676 0.000000
vt 0.499299 0.000000
vt 0.500701 0.000000
vt 0.485273 0.000000
vt 0.502104 0.000000
vt 0.483871 0.000000
vt 0.503506 0.000000
vt 0.455820 0.000000
vt 0.528752 0.000000
vt 0.563815 0.000000
vt 0.504909 0.000000
vt 0.482468 0.000000
vt 0.506311 0.000000
vt 0.481066 0.000000
vt 0.552595 0.000000
vt 0.507714 0.000000
vt 0.479663 0.000000
vt 0.562412 0.000000
vt 0.509116 0.000000
vt 0.457223 0.000000
vt 0.478261 0.000000
vt 0.458626 0.000000
vt 0.510519 0.000000
vt 0.476858 0.000000
vt 0.527349 0.000000
vt 0.460028 0.000000
vt 0.475456 0.000000
vt 0.561010 0.000000
vt 0.461431 0.000000
vt 0.511921 0.000000
vt 0.553997 0.000000
vt 0.462833 0.000000
vt 0.474053 0.000000
vt 0.464236 0.000000
vt 0.472651 0.000000
vt 0.465638 0.000000
vt 0.467041 0.000000
vt 0.471248 0.000000
vt 0.469846 0.000000
vt 0.468443 0.000000
vt 0.513324 0.000000
vt 0.559607 0.000000
vt 0.514727 0.000000
vt 0.555400 0.000000
vt 0.525947 0.000000
vt 0.558205 0.000000
vt 0.516129 0.000000
vt 0.556802 0.000000
vt 0.517532 0.000000
vt 0.524544 0.000000
vt 0.518934 0.000000
vt 0.520337 0.000000
vt 0.523142 0.000000
vt 0.521739 0.000000
vt 0.122963 0.000000
vt 0.120000 0.000000
vt 0.121481 0.000000
vt 0.118519 0.000000
vt 0.124444 0.000000
vt 0.127407 0.000000
vt 0.125926 0.000000
vt 0.128889 0.000000
vt 0.117037 0.000000
vt 0.130370 0.000000
vt 0.115556 0.000000
vt 0.131852 0.000000
vt 0.114074 0.000000
vt 0.133333 0.000000
vt 0.112593 0.000000
vt 0.134815 0.000000
vt 0.111111 0.000000
vt 0.136296 0.000000
vt 0.109630 0.000000
vt 0.108148 0.000000
vt 0.137778 0.000000
vt 0.106667 0.000000
vt 0.139259 0.000000
vt 0.105185 0.000000
vt 0.140741 0.000000
vt 0.103704 0.000000
vt 0.142222 0.000000
vt 0.102222 0.000000
vt 0.143704 0.000000
vt 0.100741 0.000000
vt 0.145185 0.000000
vt 0.099259 0.000000
vt 0.146667 0.000000
vt 0.148148 0.000000
vt 0.097778 0.000000
vt 0.149630 0.000000
vt 0.096296 0.000000
vt 0.151111 0.000000
vt 0.152593 0.000000
vt 0.094815 0.000000
vt 0.154074 0.000000
vt 0.909630 0.000000
vt 0.911111 0.000000
vt 0.912593 0.000000
vt 0.948148 0.000000
vt 0.949630 0.000000
vt 0.951111 0.000000
vt 0.952593 0.000000
vt 0.954074 0.000000
vt 0.093333 0.000000
vt 0.908148 0.000000
vt 0.914074 0.000000
vt 0.915556 0.000000
vt 0.906667 0.000000
vt 0.917037 0.000000
vt 0.918519 0.000000
vt 0.946667 0.000000
vt 0.905185 0.000000
vt 0.920000 0.000000
vt 0.921481 0.000000
vt 0.945185 0.000000
vt 0.943704 0.000000
vt 0.942222 0.000000
vt 0.940741 0.000000
vt 0.922963 0.000000
vt 0.939259 0.000000
vt 0.903704 0.000000
vt 0.937778 0.000000
vt 0.924444 0.000000
vt 0.936296 0.000000
vt 0.934815 0.000000
vt 0.925926 0.000000
vt 0.933333 0.000000
vt 0.931852 0.000000
vt 0.927407 0.000000
vt 0.930370 0.000000
vt 0.928889 0.000000
vt 0.955556 0.000000
vt 0.902222 0.000000
vt 0.957037 0.000000
vt 0.155556 0.000000
vt 0.232593 0.000000
vt 0.958519 0.000000
vt 0.900741 0.000000
vt 0.960000 0.000000
vt 0.231111 0.000000
vt 0.234074 0.000000
vt 0.229630 0.000000
vt 0.961481 0.000000
vt 0.899259 0.000000
vt 0.228148 0.000000
vt 0.962963 0.000000
vt 0.226667 0.000000
vt 0.964444 0.000000
vt 0.897778 0.000000
vt 0.225185 0.000000
vt 0.965926 0.000000
vt 0.967407 0.000000
vt 0.968889 0.000000
vt 0.970370 0.000000
vt 0.223704 0.000000
vt 0.896296 0.000000
vt 0.971852 0.000000
vt 0.973333 0.000000
vt 0.974815 0.000000
vt 0.222222 0.000000
vt 0.976296 0.000000
vt 0.157037 0.000000
vt 0.894815 0.000000
vt 0.977778 0.000000
vt 0.220741 0.000000
vt 0.235556 0.000000
vt 0.979259 0.000000
vt 0.091852 0.000000
vt 0.980741 0.000000
vt 0.219259 0.000000
vt 0.893333 0.000000
vt 0.982222 0.000000
vt 0.217778 0.000000
vt 0.983704 0.000000
vt 0.891852 0.000000
vt 0.158519 0.000000
vt 0.216296 0.000000
vt 0.985185 0.000000
vt 0.890370 0.000000
vt 0.986667 0.000000
vt 0.888889 0.000000
vt 0.214815 0.000000
vt 0.887407 0.000000
vt 0.988148 0.000000
vt 0.885926 0.000000
vt 0.213333 0.000000
vt 0.989630 0.000000
vt 0.090370 0.000000
vt 0.884444 0.000000
vt 0.211852 0.000000
vt 0.160000 0.000000
vt 0.991111 0.000000
vt 0.882963 0.000000
vt 0.992593 0.000000
vt 0.210370 0.000000
vt 0.237037 0.000000
vt 0.881481 0.000000
vt 0.994074 0.000000
vt 0.880000 0.000000
vt 0.995556 0.000000
vt 0.878519 0.000000
vt 0.208889 0.000000
vt 0.877037 0.000000
vt 0.997037 0.000000
vt 0.875556 0.000000
vt 0.998519 0.000000
vt 0.207407 0.000000
vt 0.205926 0.000000
vt 0.204444 0.000000
vt 0.161481 0.000000
vt 0.202963 0.000000
vt 0.201481 0.000000
vt 0.200000 0.000000
vt 0.198519 0.000000
vt 0.088889 0.000000
vt 0.197037 0.000000
vt 0.162963 0.000000
vt 0.195556 0.000000
vt 0.238519 0.000000
vt 0.164444 0.000000
vt 0.194074 0.000000
vt 0.087407 0.000000
vt 0.085926 0.000000
vt 0.084444 0.000000
vt 0.082963 0.000000
vt 0.165926 0.000000
vt 0.192593 0.000000
vt 0.081481 0.000000
vt 0.240000 0.000000
vt 0.080000 0.000000
vt 0.078519 0.000000
vt 0.077037 0.000000
vt 0.167407 0.000000
vt 0.075556 0.000000
vt 0.191111 0.000000
vt 0.074074 0.000000
vt 0.072593 0.000000
vt 0.071111 0.000000
vt 0.168889 0.000000
vt 0.189630 0.000000
vt 0.069630 0.000000
vt 0.068148 0.000000
vt 0.241481 0.000000
vt 0.170370 0.000000
vt 0.188148 0.000000
vt 0.066667 0.000000
vt 0.171852 0.000000
vt 0.186667 0.000000
vt 0.065185 0.000000
vt 0.056296 0.000000
vt 0.063704 0.000000
vt 0.057778 0.000000
vt 0.062222 0.000000
vt 0.059259 0.000000
vt 0.054815 0.000000
vt 0.060741 0.000000
vt 0.173333 0.000000
vt 0.053333 0.000000
vt 0.185185 0.000000
vt 0.051852 0.000000
vt 0.050370 0.000000
vt 0.174815 0.000000
vt 0.183704 0.000000
vt 0.048889 0.000000
vt 0.176296 0.000000
vt 0.182222 0.000000
vt 0.047407 0.000000
vt 0.177778 0.000000
vt 0.180741 0.000000
vt 0.179259 0.000000
vt 0.045926 0.000000
vt 0.044444 0.000000
vt 0.242963 0.000000
vt 0.042963 0.000000
vt 0.041481 0.000000
vt 0.040000 0.000000
vt 0.038519 0.000000
vt 0.037037 0.000000
vt 0.035556 0.000000
vt 0.034074 0.000000
vt 0.032593 0.000000
vt 0.244444 0.000000
vt 0.871111 0.000000
vt 0.872593 0.000000
vt 0.874074 0.000000
vt 0.031111 0.000000
vt 0.029630 0.000000
vt 0.028148 0.000000
vt 0.001481 0.000000
vt 0.002963 0.000000
vt 0.004444 0.000000
vt 0.869630 0.000000
vt 0.005926 0.000000
vt 0.026667 0.000000
vt 0.007407 0.000000
vt 0.868148 0.000000
vt 0.008889 0.000000
vt 0.025185 0.000000
vt 0.010370 0.000000
vt 0.866667 0.000000
vt 0.011852 0.000000
vt 0.023704 0.000000
vt 0.013333 0.000000
vt 0.022222 0.000000
vt 0.014815 0.000000
vt 0.020741 0.000000
vt 0.016296 0.000000
vt 0.019259 0.000000
vt 0.865185 0.000000
vt 0.017778 0.000000
vt 0.863704 0.000000
vt 0.862222 0.000000
vt 0.860741 0.000000
vt 0.859259 0.000000
vt 0.857778 0.000000
vt 0.245926 0.000000
vt 0.856296 0.000000
vt 0.854815 0.000000
vt 0.853333 0.000000
vt 0.851852 0.000000
vt 0.850370 0.000000
vt 0.848889 0.000000
vt 0.847407 0.000000
vt 0.845926 0.000000
vt 0.844444 0.000000
vt 0.842963 0.000000
vt 0.841482 0.000000
vt 0.840000 0.000000
vt 0.838519 0.000000
vt 0.837037 0.000000
vt 0.835556 0.000000
vt 0.834074 0.000000
vt 0.832593 0.000000
vt 0.798519 0.000000
vt 0.795556 0.000000
vt 0.797037 0.000000
vt 0.800000 0.000000
vt 0.801481 0.000000
vt 0.794074 0.000000
vt 0.802963 0.000000
vt 0.804444 0.000000
vt 0.831111 0.000000
vt 0.805926 0.000000
vt 0.807407 0.000000
vt 0.792593 0.000000
vt 0.808889 0.000000
vt 0.829630 0.000000
vt 0.810370 0.000000
vt 0.811852 0.000000
vt 0.828148 0.000000
vt 0.791111 0.000000
vt 0.813333 0.000000
vt 0.814815 0.000000
vt 0.826667 0.000000
vt 0.816296 0.000000
vt 0.825185 0.000000
vt 0.817778 0.000000
vt 0.823704 0.000000
vt 0.247407 0.000000
vt 0.819259 0.000000
vt 0.822222 0.000000
vt 0.820741 0.000000
vt 0.789630 0.000000
vt 0.788148 0.000000
vt 0.786667 0.000000
vt 0.785185 0.000000
vt 0.783704 0.000000
vt 0.782222 0.000000
vt 0.248889 0.000000
vt 0.780741 0.000000
vt 0.779259 0.000000
vt 0.777778 0.000000
vt 0.250370 0.000000
vt 0.776296 0.000000
vt 0.774815 0.000000
vt 0.251852 0.000000
vt 0.773333 0.000000
vt 0.771852 0.000000
vt 0.253333 0.000000
vt 0.770370 0.000000
vt 0.254815 0.000000
vt 0.322963 0.000000
vt 0.324444 0.000000
vt 0.768889 0.000000
vt 0.256296 0.000000
vt 0.300741 0.000000
vt 0.302222 0.000000
vt 0.318519 0.000000
vt 0.320000 0.000000
vt 0.321481 0.000000
vt 0.325926 0.000000
vt 0.327407 0.000000
vt 0.317037 0.000000
vt 0.315556 0.000000
vt 0.328889 0.000000
vt 0.314074 0.000000
vt 0.312593 0.000000
vt 0.303704 0.000000
vt 0.311111 0.000000
vt 0.309630 0.000000
vt 0.330370 0.000000
vt 0.308148 0.000000
vt 0.306667 0.000000
vt 0.305185 0.000000
vt 0.299259 0.000000
vt 0.297778 0.000000
vt 0.296296 0.000000
vt 0.331852 0.000000
vt 0.294815 0.000000
vt 0.293333 0.000000
vt 0.767407 0.000000
vt 0.291852 0.000000
vt 0.333333 0.000000
vt 0.290370 0.000000
vt 0.288889 0.000000
vt 0.334815 0.000000
vt 0.287407 0.000000
vt 0.285926 0.000000
vt 0.336296 0.000000
vt 0.257778 0.000000
vt 0.284444 0.000000
vt 0.337778 0.000000
vt 0.282963 0.000000
vt 0.765926 0.000000
vt 0.339259 0.000000
vt 0.281481 0.000000
vt 0.259259 0.000000
vt 0.280000 0.000000
vt 0.340741 0.000000
vt 0.764444 0.000000
vt 0.260741 0.000000
vt 0.278519 0.000000
vt 0.342222 0.000000
vt 0.277037 0.000000
vt 0.262222 0.000000
vt 0.275556 0.000000
vt 0.762963 0.000000
vt 0.263704 0.000000
vt 0.274074 0.000000
vt 0.265185 0.000000
vt 0.272593 0.000000
vt 0.343704 0.000000
vt 0.761481 0.000000
vt 0.266667 0.000000
vt 0.271111 0.000000
vt 0.268148 0.000000
vt 0.269630 0.000000
vt 0.760000 0.000000
vt 0.345185 0.000000
vt 0.758519 0.000000
vt 0.346667 0.000000
vt 0.757037 0.000000
vt 0.755556 0.000000
vt 0.348148 0.000000
vt 0.754074 0.000000
vt 0.733333 0.000000
vt 0.730370 0.000000
vt 0.731852 0.000000
vt 0.734815 0.000000
vt 0.736296 0.000000
vt 0.728889 0.000000
vt 0.737778 0.000000
vt 0.739259 0.000000
vt 0.752593 0.000000
vt 0.740741 0.000000
vt 0.742222 0.000000
vt 0.727407 0.000000
vt 0.743704 0.000000
vt 0.751111 0.000000
vt 0.745185 0.000000
vt 0.746667 0.000000
vt 0.748148 0.000000
vt 0.749630 0.000000
vt 0.349630 0.000000
vt 0.725926 0.000000
vt 0.382222 0.000000
vt 0.379259 0.000000
vt 0.380741 0.000000
vt 0.377778 0.000000
vt 0.383704 0.000000
vt 0.376296 0.000000
vt 0.374815 0.000000
vt 0.373333 0.000000
vt 0.385185 0.000000
vt 0.371852 0.000000
vt 0.370370 0.000000
vt 0.386667 0.000000
vt 0.368889 0.000000
vt 0.351111 0.000000
vt 0.724444 0.000000
vt 0.367407 0.000000
vt 0.388148 0.000000
vt 0.365926 0.000000
vt 0.364444 0.000000
vt 0.352593 0.000000
vt 0.362963 0.000000
vt 0.361481 0.000000
vt 0.389630 0.000000
vt 0.354074 0.000000
vt 0.360000 0.000000
vt 0.358519 0.000000
vt 0.355556 0.000000
vt 0.357037 0.000000
vt 0.722963 0.000000
vt 0.391111 0.000000
vt 0.721482 0.000000
vt 0.392593 0.000000
vt 0.720000 0.000000
vt 0.394074 0.000000
vt 0.395556 0.000000
vt 0.718518 0.000000
vt 0.397037 0.000000
vt 0.398519 0.000000
vt 0.717037 0.000000
vt 0.400000 0.000000
vt 0.401481 0.000000
vt 0.402963 0.000000
vt 0.715556 0.000000
vt 0.404444 0.000000
vt 0.405926 0.000000
vt 0.407407 0.000000
vt 0.714074 0.000000
vt 0.408889 0.000000
vt 0.410370 0.000000
vt 0.411852 0.000000
vt 0.712593 0.000000
vt 0.413333 0.000000
vt 0.711111 0.000000
vt 0.414815 0.000000
vt 0.709630 0.000000
vt 0.416296 0.000000
vt 0.708148 0.000000
vt 0.417778 0.000000
vt 0.419259 0.000000
vt 0.706667 0.000000
vt 0.420741 0.000000
vt 0.705185 0.000000
vt 0.422222 0.000000
vt 0.703704 0.000000
vt 0.423704 0.000000
vt 0.702222 0.000000
vt 0.425185 0.000000
vt 0.426667 0.000000
vt 0.700741 0.000000
vt 0.428148 0.000000
vt 0.699259 0.000000
vt 0.429630 0.000000
vt 0.697778 0.000000
vt 0.431111 0.000000
vt 0.696296 0.000000
vt 0.694815 0.000000
vt 0.432593 0.000000
vt 0.693333 0.000000
vt 0.434074 0.000000
vt 0.691852 0.000000
vt 0.435556 0.000000
vt 0.690370 0.000000
vt 0.437037 0.000000
vt 0.688889 0.000000
vt 0.684444 0.000000
vt 0.685926 0.000000
vt 0.687407 0.000000
vt 0.682963 0.000000
vt 0.438519 0.000000
vt 0.681481 0.000000
vt 0.680000 0.000000
vt 0.440000 0.000000
vt 0.484444 0.000000
vt 0.485926 0.000000
vt 0.678519 0.000000
vt 0.441481 0.000000
vt 0.481481 0.000000
vt 0.482963 0.000000
vt 0.480000 0.000000
vt 0.478519 0.000000
vt 0.477037 0.000000
vt 0.475556 0.000000
vt 0.474074 0.000000
vt 0.487407 0.000000
vt 0.472593 0.000000
vt 0.471111 0.000000
vt 0.488889 0.000000
vt 0.442963 0.000000
vt 0.469630 0.000000
vt 0.468148 0.000000
vt 0.466667 0.000000
vt 0.490370 0.000000
vt 0.465185 0.000000
vt 0.463704 0.000000
vt 0.491852 0.000000
vt 0.444444 0.000000
vt 0.462222 0.000000
vt 0.460741 0.000000
vt 0.445926 0.000000
vt 0.447407 0.000000
vt 0.448889 0.000000
vt 0.459259 0.000000
vt 0.493333 0.000000
vt 0.450370 0.000000
vt 0.451852 0.000000
vt 0.453333 0.000000
vt 0.457778 0.000000
vt 0.454815 0.000000
vt 0.456296 0.000000
vt 0.494815 0.000000
vt 0.677037 0.000000
vt 0.496296 0.000000
vt 0.497778 0.000000
vt 0.499259 0.000000
vt 0.500741 0.000000
vt 0.502222 0.000000
vt 0.675556 0.000000
vt 0.503704 0.000000
vt 0.505185 0.000000
vt 0.674074 0.000000
vt 0.506667 0.000000
vt 0.508148 0.000000
vt 0.509630 0.000000
vt 0.511111 0.000000
vt 0.539259 0.000000
vt 0.536296 0.000000
vt 0.537778 0.000000
vt 0.534815 0.000000
vt 0.540741 0.000000
vt 0.533333 0.000000
vt 0.542222 0.000000
vt 0.531852 0.000000
vt 0.530370 0.000000
vt 0.543704 0.000000
vt 0.528889 0.000000
vt 0.512593 0.000000
vt 0.527407 0.000000
vt 0.545185 0.000000
vt 0.525926 0.000000
vt 0.514074 0.000000
vt 0.672593 0.000000
vt 0.524444 0.000000
vt 0.522963 0.000000
vt 0.515556 0.000000
vt 0.546667 0.000000
vt 0.521481 0.000000
vt 0.517037 0.000000
vt 0.520000 0.000000
vt 0.518519 0.000000
vt 0.548148 0.000000
vt 0.549630 0.000000
vt 0.551111 0.000000
vt 0.671111 0.000000
vt 0.552593 0.000000
vt 0.554074 0.000000
vt 0.555556 0.000000
vt 0.669630 0.000000
vt 0.557037 0.000000
vt 0.558519 0.000000
vt 0.560000 0.000000
vt 0.561481 0.000000
vt 0.562963 0.000000
vt 0.564444 0.000000
vt 0.565926 0.000000
vt 0.567407 0.000000
vt 0.668148 0.000000
vt 0.568889 0.000000
vt 0.570370 0.000000
vt 0.571852 0.000000
vt 0.573333 0.000000
vt 0.574815 0.000000
vt 0.576296 0.000000
vt 0.666667 0.000000
vt 0.577778 0.000000
vt 0.579259 0.000000
vt 0.580741 0.000000
vt 0.665185 0.000000
vt 0.582222 0.000000
vt 0.583704 0.000000
vt 0.585185 0.000000
vt 0.663704 0.000000
vt 0.586667 0.000000
vt 0.588148 0.000000
vt 0.589630 0.000000
vt 0.662222 0.000000
vt 0.591111 0.000000
vt 0.592593 0.000000
vt 0.594074 0.000000
vt 0.660741 0.000000
vt 0.595556 0.000000
vt 0.597037 0.000000
vt 0.659259 0.000000
vt 0.657778 0.000000
vt 0.598518 0.000000
vt 0.656296 0.000000
vt 0.654815 0.000000
vt 0.600000 0.000000
vt 0.653333 0.000000
vt 0.651852 0.000000
vt 0.601481 0.000000
vt 0.650370 0.000000
vt 0.625185 0.000000
vt 0.648889 0.000000
vt 0.623704 0.000000
vt 0.626667 0.000000
vt 0.628148 0.000000
vt 0.602963 0.000000
vt 0.647407 0.000000
vt 0.622222 0.000000
vt 0.629630 0.000000
vt 0.620741 0.000000
vt 0.631111 0.000000
vt 0.632593 0.000000
vt 0.619259 0.000000
vt 0.634074 0.000000
vt 0.645926 0.000000
vt 0.635556 0.000000
vt 0.617778 0.000000
vt 0.637037 0.000000
vt 0.638519 0.000000
vt 0.616296 0.000000
vt 0.644444 0.000000
vt 0.640000 0.000000
vt 0.641481 0.000000
vt 0.642963 0.000000
vt 0.604444 0.000000
vt 0.614815 0.000000
vt 0.613333 0.000000
vt 0.611852 0.000000
vt 0.605926 0.000000
vt 0.610370 0.000000
vt 0.608889 0.000000
vt 0.607407 0.000000
s 0
usemtl マテリアル
f 171/1/1 169/2/1 170/3/1
f 172/4/1 169/2/1 171/1/1
f 173/5/1 169/2/1 172/4/1
f 173/5/1 168/6/1 169/2/1
f 174/7/1 168/6/1 173/5/1
f 175/8/1 168/6/1 174/7/1
f 175/8/1 167/9/1 168/6/1
f 176/10/1 167/9/1 175/8/1
f 177/11/1 167/9/1 176/10/1
f 177/11/1 166/12/1 167/9/1
f 178/13/1 166/12/1 177/11/1
f 179/14/1 166/12/1 178/13/1
f 179/14/1 165/15/1 166/12/1
f 180/16/1 165/15/1 179/14/1
f 181/17/1 165/15/1 180/16/1
f 181/17/1 164/18/1 165/15/1
f 182/19/1 164/18/1 181/17/1
f 183/20/1 164/18/1 182/19/1
f 183/20/1 163/21/1 164/18/1
f 184/22/1 163/21/1 183/20/1
f 184/22/1 162/23/1 163/21/1
f 184/22/1 161/24/1 162/23/1
f 185/25/1 161/24/1 184/22/1
f 185/25/1 160/26/1 161/24/1
f 186/27/1 160/26/1 185/25/1
f 186/27/1 159/28/1 160/26/1
f 187/29/1 159/28/1 186/27/1
f 187/29/1 158/30/1 159/28/1
f 188/31/1 158/30/1 187/29/1
f 288/32/1 286/33/1 287/34/1
f 288/32/1 285/35/1 286/33/1
f 289/36/1 285/35/1 288/32/1
f 290/37/1 285/35/1 289/36/1
f 290/37/1 284/38/1 285/35/1
f 291/39/1 284/38/1 290/37/1
f 292/40/1 284/38/1 291/39/1
f 292/40/1 283/41/1 284/38/1
f 293/42/1 283/41/1 292/40/1
f 293/42/1 282/43/1 283/41/1
f 294/44/1 282/43/1 293/42/1
f 294/44/1 281/45/1 282/43/1
f 295/46/1 281/45/1 294/44/1
f 295/46/1 280/47/1 281/45/1
f 296/48/1 280/47/1 295/46/1
f 188/31/1 157/49/1 158/30/1
f 296/48/1 279/50/1 280/47/1
f 297/51/1 279/50/1 296/48/1
f 189/52/1 157/49/1 188/31/1
f 297/51/1 278/53/1 279/50/1
f 298/54/1 278/53/1 297/51/1
f 298/54/1 277/55/1 278/53/1
f 299/56/1 277/55/1 298/54/1
f 190/57/1 157/49/1 189/52/1
f 300/58/1 277/55/1 299/56/1
f 300/58/1 276/59/1 277/55/1
f 301/60/1 276/59/1 300/58/1
f 191/61/1 157/49/1 190/57/1
f 301/60/1 275/62/1 276/59/1
f 302/63/1 275/62/1 301/60/1
f 302/63/1 274/64/1 275/62/1
f 192/65/1 157/49/1 191/61/1
f 303/66/1 274/64/1 302/63/1
f 192/65/1 156/67/1 157/49/1
f 192/65/1 155/68/1 156/67/1
f 192/65/1 154/69/1 155/68/1
f 192/65/1 153/70/1 154/69/1
f 303/66/1 273/71/1 274/64/1
f 193/72/1 153/70/1 192/65/1
f 193/72/1 152/73/1 153/70/1
f 193/72/1 151/74/1 152/73/1
f 193/72/1 150/75/1 151/74/1
f 193/72/1 149/76/1 150/75/1
f 193/72/1 148/77/1 149/76/1
f 304/78/1 273/71/1 303/66/1
f 194/79/1 148/77/1 193/72/1
f 194/79/1 147/80/1 148/77/1
f 304/78/1 272/81/1 273/71/1
f 194/79/1 146/82/1 147/80/1
f 194/79/1 145/83/1 146/82/1
f 194/79/1 144/84/1 145/83/1
f 195/85/1 144/84/1 194/79/1
f 195/85/1 143/86/1 144/84/1
f 304/78/1 271/87/1 272/81/1
f 196/88/1 143/86/1 195/85/1
f 196/88/1 142/89/1 143/86/1
f 197/90/1 142/89/1 196/88/1
f 197/90/1 141/91/1 142/89/1
f 198/92/1 141/91/1 197/90/1
f 198/92/1 140/93/1 141/91/1
f 305/94/1 271/87/1 304/78/1
f 199/95/1 140/93/1 198/92/1
f 305/94/1 270/96/1 271/87/1
f 200/97/1 140/93/1 199/95/1
f 201/98/1 140/93/1 200/97/1
f 202/99/1 140/93/1 201/98/1
f 202/99/1 139/100/1 140/93/1
f 203/101/1 139/100/1 202/99/1
f 204/102/1 139/100/1 203/101/1
f 204/102/1 138/103/1 139/100/1
f 204/102/1 137/104/1 138/103/1
f 204/102/1 136/105/1 137/104/1
f 205/106/1 136/105/1 204/102/1
f 205/106/1 135/107/1 136/105/1
f 122/108/1 120/109/1 121/110/1
f 123/111/1 120/109/1 122/108/1
f 123/111/1 119/112/1 120/109/1
f 124/113/1 119/112/1 123/111/1
f 125/114/1 119/112/1 124/113/1
f 126/115/1 119/112/1 125/114/1
f 126/115/1 118/116/1 119/112/1
f 205/106/1 134/117/1 135/107/1
f 127/118/1 118/116/1 126/115/1
f 128/119/1 118/116/1 127/118/1
f 129/120/1 118/116/1 128/119/1
f 130/121/1 118/116/1 129/120/1
f 130/121/1 117/122/1 118/116/1
f 131/123/1 117/122/1 130/121/1
f 205/106/1 133/124/1 134/117/1
f 132/125/1 117/122/1 131/123/1
f 133/124/1 117/122/1 132/125/1
f 205/106/1 117/122/1 133/124/1
f 305/94/1 269/126/1 270/96/1
f 205/106/1 116/127/1 117/122/1
f 205/106/1 115/128/1 116/127/1
f 205/106/1 114/129/1 115/128/1
f 206/130/1 114/129/1 205/106/1
f 206/130/1 113/131/1 114/129/1
f 206/130/1 112/132/1 113/131/1
f 206/130/1 111/133/1 112/132/1
f 305/94/1 268/134/1 269/126/1
f 207/135/1 111/133/1 206/130/1
f 207/135/1 110/136/1 111/133/1
f 306/137/1 268/134/1 305/94/1
f 208/138/1 110/136/1 207/135/1
f 208/138/1 109/139/1 110/136/1
f 208/138/1 108/140/1 109/139/1
f 306/137/1 267/141/1 268/134/1
f 209/142/1 108/140/1 208/138/1
f 210/143/1 108/140/1 209/142/1
f 210/143/1 107/144/1 108/140/1
f 306/137/1 266/145/1 267/141/1
f 211/146/1 107/144/1 210/143/1
f 211/146/1 106/147/1 107/144/1
f 306/137/1 265/148/1 266/145/1
f 212/149/1 106/147/1 211/146/1
f 307/150/1 447/151/1 306/137/1
f 447/151/1 265/148/1 306/137/1
f 213/152/1 106/147/1 212/149/1
f 213/152/1 105/153/1 106/147/1
f 307/150/1 446/154/1 447/151/1
f 448/155/1 265/148/1 447/151/1
f 449/156/1 265/148/1 448/155/1
f 449/156/1 264/157/1 265/148/1
f 450/158/1 264/157/1 449/156/1
f 307/150/1 445/159/1 446/154/1
f 451/160/1 264/157/1 450/158/1
f 452/161/1 264/157/1 451/160/1
f 453/162/1 264/157/1 452/161/1
f 214/163/1 105/153/1 213/152/1
f 454/164/1 264/157/1 453/162/1
f 307/150/1 444/165/1 445/159/1
f 455/166/1 264/157/1 454/164/1
f 214/163/1 104/167/1 105/153/1
f 456/168/1 264/157/1 455/166/1
f 457/169/1 264/157/1 456/168/1
f 215/170/1 104/167/1 214/163/1
f 307/150/1 443/171/1 444/165/1
f 458/172/1 264/157/1 457/169/1
f 458/172/1 263/173/1 264/157/1
f 459/174/1 263/173/1 458/172/1
f 410/175/1 263/173/1 459/174/1
f 216/176/1 104/167/1 215/170/1
f 308/177/1 443/171/1 307/150/1
f 308/177/1 442/178/1 443/171/1
f 216/176/1 103/179/1 104/167/1
f 217/180/1 103/179/1 216/176/1
f 410/175/1 262/181/1 263/173/1
f 308/177/1 441/182/1 442/178/1
f 218/183/1 103/179/1 217/180/1
f 218/183/1 102/184/1 103/179/1
f 219/185/1 102/184/1 218/183/1
f 308/177/1 440/186/1 441/182/1
f 410/175/1 261/187/1 262/181/1
f 220/188/1 102/184/1 219/185/1
f 220/188/1 101/189/1 102/184/1
f 308/177/1 439/190/1 440/186/1
f 221/191/1 101/189/1 220/188/1
f 309/192/1 439/190/1 308/177/1
f 410/175/1 260/193/1 261/187/1
f 222/194/1 101/189/1 221/191/1
f 309/192/1 438/195/1 439/190/1
f 222/194/1 472/196/1 101/189/1
f 472/196/1 557/197/1 101/189/1
f 557/197/1 100/198/1 101/189/1
f 223/199/1 472/196/1 222/194/1
f 223/199/1 471/200/1 472/196/1
f 473/201/1 557/197/1 472/196/1
f 223/199/1 470/202/1 471/200/1
f 473/201/1 556/203/1 557/197/1
f 558/204/1 100/198/1 557/197/1
f 473/201/1 555/205/1 556/203/1
f 473/201/1 554/206/1 555/205/1
f 473/201/1 553/207/1 554/206/1
f 223/199/1 469/208/1 470/202/1
f 474/209/1 553/207/1 473/201/1
f 474/209/1 552/210/1 553/207/1
f 474/209/1 551/211/1 552/210/1
f 474/209/1 550/212/1 551/211/1
f 559/213/1 100/198/1 558/204/1
f 474/209/1 549/214/1 550/212/1
f 474/209/1 548/215/1 549/214/1
f 474/209/1 547/216/1 548/215/1
f 223/199/1 468/217/1 469/208/1
f 474/209/1 546/218/1 547/216/1
f 474/209/1 545/219/1 546/218/1
f 474/209/1 544/220/1 545/219/1
f 223/199/1 467/221/1 468/217/1
f 309/192/1 437/222/1 438/195/1
f 475/223/1 544/220/1 474/209/1
f 560/224/1 100/198/1 559/213/1
f 224/225/1 467/221/1 223/199/1
f 224/225/1 466/226/1 467/221/1
f 475/223/1 543/227/1 544/220/1
f 410/175/1 259/228/1 260/193/1
f 224/225/1 465/229/1 466/226/1
f 561/230/1 100/198/1 560/224/1
f 561/230/1 99/231/1 100/198/1
f 475/223/1 542/232/1 543/227/1
f 476/233/1 542/232/1 475/223/1
f 224/225/1 464/234/1 465/229/1
f 225/235/1 464/234/1 224/225/1
f 309/192/1 436/236/1 437/222/1
f 476/233/1 541/237/1 542/232/1
f 225/235/1 463/238/1 464/234/1
f 562/239/1 99/231/1 561/230/1
f 476/233/1 540/240/1 541/237/1
f 225/235/1 462/241/1 463/238/1
f 477/242/1 540/240/1 476/233/1
f 226/243/1 462/241/1 225/235/1
f 309/192/1 435/244/1 436/236/1
f 226/243/1 461/245/1 462/241/1
f 310/246/1 435/244/1 309/192/1
f 477/242/1 539/247/1 540/240/1
f 562/239/1 98/248/1 99/231/1
f 410/175/1 258/249/1 259/228/1
f 563/250/1 98/248/1 562/239/1
f 226/243/1 460/251/1 461/245/1
f 227/252/1 460/251/1 226/243/1
f 477/242/1 538/253/1 539/247/1
f 310/246/1 434/254/1 435/244/1
f 227/252/1 520/255/1 460/251/1
f 478/256/1 538/253/1 477/242/1
f 478/256/1 537/257/1 538/253/1
f 564/258/1 98/248/1 563/250/1
f 228/259/1 520/255/1 227/252/1
f 478/256/1 536/260/1 537/257/1
f 564/258/1 97/261/1 98/248/1
f 479/262/1 536/260/1 478/256/1
f 479/262/1 535/263/1 536/260/1
f 411/264/1 258/249/1 410/175/1
f 411/264/1 257/265/1 258/249/1
f 229/266/1 520/255/1 228/259/1
f 565/267/1 97/261/1 564/258/1
f 479/262/1 534/268/1 535/263/1
f 412/269/1 257/265/1 411/264/1
f 479/262/1 533/270/1 534/268/1
f 565/267/1 96/271/1 97/261/1
f 413/272/1 257/265/1 412/269/1
f 230/273/1 520/255/1 229/266/1
f 480/274/1 533/270/1 479/262/1
f 566/275/1 96/271/1 565/267/1
f 480/274/1 532/276/1 533/270/1
f 414/277/1 257/265/1 413/272/1
f 566/275/1 95/278/1 96/271/1
f 231/279/1 520/255/1 230/273/1
f 415/280/1 257/265/1 414/277/1
f 415/280/1 256/281/1 257/265/1
f 310/246/1 433/282/1 434/254/1
f 481/283/1 532/276/1 480/274/1
f 311/284/1 433/282/1 310/246/1
f 566/275/1 94/285/1 95/278/1
f 567/286/1 94/285/1 566/275/1
f 481/283/1 531/287/1 532/276/1
f 311/284/1 432/288/1 433/282/1
f 416/289/1 256/281/1 415/280/1
f 232/290/1 520/255/1 231/279/1
f 311/284/1 431/291/1 432/288/1
f 567/286/1 93/292/1 94/285/1
f 417/293/1 256/281/1 416/289/1
f 311/284/1 430/294/1 431/291/1
f 568/295/1 93/292/1 567/286/1
f 482/296/1 531/287/1 481/283/1
f 482/296/1 530/297/1 531/287/1
f 311/284/1 429/298/1 430/294/1
f 233/299/1 520/255/1 232/290/1
f 418/300/1 256/281/1 417/293/1
f 311/284/1 428/301/1 429/298/1
f 568/295/1 92/302/1 93/292/1
f 418/300/1 255/303/1 256/281/1
f 569/304/1 92/302/1 568/295/1
f 311/284/1 427/305/1 428/301/1
f 419/306/1 255/303/1 418/300/1
f 311/284/1 426/307/1 427/305/1
f 483/308/1 530/297/1 482/296/1
f 483/308/1 529/309/1 530/297/1
f 420/310/1 255/303/1 419/306/1
f 569/304/1 91/311/1 92/302/1
f 311/284/1 425/312/1 426/307/1
f 570/313/1 91/311/1 569/304/1
f 234/314/1 520/255/1 233/299/1
f 311/284/1 424/315/1 425/312/1
f 421/316/1 255/303/1 420/310/1
f 311/284/1 423/317/1 424/315/1
f 422/318/1 255/303/1 421/316/1
f 571/319/1 91/311/1 570/313/1
f 311/284/1 422/318/1 423/317/1
f 311/284/1 255/303/1 422/318/1
f 484/320/1 529/309/1 483/308/1
f 571/319/1 90/321/1 91/311/1
f 572/322/1 90/321/1 571/319/1
f 484/320/1 528/323/1 529/309/1
f 485/324/1 528/323/1 484/320/1
f 573/325/1 90/321/1 572/322/1
f 486/326/1 528/323/1 485/324/1
f 235/327/1 520/255/1 234/314/1
f 573/325/1 89/328/1 90/321/1
f 487/329/1 528/323/1 486/326/1
f 311/284/1 254/330/1 255/303/1
f 488/331/1 528/323/1 487/329/1
f 574/332/1 89/328/1 573/325/1
f 489/333/1 528/323/1 488/331/1
f 312/334/1 254/330/1 311/284/1
f 489/333/1 527/335/1 528/323/1
f 490/336/1 527/335/1 489/333/1
f 575/337/1 89/328/1 574/332/1
f 575/337/1 88/338/1 89/328/1
f 491/339/1 527/335/1 490/336/1
f 492/340/1 527/335/1 491/339/1
f 576/341/1 88/338/1 575/337/1
f 493/342/1 527/335/1 492/340/1
f 236/343/1 520/255/1 235/327/1
f 494/344/1 527/335/1 493/342/1
f 576/341/1 87/345/1 88/338/1
f 577/346/1 87/345/1 576/341/1
f 495/347/1 527/335/1 494/344/1
f 495/347/1 526/348/1 527/335/1
f 496/349/1 526/348/1 495/347/1
f 497/350/1 526/348/1 496/349/1
f 578/351/1 87/345/1 577/346/1
f 312/334/1 253/352/1 254/330/1
f 578/351/1 86/353/1 87/345/1
f 498/354/1 526/348/1 497/350/1
f 579/355/1 86/353/1 578/351/1
f 312/334/1 252/356/1 253/352/1
f 237/357/1 520/255/1 236/343/1
f 498/354/1 525/358/1 526/348/1
f 580/359/1 86/353/1 579/355/1
f 499/360/1 525/358/1 498/354/1
f 580/359/1 85/361/1 86/353/1
f 312/334/1 251/362/1 252/356/1
f 581/363/1 85/361/1 580/359/1
f 500/364/1 525/358/1 499/360/1
f 582/365/1 85/361/1 581/363/1
f 312/334/1 250/366/1 251/362/1
f 582/365/1 84/367/1 85/361/1
f 500/364/1 524/368/1 525/358/1
f 237/357/1 519/369/1 520/255/1
f 583/370/1 84/367/1 582/365/1
f 238/371/1 519/369/1 237/357/1
f 501/372/1 524/368/1 500/364/1
f 238/371/1 518/373/1 519/369/1
f 312/334/1 249/374/1 250/366/1
f 584/375/1 84/367/1 583/370/1
f 313/376/1 249/374/1 312/334/1
f 238/371/1 517/377/1 518/373/1
f 501/372/1 523/378/1 524/368/1
f 585/379/1 84/367/1 584/375/1
f 585/379/1 83/380/1 84/367/1
f 502/381/1 523/378/1 501/372/1
f 313/376/1 248/382/1 249/374/1
f 238/371/1 516/383/1 517/377/1
f 239/384/1 516/383/1 238/371/1
f 586/385/1 83/380/1 585/379/1
f 239/384/1 515/386/1 516/383/1
f 313/376/1 247/387/1 248/382/1
f 503/388/1 523/378/1 502/381/1
f 503/388/1 522/389/1 523/378/1
f 586/385/1 82/390/1 83/380/1
f 587/391/1 82/390/1 586/385/1
f 239/384/1 514/392/1 515/386/1
f 240/393/1 514/392/1 239/384/1
f 313/376/1 246/394/1 247/387/1
f 504/395/1 522/389/1 503/388/1
f 587/391/1 81/396/1 82/390/1
f 240/393/1 513/397/1 514/392/1
f 588/398/1 81/396/1 587/391/1
f 504/395/1 521/399/1 522/389/1
f 313/376/1 245/400/1 246/394/1
f 588/398/1 80/401/1 81/396/1
f 240/393/1 512/402/1 513/397/1
f 505/403/1 521/399/1 504/395/1
f 589/404/1 80/401/1 588/398/1
f 241/405/1 512/402/1 240/393/1
f 313/376/1 244/406/1 245/400/1
f 589/404/1 79/407/1 80/401/1
f 241/405/1 511/408/1 512/402/1
f 590/409/1 79/407/1 589/404/1
f 314/410/1 244/406/1 313/376/1
f 506/411/1 521/399/1 505/403/1
f 590/409/1 78/412/1 79/407/1
f 506/411/1 593/413/1 521/399/1
f 314/410/1 243/414/1 244/406/1
f 242/415/1 511/408/1 241/405/1
f 590/409/1 77/416/1 78/412/1
f 242/415/1 510/417/1 511/408/1
f 591/418/1 77/416/1 590/409/1
f 314/410/1 242/415/1 243/414/1
f 507/419/1 593/413/1 506/411/1
f 591/418/1 76/420/1 77/416/1
f 242/415/1 509/421/1 510/417/1
f 314/410/1 509/421/1 242/415/1
f 591/418/1 75/422/1 76/420/1
f 592/423/1 75/422/1 591/418/1
f 508/424/1 593/413/1 507/419/1
f 314/410/1 508/424/1 509/421/1
f 314/410/1 593/413/1 508/424/1
f 593/413/1 75/422/1 592/423/1
f 593/413/1 74/425/1 75/422/1
f 314/410/1 74/425/1 593/413/1
f 314/410/1 73/426/1 74/425/1
f 314/410/1 72/427/1 73/426/1
f 314/410/1 71/428/1 72/427/1
f 315/429/1 71/428/1 314/410/1
f 315/429/1 70/430/1 71/428/1
f 315/429/1 69/431/1 70/430/1
f 315/429/1 68/432/1 69/431/1
f 315/429/1 67/433/1 68/432/1
f 316/434/1 67/433/1 315/429/1
f 316/434/1 630/435/1 67/433/1
f 630/435/1 66/436/1 67/433/1
f 630/435/1 65/437/1 66/436/1
f 630/435/1 64/438/1 65/437/1
f 630/435/1 63/439/1 64/438/1
f 630/435/1 62/440/1 63/439/1
f 316/434/1 629/441/1 630/435/1
f 631/442/1 62/440/1 630/435/1
f 316/434/1 628/443/1 629/441/1
f 632/444/1 62/440/1 631/442/1
f 316/434/1 627/445/1 628/443/1
f 632/444/1 61/446/1 62/440/1
f 316/434/1 626/447/1 627/445/1
f 317/448/1 626/447/1 316/434/1
f 632/444/1 60/449/1 61/446/1
f 633/450/1 60/449/1 632/444/1
f 317/448/1 625/451/1 626/447/1
f 633/450/1 59/452/1 60/449/1
f 317/448/1 624/453/1 625/451/1
f 634/454/1 59/452/1 633/450/1
f 317/448/1 623/455/1 624/453/1
f 634/454/1 58/456/1 59/452/1
f 317/448/1 622/457/1 623/455/1
f 634/454/1 57/458/1 58/456/1
f 635/459/1 57/458/1 634/454/1
f 317/448/1 621/460/1 622/457/1
f 635/459/1 56/461/1 57/458/1
f 317/448/1 620/462/1 621/460/1
f 635/459/1 55/463/1 56/461/1
f 317/448/1 619/464/1 620/462/1
f 636/465/1 55/463/1 635/459/1
f 636/465/1 54/466/1 55/463/1
f 317/448/1 618/467/1 619/464/1
f 317/448/1 617/468/1 618/467/1
f 318/469/1 617/468/1 317/448/1
f 318/469/1 616/470/1 617/468/1
f 636/465/1 53/471/1 54/466/1
f 318/469/1 615/472/1 616/470/1
f 318/469/1 614/473/1 615/472/1
f 318/469/1 613/474/1 614/473/1
f 318/469/1 612/475/1 613/474/1
f 318/469/1 611/476/1 612/475/1
f 636/465/1 52/477/1 53/471/1
f 637/478/1 52/477/1 636/465/1
f 318/469/1 610/479/1 611/476/1
f 318/469/1 609/480/1 610/479/1
f 318/469/1 608/481/1 609/480/1
f 318/469/1 607/482/1 608/481/1
f 637/478/1 51/483/1 52/477/1
f 318/469/1 606/484/1 607/482/1
f 318/469/1 605/485/1 606/484/1
f 637/478/1 50/486/1 51/483/1
f 318/469/1 604/487/1 605/485/1
f 637/478/1 49/488/1 50/486/1
f 638/489/1 49/488/1 637/478/1
f 638/489/1 48/490/1 49/488/1
f 638/489/1 47/491/1 48/490/1
f 638/489/1 46/492/1 47/491/1
f 318/469/1 603/493/1 604/487/1
f 638/489/1 45/494/1 46/492/1
f 638/489/1 44/495/1 45/494/1
f 638/489/1 43/496/1 44/495/1
f 639/497/1 43/496/1 638/489/1
f 639/497/1 42/498/1 43/496/1
f 639/497/1 41/499/1 42/498/1
f 639/497/1 40/500/1 41/499/1
f 639/497/1 39/501/1 40/500/1
f 639/497/1 38/502/1 39/501/1
f 318/469/1 602/503/1 603/493/1
f 639/497/1 37/504/1 38/502/1
f 639/497/1 36/505/1 37/504/1
f 319/506/1 602/503/1 318/469/1
f 639/497/1 35/507/1 36/505/1
f 639/497/1 34/508/1 35/507/1
f 639/497/1 33/509/1 34/508/1
f 639/497/1 32/510/1 33/509/1
f 640/511/1 713/512/1 639/497/1
f 713/512/1 714/513/1 639/497/1
f 714/513/1 32/510/1 639/497/1
f 714/513/1 31/514/1 32/510/1
f 714/513/1 30/515/1 31/514/1
f 714/513/1 29/516/1 30/515/1
f 714/513/1 28/517/1 29/516/1
f 714/513/1 27/518/1 28/517/1
f 714/513/1 666/519/1 27/518/1
f 666/519/1 26/520/1 27/518/1
f 667/521/1 26/520/1 666/519/1
f 668/522/1 26/520/1 667/521/1
f 640/511/1 712/523/1 713/512/1
f 669/524/1 26/520/1 668/522/1
f 640/511/1 711/525/1 712/523/1
f 670/526/1 26/520/1 669/524/1
f 670/526/1 25/527/1 26/520/1
f 640/511/1 710/528/1 711/525/1
f 319/506/1 601/529/1 602/503/1
f 671/530/1 25/527/1 670/526/1
f 640/511/1 709/531/1 710/528/1
f 671/530/1 24/532/1 25/527/1
f 672/533/1 24/532/1 671/530/1
f 641/534/1 709/531/1 640/511/1
f 672/533/1 23/535/1 24/532/1
f 672/533/1 22/536/1 23/535/1
f 673/537/1 22/536/1 672/533/1
f 673/537/1 21/538/1 22/536/1
f 641/534/1 708/539/1 709/531/1
f 673/537/1 20/540/1 21/538/1
f 674/541/1 20/540/1 673/537/1
f 674/541/1 19/542/1 20/540/1
f 674/541/1 18/543/1 19/542/1
f 642/544/1 708/539/1 641/534/1
f 674/541/1 17/545/1 18/543/1
f 675/546/1 17/545/1 674/541/1
f 642/544/1 707/547/1 708/539/1
f 675/546/1 16/548/1 17/545/1
f 319/506/1 600/549/1 601/529/1
f 675/546/1 15/550/1 16/548/1
f 676/551/1 15/550/1 675/546/1
f 643/552/1 707/547/1 642/544/1
f 676/551/1 14/553/1 15/550/1
f 643/552/1 706/554/1 707/547/1
f 676/551/1 13/555/1 14/553/1
f 677/556/1 13/555/1 676/551/1
f 644/557/1 706/554/1 643/552/1
f 677/556/1 12/558/1 13/555/1
f 678/559/1 12/558/1 677/556/1
f 645/560/1 706/554/1 644/557/1
f 645/560/1 705/561/1 706/554/1
f 319/506/1 599/562/1 600/549/1
f 320/563/1 599/562/1 319/506/1
f 679/564/1 12/558/1 678/559/1
f 646/565/1 705/561/1 645/560/1
f 679/564/1 11/566/1 12/558/1
f 647/567/1 705/561/1 646/565/1
f 647/567/1 704/568/1 705/561/1
f 680/569/1 11/566/1 679/564/1
f 648/570/1 704/568/1 647/567/1
f 320/563/1 598/571/1 599/562/1
f 649/572/1 704/568/1 648/570/1
f 681/573/1 11/566/1 680/569/1
f 681/573/1 10/574/1 11/566/1
f 649/572/1 703/575/1 704/568/1
f 650/576/1 703/575/1 649/572/1
f 320/563/1 597/577/1 598/571/1
f 651/578/1 703/575/1 650/576/1
f 682/579/1 10/574/1 681/573/1
f 652/580/1 703/575/1 651/578/1
f 682/579/1 9/581/1 10/574/1
f 652/580/1 702/582/1 703/575/1
f 653/583/1 702/582/1 652/580/1
f 320/563/1 596/584/1 597/577/1
f 321/585/1 596/584/1 320/563/1
f 683/586/1 9/581/1 682/579/1
f 654/587/1 702/582/1 653/583/1
f 683/586/1 8/588/1 9/581/1
f 321/585/1 595/589/1 596/584/1
f 655/590/1 702/582/1 654/587/1
f 656/591/1 702/582/1 655/590/1
f 657/592/1 702/582/1 656/591/1
f 658/593/1 702/582/1 657/592/1
f 659/594/1 702/582/1 658/593/1
f 684/595/1 8/588/1 683/586/1
f 660/596/1 702/582/1 659/594/1
f 321/585/1 594/597/1 595/589/1
f 660/596/1 701/598/1 702/582/1
f 661/599/1 701/598/1 660/596/1
f 662/600/1 701/598/1 661/599/1
f 663/601/1 701/598/1 662/600/1
f 664/602/1 701/598/1 663/601/1
f 665/603/1 701/598/1 664/602/1
f 594/597/1 701/598/1 665/603/1
f 321/585/1 701/598/1 594/597/1
f 321/585/1 700/604/1 701/598/1
f 684/595/1 7/605/1 8/588/1
f 321/585/1 699/606/1 700/604/1
f 685/607/1 7/605/1 684/595/1
f 321/585/1 698/608/1 699/606/1
f 321/585/1 697/609/1 698/608/1
f 685/607/1 6/610/1 7/605/1
f 686/611/1 6/610/1 685/607/1
f 321/585/1 696/612/1 697/609/1
f 322/613/1 696/612/1 321/585/1
f 687/614/1 6/610/1 686/611/1
f 322/613/1 695/615/1 696/612/1
f 687/614/1 386/616/1 6/610/1
f 386/616/1 5/617/1 6/610/1
f 322/613/1 694/618/1 695/615/1
f 687/614/1 385/619/1 386/616/1
f 387/620/1 5/617/1 386/616/1
f 688/621/1 385/619/1 687/614/1
f 322/613/1 693/622/1 694/618/1
f 388/623/1 5/617/1 387/620/1
f 688/621/1 384/624/1 385/619/1
f 388/623/1 4/625/1 5/617/1
f 322/613/1 692/626/1 693/622/1
f 689/627/1 384/624/1 688/621/1
f 322/613/1 691/628/1 692/626/1
f 690/629/1 384/624/1 689/627/1
f 322/613/1 690/629/1 691/628/1
f 389/630/1 4/625/1 388/623/1
f 322/613/1 384/624/1 690/629/1
f 322/613/1 383/631/1 384/624/1
f 389/630/1 3/632/1 4/625/1
f 389/630/1 2/633/1 3/632/1
f 390/634/1 2/633/1 389/630/1
f 323/635/1 383/631/1 322/613/1
f 323/635/1 382/636/1 383/631/1
f 390/634/1 1/637/1 2/633/1
f 390/634/1 409/638/1 1/637/1
f 391/639/1 409/638/1 390/634/1
f 391/639/1 408/640/1 409/638/1
f 323/635/1 381/641/1 382/636/1
f 391/639/1 407/642/1 408/640/1
f 324/643/1 381/641/1 323/635/1
f 392/644/1 407/642/1 391/639/1
f 324/643/1 380/645/1 381/641/1
f 392/644/1 406/646/1 407/642/1
f 393/647/1 406/646/1 392/644/1
f 393/647/1 405/648/1 406/646/1
f 325/649/1 350/650/1 324/643/1
f 350/650/1 380/645/1 324/643/1
f 350/650/1 351/651/1 380/645/1
f 351/651/1 352/652/1 380/645/1
f 352/652/1 353/653/1 380/645/1
f 353/653/1 354/654/1 380/645/1
f 354/654/1 379/655/1 380/645/1
f 393/647/1 404/656/1 405/648/1
f 394/657/1 404/656/1 393/647/1
f 325/649/1 349/658/1 350/650/1
f 355/659/1 379/655/1 354/654/1
f 356/660/1 379/655/1 355/659/1
f 325/649/1 348/661/1 349/658/1
f 357/662/1 379/655/1 356/660/1
f 358/663/1 379/655/1 357/662/1
f 325/649/1 347/664/1 348/661/1
f 359/665/1 379/655/1 358/663/1
f 325/649/1 346/666/1 347/664/1
f 360/667/1 379/655/1 359/665/1
f 326/668/1 346/666/1 325/649/1
f 360/667/1 378/669/1 379/655/1
f 394/657/1 403/670/1 404/656/1
f 361/671/1 378/669/1 360/667/1
f 326/668/1 345/672/1 346/666/1
f 362/673/1 378/669/1 361/671/1
f 326/668/1 344/674/1 345/672/1
f 395/675/1 403/670/1 394/657/1
f 363/676/1 378/669/1 362/673/1
f 326/668/1 343/677/1 344/674/1
f 395/675/1 402/678/1 403/670/1
f 364/679/1 378/669/1 363/676/1
f 327/680/1 343/677/1 326/668/1
f 327/680/1 342/681/1 343/677/1
f 328/682/1 342/681/1 327/680/1
f 365/683/1 378/669/1 364/679/1
f 328/682/1 341/684/1 342/681/1
f 365/683/1 377/685/1 378/669/1
f 329/686/1 341/684/1 328/682/1
f 329/686/1 340/687/1 341/684/1
f 395/675/1 401/688/1 402/678/1
f 330/689/1 340/687/1 329/686/1
f 366/690/1 377/685/1 365/683/1
f 396/691/1 401/688/1 395/675/1
f 331/692/1 340/687/1 330/689/1
f 331/692/1 339/693/1 340/687/1
f 332/694/1 339/693/1 331/692/1
f 332/694/1 338/695/1 339/693/1
f 333/696/1 338/695/1 332/694/1
f 334/697/1 338/695/1 333/696/1
f 334/697/1 337/698/1 338/695/1
f 334/697/1 336/699/1 337/698/1
f 334/697/1 335/700/1 336/699/1
f 367/701/1 377/685/1 366/690/1
f 396/691/1 400/702/1 401/688/1
f 368/703/1 377/685/1 367/701/1
f 397/704/1 400/702/1 396/691/1
f 368/703/1 376/705/1 377/685/1
f 397/704/1 399/706/1 400/702/1
f 369/707/1 376/705/1 368/703/1
f 398/708/1 399/706/1 397/704/1
f 370/709/1 376/705/1 369/707/1
f 370/709/1 375/710/1 376/705/1
f 371/711/1 375/710/1 370/709/1
f 372/712/1 375/710/1 371/711/1
f 372/712/1 374/713/1 375/710/1
f 373/714/1 374/713/1 372/712/1
f 798/715/1 796/716/1 797/717/1
f 798/715/1 795/718/1 796/716/1
f 799/719/1 795/718/1 798/715/1
f 801/720/1 799/719/1 800/721/1
f 801/720/1 795/718/1 799/719/1
f 802/722/1 795/718/1 801/720/1
f 802/722/1 794/723/1 795/718/1
f 803/724/1 794/723/1 802/722/1
f 803/724/1 793/725/1 794/723/1
f 804/726/1 793/725/1 803/724/1
f 804/726/1 792/727/1 793/725/1
f 805/728/1 792/727/1 804/726/1
f 805/728/1 791/729/1 792/727/1
f 806/730/1 791/729/1 805/728/1
f 806/730/1 790/731/1 791/729/1
f 807/732/1 790/731/1 806/730/1
f 807/732/1 789/733/1 790/731/1
f 807/732/1 788/734/1 789/733/1
f 808/735/1 788/734/1 807/732/1
f 808/735/1 787/736/1 788/734/1
f 809/737/1 787/736/1 808/735/1
f 809/737/1 786/738/1 787/736/1
f 810/739/1 786/738/1 809/737/1
f 810/739/1 785/740/1 786/738/1
f 811/741/1 785/740/1 810/739/1
f 811/741/1 784/742/1 785/740/1
f 812/743/1 784/742/1 811/741/1
f 812/743/1 783/744/1 784/742/1
f 813/745/1 783/744/1 812/743/1
f 813/745/1 782/746/1 783/744/1
f 814/747/1 782/746/1 813/745/1
f 815/748/1 782/746/1 814/747/1
f 815/748/1 781/749/1 782/746/1
f 816/750/1 781/749/1 815/748/1
f 816/750/1 780/751/1 781/749/1
f 817/752/1 780/751/1 816/750/1
f 818/753/1 780/751/1 817/752/1
f 818/753/1 779/754/1 780/751/1
f 819/755/1 1329/756/1 818/753/1
f 1329/756/1 1330/757/1 818/753/1
f 1330/757/1 779/754/1 818/753/1
f 1330/757/1 1331/758/1 779/754/1
f 1331/758/1 1355/759/1 779/754/1
f 1355/759/1 1356/760/1 779/754/1
f 1356/760/1 1357/761/1 779/754/1
f 1357/761/1 1358/762/1 779/754/1
f 1358/762/1 1359/763/1 779/754/1
f 1359/763/1 778/764/1 779/754/1
f 819/755/1 1328/765/1 1329/756/1
f 1332/766/1 1355/759/1 1331/758/1
f 1333/767/1 1355/759/1 1332/766/1
f 819/755/1 1327/768/1 1328/765/1
f 1334/769/1 1355/759/1 1333/767/1
f 1335/770/1 1354/771/1 1334/769/1
f 1354/771/1 1355/759/1 1334/769/1
f 819/755/1 1326/772/1 1327/768/1
f 1336/773/1 1354/771/1 1335/770/1
f 1337/774/1 1354/771/1 1336/773/1
f 1337/774/1 1353/775/1 1354/771/1
f 1337/774/1 1352/776/1 1353/775/1
f 1337/774/1 1351/777/1 1352/776/1
f 1337/774/1 1350/778/1 1351/777/1
f 1338/779/1 1350/778/1 1337/774/1
f 1338/779/1 1349/780/1 1350/778/1
f 819/755/1 1325/781/1 1326/772/1
f 1338/779/1 1348/782/1 1349/780/1
f 1339/783/1 1348/782/1 1338/779/1
f 1339/783/1 1347/784/1 1348/782/1
f 1339/783/1 1346/785/1 1347/784/1
f 1340/786/1 1346/785/1 1339/783/1
f 1340/786/1 1345/787/1 1346/785/1
f 1340/786/1 1344/788/1 1345/787/1
f 1341/789/1 1344/788/1 1340/786/1
f 1341/789/1 1343/790/1 1344/788/1
f 1342/791/1 1343/790/1 1341/789/1
f 1360/792/1 778/764/1 1359/763/1
f 819/755/1 1324/793/1 1325/781/1
f 1361/794/1 778/764/1 1360/792/1
f 820/795/1 872/796/1 819/755/1
f 872/796/1 1324/793/1 819/755/1
f 1362/797/1 778/764/1 1361/794/1
f 872/796/1 1323/798/1 1324/793/1
f 1363/799/1 778/764/1 1362/797/1
f 820/795/1 871/800/1 872/796/1
f 873/801/1 1323/798/1 872/796/1
f 820/795/1 870/802/1 871/800/1
f 1364/803/1 778/764/1 1363/799/1
f 873/801/1 1322/804/1 1323/798/1
f 820/795/1 869/805/1 870/802/1
f 1365/806/1 778/764/1 1364/803/1
f 820/795/1 868/807/1 869/805/1
f 1366/808/1 778/764/1 1365/806/1
f 873/801/1 1321/809/1 1322/804/1
f 820/795/1 867/810/1 868/807/1
f 1367/811/1 778/764/1 1366/808/1
f 1368/812/1 778/764/1 1367/811/1
f 1369/813/1 778/764/1 1368/812/1
f 1370/814/1 778/764/1 1369/813/1
f 820/795/1 866/815/1 867/810/1
f 873/801/1 1320/816/1 1321/809/1
f 1371/817/1 778/764/1 1370/814/1
f 1372/818/1 778/764/1 1371/817/1
f 1373/819/1 778/764/1 1372/818/1
f 820/795/1 865/820/1 866/815/1
f 1374/821/1 778/764/1 1373/819/1
f 821/822/1 865/820/1 820/795/1
f 873/801/1 1319/823/1 1320/816/1
f 1375/824/1 778/764/1 1374/821/1
f 821/822/1 864/825/1 865/820/1
f 874/826/1 1319/823/1 873/801/1
f 1376/827/1 778/764/1 1375/824/1
f 1376/827/1 777/828/1 778/764/1
f 1377/829/1 777/828/1 1376/827/1
f 821/822/1 863/830/1 864/825/1
f 874/826/1 1318/831/1 1319/823/1
f 1378/832/1 777/828/1 1377/829/1
f 821/822/1 862/833/1 863/830/1
f 1379/834/1 777/828/1 1378/832/1
f 874/826/1 1317/835/1 1318/831/1
f 822/836/1 862/833/1 821/822/1
f 822/836/1 861/837/1 862/833/1
f 1380/838/1 777/828/1 1379/834/1
f 874/826/1 1316/839/1 1317/835/1
f 1381/840/1 777/828/1 1380/838/1
f 874/826/1 1315/841/1 1316/839/1
f 822/836/1 860/842/1 861/837/1
f 874/826/1 1314/843/1 1315/841/1
f 1382/844/1 777/828/1 1381/840/1
f 874/826/1 1313/845/1 1314/843/1
f 822/836/1 859/846/1 860/842/1
f 1383/847/1 777/828/1 1382/844/1
f 1383/847/1 776/848/1 777/828/1
f 874/826/1 1312/849/1 1313/845/1
f 822/836/1 858/850/1 859/846/1
f 823/851/1 858/850/1 822/836/1
f 1384/852/1 776/848/1 1383/847/1
f 874/826/1 1311/853/1 1312/849/1
f 1385/854/1 776/848/1 1384/852/1
f 823/851/1 857/855/1 858/850/1
f 875/856/1 1311/853/1 874/826/1
f 875/856/1 1310/857/1 1311/853/1
f 1386/858/1 776/848/1 1385/854/1
f 875/856/1 1309/859/1 1310/857/1
f 1387/860/1 776/848/1 1386/858/1
f 875/856/1 1308/861/1 1309/859/1
f 823/851/1 856/862/1 857/855/1
f 875/856/1 1307/863/1 1308/861/1
f 1388/864/1 776/848/1 1387/860/1
f 875/856/1 1306/865/1 1307/863/1
f 1389/866/1 776/848/1 1388/864/1
f 1390/513/1 776/848/1 1389/866/1
f 875/856/1 1390/513/1 1306/865/1
f 875/856/1 776/848/1 1390/513/1
f 823/851/1 855/867/1 856/862/1
f 823/851/1 854/868/1 855/867/1
f 823/851/1 853/869/1 854/868/1
f 824/870/1 853/869/1 823/851/1
f 824/870/1 852/871/1 853/869/1
f 824/870/1 851/872/1 852/871/1
f 824/870/1 850/873/1 851/872/1
f 824/870/1 849/874/1 850/873/1
f 875/856/1 775/875/1 776/848/1
f 824/870/1 848/876/1 849/874/1
f 825/877/1 848/876/1 824/870/1
f 825/877/1 847/878/1 848/876/1
f 876/879/1 775/875/1 875/856/1
f 826/880/1 847/878/1 825/877/1
f 826/880/1 846/881/1 847/878/1
f 876/879/1 774/882/1 775/875/1
f 876/879/1 773/883/1 774/882/1
f 876/879/1 772/884/1 773/883/1
f 876/879/1 771/885/1 772/884/1
f 827/886/1 846/881/1 826/880/1
f 827/886/1 845/887/1 846/881/1
f 876/879/1 770/888/1 771/885/1
f 877/889/1 770/888/1 876/879/1
f 877/889/1 769/890/1 770/888/1
f 877/889/1 768/891/1 769/890/1
f 877/889/1 767/892/1 768/891/1
f 828/893/1 845/887/1 827/886/1
f 877/889/1 766/894/1 767/892/1
f 828/893/1 844/895/1 845/887/1
f 877/889/1 765/896/1 766/894/1
f 877/889/1 764/897/1 765/896/1
f 877/889/1 763/898/1 764/897/1
f 829/899/1 844/895/1 828/893/1
f 829/899/1 843/900/1 844/895/1
f 877/889/1 762/901/1 763/898/1
f 877/889/1 761/902/1 762/901/1
f 878/903/1 761/902/1 877/889/1
f 830/904/1 843/900/1 829/899/1
f 830/904/1 842/905/1 843/900/1
f 878/903/1 760/906/1 761/902/1
f 831/907/1 842/905/1 830/904/1
f 831/907/1 841/908/1 842/905/1
f 878/903/1 759/909/1 760/906/1
f 878/903/1 753/910/1 759/909/1
f 753/910/1 758/911/1 759/909/1
f 753/910/1 754/912/1 758/911/1
f 754/912/1 757/913/1 758/911/1
f 755/914/1 757/913/1 754/912/1
f 878/903/1 752/915/1 753/910/1
f 755/914/1 756/916/1 757/913/1
f 832/917/1 841/908/1 831/907/1
f 878/903/1 751/918/1 752/915/1
f 832/917/1 840/919/1 841/908/1
f 878/903/1 750/920/1 751/918/1
f 878/903/1 749/921/1 750/920/1
f 833/922/1 840/919/1 832/917/1
f 833/922/1 839/923/1 840/919/1
f 878/903/1 748/924/1 749/921/1
f 834/925/1 839/923/1 833/922/1
f 834/925/1 838/926/1 839/923/1
f 878/903/1 747/927/1 748/924/1
f 835/928/1 838/926/1 834/925/1
f 835/928/1 837/929/1 838/926/1
f 836/930/1 837/929/1 835/928/1
f 878/903/1 746/931/1 747/927/1
f 878/903/1 745/932/1 746/931/1
f 879/933/1 745/932/1 878/903/1
f 879/933/1 744/934/1 745/932/1
f 879/933/1 743/935/1 744/934/1
f 879/933/1 742/936/1 743/935/1
f 879/933/1 741/937/1 742/936/1
f 879/933/1 740/938/1 741/937/1
f 879/933/1 739/939/1 740/938/1
f 879/933/1 738/940/1 739/939/1
f 879/933/1 737/941/1 738/940/1
f 880/942/1 1303/943/1 879/933/1
f 1303/943/1 1304/944/1 879/933/1
f 1304/944/1 1305/945/1 879/933/1
f 1305/945/1 737/941/1 879/933/1
f 1305/945/1 736/946/1 737/941/1
f 1305/945/1 735/947/1 736/946/1
f 1305/945/1 715/637/1 735/947/1
f 715/637/1 734/948/1 735/947/1
f 716/949/1 734/948/1 715/637/1
f 717/950/1 734/948/1 716/949/1
f 718/951/1 734/948/1 717/950/1
f 880/942/1 1302/952/1 1303/943/1
f 719/953/1 734/948/1 718/951/1
f 719/953/1 733/954/1 734/948/1
f 720/955/1 733/954/1 719/953/1
f 880/942/1 1301/956/1 1302/952/1
f 721/957/1 733/954/1 720/955/1
f 721/957/1 732/958/1 733/954/1
f 722/959/1 732/958/1 721/957/1
f 880/942/1 1300/960/1 1301/956/1
f 723/961/1 732/958/1 722/959/1
f 723/961/1 731/962/1 732/958/1
f 724/963/1 731/962/1 723/961/1
f 724/963/1 730/964/1 731/962/1
f 725/965/1 730/964/1 724/963/1
f 725/965/1 729/966/1 730/964/1
f 726/967/1 729/966/1 725/965/1
f 726/967/1 728/968/1 729/966/1
f 880/942/1 1299/969/1 1300/960/1
f 727/970/1 728/968/1 726/967/1
f 880/942/1 1298/971/1 1299/969/1
f 880/942/1 1297/972/1 1298/971/1
f 880/942/1 1296/973/1 1297/972/1
f 880/942/1 1295/974/1 1296/973/1
f 880/942/1 1294/975/1 1295/974/1
f 881/976/1 1294/975/1 880/942/1
f 881/976/1 1293/977/1 1294/975/1
f 881/976/1 1292/978/1 1293/977/1
f 881/976/1 1291/979/1 1292/978/1
f 881/976/1 1290/980/1 1291/979/1
f 881/976/1 1289/981/1 1290/980/1
f 881/976/1 1288/982/1 1289/981/1
f 881/976/1 1287/983/1 1288/982/1
f 881/976/1 1286/984/1 1287/983/1
f 881/976/1 1285/985/1 1286/984/1
f 881/976/1 1284/986/1 1285/985/1
f 881/976/1 1283/987/1 1284/986/1
f 881/976/1 1282/988/1 1283/987/1
f 881/976/1 1281/989/1 1282/988/1
f 881/976/1 1280/990/1 1281/989/1
f 881/976/1 1279/991/1 1280/990/1
f 881/976/1 1278/992/1 1279/991/1
f 881/976/1 1277/993/1 1278/992/1
f 1254/994/1 1252/995/1 1253/996/1
f 1255/997/1 1252/995/1 1254/994/1
f 1256/998/1 1252/995/1 1255/997/1
f 1256/998/1 1251/999/1 1252/995/1
f 1257/1000/1 1251/999/1 1256/998/1
f 1258/1001/1 1251/999/1 1257/1000/1
f 881/976/1 1276/1002/1 1277/993/1
f 1259/1003/1 1251/999/1 1258/1001/1
f 1260/1004/1 1251/999/1 1259/1003/1
f 1260/1004/1 1250/1005/1 1251/999/1
f 1261/1006/1 1250/1005/1 1260/1004/1
f 881/976/1 1275/1007/1 1276/1002/1
f 1262/1008/1 1250/1005/1 1261/1006/1
f 1263/1009/1 1250/1005/1 1262/1008/1
f 881/976/1 1274/1010/1 1275/1007/1
f 1263/1009/1 1249/1011/1 1250/1005/1
f 1264/1012/1 1249/1011/1 1263/1009/1
f 1265/1013/1 1249/1011/1 1264/1012/1
f 881/976/1 1273/1014/1 1274/1010/1
f 1266/1015/1 1249/1011/1 1265/1013/1
f 881/976/1 1272/1016/1 1273/1014/1
f 1267/1017/1 1249/1011/1 1266/1015/1
f 881/976/1 1271/1018/1 1272/1016/1
f 882/1019/1 1271/1018/1 881/976/1
f 1268/1020/1 1249/1011/1 1267/1017/1
f 882/1019/1 1270/1021/1 1271/1018/1
f 1269/1022/1 1249/1011/1 1268/1020/1
f 882/1019/1 1269/1022/1 1270/1021/1
f 882/1019/1 1249/1011/1 1269/1022/1
f 882/1019/1 1248/1023/1 1249/1011/1
f 882/1019/1 1247/1024/1 1248/1023/1
f 882/1019/1 1246/1025/1 1247/1024/1
f 882/1019/1 1245/1026/1 1246/1025/1
f 882/1019/1 1244/1027/1 1245/1026/1
f 882/1019/1 1243/1028/1 1244/1027/1
f 883/1029/1 1243/1028/1 882/1019/1
f 883/1029/1 1242/1030/1 1243/1028/1
f 883/1029/1 1241/1031/1 1242/1030/1
f 883/1029/1 1240/1032/1 1241/1031/1
f 884/1033/1 1240/1032/1 883/1029/1
f 884/1033/1 1239/1034/1 1240/1032/1
f 884/1033/1 1238/1035/1 1239/1034/1
f 885/1036/1 1238/1035/1 884/1033/1
f 885/1036/1 1237/1037/1 1238/1035/1
f 885/1036/1 1236/1038/1 1237/1037/1
f 886/1039/1 1236/1038/1 885/1036/1
f 886/1039/1 1235/1040/1 1236/1038/1
f 887/1041/1 1235/1040/1 886/1039/1
f 887/1041/1 933/1042/1 1235/1040/1
f 933/1042/1 934/1043/1 1235/1040/1
f 934/1043/1 1234/1044/1 1235/1040/1
f 888/1045/1 918/1046/1 887/1041/1
f 918/1046/1 919/1047/1 887/1041/1
f 919/1047/1 930/1048/1 887/1041/1
f 930/1048/1 931/1049/1 887/1041/1
f 931/1049/1 932/1050/1 887/1041/1
f 932/1050/1 933/1042/1 887/1041/1
f 935/1051/1 1234/1044/1 934/1043/1
f 936/1052/1 1234/1044/1 935/1051/1
f 919/1047/1 929/1053/1 930/1048/1
f 919/1047/1 928/1054/1 929/1053/1
f 937/1055/1 1234/1044/1 936/1052/1
f 919/1047/1 927/1056/1 928/1054/1
f 919/1047/1 926/1057/1 927/1056/1
f 919/1047/1 920/1058/1 926/1057/1
f 920/1058/1 925/1059/1 926/1057/1
f 920/1058/1 924/1060/1 925/1059/1
f 938/1061/1 1234/1044/1 937/1055/1
f 920/1058/1 923/1062/1 924/1060/1
f 920/1058/1 922/1063/1 923/1062/1
f 920/1058/1 921/1064/1 922/1063/1
f 888/1045/1 917/1065/1 918/1046/1
f 888/1045/1 916/1066/1 917/1065/1
f 888/1045/1 915/1067/1 916/1066/1
f 939/1068/1 1234/1044/1 938/1061/1
f 888/1045/1 914/1069/1 915/1067/1
f 888/1045/1 913/1070/1 914/1069/1
f 939/1068/1 1233/1071/1 1234/1044/1
f 888/1045/1 912/1072/1 913/1070/1
f 940/1073/1 1233/1071/1 939/1068/1
f 888/1045/1 911/1074/1 912/1072/1
f 888/1045/1 910/1075/1 911/1074/1
f 941/1076/1 1233/1071/1 940/1073/1
f 888/1045/1 909/1077/1 910/1075/1
f 888/1045/1 908/1078/1 909/1077/1
f 942/1079/1 1233/1071/1 941/1076/1
f 889/1080/1 908/1078/1 888/1045/1
f 889/1080/1 907/1081/1 908/1078/1
f 943/1082/1 1233/1071/1 942/1079/1
f 889/1080/1 906/1083/1 907/1081/1
f 943/1082/1 1232/1084/1 1233/1071/1
f 944/1085/1 1232/1084/1 943/1082/1
f 889/1080/1 905/1086/1 906/1083/1
f 890/1087/1 905/1086/1 889/1080/1
f 890/1087/1 904/1088/1 905/1086/1
f 945/1089/1 1232/1084/1 944/1085/1
f 945/1089/1 1231/1090/1 1232/1084/1
f 891/1091/1 904/1088/1 890/1087/1
f 891/1091/1 903/1092/1 904/1088/1
f 946/1093/1 1231/1090/1 945/1089/1
f 891/1091/1 902/1094/1 903/1092/1
f 892/1095/1 902/1094/1 891/1091/1
f 892/1095/1 901/1096/1 902/1094/1
f 946/1093/1 1230/1097/1 1231/1090/1
f 893/1098/1 901/1096/1 892/1095/1
f 893/1098/1 900/1099/1 901/1096/1
f 894/1100/1 900/1099/1 893/1098/1
f 894/1100/1 899/1101/1 900/1099/1
f 947/1102/1 1230/1097/1 946/1093/1
f 947/1102/1 1229/1103/1 1230/1097/1
f 895/1104/1 899/1101/1 894/1100/1
f 895/1104/1 898/1105/1 899/1101/1
f 896/1106/1 898/1105/1 895/1104/1
f 896/1106/1 897/1107/1 898/1105/1
f 947/1102/1 1228/1108/1 1229/1103/1
f 948/1109/1 1228/1108/1 947/1102/1
f 948/1109/1 1227/1110/1 1228/1108/1
f 949/1111/1 1227/1110/1 948/1109/1
f 949/1111/1 1226/1112/1 1227/1110/1
f 949/1111/1 1225/1113/1 1226/1112/1
f 950/1114/1 1225/1113/1 949/1111/1
f 950/1114/1 1224/1115/1 1225/1113/1
f 1210/1116/1 1208/1117/1 1209/1118/1
f 1211/1119/1 1208/1117/1 1210/1116/1
f 1212/1120/1 1208/1117/1 1211/1119/1
f 1212/1120/1 1207/1121/1 1208/1117/1
f 1213/1122/1 1207/1121/1 1212/1120/1
f 1214/1123/1 1207/1121/1 1213/1122/1
f 950/1114/1 1223/1124/1 1224/1115/1
f 1215/1125/1 1207/1121/1 1214/1123/1
f 1216/1126/1 1207/1121/1 1215/1125/1
f 1216/1126/1 1206/1127/1 1207/1121/1
f 1217/1128/1 1206/1127/1 1216/1126/1
f 950/1114/1 1222/1129/1 1223/1124/1
f 1218/1130/1 1206/1127/1 1217/1128/1
f 1219/1131/1 1206/1127/1 1218/1130/1
f 1220/1132/1 1206/1127/1 1219/1131/1
f 950/1114/1 1221/1133/1 1222/1129/1
f 951/1134/1 1221/1133/1 950/1114/1
f 1221/1133/1 1206/1127/1 1220/1132/1
f 951/1134/1 1206/1127/1 1221/1133/1
f 951/1134/1 1205/1135/1 1206/1127/1
f 973/1136/1 971/1137/1 972/1138/1
f 973/1136/1 970/1139/1 971/1137/1
f 974/1140/1 970/1139/1 973/1136/1
f 974/1140/1 969/1141/1 970/1139/1
f 974/1140/1 968/1142/1 969/1141/1
f 974/1140/1 967/1143/1 968/1142/1
f 975/1144/1 967/1143/1 974/1140/1
f 975/1144/1 966/1145/1 967/1143/1
f 975/1144/1 965/1146/1 966/1145/1
f 976/1147/1 965/1146/1 975/1144/1
f 976/1147/1 964/1148/1 965/1146/1
f 952/1149/1 1205/1135/1 951/1134/1
f 952/1149/1 1204/1150/1 1205/1135/1
f 976/1147/1 963/1151/1 964/1148/1
f 977/1152/1 963/1151/1 976/1147/1
f 977/1152/1 962/1153/1 963/1151/1
f 977/1152/1 961/1154/1 962/1153/1
f 953/1155/1 1204/1150/1 952/1149/1
f 977/1152/1 960/1156/1 961/1154/1
f 977/1152/1 959/1157/1 960/1156/1
f 978/1158/1 959/1157/1 977/1152/1
f 954/1159/1 1204/1150/1 953/1155/1
f 978/1158/1 958/1160/1 959/1157/1
f 978/1158/1 957/1161/1 958/1160/1
f 955/1162/1 1204/1150/1 954/1159/1
f 978/1158/1 956/1163/1 957/1161/1
f 978/1158/1 955/1162/1 956/1163/1
f 978/1158/1 1204/1150/1 955/1162/1
f 978/1158/1 1203/1164/1 1204/1150/1
f 979/1165/1 1203/1164/1 978/1158/1
f 979/1165/1 1202/1166/1 1203/1164/1
f 980/1167/1 1202/1166/1 979/1165/1
f 980/1167/1 1201/1168/1 1202/1166/1
f 981/1169/1 1201/1168/1 980/1167/1
f 982/1170/1 1201/1168/1 981/1169/1
f 982/1170/1 1200/1171/1 1201/1168/1
f 983/1172/1 1200/1171/1 982/1170/1
f 984/1173/1 1200/1171/1 983/1172/1
f 984/1173/1 1199/1174/1 1200/1171/1
f 985/1175/1 1199/1174/1 984/1173/1
f 986/1176/1 1199/1174/1 985/1175/1
f 987/1177/1 1199/1174/1 986/1176/1
f 987/1177/1 1198/1178/1 1199/1174/1
f 988/1179/1 1198/1178/1 987/1177/1
f 989/1180/1 1198/1178/1 988/1179/1
f 990/1181/1 1198/1178/1 989/1180/1
f 990/1181/1 1197/1182/1 1198/1178/1
f 991/1183/1 1197/1182/1 990/1181/1
f 992/1184/1 1197/1182/1 991/1183/1
f 993/1185/1 1197/1182/1 992/1184/1
f 993/1185/1 1196/1186/1 1197/1182/1
f 994/1187/1 1196/1186/1 993/1185/1
f 994/1187/1 1195/1188/1 1196/1186/1
f 995/1189/1 1195/1188/1 994/1187/1
f 995/1189/1 1194/1190/1 1195/1188/1
f 996/1191/1 1194/1190/1 995/1189/1
f 996/1191/1 1193/1192/1 1194/1190/1
f 997/1193/1 1193/1192/1 996/1191/1
f 998/1194/1 1193/1192/1 997/1193/1
f 998/1194/1 1192/1195/1 1193/1192/1
f 999/1196/1 1192/1195/1 998/1194/1
f 999/1196/1 1191/1197/1 1192/1195/1
f 1000/1198/1 1191/1197/1 999/1196/1
f 1000/1198/1 1190/1199/1 1191/1197/1
f 1001/1200/1 1190/1199/1 1000/1198/1
f 1001/1200/1 1189/1201/1 1190/1199/1
f 1002/1202/1 1189/1201/1 1001/1200/1
f 1003/1203/1 1189/1201/1 1002/1202/1
f 1003/1203/1 1188/1204/1 1189/1201/1
f 1004/1205/1 1188/1204/1 1003/1203/1
f 1004/1205/1 1187/1206/1 1188/1204/1
f 1005/1207/1 1187/1206/1 1004/1205/1
f 1005/1207/1 1186/1208/1 1187/1206/1
f 1006/1209/1 1186/1208/1 1005/1207/1
f 1006/1209/1 1185/1210/1 1186/1208/1
f 1006/1209/1 1184/1211/1 1185/1210/1
f 1007/1212/1 1184/1211/1 1006/1209/1
f 1007/1212/1 1183/1213/1 1184/1211/1
f 1008/1214/1 1183/1213/1 1007/1212/1
f 1008/1214/1 1182/1215/1 1183/1213/1
f 1009/1216/1 1182/1215/1 1008/1214/1
f 1009/1216/1 1181/1217/1 1182/1215/1
f 1010/1218/1 1181/1217/1 1009/1216/1
f 1010/1218/1 1180/1219/1 1181/1217/1
f 1010/1218/1 1177/1220/1 1180/1219/1
f 1177/1220/1 1178/1221/1 1180/1219/1
f 1178/1221/1 1179/1222/1 1180/1219/1
f 1010/1218/1 1176/1223/1 1177/1220/1
f 1011/1224/1 1176/1223/1 1010/1218/1
f 1011/1224/1 1175/1225/1 1176/1223/1
f 1011/1224/1 1174/1226/1 1175/1225/1
f 1012/1227/1 1174/1226/1 1011/1224/1
f 1012/1227/1 1042/1228/1 1174/1226/1
f 1042/1228/1 1043/1229/1 1174/1226/1
f 1043/1229/1 1173/1230/1 1174/1226/1
f 1013/1231/1 1040/1232/1 1012/1227/1
f 1040/1232/1 1041/1233/1 1012/1227/1
f 1041/1233/1 1042/1228/1 1012/1227/1
f 1013/1231/1 1039/1234/1 1040/1232/1
f 1013/1231/1 1038/1235/1 1039/1234/1
f 1013/1231/1 1037/1236/1 1038/1235/1
f 1013/1231/1 1036/1237/1 1037/1236/1
f 1013/1231/1 1035/1238/1 1036/1237/1
f 1044/1239/1 1173/1230/1 1043/1229/1
f 1013/1231/1 1034/1240/1 1035/1238/1
f 1013/1231/1 1033/1241/1 1034/1240/1
f 1045/1242/1 1173/1230/1 1044/1239/1
f 1014/1243/1 1033/1241/1 1013/1231/1
f 1014/1243/1 1032/1244/1 1033/1241/1
f 1014/1243/1 1031/1245/1 1032/1244/1
f 1014/1243/1 1030/1246/1 1031/1245/1
f 1046/1247/1 1173/1230/1 1045/1242/1
f 1014/1243/1 1029/1248/1 1030/1246/1
f 1014/1243/1 1028/1249/1 1029/1248/1
f 1047/1250/1 1173/1230/1 1046/1247/1
f 1015/1251/1 1028/1249/1 1014/1243/1
f 1015/1251/1 1027/1252/1 1028/1249/1
f 1015/1251/1 1026/1253/1 1027/1252/1
f 1016/1254/1 1026/1253/1 1015/1251/1
f 1017/1255/1 1026/1253/1 1016/1254/1
f 1018/1256/1 1026/1253/1 1017/1255/1
f 1018/1256/1 1025/1257/1 1026/1253/1
f 1048/1258/1 1173/1230/1 1047/1250/1
f 1019/1259/1 1025/1257/1 1018/1256/1
f 1020/1260/1 1025/1257/1 1019/1259/1
f 1021/1261/1 1025/1257/1 1020/1260/1
f 1021/1261/1 1024/1262/1 1025/1257/1
f 1022/1263/1 1024/1262/1 1021/1261/1
f 1022/1263/1 1023/1264/1 1024/1262/1
f 1049/1265/1 1173/1230/1 1048/1258/1
f 1049/1265/1 1172/1266/1 1173/1230/1
f 1050/1267/1 1172/1266/1 1049/1265/1
f 1051/1268/1 1172/1266/1 1050/1267/1
f 1052/1269/1 1172/1266/1 1051/1268/1
f 1053/1270/1 1172/1266/1 1052/1269/1
f 1054/1271/1 1172/1266/1 1053/1270/1
f 1054/1271/1 1171/1272/1 1172/1266/1
f 1055/1273/1 1171/1272/1 1054/1271/1
f 1056/1274/1 1171/1272/1 1055/1273/1
f 1056/1274/1 1170/1275/1 1171/1272/1
f 1057/1276/1 1170/1275/1 1056/1274/1
f 1058/1277/1 1170/1275/1 1057/1276/1
f 1059/1278/1 1170/1275/1 1058/1277/1
f 1060/1279/1 1170/1275/1 1059/1278/1
f 1079/1280/1 1077/1281/1 1078/1282/1
f 1079/1280/1 1076/1283/1 1077/1281/1
f 1080/1284/1 1076/1283/1 1079/1280/1
f 1080/1284/1 1075/1285/1 1076/1283/1
f 1081/1286/1 1075/1285/1 1080/1284/1
f 1081/1286/1 1074/1287/1 1075/1285/1
f 1081/1286/1 1073/1288/1 1074/1287/1
f 1082/1289/1 1073/1288/1 1081/1286/1
f 1082/1289/1 1072/1290/1 1073/1288/1
f 1061/1291/1 1170/1275/1 1060/1279/1
f 1082/1289/1 1071/1292/1 1072/1290/1
f 1083/1293/1 1071/1292/1 1082/1289/1
f 1083/1293/1 1070/1294/1 1071/1292/1
f 1062/1295/1 1170/1275/1 1061/1291/1
f 1062/1295/1 1169/1296/1 1170/1275/1
f 1083/1293/1 1069/1297/1 1070/1294/1
f 1083/1293/1 1068/1298/1 1069/1297/1
f 1063/1299/1 1169/1296/1 1062/1295/1
f 1084/1300/1 1068/1298/1 1083/1293/1
f 1084/1300/1 1067/1301/1 1068/1298/1
f 1064/1302/1 1169/1296/1 1063/1299/1
f 1084/1300/1 1066/1303/1 1067/1301/1
f 1084/1300/1 1065/1304/1 1066/1303/1
f 1065/1304/1 1169/1296/1 1064/1302/1
f 1084/1300/1 1169/1296/1 1065/1304/1
f 1085/1305/1 1169/1296/1 1084/1300/1
f 1086/1306/1 1169/1296/1 1085/1305/1
f 1087/1307/1 1169/1296/1 1086/1306/1
f 1087/1307/1 1168/1308/1 1169/1296/1
f 1088/1309/1 1168/1308/1 1087/1307/1
f 1089/1310/1 1168/1308/1 1088/1309/1
f 1090/1311/1 1168/1308/1 1089/1310/1
f 1090/1311/1 1167/1312/1 1168/1308/1
f 1091/1313/1 1167/1312/1 1090/1311/1
f 1092/1314/1 1167/1312/1 1091/1313/1
f 1093/1315/1 1167/1312/1 1092/1314/1
f 1094/1316/1 1167/1312/1 1093/1315/1
f 1095/1317/1 1167/1312/1 1094/1316/1
f 1096/1318/1 1167/1312/1 1095/1317/1
f 1097/1319/1 1167/1312/1 1096/1318/1
f 1098/1320/1 1167/1312/1 1097/1319/1
f 1098/1320/1 1166/1321/1 1167/1312/1
f 1099/1322/1 1166/1321/1 1098/1320/1
f 1100/1323/1 1166/1321/1 1099/1322/1
f 1101/1324/1 1166/1321/1 1100/1323/1
f 1102/1325/1 1166/1321/1 1101/1324/1
f 1103/1326/1 1166/1321/1 1102/1325/1
f 1104/1327/1 1166/1321/1 1103/1326/1
f 1104/1327/1 1165/1328/1 1166/1321/1
f 1105/1329/1 1165/1328/1 1104/1327/1
f 1106/1330/1 1165/1328/1 1105/1329/1
f 1107/1331/1 1165/1328/1 1106/1330/1
f 1107/1331/1 1164/1332/1 1165/1328/1
f 1108/1333/1 1164/1332/1 1107/1331/1
f 1109/1334/1 1164/1332/1 1108/1333/1
f 1110/1335/1 1164/1332/1 1109/1334/1
f 1110/1335/1 1163/1336/1 1164/1332/1
f 1111/1337/1 1163/1336/1 1110/1335/1
f 1112/1338/1 1163/1336/1 1111/1337/1
f 1113/1339/1 1163/1336/1 1112/1338/1
f 1113/1339/1 1162/1340/1 1163/1336/1
f 1114/1341/1 1162/1340/1 1113/1339/1
f 1115/1342/1 1162/1340/1 1114/1341/1
f 1116/1343/1 1162/1340/1 1115/1342/1
f 1116/1343/1 1161/1344/1 1162/1340/1
f 1117/1345/1 1161/1344/1 1116/1343/1
f 1118/1346/1 1161/1344/1 1117/1345/1
f 1118/1346/1 1160/1347/1 1161/1344/1
f 1118/1346/1 1159/1348/1 1160/1347/1
f 1119/1349/1 1159/1348/1 1118/1346/1
f 1119/1349/1 1158/1350/1 1159/1348/1
f 1119/1349/1 1157/1351/1 1158/1350/1
f 1120/1352/1 1157/1351/1 1119/1349/1
f 1120/1352/1 1156/1353/1 1157/1351/1
f 1120/1352/1 1155/1354/1 1156/1353/1
f 1121/1355/1 1155/1354/1 1120/1352/1
f 1121/1355/1 1154/1356/1 1155/1354/1
f 1121/1355/1 1137/1357/1 1154/1356/1
f 1137/1357/1 1153/1358/1 1154/1356/1
f 1121/1355/1 1136/1359/1 1137/1357/1
f 1138/1360/1 1153/1358/1 1137/1357/1
f 1139/1361/1 1153/1358/1 1138/1360/1
f 1122/1362/1 1136/1359/1 1121/1355/1
f 1139/1361/1 1152/1363/1 1153/1358/1
f 1122/1362/1 1135/1364/1 1136/1359/1
f 1140/1365/1 1152/1363/1 1139/1361/1
f 1122/1362/1 1134/1366/1 1135/1364/1
f 1141/1367/1 1152/1363/1 1140/1365/1
f 1142/1368/1 1152/1363/1 1141/1367/1
f 1122/1362/1 1133/1369/1 1134/1366/1
f 1143/1370/1 1152/1363/1 1142/1368/1
f 1143/1370/1 1151/1371/1 1152/1363/1
f 1144/1372/1 1151/1371/1 1143/1370/1
f 1122/1362/1 1132/1373/1 1133/1369/1
f 1145/1374/1 1151/1371/1 1144/1372/1
f 1146/1375/1 1151/1371/1 1145/1374/1
f 1122/1362/1 1131/1376/1 1132/1373/1
f 1146/1375/1 1150/1377/1 1151/1371/1
f 1147/1378/1 1150/1377/1 1146/1375/1
f 1148/1379/1 1150/1377/1 1147/1378/1
f 1148/1379/1 1149/1380/1 1150/1377/1
f 1123/1381/1 1131/1376/1 1122/1362/1
f 1123/1381/1 1130/1382/1 1131/1376/1
f 1123/1381/1 1129/1383/1 1130/1382/1
f 1123/1381/1 1128/1384/1 1129/1383/1
f 1124/1385/1 1128/1384/1 1123/1381/1
f 1124/1385/1 1127/1386/1 1128/1384/1
f 1124/1385/1 1126/1387/1 1127/1386/1
f 1125/1388/1 1126/1387/1 1124/1385/1
