# Blender 4.1.1
# www.blender.org
mtllib explanation.mtl
o 説明
v -0.731111 -0.070299 -0.100000
v -0.730802 -0.090555 -0.100000
v -0.730115 -0.113707 -0.100000
v -0.728907 -0.138932 -0.100000
v -0.727038 -0.165404 -0.100000
v -0.724366 -0.192300 -0.100000
v -0.720751 -0.218797 -0.100000
v -0.716049 -0.244069 -0.100000
v -0.710121 -0.267293 -0.100000
v -0.702825 -0.287645 -0.100000
v -0.694020 -0.304301 -0.100000
v -0.683564 -0.316436 -0.100000
v -0.677034 -0.321039 -0.100000
v -0.669469 -0.324906 -0.100000
v -0.661050 -0.328101 -0.100000
v -0.651960 -0.330688 -0.100000
v -0.642379 -0.332731 -0.100000
v -0.632488 -0.334293 -0.100000
v -0.622470 -0.335440 -0.100000
v -0.612505 -0.336235 -0.100000
v -0.602775 -0.336742 -0.100000
v -0.593460 -0.337024 -0.100000
v -0.584743 -0.337147 -0.100000
v -0.576805 -0.337174 -0.100000
v -0.571323 -0.337223 -0.100000
v -0.565334 -0.337312 -0.100000
v -0.558972 -0.337354 -0.100000
v -0.552370 -0.337259 -0.100000
v -0.545661 -0.336940 -0.100000
v -0.538979 -0.336310 -0.100000
v -0.532456 -0.335279 -0.100000
v -0.526227 -0.333760 -0.100000
v -0.520425 -0.331665 -0.100000
v -0.515183 -0.328906 -0.100000
v -0.510634 -0.325395 -0.100000
v -0.506912 -0.321045 -0.100000
v -0.505340 -0.317947 -0.100000
v -0.504057 -0.314121 -0.100000
v -0.503036 -0.309704 -0.100000
v -0.502247 -0.304830 -0.100000
v -0.501661 -0.299637 -0.100000
v -0.501248 -0.294259 -0.100000
v -0.500979 -0.288833 -0.100000
v -0.500825 -0.283495 -0.100000
v -0.500756 -0.278382 -0.100000
v -0.500743 -0.273628 -0.100000
v -0.500757 -0.269371 -0.100000
v -0.500768 -0.265745 -0.100000
v -0.501168 -0.254603 -0.100000
v -0.502365 -0.245605 -0.100000
v -0.504356 -0.238527 -0.100000
v -0.507140 -0.233146 -0.100000
v -0.510713 -0.229236 -0.100000
v -0.515073 -0.226574 -0.100000
v -0.520217 -0.224937 -0.100000
v -0.526142 -0.224100 -0.100000
v -0.532846 -0.223838 -0.100000
v -0.540326 -0.223929 -0.100000
v -0.548580 -0.224148 -0.100000
v -0.557604 -0.224270 -0.100000
v -0.564632 -0.223502 -0.100000
v -0.570433 -0.221326 -0.100000
v -0.575125 -0.217934 -0.100000
v -0.578825 -0.213518 -0.100000
v -0.581650 -0.208269 -0.100000
v -0.583717 -0.202381 -0.100000
v -0.585145 -0.196045 -0.100000
v -0.586050 -0.189452 -0.100000
v -0.586550 -0.182796 -0.100000
v -0.586761 -0.176267 -0.100000
v -0.586802 -0.170059 -0.100000
v -0.586790 -0.164363 -0.100000
v -0.586464 -0.154158 -0.100000
v -0.585467 -0.145709 -0.100000
v -0.583765 -0.138849 -0.100000
v -0.581328 -0.133413 -0.100000
v -0.578122 -0.129236 -0.100000
v -0.574117 -0.126152 -0.100000
v -0.569279 -0.123996 -0.100000
v -0.563577 -0.122603 -0.100000
v -0.556980 -0.121808 -0.100000
v -0.549454 -0.121444 -0.100000
v -0.540968 -0.121347 -0.100000
v -0.531490 -0.121352 -0.100000
v -0.517939 -0.125477 -0.100000
v -0.504495 -0.136883 -0.100000
v -0.491071 -0.154114 -0.100000
v -0.477584 -0.175713 -0.100000
v -0.463948 -0.200223 -0.100000
v -0.450077 -0.226190 -0.100000
v -0.435886 -0.252157 -0.100000
v -0.421289 -0.276668 -0.100000
v -0.406202 -0.298267 -0.100000
v -0.390539 -0.315498 -0.100000
v -0.374214 -0.326904 -0.100000
v -0.357143 -0.331029 -0.100000
v -0.350963 -0.330019 -0.100000
v -0.343418 -0.327171 -0.100000
v -0.334869 -0.322761 -0.100000
v -0.325681 -0.317062 -0.100000
v -0.316216 -0.310350 -0.100000
v -0.306836 -0.302899 -0.100000
v -0.297904 -0.294985 -0.100000
v -0.289782 -0.286881 -0.100000
v -0.282834 -0.278862 -0.100000
v -0.277422 -0.271203 -0.100000
v -0.273909 -0.264179 -0.100000
v -0.272657 -0.258065 -0.100000
v -0.273338 -0.252033 -0.100000
v -0.275218 -0.246554 -0.100000
v -0.278058 -0.241539 -0.100000
v -0.281618 -0.236900 -0.100000
v -0.285658 -0.232550 -0.100000
v -0.289939 -0.228399 -0.100000
v -0.294219 -0.224360 -0.100000
v -0.298259 -0.220345 -0.100000
v -0.301819 -0.216266 -0.100000
v -0.304660 -0.212035 -0.100000
v -0.306540 -0.207564 -0.100000
v -0.307220 -0.202765 -0.100000
v -0.307143 -0.201720 -0.100000
v -0.306924 -0.200873 -0.100000
v -0.306584 -0.200197 -0.100000
v -0.306139 -0.199664 -0.100000
v -0.305608 -0.199249 -0.100000
v -0.305012 -0.198925 -0.100000
v -0.304367 -0.198664 -0.100000
v -0.303692 -0.198441 -0.100000
v -0.303007 -0.198229 -0.100000
v -0.302330 -0.198000 -0.100000
v -0.301680 -0.197729 -0.100000
v -0.301075 -0.197389 -0.100000
v -0.295608 -0.195977 -0.100000
v -0.289978 -0.194800 -0.100000
v -0.284214 -0.193836 -0.100000
v -0.278347 -0.193065 -0.100000
v -0.272405 -0.192464 -0.100000
v -0.266417 -0.192012 -0.100000
v -0.260414 -0.191689 -0.100000
v -0.254423 -0.191472 -0.100000
v -0.248476 -0.191340 -0.100000
v -0.242600 -0.191273 -0.100000
v -0.236826 -0.191248 -0.100000
v -0.231183 -0.191244 -0.100000
v -0.227967 -0.191190 -0.100000
v -0.223829 -0.191070 -0.100000
v -0.218966 -0.190944 -0.100000
v -0.213575 -0.190874 -0.100000
v -0.207852 -0.190922 -0.100000
v -0.201997 -0.191148 -0.100000
v -0.196205 -0.191614 -0.100000
v -0.190675 -0.192382 -0.100000
v -0.185604 -0.193512 -0.100000
v -0.181188 -0.195067 -0.100000
v -0.177626 -0.197106 -0.100000
v -0.175115 -0.199693 -0.100000
v -0.174440 -0.200799 -0.100000
v -0.173935 -0.201823 -0.100000
v -0.173579 -0.202777 -0.100000
v -0.173352 -0.203675 -0.100000
v -0.173231 -0.204531 -0.100000
v -0.173195 -0.205357 -0.100000
v -0.173224 -0.206167 -0.100000
v -0.173295 -0.206975 -0.100000
v -0.173387 -0.207793 -0.100000
v -0.173480 -0.208636 -0.100000
v -0.173551 -0.209515 -0.100000
v -0.173579 -0.210445 -0.100000
v -0.172848 -0.214444 -0.100000
v -0.170802 -0.217660 -0.100000
v -0.167663 -0.220178 -0.100000
v -0.163651 -0.222080 -0.100000
v -0.158989 -0.223449 -0.100000
v -0.153898 -0.224366 -0.100000
v -0.148598 -0.224916 -0.100000
v -0.143312 -0.225181 -0.100000
v -0.138261 -0.225242 -0.100000
v -0.133665 -0.225184 -0.100000
v -0.129747 -0.225089 -0.100000
v -0.126728 -0.225038 -0.100000
v -0.123047 -0.225004 -0.100000
v -0.118973 -0.224889 -0.100000
v -0.114595 -0.224678 -0.100000
v -0.110002 -0.224356 -0.100000
v -0.105280 -0.223905 -0.100000
v -0.100518 -0.223310 -0.100000
v -0.095805 -0.222556 -0.100000
v -0.091227 -0.221625 -0.100000
v -0.086874 -0.220502 -0.100000
v -0.082832 -0.219171 -0.100000
v -0.079190 -0.217617 -0.100000
v -0.076037 -0.215822 -0.100000
v -0.068036 -0.208244 -0.100000
v -0.061248 -0.197758 -0.100000
v -0.055576 -0.184884 -0.100000
v -0.050919 -0.170137 -0.100000
v -0.047179 -0.154036 -0.100000
v -0.044259 -0.137097 -0.100000
v -0.042058 -0.119838 -0.100000
v -0.040479 -0.102776 -0.100000
v -0.039423 -0.086430 -0.100000
v -0.038790 -0.071315 -0.100000
v -0.038483 -0.057949 -0.100000
v -0.038402 -0.046851 -0.100000
v -0.038418 -0.043794 -0.100000
v -0.038459 -0.040763 -0.100000
v -0.038522 -0.037754 -0.100000
v -0.038602 -0.034761 -0.100000
v -0.038691 -0.031779 -0.100000
v -0.038786 -0.028802 -0.100000
v -0.038882 -0.025825 -0.100000
v -0.038971 -0.022842 -0.100000
v -0.039051 -0.019849 -0.100000
v -0.039114 -0.016840 -0.100000
v -0.039155 -0.013810 -0.100000
v -0.039171 -0.010753 -0.100000
v -0.039118 0.008815 -0.100000
v -0.039135 0.032695 -0.100000
v -0.039483 0.059920 -0.100000
v -0.040422 0.089520 -0.100000
v -0.042215 0.120529 -0.100000
v -0.045123 0.151978 -0.100000
v -0.049407 0.182898 -0.100000
v -0.055328 0.212323 -0.100000
v -0.063148 0.239283 -0.100000
v -0.073128 0.262812 -0.100000
v -0.085530 0.281939 -0.100000
v -0.100614 0.295699 -0.100000
v -0.107740 0.299495 -0.100000
v -0.116271 0.302835 -0.100000
v -0.125948 0.305744 -0.100000
v -0.136514 0.308244 -0.100000
v -0.147709 0.310360 -0.100000
v -0.159274 0.312116 -0.100000
v -0.170952 0.313536 -0.100000
v -0.182483 0.314644 -0.100000
v -0.193608 0.315464 -0.100000
v -0.204070 0.316020 -0.100000
v -0.213609 0.316336 -0.100000
v -0.221966 0.316436 -0.100000
v -0.228140 0.316445 -0.100000
v -0.234358 0.316440 -0.100000
v -0.240603 0.316376 -0.100000
v -0.246857 0.316209 -0.100000
v -0.253099 0.315892 -0.100000
v -0.259313 0.315380 -0.100000
v -0.265478 0.314629 -0.100000
v -0.271576 0.313592 -0.100000
v -0.277590 0.312224 -0.100000
v -0.283499 0.310480 -0.100000
v -0.289286 0.308315 -0.100000
v -0.294931 0.305684 -0.100000
v -0.305271 0.299099 -0.100000
v -0.314097 0.291347 -0.100000
v -0.321525 0.282570 -0.100000
v -0.327673 0.272913 -0.100000
v -0.332658 0.262521 -0.100000
v -0.336598 0.251536 -0.100000
v -0.339609 0.240103 -0.100000
v -0.341810 0.228367 -0.100000
v -0.343318 0.216470 -0.100000
v -0.344250 0.204557 -0.100000
v -0.344722 0.192772 -0.100000
v -0.344854 0.181260 -0.100000
v -0.344794 0.173771 -0.100000
v -0.344626 0.166283 -0.100000
v -0.344374 0.158794 -0.100000
v -0.344058 0.151306 -0.100000
v -0.343698 0.143817 -0.100000
v -0.343318 0.136329 -0.100000
v -0.342937 0.128840 -0.100000
v -0.342578 0.121352 -0.100000
v -0.342262 0.113863 -0.100000
v -0.342009 0.106375 -0.100000
v -0.341842 0.098886 -0.100000
v -0.341782 0.091398 -0.100000
v -0.341782 -0.014593 -0.100000
v -0.341819 -0.020643 -0.100000
v -0.341949 -0.027532 -0.100000
v -0.342202 -0.035078 -0.100000
v -0.342607 -0.043096 -0.100000
v -0.343193 -0.051402 -0.100000
v -0.343990 -0.059812 -0.100000
v -0.345027 -0.068142 -0.100000
v -0.346333 -0.076208 -0.100000
v -0.347938 -0.083825 -0.100000
v -0.349871 -0.090811 -0.100000
v -0.352162 -0.096981 -0.100000
v -0.354839 -0.102151 -0.100000
v -0.359250 -0.096132 -0.100000
v -0.362928 -0.084535 -0.100000
v -0.365939 -0.068404 -0.100000
v -0.368351 -0.048785 -0.100000
v -0.370229 -0.026723 -0.100000
v -0.371640 -0.003264 -0.100000
v -0.372651 0.020547 -0.100000
v -0.373329 0.043665 -0.100000
v -0.373740 0.065044 -0.100000
v -0.373951 0.083639 -0.100000
v -0.374029 0.098405 -0.100000
v -0.374040 0.108295 -0.100000
v -0.374010 0.118295 -0.100000
v -0.373926 0.128321 -0.100000
v -0.373800 0.138369 -0.100000
v -0.373642 0.148433 -0.100000
v -0.373462 0.158507 -0.100000
v -0.373272 0.168587 -0.100000
v -0.373082 0.178667 -0.100000
v -0.372902 0.188741 -0.100000
v -0.372744 0.198805 -0.100000
v -0.372618 0.208852 -0.100000
v -0.372534 0.218879 -0.100000
v -0.372504 0.228879 -0.100000
v -0.373726 0.250275 -0.100000
v -0.377286 0.268202 -0.100000
v -0.383029 0.282966 -0.100000
v -0.390795 0.294874 -0.100000
v -0.400428 0.304232 -0.100000
v -0.411770 0.311348 -0.100000
v -0.424665 0.316527 -0.100000
v -0.438954 0.320077 -0.100000
v -0.454481 0.322305 -0.100000
v -0.471088 0.323516 -0.100000
v -0.488618 0.324018 -0.100000
v -0.506912 0.324117 -0.100000
v -0.520542 0.324116 -0.100000
v -0.534153 0.324049 -0.100000
v -0.547727 0.323817 -0.100000
v -0.561245 0.323320 -0.100000
v -0.574688 0.322461 -0.100000
v -0.588038 0.321141 -0.100000
v -0.601275 0.319260 -0.100000
v -0.614382 0.316721 -0.100000
v -0.627340 0.313424 -0.100000
v -0.640130 0.309271 -0.100000
v -0.652733 0.304164 -0.100000
v -0.665131 0.298003 -0.100000
v -0.668891 0.295796 -0.100000
v -0.672491 0.293402 -0.100000
v -0.675931 0.290827 -0.100000
v -0.679211 0.288075 -0.100000
v -0.682332 0.285153 -0.100000
v -0.685292 0.282066 -0.100000
v -0.688092 0.278819 -0.100000
v -0.690732 0.275417 -0.100000
v -0.693212 0.271865 -0.100000
v -0.695533 0.268170 -0.100000
v -0.697693 0.264336 -0.100000
v -0.699693 0.260369 -0.100000
v -0.706766 0.243642 -0.100000
v -0.712693 0.225504 -0.100000
v -0.717574 0.206209 -0.100000
v -0.721511 0.186010 -0.100000
v -0.724606 0.165160 -0.100000
v -0.726959 0.143913 -0.100000
v -0.728672 0.122522 -0.100000
v -0.729846 0.101240 -0.100000
v -0.730583 0.080321 -0.100000
v -0.730984 0.060018 -0.100000
v -0.731150 0.040584 -0.100000
v -0.731183 0.022273 -0.100000
v -0.731183 -0.053763 -0.100000
v -0.564064 0.145366 -0.100000
v -0.567297 0.145965 -0.100000
v -0.570349 0.146937 -0.100000
v -0.573192 0.148262 -0.100000
v -0.575801 0.149917 -0.100000
v -0.578149 0.151882 -0.100000
v -0.580209 0.154134 -0.100000
v -0.581954 0.156654 -0.100000
v -0.583357 0.159418 -0.100000
v -0.584393 0.162407 -0.100000
v -0.585034 0.165598 -0.100000
v -0.585253 0.168971 -0.100000
v -0.584855 0.178383 -0.100000
v -0.583664 0.186348 -0.100000
v -0.581689 0.192984 -0.100000
v -0.578938 0.198413 -0.100000
v -0.575419 0.202753 -0.100000
v -0.571141 0.206125 -0.100000
v -0.566110 0.208649 -0.100000
v -0.560335 0.210445 -0.100000
v -0.553823 0.211634 -0.100000
v -0.546584 0.212334 -0.100000
v -0.538625 0.212666 -0.100000
v -0.529954 0.212750 -0.100000
v -0.525830 0.212678 -0.100000
v -0.521925 0.212433 -0.100000
v -0.518265 0.211970 -0.100000
v -0.514877 0.211242 -0.100000
v -0.511788 0.210205 -0.100000
v -0.509025 0.208813 -0.100000
v -0.506613 0.207022 -0.100000
v -0.504580 0.204785 -0.100000
v -0.502952 0.202057 -0.100000
v -0.501757 0.198793 -0.100000
v -0.501020 0.194948 -0.100000
v -0.500768 0.190476 -0.100000
v -0.500768 0.173579 -0.100000
v -0.501247 0.168018 -0.100000
v -0.502620 0.163207 -0.100000
v -0.504788 0.159094 -0.100000
v -0.507652 0.155630 -0.100000
v -0.511113 0.152762 -0.100000
v -0.515073 0.150442 -0.100000
v -0.519433 0.148617 -0.100000
v -0.524094 0.147238 -0.100000
v -0.528958 0.146253 -0.100000
v -0.533926 0.145613 -0.100000
v -0.538899 0.145266 -0.100000
v -0.543779 0.145161 -0.100000
v -0.560676 0.145161 -0.100000
v -0.210870 0.116527 -0.100000
v -0.214485 0.118088 -0.100000
v -0.217502 0.120512 -0.100000
v -0.219975 0.123656 -0.100000
v -0.221957 0.127376 -0.100000
v -0.223502 0.131528 -0.100000
v -0.224663 0.135969 -0.100000
v -0.225494 0.140553 -0.100000
v -0.226046 0.145137 -0.100000
v -0.226375 0.149578 -0.100000
v -0.226534 0.153730 -0.100000
v -0.226574 0.157450 -0.100000
v -0.226559 0.158779 -0.100000
v -0.226518 0.160081 -0.100000
v -0.226454 0.161362 -0.100000
v -0.226375 0.162627 -0.100000
v -0.226286 0.163882 -0.100000
v -0.226190 0.165131 -0.100000
v -0.226095 0.166380 -0.100000
v -0.226006 0.167634 -0.100000
v -0.225926 0.168899 -0.100000
v -0.225863 0.170180 -0.100000
v -0.225822 0.171482 -0.100000
v -0.225806 0.172811 -0.100000
v -0.225718 0.177550 -0.100000
v -0.225422 0.181793 -0.100000
v -0.224870 0.185556 -0.100000
v -0.224014 0.188855 -0.100000
v -0.222806 0.191706 -0.100000
v -0.221198 0.194124 -0.100000
v -0.219142 0.196127 -0.100000
v -0.216590 0.197730 -0.100000
v -0.213494 0.198949 -0.100000
v -0.209805 0.199799 -0.100000
v -0.205477 0.200298 -0.100000
v -0.200461 0.200461 -0.100000
v -0.194724 0.200026 -0.100000
v -0.189765 0.198775 -0.100000
v -0.185532 0.196789 -0.100000
v -0.181971 0.194146 -0.100000
v -0.179028 0.190927 -0.100000
v -0.176651 0.187212 -0.100000
v -0.174786 0.183081 -0.100000
v -0.173380 0.178614 -0.100000
v -0.172379 0.173891 -0.100000
v -0.171730 0.168992 -0.100000
v -0.171380 0.163997 -0.100000
v -0.171275 0.158986 -0.100000
v -0.171275 0.139017 -0.100000
v -0.171390 0.135498 -0.100000
v -0.171744 0.132243 -0.100000
v -0.172355 0.129260 -0.100000
v -0.173238 0.126557 -0.100000
v -0.174408 0.124143 -0.100000
v -0.175883 0.122024 -0.100000
v -0.177678 0.120209 -0.100000
v -0.179809 0.118706 -0.100000
v -0.182292 0.117524 -0.100000
v -0.185143 0.116669 -0.100000
v -0.188377 0.116150 -0.100000
v -0.192012 0.115975 -0.100000
v -0.206605 0.115975 -0.100000
v -0.502845 -0.005509 -0.100000
v -0.504388 -0.010596 -0.100000
v -0.506816 -0.014617 -0.100000
v -0.510013 -0.017694 -0.100000
v -0.513860 -0.019949 -0.100000
v -0.518241 -0.021505 -0.100000
v -0.523038 -0.022486 -0.100000
v -0.528133 -0.023013 -0.100000
v -0.533410 -0.023209 -0.100000
v -0.538751 -0.023198 -0.100000
v -0.544038 -0.023101 -0.100000
v -0.549155 -0.023041 -0.100000
v -0.556571 -0.022842 -0.100000
v -0.563104 -0.022213 -0.100000
v -0.568800 -0.021109 -0.100000
v -0.573704 -0.019486 -0.100000
v -0.577861 -0.017297 -0.100000
v -0.581317 -0.014497 -0.100000
v -0.584117 -0.011041 -0.100000
v -0.586306 -0.006884 -0.100000
v -0.587930 -0.001980 -0.100000
v -0.589033 0.003716 -0.100000
v -0.589662 0.010249 -0.100000
v -0.589862 0.017665 -0.100000
v -0.589426 0.024063 -0.100000
v -0.588166 0.029485 -0.100000
v -0.586154 0.034010 -0.100000
v -0.583461 0.037720 -0.100000
v -0.580161 0.040693 -0.100000
v -0.576325 0.043011 -0.100000
v -0.572025 0.044752 -0.100000
v -0.567332 0.045998 -0.100000
v -0.562320 0.046827 -0.100000
v -0.557060 0.047320 -0.100000
v -0.551623 0.047558 -0.100000
v -0.546083 0.047619 -0.100000
v -0.532258 0.047619 -0.100000
v -0.529087 0.047595 -0.100000
v -0.525772 0.047487 -0.100000
v -0.522393 0.047247 -0.100000
v -0.519031 0.046823 -0.100000
v -0.515764 0.046163 -0.100000
v -0.512673 0.045219 -0.100000
v -0.509838 0.043938 -0.100000
v -0.507339 0.042271 -0.100000
v -0.505256 0.040167 -0.100000
v -0.503670 0.037574 -0.100000
v -0.502659 0.034443 -0.100000
v -0.502304 0.030722 -0.100000
v -0.502304 0.000768 -0.100000
v -0.167583 -0.050059 -0.100000
v -0.168046 -0.054656 -0.100000
v -0.168851 -0.059056 -0.100000
v -0.170023 -0.063208 -0.100000
v -0.171591 -0.067061 -0.100000
v -0.173579 -0.070565 -0.100000
v -0.176016 -0.073668 -0.100000
v -0.178927 -0.076321 -0.100000
v -0.182340 -0.078473 -0.100000
v -0.186280 -0.080073 -0.100000
v -0.190776 -0.081070 -0.100000
v -0.195853 -0.081413 -0.100000
v -0.201413 -0.081114 -0.100000
v -0.206225 -0.080236 -0.100000
v -0.210337 -0.078809 -0.100000
v -0.213802 -0.076862 -0.100000
v -0.216669 -0.074424 -0.100000
v -0.218990 -0.071525 -0.100000
v -0.220815 -0.068193 -0.100000
v -0.222194 -0.064459 -0.100000
v -0.223178 -0.060352 -0.100000
v -0.223819 -0.055900 -0.100000
v -0.224166 -0.051134 -0.100000
v -0.224270 -0.046083 -0.100000
v -0.224255 -0.044532 -0.100000
v -0.224213 -0.042954 -0.100000
v -0.224150 -0.041355 -0.100000
v -0.224071 -0.039739 -0.100000
v -0.223981 -0.038114 -0.100000
v -0.223886 -0.036482 -0.100000
v -0.223791 -0.034851 -0.100000
v -0.223701 -0.033225 -0.100000
v -0.223622 -0.031610 -0.100000
v -0.223559 -0.030011 -0.100000
v -0.223517 -0.028433 -0.100000
v -0.223502 -0.026882 -0.100000
v -0.223337 -0.021392 -0.100000
v -0.222823 -0.016435 -0.100000
v -0.221930 -0.012001 -0.100000
v -0.220629 -0.008079 -0.100000
v -0.218891 -0.004658 -0.100000
v -0.216686 -0.001728 -0.100000
v -0.213985 0.000722 -0.100000
v -0.210758 0.002702 -0.100000
v -0.206977 0.004224 -0.100000
v -0.202612 0.005298 -0.100000
v -0.197634 0.005935 -0.100000
v -0.192012 0.006144 -0.100000
v -0.187172 0.005817 -0.100000
v -0.182991 0.004868 -0.100000
v -0.179423 0.003348 -0.100000
v -0.176424 0.001309 -0.100000
v -0.173947 -0.001201 -0.100000
v -0.171947 -0.004128 -0.100000
v -0.170379 -0.007424 -0.100000
v -0.169198 -0.011037 -0.100000
v -0.168359 -0.014917 -0.100000
v -0.167815 -0.019013 -0.100000
v -0.167522 -0.023274 -0.100000
v -0.167435 -0.027650 -0.100000
v -0.167435 -0.045315 -0.100000
v 0.251872 -0.070905 -0.100000
v 0.253264 -0.071592 -0.100000
v 0.254560 -0.072653 -0.100000
v 0.255760 -0.074017 -0.100000
v 0.256864 -0.075616 -0.100000
v 0.257873 -0.077381 -0.100000
v 0.258785 -0.079242 -0.100000
v 0.259601 -0.081129 -0.100000
v 0.260321 -0.082973 -0.100000
v 0.260945 -0.084706 -0.100000
v 0.261473 -0.086257 -0.100000
v 0.261905 -0.087558 -0.100000
v 0.262273 -0.088695 -0.100000
v 0.262612 -0.089805 -0.100000
v 0.262925 -0.090894 -0.100000
v 0.263213 -0.091967 -0.100000
v 0.263480 -0.093029 -0.100000
v 0.263729 -0.094086 -0.100000
v 0.263961 -0.095143 -0.100000
v 0.264180 -0.096205 -0.100000
v 0.264389 -0.097278 -0.100000
v 0.264589 -0.098367 -0.100000
v 0.264785 -0.099477 -0.100000
v 0.264977 -0.100614 -0.100000
v 0.266146 -0.106405 -0.100000
v 0.267352 -0.112245 -0.100000
v 0.268601 -0.118124 -0.100000
v 0.269898 -0.124026 -0.100000
v 0.271248 -0.129939 -0.100000
v 0.272657 -0.135849 -0.100000
v 0.274130 -0.141743 -0.100000
v 0.275673 -0.147608 -0.100000
v 0.277290 -0.153430 -0.100000
v 0.278987 -0.159196 -0.100000
v 0.280769 -0.164893 -0.100000
v 0.282642 -0.170507 -0.100000
v 0.284402 -0.175484 -0.100000
v 0.286223 -0.180431 -0.100000
v 0.288103 -0.185352 -0.100000
v 0.290038 -0.190249 -0.100000
v 0.292027 -0.195124 -0.100000
v 0.294067 -0.199981 -0.100000
v 0.296155 -0.204822 -0.100000
v 0.298288 -0.209649 -0.100000
v 0.300463 -0.214466 -0.100000
v 0.302679 -0.219274 -0.100000
v 0.304932 -0.224078 -0.100000
v 0.307220 -0.228879 -0.100000
v 0.311120 -0.236473 -0.100000
v 0.315832 -0.244574 -0.100000
v 0.321237 -0.253048 -0.100000
v 0.327217 -0.261762 -0.100000
v 0.333657 -0.270584 -0.100000
v 0.340438 -0.279378 -0.100000
v 0.347443 -0.288012 -0.100000
v 0.354554 -0.296353 -0.100000
v 0.361655 -0.304267 -0.100000
v 0.368628 -0.311622 -0.100000
v 0.375356 -0.318283 -0.100000
v 0.381720 -0.324117 -0.100000
v 0.383495 -0.325664 -0.100000
v 0.385358 -0.327217 -0.100000
v 0.387301 -0.328749 -0.100000
v 0.389316 -0.330233 -0.100000
v 0.391394 -0.331642 -0.100000
v 0.393529 -0.332949 -0.100000
v 0.395712 -0.334129 -0.100000
v 0.397935 -0.335154 -0.100000
v 0.400190 -0.335998 -0.100000
v 0.402468 -0.336633 -0.100000
v 0.404763 -0.337034 -0.100000
v 0.407066 -0.337174 -0.100000
v 0.413153 -0.336310 -0.100000
v 0.418765 -0.333913 -0.100000
v 0.423939 -0.330273 -0.100000
v 0.428714 -0.325681 -0.100000
v 0.433126 -0.320428 -0.100000
v 0.437212 -0.314804 -0.100000
v 0.441010 -0.309100 -0.100000
v 0.444558 -0.303607 -0.100000
v 0.447893 -0.298615 -0.100000
v 0.451051 -0.294415 -0.100000
v 0.454071 -0.291298 -0.100000
v 0.456989 -0.289555 -0.100000
v 0.458371 -0.290546 -0.100000
v 0.459464 -0.291596 -0.100000
v 0.460302 -0.292699 -0.100000
v 0.460915 -0.293850 -0.100000
v 0.461336 -0.295044 -0.100000
v 0.461598 -0.296275 -0.100000
v 0.461731 -0.297538 -0.100000
v 0.461768 -0.298828 -0.100000
v 0.461742 -0.300139 -0.100000
v 0.461683 -0.301466 -0.100000
v 0.461624 -0.302804 -0.100000
v 0.461598 -0.304147 -0.100000
v 0.462452 -0.309174 -0.100000
v 0.464851 -0.313190 -0.100000
v 0.468546 -0.316304 -0.100000
v 0.473289 -0.318627 -0.100000
v 0.478832 -0.320266 -0.100000
v 0.484927 -0.321333 -0.100000
v 0.491326 -0.321935 -0.100000
v 0.497781 -0.322182 -0.100000
v 0.504044 -0.322185 -0.100000
v 0.509867 -0.322051 -0.100000
v 0.515002 -0.321890 -0.100000
v 0.519201 -0.321813 -0.100000
v 0.524194 -0.321767 -0.100000
v 0.529186 -0.321642 -0.100000
v 0.534178 -0.321453 -0.100000
v 0.539171 -0.321215 -0.100000
v 0.544163 -0.320946 -0.100000
v 0.549155 -0.320661 -0.100000
v 0.554148 -0.320375 -0.100000
v 0.559140 -0.320106 -0.100000
v 0.564132 -0.319868 -0.100000
v 0.569124 -0.319679 -0.100000
v 0.574117 -0.319554 -0.100000
v 0.579109 -0.319508 -0.100000
v 0.580292 -0.319524 -0.100000
v 0.581527 -0.319572 -0.100000
v 0.582805 -0.319652 -0.100000
v 0.584116 -0.319764 -0.100000
v 0.585447 -0.319908 -0.100000
v 0.586790 -0.320084 -0.100000
v 0.588132 -0.320293 -0.100000
v 0.589464 -0.320533 -0.100000
v 0.590774 -0.320805 -0.100000
v 0.592052 -0.321109 -0.100000
v 0.593288 -0.321445 -0.100000
v 0.594470 -0.321813 -0.100000
v 0.595105 -0.322834 -0.100000
v 0.595839 -0.323964 -0.100000
v 0.596642 -0.325185 -0.100000
v 0.597485 -0.326478 -0.100000
v 0.598339 -0.327824 -0.100000
v 0.599174 -0.329205 -0.100000
v 0.599962 -0.330602 -0.100000
v 0.600671 -0.331996 -0.100000
v 0.601275 -0.333369 -0.100000
v 0.601742 -0.334702 -0.100000
v 0.602043 -0.335977 -0.100000
v 0.602151 -0.337174 -0.100000
v 0.604101 -0.337511 -0.100000
v 0.606105 -0.337764 -0.100000
v 0.608151 -0.337942 -0.100000
v 0.610229 -0.338055 -0.100000
v 0.612329 -0.338116 -0.100000
v 0.614439 -0.338134 -0.100000
v 0.616550 -0.338119 -0.100000
v 0.618649 -0.338084 -0.100000
v 0.620728 -0.338038 -0.100000
v 0.622774 -0.337991 -0.100000
v 0.624778 -0.337956 -0.100000
v 0.626728 -0.337942 -0.100000
v 0.633211 -0.337929 -0.100000
v 0.639934 -0.337842 -0.100000
v 0.646817 -0.337606 -0.100000
v 0.653781 -0.337145 -0.100000
v 0.660744 -0.336386 -0.100000
v 0.667627 -0.335253 -0.100000
v 0.674350 -0.333673 -0.100000
v 0.680833 -0.331570 -0.100000
v 0.686996 -0.328869 -0.100000
v 0.692759 -0.325496 -0.100000
v 0.698042 -0.321377 -0.100000
v 0.702765 -0.316436 -0.100000
v 0.707590 -0.308841 -0.100000
v 0.711729 -0.299002 -0.100000
v 0.715234 -0.287334 -0.100000
v 0.718154 -0.274250 -0.100000
v 0.720542 -0.260164 -0.100000
v 0.722446 -0.245488 -0.100000
v 0.723919 -0.230636 -0.100000
v 0.725010 -0.216021 -0.100000
v 0.725771 -0.202057 -0.100000
v 0.726251 -0.189157 -0.100000
v 0.726502 -0.177734 -0.100000
v 0.726575 -0.168203 -0.100000
v 0.725659 -0.156698 -0.100000
v 0.723029 -0.146697 -0.100000
v 0.718858 -0.138105 -0.100000
v 0.713319 -0.130824 -0.100000
v 0.706584 -0.124760 -0.100000
v 0.698829 -0.119816 -0.100000
v 0.690225 -0.115895 -0.100000
v 0.680947 -0.112903 -0.100000
v 0.671167 -0.110743 -0.100000
v 0.661059 -0.109319 -0.100000
v 0.650797 -0.108535 -0.100000
v 0.640553 -0.108295 -0.100000
v 0.636890 -0.108310 -0.100000
v 0.633200 -0.108352 -0.100000
v 0.629488 -0.108415 -0.100000
v 0.625761 -0.108494 -0.100000
v 0.622023 -0.108584 -0.100000
v 0.618280 -0.108679 -0.100000
v 0.614536 -0.108774 -0.100000
v 0.610798 -0.108864 -0.100000
v 0.607071 -0.108943 -0.100000
v 0.603360 -0.109006 -0.100000
v 0.599670 -0.109048 -0.100000
v 0.596006 -0.109063 -0.100000
v 0.591589 -0.109033 -0.100000
v 0.587170 -0.108949 -0.100000
v 0.582745 -0.108823 -0.100000
v 0.578313 -0.108665 -0.100000
v 0.573869 -0.108485 -0.100000
v 0.569412 -0.108295 -0.100000
v 0.564940 -0.108105 -0.100000
v 0.560448 -0.107925 -0.100000
v 0.555936 -0.107767 -0.100000
v 0.551399 -0.107641 -0.100000
v 0.546835 -0.107557 -0.100000
v 0.542243 -0.107527 -0.100000
v 0.536309 -0.107582 -0.100000
v 0.530423 -0.107779 -0.100000
v 0.524602 -0.108163 -0.100000
v 0.518860 -0.108779 -0.100000
v 0.513214 -0.109671 -0.100000
v 0.507680 -0.110887 -0.100000
v 0.502275 -0.112471 -0.100000
v 0.497013 -0.114468 -0.100000
v 0.491912 -0.116923 -0.100000
v 0.486986 -0.119883 -0.100000
v 0.482252 -0.123392 -0.100000
v 0.477727 -0.127496 -0.100000
v 0.473683 -0.132364 -0.100000
v 0.470658 -0.137698 -0.100000
v 0.468486 -0.143421 -0.100000
v 0.467002 -0.149457 -0.100000
v 0.466041 -0.155727 -0.100000
v 0.465438 -0.162154 -0.100000
v 0.465026 -0.168662 -0.100000
v 0.464641 -0.175172 -0.100000
v 0.464118 -0.181608 -0.100000
v 0.463290 -0.187891 -0.100000
v 0.461993 -0.193945 -0.100000
v 0.460061 -0.199693 -0.100000
v 0.459869 -0.200106 -0.100000
v 0.459670 -0.200567 -0.100000
v 0.459461 -0.201061 -0.100000
v 0.459237 -0.201570 -0.100000
v 0.458990 -0.202080 -0.100000
v 0.458717 -0.202573 -0.100000
v 0.458412 -0.203034 -0.100000
v 0.458070 -0.203448 -0.100000
v 0.457685 -0.203797 -0.100000
v 0.457252 -0.204066 -0.100000
v 0.456766 -0.204240 -0.100000
v 0.456221 -0.204301 -0.100000
v 0.448498 -0.202442 -0.100000
v 0.440775 -0.197239 -0.100000
v 0.433180 -0.189252 -0.100000
v 0.425841 -0.179041 -0.100000
v 0.418886 -0.167165 -0.100000
v 0.412442 -0.154186 -0.100000
v 0.406639 -0.140662 -0.100000
v 0.401604 -0.127155 -0.100000
v 0.397465 -0.114223 -0.100000
v 0.394351 -0.102428 -0.100000
v 0.392388 -0.092329 -0.100000
v 0.391705 -0.084485 -0.100000
v 0.392497 -0.077364 -0.100000
v 0.394713 -0.072574 -0.100000
v 0.398113 -0.069628 -0.100000
v 0.402458 -0.068043 -0.100000
v 0.407506 -0.067333 -0.100000
v 0.413018 -0.067012 -0.100000
v 0.418755 -0.066595 -0.100000
v 0.424475 -0.065597 -0.100000
v 0.429940 -0.063532 -0.100000
v 0.434908 -0.059915 -0.100000
v 0.439140 -0.054260 -0.100000
v 0.442396 -0.046083 -0.100000
v 0.443102 -0.043365 -0.100000
v 0.443691 -0.040593 -0.100000
v 0.444172 -0.037778 -0.100000
v 0.444558 -0.034932 -0.100000
v 0.444859 -0.032064 -0.100000
v 0.445085 -0.029186 -0.100000
v 0.445246 -0.026307 -0.100000
v 0.445355 -0.023440 -0.100000
v 0.445421 -0.020593 -0.100000
v 0.445454 -0.017779 -0.100000
v 0.445467 -0.015007 -0.100000
v 0.445469 -0.012289 -0.100000
v 0.445484 -0.002289 -0.100000
v 0.445525 0.007737 -0.100000
v 0.445588 0.017785 -0.100000
v 0.445668 0.027849 -0.100000
v 0.445757 0.037923 -0.100000
v 0.445853 0.048003 -0.100000
v 0.445948 0.058083 -0.100000
v 0.446037 0.068157 -0.100000
v 0.446117 0.078221 -0.100000
v 0.446180 0.088269 -0.100000
v 0.446221 0.098295 -0.100000
v 0.446237 0.108295 -0.100000
v 0.446202 0.115193 -0.100000
v 0.446087 0.123411 -0.100000
v 0.445877 0.132668 -0.100000
v 0.445554 0.142686 -0.100000
v 0.445103 0.153184 -0.100000
v 0.444508 0.163882 -0.100000
v 0.443754 0.174501 -0.100000
v 0.442823 0.184758 -0.100000
v 0.441700 0.194376 -0.100000
v 0.440370 0.203074 -0.100000
v 0.438815 0.210572 -0.100000
v 0.437020 0.216590 -0.100000
v 0.435125 0.219870 -0.100000
v 0.432611 0.222158 -0.100000
v 0.429628 0.223646 -0.100000
v 0.426324 0.224526 -0.100000
v 0.422850 0.224990 -0.100000
v 0.419355 0.225230 -0.100000
v 0.415988 0.225438 -0.100000
v 0.412898 0.225806 -0.100000
v 0.410234 0.226526 -0.100000
v 0.408147 0.227791 -0.100000
v 0.406785 0.229791 -0.100000
v 0.406298 0.232719 -0.100000
v 0.406691 0.238566 -0.100000
v 0.407777 0.244233 -0.100000
v 0.409418 0.249760 -0.100000
v 0.411475 0.255191 -0.100000
v 0.413810 0.260570 -0.100000
v 0.416283 0.265937 -0.100000
v 0.418756 0.271336 -0.100000
v 0.421090 0.276811 -0.100000
v 0.423147 0.282402 -0.100000
v 0.424788 0.288154 -0.100000
v 0.425874 0.294108 -0.100000
v 0.426267 0.300307 -0.100000
v 0.424870 0.303231 -0.100000
v 0.420980 0.306544 -0.100000
v 0.415047 0.310124 -0.100000
v 0.407521 0.313848 -0.100000
v 0.398854 0.317593 -0.100000
v 0.389497 0.321237 -0.100000
v 0.379899 0.324656 -0.100000
v 0.370513 0.327729 -0.100000
v 0.361787 0.330333 -0.100000
v 0.354174 0.332345 -0.100000
v 0.348123 0.333642 -0.100000
v 0.344086 0.334101 -0.100000
v 0.330198 0.331940 -0.100000
v 0.318620 0.325966 -0.100000
v 0.308972 0.316940 -0.100000
v 0.300876 0.305627 -0.100000
v 0.293954 0.292788 -0.100000
v 0.287826 0.279186 -0.100000
v 0.282115 0.265584 -0.100000
v 0.276441 0.252745 -0.100000
v 0.270425 0.241431 -0.100000
v 0.263690 0.232406 -0.100000
v 0.255856 0.226431 -0.100000
v 0.246544 0.224270 -0.100000
v 0.234758 0.226431 -0.100000
v 0.225220 0.232406 -0.100000
v 0.217490 0.241432 -0.100000
v 0.211128 0.252745 -0.100000
v 0.205695 0.265584 -0.100000
v 0.200749 0.279186 -0.100000
v 0.195851 0.292788 -0.100000
v 0.190562 0.305627 -0.100000
v 0.184440 0.316940 -0.100000
v 0.177046 0.325966 -0.100000
v 0.167940 0.331940 -0.100000
v 0.156682 0.334101 -0.100000
v 0.149554 0.333780 -0.100000
v 0.140752 0.332814 -0.100000
v 0.130712 0.331197 -0.100000
v 0.119873 0.328924 -0.100000
v 0.108670 0.325990 -0.100000
v 0.097542 0.322389 -0.100000
v 0.086926 0.318115 -0.100000
v 0.077260 0.313165 -0.100000
v 0.068980 0.307532 -0.100000
v 0.062525 0.301210 -0.100000
v 0.058331 0.294196 -0.100000
v 0.056836 0.286482 -0.100000
v 0.057138 0.281434 -0.100000
v 0.057974 0.276626 -0.100000
v 0.059236 0.272009 -0.100000
v 0.060818 0.267537 -0.100000
v 0.062614 0.263161 -0.100000
v 0.064516 0.258833 -0.100000
v 0.066419 0.254504 -0.100000
v 0.068214 0.250128 -0.100000
v 0.069797 0.245656 -0.100000
v 0.071059 0.241039 -0.100000
v 0.071894 0.236231 -0.100000
v 0.072197 0.231183 -0.100000
v 0.071769 0.228164 -0.100000
v 0.070568 0.225597 -0.100000
v 0.068716 0.223418 -0.100000
v 0.066337 0.221568 -0.100000
v 0.063552 0.219984 -0.100000
v 0.060484 0.218606 -0.100000
v 0.057256 0.217372 -0.100000
v 0.053991 0.216220 -0.100000
v 0.050811 0.215090 -0.100000
v 0.047840 0.213919 -0.100000
v 0.045198 0.212648 -0.100000
v 0.043011 0.211214 -0.100000
v 0.041921 0.210323 -0.100000
v 0.040948 0.209212 -0.100000
v 0.040083 0.207913 -0.100000
v 0.039313 0.206463 -0.100000
v 0.038628 0.204895 -0.100000
v 0.038018 0.203245 -0.100000
v 0.037473 0.201547 -0.100000
v 0.036980 0.199835 -0.100000
v 0.036530 0.198145 -0.100000
v 0.036113 0.196510 -0.100000
v 0.035716 0.194967 -0.100000
v 0.035330 0.193548 -0.100000
v 0.033021 0.182544 -0.100000
v 0.031067 0.170411 -0.100000
v 0.029438 0.157366 -0.100000
v 0.028105 0.143625 -0.100000
v 0.027039 0.129404 -0.100000
v 0.026210 0.114919 -0.100000
v 0.025589 0.100386 -0.100000
v 0.025147 0.086022 -0.100000
v 0.024854 0.072041 -0.100000
v 0.024681 0.058660 -0.100000
v 0.024599 0.046095 -0.100000
v 0.024578 0.034562 -0.100000
v 0.024523 0.029543 -0.100000
v 0.024400 0.023465 -0.100000
v 0.024266 0.016549 -0.100000
v 0.024179 0.009017 -0.100000
v 0.024200 0.001091 -0.100000
v 0.024386 -0.007008 -0.100000
v 0.024795 -0.015060 -0.100000
v 0.025488 -0.022842 -0.100000
v 0.026522 -0.030134 -0.100000
v 0.027956 -0.036713 -0.100000
v 0.029848 -0.042360 -0.100000
v 0.032258 -0.046851 -0.100000
v 0.037610 -0.052897 -0.100000
v 0.043587 -0.057070 -0.100000
v 0.050043 -0.059740 -0.100000
v 0.056836 -0.061273 -0.100000
v 0.063820 -0.062039 -0.100000
v 0.070853 -0.062404 -0.100000
v 0.077789 -0.062737 -0.100000
v 0.084485 -0.063407 -0.100000
v 0.090798 -0.064780 -0.100000
v 0.096582 -0.067226 -0.100000
v 0.101695 -0.071111 -0.100000
v 0.105991 -0.076805 -0.100000
v 0.108698 -0.081773 -0.100000
v 0.111072 -0.087046 -0.100000
v 0.113131 -0.092574 -0.100000
v 0.114895 -0.098310 -0.100000
v 0.116380 -0.104207 -0.100000
v 0.117608 -0.110215 -0.100000
v 0.118595 -0.116287 -0.100000
v 0.119361 -0.122376 -0.100000
v 0.119924 -0.128432 -0.100000
v 0.120303 -0.134409 -0.100000
v 0.120517 -0.140257 -0.100000
v 0.120584 -0.145929 -0.100000
v 0.120569 -0.151881 -0.100000
v 0.120527 -0.157831 -0.100000
v 0.120464 -0.163774 -0.100000
v 0.120385 -0.169710 -0.100000
v 0.120295 -0.175636 -0.100000
v 0.120200 -0.181548 -0.100000
v 0.120105 -0.187444 -0.100000
v 0.120015 -0.193321 -0.100000
v 0.119936 -0.199177 -0.100000
v 0.119873 -0.205009 -0.100000
v 0.119831 -0.210814 -0.100000
v 0.119816 -0.216590 -0.100000
v 0.119800 -0.216958 -0.100000
v 0.119752 -0.217294 -0.100000
v 0.119672 -0.217598 -0.100000
v 0.119560 -0.217870 -0.100000
v 0.119416 -0.218110 -0.100000
v 0.119240 -0.218318 -0.100000
v 0.119032 -0.218494 -0.100000
v 0.118792 -0.218638 -0.100000
v 0.118520 -0.218750 -0.100000
v 0.118216 -0.218830 -0.100000
v 0.117880 -0.218878 -0.100000
v 0.117512 -0.218894 -0.100000
v 0.114320 -0.218132 -0.100000
v 0.111627 -0.216000 -0.100000
v 0.109387 -0.212726 -0.100000
v 0.107555 -0.208540 -0.100000
v 0.106086 -0.203671 -0.100000
v 0.104935 -0.198349 -0.100000
v 0.104055 -0.192803 -0.100000
v 0.103402 -0.187262 -0.100000
v 0.102931 -0.181956 -0.100000
v 0.102595 -0.177114 -0.100000
v 0.102350 -0.172965 -0.100000
v 0.102151 -0.169739 -0.100000
v 0.101669 -0.165725 -0.100000
v 0.100988 -0.161760 -0.100000
v 0.100098 -0.157858 -0.100000
v 0.098993 -0.154037 -0.100000
v 0.097664 -0.150311 -0.100000
v 0.096102 -0.146697 -0.100000
v 0.094301 -0.143212 -0.100000
v 0.092251 -0.139870 -0.100000
v 0.089946 -0.136689 -0.100000
v 0.087376 -0.133683 -0.100000
v 0.084535 -0.130870 -0.100000
v 0.081413 -0.128264 -0.100000
v 0.078411 -0.126353 -0.100000
v 0.075191 -0.124819 -0.100000
v 0.071789 -0.123620 -0.100000
v 0.068243 -0.122717 -0.100000
v 0.064590 -0.122070 -0.100000
v 0.060868 -0.121640 -0.100000
v 0.057114 -0.121385 -0.100000
v 0.053365 -0.121266 -0.100000
v 0.049659 -0.121244 -0.100000
v 0.046033 -0.121277 -0.100000
v 0.042525 -0.121326 -0.100000
v 0.039171 -0.121352 -0.100000
v 0.035395 -0.121483 -0.100000
v 0.031430 -0.121889 -0.100000
v 0.027374 -0.122588 -0.100000
v 0.023326 -0.123599 -0.100000
v 0.019385 -0.124941 -0.100000
v 0.015649 -0.126632 -0.100000
v 0.012217 -0.128691 -0.100000
v 0.009188 -0.131137 -0.100000
v 0.006660 -0.133989 -0.100000
v 0.004733 -0.137264 -0.100000
v 0.003504 -0.140982 -0.100000
v 0.003072 -0.145161 -0.100000
v 0.003150 -0.150345 -0.100000
v 0.003371 -0.155526 -0.100000
v 0.003720 -0.160702 -0.100000
v 0.004182 -0.165870 -0.100000
v 0.004739 -0.171027 -0.100000
v 0.005376 -0.176171 -0.100000
v 0.006078 -0.181299 -0.100000
v 0.006827 -0.186408 -0.100000
v 0.007609 -0.191496 -0.100000
v 0.008406 -0.196560 -0.100000
v 0.009203 -0.201597 -0.100000
v 0.009985 -0.206605 -0.100000
v 0.014979 -0.233784 -0.100000
v 0.020880 -0.256795 -0.100000
v 0.027890 -0.275982 -0.100000
v 0.036212 -0.291688 -0.100000
v 0.046049 -0.304258 -0.100000
v 0.057604 -0.314036 -0.100000
v 0.071078 -0.321366 -0.100000
v 0.086676 -0.326592 -0.100000
v 0.104599 -0.330057 -0.100000
v 0.125050 -0.332107 -0.100000
v 0.148232 -0.333084 -0.100000
v 0.174347 -0.333333 -0.100000
v 0.187445 -0.332938 -0.100000
v 0.199124 -0.331708 -0.100000
v 0.209437 -0.329577 -0.100000
v 0.218439 -0.326478 -0.100000
v 0.226182 -0.322344 -0.100000
v 0.232719 -0.317108 -0.100000
v 0.238104 -0.310705 -0.100000
v 0.242391 -0.303066 -0.100000
v 0.245632 -0.294127 -0.100000
v 0.247881 -0.283819 -0.100000
v 0.249191 -0.272077 -0.100000
v 0.249616 -0.258833 -0.100000
v 0.249525 -0.244255 -0.100000
v 0.249275 -0.229704 -0.100000
v 0.248896 -0.215174 -0.100000
v 0.248421 -0.200660 -0.100000
v 0.247883 -0.186157 -0.100000
v 0.247312 -0.171659 -0.100000
v 0.246741 -0.157161 -0.100000
v 0.246202 -0.142658 -0.100000
v 0.245728 -0.128144 -0.100000
v 0.245349 -0.113614 -0.100000
v 0.245098 -0.099063 -0.100000
v 0.245008 -0.084485 -0.100000
v 0.250384 -0.070661 -0.100000
v 0.677429 0.226634 -0.100000
v 0.682358 0.226855 -0.100000
v 0.687464 0.227307 -0.100000
v 0.692610 0.228054 -0.100000
v 0.697659 0.229164 -0.100000
v 0.702477 0.230703 -0.100000
v 0.706927 0.232738 -0.100000
v 0.710872 0.235336 -0.100000
v 0.714178 0.238563 -0.100000
v 0.716707 0.242487 -0.100000
v 0.718325 0.247173 -0.100000
v 0.718894 0.252688 -0.100000
v 0.718871 0.257071 -0.100000
v 0.718773 0.261382 -0.100000
v 0.718558 0.265613 -0.100000
v 0.718183 0.269756 -0.100000
v 0.717605 0.273803 -0.100000
v 0.716782 0.277746 -0.100000
v 0.715671 0.281577 -0.100000
v 0.714229 0.285288 -0.100000
v 0.712414 0.288871 -0.100000
v 0.710182 0.292317 -0.100000
v 0.707492 0.295620 -0.100000
v 0.704301 0.298771 -0.100000
v 0.702157 0.300435 -0.100000
v 0.699952 0.301971 -0.100000
v 0.697689 0.303379 -0.100000
v 0.695369 0.304659 -0.100000
v 0.692996 0.305812 -0.100000
v 0.690572 0.306836 -0.100000
v 0.688100 0.307732 -0.100000
v 0.685583 0.308500 -0.100000
v 0.683024 0.309140 -0.100000
v 0.680424 0.309652 -0.100000
v 0.677787 0.310036 -0.100000
v 0.675115 0.310292 -0.100000
v 0.662649 0.311441 -0.100000
v 0.650207 0.312575 -0.100000
v 0.637781 0.313676 -0.100000
v 0.625363 0.314729 -0.100000
v 0.612945 0.315719 -0.100000
v 0.600518 0.316628 -0.100000
v 0.588076 0.317442 -0.100000
v 0.575610 0.318143 -0.100000
v 0.563112 0.318716 -0.100000
v 0.550574 0.319146 -0.100000
v 0.537988 0.319415 -0.100000
v 0.525346 0.319508 -0.100000
v 0.517406 0.319440 -0.100000
v 0.509764 0.319153 -0.100000
v 0.502496 0.318524 -0.100000
v 0.495676 0.317432 -0.100000
v 0.489379 0.315753 -0.100000
v 0.483679 0.313364 -0.100000
v 0.478651 0.310143 -0.100000
v 0.474370 0.305968 -0.100000
v 0.470910 0.300715 -0.100000
v 0.468346 0.294262 -0.100000
v 0.466753 0.286487 -0.100000
v 0.466206 0.277266 -0.100000
v 0.466231 0.272814 -0.100000
v 0.466345 0.268661 -0.100000
v 0.466602 0.264785 -0.100000
v 0.467059 0.261165 -0.100000
v 0.467773 0.257780 -0.100000
v 0.468798 0.254608 -0.100000
v 0.470191 0.251629 -0.100000
v 0.472009 0.248819 -0.100000
v 0.474306 0.246160 -0.100000
v 0.477140 0.243628 -0.100000
v 0.480565 0.241203 -0.100000
v 0.484639 0.238863 -0.100000
v 0.491581 0.236363 -0.100000
v 0.501646 0.234219 -0.100000
v 0.514245 0.232407 -0.100000
v 0.528788 0.230898 -0.100000
v 0.544685 0.229667 -0.100000
v 0.561348 0.228687 -0.100000
v 0.578187 0.227930 -0.100000
v 0.594612 0.227371 -0.100000
v 0.610035 0.226983 -0.100000
v 0.623866 0.226738 -0.100000
v 0.635515 0.226611 -0.100000
v 0.644393 0.226575 -0.100000
v 0.672811 0.226575 -0.100000
v 0.699031 0.111490 -0.100000
v 0.705411 0.111904 -0.100000
v 0.711790 0.112675 -0.100000
v 0.718041 0.113870 -0.100000
v 0.724036 0.115556 -0.100000
v 0.729647 0.117800 -0.100000
v 0.734746 0.120667 -0.100000
v 0.739205 0.124225 -0.100000
v 0.742896 0.128540 -0.100000
v 0.745690 0.133680 -0.100000
v 0.747461 0.139710 -0.100000
v 0.748080 0.146697 -0.100000
v 0.748089 0.150535 -0.100000
v 0.748087 0.154360 -0.100000
v 0.748032 0.158158 -0.100000
v 0.747881 0.161916 -0.100000
v 0.747591 0.165621 -0.100000
v 0.747120 0.169259 -0.100000
v 0.746425 0.172817 -0.100000
v 0.745463 0.176282 -0.100000
v 0.744192 0.179640 -0.100000
v 0.742568 0.182877 -0.100000
v 0.740551 0.185982 -0.100000
v 0.738095 0.188940 -0.100000
v 0.731096 0.193750 -0.100000
v 0.720185 0.197847 -0.100000
v 0.706089 0.201289 -0.100000
v 0.689537 0.204130 -0.100000
v 0.671258 0.206428 -0.100000
v 0.651978 0.208237 -0.100000
v 0.632426 0.209615 -0.100000
v 0.613330 0.210616 -0.100000
v 0.595418 0.211298 -0.100000
v 0.579418 0.211715 -0.100000
v 0.566059 0.211924 -0.100000
v 0.556068 0.211982 -0.100000
v 0.546772 0.212043 -0.100000
v 0.536745 0.212088 -0.100000
v 0.526282 0.211910 -0.100000
v 0.515674 0.211299 -0.100000
v 0.505215 0.210048 -0.100000
v 0.495200 0.207949 -0.100000
v 0.485920 0.204794 -0.100000
v 0.477670 0.200375 -0.100000
v 0.470742 0.194484 -0.100000
v 0.465431 0.186913 -0.100000
v 0.462029 0.177454 -0.100000
v 0.460830 0.165899 -0.100000
v 0.460862 0.163019 -0.100000
v 0.460965 0.160145 -0.100000
v 0.461142 0.157282 -0.100000
v 0.461398 0.154435 -0.100000
v 0.461741 0.151609 -0.100000
v 0.462174 0.148810 -0.100000
v 0.462703 0.146042 -0.100000
v 0.463333 0.143312 -0.100000
v 0.464070 0.140625 -0.100000
v 0.464919 0.137986 -0.100000
v 0.465885 0.135400 -0.100000
v 0.466974 0.132873 -0.100000
v 0.468458 0.130165 -0.100000
v 0.470203 0.127791 -0.100000
v 0.472182 0.125732 -0.100000
v 0.474370 0.123969 -0.100000
v 0.476739 0.122483 -0.100000
v 0.479263 0.121256 -0.100000
v 0.481914 0.120269 -0.100000
v 0.484667 0.119503 -0.100000
v 0.487495 0.118940 -0.100000
v 0.490371 0.118560 -0.100000
v 0.493268 0.118347 -0.100000
v 0.496160 0.118280 -0.100000
v 0.504224 0.118144 -0.100000
v 0.512289 0.117768 -0.100000
v 0.520353 0.117200 -0.100000
v 0.528418 0.116487 -0.100000
v 0.536482 0.115679 -0.100000
v 0.544547 0.114823 -0.100000
v 0.552611 0.113967 -0.100000
v 0.560676 0.113159 -0.100000
v 0.568740 0.112447 -0.100000
v 0.576805 0.111879 -0.100000
v 0.584869 0.111503 -0.100000
v 0.592934 0.111367 -0.100000
v 0.692780 0.111367 -0.100000
v 0.167090 0.089806 -0.100000
v 0.168324 0.095814 -0.100000
v 0.170315 0.101022 -0.100000
v 0.173010 0.105479 -0.100000
v 0.176356 0.109231 -0.100000
v 0.180300 0.112327 -0.100000
v 0.184787 0.114815 -0.100000
v 0.189765 0.116743 -0.100000
v 0.195181 0.118160 -0.100000
v 0.200980 0.119112 -0.100000
v 0.207110 0.119648 -0.100000
v 0.213518 0.119816 -0.100000
v 0.215837 0.119801 -0.100000
v 0.218183 0.119759 -0.100000
v 0.220550 0.119696 -0.100000
v 0.222933 0.119617 -0.100000
v 0.225327 0.119527 -0.100000
v 0.227727 0.119432 -0.100000
v 0.230126 0.119337 -0.100000
v 0.232520 0.119247 -0.100000
v 0.234903 0.119168 -0.100000
v 0.237270 0.119105 -0.100000
v 0.239616 0.119063 -0.100000
v 0.241935 0.119048 -0.100000
v 0.243856 0.119063 -0.100000
v 0.245776 0.119105 -0.100000
v 0.247696 0.119168 -0.100000
v 0.249616 0.119247 -0.100000
v 0.251536 0.119337 -0.100000
v 0.253456 0.119432 -0.100000
v 0.255376 0.119527 -0.100000
v 0.257296 0.119617 -0.100000
v 0.259217 0.119696 -0.100000
v 0.261137 0.119759 -0.100000
v 0.263057 0.119801 -0.100000
v 0.264977 0.119816 -0.100000
v 0.271385 0.119677 -0.100000
v 0.277515 0.119222 -0.100000
v 0.283314 0.118388 -0.100000
v 0.288730 0.117113 -0.100000
v 0.293708 0.115338 -0.100000
v 0.298195 0.112999 -0.100000
v 0.302138 0.110037 -0.100000
v 0.305484 0.106389 -0.100000
v 0.308180 0.101995 -0.100000
v 0.310171 0.096792 -0.100000
v 0.311405 0.090720 -0.100000
v 0.311828 0.083717 -0.100000
v 0.311828 0.072197 -0.100000
v 0.311420 0.065017 -0.100000
v 0.310224 0.058798 -0.100000
v 0.308288 0.053475 -0.100000
v 0.305655 0.048984 -0.100000
v 0.302372 0.045262 -0.100000
v 0.298483 0.042243 -0.100000
v 0.294034 0.039864 -0.100000
v 0.289071 0.038061 -0.100000
v 0.283638 0.036770 -0.100000
v 0.277781 0.035928 -0.100000
v 0.271546 0.035469 -0.100000
v 0.264977 0.035330 -0.100000
v 0.261506 0.035300 -0.100000
v 0.258008 0.035216 -0.100000
v 0.254488 0.035090 -0.100000
v 0.250953 0.034932 -0.100000
v 0.247407 0.034752 -0.100000
v 0.243856 0.034562 -0.100000
v 0.240304 0.034372 -0.100000
v 0.236758 0.034192 -0.100000
v 0.233223 0.034034 -0.100000
v 0.229704 0.033908 -0.100000
v 0.226206 0.033824 -0.100000
v 0.222734 0.033794 -0.100000
v 0.216307 0.033918 -0.100000
v 0.209781 0.034338 -0.100000
v 0.203281 0.035126 -0.100000
v 0.196934 0.036354 -0.100000
v 0.190863 0.038094 -0.100000
v 0.185196 0.040419 -0.100000
v 0.180056 0.043399 -0.100000
v 0.175570 0.047107 -0.100000
v 0.171863 0.051615 -0.100000
v 0.169060 0.056996 -0.100000
v 0.167286 0.063320 -0.100000
v 0.166667 0.070661 -0.100000
v 0.166667 0.082949 -0.100000
v 0.686923 0.011012 -0.100000
v 0.693538 0.011805 -0.100000
v 0.699561 0.013153 -0.100000
v 0.704984 0.015077 -0.100000
v 0.709799 0.017598 -0.100000
v 0.713998 0.020737 -0.100000
v 0.717573 0.024517 -0.100000
v 0.720515 0.028958 -0.100000
v 0.722818 0.034082 -0.100000
v 0.724473 0.039910 -0.100000
v 0.725472 0.046463 -0.100000
v 0.725806 0.053763 -0.100000
v 0.725770 0.056788 -0.100000
v 0.725643 0.059716 -0.100000
v 0.725398 0.062548 -0.100000
v 0.725010 0.065284 -0.100000
v 0.724451 0.067924 -0.100000
v 0.723694 0.070469 -0.100000
v 0.722714 0.072917 -0.100000
v 0.721483 0.075269 -0.100000
v 0.719974 0.077525 -0.100000
v 0.718162 0.079685 -0.100000
v 0.716018 0.081749 -0.100000
v 0.713518 0.083717 -0.100000
v 0.708965 0.086026 -0.100000
v 0.702125 0.087981 -0.100000
v 0.693428 0.089610 -0.100000
v 0.683308 0.090943 -0.100000
v 0.672195 0.092009 -0.100000
v 0.660522 0.092838 -0.100000
v 0.648722 0.093459 -0.100000
v 0.637225 0.093901 -0.100000
v 0.626464 0.094194 -0.100000
v 0.616872 0.094367 -0.100000
v 0.608879 0.094449 -0.100000
v 0.602919 0.094470 -0.100000
v 0.520737 0.094470 -0.100000
v 0.512626 0.094193 -0.100000
v 0.505191 0.093339 -0.100000
v 0.498440 0.091878 -0.100000
v 0.492376 0.089776 -0.100000
v 0.487006 0.087003 -0.100000
v 0.482335 0.083525 -0.100000
v 0.478368 0.079312 -0.100000
v 0.475110 0.074330 -0.100000
v 0.472566 0.068548 -0.100000
v 0.470743 0.061935 -0.100000
v 0.469645 0.054457 -0.100000
v 0.469278 0.046083 -0.100000
v 0.469942 0.038934 -0.100000
v 0.471835 0.032799 -0.100000
v 0.474810 0.027602 -0.100000
v 0.478722 0.023269 -0.100000
v 0.483423 0.019726 -0.100000
v 0.488767 0.016897 -0.100000
v 0.494607 0.014708 -0.100000
v 0.500796 0.013085 -0.100000
v 0.507188 0.011953 -0.100000
v 0.513636 0.011236 -0.100000
v 0.519994 0.010861 -0.100000
v 0.526114 0.010753 -0.100000
v 0.679724 0.010753 -0.100000
v 0.482189 -0.084806 -0.100000
v 0.484429 -0.085773 -0.100000
v 0.486739 -0.086622 -0.100000
v 0.489105 -0.087358 -0.100000
v 0.491514 -0.087989 -0.100000
v 0.493952 -0.088518 -0.100000
v 0.496406 -0.088951 -0.100000
v 0.498862 -0.089293 -0.100000
v 0.501308 -0.089550 -0.100000
v 0.503730 -0.089727 -0.100000
v 0.506115 -0.089829 -0.100000
v 0.508449 -0.089862 -0.100000
v 0.519778 -0.089892 -0.100000
v 0.531106 -0.089976 -0.100000
v 0.542435 -0.090102 -0.100000
v 0.553764 -0.090260 -0.100000
v 0.565092 -0.090440 -0.100000
v 0.576421 -0.090630 -0.100000
v 0.587750 -0.090820 -0.100000
v 0.599078 -0.091000 -0.100000
v 0.610407 -0.091158 -0.100000
v 0.621736 -0.091284 -0.100000
v 0.633065 -0.091368 -0.100000
v 0.644393 -0.091398 -0.100000
v 0.650851 -0.091379 -0.100000
v 0.658481 -0.091245 -0.100000
v 0.666955 -0.090882 -0.100000
v 0.675940 -0.090175 -0.100000
v 0.685107 -0.089009 -0.100000
v 0.694124 -0.087270 -0.100000
v 0.702662 -0.084842 -0.100000
v 0.710389 -0.081612 -0.100000
v 0.716974 -0.077465 -0.100000
v 0.722087 -0.072286 -0.100000
v 0.725398 -0.065959 -0.100000
v 0.726575 -0.058372 -0.100000
v 0.726009 -0.048616 -0.100000
v 0.724356 -0.040045 -0.100000
v 0.721678 -0.032594 -0.100000
v 0.718041 -0.026199 -0.100000
v 0.713507 -0.020796 -0.100000
v 0.708141 -0.016321 -0.100000
v 0.702008 -0.012710 -0.100000
v 0.695170 -0.009899 -0.100000
v 0.687692 -0.007824 -0.100000
v 0.679638 -0.006422 -0.100000
v 0.671072 -0.005627 -0.100000
v 0.662058 -0.005376 -0.100000
v 0.653226 -0.005391 -0.100000
v 0.644393 -0.005433 -0.100000
v 0.635561 -0.005496 -0.100000
v 0.626728 -0.005575 -0.100000
v 0.617896 -0.005665 -0.100000
v 0.609063 -0.005760 -0.100000
v 0.600230 -0.005855 -0.100000
v 0.591398 -0.005945 -0.100000
v 0.582565 -0.006024 -0.100000
v 0.573733 -0.006087 -0.100000
v 0.564900 -0.006129 -0.100000
v 0.556068 -0.006144 -0.100000
v 0.550884 -0.006177 -0.100000
v 0.545702 -0.006276 -0.100000
v 0.540527 -0.006444 -0.100000
v 0.535359 -0.006685 -0.100000
v 0.530201 -0.007000 -0.100000
v 0.525058 -0.007392 -0.100000
v 0.519930 -0.007865 -0.100000
v 0.514821 -0.008420 -0.100000
v 0.509733 -0.009061 -0.100000
v 0.504669 -0.009789 -0.100000
v 0.499632 -0.010608 -0.100000
v 0.494624 -0.011521 -0.100000
v 0.492000 -0.012147 -0.100000
v 0.489510 -0.012883 -0.100000
v 0.487159 -0.013741 -0.100000
v 0.484952 -0.014735 -0.100000
v 0.482894 -0.015879 -0.100000
v 0.480991 -0.017185 -0.100000
v 0.479248 -0.018667 -0.100000
v 0.477670 -0.020339 -0.100000
v 0.476263 -0.022213 -0.100000
v 0.475031 -0.024304 -0.100000
v 0.473981 -0.026623 -0.100000
v 0.473118 -0.029186 -0.100000
v 0.472559 -0.031505 -0.100000
v 0.472034 -0.033851 -0.100000
v 0.471546 -0.036218 -0.100000
v 0.471099 -0.038602 -0.100000
v 0.470694 -0.040996 -0.100000
v 0.470334 -0.043395 -0.100000
v 0.470023 -0.045794 -0.100000
v 0.469762 -0.048188 -0.100000
v 0.469554 -0.050571 -0.100000
v 0.469403 -0.052938 -0.100000
v 0.469310 -0.055284 -0.100000
v 0.469278 -0.057604 -0.100000
v 0.469314 -0.059951 -0.100000
v 0.469435 -0.062365 -0.100000
v 0.469662 -0.064816 -0.100000
v 0.470018 -0.067275 -0.100000
v 0.470523 -0.069713 -0.100000
v 0.471198 -0.072101 -0.100000
v 0.472066 -0.074408 -0.100000
v 0.473147 -0.076606 -0.100000
v 0.474462 -0.078665 -0.100000
v 0.476034 -0.080556 -0.100000
v 0.477883 -0.082250 -0.100000
v 0.480031 -0.083717 -0.100000
v 0.601703 -0.190781 -0.100000
v 0.602670 -0.191632 -0.100000
v 0.603519 -0.192936 -0.100000
v 0.604256 -0.194601 -0.100000
v 0.604886 -0.196532 -0.100000
v 0.605415 -0.198637 -0.100000
v 0.605848 -0.200821 -0.100000
v 0.606190 -0.202993 -0.100000
v 0.606447 -0.205057 -0.100000
v 0.606624 -0.206922 -0.100000
v 0.606726 -0.208493 -0.100000
v 0.606759 -0.209677 -0.100000
v 0.606735 -0.212818 -0.100000
v 0.606631 -0.216049 -0.100000
v 0.606399 -0.219302 -0.100000
v 0.605991 -0.222507 -0.100000
v 0.605359 -0.225594 -0.100000
v 0.604455 -0.228495 -0.100000
v 0.603231 -0.231139 -0.100000
v 0.601638 -0.233459 -0.100000
v 0.599630 -0.235383 -0.100000
v 0.597158 -0.236844 -0.100000
v 0.594174 -0.237771 -0.100000
v 0.590630 -0.238095 -0.100000
v 0.579877 -0.238095 -0.100000
v 0.577215 -0.237878 -0.100000
v 0.574967 -0.237256 -0.100000
v 0.573097 -0.236271 -0.100000
v 0.571571 -0.234966 -0.100000
v 0.570354 -0.233384 -0.100000
v 0.569412 -0.231567 -0.100000
v 0.568711 -0.229558 -0.100000
v 0.568214 -0.227399 -0.100000
v 0.567888 -0.225134 -0.100000
v 0.567699 -0.222805 -0.100000
v 0.567610 -0.220455 -0.100000
v 0.567588 -0.218126 -0.100000
v 0.567672 -0.215000 -0.100000
v 0.567940 -0.211811 -0.100000
v 0.568416 -0.208621 -0.100000
v 0.569124 -0.205496 -0.100000
v 0.570089 -0.202498 -0.100000
v 0.571333 -0.199693 -0.100000
v 0.572881 -0.197143 -0.100000
v 0.574757 -0.194914 -0.100000
v 0.576985 -0.193068 -0.100000
v 0.579589 -0.191671 -0.100000
v 0.582593 -0.190786 -0.100000
v 0.586022 -0.190476 -0.100000
v 0.600614 -0.190476 -0.100000
v -0.731111 -0.070299 0.100000
v -0.730802 -0.090555 0.100000
v -0.730115 -0.113707 0.100000
v -0.728907 -0.138932 0.100000
v -0.727038 -0.165404 0.100000
v -0.724366 -0.192300 0.100000
v -0.720751 -0.218797 0.100000
v -0.716049 -0.244069 0.100000
v -0.710121 -0.267293 0.100000
v -0.702825 -0.287645 0.100000
v -0.694020 -0.304301 0.100000
v -0.683564 -0.316436 0.100000
v -0.677034 -0.321039 0.100000
v -0.669469 -0.324906 0.100000
v -0.661050 -0.328101 0.100000
v -0.651960 -0.330688 0.100000
v -0.642379 -0.332731 0.100000
v -0.632488 -0.334293 0.100000
v -0.622470 -0.335440 0.100000
v -0.612505 -0.336235 0.100000
v -0.602775 -0.336742 0.100000
v -0.593460 -0.337024 0.100000
v -0.584743 -0.337147 0.100000
v -0.576805 -0.337174 0.100000
v -0.571323 -0.337223 0.100000
v -0.565334 -0.337312 0.100000
v -0.558972 -0.337354 0.100000
v -0.552370 -0.337259 0.100000
v -0.545661 -0.336940 0.100000
v -0.538979 -0.336310 0.100000
v -0.532456 -0.335279 0.100000
v -0.526227 -0.333760 0.100000
v -0.520425 -0.331665 0.100000
v -0.515183 -0.328906 0.100000
v -0.510634 -0.325395 0.100000
v -0.506912 -0.321045 0.100000
v -0.505340 -0.317947 0.100000
v -0.504057 -0.314121 0.100000
v -0.503036 -0.309704 0.100000
v -0.502247 -0.304830 0.100000
v -0.501661 -0.299637 0.100000
v -0.501248 -0.294259 0.100000
v -0.500979 -0.288833 0.100000
v -0.500825 -0.283495 0.100000
v -0.500756 -0.278382 0.100000
v -0.500743 -0.273628 0.100000
v -0.500757 -0.269371 0.100000
v -0.500768 -0.265745 0.100000
v -0.501168 -0.254603 0.100000
v -0.502365 -0.245605 0.100000
v -0.504356 -0.238527 0.100000
v -0.507140 -0.233146 0.100000
v -0.510713 -0.229236 0.100000
v -0.515073 -0.226574 0.100000
v -0.520217 -0.224937 0.100000
v -0.526142 -0.224100 0.100000
v -0.532846 -0.223838 0.100000
v -0.540326 -0.223929 0.100000
v -0.548580 -0.224148 0.100000
v -0.557604 -0.224270 0.100000
v -0.564632 -0.223502 0.100000
v -0.570433 -0.221326 0.100000
v -0.575125 -0.217934 0.100000
v -0.578825 -0.213518 0.100000
v -0.581650 -0.208269 0.100000
v -0.583717 -0.202381 0.100000
v -0.585145 -0.196045 0.100000
v -0.586050 -0.189452 0.100000
v -0.586550 -0.182796 0.100000
v -0.586761 -0.176267 0.100000
v -0.586802 -0.170059 0.100000
v -0.586790 -0.164363 0.100000
v -0.586464 -0.154158 0.100000
v -0.585467 -0.145709 0.100000
v -0.583765 -0.138849 0.100000
v -0.581328 -0.133413 0.100000
v -0.578122 -0.129236 0.100000
v -0.574117 -0.126152 0.100000
v -0.569279 -0.123996 0.100000
v -0.563577 -0.122603 0.100000
v -0.556980 -0.121808 0.100000
v -0.549454 -0.121444 0.100000
v -0.540968 -0.121347 0.100000
v -0.531490 -0.121352 0.100000
v -0.517939 -0.125477 0.100000
v -0.504495 -0.136883 0.100000
v -0.491071 -0.154114 0.100000
v -0.477584 -0.175713 0.100000
v -0.463948 -0.200223 0.100000
v -0.450077 -0.226190 0.100000
v -0.435886 -0.252157 0.100000
v -0.421289 -0.276668 0.100000
v -0.406202 -0.298267 0.100000
v -0.390539 -0.315498 0.100000
v -0.374214 -0.326904 0.100000
v -0.357143 -0.331029 0.100000
v -0.350963 -0.330019 0.100000
v -0.343418 -0.327171 0.100000
v -0.334869 -0.322761 0.100000
v -0.325681 -0.317062 0.100000
v -0.316216 -0.310350 0.100000
v -0.306836 -0.302899 0.100000
v -0.297904 -0.294985 0.100000
v -0.289782 -0.286881 0.100000
v -0.282834 -0.278862 0.100000
v -0.277422 -0.271203 0.100000
v -0.273909 -0.264179 0.100000
v -0.272657 -0.258065 0.100000
v -0.273338 -0.252033 0.100000
v -0.275218 -0.246554 0.100000
v -0.278058 -0.241539 0.100000
v -0.281618 -0.236900 0.100000
v -0.285658 -0.232550 0.100000
v -0.289939 -0.228399 0.100000
v -0.294219 -0.224360 0.100000
v -0.298259 -0.220345 0.100000
v -0.301819 -0.216266 0.100000
v -0.304660 -0.212035 0.100000
v -0.306540 -0.207564 0.100000
v -0.307220 -0.202765 0.100000
v -0.307143 -0.201720 0.100000
v -0.306924 -0.200873 0.100000
v -0.306584 -0.200197 0.100000
v -0.306139 -0.199664 0.100000
v -0.305608 -0.199249 0.100000
v -0.305012 -0.198925 0.100000
v -0.304367 -0.198664 0.100000
v -0.303692 -0.198441 0.100000
v -0.303007 -0.198229 0.100000
v -0.302330 -0.198000 0.100000
v -0.301680 -0.197729 0.100000
v -0.301075 -0.197389 0.100000
v -0.295608 -0.195977 0.100000
v -0.289978 -0.194800 0.100000
v -0.284214 -0.193836 0.100000
v -0.278347 -0.193065 0.100000
v -0.272405 -0.192464 0.100000
v -0.266417 -0.192012 0.100000
v -0.260414 -0.191689 0.100000
v -0.254423 -0.191472 0.100000
v -0.248476 -0.191340 0.100000
v -0.242600 -0.191273 0.100000
v -0.236826 -0.191248 0.100000
v -0.231183 -0.191244 0.100000
v -0.227967 -0.191190 0.100000
v -0.223829 -0.191070 0.100000
v -0.218966 -0.190944 0.100000
v -0.213575 -0.190874 0.100000
v -0.207852 -0.190922 0.100000
v -0.201997 -0.191148 0.100000
v -0.196205 -0.191614 0.100000
v -0.190675 -0.192382 0.100000
v -0.185604 -0.193512 0.100000
v -0.181188 -0.195067 0.100000
v -0.177626 -0.197106 0.100000
v -0.175115 -0.199693 0.100000
v -0.174440 -0.200799 0.100000
v -0.173935 -0.201823 0.100000
v -0.173579 -0.202777 0.100000
v -0.173352 -0.203675 0.100000
v -0.173231 -0.204531 0.100000
v -0.173195 -0.205357 0.100000
v -0.173224 -0.206167 0.100000
v -0.173295 -0.206975 0.100000
v -0.173387 -0.207793 0.100000
v -0.173480 -0.208636 0.100000
v -0.173551 -0.209515 0.100000
v -0.173579 -0.210445 0.100000
v -0.172848 -0.214444 0.100000
v -0.170802 -0.217660 0.100000
v -0.167663 -0.220178 0.100000
v -0.163651 -0.222080 0.100000
v -0.158989 -0.223449 0.100000
v -0.153898 -0.224366 0.100000
v -0.148598 -0.224916 0.100000
v -0.143312 -0.225181 0.100000
v -0.138261 -0.225242 0.100000
v -0.133665 -0.225184 0.100000
v -0.129747 -0.225089 0.100000
v -0.126728 -0.225038 0.100000
v -0.123047 -0.225004 0.100000
v -0.118973 -0.224889 0.100000
v -0.114595 -0.224678 0.100000
v -0.110002 -0.224356 0.100000
v -0.105280 -0.223905 0.100000
v -0.100518 -0.223310 0.100000
v -0.095805 -0.222556 0.100000
v -0.091227 -0.221625 0.100000
v -0.086874 -0.220502 0.100000
v -0.082832 -0.219171 0.100000
v -0.079190 -0.217617 0.100000
v -0.076037 -0.215822 0.100000
v -0.068036 -0.208244 0.100000
v -0.061248 -0.197758 0.100000
v -0.055576 -0.184884 0.100000
v -0.050919 -0.170137 0.100000
v -0.047179 -0.154036 0.100000
v -0.044259 -0.137097 0.100000
v -0.042058 -0.119838 0.100000
v -0.040479 -0.102776 0.100000
v -0.039423 -0.086430 0.100000
v -0.038790 -0.071315 0.100000
v -0.038483 -0.057949 0.100000
v -0.038402 -0.046851 0.100000
v -0.038418 -0.043794 0.100000
v -0.038459 -0.040763 0.100000
v -0.038522 -0.037754 0.100000
v -0.038602 -0.034761 0.100000
v -0.038691 -0.031779 0.100000
v -0.038786 -0.028802 0.100000
v -0.038882 -0.025825 0.100000
v -0.038971 -0.022842 0.100000
v -0.039051 -0.019849 0.100000
v -0.039114 -0.016840 0.100000
v -0.039155 -0.013810 0.100000
v -0.039171 -0.010753 0.100000
v -0.039118 0.008815 0.100000
v -0.039135 0.032695 0.100000
v -0.039483 0.059920 0.100000
v -0.040422 0.089520 0.100000
v -0.042215 0.120529 0.100000
v -0.045123 0.151978 0.100000
v -0.049407 0.182898 0.100000
v -0.055328 0.212323 0.100000
v -0.063148 0.239283 0.100000
v -0.073128 0.262812 0.100000
v -0.085530 0.281939 0.100000
v -0.100614 0.295699 0.100000
v -0.107740 0.299495 0.100000
v -0.116271 0.302835 0.100000
v -0.125948 0.305744 0.100000
v -0.136514 0.308244 0.100000
v -0.147709 0.310360 0.100000
v -0.159274 0.312116 0.100000
v -0.170952 0.313536 0.100000
v -0.182483 0.314644 0.100000
v -0.193608 0.315464 0.100000
v -0.204070 0.316020 0.100000
v -0.213609 0.316336 0.100000
v -0.221966 0.316436 0.100000
v -0.228140 0.316445 0.100000
v -0.234358 0.316440 0.100000
v -0.240603 0.316376 0.100000
v -0.246857 0.316209 0.100000
v -0.253099 0.315892 0.100000
v -0.259313 0.315380 0.100000
v -0.265478 0.314629 0.100000
v -0.271576 0.313592 0.100000
v -0.277590 0.312224 0.100000
v -0.283499 0.310480 0.100000
v -0.289286 0.308315 0.100000
v -0.294931 0.305684 0.100000
v -0.305271 0.299099 0.100000
v -0.314097 0.291347 0.100000
v -0.321525 0.282570 0.100000
v -0.327673 0.272913 0.100000
v -0.332658 0.262521 0.100000
v -0.336598 0.251536 0.100000
v -0.339609 0.240103 0.100000
v -0.341810 0.228367 0.100000
v -0.343318 0.216470 0.100000
v -0.344250 0.204557 0.100000
v -0.344722 0.192772 0.100000
v -0.344854 0.181260 0.100000
v -0.344794 0.173771 0.100000
v -0.344626 0.166283 0.100000
v -0.344374 0.158794 0.100000
v -0.344058 0.151306 0.100000
v -0.343698 0.143817 0.100000
v -0.343318 0.136329 0.100000
v -0.342937 0.128840 0.100000
v -0.342578 0.121352 0.100000
v -0.342262 0.113863 0.100000
v -0.342009 0.106375 0.100000
v -0.341842 0.098886 0.100000
v -0.341782 0.091398 0.100000
v -0.341782 -0.014593 0.100000
v -0.341819 -0.020643 0.100000
v -0.341949 -0.027532 0.100000
v -0.342202 -0.035078 0.100000
v -0.342607 -0.043096 0.100000
v -0.343193 -0.051402 0.100000
v -0.343990 -0.059812 0.100000
v -0.345027 -0.068142 0.100000
v -0.346333 -0.076208 0.100000
v -0.347938 -0.083825 0.100000
v -0.349871 -0.090811 0.100000
v -0.352162 -0.096981 0.100000
v -0.354839 -0.102151 0.100000
v -0.359250 -0.096132 0.100000
v -0.362928 -0.084535 0.100000
v -0.365939 -0.068404 0.100000
v -0.368351 -0.048785 0.100000
v -0.370229 -0.026723 0.100000
v -0.371640 -0.003264 0.100000
v -0.372651 0.020547 0.100000
v -0.373329 0.043665 0.100000
v -0.373740 0.065044 0.100000
v -0.373951 0.083639 0.100000
v -0.374029 0.098405 0.100000
v -0.374040 0.108295 0.100000
v -0.374010 0.118295 0.100000
v -0.373926 0.128321 0.100000
v -0.373800 0.138369 0.100000
v -0.373642 0.148433 0.100000
v -0.373462 0.158507 0.100000
v -0.373272 0.168587 0.100000
v -0.373082 0.178667 0.100000
v -0.372902 0.188741 0.100000
v -0.372744 0.198805 0.100000
v -0.372618 0.208852 0.100000
v -0.372534 0.218879 0.100000
v -0.372504 0.228879 0.100000
v -0.373726 0.250275 0.100000
v -0.377286 0.268202 0.100000
v -0.383029 0.282966 0.100000
v -0.390795 0.294874 0.100000
v -0.400428 0.304232 0.100000
v -0.411770 0.311348 0.100000
v -0.424665 0.316527 0.100000
v -0.438954 0.320077 0.100000
v -0.454481 0.322305 0.100000
v -0.471088 0.323516 0.100000
v -0.488618 0.324018 0.100000
v -0.506912 0.324117 0.100000
v -0.520542 0.324116 0.100000
v -0.534153 0.324049 0.100000
v -0.547727 0.323817 0.100000
v -0.561245 0.323320 0.100000
v -0.574688 0.322461 0.100000
v -0.588038 0.321141 0.100000
v -0.601275 0.319260 0.100000
v -0.614382 0.316721 0.100000
v -0.627340 0.313424 0.100000
v -0.640130 0.309271 0.100000
v -0.652733 0.304164 0.100000
v -0.665131 0.298003 0.100000
v -0.668891 0.295796 0.100000
v -0.672491 0.293402 0.100000
v -0.675931 0.290827 0.100000
v -0.679211 0.288075 0.100000
v -0.682332 0.285153 0.100000
v -0.685292 0.282066 0.100000
v -0.688092 0.278819 0.100000
v -0.690732 0.275417 0.100000
v -0.693212 0.271865 0.100000
v -0.695533 0.268170 0.100000
v -0.697693 0.264336 0.100000
v -0.699693 0.260369 0.100000
v -0.706766 0.243642 0.100000
v -0.712693 0.225504 0.100000
v -0.717574 0.206209 0.100000
v -0.721511 0.186010 0.100000
v -0.724606 0.165160 0.100000
v -0.726959 0.143913 0.100000
v -0.728672 0.122522 0.100000
v -0.729846 0.101240 0.100000
v -0.730583 0.080321 0.100000
v -0.730984 0.060018 0.100000
v -0.731150 0.040584 0.100000
v -0.731183 0.022273 0.100000
v -0.731183 -0.053763 0.100000
v -0.564064 0.145366 0.100000
v -0.567297 0.145965 0.100000
v -0.570349 0.146937 0.100000
v -0.573192 0.148262 0.100000
v -0.575801 0.149917 0.100000
v -0.578149 0.151882 0.100000
v -0.580209 0.154134 0.100000
v -0.581954 0.156654 0.100000
v -0.583357 0.159418 0.100000
v -0.584393 0.162407 0.100000
v -0.585034 0.165598 0.100000
v -0.585253 0.168971 0.100000
v -0.584855 0.178383 0.100000
v -0.583664 0.186348 0.100000
v -0.581689 0.192984 0.100000
v -0.578938 0.198413 0.100000
v -0.575419 0.202753 0.100000
v -0.571141 0.206125 0.100000
v -0.566110 0.208649 0.100000
v -0.560335 0.210445 0.100000
v -0.553823 0.211634 0.100000
v -0.546584 0.212334 0.100000
v -0.538625 0.212666 0.100000
v -0.529954 0.212750 0.100000
v -0.525830 0.212678 0.100000
v -0.521925 0.212433 0.100000
v -0.518265 0.211970 0.100000
v -0.514877 0.211242 0.100000
v -0.511788 0.210205 0.100000
v -0.509025 0.208813 0.100000
v -0.506613 0.207022 0.100000
v -0.504580 0.204785 0.100000
v -0.502952 0.202057 0.100000
v -0.501757 0.198793 0.100000
v -0.501020 0.194948 0.100000
v -0.500768 0.190476 0.100000
v -0.500768 0.173579 0.100000
v -0.501247 0.168018 0.100000
v -0.502620 0.163207 0.100000
v -0.504788 0.159094 0.100000
v -0.507652 0.155630 0.100000
v -0.511113 0.152762 0.100000
v -0.515073 0.150442 0.100000
v -0.519433 0.148617 0.100000
v -0.524094 0.147238 0.100000
v -0.528958 0.146253 0.100000
v -0.533926 0.145613 0.100000
v -0.538899 0.145266 0.100000
v -0.543779 0.145161 0.100000
v -0.560676 0.145161 0.100000
v -0.210870 0.116527 0.100000
v -0.214485 0.118088 0.100000
v -0.217502 0.120512 0.100000
v -0.219975 0.123656 0.100000
v -0.221957 0.127376 0.100000
v -0.223502 0.131528 0.100000
v -0.224663 0.135969 0.100000
v -0.225494 0.140553 0.100000
v -0.226046 0.145137 0.100000
v -0.226375 0.149578 0.100000
v -0.226534 0.153730 0.100000
v -0.226574 0.157450 0.100000
v -0.226559 0.158779 0.100000
v -0.226518 0.160081 0.100000
v -0.226454 0.161362 0.100000
v -0.226375 0.162627 0.100000
v -0.226286 0.163882 0.100000
v -0.226190 0.165131 0.100000
v -0.226095 0.166380 0.100000
v -0.226006 0.167634 0.100000
v -0.225926 0.168899 0.100000
v -0.225863 0.170180 0.100000
v -0.225822 0.171482 0.100000
v -0.225806 0.172811 0.100000
v -0.225718 0.177550 0.100000
v -0.225422 0.181793 0.100000
v -0.224870 0.185556 0.100000
v -0.224014 0.188855 0.100000
v -0.222806 0.191706 0.100000
v -0.221198 0.194124 0.100000
v -0.219142 0.196127 0.100000
v -0.216590 0.197730 0.100000
v -0.213494 0.198949 0.100000
v -0.209805 0.199799 0.100000
v -0.205477 0.200298 0.100000
v -0.200461 0.200461 0.100000
v -0.194724 0.200026 0.100000
v -0.189765 0.198775 0.100000
v -0.185532 0.196789 0.100000
v -0.181971 0.194146 0.100000
v -0.179028 0.190927 0.100000
v -0.176651 0.187212 0.100000
v -0.174786 0.183081 0.100000
v -0.173380 0.178614 0.100000
v -0.172379 0.173891 0.100000
v -0.171730 0.168992 0.100000
v -0.171380 0.163997 0.100000
v -0.171275 0.158986 0.100000
v -0.171275 0.139017 0.100000
v -0.171390 0.135498 0.100000
v -0.171744 0.132243 0.100000
v -0.172355 0.129260 0.100000
v -0.173238 0.126557 0.100000
v -0.174408 0.124143 0.100000
v -0.175883 0.122024 0.100000
v -0.177678 0.120209 0.100000
v -0.179809 0.118706 0.100000
v -0.182292 0.117524 0.100000
v -0.185143 0.116669 0.100000
v -0.188377 0.116150 0.100000
v -0.192012 0.115975 0.100000
v -0.206605 0.115975 0.100000
v -0.502845 -0.005509 0.100000
v -0.504388 -0.010596 0.100000
v -0.506816 -0.014617 0.100000
v -0.510013 -0.017694 0.100000
v -0.513860 -0.019949 0.100000
v -0.518241 -0.021505 0.100000
v -0.523038 -0.022486 0.100000
v -0.528133 -0.023013 0.100000
v -0.533410 -0.023209 0.100000
v -0.538751 -0.023198 0.100000
v -0.544038 -0.023101 0.100000
v -0.549155 -0.023041 0.100000
v -0.556571 -0.022842 0.100000
v -0.563104 -0.022213 0.100000
v -0.568800 -0.021109 0.100000
v -0.573704 -0.019486 0.100000
v -0.577861 -0.017297 0.100000
v -0.581317 -0.014497 0.100000
v -0.584117 -0.011041 0.100000
v -0.586306 -0.006884 0.100000
v -0.587930 -0.001980 0.100000
v -0.589033 0.003716 0.100000
v -0.589662 0.010249 0.100000
v -0.589862 0.017665 0.100000
v -0.589426 0.024063 0.100000
v -0.588166 0.029485 0.100000
v -0.586154 0.034010 0.100000
v -0.583461 0.037720 0.100000
v -0.580161 0.040693 0.100000
v -0.576325 0.043011 0.100000
v -0.572025 0.044752 0.100000
v -0.567332 0.045998 0.100000
v -0.562320 0.046827 0.100000
v -0.557060 0.047320 0.100000
v -0.551623 0.047558 0.100000
v -0.546083 0.047619 0.100000
v -0.532258 0.047619 0.100000
v -0.529087 0.047595 0.100000
v -0.525772 0.047487 0.100000
v -0.522393 0.047247 0.100000
v -0.519031 0.046823 0.100000
v -0.515764 0.046163 0.100000
v -0.512673 0.045219 0.100000
v -0.509838 0.043938 0.100000
v -0.507339 0.042271 0.100000
v -0.505256 0.040167 0.100000
v -0.503670 0.037574 0.100000
v -0.502659 0.034443 0.100000
v -0.502304 0.030722 0.100000
v -0.502304 0.000768 0.100000
v -0.167583 -0.050059 0.100000
v -0.168046 -0.054656 0.100000
v -0.168851 -0.059056 0.100000
v -0.170023 -0.063208 0.100000
v -0.171591 -0.067061 0.100000
v -0.173579 -0.070565 0.100000
v -0.176016 -0.073668 0.100000
v -0.178927 -0.076321 0.100000
v -0.182340 -0.078473 0.100000
v -0.186280 -0.080073 0.100000
v -0.190776 -0.081070 0.100000
v -0.195853 -0.081413 0.100000
v -0.201413 -0.081114 0.100000
v -0.206225 -0.080236 0.100000
v -0.210337 -0.078809 0.100000
v -0.213802 -0.076862 0.100000
v -0.216669 -0.074424 0.100000
v -0.218990 -0.071525 0.100000
v -0.220815 -0.068193 0.100000
v -0.222194 -0.064459 0.100000
v -0.223178 -0.060352 0.100000
v -0.223819 -0.055900 0.100000
v -0.224166 -0.051134 0.100000
v -0.224270 -0.046083 0.100000
v -0.224255 -0.044532 0.100000
v -0.224213 -0.042954 0.100000
v -0.224150 -0.041355 0.100000
v -0.224071 -0.039739 0.100000
v -0.223981 -0.038114 0.100000
v -0.223886 -0.036482 0.100000
v -0.223791 -0.034851 0.100000
v -0.223701 -0.033225 0.100000
v -0.223622 -0.031610 0.100000
v -0.223559 -0.030011 0.100000
v -0.223517 -0.028433 0.100000
v -0.223502 -0.026882 0.100000
v -0.223337 -0.021392 0.100000
v -0.222823 -0.016435 0.100000
v -0.221930 -0.012001 0.100000
v -0.220629 -0.008079 0.100000
v -0.218891 -0.004658 0.100000
v -0.216686 -0.001728 0.100000
v -0.213985 0.000722 0.100000
v -0.210758 0.002702 0.100000
v -0.206977 0.004224 0.100000
v -0.202612 0.005298 0.100000
v -0.197634 0.005935 0.100000
v -0.192012 0.006144 0.100000
v -0.187172 0.005817 0.100000
v -0.182991 0.004868 0.100000
v -0.179423 0.003348 0.100000
v -0.176424 0.001309 0.100000
v -0.173947 -0.001201 0.100000
v -0.171947 -0.004128 0.100000
v -0.170379 -0.007424 0.100000
v -0.169198 -0.011037 0.100000
v -0.168359 -0.014917 0.100000
v -0.167815 -0.019013 0.100000
v -0.167522 -0.023274 0.100000
v -0.167435 -0.027650 0.100000
v -0.167435 -0.045315 0.100000
v 0.251872 -0.070905 0.100000
v 0.253264 -0.071592 0.100000
v 0.254560 -0.072653 0.100000
v 0.255760 -0.074017 0.100000
v 0.256864 -0.075616 0.100000
v 0.257873 -0.077381 0.100000
v 0.258785 -0.079242 0.100000
v 0.259601 -0.081129 0.100000
v 0.260321 -0.082973 0.100000
v 0.260945 -0.084706 0.100000
v 0.261473 -0.086257 0.100000
v 0.261905 -0.087558 0.100000
v 0.262273 -0.088695 0.100000
v 0.262612 -0.089805 0.100000
v 0.262925 -0.090894 0.100000
v 0.263213 -0.091967 0.100000
v 0.263480 -0.093029 0.100000
v 0.263729 -0.094086 0.100000
v 0.263961 -0.095143 0.100000
v 0.264180 -0.096205 0.100000
v 0.264389 -0.097278 0.100000
v 0.264589 -0.098367 0.100000
v 0.264785 -0.099477 0.100000
v 0.264977 -0.100614 0.100000
v 0.266146 -0.106405 0.100000
v 0.267352 -0.112245 0.100000
v 0.268601 -0.118124 0.100000
v 0.269898 -0.124026 0.100000
v 0.271248 -0.129939 0.100000
v 0.272657 -0.135849 0.100000
v 0.274130 -0.141743 0.100000
v 0.275673 -0.147608 0.100000
v 0.277290 -0.153430 0.100000
v 0.278987 -0.159196 0.100000
v 0.280769 -0.164893 0.100000
v 0.282642 -0.170507 0.100000
v 0.284402 -0.175484 0.100000
v 0.286223 -0.180431 0.100000
v 0.288103 -0.185352 0.100000
v 0.290038 -0.190249 0.100000
v 0.292027 -0.195124 0.100000
v 0.294067 -0.199981 0.100000
v 0.296155 -0.204822 0.100000
v 0.298288 -0.209649 0.100000
v 0.300463 -0.214466 0.100000
v 0.302679 -0.219274 0.100000
v 0.304932 -0.224078 0.100000
v 0.307220 -0.228879 0.100000
v 0.311120 -0.236473 0.100000
v 0.315832 -0.244574 0.100000
v 0.321237 -0.253048 0.100000
v 0.327217 -0.261762 0.100000
v 0.333657 -0.270584 0.100000
v 0.340438 -0.279378 0.100000
v 0.347443 -0.288012 0.100000
v 0.354554 -0.296353 0.100000
v 0.361655 -0.304267 0.100000
v 0.368628 -0.311622 0.100000
v 0.375356 -0.318283 0.100000
v 0.381720 -0.324117 0.100000
v 0.383495 -0.325664 0.100000
v 0.385358 -0.327217 0.100000
v 0.387301 -0.328749 0.100000
v 0.389316 -0.330233 0.100000
v 0.391394 -0.331642 0.100000
v 0.393529 -0.332949 0.100000
v 0.395712 -0.334129 0.100000
v 0.397935 -0.335154 0.100000
v 0.400190 -0.335998 0.100000
v 0.402468 -0.336633 0.100000
v 0.404763 -0.337034 0.100000
v 0.407066 -0.337174 0.100000
v 0.413153 -0.336310 0.100000
v 0.418765 -0.333913 0.100000
v 0.423939 -0.330273 0.100000
v 0.428714 -0.325681 0.100000
v 0.433126 -0.320428 0.100000
v 0.437212 -0.314804 0.100000
v 0.441010 -0.309100 0.100000
v 0.444558 -0.303607 0.100000
v 0.447893 -0.298615 0.100000
v 0.451051 -0.294415 0.100000
v 0.454071 -0.291298 0.100000
v 0.456989 -0.289555 0.100000
v 0.458371 -0.290546 0.100000
v 0.459464 -0.291596 0.100000
v 0.460302 -0.292699 0.100000
v 0.460915 -0.293850 0.100000
v 0.461336 -0.295044 0.100000
v 0.461598 -0.296275 0.100000
v 0.461731 -0.297538 0.100000
v 0.461768 -0.298828 0.100000
v 0.461742 -0.300139 0.100000
v 0.461683 -0.301466 0.100000
v 0.461624 -0.302804 0.100000
v 0.461598 -0.304147 0.100000
v 0.462452 -0.309174 0.100000
v 0.464851 -0.313190 0.100000
v 0.468546 -0.316304 0.100000
v 0.473289 -0.318627 0.100000
v 0.478832 -0.320266 0.100000
v 0.484927 -0.321333 0.100000
v 0.491326 -0.321935 0.100000
v 0.497781 -0.322182 0.100000
v 0.504044 -0.322185 0.100000
v 0.509867 -0.322051 0.100000
v 0.515002 -0.321890 0.100000
v 0.519201 -0.321813 0.100000
v 0.524194 -0.321767 0.100000
v 0.529186 -0.321642 0.100000
v 0.534178 -0.321453 0.100000
v 0.539171 -0.321215 0.100000
v 0.544163 -0.320946 0.100000
v 0.549155 -0.320661 0.100000
v 0.554148 -0.320375 0.100000
v 0.559140 -0.320106 0.100000
v 0.564132 -0.319868 0.100000
v 0.569124 -0.319679 0.100000
v 0.574117 -0.319554 0.100000
v 0.579109 -0.319508 0.100000
v 0.580292 -0.319524 0.100000
v 0.581527 -0.319572 0.100000
v 0.582805 -0.319652 0.100000
v 0.584116 -0.319764 0.100000
v 0.585447 -0.319908 0.100000
v 0.586790 -0.320084 0.100000
v 0.588132 -0.320293 0.100000
v 0.589464 -0.320533 0.100000
v 0.590774 -0.320805 0.100000
v 0.592052 -0.321109 0.100000
v 0.593288 -0.321445 0.100000
v 0.594470 -0.321813 0.100000
v 0.595105 -0.322834 0.100000
v 0.595839 -0.323964 0.100000
v 0.596642 -0.325185 0.100000
v 0.597485 -0.326478 0.100000
v 0.598339 -0.327824 0.100000
v 0.599174 -0.329205 0.100000
v 0.599962 -0.330602 0.100000
v 0.600671 -0.331996 0.100000
v 0.601275 -0.333369 0.100000
v 0.601742 -0.334702 0.100000
v 0.602043 -0.335977 0.100000
v 0.602151 -0.337174 0.100000
v 0.604101 -0.337511 0.100000
v 0.606105 -0.337764 0.100000
v 0.608151 -0.337942 0.100000
v 0.610229 -0.338055 0.100000
v 0.612329 -0.338116 0.100000
v 0.614439 -0.338134 0.100000
v 0.616550 -0.338119 0.100000
v 0.618649 -0.338084 0.100000
v 0.620728 -0.338038 0.100000
v 0.622774 -0.337991 0.100000
v 0.624778 -0.337956 0.100000
v 0.626728 -0.337942 0.100000
v 0.633211 -0.337929 0.100000
v 0.639934 -0.337842 0.100000
v 0.646817 -0.337606 0.100000
v 0.653781 -0.337145 0.100000
v 0.660744 -0.336386 0.100000
v 0.667627 -0.335253 0.100000
v 0.674350 -0.333673 0.100000
v 0.680833 -0.331570 0.100000
v 0.686996 -0.328869 0.100000
v 0.692759 -0.325496 0.100000
v 0.698042 -0.321377 0.100000
v 0.702765 -0.316436 0.100000
v 0.707590 -0.308841 0.100000
v 0.711729 -0.299002 0.100000
v 0.715234 -0.287334 0.100000
v 0.718154 -0.274250 0.100000
v 0.720542 -0.260164 0.100000
v 0.722446 -0.245488 0.100000
v 0.723919 -0.230636 0.100000
v 0.725010 -0.216021 0.100000
v 0.725771 -0.202057 0.100000
v 0.726251 -0.189157 0.100000
v 0.726502 -0.177734 0.100000
v 0.726575 -0.168203 0.100000
v 0.725659 -0.156698 0.100000
v 0.723029 -0.146697 0.100000
v 0.718858 -0.138105 0.100000
v 0.713319 -0.130824 0.100000
v 0.706584 -0.124760 0.100000
v 0.698829 -0.119816 0.100000
v 0.690225 -0.115895 0.100000
v 0.680947 -0.112903 0.100000
v 0.671167 -0.110743 0.100000
v 0.661059 -0.109319 0.100000
v 0.650797 -0.108535 0.100000
v 0.640553 -0.108295 0.100000
v 0.636890 -0.108310 0.100000
v 0.633200 -0.108352 0.100000
v 0.629488 -0.108415 0.100000
v 0.625761 -0.108494 0.100000
v 0.622023 -0.108584 0.100000
v 0.618280 -0.108679 0.100000
v 0.614536 -0.108774 0.100000
v 0.610798 -0.108864 0.100000
v 0.607071 -0.108943 0.100000
v 0.603360 -0.109006 0.100000
v 0.599670 -0.109048 0.100000
v 0.596006 -0.109063 0.100000
v 0.591589 -0.109033 0.100000
v 0.587170 -0.108949 0.100000
v 0.582745 -0.108823 0.100000
v 0.578313 -0.108665 0.100000
v 0.573869 -0.108485 0.100000
v 0.569412 -0.108295 0.100000
v 0.564940 -0.108105 0.100000
v 0.560448 -0.107925 0.100000
v 0.555936 -0.107767 0.100000
v 0.551399 -0.107641 0.100000
v 0.546835 -0.107557 0.100000
v 0.542243 -0.107527 0.100000
v 0.536309 -0.107582 0.100000
v 0.530423 -0.107779 0.100000
v 0.524602 -0.108163 0.100000
v 0.518860 -0.108779 0.100000
v 0.513214 -0.109671 0.100000
v 0.507680 -0.110887 0.100000
v 0.502275 -0.112471 0.100000
v 0.497013 -0.114468 0.100000
v 0.491912 -0.116923 0.100000
v 0.486986 -0.119883 0.100000
v 0.482252 -0.123392 0.100000
v 0.477727 -0.127496 0.100000
v 0.473683 -0.132364 0.100000
v 0.470658 -0.137698 0.100000
v 0.468486 -0.143421 0.100000
v 0.467002 -0.149457 0.100000
v 0.466041 -0.155727 0.100000
v 0.465438 -0.162154 0.100000
v 0.465026 -0.168662 0.100000
v 0.464641 -0.175172 0.100000
v 0.464118 -0.181608 0.100000
v 0.463290 -0.187891 0.100000
v 0.461993 -0.193945 0.100000
v 0.460061 -0.199693 0.100000
v 0.459869 -0.200106 0.100000
v 0.459670 -0.200567 0.100000
v 0.459461 -0.201061 0.100000
v 0.459237 -0.201570 0.100000
v 0.458990 -0.202080 0.100000
v 0.458717 -0.202573 0.100000
v 0.458412 -0.203034 0.100000
v 0.458070 -0.203448 0.100000
v 0.457685 -0.203797 0.100000
v 0.457252 -0.204066 0.100000
v 0.456766 -0.204240 0.100000
v 0.456221 -0.204301 0.100000
v 0.448498 -0.202442 0.100000
v 0.440775 -0.197239 0.100000
v 0.433180 -0.189252 0.100000
v 0.425841 -0.179041 0.100000
v 0.418886 -0.167165 0.100000
v 0.412442 -0.154186 0.100000
v 0.406639 -0.140662 0.100000
v 0.401604 -0.127155 0.100000
v 0.397465 -0.114223 0.100000
v 0.394351 -0.102428 0.100000
v 0.392388 -0.092329 0.100000
v 0.391705 -0.084485 0.100000
v 0.392497 -0.077364 0.100000
v 0.394713 -0.072574 0.100000
v 0.398113 -0.069628 0.100000
v 0.402458 -0.068043 0.100000
v 0.407506 -0.067333 0.100000
v 0.413018 -0.067012 0.100000
v 0.418755 -0.066595 0.100000
v 0.424475 -0.065597 0.100000
v 0.429940 -0.063532 0.100000
v 0.434908 -0.059915 0.100000
v 0.439140 -0.054260 0.100000
v 0.442396 -0.046083 0.100000
v 0.443102 -0.043365 0.100000
v 0.443691 -0.040593 0.100000
v 0.444172 -0.037778 0.100000
v 0.444558 -0.034932 0.100000
v 0.444859 -0.032064 0.100000
v 0.445085 -0.029186 0.100000
v 0.445246 -0.026307 0.100000
v 0.445355 -0.023440 0.100000
v 0.445421 -0.020593 0.100000
v 0.445454 -0.017779 0.100000
v 0.445467 -0.015007 0.100000
v 0.445469 -0.012289 0.100000
v 0.445484 -0.002289 0.100000
v 0.445525 0.007737 0.100000
v 0.445588 0.017785 0.100000
v 0.445668 0.027849 0.100000
v 0.445757 0.037923 0.100000
v 0.445853 0.048003 0.100000
v 0.445948 0.058083 0.100000
v 0.446037 0.068157 0.100000
v 0.446117 0.078221 0.100000
v 0.446180 0.088269 0.100000
v 0.446221 0.098295 0.100000
v 0.446237 0.108295 0.100000
v 0.446202 0.115193 0.100000
v 0.446087 0.123411 0.100000
v 0.445877 0.132668 0.100000
v 0.445554 0.142686 0.100000
v 0.445103 0.153184 0.100000
v 0.444508 0.163882 0.100000
v 0.443754 0.174501 0.100000
v 0.442823 0.184758 0.100000
v 0.441700 0.194376 0.100000
v 0.440370 0.203074 0.100000
v 0.438815 0.210572 0.100000
v 0.437020 0.216590 0.100000
v 0.435125 0.219870 0.100000
v 0.432611 0.222158 0.100000
v 0.429628 0.223646 0.100000
v 0.426324 0.224526 0.100000
v 0.422850 0.224990 0.100000
v 0.419355 0.225230 0.100000
v 0.415988 0.225438 0.100000
v 0.412898 0.225806 0.100000
v 0.410234 0.226526 0.100000
v 0.408147 0.227791 0.100000
v 0.406785 0.229791 0.100000
v 0.406298 0.232719 0.100000
v 0.406691 0.238566 0.100000
v 0.407777 0.244233 0.100000
v 0.409418 0.249760 0.100000
v 0.411475 0.255191 0.100000
v 0.413810 0.260570 0.100000
v 0.416283 0.265937 0.100000
v 0.418756 0.271336 0.100000
v 0.421090 0.276811 0.100000
v 0.423147 0.282402 0.100000
v 0.424788 0.288154 0.100000
v 0.425874 0.294108 0.100000
v 0.426267 0.300307 0.100000
v 0.424870 0.303231 0.100000
v 0.420980 0.306544 0.100000
v 0.415047 0.310124 0.100000
v 0.407521 0.313848 0.100000
v 0.398854 0.317593 0.100000
v 0.389497 0.321237 0.100000
v 0.379899 0.324656 0.100000
v 0.370513 0.327729 0.100000
v 0.361787 0.330333 0.100000
v 0.354174 0.332345 0.100000
v 0.348123 0.333642 0.100000
v 0.344086 0.334101 0.100000
v 0.330198 0.331940 0.100000
v 0.318620 0.325966 0.100000
v 0.308972 0.316940 0.100000
v 0.300876 0.305627 0.100000
v 0.293954 0.292788 0.100000
v 0.287826 0.279186 0.100000
v 0.282115 0.265584 0.100000
v 0.276441 0.252745 0.100000
v 0.270425 0.241431 0.100000
v 0.263690 0.232406 0.100000
v 0.255856 0.226431 0.100000
v 0.246544 0.224270 0.100000
v 0.234758 0.226431 0.100000
v 0.225220 0.232406 0.100000
v 0.217490 0.241432 0.100000
v 0.211128 0.252745 0.100000
v 0.205695 0.265584 0.100000
v 0.200749 0.279186 0.100000
v 0.195851 0.292788 0.100000
v 0.190562 0.305627 0.100000
v 0.184440 0.316940 0.100000
v 0.177046 0.325966 0.100000
v 0.167940 0.331940 0.100000
v 0.156682 0.334101 0.100000
v 0.149554 0.333780 0.100000
v 0.140752 0.332814 0.100000
v 0.130712 0.331197 0.100000
v 0.119873 0.328924 0.100000
v 0.108670 0.325990 0.100000
v 0.097542 0.322389 0.100000
v 0.086926 0.318115 0.100000
v 0.077260 0.313165 0.100000
v 0.068980 0.307532 0.100000
v 0.062525 0.301210 0.100000
v 0.058331 0.294196 0.100000
v 0.056836 0.286482 0.100000
v 0.057138 0.281434 0.100000
v 0.057974 0.276626 0.100000
v 0.059236 0.272009 0.100000
v 0.060818 0.267537 0.100000
v 0.062614 0.263161 0.100000
v 0.064516 0.258833 0.100000
v 0.066419 0.254504 0.100000
v 0.068214 0.250128 0.100000
v 0.069797 0.245656 0.100000
v 0.071059 0.241039 0.100000
v 0.071894 0.236231 0.100000
v 0.072197 0.231183 0.100000
v 0.071769 0.228164 0.100000
v 0.070568 0.225597 0.100000
v 0.068716 0.223418 0.100000
v 0.066337 0.221568 0.100000
v 0.063552 0.219984 0.100000
v 0.060484 0.218606 0.100000
v 0.057256 0.217372 0.100000
v 0.053991 0.216220 0.100000
v 0.050811 0.215090 0.100000
v 0.047840 0.213919 0.100000
v 0.045198 0.212648 0.100000
v 0.043011 0.211214 0.100000
v 0.041921 0.210323 0.100000
v 0.040948 0.209212 0.100000
v 0.040083 0.207913 0.100000
v 0.039313 0.206463 0.100000
v 0.038628 0.204895 0.100000
v 0.038018 0.203245 0.100000
v 0.037473 0.201547 0.100000
v 0.036980 0.199835 0.100000
v 0.036530 0.198145 0.100000
v 0.036113 0.196510 0.100000
v 0.035716 0.194967 0.100000
v 0.035330 0.193548 0.100000
v 0.033021 0.182544 0.100000
v 0.031067 0.170411 0.100000
v 0.029438 0.157366 0.100000
v 0.028105 0.143625 0.100000
v 0.027039 0.129404 0.100000
v 0.026210 0.114919 0.100000
v 0.025589 0.100386 0.100000
v 0.025147 0.086022 0.100000
v 0.024854 0.072041 0.100000
v 0.024681 0.058660 0.100000
v 0.024599 0.046095 0.100000
v 0.024578 0.034562 0.100000
v 0.024523 0.029543 0.100000
v 0.024400 0.023465 0.100000
v 0.024266 0.016549 0.100000
v 0.024179 0.009017 0.100000
v 0.024200 0.001091 0.100000
v 0.024386 -0.007008 0.100000
v 0.024795 -0.015060 0.100000
v 0.025488 -0.022842 0.100000
v 0.026522 -0.030134 0.100000
v 0.027956 -0.036713 0.100000
v 0.029848 -0.042360 0.100000
v 0.032258 -0.046851 0.100000
v 0.037610 -0.052897 0.100000
v 0.043587 -0.057070 0.100000
v 0.050043 -0.059740 0.100000
v 0.056836 -0.061273 0.100000
v 0.063820 -0.062039 0.100000
v 0.070853 -0.062404 0.100000
v 0.077789 -0.062737 0.100000
v 0.084485 -0.063407 0.100000
v 0.090798 -0.064780 0.100000
v 0.096582 -0.067226 0.100000
v 0.101695 -0.071111 0.100000
v 0.105991 -0.076805 0.100000
v 0.108698 -0.081773 0.100000
v 0.111072 -0.087046 0.100000
v 0.113131 -0.092574 0.100000
v 0.114895 -0.098310 0.100000
v 0.116380 -0.104207 0.100000
v 0.117608 -0.110215 0.100000
v 0.118595 -0.116287 0.100000
v 0.119361 -0.122376 0.100000
v 0.119924 -0.128432 0.100000
v 0.120303 -0.134409 0.100000
v 0.120517 -0.140257 0.100000
v 0.120584 -0.145929 0.100000
v 0.120569 -0.151881 0.100000
v 0.120527 -0.157831 0.100000
v 0.120464 -0.163774 0.100000
v 0.120385 -0.169710 0.100000
v 0.120295 -0.175636 0.100000
v 0.120200 -0.181548 0.100000
v 0.120105 -0.187444 0.100000
v 0.120015 -0.193321 0.100000
v 0.119936 -0.199177 0.100000
v 0.119873 -0.205009 0.100000
v 0.119831 -0.210814 0.100000
v 0.119816 -0.216590 0.100000
v 0.119800 -0.216958 0.100000
v 0.119752 -0.217294 0.100000
v 0.119672 -0.217598 0.100000
v 0.119560 -0.217870 0.100000
v 0.119416 -0.218110 0.100000
v 0.119240 -0.218318 0.100000
v 0.119032 -0.218494 0.100000
v 0.118792 -0.218638 0.100000
v 0.118520 -0.218750 0.100000
v 0.118216 -0.218830 0.100000
v 0.117880 -0.218878 0.100000
v 0.117512 -0.218894 0.100000
v 0.114320 -0.218132 0.100000
v 0.111627 -0.216000 0.100000
v 0.109387 -0.212726 0.100000
v 0.107555 -0.208540 0.100000
v 0.106086 -0.203671 0.100000
v 0.104935 -0.198349 0.100000
v 0.104055 -0.192803 0.100000
v 0.103402 -0.187262 0.100000
v 0.102931 -0.181956 0.100000
v 0.102595 -0.177114 0.100000
v 0.102350 -0.172965 0.100000
v 0.102151 -0.169739 0.100000
v 0.101669 -0.165725 0.100000
v 0.100988 -0.161760 0.100000
v 0.100098 -0.157858 0.100000
v 0.098993 -0.154037 0.100000
v 0.097664 -0.150311 0.100000
v 0.096102 -0.146697 0.100000
v 0.094301 -0.143212 0.100000
v 0.092251 -0.139870 0.100000
v 0.089946 -0.136689 0.100000
v 0.087376 -0.133683 0.100000
v 0.084535 -0.130870 0.100000
v 0.081413 -0.128264 0.100000
v 0.078411 -0.126353 0.100000
v 0.075191 -0.124819 0.100000
v 0.071789 -0.123620 0.100000
v 0.068243 -0.122717 0.100000
v 0.064590 -0.122070 0.100000
v 0.060868 -0.121640 0.100000
v 0.057114 -0.121385 0.100000
v 0.053365 -0.121266 0.100000
v 0.049659 -0.121244 0.100000
v 0.046033 -0.121277 0.100000
v 0.042525 -0.121326 0.100000
v 0.039171 -0.121352 0.100000
v 0.035395 -0.121483 0.100000
v 0.031430 -0.121889 0.100000
v 0.027374 -0.122588 0.100000
v 0.023326 -0.123599 0.100000
v 0.019385 -0.124941 0.100000
v 0.015649 -0.126632 0.100000
v 0.012217 -0.128691 0.100000
v 0.009188 -0.131137 0.100000
v 0.006660 -0.133989 0.100000
v 0.004733 -0.137264 0.100000
v 0.003504 -0.140982 0.100000
v 0.003072 -0.145161 0.100000
v 0.003150 -0.150345 0.100000
v 0.003371 -0.155526 0.100000
v 0.003720 -0.160702 0.100000
v 0.004182 -0.165870 0.100000
v 0.004739 -0.171027 0.100000
v 0.005376 -0.176171 0.100000
v 0.006078 -0.181299 0.100000
v 0.006827 -0.186408 0.100000
v 0.007609 -0.191496 0.100000
v 0.008406 -0.196560 0.100000
v 0.009203 -0.201597 0.100000
v 0.009985 -0.206605 0.100000
v 0.014979 -0.233784 0.100000
v 0.020880 -0.256795 0.100000
v 0.027890 -0.275982 0.100000
v 0.036212 -0.291688 0.100000
v 0.046049 -0.304258 0.100000
v 0.057604 -0.314036 0.100000
v 0.071078 -0.321366 0.100000
v 0.086676 -0.326592 0.100000
v 0.104599 -0.330057 0.100000
v 0.125050 -0.332107 0.100000
v 0.148232 -0.333084 0.100000
v 0.174347 -0.333333 0.100000
v 0.187445 -0.332938 0.100000
v 0.199124 -0.331708 0.100000
v 0.209437 -0.329577 0.100000
v 0.218439 -0.326478 0.100000
v 0.226182 -0.322344 0.100000
v 0.232719 -0.317108 0.100000
v 0.238104 -0.310705 0.100000
v 0.242391 -0.303066 0.100000
v 0.245632 -0.294127 0.100000
v 0.247881 -0.283819 0.100000
v 0.249191 -0.272077 0.100000
v 0.249616 -0.258833 0.100000
v 0.249525 -0.244255 0.100000
v 0.249275 -0.229704 0.100000
v 0.248896 -0.215174 0.100000
v 0.248421 -0.200660 0.100000
v 0.247883 -0.186157 0.100000
v 0.247312 -0.171659 0.100000
v 0.246741 -0.157161 0.100000
v 0.246202 -0.142658 0.100000
v 0.245728 -0.128144 0.100000
v 0.245349 -0.113614 0.100000
v 0.245098 -0.099063 0.100000
v 0.245008 -0.084485 0.100000
v 0.250384 -0.070661 0.100000
v 0.677429 0.226634 0.100000
v 0.682358 0.226855 0.100000
v 0.687464 0.227307 0.100000
v 0.692610 0.228054 0.100000
v 0.697659 0.229164 0.100000
v 0.702477 0.230703 0.100000
v 0.706927 0.232738 0.100000
v 0.710872 0.235336 0.100000
v 0.714178 0.238563 0.100000
v 0.716707 0.242487 0.100000
v 0.718325 0.247173 0.100000
v 0.718894 0.252688 0.100000
v 0.718871 0.257071 0.100000
v 0.718773 0.261382 0.100000
v 0.718558 0.265613 0.100000
v 0.718183 0.269756 0.100000
v 0.717605 0.273803 0.100000
v 0.716782 0.277746 0.100000
v 0.715671 0.281577 0.100000
v 0.714229 0.285288 0.100000
v 0.712414 0.288871 0.100000
v 0.710182 0.292317 0.100000
v 0.707492 0.295620 0.100000
v 0.704301 0.298771 0.100000
v 0.702157 0.300435 0.100000
v 0.699952 0.301971 0.100000
v 0.697689 0.303379 0.100000
v 0.695369 0.304659 0.100000
v 0.692996 0.305812 0.100000
v 0.690572 0.306836 0.100000
v 0.688100 0.307732 0.100000
v 0.685583 0.308500 0.100000
v 0.683024 0.309140 0.100000
v 0.680424 0.309652 0.100000
v 0.677787 0.310036 0.100000
v 0.675115 0.310292 0.100000
v 0.662649 0.311441 0.100000
v 0.650207 0.312575 0.100000
v 0.637781 0.313676 0.100000
v 0.625363 0.314729 0.100000
v 0.612945 0.315719 0.100000
v 0.600518 0.316628 0.100000
v 0.588076 0.317442 0.100000
v 0.575610 0.318143 0.100000
v 0.563112 0.318716 0.100000
v 0.550574 0.319146 0.100000
v 0.537988 0.319415 0.100000
v 0.525346 0.319508 0.100000
v 0.517406 0.319440 0.100000
v 0.509764 0.319153 0.100000
v 0.502496 0.318524 0.100000
v 0.495676 0.317432 0.100000
v 0.489379 0.315753 0.100000
v 0.483679 0.313364 0.100000
v 0.478651 0.310143 0.100000
v 0.474370 0.305968 0.100000
v 0.470910 0.300715 0.100000
v 0.468346 0.294262 0.100000
v 0.466753 0.286487 0.100000
v 0.466206 0.277266 0.100000
v 0.466231 0.272814 0.100000
v 0.466345 0.268661 0.100000
v 0.466602 0.264785 0.100000
v 0.467059 0.261165 0.100000
v 0.467773 0.257780 0.100000
v 0.468798 0.254608 0.100000
v 0.470191 0.251629 0.100000
v 0.472009 0.248819 0.100000
v 0.474306 0.246160 0.100000
v 0.477140 0.243628 0.100000
v 0.480565 0.241203 0.100000
v 0.484639 0.238863 0.100000
v 0.491581 0.236363 0.100000
v 0.501646 0.234219 0.100000
v 0.514245 0.232407 0.100000
v 0.528788 0.230898 0.100000
v 0.544685 0.229667 0.100000
v 0.561348 0.228687 0.100000
v 0.578187 0.227930 0.100000
v 0.594612 0.227371 0.100000
v 0.610035 0.226983 0.100000
v 0.623866 0.226738 0.100000
v 0.635515 0.226611 0.100000
v 0.644393 0.226575 0.100000
v 0.672811 0.226575 0.100000
v 0.699031 0.111490 0.100000
v 0.705411 0.111904 0.100000
v 0.711790 0.112675 0.100000
v 0.718041 0.113870 0.100000
v 0.724036 0.115556 0.100000
v 0.729647 0.117800 0.100000
v 0.734746 0.120667 0.100000
v 0.739205 0.124225 0.100000
v 0.742896 0.128540 0.100000
v 0.745690 0.133680 0.100000
v 0.747461 0.139710 0.100000
v 0.748080 0.146697 0.100000
v 0.748089 0.150535 0.100000
v 0.748087 0.154360 0.100000
v 0.748032 0.158158 0.100000
v 0.747881 0.161916 0.100000
v 0.747591 0.165621 0.100000
v 0.747120 0.169259 0.100000
v 0.746425 0.172817 0.100000
v 0.745463 0.176282 0.100000
v 0.744192 0.179640 0.100000
v 0.742568 0.182877 0.100000
v 0.740551 0.185982 0.100000
v 0.738095 0.188940 0.100000
v 0.731096 0.193750 0.100000
v 0.720185 0.197847 0.100000
v 0.706089 0.201289 0.100000
v 0.689537 0.204130 0.100000
v 0.671258 0.206428 0.100000
v 0.651978 0.208237 0.100000
v 0.632426 0.209615 0.100000
v 0.613330 0.210616 0.100000
v 0.595418 0.211298 0.100000
v 0.579418 0.211715 0.100000
v 0.566059 0.211924 0.100000
v 0.556068 0.211982 0.100000
v 0.546772 0.212043 0.100000
v 0.536745 0.212088 0.100000
v 0.526282 0.211910 0.100000
v 0.515674 0.211299 0.100000
v 0.505215 0.210048 0.100000
v 0.495200 0.207949 0.100000
v 0.485920 0.204794 0.100000
v 0.477670 0.200375 0.100000
v 0.470742 0.194484 0.100000
v 0.465431 0.186913 0.100000
v 0.462029 0.177454 0.100000
v 0.460830 0.165899 0.100000
v 0.460862 0.163019 0.100000
v 0.460965 0.160145 0.100000
v 0.461142 0.157282 0.100000
v 0.461398 0.154435 0.100000
v 0.461741 0.151609 0.100000
v 0.462174 0.148810 0.100000
v 0.462703 0.146042 0.100000
v 0.463333 0.143312 0.100000
v 0.464070 0.140625 0.100000
v 0.464919 0.137986 0.100000
v 0.465885 0.135400 0.100000
v 0.466974 0.132873 0.100000
v 0.468458 0.130165 0.100000
v 0.470203 0.127791 0.100000
v 0.472182 0.125732 0.100000
v 0.474370 0.123969 0.100000
v 0.476739 0.122483 0.100000
v 0.479263 0.121256 0.100000
v 0.481914 0.120269 0.100000
v 0.484667 0.119503 0.100000
v 0.487495 0.118940 0.100000
v 0.490371 0.118560 0.100000
v 0.493268 0.118347 0.100000
v 0.496160 0.118280 0.100000
v 0.504224 0.118144 0.100000
v 0.512289 0.117768 0.100000
v 0.520353 0.117200 0.100000
v 0.528418 0.116487 0.100000
v 0.536482 0.115679 0.100000
v 0.544547 0.114823 0.100000
v 0.552611 0.113967 0.100000
v 0.560676 0.113159 0.100000
v 0.568740 0.112447 0.100000
v 0.576805 0.111879 0.100000
v 0.584869 0.111503 0.100000
v 0.592934 0.111367 0.100000
v 0.692780 0.111367 0.100000
v 0.167090 0.089806 0.100000
v 0.168324 0.095814 0.100000
v 0.170315 0.101022 0.100000
v 0.173010 0.105479 0.100000
v 0.176356 0.109231 0.100000
v 0.180300 0.112327 0.100000
v 0.184787 0.114815 0.100000
v 0.189765 0.116743 0.100000
v 0.195181 0.118160 0.100000
v 0.200980 0.119112 0.100000
v 0.207110 0.119648 0.100000
v 0.213518 0.119816 0.100000
v 0.215837 0.119801 0.100000
v 0.218183 0.119759 0.100000
v 0.220550 0.119696 0.100000
v 0.222933 0.119617 0.100000
v 0.225327 0.119527 0.100000
v 0.227727 0.119432 0.100000
v 0.230126 0.119337 0.100000
v 0.232520 0.119247 0.100000
v 0.234903 0.119168 0.100000
v 0.237270 0.119105 0.100000
v 0.239616 0.119063 0.100000
v 0.241935 0.119048 0.100000
v 0.243856 0.119063 0.100000
v 0.245776 0.119105 0.100000
v 0.247696 0.119168 0.100000
v 0.249616 0.119247 0.100000
v 0.251536 0.119337 0.100000
v 0.253456 0.119432 0.100000
v 0.255376 0.119527 0.100000
v 0.257296 0.119617 0.100000
v 0.259217 0.119696 0.100000
v 0.261137 0.119759 0.100000
v 0.263057 0.119801 0.100000
v 0.264977 0.119816 0.100000
v 0.271385 0.119677 0.100000
v 0.277515 0.119222 0.100000
v 0.283314 0.118388 0.100000
v 0.288730 0.117113 0.100000
v 0.293708 0.115338 0.100000
v 0.298195 0.112999 0.100000
v 0.302138 0.110037 0.100000
v 0.305484 0.106389 0.100000
v 0.308180 0.101995 0.100000
v 0.310171 0.096792 0.100000
v 0.311405 0.090720 0.100000
v 0.311828 0.083717 0.100000
v 0.311828 0.072197 0.100000
v 0.311420 0.065017 0.100000
v 0.310224 0.058798 0.100000
v 0.308288 0.053475 0.100000
v 0.305655 0.048984 0.100000
v 0.302372 0.045262 0.100000
v 0.298483 0.042243 0.100000
v 0.294034 0.039864 0.100000
v 0.289071 0.038061 0.100000
v 0.283638 0.036770 0.100000
v 0.277781 0.035928 0.100000
v 0.271546 0.035469 0.100000
v 0.264977 0.035330 0.100000
v 0.261506 0.035300 0.100000
v 0.258008 0.035216 0.100000
v 0.254488 0.035090 0.100000
v 0.250953 0.034932 0.100000
v 0.247407 0.034752 0.100000
v 0.243856 0.034562 0.100000
v 0.240304 0.034372 0.100000
v 0.236758 0.034192 0.100000
v 0.233223 0.034034 0.100000
v 0.229704 0.033908 0.100000
v 0.226206 0.033824 0.100000
v 0.222734 0.033794 0.100000
v 0.216307 0.033918 0.100000
v 0.209781 0.034338 0.100000
v 0.203281 0.035126 0.100000
v 0.196934 0.036354 0.100000
v 0.190863 0.038094 0.100000
v 0.185196 0.040419 0.100000
v 0.180056 0.043399 0.100000
v 0.175570 0.047107 0.100000
v 0.171863 0.051615 0.100000
v 0.169060 0.056996 0.100000
v 0.167286 0.063320 0.100000
v 0.166667 0.070661 0.100000
v 0.166667 0.082949 0.100000
v 0.686923 0.011012 0.100000
v 0.693538 0.011805 0.100000
v 0.699561 0.013153 0.100000
v 0.704984 0.015077 0.100000
v 0.709799 0.017598 0.100000
v 0.713998 0.020737 0.100000
v 0.717573 0.024517 0.100000
v 0.720515 0.028958 0.100000
v 0.722818 0.034082 0.100000
v 0.724473 0.039910 0.100000
v 0.725472 0.046463 0.100000
v 0.725806 0.053763 0.100000
v 0.725770 0.056788 0.100000
v 0.725643 0.059716 0.100000
v 0.725398 0.062548 0.100000
v 0.725010 0.065284 0.100000
v 0.724451 0.067924 0.100000
v 0.723694 0.070469 0.100000
v 0.722714 0.072917 0.100000
v 0.721483 0.075269 0.100000
v 0.719974 0.077525 0.100000
v 0.718162 0.079685 0.100000
v 0.716018 0.081749 0.100000
v 0.713518 0.083717 0.100000
v 0.708965 0.086026 0.100000
v 0.702125 0.087981 0.100000
v 0.693428 0.089610 0.100000
v 0.683308 0.090943 0.100000
v 0.672195 0.092009 0.100000
v 0.660522 0.092838 0.100000
v 0.648722 0.093459 0.100000
v 0.637225 0.093901 0.100000
v 0.626464 0.094194 0.100000
v 0.616872 0.094367 0.100000
v 0.608879 0.094449 0.100000
v 0.602919 0.094470 0.100000
v 0.520737 0.094470 0.100000
v 0.512626 0.094193 0.100000
v 0.505191 0.093339 0.100000
v 0.498440 0.091878 0.100000
v 0.492376 0.089776 0.100000
v 0.487006 0.087003 0.100000
v 0.482335 0.083525 0.100000
v 0.478368 0.079312 0.100000
v 0.475110 0.074330 0.100000
v 0.472566 0.068548 0.100000
v 0.470743 0.061935 0.100000
v 0.469645 0.054457 0.100000
v 0.469278 0.046083 0.100000
v 0.469942 0.038934 0.100000
v 0.471835 0.032799 0.100000
v 0.474810 0.027602 0.100000
v 0.478722 0.023269 0.100000
v 0.483423 0.019726 0.100000
v 0.488767 0.016897 0.100000
v 0.494607 0.014708 0.100000
v 0.500796 0.013085 0.100000
v 0.507188 0.011953 0.100000
v 0.513636 0.011236 0.100000
v 0.519994 0.010861 0.100000
v 0.526114 0.010753 0.100000
v 0.679724 0.010753 0.100000
v 0.482189 -0.084806 0.100000
v 0.484429 -0.085773 0.100000
v 0.486739 -0.086622 0.100000
v 0.489105 -0.087358 0.100000
v 0.491514 -0.087989 0.100000
v 0.493952 -0.088518 0.100000
v 0.496406 -0.088951 0.100000
v 0.498862 -0.089293 0.100000
v 0.501308 -0.089550 0.100000
v 0.503730 -0.089727 0.100000
v 0.506115 -0.089829 0.100000
v 0.508449 -0.089862 0.100000
v 0.519778 -0.089892 0.100000
v 0.531106 -0.089976 0.100000
v 0.542435 -0.090102 0.100000
v 0.553764 -0.090260 0.100000
v 0.565092 -0.090440 0.100000
v 0.576421 -0.090630 0.100000
v 0.587750 -0.090820 0.100000
v 0.599078 -0.091000 0.100000
v 0.610407 -0.091158 0.100000
v 0.621736 -0.091284 0.100000
v 0.633065 -0.091368 0.100000
v 0.644393 -0.091398 0.100000
v 0.650851 -0.091379 0.100000
v 0.658481 -0.091245 0.100000
v 0.666955 -0.090882 0.100000
v 0.675940 -0.090175 0.100000
v 0.685107 -0.089009 0.100000
v 0.694124 -0.087270 0.100000
v 0.702662 -0.084842 0.100000
v 0.710389 -0.081612 0.100000
v 0.716974 -0.077465 0.100000
v 0.722087 -0.072286 0.100000
v 0.725398 -0.065959 0.100000
v 0.726575 -0.058372 0.100000
v 0.726009 -0.048616 0.100000
v 0.724356 -0.040045 0.100000
v 0.721678 -0.032594 0.100000
v 0.718041 -0.026199 0.100000
v 0.713507 -0.020796 0.100000
v 0.708141 -0.016321 0.100000
v 0.702008 -0.012710 0.100000
v 0.695170 -0.009899 0.100000
v 0.687692 -0.007824 0.100000
v 0.679638 -0.006422 0.100000
v 0.671072 -0.005627 0.100000
v 0.662058 -0.005376 0.100000
v 0.653226 -0.005391 0.100000
v 0.644393 -0.005433 0.100000
v 0.635561 -0.005496 0.100000
v 0.626728 -0.005575 0.100000
v 0.617896 -0.005665 0.100000
v 0.609063 -0.005760 0.100000
v 0.600230 -0.005855 0.100000
v 0.591398 -0.005945 0.100000
v 0.582565 -0.006024 0.100000
v 0.573733 -0.006087 0.100000
v 0.564900 -0.006129 0.100000
v 0.556068 -0.006144 0.100000
v 0.550884 -0.006177 0.100000
v 0.545702 -0.006276 0.100000
v 0.540527 -0.006444 0.100000
v 0.535359 -0.006685 0.100000
v 0.530201 -0.007000 0.100000
v 0.525058 -0.007392 0.100000
v 0.519930 -0.007865 0.100000
v 0.514821 -0.008420 0.100000
v 0.509733 -0.009061 0.100000
v 0.504669 -0.009789 0.100000
v 0.499632 -0.010608 0.100000
v 0.494624 -0.011521 0.100000
v 0.492000 -0.012147 0.100000
v 0.489510 -0.012883 0.100000
v 0.487159 -0.013741 0.100000
v 0.484952 -0.014735 0.100000
v 0.482894 -0.015879 0.100000
v 0.480991 -0.017185 0.100000
v 0.479248 -0.018667 0.100000
v 0.477670 -0.020339 0.100000
v 0.476263 -0.022213 0.100000
v 0.475031 -0.024304 0.100000
v 0.473981 -0.026623 0.100000
v 0.473118 -0.029186 0.100000
v 0.472559 -0.031505 0.100000
v 0.472034 -0.033851 0.100000
v 0.471546 -0.036218 0.100000
v 0.471099 -0.038602 0.100000
v 0.470694 -0.040996 0.100000
v 0.470334 -0.043395 0.100000
v 0.470023 -0.045794 0.100000
v 0.469762 -0.048188 0.100000
v 0.469554 -0.050571 0.100000
v 0.469403 -0.052938 0.100000
v 0.469310 -0.055284 0.100000
v 0.469278 -0.057604 0.100000
v 0.469314 -0.059951 0.100000
v 0.469435 -0.062365 0.100000
v 0.469662 -0.064816 0.100000
v 0.470018 -0.067275 0.100000
v 0.470523 -0.069713 0.100000
v 0.471198 -0.072101 0.100000
v 0.472066 -0.074408 0.100000
v 0.473147 -0.076606 0.100000
v 0.474462 -0.078665 0.100000
v 0.476034 -0.080556 0.100000
v 0.477883 -0.082250 0.100000
v 0.480031 -0.083717 0.100000
v 0.601703 -0.190781 0.100000
v 0.602670 -0.191632 0.100000
v 0.603519 -0.192936 0.100000
v 0.604256 -0.194601 0.100000
v 0.604886 -0.196532 0.100000
v 0.605415 -0.198637 0.100000
v 0.605848 -0.200821 0.100000
v 0.606190 -0.202993 0.100000
v 0.606447 -0.205057 0.100000
v 0.606624 -0.206922 0.100000
v 0.606726 -0.208493 0.100000
v 0.606759 -0.209677 0.100000
v 0.606735 -0.212818 0.100000
v 0.606631 -0.216049 0.100000
v 0.606399 -0.219302 0.100000
v 0.605991 -0.222507 0.100000
v 0.605359 -0.225594 0.100000
v 0.604455 -0.228495 0.100000
v 0.603231 -0.231139 0.100000
v 0.601638 -0.233459 0.100000
v 0.599630 -0.235383 0.100000
v 0.597158 -0.236844 0.100000
v 0.594174 -0.237771 0.100000
v 0.590630 -0.238095 0.100000
v 0.579877 -0.238095 0.100000
v 0.577215 -0.237878 0.100000
v 0.574967 -0.237256 0.100000
v 0.573097 -0.236271 0.100000
v 0.571571 -0.234966 0.100000
v 0.570354 -0.233384 0.100000
v 0.569412 -0.231567 0.100000
v 0.568711 -0.229558 0.100000
v 0.568214 -0.227399 0.100000
v 0.567888 -0.225134 0.100000
v 0.567699 -0.222805 0.100000
v 0.567610 -0.220455 0.100000
v 0.567588 -0.218126 0.100000
v 0.567672 -0.215000 0.100000
v 0.567940 -0.211811 0.100000
v 0.568416 -0.208621 0.100000
v 0.569124 -0.205496 0.100000
v 0.570089 -0.202498 0.100000
v 0.571333 -0.199693 0.100000
v 0.572881 -0.197143 0.100000
v 0.574757 -0.194914 0.100000
v 0.576985 -0.193068 0.100000
v 0.579589 -0.191671 0.100000
v 0.582593 -0.190786 0.100000
v 0.586022 -0.190476 0.100000
v 0.600614 -0.190476 0.100000
v 0.251872 -0.070905 0.100000
v 0.251872 -0.070905 -0.100000
v 0.253264 -0.071592 0.100000
v 0.253264 -0.071592 -0.100000
v 0.254560 -0.072653 0.100000
v 0.254560 -0.072653 -0.100000
v 0.255760 -0.074017 0.100000
v 0.255760 -0.074017 -0.100000
v 0.256864 -0.075616 0.100000
v 0.256864 -0.075616 -0.100000
v 0.257873 -0.077381 0.100000
v 0.257873 -0.077381 -0.100000
v 0.258785 -0.079242 0.100000
v 0.258785 -0.079242 -0.100000
v 0.259601 -0.081129 0.100000
v 0.259601 -0.081129 -0.100000
v 0.260321 -0.082973 0.100000
v 0.260321 -0.082973 -0.100000
v 0.260945 -0.084706 0.100000
v 0.260945 -0.084706 -0.100000
v 0.261473 -0.086257 0.100000
v 0.261473 -0.086257 -0.100000
v 0.261905 -0.087558 0.100000
v 0.261905 -0.087558 -0.100000
v 0.262273 -0.088695 0.100000
v 0.262273 -0.088695 -0.100000
v 0.262612 -0.089805 0.100000
v 0.262612 -0.089805 -0.100000
v 0.262925 -0.090894 0.100000
v 0.262925 -0.090894 -0.100000
v 0.263213 -0.091967 0.100000
v 0.263213 -0.091967 -0.100000
v 0.263480 -0.093029 0.100000
v 0.263480 -0.093029 -0.100000
v 0.263729 -0.094086 0.100000
v 0.263729 -0.094086 -0.100000
v 0.263961 -0.095143 0.100000
v 0.263961 -0.095143 -0.100000
v 0.264180 -0.096205 0.100000
v 0.264180 -0.096205 -0.100000
v 0.264389 -0.097278 0.100000
v 0.264389 -0.097278 -0.100000
v 0.264589 -0.098367 0.100000
v 0.264589 -0.098367 -0.100000
v 0.264785 -0.099477 0.100000
v 0.264785 -0.099477 -0.100000
v 0.264977 -0.100614 0.100000
v 0.264977 -0.100614 -0.100000
v 0.266146 -0.106405 0.100000
v 0.266146 -0.106405 -0.100000
v 0.267352 -0.112245 0.100000
v 0.267352 -0.112245 -0.100000
v 0.268601 -0.118124 0.100000
v 0.268601 -0.118124 -0.100000
v 0.269898 -0.124026 0.100000
v 0.269898 -0.124026 -0.100000
v 0.271248 -0.129939 0.100000
v 0.271248 -0.129939 -0.100000
v 0.272657 -0.135849 0.100000
v 0.272657 -0.135849 -0.100000
v 0.274130 -0.141743 0.100000
v 0.274130 -0.141743 -0.100000
v 0.275673 -0.147608 0.100000
v 0.275673 -0.147608 -0.100000
v 0.277290 -0.153430 0.100000
v 0.277290 -0.153430 -0.100000
v 0.278987 -0.159196 0.100000
v 0.278987 -0.159196 -0.100000
v 0.280769 -0.164893 0.100000
v 0.280769 -0.164893 -0.100000
v 0.282642 -0.170507 0.100000
v 0.282642 -0.170507 -0.100000
v 0.284402 -0.175484 0.100000
v 0.284402 -0.175484 -0.100000
v 0.286223 -0.180431 0.100000
v 0.286223 -0.180431 -0.100000
v 0.288103 -0.185352 0.100000
v 0.288103 -0.185352 -0.100000
v 0.290038 -0.190249 0.100000
v 0.290038 -0.190249 -0.100000
v 0.292027 -0.195124 0.100000
v 0.292027 -0.195124 -0.100000
v 0.294067 -0.199981 0.100000
v 0.294067 -0.199981 -0.100000
v 0.296155 -0.204822 0.100000
v 0.296155 -0.204822 -0.100000
v 0.298288 -0.209649 0.100000
v 0.298288 -0.209649 -0.100000
v 0.300463 -0.214466 0.100000
v 0.300463 -0.214466 -0.100000
v 0.302679 -0.219274 0.100000
v 0.302679 -0.219274 -0.100000
v 0.304932 -0.224078 0.100000
v 0.304932 -0.224078 -0.100000
v 0.307220 -0.228879 0.100000
v 0.307220 -0.228879 -0.100000
v 0.311120 -0.236473 0.100000
v 0.311120 -0.236473 -0.100000
v 0.315832 -0.244574 0.100000
v 0.315832 -0.244574 -0.100000
v 0.321237 -0.253048 0.100000
v 0.321237 -0.253048 -0.100000
v 0.327217 -0.261762 0.100000
v 0.327217 -0.261762 -0.100000
v 0.333657 -0.270584 0.100000
v 0.333657 -0.270584 -0.100000
v 0.340438 -0.279378 0.100000
v 0.340438 -0.279378 -0.100000
v 0.347443 -0.288012 0.100000
v 0.347443 -0.288012 -0.100000
v 0.354554 -0.296353 0.100000
v 0.354554 -0.296353 -0.100000
v 0.361655 -0.304267 0.100000
v 0.361655 -0.304267 -0.100000
v 0.368628 -0.311622 0.100000
v 0.368628 -0.311622 -0.100000
v 0.375356 -0.318283 0.100000
v 0.375356 -0.318283 -0.100000
v 0.381720 -0.324117 0.100000
v 0.381720 -0.324117 -0.100000
v 0.383495 -0.325664 0.100000
v 0.383495 -0.325664 -0.100000
v 0.385358 -0.327217 0.100000
v 0.385358 -0.327217 -0.100000
v 0.387301 -0.328749 0.100000
v 0.387301 -0.328749 -0.100000
v 0.389316 -0.330233 0.100000
v 0.389316 -0.330233 -0.100000
v 0.391394 -0.331642 0.100000
v 0.391394 -0.331642 -0.100000
v 0.393529 -0.332949 0.100000
v 0.393529 -0.332949 -0.100000
v 0.395712 -0.334129 0.100000
v 0.395712 -0.334129 -0.100000
v 0.397935 -0.335154 0.100000
v 0.397935 -0.335154 -0.100000
v 0.400190 -0.335998 0.100000
v 0.400190 -0.335998 -0.100000
v 0.402468 -0.336633 0.100000
v 0.402468 -0.336633 -0.100000
v 0.404763 -0.337034 0.100000
v 0.404763 -0.337034 -0.100000
v 0.407066 -0.337174 0.100000
v 0.407066 -0.337174 -0.100000
v 0.413153 -0.336310 0.100000
v 0.413153 -0.336310 -0.100000
v 0.418765 -0.333913 0.100000
v 0.418765 -0.333913 -0.100000
v 0.423939 -0.330273 0.100000
v 0.423939 -0.330273 -0.100000
v 0.428714 -0.325681 0.100000
v 0.428714 -0.325681 -0.100000
v 0.433126 -0.320428 0.100000
v 0.433126 -0.320428 -0.100000
v 0.437212 -0.314804 0.100000
v 0.437212 -0.314804 -0.100000
v 0.441010 -0.309100 0.100000
v 0.441010 -0.309100 -0.100000
v 0.444558 -0.303607 0.100000
v 0.444558 -0.303607 -0.100000
v 0.447893 -0.298615 0.100000
v 0.447893 -0.298615 -0.100000
v 0.451051 -0.294415 0.100000
v 0.451051 -0.294415 -0.100000
v 0.454071 -0.291298 0.100000
v 0.454071 -0.291298 -0.100000
v 0.456989 -0.289555 0.100000
v 0.456989 -0.289555 -0.100000
v 0.458371 -0.290546 0.100000
v 0.458371 -0.290546 -0.100000
v 0.459464 -0.291596 0.100000
v 0.459464 -0.291596 -0.100000
v 0.460302 -0.292699 0.100000
v 0.460302 -0.292699 -0.100000
v 0.460915 -0.293850 0.100000
v 0.460915 -0.293850 -0.100000
v 0.461336 -0.295044 0.100000
v 0.461336 -0.295044 -0.100000
v 0.461598 -0.296275 0.100000
v 0.461598 -0.296275 -0.100000
v 0.461731 -0.297538 0.100000
v 0.461731 -0.297538 -0.100000
v 0.461768 -0.298828 0.100000
v 0.461768 -0.298828 -0.100000
v 0.461742 -0.300139 0.100000
v 0.461742 -0.300139 -0.100000
v 0.461683 -0.301466 0.100000
v 0.461683 -0.301466 -0.100000
v 0.461624 -0.302804 0.100000
v 0.461624 -0.302804 -0.100000
v 0.461598 -0.304147 0.100000
v 0.461598 -0.304147 -0.100000
v 0.462452 -0.309174 0.100000
v 0.462452 -0.309174 -0.100000
v 0.464851 -0.313190 0.100000
v 0.464851 -0.313190 -0.100000
v 0.468546 -0.316304 0.100000
v 0.468546 -0.316304 -0.100000
v 0.473289 -0.318627 0.100000
v 0.473289 -0.318627 -0.100000
v 0.478832 -0.320266 0.100000
v 0.478832 -0.320266 -0.100000
v 0.484927 -0.321333 0.100000
v 0.484927 -0.321333 -0.100000
v 0.491326 -0.321935 0.100000
v 0.491326 -0.321935 -0.100000
v 0.497781 -0.322182 0.100000
v 0.497781 -0.322182 -0.100000
v 0.504044 -0.322185 0.100000
v 0.504044 -0.322185 -0.100000
v 0.509867 -0.322051 0.100000
v 0.509867 -0.322051 -0.100000
v 0.515002 -0.321890 0.100000
v 0.515002 -0.321890 -0.100000
v 0.519201 -0.321813 0.100000
v 0.519201 -0.321813 -0.100000
v 0.524194 -0.321767 0.100000
v 0.524194 -0.321767 -0.100000
v 0.529186 -0.321642 0.100000
v 0.529186 -0.321642 -0.100000
v 0.534178 -0.321453 0.100000
v 0.534178 -0.321453 -0.100000
v 0.539171 -0.321215 0.100000
v 0.539171 -0.321215 -0.100000
v 0.544163 -0.320946 0.100000
v 0.544163 -0.320946 -0.100000
v 0.549155 -0.320661 0.100000
v 0.549155 -0.320661 -0.100000
v 0.554148 -0.320375 0.100000
v 0.554148 -0.320375 -0.100000
v 0.559140 -0.320106 0.100000
v 0.559140 -0.320106 -0.100000
v 0.564132 -0.319868 0.100000
v 0.564132 -0.319868 -0.100000
v 0.569124 -0.319679 0.100000
v 0.569124 -0.319679 -0.100000
v 0.574117 -0.319554 0.100000
v 0.574117 -0.319554 -0.100000
v 0.579109 -0.319508 0.100000
v 0.579109 -0.319508 -0.100000
v 0.580292 -0.319524 0.100000
v 0.580292 -0.319524 -0.100000
v 0.581527 -0.319572 0.100000
v 0.581527 -0.319572 -0.100000
v 0.582805 -0.319652 0.100000
v 0.582805 -0.319652 -0.100000
v 0.584116 -0.319764 0.100000
v 0.584116 -0.319764 -0.100000
v 0.585447 -0.319908 0.100000
v 0.585447 -0.319908 -0.100000
v 0.586790 -0.320084 0.100000
v 0.586790 -0.320084 -0.100000
v 0.588132 -0.320293 0.100000
v 0.588132 -0.320293 -0.100000
v 0.589464 -0.320533 0.100000
v 0.589464 -0.320533 -0.100000
v 0.590774 -0.320805 0.100000
v 0.590774 -0.320805 -0.100000
v 0.592052 -0.321109 0.100000
v 0.592052 -0.321109 -0.100000
v 0.593288 -0.321445 0.100000
v 0.593288 -0.321445 -0.100000
v 0.594470 -0.321813 0.100000
v 0.594470 -0.321813 -0.100000
v 0.595105 -0.322834 0.100000
v 0.595105 -0.322834 -0.100000
v 0.595839 -0.323964 0.100000
v 0.595839 -0.323964 -0.100000
v 0.596642 -0.325185 0.100000
v 0.596642 -0.325185 -0.100000
v 0.597485 -0.326478 0.100000
v 0.597485 -0.326478 -0.100000
v 0.598339 -0.327824 0.100000
v 0.598339 -0.327824 -0.100000
v 0.599174 -0.329205 0.100000
v 0.599174 -0.329205 -0.100000
v 0.599962 -0.330602 0.100000
v 0.599962 -0.330602 -0.100000
v 0.600671 -0.331996 0.100000
v 0.600671 -0.331996 -0.100000
v 0.601275 -0.333369 0.100000
v 0.601275 -0.333369 -0.100000
v 0.601742 -0.334702 0.100000
v 0.601742 -0.334702 -0.100000
v 0.602043 -0.335977 0.100000
v 0.602043 -0.335977 -0.100000
v 0.602151 -0.337174 0.100000
v 0.602151 -0.337174 -0.100000
v 0.604101 -0.337511 0.100000
v 0.604101 -0.337511 -0.100000
v 0.606105 -0.337764 0.100000
v 0.606105 -0.337764 -0.100000
v 0.608151 -0.337942 0.100000
v 0.608151 -0.337942 -0.100000
v 0.610229 -0.338055 0.100000
v 0.610229 -0.338055 -0.100000
v 0.612329 -0.338116 0.100000
v 0.612329 -0.338116 -0.100000
v 0.614439 -0.338134 0.100000
v 0.614439 -0.338134 -0.100000
v 0.616550 -0.338119 0.100000
v 0.616550 -0.338119 -0.100000
v 0.618649 -0.338084 0.100000
v 0.618649 -0.338084 -0.100000
v 0.620728 -0.338038 0.100000
v 0.620728 -0.338038 -0.100000
v 0.622774 -0.337991 0.100000
v 0.622774 -0.337991 -0.100000
v 0.624778 -0.337956 0.100000
v 0.624778 -0.337956 -0.100000
v 0.626728 -0.337942 0.100000
v 0.626728 -0.337942 -0.100000
v 0.633211 -0.337929 0.100000
v 0.633211 -0.337929 -0.100000
v 0.639934 -0.337842 0.100000
v 0.639934 -0.337842 -0.100000
v 0.646817 -0.337606 0.100000
v 0.646817 -0.337606 -0.100000
v 0.653781 -0.337145 0.100000
v 0.653781 -0.337145 -0.100000
v 0.660744 -0.336386 0.100000
v 0.660744 -0.336386 -0.100000
v 0.667627 -0.335253 0.100000
v 0.667627 -0.335253 -0.100000
v 0.674350 -0.333673 0.100000
v 0.674350 -0.333673 -0.100000
v 0.680833 -0.331570 0.100000
v 0.680833 -0.331570 -0.100000
v 0.686996 -0.328869 0.100000
v 0.686996 -0.328869 -0.100000
v 0.692759 -0.325496 0.100000
v 0.692759 -0.325496 -0.100000
v 0.698042 -0.321377 0.100000
v 0.698042 -0.321377 -0.100000
v 0.702765 -0.316436 0.100000
v 0.702765 -0.316436 -0.100000
v 0.707590 -0.308841 0.100000
v 0.707590 -0.308841 -0.100000
v 0.711729 -0.299002 0.100000
v 0.711729 -0.299002 -0.100000
v 0.715234 -0.287334 0.100000
v 0.715234 -0.287334 -0.100000
v 0.718154 -0.274250 0.100000
v 0.718154 -0.274250 -0.100000
v 0.720542 -0.260164 0.100000
v 0.720542 -0.260164 -0.100000
v 0.722446 -0.245488 0.100000
v 0.722446 -0.245488 -0.100000
v 0.723919 -0.230636 0.100000
v 0.723919 -0.230636 -0.100000
v 0.725010 -0.216021 0.100000
v 0.725010 -0.216021 -0.100000
v 0.725771 -0.202057 0.100000
v 0.725771 -0.202057 -0.100000
v 0.726251 -0.189157 0.100000
v 0.726251 -0.189157 -0.100000
v 0.726502 -0.177734 0.100000
v 0.726502 -0.177734 -0.100000
v 0.726575 -0.168203 0.100000
v 0.726575 -0.168203 -0.100000
v 0.725659 -0.156698 0.100000
v 0.725659 -0.156698 -0.100000
v 0.723029 -0.146697 0.100000
v 0.723029 -0.146697 -0.100000
v 0.718858 -0.138105 0.100000
v 0.718858 -0.138105 -0.100000
v 0.713319 -0.130824 0.100000
v 0.713319 -0.130824 -0.100000
v 0.706584 -0.124760 0.100000
v 0.706584 -0.124760 -0.100000
v 0.698829 -0.119816 0.100000
v 0.698829 -0.119816 -0.100000
v 0.690225 -0.115895 0.100000
v 0.690225 -0.115895 -0.100000
v 0.680947 -0.112903 0.100000
v 0.680947 -0.112903 -0.100000
v 0.671167 -0.110743 0.100000
v 0.671167 -0.110743 -0.100000
v 0.661059 -0.109319 0.100000
v 0.661059 -0.109319 -0.100000
v 0.650797 -0.108535 0.100000
v 0.650797 -0.108535 -0.100000
v 0.640553 -0.108295 0.100000
v 0.640553 -0.108295 -0.100000
v 0.636890 -0.108310 0.100000
v 0.636890 -0.108310 -0.100000
v 0.633200 -0.108352 0.100000
v 0.633200 -0.108352 -0.100000
v 0.629488 -0.108415 0.100000
v 0.629488 -0.108415 -0.100000
v 0.625761 -0.108494 0.100000
v 0.625761 -0.108494 -0.100000
v 0.622023 -0.108584 0.100000
v 0.622023 -0.108584 -0.100000
v 0.618280 -0.108679 0.100000
v 0.618280 -0.108679 -0.100000
v 0.614536 -0.108774 0.100000
v 0.614536 -0.108774 -0.100000
v 0.610798 -0.108864 0.100000
v 0.610798 -0.108864 -0.100000
v 0.607071 -0.108943 0.100000
v 0.607071 -0.108943 -0.100000
v 0.603360 -0.109006 0.100000
v 0.603360 -0.109006 -0.100000
v 0.599670 -0.109048 0.100000
v 0.599670 -0.109048 -0.100000
v 0.596006 -0.109063 0.100000
v 0.596006 -0.109063 -0.100000
v 0.591589 -0.109033 0.100000
v 0.591589 -0.109033 -0.100000
v 0.587170 -0.108949 0.100000
v 0.587170 -0.108949 -0.100000
v 0.582745 -0.108823 0.100000
v 0.582745 -0.108823 -0.100000
v 0.578313 -0.108665 0.100000
v 0.578313 -0.108665 -0.100000
v 0.573869 -0.108485 0.100000
v 0.573869 -0.108485 -0.100000
v 0.569412 -0.108295 0.100000
v 0.569412 -0.108295 -0.100000
v 0.564940 -0.108105 0.100000
v 0.564940 -0.108105 -0.100000
v 0.560448 -0.107925 0.100000
v 0.560448 -0.107925 -0.100000
v 0.555936 -0.107767 0.100000
v 0.555936 -0.107767 -0.100000
v 0.551399 -0.107641 0.100000
v 0.551399 -0.107641 -0.100000
v 0.546835 -0.107557 0.100000
v 0.546835 -0.107557 -0.100000
v 0.542243 -0.107527 0.100000
v 0.542243 -0.107527 -0.100000
v 0.536309 -0.107582 0.100000
v 0.536309 -0.107582 -0.100000
v 0.530423 -0.107779 0.100000
v 0.530423 -0.107779 -0.100000
v 0.524602 -0.108163 0.100000
v 0.524602 -0.108163 -0.100000
v 0.518860 -0.108779 0.100000
v 0.518860 -0.108779 -0.100000
v 0.513214 -0.109671 0.100000
v 0.513214 -0.109671 -0.100000
v 0.507680 -0.110887 0.100000
v 0.507680 -0.110887 -0.100000
v 0.502275 -0.112471 0.100000
v 0.502275 -0.112471 -0.100000
v 0.497013 -0.114468 0.100000
v 0.497013 -0.114468 -0.100000
v 0.491912 -0.116923 0.100000
v 0.491912 -0.116923 -0.100000
v 0.486986 -0.119883 0.100000
v 0.486986 -0.119883 -0.100000
v 0.482252 -0.123392 0.100000
v 0.482252 -0.123392 -0.100000
v 0.477727 -0.127496 0.100000
v 0.477727 -0.127496 -0.100000
v 0.473683 -0.132364 0.100000
v 0.473683 -0.132364 -0.100000
v 0.470658 -0.137698 0.100000
v 0.470658 -0.137698 -0.100000
v 0.468486 -0.143421 0.100000
v 0.468486 -0.143421 -0.100000
v 0.467002 -0.149457 0.100000
v 0.467002 -0.149457 -0.100000
v 0.466041 -0.155727 0.100000
v 0.466041 -0.155727 -0.100000
v 0.465438 -0.162154 0.100000
v 0.465438 -0.162154 -0.100000
v 0.465026 -0.168662 0.100000
v 0.465026 -0.168662 -0.100000
v 0.464641 -0.175172 0.100000
v 0.464641 -0.175172 -0.100000
v 0.464118 -0.181608 0.100000
v 0.464118 -0.181608 -0.100000
v 0.463290 -0.187891 0.100000
v 0.463290 -0.187891 -0.100000
v 0.461993 -0.193945 0.100000
v 0.461993 -0.193945 -0.100000
v 0.460061 -0.199693 0.100000
v 0.460061 -0.199693 -0.100000
v 0.459869 -0.200106 0.100000
v 0.459869 -0.200106 -0.100000
v 0.459670 -0.200567 0.100000
v 0.459670 -0.200567 -0.100000
v 0.459461 -0.201061 0.100000
v 0.459461 -0.201061 -0.100000
v 0.459237 -0.201570 0.100000
v 0.459237 -0.201570 -0.100000
v 0.458990 -0.202080 0.100000
v 0.458990 -0.202080 -0.100000
v 0.458717 -0.202573 0.100000
v 0.458717 -0.202573 -0.100000
v 0.458412 -0.203034 0.100000
v 0.458412 -0.203034 -0.100000
v 0.458070 -0.203448 0.100000
v 0.458070 -0.203448 -0.100000
v 0.457685 -0.203797 0.100000
v 0.457685 -0.203797 -0.100000
v 0.457252 -0.204066 0.100000
v 0.457252 -0.204066 -0.100000
v 0.456766 -0.204240 0.100000
v 0.456766 -0.204240 -0.100000
v 0.456221 -0.204301 0.100000
v 0.456221 -0.204301 -0.100000
v 0.448498 -0.202442 0.100000
v 0.448498 -0.202442 -0.100000
v 0.440775 -0.197239 0.100000
v 0.440775 -0.197239 -0.100000
v 0.433180 -0.189252 0.100000
v 0.433180 -0.189252 -0.100000
v 0.425841 -0.179041 0.100000
v 0.425841 -0.179041 -0.100000
v 0.418886 -0.167165 0.100000
v 0.418886 -0.167165 -0.100000
v 0.412442 -0.154186 0.100000
v 0.412442 -0.154186 -0.100000
v 0.406639 -0.140662 0.100000
v 0.406639 -0.140662 -0.100000
v 0.401604 -0.127155 0.100000
v 0.401604 -0.127155 -0.100000
v 0.397465 -0.114223 0.100000
v 0.397465 -0.114223 -0.100000
v 0.394351 -0.102428 0.100000
v 0.394351 -0.102428 -0.100000
v 0.392388 -0.092329 0.100000
v 0.392388 -0.092329 -0.100000
v 0.391705 -0.084485 0.100000
v 0.391705 -0.084485 -0.100000
v 0.392497 -0.077364 0.100000
v 0.392497 -0.077364 -0.100000
v 0.394713 -0.072574 0.100000
v 0.394713 -0.072574 -0.100000
v 0.398113 -0.069628 0.100000
v 0.398113 -0.069628 -0.100000
v 0.402458 -0.068043 0.100000
v 0.402458 -0.068043 -0.100000
v 0.407506 -0.067333 0.100000
v 0.407506 -0.067333 -0.100000
v 0.413018 -0.067012 0.100000
v 0.413018 -0.067012 -0.100000
v 0.418755 -0.066595 0.100000
v 0.418755 -0.066595 -0.100000
v 0.424475 -0.065597 0.100000
v 0.424475 -0.065597 -0.100000
v 0.429940 -0.063532 0.100000
v 0.429940 -0.063532 -0.100000
v 0.434908 -0.059915 0.100000
v 0.434908 -0.059915 -0.100000
v 0.439140 -0.054260 0.100000
v 0.439140 -0.054260 -0.100000
v 0.442396 -0.046083 0.100000
v 0.442396 -0.046083 -0.100000
v 0.443102 -0.043365 0.100000
v 0.443102 -0.043365 -0.100000
v 0.443691 -0.040593 0.100000
v 0.443691 -0.040593 -0.100000
v 0.444172 -0.037778 0.100000
v 0.444172 -0.037778 -0.100000
v 0.444558 -0.034932 0.100000
v 0.444558 -0.034932 -0.100000
v 0.444859 -0.032064 0.100000
v 0.444859 -0.032064 -0.100000
v 0.445085 -0.029186 0.100000
v 0.445085 -0.029186 -0.100000
v 0.445246 -0.026307 0.100000
v 0.445246 -0.026307 -0.100000
v 0.445355 -0.023440 0.100000
v 0.445355 -0.023440 -0.100000
v 0.445421 -0.020593 0.100000
v 0.445421 -0.020593 -0.100000
v 0.445454 -0.017779 0.100000
v 0.445454 -0.017779 -0.100000
v 0.445467 -0.015007 0.100000
v 0.445467 -0.015007 -0.100000
v 0.445469 -0.012289 0.100000
v 0.445469 -0.012289 -0.100000
v 0.445484 -0.002289 0.100000
v 0.445484 -0.002289 -0.100000
v 0.445525 0.007737 0.100000
v 0.445525 0.007737 -0.100000
v 0.445588 0.017785 0.100000
v 0.445588 0.017785 -0.100000
v 0.445668 0.027849 0.100000
v 0.445668 0.027849 -0.100000
v 0.445757 0.037923 0.100000
v 0.445757 0.037923 -0.100000
v 0.445853 0.048003 0.100000
v 0.445853 0.048003 -0.100000
v 0.445948 0.058083 0.100000
v 0.445948 0.058083 -0.100000
v 0.446037 0.068157 0.100000
v 0.446037 0.068157 -0.100000
v 0.446117 0.078221 0.100000
v 0.446117 0.078221 -0.100000
v 0.446180 0.088269 0.100000
v 0.446180 0.088269 -0.100000
v 0.446221 0.098295 0.100000
v 0.446221 0.098295 -0.100000
v 0.446237 0.108295 0.100000
v 0.446237 0.108295 -0.100000
v 0.446202 0.115193 0.100000
v 0.446202 0.115193 -0.100000
v 0.446087 0.123411 0.100000
v 0.446087 0.123411 -0.100000
v 0.445877 0.132668 0.100000
v 0.445877 0.132668 -0.100000
v 0.445554 0.142686 0.100000
v 0.445554 0.142686 -0.100000
v 0.445103 0.153184 0.100000
v 0.445103 0.153184 -0.100000
v 0.444508 0.163882 0.100000
v 0.444508 0.163882 -0.100000
v 0.443754 0.174501 0.100000
v 0.443754 0.174501 -0.100000
v 0.442823 0.184758 0.100000
v 0.442823 0.184758 -0.100000
v 0.441700 0.194376 0.100000
v 0.441700 0.194376 -0.100000
v 0.440370 0.203074 0.100000
v 0.440370 0.203074 -0.100000
v 0.438815 0.210572 0.100000
v 0.438815 0.210572 -0.100000
v 0.437020 0.216590 0.100000
v 0.437020 0.216590 -0.100000
v 0.435125 0.219870 0.100000
v 0.435125 0.219870 -0.100000
v 0.432611 0.222158 0.100000
v 0.432611 0.222158 -0.100000
v 0.429628 0.223646 0.100000
v 0.429628 0.223646 -0.100000
v 0.426324 0.224526 0.100000
v 0.426324 0.224526 -0.100000
v 0.422850 0.224990 0.100000
v 0.422850 0.224990 -0.100000
v 0.419355 0.225230 0.100000
v 0.419355 0.225230 -0.100000
v 0.415988 0.225438 0.100000
v 0.415988 0.225438 -0.100000
v 0.412898 0.225806 0.100000
v 0.412898 0.225806 -0.100000
v 0.410234 0.226526 0.100000
v 0.410234 0.226526 -0.100000
v 0.408147 0.227791 0.100000
v 0.408147 0.227791 -0.100000
v 0.406785 0.229791 0.100000
v 0.406785 0.229791 -0.100000
v 0.406298 0.232719 0.100000
v 0.406298 0.232719 -0.100000
v 0.406691 0.238566 0.100000
v 0.406691 0.238566 -0.100000
v 0.407777 0.244233 0.100000
v 0.407777 0.244233 -0.100000
v 0.409418 0.249760 0.100000
v 0.409418 0.249760 -0.100000
v 0.411475 0.255191 0.100000
v 0.411475 0.255191 -0.100000
v 0.413810 0.260570 0.100000
v 0.413810 0.260570 -0.100000
v 0.416283 0.265937 0.100000
v 0.416283 0.265937 -0.100000
v 0.418756 0.271336 0.100000
v 0.418756 0.271336 -0.100000
v 0.421090 0.276811 0.100000
v 0.421090 0.276811 -0.100000
v 0.423147 0.282402 0.100000
v 0.423147 0.282402 -0.100000
v 0.424788 0.288154 0.100000
v 0.424788 0.288154 -0.100000
v 0.425874 0.294108 0.100000
v 0.425874 0.294108 -0.100000
v 0.426267 0.300307 0.100000
v 0.426267 0.300307 -0.100000
v 0.424870 0.303231 0.100000
v 0.424870 0.303231 -0.100000
v 0.420980 0.306544 0.100000
v 0.420980 0.306544 -0.100000
v 0.415047 0.310124 0.100000
v 0.415047 0.310124 -0.100000
v 0.407521 0.313848 0.100000
v 0.407521 0.313848 -0.100000
v 0.398854 0.317593 0.100000
v 0.398854 0.317593 -0.100000
v 0.389497 0.321237 0.100000
v 0.389497 0.321237 -0.100000
v 0.379899 0.324656 0.100000
v 0.379899 0.324656 -0.100000
v 0.370513 0.327729 0.100000
v 0.370513 0.327729 -0.100000
v 0.361787 0.330333 0.100000
v 0.361787 0.330333 -0.100000
v 0.354174 0.332345 0.100000
v 0.354174 0.332345 -0.100000
v 0.348123 0.333642 0.100000
v 0.348123 0.333642 -0.100000
v 0.344086 0.334101 0.100000
v 0.344086 0.334101 -0.100000
v 0.330198 0.331940 0.100000
v 0.330198 0.331940 -0.100000
v 0.318620 0.325966 0.100000
v 0.318620 0.325966 -0.100000
v 0.308972 0.316940 0.100000
v 0.308972 0.316940 -0.100000
v 0.300876 0.305627 0.100000
v 0.300876 0.305627 -0.100000
v 0.293954 0.292788 0.100000
v 0.293954 0.292788 -0.100000
v 0.287826 0.279186 0.100000
v 0.287826 0.279186 -0.100000
v 0.282115 0.265584 0.100000
v 0.282115 0.265584 -0.100000
v 0.276441 0.252745 0.100000
v 0.276441 0.252745 -0.100000
v 0.270425 0.241431 0.100000
v 0.270425 0.241431 -0.100000
v 0.263690 0.232406 0.100000
v 0.263690 0.232406 -0.100000
v 0.255856 0.226431 0.100000
v 0.255856 0.226431 -0.100000
v 0.246544 0.224270 0.100000
v 0.246544 0.224270 -0.100000
v 0.234758 0.226431 0.100000
v 0.234758 0.226431 -0.100000
v 0.225220 0.232406 0.100000
v 0.225220 0.232406 -0.100000
v 0.217490 0.241432 0.100000
v 0.217490 0.241432 -0.100000
v 0.211128 0.252745 0.100000
v 0.211128 0.252745 -0.100000
v 0.205695 0.265584 0.100000
v 0.205695 0.265584 -0.100000
v 0.200749 0.279186 0.100000
v 0.200749 0.279186 -0.100000
v 0.195851 0.292788 0.100000
v 0.195851 0.292788 -0.100000
v 0.190562 0.305627 0.100000
v 0.190562 0.305627 -0.100000
v 0.184440 0.316940 0.100000
v 0.184440 0.316940 -0.100000
v 0.177046 0.325966 0.100000
v 0.177046 0.325966 -0.100000
v 0.167940 0.331940 0.100000
v 0.167940 0.331940 -0.100000
v 0.156682 0.334101 0.100000
v 0.156682 0.334101 -0.100000
v 0.149554 0.333780 0.100000
v 0.149554 0.333780 -0.100000
v 0.140752 0.332814 0.100000
v 0.140752 0.332814 -0.100000
v 0.130712 0.331197 0.100000
v 0.130712 0.331197 -0.100000
v 0.119873 0.328924 0.100000
v 0.119873 0.328924 -0.100000
v 0.108670 0.325990 0.100000
v 0.108670 0.325990 -0.100000
v 0.097542 0.322389 0.100000
v 0.097542 0.322389 -0.100000
v 0.086926 0.318115 0.100000
v 0.086926 0.318115 -0.100000
v 0.077260 0.313165 0.100000
v 0.077260 0.313165 -0.100000
v 0.068980 0.307532 0.100000
v 0.068980 0.307532 -0.100000
v 0.062525 0.301210 0.100000
v 0.062525 0.301210 -0.100000
v 0.058331 0.294196 0.100000
v 0.058331 0.294196 -0.100000
v 0.056836 0.286482 0.100000
v 0.056836 0.286482 -0.100000
v 0.057138 0.281434 0.100000
v 0.057138 0.281434 -0.100000
v 0.057974 0.276626 0.100000
v 0.057974 0.276626 -0.100000
v 0.059236 0.272009 0.100000
v 0.059236 0.272009 -0.100000
v 0.060818 0.267537 0.100000
v 0.060818 0.267537 -0.100000
v 0.062614 0.263161 0.100000
v 0.062614 0.263161 -0.100000
v 0.064516 0.258833 0.100000
v 0.064516 0.258833 -0.100000
v 0.066419 0.254504 0.100000
v 0.066419 0.254504 -0.100000
v 0.068214 0.250128 0.100000
v 0.068214 0.250128 -0.100000
v 0.069797 0.245656 0.100000
v 0.069797 0.245656 -0.100000
v 0.071059 0.241039 0.100000
v 0.071059 0.241039 -0.100000
v 0.071894 0.236231 0.100000
v 0.071894 0.236231 -0.100000
v 0.072197 0.231183 0.100000
v 0.072197 0.231183 -0.100000
v 0.071769 0.228164 0.100000
v 0.071769 0.228164 -0.100000
v 0.070568 0.225597 0.100000
v 0.070568 0.225597 -0.100000
v 0.068716 0.223418 0.100000
v 0.068716 0.223418 -0.100000
v 0.066337 0.221568 0.100000
v 0.066337 0.221568 -0.100000
v 0.063552 0.219984 0.100000
v 0.063552 0.219984 -0.100000
v 0.060484 0.218606 0.100000
v 0.060484 0.218606 -0.100000
v 0.057256 0.217372 0.100000
v 0.057256 0.217372 -0.100000
v 0.053991 0.216220 0.100000
v 0.053991 0.216220 -0.100000
v 0.050811 0.215090 0.100000
v 0.050811 0.215090 -0.100000
v 0.047840 0.213919 0.100000
v 0.047840 0.213919 -0.100000
v 0.045198 0.212648 0.100000
v 0.045198 0.212648 -0.100000
v 0.043011 0.211214 0.100000
v 0.043011 0.211214 -0.100000
v 0.041921 0.210323 0.100000
v 0.041921 0.210323 -0.100000
v 0.040948 0.209212 0.100000
v 0.040948 0.209212 -0.100000
v 0.040083 0.207913 0.100000
v 0.040083 0.207913 -0.100000
v 0.039313 0.206463 0.100000
v 0.039313 0.206463 -0.100000
v 0.038628 0.204895 0.100000
v 0.038628 0.204895 -0.100000
v 0.038018 0.203245 0.100000
v 0.038018 0.203245 -0.100000
v 0.037473 0.201547 0.100000
v 0.037473 0.201547 -0.100000
v 0.036980 0.199835 0.100000
v 0.036980 0.199835 -0.100000
v 0.036530 0.198145 0.100000
v 0.036530 0.198145 -0.100000
v 0.036113 0.196510 0.100000
v 0.036113 0.196510 -0.100000
v 0.035716 0.194967 0.100000
v 0.035716 0.194967 -0.100000
v 0.035330 0.193548 0.100000
v 0.035330 0.193548 -0.100000
v 0.033021 0.182544 0.100000
v 0.033021 0.182544 -0.100000
v 0.031067 0.170411 0.100000
v 0.031067 0.170411 -0.100000
v 0.029438 0.157366 0.100000
v 0.029438 0.157366 -0.100000
v 0.028105 0.143625 0.100000
v 0.028105 0.143625 -0.100000
v 0.027039 0.129404 0.100000
v 0.027039 0.129404 -0.100000
v 0.026210 0.114919 0.100000
v 0.026210 0.114919 -0.100000
v 0.025589 0.100386 0.100000
v 0.025589 0.100386 -0.100000
v 0.025147 0.086022 0.100000
v 0.025147 0.086022 -0.100000
v 0.024854 0.072041 0.100000
v 0.024854 0.072041 -0.100000
v 0.024681 0.058660 0.100000
v 0.024681 0.058660 -0.100000
v 0.024599 0.046095 0.100000
v 0.024599 0.046095 -0.100000
v 0.024578 0.034562 0.100000
v 0.024578 0.034562 -0.100000
v 0.024523 0.029543 0.100000
v 0.024523 0.029543 -0.100000
v 0.024400 0.023465 0.100000
v 0.024400 0.023465 -0.100000
v 0.024266 0.016549 0.100000
v 0.024266 0.016549 -0.100000
v 0.024179 0.009017 0.100000
v 0.024179 0.009017 -0.100000
v 0.024200 0.001091 0.100000
v 0.024200 0.001091 -0.100000
v 0.024386 -0.007008 0.100000
v 0.024386 -0.007008 -0.100000
v 0.024795 -0.015060 0.100000
v 0.024795 -0.015060 -0.100000
v 0.025488 -0.022842 0.100000
v 0.025488 -0.022842 -0.100000
v 0.026522 -0.030134 0.100000
v 0.026522 -0.030134 -0.100000
v 0.027956 -0.036713 0.100000
v 0.027956 -0.036713 -0.100000
v 0.029848 -0.042360 0.100000
v 0.029848 -0.042360 -0.100000
v 0.032258 -0.046851 0.100000
v 0.032258 -0.046851 -0.100000
v 0.037610 -0.052897 0.100000
v 0.037610 -0.052897 -0.100000
v 0.043587 -0.057070 0.100000
v 0.043587 -0.057070 -0.100000
v 0.050043 -0.059740 0.100000
v 0.050043 -0.059740 -0.100000
v 0.056836 -0.061273 0.100000
v 0.056836 -0.061273 -0.100000
v 0.063820 -0.062039 0.100000
v 0.063820 -0.062039 -0.100000
v 0.070853 -0.062404 0.100000
v 0.070853 -0.062404 -0.100000
v 0.077789 -0.062737 0.100000
v 0.077789 -0.062737 -0.100000
v 0.084485 -0.063407 0.100000
v 0.084485 -0.063407 -0.100000
v 0.090798 -0.064780 0.100000
v 0.090798 -0.064780 -0.100000
v 0.096582 -0.067226 0.100000
v 0.096582 -0.067226 -0.100000
v 0.101695 -0.071111 0.100000
v 0.101695 -0.071111 -0.100000
v 0.105991 -0.076805 0.100000
v 0.105991 -0.076805 -0.100000
v 0.108698 -0.081773 0.100000
v 0.108698 -0.081773 -0.100000
v 0.111072 -0.087046 0.100000
v 0.111072 -0.087046 -0.100000
v 0.113131 -0.092574 0.100000
v 0.113131 -0.092574 -0.100000
v 0.114895 -0.098310 0.100000
v 0.114895 -0.098310 -0.100000
v 0.116380 -0.104207 0.100000
v 0.116380 -0.104207 -0.100000
v 0.117608 -0.110215 0.100000
v 0.117608 -0.110215 -0.100000
v 0.118595 -0.116287 0.100000
v 0.118595 -0.116287 -0.100000
v 0.119361 -0.122376 0.100000
v 0.119361 -0.122376 -0.100000
v 0.119924 -0.128432 0.100000
v 0.119924 -0.128432 -0.100000
v 0.120303 -0.134409 0.100000
v 0.120303 -0.134409 -0.100000
v 0.120517 -0.140257 0.100000
v 0.120517 -0.140257 -0.100000
v 0.120584 -0.145929 0.100000
v 0.120584 -0.145929 -0.100000
v 0.120569 -0.151881 0.100000
v 0.120569 -0.151881 -0.100000
v 0.120527 -0.157831 0.100000
v 0.120527 -0.157831 -0.100000
v 0.120464 -0.163774 0.100000
v 0.120464 -0.163774 -0.100000
v 0.120385 -0.169710 0.100000
v 0.120385 -0.169710 -0.100000
v 0.120295 -0.175636 0.100000
v 0.120295 -0.175636 -0.100000
v 0.120200 -0.181548 0.100000
v 0.120200 -0.181548 -0.100000
v 0.120105 -0.187444 0.100000
v 0.120105 -0.187444 -0.100000
v 0.120015 -0.193321 0.100000
v 0.120015 -0.193321 -0.100000
v 0.119936 -0.199177 0.100000
v 0.119936 -0.199177 -0.100000
v 0.119873 -0.205009 0.100000
v 0.119873 -0.205009 -0.100000
v 0.119831 -0.210814 0.100000
v 0.119831 -0.210814 -0.100000
v 0.119816 -0.216590 0.100000
v 0.119816 -0.216590 -0.100000
v 0.119800 -0.216958 0.100000
v 0.119800 -0.216958 -0.100000
v 0.119752 -0.217294 0.100000
v 0.119752 -0.217294 -0.100000
v 0.119672 -0.217598 0.100000
v 0.119672 -0.217598 -0.100000
v 0.119560 -0.217870 0.100000
v 0.119560 -0.217870 -0.100000
v 0.119416 -0.218110 0.100000
v 0.119416 -0.218110 -0.100000
v 0.119240 -0.218318 0.100000
v 0.119240 -0.218318 -0.100000
v 0.119032 -0.218494 0.100000
v 0.119032 -0.218494 -0.100000
v 0.118792 -0.218638 0.100000
v 0.118792 -0.218638 -0.100000
v 0.118520 -0.218750 0.100000
v 0.118520 -0.218750 -0.100000
v 0.118216 -0.218830 0.100000
v 0.118216 -0.218830 -0.100000
v 0.117880 -0.218878 0.100000
v 0.117880 -0.218878 -0.100000
v 0.117512 -0.218894 0.100000
v 0.117512 -0.218894 -0.100000
v 0.114320 -0.218132 0.100000
v 0.114320 -0.218132 -0.100000
v 0.111627 -0.216000 0.100000
v 0.111627 -0.216000 -0.100000
v 0.109387 -0.212726 0.100000
v 0.109387 -0.212726 -0.100000
v 0.107555 -0.208540 0.100000
v 0.107555 -0.208540 -0.100000
v 0.106086 -0.203671 0.100000
v 0.106086 -0.203671 -0.100000
v 0.104935 -0.198349 0.100000
v 0.104935 -0.198349 -0.100000
v 0.104055 -0.192803 0.100000
v 0.104055 -0.192803 -0.100000
v 0.103402 -0.187262 0.100000
v 0.103402 -0.187262 -0.100000
v 0.102931 -0.181956 0.100000
v 0.102931 -0.181956 -0.100000
v 0.102595 -0.177114 0.100000
v 0.102595 -0.177114 -0.100000
v 0.102350 -0.172965 0.100000
v 0.102350 -0.172965 -0.100000
v 0.102151 -0.169739 0.100000
v 0.102151 -0.169739 -0.100000
v 0.101669 -0.165725 0.100000
v 0.101669 -0.165725 -0.100000
v 0.100988 -0.161760 0.100000
v 0.100988 -0.161760 -0.100000
v 0.100098 -0.157858 0.100000
v 0.100098 -0.157858 -0.100000
v 0.098993 -0.154037 0.100000
v 0.098993 -0.154037 -0.100000
v 0.097664 -0.150311 0.100000
v 0.097664 -0.150311 -0.100000
v 0.096102 -0.146697 0.100000
v 0.096102 -0.146697 -0.100000
v 0.094301 -0.143212 0.100000
v 0.094301 -0.143212 -0.100000
v 0.092251 -0.139870 0.100000
v 0.092251 -0.139870 -0.100000
v 0.089946 -0.136689 0.100000
v 0.089946 -0.136689 -0.100000
v 0.087376 -0.133683 0.100000
v 0.087376 -0.133683 -0.100000
v 0.084535 -0.130870 0.100000
v 0.084535 -0.130870 -0.100000
v 0.081413 -0.128264 0.100000
v 0.081413 -0.128264 -0.100000
v 0.078411 -0.126353 0.100000
v 0.078411 -0.126353 -0.100000
v 0.075191 -0.124819 0.100000
v 0.075191 -0.124819 -0.100000
v 0.071789 -0.123620 0.100000
v 0.071789 -0.123620 -0.100000
v 0.068243 -0.122717 0.100000
v 0.068243 -0.122717 -0.100000
v 0.064590 -0.122070 0.100000
v 0.064590 -0.122070 -0.100000
v 0.060868 -0.121640 0.100000
v 0.060868 -0.121640 -0.100000
v 0.057114 -0.121385 0.100000
v 0.057114 -0.121385 -0.100000
v 0.053365 -0.121266 0.100000
v 0.053365 -0.121266 -0.100000
v 0.049659 -0.121244 0.100000
v 0.049659 -0.121244 -0.100000
v 0.046033 -0.121277 0.100000
v 0.046033 -0.121277 -0.100000
v 0.042525 -0.121326 0.100000
v 0.042525 -0.121326 -0.100000
v 0.039171 -0.121352 0.100000
v 0.039171 -0.121352 -0.100000
v 0.035395 -0.121483 0.100000
v 0.035395 -0.121483 -0.100000
v 0.031430 -0.121889 0.100000
v 0.031430 -0.121889 -0.100000
v 0.027374 -0.122588 0.100000
v 0.027374 -0.122588 -0.100000
v 0.023326 -0.123599 0.100000
v 0.023326 -0.123599 -0.100000
v 0.019385 -0.124941 0.100000
v 0.019385 -0.124941 -0.100000
v 0.015649 -0.126632 0.100000
v 0.015649 -0.126632 -0.100000
v 0.012217 -0.128691 0.100000
v 0.012217 -0.128691 -0.100000
v 0.009188 -0.131137 0.100000
v 0.009188 -0.131137 -0.100000
v 0.006660 -0.133989 0.100000
v 0.006660 -0.133989 -0.100000
v 0.004733 -0.137264 0.100000
v 0.004733 -0.137264 -0.100000
v 0.003504 -0.140982 0.100000
v 0.003504 -0.140982 -0.100000
v 0.003072 -0.145161 0.100000
v 0.003072 -0.145161 -0.100000
v 0.003150 -0.150345 0.100000
v 0.003150 -0.150345 -0.100000
v 0.003371 -0.155526 0.100000
v 0.003371 -0.155526 -0.100000
v 0.003720 -0.160702 0.100000
v 0.003720 -0.160702 -0.100000
v 0.004182 -0.165870 0.100000
v 0.004182 -0.165870 -0.100000
v 0.004739 -0.171027 0.100000
v 0.004739 -0.171027 -0.100000
v 0.005376 -0.176171 0.100000
v 0.005376 -0.176171 -0.100000
v 0.006078 -0.181299 0.100000
v 0.006078 -0.181299 -0.100000
v 0.006827 -0.186408 0.100000
v 0.006827 -0.186408 -0.100000
v 0.007609 -0.191496 0.100000
v 0.007609 -0.191496 -0.100000
v 0.008406 -0.196560 0.100000
v 0.008406 -0.196560 -0.100000
v 0.009203 -0.201597 0.100000
v 0.009203 -0.201597 -0.100000
v 0.009985 -0.206605 0.100000
v 0.009985 -0.206605 -0.100000
v 0.014979 -0.233784 0.100000
v 0.014979 -0.233784 -0.100000
v 0.020880 -0.256795 0.100000
v 0.020880 -0.256795 -0.100000
v 0.027890 -0.275982 0.100000
v 0.027890 -0.275982 -0.100000
v 0.036212 -0.291688 0.100000
v 0.036212 -0.291688 -0.100000
v 0.046049 -0.304258 0.100000
v 0.046049 -0.304258 -0.100000
v 0.057604 -0.314036 0.100000
v 0.057604 -0.314036 -0.100000
v 0.071078 -0.321366 0.100000
v 0.071078 -0.321366 -0.100000
v 0.086676 -0.326592 0.100000
v 0.086676 -0.326592 -0.100000
v 0.104599 -0.330057 0.100000
v 0.104599 -0.330057 -0.100000
v 0.125050 -0.332107 0.100000
v 0.125050 -0.332107 -0.100000
v 0.148232 -0.333084 0.100000
v 0.148232 -0.333084 -0.100000
v 0.174347 -0.333333 0.100000
v 0.174347 -0.333333 -0.100000
v 0.187445 -0.332938 0.100000
v 0.187445 -0.332938 -0.100000
v 0.199124 -0.331708 0.100000
v 0.199124 -0.331708 -0.100000
v 0.209437 -0.329577 0.100000
v 0.209437 -0.329577 -0.100000
v 0.218439 -0.326478 0.100000
v 0.218439 -0.326478 -0.100000
v 0.226182 -0.322344 0.100000
v 0.226182 -0.322344 -0.100000
v 0.232719 -0.317108 0.100000
v 0.232719 -0.317108 -0.100000
v 0.238104 -0.310705 0.100000
v 0.238104 -0.310705 -0.100000
v 0.242391 -0.303066 0.100000
v 0.242391 -0.303066 -0.100000
v 0.245632 -0.294127 0.100000
v 0.245632 -0.294127 -0.100000
v 0.247881 -0.283819 0.100000
v 0.247881 -0.283819 -0.100000
v 0.249191 -0.272077 0.100000
v 0.249191 -0.272077 -0.100000
v 0.249616 -0.258833 0.100000
v 0.249616 -0.258833 -0.100000
v 0.249525 -0.244255 0.100000
v 0.249525 -0.244255 -0.100000
v 0.249275 -0.229704 0.100000
v 0.249275 -0.229704 -0.100000
v 0.248896 -0.215174 0.100000
v 0.248896 -0.215174 -0.100000
v 0.248421 -0.200660 0.100000
v 0.248421 -0.200660 -0.100000
v 0.247883 -0.186157 0.100000
v 0.247883 -0.186157 -0.100000
v 0.247312 -0.171659 0.100000
v 0.247312 -0.171659 -0.100000
v 0.246741 -0.157161 0.100000
v 0.246741 -0.157161 -0.100000
v 0.246202 -0.142658 0.100000
v 0.246202 -0.142658 -0.100000
v 0.245728 -0.128144 0.100000
v 0.245728 -0.128144 -0.100000
v 0.245349 -0.113614 0.100000
v 0.245349 -0.113614 -0.100000
v 0.245098 -0.099063 0.100000
v 0.245098 -0.099063 -0.100000
v 0.245008 -0.084485 0.100000
v 0.245008 -0.084485 -0.100000
v 0.250384 -0.070661 0.100000
v 0.250384 -0.070661 -0.100000
v 0.677429 0.226634 0.100000
v 0.677429 0.226634 -0.100000
v 0.682358 0.226855 0.100000
v 0.682358 0.226855 -0.100000
v 0.687464 0.227307 0.100000
v 0.687464 0.227307 -0.100000
v 0.692610 0.228054 0.100000
v 0.692610 0.228054 -0.100000
v 0.697659 0.229164 0.100000
v 0.697659 0.229164 -0.100000
v 0.702477 0.230703 0.100000
v 0.702477 0.230703 -0.100000
v 0.706927 0.232738 0.100000
v 0.706927 0.232738 -0.100000
v 0.710872 0.235336 0.100000
v 0.710872 0.235336 -0.100000
v 0.714178 0.238563 0.100000
v 0.714178 0.238563 -0.100000
v 0.716707 0.242487 0.100000
v 0.716707 0.242487 -0.100000
v 0.718325 0.247173 0.100000
v 0.718325 0.247173 -0.100000
v 0.718894 0.252688 0.100000
v 0.718894 0.252688 -0.100000
v 0.718871 0.257071 0.100000
v 0.718871 0.257071 -0.100000
v 0.718773 0.261382 0.100000
v 0.718773 0.261382 -0.100000
v 0.718558 0.265613 0.100000
v 0.718558 0.265613 -0.100000
v 0.718183 0.269756 0.100000
v 0.718183 0.269756 -0.100000
v 0.717605 0.273803 0.100000
v 0.717605 0.273803 -0.100000
v 0.716782 0.277746 0.100000
v 0.716782 0.277746 -0.100000
v 0.715671 0.281577 0.100000
v 0.715671 0.281577 -0.100000
v 0.714229 0.285288 0.100000
v 0.714229 0.285288 -0.100000
v 0.712414 0.288871 0.100000
v 0.712414 0.288871 -0.100000
v 0.710182 0.292317 0.100000
v 0.710182 0.292317 -0.100000
v 0.707492 0.295620 0.100000
v 0.707492 0.295620 -0.100000
v 0.704301 0.298771 0.100000
v 0.704301 0.298771 -0.100000
v 0.702157 0.300435 0.100000
v 0.702157 0.300435 -0.100000
v 0.699952 0.301971 0.100000
v 0.699952 0.301971 -0.100000
v 0.697689 0.303379 0.100000
v 0.697689 0.303379 -0.100000
v 0.695369 0.304659 0.100000
v 0.695369 0.304659 -0.100000
v 0.692996 0.305812 0.100000
v 0.692996 0.305812 -0.100000
v 0.690572 0.306836 0.100000
v 0.690572 0.306836 -0.100000
v 0.688100 0.307732 0.100000
v 0.688100 0.307732 -0.100000
v 0.685583 0.308500 0.100000
v 0.685583 0.308500 -0.100000
v 0.683024 0.309140 0.100000
v 0.683024 0.309140 -0.100000
v 0.680424 0.309652 0.100000
v 0.680424 0.309652 -0.100000
v 0.677787 0.310036 0.100000
v 0.677787 0.310036 -0.100000
v 0.675115 0.310292 0.100000
v 0.675115 0.310292 -0.100000
v 0.662649 0.311441 0.100000
v 0.662649 0.311441 -0.100000
v 0.650207 0.312575 0.100000
v 0.650207 0.312575 -0.100000
v 0.637781 0.313676 0.100000
v 0.637781 0.313676 -0.100000
v 0.625363 0.314729 0.100000
v 0.625363 0.314729 -0.100000
v 0.612945 0.315719 0.100000
v 0.612945 0.315719 -0.100000
v 0.600518 0.316628 0.100000
v 0.600518 0.316628 -0.100000
v 0.588076 0.317442 0.100000
v 0.588076 0.317442 -0.100000
v 0.575610 0.318143 0.100000
v 0.575610 0.318143 -0.100000
v 0.563112 0.318716 0.100000
v 0.563112 0.318716 -0.100000
v 0.550574 0.319146 0.100000
v 0.550574 0.319146 -0.100000
v 0.537988 0.319415 0.100000
v 0.537988 0.319415 -0.100000
v 0.525346 0.319508 0.100000
v 0.525346 0.319508 -0.100000
v 0.517406 0.319440 0.100000
v 0.517406 0.319440 -0.100000
v 0.509764 0.319153 0.100000
v 0.509764 0.319153 -0.100000
v 0.502496 0.318524 0.100000
v 0.502496 0.318524 -0.100000
v 0.495676 0.317432 0.100000
v 0.495676 0.317432 -0.100000
v 0.489379 0.315753 0.100000
v 0.489379 0.315753 -0.100000
v 0.483679 0.313364 0.100000
v 0.483679 0.313364 -0.100000
v 0.478651 0.310143 0.100000
v 0.478651 0.310143 -0.100000
v 0.474370 0.305968 0.100000
v 0.474370 0.305968 -0.100000
v 0.470910 0.300715 0.100000
v 0.470910 0.300715 -0.100000
v 0.468346 0.294262 0.100000
v 0.468346 0.294262 -0.100000
v 0.466753 0.286487 0.100000
v 0.466753 0.286487 -0.100000
v 0.466206 0.277266 0.100000
v 0.466206 0.277266 -0.100000
v 0.466231 0.272814 0.100000
v 0.466231 0.272814 -0.100000
v 0.466345 0.268661 0.100000
v 0.466345 0.268661 -0.100000
v 0.466602 0.264785 0.100000
v 0.466602 0.264785 -0.100000
v 0.467059 0.261165 0.100000
v 0.467059 0.261165 -0.100000
v 0.467773 0.257780 0.100000
v 0.467773 0.257780 -0.100000
v 0.468798 0.254608 0.100000
v 0.468798 0.254608 -0.100000
v 0.470191 0.251629 0.100000
v 0.470191 0.251629 -0.100000
v 0.472009 0.248819 0.100000
v 0.472009 0.248819 -0.100000
v 0.474306 0.246160 0.100000
v 0.474306 0.246160 -0.100000
v 0.477140 0.243628 0.100000
v 0.477140 0.243628 -0.100000
v 0.480565 0.241203 0.100000
v 0.480565 0.241203 -0.100000
v 0.484639 0.238863 0.100000
v 0.484639 0.238863 -0.100000
v 0.491581 0.236363 0.100000
v 0.491581 0.236363 -0.100000
v 0.501646 0.234219 0.100000
v 0.501646 0.234219 -0.100000
v 0.514245 0.232407 0.100000
v 0.514245 0.232407 -0.100000
v 0.528788 0.230898 0.100000
v 0.528788 0.230898 -0.100000
v 0.544685 0.229667 0.100000
v 0.544685 0.229667 -0.100000
v 0.561348 0.228687 0.100000
v 0.561348 0.228687 -0.100000
v 0.578187 0.227930 0.100000
v 0.578187 0.227930 -0.100000
v 0.594612 0.227371 0.100000
v 0.594612 0.227371 -0.100000
v 0.610035 0.226983 0.100000
v 0.610035 0.226983 -0.100000
v 0.623866 0.226738 0.100000
v 0.623866 0.226738 -0.100000
v 0.635515 0.226611 0.100000
v 0.635515 0.226611 -0.100000
v 0.644393 0.226575 0.100000
v 0.644393 0.226575 -0.100000
v 0.672811 0.226575 0.100000
v 0.672811 0.226575 -0.100000
v 0.699031 0.111490 0.100000
v 0.699031 0.111490 -0.100000
v 0.705411 0.111904 0.100000
v 0.705411 0.111904 -0.100000
v 0.711790 0.112675 0.100000
v 0.711790 0.112675 -0.100000
v 0.718041 0.113870 0.100000
v 0.718041 0.113870 -0.100000
v 0.724036 0.115556 0.100000
v 0.724036 0.115556 -0.100000
v 0.729647 0.117800 0.100000
v 0.729647 0.117800 -0.100000
v 0.734746 0.120667 0.100000
v 0.734746 0.120667 -0.100000
v 0.739205 0.124225 0.100000
v 0.739205 0.124225 -0.100000
v 0.742896 0.128540 0.100000
v 0.742896 0.128540 -0.100000
v 0.745690 0.133680 0.100000
v 0.745690 0.133680 -0.100000
v 0.747461 0.139710 0.100000
v 0.747461 0.139710 -0.100000
v 0.748080 0.146697 0.100000
v 0.748080 0.146697 -0.100000
v 0.748089 0.150535 0.100000
v 0.748089 0.150535 -0.100000
v 0.748087 0.154360 0.100000
v 0.748087 0.154360 -0.100000
v 0.748032 0.158158 0.100000
v 0.748032 0.158158 -0.100000
v 0.747881 0.161916 0.100000
v 0.747881 0.161916 -0.100000
v 0.747591 0.165621 0.100000
v 0.747591 0.165621 -0.100000
v 0.747120 0.169259 0.100000
v 0.747120 0.169259 -0.100000
v 0.746425 0.172817 0.100000
v 0.746425 0.172817 -0.100000
v 0.745463 0.176282 0.100000
v 0.745463 0.176282 -0.100000
v 0.744192 0.179640 0.100000
v 0.744192 0.179640 -0.100000
v 0.742568 0.182877 0.100000
v 0.742568 0.182877 -0.100000
v 0.740551 0.185982 0.100000
v 0.740551 0.185982 -0.100000
v 0.738095 0.188940 0.100000
v 0.738095 0.188940 -0.100000
v 0.731096 0.193750 0.100000
v 0.731096 0.193750 -0.100000
v 0.720185 0.197847 0.100000
v 0.720185 0.197847 -0.100000
v 0.706089 0.201289 0.100000
v 0.706089 0.201289 -0.100000
v 0.689537 0.204130 0.100000
v 0.689537 0.204130 -0.100000
v 0.671258 0.206428 0.100000
v 0.671258 0.206428 -0.100000
v 0.651978 0.208237 0.100000
v 0.651978 0.208237 -0.100000
v 0.632426 0.209615 0.100000
v 0.632426 0.209615 -0.100000
v 0.613330 0.210616 0.100000
v 0.613330 0.210616 -0.100000
v 0.595418 0.211298 0.100000
v 0.595418 0.211298 -0.100000
v 0.579418 0.211715 0.100000
v 0.579418 0.211715 -0.100000
v 0.566059 0.211924 0.100000
v 0.566059 0.211924 -0.100000
v 0.556068 0.211982 0.100000
v 0.556068 0.211982 -0.100000
v 0.546772 0.212043 0.100000
v 0.546772 0.212043 -0.100000
v 0.536745 0.212088 0.100000
v 0.536745 0.212088 -0.100000
v 0.526282 0.211910 0.100000
v 0.526282 0.211910 -0.100000
v 0.515674 0.211299 0.100000
v 0.515674 0.211299 -0.100000
v 0.505215 0.210048 0.100000
v 0.505215 0.210048 -0.100000
v 0.495200 0.207949 0.100000
v 0.495200 0.207949 -0.100000
v 0.485920 0.204794 0.100000
v 0.485920 0.204794 -0.100000
v 0.477670 0.200375 0.100000
v 0.477670 0.200375 -0.100000
v 0.470742 0.194484 0.100000
v 0.470742 0.194484 -0.100000
v 0.465431 0.186913 0.100000
v 0.465431 0.186913 -0.100000
v 0.462029 0.177454 0.100000
v 0.462029 0.177454 -0.100000
v 0.460830 0.165899 0.100000
v 0.460830 0.165899 -0.100000
v 0.460862 0.163019 0.100000
v 0.460862 0.163019 -0.100000
v 0.460965 0.160145 0.100000
v 0.460965 0.160145 -0.100000
v 0.461142 0.157282 0.100000
v 0.461142 0.157282 -0.100000
v 0.461398 0.154435 0.100000
v 0.461398 0.154435 -0.100000
v 0.461741 0.151609 0.100000
v 0.461741 0.151609 -0.100000
v 0.462174 0.148810 0.100000
v 0.462174 0.148810 -0.100000
v 0.462703 0.146042 0.100000
v 0.462703 0.146042 -0.100000
v 0.463333 0.143312 0.100000
v 0.463333 0.143312 -0.100000
v 0.464070 0.140625 0.100000
v 0.464070 0.140625 -0.100000
v 0.464919 0.137986 0.100000
v 0.464919 0.137986 -0.100000
v 0.465885 0.135400 0.100000
v 0.465885 0.135400 -0.100000
v 0.466974 0.132873 0.100000
v 0.466974 0.132873 -0.100000
v 0.468458 0.130165 0.100000
v 0.468458 0.130165 -0.100000
v 0.470203 0.127791 0.100000
v 0.470203 0.127791 -0.100000
v 0.472182 0.125732 0.100000
v 0.472182 0.125732 -0.100000
v 0.474370 0.123969 0.100000
v 0.474370 0.123969 -0.100000
v 0.476739 0.122483 0.100000
v 0.476739 0.122483 -0.100000
v 0.479263 0.121256 0.100000
v 0.479263 0.121256 -0.100000
v 0.481914 0.120269 0.100000
v 0.481914 0.120269 -0.100000
v 0.484667 0.119503 0.100000
v 0.484667 0.119503 -0.100000
v 0.487495 0.118940 0.100000
v 0.487495 0.118940 -0.100000
v 0.490371 0.118560 0.100000
v 0.490371 0.118560 -0.100000
v 0.493268 0.118347 0.100000
v 0.493268 0.118347 -0.100000
v 0.496160 0.118280 0.100000
v 0.496160 0.118280 -0.100000
v 0.504224 0.118144 0.100000
v 0.504224 0.118144 -0.100000
v 0.512289 0.117768 0.100000
v 0.512289 0.117768 -0.100000
v 0.520353 0.117200 0.100000
v 0.520353 0.117200 -0.100000
v 0.528418 0.116487 0.100000
v 0.528418 0.116487 -0.100000
v 0.536482 0.115679 0.100000
v 0.536482 0.115679 -0.100000
v 0.544547 0.114823 0.100000
v 0.544547 0.114823 -0.100000
v 0.552611 0.113967 0.100000
v 0.552611 0.113967 -0.100000
v 0.560676 0.113159 0.100000
v 0.560676 0.113159 -0.100000
v 0.568740 0.112447 0.100000
v 0.568740 0.112447 -0.100000
v 0.576805 0.111879 0.100000
v 0.576805 0.111879 -0.100000
v 0.584869 0.111503 0.100000
v 0.584869 0.111503 -0.100000
v 0.592934 0.111367 0.100000
v 0.592934 0.111367 -0.100000
v 0.692780 0.111367 0.100000
v 0.692780 0.111367 -0.100000
v 0.167090 0.089806 0.100000
v 0.167090 0.089806 -0.100000
v 0.168324 0.095814 0.100000
v 0.168324 0.095814 -0.100000
v 0.170315 0.101022 0.100000
v 0.170315 0.101022 -0.100000
v 0.173010 0.105479 0.100000
v 0.173010 0.105479 -0.100000
v 0.176356 0.109231 0.100000
v 0.176356 0.109231 -0.100000
v 0.180300 0.112327 0.100000
v 0.180300 0.112327 -0.100000
v 0.184787 0.114815 0.100000
v 0.184787 0.114815 -0.100000
v 0.189765 0.116743 0.100000
v 0.189765 0.116743 -0.100000
v 0.195181 0.118160 0.100000
v 0.195181 0.118160 -0.100000
v 0.200980 0.119112 0.100000
v 0.200980 0.119112 -0.100000
v 0.207110 0.119648 0.100000
v 0.207110 0.119648 -0.100000
v 0.213518 0.119816 0.100000
v 0.213518 0.119816 -0.100000
v 0.215837 0.119801 0.100000
v 0.215837 0.119801 -0.100000
v 0.218183 0.119759 0.100000
v 0.218183 0.119759 -0.100000
v 0.220550 0.119696 0.100000
v 0.220550 0.119696 -0.100000
v 0.222933 0.119617 0.100000
v 0.222933 0.119617 -0.100000
v 0.225327 0.119527 0.100000
v 0.225327 0.119527 -0.100000
v 0.227727 0.119432 0.100000
v 0.227727 0.119432 -0.100000
v 0.230126 0.119337 0.100000
v 0.230126 0.119337 -0.100000
v 0.232520 0.119247 0.100000
v 0.232520 0.119247 -0.100000
v 0.234903 0.119168 0.100000
v 0.234903 0.119168 -0.100000
v 0.237270 0.119105 0.100000
v 0.237270 0.119105 -0.100000
v 0.239616 0.119063 0.100000
v 0.239616 0.119063 -0.100000
v 0.241935 0.119048 0.100000
v 0.241935 0.119048 -0.100000
v 0.243856 0.119063 0.100000
v 0.243856 0.119063 -0.100000
v 0.245776 0.119105 0.100000
v 0.245776 0.119105 -0.100000
v 0.247696 0.119168 0.100000
v 0.247696 0.119168 -0.100000
v 0.249616 0.119247 0.100000
v 0.249616 0.119247 -0.100000
v 0.251536 0.119337 0.100000
v 0.251536 0.119337 -0.100000
v 0.253456 0.119432 0.100000
v 0.253456 0.119432 -0.100000
v 0.255376 0.119527 0.100000
v 0.255376 0.119527 -0.100000
v 0.257296 0.119617 0.100000
v 0.257296 0.119617 -0.100000
v 0.259217 0.119696 0.100000
v 0.259217 0.119696 -0.100000
v 0.261137 0.119759 0.100000
v 0.261137 0.119759 -0.100000
v 0.263057 0.119801 0.100000
v 0.263057 0.119801 -0.100000
v 0.264977 0.119816 0.100000
v 0.264977 0.119816 -0.100000
v 0.271385 0.119677 0.100000
v 0.271385 0.119677 -0.100000
v 0.277515 0.119222 0.100000
v 0.277515 0.119222 -0.100000
v 0.283314 0.118388 0.100000
v 0.283314 0.118388 -0.100000
v 0.288730 0.117113 0.100000
v 0.288730 0.117113 -0.100000
v 0.293708 0.115338 0.100000
v 0.293708 0.115338 -0.100000
v 0.298195 0.112999 0.100000
v 0.298195 0.112999 -0.100000
v 0.302138 0.110037 0.100000
v 0.302138 0.110037 -0.100000
v 0.305484 0.106389 0.100000
v 0.305484 0.106389 -0.100000
v 0.308180 0.101995 0.100000
v 0.308180 0.101995 -0.100000
v 0.310171 0.096792 0.100000
v 0.310171 0.096792 -0.100000
v 0.311405 0.090720 0.100000
v 0.311405 0.090720 -0.100000
v 0.311828 0.083717 0.100000
v 0.311828 0.083717 -0.100000
v 0.311828 0.072197 0.100000
v 0.311828 0.072197 -0.100000
v 0.311420 0.065017 0.100000
v 0.311420 0.065017 -0.100000
v 0.310224 0.058798 0.100000
v 0.310224 0.058798 -0.100000
v 0.308288 0.053475 0.100000
v 0.308288 0.053475 -0.100000
v 0.305655 0.048984 0.100000
v 0.305655 0.048984 -0.100000
v 0.302372 0.045262 0.100000
v 0.302372 0.045262 -0.100000
v 0.298483 0.042243 0.100000
v 0.298483 0.042243 -0.100000
v 0.294034 0.039864 0.100000
v 0.294034 0.039864 -0.100000
v 0.289071 0.038061 0.100000
v 0.289071 0.038061 -0.100000
v 0.283638 0.036770 0.100000
v 0.283638 0.036770 -0.100000
v 0.277781 0.035928 0.100000
v 0.277781 0.035928 -0.100000
v 0.271546 0.035469 0.100000
v 0.271546 0.035469 -0.100000
v 0.264977 0.035330 0.100000
v 0.264977 0.035330 -0.100000
v 0.261506 0.035300 0.100000
v 0.261506 0.035300 -0.100000
v 0.258008 0.035216 0.100000
v 0.258008 0.035216 -0.100000
v 0.254488 0.035090 0.100000
v 0.254488 0.035090 -0.100000
v 0.250953 0.034932 0.100000
v 0.250953 0.034932 -0.100000
v 0.247407 0.034752 0.100000
v 0.247407 0.034752 -0.100000
v 0.243856 0.034562 0.100000
v 0.243856 0.034562 -0.100000
v 0.240304 0.034372 0.100000
v 0.240304 0.034372 -0.100000
v 0.236758 0.034192 0.100000
v 0.236758 0.034192 -0.100000
v 0.233223 0.034034 0.100000
v 0.233223 0.034034 -0.100000
v 0.229704 0.033908 0.100000
v 0.229704 0.033908 -0.100000
v 0.226206 0.033824 0.100000
v 0.226206 0.033824 -0.100000
v 0.222734 0.033794 0.100000
v 0.222734 0.033794 -0.100000
v 0.216307 0.033918 0.100000
v 0.216307 0.033918 -0.100000
v 0.209781 0.034338 0.100000
v 0.209781 0.034338 -0.100000
v 0.203281 0.035126 0.100000
v 0.203281 0.035126 -0.100000
v 0.196934 0.036354 0.100000
v 0.196934 0.036354 -0.100000
v 0.190863 0.038094 0.100000
v 0.190863 0.038094 -0.100000
v 0.185196 0.040419 0.100000
v 0.185196 0.040419 -0.100000
v 0.180056 0.043399 0.100000
v 0.180056 0.043399 -0.100000
v 0.175570 0.047107 0.100000
v 0.175570 0.047107 -0.100000
v 0.171863 0.051615 0.100000
v 0.171863 0.051615 -0.100000
v 0.169060 0.056996 0.100000
v 0.169060 0.056996 -0.100000
v 0.167286 0.063320 0.100000
v 0.167286 0.063320 -0.100000
v 0.166667 0.070661 0.100000
v 0.166667 0.070661 -0.100000
v 0.166667 0.082949 0.100000
v 0.166667 0.082949 -0.100000
v 0.686923 0.011012 0.100000
v 0.686923 0.011012 -0.100000
v 0.693538 0.011805 0.100000
v 0.693538 0.011805 -0.100000
v 0.699561 0.013153 0.100000
v 0.699561 0.013153 -0.100000
v 0.704984 0.015077 0.100000
v 0.704984 0.015077 -0.100000
v 0.709799 0.017598 0.100000
v 0.709799 0.017598 -0.100000
v 0.713998 0.020737 0.100000
v 0.713998 0.020737 -0.100000
v 0.717573 0.024517 0.100000
v 0.717573 0.024517 -0.100000
v 0.720515 0.028958 0.100000
v 0.720515 0.028958 -0.100000
v 0.722818 0.034082 0.100000
v 0.722818 0.034082 -0.100000
v 0.724473 0.039910 0.100000
v 0.724473 0.039910 -0.100000
v 0.725472 0.046463 0.100000
v 0.725472 0.046463 -0.100000
v 0.725806 0.053763 0.100000
v 0.725806 0.053763 -0.100000
v 0.725770 0.056788 0.100000
v 0.725770 0.056788 -0.100000
v 0.725643 0.059716 0.100000
v 0.725643 0.059716 -0.100000
v 0.725398 0.062548 0.100000
v 0.725398 0.062548 -0.100000
v 0.725010 0.065284 0.100000
v 0.725010 0.065284 -0.100000
v 0.724451 0.067924 0.100000
v 0.724451 0.067924 -0.100000
v 0.723694 0.070469 0.100000
v 0.723694 0.070469 -0.100000
v 0.722714 0.072917 0.100000
v 0.722714 0.072917 -0.100000
v 0.721483 0.075269 0.100000
v 0.721483 0.075269 -0.100000
v 0.719974 0.077525 0.100000
v 0.719974 0.077525 -0.100000
v 0.718162 0.079685 0.100000
v 0.718162 0.079685 -0.100000
v 0.716018 0.081749 0.100000
v 0.716018 0.081749 -0.100000
v 0.713518 0.083717 0.100000
v 0.713518 0.083717 -0.100000
v 0.708965 0.086026 0.100000
v 0.708965 0.086026 -0.100000
v 0.702125 0.087981 0.100000
v 0.702125 0.087981 -0.100000
v 0.693428 0.089610 0.100000
v 0.693428 0.089610 -0.100000
v 0.683308 0.090943 0.100000
v 0.683308 0.090943 -0.100000
v 0.672195 0.092009 0.100000
v 0.672195 0.092009 -0.100000
v 0.660522 0.092838 0.100000
v 0.660522 0.092838 -0.100000
v 0.648722 0.093459 0.100000
v 0.648722 0.093459 -0.100000
v 0.637225 0.093901 0.100000
v 0.637225 0.093901 -0.100000
v 0.626464 0.094194 0.100000
v 0.626464 0.094194 -0.100000
v 0.616872 0.094367 0.100000
v 0.616872 0.094367 -0.100000
v 0.608879 0.094449 0.100000
v 0.608879 0.094449 -0.100000
v 0.602919 0.094470 0.100000
v 0.602919 0.094470 -0.100000
v 0.520737 0.094470 0.100000
v 0.520737 0.094470 -0.100000
v 0.512626 0.094193 0.100000
v 0.512626 0.094193 -0.100000
v 0.505191 0.093339 0.100000
v 0.505191 0.093339 -0.100000
v 0.498440 0.091878 0.100000
v 0.498440 0.091878 -0.100000
v 0.492376 0.089776 0.100000
v 0.492376 0.089776 -0.100000
v 0.487006 0.087003 0.100000
v 0.487006 0.087003 -0.100000
v 0.482335 0.083525 0.100000
v 0.482335 0.083525 -0.100000
v 0.478368 0.079312 0.100000
v 0.478368 0.079312 -0.100000
v 0.475110 0.074330 0.100000
v 0.475110 0.074330 -0.100000
v 0.472566 0.068548 0.100000
v 0.472566 0.068548 -0.100000
v 0.470743 0.061935 0.100000
v 0.470743 0.061935 -0.100000
v 0.469645 0.054457 0.100000
v 0.469645 0.054457 -0.100000
v 0.469278 0.046083 0.100000
v 0.469278 0.046083 -0.100000
v 0.469942 0.038934 0.100000
v 0.469942 0.038934 -0.100000
v 0.471835 0.032799 0.100000
v 0.471835 0.032799 -0.100000
v 0.474810 0.027602 0.100000
v 0.474810 0.027602 -0.100000
v 0.478722 0.023269 0.100000
v 0.478722 0.023269 -0.100000
v 0.483423 0.019726 0.100000
v 0.483423 0.019726 -0.100000
v 0.488767 0.016897 0.100000
v 0.488767 0.016897 -0.100000
v 0.494607 0.014708 0.100000
v 0.494607 0.014708 -0.100000
v 0.500796 0.013085 0.100000
v 0.500796 0.013085 -0.100000
v 0.507188 0.011953 0.100000
v 0.507188 0.011953 -0.100000
v 0.513636 0.011236 0.100000
v 0.513636 0.011236 -0.100000
v 0.519994 0.010861 0.100000
v 0.519994 0.010861 -0.100000
v 0.526114 0.010753 0.100000
v 0.526114 0.010753 -0.100000
v 0.679724 0.010753 0.100000
v 0.679724 0.010753 -0.100000
v 0.482189 -0.084806 0.100000
v 0.482189 -0.084806 -0.100000
v 0.484429 -0.085773 0.100000
v 0.484429 -0.085773 -0.100000
v 0.486739 -0.086622 0.100000
v 0.486739 -0.086622 -0.100000
v 0.489105 -0.087358 0.100000
v 0.489105 -0.087358 -0.100000
v 0.491514 -0.087989 0.100000
v 0.491514 -0.087989 -0.100000
v 0.493952 -0.088518 0.100000
v 0.493952 -0.088518 -0.100000
v 0.496406 -0.088951 0.100000
v 0.496406 -0.088951 -0.100000
v 0.498862 -0.089293 0.100000
v 0.498862 -0.089293 -0.100000
v 0.501308 -0.089550 0.100000
v 0.501308 -0.089550 -0.100000
v 0.503730 -0.089727 0.100000
v 0.503730 -0.089727 -0.100000
v 0.506115 -0.089829 0.100000
v 0.506115 -0.089829 -0.100000
v 0.508449 -0.089862 0.100000
v 0.508449 -0.089862 -0.100000
v 0.519778 -0.089892 0.100000
v 0.519778 -0.089892 -0.100000
v 0.531106 -0.089976 0.100000
v 0.531106 -0.089976 -0.100000
v 0.542435 -0.090102 0.100000
v 0.542435 -0.090102 -0.100000
v 0.553764 -0.090260 0.100000
v 0.553764 -0.090260 -0.100000
v 0.565092 -0.090440 0.100000
v 0.565092 -0.090440 -0.100000
v 0.576421 -0.090630 0.100000
v 0.576421 -0.090630 -0.100000
v 0.587750 -0.090820 0.100000
v 0.587750 -0.090820 -0.100000
v 0.599078 -0.091000 0.100000
v 0.599078 -0.091000 -0.100000
v 0.610407 -0.091158 0.100000
v 0.610407 -0.091158 -0.100000
v 0.621736 -0.091284 0.100000
v 0.621736 -0.091284 -0.100000
v 0.633065 -0.091368 0.100000
v 0.633065 -0.091368 -0.100000
v 0.644393 -0.091398 0.100000
v 0.644393 -0.091398 -0.100000
v 0.650851 -0.091379 0.100000
v 0.650851 -0.091379 -0.100000
v 0.658481 -0.091245 0.100000
v 0.658481 -0.091245 -0.100000
v 0.666955 -0.090882 0.100000
v 0.666955 -0.090882 -0.100000
v 0.675940 -0.090175 0.100000
v 0.675940 -0.090175 -0.100000
v 0.685107 -0.089009 0.100000
v 0.685107 -0.089009 -0.100000
v 0.694124 -0.087270 0.100000
v 0.694124 -0.087270 -0.100000
v 0.702662 -0.084842 0.100000
v 0.702662 -0.084842 -0.100000
v 0.710389 -0.081612 0.100000
v 0.710389 -0.081612 -0.100000
v 0.716974 -0.077465 0.100000
v 0.716974 -0.077465 -0.100000
v 0.722087 -0.072286 0.100000
v 0.722087 -0.072286 -0.100000
v 0.725398 -0.065959 0.100000
v 0.725398 -0.065959 -0.100000
v 0.726575 -0.058372 0.100000
v 0.726575 -0.058372 -0.100000
v 0.726009 -0.048616 0.100000
v 0.726009 -0.048616 -0.100000
v 0.724356 -0.040045 0.100000
v 0.724356 -0.040045 -0.100000
v 0.721678 -0.032594 0.100000
v 0.721678 -0.032594 -0.100000
v 0.718041 -0.026199 0.100000
v 0.718041 -0.026199 -0.100000
v 0.713507 -0.020796 0.100000
v 0.713507 -0.020796 -0.100000
v 0.708141 -0.016321 0.100000
v 0.708141 -0.016321 -0.100000
v 0.702008 -0.012710 0.100000
v 0.702008 -0.012710 -0.100000
v 0.695170 -0.009899 0.100000
v 0.695170 -0.009899 -0.100000
v 0.687692 -0.007824 0.100000
v 0.687692 -0.007824 -0.100000
v 0.679638 -0.006422 0.100000
v 0.679638 -0.006422 -0.100000
v 0.671072 -0.005627 0.100000
v 0.671072 -0.005627 -0.100000
v 0.662058 -0.005376 0.100000
v 0.662058 -0.005376 -0.100000
v 0.653226 -0.005391 0.100000
v 0.653226 -0.005391 -0.100000
v 0.644393 -0.005433 0.100000
v 0.644393 -0.005433 -0.100000
v 0.635561 -0.005496 0.100000
v 0.635561 -0.005496 -0.100000
v 0.626728 -0.005575 0.100000
v 0.626728 -0.005575 -0.100000
v 0.617896 -0.005665 0.100000
v 0.617896 -0.005665 -0.100000
v 0.609063 -0.005760 0.100000
v 0.609063 -0.005760 -0.100000
v 0.600230 -0.005855 0.100000
v 0.600230 -0.005855 -0.100000
v 0.591398 -0.005945 0.100000
v 0.591398 -0.005945 -0.100000
v 0.582565 -0.006024 0.100000
v 0.582565 -0.006024 -0.100000
v 0.573733 -0.006087 0.100000
v 0.573733 -0.006087 -0.100000
v 0.564900 -0.006129 0.100000
v 0.564900 -0.006129 -0.100000
v 0.556068 -0.006144 0.100000
v 0.556068 -0.006144 -0.100000
v 0.550884 -0.006177 0.100000
v 0.550884 -0.006177 -0.100000
v 0.545702 -0.006276 0.100000
v 0.545702 -0.006276 -0.100000
v 0.540527 -0.006444 0.100000
v 0.540527 -0.006444 -0.100000
v 0.535359 -0.006685 0.100000
v 0.535359 -0.006685 -0.100000
v 0.530201 -0.007000 0.100000
v 0.530201 -0.007000 -0.100000
v 0.525058 -0.007392 0.100000
v 0.525058 -0.007392 -0.100000
v 0.519930 -0.007865 0.100000
v 0.519930 -0.007865 -0.100000
v 0.514821 -0.008420 0.100000
v 0.514821 -0.008420 -0.100000
v 0.509733 -0.009061 0.100000
v 0.509733 -0.009061 -0.100000
v 0.504669 -0.009789 0.100000
v 0.504669 -0.009789 -0.100000
v 0.499632 -0.010608 0.100000
v 0.499632 -0.010608 -0.100000
v 0.494624 -0.011521 0.100000
v 0.494624 -0.011521 -0.100000
v 0.492000 -0.012147 0.100000
v 0.492000 -0.012147 -0.100000
v 0.489510 -0.012883 0.100000
v 0.489510 -0.012883 -0.100000
v 0.487159 -0.013741 0.100000
v 0.487159 -0.013741 -0.100000
v 0.484952 -0.014735 0.100000
v 0.484952 -0.014735 -0.100000
v 0.482894 -0.015879 0.100000
v 0.482894 -0.015879 -0.100000
v 0.480991 -0.017185 0.100000
v 0.480991 -0.017185 -0.100000
v 0.479248 -0.018667 0.100000
v 0.479248 -0.018667 -0.100000
v 0.477670 -0.020339 0.100000
v 0.477670 -0.020339 -0.100000
v 0.476263 -0.022213 0.100000
v 0.476263 -0.022213 -0.100000
v 0.475031 -0.024304 0.100000
v 0.475031 -0.024304 -0.100000
v 0.473981 -0.026623 0.100000
v 0.473981 -0.026623 -0.100000
v 0.473118 -0.029186 0.100000
v 0.473118 -0.029186 -0.100000
v 0.472559 -0.031505 0.100000
v 0.472559 -0.031505 -0.100000
v 0.472034 -0.033851 0.100000
v 0.472034 -0.033851 -0.100000
v 0.471546 -0.036218 0.100000
v 0.471546 -0.036218 -0.100000
v 0.471099 -0.038602 0.100000
v 0.471099 -0.038602 -0.100000
v 0.470694 -0.040996 0.100000
v 0.470694 -0.040996 -0.100000
v 0.470334 -0.043395 0.100000
v 0.470334 -0.043395 -0.100000
v 0.470023 -0.045794 0.100000
v 0.470023 -0.045794 -0.100000
v 0.469762 -0.048188 0.100000
v 0.469762 -0.048188 -0.100000
v 0.469554 -0.050571 0.100000
v 0.469554 -0.050571 -0.100000
v 0.469403 -0.052938 0.100000
v 0.469403 -0.052938 -0.100000
v 0.469310 -0.055284 0.100000
v 0.469310 -0.055284 -0.100000
v 0.469278 -0.057604 0.100000
v 0.469278 -0.057604 -0.100000
v 0.469314 -0.059951 0.100000
v 0.469314 -0.059951 -0.100000
v 0.469435 -0.062365 0.100000
v 0.469435 -0.062365 -0.100000
v 0.469662 -0.064816 0.100000
v 0.469662 -0.064816 -0.100000
v 0.470018 -0.067275 0.100000
v 0.470018 -0.067275 -0.100000
v 0.470523 -0.069713 0.100000
v 0.470523 -0.069713 -0.100000
v 0.471198 -0.072101 0.100000
v 0.471198 -0.072101 -0.100000
v 0.472066 -0.074408 0.100000
v 0.472066 -0.074408 -0.100000
v 0.473147 -0.076606 0.100000
v 0.473147 -0.076606 -0.100000
v 0.474462 -0.078665 0.100000
v 0.474462 -0.078665 -0.100000
v 0.476034 -0.080556 0.100000
v 0.476034 -0.080556 -0.100000
v 0.477883 -0.082250 0.100000
v 0.477883 -0.082250 -0.100000
v 0.480031 -0.083717 0.100000
v 0.480031 -0.083717 -0.100000
v 0.601703 -0.190781 0.100000
v 0.601703 -0.190781 -0.100000
v 0.602670 -0.191632 0.100000
v 0.602670 -0.191632 -0.100000
v 0.603519 -0.192936 0.100000
v 0.603519 -0.192936 -0.100000
v 0.604256 -0.194601 0.100000
v 0.604256 -0.194601 -0.100000
v 0.604886 -0.196532 0.100000
v 0.604886 -0.196532 -0.100000
v 0.605415 -0.198637 0.100000
v 0.605415 -0.198637 -0.100000
v 0.605848 -0.200821 0.100000
v 0.605848 -0.200821 -0.100000
v 0.606190 -0.202993 0.100000
v 0.606190 -0.202993 -0.100000
v 0.606447 -0.205057 0.100000
v 0.606447 -0.205057 -0.100000
v 0.606624 -0.206922 0.100000
v 0.606624 -0.206922 -0.100000
v 0.606726 -0.208493 0.100000
v 0.606726 -0.208493 -0.100000
v 0.606759 -0.209677 0.100000
v 0.606759 -0.209677 -0.100000
v 0.606735 -0.212818 0.100000
v 0.606735 -0.212818 -0.100000
v 0.606631 -0.216049 0.100000
v 0.606631 -0.216049 -0.100000
v 0.606399 -0.219302 0.100000
v 0.606399 -0.219302 -0.100000
v 0.605991 -0.222507 0.100000
v 0.605991 -0.222507 -0.100000
v 0.605359 -0.225594 0.100000
v 0.605359 -0.225594 -0.100000
v 0.604455 -0.228495 0.100000
v 0.604455 -0.228495 -0.100000
v 0.603231 -0.231139 0.100000
v 0.603231 -0.231139 -0.100000
v 0.601638 -0.233459 0.100000
v 0.601638 -0.233459 -0.100000
v 0.599630 -0.235383 0.100000
v 0.599630 -0.235383 -0.100000
v 0.597158 -0.236844 0.100000
v 0.597158 -0.236844 -0.100000
v 0.594174 -0.237771 0.100000
v 0.594174 -0.237771 -0.100000
v 0.590630 -0.238095 0.100000
v 0.590630 -0.238095 -0.100000
v 0.579877 -0.238095 0.100000
v 0.579877 -0.238095 -0.100000
v 0.577215 -0.237878 0.100000
v 0.577215 -0.237878 -0.100000
v 0.574967 -0.237256 0.100000
v 0.574967 -0.237256 -0.100000
v 0.573097 -0.236271 0.100000
v 0.573097 -0.236271 -0.100000
v 0.571571 -0.234966 0.100000
v 0.571571 -0.234966 -0.100000
v 0.570354 -0.233384 0.100000
v 0.570354 -0.233384 -0.100000
v 0.569412 -0.231567 0.100000
v 0.569412 -0.231567 -0.100000
v 0.568711 -0.229558 0.100000
v 0.568711 -0.229558 -0.100000
v 0.568214 -0.227399 0.100000
v 0.568214 -0.227399 -0.100000
v 0.567888 -0.225134 0.100000
v 0.567888 -0.225134 -0.100000
v 0.567699 -0.222805 0.100000
v 0.567699 -0.222805 -0.100000
v 0.567610 -0.220455 0.100000
v 0.567610 -0.220455 -0.100000
v 0.567588 -0.218126 0.100000
v 0.567588 -0.218126 -0.100000
v 0.567672 -0.215000 0.100000
v 0.567672 -0.215000 -0.100000
v 0.567940 -0.211811 0.100000
v 0.567940 -0.211811 -0.100000
v 0.568416 -0.208621 0.100000
v 0.568416 -0.208621 -0.100000
v 0.569124 -0.205496 0.100000
v 0.569124 -0.205496 -0.100000
v 0.570089 -0.202498 0.100000
v 0.570089 -0.202498 -0.100000
v 0.571333 -0.199693 0.100000
v 0.571333 -0.199693 -0.100000
v 0.572881 -0.197143 0.100000
v 0.572881 -0.197143 -0.100000
v 0.574757 -0.194914 0.100000
v 0.574757 -0.194914 -0.100000
v 0.576985 -0.193068 0.100000
v 0.576985 -0.193068 -0.100000
v 0.579589 -0.191671 0.100000
v 0.579589 -0.191671 -0.100000
v 0.582593 -0.190786 0.100000
v 0.582593 -0.190786 -0.100000
v 0.586022 -0.190476 0.100000
v 0.586022 -0.190476 -0.100000
v 0.600614 -0.190476 0.100000
v 0.600614 -0.190476 -0.100000
v -0.731111 -0.070299 0.100000
v -0.731111 -0.070299 -0.100000
v -0.730802 -0.090555 0.100000
v -0.730802 -0.090555 -0.100000
v -0.730115 -0.113707 0.100000
v -0.730115 -0.113707 -0.100000
v -0.728907 -0.138932 0.100000
v -0.728907 -0.138932 -0.100000
v -0.727038 -0.165404 0.100000
v -0.727038 -0.165404 -0.100000
v -0.724366 -0.192300 0.100000
v -0.724366 -0.192300 -0.100000
v -0.720751 -0.218797 0.100000
v -0.720751 -0.218797 -0.100000
v -0.716049 -0.244069 0.100000
v -0.716049 -0.244069 -0.100000
v -0.710121 -0.267293 0.100000
v -0.710121 -0.267293 -0.100000
v -0.702825 -0.287645 0.100000
v -0.702825 -0.287645 -0.100000
v -0.694020 -0.304301 0.100000
v -0.694020 -0.304301 -0.100000
v -0.683564 -0.316436 0.100000
v -0.683564 -0.316436 -0.100000
v -0.677034 -0.321039 0.100000
v -0.677034 -0.321039 -0.100000
v -0.669469 -0.324906 0.100000
v -0.669469 -0.324906 -0.100000
v -0.661050 -0.328101 0.100000
v -0.661050 -0.328101 -0.100000
v -0.651960 -0.330688 0.100000
v -0.651960 -0.330688 -0.100000
v -0.642379 -0.332731 0.100000
v -0.642379 -0.332731 -0.100000
v -0.632488 -0.334293 0.100000
v -0.632488 -0.334293 -0.100000
v -0.622470 -0.335440 0.100000
v -0.622470 -0.335440 -0.100000
v -0.612505 -0.336235 0.100000
v -0.612505 -0.336235 -0.100000
v -0.602775 -0.336742 0.100000
v -0.602775 -0.336742 -0.100000
v -0.593460 -0.337024 0.100000
v -0.593460 -0.337024 -0.100000
v -0.584743 -0.337147 0.100000
v -0.584743 -0.337147 -0.100000
v -0.576805 -0.337174 0.100000
v -0.576805 -0.337174 -0.100000
v -0.571323 -0.337223 0.100000
v -0.571323 -0.337223 -0.100000
v -0.565334 -0.337312 0.100000
v -0.565334 -0.337312 -0.100000
v -0.558972 -0.337354 0.100000
v -0.558972 -0.337354 -0.100000
v -0.552370 -0.337259 0.100000
v -0.552370 -0.337259 -0.100000
v -0.545661 -0.336940 0.100000
v -0.545661 -0.336940 -0.100000
v -0.538979 -0.336310 0.100000
v -0.538979 -0.336310 -0.100000
v -0.532456 -0.335279 0.100000
v -0.532456 -0.335279 -0.100000
v -0.526227 -0.333760 0.100000
v -0.526227 -0.333760 -0.100000
v -0.520425 -0.331665 0.100000
v -0.520425 -0.331665 -0.100000
v -0.515183 -0.328906 0.100000
v -0.515183 -0.328906 -0.100000
v -0.510634 -0.325395 0.100000
v -0.510634 -0.325395 -0.100000
v -0.506912 -0.321045 0.100000
v -0.506912 -0.321045 -0.100000
v -0.505340 -0.317947 0.100000
v -0.505340 -0.317947 -0.100000
v -0.504057 -0.314121 0.100000
v -0.504057 -0.314121 -0.100000
v -0.503036 -0.309704 0.100000
v -0.503036 -0.309704 -0.100000
v -0.502247 -0.304830 0.100000
v -0.502247 -0.304830 -0.100000
v -0.501661 -0.299637 0.100000
v -0.501661 -0.299637 -0.100000
v -0.501248 -0.294259 0.100000
v -0.501248 -0.294259 -0.100000
v -0.500979 -0.288833 0.100000
v -0.500979 -0.288833 -0.100000
v -0.500825 -0.283495 0.100000
v -0.500825 -0.283495 -0.100000
v -0.500756 -0.278382 0.100000
v -0.500756 -0.278382 -0.100000
v -0.500743 -0.273628 0.100000
v -0.500743 -0.273628 -0.100000
v -0.500757 -0.269371 0.100000
v -0.500757 -0.269371 -0.100000
v -0.500768 -0.265745 0.100000
v -0.500768 -0.265745 -0.100000
v -0.501168 -0.254603 0.100000
v -0.501168 -0.254603 -0.100000
v -0.502365 -0.245605 0.100000
v -0.502365 -0.245605 -0.100000
v -0.504356 -0.238527 0.100000
v -0.504356 -0.238527 -0.100000
v -0.507140 -0.233146 0.100000
v -0.507140 -0.233146 -0.100000
v -0.510713 -0.229236 0.100000
v -0.510713 -0.229236 -0.100000
v -0.515073 -0.226574 0.100000
v -0.515073 -0.226574 -0.100000
v -0.520217 -0.224937 0.100000
v -0.520217 -0.224937 -0.100000
v -0.526142 -0.224100 0.100000
v -0.526142 -0.224100 -0.100000
v -0.532846 -0.223838 0.100000
v -0.532846 -0.223838 -0.100000
v -0.540326 -0.223929 0.100000
v -0.540326 -0.223929 -0.100000
v -0.548580 -0.224148 0.100000
v -0.548580 -0.224148 -0.100000
v -0.557604 -0.224270 0.100000
v -0.557604 -0.224270 -0.100000
v -0.564632 -0.223502 0.100000
v -0.564632 -0.223502 -0.100000
v -0.570433 -0.221326 0.100000
v -0.570433 -0.221326 -0.100000
v -0.575125 -0.217934 0.100000
v -0.575125 -0.217934 -0.100000
v -0.578825 -0.213518 0.100000
v -0.578825 -0.213518 -0.100000
v -0.581650 -0.208269 0.100000
v -0.581650 -0.208269 -0.100000
v -0.583717 -0.202381 0.100000
v -0.583717 -0.202381 -0.100000
v -0.585145 -0.196045 0.100000
v -0.585145 -0.196045 -0.100000
v -0.586050 -0.189452 0.100000
v -0.586050 -0.189452 -0.100000
v -0.586550 -0.182796 0.100000
v -0.586550 -0.182796 -0.100000
v -0.586761 -0.176267 0.100000
v -0.586761 -0.176267 -0.100000
v -0.586802 -0.170059 0.100000
v -0.586802 -0.170059 -0.100000
v -0.586790 -0.164363 0.100000
v -0.586790 -0.164363 -0.100000
v -0.586464 -0.154158 0.100000
v -0.586464 -0.154158 -0.100000
v -0.585467 -0.145709 0.100000
v -0.585467 -0.145709 -0.100000
v -0.583765 -0.138849 0.100000
v -0.583765 -0.138849 -0.100000
v -0.581328 -0.133413 0.100000
v -0.581328 -0.133413 -0.100000
v -0.578122 -0.129236 0.100000
v -0.578122 -0.129236 -0.100000
v -0.574117 -0.126152 0.100000
v -0.574117 -0.126152 -0.100000
v -0.569279 -0.123996 0.100000
v -0.569279 -0.123996 -0.100000
v -0.563577 -0.122603 0.100000
v -0.563577 -0.122603 -0.100000
v -0.556980 -0.121808 0.100000
v -0.556980 -0.121808 -0.100000
v -0.549454 -0.121444 0.100000
v -0.549454 -0.121444 -0.100000
v -0.540968 -0.121347 0.100000
v -0.540968 -0.121347 -0.100000
v -0.531490 -0.121352 0.100000
v -0.531490 -0.121352 -0.100000
v -0.517939 -0.125477 0.100000
v -0.517939 -0.125477 -0.100000
v -0.504495 -0.136883 0.100000
v -0.504495 -0.136883 -0.100000
v -0.491071 -0.154114 0.100000
v -0.491071 -0.154114 -0.100000
v -0.477584 -0.175713 0.100000
v -0.477584 -0.175713 -0.100000
v -0.463948 -0.200223 0.100000
v -0.463948 -0.200223 -0.100000
v -0.450077 -0.226190 0.100000
v -0.450077 -0.226190 -0.100000
v -0.435886 -0.252157 0.100000
v -0.435886 -0.252157 -0.100000
v -0.421289 -0.276668 0.100000
v -0.421289 -0.276668 -0.100000
v -0.406202 -0.298267 0.100000
v -0.406202 -0.298267 -0.100000
v -0.390539 -0.315498 0.100000
v -0.390539 -0.315498 -0.100000
v -0.374214 -0.326904 0.100000
v -0.374214 -0.326904 -0.100000
v -0.357143 -0.331029 0.100000
v -0.357143 -0.331029 -0.100000
v -0.350963 -0.330019 0.100000
v -0.350963 -0.330019 -0.100000
v -0.343418 -0.327171 0.100000
v -0.343418 -0.327171 -0.100000
v -0.334869 -0.322761 0.100000
v -0.334869 -0.322761 -0.100000
v -0.325681 -0.317062 0.100000
v -0.325681 -0.317062 -0.100000
v -0.316216 -0.310350 0.100000
v -0.316216 -0.310350 -0.100000
v -0.306836 -0.302899 0.100000
v -0.306836 -0.302899 -0.100000
v -0.297904 -0.294985 0.100000
v -0.297904 -0.294985 -0.100000
v -0.289782 -0.286881 0.100000
v -0.289782 -0.286881 -0.100000
v -0.282834 -0.278862 0.100000
v -0.282834 -0.278862 -0.100000
v -0.277422 -0.271203 0.100000
v -0.277422 -0.271203 -0.100000
v -0.273909 -0.264179 0.100000
v -0.273909 -0.264179 -0.100000
v -0.272657 -0.258065 0.100000
v -0.272657 -0.258065 -0.100000
v -0.273338 -0.252033 0.100000
v -0.273338 -0.252033 -0.100000
v -0.275218 -0.246554 0.100000
v -0.275218 -0.246554 -0.100000
v -0.278058 -0.241539 0.100000
v -0.278058 -0.241539 -0.100000
v -0.281618 -0.236900 0.100000
v -0.281618 -0.236900 -0.100000
v -0.285658 -0.232550 0.100000
v -0.285658 -0.232550 -0.100000
v -0.289939 -0.228399 0.100000
v -0.289939 -0.228399 -0.100000
v -0.294219 -0.224360 0.100000
v -0.294219 -0.224360 -0.100000
v -0.298259 -0.220345 0.100000
v -0.298259 -0.220345 -0.100000
v -0.301819 -0.216266 0.100000
v -0.301819 -0.216266 -0.100000
v -0.304660 -0.212035 0.100000
v -0.304660 -0.212035 -0.100000
v -0.306540 -0.207564 0.100000
v -0.306540 -0.207564 -0.100000
v -0.307220 -0.202765 0.100000
v -0.307220 -0.202765 -0.100000
v -0.307143 -0.201720 0.100000
v -0.307143 -0.201720 -0.100000
v -0.306924 -0.200873 0.100000
v -0.306924 -0.200873 -0.100000
v -0.306584 -0.200197 0.100000
v -0.306584 -0.200197 -0.100000
v -0.306139 -0.199664 0.100000
v -0.306139 -0.199664 -0.100000
v -0.305608 -0.199249 0.100000
v -0.305608 -0.199249 -0.100000
v -0.305012 -0.198925 0.100000
v -0.305012 -0.198925 -0.100000
v -0.304367 -0.198664 0.100000
v -0.304367 -0.198664 -0.100000
v -0.303692 -0.198441 0.100000
v -0.303692 -0.198441 -0.100000
v -0.303007 -0.198229 0.100000
v -0.303007 -0.198229 -0.100000
v -0.302330 -0.198000 0.100000
v -0.302330 -0.198000 -0.100000
v -0.301680 -0.197729 0.100000
v -0.301680 -0.197729 -0.100000
v -0.301075 -0.197389 0.100000
v -0.301075 -0.197389 -0.100000
v -0.295608 -0.195977 0.100000
v -0.295608 -0.195977 -0.100000
v -0.289978 -0.194800 0.100000
v -0.289978 -0.194800 -0.100000
v -0.284214 -0.193836 0.100000
v -0.284214 -0.193836 -0.100000
v -0.278347 -0.193065 0.100000
v -0.278347 -0.193065 -0.100000
v -0.272405 -0.192464 0.100000
v -0.272405 -0.192464 -0.100000
v -0.266417 -0.192012 0.100000
v -0.266417 -0.192012 -0.100000
v -0.260414 -0.191689 0.100000
v -0.260414 -0.191689 -0.100000
v -0.254423 -0.191472 0.100000
v -0.254423 -0.191472 -0.100000
v -0.248476 -0.191340 0.100000
v -0.248476 -0.191340 -0.100000
v -0.242600 -0.191273 0.100000
v -0.242600 -0.191273 -0.100000
v -0.236826 -0.191248 0.100000
v -0.236826 -0.191248 -0.100000
v -0.231183 -0.191244 0.100000
v -0.231183 -0.191244 -0.100000
v -0.227967 -0.191190 0.100000
v -0.227967 -0.191190 -0.100000
v -0.223829 -0.191070 0.100000
v -0.223829 -0.191070 -0.100000
v -0.218966 -0.190944 0.100000
v -0.218966 -0.190944 -0.100000
v -0.213575 -0.190874 0.100000
v -0.213575 -0.190874 -0.100000
v -0.207852 -0.190922 0.100000
v -0.207852 -0.190922 -0.100000
v -0.201997 -0.191148 0.100000
v -0.201997 -0.191148 -0.100000
v -0.196205 -0.191614 0.100000
v -0.196205 -0.191614 -0.100000
v -0.190675 -0.192382 0.100000
v -0.190675 -0.192382 -0.100000
v -0.185604 -0.193512 0.100000
v -0.185604 -0.193512 -0.100000
v -0.181188 -0.195067 0.100000
v -0.181188 -0.195067 -0.100000
v -0.177626 -0.197106 0.100000
v -0.177626 -0.197106 -0.100000
v -0.175115 -0.199693 0.100000
v -0.175115 -0.199693 -0.100000
v -0.174440 -0.200799 0.100000
v -0.174440 -0.200799 -0.100000
v -0.173935 -0.201823 0.100000
v -0.173935 -0.201823 -0.100000
v -0.173579 -0.202777 0.100000
v -0.173579 -0.202777 -0.100000
v -0.173352 -0.203675 0.100000
v -0.173352 -0.203675 -0.100000
v -0.173231 -0.204531 0.100000
v -0.173231 -0.204531 -0.100000
v -0.173195 -0.205357 0.100000
v -0.173195 -0.205357 -0.100000
v -0.173224 -0.206167 0.100000
v -0.173224 -0.206167 -0.100000
v -0.173295 -0.206975 0.100000
v -0.173295 -0.206975 -0.100000
v -0.173387 -0.207793 0.100000
v -0.173387 -0.207793 -0.100000
v -0.173480 -0.208636 0.100000
v -0.173480 -0.208636 -0.100000
v -0.173551 -0.209515 0.100000
v -0.173551 -0.209515 -0.100000
v -0.173579 -0.210445 0.100000
v -0.173579 -0.210445 -0.100000
v -0.172848 -0.214444 0.100000
v -0.172848 -0.214444 -0.100000
v -0.170802 -0.217660 0.100000
v -0.170802 -0.217660 -0.100000
v -0.167663 -0.220178 0.100000
v -0.167663 -0.220178 -0.100000
v -0.163651 -0.222080 0.100000
v -0.163651 -0.222080 -0.100000
v -0.158989 -0.223449 0.100000
v -0.158989 -0.223449 -0.100000
v -0.153898 -0.224366 0.100000
v -0.153898 -0.224366 -0.100000
v -0.148598 -0.224916 0.100000
v -0.148598 -0.224916 -0.100000
v -0.143312 -0.225181 0.100000
v -0.143312 -0.225181 -0.100000
v -0.138261 -0.225242 0.100000
v -0.138261 -0.225242 -0.100000
v -0.133665 -0.225184 0.100000
v -0.133665 -0.225184 -0.100000
v -0.129747 -0.225089 0.100000
v -0.129747 -0.225089 -0.100000
v -0.126728 -0.225038 0.100000
v -0.126728 -0.225038 -0.100000
v -0.123047 -0.225004 0.100000
v -0.123047 -0.225004 -0.100000
v -0.118973 -0.224889 0.100000
v -0.118973 -0.224889 -0.100000
v -0.114595 -0.224678 0.100000
v -0.114595 -0.224678 -0.100000
v -0.110002 -0.224356 0.100000
v -0.110002 -0.224356 -0.100000
v -0.105280 -0.223905 0.100000
v -0.105280 -0.223905 -0.100000
v -0.100518 -0.223310 0.100000
v -0.100518 -0.223310 -0.100000
v -0.095805 -0.222556 0.100000
v -0.095805 -0.222556 -0.100000
v -0.091227 -0.221625 0.100000
v -0.091227 -0.221625 -0.100000
v -0.086874 -0.220502 0.100000
v -0.086874 -0.220502 -0.100000
v -0.082832 -0.219171 0.100000
v -0.082832 -0.219171 -0.100000
v -0.079190 -0.217617 0.100000
v -0.079190 -0.217617 -0.100000
v -0.076037 -0.215822 0.100000
v -0.076037 -0.215822 -0.100000
v -0.068036 -0.208244 0.100000
v -0.068036 -0.208244 -0.100000
v -0.061248 -0.197758 0.100000
v -0.061248 -0.197758 -0.100000
v -0.055576 -0.184884 0.100000
v -0.055576 -0.184884 -0.100000
v -0.050919 -0.170137 0.100000
v -0.050919 -0.170137 -0.100000
v -0.047179 -0.154036 0.100000
v -0.047179 -0.154036 -0.100000
v -0.044259 -0.137097 0.100000
v -0.044259 -0.137097 -0.100000
v -0.042058 -0.119838 0.100000
v -0.042058 -0.119838 -0.100000
v -0.040479 -0.102776 0.100000
v -0.040479 -0.102776 -0.100000
v -0.039423 -0.086430 0.100000
v -0.039423 -0.086430 -0.100000
v -0.038790 -0.071315 0.100000
v -0.038790 -0.071315 -0.100000
v -0.038483 -0.057949 0.100000
v -0.038483 -0.057949 -0.100000
v -0.038402 -0.046851 0.100000
v -0.038402 -0.046851 -0.100000
v -0.038418 -0.043794 0.100000
v -0.038418 -0.043794 -0.100000
v -0.038459 -0.040763 0.100000
v -0.038459 -0.040763 -0.100000
v -0.038522 -0.037754 0.100000
v -0.038522 -0.037754 -0.100000
v -0.038602 -0.034761 0.100000
v -0.038602 -0.034761 -0.100000
v -0.038691 -0.031779 0.100000
v -0.038691 -0.031779 -0.100000
v -0.038786 -0.028802 0.100000
v -0.038786 -0.028802 -0.100000
v -0.038882 -0.025825 0.100000
v -0.038882 -0.025825 -0.100000
v -0.038971 -0.022842 0.100000
v -0.038971 -0.022842 -0.100000
v -0.039051 -0.019849 0.100000
v -0.039051 -0.019849 -0.100000
v -0.039114 -0.016840 0.100000
v -0.039114 -0.016840 -0.100000
v -0.039155 -0.013810 0.100000
v -0.039155 -0.013810 -0.100000
v -0.039171 -0.010753 0.100000
v -0.039171 -0.010753 -0.100000
v -0.039118 0.008815 0.100000
v -0.039118 0.008815 -0.100000
v -0.039135 0.032695 0.100000
v -0.039135 0.032695 -0.100000
v -0.039483 0.059920 0.100000
v -0.039483 0.059920 -0.100000
v -0.040422 0.089520 0.100000
v -0.040422 0.089520 -0.100000
v -0.042215 0.120529 0.100000
v -0.042215 0.120529 -0.100000
v -0.045123 0.151978 0.100000
v -0.045123 0.151978 -0.100000
v -0.049407 0.182898 0.100000
v -0.049407 0.182898 -0.100000
v -0.055328 0.212323 0.100000
v -0.055328 0.212323 -0.100000
v -0.063148 0.239283 0.100000
v -0.063148 0.239283 -0.100000
v -0.073128 0.262812 0.100000
v -0.073128 0.262812 -0.100000
v -0.085530 0.281939 0.100000
v -0.085530 0.281939 -0.100000
v -0.100614 0.295699 0.100000
v -0.100614 0.295699 -0.100000
v -0.107740 0.299495 0.100000
v -0.107740 0.299495 -0.100000
v -0.116271 0.302835 0.100000
v -0.116271 0.302835 -0.100000
v -0.125948 0.305744 0.100000
v -0.125948 0.305744 -0.100000
v -0.136514 0.308244 0.100000
v -0.136514 0.308244 -0.100000
v -0.147709 0.310360 0.100000
v -0.147709 0.310360 -0.100000
v -0.159274 0.312116 0.100000
v -0.159274 0.312116 -0.100000
v -0.170952 0.313536 0.100000
v -0.170952 0.313536 -0.100000
v -0.182483 0.314644 0.100000
v -0.182483 0.314644 -0.100000
v -0.193608 0.315464 0.100000
v -0.193608 0.315464 -0.100000
v -0.204070 0.316020 0.100000
v -0.204070 0.316020 -0.100000
v -0.213609 0.316336 0.100000
v -0.213609 0.316336 -0.100000
v -0.221966 0.316436 0.100000
v -0.221966 0.316436 -0.100000
v -0.228140 0.316445 0.100000
v -0.228140 0.316445 -0.100000
v -0.234358 0.316440 0.100000
v -0.234358 0.316440 -0.100000
v -0.240603 0.316376 0.100000
v -0.240603 0.316376 -0.100000
v -0.246857 0.316209 0.100000
v -0.246857 0.316209 -0.100000
v -0.253099 0.315892 0.100000
v -0.253099 0.315892 -0.100000
v -0.259313 0.315380 0.100000
v -0.259313 0.315380 -0.100000
v -0.265478 0.314629 0.100000
v -0.265478 0.314629 -0.100000
v -0.271576 0.313592 0.100000
v -0.271576 0.313592 -0.100000
v -0.277590 0.312224 0.100000
v -0.277590 0.312224 -0.100000
v -0.283499 0.310480 0.100000
v -0.283499 0.310480 -0.100000
v -0.289286 0.308315 0.100000
v -0.289286 0.308315 -0.100000
v -0.294931 0.305684 0.100000
v -0.294931 0.305684 -0.100000
v -0.305271 0.299099 0.100000
v -0.305271 0.299099 -0.100000
v -0.314097 0.291347 0.100000
v -0.314097 0.291347 -0.100000
v -0.321525 0.282570 0.100000
v -0.321525 0.282570 -0.100000
v -0.327673 0.272913 0.100000
v -0.327673 0.272913 -0.100000
v -0.332658 0.262521 0.100000
v -0.332658 0.262521 -0.100000
v -0.336598 0.251536 0.100000
v -0.336598 0.251536 -0.100000
v -0.339609 0.240103 0.100000
v -0.339609 0.240103 -0.100000
v -0.341810 0.228367 0.100000
v -0.341810 0.228367 -0.100000
v -0.343318 0.216470 0.100000
v -0.343318 0.216470 -0.100000
v -0.344250 0.204557 0.100000
v -0.344250 0.204557 -0.100000
v -0.344722 0.192772 0.100000
v -0.344722 0.192772 -0.100000
v -0.344854 0.181260 0.100000
v -0.344854 0.181260 -0.100000
v -0.344794 0.173771 0.100000
v -0.344794 0.173771 -0.100000
v -0.344626 0.166283 0.100000
v -0.344626 0.166283 -0.100000
v -0.344374 0.158794 0.100000
v -0.344374 0.158794 -0.100000
v -0.344058 0.151306 0.100000
v -0.344058 0.151306 -0.100000
v -0.343698 0.143817 0.100000
v -0.343698 0.143817 -0.100000
v -0.343318 0.136329 0.100000
v -0.343318 0.136329 -0.100000
v -0.342937 0.128840 0.100000
v -0.342937 0.128840 -0.100000
v -0.342578 0.121352 0.100000
v -0.342578 0.121352 -0.100000
v -0.342262 0.113863 0.100000
v -0.342262 0.113863 -0.100000
v -0.342009 0.106375 0.100000
v -0.342009 0.106375 -0.100000
v -0.341842 0.098886 0.100000
v -0.341842 0.098886 -0.100000
v -0.341782 0.091398 0.100000
v -0.341782 0.091398 -0.100000
v -0.341782 -0.014593 0.100000
v -0.341782 -0.014593 -0.100000
v -0.341819 -0.020643 0.100000
v -0.341819 -0.020643 -0.100000
v -0.341949 -0.027532 0.100000
v -0.341949 -0.027532 -0.100000
v -0.342202 -0.035078 0.100000
v -0.342202 -0.035078 -0.100000
v -0.342607 -0.043096 0.100000
v -0.342607 -0.043096 -0.100000
v -0.343193 -0.051402 0.100000
v -0.343193 -0.051402 -0.100000
v -0.343990 -0.059812 0.100000
v -0.343990 -0.059812 -0.100000
v -0.345027 -0.068142 0.100000
v -0.345027 -0.068142 -0.100000
v -0.346333 -0.076208 0.100000
v -0.346333 -0.076208 -0.100000
v -0.347938 -0.083825 0.100000
v -0.347938 -0.083825 -0.100000
v -0.349871 -0.090811 0.100000
v -0.349871 -0.090811 -0.100000
v -0.352162 -0.096981 0.100000
v -0.352162 -0.096981 -0.100000
v -0.354839 -0.102151 0.100000
v -0.354839 -0.102151 -0.100000
v -0.359250 -0.096132 0.100000
v -0.359250 -0.096132 -0.100000
v -0.362928 -0.084535 0.100000
v -0.362928 -0.084535 -0.100000
v -0.365939 -0.068404 0.100000
v -0.365939 -0.068404 -0.100000
v -0.368351 -0.048785 0.100000
v -0.368351 -0.048785 -0.100000
v -0.370229 -0.026723 0.100000
v -0.370229 -0.026723 -0.100000
v -0.371640 -0.003264 0.100000
v -0.371640 -0.003264 -0.100000
v -0.372651 0.020547 0.100000
v -0.372651 0.020547 -0.100000
v -0.373329 0.043665 0.100000
v -0.373329 0.043665 -0.100000
v -0.373740 0.065044 0.100000
v -0.373740 0.065044 -0.100000
v -0.373951 0.083639 0.100000
v -0.373951 0.083639 -0.100000
v -0.374029 0.098405 0.100000
v -0.374029 0.098405 -0.100000
v -0.374040 0.108295 0.100000
v -0.374040 0.108295 -0.100000
v -0.374010 0.118295 0.100000
v -0.374010 0.118295 -0.100000
v -0.373926 0.128321 0.100000
v -0.373926 0.128321 -0.100000
v -0.373800 0.138369 0.100000
v -0.373800 0.138369 -0.100000
v -0.373642 0.148433 0.100000
v -0.373642 0.148433 -0.100000
v -0.373462 0.158507 0.100000
v -0.373462 0.158507 -0.100000
v -0.373272 0.168587 0.100000
v -0.373272 0.168587 -0.100000
v -0.373082 0.178667 0.100000
v -0.373082 0.178667 -0.100000
v -0.372902 0.188741 0.100000
v -0.372902 0.188741 -0.100000
v -0.372744 0.198805 0.100000
v -0.372744 0.198805 -0.100000
v -0.372618 0.208852 0.100000
v -0.372618 0.208852 -0.100000
v -0.372534 0.218879 0.100000
v -0.372534 0.218879 -0.100000
v -0.372504 0.228879 0.100000
v -0.372504 0.228879 -0.100000
v -0.373726 0.250275 0.100000
v -0.373726 0.250275 -0.100000
v -0.377286 0.268202 0.100000
v -0.377286 0.268202 -0.100000
v -0.383029 0.282966 0.100000
v -0.383029 0.282966 -0.100000
v -0.390795 0.294874 0.100000
v -0.390795 0.294874 -0.100000
v -0.400428 0.304232 0.100000
v -0.400428 0.304232 -0.100000
v -0.411770 0.311348 0.100000
v -0.411770 0.311348 -0.100000
v -0.424665 0.316527 0.100000
v -0.424665 0.316527 -0.100000
v -0.438954 0.320077 0.100000
v -0.438954 0.320077 -0.100000
v -0.454481 0.322305 0.100000
v -0.454481 0.322305 -0.100000
v -0.471088 0.323516 0.100000
v -0.471088 0.323516 -0.100000
v -0.488618 0.324018 0.100000
v -0.488618 0.324018 -0.100000
v -0.506912 0.324117 0.100000
v -0.506912 0.324117 -0.100000
v -0.520542 0.324116 0.100000
v -0.520542 0.324116 -0.100000
v -0.534153 0.324049 0.100000
v -0.534153 0.324049 -0.100000
v -0.547727 0.323817 0.100000
v -0.547727 0.323817 -0.100000
v -0.561245 0.323320 0.100000
v -0.561245 0.323320 -0.100000
v -0.574688 0.322461 0.100000
v -0.574688 0.322461 -0.100000
v -0.588038 0.321141 0.100000
v -0.588038 0.321141 -0.100000
v -0.601275 0.319260 0.100000
v -0.601275 0.319260 -0.100000
v -0.614382 0.316721 0.100000
v -0.614382 0.316721 -0.100000
v -0.627340 0.313424 0.100000
v -0.627340 0.313424 -0.100000
v -0.640130 0.309271 0.100000
v -0.640130 0.309271 -0.100000
v -0.652733 0.304164 0.100000
v -0.652733 0.304164 -0.100000
v -0.665131 0.298003 0.100000
v -0.665131 0.298003 -0.100000
v -0.668891 0.295796 0.100000
v -0.668891 0.295796 -0.100000
v -0.672491 0.293402 0.100000
v -0.672491 0.293402 -0.100000
v -0.675931 0.290827 0.100000
v -0.675931 0.290827 -0.100000
v -0.679211 0.288075 0.100000
v -0.679211 0.288075 -0.100000
v -0.682332 0.285153 0.100000
v -0.682332 0.285153 -0.100000
v -0.685292 0.282066 0.100000
v -0.685292 0.282066 -0.100000
v -0.688092 0.278819 0.100000
v -0.688092 0.278819 -0.100000
v -0.690732 0.275417 0.100000
v -0.690732 0.275417 -0.100000
v -0.693212 0.271865 0.100000
v -0.693212 0.271865 -0.100000
v -0.695533 0.268170 0.100000
v -0.695533 0.268170 -0.100000
v -0.697693 0.264336 0.100000
v -0.697693 0.264336 -0.100000
v -0.699693 0.260369 0.100000
v -0.699693 0.260369 -0.100000
v -0.706766 0.243642 0.100000
v -0.706766 0.243642 -0.100000
v -0.712693 0.225504 0.100000
v -0.712693 0.225504 -0.100000
v -0.717574 0.206209 0.100000
v -0.717574 0.206209 -0.100000
v -0.721511 0.186010 0.100000
v -0.721511 0.186010 -0.100000
v -0.724606 0.165160 0.100000
v -0.724606 0.165160 -0.100000
v -0.726959 0.143913 0.100000
v -0.726959 0.143913 -0.100000
v -0.728672 0.122522 0.100000
v -0.728672 0.122522 -0.100000
v -0.729846 0.101240 0.100000
v -0.729846 0.101240 -0.100000
v -0.730583 0.080321 0.100000
v -0.730583 0.080321 -0.100000
v -0.730984 0.060018 0.100000
v -0.730984 0.060018 -0.100000
v -0.731150 0.040584 0.100000
v -0.731150 0.040584 -0.100000
v -0.731183 0.022273 0.100000
v -0.731183 0.022273 -0.100000
v -0.731183 -0.053763 0.100000
v -0.731183 -0.053763 -0.100000
v -0.564064 0.145366 0.100000
v -0.564064 0.145366 -0.100000
v -0.567297 0.145965 0.100000
v -0.567297 0.145965 -0.100000
v -0.570349 0.146937 0.100000
v -0.570349 0.146937 -0.100000
v -0.573192 0.148262 0.100000
v -0.573192 0.148262 -0.100000
v -0.575801 0.149917 0.100000
v -0.575801 0.149917 -0.100000
v -0.578149 0.151882 0.100000
v -0.578149 0.151882 -0.100000
v -0.580209 0.154134 0.100000
v -0.580209 0.154134 -0.100000
v -0.581954 0.156654 0.100000
v -0.581954 0.156654 -0.100000
v -0.583357 0.159418 0.100000
v -0.583357 0.159418 -0.100000
v -0.584393 0.162407 0.100000
v -0.584393 0.162407 -0.100000
v -0.585034 0.165598 0.100000
v -0.585034 0.165598 -0.100000
v -0.585253 0.168971 0.100000
v -0.585253 0.168971 -0.100000
v -0.584855 0.178383 0.100000
v -0.584855 0.178383 -0.100000
v -0.583664 0.186348 0.100000
v -0.583664 0.186348 -0.100000
v -0.581689 0.192984 0.100000
v -0.581689 0.192984 -0.100000
v -0.578938 0.198413 0.100000
v -0.578938 0.198413 -0.100000
v -0.575419 0.202753 0.100000
v -0.575419 0.202753 -0.100000
v -0.571141 0.206125 0.100000
v -0.571141 0.206125 -0.100000
v -0.566110 0.208649 0.100000
v -0.566110 0.208649 -0.100000
v -0.560335 0.210445 0.100000
v -0.560335 0.210445 -0.100000
v -0.553823 0.211634 0.100000
v -0.553823 0.211634 -0.100000
v -0.546584 0.212334 0.100000
v -0.546584 0.212334 -0.100000
v -0.538625 0.212666 0.100000
v -0.538625 0.212666 -0.100000
v -0.529954 0.212750 0.100000
v -0.529954 0.212750 -0.100000
v -0.525830 0.212678 0.100000
v -0.525830 0.212678 -0.100000
v -0.521925 0.212433 0.100000
v -0.521925 0.212433 -0.100000
v -0.518265 0.211970 0.100000
v -0.518265 0.211970 -0.100000
v -0.514877 0.211242 0.100000
v -0.514877 0.211242 -0.100000
v -0.511788 0.210205 0.100000
v -0.511788 0.210205 -0.100000
v -0.509025 0.208813 0.100000
v -0.509025 0.208813 -0.100000
v -0.506613 0.207022 0.100000
v -0.506613 0.207022 -0.100000
v -0.504580 0.204785 0.100000
v -0.504580 0.204785 -0.100000
v -0.502952 0.202057 0.100000
v -0.502952 0.202057 -0.100000
v -0.501757 0.198793 0.100000
v -0.501757 0.198793 -0.100000
v -0.501020 0.194948 0.100000
v -0.501020 0.194948 -0.100000
v -0.500768 0.190476 0.100000
v -0.500768 0.190476 -0.100000
v -0.500768 0.173579 0.100000
v -0.500768 0.173579 -0.100000
v -0.501247 0.168018 0.100000
v -0.501247 0.168018 -0.100000
v -0.502620 0.163207 0.100000
v -0.502620 0.163207 -0.100000
v -0.504788 0.159094 0.100000
v -0.504788 0.159094 -0.100000
v -0.507652 0.155630 0.100000
v -0.507652 0.155630 -0.100000
v -0.511113 0.152762 0.100000
v -0.511113 0.152762 -0.100000
v -0.515073 0.150442 0.100000
v -0.515073 0.150442 -0.100000
v -0.519433 0.148617 0.100000
v -0.519433 0.148617 -0.100000
v -0.524094 0.147238 0.100000
v -0.524094 0.147238 -0.100000
v -0.528958 0.146253 0.100000
v -0.528958 0.146253 -0.100000
v -0.533926 0.145613 0.100000
v -0.533926 0.145613 -0.100000
v -0.538899 0.145266 0.100000
v -0.538899 0.145266 -0.100000
v -0.543779 0.145161 0.100000
v -0.543779 0.145161 -0.100000
v -0.560676 0.145161 0.100000
v -0.560676 0.145161 -0.100000
v -0.210870 0.116527 0.100000
v -0.210870 0.116527 -0.100000
v -0.214485 0.118088 0.100000
v -0.214485 0.118088 -0.100000
v -0.217502 0.120512 0.100000
v -0.217502 0.120512 -0.100000
v -0.219975 0.123656 0.100000
v -0.219975 0.123656 -0.100000
v -0.221957 0.127376 0.100000
v -0.221957 0.127376 -0.100000
v -0.223502 0.131528 0.100000
v -0.223502 0.131528 -0.100000
v -0.224663 0.135969 0.100000
v -0.224663 0.135969 -0.100000
v -0.225494 0.140553 0.100000
v -0.225494 0.140553 -0.100000
v -0.226046 0.145137 0.100000
v -0.226046 0.145137 -0.100000
v -0.226375 0.149578 0.100000
v -0.226375 0.149578 -0.100000
v -0.226534 0.153730 0.100000
v -0.226534 0.153730 -0.100000
v -0.226574 0.157450 0.100000
v -0.226574 0.157450 -0.100000
v -0.226559 0.158779 0.100000
v -0.226559 0.158779 -0.100000
v -0.226518 0.160081 0.100000
v -0.226518 0.160081 -0.100000
v -0.226454 0.161362 0.100000
v -0.226454 0.161362 -0.100000
v -0.226375 0.162627 0.100000
v -0.226375 0.162627 -0.100000
v -0.226286 0.163882 0.100000
v -0.226286 0.163882 -0.100000
v -0.226190 0.165131 0.100000
v -0.226190 0.165131 -0.100000
v -0.226095 0.166380 0.100000
v -0.226095 0.166380 -0.100000
v -0.226006 0.167634 0.100000
v -0.226006 0.167634 -0.100000
v -0.225926 0.168899 0.100000
v -0.225926 0.168899 -0.100000
v -0.225863 0.170180 0.100000
v -0.225863 0.170180 -0.100000
v -0.225822 0.171482 0.100000
v -0.225822 0.171482 -0.100000
v -0.225806 0.172811 0.100000
v -0.225806 0.172811 -0.100000
v -0.225718 0.177550 0.100000
v -0.225718 0.177550 -0.100000
v -0.225422 0.181793 0.100000
v -0.225422 0.181793 -0.100000
v -0.224870 0.185556 0.100000
v -0.224870 0.185556 -0.100000
v -0.224014 0.188855 0.100000
v -0.224014 0.188855 -0.100000
v -0.222806 0.191706 0.100000
v -0.222806 0.191706 -0.100000
v -0.221198 0.194124 0.100000
v -0.221198 0.194124 -0.100000
v -0.219142 0.196127 0.100000
v -0.219142 0.196127 -0.100000
v -0.216590 0.197730 0.100000
v -0.216590 0.197730 -0.100000
v -0.213494 0.198949 0.100000
v -0.213494 0.198949 -0.100000
v -0.209805 0.199799 0.100000
v -0.209805 0.199799 -0.100000
v -0.205477 0.200298 0.100000
v -0.205477 0.200298 -0.100000
v -0.200461 0.200461 0.100000
v -0.200461 0.200461 -0.100000
v -0.194724 0.200026 0.100000
v -0.194724 0.200026 -0.100000
v -0.189765 0.198775 0.100000
v -0.189765 0.198775 -0.100000
v -0.185532 0.196789 0.100000
v -0.185532 0.196789 -0.100000
v -0.181971 0.194146 0.100000
v -0.181971 0.194146 -0.100000
v -0.179028 0.190927 0.100000
v -0.179028 0.190927 -0.100000
v -0.176651 0.187212 0.100000
v -0.176651 0.187212 -0.100000
v -0.174786 0.183081 0.100000
v -0.174786 0.183081 -0.100000
v -0.173380 0.178614 0.100000
v -0.173380 0.178614 -0.100000
v -0.172379 0.173891 0.100000
v -0.172379 0.173891 -0.100000
v -0.171730 0.168992 0.100000
v -0.171730 0.168992 -0.100000
v -0.171380 0.163997 0.100000
v -0.171380 0.163997 -0.100000
v -0.171275 0.158986 0.100000
v -0.171275 0.158986 -0.100000
v -0.171275 0.139017 0.100000
v -0.171275 0.139017 -0.100000
v -0.171390 0.135498 0.100000
v -0.171390 0.135498 -0.100000
v -0.171744 0.132243 0.100000
v -0.171744 0.132243 -0.100000
v -0.172355 0.129260 0.100000
v -0.172355 0.129260 -0.100000
v -0.173238 0.126557 0.100000
v -0.173238 0.126557 -0.100000
v -0.174408 0.124143 0.100000
v -0.174408 0.124143 -0.100000
v -0.175883 0.122024 0.100000
v -0.175883 0.122024 -0.100000
v -0.177678 0.120209 0.100000
v -0.177678 0.120209 -0.100000
v -0.179809 0.118706 0.100000
v -0.179809 0.118706 -0.100000
v -0.182292 0.117524 0.100000
v -0.182292 0.117524 -0.100000
v -0.185143 0.116669 0.100000
v -0.185143 0.116669 -0.100000
v -0.188377 0.116150 0.100000
v -0.188377 0.116150 -0.100000
v -0.192012 0.115975 0.100000
v -0.192012 0.115975 -0.100000
v -0.206605 0.115975 0.100000
v -0.206605 0.115975 -0.100000
v -0.502845 -0.005509 0.100000
v -0.502845 -0.005509 -0.100000
v -0.504388 -0.010596 0.100000
v -0.504388 -0.010596 -0.100000
v -0.506816 -0.014617 0.100000
v -0.506816 -0.014617 -0.100000
v -0.510013 -0.017694 0.100000
v -0.510013 -0.017694 -0.100000
v -0.513860 -0.019949 0.100000
v -0.513860 -0.019949 -0.100000
v -0.518241 -0.021505 0.100000
v -0.518241 -0.021505 -0.100000
v -0.523038 -0.022486 0.100000
v -0.523038 -0.022486 -0.100000
v -0.528133 -0.023013 0.100000
v -0.528133 -0.023013 -0.100000
v -0.533410 -0.023209 0.100000
v -0.533410 -0.023209 -0.100000
v -0.538751 -0.023198 0.100000
v -0.538751 -0.023198 -0.100000
v -0.544038 -0.023101 0.100000
v -0.544038 -0.023101 -0.100000
v -0.549155 -0.023041 0.100000
v -0.549155 -0.023041 -0.100000
v -0.556571 -0.022842 0.100000
v -0.556571 -0.022842 -0.100000
v -0.563104 -0.022213 0.100000
v -0.563104 -0.022213 -0.100000
v -0.568800 -0.021109 0.100000
v -0.568800 -0.021109 -0.100000
v -0.573704 -0.019486 0.100000
v -0.573704 -0.019486 -0.100000
v -0.577861 -0.017297 0.100000
v -0.577861 -0.017297 -0.100000
v -0.581317 -0.014497 0.100000
v -0.581317 -0.014497 -0.100000
v -0.584117 -0.011041 0.100000
v -0.584117 -0.011041 -0.100000
v -0.586306 -0.006884 0.100000
v -0.586306 -0.006884 -0.100000
v -0.587930 -0.001980 0.100000
v -0.587930 -0.001980 -0.100000
v -0.589033 0.003716 0.100000
v -0.589033 0.003716 -0.100000
v -0.589662 0.010249 0.100000
v -0.589662 0.010249 -0.100000
v -0.589862 0.017665 0.100000
v -0.589862 0.017665 -0.100000
v -0.589426 0.024063 0.100000
v -0.589426 0.024063 -0.100000
v -0.588166 0.029485 0.100000
v -0.588166 0.029485 -0.100000
v -0.586154 0.034010 0.100000
v -0.586154 0.034010 -0.100000
v -0.583461 0.037720 0.100000
v -0.583461 0.037720 -0.100000
v -0.580161 0.040693 0.100000
v -0.580161 0.040693 -0.100000
v -0.576325 0.043011 0.100000
v -0.576325 0.043011 -0.100000
v -0.572025 0.044752 0.100000
v -0.572025 0.044752 -0.100000
v -0.567332 0.045998 0.100000
v -0.567332 0.045998 -0.100000
v -0.562320 0.046827 0.100000
v -0.562320 0.046827 -0.100000
v -0.557060 0.047320 0.100000
v -0.557060 0.047320 -0.100000
v -0.551623 0.047558 0.100000
v -0.551623 0.047558 -0.100000
v -0.546083 0.047619 0.100000
v -0.546083 0.047619 -0.100000
v -0.532258 0.047619 0.100000
v -0.532258 0.047619 -0.100000
v -0.529087 0.047595 0.100000
v -0.529087 0.047595 -0.100000
v -0.525772 0.047487 0.100000
v -0.525772 0.047487 -0.100000
v -0.522393 0.047247 0.100000
v -0.522393 0.047247 -0.100000
v -0.519031 0.046823 0.100000
v -0.519031 0.046823 -0.100000
v -0.515764 0.046163 0.100000
v -0.515764 0.046163 -0.100000
v -0.512673 0.045219 0.100000
v -0.512673 0.045219 -0.100000
v -0.509838 0.043938 0.100000
v -0.509838 0.043938 -0.100000
v -0.507339 0.042271 0.100000
v -0.507339 0.042271 -0.100000
v -0.505256 0.040167 0.100000
v -0.505256 0.040167 -0.100000
v -0.503670 0.037574 0.100000
v -0.503670 0.037574 -0.100000
v -0.502659 0.034443 0.100000
v -0.502659 0.034443 -0.100000
v -0.502304 0.030722 0.100000
v -0.502304 0.030722 -0.100000
v -0.502304 0.000768 0.100000
v -0.502304 0.000768 -0.100000
v -0.167583 -0.050059 0.100000
v -0.167583 -0.050059 -0.100000
v -0.168046 -0.054656 0.100000
v -0.168046 -0.054656 -0.100000
v -0.168851 -0.059056 0.100000
v -0.168851 -0.059056 -0.100000
v -0.170023 -0.063208 0.100000
v -0.170023 -0.063208 -0.100000
v -0.171591 -0.067061 0.100000
v -0.171591 -0.067061 -0.100000
v -0.173579 -0.070565 0.100000
v -0.173579 -0.070565 -0.100000
v -0.176016 -0.073668 0.100000
v -0.176016 -0.073668 -0.100000
v -0.178927 -0.076321 0.100000
v -0.178927 -0.076321 -0.100000
v -0.182340 -0.078473 0.100000
v -0.182340 -0.078473 -0.100000
v -0.186280 -0.080073 0.100000
v -0.186280 -0.080073 -0.100000
v -0.190776 -0.081070 0.100000
v -0.190776 -0.081070 -0.100000
v -0.195853 -0.081413 0.100000
v -0.195853 -0.081413 -0.100000
v -0.201413 -0.081114 0.100000
v -0.201413 -0.081114 -0.100000
v -0.206225 -0.080236 0.100000
v -0.206225 -0.080236 -0.100000
v -0.210337 -0.078809 0.100000
v -0.210337 -0.078809 -0.100000
v -0.213802 -0.076862 0.100000
v -0.213802 -0.076862 -0.100000
v -0.216669 -0.074424 0.100000
v -0.216669 -0.074424 -0.100000
v -0.218990 -0.071525 0.100000
v -0.218990 -0.071525 -0.100000
v -0.220815 -0.068193 0.100000
v -0.220815 -0.068193 -0.100000
v -0.222194 -0.064459 0.100000
v -0.222194 -0.064459 -0.100000
v -0.223178 -0.060352 0.100000
v -0.223178 -0.060352 -0.100000
v -0.223819 -0.055900 0.100000
v -0.223819 -0.055900 -0.100000
v -0.224166 -0.051134 0.100000
v -0.224166 -0.051134 -0.100000
v -0.224270 -0.046083 0.100000
v -0.224270 -0.046083 -0.100000
v -0.224255 -0.044532 0.100000
v -0.224255 -0.044532 -0.100000
v -0.224213 -0.042954 0.100000
v -0.224213 -0.042954 -0.100000
v -0.224150 -0.041355 0.100000
v -0.224150 -0.041355 -0.100000
v -0.224071 -0.039739 0.100000
v -0.224071 -0.039739 -0.100000
v -0.223981 -0.038114 0.100000
v -0.223981 -0.038114 -0.100000
v -0.223886 -0.036482 0.100000
v -0.223886 -0.036482 -0.100000
v -0.223791 -0.034851 0.100000
v -0.223791 -0.034851 -0.100000
v -0.223701 -0.033225 0.100000
v -0.223701 -0.033225 -0.100000
v -0.223622 -0.031610 0.100000
v -0.223622 -0.031610 -0.100000
v -0.223559 -0.030011 0.100000
v -0.223559 -0.030011 -0.100000
v -0.223517 -0.028433 0.100000
v -0.223517 -0.028433 -0.100000
v -0.223502 -0.026882 0.100000
v -0.223502 -0.026882 -0.100000
v -0.223337 -0.021392 0.100000
v -0.223337 -0.021392 -0.100000
v -0.222823 -0.016435 0.100000
v -0.222823 -0.016435 -0.100000
v -0.221930 -0.012001 0.100000
v -0.221930 -0.012001 -0.100000
v -0.220629 -0.008079 0.100000
v -0.220629 -0.008079 -0.100000
v -0.218891 -0.004658 0.100000
v -0.218891 -0.004658 -0.100000
v -0.216686 -0.001728 0.100000
v -0.216686 -0.001728 -0.100000
v -0.213985 0.000722 0.100000
v -0.213985 0.000722 -0.100000
v -0.210758 0.002702 0.100000
v -0.210758 0.002702 -0.100000
v -0.206977 0.004224 0.100000
v -0.206977 0.004224 -0.100000
v -0.202612 0.005298 0.100000
v -0.202612 0.005298 -0.100000
v -0.197634 0.005935 0.100000
v -0.197634 0.005935 -0.100000
v -0.192012 0.006144 0.100000
v -0.192012 0.006144 -0.100000
v -0.187172 0.005817 0.100000
v -0.187172 0.005817 -0.100000
v -0.182991 0.004868 0.100000
v -0.182991 0.004868 -0.100000
v -0.179423 0.003348 0.100000
v -0.179423 0.003348 -0.100000
v -0.176424 0.001309 0.100000
v -0.176424 0.001309 -0.100000
v -0.173947 -0.001201 0.100000
v -0.173947 -0.001201 -0.100000
v -0.171947 -0.004128 0.100000
v -0.171947 -0.004128 -0.100000
v -0.170379 -0.007424 0.100000
v -0.170379 -0.007424 -0.100000
v -0.169198 -0.011037 0.100000
v -0.169198 -0.011037 -0.100000
v -0.168359 -0.014917 0.100000
v -0.168359 -0.014917 -0.100000
v -0.167815 -0.019013 0.100000
v -0.167815 -0.019013 -0.100000
v -0.167522 -0.023274 0.100000
v -0.167522 -0.023274 -0.100000
v -0.167435 -0.027650 0.100000
v -0.167435 -0.027650 -0.100000
v -0.167435 -0.045315 0.100000
v -0.167435 -0.045315 -0.100000
vn -0.0000 -0.0000 -1.0000
vn -0.0000 -0.0000 1.0000
vn -0.3057 -0.9521 -0.0000
vn -0.5414 -0.8407 -0.0000
vn -0.6944 -0.7196 -0.0000
vn -0.7883 -0.6153 -0.0000
vn -0.8464 -0.5326 -0.0000
vn -0.8836 -0.4683 -0.0000
vn -0.8835 -0.4683 -0.0000
vn -0.9082 -0.4186 -0.0000
vn -0.9081 -0.4186 -0.0000
vn -0.9249 -0.3803 -0.0000
vn -0.9363 -0.3513 -0.0000
vn -0.9438 -0.3306 -0.0000
vn -0.9478 -0.3187 -0.0000
vn -0.9478 -0.3188 -0.0000
vn -0.9502 -0.3118 -0.0000
vn -0.9539 -0.3002 -0.0000
vn -0.9588 -0.2840 -0.0000
vn -0.9635 -0.2677 -0.0000
vn -0.9678 -0.2517 -0.0000
vn -0.9678 -0.2518 -0.0000
vn -0.9717 -0.2364 -0.0000
vn -0.9717 -0.2363 -0.0000
vn -0.9751 -0.2218 -0.0000
vn -0.9780 -0.2084 -0.0000
vn -0.9805 -0.1964 -0.0000
vn -0.9826 -0.1859 -0.0000
vn -0.9842 -0.1771 -0.0000
vn -0.9854 -0.1700 -0.0000
vn -0.9832 -0.1824 -0.0000
vn -0.9798 -0.2001 -0.0000
vn -0.9788 -0.2051 -0.0000
vn -0.9788 -0.2050 -0.0000
vn -0.9774 -0.2112 -0.0000
vn -0.9758 -0.2186 -0.0000
vn -0.9738 -0.2273 -0.0000
vn -0.9715 -0.2372 -0.0000
vn -0.9687 -0.2484 -0.0000
vn -0.9653 -0.2610 -0.0000
vn -0.9615 -0.2750 -0.0000
vn -0.9569 -0.2905 -0.0000
vn -0.9515 -0.3075 -0.0000
vn -0.9457 -0.3249 -0.0000
vn -0.9406 -0.3394 -0.0000
vn -0.9363 -0.3511 -0.0000
vn -0.9321 -0.3622 -0.0000
vn -0.9280 -0.3727 -0.0000
vn -0.9240 -0.3825 -0.0000
vn -0.9201 -0.3916 -0.0000
vn -0.9165 -0.4001 -0.0000
vn -0.9130 -0.4079 -0.0000
vn -0.9098 -0.4151 -0.0000
vn -0.9068 -0.4216 -0.0000
vn -0.9041 -0.4274 -0.0000
vn -0.8962 -0.4436 -0.0000
vn -0.8773 -0.4800 -0.0000
vn -0.8540 -0.5203 -0.0000
vn -0.8339 -0.5519 -0.0000
vn -0.8162 -0.5778 -0.0000
vn -0.7999 -0.6002 -0.0000
vn -0.7843 -0.6204 -0.0000
vn -0.7688 -0.6395 -0.0000
vn -0.7527 -0.6584 -0.0000
vn -0.7351 -0.6780 -0.0000
vn -0.7147 -0.6994 -0.0000
vn -0.6898 -0.7240 -0.0000
vn -0.6665 -0.7455 -0.0000
vn -0.6488 -0.7609 -0.0000
vn -0.6298 -0.7768 -0.0000
vn -0.6061 -0.7954 -0.0000
vn -0.5771 -0.8167 -0.0000
vn -0.5418 -0.8405 -0.0000
vn -0.4991 -0.8666 -0.0000
vn -0.4473 -0.8944 -0.0000
vn -0.3848 -0.9230 -0.0000
vn -0.3849 -0.9230 -0.0000
vn -0.3098 -0.9508 -0.0000
vn -0.2206 -0.9754 -0.0000
vn -0.1165 -0.9932 -0.0000
vn 0.0402 -0.9992 -0.0000
vn 0.2690 -0.9632 -0.0000
vn 0.4867 -0.8736 -0.0000
vn 0.6361 -0.7716 -0.0000
vn 0.7305 -0.6829 -0.0000
vn 0.7879 -0.6159 -0.0000
vn 0.8208 -0.5712 -0.0000
vn 0.8362 -0.5484 -0.0000
vn 0.8358 -0.5490 -0.0000
vn 0.8157 -0.5785 -0.0000
vn 0.7602 -0.6497 -0.0000
vn 0.6209 -0.7839 -0.0000
vn -0.0419 -0.9991 -0.0000
vn -0.6394 -0.7689 -0.0000
vn -0.7468 -0.6650 -0.0000
vn -0.8422 -0.5391 -0.0000
vn -0.9153 -0.4027 -0.0000
vn -0.9154 -0.4026 -0.0000
vn -0.9626 -0.2708 -0.0000
vn -0.9877 -0.1565 -0.0000
vn -0.9978 -0.0670 -0.0000
vn -1.0000 -0.0043 -0.0000
vn -0.9995 0.0322 -0.0000
vn -0.9995 0.0323 -0.0000
vn -0.9990 0.0440 -0.0000
vn -0.9995 0.0319 -0.0000
vn -0.9995 0.0318 -0.0000
vn -0.9972 -0.0742 -0.0000
vn -0.9972 -0.0743 -0.0000
vn -0.9382 -0.3461 -0.0000
vn -0.7620 -0.6476 -0.0000
vn -0.5462 -0.8376 -0.0000
vn -0.3630 -0.9318 -0.0000
vn -0.2284 -0.9736 -0.0000
vn -0.1331 -0.9911 -0.0000
vn -0.0660 -0.9978 -0.0000
vn -0.0193 -0.9998 -0.0000
vn 0.0113 -0.9999 -0.0000
vn 0.0271 -0.9996 -0.0000
vn 0.0249 -0.9997 -0.0000
vn 0.0138 -0.9999 -0.0000
vn 0.0171 -0.9999 -0.0000
vn 0.0315 -0.9995 -0.0000
vn 0.0427 -0.9991 -0.0000
vn 0.0507 -0.9987 -0.0000
vn 0.0555 -0.9985 -0.0000
vn 0.0571 -0.9984 -0.0000
vn -0.0022 -1.0000 -0.0000
vn -0.0262 -0.9997 -0.0000
vn -0.0507 -0.9987 -0.0000
vn -0.0738 -0.9973 -0.0000
vn -0.0964 -0.9953 -0.0000
vn -0.0963 -0.9953 -0.0000
vn -0.1188 -0.9929 -0.0000
vn -0.1416 -0.9899 -0.0000
vn -0.1653 -0.9862 -0.0000
vn -0.1903 -0.9817 -0.0000
vn -0.2173 -0.9761 -0.0000
vn -0.2469 -0.9690 -0.0000
vn -0.2799 -0.9600 -0.0000
vn -0.6115 -0.7912 -0.0000
vn -0.8440 -0.5364 -0.0000
vn -0.8439 -0.5365 -0.0000
vn -0.8371 -0.5471 -0.0000
vn -0.8365 -0.5479 -0.0000
vn -0.8366 -0.5479 -0.0000
vn -0.8411 -0.5409 -0.0000
vn -0.8501 -0.5266 -0.0000
vn -0.8635 -0.5043 -0.0000
vn -0.8636 -0.5042 -0.0000
vn -0.8814 -0.4724 -0.0000
vn -0.9037 -0.4281 -0.0000
vn -0.9303 -0.3667 -0.0000
vn -0.9303 -0.3668 -0.0000
vn -0.9597 -0.2809 -0.0000
vn -0.9597 -0.2810 -0.0000
vn -0.9871 -0.1602 -0.0000
vn -0.7356 -0.6774 -0.0000
vn -0.7356 -0.6775 -0.0000
vn -0.1479 -0.9890 -0.0000
vn -0.1058 -0.9944 -0.0000
vn -0.0706 -0.9975 -0.0000
vn -0.0417 -0.9991 -0.0000
vn -0.0186 -0.9998 -0.0000
vn -0.0008 -1.0000 -0.0000
vn 0.0118 -0.9999 -0.0000
vn 0.0196 -0.9998 -0.0000
vn 0.0224 -0.9997 -0.0000
vn 0.0202 -0.9998 -0.0000
vn 0.0125 -0.9999 -0.0000
vn 0.0046 -1.0000 -0.0000
vn 0.0074 -1.0000 -0.0000
vn 0.0236 -0.9997 -0.0000
vn 0.0502 -0.9987 -0.0000
vn 0.0872 -0.9962 -0.0000
vn 0.1354 -0.9908 -0.0000
vn 0.1957 -0.9807 -0.0000
vn 0.2689 -0.9632 -0.0000
vn 0.3554 -0.9347 -0.0000
vn 0.4540 -0.8910 -0.0000
vn 0.5612 -0.8277 -0.0000
vn 0.6707 -0.7418 -0.0000
vn 0.7873 -0.6166 -0.0000
vn 0.8860 -0.4636 -0.0000
vn 0.9411 -0.3382 -0.0000
vn 0.9675 -0.2529 -0.0000
vn 0.9813 -0.1925 -0.0000
vn 0.9890 -0.1479 -0.0000
vn 0.9935 -0.1137 -0.0000
vn 0.9962 -0.0866 -0.0000
vn 0.9979 -0.0644 -0.0000
vn 0.9990 -0.0458 -0.0000
vn 0.9996 -0.0296 -0.0000
vn 0.9999 -0.0148 -0.0000
vn 0.9994 0.0359 -0.0000
vn 0.9859 0.1675 -0.0000
vn 0.9378 0.3472 -0.0000
vn 0.8519 0.5237 -0.0000
vn 0.7357 0.6773 -0.0000
vn 0.6054 0.7959 -0.0000
vn 0.6055 0.7959 -0.0000
vn 0.4773 0.8788 -0.0000
vn 0.3614 0.9324 -0.0000
vn 0.2616 0.9652 -0.0000
vn 0.1777 0.9841 -0.0000
vn 0.1079 0.9942 -0.0000
vn 0.0498 0.9988 -0.0000
vn 0.0097 1.0000 -0.0000
vn -0.0077 1.0000 -0.0000
vn -0.0142 0.9999 -0.0000
vn -0.0191 0.9998 -0.0000
vn -0.0226 0.9997 -0.0000
vn -0.0247 0.9997 -0.0000
vn -0.0254 0.9997 -0.0000
vn 0.0014 1.0000 -0.0000
vn 0.0129 0.9999 -0.0000
vn 0.0237 0.9997 -0.0000
vn 0.0321 0.9995 -0.0000
vn 0.0380 0.9993 -0.0000
vn 0.0415 0.9991 -0.0000
vn 0.0426 0.9991 -0.0000
vn 0.0412 0.9992 -0.0000
vn 0.0375 0.9993 -0.0000
vn 0.0314 0.9995 -0.0000
vn 0.0231 0.9997 -0.0000
vn 0.0124 0.9999 -0.0000
vn -0.0014 1.0000 -0.0000
vn -0.0214 0.9998 -0.0000
vn -0.0496 0.9988 -0.0000
vn -0.0862 0.9963 -0.0000
vn -0.1315 0.9913 -0.0000
vn -0.1855 0.9826 -0.0000
vn -0.2480 0.9688 -0.0000
vn -0.3182 0.9480 -0.0000
vn -0.3946 0.9188 -0.0000
vn -0.4749 0.8800 -0.0000
vn -0.5559 0.8312 -0.0000
vn -0.6344 0.7730 -0.0000
vn -0.7223 0.6916 -0.0000
vn -0.8228 0.5684 -0.0000
vn -0.8227 0.5684 -0.0000
vn -0.9051 0.4253 -0.0000
vn -0.9548 0.2973 -0.0000
vn -0.9807 0.1953 -0.0000
vn -0.9925 0.1225 -0.0000
vn -0.9969 0.0783 -0.0000
vn -0.9981 0.0611 -0.0000
vn -0.9975 0.0701 -0.0000
vn -0.9944 0.1059 -0.0000
vn -0.9854 0.1702 -0.0000
vn -0.9644 0.2645 -0.0000
vn -0.9644 0.2644 -0.0000
vn -0.9285 0.3713 -0.0000
vn -0.9126 0.4089 -0.0000
vn -0.9126 0.4088 -0.0000
vn -0.9198 0.3924 -0.0000
vn -0.9198 0.3923 -0.0000
vn -0.9179 0.3969 -0.0000
vn -0.9178 0.3970 -0.0000
vn -0.9077 0.4196 -0.0000
vn -0.9077 0.4197 -0.0000
vn -0.8880 0.4598 -0.0000
vn -0.8554 0.5180 -0.0000
vn -0.8553 0.5181 -0.0000
vn -0.8035 0.5954 -0.0000
vn -0.8034 0.5955 -0.0000
vn -0.7230 0.6908 -0.0000
vn -0.7229 0.6909 -0.0000
vn -0.6026 0.7980 -0.0000
vn -0.4345 0.9007 -0.0000
vn -0.4345 0.9006 -0.0000
vn -0.2253 0.9743 -0.0000
vn 0.0620 0.9981 -0.0000
vn 0.4027 0.9153 -0.0000
vn 0.6455 0.7637 -0.0000
vn 0.7702 0.6379 -0.0000
vn 0.8384 0.5451 -0.0000
vn 0.8798 0.4753 -0.0000
vn 0.9077 0.4196 -0.0000
vn 0.9283 0.3719 -0.0000
vn 0.9450 0.3271 -0.0000
vn 0.9600 0.2802 -0.0000
vn 0.9599 0.2802 -0.0000
vn 0.9748 0.2232 -0.0000
vn 0.9903 0.1389 -0.0000
vn 0.9999 -0.0120 -0.0000
vn 0.9632 -0.2687 -0.0000
vn 0.7990 -0.6013 -0.0000
vn 0.5071 -0.8619 -0.0000
vn 0.2424 -0.9702 -0.0000
vn 0.0988 -0.9951 -0.0000
vn 0.0653 -0.9979 -0.0000
vn 0.1224 -0.9925 -0.0000
vn 0.2639 -0.9646 -0.0000
vn 0.4753 -0.8798 -0.0000
vn 0.7024 -0.7118 -0.0000
vn 0.8724 -0.4888 -0.0000
vn 0.9503 -0.3112 -0.0000
vn 0.9733 -0.2296 -0.0000
vn 0.9733 -0.2295 -0.0000
vn 0.9821 -0.1882 -0.0000
vn 0.9885 -0.1515 -0.0000
vn 0.9884 -0.1516 -0.0000
vn 0.9929 -0.1193 -0.0000
vn 0.9958 -0.0912 -0.0000
vn 0.9977 -0.0672 -0.0000
vn 0.9989 -0.0470 -0.0000
vn 0.9989 -0.0469 -0.0000
vn 0.9995 -0.0305 -0.0000
vn 0.9995 -0.0304 -0.0000
vn 0.9998 -0.0175 -0.0000
vn 1.0000 -0.0082 -0.0000
vn 1.0000 -0.0026 -0.0000
vn 1.0000 -0.0011 -0.0000
vn 1.0000 -0.0028 -0.0000
vn 1.0000 -0.0052 -0.0000
vn 1.0000 -0.0071 -0.0000
vn 1.0000 -0.0084 -0.0000
vn 1.0000 -0.0092 -0.0000
vn 1.0000 -0.0094 -0.0000
vn 1.0000 0.0018 -0.0000
vn 1.0000 0.0095 -0.0000
vn 0.9998 0.0183 -0.0000
vn 0.9998 0.0184 -0.0000
vn 0.9996 0.0275 -0.0000
vn 0.9993 0.0375 -0.0000
vn 0.9988 0.0492 -0.0000
vn 0.9980 0.0632 -0.0000
vn 0.9967 0.0806 -0.0000
vn 0.9947 0.1032 -0.0000
vn 0.9910 0.1336 -0.0000
vn 0.9842 0.1772 -0.0000
vn 0.9696 0.2446 -0.0000
vn 0.9184 0.3958 -0.0000
vn 0.9184 0.3957 -0.0000
vn 0.7787 0.6274 -0.0000
vn 0.7787 0.6273 -0.0000
vn 0.5651 0.8250 -0.0000
vn 0.3537 0.9354 -0.0000
vn 0.1953 0.9807 -0.0000
vn 0.1005 0.9949 -0.0000
vn 0.0651 0.9979 -0.0000
vn 0.0900 0.9959 -0.0000
vn 0.1901 0.9818 -0.0000
vn 0.3934 0.9194 -0.0000
vn 0.6880 0.7257 -0.0000
vn 0.9282 0.3721 -0.0000
vn 0.9282 0.3722 -0.0000
vn 0.9988 0.0489 -0.0000
vn 0.9918 -0.1279 -0.0000
vn 0.9716 -0.2367 -0.0000
vn 0.9475 -0.3196 -0.0000
vn 0.9476 -0.3196 -0.0000
vn 0.9265 -0.3763 -0.0000
vn 0.9128 -0.4083 -0.0000
vn 0.9087 -0.4174 -0.0000
vn 0.9146 -0.4044 -0.0000
vn 0.9295 -0.3689 -0.0000
vn 0.9507 -0.3100 -0.0000
vn 0.9738 -0.2272 -0.0000
vn 0.9926 -0.1216 -0.0000
vn 0.9818 0.1901 -0.0000
vn 0.7927 0.6096 -0.0000
vn 0.5844 0.8115 -0.0000
vn 0.4805 0.8770 -0.0000
vn 0.4202 0.9074 -0.0000
vn 0.3798 0.9251 -0.0000
vn 0.3493 0.9370 -0.0000
vn 0.3234 0.9463 -0.0000
vn 0.2986 0.9544 -0.0000
vn 0.2707 0.9627 -0.0000
vn 0.2326 0.9726 -0.0000
vn 0.1615 0.9869 -0.0000
vn -0.0205 0.9998 -0.0000
vn -0.3102 0.9507 -0.0000
vn -0.5763 0.8172 -0.0000
vn -0.7519 0.6593 -0.0000
vn -0.8484 0.5293 -0.0000
vn -0.8966 0.4429 -0.0000
vn -0.9170 0.3990 -0.0000
vn -0.9184 0.3957 -0.0000
vn -0.8994 0.4371 -0.0000
vn -0.8446 0.5353 -0.0000
vn -0.7108 0.7034 -0.0000
vn -0.4257 0.9048 -0.0000
vn -0.0233 0.9997 -0.0000
vn 0.3621 0.9322 -0.0000
vn 0.6527 0.7576 -0.0000
vn 0.6527 0.7577 -0.0000
vn 0.8195 0.5731 -0.0000
vn 0.8977 0.4406 -0.0000
vn 0.9307 0.3659 -0.0000
vn 0.9403 0.3403 -0.0000
vn 0.9403 0.3402 -0.0000
vn 0.9330 0.3600 -0.0000
vn 0.9330 0.3599 -0.0000
vn 0.9033 0.4290 -0.0000
vn 0.8303 0.5573 -0.0000
vn 0.6688 0.7435 -0.0000
vn 0.3757 0.9267 -0.0000
vn 0.0723 0.9974 -0.0000
vn -0.0771 0.9970 -0.0000
vn -0.1341 0.9910 -0.0000
vn -0.1822 0.9833 -0.0000
vn -0.2294 0.9733 -0.0000
vn -0.2808 0.9598 -0.0000
vn -0.3409 0.9401 -0.0000
vn -0.4151 0.9098 -0.0000
vn -0.5102 0.8601 -0.0000
vn -0.6336 0.7737 -0.0000
vn -0.7854 0.6189 -0.0000
vn -0.9341 0.3571 -0.0000
vn -0.9978 0.0658 -0.0000
vn -0.9933 -0.1157 -0.0000
vn -0.9760 -0.2177 -0.0000
vn -0.9543 -0.2989 -0.0000
vn -0.9342 -0.3567 -0.0000
vn -0.9204 -0.3910 -0.0000
vn -0.9155 -0.4024 -0.0000
vn -0.9992 0.0405 -0.0000
vn -0.9585 0.2851 -0.0000
vn -0.8414 0.5405 -0.0000
vn -0.6915 0.7224 -0.0000
vn -0.5555 0.8315 -0.0000
vn -0.4526 0.8917 -0.0000
vn -0.3837 0.9235 -0.0000
vn -0.3449 0.9386 -0.0000
vn -0.3338 0.9427 -0.0000
vn -0.3507 0.9365 -0.0000
vn -0.4004 0.9163 -0.0000
vn -0.4921 0.8705 -0.0000
vn -0.5913 0.8065 -0.0000
vn -0.6951 0.7190 -0.0000
vn -0.6951 0.7189 -0.0000
vn -0.7940 0.6079 -0.0000
vn -0.8587 0.5125 -0.0000
vn -0.9005 0.4348 -0.0000
vn -0.9276 0.3735 -0.0000
vn -0.9452 0.3264 -0.0000
vn -0.9566 0.2913 -0.0000
vn -0.9637 0.2668 -0.0000
vn -0.9676 0.2524 -0.0000
vn -0.9687 0.2482 -0.0000
vn -0.9668 0.2556 -0.0000
vn -0.9722 0.2340 -0.0000
vn -0.9833 0.1822 -0.0000
vn -0.9899 0.1415 -0.0000
vn -0.9939 0.1102 -0.0000
vn -0.9963 0.0857 -0.0000
vn -0.9978 0.0660 -0.0000
vn -0.9988 0.0499 -0.0000
vn -0.9993 0.0367 -0.0000
vn -0.9997 0.0259 -0.0000
vn -0.9999 0.0169 -0.0000
vn -1.0000 0.0097 -0.0000
vn -1.0000 0.0042 -0.0000
vn -1.0000 0.0063 -0.0000
vn -0.9999 0.0156 -0.0000
vn -0.9998 0.0199 -0.0000
vn -0.9999 0.0154 -0.0000
vn -1.0000 0.0044 -0.0000
vn -0.9999 -0.0128 -0.0000
vn -0.9993 -0.0369 -0.0000
vn -0.9976 -0.0697 -0.0000
vn -0.9934 -0.1145 -0.0000
vn -0.9843 -0.1768 -0.0000
vn -0.9640 -0.2658 -0.0000
vn -0.9179 -0.3967 -0.0000
vn -0.8205 -0.5717 -0.0000
vn -0.6653 -0.7466 -0.0000
vn -0.4802 -0.8772 -0.0000
vn -0.3022 -0.9532 -0.0000
vn -0.1648 -0.9863 -0.0000
vn -0.0804 -0.9968 -0.0000
vn -0.0499 -0.9988 -0.0000
vn -0.1563 -0.9877 -0.0000
vn -0.3023 -0.9532 -0.0000
vn -0.5012 -0.8654 -0.0000
vn -0.7083 -0.7059 -0.0000
vn -0.8405 -0.5419 -0.0000
vn -0.8956 -0.4448 -0.0000
vn -0.9250 -0.3800 -0.0000
vn -0.9469 -0.3216 -0.0000
vn -0.9631 -0.2692 -0.0000
vn -0.9750 -0.2223 -0.0000
vn -0.9836 -0.1803 -0.0000
vn -0.9898 -0.1427 -0.0000
vn -0.9941 -0.1087 -0.0000
vn -0.9970 -0.0780 -0.0000
vn -0.9988 -0.0499 -0.0000
vn -0.9997 -0.0242 -0.0000
vn -1.0000 -0.0046 -0.0000
vn -1.0000 0.0048 -0.0000
vn -1.0000 0.0088 -0.0000
vn -0.9999 0.0120 -0.0000
vn -0.9999 0.0142 -0.0000
vn -0.9999 0.0161 -0.0000
vn -0.9999 0.0157 -0.0000
vn -0.9999 0.0144 -0.0000
vn -0.9999 0.0122 -0.0000
vn -1.0000 0.0090 -0.0000
vn -1.0000 0.0049 -0.0000
vn -0.9997 0.0231 -0.0000
vn -0.9957 0.0926 -0.0000
vn -0.9801 0.1983 -0.0000
vn -0.9480 0.3183 -0.0000
vn -0.8936 0.4489 -0.0000
vn -0.8131 0.5821 -0.0000
vn -0.7071 0.7071 -0.0000
vn -0.5821 0.8131 -0.0000
vn -0.4489 0.8936 -0.0000
vn -0.3183 0.9480 -0.0000
vn -0.1983 0.9801 -0.0000
vn -0.0925 0.9957 -0.0000
vn 0.0953 0.9955 -0.0000
vn 0.4368 0.8996 -0.0000
vn 0.7314 0.6820 -0.0000
vn 0.7313 0.6820 -0.0000
vn 0.8746 0.4849 -0.0000
vn 0.9384 0.3455 -0.0000
vn 0.9681 0.2504 -0.0000
vn 0.9829 0.1841 -0.0000
vn 0.9906 0.1369 -0.0000
vn 0.9947 0.1028 -0.0000
vn 0.9969 0.0788 -0.0000
vn 0.9979 0.0640 -0.0000
vn 0.9982 0.0603 -0.0000
vn 0.9959 0.0904 -0.0000
vn 0.9895 0.1443 -0.0000
vn 0.9806 0.1959 -0.0000
vn 0.9682 0.2502 -0.0000
vn 0.9517 0.3071 -0.0000
vn 0.9304 0.3666 -0.0000
vn 0.9037 0.4282 -0.0000
vn 0.8710 0.4913 -0.0000
vn 0.8317 0.5552 -0.0000
vn 0.7855 0.6188 -0.0000
vn 0.7325 0.6808 -0.0000
vn 0.6728 0.7398 -0.0000
vn 0.5901 0.8073 -0.0000
vn 0.4845 0.8748 -0.0000
vn 0.3818 0.9242 -0.0000
vn 0.2898 0.9571 -0.0000
vn 0.2107 0.9776 -0.0000
vn 0.1447 0.9895 -0.0000
vn 0.0913 0.9958 -0.0000
vn 0.0497 0.9988 -0.0000
vn 0.0189 0.9998 -0.0000
vn -0.0015 1.0000 -0.0000
vn -0.0116 0.9999 -0.0000
vn -0.0108 0.9999 -0.0000
vn -0.0211 0.9998 -0.0000
vn -0.0683 0.9977 -0.0000
vn -0.1359 0.9907 -0.0000
vn -0.2063 0.9785 -0.0000
vn -0.2826 0.9592 -0.0000
vn -0.3678 0.9299 -0.0000
vn -0.4642 0.8857 -0.0000
vn -0.5728 0.8197 -0.0000
vn -0.6906 0.7232 -0.0000
vn -0.8088 0.5880 -0.0000
vn -0.9108 0.4129 -0.0000
vn -0.9778 0.2095 -0.0000
vn -0.9996 -0.0288 -0.0000
vn -0.9985 -0.0550 -0.0000
vn -0.9969 -0.0781 -0.0000
vn -0.9952 -0.0982 -0.0000
vn -0.9933 -0.1152 -0.0000
vn -0.9916 -0.1292 -0.0000
vn -0.9901 -0.1403 -0.0000
vn -0.9889 -0.1485 -0.0000
vn -0.9881 -0.1537 -0.0000
vn -0.9878 -0.1560 -0.0000
vn -0.9879 -0.1553 -0.0000
vn -0.9859 -0.1675 -0.0000
vn -0.9767 -0.2147 -0.0000
vn -0.9551 -0.2962 -0.0000
vn -0.9136 -0.4066 -0.0000
vn -0.8388 -0.5444 -0.0000
vn -0.7205 -0.6934 -0.0000
vn -0.5649 -0.8252 -0.0000
vn -0.3993 -0.9168 -0.0000
vn -0.2543 -0.9671 -0.0000
vn -0.1449 -0.9894 -0.0000
vn -0.0709 -0.9975 -0.0000
vn -0.0258 -0.9997 -0.0000
vn 0.0103 -0.9999 -0.0000
vn 0.0675 -0.9977 -0.0000
vn 0.1537 -0.9881 -0.0000
vn 0.2645 -0.9644 -0.0000
vn 0.3995 -0.9167 -0.0000
vn 0.5504 -0.8349 -0.0000
vn 0.6986 -0.7155 -0.0000
vn 0.8223 -0.5690 -0.0000
vn 0.9091 -0.4165 -0.0000
vn 0.9607 -0.2776 -0.0000
vn 0.9867 -0.1623 -0.0000
vn 0.9974 -0.0715 -0.0000
vn 0.9999 -0.0129 -0.0000
vn 0.9999 0.0117 -0.0000
vn 0.9998 0.0216 -0.0000
vn 0.9996 0.0294 -0.0000
vn 0.9994 0.0349 -0.0000
vn 0.9993 0.0382 -0.0000
vn 0.9992 0.0393 -0.0000
vn 0.9834 -0.1813 -0.0000
vn 0.4956 -0.8685 -0.0000
vn 0.0289 -0.9996 -0.0000
vn 0.0665 -0.9978 -0.0000
vn 0.1159 -0.9933 -0.0000
vn 0.1793 -0.9838 -0.0000
vn 0.2598 -0.9657 -0.0000
vn 0.3608 -0.9326 -0.0000
vn 0.4844 -0.8749 -0.0000
vn 0.6271 -0.7789 -0.0000
vn 0.7744 -0.6327 -0.0000
vn 0.8994 -0.4372 -0.0000
vn 0.9764 -0.2159 -0.0000
vn 0.9988 -0.0488 -0.0000
vn 0.9999 0.0140 -0.0000
vn 0.9993 0.0367 -0.0000
vn 0.9975 0.0705 -0.0000
vn 0.9933 0.1158 -0.0000
vn 0.9849 0.1729 -0.0000
vn 0.9704 0.2416 -0.0000
vn 0.9472 0.3207 -0.0000
vn 0.9132 0.4075 -0.0000
vn 0.8670 0.4984 -0.0000
vn 0.8086 0.5883 -0.0000
vn 0.7401 0.6725 -0.0000
vn 0.6591 0.7521 -0.0000
vn 0.6590 0.7521 -0.0000
vn 0.5926 0.8055 -0.0000
vn 0.5501 0.8351 -0.0000
vn 0.5058 0.8626 -0.0000
vn 0.4601 0.8879 -0.0000
vn 0.4131 0.9107 -0.0000
vn 0.3651 0.9310 -0.0000
vn 0.3164 0.9486 -0.0000
vn 0.2673 0.9636 -0.0000
vn 0.2180 0.9760 -0.0000
vn 0.1687 0.9857 -0.0000
vn 0.1198 0.9928 -0.0000
vn 0.0936 0.9956 -0.0000
vn 0.0895 0.9960 -0.0000
vn 0.0864 0.9963 -0.0000
vn 0.0820 0.9966 -0.0000
vn 0.0762 0.9971 -0.0000
vn 0.0691 0.9976 -0.0000
vn 0.0607 0.9982 -0.0000
vn 0.0510 0.9987 -0.0000
vn 0.0400 0.9992 -0.0000
vn 0.0278 0.9996 -0.0000
vn 0.0144 0.9999 -0.0000
vn -0.0006 1.0000 -0.0000
vn -0.0231 0.9997 -0.0000
vn -0.0619 0.9981 -0.0000
vn -0.1222 0.9925 -0.0000
vn -0.2082 0.9781 -0.0000
vn -0.3228 0.9465 -0.0000
vn -0.4647 0.8855 -0.0000
vn -0.6220 0.7830 -0.0000
vn -0.7711 0.6367 -0.0000
vn -0.8869 0.4621 -0.0000
vn -0.9582 0.2861 -0.0000
vn -0.9915 0.1303 -0.0000
vn -0.9996 0.0268 -0.0000
vn -0.9999 -0.0165 -0.0000
vn -0.9989 -0.0468 -0.0000
vn -0.9954 -0.0958 -0.0000
vn -0.9861 -0.1659 -0.0000
vn -0.9663 -0.2573 -0.0000
vn -0.9305 -0.3663 -0.0000
vn -0.8748 -0.4845 -0.0000
vn -0.8001 -0.5999 -0.0000
vn -0.7130 -0.7012 -0.0000
vn -0.6230 -0.7822 -0.0000
vn -0.5385 -0.8426 -0.0000
vn -0.4201 -0.9075 -0.0000
vn -0.2742 -0.9617 -0.0000
vn -0.1754 -0.9845 -0.0000
vn -0.1228 -0.9924 -0.0000
vn -0.0902 -0.9959 -0.0000
vn -0.0680 -0.9977 -0.0000
vn -0.0518 -0.9987 -0.0000
vn -0.0395 -0.9992 -0.0000
vn -0.0296 -0.9996 -0.0000
vn -0.0214 -0.9998 -0.0000
vn -0.0143 -0.9999 -0.0000
vn -0.0075 -1.0000 -0.0000
vn -0.0021 -1.0000 -0.0000
vn 0.0064 -1.0000 -0.0000
vn 0.0422 -0.9991 -0.0000
vn 0.0924 -0.9957 -0.0000
vn 0.1540 -0.9881 -0.0000
vn 0.2295 -0.9733 -0.0000
vn 0.3214 -0.9469 -0.0000
vn 0.4316 -0.9021 -0.0000
vn 0.5587 -0.8293 -0.0000
vn 0.6950 -0.7190 -0.0000
vn 0.6950 -0.7191 -0.0000
vn 0.8237 -0.5670 -0.0000
vn 0.9242 -0.3819 -0.0000
vn 0.9826 -0.1859 -0.0000
vn 0.9990 -0.0453 -0.0000
vn 1.0000 -0.0009 -0.0000
vn 1.0000 0.0075 -0.0000
vn 0.9996 0.0273 -0.0000
vn 0.9983 0.0591 -0.0000
vn 0.9947 0.1033 -0.0000
vn 0.9871 0.1602 -0.0000
vn 0.9732 0.2298 -0.0000
vn 0.9504 0.3111 -0.0000
vn 0.9158 0.4016 -0.0000
vn 0.8676 0.4973 -0.0000
vn 0.8053 0.5928 -0.0000
vn 0.8053 0.5929 -0.0000
vn 0.6743 0.7384 -0.0000
vn 0.6743 0.7385 -0.0000
vn 0.4624 0.8867 -0.0000
vn 0.2949 0.9555 -0.0000
vn 0.2033 0.9791 -0.0000
vn 0.1470 0.9891 -0.0000
vn 0.1091 0.9940 -0.0000
vn 0.0819 0.9966 -0.0000
vn 0.0613 0.9981 -0.0000
vn 0.0452 0.9990 -0.0000
vn 0.0320 0.9995 -0.0000
vn 0.0209 0.9998 -0.0000
vn 0.0107 0.9999 -0.0000
vn 0.0062 1.0000 -0.0000
vn 0.0056 1.0000 -0.0000
vn -0.0063 1.0000 -0.0000
vn -0.0373 0.9993 -0.0000
vn -0.0882 0.9961 -0.0000
vn -0.1621 0.9868 -0.0000
vn -0.2640 0.9645 -0.0000
vn -0.3984 0.9172 -0.0000
vn -0.5632 0.8263 -0.0000
vn -0.7392 0.6735 -0.0000
vn -0.8877 0.4604 -0.0000
vn -0.8877 0.4605 -0.0000
vn -0.9749 0.2224 -0.0000
vn -0.9989 0.0460 -0.0000
vn -0.9997 -0.0235 -0.0000
vn -0.9988 -0.0486 -0.0000
vn -0.9971 -0.0758 -0.0000
vn -0.9945 -0.1051 -0.0000
vn -0.9945 -0.1050 -0.0000
vn -0.9906 -0.1366 -0.0000
vn -0.9906 -0.1365 -0.0000
vn -0.9854 -0.1703 -0.0000
vn -0.9785 -0.2064 -0.0000
vn -0.9696 -0.2448 -0.0000
vn -0.9584 -0.2854 -0.0000
vn -0.9446 -0.3282 -0.0000
vn -0.9278 -0.3730 -0.0000
vn -0.8987 -0.4386 -0.0000
vn -0.8432 -0.5376 -0.0000
vn -0.7650 -0.6441 -0.0000
vn -0.6756 -0.7373 -0.0000
vn -0.5804 -0.8143 -0.0000
vn -0.5805 -0.8143 -0.0000
vn -0.4850 -0.8745 -0.0000
vn -0.3936 -0.9193 -0.0000
vn -0.3935 -0.9193 -0.0000
vn -0.3087 -0.9512 -0.0000
vn -0.2318 -0.9728 -0.0000
vn -0.1631 -0.9866 -0.0000
vn -0.1022 -0.9948 -0.0000
vn -0.0484 -0.9988 -0.0000
vn -0.0200 -0.9998 -0.0000
vn -0.0317 -0.9995 -0.0000
vn -0.0584 -0.9983 -0.0000
vn -0.0791 -0.9969 -0.0000
vn -0.0938 -0.9956 -0.0000
vn -0.1026 -0.9947 -0.0000
vn -0.1056 -0.9944 -0.0000
vn -0.0084 -1.0000 -0.0000
vn 0.0098 -1.0000 -0.0000
vn 0.9913 -0.1317 -0.0000
vn 0.9600 -0.2801 -0.0000
vn 0.8985 -0.4391 -0.0000
vn 0.8044 -0.5941 -0.0000
vn 0.6846 -0.7289 -0.0000
vn 0.5530 -0.8332 -0.0000
vn 0.4240 -0.9056 -0.0000
vn 0.3076 -0.9515 -0.0000
vn 0.2077 -0.9782 -0.0000
vn 0.1246 -0.9922 -0.0000
vn 0.0567 -0.9984 -0.0000
vn -0.0122 -0.9999 -0.0000
vn -0.0222 -0.9998 -0.0000
vn -0.0299 -0.9996 -0.0000
vn -0.0353 -0.9994 -0.0000
vn -0.0385 -0.9993 -0.0000
vn -0.0396 -0.9992 -0.0000
vn 0.0007 -1.0000 -0.0000
vn 0.0148 -0.9999 -0.0000
vn 0.0273 -0.9996 -0.0000
vn 0.0370 -0.9993 -0.0000
vn 0.0439 -0.9990 -0.0000
vn 0.0481 -0.9988 -0.0000
vn 0.0495 -0.9988 -0.0000
vn -0.0069 -1.0000 -0.0000
vn -0.0479 -0.9989 -0.0000
vn -0.1083 -0.9941 -0.0000
vn -0.1859 -0.9826 -0.0000
vn -0.2829 -0.9591 -0.0000
vn -0.4000 -0.9165 -0.0000
vn -0.5332 -0.8460 -0.0000
vn -0.6716 -0.7409 -0.0000
vn -0.7984 -0.6022 -0.0000
vn -0.8970 -0.4420 -0.0000
vn -0.9602 -0.2792 -0.0000
vn -0.9915 -0.1300 -0.0000
vn -0.9995 -0.0302 -0.0000
vn -0.9996 0.0284 -0.0000
vn -0.9924 0.1230 -0.0000
vn -0.9639 0.2661 -0.0000
vn -0.9049 0.4256 -0.0000
vn -0.9049 0.4255 -0.0000
vn -0.8101 0.5863 -0.0000
vn -0.6846 0.7289 -0.0000
vn -0.5443 0.8389 -0.0000
vn -0.4075 0.9132 -0.0000
vn -0.2867 0.9580 -0.0000
vn -0.1870 0.9824 -0.0000
vn -0.1080 0.9942 -0.0000
vn -0.0473 0.9989 -0.0000
vn -0.0149 0.9999 -0.0000
vn -0.0163 0.9999 -0.0000
vn -0.0299 0.9996 -0.0000
vn -0.0403 0.9992 -0.0000
vn -0.0476 0.9989 -0.0000
vn -0.0520 0.9986 -0.0000
vn -0.0535 0.9986 -0.0000
vn 0.0053 1.0000 -0.0000
vn 0.0418 0.9991 -0.0000
vn 0.0923 0.9957 -0.0000
vn 0.1553 0.9879 -0.0000
vn 0.2330 0.9725 -0.0000
vn 0.3280 0.9447 -0.0000
vn 0.4416 0.8972 -0.0000
vn 0.5713 0.8207 -0.0000
vn 0.7080 0.7062 -0.0000
vn 0.8341 0.5516 -0.0000
vn 0.9298 0.3680 -0.0000
vn 0.9841 0.1778 -0.0000
vn 0.9841 0.1779 -0.0000
vn 0.9991 0.0421 -0.0000
vn 0.9995 -0.0308 -0.0000
vn 0.0776 -0.9970 -0.0000
vn 0.1689 -0.9856 -0.0000
vn 0.2768 -0.9609 -0.0000
vn 0.4001 -0.9165 -0.0000
vn 0.5331 -0.8461 -0.0000
vn 0.6651 -0.7467 -0.0000
vn 0.7830 -0.6221 -0.0000
vn 0.8758 -0.4827 -0.0000
vn 0.8757 -0.4828 -0.0000
vn 0.9395 -0.3424 -0.0000
vn 0.9395 -0.3425 -0.0000
vn 0.9772 -0.2123 -0.0000
vn 0.9951 -0.0984 -0.0000
vn 0.9952 -0.0984 -0.0000
vn 0.9999 -0.0169 -0.0000
vn 0.9996 0.0277 -0.0000
vn 0.9979 0.0647 -0.0000
vn 0.9936 0.1133 -0.0000
vn 0.9847 0.1740 -0.0000
vn 0.9848 0.1739 -0.0000
vn 0.9692 0.2463 -0.0000
vn 0.9444 0.3288 -0.0000
vn 0.9083 0.4183 -0.0000
vn 0.8599 0.5105 -0.0000
vn 0.7998 0.6002 -0.0000
vn 0.7999 0.6002 -0.0000
vn 0.7309 0.6825 -0.0000
vn 0.6569 0.7540 -0.0000
vn 0.5380 0.8429 -0.0000
vn 0.3652 0.9309 -0.0000
vn 0.2297 0.9733 -0.0000
vn 0.1574 0.9875 -0.0000
vn 0.1131 0.9936 -0.0000
vn 0.0832 0.9965 -0.0000
vn 0.0617 0.9981 -0.0000
vn 0.0455 0.9990 -0.0000
vn 0.0328 0.9995 -0.0000
vn 0.0226 0.9997 -0.0000
vn 0.0142 0.9999 -0.0000
vn 0.0069 1.0000 -0.0000
vn 0.0018 1.0000 -0.0000
vn -0.0171 0.9999 -0.0000
vn -0.0742 0.9972 -0.0000
vn -0.1630 0.9866 -0.0000
vn -0.2700 0.9629 -0.0000
vn -0.3942 0.9190 -0.0000
vn -0.5298 0.8481 -0.0000
vn -0.6652 0.7467 -0.0000
vn -0.7855 0.6188 -0.0000
vn -0.8791 0.4766 -0.0000
vn -0.9422 0.3351 -0.0000
vn -0.9786 0.2059 -0.0000
vn -0.9955 0.0947 -0.0000
vn -0.9997 -0.0244 -0.0000
vn -0.9809 -0.1947 -0.0000
vn -0.9173 -0.3983 -0.0000
vn -0.8097 -0.5869 -0.0000
vn -0.6751 -0.7377 -0.0000
vn -0.5366 -0.8439 -0.0000
vn -0.4102 -0.9120 -0.0000
vn -0.3027 -0.9531 -0.0000
vn -0.2142 -0.9768 -0.0000
vn -0.1425 -0.9898 -0.0000
vn -0.0847 -0.9964 -0.0000
vn -0.0383 -0.9993 -0.0000
vn -0.0089 -1.0000 -0.0000
vn 0.0180 -0.9998 -0.0000
vn -0.4234 -0.9059 -0.0000
vn -0.4235 -0.9059 -0.0000
vn -0.3706 -0.9288 -0.0000
vn -0.3213 -0.9470 -0.0000
vn -0.2753 -0.9613 -0.0000
vn -0.2326 -0.9726 -0.0000
vn -0.1929 -0.9812 -0.0000
vn -0.1559 -0.9878 -0.0000
vn -0.1212 -0.9926 -0.0000
vn -0.0887 -0.9961 -0.0000
vn -0.0578 -0.9983 -0.0000
vn -0.0285 -0.9996 -0.0000
vn -0.0050 -1.0000 -0.0000
vn -0.0093 -1.0000 -0.0000
vn -0.0126 -0.9999 -0.0000
vn -0.0149 -0.9999 -0.0000
vn -0.0163 -0.9999 -0.0000
vn -0.0168 -0.9999 -0.0000
vn 0.0001 -1.0000 -0.0000
vn 0.0102 -0.9999 -0.0000
vn 0.0302 -0.9995 -0.0000
vn 0.0606 -0.9982 -0.0000
vn 0.1023 -0.9947 -0.0000
vn 0.1579 -0.9875 -0.0000
vn 0.2316 -0.9728 -0.0000
vn 0.3302 -0.9439 -0.0000
vn 0.4609 -0.8875 -0.0000
vn 0.6264 -0.7795 -0.0000
vn 0.8077 -0.5896 -0.0000
vn 0.9499 -0.3127 -0.0000
vn 0.9988 -0.0480 -0.0000
vn 0.9923 0.1239 -0.0000
vn 0.9644 0.2646 -0.0000
vn 0.9085 0.4178 -0.0000
vn 0.8210 0.5709 -0.0000
vn 0.7060 0.7082 -0.0000
vn 0.7061 0.7082 -0.0000
vn 0.5758 0.8176 -0.0000
vn 0.4449 0.8956 -0.0000
vn 0.3244 0.9459 -0.0000
vn 0.2197 0.9756 -0.0000
vn 0.1321 0.9912 -0.0000
vn 0.0601 0.9982 -0.0000
vn 0.0130 0.9999 -0.0000
vn -0.0032 1.0000 -0.0000
vn -0.0059 1.0000 -0.0000
vn -0.0081 1.0000 -0.0000
vn -0.0096 1.0000 -0.0000
vn -0.0105 0.9999 -0.0000
vn -0.0040 1.0000 -0.0000
vn -0.0127 0.9999 -0.0000
vn -0.0258 0.9997 -0.0000
vn -0.0395 0.9992 -0.0000
vn -0.0537 0.9986 -0.0000
vn -0.0685 0.9976 -0.0000
vn -0.0839 0.9965 -0.0000
vn -0.0999 0.9950 -0.0000
vn -0.1165 0.9932 -0.0000
vn -0.1337 0.9910 -0.0000
vn -0.1515 0.9885 -0.0000
vn -0.1699 0.9855 -0.0000
vn -0.2058 0.9786 -0.0000
vn -0.2579 0.9662 -0.0000
vn -0.3133 0.9497 -0.0000
vn -0.3771 0.9262 -0.0000
vn -0.4486 0.8937 -0.0000
vn -0.5264 0.8502 -0.0000
vn -0.6076 0.7942 -0.0000
vn -0.6077 0.7942 -0.0000
vn -0.6885 0.7252 -0.0000
vn -0.7647 0.6444 -0.0000
vn -0.8320 0.5548 -0.0000
vn -0.8876 0.4606 -0.0000
vn -0.9305 0.3662 -0.0000
vn -0.9608 0.2772 -0.0000
vn -0.9608 0.2771 -0.0000
vn -0.9740 0.2265 -0.0000
vn -0.9740 0.2264 -0.0000
vn -0.9777 0.2100 -0.0000
vn -0.9777 0.2101 -0.0000
vn -0.9812 0.1932 -0.0000
vn -0.9844 0.1757 -0.0000
vn -0.9875 0.1575 -0.0000
vn -0.9904 0.1385 -0.0000
vn -0.9929 0.1186 -0.0000
vn -0.9952 0.0976 -0.0000
vn -0.9972 0.0753 -0.0000
vn -0.9987 0.0517 -0.0000
vn -0.9996 0.0266 -0.0000
vn -1.0000 -0.0008 -0.0000
vn -0.9995 -0.0326 -0.0000
vn -0.9975 -0.0712 -0.0000
vn -0.9930 -0.1178 -0.0000
vn -0.9849 -0.1730 -0.0000
vn -0.9713 -0.2377 -0.0000
vn -0.9499 -0.3124 -0.0000
vn -0.9178 -0.3971 -0.0000
vn -0.8714 -0.4906 -0.0000
vn -0.8075 -0.5899 -0.0000
vn -0.7240 -0.6898 -0.0000
vn -0.6214 -0.7835 -0.0000
vn -0.5084 -0.8611 -0.0000
vn -0.4771 -0.8788 -0.0000
vn -0.7565 -0.6540 -0.0000
vn -0.7566 -0.6539 -0.0000
vn -0.8791 -0.4767 -0.0000
vn -0.9337 -0.3580 -0.0000
vn -0.9608 -0.2772 -0.0000
vn -0.9757 -0.2191 -0.0000
vn -0.9846 -0.1751 -0.0000
vn -0.9902 -0.1396 -0.0000
vn -0.9940 -0.1090 -0.0000
vn -0.9968 -0.0797 -0.0000
vn -0.9989 -0.0464 -0.0000
vn -0.9999 -0.0101 -0.0000
vn -0.9951 0.0987 -0.0000
vn -0.9951 0.0988 -0.0000
vn -0.9865 0.1635 -0.0000
vn -0.9865 0.1636 -0.0000
vn -0.9684 0.2494 -0.0000
vn -0.9331 0.3596 -0.0000
vn -0.8690 0.4947 -0.0000
vn -0.8690 0.4948 -0.0000
vn -0.7622 0.6474 -0.0000
vn -0.6043 0.7968 -0.0000
vn -0.4054 0.9141 -0.0000
vn -0.1950 0.9808 -0.0000
vn -0.0456 0.9990 -0.0000
vn 0.0406 0.9992 -0.0000
vn 0.1747 0.9846 -0.0000
vn 0.3685 0.9296 -0.0000
vn 0.5615 0.8275 -0.0000
vn 0.7253 0.6885 -0.0000
vn 0.8436 0.5369 -0.0000
vn 0.8436 0.5370 -0.0000
vn 0.9183 0.3960 -0.0000
vn 0.9182 0.3960 -0.0000
vn 0.9608 0.2774 -0.0000
vn 0.9607 0.2774 -0.0000
vn 0.9830 0.1834 -0.0000
vn 0.9937 0.1118 -0.0000
vn 0.9982 0.0594 -0.0000
vn 0.9997 0.0235 -0.0000
vn 1.0000 -0.0088 -0.0000
vn 0.9985 -0.0553 -0.0000
vn 0.9933 -0.1157 -0.0000
vn 0.9933 -0.1158 -0.0000
vn 0.9828 -0.1844 -0.0000
vn 0.9646 -0.2638 -0.0000
vn 0.9344 -0.3563 -0.0000
vn 0.8863 -0.4632 -0.0000
vn 0.8123 -0.5832 -0.0000
vn 0.8124 -0.5832 -0.0000
vn 0.7043 -0.7099 -0.0000
vn 0.5581 -0.8298 -0.0000
vn 0.3798 -0.9251 -0.0000
vn 0.1872 -0.9823 -0.0000
vn 0.0450 -0.9990 -0.0000
vn -0.1359 -0.9907 -0.0000
vn -1.0000 -0.0098 -0.0000
vn -0.9997 -0.0225 -0.0000
vn -0.9992 -0.0388 -0.0000
vn -0.9983 -0.0591 -0.0000
vn -0.9964 -0.0846 -0.0000
vn -0.9931 -0.1170 -0.0000
vn -0.9873 -0.1591 -0.0000
vn -0.9766 -0.2152 -0.0000
vn -0.9562 -0.2927 -0.0000
vn -0.9150 -0.4034 -0.0000
vn -0.8260 -0.5636 -0.0000
vn -0.6719 -0.7406 -0.0000
vn -0.5169 -0.8560 -0.0000
vn -0.4056 -0.9141 -0.0000
vn -0.3145 -0.9492 -0.0000
vn -0.3146 -0.9492 -0.0000
vn -0.2412 -0.9705 -0.0000
vn -0.2413 -0.9705 -0.0000
vn -0.1824 -0.9832 -0.0000
vn -0.1349 -0.9909 -0.0000
vn -0.0966 -0.9953 -0.0000
vn -0.0658 -0.9978 -0.0000
vn -0.0412 -0.9992 -0.0000
vn -0.0087 -1.0000 -0.0000
vn -0.0062 -1.0000 -0.0000
vn -0.0120 -0.9999 -0.0000
vn -0.0107 -0.9999 -0.0000
vn 0.0039 -1.0000 -0.0000
vn 0.0309 -0.9995 -0.0000
vn 0.0707 -0.9975 -0.0000
vn 0.1251 -0.9921 -0.0000
vn 0.1967 -0.9805 -0.0000
vn 0.2886 -0.9574 -0.0000
vn 0.2887 -0.9574 -0.0000
vn 0.4036 -0.9149 -0.0000
vn 0.5404 -0.8414 -0.0000
vn 0.6891 -0.7247 -0.0000
vn 0.8316 -0.5553 -0.0000
vn 0.9224 -0.3863 -0.0000
vn 0.9624 -0.2718 -0.0000
vn 0.9623 -0.2718 -0.0000
vn 0.9813 -0.1926 -0.0000
vn 0.9907 -0.1360 -0.0000
vn 0.9955 -0.0944 -0.0000
vn 0.9980 -0.0630 -0.0000
vn 0.9992 -0.0392 -0.0000
vn 0.9998 -0.0212 -0.0000
vn 1.0000 -0.0081 -0.0000
vn 1.0000 0.0003 -0.0000
vn 1.0000 0.0032 -0.0000
vn 1.0000 0.0031 -0.0000
vn 0.9998 0.0195 -0.0000
vn 0.9965 0.0839 -0.0000
vn 0.9965 0.0840 -0.0000
vn 0.9794 0.2019 -0.0000
vn 0.9302 0.3670 -0.0000
vn 0.8203 0.5720 -0.0000
vn 0.6359 0.7718 -0.0000
vn 0.4152 0.9097 -0.0000
vn 0.2224 0.9750 -0.0000
vn 0.0896 0.9960 -0.0000
vn 0.0134 0.9999 -0.0000
vn -0.0193 0.9998 -0.0000
vn -0.0200 0.9998 -0.0000
vn 0.0476 0.9989 -0.0000
vn 0.2317 0.9728 -0.0000
vn 0.4728 0.8812 -0.0000
vn 0.6814 0.7319 -0.0000
vn 0.8278 0.5610 -0.0000
vn 0.9148 0.4039 -0.0000
vn 0.9612 0.2760 -0.0000
vn 0.9840 0.1781 -0.0000
vn 0.9944 0.1055 -0.0000
vn 0.9986 0.0536 -0.0000
vn 1.0000 0.0022 -0.0000
vn 0.9999 -0.0170 -0.0000
vn 0.9972 -0.0746 -0.0000
vn 0.9838 -0.1793 -0.0000
vn 0.9453 -0.3262 -0.0000
vn 0.8587 -0.5124 -0.0000
vn 0.7077 -0.7066 -0.0000
vn 0.5121 -0.8589 -0.0000
vn 0.3235 -0.9462 -0.0000
vn 0.1788 -0.9839 -0.0000
vn 0.0840 -0.9965 -0.0000
vn 0.0298 -0.9996 -0.0000
vn 0.0055 -1.0000 -0.0000
vn -0.1475 -0.9891 -0.0000
vn -0.4790 -0.8778 -0.0000
vn -0.7217 -0.6922 -0.0000
vn -0.8196 -0.5729 -0.0000
vn -0.8613 -0.5081 -0.0000
vn -0.8780 -0.4787 -0.0000
vn -0.8798 -0.4754 -0.0000
vn -0.8685 -0.4957 -0.0000
vn -0.8400 -0.5425 -0.0000
vn -0.7815 -0.6239 -0.0000
vn -0.6605 -0.7509 -0.0000
vn -0.4109 -0.9117 -0.0000
vn -0.0375 -0.9993 -0.0000
vn 0.2585 -0.9660 -0.0000
vn 0.4065 -0.9137 -0.0000
vn 0.4932 -0.8699 -0.0000
vn 0.6004 -0.7997 -0.0000
vn 0.6428 -0.7660 -0.0000
vn 0.6851 -0.7285 -0.0000
vn 0.7315 -0.6818 -0.0000
vn 0.7872 -0.6167 -0.0000
vn 0.8580 -0.5137 -0.0000
vn 0.9451 -0.3267 -0.0000
vn 0.9990 -0.0448 -0.0000
vn 0.9756 0.2196 -0.0000
vn 0.9119 0.4104 -0.0000
vn 0.8337 0.5522 -0.0000
vn 0.8337 0.5521 -0.0000
vn 0.7639 0.6454 -0.0000
vn 0.7147 0.6994 -0.0000
vn 0.6913 0.7226 -0.0000
vn 0.6956 0.7184 -0.0000
vn 0.6957 0.7184 -0.0000
vn 0.7296 0.6839 -0.0000
vn 0.7934 0.6087 -0.0000
vn 0.8801 0.4747 -0.0000
vn 0.9639 0.2662 -0.0000
vn 0.9994 0.0336 -0.0000
vn 0.9868 -0.1621 -0.0000
vn 0.9361 -0.3518 -0.0000
vn 0.8357 -0.5492 -0.0000
vn 0.6958 -0.7183 -0.0000
vn 0.5489 -0.8359 -0.0000
vn 0.4267 -0.9044 -0.0000
vn 0.3445 -0.9388 -0.0000
vn 0.3052 -0.9523 -0.0000
vn 0.3080 -0.9514 -0.0000
vn 0.3525 -0.9358 -0.0000
vn 0.4384 -0.8988 -0.0000
vn 0.3734 -0.9277 -0.0000
vn 0.2274 -0.9738 -0.0000
vn 0.1848 -0.9828 -0.0000
vn 0.1477 -0.9890 -0.0000
vn 0.1155 -0.9933 -0.0000
vn 0.0879 -0.9961 -0.0000
vn 0.0645 -0.9979 -0.0000
vn 0.0292 -0.9996 -0.0000
vn 0.0168 -0.9999 -0.0000
vn 0.0079 -1.0000 -0.0000
vn 0.0025 -1.0000 -0.0000
vn 0.0087 -1.0000 -0.0000
vn 0.0229 -0.9997 -0.0000
vn 0.0275 -0.9996 -0.0000
vn 0.0194 -0.9998 -0.0000
vn 0.0023 -1.0000 -0.0000
vn -0.0235 -0.9997 -0.0000
vn -0.0594 -0.9982 -0.0000
vn -0.1089 -0.9941 -0.0000
vn -0.1777 -0.9841 -0.0000
vn -0.2753 -0.9614 -0.0000
vn -0.4162 -0.9093 -0.0000
vn -0.6132 -0.7899 -0.0000
vn -0.7903 -0.6127 -0.0000
vn -0.8760 -0.4823 -0.0000
vn -0.9181 -0.3963 -0.0000
vn -0.9546 -0.2978 -0.0000
vn -0.9812 -0.1930 -0.0000
vn -0.9958 -0.0915 -0.0000
vn -0.9958 -0.0916 -0.0000
vn -1.0000 -0.0040 -0.0000
vn -0.9981 0.0614 -0.0000
vn -0.9950 0.1000 -0.0000
vn -0.9939 0.1107 -0.0000
vn -0.9955 0.0949 -0.0000
vn -0.9955 0.0948 -0.0000
vn -0.9985 0.0556 -0.0000
vn -0.9972 -0.0751 -0.0000
vn -0.9310 -0.3651 -0.0000
vn -0.7447 -0.6674 -0.0000
vn -0.5306 -0.8476 -0.0000
vn -0.5307 -0.8476 -0.0000
vn -0.3561 -0.9344 -0.0000
vn -0.2299 -0.9732 -0.0000
vn -0.1404 -0.9901 -0.0000
vn -0.0766 -0.9971 -0.0000
vn -0.0311 -0.9995 -0.0000
vn 0.0002 -1.0000 -0.0000
vn 0.0185 -0.9998 -0.0000
vn 0.0205 -0.9998 -0.0000
vn 0.0130 -0.9999 -0.0000
vn 0.0188 -0.9998 -0.0000
vn 0.0381 -0.9993 -0.0000
vn 0.0591 -0.9983 -0.0000
vn 0.0826 -0.9966 -0.0000
vn 0.1095 -0.9940 -0.0000
vn 0.1410 -0.9900 -0.0000
vn 0.1787 -0.9839 -0.0000
vn 0.2246 -0.9745 -0.0000
vn 0.2814 -0.9596 -0.0000
vn 0.3530 -0.9356 -0.0000
vn 0.4444 -0.8958 -0.0000
vn 0.5955 -0.8034 -0.0000
vn 0.7690 -0.6392 -0.0000
vn 0.8801 -0.4748 -0.0000
vn 0.9357 -0.3527 -0.0000
vn 0.9646 -0.2639 -0.0000
vn 0.9802 -0.1981 -0.0000
vn 0.9890 -0.1482 -0.0000
vn 0.9940 -0.1093 -0.0000
vn 0.9969 -0.0783 -0.0000
vn 0.9986 -0.0532 -0.0000
vn 0.9995 -0.0324 -0.0000
vn 0.9999 -0.0151 -0.0000
vn 1.0000 -0.0012 -0.0000
vn 1.0000 0.0094 -0.0000
vn 0.9998 0.0174 -0.0000
vn 0.9997 0.0237 -0.0000
vn 0.9996 0.0283 -0.0000
vn 0.9995 0.0310 -0.0000
vn 0.9995 0.0319 -0.0000
vn 1.0000 0.0011 -0.0000
vn 1.0000 -0.0010 -0.0000
vn 1.0000 0.0067 -0.0000
vn 0.9998 0.0222 -0.0000
vn 0.9990 0.0447 -0.0000
vn 0.9972 0.0749 -0.0000
vn 0.9934 0.1147 -0.0000
vn 0.9859 0.1673 -0.0000
vn 0.9712 0.2381 -0.0000
vn 0.9422 0.3351 -0.0000
vn 0.8832 0.4690 -0.0000
vn 0.7627 0.6467 -0.0000
vn 0.5766 0.8171 -0.0000
vn 0.4181 0.9084 -0.0000
vn 0.3265 0.9452 -0.0000
vn 0.2592 0.9658 -0.0000
vn 0.2081 0.9781 -0.0000
vn 0.1680 0.9858 -0.0000
vn 0.1354 0.9908 -0.0000
vn 0.1082 0.9941 -0.0000
vn 0.0846 0.9964 -0.0000
vn 0.0633 0.9980 -0.0000
vn 0.0431 0.9991 -0.0000
vn 0.0225 0.9997 -0.0000
vn 0.0067 1.0000 -0.0000
vn 0.0003 1.0000 -0.0000
vn -0.0055 1.0000 -0.0000
vn -0.0185 0.9998 -0.0000
vn -0.0387 0.9992 -0.0000
vn -0.0664 0.9978 -0.0000
vn -0.1016 0.9948 -0.0000
vn -0.1444 0.9895 -0.0000
vn -0.1948 0.9808 -0.0000
vn -0.2525 0.9676 -0.0000
vn -0.3169 0.9485 -0.0000
vn -0.3868 0.9222 -0.0000
vn -0.4809 0.8768 -0.0000
vn -0.6003 0.7998 -0.0000
vn -0.7136 0.7006 -0.0000
vn -0.8053 0.5929 -0.0000
vn -0.8742 0.4856 -0.0000
vn -0.9227 0.3856 -0.0000
vn -0.9550 0.2964 -0.0000
vn -0.9550 0.2965 -0.0000
vn -0.9756 0.2197 -0.0000
vn -0.9879 0.1551 -0.0000
vn -0.9948 0.1019 -0.0000
vn -0.9983 0.0590 -0.0000
vn -0.9997 0.0258 -0.0000
vn -1.0000 0.0017 -0.0000
vn -0.9999 -0.0152 -0.0000
vn -0.9996 -0.0280 -0.0000
vn -0.9993 -0.0380 -0.0000
vn -0.9990 -0.0451 -0.0000
vn -0.9988 -0.0493 -0.0000
vn -0.9987 -0.0507 -0.0000
vn -1.0000 0.0030 -0.0000
vn -0.9999 0.0125 -0.0000
vn -0.9997 0.0262 -0.0000
vn -0.9991 0.0420 -0.0000
vn -0.9982 0.0604 -0.0000
vn -0.9966 0.0824 -0.0000
vn -0.9940 0.1089 -0.0000
vn -0.9899 0.1417 -0.0000
vn -0.9831 0.1831 -0.0000
vn -0.9716 0.2365 -0.0000
vn -0.9515 0.3076 -0.0000
vn -0.9145 0.4047 -0.0000
vn -0.0773 0.9970 -0.0000
vn 0.8916 0.4527 -0.0000
vn 0.9699 0.2434 -0.0000
vn 0.9883 0.1528 -0.0000
vn 0.9946 0.1034 -0.0000
vn 0.9974 0.0724 -0.0000
vn 0.9987 0.0512 -0.0000
vn 0.9997 0.0243 -0.0000
vn 0.9999 0.0153 -0.0000
vn 1.0000 0.0083 -0.0000
vn 1.0000 -0.0057 -0.0000
vn 0.9999 -0.0104 -0.0000
vn 0.9999 -0.0141 -0.0000
vn 0.9999 -0.0168 -0.0000
vn 0.9998 -0.0184 -0.0000
vn 0.9998 -0.0183 -0.0000
vn 0.9998 -0.0189 -0.0000
vn 0.9996 0.0270 -0.0000
vn 0.9920 0.1262 -0.0000
vn 0.9601 0.2797 -0.0000
vn 0.8896 0.4568 -0.0000
vn 0.7720 0.6357 -0.0000
vn 0.6175 0.7865 -0.0000
vn 0.4539 0.8911 -0.0000
vn 0.3077 0.9515 -0.0000
vn 0.1918 0.9814 -0.0000
vn 0.1074 0.9942 -0.0000
vn 0.0507 0.9987 -0.0000
vn 0.0170 0.9999 -0.0000
vn 0.0027 1.0000 -0.0000
vn -0.0025 1.0000 -0.0000
vn -0.0110 0.9999 -0.0000
vn -0.0269 0.9996 -0.0000
vn -0.0502 0.9987 -0.0000
vn -0.0811 0.9967 -0.0000
vn -0.1196 0.9928 -0.0000
vn -0.1655 0.9862 -0.0000
vn -0.2185 0.9758 -0.0000
vn -0.2778 0.9606 -0.0000
vn -0.3424 0.9395 -0.0000
vn -0.4106 0.9118 -0.0000
vn -0.4759 0.8795 -0.0000
vn -0.5302 0.8479 -0.0000
vn -0.5767 0.8169 -0.0000
vn -0.6212 0.7837 -0.0000
vn -0.6633 0.7483 -0.0000
vn -0.7029 0.7113 -0.0000
vn -0.7398 0.6728 -0.0000
vn -0.7739 0.6333 -0.0000
vn -0.8052 0.5930 -0.0000
vn -0.8336 0.5523 -0.0000
vn -0.8593 0.5114 -0.0000
vn -0.8593 0.5115 -0.0000
vn -0.8823 0.4706 -0.0000
vn -0.8823 0.4707 -0.0000
vn -0.9075 0.4201 -0.0000
vn -0.9366 0.3503 -0.0000
vn -0.9366 0.3504 -0.0000
vn -0.9606 0.2781 -0.0000
vn -0.9759 0.2184 -0.0000
vn -0.9856 0.1691 -0.0000
vn -0.9917 0.1285 -0.0000
vn -0.9955 0.0950 -0.0000
vn -0.9977 0.0675 -0.0000
vn -0.9990 0.0452 -0.0000
vn -0.9996 0.0275 -0.0000
vn -0.9999 0.0141 -0.0000
vn -1.0000 0.0052 -0.0000
vn -1.0000 0.0009 -0.0000
vn -1.0000 -0.0022 -0.0000
vn 0.1215 0.9926 -0.0000
vn 0.2434 0.9699 -0.0000
vn 0.3637 0.9315 -0.0000
vn 0.4800 0.8773 -0.0000
vn 0.5900 0.8074 -0.0000
vn 0.6914 0.7225 -0.0000
vn 0.7818 0.6235 -0.0000
vn 0.8588 0.5122 -0.0000
vn 0.9204 0.3909 -0.0000
vn 0.9204 0.3910 -0.0000
vn 0.9649 0.2627 -0.0000
vn 0.9649 0.2628 -0.0000
vn 0.9914 0.1312 -0.0000
vn 0.9999 0.0113 -0.0000
vn 0.9955 -0.0952 -0.0000
vn 0.9762 -0.2171 -0.0000
vn 0.9290 -0.3701 -0.0000
vn 0.8391 -0.5440 -0.0000
vn 0.7022 -0.7120 -0.0000
vn 0.5365 -0.8439 -0.0000
vn 0.3740 -0.9274 -0.0000
vn 0.2387 -0.9711 -0.0000
vn 0.1380 -0.9904 -0.0000
vn 0.0690 -0.9976 -0.0000
vn 0.0257 -0.9997 -0.0000
vn -0.0038 -1.0000 -0.0000
vn -0.0400 -0.9992 -0.0000
vn -0.0942 -0.9956 -0.0000
vn -0.1680 -0.9858 -0.0000
vn -0.2645 -0.9644 -0.0000
vn -0.3850 -0.9229 -0.0000
vn -0.5250 -0.8511 -0.0000
vn -0.6714 -0.7411 -0.0000
vn -0.8034 -0.5954 -0.0000
vn -0.8034 -0.5955 -0.0000
vn -0.9028 -0.4301 -0.0000
vn -0.9637 -0.2670 -0.0000
vn -0.9925 -0.1225 -0.0000
vn -0.9996 -0.0281 -0.0000
vn -0.9991 0.0430 -0.0000
vn -0.9835 0.1810 -0.0000
vn -0.9281 0.3723 -0.0000
vn -0.8321 0.5546 -0.0000
vn -0.7075 0.7067 -0.0000
vn -0.5737 0.8191 -0.0000
vn -0.4468 0.8946 -0.0000
vn -0.3354 0.9421 -0.0000
vn -0.2413 0.9705 -0.0000
vn -0.1632 0.9866 -0.0000
vn -0.0988 0.9951 -0.0000
vn -0.0455 0.9990 -0.0000
vn -0.0107 0.9999 -0.0000
vn 0.0301 0.9995 -0.0000
vn 0.2649 0.9643 -0.0000
vn 0.5160 0.8566 -0.0000
vn 0.7108 0.7034 -0.0000
vn 0.8375 0.5464 -0.0000
vn 0.9536 0.3012 -0.0000
vn 0.9764 0.2157 -0.0000
vn 0.9888 0.1490 -0.0000
vn 0.9953 0.0968 -0.0000
vn 0.9984 0.0560 -0.0000
vn 0.9997 0.0245 -0.0000
vn 1.0000 -0.0002 -0.0000
vn 0.9998 -0.0217 -0.0000
vn 0.9992 -0.0406 -0.0000
vn 0.9992 -0.0407 -0.0000
vn 0.9984 -0.0558 -0.0000
vn 0.9978 -0.0669 -0.0000
vn 0.9973 -0.0736 -0.0000
vn 0.9973 -0.0737 -0.0000
vn 0.9971 -0.0759 -0.0000
vn 0.9999 -0.0150 -0.0000
vn 0.9990 -0.0441 -0.0000
vn 0.9942 -0.1074 -0.0000
vn 0.9942 -0.1075 -0.0000
vn 0.9801 -0.1985 -0.0000
vn 0.9469 -0.3215 -0.0000
vn 0.8805 -0.4740 -0.0000
vn 0.8806 -0.4740 -0.0000
vn 0.7696 -0.6386 -0.0000
vn 0.6182 -0.7860 -0.0000
vn 0.4510 -0.8925 -0.0000
vn 0.2963 -0.9551 -0.0000
vn 0.1699 -0.9855 -0.0000
vn 0.0735 -0.9973 -0.0000
vn -0.0216 -0.9998 -0.0000
vn -0.1607 -0.9870 -0.0000
vn -0.3363 -0.9418 -0.0000
vn -0.5130 -0.8584 -0.0000
vn -0.6701 -0.7423 -0.0000
vn -0.7931 -0.6091 -0.0000
vn -0.8792 -0.4765 -0.0000
vn -0.9343 -0.3565 -0.0000
vn -0.9672 -0.2541 -0.0000
vn -0.9855 -0.1694 -0.0000
vn -0.9949 -0.1007 -0.0000
vn -0.9990 -0.0455 -0.0000
vn -0.9990 -0.0454 -0.0000
vn -0.9999 -0.0105 -0.0000
vn -0.9999 0.0163 -0.0000
vn -0.9975 0.0705 -0.0000
vn -0.9880 0.1546 -0.0000
vn -0.9667 0.2559 -0.0000
vn -0.9273 0.3742 -0.0000
vn -0.8629 0.5053 -0.0000
vn -0.7687 0.6396 -0.0000
vn -0.6462 0.7632 -0.0000
vn -0.5050 0.8631 -0.0000
vn -0.3597 0.9331 -0.0000
vn -0.2232 0.9748 -0.0000
vn -0.1033 0.9946 -0.0000
vn -0.0240 0.9997 -0.0000
vn 0.0643 0.9979 -0.0000
vn -0.9820 0.1891 -0.0000
vn -0.9135 0.4068 -0.0000
vn -0.7814 0.6241 -0.0000
vn -0.6038 0.7972 -0.0000
vn -0.6038 0.7971 -0.0000
vn -0.4221 0.9065 -0.0000
vn -0.2682 0.9634 -0.0000
vn -0.1518 0.9884 -0.0000
vn -0.0701 0.9975 -0.0000
vn -0.0175 0.9998 -0.0000
vn 0.0102 0.9999 -0.0000
vn 0.0150 0.9999 -0.0000
vn 0.0193 0.9998 -0.0000
vn 0.0614 0.9981 -0.0000
vn 0.1432 0.9897 -0.0000
vn 0.2528 0.9675 -0.0000
vn 0.3914 0.9202 -0.0000
vn 0.3915 0.9202 -0.0000
vn 0.5504 0.8349 -0.0000
vn 0.7071 0.7071 -0.0000
vn 0.8349 0.5504 -0.0000
vn 0.9202 0.3914 -0.0000
vn 0.9202 0.3915 -0.0000
vn 0.9675 0.2528 -0.0000
vn 0.9897 0.1432 -0.0000
vn 0.9981 0.0614 -0.0000
vn 0.9998 -0.0206 -0.0000
vn 0.9890 -0.1477 -0.0000
vn 0.9482 -0.3178 -0.0000
vn 0.9482 -0.3177 -0.0000
vn 0.8663 -0.4996 -0.0000
vn 0.8663 -0.4995 -0.0000
vn 0.7434 -0.6688 -0.0000
vn 0.5959 -0.8031 -0.0000
vn 0.5959 -0.8030 -0.0000
vn 0.4476 -0.8942 -0.0000
vn 0.3166 -0.9486 -0.0000
vn 0.2101 -0.9777 -0.0000
vn 0.1284 -0.9917 -0.0000
vn 0.0685 -0.9976 -0.0000
vn -0.0039 -1.0000 -0.0000
vn -0.0517 -0.9987 -0.0000
vn -0.0981 -0.9952 -0.0000
vn -0.1616 -0.9869 -0.0000
vn -0.2453 -0.9694 -0.0000
vn -0.3527 -0.9357 -0.0000
vn -0.3527 -0.9358 -0.0000
vn -0.6361 -0.7716 -0.0000
vn -0.7871 -0.6168 -0.0000
vn -0.9087 -0.4175 -0.0000
vn -0.9793 -0.2022 -0.0000
vn -0.9989 -0.0475 -0.0000
vn -0.9991 0.0429 -0.0000
vn -0.9901 0.1402 -0.0000
vn -0.9741 0.2261 -0.0000
vn -0.9458 0.3248 -0.0000
vn -0.8999 0.4361 -0.0000
vn -0.8304 0.5571 -0.0000
vn -0.7326 0.6807 -0.0000
vn -0.6058 0.7956 -0.0000
vn -0.4565 0.8897 -0.0000
vn -0.2974 0.9548 -0.0000
vn -0.1424 0.9898 -0.0000
vn -0.0069 1.0000 -0.0000
vn 0.1168 0.9932 -0.0000
vn 0.2544 0.9671 -0.0000
vn 0.4105 0.9119 -0.0000
vn 0.5715 0.8206 -0.0000
vn 0.7175 0.6965 -0.0000
vn 0.8320 0.5547 -0.0000
vn 0.9100 0.4145 -0.0000
vn 0.9100 0.4146 -0.0000
vn 0.9569 0.2903 -0.0000
vn 0.9822 0.1880 -0.0000
vn 0.9942 0.1076 -0.0000
vn 0.9989 0.0467 -0.0000
vn 1.0000 0.0055 -0.0000
vn 0.9998 -0.0181 -0.0000
vn 0.9995 -0.0330 -0.0000
vn 0.9995 -0.0329 -0.0000
vn 0.9990 -0.0442 -0.0000
vn 0.9986 -0.0520 -0.0000
vn 0.9984 -0.0567 -0.0000
vn 0.9983 -0.0582 -0.0000
vn 0.9998 -0.0199 -0.0000
vn 0.9978 -0.0667 -0.0000
vn 0.9886 -0.1505 -0.0000
vn 0.9665 -0.2566 -0.0000
vn 0.9229 -0.3850 -0.0000
vn 0.8485 -0.5292 -0.0000
vn 0.7387 -0.6740 -0.0000
vn 0.6001 -0.7999 -0.0000
vn 0.4499 -0.8931 -0.0000
vn 0.3069 -0.9517 -0.0000
vn 0.1831 -0.9831 -0.0000
vn 0.0821 -0.9966 -0.0000
vn -0.0151 -0.9999 -0.0000
vn -0.1449 -0.9895 -0.0000
vn -0.3078 -0.9514 -0.0000
vn -0.4793 -0.8776 -0.0000
vn -0.6400 -0.7684 -0.0000
vn -0.7718 -0.6358 -0.0000
vn -0.8670 -0.4983 -0.0000
vn -0.9287 -0.3709 -0.0000
vn -0.9652 -0.2614 -0.0000
vn -0.9852 -0.1717 -0.0000
vn -0.9950 -0.1001 -0.0000
vn -0.9990 -0.0443 -0.0000
vn -0.9999 -0.0100 -0.0000
vn -1.0000 -0.0100 -0.0000
vt 0.553082 0.000000
vt 0.556507 0.000000
vt 0.554795 0.000000
vt 0.558219 0.000000
vt 0.559932 0.000000
vt 0.551370 0.000000
vt 0.561644 0.000000
vt 0.549658 0.000000
vt 0.563356 0.000000
vt 0.565068 0.000000
vt 0.547945 0.000000
vt 0.566781 0.000000
vt 0.546233 0.000000
vt 0.568493 0.000000
vt 0.570205 0.000000
vt 0.544521 0.000000
vt 0.409247 0.000000
vt 0.412671 0.000000
vt 0.410959 0.000000
vt 0.414384 0.000000
vt 0.407534 0.000000
vt 0.416096 0.000000
vt 0.405822 0.000000
vt 0.417808 0.000000
vt 0.404110 0.000000
vt 0.419521 0.000000
vt 0.402397 0.000000
vt 0.421233 0.000000
vt 0.400685 0.000000
vt 0.422945 0.000000
vt 0.424658 0.000000
vt 0.398973 0.000000
vt 0.571918 0.000000
vt 0.426370 0.000000
vt 0.397260 0.000000
vt 0.542808 0.000000
vt 0.428082 0.000000
vt 0.395548 0.000000
vt 0.573630 0.000000
vt 0.429795 0.000000
vt 0.393836 0.000000
vt 0.392123 0.000000
vt 0.431507 0.000000
vt 0.541096 0.000000
vt 0.575342 0.000000
vt 0.390411 0.000000
vt 0.388699 0.000000
vt 0.433219 0.000000
vt 0.577055 0.000000
vt 0.578767 0.000000
vt 0.386986 0.000000
vt 0.539384 0.000000
vt 0.580479 0.000000
vt 0.434932 0.000000
vt 0.582192 0.000000
vt 0.583904 0.000000
vt 0.585616 0.000000
vt 0.537671 0.000000
vt 0.436644 0.000000
vt 0.587329 0.000000
vt 0.385274 0.000000
vt 0.589041 0.000000
vt 0.590753 0.000000
vt 0.438356 0.000000
vt 0.592466 0.000000
vt 0.535959 0.000000
vt 0.594178 0.000000
vt 0.595890 0.000000
vt 0.383562 0.000000
vt 0.440068 0.000000
vt 0.597603 0.000000
vt 0.441781 0.000000
vt 0.534247 0.000000
vt 0.599315 0.000000
vt 0.443493 0.000000
vt 0.381849 0.000000
vt 0.532534 0.000000
vt 0.445205 0.000000
vt 0.601027 0.000000
vt 0.530822 0.000000
vt 0.660959 0.000000
vt 0.659247 0.000000
vt 0.657534 0.000000
vt 0.446918 0.000000
vt 0.662671 0.000000
vt 0.655822 0.000000
vt 0.664384 0.000000
vt 0.654110 0.000000
vt 0.380137 0.000000
vt 0.767123 0.000000
vt 0.765411 0.000000
vt 0.666096 0.000000
vt 0.652397 0.000000
vt 0.667808 0.000000
vt 0.650685 0.000000
vt 0.669521 0.000000
vt 0.529110 0.000000
vt 0.671233 0.000000
vt 0.648973 0.000000
vt 0.672945 0.000000
vt 0.602740 0.000000
vt 0.647260 0.000000
vt 0.674658 0.000000
vt 0.763699 0.000000
vt 0.448630 0.000000
vt 0.645548 0.000000
vt 0.676370 0.000000
vt 0.761986 0.000000
vt 0.768836 0.000000
vt 0.760274 0.000000
vt 0.758562 0.000000
vt 0.527397 0.000000
vt 0.678082 0.000000
vt 0.770548 0.000000
vt 0.643836 0.000000
vt 0.756849 0.000000
vt 0.772260 0.000000
vt 0.755137 0.000000
vt 0.679795 0.000000
vt 0.773973 0.000000
vt 0.753425 0.000000
vt 0.642123 0.000000
vt 0.450342 0.000000
vt 0.751712 0.000000
vt 0.775685 0.000000
vt 0.681507 0.000000
vt 0.750000 0.000000
vt 0.525685 0.000000
vt 0.777397 0.000000
vt 0.640411 0.000000
vt 0.604452 0.000000
vt 0.748288 0.000000
vt 0.779110 0.000000
vt 0.378425 0.000000
vt 0.746575 0.000000
vt 0.452055 0.000000
vt 0.523973 0.000000
vt 0.780822 0.000000
vt 0.638699 0.000000
vt 0.744863 0.000000
vt 0.782534 0.000000
vt 0.453767 0.000000
vt 0.683219 0.000000
vt 0.743151 0.000000
vt 0.741438 0.000000
vt 0.739726 0.000000
vt 0.784247 0.000000
vt 0.636986 0.000000
vt 0.738014 0.000000
vt 0.522260 0.000000
vt 0.684932 0.000000
vt 0.736301 0.000000
vt 0.734589 0.000000
vt 0.455479 0.000000
vt 0.635274 0.000000
vt 0.606164 0.000000
vt 0.732877 0.000000
vt 0.785959 0.000000
vt 0.731164 0.000000
vt 0.686644 0.000000
vt 0.729452 0.000000
vt 0.633562 0.000000
vt 0.727740 0.000000
vt 0.726027 0.000000
vt 0.631849 0.000000
vt 0.688356 0.000000
vt 0.787671 0.000000
vt 0.457192 0.000000
vt 0.724315 0.000000
vt 0.520548 0.000000
vt 0.722603 0.000000
vt 0.630137 0.000000
vt 0.690068 0.000000
vt 0.628425 0.000000
vt 0.720890 0.000000
vt 0.691781 0.000000
vt 0.376712 0.000000
vt 0.626712 0.000000
vt 0.458904 0.000000
vt 0.693493 0.000000
vt 0.625000 0.000000
vt 0.719178 0.000000
vt 0.695205 0.000000
vt 0.518836 0.000000
vt 0.623288 0.000000
vt 0.696918 0.000000
vt 0.621575 0.000000
vt 0.698630 0.000000
vt 0.619863 0.000000
vt 0.700342 0.000000
vt 0.703767 0.000000
vt 0.702055 0.000000
vt 0.717466 0.000000
vt 0.607877 0.000000
vt 0.460616 0.000000
vt 0.715753 0.000000
vt 0.789384 0.000000
vt 0.517123 0.000000
vt 0.462329 0.000000
vt 0.714041 0.000000
vt 0.791096 0.000000
vt 0.792808 0.000000
vt 0.712329 0.000000
vt 0.794521 0.000000
vt 0.464041 0.000000
vt 0.515411 0.000000
vt 0.710616 0.000000
vt 0.796233 0.000000
vt 0.797945 0.000000
vt 0.708904 0.000000
vt 0.609589 0.000000
vt 0.799658 0.000000
vt 0.465753 0.000000
vt 0.375000 0.000000
vt 0.707192 0.000000
vt 0.801370 0.000000
vt 0.803082 0.000000
vt 0.513699 0.000000
vt 0.705479 0.000000
vt 0.804795 0.000000
vt 0.806507 0.000000
vt 0.809932 0.000000
vt 0.808219 0.000000
vt 0.467466 0.000000
vt 0.511986 0.000000
vt 0.469178 0.000000
vt 0.611301 0.000000
vt 0.470890 0.000000
vt 0.510274 0.000000
vt 0.472603 0.000000
vt 0.373288 0.000000
vt 0.508562 0.000000
vt 0.613014 0.000000
vt 0.506849 0.000000
vt 0.875000 0.000000
vt 0.873288 0.000000
vt 0.871575 0.000000
vt 0.869863 0.000000
vt 0.614726 0.000000
vt 0.371575 0.000000
vt 0.876712 0.000000
vt 0.868151 0.000000
vt 0.878425 0.000000
vt 0.866438 0.000000
vt 0.880137 0.000000
vt 0.864726 0.000000
vt 0.881849 0.000000
vt 0.883562 0.000000
vt 0.863014 0.000000
vt 0.885274 0.000000
vt 0.861301 0.000000
vt 0.886986 0.000000
vt 0.505137 0.000000
vt 0.859589 0.000000
vt 0.888699 0.000000
vt 0.857877 0.000000
vt 0.616438 0.000000
vt 0.890411 0.000000
vt 0.856164 0.000000
vt 0.892123 0.000000
vt 0.893836 0.000000
vt 0.854452 0.000000
vt 0.369863 0.000000
vt 0.977740 0.000000
vt 0.976027 0.000000
vt 0.974315 0.000000
vt 0.895548 0.000000
vt 0.852740 0.000000
vt 0.851027 0.000000
vt 0.618151 0.000000
vt 0.503425 0.000000
vt 0.849315 0.000000
vt 0.847603 0.000000
vt 0.368151 0.000000
vt 0.979452 0.000000
vt 0.981164 0.000000
vt 0.972603 0.000000
vt 0.982877 0.000000
vt 0.970890 0.000000
vt 0.845890 0.000000
vt 0.984589 0.000000
vt 0.969178 0.000000
vt 0.986301 0.000000
vt 0.811644 0.000000
vt 0.967466 0.000000
vt 0.988014 0.000000
vt 0.965753 0.000000
vt 0.844178 0.000000
vt 0.501712 0.000000
vt 0.989726 0.000000
vt 0.964041 0.000000
vt 0.813356 0.000000
vt 0.842466 0.000000
vt 0.991438 0.000000
vt 0.962329 0.000000
vt 0.815068 0.000000
vt 0.366438 0.000000
vt 0.993151 0.000000
vt 0.840753 0.000000
vt 0.960616 0.000000
vt 0.364726 0.000000
vt 0.839041 0.000000
vt 0.474315 0.000000
vt 0.816781 0.000000
vt 0.994863 0.000000
vt 0.958904 0.000000
vt 0.363014 0.000000
vt 0.837329 0.000000
vt 0.818493 0.000000
vt 0.996575 0.000000
vt 0.835616 0.000000
vt 0.361301 0.000000
vt 0.820205 0.000000
vt 0.476027 0.000000
vt 0.833904 0.000000
vt 0.957192 0.000000
vt 0.821918 0.000000
vt 0.832192 0.000000
vt 0.823630 0.000000
vt 0.830479 0.000000
vt 0.359589 0.000000
vt 0.825342 0.000000
vt 0.828767 0.000000
vt 0.827055 0.000000
vt 0.998288 0.000000
vt 0.357877 0.000000
vt 0.500000 0.000000
vt 0.955479 0.000000
vt 0.477740 0.000000
vt 1.000000 0.000000
vt 0.953767 0.000000
vt 0.356164 0.000000
vt 0.952055 0.000000
vt 0.950342 0.000000
vt 0.354452 0.000000
vt 0.948630 0.000000
vt 0.352740 0.000000
vt 0.946918 0.000000
vt 0.479452 0.000000
vt 0.945205 0.000000
vt 0.351027 0.000000
vt 0.943493 0.000000
vt 0.941781 0.000000
vt 0.349315 0.000000
vt 0.940068 0.000000
vt 0.938356 0.000000
vt 0.481164 0.000000
vt 0.347603 0.000000
vt 0.936644 0.000000
vt 0.897260 0.000000
vt 0.934932 0.000000
vt 0.345890 0.000000
vt 0.498288 0.000000
vt 0.898973 0.000000
vt 0.933219 0.000000
vt 0.482877 0.000000
vt 0.000000 0.000000
vt 0.900685 0.000000
vt 0.931507 0.000000
vt 0.344178 0.000000
vt 0.902397 0.000000
vt 0.484589 0.000000
vt 0.929795 0.000000
vt 0.904110 0.000000
vt 0.928082 0.000000
vt 0.905822 0.000000
vt 0.486301 0.000000
vt 0.926370 0.000000
vt 0.496575 0.000000
vt 0.001712 0.000000
vt 0.907534 0.000000
vt 0.342466 0.000000
vt 0.924658 0.000000
vt 0.909247 0.000000
vt 0.922945 0.000000
vt 0.488014 0.000000
vt 0.910959 0.000000
vt 0.921233 0.000000
vt 0.912671 0.000000
vt 0.919521 0.000000
vt 0.914384 0.000000
vt 0.917808 0.000000
vt 0.916096 0.000000
vt 0.489726 0.000000
vt 0.494863 0.000000
vt 0.340753 0.000000
vt 0.003425 0.000000
vt 0.491438 0.000000
vt 0.493151 0.000000
vt 0.339041 0.000000
vt 0.140411 0.000000
vt 0.138699 0.000000
vt 0.136986 0.000000
vt 0.005137 0.000000
vt 0.337329 0.000000
vt 0.142123 0.000000
vt 0.143836 0.000000
vt 0.135274 0.000000
vt 0.133562 0.000000
vt 0.131849 0.000000
vt 0.145548 0.000000
vt 0.130137 0.000000
vt 0.128425 0.000000
vt 0.126712 0.000000
vt 0.147260 0.000000
vt 0.335616 0.000000
vt 0.125000 0.000000
vt 0.006849 0.000000
vt 0.123288 0.000000
vt 0.333904 0.000000
vt 0.148973 0.000000
vt 0.121575 0.000000
vt 0.119863 0.000000
vt 0.008562 0.000000
vt 0.118151 0.000000
vt 0.332192 0.000000
vt 0.238014 0.000000
vt 0.236301 0.000000
vt 0.150685 0.000000
vt 0.116438 0.000000
vt 0.114726 0.000000
vt 0.330479 0.000000
vt 0.255137 0.000000
vt 0.253425 0.000000
vt 0.251712 0.000000
vt 0.250000 0.000000
vt 0.239726 0.000000
vt 0.113014 0.000000
vt 0.248288 0.000000
vt 0.241438 0.000000
vt 0.246575 0.000000
vt 0.256849 0.000000
vt 0.244863 0.000000
vt 0.243151 0.000000
vt 0.258562 0.000000
vt 0.234589 0.000000
vt 0.232877 0.000000
vt 0.010274 0.000000
vt 0.260274 0.000000
vt 0.231164 0.000000
vt 0.229452 0.000000
vt 0.261986 0.000000
vt 0.227740 0.000000
vt 0.226027 0.000000
vt 0.263699 0.000000
vt 0.224315 0.000000
vt 0.111301 0.000000
vt 0.265411 0.000000
vt 0.222603 0.000000
vt 0.220890 0.000000
vt 0.328767 0.000000
vt 0.219178 0.000000
vt 0.217466 0.000000
vt 0.215753 0.000000
vt 0.214041 0.000000
vt 0.212329 0.000000
vt 0.210616 0.000000
vt 0.208904 0.000000
vt 0.267123 0.000000
vt 0.207192 0.000000
vt 0.152397 0.000000
vt 0.268836 0.000000
vt 0.205479 0.000000
vt 0.203767 0.000000
vt 0.270548 0.000000
vt 0.109589 0.000000
vt 0.202055 0.000000
vt 0.272260 0.000000
vt 0.273973 0.000000
vt 0.275685 0.000000
vt 0.277397 0.000000
vt 0.279110 0.000000
vt 0.280822 0.000000
vt 0.200342 0.000000
vt 0.282534 0.000000
vt 0.327055 0.000000
vt 0.107877 0.000000
vt 0.284247 0.000000
vt 0.285959 0.000000
vt 0.287671 0.000000
vt 0.198630 0.000000
vt 0.106164 0.000000
vt 0.289384 0.000000
vt 0.325342 0.000000
vt 0.196918 0.000000
vt 0.323630 0.000000
vt 0.291096 0.000000
vt 0.104452 0.000000
vt 0.011986 0.000000
vt 0.321918 0.000000
vt 0.292808 0.000000
vt 0.195205 0.000000
vt 0.320205 0.000000
vt 0.102740 0.000000
vt 0.318493 0.000000
vt 0.294521 0.000000
vt 0.316781 0.000000
vt 0.315068 0.000000
vt 0.296233 0.000000
vt 0.101027 0.000000
vt 0.094178 0.000000
vt 0.097603 0.000000
vt 0.095890 0.000000
vt 0.313356 0.000000
vt 0.099315 0.000000
vt 0.092466 0.000000
vt 0.311644 0.000000
vt 0.193493 0.000000
vt 0.297945 0.000000
vt 0.309932 0.000000
vt 0.308219 0.000000
vt 0.299658 0.000000
vt 0.090753 0.000000
vt 0.306507 0.000000
vt 0.304795 0.000000
vt 0.303082 0.000000
vt 0.301370 0.000000
vt 0.154110 0.000000
vt 0.089041 0.000000
vt 0.191781 0.000000
vt 0.087329 0.000000
vt 0.190068 0.000000
vt 0.085616 0.000000
vt 0.188356 0.000000
vt 0.083904 0.000000
vt 0.186644 0.000000
vt 0.013699 0.000000
vt 0.082192 0.000000
vt 0.184932 0.000000
vt 0.183219 0.000000
vt 0.155822 0.000000
vt 0.080479 0.000000
vt 0.181507 0.000000
vt 0.179795 0.000000
vt 0.078767 0.000000
vt 0.015411 0.000000
vt 0.077055 0.000000
vt 0.178082 0.000000
vt 0.075342 0.000000
vt 0.157534 0.000000
vt 0.073630 0.000000
vt 0.176370 0.000000
vt 0.071918 0.000000
vt 0.174658 0.000000
vt 0.017123 0.000000
vt 0.070205 0.000000
vt 0.068493 0.000000
vt 0.172945 0.000000
vt 0.159247 0.000000
vt 0.066781 0.000000
vt 0.171233 0.000000
vt 0.018836 0.000000
vt 0.065068 0.000000
vt 0.063356 0.000000
vt 0.169521 0.000000
vt 0.061644 0.000000
vt 0.160959 0.000000
vt 0.020548 0.000000
vt 0.167808 0.000000
vt 0.059932 0.000000
vt 0.022260 0.000000
vt 0.058219 0.000000
vt 0.166096 0.000000
vt 0.023973 0.000000
vt 0.056507 0.000000
vt 0.162671 0.000000
vt 0.164384 0.000000
vt 0.025685 0.000000
vt 0.054795 0.000000
vt 0.027397 0.000000
vt 0.053082 0.000000
vt 0.029110 0.000000
vt 0.051370 0.000000
vt 0.030822 0.000000
vt 0.049658 0.000000
vt 0.032534 0.000000
vt 0.034247 0.000000
vt 0.047945 0.000000
vt 0.035959 0.000000
vt 0.046233 0.000000
vt 0.039384 0.000000
vt 0.037671 0.000000
vt 0.041096 0.000000
vt 0.042808 0.000000
vt 0.044521 0.000000
vt 0.325188 0.000000
vt 0.327068 0.000000
vt 0.326128 0.000000
vt 0.347744 0.000000
vt 0.349624 0.000000
vt 0.348684 0.000000
vt 0.350564 0.000000
vt 0.324248 0.000000
vt 0.351504 0.000000
vt 0.323308 0.000000
vt 0.346804 0.000000
vt 0.328008 0.000000
vt 0.352444 0.000000
vt 0.322368 0.000000
vt 0.353383 0.000000
vt 0.321429 0.000000
vt 0.354323 0.000000
vt 0.345865 0.000000
vt 0.328947 0.000000
vt 0.320489 0.000000
vt 0.355263 0.000000
vt 0.319549 0.000000
vt 0.596804 0.000000
vt 0.598684 0.000000
vt 0.597744 0.000000
vt 0.599624 0.000000
vt 0.595865 0.000000
vt 0.600564 0.000000
vt 0.594925 0.000000
vt 0.593985 0.000000
vt 0.601504 0.000000
vt 0.593045 0.000000
vt 0.356203 0.000000
vt 0.318609 0.000000
vt 0.592105 0.000000
vt 0.602444 0.000000
vt 0.344925 0.000000
vt 0.329887 0.000000
vt 0.591165 0.000000
vt 0.603383 0.000000
vt 0.590226 0.000000
vt 0.589286 0.000000
vt 0.317669 0.000000
vt 0.588346 0.000000
vt 0.604323 0.000000
vt 0.357143 0.000000
vt 0.587406 0.000000
vt 0.586466 0.000000
vt 0.585526 0.000000
vt 0.605263 0.000000
vt 0.316729 0.000000
vt 0.584586 0.000000
vt 0.583647 0.000000
vt 0.582707 0.000000
vt 0.581767 0.000000
vt 0.580827 0.000000
vt 0.358083 0.000000
vt 0.579887 0.000000
vt 0.315789 0.000000
vt 0.606203 0.000000
vt 0.578947 0.000000
vt 0.343985 0.000000
vt 0.330827 0.000000
vt 0.578008 0.000000
vt 0.577068 0.000000
vt 0.314850 0.000000
vt 0.576128 0.000000
vt 0.359023 0.000000
vt 0.607143 0.000000
vt 0.575188 0.000000
vt 0.313910 0.000000
vt 0.574248 0.000000
vt 0.573308 0.000000
vt 0.608083 0.000000
vt 0.359962 0.000000
vt 0.312970 0.000000
vt 0.343045 0.000000
vt 0.331767 0.000000
vt 0.572368 0.000000
vt 0.571429 0.000000
vt 0.312030 0.000000
vt 0.609023 0.000000
vt 0.360902 0.000000
vt 0.570489 0.000000
vt 0.311090 0.000000
vt 0.569549 0.000000
vt 0.361842 0.000000
vt 0.342105 0.000000
vt 0.332707 0.000000
vt 0.568609 0.000000
vt 0.609962 0.000000
vt 0.310150 0.000000
vt 0.362782 0.000000
vt 0.567669 0.000000
vt 0.610902 0.000000
vt 0.363722 0.000000
vt 0.309211 0.000000
vt 0.566729 0.000000
vt 0.611842 0.000000
vt 0.364662 0.000000
vt 0.308271 0.000000
vt 0.565789 0.000000
vt 0.341165 0.000000
vt 0.333647 0.000000
vt 0.612782 0.000000
vt 0.365602 0.000000
vt 0.564850 0.000000
vt 0.613722 0.000000
vt 0.307331 0.000000
vt 0.366541 0.000000
vt 0.614662 0.000000
vt 0.563910 0.000000
vt 0.306391 0.000000
vt 0.615601 0.000000
vt 0.367481 0.000000
vt 0.340226 0.000000
vt 0.334586 0.000000
vt 0.562970 0.000000
vt 0.616541 0.000000
vt 0.368421 0.000000
vt 0.305451 0.000000
vt 0.617481 0.000000
vt 0.562030 0.000000
vt 0.618421 0.000000
vt 0.369361 0.000000
vt 0.304511 0.000000
vt 0.619361 0.000000
vt 0.561090 0.000000
vt 0.339286 0.000000
vt 0.335526 0.000000
vt 0.620301 0.000000
vt 0.370301 0.000000
vt 0.621241 0.000000
vt 0.303571 0.000000
vt 0.560150 0.000000
vt 0.622180 0.000000
vt 0.371241 0.000000
vt 0.559211 0.000000
vt 0.623120 0.000000
vt 0.558271 0.000000
vt 0.302632 0.000000
vt 0.624060 0.000000
vt 0.338346 0.000000
vt 0.336466 0.000000
vt 0.372180 0.000000
vt 0.557331 0.000000
vt 0.301692 0.000000
vt 0.625940 0.000000
vt 0.556391 0.000000
vt 0.626880 0.000000
vt 0.373120 0.000000
vt 0.555451 0.000000
vt 0.627820 0.000000
vt 0.300752 0.000000
vt 0.628759 0.000000
vt 0.554511 0.000000
vt 0.629699 0.000000
vt 0.553571 0.000000
vt 0.630639 0.000000
vt 0.632519 0.000000
vt 0.631579 0.000000
vt 0.299812 0.000000
vt 0.337406 0.000000
vt 0.298872 0.000000
vt 0.374060 0.000000
vt 0.297932 0.000000
vt 0.296992 0.000000
vt 0.296053 0.000000
vt 0.295113 0.000000
vt 0.294173 0.000000
vt 0.293233 0.000000
vt 0.375940 0.000000
vt 0.376880 0.000000
vt 0.292293 0.000000
vt 0.377820 0.000000
vt 0.378759 0.000000
vt 0.291353 0.000000
vt 0.379699 0.000000
vt 0.380639 0.000000
vt 0.381579 0.000000
vt 0.382519 0.000000
vt 0.667293 0.000000
vt 0.669173 0.000000
vt 0.668233 0.000000
vt 0.666353 0.000000
vt 0.665414 0.000000
vt 0.664474 0.000000
vt 0.670113 0.000000
vt 0.663534 0.000000
vt 0.671053 0.000000
vt 0.662594 0.000000
vt 0.383459 0.000000
vt 0.661654 0.000000
vt 0.290414 0.000000
vt 0.384398 0.000000
vt 0.671992 0.000000
vt 0.660714 0.000000
vt 0.385338 0.000000
vt 0.659774 0.000000
vt 0.672932 0.000000
vt 0.386278 0.000000
vt 0.387218 0.000000
vt 0.658835 0.000000
vt 0.388158 0.000000
vt 0.673872 0.000000
vt 0.657895 0.000000
vt 0.389098 0.000000
vt 0.289474 0.000000
vt 0.390038 0.000000
vt 0.656955 0.000000
vt 0.674812 0.000000
vt 0.390977 0.000000
vt 0.391917 0.000000
vt 0.656015 0.000000
vt 0.392857 0.000000
vt 0.393797 0.000000
vt 0.675752 0.000000
vt 0.288534 0.000000
vt 0.655075 0.000000
vt 0.394737 0.000000
vt 0.654135 0.000000
vt 0.676692 0.000000
vt 0.653196 0.000000
vt 0.287594 0.000000
vt 0.652256 0.000000
vt 0.395677 0.000000
vt 0.651316 0.000000
vt 0.677632 0.000000
vt 0.650376 0.000000
vt 0.286654 0.000000
vt 0.649436 0.000000
vt 0.396617 0.000000
vt 0.648496 0.000000
vt 0.678571 0.000000
vt 0.647556 0.000000
vt 0.285714 0.000000
vt 0.679511 0.000000
vt 0.646617 0.000000
vt 0.680451 0.000000
vt 0.645677 0.000000
vt 0.397556 0.000000
vt 0.681391 0.000000
vt 0.682331 0.000000
vt 0.644737 0.000000
vt 0.284774 0.000000
vt 0.683271 0.000000
vt 0.643797 0.000000
vt 0.684211 0.000000
vt 0.642857 0.000000
vt 0.685150 0.000000
vt 0.398496 0.000000
vt 0.686090 0.000000
vt 0.283835 0.000000
vt 0.687030 0.000000
vt 0.641917 0.000000
vt 0.687970 0.000000
vt 0.688910 0.000000
vt 0.640977 0.000000
vt 0.689850 0.000000
vt 0.282895 0.000000
vt 0.690789 0.000000
vt 0.723684 0.000000
vt 0.399436 0.000000
vt 0.640038 0.000000
vt 0.691729 0.000000
vt 0.692669 0.000000
vt 0.639098 0.000000
vt 0.693609 0.000000
vt 0.281955 0.000000
vt 0.747180 0.000000
vt 0.746241 0.000000
vt 0.694549 0.000000
vt 0.695489 0.000000
vt 0.638158 0.000000
vt 0.696429 0.000000
vt 0.745301 0.000000
vt 0.724624 0.000000
vt 0.722744 0.000000
vt 0.744361 0.000000
vt 0.725564 0.000000
vt 0.743421 0.000000
vt 0.726504 0.000000
vt 0.742481 0.000000
vt 0.727444 0.000000
vt 0.748120 0.000000
vt 0.721804 0.000000
vt 0.741541 0.000000
vt 0.728383 0.000000
vt 0.740601 0.000000
vt 0.729323 0.000000
vt 0.697368 0.000000
vt 0.739662 0.000000
vt 0.730263 0.000000
vt 0.738722 0.000000
vt 0.731203 0.000000
vt 0.737782 0.000000
vt 0.732143 0.000000
vt 0.749060 0.000000
vt 0.736842 0.000000
vt 0.733083 0.000000
vt 0.720865 0.000000
vt 0.735902 0.000000
vt 0.734023 0.000000
vt 0.734962 0.000000
vt 0.698308 0.000000
vt 0.699248 0.000000
vt 0.700188 0.000000
vt 0.701128 0.000000
vt 0.719925 0.000000
vt 0.702068 0.000000
vt 0.637218 0.000000
vt 0.703008 0.000000
vt 0.703947 0.000000
vt 0.750940 0.000000
vt 0.718985 0.000000
vt 0.704887 0.000000
vt 0.705827 0.000000
vt 0.636278 0.000000
vt 0.751880 0.000000
vt 0.281015 0.000000
vt 0.400376 0.000000
vt 0.706767 0.000000
vt 0.718045 0.000000
vt 0.707707 0.000000
vt 0.635338 0.000000
vt 0.708647 0.000000
vt 0.752820 0.000000
vt 0.634399 0.000000
vt 0.709586 0.000000
vt 0.717105 0.000000
vt 0.633459 0.000000
vt 0.710526 0.000000
vt 0.711466 0.000000
vt 0.712406 0.000000
vt 0.753759 0.000000
vt 0.716165 0.000000
vt 0.280075 0.000000
vt 0.754699 0.000000
vt 0.715226 0.000000
vt 0.755639 0.000000
vt 0.714286 0.000000
vt 0.401316 0.000000
vt 0.279135 0.000000
vt 0.756579 0.000000
vt 0.713346 0.000000
vt 0.826128 0.000000
vt 0.828008 0.000000
vt 0.827068 0.000000
vt 0.828947 0.000000
vt 0.825188 0.000000
vt 0.824248 0.000000
vt 0.823308 0.000000
vt 0.829887 0.000000
vt 0.822368 0.000000
vt 0.821429 0.000000
vt 0.830827 0.000000
vt 0.820489 0.000000
vt 0.819549 0.000000
vt 0.831767 0.000000
vt 0.818609 0.000000
vt 0.757519 0.000000
vt 0.793233 0.000000
vt 0.832707 0.000000
vt 0.817669 0.000000
vt 0.278196 0.000000
vt 0.816729 0.000000
vt 0.833647 0.000000
vt 0.815789 0.000000
vt 0.402256 0.000000
vt 0.814850 0.000000
vt 0.758459 0.000000
vt 0.834586 0.000000
vt 0.792293 0.000000
vt 0.813910 0.000000
vt 0.812970 0.000000
vt 0.835526 0.000000
vt 0.277256 0.000000
vt 0.812030 0.000000
vt 0.811090 0.000000
vt 0.836466 0.000000
vt 0.810150 0.000000
vt 0.759399 0.000000
vt 0.403196 0.000000
vt 0.791353 0.000000
vt 0.809211 0.000000
vt 0.837406 0.000000
vt 0.276316 0.000000
vt 0.808271 0.000000
vt 0.807331 0.000000
vt 0.760338 0.000000
vt 0.790414 0.000000
vt 0.806391 0.000000
vt 0.838346 0.000000
vt 0.805451 0.000000
vt 0.761278 0.000000
vt 0.404135 0.000000
vt 0.275376 0.000000
vt 0.789474 0.000000
vt 0.804511 0.000000
vt 0.839286 0.000000
vt 0.803571 0.000000
vt 0.762218 0.000000
vt 0.788534 0.000000
vt 0.763158 0.000000
vt 0.274436 0.000000
vt 0.787594 0.000000
vt 0.802632 0.000000
vt 0.405075 0.000000
vt 0.840226 0.000000
vt 0.764098 0.000000
vt 0.786654 0.000000
vt 0.765038 0.000000
vt 0.785714 0.000000
vt 0.801692 0.000000
vt 0.765977 0.000000
vt 0.841165 0.000000
vt 0.784774 0.000000
vt 0.766917 0.000000
vt 0.273496 0.000000
vt 0.767857 0.000000
vt 0.783835 0.000000
vt 0.768797 0.000000
vt 0.769737 0.000000
vt 0.770677 0.000000
vt 0.771617 0.000000
vt 0.772556 0.000000
vt 0.782895 0.000000
vt 0.773496 0.000000
vt 0.774436 0.000000
vt 0.775376 0.000000
vt 0.406015 0.000000
vt 0.776316 0.000000
vt 0.777256 0.000000
vt 0.781955 0.000000
vt 0.778196 0.000000
vt 0.800752 0.000000
vt 0.779135 0.000000
vt 0.781015 0.000000
vt 0.780075 0.000000
vt 0.842105 0.000000
vt 0.406955 0.000000
vt 0.799812 0.000000
vt 0.272556 0.000000
vt 0.843045 0.000000
vt 0.798872 0.000000
vt 0.407895 0.000000
vt 0.843985 0.000000
vt 0.797932 0.000000
vt 0.844925 0.000000
vt 0.271617 0.000000
vt 0.796992 0.000000
vt 0.845865 0.000000
vt 0.408835 0.000000
vt 0.796053 0.000000
vt 0.846804 0.000000
vt 0.795113 0.000000
vt 0.847744 0.000000
vt 0.848684 0.000000
vt 0.794173 0.000000
vt 0.849624 0.000000
vt 0.851504 0.000000
vt 0.850564 0.000000
vt 0.409774 0.000000
vt 0.270677 0.000000
vt 0.410714 0.000000
vt 0.269737 0.000000
vt 0.895677 0.000000
vt 0.897556 0.000000
vt 0.896617 0.000000
vt 0.898496 0.000000
vt 0.899436 0.000000
vt 0.900376 0.000000
vt 0.901316 0.000000
vt 0.894737 0.000000
vt 0.902256 0.000000
vt 0.903196 0.000000
vt 0.904135 0.000000
vt 0.905075 0.000000
vt 0.906015 0.000000
vt 0.906955 0.000000
vt 0.907895 0.000000
vt 0.908835 0.000000
vt 0.909774 0.000000
vt 0.910714 0.000000
vt 0.893797 0.000000
vt 0.911654 0.000000
vt 0.912594 0.000000
vt 0.913534 0.000000
vt 0.411654 0.000000
vt 0.914474 0.000000
vt 0.892857 0.000000
vt 0.915414 0.000000
vt 0.916353 0.000000
vt 0.917293 0.000000
vt 0.918233 0.000000
vt 0.891917 0.000000
vt 0.919173 0.000000
vt 0.920113 0.000000
vt 0.921053 0.000000
vt 0.268797 0.000000
vt 0.890977 0.000000
vt 0.921992 0.000000
vt 0.922932 0.000000
vt 0.923872 0.000000
vt 0.267857 0.000000
vt 0.412594 0.000000
vt 0.924812 0.000000
vt 0.890038 0.000000
vt 0.925752 0.000000
vt 0.266917 0.000000
vt 0.926692 0.000000
vt 0.927632 0.000000
vt 0.265977 0.000000
vt 0.889098 0.000000
vt 0.928571 0.000000
vt 0.413534 0.000000
vt 0.265038 0.000000
vt 0.929511 0.000000
vt 0.888158 0.000000
vt 0.264098 0.000000
vt 0.930451 0.000000
vt 0.263158 0.000000
vt 0.931391 0.000000
vt 0.414474 0.000000
vt 0.932331 0.000000
vt 0.262218 0.000000
vt 0.887218 0.000000
vt 0.933271 0.000000
vt 0.261278 0.000000
vt 0.934211 0.000000
vt 0.415414 0.000000
vt 0.260338 0.000000
vt 0.935150 0.000000
vt 0.886278 0.000000
vt 0.259398 0.000000
vt 0.936090 0.000000
vt 0.416353 0.000000
vt 0.258459 0.000000
vt 0.937030 0.000000
vt 0.937970 0.000000
vt 0.257519 0.000000
vt 0.417293 0.000000
vt 0.938910 0.000000
vt 0.885338 0.000000
vt 0.939850 0.000000
vt 0.418233 0.000000
vt 0.940789 0.000000
vt 0.256579 0.000000
vt 0.941729 0.000000
vt 0.419173 0.000000
vt 0.942669 0.000000
vt 0.884399 0.000000
vt 0.420113 0.000000
vt 0.255639 0.000000
vt 0.943609 0.000000
vt 0.421053 0.000000
vt 0.421992 0.000000
vt 0.944549 0.000000
vt 0.422932 0.000000
vt 0.423872 0.000000
vt 0.424812 0.000000
vt 0.254699 0.000000
vt 0.425752 0.000000
vt 0.945489 0.000000
vt 0.253759 0.000000
vt 0.883459 0.000000
vt 0.252820 0.000000
vt 0.251880 0.000000
vt 0.426692 0.000000
vt 0.946429 0.000000
vt 0.250940 0.000000
vt 0.249060 0.000000
vt 0.552632 0.000000
vt 0.947368 0.000000
vt 0.551692 0.000000
vt 0.000940 0.000000
vt 0.427632 0.000000
vt 0.001880 0.000000
vt 0.948308 0.000000
vt 0.882519 0.000000
vt 0.248120 0.000000
vt 0.002820 0.000000
vt 0.003759 0.000000
vt 0.949248 0.000000
vt 0.004699 0.000000
vt 0.950188 0.000000
vt 0.428571 0.000000
vt 0.247180 0.000000
vt 0.005639 0.000000
vt 0.881579 0.000000
vt 0.951128 0.000000
vt 0.006579 0.000000
vt 0.952068 0.000000
vt 0.007519 0.000000
vt 0.880639 0.000000
vt 0.429511 0.000000
vt 0.953008 0.000000
vt 0.008459 0.000000
vt 0.852444 0.000000
vt 0.246241 0.000000
vt 0.550752 0.000000
vt 0.009398 0.000000
vt 0.853383 0.000000
vt 0.879699 0.000000
vt 0.854323 0.000000
vt 0.010338 0.000000
vt 0.855263 0.000000
vt 0.430451 0.000000
vt 0.878759 0.000000
vt 0.856203 0.000000
vt 0.011278 0.000000
vt 0.857143 0.000000
vt 0.858083 0.000000
vt 0.012218 0.000000
vt 0.859023 0.000000
vt 0.877820 0.000000
vt 0.859962 0.000000
vt 0.860902 0.000000
vt 0.861842 0.000000
vt 0.013158 0.000000
vt 0.862782 0.000000
vt 0.863722 0.000000
vt 0.864662 0.000000
vt 0.865601 0.000000
vt 0.866541 0.000000
vt 0.876880 0.000000
vt 0.867481 0.000000
vt 0.868421 0.000000
vt 0.869361 0.000000
vt 0.870301 0.000000
vt 0.875940 0.000000
vt 0.014098 0.000000
vt 0.871241 0.000000
vt 0.872180 0.000000
vt 0.873120 0.000000
vt 0.874060 0.000000
vt 0.015038 0.000000
vt 0.245301 0.000000
vt 0.431391 0.000000
vt 0.015977 0.000000
vt 0.016917 0.000000
vt 0.017857 0.000000
vt 0.018797 0.000000
vt 0.019737 0.000000
vt 0.432331 0.000000
vt 0.020677 0.000000
vt 0.549812 0.000000
vt 0.021617 0.000000
vt 0.022556 0.000000
vt 0.244361 0.000000
vt 0.433271 0.000000
vt 0.023496 0.000000
vt 0.201128 0.000000
vt 0.203008 0.000000
vt 0.202068 0.000000
vt 0.200188 0.000000
vt 0.203947 0.000000
vt 0.199248 0.000000
vt 0.198308 0.000000
vt 0.204887 0.000000
vt 0.197368 0.000000
vt 0.196429 0.000000
vt 0.205827 0.000000
vt 0.195489 0.000000
vt 0.178571 0.000000
vt 0.180451 0.000000
vt 0.179511 0.000000
vt 0.181391 0.000000
vt 0.182331 0.000000
vt 0.183271 0.000000
vt 0.194549 0.000000
vt 0.184211 0.000000
vt 0.177632 0.000000
vt 0.185150 0.000000
vt 0.193609 0.000000
vt 0.186090 0.000000
vt 0.187030 0.000000
vt 0.206767 0.000000
vt 0.192669 0.000000
vt 0.187970 0.000000
vt 0.188910 0.000000
vt 0.191729 0.000000
vt 0.189850 0.000000
vt 0.190789 0.000000
vt 0.176692 0.000000
vt 0.207707 0.000000
vt 0.434211 0.000000
vt 0.175752 0.000000
vt 0.208647 0.000000
vt 0.024436 0.000000
vt 0.209586 0.000000
vt 0.174812 0.000000
vt 0.548872 0.000000
vt 0.243421 0.000000
vt 0.210526 0.000000
vt 0.173872 0.000000
vt 0.435150 0.000000
vt 0.211466 0.000000
vt 0.025376 0.000000
vt 0.172932 0.000000
vt 0.212406 0.000000
vt 0.491541 0.000000
vt 0.493421 0.000000
vt 0.492481 0.000000
vt 0.490602 0.000000
vt 0.494361 0.000000
vt 0.495301 0.000000
vt 0.496241 0.000000
vt 0.489662 0.000000
vt 0.497180 0.000000
vt 0.488722 0.000000
vt 0.498120 0.000000
vt 0.487782 0.000000
vt 0.436090 0.000000
vt 0.499060 0.000000
vt 0.486842 0.000000
vt 0.213346 0.000000
vt 0.485902 0.000000
vt 0.026316 0.000000
vt 0.171992 0.000000
vt 0.484962 0.000000
vt 0.500940 0.000000
vt 0.484023 0.000000
vt 0.501880 0.000000
vt 0.242481 0.000000
vt 0.214286 0.000000
vt 0.547932 0.000000
vt 0.483083 0.000000
vt 0.437030 0.000000
vt 0.502820 0.000000
vt 0.027256 0.000000
vt 0.171053 0.000000
vt 0.482143 0.000000
vt 0.503759 0.000000
vt 0.215226 0.000000
vt 0.481203 0.000000
vt 0.504699 0.000000
vt 0.437970 0.000000
vt 0.028195 0.000000
vt 0.480263 0.000000
vt 0.505639 0.000000
vt 0.216165 0.000000
vt 0.170113 0.000000
vt 0.479323 0.000000
vt 0.438910 0.000000
vt 0.241541 0.000000
vt 0.506579 0.000000
vt 0.029135 0.000000
vt 0.546992 0.000000
vt 0.478383 0.000000
vt 0.217105 0.000000
vt 0.507519 0.000000
vt 0.439850 0.000000
vt 0.477444 0.000000
vt 0.169173 0.000000
vt 0.030075 0.000000
vt 0.218045 0.000000
vt 0.476504 0.000000
vt 0.508459 0.000000
vt 0.440789 0.000000
vt 0.031015 0.000000
vt 0.475564 0.000000
vt 0.240602 0.000000
vt 0.509399 0.000000
vt 0.218985 0.000000
vt 0.168233 0.000000
vt 0.546053 0.000000
vt 0.441729 0.000000
vt 0.474624 0.000000
vt 0.031955 0.000000
vt 0.510338 0.000000
vt 0.473684 0.000000
vt 0.219925 0.000000
vt 0.442669 0.000000
vt 0.032895 0.000000
vt 0.472744 0.000000
vt 0.511278 0.000000
vt 0.239662 0.000000
vt 0.167293 0.000000
vt 0.220865 0.000000
vt 0.443609 0.000000
vt 0.471804 0.000000
vt 0.033835 0.000000
vt 0.512218 0.000000
vt 0.545113 0.000000
vt 0.470865 0.000000
vt 0.221805 0.000000
vt 0.034774 0.000000
vt 0.444549 0.000000
vt 0.513158 0.000000
vt 0.469925 0.000000
vt 0.166353 0.000000
vt 0.238722 0.000000
vt 0.035714 0.000000
vt 0.514098 0.000000
vt 0.445489 0.000000
vt 0.222744 0.000000
vt 0.468985 0.000000
vt 0.036654 0.000000
vt 0.544173 0.000000
vt 0.515038 0.000000
vt 0.468045 0.000000
vt 0.446429 0.000000
vt 0.999060 0.000000
vt 0.223684 0.000000
vt 0.165414 0.000000
vt 0.237782 0.000000
vt 0.037594 0.000000
vt 0.953947 0.000000
vt 0.998120 0.000000
vt 0.954887 0.000000
vt 0.997180 0.000000
vt 0.515977 0.000000
vt 0.955827 0.000000
vt 0.996241 0.000000
vt 0.467105 0.000000
vt 0.956767 0.000000
vt 0.995301 0.000000
vt 0.447368 0.000000
vt 0.224624 0.000000
vt 0.957707 0.000000
vt 0.994361 0.000000
vt 0.038534 0.000000
vt 0.958647 0.000000
vt 0.516917 0.000000
vt 0.993421 0.000000
vt 0.236842 0.000000
vt 0.466165 0.000000
vt 0.959586 0.000000
vt 0.448308 0.000000
vt 0.992481 0.000000
vt 0.225564 0.000000
vt 0.039474 0.000000
vt 0.226504 0.000000
vt 0.227444 0.000000
vt 0.543233 0.000000
vt 0.960526 0.000000
vt 0.228383 0.000000
vt 0.229323 0.000000
vt 0.517857 0.000000
vt 0.164474 0.000000
vt 0.230263 0.000000
vt 0.235902 0.000000
vt 0.991541 0.000000
vt 0.231203 0.000000
vt 0.961466 0.000000
vt 0.232143 0.000000
vt 0.233083 0.000000
vt 0.465226 0.000000
vt 0.234023 0.000000
vt 0.234962 0.000000
vt 0.040414 0.000000
vt 0.449248 0.000000
vt 0.962406 0.000000
vt 0.990601 0.000000
vt 0.518797 0.000000
vt 0.963346 0.000000
vt 0.964286 0.000000
vt 0.464286 0.000000
vt 0.989662 0.000000
vt 0.041353 0.000000
vt 0.965226 0.000000
vt 0.450188 0.000000
vt 0.988722 0.000000
vt 0.463346 0.000000
vt 0.966165 0.000000
vt 0.042293 0.000000
vt 0.987782 0.000000
vt 0.542293 0.000000
vt 0.462406 0.000000
vt 0.163534 0.000000
vt 0.967105 0.000000
vt 0.451128 0.000000
vt 0.452068 0.000000
vt 0.453008 0.000000
vt 0.453947 0.000000
vt 0.454887 0.000000
vt 0.455827 0.000000
vt 0.986842 0.000000
vt 0.461466 0.000000
vt 0.456767 0.000000
vt 0.457707 0.000000
vt 0.458647 0.000000
vt 0.459586 0.000000
vt 0.460526 0.000000
vt 0.043233 0.000000
vt 0.968045 0.000000
vt 0.985902 0.000000
vt 0.968985 0.000000
vt 0.984962 0.000000
vt 0.044173 0.000000
vt 0.984023 0.000000
vt 0.969925 0.000000
vt 0.983083 0.000000
vt 0.970865 0.000000
vt 0.045113 0.000000
vt 0.982143 0.000000
vt 0.541353 0.000000
vt 0.162594 0.000000
vt 0.971804 0.000000
vt 0.981203 0.000000
vt 0.980263 0.000000
vt 0.972744 0.000000
vt 0.519737 0.000000
vt 0.979323 0.000000
vt 0.973684 0.000000
vt 0.978383 0.000000
vt 0.046053 0.000000
vt 0.974624 0.000000
vt 0.977444 0.000000
vt 0.975564 0.000000
vt 0.976504 0.000000
vt 0.540414 0.000000
vt 0.046992 0.000000
vt 0.161654 0.000000
vt 0.047932 0.000000
vt 0.520677 0.000000
vt 0.539474 0.000000
vt 0.160714 0.000000
vt 0.048872 0.000000
vt 0.049812 0.000000
vt 0.538534 0.000000
vt 0.159774 0.000000
vt 0.521617 0.000000
vt 0.050752 0.000000
vt 0.537594 0.000000
vt 0.158835 0.000000
vt 0.078008 0.000000
vt 0.051692 0.000000
vt 0.078947 0.000000
vt 0.077068 0.000000
vt 0.079887 0.000000
vt 0.076128 0.000000
vt 0.080827 0.000000
vt 0.522556 0.000000
vt 0.081767 0.000000
vt 0.082707 0.000000
vt 0.536654 0.000000
vt 0.075188 0.000000
vt 0.083647 0.000000
vt 0.084586 0.000000
vt 0.052632 0.000000
vt 0.085526 0.000000
vt 0.074248 0.000000
vt 0.086466 0.000000
vt 0.157895 0.000000
vt 0.087406 0.000000
vt 0.088346 0.000000
vt 0.089286 0.000000
vt 0.535714 0.000000
vt 0.073308 0.000000
vt 0.090226 0.000000
vt 0.523496 0.000000
vt 0.053571 0.000000
vt 0.156955 0.000000
vt 0.072368 0.000000
vt 0.091165 0.000000
vt 0.534774 0.000000
vt 0.054511 0.000000
vt 0.092105 0.000000
vt 0.524436 0.000000
vt 0.071429 0.000000
vt 0.093045 0.000000
vt 0.156015 0.000000
vt 0.112782 0.000000
vt 0.111842 0.000000
vt 0.533835 0.000000
vt 0.055451 0.000000
vt 0.093985 0.000000
vt 0.110902 0.000000
vt 0.113722 0.000000
vt 0.109962 0.000000
vt 0.114662 0.000000
vt 0.115602 0.000000
vt 0.109023 0.000000
vt 0.116541 0.000000
vt 0.108083 0.000000
vt 0.117481 0.000000
vt 0.118421 0.000000
vt 0.107143 0.000000
vt 0.094925 0.000000
vt 0.119361 0.000000
vt 0.106203 0.000000
vt 0.070489 0.000000
vt 0.120301 0.000000
vt 0.105263 0.000000
vt 0.121241 0.000000
vt 0.104323 0.000000
vt 0.122180 0.000000
vt 0.103383 0.000000
vt 0.095865 0.000000
vt 0.525376 0.000000
vt 0.155075 0.000000
vt 0.123120 0.000000
vt 0.102444 0.000000
vt 0.101504 0.000000
vt 0.100564 0.000000
vt 0.124060 0.000000
vt 0.099624 0.000000
vt 0.098684 0.000000
vt 0.096805 0.000000
vt 0.097744 0.000000
vt 0.532895 0.000000
vt 0.125940 0.000000
vt 0.056391 0.000000
vt 0.126880 0.000000
vt 0.154135 0.000000
vt 0.057331 0.000000
vt 0.069549 0.000000
vt 0.531955 0.000000
vt 0.127820 0.000000
vt 0.526316 0.000000
vt 0.058271 0.000000
vt 0.128759 0.000000
vt 0.059211 0.000000
vt 0.153195 0.000000
vt 0.129699 0.000000
vt 0.531015 0.000000
vt 0.527256 0.000000
vt 0.060150 0.000000
vt 0.068609 0.000000
vt 0.130639 0.000000
vt 0.152256 0.000000
vt 0.061090 0.000000
vt 0.530075 0.000000
vt 0.131579 0.000000
vt 0.528196 0.000000
vt 0.529135 0.000000
vt 0.062030 0.000000
vt 0.132519 0.000000
vt 0.151316 0.000000
vt 0.067669 0.000000
vt 0.062970 0.000000
vt 0.133459 0.000000
vt 0.063910 0.000000
vt 0.150376 0.000000
vt 0.134398 0.000000
vt 0.064850 0.000000
vt 0.066729 0.000000
vt 0.149436 0.000000
vt 0.065789 0.000000
vt 0.148496 0.000000
vt 0.135338 0.000000
vt 0.136278 0.000000
vt 0.147556 0.000000
vt 0.137218 0.000000
vt 0.146617 0.000000
vt 0.145677 0.000000
vt 0.138158 0.000000
vt 0.144737 0.000000
vt 0.143797 0.000000
vt 0.142857 0.000000
vt 0.141917 0.000000
vt 0.139098 0.000000
vt 0.140977 0.000000
vt 0.140038 0.000000
vt 0.001698 1.000000
vt 0.000000 1.000000
vt 0.003396 1.000000
vt 0.001698 0.000000
vt 0.005093 1.000000
vt 0.003396 0.000000
vt 0.006791 1.000000
vt 0.005093 0.000000
vt 0.008489 1.000000
vt 0.006791 0.000000
vt 0.010187 1.000000
vt 0.008489 0.000000
vt 0.011885 1.000000
vt 0.010187 0.000000
vt 0.013582 1.000000
vt 0.011885 0.000000
vt 0.015280 1.000000
vt 0.013582 0.000000
vt 0.016978 1.000000
vt 0.015280 0.000000
vt 0.018676 1.000000
vt 0.016978 0.000000
vt 0.020374 1.000000
vt 0.018676 0.000000
vt 0.022071 1.000000
vt 0.020374 0.000000
vt 0.023769 1.000000
vt 0.022071 0.000000
vt 0.025467 1.000000
vt 0.023769 0.000000
vt 0.027165 1.000000
vt 0.025467 0.000000
vt 0.028862 1.000000
vt 0.027165 0.000000
vt 0.030560 1.000000
vt 0.028862 0.000000
vt 0.032258 1.000000
vt 0.030560 0.000000
vt 0.033956 1.000000
vt 0.032258 0.000000
vt 0.035654 1.000000
vt 0.033956 0.000000
vt 0.037351 1.000000
vt 0.035654 0.000000
vt 0.039049 1.000000
vt 0.037351 0.000000
vt 0.040747 1.000000
vt 0.039049 0.000000
vt 0.042445 1.000000
vt 0.040747 0.000000
vt 0.044143 1.000000
vt 0.042445 0.000000
vt 0.045840 1.000000
vt 0.044143 0.000000
vt 0.047538 1.000000
vt 0.045840 0.000000
vt 0.049236 1.000000
vt 0.047538 0.000000
vt 0.050934 1.000000
vt 0.049236 0.000000
vt 0.052632 1.000000
vt 0.050934 0.000000
vt 0.054329 1.000000
vt 0.056027 1.000000
vt 0.054329 0.000000
vt 0.057725 1.000000
vt 0.056027 0.000000
vt 0.059423 1.000000
vt 0.057725 0.000000
vt 0.061121 1.000000
vt 0.059423 0.000000
vt 0.062818 1.000000
vt 0.061121 0.000000
vt 0.064516 1.000000
vt 0.062818 0.000000
vt 0.066214 1.000000
vt 0.064516 0.000000
vt 0.067912 1.000000
vt 0.066214 0.000000
vt 0.069610 1.000000
vt 0.067912 0.000000
vt 0.071307 1.000000
vt 0.069610 0.000000
vt 0.073005 1.000000
vt 0.071307 0.000000
vt 0.074703 1.000000
vt 0.073005 0.000000
vt 0.076401 1.000000
vt 0.074703 0.000000
vt 0.078098 1.000000
vt 0.076401 0.000000
vt 0.079796 1.000000
vt 0.078098 0.000000
vt 0.081494 1.000000
vt 0.079796 0.000000
vt 0.083192 1.000000
vt 0.081494 0.000000
vt 0.084890 1.000000
vt 0.083192 0.000000
vt 0.086587 1.000000
vt 0.084890 0.000000
vt 0.088285 1.000000
vt 0.086587 0.000000
vt 0.089983 1.000000
vt 0.088285 0.000000
vt 0.091681 1.000000
vt 0.089983 0.000000
vt 0.093379 1.000000
vt 0.091681 0.000000
vt 0.095076 1.000000
vt 0.093379 0.000000
vt 0.096774 1.000000
vt 0.095076 0.000000
vt 0.098472 1.000000
vt 0.096774 0.000000
vt 0.100170 1.000000
vt 0.098472 0.000000
vt 0.101868 1.000000
vt 0.100170 0.000000
vt 0.103565 1.000000
vt 0.101868 0.000000
vt 0.105263 1.000000
vt 0.103565 0.000000
vt 0.106961 1.000000
vt 0.108659 1.000000
vt 0.106961 0.000000
vt 0.110357 1.000000
vt 0.108659 0.000000
vt 0.112054 1.000000
vt 0.110357 0.000000
vt 0.113752 1.000000
vt 0.112054 0.000000
vt 0.115450 1.000000
vt 0.113752 0.000000
vt 0.117148 1.000000
vt 0.115450 0.000000
vt 0.118846 1.000000
vt 0.117148 0.000000
vt 0.120543 1.000000
vt 0.118846 0.000000
vt 0.122241 1.000000
vt 0.120543 0.000000
vt 0.123939 1.000000
vt 0.122241 0.000000
vt 0.125637 1.000000
vt 0.123939 0.000000
vt 0.127334 1.000000
vt 0.125637 0.000000
vt 0.129032 1.000000
vt 0.127334 0.000000
vt 0.130730 1.000000
vt 0.129032 0.000000
vt 0.132428 1.000000
vt 0.130730 0.000000
vt 0.134126 1.000000
vt 0.132428 0.000000
vt 0.135823 1.000000
vt 0.134126 0.000000
vt 0.137521 1.000000
vt 0.135823 0.000000
vt 0.139219 1.000000
vt 0.137521 0.000000
vt 0.140917 1.000000
vt 0.139219 0.000000
vt 0.142615 1.000000
vt 0.140917 0.000000
vt 0.144312 1.000000
vt 0.142615 0.000000
vt 0.146010 1.000000
vt 0.144312 0.000000
vt 0.147708 1.000000
vt 0.146010 0.000000
vt 0.149406 1.000000
vt 0.147708 0.000000
vt 0.151104 1.000000
vt 0.149406 0.000000
vt 0.152801 1.000000
vt 0.151104 0.000000
vt 0.154499 1.000000
vt 0.152801 0.000000
vt 0.156197 1.000000
vt 0.154499 0.000000
vt 0.157895 1.000000
vt 0.156197 0.000000
vt 0.159593 1.000000
vt 0.161290 1.000000
vt 0.159593 0.000000
vt 0.162988 1.000000
vt 0.161290 0.000000
vt 0.164686 1.000000
vt 0.162988 0.000000
vt 0.166384 1.000000
vt 0.164686 0.000000
vt 0.168081 1.000000
vt 0.166384 0.000000
vt 0.169779 1.000000
vt 0.168081 0.000000
vt 0.171477 1.000000
vt 0.169779 0.000000
vt 0.173175 1.000000
vt 0.171477 0.000000
vt 0.174873 1.000000
vt 0.173175 0.000000
vt 0.176570 1.000000
vt 0.174873 0.000000
vt 0.178268 1.000000
vt 0.176570 0.000000
vt 0.179966 1.000000
vt 0.178268 0.000000
vt 0.181664 1.000000
vt 0.179966 0.000000
vt 0.183362 1.000000
vt 0.181664 0.000000
vt 0.185059 1.000000
vt 0.183362 0.000000
vt 0.186757 1.000000
vt 0.185059 0.000000
vt 0.188455 1.000000
vt 0.186757 0.000000
vt 0.190153 1.000000
vt 0.188455 0.000000
vt 0.191851 1.000000
vt 0.190153 0.000000
vt 0.193548 1.000000
vt 0.191851 0.000000
vt 0.195246 1.000000
vt 0.193548 0.000000
vt 0.196944 1.000000
vt 0.195246 0.000000
vt 0.198642 1.000000
vt 0.196944 0.000000
vt 0.200340 1.000000
vt 0.198642 0.000000
vt 0.202037 1.000000
vt 0.200340 0.000000
vt 0.203735 1.000000
vt 0.202037 0.000000
vt 0.205433 1.000000
vt 0.203735 0.000000
vt 0.207131 1.000000
vt 0.205433 0.000000
vt 0.208829 1.000000
vt 0.207131 0.000000
vt 0.210526 1.000000
vt 0.208829 0.000000
vt 0.212224 1.000000
vt 0.213922 1.000000
vt 0.212224 0.000000
vt 0.215620 1.000000
vt 0.213922 0.000000
vt 0.217317 1.000000
vt 0.215620 0.000000
vt 0.219015 1.000000
vt 0.217317 0.000000
vt 0.220713 1.000000
vt 0.219015 0.000000
vt 0.222411 1.000000
vt 0.220713 0.000000
vt 0.224109 1.000000
vt 0.222411 0.000000
vt 0.225806 1.000000
vt 0.224109 0.000000
vt 0.227504 1.000000
vt 0.225806 0.000000
vt 0.229202 1.000000
vt 0.227504 0.000000
vt 0.230900 1.000000
vt 0.229202 0.000000
vt 0.232598 1.000000
vt 0.230900 0.000000
vt 0.234295 1.000000
vt 0.232598 0.000000
vt 0.235993 1.000000
vt 0.234295 0.000000
vt 0.237691 1.000000
vt 0.235993 0.000000
vt 0.239389 1.000000
vt 0.237691 0.000000
vt 0.241087 1.000000
vt 0.239389 0.000000
vt 0.242784 1.000000
vt 0.241087 0.000000
vt 0.244482 1.000000
vt 0.242784 0.000000
vt 0.246180 1.000000
vt 0.244482 0.000000
vt 0.247878 1.000000
vt 0.246180 0.000000
vt 0.249576 1.000000
vt 0.247878 0.000000
vt 0.251273 1.000000
vt 0.249576 0.000000
vt 0.252971 1.000000
vt 0.251273 0.000000
vt 0.254669 1.000000
vt 0.252971 0.000000
vt 0.256367 1.000000
vt 0.254669 0.000000
vt 0.258065 1.000000
vt 0.256367 0.000000
vt 0.259762 1.000000
vt 0.258065 0.000000
vt 0.261460 1.000000
vt 0.259762 0.000000
vt 0.263158 1.000000
vt 0.261460 0.000000
vt 0.264856 1.000000
vt 0.266553 1.000000
vt 0.264856 0.000000
vt 0.268251 1.000000
vt 0.266553 0.000000
vt 0.269949 1.000000
vt 0.268251 0.000000
vt 0.271647 1.000000
vt 0.269949 0.000000
vt 0.273345 1.000000
vt 0.271647 0.000000
vt 0.275042 1.000000
vt 0.273345 0.000000
vt 0.276740 1.000000
vt 0.275042 0.000000
vt 0.278438 1.000000
vt 0.276740 0.000000
vt 0.280136 1.000000
vt 0.278438 0.000000
vt 0.281834 1.000000
vt 0.280136 0.000000
vt 0.283531 1.000000
vt 0.281834 0.000000
vt 0.285229 1.000000
vt 0.283531 0.000000
vt 0.286927 1.000000
vt 0.285229 0.000000
vt 0.288625 1.000000
vt 0.286927 0.000000
vt 0.290323 1.000000
vt 0.288625 0.000000
vt 0.292020 1.000000
vt 0.290323 0.000000
vt 0.293718 1.000000
vt 0.292020 0.000000
vt 0.295416 1.000000
vt 0.293718 0.000000
vt 0.297114 1.000000
vt 0.295416 0.000000
vt 0.298812 1.000000
vt 0.297114 0.000000
vt 0.300509 1.000000
vt 0.298812 0.000000
vt 0.302207 1.000000
vt 0.300509 0.000000
vt 0.303905 1.000000
vt 0.302207 0.000000
vt 0.305603 1.000000
vt 0.303905 0.000000
vt 0.307301 1.000000
vt 0.305603 0.000000
vt 0.308998 1.000000
vt 0.307301 0.000000
vt 0.310696 1.000000
vt 0.308998 0.000000
vt 0.312394 1.000000
vt 0.310696 0.000000
vt 0.314092 1.000000
vt 0.312394 0.000000
vt 0.315789 1.000000
vt 0.314092 0.000000
vt 0.317487 1.000000
vt 0.319185 1.000000
vt 0.317487 0.000000
vt 0.320883 1.000000
vt 0.319185 0.000000
vt 0.322581 1.000000
vt 0.320883 0.000000
vt 0.324278 1.000000
vt 0.322581 0.000000
vt 0.325976 1.000000
vt 0.324278 0.000000
vt 0.327674 1.000000
vt 0.325976 0.000000
vt 0.329372 1.000000
vt 0.327674 0.000000
vt 0.331070 1.000000
vt 0.329372 0.000000
vt 0.332767 1.000000
vt 0.331070 0.000000
vt 0.334465 1.000000
vt 0.332767 0.000000
vt 0.336163 1.000000
vt 0.334465 0.000000
vt 0.337861 1.000000
vt 0.336163 0.000000
vt 0.339559 1.000000
vt 0.337861 0.000000
vt 0.341256 1.000000
vt 0.339559 0.000000
vt 0.342954 1.000000
vt 0.341256 0.000000
vt 0.344652 1.000000
vt 0.342954 0.000000
vt 0.346350 1.000000
vt 0.344652 0.000000
vt 0.348048 1.000000
vt 0.346350 0.000000
vt 0.349745 1.000000
vt 0.348048 0.000000
vt 0.351443 1.000000
vt 0.349745 0.000000
vt 0.353141 1.000000
vt 0.351443 0.000000
vt 0.354839 1.000000
vt 0.353141 0.000000
vt 0.356537 1.000000
vt 0.354839 0.000000
vt 0.358234 1.000000
vt 0.356537 0.000000
vt 0.359932 1.000000
vt 0.358234 0.000000
vt 0.361630 1.000000
vt 0.359932 0.000000
vt 0.363328 1.000000
vt 0.361630 0.000000
vt 0.365025 1.000000
vt 0.363328 0.000000
vt 0.366723 1.000000
vt 0.365025 0.000000
vt 0.368421 1.000000
vt 0.366723 0.000000
vt 0.370119 1.000000
vt 0.371817 1.000000
vt 0.370119 0.000000
vt 0.373514 1.000000
vt 0.371817 0.000000
vt 0.375212 1.000000
vt 0.373514 0.000000
vt 0.376910 1.000000
vt 0.375212 0.000000
vt 0.378608 1.000000
vt 0.376910 0.000000
vt 0.380306 1.000000
vt 0.378608 0.000000
vt 0.382003 1.000000
vt 0.380306 0.000000
vt 0.383701 1.000000
vt 0.382003 0.000000
vt 0.385399 1.000000
vt 0.383701 0.000000
vt 0.387097 1.000000
vt 0.385399 0.000000
vt 0.388795 1.000000
vt 0.387097 0.000000
vt 0.390492 1.000000
vt 0.388795 0.000000
vt 0.392190 1.000000
vt 0.390492 0.000000
vt 0.393888 1.000000
vt 0.392190 0.000000
vt 0.395586 1.000000
vt 0.393888 0.000000
vt 0.397284 1.000000
vt 0.395586 0.000000
vt 0.398981 1.000000
vt 0.397284 0.000000
vt 0.400679 1.000000
vt 0.398981 0.000000
vt 0.402377 1.000000
vt 0.400679 0.000000
vt 0.404075 1.000000
vt 0.402377 0.000000
vt 0.405773 1.000000
vt 0.404075 0.000000
vt 0.407470 1.000000
vt 0.405773 0.000000
vt 0.409168 1.000000
vt 0.407470 0.000000
vt 0.410866 1.000000
vt 0.409168 0.000000
vt 0.412564 1.000000
vt 0.410866 0.000000
vt 0.414261 1.000000
vt 0.412564 0.000000
vt 0.415959 1.000000
vt 0.414261 0.000000
vt 0.417657 1.000000
vt 0.415959 0.000000
vt 0.419355 1.000000
vt 0.417657 0.000000
vt 0.421053 1.000000
vt 0.419355 0.000000
vt 0.422750 1.000000
vt 0.424448 1.000000
vt 0.422750 0.000000
vt 0.426146 1.000000
vt 0.424448 0.000000
vt 0.427844 1.000000
vt 0.426146 0.000000
vt 0.429542 1.000000
vt 0.427844 0.000000
vt 0.431239 1.000000
vt 0.429542 0.000000
vt 0.432937 1.000000
vt 0.431239 0.000000
vt 0.434635 1.000000
vt 0.432937 0.000000
vt 0.436333 1.000000
vt 0.434635 0.000000
vt 0.438031 1.000000
vt 0.436333 0.000000
vt 0.439728 1.000000
vt 0.438031 0.000000
vt 0.441426 1.000000
vt 0.439728 0.000000
vt 0.443124 1.000000
vt 0.441426 0.000000
vt 0.444822 1.000000
vt 0.443124 0.000000
vt 0.446520 1.000000
vt 0.444822 0.000000
vt 0.448217 1.000000
vt 0.446520 0.000000
vt 0.449915 1.000000
vt 0.448217 0.000000
vt 0.451613 1.000000
vt 0.449915 0.000000
vt 0.453311 1.000000
vt 0.451613 0.000000
vt 0.455008 1.000000
vt 0.453311 0.000000
vt 0.456706 1.000000
vt 0.455008 0.000000
vt 0.458404 1.000000
vt 0.456706 0.000000
vt 0.460102 1.000000
vt 0.458404 0.000000
vt 0.461800 1.000000
vt 0.460102 0.000000
vt 0.463497 1.000000
vt 0.461800 0.000000
vt 0.465195 1.000000
vt 0.463497 0.000000
vt 0.466893 1.000000
vt 0.465195 0.000000
vt 0.468591 1.000000
vt 0.466893 0.000000
vt 0.470289 1.000000
vt 0.468591 0.000000
vt 0.471986 1.000000
vt 0.470289 0.000000
vt 0.473684 1.000000
vt 0.471986 0.000000
vt 0.475382 1.000000
vt 0.477080 1.000000
vt 0.475382 0.000000
vt 0.478778 1.000000
vt 0.477080 0.000000
vt 0.480475 1.000000
vt 0.478778 0.000000
vt 0.482173 1.000000
vt 0.480475 0.000000
vt 0.483871 1.000000
vt 0.482173 0.000000
vt 0.485569 1.000000
vt 0.483871 0.000000
vt 0.487267 1.000000
vt 0.485569 0.000000
vt 0.488964 1.000000
vt 0.487267 0.000000
vt 0.490662 1.000000
vt 0.488964 0.000000
vt 0.492360 1.000000
vt 0.490662 0.000000
vt 0.494058 1.000000
vt 0.492360 0.000000
vt 0.495756 1.000000
vt 0.494058 0.000000
vt 0.497453 1.000000
vt 0.495756 0.000000
vt 0.499151 1.000000
vt 0.497453 0.000000
vt 0.500849 1.000000
vt 0.499151 0.000000
vt 0.502547 1.000000
vt 0.500849 0.000000
vt 0.504245 1.000000
vt 0.502547 0.000000
vt 0.505942 1.000000
vt 0.504245 0.000000
vt 0.507640 1.000000
vt 0.505942 0.000000
vt 0.509338 1.000000
vt 0.507640 0.000000
vt 0.511036 1.000000
vt 0.509338 0.000000
vt 0.512733 1.000000
vt 0.511036 0.000000
vt 0.514431 1.000000
vt 0.512733 0.000000
vt 0.516129 1.000000
vt 0.514431 0.000000
vt 0.517827 1.000000
vt 0.516129 0.000000
vt 0.519525 1.000000
vt 0.517827 0.000000
vt 0.521222 1.000000
vt 0.519525 0.000000
vt 0.522920 1.000000
vt 0.521222 0.000000
vt 0.524618 1.000000
vt 0.522920 0.000000
vt 0.526316 1.000000
vt 0.524618 0.000000
vt 0.528014 1.000000
vt 0.529711 1.000000
vt 0.528014 0.000000
vt 0.531409 1.000000
vt 0.529711 0.000000
vt 0.533107 1.000000
vt 0.531409 0.000000
vt 0.534805 1.000000
vt 0.533107 0.000000
vt 0.536503 1.000000
vt 0.534805 0.000000
vt 0.538200 1.000000
vt 0.536503 0.000000
vt 0.539898 1.000000
vt 0.538200 0.000000
vt 0.541596 1.000000
vt 0.539898 0.000000
vt 0.543294 1.000000
vt 0.541596 0.000000
vt 0.544991 1.000000
vt 0.543294 0.000000
vt 0.546689 1.000000
vt 0.544991 0.000000
vt 0.548387 1.000000
vt 0.546689 0.000000
vt 0.550085 1.000000
vt 0.548387 0.000000
vt 0.551783 1.000000
vt 0.550085 0.000000
vt 0.553480 1.000000
vt 0.551783 0.000000
vt 0.555178 1.000000
vt 0.553480 0.000000
vt 0.556876 1.000000
vt 0.555178 0.000000
vt 0.558574 1.000000
vt 0.556876 0.000000
vt 0.560272 1.000000
vt 0.558574 0.000000
vt 0.561969 1.000000
vt 0.560272 0.000000
vt 0.563667 1.000000
vt 0.561969 0.000000
vt 0.565365 1.000000
vt 0.563667 0.000000
vt 0.567063 1.000000
vt 0.565365 0.000000
vt 0.568761 1.000000
vt 0.567063 0.000000
vt 0.570458 1.000000
vt 0.568761 0.000000
vt 0.572156 1.000000
vt 0.570458 0.000000
vt 0.573854 1.000000
vt 0.572156 0.000000
vt 0.575552 1.000000
vt 0.573854 0.000000
vt 0.577250 1.000000
vt 0.575552 0.000000
vt 0.578947 1.000000
vt 0.577250 0.000000
vt 0.580645 1.000000
vt 0.582343 1.000000
vt 0.580645 0.000000
vt 0.584041 1.000000
vt 0.582343 0.000000
vt 0.585739 1.000000
vt 0.584041 0.000000
vt 0.587436 1.000000
vt 0.585739 0.000000
vt 0.589134 1.000000
vt 0.587436 0.000000
vt 0.590832 1.000000
vt 0.589134 0.000000
vt 0.592530 1.000000
vt 0.590832 0.000000
vt 0.594227 1.000000
vt 0.592530 0.000000
vt 0.595925 1.000000
vt 0.594227 0.000000
vt 0.597623 1.000000
vt 0.595925 0.000000
vt 0.599321 1.000000
vt 0.597623 0.000000
vt 0.601019 1.000000
vt 0.599321 0.000000
vt 0.602716 1.000000
vt 0.601019 0.000000
vt 0.604414 1.000000
vt 0.602716 0.000000
vt 0.606112 1.000000
vt 0.604414 0.000000
vt 0.607810 1.000000
vt 0.606112 0.000000
vt 0.609508 1.000000
vt 0.607810 0.000000
vt 0.611205 1.000000
vt 0.609508 0.000000
vt 0.612903 1.000000
vt 0.611205 0.000000
vt 0.614601 1.000000
vt 0.612903 0.000000
vt 0.616299 1.000000
vt 0.614601 0.000000
vt 0.617997 1.000000
vt 0.616299 0.000000
vt 0.619694 1.000000
vt 0.617997 0.000000
vt 0.621392 1.000000
vt 0.619694 0.000000
vt 0.623090 1.000000
vt 0.621392 0.000000
vt 0.624788 1.000000
vt 0.623090 0.000000
vt 0.626486 1.000000
vt 0.624788 0.000000
vt 0.628183 1.000000
vt 0.626486 0.000000
vt 0.629881 1.000000
vt 0.628183 0.000000
vt 0.631579 1.000000
vt 0.629881 0.000000
vt 0.633277 1.000000
vt 0.634975 1.000000
vt 0.633277 0.000000
vt 0.636672 1.000000
vt 0.634975 0.000000
vt 0.638370 1.000000
vt 0.636672 0.000000
vt 0.640068 1.000000
vt 0.638370 0.000000
vt 0.641766 1.000000
vt 0.640068 0.000000
vt 0.643463 1.000000
vt 0.641766 0.000000
vt 0.645161 1.000000
vt 0.643463 0.000000
vt 0.646859 1.000000
vt 0.645161 0.000000
vt 0.648557 1.000000
vt 0.646859 0.000000
vt 0.650255 1.000000
vt 0.648557 0.000000
vt 0.651952 1.000000
vt 0.650255 0.000000
vt 0.653650 1.000000
vt 0.651952 0.000000
vt 0.655348 1.000000
vt 0.653650 0.000000
vt 0.657046 1.000000
vt 0.655348 0.000000
vt 0.658744 1.000000
vt 0.657046 0.000000
vt 0.660441 1.000000
vt 0.658744 0.000000
vt 0.662139 1.000000
vt 0.660441 0.000000
vt 0.663837 1.000000
vt 0.662139 0.000000
vt 0.665535 1.000000
vt 0.663837 0.000000
vt 0.667233 1.000000
vt 0.665535 0.000000
vt 0.668930 1.000000
vt 0.667233 0.000000
vt 0.670628 1.000000
vt 0.668930 0.000000
vt 0.672326 1.000000
vt 0.670628 0.000000
vt 0.674024 1.000000
vt 0.672326 0.000000
vt 0.675722 1.000000
vt 0.674024 0.000000
vt 0.677419 1.000000
vt 0.675722 0.000000
vt 0.679117 1.000000
vt 0.677419 0.000000
vt 0.680815 1.000000
vt 0.679117 0.000000
vt 0.682513 1.000000
vt 0.680815 0.000000
vt 0.684211 1.000000
vt 0.682513 0.000000
vt 0.685908 1.000000
vt 0.687606 1.000000
vt 0.685908 0.000000
vt 0.689304 1.000000
vt 0.687606 0.000000
vt 0.691002 1.000000
vt 0.689304 0.000000
vt 0.692699 1.000000
vt 0.691002 0.000000
vt 0.694397 1.000000
vt 0.692699 0.000000
vt 0.696095 1.000000
vt 0.694397 0.000000
vt 0.697793 1.000000
vt 0.696095 0.000000
vt 0.699491 1.000000
vt 0.697793 0.000000
vt 0.701188 1.000000
vt 0.699491 0.000000
vt 0.702886 1.000000
vt 0.701188 0.000000
vt 0.704584 1.000000
vt 0.702886 0.000000
vt 0.706282 1.000000
vt 0.704584 0.000000
vt 0.707980 1.000000
vt 0.706282 0.000000
vt 0.709677 1.000000
vt 0.707980 0.000000
vt 0.711375 1.000000
vt 0.709677 0.000000
vt 0.713073 1.000000
vt 0.711375 0.000000
vt 0.714771 1.000000
vt 0.713073 0.000000
vt 0.716469 1.000000
vt 0.714771 0.000000
vt 0.718166 1.000000
vt 0.716469 0.000000
vt 0.719864 1.000000
vt 0.718166 0.000000
vt 0.721562 1.000000
vt 0.719864 0.000000
vt 0.723260 1.000000
vt 0.721562 0.000000
vt 0.724958 1.000000
vt 0.723260 0.000000
vt 0.726655 1.000000
vt 0.724958 0.000000
vt 0.728353 1.000000
vt 0.726655 0.000000
vt 0.730051 1.000000
vt 0.728353 0.000000
vt 0.731749 1.000000
vt 0.730051 0.000000
vt 0.733447 1.000000
vt 0.731749 0.000000
vt 0.735144 1.000000
vt 0.733447 0.000000
vt 0.736842 1.000000
vt 0.735144 0.000000
vt 0.738540 1.000000
vt 0.740238 1.000000
vt 0.738540 0.000000
vt 0.741935 1.000000
vt 0.740238 0.000000
vt 0.743633 1.000000
vt 0.741935 0.000000
vt 0.745331 1.000000
vt 0.743633 0.000000
vt 0.747029 1.000000
vt 0.745331 0.000000
vt 0.748727 1.000000
vt 0.747029 0.000000
vt 0.750424 1.000000
vt 0.748727 0.000000
vt 0.752122 1.000000
vt 0.750424 0.000000
vt 0.753820 1.000000
vt 0.752122 0.000000
vt 0.755518 1.000000
vt 0.753820 0.000000
vt 0.757216 1.000000
vt 0.755518 0.000000
vt 0.758913 1.000000
vt 0.757216 0.000000
vt 0.760611 1.000000
vt 0.758913 0.000000
vt 0.762309 1.000000
vt 0.760611 0.000000
vt 0.764007 1.000000
vt 0.762309 0.000000
vt 0.765705 1.000000
vt 0.764007 0.000000
vt 0.767402 1.000000
vt 0.765705 0.000000
vt 0.769100 1.000000
vt 0.767402 0.000000
vt 0.770798 1.000000
vt 0.769100 0.000000
vt 0.772496 1.000000
vt 0.770798 0.000000
vt 0.774194 1.000000
vt 0.772496 0.000000
vt 0.775891 1.000000
vt 0.774194 0.000000
vt 0.777589 1.000000
vt 0.775891 0.000000
vt 0.779287 1.000000
vt 0.777589 0.000000
vt 0.780985 1.000000
vt 0.779287 0.000000
vt 0.782683 1.000000
vt 0.780985 0.000000
vt 0.784380 1.000000
vt 0.782683 0.000000
vt 0.786078 1.000000
vt 0.784380 0.000000
vt 0.787776 1.000000
vt 0.786078 0.000000
vt 0.789474 1.000000
vt 0.787776 0.000000
vt 0.791171 1.000000
vt 0.792869 1.000000
vt 0.791171 0.000000
vt 0.794567 1.000000
vt 0.792869 0.000000
vt 0.796265 1.000000
vt 0.794567 0.000000
vt 0.797963 1.000000
vt 0.796265 0.000000
vt 0.799660 1.000000
vt 0.797963 0.000000
vt 0.801358 1.000000
vt 0.799660 0.000000
vt 0.803056 1.000000
vt 0.801358 0.000000
vt 0.804754 1.000000
vt 0.803056 0.000000
vt 0.806452 1.000000
vt 0.804754 0.000000
vt 0.808149 1.000000
vt 0.806452 0.000000
vt 0.809847 1.000000
vt 0.808149 0.000000
vt 0.811545 1.000000
vt 0.809847 0.000000
vt 0.813243 1.000000
vt 0.811545 0.000000
vt 0.814941 1.000000
vt 0.813243 0.000000
vt 0.816638 1.000000
vt 0.814941 0.000000
vt 0.818336 1.000000
vt 0.816638 0.000000
vt 0.820034 1.000000
vt 0.818336 0.000000
vt 0.821732 1.000000
vt 0.820034 0.000000
vt 0.823430 1.000000
vt 0.821732 0.000000
vt 0.825127 1.000000
vt 0.823430 0.000000
vt 0.826825 1.000000
vt 0.825127 0.000000
vt 0.828523 1.000000
vt 0.826825 0.000000
vt 0.830221 1.000000
vt 0.828523 0.000000
vt 0.831918 1.000000
vt 0.830221 0.000000
vt 0.833616 1.000000
vt 0.831918 0.000000
vt 0.835314 1.000000
vt 0.833616 0.000000
vt 0.837012 1.000000
vt 0.835314 0.000000
vt 0.838710 1.000000
vt 0.837012 0.000000
vt 0.840407 1.000000
vt 0.838710 0.000000
vt 0.842105 1.000000
vt 0.840407 0.000000
vt 0.843803 1.000000
vt 0.845501 1.000000
vt 0.843803 0.000000
vt 0.847199 1.000000
vt 0.845501 0.000000
vt 0.848896 1.000000
vt 0.847199 0.000000
vt 0.850594 1.000000
vt 0.848896 0.000000
vt 0.852292 1.000000
vt 0.850594 0.000000
vt 0.853990 1.000000
vt 0.852292 0.000000
vt 0.855688 1.000000
vt 0.853990 0.000000
vt 0.857385 1.000000
vt 0.855688 0.000000
vt 0.859083 1.000000
vt 0.857385 0.000000
vt 0.860781 1.000000
vt 0.859083 0.000000
vt 0.862479 1.000000
vt 0.860781 0.000000
vt 0.864177 1.000000
vt 0.862479 0.000000
vt 0.865874 1.000000
vt 0.864177 0.000000
vt 0.867572 1.000000
vt 0.865874 0.000000
vt 0.869270 1.000000
vt 0.867572 0.000000
vt 0.870968 1.000000
vt 0.869270 0.000000
vt 0.872666 1.000000
vt 0.870968 0.000000
vt 0.874363 1.000000
vt 0.872666 0.000000
vt 0.876061 1.000000
vt 0.874363 0.000000
vt 0.877759 1.000000
vt 0.876061 0.000000
vt 0.879457 1.000000
vt 0.877759 0.000000
vt 0.881154 1.000000
vt 0.879457 0.000000
vt 0.882852 1.000000
vt 0.881154 0.000000
vt 0.884550 1.000000
vt 0.882852 0.000000
vt 0.886248 1.000000
vt 0.884550 0.000000
vt 0.887946 1.000000
vt 0.886248 0.000000
vt 0.889643 1.000000
vt 0.887946 0.000000
vt 0.891341 1.000000
vt 0.889643 0.000000
vt 0.893039 1.000000
vt 0.891341 0.000000
vt 0.894737 1.000000
vt 0.893039 0.000000
vt 0.896435 1.000000
vt 0.898132 1.000000
vt 0.896435 0.000000
vt 0.899830 1.000000
vt 0.898132 0.000000
vt 0.901528 1.000000
vt 0.899830 0.000000
vt 0.903226 1.000000
vt 0.901528 0.000000
vt 0.904924 1.000000
vt 0.903226 0.000000
vt 0.906621 1.000000
vt 0.904924 0.000000
vt 0.908319 1.000000
vt 0.906621 0.000000
vt 0.910017 1.000000
vt 0.908319 0.000000
vt 0.911715 1.000000
vt 0.910017 0.000000
vt 0.913413 1.000000
vt 0.911715 0.000000
vt 0.915110 1.000000
vt 0.913413 0.000000
vt 0.916808 1.000000
vt 0.915110 0.000000
vt 0.918506 1.000000
vt 0.916808 0.000000
vt 0.920204 1.000000
vt 0.918506 0.000000
vt 0.921902 1.000000
vt 0.920204 0.000000
vt 0.923599 1.000000
vt 0.921902 0.000000
vt 0.925297 1.000000
vt 0.923599 0.000000
vt 0.926995 1.000000
vt 0.925297 0.000000
vt 0.928693 1.000000
vt 0.926995 0.000000
vt 0.930390 1.000000
vt 0.928693 0.000000
vt 0.932088 1.000000
vt 0.930390 0.000000
vt 0.933786 1.000000
vt 0.932088 0.000000
vt 0.935484 1.000000
vt 0.933786 0.000000
vt 0.937182 1.000000
vt 0.935484 0.000000
vt 0.938879 1.000000
vt 0.937182 0.000000
vt 0.940577 1.000000
vt 0.938879 0.000000
vt 0.942275 1.000000
vt 0.940577 0.000000
vt 0.943973 1.000000
vt 0.942275 0.000000
vt 0.945671 1.000000
vt 0.943973 0.000000
vt 0.947368 1.000000
vt 0.945671 0.000000
vt 0.949066 1.000000
vt 0.950764 1.000000
vt 0.949066 0.000000
vt 0.952462 1.000000
vt 0.950764 0.000000
vt 0.954160 1.000000
vt 0.952462 0.000000
vt 0.955857 1.000000
vt 0.954160 0.000000
vt 0.957555 1.000000
vt 0.955857 0.000000
vt 0.959253 1.000000
vt 0.957555 0.000000
vt 0.960951 1.000000
vt 0.959253 0.000000
vt 0.962649 1.000000
vt 0.960951 0.000000
vt 0.964346 1.000000
vt 0.962649 0.000000
vt 0.966044 1.000000
vt 0.964346 0.000000
vt 0.967742 1.000000
vt 0.966044 0.000000
vt 0.969440 1.000000
vt 0.967742 0.000000
vt 0.971138 1.000000
vt 0.969440 0.000000
vt 0.972835 1.000000
vt 0.971138 0.000000
vt 0.974533 1.000000
vt 0.972835 0.000000
vt 0.976231 1.000000
vt 0.974533 0.000000
vt 0.977929 1.000000
vt 0.976231 0.000000
vt 0.979626 1.000000
vt 0.977929 0.000000
vt 0.981324 1.000000
vt 0.979626 0.000000
vt 0.983022 1.000000
vt 0.981324 0.000000
vt 0.984720 1.000000
vt 0.983022 0.000000
vt 0.986418 1.000000
vt 0.984720 0.000000
vt 0.988115 1.000000
vt 0.986418 0.000000
vt 0.989813 1.000000
vt 0.988115 0.000000
vt 0.991511 1.000000
vt 0.989813 0.000000
vt 0.993209 1.000000
vt 0.991511 0.000000
vt 0.994907 1.000000
vt 0.993209 0.000000
vt 0.996604 1.000000
vt 0.994907 0.000000
vt 0.998302 1.000000
vt 0.996604 0.000000
vt 1.000000 1.000000
vt 0.998302 0.000000
vt 0.011765 1.000000
vt 0.023529 1.000000
vt 0.011765 0.000000
vt 0.035294 1.000000
vt 0.023529 0.000000
vt 0.047059 1.000000
vt 0.035294 0.000000
vt 0.058824 1.000000
vt 0.047059 0.000000
vt 0.070588 1.000000
vt 0.058824 0.000000
vt 0.082353 1.000000
vt 0.070588 0.000000
vt 0.094118 1.000000
vt 0.082353 0.000000
vt 0.105882 1.000000
vt 0.094118 0.000000
vt 0.117647 1.000000
vt 0.105882 0.000000
vt 0.129412 1.000000
vt 0.117647 0.000000
vt 0.141176 1.000000
vt 0.129412 0.000000
vt 0.152941 1.000000
vt 0.141176 0.000000
vt 0.164706 1.000000
vt 0.152941 0.000000
vt 0.176471 1.000000
vt 0.164706 0.000000
vt 0.188235 1.000000
vt 0.176471 0.000000
vt 0.200000 1.000000
vt 0.188235 0.000000
vt 0.211765 1.000000
vt 0.200000 0.000000
vt 0.223529 1.000000
vt 0.211765 0.000000
vt 0.235294 1.000000
vt 0.223529 0.000000
vt 0.247059 1.000000
vt 0.235294 0.000000
vt 0.258824 1.000000
vt 0.247059 0.000000
vt 0.270588 1.000000
vt 0.258824 0.000000
vt 0.282353 1.000000
vt 0.270588 0.000000
vt 0.294118 1.000000
vt 0.282353 0.000000
vt 0.305882 1.000000
vt 0.294118 0.000000
vt 0.317647 1.000000
vt 0.305882 0.000000
vt 0.329412 1.000000
vt 0.317647 0.000000
vt 0.341176 1.000000
vt 0.329412 0.000000
vt 0.352941 1.000000
vt 0.341176 0.000000
vt 0.364706 1.000000
vt 0.352941 0.000000
vt 0.376471 1.000000
vt 0.364706 0.000000
vt 0.388235 1.000000
vt 0.376471 0.000000
vt 0.400000 1.000000
vt 0.388235 0.000000
vt 0.411765 1.000000
vt 0.400000 0.000000
vt 0.423529 1.000000
vt 0.411765 0.000000
vt 0.435294 1.000000
vt 0.423529 0.000000
vt 0.447059 1.000000
vt 0.435294 0.000000
vt 0.458824 1.000000
vt 0.447059 0.000000
vt 0.470588 1.000000
vt 0.458824 0.000000
vt 0.482353 1.000000
vt 0.470588 0.000000
vt 0.494118 1.000000
vt 0.482353 0.000000
vt 0.505882 1.000000
vt 0.494118 0.000000
vt 0.517647 1.000000
vt 0.505882 0.000000
vt 0.529412 1.000000
vt 0.517647 0.000000
vt 0.541176 1.000000
vt 0.529412 0.000000
vt 0.552941 1.000000
vt 0.541176 0.000000
vt 0.564706 1.000000
vt 0.552941 0.000000
vt 0.576471 1.000000
vt 0.564706 0.000000
vt 0.588235 1.000000
vt 0.576471 0.000000
vt 0.600000 1.000000
vt 0.588235 0.000000
vt 0.611765 1.000000
vt 0.600000 0.000000
vt 0.623529 1.000000
vt 0.611765 0.000000
vt 0.635294 1.000000
vt 0.623529 0.000000
vt 0.647059 1.000000
vt 0.635294 0.000000
vt 0.658824 1.000000
vt 0.647059 0.000000
vt 0.670588 1.000000
vt 0.658824 0.000000
vt 0.682353 1.000000
vt 0.670588 0.000000
vt 0.694118 1.000000
vt 0.682353 0.000000
vt 0.705882 1.000000
vt 0.694118 0.000000
vt 0.717647 1.000000
vt 0.705882 0.000000
vt 0.729412 1.000000
vt 0.717647 0.000000
vt 0.741176 1.000000
vt 0.729412 0.000000
vt 0.752941 1.000000
vt 0.741176 0.000000
vt 0.764706 1.000000
vt 0.752941 0.000000
vt 0.776471 1.000000
vt 0.764706 0.000000
vt 0.788235 1.000000
vt 0.776471 0.000000
vt 0.800000 1.000000
vt 0.788235 0.000000
vt 0.811765 1.000000
vt 0.800000 0.000000
vt 0.823529 1.000000
vt 0.811765 0.000000
vt 0.835294 1.000000
vt 0.823529 0.000000
vt 0.847059 1.000000
vt 0.835294 0.000000
vt 0.858824 1.000000
vt 0.847059 0.000000
vt 0.870588 1.000000
vt 0.858824 0.000000
vt 0.882353 1.000000
vt 0.870588 0.000000
vt 0.894118 1.000000
vt 0.882353 0.000000
vt 0.905882 1.000000
vt 0.894118 0.000000
vt 0.917647 1.000000
vt 0.905882 0.000000
vt 0.929412 1.000000
vt 0.917647 0.000000
vt 0.941176 1.000000
vt 0.929412 0.000000
vt 0.952941 1.000000
vt 0.941176 0.000000
vt 0.964706 1.000000
vt 0.952941 0.000000
vt 0.976471 1.000000
vt 0.964706 0.000000
vt 0.988235 1.000000
vt 0.976471 0.000000
vt 0.988235 0.000000
vt 0.011628 1.000000
vt 0.023256 1.000000
vt 0.011628 0.000000
vt 0.034884 1.000000
vt 0.023256 0.000000
vt 0.046512 1.000000
vt 0.034884 0.000000
vt 0.058140 1.000000
vt 0.046512 0.000000
vt 0.069767 1.000000
vt 0.058140 0.000000
vt 0.081395 1.000000
vt 0.069767 0.000000
vt 0.093023 1.000000
vt 0.081395 0.000000
vt 0.104651 1.000000
vt 0.093023 0.000000
vt 0.116279 1.000000
vt 0.104651 0.000000
vt 0.127907 1.000000
vt 0.116279 0.000000
vt 0.139535 1.000000
vt 0.127907 0.000000
vt 0.151163 1.000000
vt 0.139535 0.000000
vt 0.162791 1.000000
vt 0.151163 0.000000
vt 0.174419 1.000000
vt 0.162791 0.000000
vt 0.186047 1.000000
vt 0.174419 0.000000
vt 0.197674 1.000000
vt 0.186047 0.000000
vt 0.209302 1.000000
vt 0.197674 0.000000
vt 0.220930 1.000000
vt 0.209302 0.000000
vt 0.232558 1.000000
vt 0.220930 0.000000
vt 0.244186 1.000000
vt 0.232558 0.000000
vt 0.255814 1.000000
vt 0.244186 0.000000
vt 0.267442 1.000000
vt 0.255814 0.000000
vt 0.279070 1.000000
vt 0.267442 0.000000
vt 0.290698 1.000000
vt 0.279070 0.000000
vt 0.302326 1.000000
vt 0.290698 0.000000
vt 0.313953 1.000000
vt 0.302326 0.000000
vt 0.325581 1.000000
vt 0.313953 0.000000
vt 0.337209 1.000000
vt 0.325581 0.000000
vt 0.348837 1.000000
vt 0.337209 0.000000
vt 0.360465 1.000000
vt 0.348837 0.000000
vt 0.372093 1.000000
vt 0.360465 0.000000
vt 0.383721 1.000000
vt 0.372093 0.000000
vt 0.395349 1.000000
vt 0.383721 0.000000
vt 0.406977 1.000000
vt 0.395349 0.000000
vt 0.418605 1.000000
vt 0.406977 0.000000
vt 0.430233 1.000000
vt 0.418605 0.000000
vt 0.441860 1.000000
vt 0.430233 0.000000
vt 0.453488 1.000000
vt 0.441860 0.000000
vt 0.465116 1.000000
vt 0.453488 0.000000
vt 0.476744 1.000000
vt 0.465116 0.000000
vt 0.488372 1.000000
vt 0.476744 0.000000
vt 0.500000 1.000000
vt 0.488372 0.000000
vt 0.511628 1.000000
vt 0.523256 1.000000
vt 0.511628 0.000000
vt 0.534884 1.000000
vt 0.523256 0.000000
vt 0.546512 1.000000
vt 0.534884 0.000000
vt 0.558140 1.000000
vt 0.546512 0.000000
vt 0.569767 1.000000
vt 0.558140 0.000000
vt 0.581395 1.000000
vt 0.569767 0.000000
vt 0.593023 1.000000
vt 0.581395 0.000000
vt 0.604651 1.000000
vt 0.593023 0.000000
vt 0.616279 1.000000
vt 0.604651 0.000000
vt 0.627907 1.000000
vt 0.616279 0.000000
vt 0.639535 1.000000
vt 0.627907 0.000000
vt 0.651163 1.000000
vt 0.639535 0.000000
vt 0.662791 1.000000
vt 0.651163 0.000000
vt 0.674419 1.000000
vt 0.662791 0.000000
vt 0.686047 1.000000
vt 0.674419 0.000000
vt 0.697674 1.000000
vt 0.686047 0.000000
vt 0.709302 1.000000
vt 0.697674 0.000000
vt 0.720930 1.000000
vt 0.709302 0.000000
vt 0.732558 1.000000
vt 0.720930 0.000000
vt 0.744186 1.000000
vt 0.732558 0.000000
vt 0.755814 1.000000
vt 0.744186 0.000000
vt 0.767442 1.000000
vt 0.755814 0.000000
vt 0.779070 1.000000
vt 0.767442 0.000000
vt 0.790698 1.000000
vt 0.779070 0.000000
vt 0.802326 1.000000
vt 0.790698 0.000000
vt 0.813953 1.000000
vt 0.802326 0.000000
vt 0.825581 1.000000
vt 0.813953 0.000000
vt 0.837209 1.000000
vt 0.825581 0.000000
vt 0.848837 1.000000
vt 0.837209 0.000000
vt 0.860465 1.000000
vt 0.848837 0.000000
vt 0.872093 1.000000
vt 0.860465 0.000000
vt 0.883721 1.000000
vt 0.872093 0.000000
vt 0.895349 1.000000
vt 0.883721 0.000000
vt 0.906977 1.000000
vt 0.895349 0.000000
vt 0.918605 1.000000
vt 0.906977 0.000000
vt 0.930233 1.000000
vt 0.918605 0.000000
vt 0.941860 1.000000
vt 0.930233 0.000000
vt 0.953488 1.000000
vt 0.941860 0.000000
vt 0.965116 1.000000
vt 0.953488 0.000000
vt 0.976744 1.000000
vt 0.965116 0.000000
vt 0.988372 1.000000
vt 0.976744 0.000000
vt 0.988372 0.000000
vt 0.016129 1.000000
vt 0.016129 0.000000
vt 0.048387 1.000000
vt 0.048387 0.000000
vt 0.080645 1.000000
vt 0.080645 0.000000
vt 0.112903 1.000000
vt 0.112903 0.000000
vt 0.145161 1.000000
vt 0.145161 0.000000
vt 0.177419 1.000000
vt 0.177419 0.000000
vt 0.209677 1.000000
vt 0.209677 0.000000
vt 0.241935 1.000000
vt 0.241935 0.000000
vt 0.274194 1.000000
vt 0.274194 0.000000
vt 0.306452 1.000000
vt 0.306452 0.000000
vt 0.338710 1.000000
vt 0.338710 0.000000
vt 0.370968 1.000000
vt 0.370968 0.000000
vt 0.403226 1.000000
vt 0.403226 0.000000
vt 0.435484 1.000000
vt 0.435484 0.000000
vt 0.467742 1.000000
vt 0.467742 0.000000
vt 0.532258 1.000000
vt 0.532258 0.000000
vt 0.564516 1.000000
vt 0.564516 0.000000
vt 0.596774 1.000000
vt 0.596774 0.000000
vt 0.629032 1.000000
vt 0.629032 0.000000
vt 0.661290 1.000000
vt 0.661290 0.000000
vt 0.693548 1.000000
vt 0.693548 0.000000
vt 0.725806 1.000000
vt 0.725806 0.000000
vt 0.758065 1.000000
vt 0.758065 0.000000
vt 0.790323 1.000000
vt 0.790323 0.000000
vt 0.822581 1.000000
vt 0.822581 0.000000
vt 0.854839 1.000000
vt 0.854839 0.000000
vt 0.887097 1.000000
vt 0.887097 0.000000
vt 0.919355 1.000000
vt 0.919355 0.000000
vt 0.951613 1.000000
vt 0.951613 0.000000
vt 0.983871 1.000000
vt 0.983871 0.000000
vt 0.009259 1.000000
vt 0.018519 1.000000
vt 0.009259 0.000000
vt 0.027778 1.000000
vt 0.018519 0.000000
vt 0.037037 1.000000
vt 0.027778 0.000000
vt 0.046296 1.000000
vt 0.037037 0.000000
vt 0.055556 1.000000
vt 0.046296 0.000000
vt 0.064815 1.000000
vt 0.055556 0.000000
vt 0.074074 1.000000
vt 0.064815 0.000000
vt 0.083333 1.000000
vt 0.074074 0.000000
vt 0.092593 1.000000
vt 0.083333 0.000000
vt 0.101852 1.000000
vt 0.092593 0.000000
vt 0.111111 1.000000
vt 0.101852 0.000000
vt 0.120370 1.000000
vt 0.111111 0.000000
vt 0.129630 1.000000
vt 0.120370 0.000000
vt 0.138889 1.000000
vt 0.129630 0.000000
vt 0.148148 1.000000
vt 0.138889 0.000000
vt 0.157407 1.000000
vt 0.148148 0.000000
vt 0.166667 1.000000
vt 0.157407 0.000000
vt 0.175926 1.000000
vt 0.166667 0.000000
vt 0.185185 1.000000
vt 0.175926 0.000000
vt 0.194444 1.000000
vt 0.185185 0.000000
vt 0.203704 1.000000
vt 0.194444 0.000000
vt 0.212963 1.000000
vt 0.203704 0.000000
vt 0.222222 1.000000
vt 0.212963 0.000000
vt 0.231481 1.000000
vt 0.222222 0.000000
vt 0.240741 1.000000
vt 0.231481 0.000000
vt 0.250000 1.000000
vt 0.240741 0.000000
vt 0.259259 1.000000
vt 0.268519 1.000000
vt 0.259259 0.000000
vt 0.277778 1.000000
vt 0.268519 0.000000
vt 0.287037 1.000000
vt 0.277778 0.000000
vt 0.296296 1.000000
vt 0.287037 0.000000
vt 0.305556 1.000000
vt 0.296296 0.000000
vt 0.314815 1.000000
vt 0.305556 0.000000
vt 0.324074 1.000000
vt 0.314815 0.000000
vt 0.333333 1.000000
vt 0.324074 0.000000
vt 0.342593 1.000000
vt 0.333333 0.000000
vt 0.351852 1.000000
vt 0.342593 0.000000
vt 0.361111 1.000000
vt 0.351852 0.000000
vt 0.370370 1.000000
vt 0.361111 0.000000
vt 0.379630 1.000000
vt 0.370370 0.000000
vt 0.388889 1.000000
vt 0.379630 0.000000
vt 0.398148 1.000000
vt 0.388889 0.000000
vt 0.407407 1.000000
vt 0.398148 0.000000
vt 0.416667 1.000000
vt 0.407407 0.000000
vt 0.425926 1.000000
vt 0.416667 0.000000
vt 0.435185 1.000000
vt 0.425926 0.000000
vt 0.444444 1.000000
vt 0.435185 0.000000
vt 0.453704 1.000000
vt 0.444444 0.000000
vt 0.462963 1.000000
vt 0.453704 0.000000
vt 0.472222 1.000000
vt 0.462963 0.000000
vt 0.481481 1.000000
vt 0.472222 0.000000
vt 0.490741 1.000000
vt 0.481481 0.000000
vt 0.490741 0.000000
vt 0.509259 1.000000
vt 0.518519 1.000000
vt 0.509259 0.000000
vt 0.527778 1.000000
vt 0.518519 0.000000
vt 0.537037 1.000000
vt 0.527778 0.000000
vt 0.546296 1.000000
vt 0.537037 0.000000
vt 0.555556 1.000000
vt 0.546296 0.000000
vt 0.564815 1.000000
vt 0.555556 0.000000
vt 0.574074 1.000000
vt 0.564815 0.000000
vt 0.583333 1.000000
vt 0.574074 0.000000
vt 0.592593 1.000000
vt 0.583333 0.000000
vt 0.601852 1.000000
vt 0.592593 0.000000
vt 0.611111 1.000000
vt 0.601852 0.000000
vt 0.620370 1.000000
vt 0.611111 0.000000
vt 0.629630 1.000000
vt 0.620370 0.000000
vt 0.638889 1.000000
vt 0.629630 0.000000
vt 0.648148 1.000000
vt 0.638889 0.000000
vt 0.657407 1.000000
vt 0.648148 0.000000
vt 0.666667 1.000000
vt 0.657407 0.000000
vt 0.675926 1.000000
vt 0.666667 0.000000
vt 0.685185 1.000000
vt 0.675926 0.000000
vt 0.694444 1.000000
vt 0.685185 0.000000
vt 0.703704 1.000000
vt 0.694444 0.000000
vt 0.712963 1.000000
vt 0.703704 0.000000
vt 0.722222 1.000000
vt 0.712963 0.000000
vt 0.731481 1.000000
vt 0.722222 0.000000
vt 0.740741 1.000000
vt 0.731481 0.000000
vt 0.750000 1.000000
vt 0.740741 0.000000
vt 0.759259 1.000000
vt 0.768519 1.000000
vt 0.759259 0.000000
vt 0.777778 1.000000
vt 0.768519 0.000000
vt 0.787037 1.000000
vt 0.777778 0.000000
vt 0.796296 1.000000
vt 0.787037 0.000000
vt 0.805556 1.000000
vt 0.796296 0.000000
vt 0.814815 1.000000
vt 0.805556 0.000000
vt 0.824074 1.000000
vt 0.814815 0.000000
vt 0.833333 1.000000
vt 0.824074 0.000000
vt 0.842593 1.000000
vt 0.833333 0.000000
vt 0.851852 1.000000
vt 0.842593 0.000000
vt 0.861111 1.000000
vt 0.851852 0.000000
vt 0.870370 1.000000
vt 0.861111 0.000000
vt 0.879630 1.000000
vt 0.870370 0.000000
vt 0.888889 1.000000
vt 0.879630 0.000000
vt 0.898148 1.000000
vt 0.888889 0.000000
vt 0.907407 1.000000
vt 0.898148 0.000000
vt 0.916667 1.000000
vt 0.907407 0.000000
vt 0.925926 1.000000
vt 0.916667 0.000000
vt 0.935185 1.000000
vt 0.925926 0.000000
vt 0.944444 1.000000
vt 0.935185 0.000000
vt 0.953704 1.000000
vt 0.944444 0.000000
vt 0.962963 1.000000
vt 0.953704 0.000000
vt 0.972222 1.000000
vt 0.962963 0.000000
vt 0.981481 1.000000
vt 0.972222 0.000000
vt 0.990741 1.000000
vt 0.981481 0.000000
vt 0.990741 0.000000
vt 0.020000 1.000000
vt 0.040000 1.000000
vt 0.020000 0.000000
vt 0.060000 1.000000
vt 0.040000 0.000000
vt 0.080000 1.000000
vt 0.060000 0.000000
vt 0.100000 1.000000
vt 0.080000 0.000000
vt 0.120000 1.000000
vt 0.100000 0.000000
vt 0.140000 1.000000
vt 0.120000 0.000000
vt 0.160000 1.000000
vt 0.140000 0.000000
vt 0.180000 1.000000
vt 0.160000 0.000000
vt 0.180000 0.000000
vt 0.220000 1.000000
vt 0.240000 1.000000
vt 0.220000 0.000000
vt 0.260000 1.000000
vt 0.240000 0.000000
vt 0.280000 1.000000
vt 0.260000 0.000000
vt 0.300000 1.000000
vt 0.280000 0.000000
vt 0.320000 1.000000
vt 0.300000 0.000000
vt 0.340000 1.000000
vt 0.320000 0.000000
vt 0.360000 1.000000
vt 0.340000 0.000000
vt 0.380000 1.000000
vt 0.360000 0.000000
vt 0.380000 0.000000
vt 0.420000 1.000000
vt 0.440000 1.000000
vt 0.420000 0.000000
vt 0.460000 1.000000
vt 0.440000 0.000000
vt 0.480000 1.000000
vt 0.460000 0.000000
vt 0.480000 0.000000
vt 0.520000 1.000000
vt 0.540000 1.000000
vt 0.520000 0.000000
vt 0.560000 1.000000
vt 0.540000 0.000000
vt 0.580000 1.000000
vt 0.560000 0.000000
vt 0.580000 0.000000
vt 0.620000 1.000000
vt 0.640000 1.000000
vt 0.620000 0.000000
vt 0.660000 1.000000
vt 0.640000 0.000000
vt 0.680000 1.000000
vt 0.660000 0.000000
vt 0.700000 1.000000
vt 0.680000 0.000000
vt 0.720000 1.000000
vt 0.700000 0.000000
vt 0.740000 1.000000
vt 0.720000 0.000000
vt 0.760000 1.000000
vt 0.740000 0.000000
vt 0.780000 1.000000
vt 0.760000 0.000000
vt 0.780000 0.000000
vt 0.820000 1.000000
vt 0.840000 1.000000
vt 0.820000 0.000000
vt 0.860000 1.000000
vt 0.840000 0.000000
vt 0.880000 1.000000
vt 0.860000 0.000000
vt 0.900000 1.000000
vt 0.880000 0.000000
vt 0.920000 1.000000
vt 0.900000 0.000000
vt 0.940000 1.000000
vt 0.920000 0.000000
vt 0.960000 1.000000
vt 0.940000 0.000000
vt 0.980000 1.000000
vt 0.960000 0.000000
vt 0.980000 0.000000
vt 0.002762 1.000000
vt 0.005525 1.000000
vt 0.002762 0.000000
vt 0.008287 1.000000
vt 0.005525 0.000000
vt 0.011050 1.000000
vt 0.008287 0.000000
vt 0.013812 1.000000
vt 0.011050 0.000000
vt 0.016575 1.000000
vt 0.013812 0.000000
vt 0.019337 1.000000
vt 0.016575 0.000000
vt 0.022099 1.000000
vt 0.019337 0.000000
vt 0.024862 1.000000
vt 0.022099 0.000000
vt 0.027624 1.000000
vt 0.024862 0.000000
vt 0.030387 1.000000
vt 0.027624 0.000000
vt 0.033149 1.000000
vt 0.030387 0.000000
vt 0.035912 1.000000
vt 0.033149 0.000000
vt 0.038674 1.000000
vt 0.035912 0.000000
vt 0.041436 1.000000
vt 0.038674 0.000000
vt 0.044199 1.000000
vt 0.041436 0.000000
vt 0.046961 1.000000
vt 0.044199 0.000000
vt 0.049724 1.000000
vt 0.046961 0.000000
vt 0.052486 1.000000
vt 0.049724 0.000000
vt 0.055249 1.000000
vt 0.052486 0.000000
vt 0.058011 1.000000
vt 0.055249 0.000000
vt 0.060773 1.000000
vt 0.058011 0.000000
vt 0.063536 1.000000
vt 0.060773 0.000000
vt 0.066298 1.000000
vt 0.063536 0.000000
vt 0.069061 1.000000
vt 0.066298 0.000000
vt 0.071823 1.000000
vt 0.069061 0.000000
vt 0.074586 1.000000
vt 0.071823 0.000000
vt 0.077348 1.000000
vt 0.074586 0.000000
vt 0.080110 1.000000
vt 0.077348 0.000000
vt 0.082873 1.000000
vt 0.080110 0.000000
vt 0.085635 1.000000
vt 0.082873 0.000000
vt 0.088398 1.000000
vt 0.085635 0.000000
vt 0.091160 1.000000
vt 0.088398 0.000000
vt 0.093923 1.000000
vt 0.091160 0.000000
vt 0.096685 1.000000
vt 0.093923 0.000000
vt 0.099448 1.000000
vt 0.096685 0.000000
vt 0.102210 1.000000
vt 0.099448 0.000000
vt 0.104972 1.000000
vt 0.102210 0.000000
vt 0.107735 1.000000
vt 0.104972 0.000000
vt 0.110497 1.000000
vt 0.107735 0.000000
vt 0.113260 1.000000
vt 0.110497 0.000000
vt 0.116022 1.000000
vt 0.113260 0.000000
vt 0.118785 1.000000
vt 0.116022 0.000000
vt 0.121547 1.000000
vt 0.118785 0.000000
vt 0.124309 1.000000
vt 0.121547 0.000000
vt 0.127072 1.000000
vt 0.124309 0.000000
vt 0.129834 1.000000
vt 0.127072 0.000000
vt 0.132597 1.000000
vt 0.129834 0.000000
vt 0.135359 1.000000
vt 0.132597 0.000000
vt 0.138122 1.000000
vt 0.135359 0.000000
vt 0.140884 1.000000
vt 0.138122 0.000000
vt 0.143646 1.000000
vt 0.140884 0.000000
vt 0.146409 1.000000
vt 0.143646 0.000000
vt 0.149171 1.000000
vt 0.146409 0.000000
vt 0.151934 1.000000
vt 0.149171 0.000000
vt 0.154696 1.000000
vt 0.151934 0.000000
vt 0.157459 1.000000
vt 0.154696 0.000000
vt 0.160221 1.000000
vt 0.157459 0.000000
vt 0.162983 1.000000
vt 0.160221 0.000000
vt 0.165746 1.000000
vt 0.162983 0.000000
vt 0.168508 1.000000
vt 0.165746 0.000000
vt 0.171271 1.000000
vt 0.168508 0.000000
vt 0.174033 1.000000
vt 0.171271 0.000000
vt 0.176796 1.000000
vt 0.174033 0.000000
vt 0.179558 1.000000
vt 0.176796 0.000000
vt 0.182320 1.000000
vt 0.179558 0.000000
vt 0.185083 1.000000
vt 0.182320 0.000000
vt 0.187845 1.000000
vt 0.185083 0.000000
vt 0.190608 1.000000
vt 0.187845 0.000000
vt 0.193370 1.000000
vt 0.190608 0.000000
vt 0.196133 1.000000
vt 0.193370 0.000000
vt 0.198895 1.000000
vt 0.196133 0.000000
vt 0.201657 1.000000
vt 0.198895 0.000000
vt 0.204420 1.000000
vt 0.201657 0.000000
vt 0.207182 1.000000
vt 0.204420 0.000000
vt 0.209945 1.000000
vt 0.207182 0.000000
vt 0.212707 1.000000
vt 0.209945 0.000000
vt 0.215470 1.000000
vt 0.212707 0.000000
vt 0.218232 1.000000
vt 0.215470 0.000000
vt 0.220994 1.000000
vt 0.218232 0.000000
vt 0.223757 1.000000
vt 0.220994 0.000000
vt 0.226519 1.000000
vt 0.223757 0.000000
vt 0.229282 1.000000
vt 0.226519 0.000000
vt 0.232044 1.000000
vt 0.229282 0.000000
vt 0.234807 1.000000
vt 0.232044 0.000000
vt 0.237569 1.000000
vt 0.234807 0.000000
vt 0.240331 1.000000
vt 0.237569 0.000000
vt 0.243094 1.000000
vt 0.240331 0.000000
vt 0.245856 1.000000
vt 0.243094 0.000000
vt 0.248619 1.000000
vt 0.245856 0.000000
vt 0.251381 1.000000
vt 0.248619 0.000000
vt 0.254144 1.000000
vt 0.251381 0.000000
vt 0.256906 1.000000
vt 0.254144 0.000000
vt 0.259668 1.000000
vt 0.256906 0.000000
vt 0.262431 1.000000
vt 0.259668 0.000000
vt 0.265193 1.000000
vt 0.262431 0.000000
vt 0.267956 1.000000
vt 0.265193 0.000000
vt 0.270718 1.000000
vt 0.267956 0.000000
vt 0.273481 1.000000
vt 0.270718 0.000000
vt 0.276243 1.000000
vt 0.273481 0.000000
vt 0.279006 1.000000
vt 0.276243 0.000000
vt 0.281768 1.000000
vt 0.279006 0.000000
vt 0.284530 1.000000
vt 0.281768 0.000000
vt 0.287293 1.000000
vt 0.284530 0.000000
vt 0.290055 1.000000
vt 0.287293 0.000000
vt 0.292818 1.000000
vt 0.290055 0.000000
vt 0.295580 1.000000
vt 0.292818 0.000000
vt 0.298343 1.000000
vt 0.295580 0.000000
vt 0.301105 1.000000
vt 0.298343 0.000000
vt 0.303867 1.000000
vt 0.301105 0.000000
vt 0.306630 1.000000
vt 0.303867 0.000000
vt 0.309392 1.000000
vt 0.306630 0.000000
vt 0.312155 1.000000
vt 0.309392 0.000000
vt 0.314917 1.000000
vt 0.312155 0.000000
vt 0.317680 1.000000
vt 0.314917 0.000000
vt 0.320442 1.000000
vt 0.317680 0.000000
vt 0.323204 1.000000
vt 0.320442 0.000000
vt 0.325967 1.000000
vt 0.323204 0.000000
vt 0.328729 1.000000
vt 0.325967 0.000000
vt 0.331492 1.000000
vt 0.328729 0.000000
vt 0.334254 1.000000
vt 0.331492 0.000000
vt 0.337017 1.000000
vt 0.334254 0.000000
vt 0.339779 1.000000
vt 0.337017 0.000000
vt 0.342541 1.000000
vt 0.339779 0.000000
vt 0.345304 1.000000
vt 0.342541 0.000000
vt 0.348066 1.000000
vt 0.345304 0.000000
vt 0.350829 1.000000
vt 0.348066 0.000000
vt 0.353591 1.000000
vt 0.350829 0.000000
vt 0.356354 1.000000
vt 0.353591 0.000000
vt 0.359116 1.000000
vt 0.356354 0.000000
vt 0.361878 1.000000
vt 0.359116 0.000000
vt 0.364641 1.000000
vt 0.361878 0.000000
vt 0.367403 1.000000
vt 0.364641 0.000000
vt 0.370166 1.000000
vt 0.367403 0.000000
vt 0.372928 1.000000
vt 0.370166 0.000000
vt 0.375691 1.000000
vt 0.372928 0.000000
vt 0.378453 1.000000
vt 0.375691 0.000000
vt 0.381215 1.000000
vt 0.378453 0.000000
vt 0.383978 1.000000
vt 0.381215 0.000000
vt 0.386740 1.000000
vt 0.383978 0.000000
vt 0.389503 1.000000
vt 0.386740 0.000000
vt 0.392265 1.000000
vt 0.389503 0.000000
vt 0.395028 1.000000
vt 0.392265 0.000000
vt 0.397790 1.000000
vt 0.395028 0.000000
vt 0.400552 1.000000
vt 0.397790 0.000000
vt 0.403315 1.000000
vt 0.400552 0.000000
vt 0.406077 1.000000
vt 0.403315 0.000000
vt 0.408840 1.000000
vt 0.406077 0.000000
vt 0.411602 1.000000
vt 0.408840 0.000000
vt 0.414365 1.000000
vt 0.411602 0.000000
vt 0.417127 1.000000
vt 0.414365 0.000000
vt 0.419890 1.000000
vt 0.417127 0.000000
vt 0.422652 1.000000
vt 0.419890 0.000000
vt 0.425414 1.000000
vt 0.422652 0.000000
vt 0.428177 1.000000
vt 0.425414 0.000000
vt 0.430939 1.000000
vt 0.428177 0.000000
vt 0.433702 1.000000
vt 0.430939 0.000000
vt 0.436464 1.000000
vt 0.433702 0.000000
vt 0.439227 1.000000
vt 0.436464 0.000000
vt 0.441989 1.000000
vt 0.439227 0.000000
vt 0.444751 1.000000
vt 0.441989 0.000000
vt 0.447514 1.000000
vt 0.444751 0.000000
vt 0.450276 1.000000
vt 0.447514 0.000000
vt 0.453039 1.000000
vt 0.450276 0.000000
vt 0.455801 1.000000
vt 0.453039 0.000000
vt 0.458564 1.000000
vt 0.455801 0.000000
vt 0.461326 1.000000
vt 0.458564 0.000000
vt 0.464088 1.000000
vt 0.461326 0.000000
vt 0.466851 1.000000
vt 0.464088 0.000000
vt 0.469613 1.000000
vt 0.466851 0.000000
vt 0.472376 1.000000
vt 0.469613 0.000000
vt 0.475138 1.000000
vt 0.472376 0.000000
vt 0.477901 1.000000
vt 0.475138 0.000000
vt 0.480663 1.000000
vt 0.477901 0.000000
vt 0.483425 1.000000
vt 0.480663 0.000000
vt 0.486188 1.000000
vt 0.483425 0.000000
vt 0.488950 1.000000
vt 0.486188 0.000000
vt 0.491713 1.000000
vt 0.488950 0.000000
vt 0.494475 1.000000
vt 0.491713 0.000000
vt 0.497238 1.000000
vt 0.494475 0.000000
vt 0.497238 0.000000
vt 0.502762 1.000000
vt 0.505525 1.000000
vt 0.502762 0.000000
vt 0.508287 1.000000
vt 0.505525 0.000000
vt 0.511050 1.000000
vt 0.508287 0.000000
vt 0.513812 1.000000
vt 0.511050 0.000000
vt 0.516575 1.000000
vt 0.513812 0.000000
vt 0.519337 1.000000
vt 0.516575 0.000000
vt 0.522099 1.000000
vt 0.519337 0.000000
vt 0.524862 1.000000
vt 0.522099 0.000000
vt 0.527624 1.000000
vt 0.524862 0.000000
vt 0.530387 1.000000
vt 0.527624 0.000000
vt 0.533149 1.000000
vt 0.530387 0.000000
vt 0.535912 1.000000
vt 0.533149 0.000000
vt 0.538674 1.000000
vt 0.535912 0.000000
vt 0.541436 1.000000
vt 0.538674 0.000000
vt 0.544199 1.000000
vt 0.541436 0.000000
vt 0.546961 1.000000
vt 0.544199 0.000000
vt 0.549724 1.000000
vt 0.546961 0.000000
vt 0.552486 1.000000
vt 0.549724 0.000000
vt 0.555249 1.000000
vt 0.552486 0.000000
vt 0.558011 1.000000
vt 0.555249 0.000000
vt 0.560773 1.000000
vt 0.558011 0.000000
vt 0.563536 1.000000
vt 0.560773 0.000000
vt 0.566298 1.000000
vt 0.563536 0.000000
vt 0.569061 1.000000
vt 0.566298 0.000000
vt 0.571823 1.000000
vt 0.569061 0.000000
vt 0.574586 1.000000
vt 0.571823 0.000000
vt 0.577348 1.000000
vt 0.574586 0.000000
vt 0.580110 1.000000
vt 0.577348 0.000000
vt 0.582873 1.000000
vt 0.580110 0.000000
vt 0.585635 1.000000
vt 0.582873 0.000000
vt 0.588398 1.000000
vt 0.585635 0.000000
vt 0.591160 1.000000
vt 0.588398 0.000000
vt 0.593923 1.000000
vt 0.591160 0.000000
vt 0.596685 1.000000
vt 0.593923 0.000000
vt 0.599447 1.000000
vt 0.596685 0.000000
vt 0.602210 1.000000
vt 0.599447 0.000000
vt 0.604972 1.000000
vt 0.602210 0.000000
vt 0.607735 1.000000
vt 0.604972 0.000000
vt 0.610497 1.000000
vt 0.607735 0.000000
vt 0.613260 1.000000
vt 0.610497 0.000000
vt 0.616022 1.000000
vt 0.613260 0.000000
vt 0.618785 1.000000
vt 0.616022 0.000000
vt 0.621547 1.000000
vt 0.618785 0.000000
vt 0.624309 1.000000
vt 0.621547 0.000000
vt 0.627072 1.000000
vt 0.624309 0.000000
vt 0.629834 1.000000
vt 0.627072 0.000000
vt 0.632597 1.000000
vt 0.629834 0.000000
vt 0.635359 1.000000
vt 0.632597 0.000000
vt 0.638122 1.000000
vt 0.635359 0.000000
vt 0.640884 1.000000
vt 0.638122 0.000000
vt 0.643646 1.000000
vt 0.640884 0.000000
vt 0.646409 1.000000
vt 0.643646 0.000000
vt 0.649171 1.000000
vt 0.646409 0.000000
vt 0.651934 1.000000
vt 0.649171 0.000000
vt 0.654696 1.000000
vt 0.651934 0.000000
vt 0.657459 1.000000
vt 0.654696 0.000000
vt 0.660221 1.000000
vt 0.657459 0.000000
vt 0.662983 1.000000
vt 0.660221 0.000000
vt 0.665746 1.000000
vt 0.662983 0.000000
vt 0.668508 1.000000
vt 0.665746 0.000000
vt 0.671271 1.000000
vt 0.668508 0.000000
vt 0.674033 1.000000
vt 0.671271 0.000000
vt 0.676796 1.000000
vt 0.674033 0.000000
vt 0.679558 1.000000
vt 0.676796 0.000000
vt 0.682320 1.000000
vt 0.679558 0.000000
vt 0.685083 1.000000
vt 0.682320 0.000000
vt 0.687845 1.000000
vt 0.685083 0.000000
vt 0.690608 1.000000
vt 0.687845 0.000000
vt 0.693370 1.000000
vt 0.690608 0.000000
vt 0.696133 1.000000
vt 0.693370 0.000000
vt 0.698895 1.000000
vt 0.696133 0.000000
vt 0.701657 1.000000
vt 0.698895 0.000000
vt 0.704420 1.000000
vt 0.701657 0.000000
vt 0.707182 1.000000
vt 0.704420 0.000000
vt 0.709945 1.000000
vt 0.707182 0.000000
vt 0.712707 1.000000
vt 0.709945 0.000000
vt 0.715470 1.000000
vt 0.712707 0.000000
vt 0.718232 1.000000
vt 0.715470 0.000000
vt 0.720994 1.000000
vt 0.718232 0.000000
vt 0.723757 1.000000
vt 0.720994 0.000000
vt 0.726519 1.000000
vt 0.723757 0.000000
vt 0.729282 1.000000
vt 0.726519 0.000000
vt 0.732044 1.000000
vt 0.729282 0.000000
vt 0.734807 1.000000
vt 0.732044 0.000000
vt 0.737569 1.000000
vt 0.734807 0.000000
vt 0.740331 1.000000
vt 0.737569 0.000000
vt 0.743094 1.000000
vt 0.740331 0.000000
vt 0.745856 1.000000
vt 0.743094 0.000000
vt 0.748619 1.000000
vt 0.745856 0.000000
vt 0.751381 1.000000
vt 0.748619 0.000000
vt 0.754144 1.000000
vt 0.751381 0.000000
vt 0.756906 1.000000
vt 0.754144 0.000000
vt 0.759669 1.000000
vt 0.756906 0.000000
vt 0.762431 1.000000
vt 0.759669 0.000000
vt 0.765193 1.000000
vt 0.762431 0.000000
vt 0.767956 1.000000
vt 0.765193 0.000000
vt 0.770718 1.000000
vt 0.767956 0.000000
vt 0.773481 1.000000
vt 0.770718 0.000000
vt 0.776243 1.000000
vt 0.773481 0.000000
vt 0.779006 1.000000
vt 0.776243 0.000000
vt 0.781768 1.000000
vt 0.779006 0.000000
vt 0.784530 1.000000
vt 0.781768 0.000000
vt 0.787293 1.000000
vt 0.784530 0.000000
vt 0.790055 1.000000
vt 0.787293 0.000000
vt 0.792818 1.000000
vt 0.790055 0.000000
vt 0.795580 1.000000
vt 0.792818 0.000000
vt 0.798343 1.000000
vt 0.795580 0.000000
vt 0.801105 1.000000
vt 0.798343 0.000000
vt 0.803867 1.000000
vt 0.801105 0.000000
vt 0.806630 1.000000
vt 0.803867 0.000000
vt 0.809392 1.000000
vt 0.806630 0.000000
vt 0.812155 1.000000
vt 0.809392 0.000000
vt 0.814917 1.000000
vt 0.812155 0.000000
vt 0.817680 1.000000
vt 0.814917 0.000000
vt 0.820442 1.000000
vt 0.817680 0.000000
vt 0.823204 1.000000
vt 0.820442 0.000000
vt 0.825967 1.000000
vt 0.823204 0.000000
vt 0.828729 1.000000
vt 0.825967 0.000000
vt 0.831492 1.000000
vt 0.828729 0.000000
vt 0.834254 1.000000
vt 0.831492 0.000000
vt 0.837017 1.000000
vt 0.834254 0.000000
vt 0.839779 1.000000
vt 0.837017 0.000000
vt 0.842541 1.000000
vt 0.839779 0.000000
vt 0.845304 1.000000
vt 0.842541 0.000000
vt 0.848066 1.000000
vt 0.845304 0.000000
vt 0.850829 1.000000
vt 0.848066 0.000000
vt 0.853591 1.000000
vt 0.850829 0.000000
vt 0.856354 1.000000
vt 0.853591 0.000000
vt 0.859116 1.000000
vt 0.856354 0.000000
vt 0.861878 1.000000
vt 0.859116 0.000000
vt 0.864641 1.000000
vt 0.861878 0.000000
vt 0.867403 1.000000
vt 0.864641 0.000000
vt 0.870166 1.000000
vt 0.867403 0.000000
vt 0.872928 1.000000
vt 0.870166 0.000000
vt 0.875691 1.000000
vt 0.872928 0.000000
vt 0.878453 1.000000
vt 0.875691 0.000000
vt 0.881215 1.000000
vt 0.878453 0.000000
vt 0.883978 1.000000
vt 0.881215 0.000000
vt 0.886740 1.000000
vt 0.883978 0.000000
vt 0.889503 1.000000
vt 0.886740 0.000000
vt 0.892265 1.000000
vt 0.889503 0.000000
vt 0.895028 1.000000
vt 0.892265 0.000000
vt 0.897790 1.000000
vt 0.895028 0.000000
vt 0.900553 1.000000
vt 0.897790 0.000000
vt 0.903315 1.000000
vt 0.900553 0.000000
vt 0.906077 1.000000
vt 0.903315 0.000000
vt 0.908840 1.000000
vt 0.906077 0.000000
vt 0.911602 1.000000
vt 0.908840 0.000000
vt 0.914365 1.000000
vt 0.911602 0.000000
vt 0.917127 1.000000
vt 0.914365 0.000000
vt 0.919890 1.000000
vt 0.917127 0.000000
vt 0.922652 1.000000
vt 0.919890 0.000000
vt 0.925414 1.000000
vt 0.922652 0.000000
vt 0.928177 1.000000
vt 0.925414 0.000000
vt 0.930939 1.000000
vt 0.928177 0.000000
vt 0.933702 1.000000
vt 0.930939 0.000000
vt 0.936464 1.000000
vt 0.933702 0.000000
vt 0.939227 1.000000
vt 0.936464 0.000000
vt 0.941989 1.000000
vt 0.939227 0.000000
vt 0.944751 1.000000
vt 0.941989 0.000000
vt 0.947514 1.000000
vt 0.944751 0.000000
vt 0.950276 1.000000
vt 0.947514 0.000000
vt 0.953039 1.000000
vt 0.950276 0.000000
vt 0.955801 1.000000
vt 0.953039 0.000000
vt 0.958564 1.000000
vt 0.955801 0.000000
vt 0.961326 1.000000
vt 0.958564 0.000000
vt 0.964088 1.000000
vt 0.961326 0.000000
vt 0.966851 1.000000
vt 0.964088 0.000000
vt 0.969613 1.000000
vt 0.966851 0.000000
vt 0.972376 1.000000
vt 0.969613 0.000000
vt 0.975138 1.000000
vt 0.972376 0.000000
vt 0.977901 1.000000
vt 0.975138 0.000000
vt 0.980663 1.000000
vt 0.977901 0.000000
vt 0.983425 1.000000
vt 0.980663 0.000000
vt 0.986188 1.000000
vt 0.983425 0.000000
vt 0.988950 1.000000
vt 0.986188 0.000000
vt 0.991713 1.000000
vt 0.988950 0.000000
vt 0.994475 1.000000
vt 0.991713 0.000000
vt 0.997238 1.000000
vt 0.994475 0.000000
vt 0.997238 0.000000
vt 0.016393 1.000000
vt 0.032787 1.000000
vt 0.016393 0.000000
vt 0.049180 1.000000
vt 0.032787 0.000000
vt 0.065574 1.000000
vt 0.049180 0.000000
vt 0.081967 1.000000
vt 0.065574 0.000000
vt 0.098361 1.000000
vt 0.081967 0.000000
vt 0.114754 1.000000
vt 0.098361 0.000000
vt 0.131148 1.000000
vt 0.114754 0.000000
vt 0.147541 1.000000
vt 0.131148 0.000000
vt 0.163934 1.000000
vt 0.147541 0.000000
vt 0.180328 1.000000
vt 0.163934 0.000000
vt 0.196721 1.000000
vt 0.180328 0.000000
vt 0.213115 1.000000
vt 0.196721 0.000000
vt 0.229508 1.000000
vt 0.213115 0.000000
vt 0.245902 1.000000
vt 0.229508 0.000000
vt 0.262295 1.000000
vt 0.245902 0.000000
vt 0.278689 1.000000
vt 0.262295 0.000000
vt 0.295082 1.000000
vt 0.278689 0.000000
vt 0.311475 1.000000
vt 0.295082 0.000000
vt 0.327869 1.000000
vt 0.311475 0.000000
vt 0.344262 1.000000
vt 0.327869 0.000000
vt 0.360656 1.000000
vt 0.344262 0.000000
vt 0.377049 1.000000
vt 0.360656 0.000000
vt 0.393443 1.000000
vt 0.377049 0.000000
vt 0.409836 1.000000
vt 0.393443 0.000000
vt 0.426230 1.000000
vt 0.409836 0.000000
vt 0.442623 1.000000
vt 0.426230 0.000000
vt 0.459016 1.000000
vt 0.442623 0.000000
vt 0.475410 1.000000
vt 0.459016 0.000000
vt 0.491803 1.000000
vt 0.475410 0.000000
vt 0.508197 1.000000
vt 0.491803 0.000000
vt 0.524590 1.000000
vt 0.508197 0.000000
vt 0.540984 1.000000
vt 0.524590 0.000000
vt 0.557377 1.000000
vt 0.540984 0.000000
vt 0.573770 1.000000
vt 0.557377 0.000000
vt 0.590164 1.000000
vt 0.573770 0.000000
vt 0.606557 1.000000
vt 0.590164 0.000000
vt 0.622951 1.000000
vt 0.606557 0.000000
vt 0.639344 1.000000
vt 0.622951 0.000000
vt 0.655738 1.000000
vt 0.639344 0.000000
vt 0.672131 1.000000
vt 0.655738 0.000000
vt 0.688525 1.000000
vt 0.672131 0.000000
vt 0.704918 1.000000
vt 0.688525 0.000000
vt 0.721311 1.000000
vt 0.704918 0.000000
vt 0.737705 1.000000
vt 0.721311 0.000000
vt 0.754098 1.000000
vt 0.737705 0.000000
vt 0.770492 1.000000
vt 0.754098 0.000000
vt 0.786885 1.000000
vt 0.770492 0.000000
vt 0.803279 1.000000
vt 0.786885 0.000000
vt 0.819672 1.000000
vt 0.803279 0.000000
vt 0.836066 1.000000
vt 0.819672 0.000000
vt 0.852459 1.000000
vt 0.836066 0.000000
vt 0.868852 1.000000
vt 0.852459 0.000000
vt 0.885246 1.000000
vt 0.868852 0.000000
vt 0.901639 1.000000
vt 0.885246 0.000000
vt 0.918033 1.000000
vt 0.901639 0.000000
vt 0.934426 1.000000
vt 0.918033 0.000000
vt 0.950820 1.000000
vt 0.934426 0.000000
vt 0.967213 1.000000
vt 0.950820 0.000000
vt 0.983607 1.000000
vt 0.967213 0.000000
vt 0.983607 0.000000
s 0
usemtl マテリアル.005
f 324/1/1 326/2/1 325/3/1
f 324/1/1 327/4/1 326/2/1
f 324/1/1 328/5/1 327/4/1
f 323/6/1 328/5/1 324/1/1
f 323/6/1 329/7/1 328/5/1
f 322/8/1 329/7/1 323/6/1
f 322/8/1 330/9/1 329/7/1
f 322/8/1 331/10/1 330/9/1
f 321/11/1 331/10/1 322/8/1
f 321/11/1 332/12/1 331/10/1
f 320/13/1 332/12/1 321/11/1
f 320/13/1 333/14/1 332/12/1
f 320/13/1 334/15/1 333/14/1
f 319/16/1 334/15/1 320/13/1
f 240/17/1 242/18/1 241/19/1
f 240/17/1 243/20/1 242/18/1
f 239/21/1 243/20/1 240/17/1
f 239/21/1 244/22/1 243/20/1
f 238/23/1 244/22/1 239/21/1
f 238/23/1 245/24/1 244/22/1
f 237/25/1 245/24/1 238/23/1
f 237/25/1 246/26/1 245/24/1
f 236/27/1 246/26/1 237/25/1
f 236/27/1 247/28/1 246/26/1
f 235/29/1 247/28/1 236/27/1
f 235/29/1 248/30/1 247/28/1
f 235/29/1 249/31/1 248/30/1
f 234/32/1 249/31/1 235/29/1
f 319/16/1 335/33/1 334/15/1
f 234/32/1 250/34/1 249/31/1
f 233/35/1 250/34/1 234/32/1
f 318/36/1 335/33/1 319/16/1
f 233/35/1 251/37/1 250/34/1
f 232/38/1 251/37/1 233/35/1
f 318/36/1 336/39/1 335/33/1
f 232/38/1 252/40/1 251/37/1
f 231/41/1 252/40/1 232/38/1
f 230/42/1 252/40/1 231/41/1
f 230/42/1 253/43/1 252/40/1
f 317/44/1 336/39/1 318/36/1
f 317/44/1 337/45/1 336/39/1
f 229/46/1 253/43/1 230/42/1
f 228/47/1 253/43/1 229/46/1
f 228/47/1 254/48/1 253/43/1
f 317/44/1 338/49/1 337/45/1
f 317/44/1 339/50/1 338/49/1
f 227/51/1 254/48/1 228/47/1
f 316/52/1 339/50/1 317/44/1
f 316/52/1 340/53/1 339/50/1
f 227/51/1 255/54/1 254/48/1
f 316/52/1 341/55/1 340/53/1
f 316/52/1 342/56/1 341/55/1
f 316/52/1 343/57/1 342/56/1
f 315/58/1 343/57/1 316/52/1
f 227/51/1 256/59/1 255/54/1
f 315/58/1 344/60/1 343/57/1
f 226/61/1 256/59/1 227/51/1
f 315/58/1 345/62/1 344/60/1
f 315/58/1 346/63/1 345/62/1
f 226/61/1 257/64/1 256/59/1
f 315/58/1 347/65/1 346/63/1
f 314/66/1 347/65/1 315/58/1
f 314/66/1 348/67/1 347/65/1
f 314/66/1 349/68/1 348/67/1
f 225/69/1 257/64/1 226/61/1
f 225/69/1 258/70/1 257/64/1
f 314/66/1 350/71/1 349/68/1
f 225/69/1 259/72/1 258/70/1
f 313/73/1 350/71/1 314/66/1
f 313/73/1 351/74/1 350/71/1
f 225/69/1 260/75/1 259/72/1
f 224/76/1 260/75/1 225/69/1
f 312/77/1 351/74/1 313/73/1
f 224/76/1 261/78/1 260/75/1
f 312/77/1 352/79/1 351/74/1
f 311/80/1 387/81/1 312/77/1
f 387/81/1 386/82/1 312/77/1
f 386/82/1 385/83/1 312/77/1
f 385/83/1 352/79/1 312/77/1
f 224/76/1 262/84/1 261/78/1
f 311/80/1 388/85/1 387/81/1
f 384/86/1 352/79/1 385/83/1
f 311/80/1 389/87/1 388/85/1
f 383/88/1 352/79/1 384/86/1
f 223/89/1 449/90/1 224/76/1
f 449/90/1 448/91/1 224/76/1
f 448/91/1 262/84/1 224/76/1
f 311/80/1 390/92/1 389/87/1
f 382/93/1 352/79/1 383/88/1
f 311/80/1 391/94/1 390/92/1
f 381/95/1 352/79/1 382/93/1
f 311/80/1 392/96/1 391/94/1
f 310/97/1 392/96/1 311/80/1
f 310/97/1 393/98/1 392/96/1
f 380/99/1 352/79/1 381/95/1
f 310/97/1 394/100/1 393/98/1
f 380/99/1 353/101/1 352/79/1
f 379/102/1 353/101/1 380/99/1
f 310/97/1 395/103/1 394/100/1
f 448/91/1 447/104/1 262/84/1
f 447/104/1 263/105/1 262/84/1
f 378/106/1 353/101/1 379/102/1
f 310/97/1 396/107/1 395/103/1
f 446/108/1 263/105/1 447/104/1
f 223/89/1 450/109/1 449/90/1
f 445/110/1 263/105/1 446/108/1
f 444/111/1 263/105/1 445/110/1
f 309/112/1 396/107/1 310/97/1
f 309/112/1 397/113/1 396/107/1
f 223/89/1 451/114/1 450/109/1
f 377/115/1 353/101/1 378/106/1
f 443/116/1 263/105/1 444/111/1
f 223/89/1 452/117/1 451/114/1
f 442/118/1 263/105/1 443/116/1
f 309/112/1 398/119/1 397/113/1
f 223/89/1 453/120/1 452/117/1
f 441/121/1 263/105/1 442/118/1
f 376/122/1 353/101/1 377/115/1
f 441/121/1 264/123/1 263/105/1
f 440/124/1 264/123/1 441/121/1
f 223/89/1 454/125/1 453/120/1
f 309/112/1 399/126/1 398/119/1
f 439/127/1 264/123/1 440/124/1
f 308/128/1 399/126/1 309/112/1
f 223/89/1 455/129/1 454/125/1
f 375/130/1 353/101/1 376/122/1
f 375/130/1 354/131/1 353/101/1
f 438/132/1 264/123/1 439/127/1
f 223/89/1 456/133/1 455/129/1
f 222/134/1 456/133/1 223/89/1
f 437/135/1 264/123/1 438/132/1
f 437/135/1 265/136/1 264/123/1
f 307/137/1 399/126/1 308/128/1
f 222/134/1 457/138/1 456/133/1
f 374/139/1 354/131/1 375/130/1
f 436/140/1 265/136/1 437/135/1
f 222/134/1 458/141/1 457/138/1
f 436/140/1 266/142/1 265/136/1
f 307/137/1 400/143/1 399/126/1
f 435/144/1 266/142/1 436/140/1
f 434/145/1 266/142/1 435/144/1
f 433/146/1 266/142/1 434/145/1
f 222/134/1 459/147/1 458/141/1
f 373/148/1 354/131/1 374/139/1
f 432/149/1 266/142/1 433/146/1
f 306/150/1 400/143/1 307/137/1
f 306/150/1 401/151/1 400/143/1
f 431/152/1 266/142/1 432/149/1
f 430/153/1 266/142/1 431/152/1
f 430/153/1 267/154/1 266/142/1
f 372/155/1 354/131/1 373/148/1
f 372/155/1 355/156/1 354/131/1
f 429/157/1 267/154/1 430/153/1
f 222/134/1 460/158/1 459/147/1
f 428/159/1 267/154/1 429/157/1
f 306/150/1 402/160/1 401/151/1
f 427/161/1 267/154/1 428/159/1
f 371/162/1 355/156/1 372/155/1
f 426/163/1 267/154/1 427/161/1
f 425/164/1 267/154/1 426/163/1
f 370/165/1 355/156/1 371/162/1
f 306/150/1 403/166/1 402/160/1
f 222/134/1 461/167/1 460/158/1
f 425/164/1 268/168/1 267/154/1
f 424/169/1 268/168/1 425/164/1
f 305/170/1 403/166/1 306/150/1
f 423/171/1 268/168/1 424/169/1
f 369/172/1 355/156/1 370/165/1
f 305/170/1 404/173/1 403/166/1
f 368/174/1 355/156/1 369/172/1
f 422/175/1 268/168/1 423/171/1
f 305/170/1 405/176/1 404/173/1
f 221/177/1 461/167/1 222/134/1
f 367/178/1 355/156/1 368/174/1
f 422/175/1 269/179/1 268/168/1
f 305/170/1 406/180/1 405/176/1
f 366/181/1 355/156/1 367/178/1
f 421/182/1 269/179/1 422/175/1
f 305/170/1 407/183/1 406/180/1
f 304/184/1 407/183/1 305/170/1
f 365/185/1 355/156/1 366/181/1
f 304/184/1 408/186/1 407/183/1
f 364/187/1 355/156/1 365/185/1
f 304/184/1 409/188/1 408/186/1
f 363/189/1 355/156/1 364/187/1
f 304/184/1 410/190/1 409/188/1
f 412/191/1 355/156/1 363/189/1
f 304/184/1 411/192/1 410/190/1
f 304/184/1 412/191/1 411/192/1
f 304/184/1 355/156/1 412/191/1
f 420/193/1 269/179/1 421/182/1
f 304/184/1 356/194/1 355/156/1
f 420/193/1 270/195/1 269/179/1
f 419/196/1 270/195/1 420/193/1
f 221/177/1 462/197/1 461/167/1
f 303/198/1 356/194/1 304/184/1
f 419/196/1 271/199/1 270/195/1
f 418/200/1 271/199/1 419/196/1
f 221/177/1 463/201/1 462/197/1
f 221/177/1 464/202/1 463/201/1
f 417/203/1 271/199/1 418/200/1
f 221/177/1 465/204/1 464/202/1
f 417/203/1 272/205/1 271/199/1
f 302/206/1 356/194/1 303/198/1
f 416/207/1 272/205/1 417/203/1
f 221/177/1 466/208/1 465/204/1
f 221/177/1 467/209/1 466/208/1
f 415/210/1 272/205/1 416/207/1
f 302/206/1 357/211/1 356/194/1
f 221/177/1 468/212/1 467/209/1
f 415/210/1 273/213/1 272/205/1
f 220/214/1 468/212/1 221/177/1
f 414/215/1 273/213/1 415/210/1
f 220/214/1 469/216/1 468/212/1
f 220/214/1 470/217/1 469/216/1
f 301/218/1 357/211/1 302/206/1
f 413/219/1 273/213/1 414/215/1
f 220/214/1 471/220/1 470/217/1
f 220/214/1 472/221/1 471/220/1
f 474/222/1 273/213/1 413/219/1
f 220/214/1 473/223/1 472/221/1
f 220/214/1 474/222/1 473/223/1
f 220/214/1 273/213/1 474/222/1
f 220/214/1 274/224/1 273/213/1
f 300/225/1 357/211/1 301/218/1
f 220/214/1 275/226/1 274/224/1
f 300/225/1 358/227/1 357/211/1
f 220/214/1 276/228/1 275/226/1
f 299/229/1 358/227/1 300/225/1
f 220/214/1 277/230/1 276/228/1
f 219/231/1 277/230/1 220/214/1
f 298/232/1 358/227/1 299/229/1
f 298/232/1 359/233/1 358/227/1
f 297/234/1 359/233/1 298/232/1
f 297/234/1 512/235/1 359/233/1
f 512/235/1 511/236/1 359/233/1
f 511/236/1 510/237/1 359/233/1
f 510/237/1 509/238/1 359/233/1
f 509/238/1 360/239/1 359/233/1
f 218/240/1 277/230/1 219/231/1
f 297/234/1 513/241/1 512/235/1
f 508/242/1 360/239/1 509/238/1
f 297/234/1 514/243/1 513/241/1
f 507/244/1 360/239/1 508/242/1
f 297/234/1 515/245/1 514/243/1
f 506/246/1 360/239/1 507/244/1
f 297/234/1 516/247/1 515/245/1
f 297/234/1 517/248/1 516/247/1
f 505/249/1 360/239/1 506/246/1
f 297/234/1 518/250/1 517/248/1
f 504/251/1 360/239/1 505/249/1
f 297/234/1 519/252/1 518/250/1
f 296/253/1 519/252/1 297/234/1
f 503/254/1 360/239/1 504/251/1
f 296/253/1 520/255/1 519/252/1
f 502/256/1 360/239/1 503/254/1
f 502/256/1 361/257/1 360/239/1
f 296/253/1 521/258/1 520/255/1
f 501/259/1 361/257/1 502/256/1
f 296/253/1 522/260/1 521/258/1
f 296/253/1 523/261/1 522/260/1
f 500/262/1 361/257/1 501/259/1
f 217/263/1 572/264/1 218/240/1
f 572/264/1 571/265/1 218/240/1
f 571/265/1 570/266/1 218/240/1
f 570/266/1 277/230/1 218/240/1
f 296/253/1 524/267/1 523/261/1
f 499/268/1 361/257/1 500/262/1
f 498/269/1 361/257/1 499/268/1
f 498/269/1 362/270/1 361/257/1
f 295/271/1 524/267/1 296/253/1
f 497/272/1 362/270/1 498/269/1
f 496/273/1 362/270/1 497/272/1
f 216/274/1 573/275/1 217/263/1
f 573/275/1 572/264/1 217/263/1
f 216/274/1 574/276/1 573/275/1
f 569/277/1 277/230/1 570/266/1
f 216/274/1 575/278/1 574/276/1
f 568/279/1 277/230/1 569/277/1
f 495/280/1 362/270/1 496/273/1
f 216/274/1 576/281/1 575/278/1
f 567/282/1 277/230/1 568/279/1
f 216/274/1 577/283/1 576/281/1
f 295/271/1 475/284/1 524/267/1
f 566/285/1 277/230/1 567/282/1
f 216/274/1 578/286/1 577/283/1
f 565/287/1 277/230/1 566/285/1
f 494/288/1 362/270/1 495/280/1
f 294/289/1 475/284/1 295/271/1
f 216/274/1 579/290/1 578/286/1
f 564/291/1 277/230/1 565/287/1
f 294/289/1 476/292/1 475/284/1
f 493/293/1 362/270/1 494/288/1
f 216/274/1 580/294/1 579/290/1
f 563/295/1 277/230/1 564/291/1
f 294/289/1 477/296/1 476/292/1
f 215/297/1 580/294/1 216/274/1
f 215/297/1 581/298/1 580/294/1
f 492/299/1 362/270/1 493/293/1
f 562/300/1 277/230/1 563/295/1
f 214/301/1 581/298/1 215/297/1
f 491/302/1 362/270/1 492/299/1
f 562/300/1 278/303/1 277/230/1
f 294/289/1 478/304/1 477/296/1
f 214/301/1 582/305/1 581/298/1
f 561/306/1 278/303/1 562/300/1
f 213/307/1 582/305/1 214/301/1
f 490/308/1 362/270/1 491/302/1
f 294/289/1 479/309/1 478/304/1
f 213/307/1 583/310/1 582/305/1
f 489/311/1 362/270/1 490/308/1
f 212/312/1 583/310/1 213/307/1
f 294/289/1 480/313/1 479/309/1
f 561/306/1 279/314/1 278/303/1
f 488/315/1 362/270/1 489/311/1
f 560/316/1 279/314/1 561/306/1
f 294/289/1 481/317/1 480/313/1
f 487/318/1 362/270/1 488/315/1
f 294/289/1 482/319/1 481/317/1
f 486/320/1 362/270/1 487/318/1
f 211/321/1 583/310/1 212/312/1
f 294/289/1 483/322/1 482/319/1
f 485/323/1 362/270/1 486/320/1
f 484/324/1 362/270/1 485/323/1
f 483/322/1 362/270/1 484/324/1
f 294/289/1 362/270/1 483/322/1
f 211/321/1 584/325/1 583/310/1
f 210/326/1 584/325/1 211/321/1
f 293/327/1 362/270/1 294/289/1
f 559/328/1 279/314/1 560/316/1
f 559/328/1 280/329/1 279/314/1
f 210/326/1 585/330/1 584/325/1
f 558/331/1 280/329/1 559/328/1
f 209/332/1 585/330/1 210/326/1
f 557/333/1 280/329/1 558/331/1
f 556/334/1 280/329/1 557/333/1
f 208/335/1 585/330/1 209/332/1
f 555/336/1 280/329/1 556/334/1
f 207/337/1 585/330/1 208/335/1
f 554/338/1 280/329/1 555/336/1
f 554/338/1 281/339/1 280/329/1
f 553/340/1 281/339/1 554/338/1
f 206/341/1 585/330/1 207/337/1
f 552/342/1 281/339/1 553/340/1
f 551/343/1 281/339/1 552/342/1
f 205/344/1 585/330/1 206/341/1
f 550/345/1 281/339/1 551/343/1
f 549/346/1 281/339/1 550/345/1
f 549/346/1 282/347/1 281/339/1
f 204/348/1 585/330/1 205/344/1
f 548/349/1 282/347/1 549/346/1
f 204/348/1 525/350/1 585/330/1
f 547/351/1 282/347/1 548/349/1
f 203/352/1 525/350/1 204/348/1
f 292/353/1 362/270/1 293/327/1
f 203/352/1 526/354/1 525/350/1
f 546/355/1 282/347/1 547/351/1
f 546/355/1 283/356/1 282/347/1
f 292/353/1 1/357/1 362/270/1
f 203/352/1 527/358/1 526/354/1
f 545/359/1 283/356/1 546/355/1
f 202/360/1 527/358/1 203/352/1
f 202/360/1 528/361/1 527/358/1
f 545/359/1 284/362/1 283/356/1
f 544/363/1 284/362/1 545/359/1
f 202/360/1 529/364/1 528/361/1
f 543/365/1 284/362/1 544/363/1
f 202/360/1 530/366/1 529/364/1
f 543/365/1 285/367/1 284/362/1
f 542/368/1 285/367/1 543/365/1
f 291/369/1 1/357/1 292/353/1
f 291/369/1 2/370/1 1/357/1
f 202/360/1 531/371/1 530/366/1
f 201/372/1 531/371/1 202/360/1
f 541/373/1 285/367/1 542/368/1
f 201/372/1 532/374/1 531/371/1
f 540/375/1 285/367/1 541/373/1
f 540/375/1 286/376/1 285/367/1
f 201/372/1 533/377/1 532/374/1
f 539/378/1 286/376/1 540/375/1
f 201/372/1 534/379/1 533/377/1
f 538/380/1 286/376/1 539/378/1
f 201/372/1 535/381/1 534/379/1
f 537/382/1 286/376/1 538/380/1
f 201/372/1 536/383/1 535/381/1
f 536/383/1 286/376/1 537/382/1
f 201/372/1 286/376/1 536/383/1
f 201/372/1 287/384/1 286/376/1
f 290/385/1 2/370/1 291/369/1
f 200/386/1 287/384/1 201/372/1
f 290/385/1 3/387/1 2/370/1
f 200/386/1 288/388/1 287/384/1
f 289/389/1 3/387/1 290/385/1
f 200/386/1 289/389/1 288/388/1
f 200/386/1 3/387/1 289/389/1
f 199/390/1 3/387/1 200/386/1
f 199/390/1 83/391/1 3/387/1
f 83/391/1 82/392/1 3/387/1
f 82/392/1 81/393/1 3/387/1
f 81/393/1 4/394/1 3/387/1
f 198/395/1 84/396/1 199/390/1
f 84/396/1 83/391/1 199/390/1
f 198/395/1 85/397/1 84/396/1
f 80/398/1 4/394/1 81/393/1
f 79/399/1 4/394/1 80/398/1
f 78/400/1 4/394/1 79/399/1
f 198/395/1 86/401/1 85/397/1
f 77/402/1 4/394/1 78/400/1
f 76/403/1 4/394/1 77/402/1
f 75/404/1 4/394/1 76/403/1
f 198/395/1 87/405/1 86/401/1
f 197/406/1 87/405/1 198/395/1
f 74/407/1 4/394/1 75/404/1
f 74/407/1 5/408/1 4/394/1
f 73/409/1 5/408/1 74/407/1
f 196/410/1 87/405/1 197/406/1
f 196/410/1 88/411/1 87/405/1
f 72/412/1 5/408/1 73/409/1
f 71/413/1 5/408/1 72/412/1
f 71/413/1 6/414/1 5/408/1
f 70/415/1 6/414/1 71/413/1
f 195/416/1 88/411/1 196/410/1
f 195/416/1 140/417/1 88/411/1
f 140/417/1 139/418/1 88/411/1
f 139/418/1 89/419/1 88/411/1
f 69/420/1 6/414/1 70/415/1
f 68/421/1 6/414/1 69/420/1
f 194/422/1 150/423/1 195/416/1
f 150/423/1 149/424/1 195/416/1
f 149/424/1 148/425/1 195/416/1
f 148/425/1 147/426/1 195/416/1
f 147/426/1 141/427/1 195/416/1
f 141/427/1 140/417/1 195/416/1
f 67/428/1 6/414/1 68/421/1
f 146/429/1 142/430/1 147/426/1
f 142/430/1 141/427/1 147/426/1
f 145/431/1 142/430/1 146/429/1
f 194/422/1 151/432/1 150/423/1
f 144/433/1 143/434/1 145/431/1
f 143/434/1 142/430/1 145/431/1
f 194/422/1 152/435/1 151/432/1
f 138/436/1 89/419/1 139/418/1
f 137/437/1 89/419/1 138/436/1
f 67/428/1 7/438/1 6/414/1
f 194/422/1 153/439/1 152/435/1
f 136/440/1 89/419/1 137/437/1
f 135/441/1 89/419/1 136/440/1
f 194/422/1 154/442/1 153/439/1
f 134/443/1 89/419/1 135/441/1
f 133/444/1 89/419/1 134/443/1
f 194/422/1 155/445/1 154/442/1
f 132/446/1 89/419/1 133/444/1
f 66/447/1 7/438/1 67/428/1
f 194/422/1 156/448/1 155/445/1
f 131/449/1 89/419/1 132/446/1
f 130/450/1 89/419/1 131/449/1
f 193/451/1 156/448/1 194/422/1
f 129/452/1 89/419/1 130/450/1
f 128/453/1 89/419/1 129/452/1
f 127/454/1 89/419/1 128/453/1
f 126/455/1 89/419/1 127/454/1
f 125/456/1 89/419/1 126/455/1
f 124/457/1 89/419/1 125/456/1
f 123/458/1 89/419/1 124/457/1
f 193/451/1 157/459/1 156/448/1
f 122/460/1 89/419/1 123/458/1
f 122/460/1 90/461/1 89/419/1
f 193/451/1 158/462/1 157/459/1
f 121/463/1 90/461/1 122/460/1
f 120/464/1 90/461/1 121/463/1
f 193/451/1 159/465/1 158/462/1
f 65/466/1 7/438/1 66/447/1
f 119/467/1 90/461/1 120/464/1
f 193/451/1 160/468/1 159/465/1
f 193/451/1 161/469/1 160/468/1
f 193/451/1 162/470/1 161/469/1
f 193/451/1 163/471/1 162/470/1
f 193/451/1 164/472/1 163/471/1
f 193/451/1 165/473/1 164/472/1
f 118/474/1 90/461/1 119/467/1
f 193/451/1 166/475/1 165/473/1
f 192/476/1 166/475/1 193/451/1
f 64/477/1 7/438/1 65/466/1
f 192/476/1 167/478/1 166/475/1
f 192/476/1 168/479/1 167/478/1
f 192/476/1 169/480/1 168/479/1
f 117/481/1 90/461/1 118/474/1
f 63/482/1 7/438/1 64/477/1
f 192/476/1 170/483/1 169/480/1
f 191/484/1 170/483/1 192/476/1
f 116/485/1 90/461/1 117/481/1
f 190/486/1 170/483/1 191/484/1
f 190/486/1 171/487/1 170/483/1
f 62/488/1 7/438/1 63/482/1
f 62/488/1 8/489/1 7/438/1
f 189/490/1 171/487/1 190/486/1
f 189/490/1 172/491/1 171/487/1
f 115/492/1 90/461/1 116/485/1
f 188/493/1 172/491/1 189/490/1
f 61/494/1 8/489/1 62/488/1
f 187/495/1 172/491/1 188/493/1
f 187/495/1 173/496/1 172/491/1
f 186/497/1 173/496/1 187/495/1
f 185/498/1 173/496/1 186/497/1
f 185/498/1 174/499/1 173/496/1
f 60/500/1 8/489/1 61/494/1
f 56/501/1 58/502/1 57/503/1
f 184/504/1 174/499/1 185/498/1
f 56/501/1 59/505/1 58/502/1
f 55/506/1 59/505/1 56/501/1
f 55/506/1 60/500/1 59/505/1
f 55/506/1 8/489/1 60/500/1
f 183/507/1 174/499/1 184/504/1
f 114/508/1 90/461/1 115/492/1
f 183/507/1 175/509/1 174/499/1
f 182/510/1 175/509/1 183/507/1
f 181/511/1 175/509/1 182/510/1
f 181/511/1 176/512/1 175/509/1
f 54/513/1 8/489/1 55/506/1
f 180/514/1 176/512/1 181/511/1
f 179/515/1 176/512/1 180/514/1
f 178/516/1 176/512/1 179/515/1
f 178/516/1 177/517/1 176/512/1
f 114/508/1 91/518/1 90/461/1
f 53/519/1 8/489/1 54/513/1
f 113/520/1 91/518/1 114/508/1
f 52/521/1 8/489/1 53/519/1
f 112/522/1 91/518/1 113/520/1
f 51/523/1 8/489/1 52/521/1
f 111/524/1 91/518/1 112/522/1
f 50/525/1 8/489/1 51/523/1
f 110/526/1 91/518/1 111/524/1
f 50/525/1 9/527/1 8/489/1
f 49/528/1 9/527/1 50/525/1
f 109/529/1 91/518/1 110/526/1
f 108/530/1 91/518/1 109/529/1
f 108/530/1 92/531/1 91/518/1
f 48/532/1 9/527/1 49/528/1
f 107/533/1 92/531/1 108/530/1
f 106/534/1 92/531/1 107/533/1
f 47/535/1 9/527/1 48/532/1
f 47/535/1 10/536/1 9/527/1
f 46/537/1 10/536/1 47/535/1
f 105/538/1 92/531/1 106/534/1
f 45/539/1 10/536/1 46/537/1
f 105/538/1 93/540/1 92/531/1
f 44/541/1 10/536/1 45/539/1
f 104/542/1 93/540/1 105/538/1
f 43/543/1 10/536/1 44/541/1
f 103/544/1 93/540/1 104/542/1
f 43/543/1 11/545/1 10/536/1
f 42/546/1 11/545/1 43/543/1
f 41/547/1 11/545/1 42/546/1
f 102/548/1 93/540/1 103/544/1
f 102/548/1 94/549/1 93/540/1
f 40/550/1 11/545/1 41/547/1
f 101/551/1 94/549/1 102/548/1
f 40/550/1 12/552/1 11/545/1
f 39/553/1 12/552/1 40/550/1
f 38/554/1 12/552/1 39/553/1
f 100/555/1 94/549/1 101/551/1
f 37/556/1 12/552/1 38/554/1
f 100/555/1 95/557/1 94/549/1
f 37/556/1 13/558/1 12/552/1
f 99/559/1 95/557/1 100/555/1
f 36/560/1 13/558/1 37/556/1
f 36/560/1 14/561/1 13/558/1
f 35/562/1 14/561/1 36/560/1
f 98/563/1 95/557/1 99/559/1
f 35/562/1 15/564/1 14/561/1
f 34/565/1 15/564/1 35/562/1
f 98/563/1 96/566/1 95/557/1
f 97/567/1 96/566/1 98/563/1
f 34/565/1 16/568/1 15/564/1
f 33/569/1 16/568/1 34/565/1
f 33/569/1 17/570/1 16/568/1
f 32/571/1 17/570/1 33/569/1
f 32/571/1 18/572/1 17/570/1
f 31/573/1 18/572/1 32/571/1
f 31/573/1 19/574/1 18/572/1
f 30/575/1 19/574/1 31/573/1
f 30/575/1 20/576/1 19/574/1
f 30/575/1 21/577/1 20/576/1
f 29/578/1 21/577/1 30/575/1
f 29/578/1 22/579/1 21/577/1
f 28/580/1 22/579/1 29/578/1
f 28/580/1 24/581/1 22/579/1
f 24/581/1 23/582/1 22/579/1
f 28/580/1 25/583/1 24/581/1
f 28/580/1 26/584/1 25/583/1
f 27/585/1 26/584/1 28/580/1
f 932/586/1 934/587/1 933/588/1
f 956/589/1 958/590/1 957/591/1
f 956/589/1 959/592/1 958/590/1
f 931/593/1 934/587/1 932/586/1
f 956/589/1 960/594/1 959/592/1
f 930/595/1 934/587/1 931/593/1
f 955/596/1 960/594/1 956/589/1
f 930/595/1 935/597/1 934/587/1
f 955/596/1 961/598/1 960/594/1
f 929/599/1 935/597/1 930/595/1
f 955/596/1 962/600/1 961/598/1
f 928/601/1 935/597/1 929/599/1
f 955/596/1 963/602/1 962/600/1
f 954/603/1 963/602/1 955/596/1
f 928/601/1 936/604/1 935/597/1
f 927/605/1 936/604/1 928/601/1
f 954/603/1 964/606/1 963/602/1
f 926/607/1 936/604/1 927/605/1
f 1221/608/1 1223/609/1 1222/610/1
f 1221/608/1 1224/611/1 1223/609/1
f 1220/612/1 1224/611/1 1221/608/1
f 1220/612/1 1225/613/1 1224/611/1
f 1219/614/1 1225/613/1 1220/612/1
f 1218/615/1 1225/613/1 1219/614/1
f 1218/615/1 1226/616/1 1225/613/1
f 1217/617/1 1226/616/1 1218/615/1
f 954/603/1 965/618/1 964/606/1
f 925/619/1 936/604/1 926/607/1
f 1216/620/1 1226/616/1 1217/617/1
f 1216/620/1 1227/621/1 1226/616/1
f 953/622/1 965/618/1 954/603/1
f 925/619/1 937/623/1 936/604/1
f 1215/624/1 1227/621/1 1216/620/1
f 1215/624/1 1228/625/1 1227/621/1
f 1214/626/1 1228/625/1 1215/624/1
f 1213/627/1 1228/625/1 1214/626/1
f 924/628/1 937/623/1 925/619/1
f 1212/629/1 1228/625/1 1213/627/1
f 1212/629/1 1229/630/1 1228/625/1
f 953/622/1 966/631/1 965/618/1
f 1211/632/1 1229/630/1 1212/629/1
f 1210/633/1 1229/630/1 1211/632/1
f 1209/634/1 1229/630/1 1210/633/1
f 1209/634/1 1230/635/1 1229/630/1
f 923/636/1 937/623/1 924/628/1
f 1208/637/1 1230/635/1 1209/634/1
f 1207/638/1 1230/635/1 1208/637/1
f 1206/639/1 1230/635/1 1207/638/1
f 1205/640/1 1230/635/1 1206/639/1
f 1204/641/1 1230/635/1 1205/640/1
f 953/622/1 967/642/1 966/631/1
f 1203/643/1 1230/635/1 1204/641/1
f 922/644/1 937/623/1 923/636/1
f 1203/643/1 1231/645/1 1230/635/1
f 1202/646/1 1231/645/1 1203/643/1
f 952/647/1 967/642/1 953/622/1
f 922/644/1 938/648/1 937/623/1
f 1201/649/1 1231/645/1 1202/646/1
f 1200/650/1 1231/645/1 1201/649/1
f 921/651/1 938/648/1 922/644/1
f 1199/652/1 1231/645/1 1200/650/1
f 952/647/1 968/653/1 967/642/1
f 1199/652/1 1232/654/1 1231/645/1
f 1198/655/1 1232/654/1 1199/652/1
f 920/656/1 938/648/1 921/651/1
f 1197/657/1 1232/654/1 1198/655/1
f 1196/658/1 1232/654/1 1197/657/1
f 1196/658/1 1233/659/1 1232/654/1
f 952/647/1 969/660/1 968/653/1
f 919/661/1 938/648/1 920/656/1
f 951/662/1 969/660/1 952/647/1
f 919/661/1 939/663/1 938/648/1
f 1195/664/1 1233/659/1 1196/658/1
f 1194/665/1 1233/659/1 1195/664/1
f 918/666/1 939/663/1 919/661/1
f 1194/665/1 1234/667/1 1233/659/1
f 951/662/1 970/668/1 969/660/1
f 1193/669/1 1234/667/1 1194/665/1
f 917/670/1 939/663/1 918/666/1
f 1192/671/1 1234/667/1 1193/669/1
f 951/662/1 971/672/1 970/668/1
f 950/673/1 971/672/1 951/662/1
f 917/670/1 940/674/1 939/663/1
f 1191/675/1 1234/667/1 1192/671/1
f 1191/675/1 1235/676/1 1234/667/1
f 916/677/1 940/674/1 917/670/1
f 950/673/1 972/678/1 971/672/1
f 1190/679/1 1235/676/1 1191/675/1
f 1190/679/1 1236/680/1 1235/676/1
f 950/673/1 973/681/1 972/678/1
f 915/682/1 940/674/1 916/677/1
f 1189/683/1 1236/680/1 1190/679/1
f 1189/683/1 1237/684/1 1236/680/1
f 950/673/1 974/685/1 973/681/1
f 914/686/1 940/674/1 915/682/1
f 1188/687/1 1237/684/1 1189/683/1
f 949/688/1 974/685/1 950/673/1
f 914/686/1 941/689/1 940/674/1
f 1188/687/1 1238/690/1 1237/684/1
f 949/688/1 975/691/1 974/685/1
f 1187/692/1 1238/690/1 1188/687/1
f 1187/692/1 1239/693/1 1238/690/1
f 913/694/1 941/689/1 914/686/1
f 949/688/1 976/695/1 975/691/1
f 1187/692/1 1240/696/1 1239/693/1
f 1186/697/1 1240/696/1 1187/692/1
f 912/698/1 941/689/1 913/694/1
f 1186/697/1 1241/699/1 1240/696/1
f 949/688/1 977/700/1 976/695/1
f 948/701/1 977/700/1 949/688/1
f 912/698/1 942/702/1 941/689/1
f 1185/703/1 1241/699/1 1186/697/1
f 1185/703/1 1242/704/1 1241/699/1
f 948/701/1 978/705/1 977/700/1
f 911/706/1 942/702/1 912/698/1
f 1185/703/1 1243/707/1 1242/704/1
f 1184/708/1 1243/707/1 1185/703/1
f 1184/708/1 1244/709/1 1243/707/1
f 948/701/1 979/710/1 978/705/1
f 910/711/1 942/702/1 911/706/1
f 1184/708/1 1245/712/1 1244/709/1
f 1183/713/1 1245/712/1 1184/708/1
f 947/714/1 979/710/1 948/701/1
f 910/711/1 943/715/1 942/702/1
f 1183/713/1 1246/716/1 1245/712/1
f 947/714/1 980/717/1 979/710/1
f 1183/713/1 1247/718/1 1246/716/1
f 909/719/1 943/715/1 910/711/1
f 1182/720/1 1247/718/1 1183/713/1
f 1182/720/1 1248/721/1 1247/718/1
f 947/714/1 981/722/1 980/717/1
f 1181/723/1 1248/721/1 1182/720/1
f 1181/723/1 1249/724/1 1248/721/1
f 1180/725/1 1249/724/1 1181/723/1
f 908/726/1 943/715/1 909/719/1
f 1180/725/1 1250/727/1 1249/724/1
f 946/728/1 981/722/1 947/714/1
f 908/726/1 944/729/1 943/715/1
f 946/728/1 982/730/1 981/722/1
f 1180/725/1 1251/181/1 1250/727/1
f 1179/731/1 1251/181/1 1180/725/1
f 907/732/1 944/729/1 908/726/1
f 1179/731/1 1252/733/1 1251/181/1
f 1178/734/1 1252/733/1 1179/731/1
f 1178/734/1 1253/735/1 1252/733/1
f 946/728/1 983/736/1 982/730/1
f 1177/737/1 1253/735/1 1178/734/1
f 1177/737/1 1254/738/1 1253/735/1
f 906/739/1 944/729/1 907/732/1
f 1177/737/1 1255/740/1 1254/738/1
f 1176/741/1 1255/740/1 1177/737/1
f 1176/741/1 1256/742/1 1255/740/1
f 1175/743/1 1256/742/1 1176/741/1
f 1175/743/1 1257/744/1 1256/742/1
f 1259/745/1 1257/744/1 1175/743/1
f 1259/745/1 1258/746/1 1257/744/1
f 905/747/1 944/729/1 906/739/1
f 945/748/1 983/736/1 946/728/1
f 905/747/1 945/748/1 944/729/1
f 904/749/1 945/748/1 905/747/1
f 945/748/1 984/750/1 983/736/1
f 903/751/1 945/748/1 904/749/1
f 902/752/1 945/748/1 903/751/1
f 901/753/1 945/748/1 902/752/1
f 900/754/1 945/748/1 901/753/1
f 900/754/1 984/750/1 945/748/1
f 899/755/1 984/750/1 900/754/1
f 899/755/1 985/214/1 984/750/1
f 898/756/1 985/214/1 899/755/1
f 898/756/1 986/757/1 985/214/1
f 898/756/1 987/758/1 986/757/1
f 897/759/1 987/758/1 898/756/1
f 897/759/1 988/760/1 987/758/1
f 897/759/1 989/761/1 988/760/1
f 896/762/1 989/761/1 897/759/1
f 896/762/1 990/763/1 989/761/1
f 896/762/1 991/764/1 990/763/1
f 896/762/1 992/765/1 991/764/1
f 896/762/1 993/766/1 992/765/1
f 1296/767/1 1298/768/1 1297/769/1
f 1295/770/1 1298/768/1 1296/767/1
f 1294/771/1 1298/768/1 1295/770/1
f 1293/772/1 1298/768/1 1294/771/1
f 1293/772/1 1299/773/1 1298/768/1
f 1292/774/1 1299/773/1 1293/772/1
f 1292/774/1 1300/775/1 1299/773/1
f 1291/776/1 1300/775/1 1292/774/1
f 896/762/1 994/777/1 993/766/1
f 1290/778/1 1300/775/1 1291/776/1
f 895/779/1 994/777/1 896/762/1
f 895/779/1 995/780/1 994/777/1
f 1290/778/1 1301/781/1 1300/775/1
f 1289/782/1 1301/781/1 1290/778/1
f 895/779/1 996/783/1 995/780/1
f 1288/784/1 1301/781/1 1289/782/1
f 1288/784/1 1302/785/1 1301/781/1
f 895/779/1 997/786/1 996/783/1
f 895/779/1 998/787/1 997/786/1
f 1287/788/1 1302/785/1 1288/784/1
f 895/779/1 999/789/1 998/787/1
f 1287/788/1 1303/790/1 1302/785/1
f 1286/791/1 1303/790/1 1287/788/1
f 895/779/1 1000/792/1 999/789/1
f 894/793/1 1000/792/1 895/779/1
f 894/793/1 1001/794/1 1000/792/1
f 1285/795/1 1303/790/1 1286/791/1
f 1285/795/1 1304/796/1 1303/790/1
f 894/793/1 1002/797/1 1001/794/1
f 894/793/1 1003/798/1 1002/797/1
f 1284/799/1 1304/796/1 1285/795/1
f 894/793/1 1004/800/1 1003/798/1
f 894/793/1 1005/801/1 1004/800/1
f 1284/799/1 1305/802/1 1304/796/1
f 893/803/1 1005/801/1 894/793/1
f 1283/804/1 1305/802/1 1284/799/1
f 893/803/1 1006/805/1 1005/801/1
f 1282/806/1 1305/802/1 1283/804/1
f 1282/806/1 1306/807/1 1305/802/1
f 1281/808/1 1306/807/1 1282/806/1
f 892/809/1 1006/805/1 893/803/1
f 1280/810/1 1306/807/1 1281/808/1
f 892/809/1 1007/811/1 1006/805/1
f 1279/812/1 1306/807/1 1280/810/1
f 1279/812/1 1307/813/1 1306/807/1
f 1278/814/1 1307/813/1 1279/812/1
f 891/815/1 1007/811/1 892/809/1
f 1277/816/1 1307/813/1 1278/814/1
f 891/815/1 1008/817/1 1007/811/1
f 1276/818/1 1307/813/1 1277/816/1
f 1276/818/1 1308/819/1 1307/813/1
f 1275/820/1 1308/819/1 1276/818/1
f 890/821/1 1008/817/1 891/815/1
f 1275/820/1 1309/822/1 1308/819/1
f 1274/823/1 1309/822/1 1275/820/1
f 1274/823/1 1310/824/1 1309/822/1
f 1273/825/1 1310/824/1 1274/823/1
f 890/821/1 1009/826/1 1008/817/1
f 1273/825/1 1311/827/1 1310/824/1
f 1273/825/1 1312/828/1 1311/827/1
f 1272/829/1 1312/828/1 1273/825/1
f 889/830/1 1009/826/1 890/821/1
f 1272/829/1 1313/831/1 1312/828/1
f 1271/832/1 1313/831/1 1272/829/1
f 1271/832/1 1314/833/1 1313/831/1
f 1270/834/1 1314/833/1 1271/832/1
f 1270/834/1 1315/835/1 1314/833/1
f 889/830/1 1010/836/1 1009/826/1
f 1270/834/1 1316/837/1 1315/835/1
f 888/838/1 1010/836/1 889/830/1
f 1270/834/1 1317/839/1 1316/837/1
f 1269/840/1 1317/839/1 1270/834/1
f 1269/840/1 1318/841/1 1317/839/1
f 1269/840/1 1319/842/1 1318/841/1
f 1268/843/1 1319/842/1 1269/840/1
f 1268/843/1 1320/844/1 1319/842/1
f 887/845/1 1010/836/1 888/838/1
f 1268/843/1 1321/846/1 1320/844/1
f 887/845/1 1356/847/1 1010/836/1
f 1356/847/1 1011/848/1 1010/836/1
f 1267/849/1 1321/846/1 1268/843/1
f 1267/849/1 1322/850/1 1321/846/1
f 1267/849/1 1323/851/1 1322/850/1
f 1266/852/1 1323/851/1 1267/849/1
f 1266/852/1 1324/853/1 1323/851/1
f 886/854/1 1381/855/1 887/845/1
f 1381/855/1 1380/856/1 887/845/1
f 1380/856/1 1356/847/1 887/845/1
f 1266/852/1 1325/857/1 1324/853/1
f 1266/852/1 1326/858/1 1325/857/1
f 1265/859/1 1326/858/1 1266/852/1
f 1265/859/1 1327/860/1 1326/858/1
f 1379/861/1 1356/847/1 1380/856/1
f 1379/861/1 1357/862/1 1356/847/1
f 1355/863/1 1011/848/1 1356/847/1
f 1378/864/1 1357/862/1 1379/861/1
f 1378/864/1 1358/865/1 1357/862/1
f 1377/866/1 1358/865/1 1378/864/1
f 1377/866/1 1359/867/1 1358/865/1
f 1376/868/1 1359/867/1 1377/866/1
f 1376/868/1 1360/869/1 1359/867/1
f 886/854/1 1382/870/1 1381/855/1
f 1354/871/1 1011/848/1 1355/863/1
f 1375/872/1 1360/869/1 1376/868/1
f 1375/872/1 1361/873/1 1360/869/1
f 1374/874/1 1361/873/1 1375/872/1
f 1374/874/1 1362/875/1 1361/873/1
f 1265/859/1 1328/876/1 1327/860/1
f 1373/877/1 1362/875/1 1374/874/1
f 1373/877/1 1363/878/1 1362/875/1
f 1372/879/1 1363/878/1 1373/877/1
f 1372/879/1 1364/880/1 1363/878/1
f 1371/881/1 1364/880/1 1372/879/1
f 1371/881/1 1365/882/1 1364/880/1
f 886/854/1 1383/883/1 1382/870/1
f 1370/884/1 1365/882/1 1371/881/1
f 1370/884/1 1366/885/1 1365/882/1
f 1353/886/1 1011/848/1 1354/871/1
f 1369/887/1 1366/885/1 1370/884/1
f 1369/887/1 1367/888/1 1366/885/1
f 1368/889/1 1367/888/1 1369/887/1
f 1265/859/1 1329/890/1 1328/876/1
f 1265/859/1 1330/891/1 1329/890/1
f 886/854/1 1384/127/1 1383/883/1
f 1265/859/1 1331/892/1 1330/891/1
f 1265/859/1 1332/893/1 1331/892/1
f 1352/894/1 1011/848/1 1353/886/1
f 1265/859/1 1333/895/1 1332/893/1
f 1264/896/1 1333/895/1 1265/859/1
f 1264/896/1 1334/897/1 1333/895/1
f 1264/896/1 1335/898/1 1334/897/1
f 886/854/1 1385/899/1 1384/127/1
f 1351/900/1 1011/848/1 1352/894/1
f 1264/896/1 1336/901/1 1335/898/1
f 1264/896/1 1337/902/1 1336/901/1
f 1263/903/1 1337/902/1 1264/896/1
f 886/854/1 1386/904/1 1385/899/1
f 885/905/1 1386/904/1 886/854/1
f 1351/900/1 1012/906/1 1011/848/1
f 1263/903/1 1338/907/1 1337/902/1
f 1350/908/1 1012/906/1 1351/900/1
f 1263/903/1 1339/909/1 1338/907/1
f 1262/910/1 1339/909/1 1263/903/1
f 1262/910/1 1340/911/1 1339/909/1
f 885/905/1 1387/912/1 1386/904/1
f 1261/913/1 1340/911/1 1262/910/1
f 1261/913/1 1341/914/1 1340/911/1
f 1349/915/1 1012/906/1 1350/908/1
f 1260/916/1 1341/914/1 1261/913/1
f 1260/916/1 1342/917/1 1341/914/1
f 1260/916/1 1343/918/1 1342/917/1
f 1344/919/1 1343/918/1 1260/916/1
f 885/905/1 1388/920/1 1387/912/1
f 1348/921/1 1012/906/1 1349/915/1
f 884/922/1 1388/920/1 885/905/1
f 884/922/1 1389/923/1 1388/920/1
f 1347/924/1 1012/906/1 1348/921/1
f 884/922/1 1390/925/1 1389/923/1
f 1346/926/1 1012/906/1 1347/924/1
f 1346/926/1 1013/927/1 1012/906/1
f 883/928/1 1390/925/1 884/922/1
f 883/928/1 1391/929/1 1390/925/1
f 1345/930/1 1013/927/1 1346/926/1
f 1465/931/1 1467/932/1 1466/933/1
f 1465/931/1 1468/934/1 1467/932/1
f 1464/935/1 1468/934/1 1465/931/1
f 1463/936/1 1468/934/1 1464/935/1
f 1462/937/1 1468/934/1 1463/936/1
f 1462/937/1 1469/938/1 1468/934/1
f 1461/939/1 1469/938/1 1462/937/1
f 1460/940/1 1469/938/1 1461/939/1
f 1460/940/1 1470/941/1 1469/938/1
f 1459/942/1 1470/941/1 1460/940/1
f 1458/943/1 1470/941/1 1459/942/1
f 1458/943/1 1471/944/1 1470/941/1
f 1457/945/1 1471/944/1 1458/943/1
f 883/928/1 1392/946/1 1391/929/1
f 1430/947/1 1013/927/1 1345/930/1
f 1457/945/1 1472/948/1 1471/944/1
f 1456/949/1 1472/948/1 1457/945/1
f 882/950/1 1392/946/1 883/928/1
f 1455/951/1 1472/948/1 1456/949/1
f 1455/951/1 1473/952/1 1472/948/1
f 1454/953/1 1473/952/1 1455/951/1
f 1430/947/1 1014/954/1 1013/927/1
f 1453/955/1 1473/952/1 1454/953/1
f 882/950/1 1393/956/1 1392/946/1
f 1453/955/1 1474/957/1 1473/952/1
f 1429/958/1 1014/954/1 1430/947/1
f 1452/959/1 1474/957/1 1453/955/1
f 1451/960/1 1474/957/1 1452/959/1
f 1451/960/1 1475/961/1 1474/957/1
f 881/962/1 1393/956/1 882/950/1
f 1450/963/1 1475/961/1 1451/960/1
f 1449/964/1 1475/961/1 1450/963/1
f 1449/964/1 1476/965/1 1475/961/1
f 1448/966/1 1476/965/1 1449/964/1
f 881/962/1 1394/967/1 1393/956/1
f 1429/958/1 1015/968/1 1014/954/1
f 1428/969/1 1015/968/1 1429/958/1
f 1447/970/1 1476/965/1 1448/966/1
f 1447/970/1 1477/971/1 1476/965/1
f 880/972/1 1394/967/1 881/962/1
f 1446/973/1 1477/971/1 1447/970/1
f 1445/974/1 1477/971/1 1446/973/1
f 880/972/1 1395/975/1 1394/967/1
f 1427/976/1 1015/968/1 1428/969/1
f 1444/977/1 1477/971/1 1445/974/1
f 1444/977/1 1478/978/1 1477/971/1
f 1443/979/1 1478/978/1 1444/977/1
f 880/972/1 1396/980/1 1395/975/1
f 1427/976/1 1016/981/1 1015/968/1
f 879/982/1 1396/980/1 880/972/1
f 1426/983/1 1016/981/1 1427/976/1
f 1442/984/1 1478/978/1 1443/979/1
f 1442/984/1 1479/985/1 1478/978/1
f 1441/986/1 1479/985/1 1442/984/1
f 879/982/1 1397/987/1 1396/980/1
f 1425/988/1 1016/981/1 1426/983/1
f 879/982/1 1398/989/1 1397/987/1
f 878/990/1 1398/989/1 879/982/1
f 1424/991/1 1016/981/1 1425/988/1
f 1440/992/1 1479/985/1 1441/986/1
f 1424/991/1 1017/993/1 1016/981/1
f 1440/992/1 1480/994/1 1479/985/1
f 878/990/1 1399/995/1 1398/989/1
f 1423/996/1 1017/993/1 1424/991/1
f 878/990/1 1400/997/1 1399/995/1
f 1422/998/1 1017/993/1 1423/996/1
f 1439/999/1 1480/994/1 1440/992/1
f 878/990/1 1401/1000/1 1400/997/1
f 1439/999/1 1481/1001/1 1480/994/1
f 1421/1002/1 1017/993/1 1422/998/1
f 878/990/1 1402/1003/1 1401/1000/1
f 877/1004/1 1402/1003/1 878/990/1
f 877/1004/1 1403/1005/1 1402/1003/1
f 1420/1006/1 1017/993/1 1421/1002/1
f 877/1004/1 1404/1007/1 1403/1005/1
f 877/1004/1 1405/1008/1 1404/1007/1
f 877/1004/1 1406/1009/1 1405/1008/1
f 877/1004/1 1407/1010/1 1406/1009/1
f 877/1004/1 1408/1011/1 1407/1010/1
f 1419/1012/1 1017/993/1 1420/1006/1
f 877/1004/1 1409/1013/1 1408/1011/1
f 877/1004/1 1410/1014/1 1409/1013/1
f 877/1004/1 1411/1015/1 1410/1014/1
f 1419/1012/1 1018/1016/1 1017/993/1
f 877/1004/1 1412/1017/1 1411/1015/1
f 877/1004/1 1413/1018/1 1412/1017/1
f 1418/1019/1 1018/1016/1 1419/1012/1
f 877/1004/1 1414/1020/1 1413/1018/1
f 1438/1021/1 1481/1001/1 1439/999/1
f 877/1004/1 1415/1022/1 1414/1020/1
f 1417/1023/1 1018/1016/1 1418/1019/1
f 877/1004/1 1416/1024/1 1415/1022/1
f 877/1004/1 1417/1023/1 1416/1024/1
f 877/1004/1 1018/1016/1 1417/1023/1
f 1438/1021/1 1482/1025/1 1481/1001/1
f 877/1004/1 1019/1026/1 1018/1016/1
f 1437/1027/1 1482/1025/1 1438/1021/1
f 876/1028/1 1019/1026/1 877/1004/1
f 1437/1027/1 1483/1029/1 1482/1025/1
f 1436/1030/1 1483/1029/1 1437/1027/1
f 876/1028/1 1020/1031/1 1019/1026/1
f 1436/1030/1 1484/1032/1 1483/1029/1
f 1435/1033/1 1484/1032/1 1436/1030/1
f 1435/1033/1 1485/1034/1 1484/1032/1
f 875/1035/1 1020/1031/1 876/1028/1
f 1434/1036/1 1485/1034/1 1435/1033/1
f 1434/1036/1 1486/1037/1 1485/1034/1
f 875/1035/1 1021/1038/1 1020/1031/1
f 1433/1039/1 1486/1037/1 1434/1036/1
f 1433/1039/1 1487/1040/1 1486/1037/1
f 1432/1041/1 1487/1040/1 1433/1039/1
f 1432/1041/1 1488/1042/1 1487/1040/1
f 1432/1041/1 1489/1043/1 1488/1042/1
f 1431/1044/1 1489/1043/1 1432/1041/1
f 1431/1044/1 1490/1045/1 1489/1043/1
f 1492/1046/1 1490/1045/1 1431/1044/1
f 1492/1046/1 1491/1047/1 1490/1045/1
f 875/1035/1 1022/1048/1 1021/1038/1
f 874/1049/1 1022/1048/1 875/1035/1
f 874/1049/1 1023/1050/1 1022/1048/1
f 873/1051/1 1023/1050/1 874/1049/1
f 1539/1052/1 1541/1053/1 1540/1054/1
f 1539/1052/1 1542/1055/1 1541/1053/1
f 1539/1052/1 1543/1056/1 1542/1055/1
f 1539/1052/1 1544/1057/1 1543/1056/1
f 1539/1052/1 1545/1058/1 1544/1057/1
f 1538/1059/1 1545/1058/1 1539/1052/1
f 1538/1059/1 1546/1060/1 1545/1058/1
f 1538/1059/1 1547/1061/1 1546/1060/1
f 1538/1059/1 1548/1062/1 1547/1061/1
f 1538/1059/1 1549/1063/1 1548/1062/1
f 1538/1059/1 1550/1064/1 1549/1063/1
f 1538/1059/1 1551/1065/1 1550/1064/1
f 1538/1059/1 1552/1066/1 1551/1065/1
f 1538/1059/1 1553/1067/1 1552/1066/1
f 1538/1059/1 1554/1068/1 1553/1067/1
f 1538/1059/1 1555/1069/1 1554/1068/1
f 1537/1070/1 1555/1069/1 1538/1059/1
f 1537/1070/1 1556/1071/1 1555/1069/1
f 1537/1070/1 1557/1072/1 1556/1071/1
f 1537/1070/1 1558/1073/1 1557/1072/1
f 873/1051/1 1024/1074/1 1023/1050/1
f 1537/1070/1 1559/1075/1 1558/1073/1
f 1536/1076/1 1559/1075/1 1537/1070/1
f 1536/1076/1 1560/1077/1 1559/1075/1
f 1536/1076/1 1561/1078/1 1560/1077/1
f 1536/1076/1 1562/1079/1 1561/1078/1
f 1536/1076/1 1563/1080/1 1562/1079/1
f 1535/1081/1 1563/1080/1 1536/1076/1
f 1535/1081/1 1564/1082/1 1563/1080/1
f 1535/1081/1 1565/1083/1 1564/1082/1
f 1535/1081/1 1566/1084/1 1565/1083/1
f 872/1085/1 1024/1074/1 873/1051/1
f 1534/1086/1 1566/1084/1 1535/1081/1
f 1534/1086/1 1567/1087/1 1566/1084/1
f 1534/1086/1 1568/1088/1 1567/1087/1
f 1534/1086/1 1569/1089/1 1568/1088/1
f 871/1090/1 1024/1074/1 872/1085/1
f 871/1090/1 1025/1091/1 1024/1074/1
f 1534/1086/1 1570/1092/1 1569/1089/1
f 1533/1093/1 1570/1092/1 1534/1086/1
f 1533/1093/1 1571/1094/1 1570/1092/1
f 870/1095/1 1025/1091/1 871/1090/1
f 1533/1093/1 1572/1096/1 1571/1094/1
f 1533/1093/1 1573/1097/1 1572/1096/1
f 869/1098/1 1025/1091/1 870/1095/1
f 1532/1099/1 1573/1097/1 1533/1093/1
f 1532/1099/1 1574/1100/1 1573/1097/1
f 869/1098/1 1026/1101/1 1025/1091/1
f 868/1102/1 1026/1101/1 869/1098/1
f 1532/1099/1 1575/1103/1 1574/1100/1
f 1531/1104/1 1575/1103/1 1532/1099/1
f 867/1105/1 1026/1101/1 868/1102/1
f 1531/1104/1 1576/1106/1 1575/1103/1
f 866/1107/1 1026/1101/1 867/1105/1
f 1531/1104/1 1577/1108/1 1576/1106/1
f 866/1107/1 1027/1109/1 1026/1101/1
f 1531/1104/1 1578/1110/1 1577/1108/1
f 865/1111/1 1027/1109/1 866/1107/1
f 1530/1112/1 1578/1110/1 1531/1104/1
f 1530/1112/1 1579/1113/1 1578/1110/1
f 864/1114/1 1027/1109/1 865/1111/1
f 1530/1112/1 1580/1115/1 1579/1113/1
f 864/1114/1 1028/1116/1 1027/1109/1
f 863/1117/1 1028/1116/1 864/1114/1
f 1530/1112/1 1581/1118/1 1580/1115/1
f 1529/1119/1 1581/1118/1 1530/1112/1
f 862/1120/1 1028/1116/1 863/1117/1
f 1529/1119/1 1582/1121/1 1581/1118/1
f 862/1120/1 1029/1122/1 1028/1116/1
f 861/1123/1 1029/1122/1 862/1120/1
f 1529/1119/1 1583/1124/1 1582/1121/1
f 1529/1119/1 1584/1125/1 1583/1124/1
f 860/1126/1 1029/1122/1 861/1123/1
f 860/1126/1 1030/1127/1 1029/1122/1
f 1529/1119/1 1585/1128/1 1584/1125/1
f 1528/1129/1 1585/1128/1 1529/1119/1
f 1528/1129/1 1586/1130/1 1585/1128/1
f 860/1126/1 1031/1131/1 1030/1127/1
f 1528/1129/1 1587/1132/1 1586/1130/1
f 859/1133/1 1031/1131/1 860/1126/1
f 1528/1129/1 1588/1134/1 1587/1132/1
f 859/1133/1 1032/1135/1 1031/1131/1
f 1528/1129/1 1589/1136/1 1588/1134/1
f 1527/1137/1 1589/1136/1 1528/1129/1
f 859/1133/1 1033/1138/1 1032/1135/1
f 858/1139/1 1033/1138/1 859/1133/1
f 1527/1137/1 1590/1140/1 1589/1136/1
f 858/1139/1 1034/1141/1 1033/1138/1
f 858/1139/1 1035/1142/1 1034/1141/1
f 1527/1137/1 1591/1143/1 1590/1140/1
f 858/1139/1 1036/1144/1 1035/1142/1
f 858/1139/1 1037/1145/1 1036/1144/1
f 858/1139/1 1038/1146/1 1037/1145/1
f 857/1147/1 1038/1146/1 858/1139/1
f 857/1147/1 1039/1148/1 1038/1146/1
f 1527/1137/1 1592/1149/1 1591/1143/1
f 856/1150/1 1039/1148/1 857/1147/1
f 1526/1151/1 1592/1149/1 1527/1137/1
f 855/1152/1 1039/1148/1 856/1150/1
f 854/1153/1 1039/1148/1 855/1152/1
f 854/1153/1 1040/1154/1 1039/1148/1
f 1526/1151/1 1593/1155/1 1592/1149/1
f 853/1156/1 1040/1154/1 854/1153/1
f 852/426/1 1040/1154/1 853/1156/1
f 851/1157/1 1174/1158/1 852/426/1
f 1174/1158/1 1040/1154/1 852/426/1
f 1526/1151/1 1594/1159/1 1593/1155/1
f 851/1157/1 586/357/1 1174/1158/1
f 1173/1160/1 1040/1154/1 1174/1158/1
f 851/1157/1 587/1161/1 586/357/1
f 1173/1160/1 1041/1162/1 1040/1154/1
f 851/1157/1 588/1163/1 587/1161/1
f 1526/1151/1 1595/1164/1 1594/1159/1
f 1525/1165/1 1595/1164/1 1526/1151/1
f 850/1166/1 588/1163/1 851/1157/1
f 850/1166/1 589/1167/1 588/1163/1
f 850/1166/1 590/1168/1 589/1167/1
f 1525/1165/1 1596/1169/1 1595/1164/1
f 850/1166/1 591/1170/1 590/1168/1
f 1525/1165/1 1597/1171/1 1596/1169/1
f 1173/1160/1 1042/1172/1 1041/1162/1
f 849/1173/1 591/1170/1 850/1166/1
f 849/1173/1 592/1174/1 591/1170/1
f 1524/1175/1 1597/1171/1 1525/1165/1
f 1524/1175/1 1598/1176/1 1597/1171/1
f 849/1173/1 593/1177/1 592/1174/1
f 1524/1175/1 1599/1178/1 1598/1176/1
f 849/1173/1 594/1179/1 593/1177/1
f 1523/1180/1 1599/1178/1 1524/1175/1
f 1173/1160/1 1043/1181/1 1042/1172/1
f 1523/1180/1 1600/1182/1 1599/1178/1
f 849/1173/1 595/1183/1 594/1179/1
f 1523/1180/1 1493/1184/1 1600/1182/1
f 848/1185/1 595/1183/1 849/1173/1
f 1172/1186/1 1043/1181/1 1173/1160/1
f 848/1185/1 596/1187/1 595/1183/1
f 1523/1180/1 1494/1188/1 1493/1184/1
f 1522/1189/1 1494/1188/1 1523/1180/1
f 1522/1189/1 1495/1190/1 1494/1188/1
f 848/1185/1 597/1191/1 596/1187/1
f 1522/1189/1 1496/1192/1 1495/1190/1
f 1172/1186/1 1044/1193/1 1043/1181/1
f 1521/1194/1 1496/1192/1 1522/1189/1
f 1521/1194/1 1497/1195/1 1496/1192/1
f 848/1185/1 598/1196/1 597/1191/1
f 1521/1194/1 1498/1197/1 1497/1195/1
f 1521/1194/1 1499/1198/1 1498/1197/1
f 848/1185/1 599/1199/1 598/1196/1
f 1521/1194/1 1500/1200/1 1499/1198/1
f 1520/1201/1 1500/1200/1 1521/1194/1
f 1520/1201/1 1501/1202/1 1500/1200/1
f 1520/1201/1 1502/1203/1 1501/1202/1
f 1520/1201/1 1503/1204/1 1502/1203/1
f 848/1185/1 600/1205/1 599/1199/1
f 1520/1201/1 1504/1206/1 1503/1204/1
f 1520/1201/1 1505/1207/1 1504/1206/1
f 1520/1201/1 1506/1208/1 1505/1207/1
f 1520/1201/1 1507/1209/1 1506/1208/1
f 1520/1201/1 1508/1210/1 1507/1209/1
f 1519/1211/1 1508/1210/1 1520/1201/1
f 1519/1211/1 1509/1212/1 1508/1210/1
f 1519/1211/1 1510/1213/1 1509/1212/1
f 1519/1211/1 1511/1214/1 1510/1213/1
f 1519/1211/1 1512/1215/1 1511/1214/1
f 1518/1216/1 1512/1215/1 1519/1211/1
f 848/1185/1 601/1217/1 600/1205/1
f 1518/1216/1 1513/1218/1 1512/1215/1
f 1518/1216/1 1514/1219/1 1513/1218/1
f 1517/235/1 1514/1219/1 1518/1216/1
f 1517/235/1 1515/1220/1 1514/1219/1
f 1517/235/1 1516/1221/1 1515/1220/1
f 848/1185/1 602/1222/1 601/1217/1
f 847/1223/1 602/1222/1 848/1185/1
f 1172/1186/1 1045/1224/1 1044/1193/1
f 847/1223/1 603/1225/1 602/1222/1
f 847/1223/1 604/1226/1 603/1225/1
f 847/1223/1 605/1227/1 604/1226/1
f 847/1223/1 606/1228/1 605/1227/1
f 847/1223/1 607/1229/1 606/1228/1
f 1172/1186/1 1046/1230/1 1045/1224/1
f 847/1223/1 608/1231/1 607/1229/1
f 1171/1232/1 1046/1230/1 1172/1186/1
f 847/1223/1 609/1233/1 608/1231/1
f 847/1223/1 610/1234/1 609/1233/1
f 846/1235/1 610/1234/1 847/1223/1
f 1171/1232/1 1047/1236/1 1046/1230/1
f 846/1235/1 611/1237/1 610/1234/1
f 800/1238/1 802/1239/1 801/1240/1
f 799/1241/1 802/1239/1 800/1238/1
f 799/1241/1 803/1242/1 802/1239/1
f 798/1243/1 803/1242/1 799/1241/1
f 797/1244/1 803/1242/1 798/1243/1
f 797/1244/1 804/1245/1 803/1242/1
f 796/1246/1 804/1245/1 797/1244/1
f 795/1247/1 804/1245/1 796/1246/1
f 795/1247/1 805/1248/1 804/1245/1
f 794/1249/1 805/1248/1 795/1247/1
f 776/1250/1 778/1251/1 777/1252/1
f 776/1250/1 779/1253/1 778/1251/1
f 776/1250/1 780/1254/1 779/1253/1
f 776/1250/1 781/1255/1 780/1254/1
f 793/1256/1 805/1248/1 794/1249/1
f 776/1250/1 782/1257/1 781/1255/1
f 775/1258/1 782/1257/1 776/1250/1
f 775/1258/1 783/1259/1 782/1257/1
f 792/1260/1 805/1248/1 793/1256/1
f 775/1258/1 784/1261/1 783/1259/1
f 775/1258/1 785/1262/1 784/1261/1
f 792/1260/1 806/1263/1 805/1248/1
f 791/1264/1 806/1263/1 792/1260/1
f 775/1258/1 786/1265/1 785/1262/1
f 775/1258/1 787/1266/1 786/1265/1
f 790/1267/1 806/1263/1 791/1264/1
f 775/1258/1 788/1268/1 787/1266/1
f 789/1269/1 806/1263/1 790/1267/1
f 775/1258/1 789/1269/1 788/1268/1
f 775/1258/1 806/1263/1 789/1269/1
f 774/1270/1 806/1263/1 775/1258/1
f 774/1270/1 807/1271/1 806/1263/1
f 1171/1232/1 1048/1272/1 1047/1236/1
f 773/1273/1 807/1271/1 774/1270/1
f 773/1273/1 808/1274/1 807/1271/1
f 846/1235/1 612/1275/1 611/1237/1
f 773/1273/1 809/1276/1 808/1274/1
f 772/1277/1 809/1276/1 773/1273/1
f 1170/1278/1 1048/1272/1 1171/1232/1
f 845/1279/1 612/1275/1 846/1235/1
f 772/1277/1 810/1280/1 809/1276/1
f 771/1281/1 810/1280/1 772/1277/1
f 1170/1278/1 1049/1282/1 1048/1272/1
f 771/1281/1 811/1283/1 810/1280/1
f 845/1279/1 613/1284/1 612/1275/1
f 770/1285/1 811/1283/1 771/1281/1
f 770/1285/1 812/1286/1 811/1283/1
f 1109/1287/1 1111/1288/1 1110/1289/1
f 1108/1290/1 1111/1288/1 1109/1287/1
f 1108/1290/1 1112/1291/1 1111/1288/1
f 1108/1290/1 1113/1292/1 1112/1291/1
f 1108/1290/1 1114/1293/1 1113/1292/1
f 1107/1294/1 1114/1293/1 1108/1290/1
f 1107/1294/1 1115/1295/1 1114/1293/1
f 1106/1296/1 1115/1295/1 1107/1294/1
f 1106/1296/1 1116/1297/1 1115/1295/1
f 1105/1298/1 1116/1297/1 1106/1296/1
f 1170/1278/1 1050/1299/1 1049/1282/1
f 1105/1298/1 1117/1300/1 1116/1297/1
f 1104/1301/1 1117/1300/1 1105/1298/1
f 770/1285/1 813/1302/1 812/1286/1
f 1104/1301/1 1118/327/1 1117/1300/1
f 1103/1303/1 1118/327/1 1104/1301/1
f 845/1279/1 614/1304/1 613/1284/1
f 769/1305/1 813/1302/1 770/1285/1
f 1102/1306/1 1118/327/1 1103/1303/1
f 1102/1306/1 1119/1307/1 1118/327/1
f 1101/1308/1 1119/1307/1 1102/1306/1
f 1101/1308/1 1120/1309/1 1119/1307/1
f 844/1310/1 614/1304/1 845/1279/1
f 769/1305/1 814/1311/1 813/1302/1
f 1169/1312/1 1050/1299/1 1170/1278/1
f 1100/1313/1 1120/1309/1 1101/1308/1
f 1169/1312/1 1051/1314/1 1050/1299/1
f 1100/1313/1 1121/1315/1 1120/1309/1
f 844/1310/1 615/1316/1 614/1304/1
f 768/1317/1 814/1311/1 769/1305/1
f 1099/1318/1 1121/1315/1 1100/1313/1
f 1099/1318/1 1122/1319/1 1121/1315/1
f 768/1317/1 815/1320/1 814/1311/1
f 1098/1321/1 1122/1319/1 1099/1318/1
f 1098/1321/1 1123/1322/1 1122/1319/1
f 1169/1312/1 1052/1323/1 1051/1314/1
f 844/1310/1 616/1324/1 615/1316/1
f 1097/1325/1 1123/1322/1 1098/1321/1
f 1097/1325/1 1124/1326/1 1123/1322/1
f 768/1317/1 816/1327/1 815/1320/1
f 767/1328/1 816/1327/1 768/1317/1
f 1096/1329/1 1124/1326/1 1097/1325/1
f 1169/1312/1 1053/1330/1 1052/1323/1
f 843/1331/1 616/1324/1 844/1310/1
f 1096/1329/1 1125/1332/1 1124/1326/1
f 843/1331/1 617/1333/1 616/1324/1
f 1168/1334/1 1053/1330/1 1169/1312/1
f 1095/1335/1 1125/1332/1 1096/1329/1
f 767/1328/1 817/1336/1 816/1327/1
f 1095/1335/1 1126/1337/1 1125/1332/1
f 1168/1334/1 1054/1338/1 1053/1330/1
f 1094/1339/1 1126/1337/1 1095/1335/1
f 766/1340/1 817/1336/1 767/1328/1
f 843/1331/1 618/1341/1 617/1333/1
f 766/1340/1 818/1342/1 817/1336/1
f 1093/1343/1 1126/1337/1 1094/1339/1
f 1093/1343/1 1127/1344/1 1126/1337/1
f 1168/1334/1 1055/1345/1 1054/1338/1
f 843/1331/1 619/1346/1 618/1341/1
f 1092/1347/1 1127/1344/1 1093/1343/1
f 842/1348/1 619/1346/1 843/1331/1
f 1092/1347/1 1128/1349/1 1127/1344/1
f 766/1340/1 819/1350/1 818/1342/1
f 765/1351/1 819/1350/1 766/1340/1
f 1167/1352/1 1055/1345/1 1168/1334/1
f 1167/1352/1 1056/1353/1 1055/1345/1
f 1091/1354/1 1128/1349/1 1092/1347/1
f 842/1348/1 620/1355/1 619/1346/1
f 1091/1354/1 1129/1356/1 1128/1349/1
f 1090/1357/1 1129/1356/1 1091/1354/1
f 765/1351/1 820/1358/1 819/1350/1
f 1167/1352/1 1057/1359/1 1056/1353/1
f 842/1348/1 621/1360/1 620/1355/1
f 1089/1361/1 1129/1356/1 1090/1357/1
f 1089/1361/1 1130/1362/1 1129/1356/1
f 841/1363/1 621/1360/1 842/1348/1
f 764/1364/1 820/1358/1 765/1351/1
f 764/1364/1 821/1365/1 820/1358/1
f 1167/1352/1 1058/1366/1 1057/1359/1
f 1088/1367/1 1130/1362/1 1089/1361/1
f 841/1363/1 622/1368/1 621/1360/1
f 1088/1367/1 1131/1369/1 1130/1362/1
f 1166/1370/1 1058/1366/1 1167/1352/1
f 1087/1371/1 1131/1369/1 1088/1367/1
f 764/1364/1 822/1372/1 821/1365/1
f 841/1363/1 623/1373/1 622/1368/1
f 1166/1370/1 1059/1374/1 1058/1366/1
f 1087/1371/1 1132/1375/1 1131/1369/1
f 1086/1376/1 1132/1375/1 1087/1371/1
f 763/1377/1 822/1372/1 764/1364/1
f 840/1378/1 623/1373/1 841/1363/1
f 840/1378/1 624/1379/1 623/1373/1
f 1086/1376/1 1133/1380/1 1132/1375/1
f 1166/1370/1 1060/1381/1 1059/1374/1
f 763/1377/1 823/1382/1 822/1372/1
f 1085/1383/1 1133/1380/1 1086/1376/1
f 840/1378/1 625/1384/1 624/1379/1
f 1165/1385/1 1060/1381/1 1166/1370/1
f 1085/1383/1 1134/1386/1 1133/1380/1
f 1084/1387/1 1134/1386/1 1085/1383/1
f 1165/1385/1 1061/1388/1 1060/1381/1
f 763/1377/1 1649/1389/1 823/1382/1
f 1649/1389/1 824/1390/1 823/1382/1
f 762/1391/1 1650/330/1 763/1377/1
f 1650/330/1 1649/1389/1 763/1377/1
f 839/1392/1 625/1384/1 840/1378/1
f 839/1392/1 626/1393/1 625/1384/1
f 762/1391/1 1601/1394/1 1650/330/1
f 1648/1395/1 824/1390/1 1649/1389/1
f 762/1391/1 1602/1396/1 1601/1394/1
f 1647/1397/1 824/1390/1 1648/1395/1
f 1084/1387/1 1135/1398/1 1134/1386/1
f 762/1391/1 1603/1399/1 1602/1396/1
f 1646/1400/1 824/1390/1 1647/1397/1
f 1083/1401/1 1135/1398/1 1084/1387/1
f 762/1391/1 1604/1402/1 1603/1399/1
f 1645/1403/1 824/1390/1 1646/1400/1
f 1165/1385/1 1062/1404/1 1061/1388/1
f 1645/1403/1 825/1405/1 824/1390/1
f 762/1391/1 1605/1406/1 1604/1402/1
f 1644/1407/1 825/1405/1 1645/1403/1
f 839/1392/1 627/1408/1 626/1393/1
f 762/1391/1 1606/1409/1 1605/1406/1
f 1083/1401/1 1136/1410/1 1135/1398/1
f 1643/1411/1 825/1405/1 1644/1407/1
f 838/1412/1 627/1408/1 839/1392/1
f 1082/1413/1 1136/1410/1 1083/1401/1
f 762/1391/1 1607/1414/1 1606/1409/1
f 1165/1385/1 1063/1415/1 1062/1404/1
f 1642/1416/1 825/1405/1 1643/1411/1
f 1642/1416/1 826/1417/1 825/1405/1
f 838/1412/1 628/1418/1 627/1408/1
f 1642/1416/1 827/1419/1 826/1417/1
f 1642/1416/1 828/1420/1 827/1419/1
f 1164/1421/1 1063/1415/1 1165/1385/1
f 762/1391/1 1608/1422/1 1607/1414/1
f 1642/1416/1 829/1423/1 828/1420/1
f 1642/1416/1 830/1424/1 829/1423/1
f 1082/1413/1 1137/1425/1 1136/1410/1
f 761/1426/1 1608/1422/1 762/1391/1
f 1642/1416/1 831/1427/1 830/1424/1
f 837/1428/1 628/1418/1 838/1412/1
f 1641/1429/1 831/1427/1 1642/1416/1
f 1641/1429/1 832/1430/1 831/1427/1
f 761/1426/1 1609/1431/1 1608/1422/1
f 1641/1429/1 833/1432/1 832/1430/1
f 1641/1429/1 834/1433/1 833/1432/1
f 1081/1434/1 1137/1425/1 1082/1413/1
f 1641/1429/1 835/1435/1 834/1433/1
f 1641/1429/1 836/1436/1 835/1435/1
f 1641/1429/1 837/1428/1 836/1436/1
f 1641/1429/1 628/1418/1 837/1428/1
f 1641/1429/1 629/1437/1 628/1418/1
f 1164/1421/1 1064/1438/1 1063/1415/1
f 761/1426/1 1610/1439/1 1609/1431/1
f 1640/1440/1 629/1437/1 1641/1429/1
f 1081/1434/1 1138/1441/1 1137/1425/1
f 761/1426/1 1611/1442/1 1610/1439/1
f 761/1426/1 1612/1443/1 1611/1442/1
f 1080/1444/1 1138/1441/1 1081/1434/1
f 1639/1445/1 629/1437/1 1640/1440/1
f 1639/1445/1 630/1446/1 629/1437/1
f 761/1426/1 1613/1447/1 1612/1443/1
f 1164/1421/1 1065/1448/1 1064/1438/1
f 1638/1449/1 630/1446/1 1639/1445/1
f 1079/1450/1 1138/1441/1 1080/1444/1
f 761/1426/1 1614/1451/1 1613/1447/1
f 1638/1449/1 631/1452/1 630/1446/1
f 1637/1453/1 631/1452/1 1638/1449/1
f 1163/1454/1 1065/1448/1 1164/1421/1
f 1078/1455/1 1138/1441/1 1079/1450/1
f 760/1456/1 1614/1451/1 761/1426/1
f 760/1456/1 1615/1457/1 1614/1451/1
f 1163/1454/1 1066/1458/1 1065/1448/1
f 1163/1454/1 1067/1459/1 1066/1458/1
f 1163/1454/1 1068/1460/1 1067/1459/1
f 1163/1454/1 1069/1461/1 1068/1460/1
f 1163/1454/1 1070/1462/1 1069/1461/1
f 1163/1454/1 1071/1463/1 1070/1462/1
f 1636/1464/1 631/1452/1 1637/1453/1
f 1077/1465/1 1138/1441/1 1078/1455/1
f 1163/1454/1 1072/1466/1 1071/1463/1
f 1163/1454/1 1073/1467/1 1072/1466/1
f 1163/1454/1 1074/1468/1 1073/1467/1
f 1163/1454/1 1075/1469/1 1074/1468/1
f 1163/1454/1 1076/1470/1 1075/1469/1
f 1163/1454/1 1077/1465/1 1076/1470/1
f 1163/1454/1 1138/1441/1 1077/1465/1
f 1636/1464/1 632/1471/1 631/1452/1
f 760/1456/1 1616/1472/1 1615/1457/1
f 1635/1473/1 632/1471/1 1636/1464/1
f 760/1456/1 1617/1474/1 1616/1472/1
f 1634/1475/1 632/1471/1 1635/1473/1
f 1634/1475/1 633/1476/1 632/1471/1
f 1633/1477/1 633/1476/1 1634/1475/1
f 760/1456/1 1618/1478/1 1617/1474/1
f 1632/1479/1 633/1476/1 1633/1477/1
f 760/1456/1 1619/1480/1 1618/1478/1
f 1632/1479/1 634/1481/1 633/1476/1
f 1631/1482/1 634/1481/1 1632/1479/1
f 1162/1483/1 1138/1441/1 1163/1454/1
f 759/1484/1 1619/1480/1 760/1456/1
f 759/1484/1 1620/1485/1 1619/1480/1
f 1630/1486/1 634/1481/1 1631/1482/1
f 1629/1487/1 634/1481/1 1630/1486/1
f 759/1484/1 1621/1488/1 1620/1485/1
f 1162/1483/1 1139/1489/1 1138/1441/1
f 1628/1490/1 634/1481/1 1629/1487/1
f 759/1484/1 1622/1491/1 1621/1488/1
f 1627/1492/1 634/1481/1 1628/1490/1
f 1627/1492/1 635/1493/1 634/1481/1
f 759/1484/1 1623/1494/1 1622/1491/1
f 1626/1495/1 635/1493/1 1627/1492/1
f 759/1484/1 1624/1496/1 1623/1494/1
f 1625/1497/1 635/1493/1 1626/1495/1
f 759/1484/1 1625/1497/1 1624/1496/1
f 759/1484/1 635/1493/1 1625/1497/1
f 1161/1498/1 1139/1489/1 1162/1483/1
f 759/1484/1 636/1499/1 635/1493/1
f 758/1500/1 636/1499/1 759/1484/1
f 758/1500/1 637/1501/1 636/1499/1
f 1161/1498/1 1140/1502/1 1139/1489/1
f 1160/1503/1 1140/1502/1 1161/1498/1
f 757/1504/1 637/1501/1 758/1500/1
f 757/1504/1 638/1505/1 637/1501/1
f 757/1504/1 639/1506/1 638/1505/1
f 1159/1507/1 1140/1502/1 1160/1503/1
f 756/1508/1 639/1506/1 757/1504/1
f 1159/1507/1 1141/1509/1 1140/1502/1
f 756/1508/1 640/1510/1 639/1506/1
f 1158/1511/1 1141/1509/1 1159/1507/1
f 755/1512/1 669/1513/1 756/1508/1
f 669/1513/1 640/1510/1 756/1508/1
f 669/1513/1 641/1514/1 640/1510/1
f 755/1512/1 670/1515/1 669/1513/1
f 668/1516/1 641/1514/1 669/1513/1
f 755/1512/1 671/1517/1 670/1515/1
f 667/1518/1 641/1514/1 668/1516/1
f 755/1512/1 672/1519/1 671/1517/1
f 1158/1511/1 1142/1520/1 1141/1509/1
f 755/1512/1 673/1521/1 672/1519/1
f 755/1512/1 674/1522/1 673/1521/1
f 1157/1523/1 1142/1520/1 1158/1511/1
f 666/1524/1 641/1514/1 667/1518/1
f 755/1512/1 675/1525/1 674/1522/1
f 755/1512/1 676/1526/1 675/1525/1
f 666/1524/1 642/1527/1 641/1514/1
f 755/1512/1 677/1528/1 676/1526/1
f 665/1529/1 642/1527/1 666/1524/1
f 755/1512/1 678/1530/1 677/1528/1
f 754/1531/1 678/1530/1 755/1512/1
f 754/1531/1 679/1532/1 678/1530/1
f 754/1531/1 680/1533/1 679/1532/1
f 754/1531/1 681/1534/1 680/1533/1
f 1156/1535/1 1142/1520/1 1157/1523/1
f 664/1536/1 642/1527/1 665/1529/1
f 754/1531/1 682/1537/1 681/1534/1
f 1156/1535/1 1143/1538/1 1142/1520/1
f 664/1536/1 643/1539/1 642/1527/1
f 753/1540/1 682/1537/1 754/1531/1
f 663/1541/1 643/1539/1 664/1536/1
f 753/1540/1 683/1542/1 682/1537/1
f 1155/1543/1 1143/1538/1 1156/1535/1
f 663/1541/1 644/1544/1 643/1539/1
f 753/1540/1 684/1545/1 683/1542/1
f 1155/1543/1 1144/1546/1 1143/1538/1
f 662/1547/1 644/1544/1 663/1541/1
f 753/1540/1 685/1548/1 684/1545/1
f 752/1549/1 706/1550/1 753/1540/1
f 706/1550/1 705/1551/1 753/1540/1
f 705/1551/1 685/1548/1 753/1540/1
f 1154/1552/1 1144/1546/1 1155/1543/1
f 662/1547/1 645/1553/1 644/1544/1
f 705/1551/1 686/1554/1 685/1548/1
f 704/1555/1 686/1554/1 705/1551/1
f 752/1549/1 707/1556/1 706/1550/1
f 703/1557/1 686/1554/1 704/1555/1
f 752/1549/1 708/1558/1 707/1556/1
f 752/1549/1 709/1559/1 708/1558/1
f 702/1560/1 686/1554/1 703/1557/1
f 752/1549/1 710/1561/1 709/1559/1
f 701/1562/1 686/1554/1 702/1560/1
f 752/1549/1 711/1563/1 710/1561/1
f 752/1549/1 712/1564/1 711/1563/1
f 700/1565/1 686/1554/1 701/1562/1
f 700/1565/1 687/1566/1 686/1554/1
f 752/1549/1 713/1567/1 712/1564/1
f 699/1568/1 687/1566/1 700/1565/1
f 661/1569/1 645/1553/1 662/1547/1
f 752/1549/1 714/1570/1 713/1567/1
f 698/1571/1 687/1566/1 699/1568/1
f 752/1549/1 715/1572/1 714/1570/1
f 697/1573/1 687/1566/1 698/1571/1
f 752/1549/1 716/1574/1 715/1572/1
f 696/1575/1 687/1566/1 697/1573/1
f 696/1575/1 688/1576/1 687/1566/1
f 1154/1552/1 1145/1577/1 1144/1546/1
f 751/1578/1 716/1574/1 752/1549/1
f 751/1578/1 717/1579/1 716/1574/1
f 695/1580/1 688/1576/1 696/1575/1
f 694/1581/1 688/1576/1 695/1580/1
f 693/1582/1 688/1576/1 694/1581/1
f 751/1578/1 718/1583/1 717/1579/1
f 692/1584/1 688/1576/1 693/1582/1
f 691/1585/1 688/1576/1 692/1584/1
f 691/1585/1 689/1586/1 688/1576/1
f 690/1587/1 689/1586/1 691/1585/1
f 1153/1588/1 1145/1577/1 1154/1552/1
f 751/1578/1 719/407/1 718/1583/1
f 751/1578/1 720/1589/1 719/407/1
f 661/1569/1 646/1590/1 645/1553/1
f 751/1578/1 721/1591/1 720/1589/1
f 750/1592/1 721/1591/1 751/1578/1
f 661/1569/1 647/1593/1 646/1590/1
f 660/1594/1 647/1593/1 661/1569/1
f 1152/1595/1 1145/1577/1 1153/1588/1
f 750/1592/1 722/1596/1 721/1591/1
f 1152/1595/1 1146/1597/1 1145/1577/1
f 660/1594/1 648/1598/1 647/1593/1
f 750/1592/1 723/1599/1 722/1596/1
f 660/1594/1 649/1600/1 648/1598/1
f 749/1601/1 723/1599/1 750/1592/1
f 749/1601/1 724/1602/1 723/1599/1
f 1151/1603/1 1146/1597/1 1152/1595/1
f 1151/1603/1 1147/1604/1 1146/1597/1
f 660/1594/1 650/1605/1 649/1600/1
f 659/1606/1 650/1605/1 660/1594/1
f 749/1601/1 725/1607/1 724/1602/1
f 748/1608/1 725/1607/1 749/1601/1
f 659/1606/1 651/1609/1 650/1605/1
f 1150/1610/1 1147/1604/1 1151/1603/1
f 748/1608/1 726/1611/1 725/1607/1
f 1150/1610/1 1148/1612/1 1147/1604/1
f 1149/1613/1 1148/1612/1 1150/1610/1
f 659/1606/1 652/1614/1 651/1609/1
f 748/1608/1 727/1615/1 726/1611/1
f 747/1616/1 727/1615/1 748/1608/1
f 658/1617/1 652/1614/1 659/1606/1
f 658/1617/1 653/1618/1 652/1614/1
f 747/1616/1 728/1619/1 727/1615/1
f 658/1617/1 654/1620/1 653/1618/1
f 746/1621/1 728/1619/1 747/1616/1
f 746/1621/1 729/1622/1 728/1619/1
f 658/1617/1 655/1623/1 654/1620/1
f 657/1624/1 655/1623/1 658/1617/1
f 745/1625/1 729/1622/1 746/1621/1
f 657/1624/1 656/1626/1 655/1623/1
f 744/1627/1 729/1622/1 745/1625/1
f 744/1627/1 730/1628/1 729/1622/1
f 744/1627/1 731/1629/1 730/1628/1
f 743/1630/1 731/1629/1 744/1627/1
f 743/1630/1 732/1631/1 731/1629/1
f 742/1632/1 732/1631/1 743/1630/1
f 741/1633/1 732/1631/1 742/1632/1
f 741/1633/1 733/1634/1 732/1631/1
f 740/1635/1 733/1634/1 741/1633/1
f 739/1636/1 733/1634/1 740/1635/1
f 738/1637/1 733/1634/1 739/1636/1
f 737/1638/1 733/1634/1 738/1637/1
f 737/1638/1 734/1639/1 733/1634/1
f 736/1640/1 734/1639/1 737/1638/1
f 736/1640/1 735/1641/1 734/1639/1
f 1974/1/2 1975/3/2 1976/2/2
f 1974/1/2 1976/2/2 1977/4/2
f 1974/1/2 1977/4/2 1978/5/2
f 1973/6/2 1974/1/2 1978/5/2
f 1973/6/2 1978/5/2 1979/7/2
f 1972/8/2 1973/6/2 1979/7/2
f 1972/8/2 1979/7/2 1980/9/2
f 1972/8/2 1980/9/2 1981/10/2
f 1971/11/2 1972/8/2 1981/10/2
f 1971/11/2 1981/10/2 1982/12/2
f 1970/13/2 1971/11/2 1982/12/2
f 1970/13/2 1982/12/2 1983/14/2
f 1970/13/2 1983/14/2 1984/15/2
f 1969/16/2 1970/13/2 1984/15/2
f 1890/17/2 1891/19/2 1892/18/2
f 1890/17/2 1892/18/2 1893/20/2
f 1889/21/2 1890/17/2 1893/20/2
f 1889/21/2 1893/20/2 1894/22/2
f 1888/23/2 1889/21/2 1894/22/2
f 1888/23/2 1894/22/2 1895/24/2
f 1887/25/2 1888/23/2 1895/24/2
f 1887/25/2 1895/24/2 1896/26/2
f 1886/27/2 1887/25/2 1896/26/2
f 1886/27/2 1896/26/2 1897/28/2
f 1885/29/2 1886/27/2 1897/28/2
f 1885/29/2 1897/28/2 1898/30/2
f 1885/29/2 1898/30/2 1899/31/2
f 1884/32/2 1885/29/2 1899/31/2
f 1969/16/2 1984/15/2 1985/33/2
f 1884/32/2 1899/31/2 1900/34/2
f 1883/35/2 1884/32/2 1900/34/2
f 1968/36/2 1969/16/2 1985/33/2
f 1883/35/2 1900/34/2 1901/37/2
f 1882/38/2 1883/35/2 1901/37/2
f 1968/36/2 1985/33/2 1986/39/2
f 1882/38/2 1901/37/2 1902/40/2
f 1881/41/2 1882/38/2 1902/40/2
f 1880/42/2 1881/41/2 1902/40/2
f 1880/42/2 1902/40/2 1903/43/2
f 1967/44/2 1968/36/2 1986/39/2
f 1967/44/2 1986/39/2 1987/45/2
f 1879/46/2 1880/42/2 1903/43/2
f 1878/47/2 1879/46/2 1903/43/2
f 1878/47/2 1903/43/2 1904/48/2
f 1967/44/2 1987/45/2 1988/49/2
f 1967/44/2 1988/49/2 1989/50/2
f 1877/51/2 1878/47/2 1904/48/2
f 1966/52/2 1967/44/2 1989/50/2
f 1966/52/2 1989/50/2 1990/53/2
f 1877/51/2 1904/48/2 1905/54/2
f 1966/52/2 1990/53/2 1991/55/2
f 1966/52/2 1991/55/2 1992/56/2
f 1966/52/2 1992/56/2 1993/57/2
f 1965/58/2 1966/52/2 1993/57/2
f 1877/51/2 1905/54/2 1906/59/2
f 1965/58/2 1993/57/2 1994/60/2
f 1876/61/2 1877/51/2 1906/59/2
f 1965/58/2 1994/60/2 1995/62/2
f 1965/58/2 1995/62/2 1996/63/2
f 1876/61/2 1906/59/2 1907/64/2
f 1965/58/2 1996/63/2 1997/65/2
f 1964/66/2 1965/58/2 1997/65/2
f 1964/66/2 1997/65/2 1998/67/2
f 1964/66/2 1998/67/2 1999/68/2
f 1875/69/2 1876/61/2 1907/64/2
f 1875/69/2 1907/64/2 1908/70/2
f 1964/66/2 1999/68/2 2000/71/2
f 1875/69/2 1908/70/2 1909/72/2
f 1963/73/2 1964/66/2 2000/71/2
f 1963/73/2 2000/71/2 2001/74/2
f 1875/69/2 1909/72/2 1910/75/2
f 1874/76/2 1875/69/2 1910/75/2
f 1962/77/2 1963/73/2 2001/74/2
f 1874/76/2 1910/75/2 1911/78/2
f 1962/77/2 2001/74/2 2002/79/2
f 1961/80/2 1962/77/2 2037/81/2
f 2037/81/2 1962/77/2 2036/82/2
f 2036/82/2 1962/77/2 2035/83/2
f 2035/83/2 1962/77/2 2002/79/2
f 1874/76/2 1911/78/2 1912/84/2
f 1961/80/2 2037/81/2 2038/85/2
f 2034/86/2 2035/83/2 2002/79/2
f 1961/80/2 2038/85/2 2039/87/2
f 2033/88/2 2034/86/2 2002/79/2
f 1873/89/2 1874/76/2 2099/90/2
f 2099/90/2 1874/76/2 2098/91/2
f 2098/91/2 1874/76/2 1912/84/2
f 1961/80/2 2039/87/2 2040/92/2
f 2032/93/2 2033/88/2 2002/79/2
f 1961/80/2 2040/92/2 2041/94/2
f 2031/95/2 2032/93/2 2002/79/2
f 1961/80/2 2041/94/2 2042/96/2
f 1960/97/2 1961/80/2 2042/96/2
f 1960/97/2 2042/96/2 2043/98/2
f 2030/99/2 2031/95/2 2002/79/2
f 1960/97/2 2043/98/2 2044/100/2
f 2030/99/2 2002/79/2 2003/101/2
f 2029/102/2 2030/99/2 2003/101/2
f 1960/97/2 2044/100/2 2045/103/2
f 2098/91/2 1912/84/2 2097/104/2
f 2097/104/2 1912/84/2 1913/105/2
f 2028/106/2 2029/102/2 2003/101/2
f 1960/97/2 2045/103/2 2046/107/2
f 2096/108/2 2097/104/2 1913/105/2
f 1873/89/2 2099/90/2 2100/109/2
f 2095/110/2 2096/108/2 1913/105/2
f 2094/111/2 2095/110/2 1913/105/2
f 1959/112/2 1960/97/2 2046/107/2
f 1959/112/2 2046/107/2 2047/113/2
f 1873/89/2 2100/109/2 2101/114/2
f 2027/115/2 2028/106/2 2003/101/2
f 2093/116/2 2094/111/2 1913/105/2
f 1873/89/2 2101/114/2 2102/117/2
f 2092/118/2 2093/116/2 1913/105/2
f 1959/112/2 2047/113/2 2048/119/2
f 1873/89/2 2102/117/2 2103/120/2
f 2091/121/2 2092/118/2 1913/105/2
f 2026/122/2 2027/115/2 2003/101/2
f 2091/121/2 1913/105/2 1914/123/2
f 2090/124/2 2091/121/2 1914/123/2
f 1873/89/2 2103/120/2 2104/125/2
f 1959/112/2 2048/119/2 2049/126/2
f 2089/127/2 2090/124/2 1914/123/2
f 1958/128/2 1959/112/2 2049/126/2
f 1873/89/2 2104/125/2 2105/129/2
f 2025/130/2 2026/122/2 2003/101/2
f 2025/130/2 2003/101/2 2004/131/2
f 2088/132/2 2089/127/2 1914/123/2
f 1873/89/2 2105/129/2 2106/133/2
f 1872/134/2 1873/89/2 2106/133/2
f 2087/135/2 2088/132/2 1914/123/2
f 2087/135/2 1914/123/2 1915/136/2
f 1957/137/2 1958/128/2 2049/126/2
f 1872/134/2 2106/133/2 2107/138/2
f 2024/139/2 2025/130/2 2004/131/2
f 2086/140/2 2087/135/2 1915/136/2
f 1872/134/2 2107/138/2 2108/141/2
f 2086/140/2 1915/136/2 1916/142/2
f 1957/137/2 2049/126/2 2050/143/2
f 2085/144/2 2086/140/2 1916/142/2
f 2084/145/2 2085/144/2 1916/142/2
f 2083/146/2 2084/145/2 1916/142/2
f 1872/134/2 2108/141/2 2109/147/2
f 2023/148/2 2024/139/2 2004/131/2
f 2082/149/2 2083/146/2 1916/142/2
f 1956/150/2 1957/137/2 2050/143/2
f 1956/150/2 2050/143/2 2051/151/2
f 2081/152/2 2082/149/2 1916/142/2
f 2080/153/2 2081/152/2 1916/142/2
f 2080/153/2 1916/142/2 1917/154/2
f 2022/155/2 2023/148/2 2004/131/2
f 2022/155/2 2004/131/2 2005/156/2
f 2079/157/2 2080/153/2 1917/154/2
f 1872/134/2 2109/147/2 2110/158/2
f 2078/159/2 2079/157/2 1917/154/2
f 1956/150/2 2051/151/2 2052/160/2
f 2077/161/2 2078/159/2 1917/154/2
f 2021/162/2 2022/155/2 2005/156/2
f 2076/163/2 2077/161/2 1917/154/2
f 2075/164/2 2076/163/2 1917/154/2
f 2020/165/2 2021/162/2 2005/156/2
f 1956/150/2 2052/160/2 2053/166/2
f 1872/134/2 2110/158/2 2111/167/2
f 2075/164/2 1917/154/2 1918/168/2
f 2074/169/2 2075/164/2 1918/168/2
f 1955/170/2 1956/150/2 2053/166/2
f 2073/171/2 2074/169/2 1918/168/2
f 2019/172/2 2020/165/2 2005/156/2
f 1955/170/2 2053/166/2 2054/173/2
f 2018/174/2 2019/172/2 2005/156/2
f 2072/175/2 2073/171/2 1918/168/2
f 1955/170/2 2054/173/2 2055/176/2
f 1871/177/2 1872/134/2 2111/167/2
f 2017/178/2 2018/174/2 2005/156/2
f 2072/175/2 1918/168/2 1919/179/2
f 1955/170/2 2055/176/2 2056/180/2
f 2016/181/2 2017/178/2 2005/156/2
f 2071/182/2 2072/175/2 1919/179/2
f 1955/170/2 2056/180/2 2057/183/2
f 1954/184/2 1955/170/2 2057/183/2
f 2015/185/2 2016/181/2 2005/156/2
f 1954/184/2 2057/183/2 2058/186/2
f 2014/187/2 2015/185/2 2005/156/2
f 1954/184/2 2058/186/2 2059/188/2
f 2013/189/2 2014/187/2 2005/156/2
f 1954/184/2 2059/188/2 2060/190/2
f 2062/191/2 2013/189/2 2005/156/2
f 1954/184/2 2060/190/2 2061/192/2
f 1954/184/2 2061/192/2 2062/191/2
f 1954/184/2 2062/191/2 2005/156/2
f 2070/193/2 2071/182/2 1919/179/2
f 1954/184/2 2005/156/2 2006/194/2
f 2070/193/2 1919/179/2 1920/195/2
f 2069/196/2 2070/193/2 1920/195/2
f 1871/177/2 2111/167/2 2112/197/2
f 1953/198/2 1954/184/2 2006/194/2
f 2069/196/2 1920/195/2 1921/199/2
f 2068/200/2 2069/196/2 1921/199/2
f 1871/177/2 2112/197/2 2113/201/2
f 1871/177/2 2113/201/2 2114/202/2
f 2067/203/2 2068/200/2 1921/199/2
f 1871/177/2 2114/202/2 2115/204/2
f 2067/203/2 1921/199/2 1922/205/2
f 1952/206/2 1953/198/2 2006/194/2
f 2066/207/2 2067/203/2 1922/205/2
f 1871/177/2 2115/204/2 2116/208/2
f 1871/177/2 2116/208/2 2117/209/2
f 2065/210/2 2066/207/2 1922/205/2
f 1952/206/2 2006/194/2 2007/211/2
f 1871/177/2 2117/209/2 2118/212/2
f 2065/210/2 1922/205/2 1923/213/2
f 1870/214/2 1871/177/2 2118/212/2
f 2064/215/2 2065/210/2 1923/213/2
f 1870/214/2 2118/212/2 2119/216/2
f 1870/214/2 2119/216/2 2120/217/2
f 1951/218/2 1952/206/2 2007/211/2
f 2063/219/2 2064/215/2 1923/213/2
f 1870/214/2 2120/217/2 2121/220/2
f 1870/214/2 2121/220/2 2122/221/2
f 2124/222/2 2063/219/2 1923/213/2
f 1870/214/2 2122/221/2 2123/223/2
f 1870/214/2 2123/223/2 2124/222/2
f 1870/214/2 2124/222/2 1923/213/2
f 1870/214/2 1923/213/2 1924/224/2
f 1950/225/2 1951/218/2 2007/211/2
f 1870/214/2 1924/224/2 1925/226/2
f 1950/225/2 2007/211/2 2008/227/2
f 1870/214/2 1925/226/2 1926/228/2
f 1949/229/2 1950/225/2 2008/227/2
f 1870/214/2 1926/228/2 1927/230/2
f 1869/231/2 1870/214/2 1927/230/2
f 1948/232/2 1949/229/2 2008/227/2
f 1948/232/2 2008/227/2 2009/233/2
f 1947/234/2 1948/232/2 2009/233/2
f 1947/234/2 2009/233/2 2162/235/2
f 2162/235/2 2009/233/2 2161/236/2
f 2161/236/2 2009/233/2 2160/237/2
f 2160/237/2 2009/233/2 2159/238/2
f 2159/238/2 2009/233/2 2010/239/2
f 1868/240/2 1869/231/2 1927/230/2
f 1947/234/2 2162/235/2 2163/241/2
f 2158/242/2 2159/238/2 2010/239/2
f 1947/234/2 2163/241/2 2164/243/2
f 2157/244/2 2158/242/2 2010/239/2
f 1947/234/2 2164/243/2 2165/245/2
f 2156/246/2 2157/244/2 2010/239/2
f 1947/234/2 2165/245/2 2166/247/2
f 1947/234/2 2166/247/2 2167/248/2
f 2155/249/2 2156/246/2 2010/239/2
f 1947/234/2 2167/248/2 2168/250/2
f 2154/251/2 2155/249/2 2010/239/2
f 1947/234/2 2168/250/2 2169/252/2
f 1946/253/2 1947/234/2 2169/252/2
f 2153/254/2 2154/251/2 2010/239/2
f 1946/253/2 2169/252/2 2170/255/2
f 2152/256/2 2153/254/2 2010/239/2
f 2152/256/2 2010/239/2 2011/257/2
f 1946/253/2 2170/255/2 2171/258/2
f 2151/259/2 2152/256/2 2011/257/2
f 1946/253/2 2171/258/2 2172/260/2
f 1946/253/2 2172/260/2 2173/261/2
f 2150/262/2 2151/259/2 2011/257/2
f 1867/263/2 1868/240/2 2222/264/2
f 2222/264/2 1868/240/2 2221/265/2
f 2221/265/2 1868/240/2 2220/266/2
f 2220/266/2 1868/240/2 1927/230/2
f 1946/253/2 2173/261/2 2174/267/2
f 2149/268/2 2150/262/2 2011/257/2
f 2148/269/2 2149/268/2 2011/257/2
f 2148/269/2 2011/257/2 2012/270/2
f 1945/271/2 1946/253/2 2174/267/2
f 2147/272/2 2148/269/2 2012/270/2
f 2146/273/2 2147/272/2 2012/270/2
f 1866/274/2 1867/263/2 2223/275/2
f 2223/275/2 1867/263/2 2222/264/2
f 1866/274/2 2223/275/2 2224/276/2
f 2219/277/2 2220/266/2 1927/230/2
f 1866/274/2 2224/276/2 2225/278/2
f 2218/279/2 2219/277/2 1927/230/2
f 2145/280/2 2146/273/2 2012/270/2
f 1866/274/2 2225/278/2 2226/281/2
f 2217/282/2 2218/279/2 1927/230/2
f 1866/274/2 2226/281/2 2227/283/2
f 1945/271/2 2174/267/2 2125/284/2
f 2216/285/2 2217/282/2 1927/230/2
f 1866/274/2 2227/283/2 2228/286/2
f 2215/287/2 2216/285/2 1927/230/2
f 2144/288/2 2145/280/2 2012/270/2
f 1944/289/2 1945/271/2 2125/284/2
f 1866/274/2 2228/286/2 2229/290/2
f 2214/291/2 2215/287/2 1927/230/2
f 1944/289/2 2125/284/2 2126/292/2
f 2143/293/2 2144/288/2 2012/270/2
f 1866/274/2 2229/290/2 2230/294/2
f 2213/295/2 2214/291/2 1927/230/2
f 1944/289/2 2126/292/2 2127/296/2
f 1865/297/2 1866/274/2 2230/294/2
f 1865/297/2 2230/294/2 2231/298/2
f 2142/299/2 2143/293/2 2012/270/2
f 2212/300/2 2213/295/2 1927/230/2
f 1864/301/2 1865/297/2 2231/298/2
f 2141/302/2 2142/299/2 2012/270/2
f 2212/300/2 1927/230/2 1928/303/2
f 1944/289/2 2127/296/2 2128/304/2
f 1864/301/2 2231/298/2 2232/305/2
f 2211/306/2 2212/300/2 1928/303/2
f 1863/307/2 1864/301/2 2232/305/2
f 2140/308/2 2141/302/2 2012/270/2
f 1944/289/2 2128/304/2 2129/309/2
f 1863/307/2 2232/305/2 2233/310/2
f 2139/311/2 2140/308/2 2012/270/2
f 1862/312/2 1863/307/2 2233/310/2
f 1944/289/2 2129/309/2 2130/313/2
f 2211/306/2 1928/303/2 1929/314/2
f 2138/315/2 2139/311/2 2012/270/2
f 2210/316/2 2211/306/2 1929/314/2
f 1944/289/2 2130/313/2 2131/317/2
f 2137/318/2 2138/315/2 2012/270/2
f 1944/289/2 2131/317/2 2132/319/2
f 2136/320/2 2137/318/2 2012/270/2
f 1861/321/2 1862/312/2 2233/310/2
f 1944/289/2 2132/319/2 2133/322/2
f 2135/323/2 2136/320/2 2012/270/2
f 2134/324/2 2135/323/2 2012/270/2
f 2133/322/2 2134/324/2 2012/270/2
f 1944/289/2 2133/322/2 2012/270/2
f 1861/321/2 2233/310/2 2234/325/2
f 1860/326/2 1861/321/2 2234/325/2
f 1943/327/2 1944/289/2 2012/270/2
f 2209/328/2 2210/316/2 1929/314/2
f 2209/328/2 1929/314/2 1930/329/2
f 1860/326/2 2234/325/2 2235/330/2
f 2208/331/2 2209/328/2 1930/329/2
f 1859/332/2 1860/326/2 2235/330/2
f 2207/333/2 2208/331/2 1930/329/2
f 2206/334/2 2207/333/2 1930/329/2
f 1858/335/2 1859/332/2 2235/330/2
f 2205/336/2 2206/334/2 1930/329/2
f 1857/337/2 1858/335/2 2235/330/2
f 2204/338/2 2205/336/2 1930/329/2
f 2204/338/2 1930/329/2 1931/339/2
f 2203/340/2 2204/338/2 1931/339/2
f 1856/341/2 1857/337/2 2235/330/2
f 2202/342/2 2203/340/2 1931/339/2
f 2201/343/2 2202/342/2 1931/339/2
f 1855/344/2 1856/341/2 2235/330/2
f 2200/345/2 2201/343/2 1931/339/2
f 2199/346/2 2200/345/2 1931/339/2
f 2199/346/2 1931/339/2 1932/347/2
f 1854/348/2 1855/344/2 2235/330/2
f 2198/349/2 2199/346/2 1932/347/2
f 1854/348/2 2235/330/2 2175/350/2
f 2197/351/2 2198/349/2 1932/347/2
f 1853/352/2 1854/348/2 2175/350/2
f 1942/353/2 1943/327/2 2012/270/2
f 1853/352/2 2175/350/2 2176/354/2
f 2196/355/2 2197/351/2 1932/347/2
f 2196/355/2 1932/347/2 1933/356/2
f 1942/353/2 2012/270/2 1651/357/2
f 1853/352/2 2176/354/2 2177/358/2
f 2195/359/2 2196/355/2 1933/356/2
f 1852/360/2 1853/352/2 2177/358/2
f 1852/360/2 2177/358/2 2178/361/2
f 2195/359/2 1933/356/2 1934/362/2
f 2194/363/2 2195/359/2 1934/362/2
f 1852/360/2 2178/361/2 2179/364/2
f 2193/365/2 2194/363/2 1934/362/2
f 1852/360/2 2179/364/2 2180/366/2
f 2193/365/2 1934/362/2 1935/367/2
f 2192/368/2 2193/365/2 1935/367/2
f 1941/369/2 1942/353/2 1651/357/2
f 1941/369/2 1651/357/2 1652/370/2
f 1852/360/2 2180/366/2 2181/371/2
f 1851/372/2 1852/360/2 2181/371/2
f 2191/373/2 2192/368/2 1935/367/2
f 1851/372/2 2181/371/2 2182/374/2
f 2190/375/2 2191/373/2 1935/367/2
f 2190/375/2 1935/367/2 1936/376/2
f 1851/372/2 2182/374/2 2183/377/2
f 2189/378/2 2190/375/2 1936/376/2
f 1851/372/2 2183/377/2 2184/379/2
f 2188/380/2 2189/378/2 1936/376/2
f 1851/372/2 2184/379/2 2185/381/2
f 2187/382/2 2188/380/2 1936/376/2
f 1851/372/2 2185/381/2 2186/383/2
f 2186/383/2 2187/382/2 1936/376/2
f 1851/372/2 2186/383/2 1936/376/2
f 1851/372/2 1936/376/2 1937/384/2
f 1940/385/2 1941/369/2 1652/370/2
f 1850/386/2 1851/372/2 1937/384/2
f 1940/385/2 1652/370/2 1653/387/2
f 1850/386/2 1937/384/2 1938/388/2
f 1939/389/2 1940/385/2 1653/387/2
f 1850/386/2 1938/388/2 1939/389/2
f 1850/386/2 1939/389/2 1653/387/2
f 1849/390/2 1850/386/2 1653/387/2
f 1849/390/2 1653/387/2 1733/391/2
f 1733/391/2 1653/387/2 1732/392/2
f 1732/392/2 1653/387/2 1731/393/2
f 1731/393/2 1653/387/2 1654/394/2
f 1848/395/2 1849/390/2 1734/396/2
f 1734/396/2 1849/390/2 1733/391/2
f 1848/395/2 1734/396/2 1735/397/2
f 1730/398/2 1731/393/2 1654/394/2
f 1729/399/2 1730/398/2 1654/394/2
f 1728/400/2 1729/399/2 1654/394/2
f 1848/395/2 1735/397/2 1736/401/2
f 1727/402/2 1728/400/2 1654/394/2
f 1726/403/2 1727/402/2 1654/394/2
f 1725/404/2 1726/403/2 1654/394/2
f 1848/395/2 1736/401/2 1737/405/2
f 1847/406/2 1848/395/2 1737/405/2
f 1724/407/2 1725/404/2 1654/394/2
f 1724/407/2 1654/394/2 1655/408/2
f 1723/409/2 1724/407/2 1655/408/2
f 1846/410/2 1847/406/2 1737/405/2
f 1846/410/2 1737/405/2 1738/411/2
f 1722/412/2 1723/409/2 1655/408/2
f 1721/413/2 1722/412/2 1655/408/2
f 1721/413/2 1655/408/2 1656/414/2
f 1720/415/2 1721/413/2 1656/414/2
f 1845/416/2 1846/410/2 1738/411/2
f 1845/416/2 1738/411/2 1790/417/2
f 1790/417/2 1738/411/2 1789/418/2
f 1789/418/2 1738/411/2 1739/419/2
f 1719/420/2 1720/415/2 1656/414/2
f 1718/421/2 1719/420/2 1656/414/2
f 1844/422/2 1845/416/2 1800/423/2
f 1800/423/2 1845/416/2 1799/424/2
f 1799/424/2 1845/416/2 1798/425/2
f 1798/425/2 1845/416/2 1797/426/2
f 1797/426/2 1845/416/2 1791/427/2
f 1791/427/2 1845/416/2 1790/417/2
f 1717/428/2 1718/421/2 1656/414/2
f 1796/429/2 1797/426/2 1792/430/2
f 1792/430/2 1797/426/2 1791/427/2
f 1795/431/2 1796/429/2 1792/430/2
f 1844/422/2 1800/423/2 1801/432/2
f 1794/433/2 1795/431/2 1793/434/2
f 1793/434/2 1795/431/2 1792/430/2
f 1844/422/2 1801/432/2 1802/435/2
f 1788/436/2 1789/418/2 1739/419/2
f 1787/437/2 1788/436/2 1739/419/2
f 1717/428/2 1656/414/2 1657/438/2
f 1844/422/2 1802/435/2 1803/439/2
f 1786/440/2 1787/437/2 1739/419/2
f 1785/441/2 1786/440/2 1739/419/2
f 1844/422/2 1803/439/2 1804/442/2
f 1784/443/2 1785/441/2 1739/419/2
f 1783/444/2 1784/443/2 1739/419/2
f 1844/422/2 1804/442/2 1805/445/2
f 1782/446/2 1783/444/2 1739/419/2
f 1716/447/2 1717/428/2 1657/438/2
f 1844/422/2 1805/445/2 1806/448/2
f 1781/449/2 1782/446/2 1739/419/2
f 1780/450/2 1781/449/2 1739/419/2
f 1843/451/2 1844/422/2 1806/448/2
f 1779/452/2 1780/450/2 1739/419/2
f 1778/453/2 1779/452/2 1739/419/2
f 1777/454/2 1778/453/2 1739/419/2
f 1776/455/2 1777/454/2 1739/419/2
f 1775/456/2 1776/455/2 1739/419/2
f 1774/457/2 1775/456/2 1739/419/2
f 1773/458/2 1774/457/2 1739/419/2
f 1843/451/2 1806/448/2 1807/459/2
f 1772/460/2 1773/458/2 1739/419/2
f 1772/460/2 1739/419/2 1740/461/2
f 1843/451/2 1807/459/2 1808/462/2
f 1771/463/2 1772/460/2 1740/461/2
f 1770/464/2 1771/463/2 1740/461/2
f 1843/451/2 1808/462/2 1809/465/2
f 1715/466/2 1716/447/2 1657/438/2
f 1769/467/2 1770/464/2 1740/461/2
f 1843/451/2 1809/465/2 1810/468/2
f 1843/451/2 1810/468/2 1811/469/2
f 1843/451/2 1811/469/2 1812/470/2
f 1843/451/2 1812/470/2 1813/471/2
f 1843/451/2 1813/471/2 1814/472/2
f 1843/451/2 1814/472/2 1815/473/2
f 1768/474/2 1769/467/2 1740/461/2
f 1843/451/2 1815/473/2 1816/475/2
f 1842/476/2 1843/451/2 1816/475/2
f 1714/477/2 1715/466/2 1657/438/2
f 1842/476/2 1816/475/2 1817/478/2
f 1842/476/2 1817/478/2 1818/479/2
f 1842/476/2 1818/479/2 1819/480/2
f 1767/481/2 1768/474/2 1740/461/2
f 1713/482/2 1714/477/2 1657/438/2
f 1842/476/2 1819/480/2 1820/483/2
f 1841/484/2 1842/476/2 1820/483/2
f 1766/485/2 1767/481/2 1740/461/2
f 1840/486/2 1841/484/2 1820/483/2
f 1840/486/2 1820/483/2 1821/487/2
f 1712/488/2 1713/482/2 1657/438/2
f 1712/488/2 1657/438/2 1658/489/2
f 1839/490/2 1840/486/2 1821/487/2
f 1839/490/2 1821/487/2 1822/491/2
f 1765/492/2 1766/485/2 1740/461/2
f 1838/493/2 1839/490/2 1822/491/2
f 1711/494/2 1712/488/2 1658/489/2
f 1837/495/2 1838/493/2 1822/491/2
f 1837/495/2 1822/491/2 1823/496/2
f 1836/497/2 1837/495/2 1823/496/2
f 1835/498/2 1836/497/2 1823/496/2
f 1835/498/2 1823/496/2 1824/499/2
f 1710/500/2 1711/494/2 1658/489/2
f 1706/501/2 1707/503/2 1708/502/2
f 1834/504/2 1835/498/2 1824/499/2
f 1706/501/2 1708/502/2 1709/505/2
f 1705/506/2 1706/501/2 1709/505/2
f 1705/506/2 1709/505/2 1710/500/2
f 1705/506/2 1710/500/2 1658/489/2
f 1833/507/2 1834/504/2 1824/499/2
f 1764/508/2 1765/492/2 1740/461/2
f 1833/507/2 1824/499/2 1825/509/2
f 1832/510/2 1833/507/2 1825/509/2
f 1831/511/2 1832/510/2 1825/509/2
f 1831/511/2 1825/509/2 1826/512/2
f 1704/513/2 1705/506/2 1658/489/2
f 1830/514/2 1831/511/2 1826/512/2
f 1829/515/2 1830/514/2 1826/512/2
f 1828/516/2 1829/515/2 1826/512/2
f 1828/516/2 1826/512/2 1827/517/2
f 1764/508/2 1740/461/2 1741/518/2
f 1703/519/2 1704/513/2 1658/489/2
f 1763/520/2 1764/508/2 1741/518/2
f 1702/521/2 1703/519/2 1658/489/2
f 1762/522/2 1763/520/2 1741/518/2
f 1701/523/2 1702/521/2 1658/489/2
f 1761/524/2 1762/522/2 1741/518/2
f 1700/525/2 1701/523/2 1658/489/2
f 1760/526/2 1761/524/2 1741/518/2
f 1700/525/2 1658/489/2 1659/527/2
f 1699/528/2 1700/525/2 1659/527/2
f 1759/529/2 1760/526/2 1741/518/2
f 1758/530/2 1759/529/2 1741/518/2
f 1758/530/2 1741/518/2 1742/531/2
f 1698/532/2 1699/528/2 1659/527/2
f 1757/533/2 1758/530/2 1742/531/2
f 1756/534/2 1757/533/2 1742/531/2
f 1697/535/2 1698/532/2 1659/527/2
f 1697/535/2 1659/527/2 1660/536/2
f 1696/537/2 1697/535/2 1660/536/2
f 1755/538/2 1756/534/2 1742/531/2
f 1695/539/2 1696/537/2 1660/536/2
f 1755/538/2 1742/531/2 1743/540/2
f 1694/541/2 1695/539/2 1660/536/2
f 1754/542/2 1755/538/2 1743/540/2
f 1693/543/2 1694/541/2 1660/536/2
f 1753/544/2 1754/542/2 1743/540/2
f 1693/543/2 1660/536/2 1661/545/2
f 1692/546/2 1693/543/2 1661/545/2
f 1691/547/2 1692/546/2 1661/545/2
f 1752/548/2 1753/544/2 1743/540/2
f 1752/548/2 1743/540/2 1744/549/2
f 1690/550/2 1691/547/2 1661/545/2
f 1751/551/2 1752/548/2 1744/549/2
f 1690/550/2 1661/545/2 1662/552/2
f 1689/553/2 1690/550/2 1662/552/2
f 1688/554/2 1689/553/2 1662/552/2
f 1750/555/2 1751/551/2 1744/549/2
f 1687/556/2 1688/554/2 1662/552/2
f 1750/555/2 1744/549/2 1745/557/2
f 1687/556/2 1662/552/2 1663/558/2
f 1749/559/2 1750/555/2 1745/557/2
f 1686/560/2 1687/556/2 1663/558/2
f 1686/560/2 1663/558/2 1664/561/2
f 1685/562/2 1686/560/2 1664/561/2
f 1748/563/2 1749/559/2 1745/557/2
f 1685/562/2 1664/561/2 1665/564/2
f 1684/565/2 1685/562/2 1665/564/2
f 1748/563/2 1745/557/2 1746/566/2
f 1747/567/2 1748/563/2 1746/566/2
f 1684/565/2 1665/564/2 1666/568/2
f 1683/569/2 1684/565/2 1666/568/2
f 1683/569/2 1666/568/2 1667/570/2
f 1682/571/2 1683/569/2 1667/570/2
f 1682/571/2 1667/570/2 1668/572/2
f 1681/573/2 1682/571/2 1668/572/2
f 1681/573/2 1668/572/2 1669/574/2
f 1680/575/2 1681/573/2 1669/574/2
f 1680/575/2 1669/574/2 1670/576/2
f 1680/575/2 1670/576/2 1671/577/2
f 1679/578/2 1680/575/2 1671/577/2
f 1679/578/2 1671/577/2 1672/579/2
f 1678/580/2 1679/578/2 1672/579/2
f 1678/580/2 1672/579/2 1674/581/2
f 1674/581/2 1672/579/2 1673/582/2
f 1678/580/2 1674/581/2 1675/583/2
f 1678/580/2 1675/583/2 1676/584/2
f 1677/585/2 1678/580/2 1676/584/2
f 2582/586/2 2583/588/2 2584/587/2
f 2606/589/2 2607/591/2 2608/590/2
f 2606/589/2 2608/590/2 2609/592/2
f 2581/593/2 2582/586/2 2584/587/2
f 2606/589/2 2609/592/2 2610/594/2
f 2580/595/2 2581/593/2 2584/587/2
f 2605/596/2 2606/589/2 2610/594/2
f 2580/595/2 2584/587/2 2585/597/2
f 2605/596/2 2610/594/2 2611/598/2
f 2579/599/2 2580/595/2 2585/597/2
f 2605/596/2 2611/598/2 2612/600/2
f 2578/601/2 2579/599/2 2585/597/2
f 2605/596/2 2612/600/2 2613/602/2
f 2604/603/2 2605/596/2 2613/602/2
f 2578/601/2 2585/597/2 2586/604/2
f 2577/605/2 2578/601/2 2586/604/2
f 2604/603/2 2613/602/2 2614/606/2
f 2576/607/2 2577/605/2 2586/604/2
f 2871/608/2 2872/610/2 2873/609/2
f 2871/608/2 2873/609/2 2874/611/2
f 2870/612/2 2871/608/2 2874/611/2
f 2870/612/2 2874/611/2 2875/613/2
f 2869/614/2 2870/612/2 2875/613/2
f 2868/615/2 2869/614/2 2875/613/2
f 2868/615/2 2875/613/2 2876/616/2
f 2867/617/2 2868/615/2 2876/616/2
f 2604/603/2 2614/606/2 2615/618/2
f 2575/619/2 2576/607/2 2586/604/2
f 2866/620/2 2867/617/2 2876/616/2
f 2866/620/2 2876/616/2 2877/621/2
f 2603/622/2 2604/603/2 2615/618/2
f 2575/619/2 2586/604/2 2587/623/2
f 2865/624/2 2866/620/2 2877/621/2
f 2865/624/2 2877/621/2 2878/625/2
f 2864/626/2 2865/624/2 2878/625/2
f 2863/627/2 2864/626/2 2878/625/2
f 2574/628/2 2575/619/2 2587/623/2
f 2862/629/2 2863/627/2 2878/625/2
f 2862/629/2 2878/625/2 2879/630/2
f 2603/622/2 2615/618/2 2616/631/2
f 2861/632/2 2862/629/2 2879/630/2
f 2860/633/2 2861/632/2 2879/630/2
f 2859/634/2 2860/633/2 2879/630/2
f 2859/634/2 2879/630/2 2880/635/2
f 2573/636/2 2574/628/2 2587/623/2
f 2858/637/2 2859/634/2 2880/635/2
f 2857/638/2 2858/637/2 2880/635/2
f 2856/639/2 2857/638/2 2880/635/2
f 2855/640/2 2856/639/2 2880/635/2
f 2854/641/2 2855/640/2 2880/635/2
f 2603/622/2 2616/631/2 2617/642/2
f 2853/643/2 2854/641/2 2880/635/2
f 2572/644/2 2573/636/2 2587/623/2
f 2853/643/2 2880/635/2 2881/645/2
f 2852/646/2 2853/643/2 2881/645/2
f 2602/647/2 2603/622/2 2617/642/2
f 2572/644/2 2587/623/2 2588/648/2
f 2851/649/2 2852/646/2 2881/645/2
f 2850/650/2 2851/649/2 2881/645/2
f 2571/651/2 2572/644/2 2588/648/2
f 2849/652/2 2850/650/2 2881/645/2
f 2602/647/2 2617/642/2 2618/653/2
f 2849/652/2 2881/645/2 2882/654/2
f 2848/655/2 2849/652/2 2882/654/2
f 2570/656/2 2571/651/2 2588/648/2
f 2847/657/2 2848/655/2 2882/654/2
f 2846/658/2 2847/657/2 2882/654/2
f 2846/658/2 2882/654/2 2883/659/2
f 2602/647/2 2618/653/2 2619/660/2
f 2569/661/2 2570/656/2 2588/648/2
f 2601/662/2 2602/647/2 2619/660/2
f 2569/661/2 2588/648/2 2589/663/2
f 2845/664/2 2846/658/2 2883/659/2
f 2844/665/2 2845/664/2 2883/659/2
f 2568/666/2 2569/661/2 2589/663/2
f 2844/665/2 2883/659/2 2884/667/2
f 2601/662/2 2619/660/2 2620/668/2
f 2843/669/2 2844/665/2 2884/667/2
f 2567/670/2 2568/666/2 2589/663/2
f 2842/671/2 2843/669/2 2884/667/2
f 2601/662/2 2620/668/2 2621/672/2
f 2600/673/2 2601/662/2 2621/672/2
f 2567/670/2 2589/663/2 2590/674/2
f 2841/675/2 2842/671/2 2884/667/2
f 2841/675/2 2884/667/2 2885/676/2
f 2566/677/2 2567/670/2 2590/674/2
f 2600/673/2 2621/672/2 2622/678/2
f 2840/679/2 2841/675/2 2885/676/2
f 2840/679/2 2885/676/2 2886/680/2
f 2600/673/2 2622/678/2 2623/681/2
f 2565/682/2 2566/677/2 2590/674/2
f 2839/683/2 2840/679/2 2886/680/2
f 2839/683/2 2886/680/2 2887/684/2
f 2600/673/2 2623/681/2 2624/685/2
f 2564/686/2 2565/682/2 2590/674/2
f 2838/687/2 2839/683/2 2887/684/2
f 2599/688/2 2600/673/2 2624/685/2
f 2564/686/2 2590/674/2 2591/689/2
f 2838/687/2 2887/684/2 2888/690/2
f 2599/688/2 2624/685/2 2625/691/2
f 2837/692/2 2838/687/2 2888/690/2
f 2837/692/2 2888/690/2 2889/693/2
f 2563/694/2 2564/686/2 2591/689/2
f 2599/688/2 2625/691/2 2626/695/2
f 2837/692/2 2889/693/2 2890/696/2
f 2836/697/2 2837/692/2 2890/696/2
f 2562/698/2 2563/694/2 2591/689/2
f 2836/697/2 2890/696/2 2891/699/2
f 2599/688/2 2626/695/2 2627/700/2
f 2598/701/2 2599/688/2 2627/700/2
f 2562/698/2 2591/689/2 2592/702/2
f 2835/703/2 2836/697/2 2891/699/2
f 2835/703/2 2891/699/2 2892/704/2
f 2598/701/2 2627/700/2 2628/705/2
f 2561/706/2 2562/698/2 2592/702/2
f 2835/703/2 2892/704/2 2893/707/2
f 2834/708/2 2835/703/2 2893/707/2
f 2834/708/2 2893/707/2 2894/709/2
f 2598/701/2 2628/705/2 2629/710/2
f 2560/711/2 2561/706/2 2592/702/2
f 2834/708/2 2894/709/2 2895/712/2
f 2833/713/2 2834/708/2 2895/712/2
f 2597/714/2 2598/701/2 2629/710/2
f 2560/711/2 2592/702/2 2593/715/2
f 2833/713/2 2895/712/2 2896/716/2
f 2597/714/2 2629/710/2 2630/717/2
f 2833/713/2 2896/716/2 2897/718/2
f 2559/719/2 2560/711/2 2593/715/2
f 2832/720/2 2833/713/2 2897/718/2
f 2832/720/2 2897/718/2 2898/721/2
f 2597/714/2 2630/717/2 2631/722/2
f 2831/723/2 2832/720/2 2898/721/2
f 2831/723/2 2898/721/2 2899/724/2
f 2830/725/2 2831/723/2 2899/724/2
f 2558/726/2 2559/719/2 2593/715/2
f 2830/725/2 2899/724/2 2900/727/2
f 2596/728/2 2597/714/2 2631/722/2
f 2558/726/2 2593/715/2 2594/729/2
f 2596/728/2 2631/722/2 2632/730/2
f 2830/725/2 2900/727/2 2901/181/2
f 2829/731/2 2830/725/2 2901/181/2
f 2557/732/2 2558/726/2 2594/729/2
f 2829/731/2 2901/181/2 2902/733/2
f 2828/734/2 2829/731/2 2902/733/2
f 2828/734/2 2902/733/2 2903/735/2
f 2596/728/2 2632/730/2 2633/736/2
f 2827/737/2 2828/734/2 2903/735/2
f 2827/737/2 2903/735/2 2904/738/2
f 2556/739/2 2557/732/2 2594/729/2
f 2827/737/2 2904/738/2 2905/740/2
f 2826/741/2 2827/737/2 2905/740/2
f 2826/741/2 2905/740/2 2906/742/2
f 2825/743/2 2826/741/2 2906/742/2
f 2825/743/2 2906/742/2 2907/744/2
f 2909/745/2 2825/743/2 2907/744/2
f 2909/745/2 2907/744/2 2908/746/2
f 2555/747/2 2556/739/2 2594/729/2
f 2595/748/2 2596/728/2 2633/736/2
f 2555/747/2 2594/729/2 2595/748/2
f 2554/749/2 2555/747/2 2595/748/2
f 2595/748/2 2633/736/2 2634/750/2
f 2553/751/2 2554/749/2 2595/748/2
f 2552/752/2 2553/751/2 2595/748/2
f 2551/753/2 2552/752/2 2595/748/2
f 2550/754/2 2551/753/2 2595/748/2
f 2550/754/2 2595/748/2 2634/750/2
f 2549/755/2 2550/754/2 2634/750/2
f 2549/755/2 2634/750/2 2635/214/2
f 2548/756/2 2549/755/2 2635/214/2
f 2548/756/2 2635/214/2 2636/757/2
f 2548/756/2 2636/757/2 2637/758/2
f 2547/759/2 2548/756/2 2637/758/2
f 2547/759/2 2637/758/2 2638/760/2
f 2547/759/2 2638/760/2 2639/761/2
f 2546/762/2 2547/759/2 2639/761/2
f 2546/762/2 2639/761/2 2640/763/2
f 2546/762/2 2640/763/2 2641/764/2
f 2546/762/2 2641/764/2 2642/765/2
f 2546/762/2 2642/765/2 2643/766/2
f 2946/767/2 2947/769/2 2948/768/2
f 2945/770/2 2946/767/2 2948/768/2
f 2944/771/2 2945/770/2 2948/768/2
f 2943/772/2 2944/771/2 2948/768/2
f 2943/772/2 2948/768/2 2949/773/2
f 2942/774/2 2943/772/2 2949/773/2
f 2942/774/2 2949/773/2 2950/775/2
f 2941/776/2 2942/774/2 2950/775/2
f 2546/762/2 2643/766/2 2644/777/2
f 2940/778/2 2941/776/2 2950/775/2
f 2545/779/2 2546/762/2 2644/777/2
f 2545/779/2 2644/777/2 2645/780/2
f 2940/778/2 2950/775/2 2951/781/2
f 2939/782/2 2940/778/2 2951/781/2
f 2545/779/2 2645/780/2 2646/783/2
f 2938/784/2 2939/782/2 2951/781/2
f 2938/784/2 2951/781/2 2952/785/2
f 2545/779/2 2646/783/2 2647/786/2
f 2545/779/2 2647/786/2 2648/787/2
f 2937/788/2 2938/784/2 2952/785/2
f 2545/779/2 2648/787/2 2649/789/2
f 2937/788/2 2952/785/2 2953/790/2
f 2936/791/2 2937/788/2 2953/790/2
f 2545/779/2 2649/789/2 2650/792/2
f 2544/793/2 2545/779/2 2650/792/2
f 2544/793/2 2650/792/2 2651/794/2
f 2935/795/2 2936/791/2 2953/790/2
f 2935/795/2 2953/790/2 2954/796/2
f 2544/793/2 2651/794/2 2652/797/2
f 2544/793/2 2652/797/2 2653/798/2
f 2934/799/2 2935/795/2 2954/796/2
f 2544/793/2 2653/798/2 2654/800/2
f 2544/793/2 2654/800/2 2655/801/2
f 2934/799/2 2954/796/2 2955/802/2
f 2543/803/2 2544/793/2 2655/801/2
f 2933/804/2 2934/799/2 2955/802/2
f 2543/803/2 2655/801/2 2656/805/2
f 2932/806/2 2933/804/2 2955/802/2
f 2932/806/2 2955/802/2 2956/807/2
f 2931/808/2 2932/806/2 2956/807/2
f 2542/809/2 2543/803/2 2656/805/2
f 2930/810/2 2931/808/2 2956/807/2
f 2542/809/2 2656/805/2 2657/811/2
f 2929/812/2 2930/810/2 2956/807/2
f 2929/812/2 2956/807/2 2957/813/2
f 2928/814/2 2929/812/2 2957/813/2
f 2541/815/2 2542/809/2 2657/811/2
f 2927/816/2 2928/814/2 2957/813/2
f 2541/815/2 2657/811/2 2658/817/2
f 2926/818/2 2927/816/2 2957/813/2
f 2926/818/2 2957/813/2 2958/819/2
f 2925/820/2 2926/818/2 2958/819/2
f 2540/821/2 2541/815/2 2658/817/2
f 2925/820/2 2958/819/2 2959/822/2
f 2924/823/2 2925/820/2 2959/822/2
f 2924/823/2 2959/822/2 2960/824/2
f 2923/825/2 2924/823/2 2960/824/2
f 2540/821/2 2658/817/2 2659/826/2
f 2923/825/2 2960/824/2 2961/827/2
f 2923/825/2 2961/827/2 2962/828/2
f 2922/829/2 2923/825/2 2962/828/2
f 2539/830/2 2540/821/2 2659/826/2
f 2922/829/2 2962/828/2 2963/831/2
f 2921/832/2 2922/829/2 2963/831/2
f 2921/832/2 2963/831/2 2964/833/2
f 2920/834/2 2921/832/2 2964/833/2
f 2920/834/2 2964/833/2 2965/835/2
f 2539/830/2 2659/826/2 2660/836/2
f 2920/834/2 2965/835/2 2966/837/2
f 2538/838/2 2539/830/2 2660/836/2
f 2920/834/2 2966/837/2 2967/839/2
f 2919/840/2 2920/834/2 2967/839/2
f 2919/840/2 2967/839/2 2968/841/2
f 2919/840/2 2968/841/2 2969/842/2
f 2918/843/2 2919/840/2 2969/842/2
f 2918/843/2 2969/842/2 2970/844/2
f 2537/845/2 2538/838/2 2660/836/2
f 2918/843/2 2970/844/2 2971/846/2
f 2537/845/2 2660/836/2 3006/847/2
f 3006/847/2 2660/836/2 2661/848/2
f 2917/849/2 2918/843/2 2971/846/2
f 2917/849/2 2971/846/2 2972/850/2
f 2917/849/2 2972/850/2 2973/851/2
f 2916/852/2 2917/849/2 2973/851/2
f 2916/852/2 2973/851/2 2974/853/2
f 2536/854/2 2537/845/2 3031/855/2
f 3031/855/2 2537/845/2 3030/856/2
f 3030/856/2 2537/845/2 3006/847/2
f 2916/852/2 2974/853/2 2975/857/2
f 2916/852/2 2975/857/2 2976/858/2
f 2915/859/2 2916/852/2 2976/858/2
f 2915/859/2 2976/858/2 2977/860/2
f 3029/861/2 3030/856/2 3006/847/2
f 3029/861/2 3006/847/2 3007/862/2
f 3005/863/2 3006/847/2 2661/848/2
f 3028/864/2 3029/861/2 3007/862/2
f 3028/864/2 3007/862/2 3008/865/2
f 3027/866/2 3028/864/2 3008/865/2
f 3027/866/2 3008/865/2 3009/867/2
f 3026/868/2 3027/866/2 3009/867/2
f 3026/868/2 3009/867/2 3010/869/2
f 2536/854/2 3031/855/2 3032/870/2
f 3004/871/2 3005/863/2 2661/848/2
f 3025/872/2 3026/868/2 3010/869/2
f 3025/872/2 3010/869/2 3011/873/2
f 3024/874/2 3025/872/2 3011/873/2
f 3024/874/2 3011/873/2 3012/875/2
f 2915/859/2 2977/860/2 2978/876/2
f 3023/877/2 3024/874/2 3012/875/2
f 3023/877/2 3012/875/2 3013/878/2
f 3022/879/2 3023/877/2 3013/878/2
f 3022/879/2 3013/878/2 3014/880/2
f 3021/881/2 3022/879/2 3014/880/2
f 3021/881/2 3014/880/2 3015/882/2
f 2536/854/2 3032/870/2 3033/883/2
f 3020/884/2 3021/881/2 3015/882/2
f 3020/884/2 3015/882/2 3016/885/2
f 3003/886/2 3004/871/2 2661/848/2
f 3019/887/2 3020/884/2 3016/885/2
f 3019/887/2 3016/885/2 3017/888/2
f 3018/889/2 3019/887/2 3017/888/2
f 2915/859/2 2978/876/2 2979/890/2
f 2915/859/2 2979/890/2 2980/891/2
f 2536/854/2 3033/883/2 3034/127/2
f 2915/859/2 2980/891/2 2981/892/2
f 2915/859/2 2981/892/2 2982/893/2
f 3002/894/2 3003/886/2 2661/848/2
f 2915/859/2 2982/893/2 2983/895/2
f 2914/896/2 2915/859/2 2983/895/2
f 2914/896/2 2983/895/2 2984/897/2
f 2914/896/2 2984/897/2 2985/898/2
f 2536/854/2 3034/127/2 3035/899/2
f 3001/900/2 3002/894/2 2661/848/2
f 2914/896/2 2985/898/2 2986/901/2
f 2914/896/2 2986/901/2 2987/902/2
f 2913/903/2 2914/896/2 2987/902/2
f 2536/854/2 3035/899/2 3036/904/2
f 2535/905/2 2536/854/2 3036/904/2
f 3001/900/2 2661/848/2 2662/906/2
f 2913/903/2 2987/902/2 2988/907/2
f 3000/908/2 3001/900/2 2662/906/2
f 2913/903/2 2988/907/2 2989/909/2
f 2912/910/2 2913/903/2 2989/909/2
f 2912/910/2 2989/909/2 2990/911/2
f 2535/905/2 3036/904/2 3037/912/2
f 2911/913/2 2912/910/2 2990/911/2
f 2911/913/2 2990/911/2 2991/914/2
f 2999/915/2 3000/908/2 2662/906/2
f 2910/916/2 2911/913/2 2991/914/2
f 2910/916/2 2991/914/2 2992/917/2
f 2910/916/2 2992/917/2 2993/918/2
f 2994/919/2 2910/916/2 2993/918/2
f 2535/905/2 3037/912/2 3038/920/2
f 2998/921/2 2999/915/2 2662/906/2
f 2534/922/2 2535/905/2 3038/920/2
f 2534/922/2 3038/920/2 3039/923/2
f 2997/924/2 2998/921/2 2662/906/2
f 2534/922/2 3039/923/2 3040/925/2
f 2996/926/2 2997/924/2 2662/906/2
f 2996/926/2 2662/906/2 2663/927/2
f 2533/928/2 2534/922/2 3040/925/2
f 2533/928/2 3040/925/2 3041/929/2
f 2995/930/2 2996/926/2 2663/927/2
f 3115/931/2 3116/933/2 3117/932/2
f 3115/931/2 3117/932/2 3118/934/2
f 3114/935/2 3115/931/2 3118/934/2
f 3113/936/2 3114/935/2 3118/934/2
f 3112/937/2 3113/936/2 3118/934/2
f 3112/937/2 3118/934/2 3119/938/2
f 3111/939/2 3112/937/2 3119/938/2
f 3110/940/2 3111/939/2 3119/938/2
f 3110/940/2 3119/938/2 3120/941/2
f 3109/942/2 3110/940/2 3120/941/2
f 3108/943/2 3109/942/2 3120/941/2
f 3108/943/2 3120/941/2 3121/944/2
f 3107/945/2 3108/943/2 3121/944/2
f 2533/928/2 3041/929/2 3042/946/2
f 3080/947/2 2995/930/2 2663/927/2
f 3107/945/2 3121/944/2 3122/948/2
f 3106/949/2 3107/945/2 3122/948/2
f 2532/950/2 2533/928/2 3042/946/2
f 3105/951/2 3106/949/2 3122/948/2
f 3105/951/2 3122/948/2 3123/952/2
f 3104/953/2 3105/951/2 3123/952/2
f 3080/947/2 2663/927/2 2664/954/2
f 3103/955/2 3104/953/2 3123/952/2
f 2532/950/2 3042/946/2 3043/956/2
f 3103/955/2 3123/952/2 3124/957/2
f 3079/958/2 3080/947/2 2664/954/2
f 3102/959/2 3103/955/2 3124/957/2
f 3101/960/2 3102/959/2 3124/957/2
f 3101/960/2 3124/957/2 3125/961/2
f 2531/962/2 2532/950/2 3043/956/2
f 3100/963/2 3101/960/2 3125/961/2
f 3099/964/2 3100/963/2 3125/961/2
f 3099/964/2 3125/961/2 3126/965/2
f 3098/966/2 3099/964/2 3126/965/2
f 2531/962/2 3043/956/2 3044/967/2
f 3079/958/2 2664/954/2 2665/968/2
f 3078/969/2 3079/958/2 2665/968/2
f 3097/970/2 3098/966/2 3126/965/2
f 3097/970/2 3126/965/2 3127/971/2
f 2530/972/2 2531/962/2 3044/967/2
f 3096/973/2 3097/970/2 3127/971/2
f 3095/974/2 3096/973/2 3127/971/2
f 2530/972/2 3044/967/2 3045/975/2
f 3077/976/2 3078/969/2 2665/968/2
f 3094/977/2 3095/974/2 3127/971/2
f 3094/977/2 3127/971/2 3128/978/2
f 3093/979/2 3094/977/2 3128/978/2
f 2530/972/2 3045/975/2 3046/980/2
f 3077/976/2 2665/968/2 2666/981/2
f 2529/982/2 2530/972/2 3046/980/2
f 3076/983/2 3077/976/2 2666/981/2
f 3092/984/2 3093/979/2 3128/978/2
f 3092/984/2 3128/978/2 3129/985/2
f 3091/986/2 3092/984/2 3129/985/2
f 2529/982/2 3046/980/2 3047/987/2
f 3075/988/2 3076/983/2 2666/981/2
f 2529/982/2 3047/987/2 3048/989/2
f 2528/990/2 2529/982/2 3048/989/2
f 3074/991/2 3075/988/2 2666/981/2
f 3090/992/2 3091/986/2 3129/985/2
f 3074/991/2 2666/981/2 2667/993/2
f 3090/992/2 3129/985/2 3130/994/2
f 2528/990/2 3048/989/2 3049/995/2
f 3073/996/2 3074/991/2 2667/993/2
f 2528/990/2 3049/995/2 3050/997/2
f 3072/998/2 3073/996/2 2667/993/2
f 3089/999/2 3090/992/2 3130/994/2
f 2528/990/2 3050/997/2 3051/1000/2
f 3089/999/2 3130/994/2 3131/1001/2
f 3071/1002/2 3072/998/2 2667/993/2
f 2528/990/2 3051/1000/2 3052/1003/2
f 2527/1004/2 2528/990/2 3052/1003/2
f 2527/1004/2 3052/1003/2 3053/1005/2
f 3070/1006/2 3071/1002/2 2667/993/2
f 2527/1004/2 3053/1005/2 3054/1007/2
f 2527/1004/2 3054/1007/2 3055/1008/2
f 2527/1004/2 3055/1008/2 3056/1009/2
f 2527/1004/2 3056/1009/2 3057/1010/2
f 2527/1004/2 3057/1010/2 3058/1011/2
f 3069/1012/2 3070/1006/2 2667/993/2
f 2527/1004/2 3058/1011/2 3059/1013/2
f 2527/1004/2 3059/1013/2 3060/1014/2
f 2527/1004/2 3060/1014/2 3061/1015/2
f 3069/1012/2 2667/993/2 2668/1016/2
f 2527/1004/2 3061/1015/2 3062/1017/2
f 2527/1004/2 3062/1017/2 3063/1018/2
f 3068/1019/2 3069/1012/2 2668/1016/2
f 2527/1004/2 3063/1018/2 3064/1020/2
f 3088/1021/2 3089/999/2 3131/1001/2
f 2527/1004/2 3064/1020/2 3065/1022/2
f 3067/1023/2 3068/1019/2 2668/1016/2
f 2527/1004/2 3065/1022/2 3066/1024/2
f 2527/1004/2 3066/1024/2 3067/1023/2
f 2527/1004/2 3067/1023/2 2668/1016/2
f 3088/1021/2 3131/1001/2 3132/1025/2
f 2527/1004/2 2668/1016/2 2669/1026/2
f 3087/1027/2 3088/1021/2 3132/1025/2
f 2526/1028/2 2527/1004/2 2669/1026/2
f 3087/1027/2 3132/1025/2 3133/1029/2
f 3086/1030/2 3087/1027/2 3133/1029/2
f 2526/1028/2 2669/1026/2 2670/1031/2
f 3086/1030/2 3133/1029/2 3134/1032/2
f 3085/1033/2 3086/1030/2 3134/1032/2
f 3085/1033/2 3134/1032/2 3135/1034/2
f 2525/1035/2 2526/1028/2 2670/1031/2
f 3084/1036/2 3085/1033/2 3135/1034/2
f 3084/1036/2 3135/1034/2 3136/1037/2
f 2525/1035/2 2670/1031/2 2671/1038/2
f 3083/1039/2 3084/1036/2 3136/1037/2
f 3083/1039/2 3136/1037/2 3137/1040/2
f 3082/1041/2 3083/1039/2 3137/1040/2
f 3082/1041/2 3137/1040/2 3138/1042/2
f 3082/1041/2 3138/1042/2 3139/1043/2
f 3081/1044/2 3082/1041/2 3139/1043/2
f 3081/1044/2 3139/1043/2 3140/1045/2
f 3142/1046/2 3081/1044/2 3140/1045/2
f 3142/1046/2 3140/1045/2 3141/1047/2
f 2525/1035/2 2671/1038/2 2672/1048/2
f 2524/1049/2 2525/1035/2 2672/1048/2
f 2524/1049/2 2672/1048/2 2673/1050/2
f 2523/1051/2 2524/1049/2 2673/1050/2
f 3189/1052/2 3190/1054/2 3191/1053/2
f 3189/1052/2 3191/1053/2 3192/1055/2
f 3189/1052/2 3192/1055/2 3193/1056/2
f 3189/1052/2 3193/1056/2 3194/1057/2
f 3189/1052/2 3194/1057/2 3195/1058/2
f 3188/1059/2 3189/1052/2 3195/1058/2
f 3188/1059/2 3195/1058/2 3196/1060/2
f 3188/1059/2 3196/1060/2 3197/1061/2
f 3188/1059/2 3197/1061/2 3198/1062/2
f 3188/1059/2 3198/1062/2 3199/1063/2
f 3188/1059/2 3199/1063/2 3200/1064/2
f 3188/1059/2 3200/1064/2 3201/1065/2
f 3188/1059/2 3201/1065/2 3202/1066/2
f 3188/1059/2 3202/1066/2 3203/1067/2
f 3188/1059/2 3203/1067/2 3204/1068/2
f 3188/1059/2 3204/1068/2 3205/1069/2
f 3187/1070/2 3188/1059/2 3205/1069/2
f 3187/1070/2 3205/1069/2 3206/1071/2
f 3187/1070/2 3206/1071/2 3207/1072/2
f 3187/1070/2 3207/1072/2 3208/1073/2
f 2523/1051/2 2673/1050/2 2674/1074/2
f 3187/1070/2 3208/1073/2 3209/1075/2
f 3186/1076/2 3187/1070/2 3209/1075/2
f 3186/1076/2 3209/1075/2 3210/1077/2
f 3186/1076/2 3210/1077/2 3211/1078/2
f 3186/1076/2 3211/1078/2 3212/1079/2
f 3186/1076/2 3212/1079/2 3213/1080/2
f 3185/1081/2 3186/1076/2 3213/1080/2
f 3185/1081/2 3213/1080/2 3214/1082/2
f 3185/1081/2 3214/1082/2 3215/1083/2
f 3185/1081/2 3215/1083/2 3216/1084/2
f 2522/1085/2 2523/1051/2 2674/1074/2
f 3184/1086/2 3185/1081/2 3216/1084/2
f 3184/1086/2 3216/1084/2 3217/1087/2
f 3184/1086/2 3217/1087/2 3218/1088/2
f 3184/1086/2 3218/1088/2 3219/1089/2
f 2521/1090/2 2522/1085/2 2674/1074/2
f 2521/1090/2 2674/1074/2 2675/1091/2
f 3184/1086/2 3219/1089/2 3220/1092/2
f 3183/1093/2 3184/1086/2 3220/1092/2
f 3183/1093/2 3220/1092/2 3221/1094/2
f 2520/1095/2 2521/1090/2 2675/1091/2
f 3183/1093/2 3221/1094/2 3222/1096/2
f 3183/1093/2 3222/1096/2 3223/1097/2
f 2519/1098/2 2520/1095/2 2675/1091/2
f 3182/1099/2 3183/1093/2 3223/1097/2
f 3182/1099/2 3223/1097/2 3224/1100/2
f 2519/1098/2 2675/1091/2 2676/1101/2
f 2518/1102/2 2519/1098/2 2676/1101/2
f 3182/1099/2 3224/1100/2 3225/1103/2
f 3181/1104/2 3182/1099/2 3225/1103/2
f 2517/1105/2 2518/1102/2 2676/1101/2
f 3181/1104/2 3225/1103/2 3226/1106/2
f 2516/1107/2 2517/1105/2 2676/1101/2
f 3181/1104/2 3226/1106/2 3227/1108/2
f 2516/1107/2 2676/1101/2 2677/1109/2
f 3181/1104/2 3227/1108/2 3228/1110/2
f 2515/1111/2 2516/1107/2 2677/1109/2
f 3180/1112/2 3181/1104/2 3228/1110/2
f 3180/1112/2 3228/1110/2 3229/1113/2
f 2514/1114/2 2515/1111/2 2677/1109/2
f 3180/1112/2 3229/1113/2 3230/1115/2
f 2514/1114/2 2677/1109/2 2678/1116/2
f 2513/1117/2 2514/1114/2 2678/1116/2
f 3180/1112/2 3230/1115/2 3231/1118/2
f 3179/1119/2 3180/1112/2 3231/1118/2
f 2512/1120/2 2513/1117/2 2678/1116/2
f 3179/1119/2 3231/1118/2 3232/1121/2
f 2512/1120/2 2678/1116/2 2679/1122/2
f 2511/1123/2 2512/1120/2 2679/1122/2
f 3179/1119/2 3232/1121/2 3233/1124/2
f 3179/1119/2 3233/1124/2 3234/1125/2
f 2510/1126/2 2511/1123/2 2679/1122/2
f 2510/1126/2 2679/1122/2 2680/1127/2
f 3179/1119/2 3234/1125/2 3235/1128/2
f 3178/1129/2 3179/1119/2 3235/1128/2
f 3178/1129/2 3235/1128/2 3236/1130/2
f 2510/1126/2 2680/1127/2 2681/1131/2
f 3178/1129/2 3236/1130/2 3237/1132/2
f 2509/1133/2 2510/1126/2 2681/1131/2
f 3178/1129/2 3237/1132/2 3238/1134/2
f 2509/1133/2 2681/1131/2 2682/1135/2
f 3178/1129/2 3238/1134/2 3239/1136/2
f 3177/1137/2 3178/1129/2 3239/1136/2
f 2509/1133/2 2682/1135/2 2683/1138/2
f 2508/1139/2 2509/1133/2 2683/1138/2
f 3177/1137/2 3239/1136/2 3240/1140/2
f 2508/1139/2 2683/1138/2 2684/1141/2
f 2508/1139/2 2684/1141/2 2685/1142/2
f 3177/1137/2 3240/1140/2 3241/1143/2
f 2508/1139/2 2685/1142/2 2686/1144/2
f 2508/1139/2 2686/1144/2 2687/1145/2
f 2508/1139/2 2687/1145/2 2688/1146/2
f 2507/1147/2 2508/1139/2 2688/1146/2
f 2507/1147/2 2688/1146/2 2689/1148/2
f 3177/1137/2 3241/1143/2 3242/1149/2
f 2506/1150/2 2507/1147/2 2689/1148/2
f 3176/1151/2 3177/1137/2 3242/1149/2
f 2505/1152/2 2506/1150/2 2689/1148/2
f 2504/1153/2 2505/1152/2 2689/1148/2
f 2504/1153/2 2689/1148/2 2690/1154/2
f 3176/1151/2 3242/1149/2 3243/1155/2
f 2503/1156/2 2504/1153/2 2690/1154/2
f 2502/426/2 2503/1156/2 2690/1154/2
f 2501/1157/2 2502/426/2 2824/1158/2
f 2824/1158/2 2502/426/2 2690/1154/2
f 3176/1151/2 3243/1155/2 3244/1159/2
f 2501/1157/2 2824/1158/2 2236/357/2
f 2823/1160/2 2824/1158/2 2690/1154/2
f 2501/1157/2 2236/357/2 2237/1161/2
f 2823/1160/2 2690/1154/2 2691/1162/2
f 2501/1157/2 2237/1161/2 2238/1163/2
f 3176/1151/2 3244/1159/2 3245/1164/2
f 3175/1165/2 3176/1151/2 3245/1164/2
f 2500/1166/2 2501/1157/2 2238/1163/2
f 2500/1166/2 2238/1163/2 2239/1167/2
f 2500/1166/2 2239/1167/2 2240/1168/2
f 3175/1165/2 3245/1164/2 3246/1169/2
f 2500/1166/2 2240/1168/2 2241/1170/2
f 3175/1165/2 3246/1169/2 3247/1171/2
f 2823/1160/2 2691/1162/2 2692/1172/2
f 2499/1173/2 2500/1166/2 2241/1170/2
f 2499/1173/2 2241/1170/2 2242/1174/2
f 3174/1175/2 3175/1165/2 3247/1171/2
f 3174/1175/2 3247/1171/2 3248/1176/2
f 2499/1173/2 2242/1174/2 2243/1177/2
f 3174/1175/2 3248/1176/2 3249/1178/2
f 2499/1173/2 2243/1177/2 2244/1179/2
f 3173/1180/2 3174/1175/2 3249/1178/2
f 2823/1160/2 2692/1172/2 2693/1181/2
f 3173/1180/2 3249/1178/2 3250/1182/2
f 2499/1173/2 2244/1179/2 2245/1183/2
f 3173/1180/2 3250/1182/2 3143/1184/2
f 2498/1185/2 2499/1173/2 2245/1183/2
f 2822/1186/2 2823/1160/2 2693/1181/2
f 2498/1185/2 2245/1183/2 2246/1187/2
f 3173/1180/2 3143/1184/2 3144/1188/2
f 3172/1189/2 3173/1180/2 3144/1188/2
f 3172/1189/2 3144/1188/2 3145/1190/2
f 2498/1185/2 2246/1187/2 2247/1191/2
f 3172/1189/2 3145/1190/2 3146/1192/2
f 2822/1186/2 2693/1181/2 2694/1193/2
f 3171/1194/2 3172/1189/2 3146/1192/2
f 3171/1194/2 3146/1192/2 3147/1195/2
f 2498/1185/2 2247/1191/2 2248/1196/2
f 3171/1194/2 3147/1195/2 3148/1197/2
f 3171/1194/2 3148/1197/2 3149/1198/2
f 2498/1185/2 2248/1196/2 2249/1199/2
f 3171/1194/2 3149/1198/2 3150/1200/2
f 3170/1201/2 3171/1194/2 3150/1200/2
f 3170/1201/2 3150/1200/2 3151/1202/2
f 3170/1201/2 3151/1202/2 3152/1203/2
f 3170/1201/2 3152/1203/2 3153/1204/2
f 2498/1185/2 2249/1199/2 2250/1205/2
f 3170/1201/2 3153/1204/2 3154/1206/2
f 3170/1201/2 3154/1206/2 3155/1207/2
f 3170/1201/2 3155/1207/2 3156/1208/2
f 3170/1201/2 3156/1208/2 3157/1209/2
f 3170/1201/2 3157/1209/2 3158/1210/2
f 3169/1211/2 3170/1201/2 3158/1210/2
f 3169/1211/2 3158/1210/2 3159/1212/2
f 3169/1211/2 3159/1212/2 3160/1213/2
f 3169/1211/2 3160/1213/2 3161/1214/2
f 3169/1211/2 3161/1214/2 3162/1215/2
f 3168/1216/2 3169/1211/2 3162/1215/2
f 2498/1185/2 2250/1205/2 2251/1217/2
f 3168/1216/2 3162/1215/2 3163/1218/2
f 3168/1216/2 3163/1218/2 3164/1219/2
f 3167/235/2 3168/1216/2 3164/1219/2
f 3167/235/2 3164/1219/2 3165/1220/2
f 3167/235/2 3165/1220/2 3166/1221/2
f 2498/1185/2 2251/1217/2 2252/1222/2
f 2497/1223/2 2498/1185/2 2252/1222/2
f 2822/1186/2 2694/1193/2 2695/1224/2
f 2497/1223/2 2252/1222/2 2253/1225/2
f 2497/1223/2 2253/1225/2 2254/1226/2
f 2497/1223/2 2254/1226/2 2255/1227/2
f 2497/1223/2 2255/1227/2 2256/1228/2
f 2497/1223/2 2256/1228/2 2257/1229/2
f 2822/1186/2 2695/1224/2 2696/1230/2
f 2497/1223/2 2257/1229/2 2258/1231/2
f 2821/1232/2 2822/1186/2 2696/1230/2
f 2497/1223/2 2258/1231/2 2259/1233/2
f 2497/1223/2 2259/1233/2 2260/1234/2
f 2496/1235/2 2497/1223/2 2260/1234/2
f 2821/1232/2 2696/1230/2 2697/1236/2
f 2496/1235/2 2260/1234/2 2261/1237/2
f 2450/1238/2 2451/1240/2 2452/1239/2
f 2449/1241/2 2450/1238/2 2452/1239/2
f 2449/1241/2 2452/1239/2 2453/1242/2
f 2448/1243/2 2449/1241/2 2453/1242/2
f 2447/1244/2 2448/1243/2 2453/1242/2
f 2447/1244/2 2453/1242/2 2454/1245/2
f 2446/1246/2 2447/1244/2 2454/1245/2
f 2445/1247/2 2446/1246/2 2454/1245/2
f 2445/1247/2 2454/1245/2 2455/1248/2
f 2444/1249/2 2445/1247/2 2455/1248/2
f 2426/1250/2 2427/1252/2 2428/1251/2
f 2426/1250/2 2428/1251/2 2429/1253/2
f 2426/1250/2 2429/1253/2 2430/1254/2
f 2426/1250/2 2430/1254/2 2431/1255/2
f 2443/1256/2 2444/1249/2 2455/1248/2
f 2426/1250/2 2431/1255/2 2432/1257/2
f 2425/1258/2 2426/1250/2 2432/1257/2
f 2425/1258/2 2432/1257/2 2433/1259/2
f 2442/1260/2 2443/1256/2 2455/1248/2
f 2425/1258/2 2433/1259/2 2434/1261/2
f 2425/1258/2 2434/1261/2 2435/1262/2
f 2442/1260/2 2455/1248/2 2456/1263/2
f 2441/1264/2 2442/1260/2 2456/1263/2
f 2425/1258/2 2435/1262/2 2436/1265/2
f 2425/1258/2 2436/1265/2 2437/1266/2
f 2440/1267/2 2441/1264/2 2456/1263/2
f 2425/1258/2 2437/1266/2 2438/1268/2
f 2439/1269/2 2440/1267/2 2456/1263/2
f 2425/1258/2 2438/1268/2 2439/1269/2
f 2425/1258/2 2439/1269/2 2456/1263/2
f 2424/1270/2 2425/1258/2 2456/1263/2
f 2424/1270/2 2456/1263/2 2457/1271/2
f 2821/1232/2 2697/1236/2 2698/1272/2
f 2423/1273/2 2424/1270/2 2457/1271/2
f 2423/1273/2 2457/1271/2 2458/1274/2
f 2496/1235/2 2261/1237/2 2262/1275/2
f 2423/1273/2 2458/1274/2 2459/1276/2
f 2422/1277/2 2423/1273/2 2459/1276/2
f 2820/1278/2 2821/1232/2 2698/1272/2
f 2495/1279/2 2496/1235/2 2262/1275/2
f 2422/1277/2 2459/1276/2 2460/1280/2
f 2421/1281/2 2422/1277/2 2460/1280/2
f 2820/1278/2 2698/1272/2 2699/1282/2
f 2421/1281/2 2460/1280/2 2461/1283/2
f 2495/1279/2 2262/1275/2 2263/1284/2
f 2420/1285/2 2421/1281/2 2461/1283/2
f 2420/1285/2 2461/1283/2 2462/1286/2
f 2759/1287/2 2760/1289/2 2761/1288/2
f 2758/1290/2 2759/1287/2 2761/1288/2
f 2758/1290/2 2761/1288/2 2762/1291/2
f 2758/1290/2 2762/1291/2 2763/1292/2
f 2758/1290/2 2763/1292/2 2764/1293/2
f 2757/1294/2 2758/1290/2 2764/1293/2
f 2757/1294/2 2764/1293/2 2765/1295/2
f 2756/1296/2 2757/1294/2 2765/1295/2
f 2756/1296/2 2765/1295/2 2766/1297/2
f 2755/1298/2 2756/1296/2 2766/1297/2
f 2820/1278/2 2699/1282/2 2700/1299/2
f 2755/1298/2 2766/1297/2 2767/1300/2
f 2754/1301/2 2755/1298/2 2767/1300/2
f 2420/1285/2 2462/1286/2 2463/1302/2
f 2754/1301/2 2767/1300/2 2768/327/2
f 2753/1303/2 2754/1301/2 2768/327/2
f 2495/1279/2 2263/1284/2 2264/1304/2
f 2419/1305/2 2420/1285/2 2463/1302/2
f 2752/1306/2 2753/1303/2 2768/327/2
f 2752/1306/2 2768/327/2 2769/1307/2
f 2751/1308/2 2752/1306/2 2769/1307/2
f 2751/1308/2 2769/1307/2 2770/1309/2
f 2494/1310/2 2495/1279/2 2264/1304/2
f 2419/1305/2 2463/1302/2 2464/1311/2
f 2819/1312/2 2820/1278/2 2700/1299/2
f 2750/1313/2 2751/1308/2 2770/1309/2
f 2819/1312/2 2700/1299/2 2701/1314/2
f 2750/1313/2 2770/1309/2 2771/1315/2
f 2494/1310/2 2264/1304/2 2265/1316/2
f 2418/1317/2 2419/1305/2 2464/1311/2
f 2749/1318/2 2750/1313/2 2771/1315/2
f 2749/1318/2 2771/1315/2 2772/1319/2
f 2418/1317/2 2464/1311/2 2465/1320/2
f 2748/1321/2 2749/1318/2 2772/1319/2
f 2748/1321/2 2772/1319/2 2773/1322/2
f 2819/1312/2 2701/1314/2 2702/1323/2
f 2494/1310/2 2265/1316/2 2266/1324/2
f 2747/1325/2 2748/1321/2 2773/1322/2
f 2747/1325/2 2773/1322/2 2774/1326/2
f 2418/1317/2 2465/1320/2 2466/1327/2
f 2417/1328/2 2418/1317/2 2466/1327/2
f 2746/1329/2 2747/1325/2 2774/1326/2
f 2819/1312/2 2702/1323/2 2703/1330/2
f 2493/1331/2 2494/1310/2 2266/1324/2
f 2746/1329/2 2774/1326/2 2775/1332/2
f 2493/1331/2 2266/1324/2 2267/1333/2
f 2818/1334/2 2819/1312/2 2703/1330/2
f 2745/1335/2 2746/1329/2 2775/1332/2
f 2417/1328/2 2466/1327/2 2467/1336/2
f 2745/1335/2 2775/1332/2 2776/1337/2
f 2818/1334/2 2703/1330/2 2704/1338/2
f 2744/1339/2 2745/1335/2 2776/1337/2
f 2416/1340/2 2417/1328/2 2467/1336/2
f 2493/1331/2 2267/1333/2 2268/1341/2
f 2416/1340/2 2467/1336/2 2468/1342/2
f 2743/1343/2 2744/1339/2 2776/1337/2
f 2743/1343/2 2776/1337/2 2777/1344/2
f 2818/1334/2 2704/1338/2 2705/1345/2
f 2493/1331/2 2268/1341/2 2269/1346/2
f 2742/1347/2 2743/1343/2 2777/1344/2
f 2492/1348/2 2493/1331/2 2269/1346/2
f 2742/1347/2 2777/1344/2 2778/1349/2
f 2416/1340/2 2468/1342/2 2469/1350/2
f 2415/1351/2 2416/1340/2 2469/1350/2
f 2817/1352/2 2818/1334/2 2705/1345/2
f 2817/1352/2 2705/1345/2 2706/1353/2
f 2741/1354/2 2742/1347/2 2778/1349/2
f 2492/1348/2 2269/1346/2 2270/1355/2
f 2741/1354/2 2778/1349/2 2779/1356/2
f 2740/1357/2 2741/1354/2 2779/1356/2
f 2415/1351/2 2469/1350/2 2470/1358/2
f 2817/1352/2 2706/1353/2 2707/1359/2
f 2492/1348/2 2270/1355/2 2271/1360/2
f 2739/1361/2 2740/1357/2 2779/1356/2
f 2739/1361/2 2779/1356/2 2780/1362/2
f 2491/1363/2 2492/1348/2 2271/1360/2
f 2414/1364/2 2415/1351/2 2470/1358/2
f 2414/1364/2 2470/1358/2 2471/1365/2
f 2817/1352/2 2707/1359/2 2708/1366/2
f 2738/1367/2 2739/1361/2 2780/1362/2
f 2491/1363/2 2271/1360/2 2272/1368/2
f 2738/1367/2 2780/1362/2 2781/1369/2
f 2816/1370/2 2817/1352/2 2708/1366/2
f 2737/1371/2 2738/1367/2 2781/1369/2
f 2414/1364/2 2471/1365/2 2472/1372/2
f 2491/1363/2 2272/1368/2 2273/1373/2
f 2816/1370/2 2708/1366/2 2709/1374/2
f 2737/1371/2 2781/1369/2 2782/1375/2
f 2736/1376/2 2737/1371/2 2782/1375/2
f 2413/1377/2 2414/1364/2 2472/1372/2
f 2490/1378/2 2491/1363/2 2273/1373/2
f 2490/1378/2 2273/1373/2 2274/1379/2
f 2736/1376/2 2782/1375/2 2783/1380/2
f 2816/1370/2 2709/1374/2 2710/1381/2
f 2413/1377/2 2472/1372/2 2473/1382/2
f 2735/1383/2 2736/1376/2 2783/1380/2
f 2490/1378/2 2274/1379/2 2275/1384/2
f 2815/1385/2 2816/1370/2 2710/1381/2
f 2735/1383/2 2783/1380/2 2784/1386/2
f 2734/1387/2 2735/1383/2 2784/1386/2
f 2815/1385/2 2710/1381/2 2711/1388/2
f 2413/1377/2 2473/1382/2 3299/1389/2
f 3299/1389/2 2473/1382/2 2474/1390/2
f 2412/1391/2 2413/1377/2 3300/330/2
f 3300/330/2 2413/1377/2 3299/1389/2
f 2489/1392/2 2490/1378/2 2275/1384/2
f 2489/1392/2 2275/1384/2 2276/1393/2
f 2412/1391/2 3300/330/2 3251/1394/2
f 3298/1395/2 3299/1389/2 2474/1390/2
f 2412/1391/2 3251/1394/2 3252/1396/2
f 3297/1397/2 3298/1395/2 2474/1390/2
f 2734/1387/2 2784/1386/2 2785/1398/2
f 2412/1391/2 3252/1396/2 3253/1399/2
f 3296/1400/2 3297/1397/2 2474/1390/2
f 2733/1401/2 2734/1387/2 2785/1398/2
f 2412/1391/2 3253/1399/2 3254/1402/2
f 3295/1403/2 3296/1400/2 2474/1390/2
f 2815/1385/2 2711/1388/2 2712/1404/2
f 3295/1403/2 2474/1390/2 2475/1405/2
f 2412/1391/2 3254/1402/2 3255/1406/2
f 3294/1407/2 3295/1403/2 2475/1405/2
f 2489/1392/2 2276/1393/2 2277/1408/2
f 2412/1391/2 3255/1406/2 3256/1409/2
f 2733/1401/2 2785/1398/2 2786/1410/2
f 3293/1411/2 3294/1407/2 2475/1405/2
f 2488/1412/2 2489/1392/2 2277/1408/2
f 2732/1413/2 2733/1401/2 2786/1410/2
f 2412/1391/2 3256/1409/2 3257/1414/2
f 2815/1385/2 2712/1404/2 2713/1415/2
f 3292/1416/2 3293/1411/2 2475/1405/2
f 3292/1416/2 2475/1405/2 2476/1417/2
f 2488/1412/2 2277/1408/2 2278/1418/2
f 3292/1416/2 2476/1417/2 2477/1419/2
f 3292/1416/2 2477/1419/2 2478/1420/2
f 2814/1421/2 2815/1385/2 2713/1415/2
f 2412/1391/2 3257/1414/2 3258/1422/2
f 3292/1416/2 2478/1420/2 2479/1423/2
f 3292/1416/2 2479/1423/2 2480/1424/2
f 2732/1413/2 2786/1410/2 2787/1425/2
f 2411/1426/2 2412/1391/2 3258/1422/2
f 3292/1416/2 2480/1424/2 2481/1427/2
f 2487/1428/2 2488/1412/2 2278/1418/2
f 3291/1429/2 3292/1416/2 2481/1427/2
f 3291/1429/2 2481/1427/2 2482/1430/2
f 2411/1426/2 3258/1422/2 3259/1431/2
f 3291/1429/2 2482/1430/2 2483/1432/2
f 3291/1429/2 2483/1432/2 2484/1433/2
f 2731/1434/2 2732/1413/2 2787/1425/2
f 3291/1429/2 2484/1433/2 2485/1435/2
f 3291/1429/2 2485/1435/2 2486/1436/2
f 3291/1429/2 2486/1436/2 2487/1428/2
f 3291/1429/2 2487/1428/2 2278/1418/2
f 3291/1429/2 2278/1418/2 2279/1437/2
f 2814/1421/2 2713/1415/2 2714/1438/2
f 2411/1426/2 3259/1431/2 3260/1439/2
f 3290/1440/2 3291/1429/2 2279/1437/2
f 2731/1434/2 2787/1425/2 2788/1441/2
f 2411/1426/2 3260/1439/2 3261/1442/2
f 2411/1426/2 3261/1442/2 3262/1443/2
f 2730/1444/2 2731/1434/2 2788/1441/2
f 3289/1445/2 3290/1440/2 2279/1437/2
f 3289/1445/2 2279/1437/2 2280/1446/2
f 2411/1426/2 3262/1443/2 3263/1447/2
f 2814/1421/2 2714/1438/2 2715/1448/2
f 3288/1449/2 3289/1445/2 2280/1446/2
f 2729/1450/2 2730/1444/2 2788/1441/2
f 2411/1426/2 3263/1447/2 3264/1451/2
f 3288/1449/2 2280/1446/2 2281/1452/2
f 3287/1453/2 3288/1449/2 2281/1452/2
f 2813/1454/2 2814/1421/2 2715/1448/2
f 2728/1455/2 2729/1450/2 2788/1441/2
f 2410/1456/2 2411/1426/2 3264/1451/2
f 2410/1456/2 3264/1451/2 3265/1457/2
f 2813/1454/2 2715/1448/2 2716/1458/2
f 2813/1454/2 2716/1458/2 2717/1459/2
f 2813/1454/2 2717/1459/2 2718/1460/2
f 2813/1454/2 2718/1460/2 2719/1461/2
f 2813/1454/2 2719/1461/2 2720/1462/2
f 2813/1454/2 2720/1462/2 2721/1463/2
f 3286/1464/2 3287/1453/2 2281/1452/2
f 2727/1465/2 2728/1455/2 2788/1441/2
f 2813/1454/2 2721/1463/2 2722/1466/2
f 2813/1454/2 2722/1466/2 2723/1467/2
f 2813/1454/2 2723/1467/2 2724/1468/2
f 2813/1454/2 2724/1468/2 2725/1469/2
f 2813/1454/2 2725/1469/2 2726/1470/2
f 2813/1454/2 2726/1470/2 2727/1465/2
f 2813/1454/2 2727/1465/2 2788/1441/2
f 3286/1464/2 2281/1452/2 2282/1471/2
f 2410/1456/2 3265/1457/2 3266/1472/2
f 3285/1473/2 3286/1464/2 2282/1471/2
f 2410/1456/2 3266/1472/2 3267/1474/2
f 3284/1475/2 3285/1473/2 2282/1471/2
f 3284/1475/2 2282/1471/2 2283/1476/2
f 3283/1477/2 3284/1475/2 2283/1476/2
f 2410/1456/2 3267/1474/2 3268/1478/2
f 3282/1479/2 3283/1477/2 2283/1476/2
f 2410/1456/2 3268/1478/2 3269/1480/2
f 3282/1479/2 2283/1476/2 2284/1481/2
f 3281/1482/2 3282/1479/2 2284/1481/2
f 2812/1483/2 2813/1454/2 2788/1441/2
f 2409/1484/2 2410/1456/2 3269/1480/2
f 2409/1484/2 3269/1480/2 3270/1485/2
f 3280/1486/2 3281/1482/2 2284/1481/2
f 3279/1487/2 3280/1486/2 2284/1481/2
f 2409/1484/2 3270/1485/2 3271/1488/2
f 2812/1483/2 2788/1441/2 2789/1489/2
f 3278/1490/2 3279/1487/2 2284/1481/2
f 2409/1484/2 3271/1488/2 3272/1491/2
f 3277/1492/2 3278/1490/2 2284/1481/2
f 3277/1492/2 2284/1481/2 2285/1493/2
f 2409/1484/2 3272/1491/2 3273/1494/2
f 3276/1495/2 3277/1492/2 2285/1493/2
f 2409/1484/2 3273/1494/2 3274/1496/2
f 3275/1497/2 3276/1495/2 2285/1493/2
f 2409/1484/2 3274/1496/2 3275/1497/2
f 2409/1484/2 3275/1497/2 2285/1493/2
f 2811/1498/2 2812/1483/2 2789/1489/2
f 2409/1484/2 2285/1493/2 2286/1499/2
f 2408/1500/2 2409/1484/2 2286/1499/2
f 2408/1500/2 2286/1499/2 2287/1501/2
f 2811/1498/2 2789/1489/2 2790/1502/2
f 2810/1503/2 2811/1498/2 2790/1502/2
f 2407/1504/2 2408/1500/2 2287/1501/2
f 2407/1504/2 2287/1501/2 2288/1505/2
f 2407/1504/2 2288/1505/2 2289/1506/2
f 2809/1507/2 2810/1503/2 2790/1502/2
f 2406/1508/2 2407/1504/2 2289/1506/2
f 2809/1507/2 2790/1502/2 2791/1509/2
f 2406/1508/2 2289/1506/2 2290/1510/2
f 2808/1511/2 2809/1507/2 2791/1509/2
f 2405/1512/2 2406/1508/2 2319/1513/2
f 2319/1513/2 2406/1508/2 2290/1510/2
f 2319/1513/2 2290/1510/2 2291/1514/2
f 2405/1512/2 2319/1513/2 2320/1515/2
f 2318/1516/2 2319/1513/2 2291/1514/2
f 2405/1512/2 2320/1515/2 2321/1517/2
f 2317/1518/2 2318/1516/2 2291/1514/2
f 2405/1512/2 2321/1517/2 2322/1519/2
f 2808/1511/2 2791/1509/2 2792/1520/2
f 2405/1512/2 2322/1519/2 2323/1521/2
f 2405/1512/2 2323/1521/2 2324/1522/2
f 2807/1523/2 2808/1511/2 2792/1520/2
f 2316/1524/2 2317/1518/2 2291/1514/2
f 2405/1512/2 2324/1522/2 2325/1525/2
f 2405/1512/2 2325/1525/2 2326/1526/2
f 2316/1524/2 2291/1514/2 2292/1527/2
f 2405/1512/2 2326/1526/2 2327/1528/2
f 2315/1529/2 2316/1524/2 2292/1527/2
f 2405/1512/2 2327/1528/2 2328/1530/2
f 2404/1531/2 2405/1512/2 2328/1530/2
f 2404/1531/2 2328/1530/2 2329/1532/2
f 2404/1531/2 2329/1532/2 2330/1533/2
f 2404/1531/2 2330/1533/2 2331/1534/2
f 2806/1535/2 2807/1523/2 2792/1520/2
f 2314/1536/2 2315/1529/2 2292/1527/2
f 2404/1531/2 2331/1534/2 2332/1537/2
f 2806/1535/2 2792/1520/2 2793/1538/2
f 2314/1536/2 2292/1527/2 2293/1539/2
f 2403/1540/2 2404/1531/2 2332/1537/2
f 2313/1541/2 2314/1536/2 2293/1539/2
f 2403/1540/2 2332/1537/2 2333/1542/2
f 2805/1543/2 2806/1535/2 2793/1538/2
f 2313/1541/2 2293/1539/2 2294/1544/2
f 2403/1540/2 2333/1542/2 2334/1545/2
f 2805/1543/2 2793/1538/2 2794/1546/2
f 2312/1547/2 2313/1541/2 2294/1544/2
f 2403/1540/2 2334/1545/2 2335/1548/2
f 2402/1549/2 2403/1540/2 2356/1550/2
f 2356/1550/2 2403/1540/2 2355/1551/2
f 2355/1551/2 2403/1540/2 2335/1548/2
f 2804/1552/2 2805/1543/2 2794/1546/2
f 2312/1547/2 2294/1544/2 2295/1553/2
f 2355/1551/2 2335/1548/2 2336/1554/2
f 2354/1555/2 2355/1551/2 2336/1554/2
f 2402/1549/2 2356/1550/2 2357/1556/2
f 2353/1557/2 2354/1555/2 2336/1554/2
f 2402/1549/2 2357/1556/2 2358/1558/2
f 2402/1549/2 2358/1558/2 2359/1559/2
f 2352/1560/2 2353/1557/2 2336/1554/2
f 2402/1549/2 2359/1559/2 2360/1561/2
f 2351/1562/2 2352/1560/2 2336/1554/2
f 2402/1549/2 2360/1561/2 2361/1563/2
f 2402/1549/2 2361/1563/2 2362/1564/2
f 2350/1565/2 2351/1562/2 2336/1554/2
f 2350/1565/2 2336/1554/2 2337/1566/2
f 2402/1549/2 2362/1564/2 2363/1567/2
f 2349/1568/2 2350/1565/2 2337/1566/2
f 2311/1569/2 2312/1547/2 2295/1553/2
f 2402/1549/2 2363/1567/2 2364/1570/2
f 2348/1571/2 2349/1568/2 2337/1566/2
f 2402/1549/2 2364/1570/2 2365/1572/2
f 2347/1573/2 2348/1571/2 2337/1566/2
f 2402/1549/2 2365/1572/2 2366/1574/2
f 2346/1575/2 2347/1573/2 2337/1566/2
f 2346/1575/2 2337/1566/2 2338/1576/2
f 2804/1552/2 2794/1546/2 2795/1577/2
f 2401/1578/2 2402/1549/2 2366/1574/2
f 2401/1578/2 2366/1574/2 2367/1579/2
f 2345/1580/2 2346/1575/2 2338/1576/2
f 2344/1581/2 2345/1580/2 2338/1576/2
f 2343/1582/2 2344/1581/2 2338/1576/2
f 2401/1578/2 2367/1579/2 2368/1583/2
f 2342/1584/2 2343/1582/2 2338/1576/2
f 2341/1585/2 2342/1584/2 2338/1576/2
f 2341/1585/2 2338/1576/2 2339/1586/2
f 2340/1587/2 2341/1585/2 2339/1586/2
f 2803/1588/2 2804/1552/2 2795/1577/2
f 2401/1578/2 2368/1583/2 2369/407/2
f 2401/1578/2 2369/407/2 2370/1589/2
f 2311/1569/2 2295/1553/2 2296/1590/2
f 2401/1578/2 2370/1589/2 2371/1591/2
f 2400/1592/2 2401/1578/2 2371/1591/2
f 2311/1569/2 2296/1590/2 2297/1593/2
f 2310/1594/2 2311/1569/2 2297/1593/2
f 2802/1595/2 2803/1588/2 2795/1577/2
f 2400/1592/2 2371/1591/2 2372/1596/2
f 2802/1595/2 2795/1577/2 2796/1597/2
f 2310/1594/2 2297/1593/2 2298/1598/2
f 2400/1592/2 2372/1596/2 2373/1599/2
f 2310/1594/2 2298/1598/2 2299/1600/2
f 2399/1601/2 2400/1592/2 2373/1599/2
f 2399/1601/2 2373/1599/2 2374/1602/2
f 2801/1603/2 2802/1595/2 2796/1597/2
f 2801/1603/2 2796/1597/2 2797/1604/2
f 2310/1594/2 2299/1600/2 2300/1605/2
f 2309/1606/2 2310/1594/2 2300/1605/2
f 2399/1601/2 2374/1602/2 2375/1607/2
f 2398/1608/2 2399/1601/2 2375/1607/2
f 2309/1606/2 2300/1605/2 2301/1609/2
f 2800/1610/2 2801/1603/2 2797/1604/2
f 2398/1608/2 2375/1607/2 2376/1611/2
f 2800/1610/2 2797/1604/2 2798/1612/2
f 2799/1613/2 2800/1610/2 2798/1612/2
f 2309/1606/2 2301/1609/2 2302/1614/2
f 2398/1608/2 2376/1611/2 2377/1615/2
f 2397/1616/2 2398/1608/2 2377/1615/2
f 2308/1617/2 2309/1606/2 2302/1614/2
f 2308/1617/2 2302/1614/2 2303/1618/2
f 2397/1616/2 2377/1615/2 2378/1619/2
f 2308/1617/2 2303/1618/2 2304/1620/2
f 2396/1621/2 2397/1616/2 2378/1619/2
f 2396/1621/2 2378/1619/2 2379/1622/2
f 2308/1617/2 2304/1620/2 2305/1623/2
f 2307/1624/2 2308/1617/2 2305/1623/2
f 2395/1625/2 2396/1621/2 2379/1622/2
f 2307/1624/2 2305/1623/2 2306/1626/2
f 2394/1627/2 2395/1625/2 2379/1622/2
f 2394/1627/2 2379/1622/2 2380/1628/2
f 2394/1627/2 2380/1628/2 2381/1629/2
f 2393/1630/2 2394/1627/2 2381/1629/2
f 2393/1630/2 2381/1629/2 2382/1631/2
f 2392/1632/2 2393/1630/2 2382/1631/2
f 2391/1633/2 2392/1632/2 2382/1631/2
f 2391/1633/2 2382/1631/2 2383/1634/2
f 2390/1635/2 2391/1633/2 2383/1634/2
f 2389/1636/2 2390/1635/2 2383/1634/2
f 2388/1637/2 2389/1636/2 2383/1634/2
f 2387/1638/2 2388/1637/2 2383/1634/2
f 2387/1638/2 2383/1634/2 2384/1639/2
f 2386/1640/2 2387/1638/2 2384/1639/2
f 2386/1640/2 2384/1639/2 2385/1641/2
s 1
f 3304/1642/4 3301/357/3 3302/1643/3
f 3306/1644/5 3303/1645/4 3304/1642/4
f 3308/1646/6 3305/1647/5 3306/1644/5
f 3310/1648/7 3307/1649/6 3308/1646/6
f 3312/1650/9 3309/1651/7 3310/1648/7
f 3314/1652/11 3311/1653/8 3312/1650/9
f 3316/1654/12 3313/1655/10 3314/1652/11
f 3318/1656/13 3315/1657/12 3316/1654/12
f 3320/1658/14 3317/1659/13 3318/1656/13
f 3322/1660/16 3319/1661/14 3320/1658/14
f 3324/1662/17 3321/1663/15 3322/1660/16
f 3326/1664/18 3323/1665/17 3324/1662/17
f 3328/1666/19 3325/1667/18 3326/1664/18
f 3330/1668/20 3327/1669/19 3328/1666/19
f 3332/1670/22 3329/1671/20 3330/1668/20
f 3334/1672/24 3331/1673/21 3332/1670/22
f 3336/1674/25 3333/1675/23 3334/1672/24
f 3338/1676/26 3335/1677/25 3336/1674/25
f 3340/1678/27 3337/1679/26 3338/1676/26
f 3342/1680/28 3339/1681/27 3340/1678/27
f 3344/1682/29 3341/1683/28 3342/1680/28
f 3346/1684/30 3343/1685/29 3344/1682/29
f 3348/1686/31 3345/1687/30 3346/1684/30
f 3350/1688/32 3347/1689/31 3348/1686/31
f 3352/1690/34 3349/1691/32 3350/1688/32
f 3354/1692/35 3351/1693/33 3352/1690/34
f 3356/1694/36 3353/1695/35 3354/1692/35
f 3358/1696/37 3355/1697/36 3356/1694/36
f 3360/1698/38 3357/1699/37 3358/1696/37
f 3362/1700/39 3359/1701/38 3360/1698/38
f 3364/1702/40 3361/1703/39 3362/1700/39
f 3366/1704/41 3363/1527/40 3364/1702/40
f 3368/1705/42 3365/1706/41 3366/1704/41
f 3370/1707/43 3367/1708/42 3368/1705/42
f 3372/1709/44 3369/1710/43 3370/1707/43
f 3374/1711/45 3371/1712/44 3372/1709/44
f 3376/1713/46 3373/1714/45 3374/1711/45
f 3378/1715/47 3375/1716/46 3376/1713/46
f 3380/1717/48 3377/1718/47 3378/1715/47
f 3382/1719/49 3379/1720/48 3380/1717/48
f 3384/1721/50 3381/1722/49 3382/1719/49
f 3386/1723/51 3383/1724/50 3384/1721/50
f 3388/1725/52 3385/1726/51 3386/1723/51
f 3390/1727/53 3387/1728/52 3388/1725/52
f 3392/1729/54 3389/1730/53 3390/1727/53
f 3394/1731/55 3391/1732/54 3392/1729/54
f 3396/1733/56 3393/1734/55 3394/1731/55
f 3398/1735/57 3395/1736/56 3396/1733/56
f 3400/1737/58 3397/1738/57 3398/1735/57
f 3402/1739/59 3399/1740/58 3400/1737/58
f 3404/1741/60 3401/1742/59 3402/1739/59
f 3406/1743/61 3403/1744/60 3404/1741/60
f 3408/1745/62 3405/1746/61 3406/1743/61
f 3410/1747/63 3407/1748/62 3408/1745/62
f 3412/1749/64 3409/1750/63 3410/1747/63
f 3414/1751/65 3411/1752/64 3412/1749/64
f 3416/1753/66 3413/1754/65 3414/1751/65
f 3418/1755/67 3415/1756/66 3416/1753/66
f 3420/1757/68 3417/1758/67 3418/1755/67
f 3422/1759/69 3419/1760/68 3420/1757/68
f 3424/1761/70 3421/1762/69 3422/1759/69
f 3426/1763/71 3423/1764/70 3424/1761/70
f 3428/1765/72 3425/1571/71 3426/1763/71
f 3430/1766/73 3427/1767/72 3428/1765/72
f 3432/1768/74 3429/1769/73 3430/1766/73
f 3434/1770/75 3431/1771/74 3432/1768/74
f 3436/1772/77 3433/1773/75 3434/1770/75
f 3438/1774/78 3435/1775/76 3436/1772/77
f 3440/1776/79 3437/1777/78 3438/1774/78
f 3442/1778/80 3439/1779/79 3440/1776/79
f 3444/1780/81 3441/1781/80 3442/1778/80
f 3446/1782/82 3443/1783/81 3444/1780/81
f 3448/1784/83 3445/1785/82 3446/1782/82
f 3450/1786/84 3447/1787/83 3448/1784/83
f 3452/1788/85 3449/1789/84 3450/1786/84
f 3454/1790/86 3451/1791/85 3452/1788/85
f 3456/1792/87 3453/1793/86 3454/1790/86
f 3458/1794/88 3455/1795/87 3456/1792/87
f 3460/1796/89 3457/1797/88 3458/1794/88
f 3462/1798/90 3459/1799/89 3460/1796/89
f 3464/1800/91 3461/1801/90 3462/1798/90
f 3466/1802/92 3463/1803/91 3464/1800/91
f 3468/1804/93 3465/1805/92 3466/1802/92
f 3470/1806/94 3467/1807/93 3468/1804/93
f 3472/1808/95 3469/1809/94 3470/1806/94
f 3474/1810/96 3471/1811/95 3472/1808/95
f 3476/1812/98 3473/1813/96 3474/1810/96
f 3478/1814/99 3475/1815/97 3476/1812/98
f 3480/1816/100 3477/1817/99 3478/1814/99
f 3482/1818/101 3479/1819/100 3480/1816/100
f 3484/1820/102 3481/1821/101 3482/1818/101
f 3486/1822/104 3483/1823/102 3484/1820/102
f 3488/1824/105 3485/1825/103 3486/1822/104
f 3490/1826/107 3487/1531/105 3488/1824/105
f 3492/1827/109 3489/1828/106 3490/1826/107
f 3494/1829/110 3491/1830/108 3492/1827/109
f 3496/1831/111 3493/1832/110 3494/1829/110
f 3498/1833/112 3495/1834/111 3496/1831/111
f 3500/1835/113 3497/1836/112 3498/1833/112
f 3502/1837/114 3499/1838/113 3500/1835/113
f 3504/1839/115 3501/1840/114 3502/1837/114
f 3506/1841/116 3503/1842/115 3504/1839/115
f 3508/1843/117 3505/1844/116 3506/1841/116
f 3510/1845/118 3507/1846/117 3508/1843/117
f 3512/1847/119 3509/1848/118 3510/1845/118
f 3514/1849/120 3511/1850/119 3512/1847/119
f 3516/1851/121 3513/1852/120 3514/1849/120
f 3518/1853/122 3515/1854/121 3516/1851/121
f 3520/1855/123 3517/1856/122 3518/1853/122
f 3522/1857/124 3519/1858/123 3520/1855/123
f 3524/1859/125 3521/1860/124 3522/1857/124
f 3526/1861/126 3523/1862/125 3524/1859/125
f 3528/1863/127 3525/1864/126 3526/1861/126
f 3530/1865/126 3527/1866/127 3528/1863/127
f 3532/1867/125 3529/1868/126 3530/1865/126
f 3534/1869/124 3531/1870/125 3532/1867/125
f 3536/1871/123 3533/1872/124 3534/1869/124
f 3538/1873/122 3535/1874/123 3536/1871/123
f 3540/1875/128 3537/1876/122 3538/1873/122
f 3542/1877/129 3539/1878/128 3540/1875/128
f 3544/1879/130 3541/1880/129 3542/1877/129
f 3546/1881/131 3543/1882/130 3544/1879/130
f 3548/1883/133 3545/1884/131 3546/1881/131
f 3550/1885/134 3547/1886/132 3548/1883/133
f 3552/1887/135 3549/1280/134 3550/1885/134
f 3554/1888/136 3551/1889/135 3552/1887/135
f 3556/1890/137 3553/1891/136 3554/1888/136
f 3558/1892/138 3555/1893/137 3556/1890/137
f 3560/1894/139 3557/1895/138 3558/1892/138
f 3562/1896/140 3559/1897/139 3560/1894/139
f 3564/1898/141 3561/1899/140 3562/1896/140
f 3566/1900/143 3563/1901/141 3564/1898/141
f 3568/1902/144 3565/1903/142 3566/1900/143
f 3570/1904/146 3567/1905/144 3568/1902/144
f 3572/1906/147 3569/1907/145 3570/1904/146
f 3574/1908/148 3571/1909/147 3572/1906/147
f 3576/1910/150 3573/1911/148 3574/1908/148
f 3578/1912/151 3575/1913/149 3576/1910/150
f 3580/1914/152 3577/1915/151 3578/1912/151
f 3582/1916/154 3579/1917/152 3580/1914/152
f 3584/1918/156 3581/1919/153 3582/1916/154
f 3586/1920/157 3583/1921/155 3584/1918/156
f 3588/1922/159 3585/1923/157 3586/1920/157
f 3590/1924/160 3587/1925/158 3588/1922/159
f 3592/1926/161 3589/1927/160 3590/1924/160
f 3594/1928/162 3591/1929/161 3592/1926/161
f 3596/1930/163 3593/1931/162 3594/1928/162
f 3598/1932/164 3595/1933/163 3596/1930/163
f 3600/1934/165 3597/1935/164 3598/1932/164
f 3602/1936/166 3599/1937/165 3600/1934/165
f 3604/1938/167 3601/1939/166 3602/1936/166
f 3606/1940/168 3603/1941/167 3604/1938/167
f 3608/1942/169 3605/1943/168 3606/1940/168
f 3610/1944/170 3607/1945/169 3608/1942/169
f 3612/1946/171 3609/1947/170 3610/1944/170
f 3614/1948/172 3611/1107/171 3612/1946/171
f 3616/1949/173 3613/1950/172 3614/1948/172
f 3618/1951/174 3615/1952/173 3616/1949/173
f 3620/1953/175 3617/1954/174 3618/1951/174
f 3622/1955/176 3619/1956/175 3620/1953/175
f 3624/1957/177 3621/1958/176 3622/1955/176
f 3626/1959/178 3623/1960/177 3624/1957/177
f 3628/1961/179 3625/1962/82 3626/1959/178
f 3630/1963/180 3627/1964/179 3628/1961/179
f 3632/1965/181 3629/1966/180 3630/1963/180
f 3634/1967/182 3631/1968/181 3632/1965/181
f 3636/1969/183 3633/1970/182 3634/1967/182
f 3638/1971/184 3635/1972/183 3636/1969/183
f 3640/1973/185 3637/1974/184 3638/1971/184
f 3642/1975/186 3639/1976/185 3640/1973/185
f 3644/1977/187 3641/1978/186 3642/1975/186
f 3646/1979/188 3643/1980/187 3644/1977/187
f 3648/1981/189 3645/1982/188 3646/1979/188
f 3650/1983/190 3647/1984/189 3648/1981/189
f 3652/1985/191 3649/1986/190 3650/1983/190
f 3654/1987/192 3651/1988/191 3652/1985/191
f 3656/1989/193 3653/1990/192 3654/1987/192
f 3658/1991/194 3655/1992/193 3656/1989/193
f 3660/1993/195 3657/1994/194 3658/1991/194
f 3662/1995/196 3659/1996/195 3660/1993/195
f 3664/1997/197 3661/1998/196 3662/1995/196
f 3666/1999/198 3663/2000/197 3664/1997/197
f 3668/2001/199 3665/2002/198 3666/1999/198
f 3670/2003/201 3667/2004/199 3668/2001/199
f 3672/2005/202 3669/2006/200 3670/2003/201
f 3674/2007/203 3671/2008/202 3672/2005/202
f 3676/2009/204 3673/644/203 3674/2007/203
f 3678/2010/205 3675/2011/204 3676/2009/204
f 3680/2012/206 3677/2013/205 3678/2010/205
f 3682/2014/207 3679/2015/206 3680/2012/206
f 3684/2016/208 3681/2017/207 3682/2014/207
f 3686/2018/209 3683/2019/208 3684/2016/208
f 3688/2020/210 3685/2021/209 3686/2018/209
f 3690/2022/211 3687/2023/210 3688/2020/210
f 3692/2024/212 3689/2025/211 3690/2022/211
f 3694/2026/213 3691/2027/212 3692/2024/212
f 3696/2028/214 3693/2029/213 3694/2026/213
f 3698/2030/213 3695/2031/214 3696/2028/214
f 3700/2032/212 3697/2033/213 3698/2030/213
f 3702/2034/211 3699/2035/212 3700/2032/212
f 3704/2036/210 3701/2037/211 3702/2034/211
f 3706/2038/209 3703/2039/210 3704/2036/210
f 3708/2040/215 3705/2041/209 3706/2038/209
f 3710/2042/216 3707/2043/215 3708/2040/215
f 3712/2044/217 3709/2045/216 3710/2042/216
f 3714/2046/218 3711/2047/217 3712/2044/217
f 3716/2048/219 3713/2049/218 3714/2046/218
f 3718/2050/220 3715/2051/219 3716/2048/219
f 3720/2052/221 3717/2053/220 3718/2050/220
f 3722/2054/222 3719/2055/221 3720/2052/221
f 3724/2056/223 3721/2057/222 3722/2054/222
f 3726/2058/224 3723/2059/223 3724/2056/223
f 3728/2060/225 3725/2061/224 3726/2058/224
f 3730/2062/226 3727/2063/225 3728/2060/225
f 3732/2064/227 3729/2065/226 3730/2062/226
f 3734/2066/228 3731/2067/227 3732/2064/227
f 3736/2068/229 3733/2069/228 3734/2066/228
f 3738/2070/230 3735/705/229 3736/2068/229
f 3740/2071/231 3737/2072/230 3738/2070/230
f 3742/2073/232 3739/2074/231 3740/2071/231
f 3744/2075/233 3741/2076/232 3742/2073/232
f 3746/2077/234 3743/2078/233 3744/2075/233
f 3748/2079/235 3745/2080/234 3746/2077/234
f 3750/2081/236 3747/2082/235 3748/2079/235
f 3752/2083/237 3749/2084/236 3750/2081/236
f 3754/2085/238 3751/2086/237 3752/2083/237
f 3756/2087/239 3753/2088/238 3754/2085/238
f 3758/2089/241 3755/2090/239 3756/2087/239
f 3760/2091/242 3757/2092/240 3758/2089/241
f 3762/2093/243 3759/2094/242 3760/2091/242
f 3764/2095/244 3761/2096/243 3762/2093/243
f 3766/2097/245 3763/2098/244 3764/2095/244
f 3768/2099/246 3765/2100/245 3766/2097/245
f 3770/2101/247 3767/2102/246 3768/2099/246
f 3772/2103/248 3769/2104/247 3770/2101/247
f 3774/2105/249 3771/2106/248 3772/2103/248
f 3776/2107/250 3773/2108/249 3774/2105/249
f 3778/2109/252 3775/2110/250 3776/2107/250
f 3780/2111/253 3777/2112/251 3778/2109/252
f 3782/2113/255 3779/2114/253 3780/2111/253
f 3784/2115/257 3781/2116/254 3782/2113/255
f 3786/2117/259 3783/2118/256 3784/2115/257
f 3788/2119/261 3785/2120/258 3786/2117/259
f 3790/2121/262 3787/2122/260 3788/2119/261
f 3792/2123/264 3789/2124/262 3790/2121/262
f 3794/2125/266 3791/2126/263 3792/2123/264
f 3796/2127/268 3793/2128/265 3794/2125/266
f 3798/2129/269 3795/2130/267 3796/2127/268
f 3800/2131/271 3797/1141/269 3798/2129/269
f 3802/2132/272 3799/2133/270 3800/2131/271
f 3804/2134/273 3801/2135/272 3802/2132/272
f 3806/2136/274 3803/2137/273 3804/2134/273
f 3808/2138/275 3805/2139/274 3806/2136/274
f 3810/2140/276 3807/2141/275 3808/2138/275
f 3812/2142/277 3809/2143/276 3810/2140/276
f 3814/2144/278 3811/2145/277 3812/2142/277
f 3816/2146/279 3813/2147/278 3814/2144/278
f 3818/2148/280 3815/2149/279 3816/2146/279
f 3820/2150/281 3817/2151/280 3818/2148/280
f 3822/2152/283 3819/2153/281 3820/2150/281
f 3824/2154/284 3821/2155/282 3822/2152/283
f 3826/2156/285 3823/2157/284 3824/2154/284
f 3828/2158/286 3825/2159/285 3826/2156/285
f 3830/2160/287 3827/2161/286 3828/2158/286
f 3832/2162/288 3829/2163/287 3830/2160/287
f 3834/2164/289 3831/2165/288 3832/2162/288
f 3836/2166/290 3833/2167/289 3834/2164/289
f 3838/2168/291 3835/2169/290 3836/2166/290
f 3840/2170/292 3837/2171/291 3838/2168/291
f 3842/2172/293 3839/2173/292 3840/2170/292
f 3844/2174/294 3841/2175/293 3842/2172/293
f 3846/2176/295 3843/2177/294 3844/2174/294
f 3848/2178/296 3845/2179/295 3846/2176/295
f 3850/2180/297 3847/2181/296 3848/2178/296
f 3852/2182/298 3849/2183/297 3850/2180/297
f 3854/2184/300 3851/2185/298 3852/2182/298
f 3856/2186/301 3853/2187/299 3854/2184/300
f 3858/2188/303 3855/2189/301 3856/2186/301
f 3860/2190/304 3857/2191/302 3858/2188/303
f 3862/2192/305 3859/1357/304 3860/2190/304
f 3864/2193/306 3861/2194/305 3862/2192/305
f 3866/2195/308 3863/2196/306 3864/2193/306
f 3868/2197/310 3865/2198/307 3866/2195/308
f 3870/2199/311 3867/2200/309 3868/2197/310
f 3872/2201/312 3869/2202/311 3870/2199/311
f 3874/2203/313 3871/2204/312 3872/2201/312
f 3876/2205/314 3873/2206/313 3874/2203/313
f 3878/2207/315 3875/2208/314 3876/2205/314
f 3880/2209/316 3877/2210/315 3878/2207/315
f 3882/2211/317 3879/2212/316 3880/2209/316
f 3884/2213/318 3881/2214/317 3882/2211/317
f 3886/2215/319 3883/2216/318 3884/2213/318
f 3888/2217/320 3885/2218/319 3886/2215/319
f 3890/2219/319 3887/2220/320 3888/2217/320
f 3892/2221/318 3889/2222/319 3890/2219/319
f 3894/2223/317 3891/2224/318 3892/2221/318
f 3896/2225/316 3893/2226/317 3894/2223/317
f 3898/2227/315 3895/2228/316 3896/2225/316
f 3900/2229/321 3897/2230/315 3898/2227/315
f 3902/2231/322 3899/2232/321 3900/2229/321
f 3904/2233/324 3901/2234/322 3902/2231/322
f 3906/2235/325 3903/2236/323 3904/2233/324
f 3908/2237/326 3905/2238/325 3906/2235/325
f 3910/2239/327 3907/2240/326 3908/2237/326
f 3912/2241/328 3909/2242/327 3910/2239/327
f 3914/2243/329 3911/2244/328 3912/2241/328
f 3916/2245/330 3913/2246/329 3914/2243/329
f 3918/2247/331 3915/2248/330 3916/2245/330
f 3920/2249/332 3917/2250/331 3918/2247/331
f 3922/2251/333 3919/2252/332 3920/2249/332
f 3924/2253/335 3921/1597/333 3922/2251/333
f 3926/2254/337 3923/2255/334 3924/2253/335
f 3928/2256/338 3925/2257/336 3926/2254/337
f 3930/2258/339 3927/2259/338 3928/2256/338
f 3932/2260/340 3929/2261/339 3930/2258/339
f 3934/2262/341 3931/2263/340 3932/2260/340
f 3936/2264/342 3933/2265/341 3934/2262/341
f 3938/2266/343 3935/2267/342 3936/2264/342
f 3940/2268/344 3937/2269/343 3938/2266/343
f 3942/2270/345 3939/2271/344 3940/2268/344
f 3944/2272/346 3941/2273/345 3942/2270/345
f 3946/2274/348 3943/2275/346 3944/2272/346
f 3948/2276/349 3945/2277/347 3946/2274/348
f 3950/2278/350 3947/2279/349 3948/2276/349
f 3952/2280/351 3949/2281/350 3950/2278/350
f 3954/2282/353 3951/2283/351 3952/2280/351
f 3956/2284/354 3953/2285/352 3954/2282/353
f 3958/2286/355 3955/2287/354 3956/2284/354
f 3960/2288/356 3957/2289/355 3958/2286/355
f 3962/2290/357 3959/2291/356 3960/2288/356
f 3964/2292/358 3961/2293/357 3962/2290/357
f 3966/2294/359 3963/2295/358 3964/2292/358
f 3968/2296/360 3965/2297/359 3966/2294/359
f 3970/2298/361 3967/2299/360 3968/2296/360
f 3972/2300/362 3969/2301/361 3970/2298/361
f 3974/2302/363 3971/2303/362 3972/2300/362
f 3976/2304/364 3973/2305/363 3974/2302/363
f 3978/2306/365 3975/2307/364 3976/2304/364
f 3980/2308/366 3977/2309/365 3978/2306/365
f 3982/2310/367 3979/2311/366 3980/2308/366
f 3984/2312/368 3981/2313/367 3982/2310/367
f 3986/2314/369 3983/646/368 3984/2312/368
f 3988/2315/370 3985/2316/369 3986/2314/369
f 3990/2317/371 3987/2318/370 3988/2315/370
f 3992/2319/372 3989/2320/371 3990/2317/371
f 3994/2321/373 3991/2322/372 3992/2319/372
f 3996/2323/374 3993/2324/373 3994/2321/373
f 3998/2325/375 3995/2326/374 3996/2323/374
f 4000/2327/376 3997/2328/375 3998/2325/375
f 4002/2329/377 3999/2330/376 4000/2327/376
f 4004/2331/378 4001/2332/377 4002/2329/377
f 4006/2333/379 4003/2334/378 4004/2331/378
f 4008/2335/380 4005/2336/379 4006/2333/379
f 4010/2337/381 4007/2338/380 4008/2335/380
f 4012/2339/382 4009/2340/381 4010/2337/381
f 4014/2341/383 4011/2342/382 4012/2339/382
f 4016/2343/384 4013/2344/383 4014/2341/383
f 4018/2345/385 4015/2346/384 4016/2343/384
f 4020/2347/386 4017/2348/385 4018/2345/385
f 4022/2349/387 4019/2350/386 4020/2347/386
f 4024/2351/389 4021/2352/387 4022/2349/387
f 4026/2353/390 4023/2354/388 4024/2351/389
f 4028/2355/391 4025/2356/390 4026/2353/390
f 4030/2357/392 4027/2358/391 4028/2355/391
f 4032/2359/394 4029/2360/392 4030/2357/392
f 4034/2361/396 4031/2362/393 4032/2359/394
f 4036/2363/397 4033/2364/395 4034/2361/396
f 4038/2365/398 4035/2366/397 4036/2363/397
f 4040/2367/399 4037/2368/398 4038/2365/398
f 4042/2369/400 4039/2370/399 4040/2367/399
f 4044/2371/401 4041/2372/400 4042/2369/400
f 4046/2373/402 4043/2374/401 4044/2371/401
f 4048/2375/403 4045/746/402 4046/2373/402
f 4050/2376/404 4047/2377/403 4048/2375/403
f 4052/2378/405 4049/2379/404 4050/2376/404
f 4054/2380/406 4051/2381/405 4052/2378/405
f 4056/2382/407 4053/2383/406 4054/2380/406
f 4058/2384/408 4055/2385/407 4056/2382/407
f 4060/2386/409 4057/2387/408 4058/2384/408
f 4062/2388/410 4059/2389/409 4060/2386/409
f 4064/2390/411 4061/2391/410 4062/2388/410
f 4066/2392/412 4063/2393/411 4064/2390/411
f 4068/2394/413 4065/2395/412 4066/2392/412
f 4070/2396/414 4067/2397/413 4068/2394/413
f 4072/2398/415 4069/2399/414 4070/2396/414
f 4074/2400/416 4071/2401/415 4072/2398/415
f 4076/2402/417 4073/2403/416 4074/2400/416
f 4078/2404/418 4075/2405/417 4076/2402/417
f 4080/2406/419 4077/2407/418 4078/2404/418
f 4082/2408/418 4079/2409/419 4080/2406/419
f 4084/2410/417 4081/2411/418 4082/2408/418
f 4086/2412/416 4083/2413/417 4084/2410/417
f 4088/2414/415 4085/2415/416 4086/2412/416
f 4090/2416/414 4087/2417/415 4088/2414/415
f 4092/2418/420 4089/2419/414 4090/2416/414
f 4094/2420/421 4091/2421/420 4092/2418/420
f 4096/2422/422 4093/2423/421 4094/2420/421
f 4098/2424/423 4095/2425/422 4096/2422/422
f 4100/2426/424 4097/2427/423 4098/2424/423
f 4102/2428/425 4099/2429/424 4100/2426/424
f 4104/2430/426 4101/2431/425 4102/2428/425
f 4106/2432/427 4103/2433/426 4104/2430/426
f 4108/2434/428 4105/2435/427 4106/2432/427
f 4110/2436/429 4107/833/428 4108/2434/428
f 4112/2437/430 4109/2438/429 4110/2436/429
f 4114/2439/431 4111/2440/430 4112/2437/430
f 4116/2441/432 4113/2442/431 4114/2439/431
f 4118/2443/434 4115/2444/432 4116/2441/432
f 4120/2445/435 4117/2446/433 4118/2443/434
f 4122/2447/436 4119/2448/435 4120/2445/435
f 4124/2449/437 4121/2450/436 4122/2447/436
f 4126/2451/438 4123/2452/437 4124/2449/437
f 4128/2453/439 4125/2454/438 4126/2451/438
f 4130/2455/440 4127/2456/439 4128/2453/439
f 4132/2457/441 4129/2458/440 4130/2455/440
f 4134/2459/442 4131/2460/441 4132/2457/441
f 4136/2461/443 4133/2462/442 4134/2459/442
f 4138/2463/444 4135/2464/443 4136/2461/443
f 4140/2465/445 4137/2466/444 4138/2463/444
f 4142/2467/446 4139/2468/445 4140/2465/445
f 4144/2469/447 4141/2470/446 4142/2467/446
f 4146/2471/448 4143/2472/447 4144/2469/447
f 4148/2473/449 4145/2474/448 4146/2471/448
f 4150/2475/450 4147/2476/449 4148/2473/449
f 4152/2477/451 4149/2478/450 4150/2475/450
f 4154/2479/452 4151/2480/451 4152/2477/451
f 4156/2481/453 4153/2482/452 4154/2479/452
f 4158/2483/454 4155/2484/453 4156/2481/453
f 4160/2485/455 4157/2486/454 4158/2483/454
f 4162/2487/456 4159/2488/455 4160/2485/455
f 4164/2489/457 4161/2490/456 4162/2487/456
f 4166/2491/458 4163/2492/457 4164/2489/457
f 4168/2493/459 4165/2494/458 4166/2491/458
f 4170/2495/460 4167/2496/459 4168/2493/459
f 4172/2497/461 4169/884/460 4170/2495/460
f 4174/2498/462 4171/2499/461 4172/2497/461
f 4176/2500/463 4173/2501/462 4174/2498/462
f 4178/2502/464 4175/2503/463 4176/2500/463
f 4180/2504/465 4177/2505/464 4178/2502/464
f 4182/2506/466 4179/2507/465 4180/2504/465
f 4184/2508/467 4181/2509/466 4182/2506/466
f 4186/2510/468 4183/2511/467 4184/2508/467
f 4188/2512/469 4185/2513/468 4186/2510/468
f 4190/2514/470 4187/2515/469 4188/2512/469
f 4192/2516/471 4189/2517/470 4190/2514/470
f 4194/2518/472 4191/2519/471 4192/2516/471
f 4196/2520/473 4193/2521/472 4194/2518/472
f 4198/2522/474 4195/2523/473 4196/2520/473
f 4200/2524/475 4197/2525/474 4198/2522/474
f 4202/2526/131 4199/2527/475 4200/2524/475
f 4204/2528/476 4201/2529/131 4202/2526/131
f 4206/2530/477 4203/2531/476 4204/2528/476
f 4208/2532/478 4205/2533/477 4206/2530/477
f 4210/2534/479 4207/2535/478 4208/2532/478
f 4212/2536/480 4209/2537/479 4210/2534/479
f 4214/2538/481 4211/2539/480 4212/2536/480
f 4216/2540/482 4213/2541/481 4214/2538/481
f 4218/2542/483 4215/2543/482 4216/2540/482
f 4220/2544/484 4217/2545/483 4218/2542/483
f 4222/2546/485 4219/2547/484 4220/2544/484
f 4224/2548/486 4221/2549/485 4222/2546/485
f 4226/2550/487 4223/2551/486 4224/2548/486
f 4228/2552/488 4225/2553/487 4226/2550/487
f 4230/2554/489 4227/2555/488 4228/2552/488
f 4232/2556/490 4229/2557/489 4230/2554/489
f 4234/2558/491 4231/983/490 4232/2556/490
f 4236/2559/492 4233/2560/491 4234/2558/491
f 4238/2561/493 4235/2562/492 4236/2559/492
f 4240/2563/494 4237/2564/493 4238/2561/493
f 4242/2565/495 4239/2566/494 4240/2563/494
f 4244/2567/496 4241/2568/495 4242/2565/495
f 4246/2569/458 4243/2570/496 4244/2567/496
f 4248/2571/497 4245/2572/458 4246/2569/458
f 4250/2573/498 4247/2574/497 4248/2571/497
f 4252/2575/499 4249/2576/498 4250/2573/498
f 4254/2577/500 4251/2578/499 4252/2575/499
f 4256/2579/501 4253/2580/500 4254/2577/500
f 4258/2581/502 4255/2582/501 4256/2579/501
f 4260/2583/503 4257/2584/502 4258/2581/502
f 4262/2585/504 4259/2586/503 4260/2583/503
f 4264/2587/505 4261/2588/504 4262/2585/504
f 4266/2589/506 4263/2590/505 4264/2587/505
f 4268/2591/507 4265/2592/506 4266/2589/506
f 4270/2593/508 4267/2594/507 4268/2591/507
f 4272/2595/509 4269/2596/508 4270/2593/508
f 4274/2597/510 4271/2598/509 4272/2595/509
f 4276/2599/511 4273/2600/510 4274/2597/510
f 4278/2601/512 4275/2602/511 4276/2599/511
f 4280/2603/513 4277/2604/512 4278/2601/512
f 4282/2605/514 4279/2606/513 4280/2603/513
f 4284/2607/515 4281/2608/514 4282/2605/514
f 4286/2609/516 4283/2610/515 4284/2607/515
f 4288/2611/518 4285/2612/516 4286/2609/516
f 4290/2613/519 4287/2614/517 4288/2611/518
f 4292/2615/520 4289/2616/519 4290/2613/519
f 4294/2617/521 4291/2618/520 4292/2615/520
f 4296/2619/522 4293/1025/521 4294/2617/521
f 4298/2620/523 4295/2621/522 4296/2619/522
f 4300/2622/524 4297/2623/523 4298/2620/523
f 4302/2624/525 4299/2625/524 4300/2622/524
f 4304/2626/526 4301/2627/525 4302/2624/525
f 4306/2628/527 4303/2629/526 4304/2626/526
f 4308/2630/528 4305/2631/527 4306/2628/527
f 4310/2632/529 4307/2633/528 4308/2630/528
f 4312/2634/530 4309/2635/529 4310/2632/529
f 4314/2636/531 4311/2637/530 4312/2634/530
f 4316/2638/532 4313/2639/531 4314/2636/531
f 4318/2640/533 4315/2641/532 4316/2638/532
f 4320/2642/534 4317/2643/533 4318/2640/533
f 4322/2644/535 4319/2645/534 4320/2642/534
f 4324/2646/536 4321/2647/535 4322/2644/535
f 4326/2648/537 4323/2649/536 4324/2646/536
f 4328/2650/538 4325/2651/537 4326/2648/537
f 4330/2652/539 4327/2653/538 4328/2650/538
f 4332/2654/540 4329/2655/539 4330/2652/539
f 4334/2656/541 4331/2657/540 4332/2654/540
f 4336/2658/542 4333/2659/541 4334/2656/541
f 4338/2660/543 4335/2661/542 4336/2658/542
f 4340/2662/544 4337/2663/543 4338/2660/543
f 4342/2664/545 4339/2665/544 4340/2662/544
f 4344/2666/546 4341/2667/545 4342/2664/545
f 4346/2668/547 4343/2669/546 4344/2666/546
f 4348/2670/548 4345/2671/547 4346/2668/547
f 4350/2672/549 4347/2673/548 4348/2670/548
f 4352/2674/550 4349/2675/549 4350/2672/549
f 4354/2676/551 4351/2677/550 4352/2674/550
f 4356/2678/552 4353/2679/551 4354/2676/551
f 4358/2680/553 4355/1059/552 4356/2678/552
f 4360/2681/554 4357/2682/553 4358/2680/553
f 4362/2683/555 4359/2684/554 4360/2681/554
f 4364/2685/556 4361/2686/555 4362/2683/555
f 4366/2687/557 4363/2688/556 4364/2685/556
f 4368/2689/558 4365/2690/557 4366/2687/557
f 4370/2691/559 4367/2692/558 4368/2689/558
f 4372/2693/560 4369/2694/559 4370/2691/559
f 4374/2695/561 4371/2696/560 4372/2693/560
f 4376/2697/562 4373/2698/561 4374/2695/561
f 4378/2699/563 4375/2700/562 4376/2697/562
f 4380/2701/105 4377/2702/563 4378/2699/563
f 4382/2703/564 4379/2704/105 4380/2701/105
f 4384/2705/565 4381/2706/564 4382/2703/564
f 4386/2707/566 4383/2708/565 4384/2705/565
f 4388/2709/567 4385/2710/566 4386/2707/566
f 4390/2711/568 4387/2712/567 4388/2709/567
f 4392/2713/569 4389/2714/568 4390/2711/568
f 4394/2715/570 4391/2716/569 4392/2713/569
f 4396/2717/571 4393/2718/570 4394/2715/570
f 4398/2719/572 4395/2720/571 4396/2717/571
f 4400/2721/573 4397/2722/572 4398/2719/572
f 4402/2723/574 4399/2724/573 4400/2721/573
f 4404/2725/575 4401/2726/574 4402/2723/574
f 4406/2727/576 4403/2728/575 4404/2725/575
f 4408/2729/577 4405/2730/576 4406/2727/576
f 4410/2731/578 4407/2732/577 4408/2729/577
f 4412/2733/579 4409/2734/578 4410/2731/578
f 4414/2735/580 4411/2736/579 4412/2733/579
f 4416/2737/581 4413/2738/580 4414/2735/580
f 4418/2739/582 4415/2740/581 4416/2737/581
f 4420/2741/583 4417/1159/582 4418/2739/582
f 4422/2742/584 4419/2743/583 4420/2741/583
f 4424/2744/585 4421/2745/584 4422/2742/584
f 4426/2746/586 4423/2747/585 4424/2744/585
f 4428/2748/587 4425/2749/586 4426/2746/586
f 4430/2750/588 4427/2751/587 4428/2748/587
f 4432/2752/589 4429/2753/588 4430/2750/588
f 4434/2754/590 4431/2755/589 4432/2752/589
f 4436/2756/591 4433/2757/590 4434/2754/590
f 4438/2758/592 4435/2759/591 4436/2756/591
f 4440/2760/593 4437/2761/592 4438/2758/592
f 4442/2762/594 4439/2763/593 4440/2760/593
f 4444/2764/595 4441/2765/594 4442/2762/594
f 4446/2766/596 4443/2767/595 4444/2764/595
f 4448/2768/597 4445/2769/596 4446/2766/596
f 4450/2770/598 4447/2771/597 4448/2768/597
f 4452/2772/599 4449/2773/598 4450/2770/598
f 4454/2774/600 4451/2775/599 4452/2772/599
f 4456/2776/601 4453/2777/600 4454/2774/600
f 4458/2778/602 4455/2779/601 4456/2776/601
f 4460/2780/603 4457/2781/602 4458/2778/602
f 4462/2782/604 4459/2783/603 4460/2780/603
f 4464/2784/605 4461/2785/604 4462/2782/604
f 4466/2786/604 4463/2787/605 4464/2784/605
f 4468/2788/603 4465/2789/604 4466/2786/604
f 4470/2790/602 4467/2791/603 4468/2788/603
f 4472/2792/601 4469/2793/602 4470/2790/602
f 4474/2794/600 4471/2795/601 4472/2792/601
f 4476/2796/606 4473/2797/600 4474/2794/600
f 4478/2798/607 4475/2799/606 4476/2796/606
f 3302/2800/3 4477/2801/607 4478/2798/607
f 4482/2802/609 4479/357/608 4480/1643/608
f 4484/2803/610 4481/2804/609 4482/2802/609
f 4486/2805/611 4483/2806/610 4484/2803/610
f 4488/2807/612 4485/2808/611 4486/2805/611
f 4490/2809/613 4487/2810/612 4488/2807/612
f 4492/2811/614 4489/2812/613 4490/2809/613
f 4494/2813/615 4491/2814/614 4492/2811/614
f 4496/2815/616 4493/2816/615 4494/2813/615
f 4498/2817/617 4495/2818/616 4496/2815/616
f 4500/2819/618 4497/2820/617 4498/2817/617
f 4502/2821/619 4499/2822/618 4500/2819/618
f 4504/2823/620 4501/2824/619 4502/2821/619
f 4506/2825/621 4503/2826/620 4504/2823/620
f 4508/2827/622 4505/2828/621 4506/2825/621
f 4510/2829/623 4507/2830/622 4508/2827/622
f 4512/2831/624 4509/2832/623 4510/2829/623
f 4514/2833/625 4511/2834/624 4512/2831/624
f 4516/2835/626 4513/2836/625 4514/2833/625
f 4518/2837/627 4515/2838/626 4516/2835/626
f 4520/2839/628 4517/2840/627 4518/2837/627
f 4522/2841/629 4519/2842/628 4520/2839/628
f 4524/2843/630 4521/2844/629 4522/2841/629
f 4526/2845/632 4523/2846/630 4524/2843/630
f 4528/2847/633 4525/2848/631 4526/2845/632
f 4530/2849/634 4527/2850/633 4528/2847/633
f 4532/2851/635 4529/2852/634 4530/2849/634
f 4534/2853/636 4531/2854/635 4532/2851/635
f 4536/2855/637 4533/2856/636 4534/2853/636
f 4538/2857/638 4535/2858/637 4536/2855/637
f 4540/2859/639 4537/2860/638 4538/2857/638
f 4542/2861/640 4539/2862/639 4540/2859/639
f 4544/2863/641 4541/2864/640 4542/2861/640
f 4546/2865/642 4543/2866/641 4544/2863/641
f 4548/2867/643 4545/2868/642 4546/2865/642
f 4550/2869/644 4547/2870/643 4548/2867/643
f 4552/2871/546 4549/2872/644 4550/2869/644
f 4554/2873/645 4551/2874/546 4552/2871/546
f 4556/2875/646 4553/2876/645 4554/2873/645
f 4558/2877/647 4555/2878/646 4556/2875/646
f 4560/2879/648 4557/2880/647 4558/2877/647
f 4562/2881/649 4559/2882/648 4560/2879/648
f 4564/2883/650 4561/2884/649 4562/2881/649
f 4566/2885/651 4563/2886/650 4564/2883/650
f 4568/2887/652 4565/2888/651 4566/2885/651
f 4570/2889/653 4567/2890/652 4568/2887/652
f 4572/2891/654 4569/2892/653 4570/2889/653
f 4574/2893/655 4571/2894/654 4572/2891/654
f 4576/2895/656 4573/2896/655 4574/2893/655
f 4578/2897/657 4575/2898/656 4576/2895/656
f 4580/2899/658 4577/2900/657 4578/2897/657
f 4582/2901/659 4579/2902/658 4580/2899/658
f 4584/2903/660 4581/2904/659 4582/2901/659
f 4586/2905/661 4583/2906/660 4584/2903/660
f 4588/2907/662 4585/2908/661 4586/2905/661
f 4590/2909/663 4587/2910/662 4588/2907/662
f 4592/2911/664 4589/2912/663 4590/2909/663
f 4594/2913/665 4591/2914/664 4592/2911/664
f 4596/2915/666 4593/2916/665 4594/2913/665
f 4598/2917/667 4595/2918/666 4596/2915/666
f 4600/2919/668 4597/2920/667 4598/2917/667
f 4602/2921/669 4599/2922/668 4600/2919/668
f 4604/2923/670 4601/2924/669 4602/2921/669
f 4606/2925/671 4603/2926/670 4604/2923/670
f 4608/2927/672 4605/2928/671 4606/2925/671
f 4610/2929/673 4607/2930/672 4608/2927/672
f 4612/2931/674 4609/2932/673 4610/2929/673
f 4614/2933/675 4611/2934/674 4612/2931/674
f 4616/2935/676 4613/2936/675 4614/2933/675
f 4618/2937/677 4615/2938/676 4616/2935/676
f 4620/2939/678 4617/2940/677 4618/2937/677
f 4622/2941/679 4619/2942/678 4620/2939/678
f 4624/2943/680 4621/2944/679 4622/2941/679
f 4626/2945/681 4623/2946/680 4624/2943/680
f 4628/2947/682 4625/2948/681 4626/2945/681
f 4630/2949/683 4627/2950/682 4628/2947/682
f 4632/2951/684 4629/2952/683 4630/2949/683
f 4634/2953/685 4631/2954/684 4632/2951/684
f 4636/2955/686 4633/2956/685 4634/2953/685
f 4638/2957/687 4635/2958/686 4636/2955/686
f 4640/2959/688 4637/2960/687 4638/2957/687
f 4642/2961/689 4639/2962/688 4640/2959/688
f 4644/2963/690 4641/2964/689 4642/2961/689
f 4646/2965/691 4643/2966/690 4644/2963/690
f 4648/2967/692 4645/2968/691 4646/2965/691
f 4480/2800/608 4647/2969/692 4648/2967/692
f 4652/2802/694 4649/357/693 4650/1643/693
f 4654/2803/695 4651/2804/694 4652/2802/694
f 4656/2805/696 4653/2806/695 4654/2803/695
f 4658/2807/697 4655/2808/696 4656/2805/696
f 4660/2809/698 4657/2810/697 4658/2807/697
f 4662/2811/699 4659/2812/698 4660/2809/698
f 4664/2813/701 4661/2814/699 4662/2811/699
f 4666/2815/702 4663/2816/700 4664/2813/701
f 4668/2817/703 4665/2818/702 4666/2815/702
f 4670/2819/704 4667/2820/703 4668/2817/703
f 4672/2821/705 4669/2822/704 4670/2819/704
f 4674/2823/706 4671/2824/705 4672/2821/705
f 4676/2825/707 4673/2826/706 4674/2823/706
f 4678/2827/708 4675/2828/707 4676/2825/707
f 4680/2829/709 4677/2830/708 4678/2827/708
f 4682/2831/710 4679/2832/709 4680/2829/709
f 4684/2833/711 4681/2834/330 4682/2831/710
f 4686/2835/712 4683/2836/711 4684/2833/711
f 4688/2837/713 4685/2838/712 4686/2835/712
f 4690/2839/714 4687/2840/713 4688/2837/713
f 4692/2841/715 4689/2842/714 4690/2839/714
f 4694/2843/717 4691/2844/715 4692/2841/715
f 4696/2845/719 4693/2846/716 4694/2843/717
f 4698/2847/720 4695/2848/718 4696/2845/719
f 4700/2849/721 4697/2850/720 4698/2847/720
f 4702/2851/722 4699/2852/721 4700/2849/721
f 4704/2853/723 4701/2854/722 4702/2851/722
f 4706/2855/724 4703/2856/723 4704/2853/723
f 4708/2857/725 4705/2858/724 4706/2855/724
f 4710/2859/726 4707/2860/725 4708/2857/725
f 4712/2861/727 4709/2862/726 4710/2859/726
f 4714/2863/728 4711/2864/727 4712/2861/727
f 4716/2865/729 4713/2866/728 4714/2863/728
f 4718/2867/730 4715/2868/729 4716/2865/729
f 4720/2869/731 4717/2870/730 4718/2867/730
f 4722/2871/732 4719/2872/731 4720/2869/731
f 4724/2873/733 4721/2874/732 4722/2871/732
f 4726/2875/734 4723/2876/733 4724/2873/733
f 4728/2877/735 4725/2878/734 4726/2875/734
f 4730/2879/736 4727/2880/735 4728/2877/735
f 4732/2881/737 4729/2882/736 4730/2879/736
f 4734/2883/738 4731/2884/737 4732/2881/737
f 4736/2885/739 4733/2886/738 4734/2883/738
f 4738/2887/740 4735/2888/739 4736/2885/739
f 4740/2889/742 4737/2890/740 4738/2887/740
f 4742/2891/743 4739/2892/741 4740/2889/742
f 4744/2893/744 4741/2894/743 4742/2891/743
f 4746/2895/745 4743/2896/744 4744/2893/744
f 4748/2897/746 4745/2898/745 4746/2895/745
f 4750/2899/747 4747/2900/746 4748/2897/746
f 4752/2901/749 4749/2902/747 4750/2899/747
f 4754/2903/751 4751/2904/748 4752/2901/749
f 4756/2905/752 4753/2906/750 4754/2903/751
f 4758/2907/753 4755/2908/752 4756/2905/752
f 4760/2909/754 4757/2910/753 4758/2907/753
f 4762/2911/755 4759/2912/754 4760/2909/754
f 4764/2913/756 4761/2914/755 4762/2911/755
f 4766/2915/757 4763/2916/756 4764/2913/756
f 4768/2917/758 4765/2918/757 4766/2915/757
f 4770/2919/759 4767/2920/758 4768/2917/758
f 4772/2921/760 4769/2922/759 4770/2919/759
f 4774/2923/761 4771/2924/760 4772/2921/760
f 4776/2925/763 4773/2926/761 4774/2923/761
f 4778/2927/764 4775/2928/762 4776/2925/763
f 4780/2929/766 4777/2930/764 4778/2927/764
f 4782/2931/767 4779/2932/765 4780/2929/766
f 4784/2933/768 4781/2934/767 4782/2931/767
f 4786/2935/769 4783/2936/768 4784/2933/768
f 4788/2937/770 4785/2938/769 4786/2935/769
f 4790/2939/771 4787/2940/770 4788/2937/770
f 4792/2941/772 4789/2942/771 4790/2939/771
f 4794/2943/773 4791/2944/772 4792/2941/772
f 4796/2945/774 4793/2946/773 4794/2943/773
f 4798/2947/775 4795/2948/774 4796/2945/774
f 4800/2949/776 4797/2950/775 4798/2947/775
f 4802/2951/777 4799/2952/776 4800/2949/776
f 4804/2953/778 4801/2954/777 4802/2951/777
f 4806/2955/777 4803/2956/778 4804/2953/778
f 4808/2957/776 4805/2958/777 4806/2955/777
f 4810/2959/775 4807/2960/776 4808/2957/776
f 4812/2961/774 4809/2962/775 4810/2959/775
f 4814/2963/773 4811/2964/774 4812/2961/774
f 4816/2965/779 4813/2966/773 4814/2963/773
f 4818/2967/780 4815/2968/779 4816/2965/779
f 4650/2800/693 4817/2969/780 4818/2967/780
f 4822/2970/782 4819/357/781 4820/1643/781
f 4824/2971/783 4821/2972/782 4822/2970/782
f 4826/2973/784 4823/2974/783 4824/2971/783
f 4828/2975/785 4825/2976/784 4826/2973/784
f 4830/2977/786 4827/2978/785 4828/2975/785
f 4832/2979/787 4829/2980/786 4830/2977/786
f 4834/2981/788 4831/2982/787 4832/2979/787
f 4836/2983/789 4833/2984/788 4834/2981/788
f 4838/2985/790 4835/2986/789 4836/2983/789
f 4840/2987/791 4837/2988/790 4838/2985/790
f 4842/2989/780 4839/2990/791 4840/2987/791
f 4844/2991/792 4841/2992/780 4842/2989/780
f 4846/2993/793 4843/2994/792 4844/2991/792
f 4848/2995/794 4845/2996/793 4846/2993/793
f 4850/2997/795 4847/2998/794 4848/2995/794
f 4852/2999/796 4849/3000/795 4850/2997/795
f 4854/3001/797 4851/3002/796 4852/2999/796
f 4856/3003/796 4853/3004/797 4854/3001/797
f 4858/3005/795 4855/3006/796 4856/3003/796
f 4860/3007/794 4857/3008/795 4858/3005/795
f 4862/3009/793 4859/3010/794 4860/3007/794
f 4864/3011/792 4861/3012/793 4862/3009/793
f 4866/3013/798 4863/3014/792 4864/3011/792
f 4868/3015/799 4865/3016/798 4866/3013/798
f 4870/3017/800 4867/3018/799 4868/3015/799
f 4872/3019/801 4869/3020/800 4870/3017/800
f 4874/3021/802 4871/3022/801 4872/3019/801
f 4876/3023/803 4873/3024/802 4874/3021/802
f 4878/3025/804 4875/3026/803 4876/3023/803
f 4880/3027/803 4877/3028/804 4878/3025/804
f 4882/3029/802 4879/3030/803 4880/3027/803
f 4884/3031/801 4881/3032/802 4882/3029/802
f 4886/3033/800 4883/3034/801 4884/3031/801
f 4888/3035/799 4885/3036/800 4886/3033/800
f 4890/3037/805 4887/3038/799 4888/3035/799
f 4892/3039/806 4889/3040/805 4890/3037/805
f 4894/3041/807 4891/3042/806 4892/3039/806
f 4896/3043/808 4893/3044/807 4894/3041/807
f 4898/3045/809 4895/3046/808 4896/3043/808
f 4900/3047/810 4897/3048/809 4898/3045/809
f 4902/3049/811 4899/3050/810 4900/3047/810
f 4904/3051/812 4901/3052/811 4902/3049/811
f 4906/3053/813 4903/3054/812 4904/3051/812
f 4908/3055/814 4905/327/813 4906/3053/813
f 4910/3056/815 4907/3057/814 4908/3055/814
f 4912/3058/816 4909/3059/815 4910/3056/815
f 4914/3060/817 4911/3061/816 4912/3058/816
f 4916/3062/818 4913/3063/817 4914/3060/817
f 4918/3064/819 4915/3065/818 4916/3062/818
f 4920/3066/820 4917/3067/819 4918/3064/819
f 4922/3068/822 4919/3069/820 4920/3066/820
f 4924/3070/823 4921/3071/821 4922/3068/822
f 4926/3072/824 4923/3073/823 4924/3070/823
f 4928/3074/825 4925/3075/824 4926/3072/824
f 4930/3076/826 4927/3077/825 4928/3074/825
f 4932/3078/827 4929/3079/826 4930/3076/826
f 4934/3080/828 4931/3081/827 4932/3078/827
f 4936/3082/829 4933/3083/828 4934/3080/828
f 4938/3084/830 4935/3085/829 4936/3082/829
f 4940/3086/831 4937/3087/830 4938/3084/830
f 4942/3088/832 4939/3089/831 4940/3086/831
f 4944/3090/833 4941/3091/832 4942/3088/832
f 4946/3092/834 4943/3093/833 4944/3090/833
f 4948/3094/835 4945/3095/834 4946/3092/834
f 4950/3096/836 4947/3097/835 4948/3094/835
f 4952/3098/837 4949/3099/836 4950/3096/836
f 4954/3100/836 4951/3101/837 4952/3098/837
f 4956/3102/835 4953/3103/836 4954/3100/836
f 4958/3104/834 4955/3105/835 4956/3102/835
f 4960/3106/833 4957/3107/834 4958/3104/834
f 4962/3108/832 4959/3109/833 4960/3106/833
f 4964/3110/838 4961/3111/832 4962/3108/832
f 4966/3112/839 4963/3113/838 4964/3110/838
f 4968/3114/840 4965/3115/839 4966/3112/839
f 4970/3116/841 4967/3117/840 4968/3114/840
f 4972/3118/842 4969/3119/841 4970/3116/841
f 4974/3120/843 4971/3121/842 4972/3118/842
f 4976/3122/844 4973/3123/843 4974/3120/843
f 4978/3124/845 4975/3125/844 4976/3122/844
f 4980/3126/846 4977/3127/845 4978/3124/845
f 4982/3128/847 4979/3129/846 4980/3126/846
f 4984/3130/848 4981/3131/847 4982/3128/847
f 4986/3132/850 4983/3133/848 4984/3130/848
f 4988/3134/851 4985/3135/849 4986/3132/850
f 4990/3136/852 4987/3137/851 4988/3134/851
f 4820/2800/781 4989/3138/852 4990/3136/852
f 4994/3139/854 4991/357/853 4992/1643/853
f 4996/1678/855 4993/3140/854 4994/3139/854
f 4998/3141/856 4995/1681/855 4996/1678/855
f 5000/1715/857 4997/3142/856 4998/3141/856
f 5002/3143/858 4999/1718/857 5000/1715/857
f 5004/1753/859 5001/3144/858 5002/3143/858
f 5006/3145/861 5003/1756/859 5004/1753/859
f 5008/1790/863 5005/3146/860 5006/3145/861
f 5010/3147/864 5007/1793/862 5008/1790/863
f 5012/1827/866 5009/3148/864 5010/3147/864
f 5014/3149/867 5011/1830/865 5012/1827/866
f 5016/1865/868 5013/3150/867 5014/3149/867
f 5018/3151/869 5015/1868/868 5016/1865/868
f 5020/1902/870 5017/3152/869 5018/3151/869
f 5022/3153/872 5019/1905/870 5020/1902/870
f 5024/1940/873 5021/3154/871 5022/3153/872
f 5026/3155/874 5023/1943/873 5024/1940/873
f 5028/1977/875 5025/3156/874 5026/3155/874
f 5030/3157/876 5027/1980/875 5028/1977/875
f 5032/2014/878 5029/3158/876 5030/3157/876
f 5034/3159/879 5031/2017/877 5032/2014/878
f 5036/2052/880 5033/3160/879 5034/3159/879
f 5038/3161/881 5035/2055/880 5036/2052/880
f 5040/2089/882 5037/3162/881 5038/3161/881
f 5042/3163/883 5039/2092/882 5040/2089/882
f 5044/2127/884 5041/3164/883 5042/3163/883
f 5046/3165/885 5043/2130/884 5044/2127/884
f 5048/2164/886 5045/3166/885 5046/3165/885
f 5050/3167/887 5047/2167/886 5048/2164/886
f 5052/2201/888 5049/3168/887 5050/3167/887
f 5054/3053/889 5051/2204/888 5052/2201/888
f 5056/2239/890 5053/327/889 5054/3053/889
f 5058/3169/891 5055/2242/890 5056/2239/890
f 5060/2276/892 5057/3170/891 5058/3169/891
f 5062/3171/893 5059/2279/892 5060/2276/892
f 5064/2314/894 5061/3172/893 5062/3171/893
f 5066/3173/895 5063/2316/894 5064/2314/894
f 5068/2351/896 5065/3174/895 5066/3173/895
f 5070/3175/897 5067/2354/896 5068/2351/896
f 5072/2388/898 5069/3176/897 5070/3175/897
f 5074/3177/899 5071/2391/898 5072/2388/898
f 5076/2426/900 5073/3178/899 5074/3177/899
f 5078/3179/901 5075/2429/900 5076/2426/900
f 5080/2463/902 5077/3180/901 5078/3179/901
f 5082/3181/903 5079/2466/902 5080/2463/902
f 5084/2500/904 5081/3182/903 5082/3181/903
f 5086/3183/905 5083/2503/904 5084/2500/904
f 5088/2538/906 5085/3184/905 5086/3183/905
f 5090/3185/907 5087/2541/906 5088/2538/906
f 5092/2575/908 5089/3186/907 5090/3185/907
f 5094/3187/909 5091/2578/908 5092/2575/908
f 5096/2613/910 5093/3188/909 5094/3187/909
f 5098/3189/911 5095/2616/910 5096/2613/910
f 5100/2650/912 5097/3190/911 5098/3189/911
f 5102/3191/913 5099/2653/912 5100/2650/912
f 5104/2687/914 5101/3192/913 5102/3191/913
f 5106/3193/915 5103/2690/914 5104/2687/914
f 5108/2725/916 5105/3194/915 5106/3193/915
f 5110/3195/917 5107/2728/916 5108/2725/916
f 5112/2762/918 5109/3196/917 5110/3195/917
f 5114/3197/919 5111/2765/918 5112/2762/918
f 4992/2800/853 5113/3198/919 5114/3197/919
f 5118/3199/922 5115/357/920 5116/1643/921
f 5120/3200/923 5117/3201/922 5118/3199/922
f 5122/3202/924 5119/3203/923 5120/3200/923
f 5124/3204/925 5121/3205/924 5122/3202/924
f 5126/3206/926 5123/3207/925 5124/3204/925
f 5128/3208/927 5125/3209/926 5126/3206/926
f 5130/3210/928 5127/3211/927 5128/3208/927
f 5132/3212/929 5129/3213/928 5130/3210/928
f 5134/3214/930 5131/3215/929 5132/3212/929
f 5136/3216/931 5133/3217/930 5134/3214/930
f 5138/3218/779 5135/3219/931 5136/3216/931
f 5140/3220/932 5137/3221/779 5138/3218/779
f 5142/3222/933 5139/3223/932 5140/3220/932
f 5144/3224/934 5141/3225/933 5142/3222/933
f 5146/3226/935 5143/3227/934 5144/3224/934
f 5148/3228/936 5145/3229/935 5146/3226/935
f 5150/3230/937 5147/3231/936 5148/3228/936
f 5152/3232/936 5149/3233/937 5150/3230/937
f 5154/3234/935 5151/3235/936 5152/3232/936
f 5156/3236/934 5153/3237/935 5154/3234/935
f 5158/3238/933 5155/3239/934 5156/3236/934
f 5160/3240/932 5157/3241/933 5158/3238/933
f 5162/3242/938 5159/3243/932 5160/3240/932
f 5164/3244/939 5161/3245/938 5162/3242/938
f 5166/3246/940 5163/3247/939 5164/3244/939
f 5168/3248/941 5165/3249/940 5166/3246/940
f 5170/3250/942 5167/3251/941 5168/3248/941
f 5172/3252/943 5169/426/942 5170/3250/942
f 5174/3253/944 5171/3254/943 5172/3252/943
f 5176/3255/945 5173/3256/944 5174/3253/944
f 5178/3257/946 5175/3258/945 5176/3255/945
f 5180/3259/947 5177/3260/946 5178/3257/946
f 5182/3261/948 5179/3262/947 5180/3259/947
f 5184/3263/949 5181/3264/948 5182/3261/948
f 5186/3265/950 5183/3266/949 5184/3263/949
f 5188/3267/951 5185/3268/950 5186/3265/950
f 5190/3269/952 5187/3270/951 5188/3267/951
f 5192/3271/953 5189/3272/952 5190/3269/952
f 5194/3273/954 5191/3274/953 5192/3271/953
f 5196/3275/956 5193/3276/954 5194/3273/954
f 5198/3277/957 5195/3278/955 5196/3275/956
f 5200/3279/958 5197/3280/957 5198/3277/957
f 5202/3281/959 5199/3282/958 5200/3279/958
f 5204/3283/960 5201/3284/959 5202/3281/959
f 5206/3285/961 5203/3286/960 5204/3283/960
f 5208/3287/962 5205/3288/961 5206/3285/961
f 5210/3289/963 5207/3290/962 5208/3287/962
f 5212/3291/964 5209/3292/963 5210/3289/963
f 5214/3293/965 5211/3294/964 5212/3291/964
f 5216/3295/966 5213/3296/965 5214/3293/965
f 5218/3297/967 5215/3298/966 5216/3295/966
f 5220/3299/968 5217/3300/967 5218/3297/967
f 5222/3301/551 5219/3302/968 5220/3299/968
f 5224/3053/968 5221/3303/551 5222/3301/551
f 5226/3304/967 5223/327/968 5224/3053/968
f 5228/3305/966 5225/3306/967 5226/3304/967
f 5230/3307/965 5227/3308/966 5228/3305/966
f 5232/3309/964 5229/3310/965 5230/3307/965
f 5234/3311/969 5231/3312/964 5232/3309/964
f 5236/3313/970 5233/3314/969 5234/3311/969
f 5238/3315/971 5235/3316/970 5236/3313/970
f 5240/3317/972 5237/3318/971 5238/3315/971
f 5242/3319/973 5239/3320/972 5240/3317/972
f 5244/3321/974 5241/3322/973 5242/3319/973
f 5246/3323/975 5243/3324/974 5244/3321/974
f 5248/3325/976 5245/3326/975 5246/3323/975
f 5250/3327/977 5247/3328/976 5248/3325/976
f 5252/3329/978 5249/3330/977 5250/3327/977
f 5254/3331/979 5251/3332/978 5252/3329/978
f 5256/3333/980 5253/3334/979 5254/3331/979
f 5258/3335/981 5255/3336/980 5256/3333/980
f 5260/3337/982 5257/3338/981 5258/3335/981
f 5262/3339/983 5259/3340/982 5260/3337/982
f 5264/3341/984 5261/3342/983 5262/3339/983
f 5266/3343/985 5263/3344/984 5264/3341/984
f 5268/3345/986 5265/3346/985 5266/3343/985
f 5270/3347/988 5267/3348/986 5268/3345/986
f 5272/3349/989 5269/3350/987 5270/3347/988
f 5274/3351/990 5271/3352/989 5272/3349/989
f 5276/3353/991 5273/3354/990 5274/3351/990
f 5278/3355/992 5275/3356/991 5276/3353/991
f 5280/3357/993 5277/127/992 5278/3355/992
f 5282/3358/995 5279/3359/993 5280/3357/993
f 5284/3360/997 5281/3361/994 5282/3358/995
f 5286/3362/999 5283/3363/996 5284/3360/997
f 5288/3364/1000 5285/3365/998 5286/3362/999
f 5290/3366/1001 5287/3367/1000 5288/3364/1000
f 5292/3368/1002 5289/3369/1001 5290/3366/1001
f 5294/3370/1003 5291/3371/1002 5292/3368/1002
f 5296/3372/1004 5293/3373/1003 5294/3370/1003
f 5298/3374/1005 5295/3375/1004 5296/3372/1004
f 5300/3376/1006 5297/3377/1005 5298/3374/1005
f 5302/3378/1007 5299/3379/1006 5300/3376/1006
f 5304/3380/1008 5301/3381/1007 5302/3378/1007
f 5306/3382/1009 5303/3383/1008 5304/3380/1008
f 5308/3384/1010 5305/3385/1009 5306/3382/1009
f 5310/3386/1011 5307/3387/1010 5308/3384/1010
f 5312/3388/1012 5309/3389/1011 5310/3386/1011
f 5314/3390/1013 5311/3391/1012 5312/3388/1012
f 5316/3392/1014 5313/3393/1013 5314/3390/1013
f 5318/3394/1015 5315/3395/1014 5316/3392/1014
f 5320/3396/1016 5317/3397/1015 5318/3394/1015
f 5322/3398/1017 5319/3399/1016 5320/3396/1016
f 5324/3400/1018 5321/3401/1017 5322/3398/1017
f 5326/3402/1019 5323/3403/1018 5324/3400/1018
f 5328/3404/1020 5325/3405/1019 5326/3402/1019
f 5330/3406/1021 5327/3407/1020 5328/3404/1020
f 5116/2800/921 5329/3408/1021 5330/3406/1021
f 5334/3409/1024 5331/357/1022 5332/1643/1022
f 5336/3410/1025 5333/3411/1023 5334/3409/1024
f 5338/3412/1026 5335/3413/1025 5336/3410/1025
f 5340/3414/1027 5337/3415/1026 5338/3412/1026
f 5342/3416/1028 5339/3417/1027 5340/3414/1027
f 5344/3418/1029 5341/3419/1028 5342/3416/1028
f 5346/3420/1030 5343/3421/1029 5344/3418/1029
f 5348/3422/1031 5345/3423/1030 5346/3420/1030
f 5350/3424/1032 5347/3425/1031 5348/3422/1031
f 5352/2833/1033 5349/3426/1032 5350/3424/1032
f 5354/3427/1034 5351/2836/1033 5352/2833/1033
f 5356/3428/459 5353/3429/1034 5354/3427/1034
f 5358/3430/1007 5355/3431/459 5356/3428/459
f 5360/3432/1036 5357/3433/1007 5358/3430/1007
f 5362/3434/1038 5359/3435/1035 5360/3432/1036
f 5364/3436/1039 5361/3437/1037 5362/3434/1038
f 5366/3438/1040 5363/3439/1039 5364/3436/1039
f 5368/3440/1042 5365/3441/1040 5366/3438/1040
f 5370/3442/1043 5367/3443/1041 5368/3440/1042
f 5372/2867/1044 5369/3444/1043 5370/3442/1043
f 5374/3445/1045 5371/2870/1044 5372/2867/1044
f 5376/3446/1046 5373/3447/1045 5374/3445/1045
f 5378/3448/1047 5375/3449/1046 5376/3446/1046
f 5380/3450/1048 5377/3451/1047 5378/3448/1047
f 5382/3053/1049 5379/3452/1048 5380/3450/1048
f 5384/3453/1050 5381/327/1049 5382/3053/1049
f 5386/3454/1051 5383/3455/1050 5384/3453/1050
f 5388/3456/1052 5385/3457/1051 5386/3454/1051
f 5390/3458/1054 5387/3459/1052 5388/3456/1052
f 5392/2901/1056 5389/3460/1053 5390/3458/1054
f 5394/3461/1058 5391/2904/1055 5392/2901/1056
f 5396/3462/1059 5393/3463/1057 5394/3461/1058
f 5398/3464/1060 5395/3465/1059 5396/3462/1059
f 5400/3466/1061 5397/3467/1060 5398/3464/1060
f 5402/3468/1062 5399/3469/1061 5400/3466/1061
f 5404/3470/1063 5401/3471/1062 5402/3468/1062
f 5406/3472/1064 5403/3473/1063 5404/3470/1063
f 5408/3474/1066 5405/3475/1064 5406/3472/1064
f 5410/3476/1067 5407/3477/1065 5408/3474/1066
f 5412/2935/1068 5409/3478/1067 5410/3476/1067
f 5414/3479/1069 5411/2938/1068 5412/2935/1068
f 5416/3480/1070 5413/3481/1069 5414/3479/1069
f 5418/3482/1072 5415/3483/1070 5416/3480/1070
f 5420/3484/1073 5417/3485/1071 5418/3482/1072
f 5422/3486/1074 5419/3487/1073 5420/3484/1073
f 5424/3488/1075 5421/3489/1074 5422/3486/1074
f 5426/3490/1076 5423/3491/1075 5424/3488/1075
f 5428/3492/1077 5425/3493/1076 5426/3490/1076
f 5430/3494/1078 5427/3495/1077 5428/3492/1077
f 5332/2800/1022 5429/3496/1078 5430/3494/1078
f 5434/3497/1080 5431/357/1079 5432/1643/1079
f 5436/3498/1081 5433/3499/1080 5434/3497/1080
f 5438/3500/1082 5435/3501/1081 5436/3498/1081
f 5440/3502/1083 5437/3503/1082 5438/3500/1082
f 5442/3504/1084 5439/3505/1083 5440/3502/1083
f 5444/3506/1085 5441/3507/1084 5442/3504/1084
f 5446/3508/1086 5443/3509/1085 5444/3506/1085
f 5448/3510/1087 5445/3511/1086 5446/3508/1086
f 5450/3512/1088 5447/3513/1087 5448/3510/1087
f 5452/3514/1089 5449/3515/1088 5450/3512/1088
f 5454/3516/1090 5451/3517/1089 5452/3514/1089
f 5456/3518/1091 5453/3519/1090 5454/3516/1090
f 5458/3520/1092 5455/3521/1091 5456/3518/1091
f 5460/3522/1094 5457/3523/1092 5458/3520/1092
f 5462/3524/1096 5459/3525/1093 5460/3522/1094
f 5464/3526/1097 5461/3527/1095 5462/3524/1096
f 5466/3528/1098 5463/3529/1097 5464/3526/1097
f 5468/3530/1099 5465/3531/1098 5466/3528/1098
f 5470/3532/1100 5467/3533/1099 5468/3530/1099
f 5472/3534/1101 5469/3535/1100 5470/3532/1100
f 5474/3536/793 5471/3537/1101 5472/3534/1101
f 5476/3538/1102 5473/3539/793 5474/3536/793
f 5478/3540/1103 5475/3541/1102 5476/3538/1102
f 5480/3542/1104 5477/3543/1103 5478/3540/1103
f 5482/3544/1105 5479/3545/1104 5480/3542/1104
f 5484/3546/1106 5481/3547/1105 5482/3544/1105
f 5486/3548/1107 5483/3549/1106 5484/3546/1106
f 5488/3550/1108 5485/3551/1107 5486/3548/1107
f 5490/3552/1109 5487/3553/1108 5488/3550/1108
f 5492/3554/1110 5489/3555/1109 5490/3552/1109
f 5494/3556/1112 5491/3557/1110 5492/3554/1110
f 5496/3558/1113 5493/3559/1111 5494/3556/1112
f 5498/3560/1114 5495/3561/1113 5496/3558/1113
f 5500/3562/1115 5497/3563/1114 5498/3560/1114
f 5502/3564/1116 5499/3565/1115 5500/3562/1115
f 5504/3566/1117 5501/3567/1116 5502/3564/1116
f 5506/3568/1119 5503/3569/1117 5504/3566/1117
f 5508/3570/1120 5505/3571/1118 5506/3568/1119
f 5510/3572/1121 5507/3573/1120 5508/3570/1120
f 5512/3574/1122 5509/3575/1121 5510/3572/1121
f 5514/3576/1123 5511/3577/1122 5512/3574/1122
f 5516/3578/1124 5513/3579/1123 5514/3576/1123
f 5518/3580/1125 5515/3581/1124 5516/3578/1124
f 5520/3582/1126 5517/3583/1125 5518/3580/1125
f 5522/3584/1127 5519/3585/1126 5520/3582/1126
f 5524/3586/1129 5521/3587/1127 5522/3584/1127
f 5526/3588/1130 5523/3589/1128 5524/3586/1129
f 5528/3590/1132 5525/3591/1130 5526/3588/1130
f 5530/3592/1133 5527/3593/1131 5528/3590/1132
f 5532/3594/1134 5529/3595/1133 5530/3592/1133
f 5534/3596/1135 5531/3597/1134 5532/3594/1134
f 5536/3598/1136 5533/3599/1135 5534/3596/1135
f 5538/3600/1137 5535/3601/1136 5536/3598/1136
f 5540/3602/1138 5537/3603/1137 5538/3600/1137
f 5542/3604/1139 5539/3605/1138 5540/3602/1138
f 5544/3606/1140 5541/3607/1139 5542/3604/1139
f 5546/3608/1141 5543/3609/1140 5544/3606/1140
f 5548/3610/1142 5545/3611/1141 5546/3608/1141
f 5550/3612/1143 5547/3613/1142 5548/3610/1142
f 5552/3614/1144 5549/3615/1143 5550/3612/1143
f 5554/3616/1145 5551/3617/1144 5552/3614/1144
f 5556/3618/1146 5553/3619/1145 5554/3616/1145
f 5558/3620/1147 5555/3621/1146 5556/3618/1146
f 5560/3622/1148 5557/3623/1147 5558/3620/1147
f 5562/3624/1149 5559/3625/1148 5560/3622/1148
f 5564/3626/1150 5561/3627/1149 5562/3624/1149
f 5566/3628/1151 5563/3629/1150 5564/3626/1150
f 5568/3630/1152 5565/3631/1151 5566/3628/1151
f 5570/3632/1130 5567/3633/1152 5568/3630/1152
f 5572/3634/1153 5569/3635/1130 5570/3632/1130
f 5574/3636/1154 5571/3637/1153 5572/3634/1153
f 5576/3638/1155 5573/3639/1154 5574/3636/1154
f 5578/3640/1156 5575/3641/1155 5576/3638/1155
f 5580/3642/1157 5577/3643/1156 5578/3640/1156
f 5582/3644/1158 5579/3645/1157 5580/3642/1157
f 5584/3646/1159 5581/3647/1158 5582/3644/1158
f 5586/3648/1160 5583/3649/1159 5584/3646/1159
f 5588/3650/1161 5585/3651/1160 5586/3648/1160
f 5590/3652/1162 5587/3653/1161 5588/3650/1161
f 5592/3654/1163 5589/3655/1162 5590/3652/1162
f 5594/3656/1164 5591/3657/1163 5592/3654/1163
f 5596/3658/1165 5593/3659/1164 5594/3656/1164
f 5598/3660/1166 5595/3661/1165 5596/3658/1165
f 5600/3662/1167 5597/3663/1166 5598/3660/1166
f 5602/3664/1168 5599/3665/1167 5600/3662/1167
f 5604/3666/1169 5601/3667/1168 5602/3664/1168
f 5606/3668/1170 5603/3669/1169 5604/3666/1169
f 5608/3670/1171 5605/3671/1170 5606/3668/1170
f 5610/3672/1172 5607/3673/1171 5608/3670/1171
f 5612/3674/1173 5609/3675/1172 5610/3672/1172
f 5614/3676/1174 5611/3677/1173 5612/3674/1173
f 5616/3678/1175 5613/3679/1174 5614/3676/1174
f 5618/3680/1176 5615/3681/1175 5616/3678/1175
f 5620/3682/1177 5617/3683/1176 5618/3680/1176
f 5622/3684/1178 5619/3685/1177 5620/3682/1177
f 5624/3686/1179 5621/3687/1178 5622/3684/1178
f 5626/3688/1180 5623/3689/1179 5624/3686/1179
f 5628/3690/1181 5625/3691/1180 5626/3688/1180
f 5630/3692/786 5627/3693/1181 5628/3690/1181
f 5632/3694/1182 5629/3695/786 5630/3692/786
f 5634/3696/1183 5631/3697/1182 5632/3694/1182
f 5636/3698/1184 5633/3699/1183 5634/3696/1183
f 5638/3700/1185 5635/3701/1184 5636/3698/1184
f 5640/3702/1186 5637/3703/1185 5638/3700/1185
f 5642/3704/1187 5639/3705/1186 5640/3702/1186
f 5644/3706/1188 5641/3707/1187 5642/3704/1187
f 5646/3708/1189 5643/3709/1188 5644/3706/1188
f 5648/3710/1190 5645/3711/1189 5646/3708/1189
f 5650/3712/1191 5647/3713/1190 5648/3710/1190
f 5652/3714/1193 5649/3715/1191 5650/3712/1191
f 5654/3716/1194 5651/3717/1192 5652/3714/1193
f 5656/3718/1195 5653/3719/1194 5654/3716/1194
f 5658/3720/1196 5655/3721/1195 5656/3718/1195
f 5660/3722/1198 5657/3723/1196 5658/3720/1196
f 5662/3724/1199 5659/3725/1197 5660/3722/1198
f 5664/3726/1200 5661/3727/1199 5662/3724/1199
f 5666/3728/1201 5663/3729/1200 5664/3726/1200
f 5668/3730/1202 5665/3731/1201 5666/3728/1201
f 5670/3732/1203 5667/3733/1202 5668/3730/1202
f 5672/3734/1204 5669/3735/1203 5670/3732/1203
f 5674/3736/1205 5671/3737/1204 5672/3734/1204
f 5676/3738/1206 5673/3739/1205 5674/3736/1205
f 5678/3740/1207 5675/3741/1206 5676/3738/1206
f 5680/3742/1208 5677/3743/1207 5678/3740/1207
f 5682/3744/1209 5679/3745/1208 5680/3742/1208
f 5684/3746/1210 5681/3747/1209 5682/3744/1209
f 5686/3748/1211 5683/3749/1210 5684/3746/1210
f 5688/3750/1212 5685/3751/1211 5686/3748/1211
f 5690/3752/1213 5687/3753/1212 5688/3750/1212
f 5692/3754/1214 5689/3755/1213 5690/3752/1213
f 5694/3756/1215 5691/3757/1214 5692/3754/1214
f 5696/3758/1216 5693/3759/1215 5694/3756/1215
f 5698/3760/1217 5695/3761/1216 5696/3758/1216
f 5700/3762/1218 5697/3763/1217 5698/3760/1217
f 5702/3764/1219 5699/3765/1218 5700/3762/1218
f 5704/3766/1220 5701/3767/1219 5702/3764/1219
f 5706/3768/1221 5703/3769/1220 5704/3766/1220
f 5708/3770/1077 5705/3771/1221 5706/3768/1221
f 5710/3772/1222 5707/3773/1077 5708/3770/1077
f 5712/3774/1223 5709/3775/1222 5710/3772/1222
f 5714/3776/1224 5711/3777/1223 5712/3774/1223
f 5716/3778/1225 5713/3779/1224 5714/3776/1224
f 5718/3780/1226 5715/3781/1225 5716/3778/1225
f 5720/3782/1227 5717/3783/1226 5718/3780/1226
f 5722/3784/1228 5719/3785/1227 5720/3782/1227
f 5724/3786/1229 5721/3787/1228 5722/3784/1228
f 5726/3788/1230 5723/3789/1229 5724/3786/1229
f 5728/3790/1231 5725/3791/1230 5726/3788/1230
f 5730/3792/1232 5727/3793/1231 5728/3790/1231
f 5732/3794/1233 5729/3795/1232 5730/3792/1232
f 5734/3796/1234 5731/3797/1233 5732/3794/1233
f 5736/3798/1235 5733/3799/1234 5734/3796/1234
f 5738/3800/1236 5735/3801/1235 5736/3798/1235
f 5740/3802/1237 5737/3803/1236 5738/3800/1236
f 5742/3804/1238 5739/3805/1237 5740/3802/1237
f 5744/3806/1239 5741/3807/1238 5742/3804/1238
f 5746/3808/1240 5743/3809/1239 5744/3806/1239
f 5748/3810/1241 5745/3811/1240 5746/3808/1240
f 5750/3812/1242 5747/3813/1241 5748/3810/1241
f 5752/3814/1244 5749/3815/1242 5750/3812/1242
f 5754/3816/1245 5751/3817/1243 5752/3814/1244
f 5756/3818/1246 5753/3819/1245 5754/3816/1245
f 5758/3820/1247 5755/3821/1246 5756/3818/1246
f 5760/3822/1248 5757/3823/1247 5758/3820/1247
f 5762/3824/1250 5759/3825/1248 5760/3822/1248
f 5764/3826/1251 5761/3827/1249 5762/3824/1250
f 5766/3828/1252 5763/3829/1251 5764/3826/1251
f 5768/3830/1253 5765/3831/1252 5766/3828/1252
f 5770/3832/1254 5767/3833/1253 5768/3830/1253
f 5772/3834/1256 5769/3835/1254 5770/3832/1254
f 5774/3836/1257 5771/3837/1255 5772/3834/1256
f 5776/3838/1258 5773/3839/1257 5774/3836/1257
f 5778/3840/1259 5775/3841/1258 5776/3838/1258
f 5780/3842/1260 5777/3843/1259 5778/3840/1259
f 5782/3844/1261 5779/3845/1260 5780/3842/1260
f 5784/3846/1262 5781/3847/1261 5782/3844/1261
f 5786/3848/1263 5783/3849/1262 5784/3846/1262
f 5788/3850/1264 5785/3851/1263 5786/3848/1263
f 5790/3852/1265 5787/3853/1264 5788/3850/1264
f 5792/3854/1266 5789/3855/1265 5790/3852/1265
f 5794/3053/1267 5791/3856/1266 5792/3854/1266
f 5796/3857/1268 5793/327/1267 5794/3053/1267
f 5798/3858/1269 5795/3859/1268 5796/3857/1268
f 5800/3860/1270 5797/3861/1269 5798/3858/1269
f 5802/3862/1271 5799/3863/1270 5800/3860/1270
f 5804/3864/1272 5801/3865/1271 5802/3862/1271
f 5806/3866/1273 5803/3867/1272 5804/3864/1272
f 5808/3868/1274 5805/3869/1273 5806/3866/1273
f 5810/3870/1275 5807/3871/1274 5808/3868/1274
f 5812/3872/1276 5809/3873/1275 5810/3870/1275
f 5814/3874/1277 5811/3875/1276 5812/3872/1276
f 5816/3876/1278 5813/3877/1277 5814/3874/1277
f 5818/3878/1279 5815/3879/1278 5816/3876/1278
f 5820/3880/1280 5817/3881/1279 5818/3878/1279
f 5822/3882/1281 5819/3883/1280 5820/3880/1280
f 5824/3884/1282 5821/3885/1281 5822/3882/1281
f 5826/3886/1283 5823/3887/1282 5824/3884/1282
f 5828/3888/1284 5825/3889/1283 5826/3886/1283
f 5830/3890/1285 5827/3891/1284 5828/3888/1284
f 5832/3892/1286 5829/3893/1285 5830/3890/1285
f 5834/3894/1287 5831/3895/1286 5832/3892/1286
f 5836/3896/1288 5833/3897/1287 5834/3894/1287
f 5838/3898/1289 5835/3899/1288 5836/3896/1288
f 5840/3900/1290 5837/3901/1289 5838/3898/1289
f 5842/3902/1291 5839/3903/1290 5840/3900/1290
f 5844/3904/1292 5841/3905/1291 5842/3902/1291
f 5846/3906/1293 5843/3907/1292 5844/3904/1292
f 5848/3908/1294 5845/3909/1293 5846/3906/1293
f 5850/3910/1295 5847/3911/1294 5848/3908/1294
f 5852/3912/1294 5849/3913/1295 5850/3910/1295
f 5854/3914/1293 5851/3915/1294 5852/3912/1294
f 5856/3916/1292 5853/3917/1293 5854/3914/1293
f 5858/3918/1291 5855/3919/1292 5856/3916/1292
f 5860/3920/1290 5857/3921/1291 5858/3918/1291
f 5862/3922/1296 5859/3923/1290 5860/3920/1290
f 5864/3924/1297 5861/3925/1296 5862/3922/1296
f 5866/3926/1298 5863/3927/1297 5864/3924/1297
f 5868/3928/1299 5865/3929/1298 5866/3926/1298
f 5870/3930/1300 5867/3931/1299 5868/3928/1299
f 5872/3932/1301 5869/3933/1300 5870/3930/1300
f 5874/3934/1302 5871/3935/1301 5872/3932/1301
f 5876/3936/1303 5873/3937/1302 5874/3934/1302
f 5878/3938/1304 5875/3939/1303 5876/3936/1303
f 5880/3940/1305 5877/3941/1304 5878/3938/1304
f 5882/3942/1306 5879/3943/1305 5880/3940/1305
f 5884/3944/1307 5881/3945/1306 5882/3942/1306
f 5886/3946/1308 5883/3947/1307 5884/3944/1307
f 5888/3948/1309 5885/3949/1308 5886/3946/1308
f 5890/3950/1310 5887/3951/1309 5888/3948/1309
f 5892/3952/1311 5889/3953/1310 5890/3950/1310
f 5894/3954/1312 5891/3955/1311 5892/3952/1311
f 5896/3956/1313 5893/3957/1312 5894/3954/1312
f 5898/3958/1314 5895/3959/1313 5896/3956/1313
f 5900/3960/1315 5897/3961/1314 5898/3958/1314
f 5902/3962/1316 5899/3963/1315 5900/3960/1315
f 5904/3964/1317 5901/3965/1316 5902/3962/1316
f 5906/3966/1318 5903/3967/1317 5904/3964/1317
f 5908/3968/1319 5905/3969/1318 5906/3966/1318
f 5910/3970/1320 5907/3971/1319 5908/3968/1319
f 5912/3972/1321 5909/3973/1320 5910/3970/1320
f 5914/3974/1322 5911/3975/1321 5912/3972/1321
f 5916/3976/1323 5913/3977/1322 5914/3974/1322
f 5918/3978/1324 5915/3979/1323 5916/3976/1323
f 5920/3980/1325 5917/3981/1324 5918/3978/1324
f 5922/3982/1326 5919/3983/1325 5920/3980/1325
f 5924/3984/1327 5921/3985/1326 5922/3982/1326
f 5926/3986/1328 5923/3987/1327 5924/3984/1327
f 5928/3988/1329 5925/3989/1328 5926/3986/1328
f 5930/3990/1330 5927/3991/1329 5928/3988/1329
f 5932/3992/1331 5929/3993/1330 5930/3990/1330
f 5934/3994/1332 5931/3995/1331 5932/3992/1331
f 5936/3996/1333 5933/3997/1332 5934/3994/1332
f 5938/3998/1334 5935/3999/1333 5936/3996/1333
f 5940/4000/1335 5937/4001/1334 5938/3998/1334
f 5942/4002/1336 5939/4003/1335 5940/4000/1335
f 5944/4004/1337 5941/4005/1336 5942/4002/1336
f 5946/4006/1339 5943/4007/1337 5944/4004/1337
f 5948/4008/1340 5945/4009/1338 5946/4006/1339
f 5950/4010/1341 5947/4011/1340 5948/4008/1340
f 5952/4012/1342 5949/4013/1341 5950/4010/1341
f 5954/4014/1343 5951/4015/1342 5952/4012/1342
f 5956/4016/1344 5953/4017/1343 5954/4014/1343
f 5958/4018/1345 5955/4019/1344 5956/4016/1344
f 5960/4020/1346 5957/4021/1345 5958/4018/1345
f 5962/4022/1347 5959/4023/1346 5960/4020/1346
f 5964/4024/1348 5961/4025/1347 5962/4022/1347
f 5966/4026/1349 5963/4027/1348 5964/4024/1348
f 5968/4028/1350 5965/4029/1349 5966/4026/1349
f 5970/4030/1351 5967/4031/1350 5968/4028/1350
f 5972/4032/1350 5969/4033/1351 5970/4030/1351
f 5974/4034/1349 5971/4035/1350 5972/4032/1350
f 5976/4036/1348 5973/4037/1349 5974/4034/1349
f 5978/4038/1347 5975/4039/1348 5976/4036/1348
f 5980/4040/1346 5977/4041/1347 5978/4038/1347
f 5982/4042/1245 5979/4043/1346 5980/4040/1346
f 5984/4044/1352 5981/4045/1245 5982/4042/1245
f 5986/4046/1353 5983/4047/1352 5984/4044/1352
f 5988/4048/1354 5985/4049/1353 5986/4046/1353
f 5990/4050/1355 5987/4051/1354 5988/4048/1354
f 5992/4052/1356 5989/4053/1355 5990/4050/1355
f 5994/4054/1357 5991/4055/1356 5992/4052/1356
f 5996/4056/1358 5993/4057/1357 5994/4054/1357
f 5998/4058/1359 5995/4059/1358 5996/4056/1358
f 6000/4060/1360 5997/4061/1359 5998/4058/1359
f 6002/4062/1361 5999/4063/1360 6000/4060/1360
f 6004/4064/1362 6001/4065/1361 6002/4062/1361
f 6006/4066/1363 6003/4067/1362 6004/4064/1362
f 6008/4068/1364 6005/4069/1363 6006/4066/1363
f 6010/4070/1365 6007/4071/1364 6008/4068/1364
f 6012/4072/1366 6009/4073/1365 6010/4070/1365
f 6014/4074/1367 6011/4075/1366 6012/4072/1366
f 6016/4076/1368 6013/4077/1367 6014/4074/1367
f 6018/4078/1369 6015/4079/1368 6016/4076/1368
f 6020/4080/1370 6017/4081/1369 6018/4078/1369
f 6022/4082/195 6019/4083/1370 6020/4080/1370
f 6024/4084/1371 6021/4085/195 6022/4082/195
f 6026/4086/1372 6023/4087/1371 6024/4084/1371
f 6028/4088/1373 6025/4089/1372 6026/4086/1372
f 6030/4090/1128 6027/4091/1373 6028/4088/1373
f 6032/4092/1297 6029/4093/1128 6030/4090/1128
f 6034/4094/1374 6031/4095/706 6032/4092/1297
f 6036/4096/1375 6033/4097/1374 6034/4094/1374
f 6038/4098/1376 6035/4099/1375 6036/4096/1375
f 6040/4100/1377 6037/4101/1376 6038/4098/1376
f 6042/4102/1379 6039/4103/1377 6040/4100/1377
f 6044/4104/1380 6041/4105/1378 6042/4102/1379
f 6046/4106/1378 6043/4107/1380 6044/4104/1380
f 6048/4108/1377 6045/4109/1379 6046/4106/1378
f 6050/4110/1376 6047/4111/1377 6048/4108/1377
f 6052/4112/1375 6049/4113/1376 6050/4110/1376
f 6054/4114/1374 6051/4115/1375 6052/4112/1375
f 6056/4116/1381 6053/4117/1374 6054/4114/1374
f 6058/4118/1382 6055/4119/1381 6056/4116/1381
f 6060/4120/1383 6057/4121/1382 6058/4118/1382
f 6062/4122/1384 6059/4123/1383 6060/4120/1383
f 6064/4124/1385 6061/4125/1384 6062/4122/1384
f 6066/4126/1386 6063/4127/1385 6064/4124/1385
f 6068/4128/1387 6065/4129/1386 6066/4126/1386
f 6070/4130/1388 6067/4131/1387 6068/4128/1387
f 6072/4132/1389 6069/4133/1388 6070/4130/1388
f 6074/4134/1390 6071/4135/1389 6072/4132/1389
f 6076/4136/1391 6073/4137/1390 6074/4134/1390
f 6078/4138/1392 6075/4139/1391 6076/4136/1391
f 6080/4140/1393 6077/4141/1392 6078/4138/1392
f 6082/4142/1394 6079/4143/1393 6080/4140/1393
f 6084/4144/1395 6081/4145/1394 6082/4142/1394
f 6086/4146/1396 6083/4147/1395 6084/4144/1395
f 6088/4148/1397 6085/4149/1396 6086/4146/1396
f 6090/4150/1398 6087/4151/1397 6088/4148/1397
f 6092/4152/1399 6089/4153/1398 6090/4150/1398
f 6094/4154/1400 6091/4155/1399 6092/4152/1399
f 6096/4156/1401 6093/4157/1400 6094/4154/1400
f 6098/4158/1402 6095/4159/1401 6096/4156/1401
f 6100/4160/1403 6097/4161/1402 6098/4158/1402
f 6102/4162/1404 6099/4163/1403 6100/4160/1403
f 6104/4164/1405 6101/4165/1404 6102/4162/1404
f 6106/4166/1406 6103/4167/1405 6104/4164/1405
f 6108/4168/1407 6105/4169/1406 6106/4166/1406
f 6110/4170/1408 6107/4171/1407 6108/4168/1407
f 6112/4172/1409 6109/4173/1408 6110/4170/1408
f 6114/4174/1410 6111/4175/1409 6112/4172/1409
f 6116/4176/1411 6113/4177/1410 6114/4174/1410
f 6118/4178/1412 6115/4179/1411 6116/4176/1411
f 6120/4180/1413 6117/4181/1412 6118/4178/1412
f 6122/4182/1414 6119/4183/1413 6120/4180/1413
f 6124/4184/1416 6121/4185/1414 6122/4182/1414
f 6126/4186/1418 6123/4187/1415 6124/4184/1416
f 6128/4188/1419 6125/4189/1417 6126/4186/1418
f 6130/4190/1421 6127/4191/1419 6128/4188/1419
f 6132/4192/1422 6129/4193/1420 6130/4190/1421
f 6134/4194/1423 6131/4195/1422 6132/4192/1422
f 6136/4196/1424 6133/4197/1423 6134/4194/1423
f 6138/4198/1425 6135/4199/1424 6136/4196/1424
f 6140/4200/1426 6137/4201/1425 6138/4198/1425
f 6142/4202/1427 6139/4203/1426 6140/4200/1426
f 6144/4204/1428 6141/4205/1427 6142/4202/1427
f 6146/4206/1429 6143/4207/1428 6144/4204/1428
f 6148/4208/496 6145/4209/1429 6146/4206/1429
f 6150/4210/1431 6147/4211/1430 6148/4208/496
f 6152/4212/1432 6149/4213/1431 6150/4210/1431
f 6154/4214/1433 6151/4215/1432 6152/4212/1432
f 5432/2800/1079 6153/4216/1433 6154/4214/1433
f 6158/3409/1435 6155/357/1434 6156/1643/1434
f 6160/3410/1436 6157/3411/1435 6158/3409/1435
f 6162/3412/1437 6159/3413/1436 6160/3410/1436
f 6164/3414/1438 6161/3415/1437 6162/3412/1437
f 6166/3416/1439 6163/3417/1438 6164/3414/1438
f 6168/3418/1440 6165/3419/1439 6166/3416/1439
f 6170/3420/1441 6167/3421/1440 6168/3418/1440
f 6172/3422/1443 6169/3423/1441 6170/3420/1441
f 6174/3424/1445 6171/3425/1442 6172/3422/1443
f 6176/2833/1446 6173/3426/1444 6174/3424/1445
f 6178/3427/1447 6175/2836/1446 6176/2833/1446
f 6180/3428/1448 6177/3429/1447 6178/3427/1447
f 6182/3430/1449 6179/3431/1448 6180/3428/1448
f 6184/3432/1450 6181/3433/1449 6182/3430/1449
f 6186/3434/1451 6183/3435/1450 6184/3432/1450
f 6188/3436/1452 6185/3437/1451 6186/3434/1451
f 6190/3438/1453 6187/3439/1452 6188/3436/1452
f 6192/3440/1454 6189/3441/1453 6190/3438/1453
f 6194/3442/1455 6191/3443/1454 6192/3440/1454
f 6196/2867/1456 6193/3444/1455 6194/3442/1455
f 6198/3445/1457 6195/2870/1456 6196/2867/1456
f 6200/3446/1458 6197/3447/1457 6198/3445/1457
f 6202/3448/1459 6199/3449/1458 6200/3446/1458
f 6204/3450/1460 6201/3451/1459 6202/3448/1459
f 6206/3053/1461 6203/3452/1460 6204/3450/1460
f 6208/3453/1462 6205/327/1461 6206/3053/1461
f 6210/3454/1463 6207/3455/1462 6208/3453/1462
f 6212/3456/1464 6209/3457/1463 6210/3454/1463
f 6214/3458/1465 6211/3459/1464 6212/3456/1464
f 6216/2901/1466 6213/3460/1465 6214/3458/1465
f 6218/3461/1468 6215/2904/1466 6216/2901/1466
f 6220/3462/1469 6217/3463/1467 6218/3461/1468
f 6222/3464/1470 6219/3465/1469 6220/3462/1469
f 6224/3466/1471 6221/3467/1470 6222/3464/1470
f 6226/3468/1472 6223/3469/1471 6224/3466/1471
f 6228/3470/1473 6225/3471/1472 6226/3468/1472
f 6230/3472/1474 6227/3473/1473 6228/3470/1473
f 6232/3474/1475 6229/3475/1474 6230/3472/1474
f 6234/3476/1476 6231/3477/1475 6232/3474/1475
f 6236/2935/1477 6233/3478/1476 6234/3476/1476
f 6238/3479/1478 6235/2938/1477 6236/2935/1477
f 6240/3480/1479 6237/3481/1478 6238/3479/1478
f 6242/3482/1480 6239/3483/1479 6240/3480/1479
f 6244/3484/1481 6241/3485/1480 6242/3482/1480
f 6246/3486/1482 6243/3487/1481 6244/3484/1481
f 6248/3488/1483 6245/3489/1482 6246/3486/1482
f 6250/3490/1484 6247/3491/1483 6248/3488/1483
f 6252/3492/1485 6249/3493/1484 6250/3490/1484
f 6254/3494/1486 6251/3495/1485 6252/3492/1485
f 6156/2800/1434 6253/3496/1486 6254/3494/1486
f 6258/3139/1488 6255/357/1487 6256/1643/1487
f 6260/1678/1489 6257/3140/1488 6258/3139/1488
f 6262/3141/1490 6259/1681/1489 6260/1678/1489
f 6264/1715/1191 6261/3142/1490 6262/3141/1490
f 6266/3143/1491 6263/1718/1191 6264/1715/1191
f 6268/1753/1492 6265/3144/1491 6266/3143/1491
f 6270/3145/1493 6267/1756/1492 6268/1753/1492
f 6272/1790/1494 6269/3146/1493 6270/3145/1493
f 6274/3147/1495 6271/1793/1494 6272/1790/1494
f 6276/1827/1496 6273/3148/1495 6274/3147/1495
f 6278/3149/1497 6275/1830/1496 6276/1827/1496
f 6280/1865/1498 6277/3150/1497 6278/3149/1497
f 6282/3151/1500 6279/1868/1498 6280/1865/1498
f 6284/1902/1501 6281/3152/1499 6282/3151/1500
f 6286/3153/1502 6283/1905/1501 6284/1902/1501
f 6288/1940/1504 6285/3154/1502 6286/3153/1502
f 6290/3155/1505 6287/1943/1503 6288/1940/1504
f 6292/1977/1504 6289/3156/1505 6290/3155/1505
f 6294/3157/1502 6291/1980/1504 6292/1977/1504
f 6296/2014/1501 6293/3158/1502 6294/3157/1502
f 6298/3159/1500 6295/2017/1501 6296/2014/1501
f 6300/2052/1498 6297/3160/1499 6298/3159/1500
f 6302/3161/1506 6299/2055/1498 6300/2052/1498
f 6304/2089/1507 6301/3162/1506 6302/3161/1506
f 6306/3163/1509 6303/2092/1507 6304/2089/1507
f 6308/2127/1510 6305/3164/1508 6306/3163/1509
f 6310/3165/1511 6307/2130/1510 6308/2127/1510
f 6312/2164/1513 6309/3166/1511 6310/3165/1511
f 6314/3167/1514 6311/2167/1512 6312/2164/1513
f 6316/2201/1515 6313/3168/1514 6314/3167/1514
f 6318/3053/1516 6315/2204/1515 6316/2201/1515
f 6320/2239/1517 6317/327/1516 6318/3053/1516
f 6322/3169/1518 6319/2242/1517 6320/2239/1517
f 6324/2276/1519 6321/3170/1518 6322/3169/1518
f 6326/3171/1520 6323/2279/1519 6324/2276/1519
f 6328/2314/1521 6325/3172/1520 6326/3171/1520
f 6330/3173/1522 6327/2316/1521 6328/2314/1521
f 6332/2351/1523 6329/3174/1522 6330/3173/1522
f 6334/3175/1524 6331/2354/1523 6332/2351/1523
f 6336/2388/1525 6333/3176/1524 6334/3175/1524
f 6338/3177/1526 6335/2391/1525 6336/2388/1525
f 6340/2426/1527 6337/3178/1526 6338/3177/1526
f 6342/3179/1528 6339/2429/1527 6340/2426/1527
f 6344/2463/1529 6341/3180/1528 6342/3179/1528
f 6346/3181/1530 6343/2466/1529 6344/2463/1529
f 6348/2500/1532 6345/3182/1530 6346/3181/1530
f 6350/3183/1533 6347/2503/1531 6348/2500/1532
f 6352/2538/1534 6349/3184/1533 6350/3183/1533
f 6354/3185/1535 6351/2541/1534 6352/2538/1534
f 6356/2575/1536 6353/3186/1535 6354/3185/1535
f 6358/3187/1537 6355/2578/1536 6356/2575/1536
f 6360/2613/1538 6357/3188/1537 6358/3187/1537
f 6362/3189/1539 6359/2616/1538 6360/2613/1538
f 6364/2650/1540 6361/3190/1539 6362/3189/1539
f 6366/3191/1541 6363/2653/1540 6364/2650/1540
f 6368/2687/1542 6365/3192/1541 6366/3191/1541
f 6370/3193/1543 6367/2690/1542 6368/2687/1542
f 6372/2725/1544 6369/3194/1543 6370/3193/1543
f 6374/3195/1545 6371/2728/1544 6372/2725/1544
f 6376/2762/1546 6373/3196/1545 6374/3195/1545
f 6378/3197/1547 6375/2765/1546 6376/2762/1546
f 6256/2800/1487 6377/3198/1547 6378/3197/1547
f 6382/3409/1549 6379/357/1548 6380/1643/1548
f 6384/3410/1550 6381/3411/1549 6382/3409/1549
f 6386/3412/1552 6383/3413/1550 6384/3410/1550
f 6388/3414/1553 6385/3415/1551 6386/3412/1552
f 6390/3416/1554 6387/3417/1553 6388/3414/1553
f 6392/3418/1555 6389/3419/1554 6390/3416/1554
f 6394/3420/1556 6391/3421/1555 6392/3418/1555
f 6396/3422/1557 6393/3423/1556 6394/3420/1556
f 6398/3424/1558 6395/3425/1557 6396/3422/1557
f 6400/2833/1559 6397/3426/1558 6398/3424/1558
f 6402/3427/1560 6399/2836/1559 6400/2833/1559
f 6404/3428/1561 6401/3429/1560 6402/3427/1560
f 6406/3430/1562 6403/3431/1561 6404/3428/1561
f 6408/3432/1563 6405/3433/1562 6406/3430/1562
f 6410/3434/1565 6407/3435/1563 6408/3432/1563
f 6412/3436/1566 6409/3437/1564 6410/3434/1565
f 6414/3438/1567 6411/3439/1566 6412/3436/1566
f 6416/3440/1568 6413/3441/1567 6414/3438/1567
f 6418/3442/1570 6415/3443/1568 6416/3440/1568
f 6420/2867/1571 6417/3444/1569 6418/3442/1570
f 6422/3445/1572 6419/2870/1571 6420/2867/1571
f 6424/3446/1573 6421/3447/1572 6422/3445/1572
f 6426/3448/1574 6423/3449/1573 6424/3446/1573
f 6428/3450/1575 6425/3451/1574 6426/3448/1574
f 6430/3053/1577 6427/3452/1575 6428/3450/1575
f 6432/3453/1579 6429/327/1576 6430/3053/1577
f 6434/3454/1580 6431/3455/1578 6432/3453/1579
f 6436/3456/1582 6433/3457/1580 6434/3454/1580
f 6438/3458/1583 6435/3459/1581 6436/3456/1582
f 6440/2901/1584 6437/3460/1583 6438/3458/1583
f 6442/3461/1585 6439/2904/1584 6440/2901/1584
f 6444/3462/1586 6441/3463/1585 6442/3461/1585
f 6446/3464/1587 6443/3465/1586 6444/3462/1586
f 6448/3466/800 6445/3467/1587 6446/3464/1587
f 6450/3468/1165 6447/3469/800 6448/3466/800
f 6452/3470/1588 6449/3471/1165 6450/3468/1165
f 6454/3472/772 6451/3473/1588 6452/3470/1588
f 6456/3474/1589 6453/3475/772 6454/3472/772
f 6458/3476/1590 6455/3477/1589 6456/3474/1589
f 6460/2935/1591 6457/3478/1590 6458/3476/1590
f 6462/3479/1592 6459/2938/1591 6460/2935/1591
f 6464/3480/1594 6461/3481/1592 6462/3479/1592
f 6466/3482/764 6463/3483/1593 6464/3480/1594
f 6468/3484/1595 6465/3485/764 6466/3482/764
f 6470/3486/1596 6467/3487/1595 6468/3484/1595
f 6472/3488/1597 6469/3489/1596 6470/3486/1596
f 6474/3490/1598 6471/3491/1597 6472/3488/1597
f 6476/3492/1599 6473/3493/1598 6474/3490/1598
f 6478/3494/1600 6475/3495/1599 6476/3492/1599
f 6380/2800/1548 6477/3496/1600 6478/3494/1600
f 6482/4217/1601 6479/357/413 6480/1643/413
f 6484/4218/1602 6481/4219/1601 6482/4217/1601
f 6486/4220/1603 6483/4221/1602 6484/4218/1602
f 6488/4222/1604 6485/4223/1603 6486/4220/1603
f 6490/4224/1605 6487/4225/1604 6488/4222/1604
f 6492/4226/1606 6489/4227/1605 6490/4224/1605
f 6494/4228/1607 6491/4229/1606 6492/4226/1606
f 6496/4230/1608 6493/4231/1607 6494/4228/1607
f 6498/4232/1609 6495/4233/1608 6496/4230/1608
f 6500/4234/1610 6497/4235/1609 6498/4232/1609
f 6502/4236/1611 6499/4237/1610 6500/4234/1610
f 6504/4238/1612 6501/4239/1611 6502/4236/1611
f 6506/4240/1613 6503/4241/1612 6504/4238/1612
f 6508/4242/1614 6505/4243/1613 6506/4240/1613
f 6510/4244/1615 6507/4245/1614 6508/4242/1614
f 6512/4246/1616 6509/4247/1615 6510/4244/1615
f 6514/4248/1617 6511/4249/1616 6512/4246/1616
f 6516/4250/1619 6513/4251/1617 6514/4248/1617
f 6518/4252/1620 6515/4253/1618 6516/4250/1619
f 6520/4254/1621 6517/4255/1620 6518/4252/1620
f 6522/4256/1622 6519/4257/1621 6520/4254/1621
f 6524/4258/1623 6521/4259/1622 6522/4256/1622
f 6526/4260/1624 6523/4261/1623 6524/4258/1623
f 6528/4262/1625 6525/4263/1624 6526/4260/1624
f 6530/4264/1627 6527/4265/1625 6528/4262/1625
f 6532/4266/1628 6529/4267/1626 6530/4264/1627
f 6534/4268/1629 6531/4269/1628 6532/4266/1628
f 6536/4270/1630 6533/4271/1629 6534/4268/1629
f 6538/4272/1631 6535/4273/1630 6536/4270/1630
f 6540/4274/1630 6537/4275/1631 6538/4272/1631
f 6542/4276/1629 6539/4277/1630 6540/4274/1630
f 6544/4278/1628 6541/4279/1629 6542/4276/1629
f 6546/4280/1627 6543/4281/1628 6544/4278/1628
f 6548/4282/1625 6545/4283/1626 6546/4280/1627
f 6550/4284/1632 6547/4285/1625 6548/4282/1625
f 6552/4286/1633 6549/4287/1632 6550/4284/1632
f 6554/4288/1634 6551/4289/1633 6552/4286/1633
f 6556/4290/1635 6553/4291/1634 6554/4288/1634
f 6558/4292/1636 6555/4293/1635 6556/4290/1635
f 6560/4294/1637 6557/4295/1636 6558/4292/1636
f 6562/4296/1638 6559/4297/1637 6560/4294/1637
f 6564/4298/1639 6561/4299/1638 6562/4296/1638
f 6566/4300/1640 6563/4301/1639 6564/4298/1639
f 6568/4302/1641 6565/4303/1640 6566/4300/1640
f 6570/4304/1642 6567/4305/1641 6568/4302/1641
f 6572/4306/1643 6569/4307/1642 6570/4304/1642
f 6574/4308/1644 6571/4309/1643 6572/4306/1643
f 6576/4310/1645 6573/4311/1644 6574/4308/1644
f 6578/4312/1646 6575/4313/1645 6576/4310/1645
f 6580/4314/1647 6577/4315/1646 6578/4312/1646
f 6582/4316/1648 6579/4317/1647 6580/4314/1647
f 6584/4318/1649 6581/4319/1648 6582/4316/1648
f 6586/4320/1650 6583/4321/1649 6584/4318/1649
f 6588/4322/1651 6585/4323/1650 6586/4320/1650
f 6590/4324/1652 6587/4325/1651 6588/4322/1651
f 6592/4326/1653 6589/4327/1652 6590/4324/1652
f 6594/4328/1654 6591/4329/1653 6592/4326/1653
f 6596/4330/1655 6593/4331/1654 6594/4328/1654
f 6598/4332/1657 6595/4333/1655 6596/4330/1655
f 6600/4334/458 6597/4335/1656 6598/4332/1657
f 6480/2800/413 6599/4336/458 6600/4334/458
f 3304/1642/4 3303/1645/4 3301/357/3
f 3306/1644/5 3305/1647/5 3303/1645/4
f 3308/1646/6 3307/1649/6 3305/1647/5
f 3310/1648/7 3309/1651/7 3307/1649/6
f 3312/1650/9 3311/1653/8 3309/1651/7
f 3314/1652/11 3313/1655/10 3311/1653/8
f 3316/1654/12 3315/1657/12 3313/1655/10
f 3318/1656/13 3317/1659/13 3315/1657/12
f 3320/1658/14 3319/1661/14 3317/1659/13
f 3322/1660/16 3321/1663/15 3319/1661/14
f 3324/1662/17 3323/1665/17 3321/1663/15
f 3326/1664/18 3325/1667/18 3323/1665/17
f 3328/1666/19 3327/1669/19 3325/1667/18
f 3330/1668/20 3329/1671/20 3327/1669/19
f 3332/1670/22 3331/1673/21 3329/1671/20
f 3334/1672/24 3333/1675/23 3331/1673/21
f 3336/1674/25 3335/1677/25 3333/1675/23
f 3338/1676/26 3337/1679/26 3335/1677/25
f 3340/1678/27 3339/1681/27 3337/1679/26
f 3342/1680/28 3341/1683/28 3339/1681/27
f 3344/1682/29 3343/1685/29 3341/1683/28
f 3346/1684/30 3345/1687/30 3343/1685/29
f 3348/1686/31 3347/1689/31 3345/1687/30
f 3350/1688/32 3349/1691/32 3347/1689/31
f 3352/1690/34 3351/1693/33 3349/1691/32
f 3354/1692/35 3353/1695/35 3351/1693/33
f 3356/1694/36 3355/1697/36 3353/1695/35
f 3358/1696/37 3357/1699/37 3355/1697/36
f 3360/1698/38 3359/1701/38 3357/1699/37
f 3362/1700/39 3361/1703/39 3359/1701/38
f 3364/1702/40 3363/1527/40 3361/1703/39
f 3366/1704/41 3365/1706/41 3363/1527/40
f 3368/1705/42 3367/1708/42 3365/1706/41
f 3370/1707/43 3369/1710/43 3367/1708/42
f 3372/1709/44 3371/1712/44 3369/1710/43
f 3374/1711/45 3373/1714/45 3371/1712/44
f 3376/1713/46 3375/1716/46 3373/1714/45
f 3378/1715/47 3377/1718/47 3375/1716/46
f 3380/1717/48 3379/1720/48 3377/1718/47
f 3382/1719/49 3381/1722/49 3379/1720/48
f 3384/1721/50 3383/1724/50 3381/1722/49
f 3386/1723/51 3385/1726/51 3383/1724/50
f 3388/1725/52 3387/1728/52 3385/1726/51
f 3390/1727/53 3389/1730/53 3387/1728/52
f 3392/1729/54 3391/1732/54 3389/1730/53
f 3394/1731/55 3393/1734/55 3391/1732/54
f 3396/1733/56 3395/1736/56 3393/1734/55
f 3398/1735/57 3397/1738/57 3395/1736/56
f 3400/1737/58 3399/1740/58 3397/1738/57
f 3402/1739/59 3401/1742/59 3399/1740/58
f 3404/1741/60 3403/1744/60 3401/1742/59
f 3406/1743/61 3405/1746/61 3403/1744/60
f 3408/1745/62 3407/1748/62 3405/1746/61
f 3410/1747/63 3409/1750/63 3407/1748/62
f 3412/1749/64 3411/1752/64 3409/1750/63
f 3414/1751/65 3413/1754/65 3411/1752/64
f 3416/1753/66 3415/1756/66 3413/1754/65
f 3418/1755/67 3417/1758/67 3415/1756/66
f 3420/1757/68 3419/1760/68 3417/1758/67
f 3422/1759/69 3421/1762/69 3419/1760/68
f 3424/1761/70 3423/1764/70 3421/1762/69
f 3426/1763/71 3425/1571/71 3423/1764/70
f 3428/1765/72 3427/1767/72 3425/1571/71
f 3430/1766/73 3429/1769/73 3427/1767/72
f 3432/1768/74 3431/1771/74 3429/1769/73
f 3434/1770/75 3433/1773/75 3431/1771/74
f 3436/1772/77 3435/1775/76 3433/1773/75
f 3438/1774/78 3437/1777/78 3435/1775/76
f 3440/1776/79 3439/1779/79 3437/1777/78
f 3442/1778/80 3441/1781/80 3439/1779/79
f 3444/1780/81 3443/1783/81 3441/1781/80
f 3446/1782/82 3445/1785/82 3443/1783/81
f 3448/1784/83 3447/1787/83 3445/1785/82
f 3450/1786/84 3449/1789/84 3447/1787/83
f 3452/1788/85 3451/1791/85 3449/1789/84
f 3454/1790/86 3453/1793/86 3451/1791/85
f 3456/1792/87 3455/1795/87 3453/1793/86
f 3458/1794/88 3457/1797/88 3455/1795/87
f 3460/1796/89 3459/1799/89 3457/1797/88
f 3462/1798/90 3461/1801/90 3459/1799/89
f 3464/1800/91 3463/1803/91 3461/1801/90
f 3466/1802/92 3465/1805/92 3463/1803/91
f 3468/1804/93 3467/1807/93 3465/1805/92
f 3470/1806/94 3469/1809/94 3467/1807/93
f 3472/1808/95 3471/1811/95 3469/1809/94
f 3474/1810/96 3473/1813/96 3471/1811/95
f 3476/1812/98 3475/1815/97 3473/1813/96
f 3478/1814/99 3477/1817/99 3475/1815/97
f 3480/1816/100 3479/1819/100 3477/1817/99
f 3482/1818/101 3481/1821/101 3479/1819/100
f 3484/1820/102 3483/1823/102 3481/1821/101
f 3486/1822/104 3485/1825/103 3483/1823/102
f 3488/1824/105 3487/1531/105 3485/1825/103
f 3490/1826/107 3489/1828/106 3487/1531/105
f 3492/1827/109 3491/1830/108 3489/1828/106
f 3494/1829/110 3493/1832/110 3491/1830/108
f 3496/1831/111 3495/1834/111 3493/1832/110
f 3498/1833/112 3497/1836/112 3495/1834/111
f 3500/1835/113 3499/1838/113 3497/1836/112
f 3502/1837/114 3501/1840/114 3499/1838/113
f 3504/1839/115 3503/1842/115 3501/1840/114
f 3506/1841/116 3505/1844/116 3503/1842/115
f 3508/1843/117 3507/1846/117 3505/1844/116
f 3510/1845/118 3509/1848/118 3507/1846/117
f 3512/1847/119 3511/1850/119 3509/1848/118
f 3514/1849/120 3513/1852/120 3511/1850/119
f 3516/1851/121 3515/1854/121 3513/1852/120
f 3518/1853/122 3517/1856/122 3515/1854/121
f 3520/1855/123 3519/1858/123 3517/1856/122
f 3522/1857/124 3521/1860/124 3519/1858/123
f 3524/1859/125 3523/1862/125 3521/1860/124
f 3526/1861/126 3525/1864/126 3523/1862/125
f 3528/1863/127 3527/1866/127 3525/1864/126
f 3530/1865/126 3529/1868/126 3527/1866/127
f 3532/1867/125 3531/1870/125 3529/1868/126
f 3534/1869/124 3533/1872/124 3531/1870/125
f 3536/1871/123 3535/1874/123 3533/1872/124
f 3538/1873/122 3537/1876/122 3535/1874/123
f 3540/1875/128 3539/1878/128 3537/1876/122
f 3542/1877/129 3541/1880/129 3539/1878/128
f 3544/1879/130 3543/1882/130 3541/1880/129
f 3546/1881/131 3545/1884/131 3543/1882/130
f 3548/1883/133 3547/1886/132 3545/1884/131
f 3550/1885/134 3549/1280/134 3547/1886/132
f 3552/1887/135 3551/1889/135 3549/1280/134
f 3554/1888/136 3553/1891/136 3551/1889/135
f 3556/1890/137 3555/1893/137 3553/1891/136
f 3558/1892/138 3557/1895/138 3555/1893/137
f 3560/1894/139 3559/1897/139 3557/1895/138
f 3562/1896/140 3561/1899/140 3559/1897/139
f 3564/1898/141 3563/1901/141 3561/1899/140
f 3566/1900/143 3565/1903/142 3563/1901/141
f 3568/1902/144 3567/1905/144 3565/1903/142
f 3570/1904/146 3569/1907/145 3567/1905/144
f 3572/1906/147 3571/1909/147 3569/1907/145
f 3574/1908/148 3573/1911/148 3571/1909/147
f 3576/1910/150 3575/1913/149 3573/1911/148
f 3578/1912/151 3577/1915/151 3575/1913/149
f 3580/1914/152 3579/1917/152 3577/1915/151
f 3582/1916/154 3581/1919/153 3579/1917/152
f 3584/1918/156 3583/1921/155 3581/1919/153
f 3586/1920/157 3585/1923/157 3583/1921/155
f 3588/1922/159 3587/1925/158 3585/1923/157
f 3590/1924/160 3589/1927/160 3587/1925/158
f 3592/1926/161 3591/1929/161 3589/1927/160
f 3594/1928/162 3593/1931/162 3591/1929/161
f 3596/1930/163 3595/1933/163 3593/1931/162
f 3598/1932/164 3597/1935/164 3595/1933/163
f 3600/1934/165 3599/1937/165 3597/1935/164
f 3602/1936/166 3601/1939/166 3599/1937/165
f 3604/1938/167 3603/1941/167 3601/1939/166
f 3606/1940/168 3605/1943/168 3603/1941/167
f 3608/1942/169 3607/1945/169 3605/1943/168
f 3610/1944/170 3609/1947/170 3607/1945/169
f 3612/1946/171 3611/1107/171 3609/1947/170
f 3614/1948/172 3613/1950/172 3611/1107/171
f 3616/1949/173 3615/1952/173 3613/1950/172
f 3618/1951/174 3617/1954/174 3615/1952/173
f 3620/1953/175 3619/1956/175 3617/1954/174
f 3622/1955/176 3621/1958/176 3619/1956/175
f 3624/1957/177 3623/1960/177 3621/1958/176
f 3626/1959/178 3625/1962/82 3623/1960/177
f 3628/1961/179 3627/1964/179 3625/1962/82
f 3630/1963/180 3629/1966/180 3627/1964/179
f 3632/1965/181 3631/1968/181 3629/1966/180
f 3634/1967/182 3633/1970/182 3631/1968/181
f 3636/1969/183 3635/1972/183 3633/1970/182
f 3638/1971/184 3637/1974/184 3635/1972/183
f 3640/1973/185 3639/1976/185 3637/1974/184
f 3642/1975/186 3641/1978/186 3639/1976/185
f 3644/1977/187 3643/1980/187 3641/1978/186
f 3646/1979/188 3645/1982/188 3643/1980/187
f 3648/1981/189 3647/1984/189 3645/1982/188
f 3650/1983/190 3649/1986/190 3647/1984/189
f 3652/1985/191 3651/1988/191 3649/1986/190
f 3654/1987/192 3653/1990/192 3651/1988/191
f 3656/1989/193 3655/1992/193 3653/1990/192
f 3658/1991/194 3657/1994/194 3655/1992/193
f 3660/1993/195 3659/1996/195 3657/1994/194
f 3662/1995/196 3661/1998/196 3659/1996/195
f 3664/1997/197 3663/2000/197 3661/1998/196
f 3666/1999/198 3665/2002/198 3663/2000/197
f 3668/2001/199 3667/2004/199 3665/2002/198
f 3670/2003/201 3669/2006/200 3667/2004/199
f 3672/2005/202 3671/2008/202 3669/2006/200
f 3674/2007/203 3673/644/203 3671/2008/202
f 3676/2009/204 3675/2011/204 3673/644/203
f 3678/2010/205 3677/2013/205 3675/2011/204
f 3680/2012/206 3679/2015/206 3677/2013/205
f 3682/2014/207 3681/2017/207 3679/2015/206
f 3684/2016/208 3683/2019/208 3681/2017/207
f 3686/2018/209 3685/2021/209 3683/2019/208
f 3688/2020/210 3687/2023/210 3685/2021/209
f 3690/2022/211 3689/2025/211 3687/2023/210
f 3692/2024/212 3691/2027/212 3689/2025/211
f 3694/2026/213 3693/2029/213 3691/2027/212
f 3696/2028/214 3695/2031/214 3693/2029/213
f 3698/2030/213 3697/2033/213 3695/2031/214
f 3700/2032/212 3699/2035/212 3697/2033/213
f 3702/2034/211 3701/2037/211 3699/2035/212
f 3704/2036/210 3703/2039/210 3701/2037/211
f 3706/2038/209 3705/2041/209 3703/2039/210
f 3708/2040/215 3707/2043/215 3705/2041/209
f 3710/2042/216 3709/2045/216 3707/2043/215
f 3712/2044/217 3711/2047/217 3709/2045/216
f 3714/2046/218 3713/2049/218 3711/2047/217
f 3716/2048/219 3715/2051/219 3713/2049/218
f 3718/2050/220 3717/2053/220 3715/2051/219
f 3720/2052/221 3719/2055/221 3717/2053/220
f 3722/2054/222 3721/2057/222 3719/2055/221
f 3724/2056/223 3723/2059/223 3721/2057/222
f 3726/2058/224 3725/2061/224 3723/2059/223
f 3728/2060/225 3727/2063/225 3725/2061/224
f 3730/2062/226 3729/2065/226 3727/2063/225
f 3732/2064/227 3731/2067/227 3729/2065/226
f 3734/2066/228 3733/2069/228 3731/2067/227
f 3736/2068/229 3735/705/229 3733/2069/228
f 3738/2070/230 3737/2072/230 3735/705/229
f 3740/2071/231 3739/2074/231 3737/2072/230
f 3742/2073/232 3741/2076/232 3739/2074/231
f 3744/2075/233 3743/2078/233 3741/2076/232
f 3746/2077/234 3745/2080/234 3743/2078/233
f 3748/2079/235 3747/2082/235 3745/2080/234
f 3750/2081/236 3749/2084/236 3747/2082/235
f 3752/2083/237 3751/2086/237 3749/2084/236
f 3754/2085/238 3753/2088/238 3751/2086/237
f 3756/2087/239 3755/2090/239 3753/2088/238
f 3758/2089/241 3757/2092/240 3755/2090/239
f 3760/2091/242 3759/2094/242 3757/2092/240
f 3762/2093/243 3761/2096/243 3759/2094/242
f 3764/2095/244 3763/2098/244 3761/2096/243
f 3766/2097/245 3765/2100/245 3763/2098/244
f 3768/2099/246 3767/2102/246 3765/2100/245
f 3770/2101/247 3769/2104/247 3767/2102/246
f 3772/2103/248 3771/2106/248 3769/2104/247
f 3774/2105/249 3773/2108/249 3771/2106/248
f 3776/2107/250 3775/2110/250 3773/2108/249
f 3778/2109/252 3777/2112/251 3775/2110/250
f 3780/2111/253 3779/2114/253 3777/2112/251
f 3782/2113/255 3781/2116/254 3779/2114/253
f 3784/2115/257 3783/2118/256 3781/2116/254
f 3786/2117/259 3785/2120/258 3783/2118/256
f 3788/2119/261 3787/2122/260 3785/2120/258
f 3790/2121/262 3789/2124/262 3787/2122/260
f 3792/2123/264 3791/2126/263 3789/2124/262
f 3794/2125/266 3793/2128/265 3791/2126/263
f 3796/2127/268 3795/2130/267 3793/2128/265
f 3798/2129/269 3797/1141/269 3795/2130/267
f 3800/2131/271 3799/2133/270 3797/1141/269
f 3802/2132/272 3801/2135/272 3799/2133/270
f 3804/2134/273 3803/2137/273 3801/2135/272
f 3806/2136/274 3805/2139/274 3803/2137/273
f 3808/2138/275 3807/2141/275 3805/2139/274
f 3810/2140/276 3809/2143/276 3807/2141/275
f 3812/2142/277 3811/2145/277 3809/2143/276
f 3814/2144/278 3813/2147/278 3811/2145/277
f 3816/2146/279 3815/2149/279 3813/2147/278
f 3818/2148/280 3817/2151/280 3815/2149/279
f 3820/2150/281 3819/2153/281 3817/2151/280
f 3822/2152/283 3821/2155/282 3819/2153/281
f 3824/2154/284 3823/2157/284 3821/2155/282
f 3826/2156/285 3825/2159/285 3823/2157/284
f 3828/2158/286 3827/2161/286 3825/2159/285
f 3830/2160/287 3829/2163/287 3827/2161/286
f 3832/2162/288 3831/2165/288 3829/2163/287
f 3834/2164/289 3833/2167/289 3831/2165/288
f 3836/2166/290 3835/2169/290 3833/2167/289
f 3838/2168/291 3837/2171/291 3835/2169/290
f 3840/2170/292 3839/2173/292 3837/2171/291
f 3842/2172/293 3841/2175/293 3839/2173/292
f 3844/2174/294 3843/2177/294 3841/2175/293
f 3846/2176/295 3845/2179/295 3843/2177/294
f 3848/2178/296 3847/2181/296 3845/2179/295
f 3850/2180/297 3849/2183/297 3847/2181/296
f 3852/2182/298 3851/2185/298 3849/2183/297
f 3854/2184/300 3853/2187/299 3851/2185/298
f 3856/2186/301 3855/2189/301 3853/2187/299
f 3858/2188/303 3857/2191/302 3855/2189/301
f 3860/2190/304 3859/1357/304 3857/2191/302
f 3862/2192/305 3861/2194/305 3859/1357/304
f 3864/2193/306 3863/2196/306 3861/2194/305
f 3866/2195/308 3865/2198/307 3863/2196/306
f 3868/2197/310 3867/2200/309 3865/2198/307
f 3870/2199/311 3869/2202/311 3867/2200/309
f 3872/2201/312 3871/2204/312 3869/2202/311
f 3874/2203/313 3873/2206/313 3871/2204/312
f 3876/2205/314 3875/2208/314 3873/2206/313
f 3878/2207/315 3877/2210/315 3875/2208/314
f 3880/2209/316 3879/2212/316 3877/2210/315
f 3882/2211/317 3881/2214/317 3879/2212/316
f 3884/2213/318 3883/2216/318 3881/2214/317
f 3886/2215/319 3885/2218/319 3883/2216/318
f 3888/2217/320 3887/2220/320 3885/2218/319
f 3890/2219/319 3889/2222/319 3887/2220/320
f 3892/2221/318 3891/2224/318 3889/2222/319
f 3894/2223/317 3893/2226/317 3891/2224/318
f 3896/2225/316 3895/2228/316 3893/2226/317
f 3898/2227/315 3897/2230/315 3895/2228/316
f 3900/2229/321 3899/2232/321 3897/2230/315
f 3902/2231/322 3901/2234/322 3899/2232/321
f 3904/2233/324 3903/2236/323 3901/2234/322
f 3906/2235/325 3905/2238/325 3903/2236/323
f 3908/2237/326 3907/2240/326 3905/2238/325
f 3910/2239/327 3909/2242/327 3907/2240/326
f 3912/2241/328 3911/2244/328 3909/2242/327
f 3914/2243/329 3913/2246/329 3911/2244/328
f 3916/2245/330 3915/2248/330 3913/2246/329
f 3918/2247/331 3917/2250/331 3915/2248/330
f 3920/2249/332 3919/2252/332 3917/2250/331
f 3922/2251/333 3921/1597/333 3919/2252/332
f 3924/2253/335 3923/2255/334 3921/1597/333
f 3926/2254/337 3925/2257/336 3923/2255/334
f 3928/2256/338 3927/2259/338 3925/2257/336
f 3930/2258/339 3929/2261/339 3927/2259/338
f 3932/2260/340 3931/2263/340 3929/2261/339
f 3934/2262/341 3933/2265/341 3931/2263/340
f 3936/2264/342 3935/2267/342 3933/2265/341
f 3938/2266/343 3937/2269/343 3935/2267/342
f 3940/2268/344 3939/2271/344 3937/2269/343
f 3942/2270/345 3941/2273/345 3939/2271/344
f 3944/2272/346 3943/2275/346 3941/2273/345
f 3946/2274/348 3945/2277/347 3943/2275/346
f 3948/2276/349 3947/2279/349 3945/2277/347
f 3950/2278/350 3949/2281/350 3947/2279/349
f 3952/2280/351 3951/2283/351 3949/2281/350
f 3954/2282/353 3953/2285/352 3951/2283/351
f 3956/2284/354 3955/2287/354 3953/2285/352
f 3958/2286/355 3957/2289/355 3955/2287/354
f 3960/2288/356 3959/2291/356 3957/2289/355
f 3962/2290/357 3961/2293/357 3959/2291/356
f 3964/2292/358 3963/2295/358 3961/2293/357
f 3966/2294/359 3965/2297/359 3963/2295/358
f 3968/2296/360 3967/2299/360 3965/2297/359
f 3970/2298/361 3969/2301/361 3967/2299/360
f 3972/2300/362 3971/2303/362 3969/2301/361
f 3974/2302/363 3973/2305/363 3971/2303/362
f 3976/2304/364 3975/2307/364 3973/2305/363
f 3978/2306/365 3977/2309/365 3975/2307/364
f 3980/2308/366 3979/2311/366 3977/2309/365
f 3982/2310/367 3981/2313/367 3979/2311/366
f 3984/2312/368 3983/646/368 3981/2313/367
f 3986/2314/369 3985/2316/369 3983/646/368
f 3988/2315/370 3987/2318/370 3985/2316/369
f 3990/2317/371 3989/2320/371 3987/2318/370
f 3992/2319/372 3991/2322/372 3989/2320/371
f 3994/2321/373 3993/2324/373 3991/2322/372
f 3996/2323/374 3995/2326/374 3993/2324/373
f 3998/2325/375 3997/2328/375 3995/2326/374
f 4000/2327/376 3999/2330/376 3997/2328/375
f 4002/2329/377 4001/2332/377 3999/2330/376
f 4004/2331/378 4003/2334/378 4001/2332/377
f 4006/2333/379 4005/2336/379 4003/2334/378
f 4008/2335/380 4007/2338/380 4005/2336/379
f 4010/2337/381 4009/2340/381 4007/2338/380
f 4012/2339/382 4011/2342/382 4009/2340/381
f 4014/2341/383 4013/2344/383 4011/2342/382
f 4016/2343/384 4015/2346/384 4013/2344/383
f 4018/2345/385 4017/2348/385 4015/2346/384
f 4020/2347/386 4019/2350/386 4017/2348/385
f 4022/2349/387 4021/2352/387 4019/2350/386
f 4024/2351/389 4023/2354/388 4021/2352/387
f 4026/2353/390 4025/2356/390 4023/2354/388
f 4028/2355/391 4027/2358/391 4025/2356/390
f 4030/2357/392 4029/2360/392 4027/2358/391
f 4032/2359/394 4031/2362/393 4029/2360/392
f 4034/2361/396 4033/2364/395 4031/2362/393
f 4036/2363/397 4035/2366/397 4033/2364/395
f 4038/2365/398 4037/2368/398 4035/2366/397
f 4040/2367/399 4039/2370/399 4037/2368/398
f 4042/2369/400 4041/2372/400 4039/2370/399
f 4044/2371/401 4043/2374/401 4041/2372/400
f 4046/2373/402 4045/746/402 4043/2374/401
f 4048/2375/403 4047/2377/403 4045/746/402
f 4050/2376/404 4049/2379/404 4047/2377/403
f 4052/2378/405 4051/2381/405 4049/2379/404
f 4054/2380/406 4053/2383/406 4051/2381/405
f 4056/2382/407 4055/2385/407 4053/2383/406
f 4058/2384/408 4057/2387/408 4055/2385/407
f 4060/2386/409 4059/2389/409 4057/2387/408
f 4062/2388/410 4061/2391/410 4059/2389/409
f 4064/2390/411 4063/2393/411 4061/2391/410
f 4066/2392/412 4065/2395/412 4063/2393/411
f 4068/2394/413 4067/2397/413 4065/2395/412
f 4070/2396/414 4069/2399/414 4067/2397/413
f 4072/2398/415 4071/2401/415 4069/2399/414
f 4074/2400/416 4073/2403/416 4071/2401/415
f 4076/2402/417 4075/2405/417 4073/2403/416
f 4078/2404/418 4077/2407/418 4075/2405/417
f 4080/2406/419 4079/2409/419 4077/2407/418
f 4082/2408/418 4081/2411/418 4079/2409/419
f 4084/2410/417 4083/2413/417 4081/2411/418
f 4086/2412/416 4085/2415/416 4083/2413/417
f 4088/2414/415 4087/2417/415 4085/2415/416
f 4090/2416/414 4089/2419/414 4087/2417/415
f 4092/2418/420 4091/2421/420 4089/2419/414
f 4094/2420/421 4093/2423/421 4091/2421/420
f 4096/2422/422 4095/2425/422 4093/2423/421
f 4098/2424/423 4097/2427/423 4095/2425/422
f 4100/2426/424 4099/2429/424 4097/2427/423
f 4102/2428/425 4101/2431/425 4099/2429/424
f 4104/2430/426 4103/2433/426 4101/2431/425
f 4106/2432/427 4105/2435/427 4103/2433/426
f 4108/2434/428 4107/833/428 4105/2435/427
f 4110/2436/429 4109/2438/429 4107/833/428
f 4112/2437/430 4111/2440/430 4109/2438/429
f 4114/2439/431 4113/2442/431 4111/2440/430
f 4116/2441/432 4115/2444/432 4113/2442/431
f 4118/2443/434 4117/2446/433 4115/2444/432
f 4120/2445/435 4119/2448/435 4117/2446/433
f 4122/2447/436 4121/2450/436 4119/2448/435
f 4124/2449/437 4123/2452/437 4121/2450/436
f 4126/2451/438 4125/2454/438 4123/2452/437
f 4128/2453/439 4127/2456/439 4125/2454/438
f 4130/2455/440 4129/2458/440 4127/2456/439
f 4132/2457/441 4131/2460/441 4129/2458/440
f 4134/2459/442 4133/2462/442 4131/2460/441
f 4136/2461/443 4135/2464/443 4133/2462/442
f 4138/2463/444 4137/2466/444 4135/2464/443
f 4140/2465/445 4139/2468/445 4137/2466/444
f 4142/2467/446 4141/2470/446 4139/2468/445
f 4144/2469/447 4143/2472/447 4141/2470/446
f 4146/2471/448 4145/2474/448 4143/2472/447
f 4148/2473/449 4147/2476/449 4145/2474/448
f 4150/2475/450 4149/2478/450 4147/2476/449
f 4152/2477/451 4151/2480/451 4149/2478/450
f 4154/2479/452 4153/2482/452 4151/2480/451
f 4156/2481/453 4155/2484/453 4153/2482/452
f 4158/2483/454 4157/2486/454 4155/2484/453
f 4160/2485/455 4159/2488/455 4157/2486/454
f 4162/2487/456 4161/2490/456 4159/2488/455
f 4164/2489/457 4163/2492/457 4161/2490/456
f 4166/2491/458 4165/2494/458 4163/2492/457
f 4168/2493/459 4167/2496/459 4165/2494/458
f 4170/2495/460 4169/884/460 4167/2496/459
f 4172/2497/461 4171/2499/461 4169/884/460
f 4174/2498/462 4173/2501/462 4171/2499/461
f 4176/2500/463 4175/2503/463 4173/2501/462
f 4178/2502/464 4177/2505/464 4175/2503/463
f 4180/2504/465 4179/2507/465 4177/2505/464
f 4182/2506/466 4181/2509/466 4179/2507/465
f 4184/2508/467 4183/2511/467 4181/2509/466
f 4186/2510/468 4185/2513/468 4183/2511/467
f 4188/2512/469 4187/2515/469 4185/2513/468
f 4190/2514/470 4189/2517/470 4187/2515/469
f 4192/2516/471 4191/2519/471 4189/2517/470
f 4194/2518/472 4193/2521/472 4191/2519/471
f 4196/2520/473 4195/2523/473 4193/2521/472
f 4198/2522/474 4197/2525/474 4195/2523/473
f 4200/2524/475 4199/2527/475 4197/2525/474
f 4202/2526/131 4201/2529/131 4199/2527/475
f 4204/2528/476 4203/2531/476 4201/2529/131
f 4206/2530/477 4205/2533/477 4203/2531/476
f 4208/2532/478 4207/2535/478 4205/2533/477
f 4210/2534/479 4209/2537/479 4207/2535/478
f 4212/2536/480 4211/2539/480 4209/2537/479
f 4214/2538/481 4213/2541/481 4211/2539/480
f 4216/2540/482 4215/2543/482 4213/2541/481
f 4218/2542/483 4217/2545/483 4215/2543/482
f 4220/2544/484 4219/2547/484 4217/2545/483
f 4222/2546/485 4221/2549/485 4219/2547/484
f 4224/2548/486 4223/2551/486 4221/2549/485
f 4226/2550/487 4225/2553/487 4223/2551/486
f 4228/2552/488 4227/2555/488 4225/2553/487
f 4230/2554/489 4229/2557/489 4227/2555/488
f 4232/2556/490 4231/983/490 4229/2557/489
f 4234/2558/491 4233/2560/491 4231/983/490
f 4236/2559/492 4235/2562/492 4233/2560/491
f 4238/2561/493 4237/2564/493 4235/2562/492
f 4240/2563/494 4239/2566/494 4237/2564/493
f 4242/2565/495 4241/2568/495 4239/2566/494
f 4244/2567/496 4243/2570/496 4241/2568/495
f 4246/2569/458 4245/2572/458 4243/2570/496
f 4248/2571/497 4247/2574/497 4245/2572/458
f 4250/2573/498 4249/2576/498 4247/2574/497
f 4252/2575/499 4251/2578/499 4249/2576/498
f 4254/2577/500 4253/2580/500 4251/2578/499
f 4256/2579/501 4255/2582/501 4253/2580/500
f 4258/2581/502 4257/2584/502 4255/2582/501
f 4260/2583/503 4259/2586/503 4257/2584/502
f 4262/2585/504 4261/2588/504 4259/2586/503
f 4264/2587/505 4263/2590/505 4261/2588/504
f 4266/2589/506 4265/2592/506 4263/2590/505
f 4268/2591/507 4267/2594/507 4265/2592/506
f 4270/2593/508 4269/2596/508 4267/2594/507
f 4272/2595/509 4271/2598/509 4269/2596/508
f 4274/2597/510 4273/2600/510 4271/2598/509
f 4276/2599/511 4275/2602/511 4273/2600/510
f 4278/2601/512 4277/2604/512 4275/2602/511
f 4280/2603/513 4279/2606/513 4277/2604/512
f 4282/2605/514 4281/2608/514 4279/2606/513
f 4284/2607/515 4283/2610/515 4281/2608/514
f 4286/2609/516 4285/2612/516 4283/2610/515
f 4288/2611/518 4287/2614/517 4285/2612/516
f 4290/2613/519 4289/2616/519 4287/2614/517
f 4292/2615/520 4291/2618/520 4289/2616/519
f 4294/2617/521 4293/1025/521 4291/2618/520
f 4296/2619/522 4295/2621/522 4293/1025/521
f 4298/2620/523 4297/2623/523 4295/2621/522
f 4300/2622/524 4299/2625/524 4297/2623/523
f 4302/2624/525 4301/2627/525 4299/2625/524
f 4304/2626/526 4303/2629/526 4301/2627/525
f 4306/2628/527 4305/2631/527 4303/2629/526
f 4308/2630/528 4307/2633/528 4305/2631/527
f 4310/2632/529 4309/2635/529 4307/2633/528
f 4312/2634/530 4311/2637/530 4309/2635/529
f 4314/2636/531 4313/2639/531 4311/2637/530
f 4316/2638/532 4315/2641/532 4313/2639/531
f 4318/2640/533 4317/2643/533 4315/2641/532
f 4320/2642/534 4319/2645/534 4317/2643/533
f 4322/2644/535 4321/2647/535 4319/2645/534
f 4324/2646/536 4323/2649/536 4321/2647/535
f 4326/2648/537 4325/2651/537 4323/2649/536
f 4328/2650/538 4327/2653/538 4325/2651/537
f 4330/2652/539 4329/2655/539 4327/2653/538
f 4332/2654/540 4331/2657/540 4329/2655/539
f 4334/2656/541 4333/2659/541 4331/2657/540
f 4336/2658/542 4335/2661/542 4333/2659/541
f 4338/2660/543 4337/2663/543 4335/2661/542
f 4340/2662/544 4339/2665/544 4337/2663/543
f 4342/2664/545 4341/2667/545 4339/2665/544
f 4344/2666/546 4343/2669/546 4341/2667/545
f 4346/2668/547 4345/2671/547 4343/2669/546
f 4348/2670/548 4347/2673/548 4345/2671/547
f 4350/2672/549 4349/2675/549 4347/2673/548
f 4352/2674/550 4351/2677/550 4349/2675/549
f 4354/2676/551 4353/2679/551 4351/2677/550
f 4356/2678/552 4355/1059/552 4353/2679/551
f 4358/2680/553 4357/2682/553 4355/1059/552
f 4360/2681/554 4359/2684/554 4357/2682/553
f 4362/2683/555 4361/2686/555 4359/2684/554
f 4364/2685/556 4363/2688/556 4361/2686/555
f 4366/2687/557 4365/2690/557 4363/2688/556
f 4368/2689/558 4367/2692/558 4365/2690/557
f 4370/2691/559 4369/2694/559 4367/2692/558
f 4372/2693/560 4371/2696/560 4369/2694/559
f 4374/2695/561 4373/2698/561 4371/2696/560
f 4376/2697/562 4375/2700/562 4373/2698/561
f 4378/2699/563 4377/2702/563 4375/2700/562
f 4380/2701/105 4379/2704/105 4377/2702/563
f 4382/2703/564 4381/2706/564 4379/2704/105
f 4384/2705/565 4383/2708/565 4381/2706/564
f 4386/2707/566 4385/2710/566 4383/2708/565
f 4388/2709/567 4387/2712/567 4385/2710/566
f 4390/2711/568 4389/2714/568 4387/2712/567
f 4392/2713/569 4391/2716/569 4389/2714/568
f 4394/2715/570 4393/2718/570 4391/2716/569
f 4396/2717/571 4395/2720/571 4393/2718/570
f 4398/2719/572 4397/2722/572 4395/2720/571
f 4400/2721/573 4399/2724/573 4397/2722/572
f 4402/2723/574 4401/2726/574 4399/2724/573
f 4404/2725/575 4403/2728/575 4401/2726/574
f 4406/2727/576 4405/2730/576 4403/2728/575
f 4408/2729/577 4407/2732/577 4405/2730/576
f 4410/2731/578 4409/2734/578 4407/2732/577
f 4412/2733/579 4411/2736/579 4409/2734/578
f 4414/2735/580 4413/2738/580 4411/2736/579
f 4416/2737/581 4415/2740/581 4413/2738/580
f 4418/2739/582 4417/1159/582 4415/2740/581
f 4420/2741/583 4419/2743/583 4417/1159/582
f 4422/2742/584 4421/2745/584 4419/2743/583
f 4424/2744/585 4423/2747/585 4421/2745/584
f 4426/2746/586 4425/2749/586 4423/2747/585
f 4428/2748/587 4427/2751/587 4425/2749/586
f 4430/2750/588 4429/2753/588 4427/2751/587
f 4432/2752/589 4431/2755/589 4429/2753/588
f 4434/2754/590 4433/2757/590 4431/2755/589
f 4436/2756/591 4435/2759/591 4433/2757/590
f 4438/2758/592 4437/2761/592 4435/2759/591
f 4440/2760/593 4439/2763/593 4437/2761/592
f 4442/2762/594 4441/2765/594 4439/2763/593
f 4444/2764/595 4443/2767/595 4441/2765/594
f 4446/2766/596 4445/2769/596 4443/2767/595
f 4448/2768/597 4447/2771/597 4445/2769/596
f 4450/2770/598 4449/2773/598 4447/2771/597
f 4452/2772/599 4451/2775/599 4449/2773/598
f 4454/2774/600 4453/2777/600 4451/2775/599
f 4456/2776/601 4455/2779/601 4453/2777/600
f 4458/2778/602 4457/2781/602 4455/2779/601
f 4460/2780/603 4459/2783/603 4457/2781/602
f 4462/2782/604 4461/2785/604 4459/2783/603
f 4464/2784/605 4463/2787/605 4461/2785/604
f 4466/2786/604 4465/2789/604 4463/2787/605
f 4468/2788/603 4467/2791/603 4465/2789/604
f 4470/2790/602 4469/2793/602 4467/2791/603
f 4472/2792/601 4471/2795/601 4469/2793/602
f 4474/2794/600 4473/2797/600 4471/2795/601
f 4476/2796/606 4475/2799/606 4473/2797/600
f 4478/2798/607 4477/2801/607 4475/2799/606
f 3302/2800/3 3301/330/3 4477/2801/607
f 4482/2802/609 4481/2804/609 4479/357/608
f 4484/2803/610 4483/2806/610 4481/2804/609
f 4486/2805/611 4485/2808/611 4483/2806/610
f 4488/2807/612 4487/2810/612 4485/2808/611
f 4490/2809/613 4489/2812/613 4487/2810/612
f 4492/2811/614 4491/2814/614 4489/2812/613
f 4494/2813/615 4493/2816/615 4491/2814/614
f 4496/2815/616 4495/2818/616 4493/2816/615
f 4498/2817/617 4497/2820/617 4495/2818/616
f 4500/2819/618 4499/2822/618 4497/2820/617
f 4502/2821/619 4501/2824/619 4499/2822/618
f 4504/2823/620 4503/2826/620 4501/2824/619
f 4506/2825/621 4505/2828/621 4503/2826/620
f 4508/2827/622 4507/2830/622 4505/2828/621
f 4510/2829/623 4509/2832/623 4507/2830/622
f 4512/2831/624 4511/2834/624 4509/2832/623
f 4514/2833/625 4513/2836/625 4511/2834/624
f 4516/2835/626 4515/2838/626 4513/2836/625
f 4518/2837/627 4517/2840/627 4515/2838/626
f 4520/2839/628 4519/2842/628 4517/2840/627
f 4522/2841/629 4521/2844/629 4519/2842/628
f 4524/2843/630 4523/2846/630 4521/2844/629
f 4526/2845/632 4525/2848/631 4523/2846/630
f 4528/2847/633 4527/2850/633 4525/2848/631
f 4530/2849/634 4529/2852/634 4527/2850/633
f 4532/2851/635 4531/2854/635 4529/2852/634
f 4534/2853/636 4533/2856/636 4531/2854/635
f 4536/2855/637 4535/2858/637 4533/2856/636
f 4538/2857/638 4537/2860/638 4535/2858/637
f 4540/2859/639 4539/2862/639 4537/2860/638
f 4542/2861/640 4541/2864/640 4539/2862/639
f 4544/2863/641 4543/2866/641 4541/2864/640
f 4546/2865/642 4545/2868/642 4543/2866/641
f 4548/2867/643 4547/2870/643 4545/2868/642
f 4550/2869/644 4549/2872/644 4547/2870/643
f 4552/2871/546 4551/2874/546 4549/2872/644
f 4554/2873/645 4553/2876/645 4551/2874/546
f 4556/2875/646 4555/2878/646 4553/2876/645
f 4558/2877/647 4557/2880/647 4555/2878/646
f 4560/2879/648 4559/2882/648 4557/2880/647
f 4562/2881/649 4561/2884/649 4559/2882/648
f 4564/2883/650 4563/2886/650 4561/2884/649
f 4566/2885/651 4565/2888/651 4563/2886/650
f 4568/2887/652 4567/2890/652 4565/2888/651
f 4570/2889/653 4569/2892/653 4567/2890/652
f 4572/2891/654 4571/2894/654 4569/2892/653
f 4574/2893/655 4573/2896/655 4571/2894/654
f 4576/2895/656 4575/2898/656 4573/2896/655
f 4578/2897/657 4577/2900/657 4575/2898/656
f 4580/2899/658 4579/2902/658 4577/2900/657
f 4582/2901/659 4581/2904/659 4579/2902/658
f 4584/2903/660 4583/2906/660 4581/2904/659
f 4586/2905/661 4585/2908/661 4583/2906/660
f 4588/2907/662 4587/2910/662 4585/2908/661
f 4590/2909/663 4589/2912/663 4587/2910/662
f 4592/2911/664 4591/2914/664 4589/2912/663
f 4594/2913/665 4593/2916/665 4591/2914/664
f 4596/2915/666 4595/2918/666 4593/2916/665
f 4598/2917/667 4597/2920/667 4595/2918/666
f 4600/2919/668 4599/2922/668 4597/2920/667
f 4602/2921/669 4601/2924/669 4599/2922/668
f 4604/2923/670 4603/2926/670 4601/2924/669
f 4606/2925/671 4605/2928/671 4603/2926/670
f 4608/2927/672 4607/2930/672 4605/2928/671
f 4610/2929/673 4609/2932/673 4607/2930/672
f 4612/2931/674 4611/2934/674 4609/2932/673
f 4614/2933/675 4613/2936/675 4611/2934/674
f 4616/2935/676 4615/2938/676 4613/2936/675
f 4618/2937/677 4617/2940/677 4615/2938/676
f 4620/2939/678 4619/2942/678 4617/2940/677
f 4622/2941/679 4621/2944/679 4619/2942/678
f 4624/2943/680 4623/2946/680 4621/2944/679
f 4626/2945/681 4625/2948/681 4623/2946/680
f 4628/2947/682 4627/2950/682 4625/2948/681
f 4630/2949/683 4629/2952/683 4627/2950/682
f 4632/2951/684 4631/2954/684 4629/2952/683
f 4634/2953/685 4633/2956/685 4631/2954/684
f 4636/2955/686 4635/2958/686 4633/2956/685
f 4638/2957/687 4637/2960/687 4635/2958/686
f 4640/2959/688 4639/2962/688 4637/2960/687
f 4642/2961/689 4641/2964/689 4639/2962/688
f 4644/2963/690 4643/2966/690 4641/2964/689
f 4646/2965/691 4645/2968/691 4643/2966/690
f 4648/2967/692 4647/2969/692 4645/2968/691
f 4480/2800/608 4479/330/608 4647/2969/692
f 4652/2802/694 4651/2804/694 4649/357/693
f 4654/2803/695 4653/2806/695 4651/2804/694
f 4656/2805/696 4655/2808/696 4653/2806/695
f 4658/2807/697 4657/2810/697 4655/2808/696
f 4660/2809/698 4659/2812/698 4657/2810/697
f 4662/2811/699 4661/2814/699 4659/2812/698
f 4664/2813/701 4663/2816/700 4661/2814/699
f 4666/2815/702 4665/2818/702 4663/2816/700
f 4668/2817/703 4667/2820/703 4665/2818/702
f 4670/2819/704 4669/2822/704 4667/2820/703
f 4672/2821/705 4671/2824/705 4669/2822/704
f 4674/2823/706 4673/2826/706 4671/2824/705
f 4676/2825/707 4675/2828/707 4673/2826/706
f 4678/2827/708 4677/2830/708 4675/2828/707
f 4680/2829/709 4679/2832/709 4677/2830/708
f 4682/2831/710 4681/2834/330 4679/2832/709
f 4684/2833/711 4683/2836/711 4681/2834/330
f 4686/2835/712 4685/2838/712 4683/2836/711
f 4688/2837/713 4687/2840/713 4685/2838/712
f 4690/2839/714 4689/2842/714 4687/2840/713
f 4692/2841/715 4691/2844/715 4689/2842/714
f 4694/2843/717 4693/2846/716 4691/2844/715
f 4696/2845/719 4695/2848/718 4693/2846/716
f 4698/2847/720 4697/2850/720 4695/2848/718
f 4700/2849/721 4699/2852/721 4697/2850/720
f 4702/2851/722 4701/2854/722 4699/2852/721
f 4704/2853/723 4703/2856/723 4701/2854/722
f 4706/2855/724 4705/2858/724 4703/2856/723
f 4708/2857/725 4707/2860/725 4705/2858/724
f 4710/2859/726 4709/2862/726 4707/2860/725
f 4712/2861/727 4711/2864/727 4709/2862/726
f 4714/2863/728 4713/2866/728 4711/2864/727
f 4716/2865/729 4715/2868/729 4713/2866/728
f 4718/2867/730 4717/2870/730 4715/2868/729
f 4720/2869/731 4719/2872/731 4717/2870/730
f 4722/2871/732 4721/2874/732 4719/2872/731
f 4724/2873/733 4723/2876/733 4721/2874/732
f 4726/2875/734 4725/2878/734 4723/2876/733
f 4728/2877/735 4727/2880/735 4725/2878/734
f 4730/2879/736 4729/2882/736 4727/2880/735
f 4732/2881/737 4731/2884/737 4729/2882/736
f 4734/2883/738 4733/2886/738 4731/2884/737
f 4736/2885/739 4735/2888/739 4733/2886/738
f 4738/2887/740 4737/2890/740 4735/2888/739
f 4740/2889/742 4739/2892/741 4737/2890/740
f 4742/2891/743 4741/2894/743 4739/2892/741
f 4744/2893/744 4743/2896/744 4741/2894/743
f 4746/2895/745 4745/2898/745 4743/2896/744
f 4748/2897/746 4747/2900/746 4745/2898/745
f 4750/2899/747 4749/2902/747 4747/2900/746
f 4752/2901/749 4751/2904/748 4749/2902/747
f 4754/2903/751 4753/2906/750 4751/2904/748
f 4756/2905/752 4755/2908/752 4753/2906/750
f 4758/2907/753 4757/2910/753 4755/2908/752
f 4760/2909/754 4759/2912/754 4757/2910/753
f 4762/2911/755 4761/2914/755 4759/2912/754
f 4764/2913/756 4763/2916/756 4761/2914/755
f 4766/2915/757 4765/2918/757 4763/2916/756
f 4768/2917/758 4767/2920/758 4765/2918/757
f 4770/2919/759 4769/2922/759 4767/2920/758
f 4772/2921/760 4771/2924/760 4769/2922/759
f 4774/2923/761 4773/2926/761 4771/2924/760
f 4776/2925/763 4775/2928/762 4773/2926/761
f 4778/2927/764 4777/2930/764 4775/2928/762
f 4780/2929/766 4779/2932/765 4777/2930/764
f 4782/2931/767 4781/2934/767 4779/2932/765
f 4784/2933/768 4783/2936/768 4781/2934/767
f 4786/2935/769 4785/2938/769 4783/2936/768
f 4788/2937/770 4787/2940/770 4785/2938/769
f 4790/2939/771 4789/2942/771 4787/2940/770
f 4792/2941/772 4791/2944/772 4789/2942/771
f 4794/2943/773 4793/2946/773 4791/2944/772
f 4796/2945/774 4795/2948/774 4793/2946/773
f 4798/2947/775 4797/2950/775 4795/2948/774
f 4800/2949/776 4799/2952/776 4797/2950/775
f 4802/2951/777 4801/2954/777 4799/2952/776
f 4804/2953/778 4803/2956/778 4801/2954/777
f 4806/2955/777 4805/2958/777 4803/2956/778
f 4808/2957/776 4807/2960/776 4805/2958/777
f 4810/2959/775 4809/2962/775 4807/2960/776
f 4812/2961/774 4811/2964/774 4809/2962/775
f 4814/2963/773 4813/2966/773 4811/2964/774
f 4816/2965/779 4815/2968/779 4813/2966/773
f 4818/2967/780 4817/2969/780 4815/2968/779
f 4650/2800/693 4649/330/693 4817/2969/780
f 4822/2970/782 4821/2972/782 4819/357/781
f 4824/2971/783 4823/2974/783 4821/2972/782
f 4826/2973/784 4825/2976/784 4823/2974/783
f 4828/2975/785 4827/2978/785 4825/2976/784
f 4830/2977/786 4829/2980/786 4827/2978/785
f 4832/2979/787 4831/2982/787 4829/2980/786
f 4834/2981/788 4833/2984/788 4831/2982/787
f 4836/2983/789 4835/2986/789 4833/2984/788
f 4838/2985/790 4837/2988/790 4835/2986/789
f 4840/2987/791 4839/2990/791 4837/2988/790
f 4842/2989/780 4841/2992/780 4839/2990/791
f 4844/2991/792 4843/2994/792 4841/2992/780
f 4846/2993/793 4845/2996/793 4843/2994/792
f 4848/2995/794 4847/2998/794 4845/2996/793
f 4850/2997/795 4849/3000/795 4847/2998/794
f 4852/2999/796 4851/3002/796 4849/3000/795
f 4854/3001/797 4853/3004/797 4851/3002/796
f 4856/3003/796 4855/3006/796 4853/3004/797
f 4858/3005/795 4857/3008/795 4855/3006/796
f 4860/3007/794 4859/3010/794 4857/3008/795
f 4862/3009/793 4861/3012/793 4859/3010/794
f 4864/3011/792 4863/3014/792 4861/3012/793
f 4866/3013/798 4865/3016/798 4863/3014/792
f 4868/3015/799 4867/3018/799 4865/3016/798
f 4870/3017/800 4869/3020/800 4867/3018/799
f 4872/3019/801 4871/3022/801 4869/3020/800
f 4874/3021/802 4873/3024/802 4871/3022/801
f 4876/3023/803 4875/3026/803 4873/3024/802
f 4878/3025/804 4877/3028/804 4875/3026/803
f 4880/3027/803 4879/3030/803 4877/3028/804
f 4882/3029/802 4881/3032/802 4879/3030/803
f 4884/3031/801 4883/3034/801 4881/3032/802
f 4886/3033/800 4885/3036/800 4883/3034/801
f 4888/3035/799 4887/3038/799 4885/3036/800
f 4890/3037/805 4889/3040/805 4887/3038/799
f 4892/3039/806 4891/3042/806 4889/3040/805
f 4894/3041/807 4893/3044/807 4891/3042/806
f 4896/3043/808 4895/3046/808 4893/3044/807
f 4898/3045/809 4897/3048/809 4895/3046/808
f 4900/3047/810 4899/3050/810 4897/3048/809
f 4902/3049/811 4901/3052/811 4899/3050/810
f 4904/3051/812 4903/3054/812 4901/3052/811
f 4906/3053/813 4905/327/813 4903/3054/812
f 4908/3055/814 4907/3057/814 4905/327/813
f 4910/3056/815 4909/3059/815 4907/3057/814
f 4912/3058/816 4911/3061/816 4909/3059/815
f 4914/3060/817 4913/3063/817 4911/3061/816
f 4916/3062/818 4915/3065/818 4913/3063/817
f 4918/3064/819 4917/3067/819 4915/3065/818
f 4920/3066/820 4919/3069/820 4917/3067/819
f 4922/3068/822 4921/3071/821 4919/3069/820
f 4924/3070/823 4923/3073/823 4921/3071/821
f 4926/3072/824 4925/3075/824 4923/3073/823
f 4928/3074/825 4927/3077/825 4925/3075/824
f 4930/3076/826 4929/3079/826 4927/3077/825
f 4932/3078/827 4931/3081/827 4929/3079/826
f 4934/3080/828 4933/3083/828 4931/3081/827
f 4936/3082/829 4935/3085/829 4933/3083/828
f 4938/3084/830 4937/3087/830 4935/3085/829
f 4940/3086/831 4939/3089/831 4937/3087/830
f 4942/3088/832 4941/3091/832 4939/3089/831
f 4944/3090/833 4943/3093/833 4941/3091/832
f 4946/3092/834 4945/3095/834 4943/3093/833
f 4948/3094/835 4947/3097/835 4945/3095/834
f 4950/3096/836 4949/3099/836 4947/3097/835
f 4952/3098/837 4951/3101/837 4949/3099/836
f 4954/3100/836 4953/3103/836 4951/3101/837
f 4956/3102/835 4955/3105/835 4953/3103/836
f 4958/3104/834 4957/3107/834 4955/3105/835
f 4960/3106/833 4959/3109/833 4957/3107/834
f 4962/3108/832 4961/3111/832 4959/3109/833
f 4964/3110/838 4963/3113/838 4961/3111/832
f 4966/3112/839 4965/3115/839 4963/3113/838
f 4968/3114/840 4967/3117/840 4965/3115/839
f 4970/3116/841 4969/3119/841 4967/3117/840
f 4972/3118/842 4971/3121/842 4969/3119/841
f 4974/3120/843 4973/3123/843 4971/3121/842
f 4976/3122/844 4975/3125/844 4973/3123/843
f 4978/3124/845 4977/3127/845 4975/3125/844
f 4980/3126/846 4979/3129/846 4977/3127/845
f 4982/3128/847 4981/3131/847 4979/3129/846
f 4984/3130/848 4983/3133/848 4981/3131/847
f 4986/3132/850 4985/3135/849 4983/3133/848
f 4988/3134/851 4987/3137/851 4985/3135/849
f 4990/3136/852 4989/3138/852 4987/3137/851
f 4820/2800/781 4819/330/781 4989/3138/852
f 4994/3139/854 4993/3140/854 4991/357/853
f 4996/1678/855 4995/1681/855 4993/3140/854
f 4998/3141/856 4997/3142/856 4995/1681/855
f 5000/1715/857 4999/1718/857 4997/3142/856
f 5002/3143/858 5001/3144/858 4999/1718/857
f 5004/1753/859 5003/1756/859 5001/3144/858
f 5006/3145/861 5005/3146/860 5003/1756/859
f 5008/1790/863 5007/1793/862 5005/3146/860
f 5010/3147/864 5009/3148/864 5007/1793/862
f 5012/1827/866 5011/1830/865 5009/3148/864
f 5014/3149/867 5013/3150/867 5011/1830/865
f 5016/1865/868 5015/1868/868 5013/3150/867
f 5018/3151/869 5017/3152/869 5015/1868/868
f 5020/1902/870 5019/1905/870 5017/3152/869
f 5022/3153/872 5021/3154/871 5019/1905/870
f 5024/1940/873 5023/1943/873 5021/3154/871
f 5026/3155/874 5025/3156/874 5023/1943/873
f 5028/1977/875 5027/1980/875 5025/3156/874
f 5030/3157/876 5029/3158/876 5027/1980/875
f 5032/2014/878 5031/2017/877 5029/3158/876
f 5034/3159/879 5033/3160/879 5031/2017/877
f 5036/2052/880 5035/2055/880 5033/3160/879
f 5038/3161/881 5037/3162/881 5035/2055/880
f 5040/2089/882 5039/2092/882 5037/3162/881
f 5042/3163/883 5041/3164/883 5039/2092/882
f 5044/2127/884 5043/2130/884 5041/3164/883
f 5046/3165/885 5045/3166/885 5043/2130/884
f 5048/2164/886 5047/2167/886 5045/3166/885
f 5050/3167/887 5049/3168/887 5047/2167/886
f 5052/2201/888 5051/2204/888 5049/3168/887
f 5054/3053/889 5053/327/889 5051/2204/888
f 5056/2239/890 5055/2242/890 5053/327/889
f 5058/3169/891 5057/3170/891 5055/2242/890
f 5060/2276/892 5059/2279/892 5057/3170/891
f 5062/3171/893 5061/3172/893 5059/2279/892
f 5064/2314/894 5063/2316/894 5061/3172/893
f 5066/3173/895 5065/3174/895 5063/2316/894
f 5068/2351/896 5067/2354/896 5065/3174/895
f 5070/3175/897 5069/3176/897 5067/2354/896
f 5072/2388/898 5071/2391/898 5069/3176/897
f 5074/3177/899 5073/3178/899 5071/2391/898
f 5076/2426/900 5075/2429/900 5073/3178/899
f 5078/3179/901 5077/3180/901 5075/2429/900
f 5080/2463/902 5079/2466/902 5077/3180/901
f 5082/3181/903 5081/3182/903 5079/2466/902
f 5084/2500/904 5083/2503/904 5081/3182/903
f 5086/3183/905 5085/3184/905 5083/2503/904
f 5088/2538/906 5087/2541/906 5085/3184/905
f 5090/3185/907 5089/3186/907 5087/2541/906
f 5092/2575/908 5091/2578/908 5089/3186/907
f 5094/3187/909 5093/3188/909 5091/2578/908
f 5096/2613/910 5095/2616/910 5093/3188/909
f 5098/3189/911 5097/3190/911 5095/2616/910
f 5100/2650/912 5099/2653/912 5097/3190/911
f 5102/3191/913 5101/3192/913 5099/2653/912
f 5104/2687/914 5103/2690/914 5101/3192/913
f 5106/3193/915 5105/3194/915 5103/2690/914
f 5108/2725/916 5107/2728/916 5105/3194/915
f 5110/3195/917 5109/3196/917 5107/2728/916
f 5112/2762/918 5111/2765/918 5109/3196/917
f 5114/3197/919 5113/3198/919 5111/2765/918
f 4992/2800/853 4991/330/853 5113/3198/919
f 5118/3199/922 5117/3201/922 5115/357/920
f 5120/3200/923 5119/3203/923 5117/3201/922
f 5122/3202/924 5121/3205/924 5119/3203/923
f 5124/3204/925 5123/3207/925 5121/3205/924
f 5126/3206/926 5125/3209/926 5123/3207/925
f 5128/3208/927 5127/3211/927 5125/3209/926
f 5130/3210/928 5129/3213/928 5127/3211/927
f 5132/3212/929 5131/3215/929 5129/3213/928
f 5134/3214/930 5133/3217/930 5131/3215/929
f 5136/3216/931 5135/3219/931 5133/3217/930
f 5138/3218/779 5137/3221/779 5135/3219/931
f 5140/3220/932 5139/3223/932 5137/3221/779
f 5142/3222/933 5141/3225/933 5139/3223/932
f 5144/3224/934 5143/3227/934 5141/3225/933
f 5146/3226/935 5145/3229/935 5143/3227/934
f 5148/3228/936 5147/3231/936 5145/3229/935
f 5150/3230/937 5149/3233/937 5147/3231/936
f 5152/3232/936 5151/3235/936 5149/3233/937
f 5154/3234/935 5153/3237/935 5151/3235/936
f 5156/3236/934 5155/3239/934 5153/3237/935
f 5158/3238/933 5157/3241/933 5155/3239/934
f 5160/3240/932 5159/3243/932 5157/3241/933
f 5162/3242/938 5161/3245/938 5159/3243/932
f 5164/3244/939 5163/3247/939 5161/3245/938
f 5166/3246/940 5165/3249/940 5163/3247/939
f 5168/3248/941 5167/3251/941 5165/3249/940
f 5170/3250/942 5169/426/942 5167/3251/941
f 5172/3252/943 5171/3254/943 5169/426/942
f 5174/3253/944 5173/3256/944 5171/3254/943
f 5176/3255/945 5175/3258/945 5173/3256/944
f 5178/3257/946 5177/3260/946 5175/3258/945
f 5180/3259/947 5179/3262/947 5177/3260/946
f 5182/3261/948 5181/3264/948 5179/3262/947
f 5184/3263/949 5183/3266/949 5181/3264/948
f 5186/3265/950 5185/3268/950 5183/3266/949
f 5188/3267/951 5187/3270/951 5185/3268/950
f 5190/3269/952 5189/3272/952 5187/3270/951
f 5192/3271/953 5191/3274/953 5189/3272/952
f 5194/3273/954 5193/3276/954 5191/3274/953
f 5196/3275/956 5195/3278/955 5193/3276/954
f 5198/3277/957 5197/3280/957 5195/3278/955
f 5200/3279/958 5199/3282/958 5197/3280/957
f 5202/3281/959 5201/3284/959 5199/3282/958
f 5204/3283/960 5203/3286/960 5201/3284/959
f 5206/3285/961 5205/3288/961 5203/3286/960
f 5208/3287/962 5207/3290/962 5205/3288/961
f 5210/3289/963 5209/3292/963 5207/3290/962
f 5212/3291/964 5211/3294/964 5209/3292/963
f 5214/3293/965 5213/3296/965 5211/3294/964
f 5216/3295/966 5215/3298/966 5213/3296/965
f 5218/3297/967 5217/3300/967 5215/3298/966
f 5220/3299/968 5219/3302/968 5217/3300/967
f 5222/3301/551 5221/3303/551 5219/3302/968
f 5224/3053/968 5223/327/968 5221/3303/551
f 5226/3304/967 5225/3306/967 5223/327/968
f 5228/3305/966 5227/3308/966 5225/3306/967
f 5230/3307/965 5229/3310/965 5227/3308/966
f 5232/3309/964 5231/3312/964 5229/3310/965
f 5234/3311/969 5233/3314/969 5231/3312/964
f 5236/3313/970 5235/3316/970 5233/3314/969
f 5238/3315/971 5237/3318/971 5235/3316/970
f 5240/3317/972 5239/3320/972 5237/3318/971
f 5242/3319/973 5241/3322/973 5239/3320/972
f 5244/3321/974 5243/3324/974 5241/3322/973
f 5246/3323/975 5245/3326/975 5243/3324/974
f 5248/3325/976 5247/3328/976 5245/3326/975
f 5250/3327/977 5249/3330/977 5247/3328/976
f 5252/3329/978 5251/3332/978 5249/3330/977
f 5254/3331/979 5253/3334/979 5251/3332/978
f 5256/3333/980 5255/3336/980 5253/3334/979
f 5258/3335/981 5257/3338/981 5255/3336/980
f 5260/3337/982 5259/3340/982 5257/3338/981
f 5262/3339/983 5261/3342/983 5259/3340/982
f 5264/3341/984 5263/3344/984 5261/3342/983
f 5266/3343/985 5265/3346/985 5263/3344/984
f 5268/3345/986 5267/3348/986 5265/3346/985
f 5270/3347/988 5269/3350/987 5267/3348/986
f 5272/3349/989 5271/3352/989 5269/3350/987
f 5274/3351/990 5273/3354/990 5271/3352/989
f 5276/3353/991 5275/3356/991 5273/3354/990
f 5278/3355/992 5277/127/992 5275/3356/991
f 5280/3357/993 5279/3359/993 5277/127/992
f 5282/3358/995 5281/3361/994 5279/3359/993
f 5284/3360/997 5283/3363/996 5281/3361/994
f 5286/3362/999 5285/3365/998 5283/3363/996
f 5288/3364/1000 5287/3367/1000 5285/3365/998
f 5290/3366/1001 5289/3369/1001 5287/3367/1000
f 5292/3368/1002 5291/3371/1002 5289/3369/1001
f 5294/3370/1003 5293/3373/1003 5291/3371/1002
f 5296/3372/1004 5295/3375/1004 5293/3373/1003
f 5298/3374/1005 5297/3377/1005 5295/3375/1004
f 5300/3376/1006 5299/3379/1006 5297/3377/1005
f 5302/3378/1007 5301/3381/1007 5299/3379/1006
f 5304/3380/1008 5303/3383/1008 5301/3381/1007
f 5306/3382/1009 5305/3385/1009 5303/3383/1008
f 5308/3384/1010 5307/3387/1010 5305/3385/1009
f 5310/3386/1011 5309/3389/1011 5307/3387/1010
f 5312/3388/1012 5311/3391/1012 5309/3389/1011
f 5314/3390/1013 5313/3393/1013 5311/3391/1012
f 5316/3392/1014 5315/3395/1014 5313/3393/1013
f 5318/3394/1015 5317/3397/1015 5315/3395/1014
f 5320/3396/1016 5319/3399/1016 5317/3397/1015
f 5322/3398/1017 5321/3401/1017 5319/3399/1016
f 5324/3400/1018 5323/3403/1018 5321/3401/1017
f 5326/3402/1019 5325/3405/1019 5323/3403/1018
f 5328/3404/1020 5327/3407/1020 5325/3405/1019
f 5330/3406/1021 5329/3408/1021 5327/3407/1020
f 5116/2800/921 5115/330/920 5329/3408/1021
f 5334/3409/1024 5333/3411/1023 5331/357/1022
f 5336/3410/1025 5335/3413/1025 5333/3411/1023
f 5338/3412/1026 5337/3415/1026 5335/3413/1025
f 5340/3414/1027 5339/3417/1027 5337/3415/1026
f 5342/3416/1028 5341/3419/1028 5339/3417/1027
f 5344/3418/1029 5343/3421/1029 5341/3419/1028
f 5346/3420/1030 5345/3423/1030 5343/3421/1029
f 5348/3422/1031 5347/3425/1031 5345/3423/1030
f 5350/3424/1032 5349/3426/1032 5347/3425/1031
f 5352/2833/1033 5351/2836/1033 5349/3426/1032
f 5354/3427/1034 5353/3429/1034 5351/2836/1033
f 5356/3428/459 5355/3431/459 5353/3429/1034
f 5358/3430/1007 5357/3433/1007 5355/3431/459
f 5360/3432/1036 5359/3435/1035 5357/3433/1007
f 5362/3434/1038 5361/3437/1037 5359/3435/1035
f 5364/3436/1039 5363/3439/1039 5361/3437/1037
f 5366/3438/1040 5365/3441/1040 5363/3439/1039
f 5368/3440/1042 5367/3443/1041 5365/3441/1040
f 5370/3442/1043 5369/3444/1043 5367/3443/1041
f 5372/2867/1044 5371/2870/1044 5369/3444/1043
f 5374/3445/1045 5373/3447/1045 5371/2870/1044
f 5376/3446/1046 5375/3449/1046 5373/3447/1045
f 5378/3448/1047 5377/3451/1047 5375/3449/1046
f 5380/3450/1048 5379/3452/1048 5377/3451/1047
f 5382/3053/1049 5381/327/1049 5379/3452/1048
f 5384/3453/1050 5383/3455/1050 5381/327/1049
f 5386/3454/1051 5385/3457/1051 5383/3455/1050
f 5388/3456/1052 5387/3459/1052 5385/3457/1051
f 5390/3458/1054 5389/3460/1053 5387/3459/1052
f 5392/2901/1056 5391/2904/1055 5389/3460/1053
f 5394/3461/1058 5393/3463/1057 5391/2904/1055
f 5396/3462/1059 5395/3465/1059 5393/3463/1057
f 5398/3464/1060 5397/3467/1060 5395/3465/1059
f 5400/3466/1061 5399/3469/1061 5397/3467/1060
f 5402/3468/1062 5401/3471/1062 5399/3469/1061
f 5404/3470/1063 5403/3473/1063 5401/3471/1062
f 5406/3472/1064 5405/3475/1064 5403/3473/1063
f 5408/3474/1066 5407/3477/1065 5405/3475/1064
f 5410/3476/1067 5409/3478/1067 5407/3477/1065
f 5412/2935/1068 5411/2938/1068 5409/3478/1067
f 5414/3479/1069 5413/3481/1069 5411/2938/1068
f 5416/3480/1070 5415/3483/1070 5413/3481/1069
f 5418/3482/1072 5417/3485/1071 5415/3483/1070
f 5420/3484/1073 5419/3487/1073 5417/3485/1071
f 5422/3486/1074 5421/3489/1074 5419/3487/1073
f 5424/3488/1075 5423/3491/1075 5421/3489/1074
f 5426/3490/1076 5425/3493/1076 5423/3491/1075
f 5428/3492/1077 5427/3495/1077 5425/3493/1076
f 5430/3494/1078 5429/3496/1078 5427/3495/1077
f 5332/2800/1022 5331/330/1022 5429/3496/1078
f 5434/3497/1080 5433/3499/1080 5431/357/1079
f 5436/3498/1081 5435/3501/1081 5433/3499/1080
f 5438/3500/1082 5437/3503/1082 5435/3501/1081
f 5440/3502/1083 5439/3505/1083 5437/3503/1082
f 5442/3504/1084 5441/3507/1084 5439/3505/1083
f 5444/3506/1085 5443/3509/1085 5441/3507/1084
f 5446/3508/1086 5445/3511/1086 5443/3509/1085
f 5448/3510/1087 5447/3513/1087 5445/3511/1086
f 5450/3512/1088 5449/3515/1088 5447/3513/1087
f 5452/3514/1089 5451/3517/1089 5449/3515/1088
f 5454/3516/1090 5453/3519/1090 5451/3517/1089
f 5456/3518/1091 5455/3521/1091 5453/3519/1090
f 5458/3520/1092 5457/3523/1092 5455/3521/1091
f 5460/3522/1094 5459/3525/1093 5457/3523/1092
f 5462/3524/1096 5461/3527/1095 5459/3525/1093
f 5464/3526/1097 5463/3529/1097 5461/3527/1095
f 5466/3528/1098 5465/3531/1098 5463/3529/1097
f 5468/3530/1099 5467/3533/1099 5465/3531/1098
f 5470/3532/1100 5469/3535/1100 5467/3533/1099
f 5472/3534/1101 5471/3537/1101 5469/3535/1100
f 5474/3536/793 5473/3539/793 5471/3537/1101
f 5476/3538/1102 5475/3541/1102 5473/3539/793
f 5478/3540/1103 5477/3543/1103 5475/3541/1102
f 5480/3542/1104 5479/3545/1104 5477/3543/1103
f 5482/3544/1105 5481/3547/1105 5479/3545/1104
f 5484/3546/1106 5483/3549/1106 5481/3547/1105
f 5486/3548/1107 5485/3551/1107 5483/3549/1106
f 5488/3550/1108 5487/3553/1108 5485/3551/1107
f 5490/3552/1109 5489/3555/1109 5487/3553/1108
f 5492/3554/1110 5491/3557/1110 5489/3555/1109
f 5494/3556/1112 5493/3559/1111 5491/3557/1110
f 5496/3558/1113 5495/3561/1113 5493/3559/1111
f 5498/3560/1114 5497/3563/1114 5495/3561/1113
f 5500/3562/1115 5499/3565/1115 5497/3563/1114
f 5502/3564/1116 5501/3567/1116 5499/3565/1115
f 5504/3566/1117 5503/3569/1117 5501/3567/1116
f 5506/3568/1119 5505/3571/1118 5503/3569/1117
f 5508/3570/1120 5507/3573/1120 5505/3571/1118
f 5510/3572/1121 5509/3575/1121 5507/3573/1120
f 5512/3574/1122 5511/3577/1122 5509/3575/1121
f 5514/3576/1123 5513/3579/1123 5511/3577/1122
f 5516/3578/1124 5515/3581/1124 5513/3579/1123
f 5518/3580/1125 5517/3583/1125 5515/3581/1124
f 5520/3582/1126 5519/3585/1126 5517/3583/1125
f 5522/3584/1127 5521/3587/1127 5519/3585/1126
f 5524/3586/1129 5523/3589/1128 5521/3587/1127
f 5526/3588/1130 5525/3591/1130 5523/3589/1128
f 5528/3590/1132 5527/3593/1131 5525/3591/1130
f 5530/3592/1133 5529/3595/1133 5527/3593/1131
f 5532/3594/1134 5531/3597/1134 5529/3595/1133
f 5534/3596/1135 5533/3599/1135 5531/3597/1134
f 5536/3598/1136 5535/3601/1136 5533/3599/1135
f 5538/3600/1137 5537/3603/1137 5535/3601/1136
f 5540/3602/1138 5539/3605/1138 5537/3603/1137
f 5542/3604/1139 5541/3607/1139 5539/3605/1138
f 5544/3606/1140 5543/3609/1140 5541/3607/1139
f 5546/3608/1141 5545/3611/1141 5543/3609/1140
f 5548/3610/1142 5547/3613/1142 5545/3611/1141
f 5550/3612/1143 5549/3615/1143 5547/3613/1142
f 5552/3614/1144 5551/3617/1144 5549/3615/1143
f 5554/3616/1145 5553/3619/1145 5551/3617/1144
f 5556/3618/1146 5555/3621/1146 5553/3619/1145
f 5558/3620/1147 5557/3623/1147 5555/3621/1146
f 5560/3622/1148 5559/3625/1148 5557/3623/1147
f 5562/3624/1149 5561/3627/1149 5559/3625/1148
f 5564/3626/1150 5563/3629/1150 5561/3627/1149
f 5566/3628/1151 5565/3631/1151 5563/3629/1150
f 5568/3630/1152 5567/3633/1152 5565/3631/1151
f 5570/3632/1130 5569/3635/1130 5567/3633/1152
f 5572/3634/1153 5571/3637/1153 5569/3635/1130
f 5574/3636/1154 5573/3639/1154 5571/3637/1153
f 5576/3638/1155 5575/3641/1155 5573/3639/1154
f 5578/3640/1156 5577/3643/1156 5575/3641/1155
f 5580/3642/1157 5579/3645/1157 5577/3643/1156
f 5582/3644/1158 5581/3647/1158 5579/3645/1157
f 5584/3646/1159 5583/3649/1159 5581/3647/1158
f 5586/3648/1160 5585/3651/1160 5583/3649/1159
f 5588/3650/1161 5587/3653/1161 5585/3651/1160
f 5590/3652/1162 5589/3655/1162 5587/3653/1161
f 5592/3654/1163 5591/3657/1163 5589/3655/1162
f 5594/3656/1164 5593/3659/1164 5591/3657/1163
f 5596/3658/1165 5595/3661/1165 5593/3659/1164
f 5598/3660/1166 5597/3663/1166 5595/3661/1165
f 5600/3662/1167 5599/3665/1167 5597/3663/1166
f 5602/3664/1168 5601/3667/1168 5599/3665/1167
f 5604/3666/1169 5603/3669/1169 5601/3667/1168
f 5606/3668/1170 5605/3671/1170 5603/3669/1169
f 5608/3670/1171 5607/3673/1171 5605/3671/1170
f 5610/3672/1172 5609/3675/1172 5607/3673/1171
f 5612/3674/1173 5611/3677/1173 5609/3675/1172
f 5614/3676/1174 5613/3679/1174 5611/3677/1173
f 5616/3678/1175 5615/3681/1175 5613/3679/1174
f 5618/3680/1176 5617/3683/1176 5615/3681/1175
f 5620/3682/1177 5619/3685/1177 5617/3683/1176
f 5622/3684/1178 5621/3687/1178 5619/3685/1177
f 5624/3686/1179 5623/3689/1179 5621/3687/1178
f 5626/3688/1180 5625/3691/1180 5623/3689/1179
f 5628/3690/1181 5627/3693/1181 5625/3691/1180
f 5630/3692/786 5629/3695/786 5627/3693/1181
f 5632/3694/1182 5631/3697/1182 5629/3695/786
f 5634/3696/1183 5633/3699/1183 5631/3697/1182
f 5636/3698/1184 5635/3701/1184 5633/3699/1183
f 5638/3700/1185 5637/3703/1185 5635/3701/1184
f 5640/3702/1186 5639/3705/1186 5637/3703/1185
f 5642/3704/1187 5641/3707/1187 5639/3705/1186
f 5644/3706/1188 5643/3709/1188 5641/3707/1187
f 5646/3708/1189 5645/3711/1189 5643/3709/1188
f 5648/3710/1190 5647/3713/1190 5645/3711/1189
f 5650/3712/1191 5649/3715/1191 5647/3713/1190
f 5652/3714/1193 5651/3717/1192 5649/3715/1191
f 5654/3716/1194 5653/3719/1194 5651/3717/1192
f 5656/3718/1195 5655/3721/1195 5653/3719/1194
f 5658/3720/1196 5657/3723/1196 5655/3721/1195
f 5660/3722/1198 5659/3725/1197 5657/3723/1196
f 5662/3724/1199 5661/3727/1199 5659/3725/1197
f 5664/3726/1200 5663/3729/1200 5661/3727/1199
f 5666/3728/1201 5665/3731/1201 5663/3729/1200
f 5668/3730/1202 5667/3733/1202 5665/3731/1201
f 5670/3732/1203 5669/3735/1203 5667/3733/1202
f 5672/3734/1204 5671/3737/1204 5669/3735/1203
f 5674/3736/1205 5673/3739/1205 5671/3737/1204
f 5676/3738/1206 5675/3741/1206 5673/3739/1205
f 5678/3740/1207 5677/3743/1207 5675/3741/1206
f 5680/3742/1208 5679/3745/1208 5677/3743/1207
f 5682/3744/1209 5681/3747/1209 5679/3745/1208
f 5684/3746/1210 5683/3749/1210 5681/3747/1209
f 5686/3748/1211 5685/3751/1211 5683/3749/1210
f 5688/3750/1212 5687/3753/1212 5685/3751/1211
f 5690/3752/1213 5689/3755/1213 5687/3753/1212
f 5692/3754/1214 5691/3757/1214 5689/3755/1213
f 5694/3756/1215 5693/3759/1215 5691/3757/1214
f 5696/3758/1216 5695/3761/1216 5693/3759/1215
f 5698/3760/1217 5697/3763/1217 5695/3761/1216
f 5700/3762/1218 5699/3765/1218 5697/3763/1217
f 5702/3764/1219 5701/3767/1219 5699/3765/1218
f 5704/3766/1220 5703/3769/1220 5701/3767/1219
f 5706/3768/1221 5705/3771/1221 5703/3769/1220
f 5708/3770/1077 5707/3773/1077 5705/3771/1221
f 5710/3772/1222 5709/3775/1222 5707/3773/1077
f 5712/3774/1223 5711/3777/1223 5709/3775/1222
f 5714/3776/1224 5713/3779/1224 5711/3777/1223
f 5716/3778/1225 5715/3781/1225 5713/3779/1224
f 5718/3780/1226 5717/3783/1226 5715/3781/1225
f 5720/3782/1227 5719/3785/1227 5717/3783/1226
f 5722/3784/1228 5721/3787/1228 5719/3785/1227
f 5724/3786/1229 5723/3789/1229 5721/3787/1228
f 5726/3788/1230 5725/3791/1230 5723/3789/1229
f 5728/3790/1231 5727/3793/1231 5725/3791/1230
f 5730/3792/1232 5729/3795/1232 5727/3793/1231
f 5732/3794/1233 5731/3797/1233 5729/3795/1232
f 5734/3796/1234 5733/3799/1234 5731/3797/1233
f 5736/3798/1235 5735/3801/1235 5733/3799/1234
f 5738/3800/1236 5737/3803/1236 5735/3801/1235
f 5740/3802/1237 5739/3805/1237 5737/3803/1236
f 5742/3804/1238 5741/3807/1238 5739/3805/1237
f 5744/3806/1239 5743/3809/1239 5741/3807/1238
f 5746/3808/1240 5745/3811/1240 5743/3809/1239
f 5748/3810/1241 5747/3813/1241 5745/3811/1240
f 5750/3812/1242 5749/3815/1242 5747/3813/1241
f 5752/3814/1244 5751/3817/1243 5749/3815/1242
f 5754/3816/1245 5753/3819/1245 5751/3817/1243
f 5756/3818/1246 5755/3821/1246 5753/3819/1245
f 5758/3820/1247 5757/3823/1247 5755/3821/1246
f 5760/3822/1248 5759/3825/1248 5757/3823/1247
f 5762/3824/1250 5761/3827/1249 5759/3825/1248
f 5764/3826/1251 5763/3829/1251 5761/3827/1249
f 5766/3828/1252 5765/3831/1252 5763/3829/1251
f 5768/3830/1253 5767/3833/1253 5765/3831/1252
f 5770/3832/1254 5769/3835/1254 5767/3833/1253
f 5772/3834/1256 5771/3837/1255 5769/3835/1254
f 5774/3836/1257 5773/3839/1257 5771/3837/1255
f 5776/3838/1258 5775/3841/1258 5773/3839/1257
f 5778/3840/1259 5777/3843/1259 5775/3841/1258
f 5780/3842/1260 5779/3845/1260 5777/3843/1259
f 5782/3844/1261 5781/3847/1261 5779/3845/1260
f 5784/3846/1262 5783/3849/1262 5781/3847/1261
f 5786/3848/1263 5785/3851/1263 5783/3849/1262
f 5788/3850/1264 5787/3853/1264 5785/3851/1263
f 5790/3852/1265 5789/3855/1265 5787/3853/1264
f 5792/3854/1266 5791/3856/1266 5789/3855/1265
f 5794/3053/1267 5793/327/1267 5791/3856/1266
f 5796/3857/1268 5795/3859/1268 5793/327/1267
f 5798/3858/1269 5797/3861/1269 5795/3859/1268
f 5800/3860/1270 5799/3863/1270 5797/3861/1269
f 5802/3862/1271 5801/3865/1271 5799/3863/1270
f 5804/3864/1272 5803/3867/1272 5801/3865/1271
f 5806/3866/1273 5805/3869/1273 5803/3867/1272
f 5808/3868/1274 5807/3871/1274 5805/3869/1273
f 5810/3870/1275 5809/3873/1275 5807/3871/1274
f 5812/3872/1276 5811/3875/1276 5809/3873/1275
f 5814/3874/1277 5813/3877/1277 5811/3875/1276
f 5816/3876/1278 5815/3879/1278 5813/3877/1277
f 5818/3878/1279 5817/3881/1279 5815/3879/1278
f 5820/3880/1280 5819/3883/1280 5817/3881/1279
f 5822/3882/1281 5821/3885/1281 5819/3883/1280
f 5824/3884/1282 5823/3887/1282 5821/3885/1281
f 5826/3886/1283 5825/3889/1283 5823/3887/1282
f 5828/3888/1284 5827/3891/1284 5825/3889/1283
f 5830/3890/1285 5829/3893/1285 5827/3891/1284
f 5832/3892/1286 5831/3895/1286 5829/3893/1285
f 5834/3894/1287 5833/3897/1287 5831/3895/1286
f 5836/3896/1288 5835/3899/1288 5833/3897/1287
f 5838/3898/1289 5837/3901/1289 5835/3899/1288
f 5840/3900/1290 5839/3903/1290 5837/3901/1289
f 5842/3902/1291 5841/3905/1291 5839/3903/1290
f 5844/3904/1292 5843/3907/1292 5841/3905/1291
f 5846/3906/1293 5845/3909/1293 5843/3907/1292
f 5848/3908/1294 5847/3911/1294 5845/3909/1293
f 5850/3910/1295 5849/3913/1295 5847/3911/1294
f 5852/3912/1294 5851/3915/1294 5849/3913/1295
f 5854/3914/1293 5853/3917/1293 5851/3915/1294
f 5856/3916/1292 5855/3919/1292 5853/3917/1293
f 5858/3918/1291 5857/3921/1291 5855/3919/1292
f 5860/3920/1290 5859/3923/1290 5857/3921/1291
f 5862/3922/1296 5861/3925/1296 5859/3923/1290
f 5864/3924/1297 5863/3927/1297 5861/3925/1296
f 5866/3926/1298 5865/3929/1298 5863/3927/1297
f 5868/3928/1299 5867/3931/1299 5865/3929/1298
f 5870/3930/1300 5869/3933/1300 5867/3931/1299
f 5872/3932/1301 5871/3935/1301 5869/3933/1300
f 5874/3934/1302 5873/3937/1302 5871/3935/1301
f 5876/3936/1303 5875/3939/1303 5873/3937/1302
f 5878/3938/1304 5877/3941/1304 5875/3939/1303
f 5880/3940/1305 5879/3943/1305 5877/3941/1304
f 5882/3942/1306 5881/3945/1306 5879/3943/1305
f 5884/3944/1307 5883/3947/1307 5881/3945/1306
f 5886/3946/1308 5885/3949/1308 5883/3947/1307
f 5888/3948/1309 5887/3951/1309 5885/3949/1308
f 5890/3950/1310 5889/3953/1310 5887/3951/1309
f 5892/3952/1311 5891/3955/1311 5889/3953/1310
f 5894/3954/1312 5893/3957/1312 5891/3955/1311
f 5896/3956/1313 5895/3959/1313 5893/3957/1312
f 5898/3958/1314 5897/3961/1314 5895/3959/1313
f 5900/3960/1315 5899/3963/1315 5897/3961/1314
f 5902/3962/1316 5901/3965/1316 5899/3963/1315
f 5904/3964/1317 5903/3967/1317 5901/3965/1316
f 5906/3966/1318 5905/3969/1318 5903/3967/1317
f 5908/3968/1319 5907/3971/1319 5905/3969/1318
f 5910/3970/1320 5909/3973/1320 5907/3971/1319
f 5912/3972/1321 5911/3975/1321 5909/3973/1320
f 5914/3974/1322 5913/3977/1322 5911/3975/1321
f 5916/3976/1323 5915/3979/1323 5913/3977/1322
f 5918/3978/1324 5917/3981/1324 5915/3979/1323
f 5920/3980/1325 5919/3983/1325 5917/3981/1324
f 5922/3982/1326 5921/3985/1326 5919/3983/1325
f 5924/3984/1327 5923/3987/1327 5921/3985/1326
f 5926/3986/1328 5925/3989/1328 5923/3987/1327
f 5928/3988/1329 5927/3991/1329 5925/3989/1328
f 5930/3990/1330 5929/3993/1330 5927/3991/1329
f 5932/3992/1331 5931/3995/1331 5929/3993/1330
f 5934/3994/1332 5933/3997/1332 5931/3995/1331
f 5936/3996/1333 5935/3999/1333 5933/3997/1332
f 5938/3998/1334 5937/4001/1334 5935/3999/1333
f 5940/4000/1335 5939/4003/1335 5937/4001/1334
f 5942/4002/1336 5941/4005/1336 5939/4003/1335
f 5944/4004/1337 5943/4007/1337 5941/4005/1336
f 5946/4006/1339 5945/4009/1338 5943/4007/1337
f 5948/4008/1340 5947/4011/1340 5945/4009/1338
f 5950/4010/1341 5949/4013/1341 5947/4011/1340
f 5952/4012/1342 5951/4015/1342 5949/4013/1341
f 5954/4014/1343 5953/4017/1343 5951/4015/1342
f 5956/4016/1344 5955/4019/1344 5953/4017/1343
f 5958/4018/1345 5957/4021/1345 5955/4019/1344
f 5960/4020/1346 5959/4023/1346 5957/4021/1345
f 5962/4022/1347 5961/4025/1347 5959/4023/1346
f 5964/4024/1348 5963/4027/1348 5961/4025/1347
f 5966/4026/1349 5965/4029/1349 5963/4027/1348
f 5968/4028/1350 5967/4031/1350 5965/4029/1349
f 5970/4030/1351 5969/4033/1351 5967/4031/1350
f 5972/4032/1350 5971/4035/1350 5969/4033/1351
f 5974/4034/1349 5973/4037/1349 5971/4035/1350
f 5976/4036/1348 5975/4039/1348 5973/4037/1349
f 5978/4038/1347 5977/4041/1347 5975/4039/1348
f 5980/4040/1346 5979/4043/1346 5977/4041/1347
f 5982/4042/1245 5981/4045/1245 5979/4043/1346
f 5984/4044/1352 5983/4047/1352 5981/4045/1245
f 5986/4046/1353 5985/4049/1353 5983/4047/1352
f 5988/4048/1354 5987/4051/1354 5985/4049/1353
f 5990/4050/1355 5989/4053/1355 5987/4051/1354
f 5992/4052/1356 5991/4055/1356 5989/4053/1355
f 5994/4054/1357 5993/4057/1357 5991/4055/1356
f 5996/4056/1358 5995/4059/1358 5993/4057/1357
f 5998/4058/1359 5997/4061/1359 5995/4059/1358
f 6000/4060/1360 5999/4063/1360 5997/4061/1359
f 6002/4062/1361 6001/4065/1361 5999/4063/1360
f 6004/4064/1362 6003/4067/1362 6001/4065/1361
f 6006/4066/1363 6005/4069/1363 6003/4067/1362
f 6008/4068/1364 6007/4071/1364 6005/4069/1363
f 6010/4070/1365 6009/4073/1365 6007/4071/1364
f 6012/4072/1366 6011/4075/1366 6009/4073/1365
f 6014/4074/1367 6013/4077/1367 6011/4075/1366
f 6016/4076/1368 6015/4079/1368 6013/4077/1367
f 6018/4078/1369 6017/4081/1369 6015/4079/1368
f 6020/4080/1370 6019/4083/1370 6017/4081/1369
f 6022/4082/195 6021/4085/195 6019/4083/1370
f 6024/4084/1371 6023/4087/1371 6021/4085/195
f 6026/4086/1372 6025/4089/1372 6023/4087/1371
f 6028/4088/1373 6027/4091/1373 6025/4089/1372
f 6030/4090/1128 6029/4093/1128 6027/4091/1373
f 6032/4092/1297 6031/4095/706 6029/4093/1128
f 6034/4094/1374 6033/4097/1374 6031/4095/706
f 6036/4096/1375 6035/4099/1375 6033/4097/1374
f 6038/4098/1376 6037/4101/1376 6035/4099/1375
f 6040/4100/1377 6039/4103/1377 6037/4101/1376
f 6042/4102/1379 6041/4105/1378 6039/4103/1377
f 6044/4104/1380 6043/4107/1380 6041/4105/1378
f 6046/4106/1378 6045/4109/1379 6043/4107/1380
f 6048/4108/1377 6047/4111/1377 6045/4109/1379
f 6050/4110/1376 6049/4113/1376 6047/4111/1377
f 6052/4112/1375 6051/4115/1375 6049/4113/1376
f 6054/4114/1374 6053/4117/1374 6051/4115/1375
f 6056/4116/1381 6055/4119/1381 6053/4117/1374
f 6058/4118/1382 6057/4121/1382 6055/4119/1381
f 6060/4120/1383 6059/4123/1383 6057/4121/1382
f 6062/4122/1384 6061/4125/1384 6059/4123/1383
f 6064/4124/1385 6063/4127/1385 6061/4125/1384
f 6066/4126/1386 6065/4129/1386 6063/4127/1385
f 6068/4128/1387 6067/4131/1387 6065/4129/1386
f 6070/4130/1388 6069/4133/1388 6067/4131/1387
f 6072/4132/1389 6071/4135/1389 6069/4133/1388
f 6074/4134/1390 6073/4137/1390 6071/4135/1389
f 6076/4136/1391 6075/4139/1391 6073/4137/1390
f 6078/4138/1392 6077/4141/1392 6075/4139/1391
f 6080/4140/1393 6079/4143/1393 6077/4141/1392
f 6082/4142/1394 6081/4145/1394 6079/4143/1393
f 6084/4144/1395 6083/4147/1395 6081/4145/1394
f 6086/4146/1396 6085/4149/1396 6083/4147/1395
f 6088/4148/1397 6087/4151/1397 6085/4149/1396
f 6090/4150/1398 6089/4153/1398 6087/4151/1397
f 6092/4152/1399 6091/4155/1399 6089/4153/1398
f 6094/4154/1400 6093/4157/1400 6091/4155/1399
f 6096/4156/1401 6095/4159/1401 6093/4157/1400
f 6098/4158/1402 6097/4161/1402 6095/4159/1401
f 6100/4160/1403 6099/4163/1403 6097/4161/1402
f 6102/4162/1404 6101/4165/1404 6099/4163/1403
f 6104/4164/1405 6103/4167/1405 6101/4165/1404
f 6106/4166/1406 6105/4169/1406 6103/4167/1405
f 6108/4168/1407 6107/4171/1407 6105/4169/1406
f 6110/4170/1408 6109/4173/1408 6107/4171/1407
f 6112/4172/1409 6111/4175/1409 6109/4173/1408
f 6114/4174/1410 6113/4177/1410 6111/4175/1409
f 6116/4176/1411 6115/4179/1411 6113/4177/1410
f 6118/4178/1412 6117/4181/1412 6115/4179/1411
f 6120/4180/1413 6119/4183/1413 6117/4181/1412
f 6122/4182/1414 6121/4185/1414 6119/4183/1413
f 6124/4184/1416 6123/4187/1415 6121/4185/1414
f 6126/4186/1418 6125/4189/1417 6123/4187/1415
f 6128/4188/1419 6127/4191/1419 6125/4189/1417
f 6130/4190/1421 6129/4193/1420 6127/4191/1419
f 6132/4192/1422 6131/4195/1422 6129/4193/1420
f 6134/4194/1423 6133/4197/1423 6131/4195/1422
f 6136/4196/1424 6135/4199/1424 6133/4197/1423
f 6138/4198/1425 6137/4201/1425 6135/4199/1424
f 6140/4200/1426 6139/4203/1426 6137/4201/1425
f 6142/4202/1427 6141/4205/1427 6139/4203/1426
f 6144/4204/1428 6143/4207/1428 6141/4205/1427
f 6146/4206/1429 6145/4209/1429 6143/4207/1428
f 6148/4208/496 6147/4211/1430 6145/4209/1429
f 6150/4210/1431 6149/4213/1431 6147/4211/1430
f 6152/4212/1432 6151/4215/1432 6149/4213/1431
f 6154/4214/1433 6153/4216/1433 6151/4215/1432
f 5432/2800/1079 5431/330/1079 6153/4216/1433
f 6158/3409/1435 6157/3411/1435 6155/357/1434
f 6160/3410/1436 6159/3413/1436 6157/3411/1435
f 6162/3412/1437 6161/3415/1437 6159/3413/1436
f 6164/3414/1438 6163/3417/1438 6161/3415/1437
f 6166/3416/1439 6165/3419/1439 6163/3417/1438
f 6168/3418/1440 6167/3421/1440 6165/3419/1439
f 6170/3420/1441 6169/3423/1441 6167/3421/1440
f 6172/3422/1443 6171/3425/1442 6169/3423/1441
f 6174/3424/1445 6173/3426/1444 6171/3425/1442
f 6176/2833/1446 6175/2836/1446 6173/3426/1444
f 6178/3427/1447 6177/3429/1447 6175/2836/1446
f 6180/3428/1448 6179/3431/1448 6177/3429/1447
f 6182/3430/1449 6181/3433/1449 6179/3431/1448
f 6184/3432/1450 6183/3435/1450 6181/3433/1449
f 6186/3434/1451 6185/3437/1451 6183/3435/1450
f 6188/3436/1452 6187/3439/1452 6185/3437/1451
f 6190/3438/1453 6189/3441/1453 6187/3439/1452
f 6192/3440/1454 6191/3443/1454 6189/3441/1453
f 6194/3442/1455 6193/3444/1455 6191/3443/1454
f 6196/2867/1456 6195/2870/1456 6193/3444/1455
f 6198/3445/1457 6197/3447/1457 6195/2870/1456
f 6200/3446/1458 6199/3449/1458 6197/3447/1457
f 6202/3448/1459 6201/3451/1459 6199/3449/1458
f 6204/3450/1460 6203/3452/1460 6201/3451/1459
f 6206/3053/1461 6205/327/1461 6203/3452/1460
f 6208/3453/1462 6207/3455/1462 6205/327/1461
f 6210/3454/1463 6209/3457/1463 6207/3455/1462
f 6212/3456/1464 6211/3459/1464 6209/3457/1463
f 6214/3458/1465 6213/3460/1465 6211/3459/1464
f 6216/2901/1466 6215/2904/1466 6213/3460/1465
f 6218/3461/1468 6217/3463/1467 6215/2904/1466
f 6220/3462/1469 6219/3465/1469 6217/3463/1467
f 6222/3464/1470 6221/3467/1470 6219/3465/1469
f 6224/3466/1471 6223/3469/1471 6221/3467/1470
f 6226/3468/1472 6225/3471/1472 6223/3469/1471
f 6228/3470/1473 6227/3473/1473 6225/3471/1472
f 6230/3472/1474 6229/3475/1474 6227/3473/1473
f 6232/3474/1475 6231/3477/1475 6229/3475/1474
f 6234/3476/1476 6233/3478/1476 6231/3477/1475
f 6236/2935/1477 6235/2938/1477 6233/3478/1476
f 6238/3479/1478 6237/3481/1478 6235/2938/1477
f 6240/3480/1479 6239/3483/1479 6237/3481/1478
f 6242/3482/1480 6241/3485/1480 6239/3483/1479
f 6244/3484/1481 6243/3487/1481 6241/3485/1480
f 6246/3486/1482 6245/3489/1482 6243/3487/1481
f 6248/3488/1483 6247/3491/1483 6245/3489/1482
f 6250/3490/1484 6249/3493/1484 6247/3491/1483
f 6252/3492/1485 6251/3495/1485 6249/3493/1484
f 6254/3494/1486 6253/3496/1486 6251/3495/1485
f 6156/2800/1434 6155/330/1434 6253/3496/1486
f 6258/3139/1488 6257/3140/1488 6255/357/1487
f 6260/1678/1489 6259/1681/1489 6257/3140/1488
f 6262/3141/1490 6261/3142/1490 6259/1681/1489
f 6264/1715/1191 6263/1718/1191 6261/3142/1490
f 6266/3143/1491 6265/3144/1491 6263/1718/1191
f 6268/1753/1492 6267/1756/1492 6265/3144/1491
f 6270/3145/1493 6269/3146/1493 6267/1756/1492
f 6272/1790/1494 6271/1793/1494 6269/3146/1493
f 6274/3147/1495 6273/3148/1495 6271/1793/1494
f 6276/1827/1496 6275/1830/1496 6273/3148/1495
f 6278/3149/1497 6277/3150/1497 6275/1830/1496
f 6280/1865/1498 6279/1868/1498 6277/3150/1497
f 6282/3151/1500 6281/3152/1499 6279/1868/1498
f 6284/1902/1501 6283/1905/1501 6281/3152/1499
f 6286/3153/1502 6285/3154/1502 6283/1905/1501
f 6288/1940/1504 6287/1943/1503 6285/3154/1502
f 6290/3155/1505 6289/3156/1505 6287/1943/1503
f 6292/1977/1504 6291/1980/1504 6289/3156/1505
f 6294/3157/1502 6293/3158/1502 6291/1980/1504
f 6296/2014/1501 6295/2017/1501 6293/3158/1502
f 6298/3159/1500 6297/3160/1499 6295/2017/1501
f 6300/2052/1498 6299/2055/1498 6297/3160/1499
f 6302/3161/1506 6301/3162/1506 6299/2055/1498
f 6304/2089/1507 6303/2092/1507 6301/3162/1506
f 6306/3163/1509 6305/3164/1508 6303/2092/1507
f 6308/2127/1510 6307/2130/1510 6305/3164/1508
f 6310/3165/1511 6309/3166/1511 6307/2130/1510
f 6312/2164/1513 6311/2167/1512 6309/3166/1511
f 6314/3167/1514 6313/3168/1514 6311/2167/1512
f 6316/2201/1515 6315/2204/1515 6313/3168/1514
f 6318/3053/1516 6317/327/1516 6315/2204/1515
f 6320/2239/1517 6319/2242/1517 6317/327/1516
f 6322/3169/1518 6321/3170/1518 6319/2242/1517
f 6324/2276/1519 6323/2279/1519 6321/3170/1518
f 6326/3171/1520 6325/3172/1520 6323/2279/1519
f 6328/2314/1521 6327/2316/1521 6325/3172/1520
f 6330/3173/1522 6329/3174/1522 6327/2316/1521
f 6332/2351/1523 6331/2354/1523 6329/3174/1522
f 6334/3175/1524 6333/3176/1524 6331/2354/1523
f 6336/2388/1525 6335/2391/1525 6333/3176/1524
f 6338/3177/1526 6337/3178/1526 6335/2391/1525
f 6340/2426/1527 6339/2429/1527 6337/3178/1526
f 6342/3179/1528 6341/3180/1528 6339/2429/1527
f 6344/2463/1529 6343/2466/1529 6341/3180/1528
f 6346/3181/1530 6345/3182/1530 6343/2466/1529
f 6348/2500/1532 6347/2503/1531 6345/3182/1530
f 6350/3183/1533 6349/3184/1533 6347/2503/1531
f 6352/2538/1534 6351/2541/1534 6349/3184/1533
f 6354/3185/1535 6353/3186/1535 6351/2541/1534
f 6356/2575/1536 6355/2578/1536 6353/3186/1535
f 6358/3187/1537 6357/3188/1537 6355/2578/1536
f 6360/2613/1538 6359/2616/1538 6357/3188/1537
f 6362/3189/1539 6361/3190/1539 6359/2616/1538
f 6364/2650/1540 6363/2653/1540 6361/3190/1539
f 6366/3191/1541 6365/3192/1541 6363/2653/1540
f 6368/2687/1542 6367/2690/1542 6365/3192/1541
f 6370/3193/1543 6369/3194/1543 6367/2690/1542
f 6372/2725/1544 6371/2728/1544 6369/3194/1543
f 6374/3195/1545 6373/3196/1545 6371/2728/1544
f 6376/2762/1546 6375/2765/1546 6373/3196/1545
f 6378/3197/1547 6377/3198/1547 6375/2765/1546
f 6256/2800/1487 6255/330/1487 6377/3198/1547
f 6382/3409/1549 6381/3411/1549 6379/357/1548
f 6384/3410/1550 6383/3413/1550 6381/3411/1549
f 6386/3412/1552 6385/3415/1551 6383/3413/1550
f 6388/3414/1553 6387/3417/1553 6385/3415/1551
f 6390/3416/1554 6389/3419/1554 6387/3417/1553
f 6392/3418/1555 6391/3421/1555 6389/3419/1554
f 6394/3420/1556 6393/3423/1556 6391/3421/1555
f 6396/3422/1557 6395/3425/1557 6393/3423/1556
f 6398/3424/1558 6397/3426/1558 6395/3425/1557
f 6400/2833/1559 6399/2836/1559 6397/3426/1558
f 6402/3427/1560 6401/3429/1560 6399/2836/1559
f 6404/3428/1561 6403/3431/1561 6401/3429/1560
f 6406/3430/1562 6405/3433/1562 6403/3431/1561
f 6408/3432/1563 6407/3435/1563 6405/3433/1562
f 6410/3434/1565 6409/3437/1564 6407/3435/1563
f 6412/3436/1566 6411/3439/1566 6409/3437/1564
f 6414/3438/1567 6413/3441/1567 6411/3439/1566
f 6416/3440/1568 6415/3443/1568 6413/3441/1567
f 6418/3442/1570 6417/3444/1569 6415/3443/1568
f 6420/2867/1571 6419/2870/1571 6417/3444/1569
f 6422/3445/1572 6421/3447/1572 6419/2870/1571
f 6424/3446/1573 6423/3449/1573 6421/3447/1572
f 6426/3448/1574 6425/3451/1574 6423/3449/1573
f 6428/3450/1575 6427/3452/1575 6425/3451/1574
f 6430/3053/1577 6429/327/1576 6427/3452/1575
f 6432/3453/1579 6431/3455/1578 6429/327/1576
f 6434/3454/1580 6433/3457/1580 6431/3455/1578
f 6436/3456/1582 6435/3459/1581 6433/3457/1580
f 6438/3458/1583 6437/3460/1583 6435/3459/1581
f 6440/2901/1584 6439/2904/1584 6437/3460/1583
f 6442/3461/1585 6441/3463/1585 6439/2904/1584
f 6444/3462/1586 6443/3465/1586 6441/3463/1585
f 6446/3464/1587 6445/3467/1587 6443/3465/1586
f 6448/3466/800 6447/3469/800 6445/3467/1587
f 6450/3468/1165 6449/3471/1165 6447/3469/800
f 6452/3470/1588 6451/3473/1588 6449/3471/1165
f 6454/3472/772 6453/3475/772 6451/3473/1588
f 6456/3474/1589 6455/3477/1589 6453/3475/772
f 6458/3476/1590 6457/3478/1590 6455/3477/1589
f 6460/2935/1591 6459/2938/1591 6457/3478/1590
f 6462/3479/1592 6461/3481/1592 6459/2938/1591
f 6464/3480/1594 6463/3483/1593 6461/3481/1592
f 6466/3482/764 6465/3485/764 6463/3483/1593
f 6468/3484/1595 6467/3487/1595 6465/3485/764
f 6470/3486/1596 6469/3489/1596 6467/3487/1595
f 6472/3488/1597 6471/3491/1597 6469/3489/1596
f 6474/3490/1598 6473/3493/1598 6471/3491/1597
f 6476/3492/1599 6475/3495/1599 6473/3493/1598
f 6478/3494/1600 6477/3496/1600 6475/3495/1599
f 6380/2800/1548 6379/330/1548 6477/3496/1600
f 6482/4217/1601 6481/4219/1601 6479/357/413
f 6484/4218/1602 6483/4221/1602 6481/4219/1601
f 6486/4220/1603 6485/4223/1603 6483/4221/1602
f 6488/4222/1604 6487/4225/1604 6485/4223/1603
f 6490/4224/1605 6489/4227/1605 6487/4225/1604
f 6492/4226/1606 6491/4229/1606 6489/4227/1605
f 6494/4228/1607 6493/4231/1607 6491/4229/1606
f 6496/4230/1608 6495/4233/1608 6493/4231/1607
f 6498/4232/1609 6497/4235/1609 6495/4233/1608
f 6500/4234/1610 6499/4237/1610 6497/4235/1609
f 6502/4236/1611 6501/4239/1611 6499/4237/1610
f 6504/4238/1612 6503/4241/1612 6501/4239/1611
f 6506/4240/1613 6505/4243/1613 6503/4241/1612
f 6508/4242/1614 6507/4245/1614 6505/4243/1613
f 6510/4244/1615 6509/4247/1615 6507/4245/1614
f 6512/4246/1616 6511/4249/1616 6509/4247/1615
f 6514/4248/1617 6513/4251/1617 6511/4249/1616
f 6516/4250/1619 6515/4253/1618 6513/4251/1617
f 6518/4252/1620 6517/4255/1620 6515/4253/1618
f 6520/4254/1621 6519/4257/1621 6517/4255/1620
f 6522/4256/1622 6521/4259/1622 6519/4257/1621
f 6524/4258/1623 6523/4261/1623 6521/4259/1622
f 6526/4260/1624 6525/4263/1624 6523/4261/1623
f 6528/4262/1625 6527/4265/1625 6525/4263/1624
f 6530/4264/1627 6529/4267/1626 6527/4265/1625
f 6532/4266/1628 6531/4269/1628 6529/4267/1626
f 6534/4268/1629 6533/4271/1629 6531/4269/1628
f 6536/4270/1630 6535/4273/1630 6533/4271/1629
f 6538/4272/1631 6537/4275/1631 6535/4273/1630
f 6540/4274/1630 6539/4277/1630 6537/4275/1631
f 6542/4276/1629 6541/4279/1629 6539/4277/1630
f 6544/4278/1628 6543/4281/1628 6541/4279/1629
f 6546/4280/1627 6545/4283/1626 6543/4281/1628
f 6548/4282/1625 6547/4285/1625 6545/4283/1626
f 6550/4284/1632 6549/4287/1632 6547/4285/1625
f 6552/4286/1633 6551/4289/1633 6549/4287/1632
f 6554/4288/1634 6553/4291/1634 6551/4289/1633
f 6556/4290/1635 6555/4293/1635 6553/4291/1634
f 6558/4292/1636 6557/4295/1636 6555/4293/1635
f 6560/4294/1637 6559/4297/1637 6557/4295/1636
f 6562/4296/1638 6561/4299/1638 6559/4297/1637
f 6564/4298/1639 6563/4301/1639 6561/4299/1638
f 6566/4300/1640 6565/4303/1640 6563/4301/1639
f 6568/4302/1641 6567/4305/1641 6565/4303/1640
f 6570/4304/1642 6569/4307/1642 6567/4305/1641
f 6572/4306/1643 6571/4309/1643 6569/4307/1642
f 6574/4308/1644 6573/4311/1644 6571/4309/1643
f 6576/4310/1645 6575/4313/1645 6573/4311/1644
f 6578/4312/1646 6577/4315/1646 6575/4313/1645
f 6580/4314/1647 6579/4317/1647 6577/4315/1646
f 6582/4316/1648 6581/4319/1648 6579/4317/1647
f 6584/4318/1649 6583/4321/1649 6581/4319/1648
f 6586/4320/1650 6585/4323/1650 6583/4321/1649
f 6588/4322/1651 6587/4325/1651 6585/4323/1650
f 6590/4324/1652 6589/4327/1652 6587/4325/1651
f 6592/4326/1653 6591/4329/1653 6589/4327/1652
f 6594/4328/1654 6593/4331/1654 6591/4329/1653
f 6596/4330/1655 6595/4333/1655 6593/4331/1654
f 6598/4332/1657 6597/4335/1656 6595/4333/1655
f 6600/4334/458 6599/4336/458 6597/4335/1656
f 6480/2800/413 6479/330/413 6599/4336/458
