# Blender 4.1.1
# www.blender.org
mtllib Text_1-2.mtl
o -
v -0.250688 -0.030241 -0.113593
v 0.261312 -0.030241 -0.113593
v 0.261312 0.019759 -0.113593
v -0.250688 0.019759 -0.113593
v -0.250688 -0.030241 0.086407
v 0.261312 -0.030241 0.086407
v 0.261312 0.019759 0.086407
v -0.250688 0.019759 0.086407
v -0.250688 -0.030241 0.086407
v -0.250688 -0.030241 -0.113593
v 0.261312 -0.030241 0.086407
v 0.261312 -0.030241 -0.113593
v 0.261312 0.019759 0.086407
v 0.261312 0.019759 -0.113593
v -0.250688 0.019759 0.086407
v -0.250688 0.019759 -0.113593
vn -0.0000 -0.0000 -1.0000
vn -0.0000 -0.0000 1.0000
vn 0.7071 -0.7071 -0.0000
vn -0.7071 -0.7071 -0.0000
vn 0.7071 0.7071 -0.0000
vn -0.7071 0.7071 -0.0000
vt 0.333333 0.000000
vt 1.000000 0.000000
vt 0.666667 0.000000
vt 0.000000 0.000000
vt 0.250000 1.000000
vt 0.000000 1.000000
vt 0.500000 1.000000
vt 0.250000 0.000000
vt 0.750000 1.000000
vt 0.500000 0.000000
vt 1.000000 1.000000
vt 0.750000 0.000000
s 0
usemtl マテリアル.001
f 2/1/1 4/2/1 3/3/1
f 2/1/1 1/4/1 4/2/1
f 6/1/2 7/3/2 8/2/2
f 6/1/2 8/2/2 5/4/2
s 1
f 12/5/3 9/4/4 10/6/4
f 14/7/5 11/8/3 12/5/3
f 16/9/6 13/10/5 14/7/5
f 10/11/4 15/12/6 16/9/6
f 12/5/3 11/8/3 9/4/4
f 14/7/5 13/10/5 11/8/3
f 16/9/6 15/12/6 13/10/5
f 10/11/4 9/2/4 15/12/6
o 1-2
v -0.674233 -0.323827 -0.090320
v -0.668815 -0.323785 -0.090320
v -0.663375 -0.323722 -0.090320
v -0.657920 -0.323643 -0.090320
v -0.652454 -0.323553 -0.090320
v -0.646982 -0.323458 -0.090320
v -0.641511 -0.323363 -0.090320
v -0.636045 -0.323273 -0.090320
v -0.630589 -0.323194 -0.090320
v -0.625150 -0.323131 -0.090320
v -0.619732 -0.323089 -0.090320
v -0.614340 -0.323074 -0.090320
v -0.597084 -0.323051 -0.090320
v -0.579021 -0.322764 -0.090320
v -0.560589 -0.321886 -0.090320
v -0.542229 -0.320087 -0.090320
v -0.524381 -0.317040 -0.090320
v -0.507485 -0.312417 -0.090320
v -0.491982 -0.305890 -0.090320
v -0.478310 -0.297131 -0.090320
v -0.466911 -0.285811 -0.090320
v -0.458223 -0.271604 -0.090320
v -0.452688 -0.254180 -0.090320
v -0.450746 -0.233212 -0.090320
v -0.455430 -0.212056 -0.090320
v -0.468382 -0.191716 -0.090320
v -0.487948 -0.171792 -0.090320
v -0.512474 -0.151884 -0.090320
v -0.540307 -0.131592 -0.090320
v -0.569793 -0.110516 -0.090320
v -0.599280 -0.088256 -0.090320
v -0.627112 -0.064412 -0.090320
v -0.651638 -0.038584 -0.090320
v -0.671204 -0.010371 -0.090320
v -0.684156 0.020626 -0.090320
v -0.688841 0.054806 -0.090320
v -0.688250 0.062404 -0.090320
v -0.686544 0.069438 -0.090320
v -0.683825 0.075892 -0.090320
v -0.680193 0.081745 -0.090320
v -0.675751 0.086980 -0.090320
v -0.670600 0.091577 -0.090320
v -0.664840 0.095518 -0.090320
v -0.658574 0.098784 -0.090320
v -0.651902 0.101357 -0.090320
v -0.644927 0.103218 -0.090320
v -0.637749 0.104349 -0.090320
v -0.630469 0.104730 -0.090320
v -0.617872 0.104170 -0.090320
v -0.605408 0.102625 -0.090320
v -0.593051 0.100289 -0.090320
v -0.580773 0.097362 -0.090320
v -0.568550 0.094040 -0.090320
v -0.556352 0.090521 -0.090320
v -0.544155 0.087001 -0.090320
v -0.531931 0.083679 -0.090320
v -0.519654 0.080752 -0.090320
v -0.507297 0.078417 -0.090320
v -0.494833 0.076871 -0.090320
v -0.482236 0.076312 -0.090320
v -0.478263 0.076562 -0.090320
v -0.474776 0.077290 -0.090320
v -0.471747 0.078460 -0.090320
v -0.469150 0.080038 -0.090320
v -0.466959 0.081990 -0.090320
v -0.465147 0.084280 -0.090320
v -0.463686 0.086875 -0.090320
v -0.462551 0.089738 -0.090320
v -0.461714 0.092837 -0.090320
v -0.461150 0.096135 -0.090320
v -0.460831 0.099599 -0.090320
v -0.460730 0.103193 -0.090320
v -0.460780 0.108630 -0.090320
v -0.460933 0.114170 -0.090320
v -0.461198 0.119791 -0.090320
v -0.461584 0.125467 -0.090320
v -0.462097 0.131175 -0.090320
v -0.462746 0.136892 -0.090320
v -0.463540 0.142592 -0.090320
v -0.464485 0.148252 -0.090320
v -0.465591 0.153849 -0.090320
v -0.466864 0.159357 -0.090320
v -0.468313 0.164753 -0.090320
v -0.469947 0.170014 -0.090320
v -0.476404 0.181473 -0.090320
v -0.486527 0.191348 -0.090320
v -0.499697 0.199752 -0.090320
v -0.515290 0.206795 -0.090320
v -0.532686 0.212590 -0.090320
v -0.551264 0.217249 -0.090320
v -0.570402 0.220884 -0.090320
v -0.589478 0.223607 -0.090320
v -0.607872 0.225529 -0.090320
v -0.624961 0.226764 -0.090320
v -0.640125 0.227423 -0.090320
v -0.652743 0.227617 -0.090320
v -0.677893 0.226240 -0.090320
v -0.702452 0.222170 -0.090320
v -0.726115 0.215497 -0.090320
v -0.748578 0.206311 -0.090320
v -0.769537 0.194704 -0.090320
v -0.788687 0.180766 -0.090320
v -0.805726 0.164589 -0.090320
v -0.820348 0.146261 -0.090320
v -0.832250 0.125875 -0.090320
v -0.841128 0.103521 -0.090320
v -0.846678 0.079289 -0.090320
v -0.848595 0.053270 -0.090320
v -0.845316 0.023222 -0.090320
v -0.836249 -0.005087 -0.090320
v -0.822553 -0.031647 -0.090320
v -0.805385 -0.056447 -0.090320
v -0.785902 -0.079476 -0.090320
v -0.765262 -0.100724 -0.090320
v -0.744621 -0.120179 -0.090320
v -0.725138 -0.137832 -0.090320
v -0.707970 -0.153671 -0.090320
v -0.694274 -0.167686 -0.090320
v -0.685208 -0.179866 -0.090320
v -0.681928 -0.190201 -0.090320
v -0.682765 -0.193186 -0.090320
v -0.685100 -0.195645 -0.090320
v -0.688673 -0.197630 -0.090320
v -0.693222 -0.199190 -0.090320
v -0.698485 -0.200377 -0.090320
v -0.704202 -0.201242 -0.090320
v -0.710111 -0.201834 -0.090320
v -0.715950 -0.202206 -0.090320
v -0.721459 -0.202406 -0.090320
v -0.726376 -0.202487 -0.090320
v -0.730439 -0.202498 -0.090320
v -0.733388 -0.202490 -0.090320
v -0.738749 -0.202430 -0.090320
v -0.744083 -0.202263 -0.090320
v -0.749397 -0.202010 -0.090320
v -0.754694 -0.201694 -0.090320
v -0.759980 -0.201334 -0.090320
v -0.765262 -0.200954 -0.090320
v -0.770543 -0.200574 -0.090320
v -0.775829 -0.200214 -0.090320
v -0.781127 -0.199898 -0.090320
v -0.786440 -0.199645 -0.090320
v -0.791775 -0.199478 -0.090320
v -0.797136 -0.199418 -0.090320
v -0.807637 -0.199580 -0.090320
v -0.816568 -0.200136 -0.090320
v -0.824054 -0.201194 -0.090320
v -0.830219 -0.202860 -0.090320
v -0.835189 -0.205240 -0.090320
v -0.839090 -0.208442 -0.090320
v -0.842048 -0.212572 -0.090320
v -0.844186 -0.217737 -0.090320
v -0.845631 -0.224043 -0.090320
v -0.846508 -0.231598 -0.090320
v -0.846942 -0.240507 -0.090320
v -0.847059 -0.250877 -0.090320
v -0.844689 -0.266672 -0.090320
v -0.838017 -0.280017 -0.090320
v -0.827702 -0.291116 -0.090320
v -0.814403 -0.300175 -0.090320
v -0.798778 -0.307399 -0.090320
v -0.781487 -0.312993 -0.090320
v -0.763187 -0.317164 -0.090320
v -0.744539 -0.320115 -0.090320
v -0.726199 -0.322054 -0.090320
v -0.708828 -0.323184 -0.090320
v -0.693083 -0.323712 -0.090320
v -0.679624 -0.323842 -0.090320
v 0.556084 -0.284271 -0.090320
v 0.557140 -0.286140 -0.090320
v 0.558260 -0.287972 -0.090320
v 0.559444 -0.289763 -0.090320
v 0.560692 -0.291512 -0.090320
v 0.562004 -0.293216 -0.090320
v 0.563380 -0.294872 -0.090320
v 0.564820 -0.296477 -0.090320
v 0.566324 -0.298028 -0.090320
v 0.567892 -0.299524 -0.090320
v 0.569524 -0.300961 -0.090320
v 0.571220 -0.302336 -0.090320
v 0.576528 -0.305911 -0.090320
v 0.582066 -0.308979 -0.090320
v 0.587806 -0.311577 -0.090320
v 0.593721 -0.313743 -0.090320
v 0.599787 -0.315515 -0.090320
v 0.605975 -0.316929 -0.090320
v 0.612259 -0.318024 -0.090320
v 0.618612 -0.318835 -0.090320
v 0.625008 -0.319402 -0.090320
v 0.631420 -0.319760 -0.090320
v 0.637821 -0.319947 -0.090320
v 0.644185 -0.320002 -0.090320
v 0.656905 -0.318513 -0.090320
v 0.667540 -0.314298 -0.090320
v 0.676275 -0.307737 -0.090320
v 0.683299 -0.299207 -0.090320
v 0.688797 -0.289089 -0.090320
v 0.692956 -0.277759 -0.090320
v 0.695964 -0.265597 -0.090320
v 0.698005 -0.252982 -0.090320
v 0.699269 -0.240292 -0.090320
v 0.699940 -0.227907 -0.090320
v 0.700206 -0.216204 -0.090320
v 0.700253 -0.205562 -0.090320
v 0.700252 -0.203435 -0.090320
v 0.700249 -0.201281 -0.090320
v 0.700241 -0.199106 -0.090320
v 0.700224 -0.196915 -0.090320
v 0.700197 -0.194713 -0.090320
v 0.700157 -0.192505 -0.090320
v 0.700100 -0.190298 -0.090320
v 0.700025 -0.188096 -0.090320
v 0.699929 -0.185905 -0.090320
v 0.699808 -0.183730 -0.090320
v 0.699661 -0.181576 -0.090320
v 0.699485 -0.179449 -0.090320
v 0.699147 -0.172329 -0.090320
v 0.698894 -0.165183 -0.090320
v 0.698716 -0.158015 -0.090320
v 0.698603 -0.150832 -0.090320
v 0.698542 -0.143637 -0.090320
v 0.698524 -0.136438 -0.090320
v 0.698539 -0.129238 -0.090320
v 0.698574 -0.122044 -0.090320
v 0.698621 -0.114860 -0.090320
v 0.698667 -0.107693 -0.090320
v 0.698702 -0.100547 -0.090320
v 0.698717 -0.093427 -0.090320
v 0.698687 -0.089779 -0.090320
v 0.698603 -0.086131 -0.090320
v 0.698477 -0.082482 -0.090320
v 0.698318 -0.078834 -0.090320
v 0.698139 -0.075186 -0.090320
v 0.697949 -0.071538 -0.090320
v 0.697758 -0.067889 -0.090320
v 0.697579 -0.064241 -0.090320
v 0.697421 -0.060593 -0.090320
v 0.697294 -0.056945 -0.090320
v 0.697211 -0.053297 -0.090320
v 0.697181 -0.049648 -0.090320
v 0.697241 -0.044073 -0.090320
v 0.697476 -0.037178 -0.090320
v 0.697961 -0.029307 -0.090320
v 0.698774 -0.020804 -0.090320
v 0.699992 -0.012013 -0.090320
v 0.701693 -0.003277 -0.090320
v 0.703954 0.005058 -0.090320
v 0.706852 0.012649 -0.090320
v 0.710465 0.019152 -0.090320
v 0.714871 0.024223 -0.090320
v 0.720145 0.027518 -0.090320
v 0.726366 0.028693 -0.090320
v 0.735034 0.027741 -0.090320
v 0.744056 0.025109 -0.090320
v 0.753308 0.021132 -0.090320
v 0.762664 0.016148 -0.090320
v 0.771998 0.010492 -0.090320
v 0.781186 0.004499 -0.090320
v 0.790102 -0.001493 -0.090320
v 0.798620 -0.007150 -0.090320
v 0.806615 -0.012134 -0.090320
v 0.813963 -0.016110 -0.090320
v 0.820537 -0.018742 -0.090320
v 0.826213 -0.019694 -0.090320
v 0.830831 -0.019202 -0.090320
v 0.834740 -0.017806 -0.090320
v 0.837997 -0.015626 -0.090320
v 0.840663 -0.012782 -0.090320
v 0.842796 -0.009394 -0.090320
v 0.844454 -0.005581 -0.090320
v 0.845696 -0.001465 -0.090320
v 0.846580 0.002835 -0.090320
v 0.847166 0.007199 -0.090320
v 0.847512 0.011508 -0.090320
v 0.847676 0.015640 -0.090320
v 0.847718 0.019476 -0.090320
v 0.847765 0.028380 -0.090320
v 0.847836 0.037394 -0.090320
v 0.847826 0.046466 -0.090320
v 0.847633 0.055546 -0.090320
v 0.847151 0.064583 -0.090320
v 0.846278 0.073528 -0.090320
v 0.844909 0.082328 -0.090320
v 0.842939 0.090933 -0.090320
v 0.840266 0.099293 -0.090320
v 0.836784 0.107357 -0.090320
v 0.832390 0.115075 -0.090320
v 0.826981 0.122395 -0.090320
v 0.817022 0.133364 -0.090320
v 0.805362 0.144611 -0.090320
v 0.792251 0.155901 -0.090320
v 0.777939 0.166998 -0.090320
v 0.762679 0.177669 -0.090320
v 0.746720 0.187679 -0.090320
v 0.730312 0.196792 -0.090320
v 0.713708 0.204775 -0.090320
v 0.697156 0.211392 -0.090320
v 0.680909 0.216410 -0.090320
v 0.665217 0.219592 -0.090320
v 0.650330 0.220705 -0.090320
v 0.643489 0.220647 -0.090320
v 0.636117 0.220431 -0.090320
v 0.628356 0.219997 -0.090320
v 0.620347 0.219283 -0.090320
v 0.612232 0.218227 -0.090320
v 0.604151 0.216769 -0.090320
v 0.596246 0.214846 -0.090320
v 0.588658 0.212399 -0.090320
v 0.581529 0.209364 -0.090320
v 0.575000 0.205682 -0.090320
v 0.569213 0.201290 -0.090320
v 0.564308 0.196127 -0.090320
v 0.555974 0.181928 -0.090320
v 0.549288 0.162984 -0.090320
v 0.544075 0.140216 -0.090320
v 0.540157 0.114544 -0.090320
v 0.537360 0.086887 -0.090320
v 0.535506 0.058167 -0.090320
v 0.534421 0.029302 -0.090320
v 0.533927 0.001214 -0.090320
v 0.533850 -0.025179 -0.090320
v 0.534013 -0.048955 -0.090320
v 0.534239 -0.069195 -0.090320
v 0.534354 -0.084979 -0.090320
v 0.534395 -0.097942 -0.090320
v 0.534557 -0.113094 -0.090320
v 0.534894 -0.129969 -0.090320
v 0.535463 -0.148101 -0.090320
v 0.536321 -0.167022 -0.090320
v 0.537522 -0.186265 -0.090320
v 0.539124 -0.205364 -0.090320
v 0.541181 -0.223853 -0.090320
v 0.543751 -0.241265 -0.090320
v 0.546888 -0.257132 -0.090320
v 0.550650 -0.270988 -0.090320
v 0.555091 -0.282367 -0.090320
v -0.674233 -0.323827 0.109680
v -0.668815 -0.323785 0.109680
v -0.663375 -0.323722 0.109680
v -0.657920 -0.323643 0.109680
v -0.652454 -0.323553 0.109680
v -0.646982 -0.323458 0.109680
v -0.641511 -0.323363 0.109680
v -0.636045 -0.323273 0.109680
v -0.630589 -0.323194 0.109680
v -0.625150 -0.323131 0.109680
v -0.619732 -0.323089 0.109680
v -0.614340 -0.323074 0.109680
v -0.597084 -0.323051 0.109680
v -0.579021 -0.322764 0.109680
v -0.560589 -0.321886 0.109680
v -0.542229 -0.320087 0.109680
v -0.524381 -0.317040 0.109680
v -0.507485 -0.312417 0.109680
v -0.491982 -0.305890 0.109680
v -0.478310 -0.297131 0.109680
v -0.466911 -0.285811 0.109680
v -0.458223 -0.271604 0.109680
v -0.452688 -0.254180 0.109680
v -0.450746 -0.233212 0.109680
v -0.455430 -0.212056 0.109680
v -0.468382 -0.191716 0.109680
v -0.487948 -0.171792 0.109680
v -0.512474 -0.151884 0.109680
v -0.540307 -0.131592 0.109680
v -0.569793 -0.110516 0.109680
v -0.599280 -0.088256 0.109680
v -0.627112 -0.064412 0.109680
v -0.651638 -0.038584 0.109680
v -0.671204 -0.010371 0.109680
v -0.684156 0.020626 0.109680
v -0.688841 0.054806 0.109680
v -0.688250 0.062404 0.109680
v -0.686544 0.069438 0.109680
v -0.683825 0.075892 0.109680
v -0.680193 0.081745 0.109680
v -0.675751 0.086980 0.109680
v -0.670600 0.091577 0.109680
v -0.664840 0.095518 0.109680
v -0.658574 0.098784 0.109680
v -0.651902 0.101357 0.109680
v -0.644927 0.103218 0.109680
v -0.637749 0.104349 0.109680
v -0.630469 0.104730 0.109680
v -0.617872 0.104170 0.109680
v -0.605408 0.102625 0.109680
v -0.593051 0.100289 0.109680
v -0.580773 0.097362 0.109680
v -0.568550 0.094040 0.109680
v -0.556352 0.090521 0.109680
v -0.544155 0.087001 0.109680
v -0.531931 0.083679 0.109680
v -0.519654 0.080752 0.109680
v -0.507297 0.078417 0.109680
v -0.494833 0.076871 0.109680
v -0.482236 0.076312 0.109680
v -0.478263 0.076562 0.109680
v -0.474776 0.077290 0.109680
v -0.471747 0.078460 0.109680
v -0.469150 0.080038 0.109680
v -0.466959 0.081990 0.109680
v -0.465147 0.084280 0.109680
v -0.463686 0.086875 0.109680
v -0.462551 0.089738 0.109680
v -0.461714 0.092837 0.109680
v -0.461150 0.096135 0.109680
v -0.460831 0.099599 0.109680
v -0.460730 0.103193 0.109680
v -0.460780 0.108630 0.109680
v -0.460933 0.114170 0.109680
v -0.461198 0.119791 0.109680
v -0.461584 0.125467 0.109680
v -0.462097 0.131175 0.109680
v -0.462746 0.136892 0.109680
v -0.463540 0.142592 0.109680
v -0.464485 0.148252 0.109680
v -0.465591 0.153849 0.109680
v -0.466864 0.159357 0.109680
v -0.468313 0.164753 0.109680
v -0.469947 0.170014 0.109680
v -0.476404 0.181473 0.109680
v -0.486527 0.191348 0.109680
v -0.499697 0.199752 0.109680
v -0.515290 0.206795 0.109680
v -0.532686 0.212590 0.109680
v -0.551264 0.217249 0.109680
v -0.570402 0.220884 0.109680
v -0.589478 0.223607 0.109680
v -0.607872 0.225529 0.109680
v -0.624961 0.226764 0.109680
v -0.640125 0.227423 0.109680
v -0.652743 0.227617 0.109680
v -0.677893 0.226240 0.109680
v -0.702452 0.222170 0.109680
v -0.726115 0.215497 0.109680
v -0.748578 0.206311 0.109680
v -0.769537 0.194704 0.109680
v -0.788687 0.180766 0.109680
v -0.805726 0.164589 0.109680
v -0.820348 0.146261 0.109680
v -0.832250 0.125875 0.109680
v -0.841128 0.103521 0.109680
v -0.846678 0.079289 0.109680
v -0.848595 0.053270 0.109680
v -0.845316 0.023222 0.109680
v -0.836249 -0.005087 0.109680
v -0.822553 -0.031647 0.109680
v -0.805385 -0.056447 0.109680
v -0.785902 -0.079476 0.109680
v -0.765262 -0.100724 0.109680
v -0.744621 -0.120179 0.109680
v -0.725138 -0.137832 0.109680
v -0.707970 -0.153671 0.109680
v -0.694274 -0.167686 0.109680
v -0.685208 -0.179866 0.109680
v -0.681928 -0.190201 0.109680
v -0.682765 -0.193186 0.109680
v -0.685100 -0.195645 0.109680
v -0.688673 -0.197630 0.109680
v -0.693222 -0.199190 0.109680
v -0.698485 -0.200377 0.109680
v -0.704202 -0.201242 0.109680
v -0.710111 -0.201834 0.109680
v -0.715950 -0.202206 0.109680
v -0.721459 -0.202406 0.109680
v -0.726376 -0.202487 0.109680
v -0.730439 -0.202498 0.109680
v -0.733388 -0.202490 0.109680
v -0.738749 -0.202430 0.109680
v -0.744083 -0.202263 0.109680
v -0.749397 -0.202010 0.109680
v -0.754694 -0.201694 0.109680
v -0.759980 -0.201334 0.109680
v -0.765262 -0.200954 0.109680
v -0.770543 -0.200574 0.109680
v -0.775829 -0.200214 0.109680
v -0.781127 -0.199898 0.109680
v -0.786440 -0.199645 0.109680
v -0.791775 -0.199478 0.109680
v -0.797136 -0.199418 0.109680
v -0.807637 -0.199580 0.109680
v -0.816568 -0.200136 0.109680
v -0.824054 -0.201194 0.109680
v -0.830219 -0.202860 0.109680
v -0.835189 -0.205240 0.109680
v -0.839090 -0.208442 0.109680
v -0.842048 -0.212572 0.109680
v -0.844186 -0.217737 0.109680
v -0.845631 -0.224043 0.109680
v -0.846508 -0.231598 0.109680
v -0.846942 -0.240507 0.109680
v -0.847059 -0.250877 0.109680
v -0.844689 -0.266672 0.109680
v -0.838017 -0.280017 0.109680
v -0.827702 -0.291116 0.109680
v -0.814403 -0.300175 0.109680
v -0.798778 -0.307399 0.109680
v -0.781487 -0.312993 0.109680
v -0.763187 -0.317164 0.109680
v -0.744539 -0.320115 0.109680
v -0.726199 -0.322054 0.109680
v -0.708828 -0.323184 0.109680
v -0.693083 -0.323712 0.109680
v -0.679624 -0.323842 0.109680
v 0.556084 -0.284271 0.109680
v 0.557140 -0.286140 0.109680
v 0.558260 -0.287972 0.109680
v 0.559444 -0.289763 0.109680
v 0.560692 -0.291512 0.109680
v 0.562004 -0.293216 0.109680
v 0.563380 -0.294872 0.109680
v 0.564820 -0.296477 0.109680
v 0.566324 -0.298028 0.109680
v 0.567892 -0.299524 0.109680
v 0.569524 -0.300961 0.109680
v 0.571220 -0.302336 0.109680
v 0.576528 -0.305911 0.109680
v 0.582066 -0.308979 0.109680
v 0.587806 -0.311577 0.109680
v 0.593721 -0.313743 0.109680
v 0.599787 -0.315515 0.109680
v 0.605975 -0.316929 0.109680
v 0.612259 -0.318024 0.109680
v 0.618612 -0.318835 0.109680
v 0.625008 -0.319402 0.109680
v 0.631420 -0.319760 0.109680
v 0.637821 -0.319947 0.109680
v 0.644185 -0.320002 0.109680
v 0.656905 -0.318513 0.109680
v 0.667540 -0.314298 0.109680
v 0.676275 -0.307737 0.109680
v 0.683299 -0.299207 0.109680
v 0.688797 -0.289089 0.109680
v 0.692956 -0.277759 0.109680
v 0.695964 -0.265597 0.109680
v 0.698005 -0.252982 0.109680
v 0.699269 -0.240292 0.109680
v 0.699940 -0.227907 0.109680
v 0.700206 -0.216204 0.109680
v 0.700253 -0.205562 0.109680
v 0.700252 -0.203435 0.109680
v 0.700249 -0.201281 0.109680
v 0.700241 -0.199106 0.109680
v 0.700224 -0.196915 0.109680
v 0.700197 -0.194713 0.109680
v 0.700157 -0.192505 0.109680
v 0.700100 -0.190298 0.109680
v 0.700025 -0.188096 0.109680
v 0.699929 -0.185905 0.109680
v 0.699808 -0.183730 0.109680
v 0.699661 -0.181576 0.109680
v 0.699485 -0.179449 0.109680
v 0.699147 -0.172329 0.109680
v 0.698894 -0.165183 0.109680
v 0.698716 -0.158015 0.109680
v 0.698603 -0.150832 0.109680
v 0.698542 -0.143637 0.109680
v 0.698524 -0.136438 0.109680
v 0.698539 -0.129238 0.109680
v 0.698574 -0.122044 0.109680
v 0.698621 -0.114860 0.109680
v 0.698667 -0.107693 0.109680
v 0.698702 -0.100547 0.109680
v 0.698717 -0.093427 0.109680
v 0.698687 -0.089779 0.109680
v 0.698603 -0.086131 0.109680
v 0.698477 -0.082482 0.109680
v 0.698318 -0.078834 0.109680
v 0.698139 -0.075186 0.109680
v 0.697949 -0.071538 0.109680
v 0.697758 -0.067889 0.109680
v 0.697579 -0.064241 0.109680
v 0.697421 -0.060593 0.109680
v 0.697294 -0.056945 0.109680
v 0.697211 -0.053297 0.109680
v 0.697181 -0.049648 0.109680
v 0.697241 -0.044073 0.109680
v 0.697476 -0.037178 0.109680
v 0.697961 -0.029307 0.109680
v 0.698774 -0.020804 0.109680
v 0.699992 -0.012013 0.109680
v 0.701693 -0.003277 0.109680
v 0.703954 0.005058 0.109680
v 0.706852 0.012649 0.109680
v 0.710465 0.019152 0.109680
v 0.714871 0.024223 0.109680
v 0.720145 0.027518 0.109680
v 0.726366 0.028693 0.109680
v 0.735034 0.027741 0.109680
v 0.744056 0.025109 0.109680
v 0.753308 0.021132 0.109680
v 0.762664 0.016148 0.109680
v 0.771998 0.010492 0.109680
v 0.781186 0.004499 0.109680
v 0.790102 -0.001493 0.109680
v 0.798620 -0.007150 0.109680
v 0.806615 -0.012134 0.109680
v 0.813963 -0.016110 0.109680
v 0.820537 -0.018742 0.109680
v 0.826213 -0.019694 0.109680
v 0.830831 -0.019202 0.109680
v 0.834740 -0.017806 0.109680
v 0.837997 -0.015626 0.109680
v 0.840663 -0.012782 0.109680
v 0.842796 -0.009394 0.109680
v 0.844454 -0.005581 0.109680
v 0.845696 -0.001465 0.109680
v 0.846580 0.002835 0.109680
v 0.847166 0.007199 0.109680
v 0.847512 0.011508 0.109680
v 0.847676 0.015640 0.109680
v 0.847718 0.019476 0.109680
v 0.847765 0.028380 0.109680
v 0.847836 0.037394 0.109680
v 0.847826 0.046466 0.109680
v 0.847633 0.055546 0.109680
v 0.847151 0.064583 0.109680
v 0.846278 0.073528 0.109680
v 0.844909 0.082328 0.109680
v 0.842939 0.090933 0.109680
v 0.840266 0.099293 0.109680
v 0.836784 0.107357 0.109680
v 0.832390 0.115075 0.109680
v 0.826981 0.122395 0.109680
v 0.817022 0.133364 0.109680
v 0.805362 0.144611 0.109680
v 0.792251 0.155901 0.109680
v 0.777939 0.166998 0.109680
v 0.762679 0.177669 0.109680
v 0.746720 0.187679 0.109680
v 0.730312 0.196792 0.109680
v 0.713708 0.204775 0.109680
v 0.697156 0.211392 0.109680
v 0.680909 0.216410 0.109680
v 0.665217 0.219592 0.109680
v 0.650330 0.220705 0.109680
v 0.643489 0.220647 0.109680
v 0.636117 0.220431 0.109680
v 0.628356 0.219997 0.109680
v 0.620347 0.219283 0.109680
v 0.612232 0.218227 0.109680
v 0.604151 0.216769 0.109680
v 0.596246 0.214846 0.109680
v 0.588658 0.212399 0.109680
v 0.581529 0.209364 0.109680
v 0.575000 0.205682 0.109680
v 0.569213 0.201290 0.109680
v 0.564308 0.196127 0.109680
v 0.555974 0.181928 0.109680
v 0.549288 0.162984 0.109680
v 0.544075 0.140216 0.109680
v 0.540157 0.114544 0.109680
v 0.537360 0.086887 0.109680
v 0.535506 0.058167 0.109680
v 0.534421 0.029302 0.109680
v 0.533927 0.001214 0.109680
v 0.533850 -0.025179 0.109680
v 0.534013 -0.048955 0.109680
v 0.534239 -0.069195 0.109680
v 0.534354 -0.084979 0.109680
v 0.534395 -0.097942 0.109680
v 0.534557 -0.113094 0.109680
v 0.534894 -0.129969 0.109680
v 0.535463 -0.148101 0.109680
v 0.536321 -0.167022 0.109680
v 0.537522 -0.186265 0.109680
v 0.539124 -0.205364 0.109680
v 0.541181 -0.223853 0.109680
v 0.543751 -0.241265 0.109680
v 0.546888 -0.257132 0.109680
v 0.550650 -0.270988 0.109680
v 0.555091 -0.282367 0.109680
v 0.556084 -0.284271 0.109680
v 0.556084 -0.284271 -0.090320
v 0.557140 -0.286140 0.109680
v 0.557140 -0.286140 -0.090320
v 0.558260 -0.287972 0.109680
v 0.558260 -0.287972 -0.090320
v 0.559444 -0.289763 0.109680
v 0.559444 -0.289763 -0.090320
v 0.560692 -0.291512 0.109680
v 0.560692 -0.291512 -0.090320
v 0.562004 -0.293216 0.109680
v 0.562004 -0.293216 -0.090320
v 0.563380 -0.294872 0.109680
v 0.563380 -0.294872 -0.090320
v 0.564820 -0.296477 0.109680
v 0.564820 -0.296477 -0.090320
v 0.566324 -0.298028 0.109680
v 0.566324 -0.298028 -0.090320
v 0.567892 -0.299524 0.109680
v 0.567892 -0.299524 -0.090320
v 0.569524 -0.300961 0.109680
v 0.569524 -0.300961 -0.090320
v 0.571220 -0.302336 0.109680
v 0.571220 -0.302336 -0.090320
v 0.576528 -0.305911 0.109680
v 0.576528 -0.305911 -0.090320
v 0.582066 -0.308979 0.109680
v 0.582066 -0.308979 -0.090320
v 0.587806 -0.311577 0.109680
v 0.587806 -0.311577 -0.090320
v 0.593721 -0.313743 0.109680
v 0.593721 -0.313743 -0.090320
v 0.599787 -0.315515 0.109680
v 0.599787 -0.315515 -0.090320
v 0.605975 -0.316929 0.109680
v 0.605975 -0.316929 -0.090320
v 0.612259 -0.318024 0.109680
v 0.612259 -0.318024 -0.090320
v 0.618612 -0.318835 0.109680
v 0.618612 -0.318835 -0.090320
v 0.625008 -0.319402 0.109680
v 0.625008 -0.319402 -0.090320
v 0.631420 -0.319760 0.109680
v 0.631420 -0.319760 -0.090320
v 0.637821 -0.319947 0.109680
v 0.637821 -0.319947 -0.090320
v 0.644185 -0.320002 0.109680
v 0.644185 -0.320002 -0.090320
v 0.656905 -0.318513 0.109680
v 0.656905 -0.318513 -0.090320
v 0.667540 -0.314298 0.109680
v 0.667540 -0.314298 -0.090320
v 0.676275 -0.307737 0.109680
v 0.676275 -0.307737 -0.090320
v 0.683299 -0.299207 0.109680
v 0.683299 -0.299207 -0.090320
v 0.688797 -0.289089 0.109680
v 0.688797 -0.289089 -0.090320
v 0.692956 -0.277759 0.109680
v 0.692956 -0.277759 -0.090320
v 0.695964 -0.265597 0.109680
v 0.695964 -0.265597 -0.090320
v 0.698005 -0.252982 0.109680
v 0.698005 -0.252982 -0.090320
v 0.699269 -0.240292 0.109680
v 0.699269 -0.240292 -0.090320
v 0.699940 -0.227907 0.109680
v 0.699940 -0.227907 -0.090320
v 0.700206 -0.216204 0.109680
v 0.700206 -0.216204 -0.090320
v 0.700253 -0.205562 0.109680
v 0.700253 -0.205562 -0.090320
v 0.700252 -0.203435 0.109680
v 0.700252 -0.203435 -0.090320
v 0.700249 -0.201281 0.109680
v 0.700249 -0.201281 -0.090320
v 0.700241 -0.199106 0.109680
v 0.700241 -0.199106 -0.090320
v 0.700224 -0.196915 0.109680
v 0.700224 -0.196915 -0.090320
v 0.700197 -0.194713 0.109680
v 0.700197 -0.194713 -0.090320
v 0.700157 -0.192505 0.109680
v 0.700157 -0.192505 -0.090320
v 0.700100 -0.190298 0.109680
v 0.700100 -0.190298 -0.090320
v 0.700025 -0.188096 0.109680
v 0.700025 -0.188096 -0.090320
v 0.699929 -0.185905 0.109680
v 0.699929 -0.185905 -0.090320
v 0.699808 -0.183730 0.109680
v 0.699808 -0.183730 -0.090320
v 0.699661 -0.181576 0.109680
v 0.699661 -0.181576 -0.090320
v 0.699485 -0.179449 0.109680
v 0.699485 -0.179449 -0.090320
v 0.699147 -0.172329 0.109680
v 0.699147 -0.172329 -0.090320
v 0.698894 -0.165183 0.109680
v 0.698894 -0.165183 -0.090320
v 0.698716 -0.158015 0.109680
v 0.698716 -0.158015 -0.090320
v 0.698603 -0.150832 0.109680
v 0.698603 -0.150832 -0.090320
v 0.698542 -0.143637 0.109680
v 0.698542 -0.143637 -0.090320
v 0.698524 -0.136438 0.109680
v 0.698524 -0.136438 -0.090320
v 0.698539 -0.129238 0.109680
v 0.698539 -0.129238 -0.090320
v 0.698574 -0.122044 0.109680
v 0.698574 -0.122044 -0.090320
v 0.698621 -0.114860 0.109680
v 0.698621 -0.114860 -0.090320
v 0.698667 -0.107693 0.109680
v 0.698667 -0.107693 -0.090320
v 0.698702 -0.100547 0.109680
v 0.698702 -0.100547 -0.090320
v 0.698717 -0.093427 0.109680
v 0.698717 -0.093427 -0.090320
v 0.698687 -0.089779 0.109680
v 0.698687 -0.089779 -0.090320
v 0.698603 -0.086131 0.109680
v 0.698603 -0.086131 -0.090320
v 0.698477 -0.082482 0.109680
v 0.698477 -0.082482 -0.090320
v 0.698318 -0.078834 0.109680
v 0.698318 -0.078834 -0.090320
v 0.698139 -0.075186 0.109680
v 0.698139 -0.075186 -0.090320
v 0.697949 -0.071538 0.109680
v 0.697949 -0.071538 -0.090320
v 0.697758 -0.067889 0.109680
v 0.697758 -0.067889 -0.090320
v 0.697579 -0.064241 0.109680
v 0.697579 -0.064241 -0.090320
v 0.697421 -0.060593 0.109680
v 0.697421 -0.060593 -0.090320
v 0.697294 -0.056945 0.109680
v 0.697294 -0.056945 -0.090320
v 0.697211 -0.053297 0.109680
v 0.697211 -0.053297 -0.090320
v 0.697181 -0.049648 0.109680
v 0.697181 -0.049648 -0.090320
v 0.697241 -0.044073 0.109680
v 0.697241 -0.044073 -0.090320
v 0.697476 -0.037178 0.109680
v 0.697476 -0.037178 -0.090320
v 0.697961 -0.029307 0.109680
v 0.697961 -0.029307 -0.090320
v 0.698774 -0.020804 0.109680
v 0.698774 -0.020804 -0.090320
v 0.699992 -0.012013 0.109680
v 0.699992 -0.012013 -0.090320
v 0.701693 -0.003277 0.109680
v 0.701693 -0.003277 -0.090320
v 0.703954 0.005058 0.109680
v 0.703954 0.005058 -0.090320
v 0.706852 0.012649 0.109680
v 0.706852 0.012649 -0.090320
v 0.710465 0.019152 0.109680
v 0.710465 0.019152 -0.090320
v 0.714871 0.024223 0.109680
v 0.714871 0.024223 -0.090320
v 0.720145 0.027518 0.109680
v 0.720145 0.027518 -0.090320
v 0.726366 0.028693 0.109680
v 0.726366 0.028693 -0.090320
v 0.735034 0.027741 0.109680
v 0.735034 0.027741 -0.090320
v 0.744056 0.025109 0.109680
v 0.744056 0.025109 -0.090320
v 0.753308 0.021132 0.109680
v 0.753308 0.021132 -0.090320
v 0.762664 0.016148 0.109680
v 0.762664 0.016148 -0.090320
v 0.771998 0.010492 0.109680
v 0.771998 0.010492 -0.090320
v 0.781186 0.004499 0.109680
v 0.781186 0.004499 -0.090320
v 0.790102 -0.001493 0.109680
v 0.790102 -0.001493 -0.090320
v 0.798620 -0.007150 0.109680
v 0.798620 -0.007150 -0.090320
v 0.806615 -0.012134 0.109680
v 0.806615 -0.012134 -0.090320
v 0.813963 -0.016110 0.109680
v 0.813963 -0.016110 -0.090320
v 0.820537 -0.018742 0.109680
v 0.820537 -0.018742 -0.090320
v 0.826213 -0.019694 0.109680
v 0.826213 -0.019694 -0.090320
v 0.830831 -0.019202 0.109680
v 0.830831 -0.019202 -0.090320
v 0.834740 -0.017806 0.109680
v 0.834740 -0.017806 -0.090320
v 0.837997 -0.015626 0.109680
v 0.837997 -0.015626 -0.090320
v 0.840663 -0.012782 0.109680
v 0.840663 -0.012782 -0.090320
v 0.842796 -0.009394 0.109680
v 0.842796 -0.009394 -0.090320
v 0.844454 -0.005581 0.109680
v 0.844454 -0.005581 -0.090320
v 0.845696 -0.001465 0.109680
v 0.845696 -0.001465 -0.090320
v 0.846580 0.002835 0.109680
v 0.846580 0.002835 -0.090320
v 0.847166 0.007199 0.109680
v 0.847166 0.007199 -0.090320
v 0.847512 0.011508 0.109680
v 0.847512 0.011508 -0.090320
v 0.847676 0.015640 0.109680
v 0.847676 0.015640 -0.090320
v 0.847718 0.019476 0.109680
v 0.847718 0.019476 -0.090320
v 0.847765 0.028380 0.109680
v 0.847765 0.028380 -0.090320
v 0.847836 0.037394 0.109680
v 0.847836 0.037394 -0.090320
v 0.847826 0.046466 0.109680
v 0.847826 0.046466 -0.090320
v 0.847633 0.055546 0.109680
v 0.847633 0.055546 -0.090320
v 0.847151 0.064583 0.109680
v 0.847151 0.064583 -0.090320
v 0.846278 0.073528 0.109680
v 0.846278 0.073528 -0.090320
v 0.844909 0.082328 0.109680
v 0.844909 0.082328 -0.090320
v 0.842939 0.090933 0.109680
v 0.842939 0.090933 -0.090320
v 0.840266 0.099293 0.109680
v 0.840266 0.099293 -0.090320
v 0.836784 0.107357 0.109680
v 0.836784 0.107357 -0.090320
v 0.832390 0.115075 0.109680
v 0.832390 0.115075 -0.090320
v 0.826981 0.122395 0.109680
v 0.826981 0.122395 -0.090320
v 0.817022 0.133364 0.109680
v 0.817022 0.133364 -0.090320
v 0.805362 0.144611 0.109680
v 0.805362 0.144611 -0.090320
v 0.792251 0.155901 0.109680
v 0.792251 0.155901 -0.090320
v 0.777939 0.166998 0.109680
v 0.777939 0.166998 -0.090320
v 0.762679 0.177669 0.109680
v 0.762679 0.177669 -0.090320
v 0.746720 0.187679 0.109680
v 0.746720 0.187679 -0.090320
v 0.730312 0.196792 0.109680
v 0.730312 0.196792 -0.090320
v 0.713708 0.204775 0.109680
v 0.713708 0.204775 -0.090320
v 0.697156 0.211392 0.109680
v 0.697156 0.211392 -0.090320
v 0.680909 0.216410 0.109680
v 0.680909 0.216410 -0.090320
v 0.665217 0.219592 0.109680
v 0.665217 0.219592 -0.090320
v 0.650330 0.220705 0.109680
v 0.650330 0.220705 -0.090320
v 0.643489 0.220647 0.109680
v 0.643489 0.220647 -0.090320
v 0.636117 0.220431 0.109680
v 0.636117 0.220431 -0.090320
v 0.628356 0.219997 0.109680
v 0.628356 0.219997 -0.090320
v 0.620347 0.219283 0.109680
v 0.620347 0.219283 -0.090320
v 0.612232 0.218227 0.109680
v 0.612232 0.218227 -0.090320
v 0.604151 0.216769 0.109680
v 0.604151 0.216769 -0.090320
v 0.596246 0.214846 0.109680
v 0.596246 0.214846 -0.090320
v 0.588658 0.212399 0.109680
v 0.588658 0.212399 -0.090320
v 0.581529 0.209364 0.109680
v 0.581529 0.209364 -0.090320
v 0.575000 0.205682 0.109680
v 0.575000 0.205682 -0.090320
v 0.569213 0.201290 0.109680
v 0.569213 0.201290 -0.090320
v 0.564308 0.196127 0.109680
v 0.564308 0.196127 -0.090320
v 0.555974 0.181928 0.109680
v 0.555974 0.181928 -0.090320
v 0.549288 0.162984 0.109680
v 0.549288 0.162984 -0.090320
v 0.544075 0.140216 0.109680
v 0.544075 0.140216 -0.090320
v 0.540157 0.114544 0.109680
v 0.540157 0.114544 -0.090320
v 0.537360 0.086887 0.109680
v 0.537360 0.086887 -0.090320
v 0.535506 0.058167 0.109680
v 0.535506 0.058167 -0.090320
v 0.534421 0.029302 0.109680
v 0.534421 0.029302 -0.090320
v 0.533927 0.001214 0.109680
v 0.533927 0.001214 -0.090320
v 0.533850 -0.025179 0.109680
v 0.533850 -0.025179 -0.090320
v 0.534013 -0.048955 0.109680
v 0.534013 -0.048955 -0.090320
v 0.534239 -0.069195 0.109680
v 0.534239 -0.069195 -0.090320
v 0.534354 -0.084979 0.109680
v 0.534354 -0.084979 -0.090320
v 0.534395 -0.097942 0.109680
v 0.534395 -0.097942 -0.090320
v 0.534557 -0.113094 0.109680
v 0.534557 -0.113094 -0.090320
v 0.534894 -0.129969 0.109680
v 0.534894 -0.129969 -0.090320
v 0.535463 -0.148101 0.109680
v 0.535463 -0.148101 -0.090320
v 0.536321 -0.167022 0.109680
v 0.536321 -0.167022 -0.090320
v 0.537522 -0.186265 0.109680
v 0.537522 -0.186265 -0.090320
v 0.539124 -0.205364 0.109680
v 0.539124 -0.205364 -0.090320
v 0.541181 -0.223853 0.109680
v 0.541181 -0.223853 -0.090320
v 0.543751 -0.241265 0.109680
v 0.543751 -0.241265 -0.090320
v 0.546888 -0.257132 0.109680
v 0.546888 -0.257132 -0.090320
v 0.550650 -0.270988 0.109680
v 0.550650 -0.270988 -0.090320
v 0.555091 -0.282367 0.109680
v 0.555091 -0.282367 -0.090320
v -0.674233 -0.323827 0.109680
v -0.674233 -0.323827 -0.090320
v -0.668815 -0.323785 0.109680
v -0.668815 -0.323785 -0.090320
v -0.663375 -0.323722 0.109680
v -0.663375 -0.323722 -0.090320
v -0.657920 -0.323643 0.109680
v -0.657920 -0.323643 -0.090320
v -0.652454 -0.323553 0.109680
v -0.652454 -0.323553 -0.090320
v -0.646982 -0.323458 0.109680
v -0.646982 -0.323458 -0.090320
v -0.641511 -0.323363 0.109680
v -0.641511 -0.323363 -0.090320
v -0.636045 -0.323273 0.109680
v -0.636045 -0.323273 -0.090320
v -0.630589 -0.323194 0.109680
v -0.630589 -0.323194 -0.090320
v -0.625150 -0.323131 0.109680
v -0.625150 -0.323131 -0.090320
v -0.619732 -0.323089 0.109680
v -0.619732 -0.323089 -0.090320
v -0.614340 -0.323074 0.109680
v -0.614340 -0.323074 -0.090320
v -0.597084 -0.323051 0.109680
v -0.597084 -0.323051 -0.090320
v -0.579021 -0.322764 0.109680
v -0.579021 -0.322764 -0.090320
v -0.560589 -0.321886 0.109680
v -0.560589 -0.321886 -0.090320
v -0.542229 -0.320087 0.109680
v -0.542229 -0.320087 -0.090320
v -0.524381 -0.317040 0.109680
v -0.524381 -0.317040 -0.090320
v -0.507485 -0.312417 0.109680
v -0.507485 -0.312417 -0.090320
v -0.491982 -0.305890 0.109680
v -0.491982 -0.305890 -0.090320
v -0.478310 -0.297131 0.109680
v -0.478310 -0.297131 -0.090320
v -0.466911 -0.285811 0.109680
v -0.466911 -0.285811 -0.090320
v -0.458223 -0.271604 0.109680
v -0.458223 -0.271604 -0.090320
v -0.452688 -0.254180 0.109680
v -0.452688 -0.254180 -0.090320
v -0.450746 -0.233212 0.109680
v -0.450746 -0.233212 -0.090320
v -0.455430 -0.212056 0.109680
v -0.455430 -0.212056 -0.090320
v -0.468382 -0.191716 0.109680
v -0.468382 -0.191716 -0.090320
v -0.487948 -0.171792 0.109680
v -0.487948 -0.171792 -0.090320
v -0.512474 -0.151884 0.109680
v -0.512474 -0.151884 -0.090320
v -0.540307 -0.131592 0.109680
v -0.540307 -0.131592 -0.090320
v -0.569793 -0.110516 0.109680
v -0.569793 -0.110516 -0.090320
v -0.599280 -0.088256 0.109680
v -0.599280 -0.088256 -0.090320
v -0.627112 -0.064412 0.109680
v -0.627112 -0.064412 -0.090320
v -0.651638 -0.038584 0.109680
v -0.651638 -0.038584 -0.090320
v -0.671204 -0.010371 0.109680
v -0.671204 -0.010371 -0.090320
v -0.684156 0.020626 0.109680
v -0.684156 0.020626 -0.090320
v -0.688841 0.054806 0.109680
v -0.688841 0.054806 -0.090320
v -0.688250 0.062404 0.109680
v -0.688250 0.062404 -0.090320
v -0.686544 0.069438 0.109680
v -0.686544 0.069438 -0.090320
v -0.683825 0.075892 0.109680
v -0.683825 0.075892 -0.090320
v -0.680193 0.081745 0.109680
v -0.680193 0.081745 -0.090320
v -0.675751 0.086980 0.109680
v -0.675751 0.086980 -0.090320
v -0.670600 0.091577 0.109680
v -0.670600 0.091577 -0.090320
v -0.664840 0.095518 0.109680
v -0.664840 0.095518 -0.090320
v -0.658574 0.098784 0.109680
v -0.658574 0.098784 -0.090320
v -0.651902 0.101357 0.109680
v -0.651902 0.101357 -0.090320
v -0.644927 0.103218 0.109680
v -0.644927 0.103218 -0.090320
v -0.637749 0.104349 0.109680
v -0.637749 0.104349 -0.090320
v -0.630469 0.104730 0.109680
v -0.630469 0.104730 -0.090320
v -0.617872 0.104170 0.109680
v -0.617872 0.104170 -0.090320
v -0.605408 0.102625 0.109680
v -0.605408 0.102625 -0.090320
v -0.593051 0.100289 0.109680
v -0.593051 0.100289 -0.090320
v -0.580773 0.097362 0.109680
v -0.580773 0.097362 -0.090320
v -0.568550 0.094040 0.109680
v -0.568550 0.094040 -0.090320
v -0.556352 0.090521 0.109680
v -0.556352 0.090521 -0.090320
v -0.544155 0.087001 0.109680
v -0.544155 0.087001 -0.090320
v -0.531931 0.083679 0.109680
v -0.531931 0.083679 -0.090320
v -0.519654 0.080752 0.109680
v -0.519654 0.080752 -0.090320
v -0.507297 0.078417 0.109680
v -0.507297 0.078417 -0.090320
v -0.494833 0.076871 0.109680
v -0.494833 0.076871 -0.090320
v -0.482236 0.076312 0.109680
v -0.482236 0.076312 -0.090320
v -0.478263 0.076562 0.109680
v -0.478263 0.076562 -0.090320
v -0.474776 0.077290 0.109680
v -0.474776 0.077290 -0.090320
v -0.471747 0.078460 0.109680
v -0.471747 0.078460 -0.090320
v -0.469150 0.080038 0.109680
v -0.469150 0.080038 -0.090320
v -0.466959 0.081990 0.109680
v -0.466959 0.081990 -0.090320
v -0.465147 0.084280 0.109680
v -0.465147 0.084280 -0.090320
v -0.463686 0.086875 0.109680
v -0.463686 0.086875 -0.090320
v -0.462551 0.089738 0.109680
v -0.462551 0.089738 -0.090320
v -0.461714 0.092837 0.109680
v -0.461714 0.092837 -0.090320
v -0.461150 0.096135 0.109680
v -0.461150 0.096135 -0.090320
v -0.460831 0.099599 0.109680
v -0.460831 0.099599 -0.090320
v -0.460730 0.103193 0.109680
v -0.460730 0.103193 -0.090320
v -0.460780 0.108630 0.109680
v -0.460780 0.108630 -0.090320
v -0.460933 0.114170 0.109680
v -0.460933 0.114170 -0.090320
v -0.461198 0.119791 0.109680
v -0.461198 0.119791 -0.090320
v -0.461584 0.125467 0.109680
v -0.461584 0.125467 -0.090320
v -0.462097 0.131175 0.109680
v -0.462097 0.131175 -0.090320
v -0.462746 0.136892 0.109680
v -0.462746 0.136892 -0.090320
v -0.463540 0.142592 0.109680
v -0.463540 0.142592 -0.090320
v -0.464485 0.148252 0.109680
v -0.464485 0.148252 -0.090320
v -0.465591 0.153849 0.109680
v -0.465591 0.153849 -0.090320
v -0.466864 0.159357 0.109680
v -0.466864 0.159357 -0.090320
v -0.468313 0.164753 0.109680
v -0.468313 0.164753 -0.090320
v -0.469947 0.170014 0.109680
v -0.469947 0.170014 -0.090320
v -0.476404 0.181473 0.109680
v -0.476404 0.181473 -0.090320
v -0.486527 0.191348 0.109680
v -0.486527 0.191348 -0.090320
v -0.499697 0.199752 0.109680
v -0.499697 0.199752 -0.090320
v -0.515290 0.206795 0.109680
v -0.515290 0.206795 -0.090320
v -0.532686 0.212590 0.109680
v -0.532686 0.212590 -0.090320
v -0.551264 0.217249 0.109680
v -0.551264 0.217249 -0.090320
v -0.570402 0.220884 0.109680
v -0.570402 0.220884 -0.090320
v -0.589478 0.223607 0.109680
v -0.589478 0.223607 -0.090320
v -0.607872 0.225529 0.109680
v -0.607872 0.225529 -0.090320
v -0.624961 0.226764 0.109680
v -0.624961 0.226764 -0.090320
v -0.640125 0.227423 0.109680
v -0.640125 0.227423 -0.090320
v -0.652743 0.227617 0.109680
v -0.652743 0.227617 -0.090320
v -0.677893 0.226240 0.109680
v -0.677893 0.226240 -0.090320
v -0.702452 0.222170 0.109680
v -0.702452 0.222170 -0.090320
v -0.726115 0.215497 0.109680
v -0.726115 0.215497 -0.090320
v -0.748578 0.206311 0.109680
v -0.748578 0.206311 -0.090320
v -0.769537 0.194704 0.109680
v -0.769537 0.194704 -0.090320
v -0.788687 0.180766 0.109680
v -0.788687 0.180766 -0.090320
v -0.805726 0.164589 0.109680
v -0.805726 0.164589 -0.090320
v -0.820348 0.146261 0.109680
v -0.820348 0.146261 -0.090320
v -0.832250 0.125875 0.109680
v -0.832250 0.125875 -0.090320
v -0.841128 0.103521 0.109680
v -0.841128 0.103521 -0.090320
v -0.846678 0.079289 0.109680
v -0.846678 0.079289 -0.090320
v -0.848595 0.053270 0.109680
v -0.848595 0.053270 -0.090320
v -0.845316 0.023222 0.109680
v -0.845316 0.023222 -0.090320
v -0.836249 -0.005087 0.109680
v -0.836249 -0.005087 -0.090320
v -0.822553 -0.031647 0.109680
v -0.822553 -0.031647 -0.090320
v -0.805385 -0.056447 0.109680
v -0.805385 -0.056447 -0.090320
v -0.785902 -0.079476 0.109680
v -0.785902 -0.079476 -0.090320
v -0.765262 -0.100724 0.109680
v -0.765262 -0.100724 -0.090320
v -0.744621 -0.120179 0.109680
v -0.744621 -0.120179 -0.090320
v -0.725138 -0.137832 0.109680
v -0.725138 -0.137832 -0.090320
v -0.707970 -0.153671 0.109680
v -0.707970 -0.153671 -0.090320
v -0.694274 -0.167686 0.109680
v -0.694274 -0.167686 -0.090320
v -0.685208 -0.179866 0.109680
v -0.685208 -0.179866 -0.090320
v -0.681928 -0.190201 0.109680
v -0.681928 -0.190201 -0.090320
v -0.682765 -0.193186 0.109680
v -0.682765 -0.193186 -0.090320
v -0.685100 -0.195645 0.109680
v -0.685100 -0.195645 -0.090320
v -0.688673 -0.197630 0.109680
v -0.688673 -0.197630 -0.090320
v -0.693222 -0.199190 0.109680
v -0.693222 -0.199190 -0.090320
v -0.698485 -0.200377 0.109680
v -0.698485 -0.200377 -0.090320
v -0.704202 -0.201242 0.109680
v -0.704202 -0.201242 -0.090320
v -0.710111 -0.201834 0.109680
v -0.710111 -0.201834 -0.090320
v -0.715950 -0.202206 0.109680
v -0.715950 -0.202206 -0.090320
v -0.721459 -0.202406 0.109680
v -0.721459 -0.202406 -0.090320
v -0.726376 -0.202487 0.109680
v -0.726376 -0.202487 -0.090320
v -0.730439 -0.202498 0.109680
v -0.730439 -0.202498 -0.090320
v -0.733388 -0.202490 0.109680
v -0.733388 -0.202490 -0.090320
v -0.738749 -0.202430 0.109680
v -0.738749 -0.202430 -0.090320
v -0.744083 -0.202263 0.109680
v -0.744083 -0.202263 -0.090320
v -0.749397 -0.202010 0.109680
v -0.749397 -0.202010 -0.090320
v -0.754694 -0.201694 0.109680
v -0.754694 -0.201694 -0.090320
v -0.759980 -0.201334 0.109680
v -0.759980 -0.201334 -0.090320
v -0.765262 -0.200954 0.109680
v -0.765262 -0.200954 -0.090320
v -0.770543 -0.200574 0.109680
v -0.770543 -0.200574 -0.090320
v -0.775829 -0.200214 0.109680
v -0.775829 -0.200214 -0.090320
v -0.781127 -0.199898 0.109680
v -0.781127 -0.199898 -0.090320
v -0.786440 -0.199645 0.109680
v -0.786440 -0.199645 -0.090320
v -0.791775 -0.199478 0.109680
v -0.791775 -0.199478 -0.090320
v -0.797136 -0.199418 0.109680
v -0.797136 -0.199418 -0.090320
v -0.807637 -0.199580 0.109680
v -0.807637 -0.199580 -0.090320
v -0.816568 -0.200136 0.109680
v -0.816568 -0.200136 -0.090320
v -0.824054 -0.201194 0.109680
v -0.824054 -0.201194 -0.090320
v -0.830219 -0.202860 0.109680
v -0.830219 -0.202860 -0.090320
v -0.835189 -0.205240 0.109680
v -0.835189 -0.205240 -0.090320
v -0.839090 -0.208442 0.109680
v -0.839090 -0.208442 -0.090320
v -0.842048 -0.212572 0.109680
v -0.842048 -0.212572 -0.090320
v -0.844186 -0.217737 0.109680
v -0.844186 -0.217737 -0.090320
v -0.845631 -0.224043 0.109680
v -0.845631 -0.224043 -0.090320
v -0.846508 -0.231598 0.109680
v -0.846508 -0.231598 -0.090320
v -0.846942 -0.240507 0.109680
v -0.846942 -0.240507 -0.090320
v -0.847059 -0.250877 0.109680
v -0.847059 -0.250877 -0.090320
v -0.844689 -0.266672 0.109680
v -0.844689 -0.266672 -0.090320
v -0.838017 -0.280017 0.109680
v -0.838017 -0.280017 -0.090320
v -0.827702 -0.291116 0.109680
v -0.827702 -0.291116 -0.090320
v -0.814403 -0.300175 0.109680
v -0.814403 -0.300175 -0.090320
v -0.798778 -0.307399 0.109680
v -0.798778 -0.307399 -0.090320
v -0.781487 -0.312993 0.109680
v -0.781487 -0.312993 -0.090320
v -0.763187 -0.317164 0.109680
v -0.763187 -0.317164 -0.090320
v -0.744539 -0.320115 0.109680
v -0.744539 -0.320115 -0.090320
v -0.726199 -0.322054 0.109680
v -0.726199 -0.322054 -0.090320
v -0.708828 -0.323184 0.109680
v -0.708828 -0.323184 -0.090320
v -0.693083 -0.323712 0.109680
v -0.693083 -0.323712 -0.090320
v -0.679624 -0.323842 0.109680
v -0.679624 -0.323842 -0.090320
vn -0.0000 -0.0000 -1.0000
vn -0.0000 -0.0000 1.0000
vn -0.8620 -0.5069 -0.0000
vn -0.8788 -0.4771 -0.0000
vn -0.8438 -0.5366 -0.0000
vn -0.8243 -0.5662 -0.0000
vn -0.8033 -0.5956 -0.0000
vn -0.7808 -0.6248 -0.0000
vn -0.7568 -0.6536 -0.0000
vn -0.7313 -0.6820 -0.0000
vn -0.7043 -0.7099 -0.0000
vn -0.7313 -0.6821 -0.0000
vn -0.6756 -0.7372 -0.0000
vn -0.7042 -0.7100 -0.0000
vn -0.6455 -0.7638 -0.0000
vn -0.5948 -0.8038 -0.0000
vn -0.5221 -0.8529 -0.0000
vn -0.5948 -0.8039 -0.0000
vn -0.4489 -0.8936 -0.0000
vn -0.3784 -0.9256 -0.0000
vn -0.3123 -0.9500 -0.0000
vn -0.2517 -0.9678 -0.0000
vn -0.1973 -0.9804 -0.0000
vn -0.1492 -0.9888 -0.0000
vn -0.1075 -0.9942 -0.0000
vn -0.0720 -0.9974 -0.0000
vn -0.0425 -0.9991 -0.0000
vn -0.0189 -0.9998 -0.0000
vn 0.0540 -0.9985 -0.0000
vn 0.2444 -0.9697 -0.0000
vn 0.4888 -0.8724 -0.0000
vn 0.6911 -0.7227 -0.0000
vn 0.8291 -0.5591 -0.0000
vn 0.9111 -0.4121 -0.0000
vn 0.9562 -0.2928 -0.0000
vn 0.9798 -0.2001 -0.0000
vn 0.9916 -0.1295 -0.0000
vn 0.9971 -0.0766 -0.0000
vn 0.9993 -0.0384 -0.0000
vn 0.9999 -0.0136 -0.0000
vn 1.0000 -0.0021 -0.0000
vn 1.0000 0.0008 -0.0000
vn 1.0000 0.0027 -0.0000
vn 1.0000 0.0057 -0.0000
vn 1.0000 0.0026 -0.0000
vn 1.0000 0.0099 -0.0000
vn 0.9999 0.0153 -0.0000
vn 0.9998 0.0219 -0.0000
vn 0.9996 0.0298 -0.0000
vn 0.9998 0.0220 -0.0000
vn 0.9992 0.0390 -0.0000
vn 0.9988 0.0496 -0.0000
vn 0.9981 0.0617 -0.0000
vn 0.9972 0.0754 -0.0000
vn 0.9979 0.0650 -0.0000
vn 0.9991 0.0414 -0.0000
vn 0.9995 0.0301 -0.0000
vn 0.9998 0.0203 -0.0000
vn 0.9995 0.0300 -0.0000
vn 0.9999 0.0121 -0.0000
vn 1.0000 0.0054 -0.0000
vn 1.0000 0.0002 -0.0000
vn 1.0000 -0.0035 -0.0000
vn 1.0000 -0.0057 -0.0000
vn 1.0000 -0.0064 -0.0000
vn 1.0000 0.0031 -0.0000
vn 0.9999 0.0156 -0.0000
vn 0.9996 0.0287 -0.0000
vn 0.9989 0.0462 -0.0000
vn 0.9987 0.0506 -0.0000
vn 0.9986 0.0521 -0.0000
vn 1.0000 -0.0013 -0.0000
vn 0.9997 -0.0224 -0.0000
vn 0.9989 -0.0477 -0.0000
vn 0.9969 -0.0783 -0.0000
vn 0.9932 -0.1163 -0.0000
vn 0.9864 -0.1643 -0.0000
vn 0.9932 -0.1162 -0.0000
vn 0.9740 -0.2266 -0.0000
vn 0.9509 -0.3096 -0.0000
vn 0.9065 -0.4222 -0.0000
vn 0.8190 -0.5738 -0.0000
vn 0.9065 -0.4223 -0.0000
vn 0.6495 -0.7603 -0.0000
vn 0.3639 -0.9314 -0.0000
vn 0.0386 -0.9993 -0.0000
vn -0.1954 -0.9807 -0.0000
vn -0.3381 -0.9411 -0.0000
vn -0.4329 -0.9014 -0.0000
vn -0.4944 -0.8692 -0.0000
vn -0.5323 -0.8465 -0.0000
vn -0.5521 -0.8338 -0.0000
vn -0.5555 -0.8315 -0.0000
vn -0.5411 -0.8409 -0.0000
vn -0.5027 -0.8645 -0.0000
vn -0.4245 -0.9054 -0.0000
vn -0.2701 -0.9628 -0.0000
vn -0.0300 -0.9995 -0.0000
vn 0.2227 -0.9749 -0.0000
vn 0.4497 -0.8932 -0.0000
vn 0.6471 -0.7624 -0.0000
vn 0.7916 -0.6111 -0.0000
vn 0.8842 -0.4671 -0.0000
vn 0.9388 -0.3444 -0.0000
vn 0.9694 -0.2454 -0.0000
vn 0.9859 -0.1674 -0.0000
vn 0.9943 -0.1066 -0.0000
vn 0.9982 -0.0599 -0.0000
vn 0.9997 -0.0253 -0.0000
vn 1.0000 -0.0081 -0.0000
vn 1.0000 -0.0065 -0.0000
vn 1.0000 -0.0034 -0.0000
vn 0.9999 0.0112 -0.0000
vn 0.9993 0.0372 -0.0000
vn 0.9972 0.0752 -0.0000
vn 0.9993 0.0373 -0.0000
vn 0.9921 0.1255 -0.0000
vn 0.9821 0.1885 -0.0000
vn 0.9645 0.2641 -0.0000
vn 0.9364 0.3509 -0.0000
vn 0.8949 0.4462 -0.0000
vn 0.8381 0.5455 -0.0000
vn 0.7733 0.6341 -0.0000
vn 0.7177 0.6963 -0.0000
vn 0.6736 0.7391 -0.0000
vn 0.6329 0.7743 -0.0000
vn 0.5931 0.8051 -0.0000
vn 0.5524 0.8336 -0.0000
vn 0.5086 0.8610 -0.0000
vn 0.4596 0.8881 -0.0000
vn 0.4025 0.9154 -0.0000
vn 0.3334 0.9428 -0.0000
vn 0.2472 0.9690 -0.0000
vn 0.1369 0.9906 -0.0000
vn 0.0330 0.9995 -0.0000
vn -0.0189 0.9998 -0.0000
vn -0.0426 0.9991 -0.0000
vn -0.0724 0.9974 -0.0000
vn -0.1089 0.9940 -0.0000
vn -0.1533 0.9882 -0.0000
vn -0.2070 0.9783 -0.0000
vn -0.2718 0.9623 -0.0000
vn -0.3497 0.9369 -0.0000
vn -0.4421 0.8969 -0.0000
vn -0.5491 0.8357 -0.0000
vn -0.6669 0.7451 -0.0000
vn -0.7989 0.6014 -0.0000
vn -0.9069 0.4214 -0.0000
vn -0.9604 0.2785 -0.0000
vn -0.9823 0.1872 -0.0000
vn -0.9921 0.1258 -0.0000
vn -0.9966 0.0825 -0.0000
vn -0.9987 0.0510 -0.0000
vn -0.9996 0.0276 -0.0000
vn -0.9999 0.0102 -0.0000
vn -1.0000 -0.0020 -0.0000
vn -1.0000 -0.0090 -0.0000
vn -1.0000 -0.0092 -0.0000
vn -1.0000 -0.0052 -0.0000
vn -1.0000 -0.0069 -0.0000
vn -0.9999 -0.0153 -0.0000
vn -0.9997 -0.0257 -0.0000
vn -0.9993 -0.0383 -0.0000
vn -0.9986 -0.0538 -0.0000
vn -0.9973 -0.0729 -0.0000
vn -0.9953 -0.0971 -0.0000
vn -0.9917 -0.1283 -0.0000
vn -0.9854 -0.1700 -0.0000
vn -0.9736 -0.2281 -0.0000
vn -0.9497 -0.3132 -0.0000
vn -0.9105 -0.4135 -0.0000
vn -0.9497 -0.3133 -0.0000
vn 0.0097 -1.0000 -0.0000
vn 0.0053 -1.0000 -0.0000
vn 0.0131 -0.9999 -0.0000
vn 0.0155 -0.9999 -0.0000
vn 0.0169 -0.9999 -0.0000
vn 0.0174 -0.9998 -0.0000
vn 0.0021 -1.0000 -0.0000
vn 0.0086 -1.0000 -0.0000
vn 0.0317 -0.9995 -0.0000
vn 0.0726 -0.9974 -0.0000
vn 0.1330 -0.9911 -0.0000
vn 0.2164 -0.9763 -0.0000
vn 0.3267 -0.9451 -0.0000
vn 0.4654 -0.8851 -0.0000
vn 0.6256 -0.7802 -0.0000
vn 0.7845 -0.6201 -0.0000
vn 0.9097 -0.4152 -0.0000
vn 0.9801 -0.1987 -0.0000
vn 0.9980 0.0627 -0.0000
vn 0.9240 0.3825 -0.0000
vn 0.7828 0.6223 -0.0000
vn 0.6729 0.7397 -0.0000
vn 0.6099 0.7925 -0.0000
vn 0.5853 0.8108 -0.0000
vn 0.5921 0.8059 -0.0000
vn 0.6269 0.7791 -0.0000
vn 0.6888 0.7250 -0.0000
vn 0.7757 0.6311 -0.0000
vn 0.8771 0.4804 -0.0000
vn 0.9648 0.2629 -0.0000
vn 0.9996 0.0293 -0.0000
vn 0.9876 -0.1571 -0.0000
vn 0.9498 -0.3130 -0.0000
vn 0.8884 -0.4592 -0.0000
vn 0.8083 -0.5887 -0.0000
vn 0.7159 -0.6982 -0.0000
vn 0.6166 -0.7873 -0.0000
vn 0.5144 -0.8575 -0.0000
vn 0.6165 -0.7873 -0.0000
vn 0.4117 -0.9113 -0.0000
vn 0.3093 -0.9510 -0.0000
vn 0.2069 -0.9784 -0.0000
vn 0.1040 -0.9946 -0.0000
vn 0.0040 -1.0000 -0.0000
vn -0.0838 -0.9965 -0.0000
vn -0.1545 -0.9880 -0.0000
vn -0.2089 -0.9779 -0.0000
vn -0.2471 -0.9690 -0.0000
vn -0.2697 -0.9629 -0.0000
vn -0.2772 -0.9608 -0.0000
vn 0.0093 -1.0000 -0.0000
vn 0.1339 -0.9910 -0.0000
vn 0.2833 -0.9590 -0.0000
vn 0.4417 -0.8972 -0.0000
vn 0.5947 -0.8039 -0.0000
vn 0.7274 -0.6862 -0.0000
vn 0.8303 -0.5573 -0.0000
vn 0.9026 -0.4305 -0.0000
vn 0.9491 -0.3151 -0.0000
vn 0.9766 -0.2149 -0.0000
vn 0.9915 -0.1303 -0.0000
vn 1.0000 -0.0094 -0.0000
vn 0.9998 0.0184 -0.0000
vn 0.9993 0.0374 -0.0000
vn 0.9983 0.0575 -0.0000
vn 0.9969 0.0787 -0.0000
vn 0.9949 0.1012 -0.0000
vn 0.9921 0.1254 -0.0000
vn 0.9885 0.1513 -0.0000
vn 0.9838 0.1793 -0.0000
vn 0.9778 0.2095 -0.0000
vn 0.9702 0.2424 -0.0000
vn 0.9606 0.2780 -0.0000
vn 0.9183 0.3959 -0.0000
vn 0.7928 0.6095 -0.0000
vn 0.6214 0.7835 -0.0000
vn 0.4760 0.8794 -0.0000
vn 0.3643 0.9313 -0.0000
vn 0.2799 0.9600 -0.0000
vn 0.2150 0.9766 -0.0000
vn 0.2798 0.9600 -0.0000
vn 0.1640 0.9865 -0.0000
vn 0.1227 0.9924 -0.0000
vn 0.0880 0.9961 -0.0000
vn 0.0577 0.9983 -0.0000
vn 0.0294 0.9996 -0.0000
vn -0.0196 0.9998 -0.0000
vn -0.1093 0.9940 -0.0000
vn -0.2178 0.9760 -0.0000
vn -0.3255 0.9455 -0.0000
vn -0.4322 0.9018 -0.0000
vn -0.5375 0.8433 -0.0000
vn -0.6399 0.7685 -0.0000
vn -0.7369 0.6760 -0.0000
vn -0.8248 0.5654 -0.0000
vn -0.8990 0.4379 -0.0000
vn -0.9549 0.2970 -0.0000
vn -0.9889 0.1488 -0.0000
vn -0.9998 -0.0176 -0.0000
vn -0.9782 -0.2078 -0.0000
vn -0.9238 -0.3830 -0.0000
vn -0.8573 -0.5148 -0.0000
vn -0.7937 -0.6082 -0.0000
vn -0.7408 -0.6717 -0.0000
vn -0.7018 -0.7124 -0.0000
vn -0.6787 -0.7344 -0.0000
vn -0.6748 -0.7380 -0.0000
vn -0.6969 -0.7172 -0.0000
vn -0.7604 -0.6495 -0.0000
vn -0.8899 -0.4561 -0.0000
vn -0.9999 -0.0170 -0.0000
vn -0.8696 0.4938 -0.0000
vn -0.6124 0.7905 -0.0000
vn -0.8696 0.4937 -0.0000
vn -0.4066 0.9136 -0.0000
vn -0.6125 0.7905 -0.0000
vn -0.2727 0.9621 -0.0000
vn -0.1849 0.9828 -0.0000
vn -0.1247 0.9922 -0.0000
vn -0.0816 0.9967 -0.0000
vn -0.0499 0.9988 -0.0000
vn -0.0264 0.9997 -0.0000
vn -0.0095 1.0000 -0.0000
vn -0.0001 1.0000 -0.0000
vn 0.0069 1.0000 -0.0000
vn 0.0213 0.9998 -0.0000
vn 0.0394 0.9992 -0.0000
vn 0.0536 0.9986 -0.0000
vn 0.0637 0.9980 -0.0000
vn 0.0535 0.9986 -0.0000
vn 0.0698 0.9976 -0.0000
vn 0.0719 0.9974 -0.0000
vn -0.0021 1.0000 -0.0000
vn -0.0388 0.9992 -0.0000
vn -0.1011 0.9949 -0.0000
vn -0.2008 0.9796 -0.0000
vn -0.3479 0.9375 -0.0000
vn -0.5371 0.8435 -0.0000
vn -0.7300 0.6834 -0.0000
vn -0.8742 0.4855 -0.0000
vn -0.9527 0.3040 -0.0000
vn -0.9855 0.1696 -0.0000
vn -0.9966 0.0821 -0.0000
vn -0.9996 0.0300 -0.0000
vn -0.9966 0.0820 -0.0000
vn -0.9976 -0.0688 -0.0000
vn -0.9535 -0.3015 -0.0000
vn -0.8218 -0.5698 -0.0000
vn -0.6518 -0.7584 -0.0000
vn -0.4930 -0.8700 -0.0000
vn -0.3644 -0.9312 -0.0000
vn -0.2653 -0.9642 -0.0000
vn -0.1894 -0.9819 -0.0000
vn -0.1308 -0.9914 -0.0000
vn -0.0850 -0.9964 -0.0000
vn -0.0492 -0.9988 -0.0000
vn -0.0216 -0.9998 -0.0000
vn -0.0034 -1.0000 -0.0000
vt 0.562874 0.000000
vt 0.574850 0.000000
vt 0.568862 0.000000
vt 0.556886 0.000000
vt 0.550898 0.000000
vt 0.580838 0.000000
vt 0.544910 0.000000
vt 0.538922 0.000000
vt 0.586826 0.000000
vt 0.532934 0.000000
vt 0.526946 0.000000
vt 0.592814 0.000000
vt 0.520958 0.000000
vt 0.514970 0.000000
vt 0.598802 0.000000
vt 0.508982 0.000000
vt 0.604790 0.000000
vt 0.502994 0.000000
vt 0.497006 0.000000
vt 0.610778 0.000000
vt 0.491018 0.000000
vt 0.485030 0.000000
vt 0.616766 0.000000
vt 0.479042 0.000000
vt 0.473054 0.000000
vt 0.467066 0.000000
vt 0.622755 0.000000
vt 0.461078 0.000000
vt 0.455090 0.000000
vt 0.449102 0.000000
vt 0.628743 0.000000
vt 0.443114 0.000000
vt 0.437126 0.000000
vt 0.431138 0.000000
vt 0.425150 0.000000
vt 0.281437 0.000000
vt 0.287425 0.000000
vt 0.275449 0.000000
vt 0.269461 0.000000
vt 0.293413 0.000000
vt 0.634731 0.000000
vt 0.263473 0.000000
vt 0.419162 0.000000
vt 0.299401 0.000000
vt 0.257485 0.000000
vt 0.305389 0.000000
vt 0.413174 0.000000
vt 0.251497 0.000000
vt 0.311377 0.000000
vt 0.407186 0.000000
vt 0.245509 0.000000
vt 0.317365 0.000000
vt 0.401198 0.000000
vt 0.239521 0.000000
vt 0.323353 0.000000
vt 0.395210 0.000000
vt 0.329341 0.000000
vt 0.233533 0.000000
vt 0.389222 0.000000
vt 0.383234 0.000000
vt 0.335329 0.000000
vt 0.377246 0.000000
vt 0.227545 0.000000
vt 0.341317 0.000000
vt 0.371257 0.000000
vt 0.640719 0.000000
vt 0.365269 0.000000
vt 0.347305 0.000000
vt 0.359281 0.000000
vt 0.353293 0.000000
vt 0.221557 0.000000
vt 0.215569 0.000000
vt 0.209581 0.000000
vt 0.203593 0.000000
vt 0.646707 0.000000
vt 0.652695 0.000000
vt 0.197605 0.000000
vt 0.658683 0.000000
vt 0.191617 0.000000
vt 0.664671 0.000000
vt 0.185629 0.000000
vt 0.670659 0.000000
vt 0.179641 0.000000
vt 0.676647 0.000000
vt 0.173653 0.000000
vt 0.682635 0.000000
vt 0.167665 0.000000
vt 0.688623 0.000000
vt 0.161677 0.000000
vt 0.694611 0.000000
vt 0.155689 0.000000
vt 0.700599 0.000000
vt 0.706587 0.000000
vt 0.149701 0.000000
vt 0.712575 0.000000
vt 0.718563 0.000000
vt 0.143713 0.000000
vt 0.724551 0.000000
vt 0.730539 0.000000
vt 0.736527 0.000000
vt 0.742515 0.000000
vt 0.850299 0.000000
vt 0.862275 0.000000
vt 0.856287 0.000000
vt 0.844311 0.000000
vt 0.868263 0.000000
vt 0.838323 0.000000
vt 0.832335 0.000000
vt 0.874251 0.000000
vt 0.826347 0.000000
vt 0.748503 0.000000
vt 0.820359 0.000000
vt 0.814371 0.000000
vt 0.880240 0.000000
vt 0.754491 0.000000
vt 0.808383 0.000000
vt 0.802395 0.000000
vt 0.760479 0.000000
vt 0.796407 0.000000
vt 0.766467 0.000000
vt 0.790419 0.000000
vt 0.772455 0.000000
vt 0.784431 0.000000
vt 0.778443 0.000000
vt 0.886228 0.000000
vt 0.892216 0.000000
vt 0.898204 0.000000
vt 0.137725 0.000000
vt 0.904192 0.000000
vt 0.910180 0.000000
vt 0.916168 0.000000
vt 0.922156 0.000000
vt 0.131737 0.000000
vt 0.928144 0.000000
vt 0.934132 0.000000
vt 0.125749 0.000000
vt 0.940120 0.000000
vt 0.119760 0.000000
vt 0.946108 0.000000
vt 0.113772 0.000000
vt 0.952096 0.000000
vt 0.107784 0.000000
vt 0.958084 0.000000
vt 0.101796 0.000000
vt 0.964072 0.000000
vt 0.095808 0.000000
vt 0.970060 0.000000
vt 0.089820 0.000000
vt 0.976048 0.000000
vt 0.083832 0.000000
vt 0.982036 0.000000
vt 0.077844 0.000000
vt 0.988024 0.000000
vt 0.071856 0.000000
vt 0.065868 0.000000
vt 0.059880 0.000000
vt 0.053892 0.000000
vt 0.047904 0.000000
vt 0.994012 0.000000
vt 0.041916 0.000000
vt 0.035928 0.000000
vt 0.029940 0.000000
vt 0.023952 0.000000
vt 0.017964 0.000000
vt 0.011976 0.000000
vt 1.000000 0.000000
vt 0.005988 0.000000
vt 0.000000 0.000000
vt 0.005952 1.000000
vt 0.000000 1.000000
vt 0.011905 1.000000
vt 0.005952 0.000000
vt 0.017857 1.000000
vt 0.011905 0.000000
vt 0.023810 1.000000
vt 0.017857 0.000000
vt 0.029762 1.000000
vt 0.023810 0.000000
vt 0.035714 1.000000
vt 0.029762 0.000000
vt 0.041667 1.000000
vt 0.035714 0.000000
vt 0.047619 1.000000
vt 0.041667 0.000000
vt 0.053571 1.000000
vt 0.047619 0.000000
vt 0.059524 1.000000
vt 0.053571 0.000000
vt 0.065476 1.000000
vt 0.059524 0.000000
vt 0.071429 1.000000
vt 0.065476 0.000000
vt 0.077381 1.000000
vt 0.071429 0.000000
vt 0.083333 1.000000
vt 0.077381 0.000000
vt 0.089286 1.000000
vt 0.083333 0.000000
vt 0.095238 1.000000
vt 0.089286 0.000000
vt 0.101190 1.000000
vt 0.095238 0.000000
vt 0.107143 1.000000
vt 0.101190 0.000000
vt 0.113095 1.000000
vt 0.107143 0.000000
vt 0.119048 1.000000
vt 0.113095 0.000000
vt 0.125000 1.000000
vt 0.119048 0.000000
vt 0.130952 1.000000
vt 0.125000 0.000000
vt 0.136905 1.000000
vt 0.130952 0.000000
vt 0.142857 1.000000
vt 0.136905 0.000000
vt 0.148810 1.000000
vt 0.142857 0.000000
vt 0.154762 1.000000
vt 0.148810 0.000000
vt 0.160714 1.000000
vt 0.154762 0.000000
vt 0.166667 1.000000
vt 0.160714 0.000000
vt 0.172619 1.000000
vt 0.166667 0.000000
vt 0.178571 1.000000
vt 0.172619 0.000000
vt 0.184524 1.000000
vt 0.178571 0.000000
vt 0.190476 1.000000
vt 0.184524 0.000000
vt 0.196429 1.000000
vt 0.190476 0.000000
vt 0.202381 1.000000
vt 0.196429 0.000000
vt 0.208333 1.000000
vt 0.202381 0.000000
vt 0.214286 1.000000
vt 0.208333 0.000000
vt 0.220238 1.000000
vt 0.214286 0.000000
vt 0.226190 1.000000
vt 0.220238 0.000000
vt 0.232143 1.000000
vt 0.226190 0.000000
vt 0.238095 1.000000
vt 0.232143 0.000000
vt 0.244048 1.000000
vt 0.238095 0.000000
vt 0.250000 1.000000
vt 0.244048 0.000000
vt 0.255952 1.000000
vt 0.250000 0.000000
vt 0.261905 1.000000
vt 0.255952 0.000000
vt 0.267857 1.000000
vt 0.261905 0.000000
vt 0.273810 1.000000
vt 0.267857 0.000000
vt 0.279762 1.000000
vt 0.273810 0.000000
vt 0.285714 1.000000
vt 0.279762 0.000000
vt 0.291667 1.000000
vt 0.285714 0.000000
vt 0.297619 1.000000
vt 0.291667 0.000000
vt 0.303571 1.000000
vt 0.297619 0.000000
vt 0.309524 1.000000
vt 0.303571 0.000000
vt 0.315476 1.000000
vt 0.309524 0.000000
vt 0.321429 1.000000
vt 0.315476 0.000000
vt 0.327381 1.000000
vt 0.321429 0.000000
vt 0.333333 1.000000
vt 0.327381 0.000000
vt 0.339286 1.000000
vt 0.333333 0.000000
vt 0.345238 1.000000
vt 0.339286 0.000000
vt 0.351190 1.000000
vt 0.345238 0.000000
vt 0.357143 1.000000
vt 0.351190 0.000000
vt 0.363095 1.000000
vt 0.357143 0.000000
vt 0.369048 1.000000
vt 0.363095 0.000000
vt 0.375000 1.000000
vt 0.369048 0.000000
vt 0.380952 1.000000
vt 0.375000 0.000000
vt 0.386905 1.000000
vt 0.380952 0.000000
vt 0.392857 1.000000
vt 0.386905 0.000000
vt 0.398810 1.000000
vt 0.392857 0.000000
vt 0.404762 1.000000
vt 0.398810 0.000000
vt 0.410714 1.000000
vt 0.404762 0.000000
vt 0.416667 1.000000
vt 0.410714 0.000000
vt 0.422619 1.000000
vt 0.416667 0.000000
vt 0.428571 1.000000
vt 0.422619 0.000000
vt 0.434524 1.000000
vt 0.428571 0.000000
vt 0.440476 1.000000
vt 0.434524 0.000000
vt 0.446429 1.000000
vt 0.440476 0.000000
vt 0.452381 1.000000
vt 0.446429 0.000000
vt 0.458333 1.000000
vt 0.452381 0.000000
vt 0.464286 1.000000
vt 0.458333 0.000000
vt 0.470238 1.000000
vt 0.464286 0.000000
vt 0.476190 1.000000
vt 0.470238 0.000000
vt 0.482143 1.000000
vt 0.476190 0.000000
vt 0.488095 1.000000
vt 0.482143 0.000000
vt 0.494048 1.000000
vt 0.488095 0.000000
vt 0.500000 1.000000
vt 0.494048 0.000000
vt 0.505952 1.000000
vt 0.500000 0.000000
vt 0.511905 1.000000
vt 0.505952 0.000000
vt 0.517857 1.000000
vt 0.511905 0.000000
vt 0.523810 1.000000
vt 0.517857 0.000000
vt 0.529762 1.000000
vt 0.523810 0.000000
vt 0.535714 1.000000
vt 0.529762 0.000000
vt 0.541667 1.000000
vt 0.535714 0.000000
vt 0.547619 1.000000
vt 0.541667 0.000000
vt 0.553571 1.000000
vt 0.547619 0.000000
vt 0.559524 1.000000
vt 0.553571 0.000000
vt 0.565476 1.000000
vt 0.559524 0.000000
vt 0.571429 1.000000
vt 0.565476 0.000000
vt 0.577381 1.000000
vt 0.571429 0.000000
vt 0.583333 1.000000
vt 0.577381 0.000000
vt 0.589286 1.000000
vt 0.583333 0.000000
vt 0.595238 1.000000
vt 0.589286 0.000000
vt 0.601190 1.000000
vt 0.595238 0.000000
vt 0.607143 1.000000
vt 0.601190 0.000000
vt 0.613095 1.000000
vt 0.607143 0.000000
vt 0.619048 1.000000
vt 0.613095 0.000000
vt 0.625000 1.000000
vt 0.619048 0.000000
vt 0.630952 1.000000
vt 0.625000 0.000000
vt 0.636905 1.000000
vt 0.630952 0.000000
vt 0.642857 1.000000
vt 0.636905 0.000000
vt 0.648810 1.000000
vt 0.642857 0.000000
vt 0.654762 1.000000
vt 0.648810 0.000000
vt 0.660714 1.000000
vt 0.654762 0.000000
vt 0.666667 1.000000
vt 0.660714 0.000000
vt 0.672619 1.000000
vt 0.666667 0.000000
vt 0.678571 1.000000
vt 0.672619 0.000000
vt 0.684524 1.000000
vt 0.678571 0.000000
vt 0.690476 1.000000
vt 0.684524 0.000000
vt 0.696429 1.000000
vt 0.690476 0.000000
vt 0.702381 1.000000
vt 0.696429 0.000000
vt 0.708333 1.000000
vt 0.702381 0.000000
vt 0.714286 1.000000
vt 0.708333 0.000000
vt 0.720238 1.000000
vt 0.714286 0.000000
vt 0.726190 1.000000
vt 0.720238 0.000000
vt 0.732143 1.000000
vt 0.726190 0.000000
vt 0.738095 1.000000
vt 0.732143 0.000000
vt 0.744048 1.000000
vt 0.738095 0.000000
vt 0.750000 1.000000
vt 0.744048 0.000000
vt 0.755952 1.000000
vt 0.750000 0.000000
vt 0.761905 1.000000
vt 0.755952 0.000000
vt 0.767857 1.000000
vt 0.761905 0.000000
vt 0.773810 1.000000
vt 0.767857 0.000000
vt 0.779762 1.000000
vt 0.773810 0.000000
vt 0.785714 1.000000
vt 0.779762 0.000000
vt 0.791667 1.000000
vt 0.785714 0.000000
vt 0.797619 1.000000
vt 0.791667 0.000000
vt 0.803571 1.000000
vt 0.797619 0.000000
vt 0.809524 1.000000
vt 0.803571 0.000000
vt 0.815476 1.000000
vt 0.809524 0.000000
vt 0.821429 1.000000
vt 0.815476 0.000000
vt 0.827381 1.000000
vt 0.821429 0.000000
vt 0.833333 1.000000
vt 0.827381 0.000000
vt 0.839286 1.000000
vt 0.833333 0.000000
vt 0.845238 1.000000
vt 0.839286 0.000000
vt 0.851190 1.000000
vt 0.845238 0.000000
vt 0.857143 1.000000
vt 0.851190 0.000000
vt 0.863095 1.000000
vt 0.857143 0.000000
vt 0.869048 1.000000
vt 0.863095 0.000000
vt 0.875000 1.000000
vt 0.869048 0.000000
vt 0.880952 1.000000
vt 0.875000 0.000000
vt 0.886905 1.000000
vt 0.880952 0.000000
vt 0.892857 1.000000
vt 0.886905 0.000000
vt 0.898810 1.000000
vt 0.892857 0.000000
vt 0.904762 1.000000
vt 0.898810 0.000000
vt 0.910714 1.000000
vt 0.904762 0.000000
vt 0.916667 1.000000
vt 0.910714 0.000000
vt 0.922619 1.000000
vt 0.916667 0.000000
vt 0.928571 1.000000
vt 0.922619 0.000000
vt 0.934524 1.000000
vt 0.928571 0.000000
vt 0.940476 1.000000
vt 0.934524 0.000000
vt 0.946429 1.000000
vt 0.940476 0.000000
vt 0.952381 1.000000
vt 0.946429 0.000000
vt 0.958333 1.000000
vt 0.952381 0.000000
vt 0.964286 1.000000
vt 0.958333 0.000000
vt 0.970238 1.000000
vt 0.964286 0.000000
vt 0.976190 1.000000
vt 0.970238 0.000000
vt 0.982143 1.000000
vt 0.976190 0.000000
vt 0.988095 1.000000
vt 0.982143 0.000000
vt 0.994048 1.000000
vt 0.988095 0.000000
vt 1.000000 1.000000
vt 0.994048 0.000000
s 0
usemtl マテリアル.008
f 111/13/7 113/14/7 112/15/7
f 110/16/7 113/14/7 111/13/7
f 109/17/7 113/14/7 110/16/7
f 109/17/7 114/18/7 113/14/7
f 108/19/7 114/18/7 109/17/7
f 107/20/7 114/18/7 108/19/7
f 107/20/7 115/21/7 114/18/7
f 106/22/7 115/21/7 107/20/7
f 105/23/7 115/21/7 106/22/7
f 105/23/7 116/24/7 115/21/7
f 104/25/7 116/24/7 105/23/7
f 103/26/7 116/24/7 104/25/7
f 103/26/7 117/27/7 116/24/7
f 102/28/7 117/27/7 103/26/7
f 102/28/7 118/29/7 117/27/7
f 101/30/7 118/29/7 102/28/7
f 100/31/7 118/29/7 101/30/7
f 100/31/7 119/32/7 118/29/7
f 99/33/7 119/32/7 100/31/7
f 98/34/7 119/32/7 99/33/7
f 98/34/7 120/35/7 119/32/7
f 97/36/7 120/35/7 98/34/7
f 96/37/7 120/35/7 97/36/7
f 95/38/7 120/35/7 96/37/7
f 95/38/7 121/39/7 120/35/7
f 94/40/7 121/39/7 95/38/7
f 93/41/7 121/39/7 94/40/7
f 92/42/7 121/39/7 93/41/7
f 92/42/7 122/43/7 121/39/7
f 91/44/7 122/43/7 92/42/7
f 90/45/7 122/43/7 91/44/7
f 89/46/7 122/43/7 90/45/7
f 88/47/7 64/48/7 89/46/7
f 64/48/7 122/43/7 89/46/7
f 88/47/7 65/49/7 64/48/7
f 63/50/7 122/43/7 64/48/7
f 62/51/7 122/43/7 63/50/7
f 88/47/7 66/52/7 65/49/7
f 62/51/7 123/53/7 122/43/7
f 61/54/7 123/53/7 62/51/7
f 87/55/7 66/52/7 88/47/7
f 87/55/7 67/56/7 66/52/7
f 60/57/7 123/53/7 61/54/7
f 87/55/7 68/58/7 67/56/7
f 86/59/7 68/58/7 87/55/7
f 59/60/7 123/53/7 60/57/7
f 86/59/7 69/61/7 68/58/7
f 85/62/7 69/61/7 86/59/7
f 58/63/7 123/53/7 59/60/7
f 85/62/7 70/64/7 69/61/7
f 84/65/7 70/64/7 85/62/7
f 57/66/7 123/53/7 58/63/7
f 84/65/7 71/67/7 70/64/7
f 83/68/7 71/67/7 84/65/7
f 83/68/7 72/69/7 71/67/7
f 56/70/7 123/53/7 57/66/7
f 82/71/7 72/69/7 83/68/7
f 81/72/7 72/69/7 82/71/7
f 81/72/7 73/73/7 72/69/7
f 80/74/7 73/73/7 81/72/7
f 55/75/7 123/53/7 56/70/7
f 80/74/7 74/76/7 73/73/7
f 79/77/7 74/76/7 80/74/7
f 55/75/7 124/78/7 123/53/7
f 78/79/7 74/76/7 79/77/7
f 78/79/7 75/80/7 74/76/7
f 77/81/7 75/80/7 78/79/7
f 77/81/7 76/82/7 75/80/7
f 54/83/7 124/78/7 55/75/7
f 53/84/7 124/78/7 54/83/7
f 52/85/7 124/78/7 53/84/7
f 51/86/7 124/78/7 52/85/7
f 51/86/7 125/87/7 124/78/7
f 51/86/7 126/88/7 125/87/7
f 50/89/7 126/88/7 51/86/7
f 50/89/7 127/90/7 126/88/7
f 49/91/7 127/90/7 50/89/7
f 49/91/7 128/92/7 127/90/7
f 48/93/7 128/92/7 49/91/7
f 48/93/7 129/94/7 128/92/7
f 47/95/7 129/94/7 48/93/7
f 47/95/7 130/96/7 129/94/7
f 46/97/7 130/96/7 47/95/7
f 46/97/7 131/98/7 130/96/7
f 45/99/7 131/98/7 46/97/7
f 45/99/7 132/100/7 131/98/7
f 44/101/7 132/100/7 45/99/7
f 44/101/7 133/102/7 132/100/7
f 43/103/7 133/102/7 44/101/7
f 43/103/7 134/104/7 133/102/7
f 43/103/7 135/105/7 134/104/7
f 42/106/7 135/105/7 43/103/7
f 42/106/7 136/107/7 135/105/7
f 42/106/7 137/108/7 136/107/7
f 41/109/7 137/108/7 42/106/7
f 41/109/7 138/110/7 137/108/7
f 41/109/7 139/111/7 138/110/7
f 41/109/7 140/112/7 139/111/7
f 41/109/7 141/113/7 140/112/7
f 159/114/7 161/115/7 160/116/7
f 158/117/7 161/115/7 159/114/7
f 158/117/7 162/118/7 161/115/7
f 157/119/7 162/118/7 158/117/7
f 156/120/7 162/118/7 157/119/7
f 156/120/7 163/121/7 162/118/7
f 155/122/7 163/121/7 156/120/7
f 41/109/7 142/123/7 141/113/7
f 154/124/7 163/121/7 155/122/7
f 153/125/7 163/121/7 154/124/7
f 153/125/7 164/126/7 163/121/7
f 41/109/7 143/127/7 142/123/7
f 152/128/7 164/126/7 153/125/7
f 151/129/7 164/126/7 152/128/7
f 41/109/7 144/130/7 143/127/7
f 150/131/7 164/126/7 151/129/7
f 41/109/7 145/132/7 144/130/7
f 149/133/7 164/126/7 150/131/7
f 41/109/7 146/134/7 145/132/7
f 148/135/7 164/126/7 149/133/7
f 41/109/7 147/136/7 146/134/7
f 147/136/7 164/126/7 148/135/7
f 41/109/7 164/126/7 147/136/7
f 41/109/7 165/137/7 164/126/7
f 41/109/7 166/138/7 165/137/7
f 41/109/7 167/139/7 166/138/7
f 40/140/7 167/139/7 41/109/7
f 40/140/7 168/141/7 167/139/7
f 40/140/7 169/142/7 168/141/7
f 40/140/7 170/143/7 169/142/7
f 40/140/7 171/144/7 170/143/7
f 39/145/7 171/144/7 40/140/7
f 39/145/7 172/146/7 171/144/7
f 39/145/7 173/147/7 172/146/7
f 38/148/7 173/147/7 39/145/7
f 38/148/7 174/149/7 173/147/7
f 37/150/7 174/149/7 38/148/7
f 37/150/7 175/151/7 174/149/7
f 36/152/7 175/151/7 37/150/7
f 36/152/7 176/153/7 175/151/7
f 35/154/7 176/153/7 36/152/7
f 35/154/7 177/155/7 176/153/7
f 34/156/7 177/155/7 35/154/7
f 34/156/7 178/157/7 177/155/7
f 33/158/7 178/157/7 34/156/7
f 33/158/7 179/159/7 178/157/7
f 32/160/7 179/159/7 33/158/7
f 32/160/7 180/161/7 179/159/7
f 31/162/7 180/161/7 32/160/7
f 31/162/7 181/163/7 180/161/7
f 30/164/7 181/163/7 31/162/7
f 30/164/7 182/165/7 181/163/7
f 29/166/7 182/165/7 30/164/7
f 28/167/7 182/165/7 29/166/7
f 27/168/7 182/165/7 28/167/7
f 26/169/7 182/165/7 27/168/7
f 25/170/7 182/165/7 26/169/7
f 25/170/7 183/171/7 182/165/7
f 24/172/7 183/171/7 25/170/7
f 23/173/7 183/171/7 24/172/7
f 22/174/7 183/171/7 23/173/7
f 21/175/7 183/171/7 22/174/7
f 20/176/7 183/171/7 21/175/7
f 19/177/7 183/171/7 20/176/7
f 19/177/7 184/178/7 183/171/7
f 18/179/7 184/178/7 19/177/7
f 17/180/7 184/178/7 18/179/7
f 315/136/7 317/133/7 316/135/7
f 315/136/7 318/131/7 317/133/7
f 315/136/7 319/129/7 318/131/7
f 315/136/7 320/128/7 319/129/7
f 314/134/7 320/128/7 315/136/7
f 314/134/7 321/125/7 320/128/7
f 314/134/7 322/124/7 321/125/7
f 314/134/7 323/122/7 322/124/7
f 313/132/7 323/122/7 314/134/7
f 313/132/7 324/120/7 323/122/7
f 313/132/7 325/119/7 324/120/7
f 312/130/7 325/119/7 313/132/7
f 312/130/7 326/117/7 325/119/7
f 312/130/7 327/114/7 326/117/7
f 311/127/7 327/114/7 312/130/7
f 311/127/7 328/116/7 327/114/7
f 310/123/7 328/116/7 311/127/7
f 310/123/7 329/115/7 328/116/7
f 309/113/7 329/115/7 310/123/7
f 309/113/7 330/118/7 329/115/7
f 308/112/7 330/118/7 309/113/7
f 307/111/7 330/118/7 308/112/7
f 307/111/7 331/121/7 330/118/7
f 306/110/7 331/121/7 307/111/7
f 305/108/7 331/121/7 306/110/7
f 305/108/7 332/126/7 331/121/7
f 304/107/7 332/126/7 305/108/7
f 303/105/7 332/126/7 304/107/7
f 302/104/7 332/126/7 303/105/7
f 302/104/7 333/137/7 332/126/7
f 301/102/7 333/137/7 302/104/7
f 300/100/7 333/137/7 301/102/7
f 299/98/7 333/137/7 300/100/7
f 299/98/7 334/138/7 333/137/7
f 298/96/7 334/138/7 299/98/7
f 297/94/7 334/138/7 298/96/7
f 296/92/7 334/138/7 297/94/7
f 296/92/7 335/139/7 334/138/7
f 295/90/7 335/139/7 296/92/7
f 294/88/7 335/139/7 295/90/7
f 293/87/7 335/139/7 294/88/7
f 293/87/7 268/31/7 335/139/7
f 268/31/7 336/141/7 335/139/7
f 293/87/7 269/30/7 268/31/7
f 267/33/7 336/141/7 268/31/7
f 292/78/7 269/30/7 293/87/7
f 292/78/7 270/28/7 269/30/7
f 266/34/7 336/141/7 267/33/7
f 292/78/7 271/26/7 270/28/7
f 265/36/7 336/141/7 266/34/7
f 292/78/7 272/25/7 271/26/7
f 291/53/7 272/25/7 292/78/7
f 264/37/7 336/141/7 265/36/7
f 291/53/7 273/23/7 272/25/7
f 290/43/7 273/23/7 291/53/7
f 263/38/7 336/141/7 264/37/7
f 289/39/7 273/23/7 290/43/7
f 289/39/7 274/22/7 273/23/7
f 288/35/7 274/22/7 289/39/7
f 262/40/7 336/141/7 263/38/7
f 288/35/7 275/20/7 274/22/7
f 287/32/7 275/20/7 288/35/7
f 262/40/7 337/142/7 336/141/7
f 286/29/7 275/20/7 287/32/7
f 286/29/7 276/19/7 275/20/7
f 261/41/7 337/142/7 262/40/7
f 285/27/7 276/19/7 286/29/7
f 285/27/7 277/17/7 276/19/7
f 284/24/7 277/17/7 285/27/7
f 260/42/7 337/142/7 261/41/7
f 284/24/7 278/16/7 277/17/7
f 283/21/7 278/16/7 284/24/7
f 282/18/7 278/16/7 283/21/7
f 282/18/7 279/13/7 278/16/7
f 281/14/7 279/13/7 282/18/7
f 281/14/7 280/15/7 279/13/7
f 259/44/7 337/142/7 260/42/7
f 259/44/7 338/143/7 337/142/7
f 258/45/7 338/143/7 259/44/7
f 257/46/7 338/143/7 258/45/7
f 256/47/7 338/143/7 257/46/7
f 256/47/7 339/144/7 338/143/7
f 255/55/7 339/144/7 256/47/7
f 254/59/7 339/144/7 255/55/7
f 253/62/7 339/144/7 254/59/7
f 252/65/7 339/144/7 253/62/7
f 251/68/7 339/144/7 252/65/7
f 250/71/7 339/144/7 251/68/7
f 250/71/7 340/146/7 339/144/7
f 249/72/7 340/146/7 250/71/7
f 248/74/7 340/146/7 249/72/7
f 247/77/7 340/146/7 248/74/7
f 246/79/7 340/146/7 247/77/7
f 246/79/7 341/147/7 340/146/7
f 245/81/7 341/147/7 246/79/7
f 244/82/7 341/147/7 245/81/7
f 243/80/7 341/147/7 244/82/7
f 243/80/7 342/149/7 341/147/7
f 242/76/7 342/149/7 243/80/7
f 241/73/7 342/149/7 242/76/7
f 241/73/7 343/151/7 342/149/7
f 240/69/7 343/151/7 241/73/7
f 239/67/7 343/151/7 240/69/7
f 238/64/7 343/151/7 239/67/7
f 238/64/7 344/153/7 343/151/7
f 237/61/7 344/153/7 238/64/7
f 236/58/7 344/153/7 237/61/7
f 236/58/7 345/155/7 344/153/7
f 235/56/7 345/155/7 236/58/7
f 234/52/7 345/155/7 235/56/7
f 233/49/7 345/155/7 234/52/7
f 233/49/7 346/157/7 345/155/7
f 232/48/7 346/157/7 233/49/7
f 231/50/7 346/157/7 232/48/7
f 230/51/7 346/157/7 231/50/7
f 229/54/7 346/157/7 230/51/7
f 228/57/7 346/157/7 229/54/7
f 228/57/7 347/159/7 346/157/7
f 227/60/7 347/159/7 228/57/7
f 226/63/7 347/159/7 227/60/7
f 225/66/7 347/159/7 226/63/7
f 224/70/7 347/159/7 225/66/7
f 223/75/7 347/159/7 224/70/7
f 222/83/7 347/159/7 223/75/7
f 221/84/7 347/159/7 222/83/7
f 220/85/7 347/159/7 221/84/7
f 220/85/7 348/161/7 347/159/7
f 219/86/7 348/161/7 220/85/7
f 218/89/7 348/161/7 219/86/7
f 218/89/7 349/163/7 348/161/7
f 217/91/7 349/163/7 218/89/7
f 216/93/7 349/163/7 217/91/7
f 216/93/7 350/165/7 349/163/7
f 215/95/7 350/165/7 216/93/7
f 215/95/7 351/171/7 350/165/7
f 214/97/7 351/171/7 215/95/7
f 214/97/7 352/178/7 351/171/7
f 213/99/7 352/178/7 214/97/7
f 213/99/7 185/180/7 352/178/7
f 213/99/7 186/179/7 185/180/7
f 213/99/7 187/177/7 186/179/7
f 213/99/7 188/176/7 187/177/7
f 212/101/7 188/176/7 213/99/7
f 212/101/7 189/175/7 188/176/7
f 212/101/7 190/174/7 189/175/7
f 212/101/7 191/173/7 190/174/7
f 212/101/7 192/172/7 191/173/7
f 212/101/7 193/170/7 192/172/7
f 212/101/7 194/169/7 193/170/7
f 211/103/7 194/169/7 212/101/7
f 211/103/7 195/168/7 194/169/7
f 211/103/7 196/167/7 195/168/7
f 211/103/7 197/166/7 196/167/7
f 211/103/7 198/164/7 197/166/7
f 210/106/7 198/164/7 211/103/7
f 210/106/7 199/162/7 198/164/7
f 210/106/7 200/160/7 199/162/7
f 210/106/7 201/158/7 200/160/7
f 209/109/7 201/158/7 210/106/7
f 209/109/7 202/156/7 201/158/7
f 209/109/7 203/154/7 202/156/7
f 209/109/7 204/152/7 203/154/7
f 208/140/7 204/152/7 209/109/7
f 208/140/7 205/150/7 204/152/7
f 208/140/7 206/148/7 205/150/7
f 208/140/7 207/145/7 206/148/7
f 447/13/8 448/15/8 449/14/8
f 446/16/8 447/13/8 449/14/8
f 445/17/8 446/16/8 449/14/8
f 445/17/8 449/14/8 450/18/8
f 444/19/8 445/17/8 450/18/8
f 443/20/8 444/19/8 450/18/8
f 443/20/8 450/18/8 451/21/8
f 442/22/8 443/20/8 451/21/8
f 441/23/8 442/22/8 451/21/8
f 441/23/8 451/21/8 452/24/8
f 440/25/8 441/23/8 452/24/8
f 439/26/8 440/25/8 452/24/8
f 439/26/8 452/24/8 453/27/8
f 438/28/8 439/26/8 453/27/8
f 438/28/8 453/27/8 454/29/8
f 437/30/8 438/28/8 454/29/8
f 436/31/8 437/30/8 454/29/8
f 436/31/8 454/29/8 455/32/8
f 435/33/8 436/31/8 455/32/8
f 434/34/8 435/33/8 455/32/8
f 434/34/8 455/32/8 456/35/8
f 433/36/8 434/34/8 456/35/8
f 432/37/8 433/36/8 456/35/8
f 431/38/8 432/37/8 456/35/8
f 431/38/8 456/35/8 457/39/8
f 430/40/8 431/38/8 457/39/8
f 429/41/8 430/40/8 457/39/8
f 428/42/8 429/41/8 457/39/8
f 428/42/8 457/39/8 458/43/8
f 427/44/8 428/42/8 458/43/8
f 426/45/8 427/44/8 458/43/8
f 425/46/8 426/45/8 458/43/8
f 424/47/8 425/46/8 400/48/8
f 400/48/8 425/46/8 458/43/8
f 424/47/8 400/48/8 401/49/8
f 399/50/8 400/48/8 458/43/8
f 398/51/8 399/50/8 458/43/8
f 424/47/8 401/49/8 402/52/8
f 398/51/8 458/43/8 459/53/8
f 397/54/8 398/51/8 459/53/8
f 423/55/8 424/47/8 402/52/8
f 423/55/8 402/52/8 403/56/8
f 396/57/8 397/54/8 459/53/8
f 423/55/8 403/56/8 404/58/8
f 422/59/8 423/55/8 404/58/8
f 395/60/8 396/57/8 459/53/8
f 422/59/8 404/58/8 405/61/8
f 421/62/8 422/59/8 405/61/8
f 394/63/8 395/60/8 459/53/8
f 421/62/8 405/61/8 406/64/8
f 420/65/8 421/62/8 406/64/8
f 393/66/8 394/63/8 459/53/8
f 420/65/8 406/64/8 407/67/8
f 419/68/8 420/65/8 407/67/8
f 419/68/8 407/67/8 408/69/8
f 392/70/8 393/66/8 459/53/8
f 418/71/8 419/68/8 408/69/8
f 417/72/8 418/71/8 408/69/8
f 417/72/8 408/69/8 409/73/8
f 416/74/8 417/72/8 409/73/8
f 391/75/8 392/70/8 459/53/8
f 416/74/8 409/73/8 410/76/8
f 415/77/8 416/74/8 410/76/8
f 391/75/8 459/53/8 460/78/8
f 414/79/8 415/77/8 410/76/8
f 414/79/8 410/76/8 411/80/8
f 413/81/8 414/79/8 411/80/8
f 413/81/8 411/80/8 412/82/8
f 390/83/8 391/75/8 460/78/8
f 389/84/8 390/83/8 460/78/8
f 388/85/8 389/84/8 460/78/8
f 387/86/8 388/85/8 460/78/8
f 387/86/8 460/78/8 461/87/8
f 387/86/8 461/87/8 462/88/8
f 386/89/8 387/86/8 462/88/8
f 386/89/8 462/88/8 463/90/8
f 385/91/8 386/89/8 463/90/8
f 385/91/8 463/90/8 464/92/8
f 384/93/8 385/91/8 464/92/8
f 384/93/8 464/92/8 465/94/8
f 383/95/8 384/93/8 465/94/8
f 383/95/8 465/94/8 466/96/8
f 382/97/8 383/95/8 466/96/8
f 382/97/8 466/96/8 467/98/8
f 381/99/8 382/97/8 467/98/8
f 381/99/8 467/98/8 468/100/8
f 380/101/8 381/99/8 468/100/8
f 380/101/8 468/100/8 469/102/8
f 379/103/8 380/101/8 469/102/8
f 379/103/8 469/102/8 470/104/8
f 379/103/8 470/104/8 471/105/8
f 378/106/8 379/103/8 471/105/8
f 378/106/8 471/105/8 472/107/8
f 378/106/8 472/107/8 473/108/8
f 377/109/8 378/106/8 473/108/8
f 377/109/8 473/108/8 474/110/8
f 377/109/8 474/110/8 475/111/8
f 377/109/8 475/111/8 476/112/8
f 377/109/8 476/112/8 477/113/8
f 495/114/8 496/116/8 497/115/8
f 494/117/8 495/114/8 497/115/8
f 494/117/8 497/115/8 498/118/8
f 493/119/8 494/117/8 498/118/8
f 492/120/8 493/119/8 498/118/8
f 492/120/8 498/118/8 499/121/8
f 491/122/8 492/120/8 499/121/8
f 377/109/8 477/113/8 478/123/8
f 490/124/8 491/122/8 499/121/8
f 489/125/8 490/124/8 499/121/8
f 489/125/8 499/121/8 500/126/8
f 377/109/8 478/123/8 479/127/8
f 488/128/8 489/125/8 500/126/8
f 487/129/8 488/128/8 500/126/8
f 377/109/8 479/127/8 480/130/8
f 486/131/8 487/129/8 500/126/8
f 377/109/8 480/130/8 481/132/8
f 485/133/8 486/131/8 500/126/8
f 377/109/8 481/132/8 482/134/8
f 484/135/8 485/133/8 500/126/8
f 377/109/8 482/134/8 483/136/8
f 483/136/8 484/135/8 500/126/8
f 377/109/8 483/136/8 500/126/8
f 377/109/8 500/126/8 501/137/8
f 377/109/8 501/137/8 502/138/8
f 377/109/8 502/138/8 503/139/8
f 376/140/8 377/109/8 503/139/8
f 376/140/8 503/139/8 504/141/8
f 376/140/8 504/141/8 505/142/8
f 376/140/8 505/142/8 506/143/8
f 376/140/8 506/143/8 507/144/8
f 375/145/8 376/140/8 507/144/8
f 375/145/8 507/144/8 508/146/8
f 375/145/8 508/146/8 509/147/8
f 374/148/8 375/145/8 509/147/8
f 374/148/8 509/147/8 510/149/8
f 373/150/8 374/148/8 510/149/8
f 373/150/8 510/149/8 511/151/8
f 372/152/8 373/150/8 511/151/8
f 372/152/8 511/151/8 512/153/8
f 371/154/8 372/152/8 512/153/8
f 371/154/8 512/153/8 513/155/8
f 370/156/8 371/154/8 513/155/8
f 370/156/8 513/155/8 514/157/8
f 369/158/8 370/156/8 514/157/8
f 369/158/8 514/157/8 515/159/8
f 368/160/8 369/158/8 515/159/8
f 368/160/8 515/159/8 516/161/8
f 367/162/8 368/160/8 516/161/8
f 367/162/8 516/161/8 517/163/8
f 366/164/8 367/162/8 517/163/8
f 366/164/8 517/163/8 518/165/8
f 365/166/8 366/164/8 518/165/8
f 364/167/8 365/166/8 518/165/8
f 363/168/8 364/167/8 518/165/8
f 362/169/8 363/168/8 518/165/8
f 361/170/8 362/169/8 518/165/8
f 361/170/8 518/165/8 519/171/8
f 360/172/8 361/170/8 519/171/8
f 359/173/8 360/172/8 519/171/8
f 358/174/8 359/173/8 519/171/8
f 357/175/8 358/174/8 519/171/8
f 356/176/8 357/175/8 519/171/8
f 355/177/8 356/176/8 519/171/8
f 355/177/8 519/171/8 520/178/8
f 354/179/8 355/177/8 520/178/8
f 353/180/8 354/179/8 520/178/8
f 651/136/8 652/135/8 653/133/8
f 651/136/8 653/133/8 654/131/8
f 651/136/8 654/131/8 655/129/8
f 651/136/8 655/129/8 656/128/8
f 650/134/8 651/136/8 656/128/8
f 650/134/8 656/128/8 657/125/8
f 650/134/8 657/125/8 658/124/8
f 650/134/8 658/124/8 659/122/8
f 649/132/8 650/134/8 659/122/8
f 649/132/8 659/122/8 660/120/8
f 649/132/8 660/120/8 661/119/8
f 648/130/8 649/132/8 661/119/8
f 648/130/8 661/119/8 662/117/8
f 648/130/8 662/117/8 663/114/8
f 647/127/8 648/130/8 663/114/8
f 647/127/8 663/114/8 664/116/8
f 646/123/8 647/127/8 664/116/8
f 646/123/8 664/116/8 665/115/8
f 645/113/8 646/123/8 665/115/8
f 645/113/8 665/115/8 666/118/8
f 644/112/8 645/113/8 666/118/8
f 643/111/8 644/112/8 666/118/8
f 643/111/8 666/118/8 667/121/8
f 642/110/8 643/111/8 667/121/8
f 641/108/8 642/110/8 667/121/8
f 641/108/8 667/121/8 668/126/8
f 640/107/8 641/108/8 668/126/8
f 639/105/8 640/107/8 668/126/8
f 638/104/8 639/105/8 668/126/8
f 638/104/8 668/126/8 669/137/8
f 637/102/8 638/104/8 669/137/8
f 636/100/8 637/102/8 669/137/8
f 635/98/8 636/100/8 669/137/8
f 635/98/8 669/137/8 670/138/8
f 634/96/8 635/98/8 670/138/8
f 633/94/8 634/96/8 670/138/8
f 632/92/8 633/94/8 670/138/8
f 632/92/8 670/138/8 671/139/8
f 631/90/8 632/92/8 671/139/8
f 630/88/8 631/90/8 671/139/8
f 629/87/8 630/88/8 671/139/8
f 629/87/8 671/139/8 604/31/8
f 604/31/8 671/139/8 672/141/8
f 629/87/8 604/31/8 605/30/8
f 603/33/8 604/31/8 672/141/8
f 628/78/8 629/87/8 605/30/8
f 628/78/8 605/30/8 606/28/8
f 602/34/8 603/33/8 672/141/8
f 628/78/8 606/28/8 607/26/8
f 601/36/8 602/34/8 672/141/8
f 628/78/8 607/26/8 608/25/8
f 627/53/8 628/78/8 608/25/8
f 600/37/8 601/36/8 672/141/8
f 627/53/8 608/25/8 609/23/8
f 626/43/8 627/53/8 609/23/8
f 599/38/8 600/37/8 672/141/8
f 625/39/8 626/43/8 609/23/8
f 625/39/8 609/23/8 610/22/8
f 624/35/8 625/39/8 610/22/8
f 598/40/8 599/38/8 672/141/8
f 624/35/8 610/22/8 611/20/8
f 623/32/8 624/35/8 611/20/8
f 598/40/8 672/141/8 673/142/8
f 622/29/8 623/32/8 611/20/8
f 622/29/8 611/20/8 612/19/8
f 597/41/8 598/40/8 673/142/8
f 621/27/8 622/29/8 612/19/8
f 621/27/8 612/19/8 613/17/8
f 620/24/8 621/27/8 613/17/8
f 596/42/8 597/41/8 673/142/8
f 620/24/8 613/17/8 614/16/8
f 619/21/8 620/24/8 614/16/8
f 618/18/8 619/21/8 614/16/8
f 618/18/8 614/16/8 615/13/8
f 617/14/8 618/18/8 615/13/8
f 617/14/8 615/13/8 616/15/8
f 595/44/8 596/42/8 673/142/8
f 595/44/8 673/142/8 674/143/8
f 594/45/8 595/44/8 674/143/8
f 593/46/8 594/45/8 674/143/8
f 592/47/8 593/46/8 674/143/8
f 592/47/8 674/143/8 675/144/8
f 591/55/8 592/47/8 675/144/8
f 590/59/8 591/55/8 675/144/8
f 589/62/8 590/59/8 675/144/8
f 588/65/8 589/62/8 675/144/8
f 587/68/8 588/65/8 675/144/8
f 586/71/8 587/68/8 675/144/8
f 586/71/8 675/144/8 676/146/8
f 585/72/8 586/71/8 676/146/8
f 584/74/8 585/72/8 676/146/8
f 583/77/8 584/74/8 676/146/8
f 582/79/8 583/77/8 676/146/8
f 582/79/8 676/146/8 677/147/8
f 581/81/8 582/79/8 677/147/8
f 580/82/8 581/81/8 677/147/8
f 579/80/8 580/82/8 677/147/8
f 579/80/8 677/147/8 678/149/8
f 578/76/8 579/80/8 678/149/8
f 577/73/8 578/76/8 678/149/8
f 577/73/8 678/149/8 679/151/8
f 576/69/8 577/73/8 679/151/8
f 575/67/8 576/69/8 679/151/8
f 574/64/8 575/67/8 679/151/8
f 574/64/8 679/151/8 680/153/8
f 573/61/8 574/64/8 680/153/8
f 572/58/8 573/61/8 680/153/8
f 572/58/8 680/153/8 681/155/8
f 571/56/8 572/58/8 681/155/8
f 570/52/8 571/56/8 681/155/8
f 569/49/8 570/52/8 681/155/8
f 569/49/8 681/155/8 682/157/8
f 568/48/8 569/49/8 682/157/8
f 567/50/8 568/48/8 682/157/8
f 566/51/8 567/50/8 682/157/8
f 565/54/8 566/51/8 682/157/8
f 564/57/8 565/54/8 682/157/8
f 564/57/8 682/157/8 683/159/8
f 563/60/8 564/57/8 683/159/8
f 562/63/8 563/60/8 683/159/8
f 561/66/8 562/63/8 683/159/8
f 560/70/8 561/66/8 683/159/8
f 559/75/8 560/70/8 683/159/8
f 558/83/8 559/75/8 683/159/8
f 557/84/8 558/83/8 683/159/8
f 556/85/8 557/84/8 683/159/8
f 556/85/8 683/159/8 684/161/8
f 555/86/8 556/85/8 684/161/8
f 554/89/8 555/86/8 684/161/8
f 554/89/8 684/161/8 685/163/8
f 553/91/8 554/89/8 685/163/8
f 552/93/8 553/91/8 685/163/8
f 552/93/8 685/163/8 686/165/8
f 551/95/8 552/93/8 686/165/8
f 551/95/8 686/165/8 687/171/8
f 550/97/8 551/95/8 687/171/8
f 550/97/8 687/171/8 688/178/8
f 549/99/8 550/97/8 688/178/8
f 549/99/8 688/178/8 521/180/8
f 549/99/8 521/180/8 522/179/8
f 549/99/8 522/179/8 523/177/8
f 549/99/8 523/177/8 524/176/8
f 548/101/8 549/99/8 524/176/8
f 548/101/8 524/176/8 525/175/8
f 548/101/8 525/175/8 526/174/8
f 548/101/8 526/174/8 527/173/8
f 548/101/8 527/173/8 528/172/8
f 548/101/8 528/172/8 529/170/8
f 548/101/8 529/170/8 530/169/8
f 547/103/8 548/101/8 530/169/8
f 547/103/8 530/169/8 531/168/8
f 547/103/8 531/168/8 532/167/8
f 547/103/8 532/167/8 533/166/8
f 547/103/8 533/166/8 534/164/8
f 546/106/8 547/103/8 534/164/8
f 546/106/8 534/164/8 535/162/8
f 546/106/8 535/162/8 536/160/8
f 546/106/8 536/160/8 537/158/8
f 545/109/8 546/106/8 537/158/8
f 545/109/8 537/158/8 538/156/8
f 545/109/8 538/156/8 539/154/8
f 545/109/8 539/154/8 540/152/8
f 544/140/8 545/109/8 540/152/8
f 544/140/8 540/152/8 541/150/8
f 544/140/8 541/150/8 542/148/8
f 544/140/8 542/148/8 543/145/8
s 1
f 692/181/9 689/180/10 690/182/10
f 694/183/11 691/184/9 692/181/9
f 696/185/12 693/186/11 694/183/11
f 698/187/13 695/188/12 696/185/12
f 700/189/14 697/190/13 698/187/13
f 702/191/15 699/192/14 700/189/14
f 704/193/16 701/194/15 702/191/15
f 706/195/17 703/196/18 704/193/16
f 708/197/19 705/198/20 706/195/17
f 710/199/21 707/200/19 708/197/19
f 712/201/22 709/202/21 710/199/21
f 714/203/23 711/204/24 712/201/22
f 716/205/25 713/206/23 714/203/23
f 718/207/26 715/208/25 716/205/25
f 720/209/27 717/210/26 718/207/26
f 722/211/28 719/212/27 720/209/27
f 724/213/29 721/214/28 722/211/28
f 726/215/30 723/216/29 724/213/29
f 728/217/31 725/218/30 726/215/30
f 730/219/32 727/220/31 728/217/31
f 732/221/33 729/222/32 730/219/32
f 734/223/34 731/224/33 732/221/33
f 736/225/35 733/226/34 734/223/34
f 738/227/36 735/228/35 736/225/35
f 740/229/37 737/230/36 738/227/36
f 742/231/38 739/232/37 740/229/37
f 744/233/39 741/234/38 742/231/38
f 746/235/40 743/236/39 744/233/39
f 748/237/41 745/238/40 746/235/40
f 750/239/42 747/240/41 748/237/41
f 752/241/43 749/242/42 750/239/42
f 754/243/44 751/244/43 752/241/43
f 756/245/45 753/246/44 754/243/44
f 758/247/46 755/248/45 756/245/45
f 760/249/47 757/250/46 758/247/46
f 762/251/48 759/252/47 760/249/47
f 764/253/49 761/254/48 762/251/48
f 766/255/50 763/256/51 764/253/49
f 768/257/52 765/258/50 766/255/50
f 770/259/53 767/260/52 768/257/52
f 772/261/54 769/262/53 770/259/53
f 774/263/55 771/264/56 772/261/54
f 776/265/57 773/266/55 774/263/55
f 778/267/58 775/268/57 776/265/57
f 780/269/59 777/270/58 778/267/58
f 782/271/60 779/272/59 780/269/59
f 784/273/61 781/274/60 782/271/60
f 786/275/62 783/276/61 784/273/61
f 788/277/63 785/278/62 786/275/62
f 790/279/64 787/280/65 788/277/63
f 792/281/66 789/282/64 790/279/64
f 794/283/67 791/284/66 792/281/66
f 796/285/68 793/286/67 794/283/67
f 798/287/69 795/288/68 796/285/68
f 800/289/70 797/290/69 798/287/69
f 802/291/71 799/292/70 800/289/70
f 804/293/70 801/294/71 802/291/71
f 806/295/69 803/296/70 804/293/70
f 808/297/72 805/298/69 806/295/69
f 810/299/73 807/300/72 808/297/72
f 812/301/74 809/302/73 810/299/73
f 814/303/57 811/304/74 812/301/74
f 816/305/75 813/306/57 814/303/57
f 818/307/76 815/308/75 816/305/75
f 820/309/77 817/310/76 818/307/76
f 822/311/76 819/312/77 820/309/77
f 824/313/75 821/314/76 822/311/76
f 826/315/57 823/316/75 824/313/75
f 828/317/74 825/318/57 826/315/57
f 830/319/73 827/320/74 828/317/74
f 832/321/78 829/322/73 830/319/73
f 834/323/79 831/324/78 832/321/78
f 836/325/80 833/326/79 834/323/79
f 838/327/81 835/328/80 836/325/80
f 840/329/82 837/330/81 838/327/81
f 842/331/83 839/332/84 840/329/82
f 844/333/85 841/334/83 842/331/83
f 846/335/86 843/336/85 844/333/85
f 848/337/87 845/338/86 846/335/86
f 850/339/88 847/340/89 848/337/87
f 852/341/90 849/342/88 850/339/88
f 854/343/91 851/344/90 852/341/90
f 856/345/92 853/346/91 854/343/91
f 858/347/93 855/348/92 856/345/92
f 860/349/94 857/350/93 858/347/93
f 862/351/95 859/352/94 860/349/94
f 864/353/96 861/354/95 862/351/95
f 866/355/97 863/356/96 864/353/96
f 868/357/98 865/358/97 866/355/97
f 870/359/99 867/360/98 868/357/98
f 872/361/100 869/362/99 870/359/99
f 874/363/101 871/364/100 872/361/100
f 876/365/102 873/366/101 874/363/101
f 878/367/103 875/368/102 876/365/102
f 880/369/104 877/370/103 878/367/103
f 882/371/105 879/372/104 880/369/104
f 884/373/106 881/374/105 882/371/105
f 886/375/107 883/376/106 884/373/106
f 888/377/108 885/378/107 886/375/107
f 890/379/109 887/380/108 888/377/108
f 892/381/110 889/382/109 890/379/109
f 894/383/111 891/384/110 892/381/110
f 896/385/112 893/386/111 894/383/111
f 898/387/113 895/388/112 896/385/112
f 900/389/114 897/390/113 898/387/113
f 902/391/115 899/392/114 900/389/114
f 904/393/116 901/394/115 902/391/115
f 906/395/117 903/396/116 904/393/116
f 908/397/118 905/398/117 906/395/117
f 910/399/119 907/400/118 908/397/118
f 912/401/120 909/402/119 910/399/119
f 914/403/121 911/404/122 912/401/120
f 916/405/123 913/406/121 914/403/121
f 918/407/124 915/408/123 916/405/123
f 920/409/125 917/410/124 918/407/124
f 922/411/126 919/412/125 920/409/125
f 924/413/127 921/414/126 922/411/126
f 926/415/128 923/416/127 924/413/127
f 928/417/129 925/418/128 926/415/128
f 930/419/130 927/420/129 928/417/129
f 932/421/131 929/422/130 930/419/130
f 934/423/132 931/424/131 932/421/131
f 936/425/133 933/426/132 934/423/132
f 938/427/134 935/428/133 936/425/133
f 940/429/135 937/430/134 938/427/134
f 942/431/136 939/432/135 940/429/135
f 944/433/137 941/434/136 942/431/136
f 946/435/138 943/436/137 944/433/137
f 948/437/139 945/438/138 946/435/138
f 950/439/140 947/440/139 948/437/139
f 952/441/141 949/442/140 950/439/140
f 954/443/142 951/444/141 952/441/141
f 956/445/143 953/446/142 954/443/142
f 958/447/144 955/448/143 956/445/143
f 960/449/145 957/450/144 958/447/144
f 962/451/146 959/452/145 960/449/145
f 964/453/147 961/454/146 962/451/146
f 966/455/148 963/456/147 964/453/147
f 968/457/149 965/458/148 966/455/148
f 970/459/150 967/460/149 968/457/149
f 972/461/151 969/462/150 970/459/150
f 974/463/152 971/464/151 972/461/151
f 976/465/153 973/466/152 974/463/152
f 978/467/154 975/468/153 976/465/153
f 980/469/155 977/470/154 978/467/154
f 982/471/156 979/472/155 980/469/155
f 984/473/157 981/474/156 982/471/156
f 986/475/158 983/476/157 984/473/157
f 988/477/159 985/478/158 986/475/158
f 990/479/160 987/480/159 988/477/159
f 992/481/161 989/482/160 990/479/160
f 994/483/162 991/484/161 992/481/161
f 996/485/163 993/486/162 994/483/162
f 998/487/164 995/488/163 996/485/163
f 1000/489/165 997/490/164 998/487/164
f 1002/491/166 999/492/165 1000/489/165
f 1004/493/167 1001/494/166 1002/491/166
f 1006/495/168 1003/496/167 1004/493/167
f 1008/497/169 1005/498/168 1006/495/168
f 1010/499/170 1007/500/169 1008/497/169
f 1012/501/171 1009/502/170 1010/499/170
f 1014/503/172 1011/504/171 1012/501/171
f 1016/505/173 1013/506/172 1014/503/172
f 1018/507/174 1015/508/173 1016/505/173
f 1020/509/175 1017/510/174 1018/507/174
f 1022/511/176 1019/512/175 1020/509/175
f 1024/513/177 1021/514/178 1022/511/176
f 690/515/10 1023/516/177 1024/513/177
f 1028/181/179 1025/180/180 1026/182/180
f 1030/183/181 1027/184/179 1028/181/179
f 1032/185/182 1029/186/181 1030/183/181
f 1034/187/183 1031/188/182 1032/185/182
f 1036/189/184 1033/190/183 1034/187/183
f 1038/191/183 1035/192/184 1036/189/184
f 1040/193/182 1037/194/183 1038/191/183
f 1042/195/181 1039/196/182 1040/193/182
f 1044/197/179 1041/198/181 1042/195/181
f 1046/199/180 1043/200/179 1044/197/179
f 1048/201/185 1045/202/180 1046/199/180
f 1050/203/186 1047/204/185 1048/201/185
f 1052/205/187 1049/206/186 1050/203/186
f 1054/207/188 1051/208/187 1052/205/187
f 1056/209/189 1053/210/188 1054/207/188
f 1058/211/190 1055/212/189 1056/209/189
f 1060/213/191 1057/214/190 1058/211/190
f 1062/215/192 1059/216/191 1060/213/191
f 1064/217/193 1061/218/192 1062/215/192
f 1066/219/194 1063/220/193 1064/217/193
f 1068/221/195 1065/222/194 1066/219/194
f 1070/223/196 1067/224/195 1068/221/195
f 1072/225/197 1069/226/196 1070/223/196
f 1074/227/198 1071/228/197 1072/225/197
f 1076/229/199 1073/230/198 1074/227/198
f 1078/231/200 1075/232/199 1076/229/199
f 1080/233/201 1077/234/200 1078/231/200
f 1082/235/202 1079/236/201 1080/233/201
f 1084/237/203 1081/238/202 1082/235/202
f 1086/239/204 1083/240/203 1084/237/203
f 1088/241/205 1085/242/204 1086/239/204
f 1090/243/206 1087/244/205 1088/241/205
f 1092/245/207 1089/246/206 1090/243/206
f 1094/247/208 1091/248/207 1092/245/207
f 1096/249/209 1093/250/208 1094/247/208
f 1098/251/210 1095/252/209 1096/249/209
f 1100/253/211 1097/254/210 1098/251/210
f 1102/255/212 1099/256/211 1100/253/211
f 1104/257/213 1101/258/212 1102/255/212
f 1106/259/214 1103/260/213 1104/257/213
f 1108/261/215 1105/262/214 1106/259/214
f 1110/263/216 1107/264/217 1108/261/215
f 1112/265/218 1109/266/216 1110/263/216
f 1114/267/219 1111/268/218 1112/265/218
f 1116/269/220 1113/270/219 1114/267/219
f 1118/271/221 1115/272/220 1116/269/220
f 1120/273/222 1117/274/221 1118/271/221
f 1122/275/223 1119/276/222 1120/273/222
f 1124/277/224 1121/278/223 1122/275/223
f 1126/279/225 1123/280/224 1124/277/224
f 1128/281/226 1125/282/225 1126/279/225
f 1130/283/227 1127/284/226 1128/281/226
f 1132/285/228 1129/286/227 1130/283/227
f 1134/287/227 1131/288/228 1132/285/228
f 1136/289/226 1133/290/227 1134/287/227
f 1138/291/225 1135/292/226 1136/289/226
f 1140/293/224 1137/294/225 1138/291/225
f 1142/295/223 1139/296/224 1140/293/224
f 1144/297/229 1141/298/223 1142/295/223
f 1146/299/230 1143/300/229 1144/297/229
f 1148/301/231 1145/302/230 1146/299/230
f 1150/303/232 1147/304/231 1148/301/231
f 1152/305/233 1149/306/232 1150/303/232
f 1154/307/234 1151/308/233 1152/305/233
f 1156/309/235 1153/310/234 1154/307/234
f 1158/311/236 1155/312/235 1156/309/235
f 1160/313/237 1157/314/236 1158/311/236
f 1162/315/238 1159/316/237 1160/313/237
f 1164/317/239 1161/318/238 1162/315/238
f 1166/319/114 1163/320/239 1164/317/239
f 1168/321/240 1165/322/114 1166/319/114
f 1170/323/241 1167/324/240 1168/321/240
f 1172/325/242 1169/326/241 1170/323/241
f 1174/327/243 1171/328/242 1172/325/242
f 1176/329/244 1173/330/243 1174/327/243
f 1178/331/245 1175/332/244 1176/329/244
f 1180/333/246 1177/334/245 1178/331/245
f 1182/335/247 1179/336/246 1180/333/246
f 1184/337/248 1181/338/247 1182/335/247
f 1186/339/249 1183/340/248 1184/337/248
f 1188/341/250 1185/342/249 1186/339/249
f 1190/343/251 1187/344/250 1188/341/250
f 1192/345/252 1189/346/251 1190/343/251
f 1194/347/253 1191/348/252 1192/345/252
f 1196/349/254 1193/350/253 1194/347/253
f 1198/351/255 1195/352/254 1196/349/254
f 1200/353/256 1197/354/255 1198/351/255
f 1202/355/257 1199/356/256 1200/353/256
f 1204/357/258 1201/358/259 1202/355/257
f 1206/359/260 1203/360/258 1204/357/258
f 1208/361/261 1205/362/260 1206/359/260
f 1210/363/262 1207/364/261 1208/361/261
f 1212/365/263 1209/366/262 1210/363/262
f 1214/367/264 1211/368/263 1212/365/263
f 1216/369/265 1213/370/264 1214/367/264
f 1218/371/266 1215/372/265 1216/369/265
f 1220/373/267 1217/374/266 1218/371/266
f 1222/375/268 1219/376/267 1220/373/267
f 1224/377/269 1221/378/268 1222/375/268
f 1226/379/270 1223/380/269 1224/377/269
f 1228/381/271 1225/382/270 1226/379/270
f 1230/383/272 1227/384/271 1228/381/271
f 1232/385/273 1229/386/272 1230/383/272
f 1234/387/274 1231/388/273 1232/385/273
f 1236/389/275 1233/390/274 1234/387/274
f 1238/391/276 1235/392/275 1236/389/275
f 1240/393/277 1237/394/276 1238/391/276
f 1242/395/278 1239/396/277 1240/393/277
f 1244/397/279 1241/398/278 1242/395/278
f 1246/399/280 1243/400/279 1244/397/279
f 1248/401/281 1245/402/280 1246/399/280
f 1250/403/282 1247/404/281 1248/401/281
f 1252/405/283 1249/406/282 1250/403/282
f 1254/407/284 1251/408/283 1252/405/283
f 1256/409/285 1253/410/284 1254/407/284
f 1258/411/286 1255/412/285 1256/409/285
f 1260/413/287 1257/414/286 1258/411/286
f 1262/415/288 1259/416/287 1260/413/287
f 1264/417/289 1261/418/288 1262/415/288
f 1266/419/290 1263/420/289 1264/417/289
f 1268/421/291 1265/422/292 1266/419/290
f 1270/423/293 1267/424/294 1268/421/291
f 1272/425/295 1269/426/293 1270/423/293
f 1274/427/296 1271/428/295 1272/425/295
f 1276/429/297 1273/430/296 1274/427/296
f 1278/431/298 1275/432/297 1276/429/297
f 1280/433/299 1277/434/298 1278/431/298
f 1282/435/300 1279/436/299 1280/433/299
f 1284/437/301 1281/438/300 1282/435/300
f 1286/439/302 1283/440/301 1284/437/301
f 1288/441/303 1285/442/302 1286/439/302
f 1290/443/304 1287/444/303 1288/441/303
f 1292/445/305 1289/446/304 1290/443/304
f 1294/447/306 1291/448/305 1292/445/305
f 1296/449/307 1293/450/308 1294/447/306
f 1298/451/309 1295/452/307 1296/449/307
f 1300/453/310 1297/454/309 1298/451/309
f 1302/455/309 1299/456/310 1300/453/310
f 1304/457/307 1301/458/309 1302/455/309
f 1306/459/306 1303/460/307 1304/457/307
f 1308/461/305 1305/462/308 1306/459/306
f 1310/463/304 1307/464/305 1308/461/305
f 1312/465/311 1309/466/304 1310/463/304
f 1314/467/312 1311/468/311 1312/465/311
f 1316/469/313 1313/470/312 1314/467/312
f 1318/471/314 1315/472/313 1316/469/313
f 1320/473/315 1317/474/314 1318/471/314
f 1322/475/316 1319/476/315 1320/473/315
f 1324/477/317 1321/478/316 1322/475/316
f 1326/479/318 1323/480/317 1324/477/317
f 1328/481/319 1325/482/318 1326/479/318
f 1330/483/320 1327/484/319 1328/481/319
f 1332/485/321 1329/486/320 1330/483/320
f 1334/487/322 1331/488/323 1332/485/321
f 1336/489/324 1333/490/322 1334/487/322
f 1338/491/325 1335/492/324 1336/489/324
f 1340/493/326 1337/494/325 1338/491/325
f 1342/495/327 1339/496/326 1340/493/326
f 1344/497/328 1341/498/327 1342/495/327
f 1346/499/329 1343/500/328 1344/497/328
f 1348/501/330 1345/502/329 1346/499/329
f 1350/503/331 1347/504/330 1348/501/330
f 1352/505/332 1349/506/331 1350/503/331
f 1354/507/333 1351/508/332 1352/505/332
f 1356/509/334 1353/510/333 1354/507/333
f 1358/511/335 1355/512/334 1356/509/334
f 1360/513/336 1357/514/335 1358/511/335
f 1026/515/180 1359/516/336 1360/513/336
f 692/181/9 691/184/9 689/180/10
f 694/183/11 693/186/11 691/184/9
f 696/185/12 695/188/12 693/186/11
f 698/187/13 697/190/13 695/188/12
f 700/189/14 699/192/14 697/190/13
f 702/191/15 701/194/15 699/192/14
f 704/193/16 703/196/18 701/194/15
f 706/195/17 705/198/20 703/196/18
f 708/197/19 707/200/19 705/198/20
f 710/199/21 709/202/21 707/200/19
f 712/201/22 711/204/24 709/202/21
f 714/203/23 713/206/23 711/204/24
f 716/205/25 715/208/25 713/206/23
f 718/207/26 717/210/26 715/208/25
f 720/209/27 719/212/27 717/210/26
f 722/211/28 721/214/28 719/212/27
f 724/213/29 723/216/29 721/214/28
f 726/215/30 725/218/30 723/216/29
f 728/217/31 727/220/31 725/218/30
f 730/219/32 729/222/32 727/220/31
f 732/221/33 731/224/33 729/222/32
f 734/223/34 733/226/34 731/224/33
f 736/225/35 735/228/35 733/226/34
f 738/227/36 737/230/36 735/228/35
f 740/229/37 739/232/37 737/230/36
f 742/231/38 741/234/38 739/232/37
f 744/233/39 743/236/39 741/234/38
f 746/235/40 745/238/40 743/236/39
f 748/237/41 747/240/41 745/238/40
f 750/239/42 749/242/42 747/240/41
f 752/241/43 751/244/43 749/242/42
f 754/243/44 753/246/44 751/244/43
f 756/245/45 755/248/45 753/246/44
f 758/247/46 757/250/46 755/248/45
f 760/249/47 759/252/47 757/250/46
f 762/251/48 761/254/48 759/252/47
f 764/253/49 763/256/51 761/254/48
f 766/255/50 765/258/50 763/256/51
f 768/257/52 767/260/52 765/258/50
f 770/259/53 769/262/53 767/260/52
f 772/261/54 771/264/56 769/262/53
f 774/263/55 773/266/55 771/264/56
f 776/265/57 775/268/57 773/266/55
f 778/267/58 777/270/58 775/268/57
f 780/269/59 779/272/59 777/270/58
f 782/271/60 781/274/60 779/272/59
f 784/273/61 783/276/61 781/274/60
f 786/275/62 785/278/62 783/276/61
f 788/277/63 787/280/65 785/278/62
f 790/279/64 789/282/64 787/280/65
f 792/281/66 791/284/66 789/282/64
f 794/283/67 793/286/67 791/284/66
f 796/285/68 795/288/68 793/286/67
f 798/287/69 797/290/69 795/288/68
f 800/289/70 799/292/70 797/290/69
f 802/291/71 801/294/71 799/292/70
f 804/293/70 803/296/70 801/294/71
f 806/295/69 805/298/69 803/296/70
f 808/297/72 807/300/72 805/298/69
f 810/299/73 809/302/73 807/300/72
f 812/301/74 811/304/74 809/302/73
f 814/303/57 813/306/57 811/304/74
f 816/305/75 815/308/75 813/306/57
f 818/307/76 817/310/76 815/308/75
f 820/309/77 819/312/77 817/310/76
f 822/311/76 821/314/76 819/312/77
f 824/313/75 823/316/75 821/314/76
f 826/315/57 825/318/57 823/316/75
f 828/317/74 827/320/74 825/318/57
f 830/319/73 829/322/73 827/320/74
f 832/321/78 831/324/78 829/322/73
f 834/323/79 833/326/79 831/324/78
f 836/325/80 835/328/80 833/326/79
f 838/327/81 837/330/81 835/328/80
f 840/329/82 839/332/84 837/330/81
f 842/331/83 841/334/83 839/332/84
f 844/333/85 843/336/85 841/334/83
f 846/335/86 845/338/86 843/336/85
f 848/337/87 847/340/89 845/338/86
f 850/339/88 849/342/88 847/340/89
f 852/341/90 851/344/90 849/342/88
f 854/343/91 853/346/91 851/344/90
f 856/345/92 855/348/92 853/346/91
f 858/347/93 857/350/93 855/348/92
f 860/349/94 859/352/94 857/350/93
f 862/351/95 861/354/95 859/352/94
f 864/353/96 863/356/96 861/354/95
f 866/355/97 865/358/97 863/356/96
f 868/357/98 867/360/98 865/358/97
f 870/359/99 869/362/99 867/360/98
f 872/361/100 871/364/100 869/362/99
f 874/363/101 873/366/101 871/364/100
f 876/365/102 875/368/102 873/366/101
f 878/367/103 877/370/103 875/368/102
f 880/369/104 879/372/104 877/370/103
f 882/371/105 881/374/105 879/372/104
f 884/373/106 883/376/106 881/374/105
f 886/375/107 885/378/107 883/376/106
f 888/377/108 887/380/108 885/378/107
f 890/379/109 889/382/109 887/380/108
f 892/381/110 891/384/110 889/382/109
f 894/383/111 893/386/111 891/384/110
f 896/385/112 895/388/112 893/386/111
f 898/387/113 897/390/113 895/388/112
f 900/389/114 899/392/114 897/390/113
f 902/391/115 901/394/115 899/392/114
f 904/393/116 903/396/116 901/394/115
f 906/395/117 905/398/117 903/396/116
f 908/397/118 907/400/118 905/398/117
f 910/399/119 909/402/119 907/400/118
f 912/401/120 911/404/122 909/402/119
f 914/403/121 913/406/121 911/404/122
f 916/405/123 915/408/123 913/406/121
f 918/407/124 917/410/124 915/408/123
f 920/409/125 919/412/125 917/410/124
f 922/411/126 921/414/126 919/412/125
f 924/413/127 923/416/127 921/414/126
f 926/415/128 925/418/128 923/416/127
f 928/417/129 927/420/129 925/418/128
f 930/419/130 929/422/130 927/420/129
f 932/421/131 931/424/131 929/422/130
f 934/423/132 933/426/132 931/424/131
f 936/425/133 935/428/133 933/426/132
f 938/427/134 937/430/134 935/428/133
f 940/429/135 939/432/135 937/430/134
f 942/431/136 941/434/136 939/432/135
f 944/433/137 943/436/137 941/434/136
f 946/435/138 945/438/138 943/436/137
f 948/437/139 947/440/139 945/438/138
f 950/439/140 949/442/140 947/440/139
f 952/441/141 951/444/141 949/442/140
f 954/443/142 953/446/142 951/444/141
f 956/445/143 955/448/143 953/446/142
f 958/447/144 957/450/144 955/448/143
f 960/449/145 959/452/145 957/450/144
f 962/451/146 961/454/146 959/452/145
f 964/453/147 963/456/147 961/454/146
f 966/455/148 965/458/148 963/456/147
f 968/457/149 967/460/149 965/458/148
f 970/459/150 969/462/150 967/460/149
f 972/461/151 971/464/151 969/462/150
f 974/463/152 973/466/152 971/464/151
f 976/465/153 975/468/153 973/466/152
f 978/467/154 977/470/154 975/468/153
f 980/469/155 979/472/155 977/470/154
f 982/471/156 981/474/156 979/472/155
f 984/473/157 983/476/157 981/474/156
f 986/475/158 985/478/158 983/476/157
f 988/477/159 987/480/159 985/478/158
f 990/479/160 989/482/160 987/480/159
f 992/481/161 991/484/161 989/482/160
f 994/483/162 993/486/162 991/484/161
f 996/485/163 995/488/163 993/486/162
f 998/487/164 997/490/164 995/488/163
f 1000/489/165 999/492/165 997/490/164
f 1002/491/166 1001/494/166 999/492/165
f 1004/493/167 1003/496/167 1001/494/166
f 1006/495/168 1005/498/168 1003/496/167
f 1008/497/169 1007/500/169 1005/498/168
f 1010/499/170 1009/502/170 1007/500/169
f 1012/501/171 1011/504/171 1009/502/170
f 1014/503/172 1013/506/172 1011/504/171
f 1016/505/173 1015/508/173 1013/506/172
f 1018/507/174 1017/510/174 1015/508/173
f 1020/509/175 1019/512/175 1017/510/174
f 1022/511/176 1021/514/178 1019/512/175
f 1024/513/177 1023/516/177 1021/514/178
f 690/515/10 689/178/10 1023/516/177
f 1028/181/179 1027/184/179 1025/180/180
f 1030/183/181 1029/186/181 1027/184/179
f 1032/185/182 1031/188/182 1029/186/181
f 1034/187/183 1033/190/183 1031/188/182
f 1036/189/184 1035/192/184 1033/190/183
f 1038/191/183 1037/194/183 1035/192/184
f 1040/193/182 1039/196/182 1037/194/183
f 1042/195/181 1041/198/181 1039/196/182
f 1044/197/179 1043/200/179 1041/198/181
f 1046/199/180 1045/202/180 1043/200/179
f 1048/201/185 1047/204/185 1045/202/180
f 1050/203/186 1049/206/186 1047/204/185
f 1052/205/187 1051/208/187 1049/206/186
f 1054/207/188 1053/210/188 1051/208/187
f 1056/209/189 1055/212/189 1053/210/188
f 1058/211/190 1057/214/190 1055/212/189
f 1060/213/191 1059/216/191 1057/214/190
f 1062/215/192 1061/218/192 1059/216/191
f 1064/217/193 1063/220/193 1061/218/192
f 1066/219/194 1065/222/194 1063/220/193
f 1068/221/195 1067/224/195 1065/222/194
f 1070/223/196 1069/226/196 1067/224/195
f 1072/225/197 1071/228/197 1069/226/196
f 1074/227/198 1073/230/198 1071/228/197
f 1076/229/199 1075/232/199 1073/230/198
f 1078/231/200 1077/234/200 1075/232/199
f 1080/233/201 1079/236/201 1077/234/200
f 1082/235/202 1081/238/202 1079/236/201
f 1084/237/203 1083/240/203 1081/238/202
f 1086/239/204 1085/242/204 1083/240/203
f 1088/241/205 1087/244/205 1085/242/204
f 1090/243/206 1089/246/206 1087/244/205
f 1092/245/207 1091/248/207 1089/246/206
f 1094/247/208 1093/250/208 1091/248/207
f 1096/249/209 1095/252/209 1093/250/208
f 1098/251/210 1097/254/210 1095/252/209
f 1100/253/211 1099/256/211 1097/254/210
f 1102/255/212 1101/258/212 1099/256/211
f 1104/257/213 1103/260/213 1101/258/212
f 1106/259/214 1105/262/214 1103/260/213
f 1108/261/215 1107/264/217 1105/262/214
f 1110/263/216 1109/266/216 1107/264/217
f 1112/265/218 1111/268/218 1109/266/216
f 1114/267/219 1113/270/219 1111/268/218
f 1116/269/220 1115/272/220 1113/270/219
f 1118/271/221 1117/274/221 1115/272/220
f 1120/273/222 1119/276/222 1117/274/221
f 1122/275/223 1121/278/223 1119/276/222
f 1124/277/224 1123/280/224 1121/278/223
f 1126/279/225 1125/282/225 1123/280/224
f 1128/281/226 1127/284/226 1125/282/225
f 1130/283/227 1129/286/227 1127/284/226
f 1132/285/228 1131/288/228 1129/286/227
f 1134/287/227 1133/290/227 1131/288/228
f 1136/289/226 1135/292/226 1133/290/227
f 1138/291/225 1137/294/225 1135/292/226
f 1140/293/224 1139/296/224 1137/294/225
f 1142/295/223 1141/298/223 1139/296/224
f 1144/297/229 1143/300/229 1141/298/223
f 1146/299/230 1145/302/230 1143/300/229
f 1148/301/231 1147/304/231 1145/302/230
f 1150/303/232 1149/306/232 1147/304/231
f 1152/305/233 1151/308/233 1149/306/232
f 1154/307/234 1153/310/234 1151/308/233
f 1156/309/235 1155/312/235 1153/310/234
f 1158/311/236 1157/314/236 1155/312/235
f 1160/313/237 1159/316/237 1157/314/236
f 1162/315/238 1161/318/238 1159/316/237
f 1164/317/239 1163/320/239 1161/318/238
f 1166/319/114 1165/322/114 1163/320/239
f 1168/321/240 1167/324/240 1165/322/114
f 1170/323/241 1169/326/241 1167/324/240
f 1172/325/242 1171/328/242 1169/326/241
f 1174/327/243 1173/330/243 1171/328/242
f 1176/329/244 1175/332/244 1173/330/243
f 1178/331/245 1177/334/245 1175/332/244
f 1180/333/246 1179/336/246 1177/334/245
f 1182/335/247 1181/338/247 1179/336/246
f 1184/337/248 1183/340/248 1181/338/247
f 1186/339/249 1185/342/249 1183/340/248
f 1188/341/250 1187/344/250 1185/342/249
f 1190/343/251 1189/346/251 1187/344/250
f 1192/345/252 1191/348/252 1189/346/251
f 1194/347/253 1193/350/253 1191/348/252
f 1196/349/254 1195/352/254 1193/350/253
f 1198/351/255 1197/354/255 1195/352/254
f 1200/353/256 1199/356/256 1197/354/255
f 1202/355/257 1201/358/259 1199/356/256
f 1204/357/258 1203/360/258 1201/358/259
f 1206/359/260 1205/362/260 1203/360/258
f 1208/361/261 1207/364/261 1205/362/260
f 1210/363/262 1209/366/262 1207/364/261
f 1212/365/263 1211/368/263 1209/366/262
f 1214/367/264 1213/370/264 1211/368/263
f 1216/369/265 1215/372/265 1213/370/264
f 1218/371/266 1217/374/266 1215/372/265
f 1220/373/267 1219/376/267 1217/374/266
f 1222/375/268 1221/378/268 1219/376/267
f 1224/377/269 1223/380/269 1221/378/268
f 1226/379/270 1225/382/270 1223/380/269
f 1228/381/271 1227/384/271 1225/382/270
f 1230/383/272 1229/386/272 1227/384/271
f 1232/385/273 1231/388/273 1229/386/272
f 1234/387/274 1233/390/274 1231/388/273
f 1236/389/275 1235/392/275 1233/390/274
f 1238/391/276 1237/394/276 1235/392/275
f 1240/393/277 1239/396/277 1237/394/276
f 1242/395/278 1241/398/278 1239/396/277
f 1244/397/279 1243/400/279 1241/398/278
f 1246/399/280 1245/402/280 1243/400/279
f 1248/401/281 1247/404/281 1245/402/280
f 1250/403/282 1249/406/282 1247/404/281
f 1252/405/283 1251/408/283 1249/406/282
f 1254/407/284 1253/410/284 1251/408/283
f 1256/409/285 1255/412/285 1253/410/284
f 1258/411/286 1257/414/286 1255/412/285
f 1260/413/287 1259/416/287 1257/414/286
f 1262/415/288 1261/418/288 1259/416/287
f 1264/417/289 1263/420/289 1261/418/288
f 1266/419/290 1265/422/292 1263/420/289
f 1268/421/291 1267/424/294 1265/422/292
f 1270/423/293 1269/426/293 1267/424/294
f 1272/425/295 1271/428/295 1269/426/293
f 1274/427/296 1273/430/296 1271/428/295
f 1276/429/297 1275/432/297 1273/430/296
f 1278/431/298 1277/434/298 1275/432/297
f 1280/433/299 1279/436/299 1277/434/298
f 1282/435/300 1281/438/300 1279/436/299
f 1284/437/301 1283/440/301 1281/438/300
f 1286/439/302 1285/442/302 1283/440/301
f 1288/441/303 1287/444/303 1285/442/302
f 1290/443/304 1289/446/304 1287/444/303
f 1292/445/305 1291/448/305 1289/446/304
f 1294/447/306 1293/450/308 1291/448/305
f 1296/449/307 1295/452/307 1293/450/308
f 1298/451/309 1297/454/309 1295/452/307
f 1300/453/310 1299/456/310 1297/454/309
f 1302/455/309 1301/458/309 1299/456/310
f 1304/457/307 1303/460/307 1301/458/309
f 1306/459/306 1305/462/308 1303/460/307
f 1308/461/305 1307/464/305 1305/462/308
f 1310/463/304 1309/466/304 1307/464/305
f 1312/465/311 1311/468/311 1309/466/304
f 1314/467/312 1313/470/312 1311/468/311
f 1316/469/313 1315/472/313 1313/470/312
f 1318/471/314 1317/474/314 1315/472/313
f 1320/473/315 1319/476/315 1317/474/314
f 1322/475/316 1321/478/316 1319/476/315
f 1324/477/317 1323/480/317 1321/478/316
f 1326/479/318 1325/482/318 1323/480/317
f 1328/481/319 1327/484/319 1325/482/318
f 1330/483/320 1329/486/320 1327/484/319
f 1332/485/321 1331/488/323 1329/486/320
f 1334/487/322 1333/490/322 1331/488/323
f 1336/489/324 1335/492/324 1333/490/322
f 1338/491/325 1337/494/325 1335/492/324
f 1340/493/326 1339/496/326 1337/494/325
f 1342/495/327 1341/498/327 1339/496/326
f 1344/497/328 1343/500/328 1341/498/327
f 1346/499/329 1345/502/329 1343/500/328
f 1348/501/330 1347/504/330 1345/502/329
f 1350/503/331 1349/506/331 1347/504/330
f 1352/505/332 1351/508/332 1349/506/331
f 1354/507/333 1353/510/333 1351/508/332
f 1356/509/334 1355/512/334 1353/510/333
f 1358/511/335 1357/514/335 1355/512/334
f 1360/513/336 1359/516/336 1357/514/335
f 1026/515/180 1025/178/180 1359/516/336
