# Blender 4.1.1
# www.blender.org
mtllib Text_1-5.mtl
o -
v -0.250688 -0.030241 -0.113593
v 0.261312 -0.030241 -0.113593
v 0.261312 0.019759 -0.113593
v -0.250688 0.019759 -0.113593
v -0.250688 -0.030241 0.086407
v 0.261312 -0.030241 0.086407
v 0.261312 0.019759 0.086407
v -0.250688 0.019759 0.086407
v -0.250688 -0.030241 0.086407
v -0.250688 -0.030241 -0.113593
v 0.261312 -0.030241 0.086407
v 0.261312 -0.030241 -0.113593
v 0.261312 0.019759 0.086407
v 0.261312 0.019759 -0.113593
v -0.250688 0.019759 0.086407
v -0.250688 0.019759 -0.113593
vn -0.0000 -0.0000 -1.0000
vn -0.0000 -0.0000 1.0000
vn 0.7071 -0.7071 -0.0000
vn -0.7071 -0.7071 -0.0000
vn 0.7071 0.7071 -0.0000
vn -0.7071 0.7071 -0.0000
vt 0.333333 0.000000
vt 1.000000 0.000000
vt 0.666667 0.000000
vt 0.000000 0.000000
vt 0.250000 1.000000
vt 0.000000 1.000000
vt 0.500000 1.000000
vt 0.250000 0.000000
vt 0.750000 1.000000
vt 0.500000 0.000000
vt 1.000000 1.000000
vt 0.750000 0.000000
s 0
usemtl マテリアル.001
f 2/1/1 4/2/1 3/3/1
f 2/1/1 1/4/1 4/2/1
f 6/1/2 7/3/2 8/2/2
f 6/1/2 8/2/2 5/4/2
s 1
f 12/5/3 9/4/4 10/6/4
f 14/7/5 11/8/3 12/5/3
f 16/9/6 13/10/5 14/7/5
f 10/11/4 15/12/6 16/9/6
f 12/5/3 11/8/3 9/4/4
f 14/7/5 13/10/5 11/8/3
f 16/9/6 15/12/6 13/10/5
f 10/11/4 9/2/4 15/12/6
o 1-5
v -0.482605 -0.195172 -0.090320
v -0.494468 -0.196175 -0.090320
v -0.506309 -0.197690 -0.090320
v -0.518135 -0.199589 -0.090320
v -0.529950 -0.201743 -0.090320
v -0.541759 -0.204026 -0.090320
v -0.553569 -0.206309 -0.090320
v -0.565384 -0.208464 -0.090320
v -0.577210 -0.210363 -0.090320
v -0.589051 -0.211877 -0.090320
v -0.600914 -0.212880 -0.090320
v -0.612804 -0.213243 -0.090320
v -0.625780 -0.212711 -0.090320
v -0.638146 -0.211102 -0.090320
v -0.649802 -0.208394 -0.090320
v -0.660651 -0.204567 -0.090320
v -0.670592 -0.199597 -0.090320
v -0.679528 -0.193465 -0.090320
v -0.687360 -0.186149 -0.090320
v -0.693990 -0.177628 -0.090320
v -0.699317 -0.167880 -0.090320
v -0.703245 -0.156884 -0.090320
v -0.705674 -0.144618 -0.090320
v -0.706506 -0.131061 -0.090320
v -0.705899 -0.123212 -0.090320
v -0.704145 -0.115821 -0.090320
v -0.701346 -0.108932 -0.090320
v -0.697602 -0.102587 -0.090320
v -0.693016 -0.096828 -0.090320
v -0.687689 -0.091699 -0.090320
v -0.681721 -0.087242 -0.090320
v -0.675215 -0.083499 -0.090320
v -0.668271 -0.080514 -0.090320
v -0.660992 -0.078329 -0.090320
v -0.653478 -0.076987 -0.090320
v -0.645830 -0.076530 -0.090320
v -0.636481 -0.077044 -0.090320
v -0.627230 -0.078464 -0.090320
v -0.618048 -0.080610 -0.090320
v -0.608907 -0.083300 -0.090320
v -0.599776 -0.086353 -0.090320
v -0.590627 -0.089587 -0.090320
v -0.581429 -0.092821 -0.090320
v -0.572154 -0.095873 -0.090320
v -0.562773 -0.098563 -0.090320
v -0.553255 -0.100709 -0.090320
v -0.543572 -0.102130 -0.090320
v -0.533695 -0.102644 -0.090320
v -0.517940 -0.102467 -0.090320
v -0.504367 -0.101808 -0.090320
v -0.492820 -0.100472 -0.090320
v -0.483146 -0.098263 -0.090320
v -0.475189 -0.094988 -0.090320
v -0.468795 -0.090451 -0.090320
v -0.463809 -0.084458 -0.090320
v -0.460076 -0.076814 -0.090320
v -0.457442 -0.067325 -0.090320
v -0.455752 -0.055796 -0.090320
v -0.454852 -0.042032 -0.090320
v -0.454586 -0.025839 -0.090320
v -0.454663 -0.017982 -0.090320
v -0.454885 -0.010154 -0.090320
v -0.455234 -0.002353 -0.090320
v -0.455695 0.005424 -0.090320
v -0.456253 0.013179 -0.090320
v -0.456890 0.020916 -0.090320
v -0.457591 0.028637 -0.090320
v -0.458341 0.036345 -0.090320
v -0.459122 0.044042 -0.090320
v -0.459920 0.051731 -0.090320
v -0.460717 0.059414 -0.090320
v -0.461498 0.067095 -0.090320
v -0.464909 0.096563 -0.090320
v -0.469200 0.122153 -0.090320
v -0.474675 0.144116 -0.090320
v -0.481638 0.162703 -0.090320
v -0.490393 0.178165 -0.090320
v -0.501245 0.190751 -0.090320
v -0.514496 0.200714 -0.090320
v -0.530452 0.208302 -0.090320
v -0.549416 0.213769 -0.090320
v -0.571692 0.217363 -0.090320
v -0.597584 0.219335 -0.090320
v -0.627397 0.219937 -0.090320
v -0.635846 0.219952 -0.090320
v -0.644298 0.219994 -0.090320
v -0.652755 0.220057 -0.090320
v -0.661220 0.220136 -0.090320
v -0.669695 0.220226 -0.090320
v -0.678184 0.220321 -0.090320
v -0.686689 0.220416 -0.090320
v -0.695213 0.220506 -0.090320
v -0.703758 0.220585 -0.090320
v -0.712327 0.220648 -0.090320
v -0.720922 0.220690 -0.090320
v -0.729547 0.220705 -0.090320
v -0.743537 0.220231 -0.090320
v -0.756660 0.218767 -0.090320
v -0.768850 0.216253 -0.090320
v -0.780040 0.212626 -0.090320
v -0.790162 0.207826 -0.090320
v -0.799152 0.201792 -0.090320
v -0.806941 0.194461 -0.090320
v -0.813464 0.185773 -0.090320
v -0.818653 0.175666 -0.090320
v -0.822442 0.164079 -0.090320
v -0.824765 0.150951 -0.090320
v -0.825554 0.136220 -0.090320
v -0.824858 0.128188 -0.090320
v -0.822869 0.121317 -0.090320
v -0.819733 0.115518 -0.090320
v -0.815597 0.110703 -0.090320
v -0.810608 0.106784 -0.090320
v -0.804912 0.103674 -0.090320
v -0.798656 0.101283 -0.090320
v -0.791987 0.099524 -0.090320
v -0.785051 0.098309 -0.090320
v -0.777995 0.097550 -0.090320
v -0.770966 0.097160 -0.090320
v -0.764110 0.097049 -0.090320
v -0.758926 0.097110 -0.090320
v -0.753741 0.097277 -0.090320
v -0.748557 0.097529 -0.090320
v -0.743372 0.097846 -0.090320
v -0.738188 0.098205 -0.090320
v -0.733004 0.098585 -0.090320
v -0.727819 0.098966 -0.090320
v -0.722635 0.099325 -0.090320
v -0.717451 0.099641 -0.090320
v -0.712266 0.099894 -0.090320
v -0.707082 0.100061 -0.090320
v -0.701898 0.100121 -0.090320
v -0.661191 0.100121 -0.090320
v -0.651214 0.099870 -0.090320
v -0.642370 0.099069 -0.090320
v -0.634609 0.097649 -0.090320
v -0.627881 0.095541 -0.090320
v -0.622133 0.092676 -0.090320
v -0.617316 0.088985 -0.090320
v -0.613380 0.084397 -0.090320
v -0.610272 0.078843 -0.090320
v -0.607944 0.072256 -0.090320
v -0.606343 0.064563 -0.090320
v -0.605420 0.055698 -0.090320
v -0.605123 0.045590 -0.090320
v -0.605462 0.042383 -0.090320
v -0.606421 0.039652 -0.090320
v -0.607920 0.037357 -0.090320
v -0.609874 0.035463 -0.090320
v -0.612202 0.033931 -0.090320
v -0.614820 0.032725 -0.090320
v -0.617646 0.031807 -0.090320
v -0.620598 0.031139 -0.090320
v -0.623593 0.030685 -0.090320
v -0.626547 0.030407 -0.090320
v -0.629379 0.030267 -0.090320
v -0.632005 0.030229 -0.090320
v -0.635254 0.030304 -0.090320
v -0.638477 0.030513 -0.090320
v -0.641678 0.030829 -0.090320
v -0.644863 0.031224 -0.090320
v -0.648037 0.031673 -0.090320
v -0.651206 0.032149 -0.090320
v -0.654376 0.032625 -0.090320
v -0.657550 0.033073 -0.090320
v -0.660735 0.033469 -0.090320
v -0.663936 0.033785 -0.090320
v -0.667159 0.033994 -0.090320
v -0.670408 0.034069 -0.090320
v -0.695246 0.033038 -0.090320
v -0.719282 0.029916 -0.090320
v -0.742256 0.024660 -0.090320
v -0.763911 0.017229 -0.090320
v -0.783986 0.007578 -0.090320
v -0.802224 -0.004333 -0.090320
v -0.818366 -0.018549 -0.090320
v -0.832153 -0.035112 -0.090320
v -0.843327 -0.054065 -0.090320
v -0.851628 -0.075449 -0.090320
v -0.856799 -0.099308 -0.090320
v -0.858580 -0.125685 -0.090320
v -0.856412 -0.155374 -0.090320
v -0.850131 -0.183278 -0.090320
v -0.840075 -0.209246 -0.090320
v -0.826578 -0.233127 -0.090320
v -0.809977 -0.254767 -0.090320
v -0.790607 -0.274015 -0.090320
v -0.768806 -0.290718 -0.090320
v -0.744908 -0.304726 -0.090320
v -0.719251 -0.315885 -0.090320
v -0.692169 -0.324044 -0.090320
v -0.663999 -0.329051 -0.090320
v -0.635077 -0.330754 -0.090320
v -0.613385 -0.330689 -0.090320
v -0.591914 -0.330235 -0.090320
v -0.570981 -0.329002 -0.090320
v -0.550905 -0.326601 -0.090320
v -0.532002 -0.322643 -0.090320
v -0.514590 -0.316737 -0.090320
v -0.498986 -0.308496 -0.090320
v -0.485507 -0.297529 -0.090320
v -0.474471 -0.283447 -0.090320
v -0.466195 -0.265861 -0.090320
v -0.460997 -0.244382 -0.090320
v -0.459194 -0.218619 -0.090320
v -0.459214 -0.216464 -0.090320
v -0.459290 -0.214242 -0.090320
v -0.459446 -0.211983 -0.090320
v -0.459706 -0.209715 -0.090320
v -0.460094 -0.207470 -0.090320
v -0.460634 -0.205274 -0.090320
v -0.461350 -0.203159 -0.090320
v -0.462266 -0.201153 -0.090320
v -0.463406 -0.199286 -0.090320
v -0.464794 -0.197587 -0.090320
v -0.466455 -0.196085 -0.090320
v -0.468411 -0.194810 -0.090320
v -0.470715 -0.194810 -0.090320
v 0.556084 -0.284271 -0.090320
v 0.557140 -0.286140 -0.090320
v 0.558260 -0.287972 -0.090320
v 0.559444 -0.289763 -0.090320
v 0.560692 -0.291512 -0.090320
v 0.562004 -0.293216 -0.090320
v 0.563380 -0.294872 -0.090320
v 0.564820 -0.296477 -0.090320
v 0.566324 -0.298028 -0.090320
v 0.567892 -0.299524 -0.090320
v 0.569524 -0.300961 -0.090320
v 0.571220 -0.302336 -0.090320
v 0.576528 -0.305911 -0.090320
v 0.582066 -0.308979 -0.090320
v 0.587806 -0.311577 -0.090320
v 0.593721 -0.313743 -0.090320
v 0.599787 -0.315515 -0.090320
v 0.605975 -0.316929 -0.090320
v 0.612259 -0.318024 -0.090320
v 0.618612 -0.318835 -0.090320
v 0.625008 -0.319402 -0.090320
v 0.631420 -0.319760 -0.090320
v 0.637821 -0.319947 -0.090320
v 0.644185 -0.320002 -0.090320
v 0.656905 -0.318513 -0.090320
v 0.667540 -0.314298 -0.090320
v 0.676275 -0.307737 -0.090320
v 0.683299 -0.299207 -0.090320
v 0.688797 -0.289089 -0.090320
v 0.692956 -0.277759 -0.090320
v 0.695964 -0.265597 -0.090320
v 0.698005 -0.252982 -0.090320
v 0.699269 -0.240292 -0.090320
v 0.699940 -0.227907 -0.090320
v 0.700206 -0.216204 -0.090320
v 0.700253 -0.205562 -0.090320
v 0.700252 -0.203435 -0.090320
v 0.700249 -0.201281 -0.090320
v 0.700241 -0.199106 -0.090320
v 0.700224 -0.196915 -0.090320
v 0.700197 -0.194713 -0.090320
v 0.700157 -0.192505 -0.090320
v 0.700100 -0.190298 -0.090320
v 0.700025 -0.188096 -0.090320
v 0.699929 -0.185905 -0.090320
v 0.699808 -0.183730 -0.090320
v 0.699661 -0.181576 -0.090320
v 0.699485 -0.179449 -0.090320
v 0.699147 -0.172329 -0.090320
v 0.698894 -0.165183 -0.090320
v 0.698716 -0.158015 -0.090320
v 0.698603 -0.150832 -0.090320
v 0.698542 -0.143637 -0.090320
v 0.698524 -0.136438 -0.090320
v 0.698539 -0.129238 -0.090320
v 0.698574 -0.122044 -0.090320
v 0.698621 -0.114860 -0.090320
v 0.698667 -0.107693 -0.090320
v 0.698702 -0.100547 -0.090320
v 0.698717 -0.093427 -0.090320
v 0.698687 -0.089779 -0.090320
v 0.698603 -0.086131 -0.090320
v 0.698477 -0.082482 -0.090320
v 0.698318 -0.078834 -0.090320
v 0.698139 -0.075186 -0.090320
v 0.697949 -0.071538 -0.090320
v 0.697758 -0.067889 -0.090320
v 0.697579 -0.064241 -0.090320
v 0.697421 -0.060593 -0.090320
v 0.697294 -0.056945 -0.090320
v 0.697211 -0.053297 -0.090320
v 0.697181 -0.049648 -0.090320
v 0.697241 -0.044073 -0.090320
v 0.697476 -0.037178 -0.090320
v 0.697961 -0.029307 -0.090320
v 0.698774 -0.020804 -0.090320
v 0.699992 -0.012013 -0.090320
v 0.701693 -0.003277 -0.090320
v 0.703954 0.005058 -0.090320
v 0.706852 0.012649 -0.090320
v 0.710465 0.019152 -0.090320
v 0.714871 0.024223 -0.090320
v 0.720145 0.027518 -0.090320
v 0.726366 0.028693 -0.090320
v 0.735034 0.027741 -0.090320
v 0.744056 0.025109 -0.090320
v 0.753308 0.021132 -0.090320
v 0.762664 0.016148 -0.090320
v 0.771998 0.010492 -0.090320
v 0.781186 0.004499 -0.090320
v 0.790102 -0.001493 -0.090320
v 0.798620 -0.007150 -0.090320
v 0.806615 -0.012134 -0.090320
v 0.813963 -0.016110 -0.090320
v 0.820537 -0.018742 -0.090320
v 0.826213 -0.019694 -0.090320
v 0.830831 -0.019202 -0.090320
v 0.834740 -0.017806 -0.090320
v 0.837997 -0.015626 -0.090320
v 0.840663 -0.012782 -0.090320
v 0.842796 -0.009394 -0.090320
v 0.844454 -0.005581 -0.090320
v 0.845696 -0.001465 -0.090320
v 0.846580 0.002835 -0.090320
v 0.847166 0.007199 -0.090320
v 0.847512 0.011508 -0.090320
v 0.847676 0.015640 -0.090320
v 0.847718 0.019476 -0.090320
v 0.847765 0.028380 -0.090320
v 0.847836 0.037394 -0.090320
v 0.847826 0.046466 -0.090320
v 0.847633 0.055546 -0.090320
v 0.847151 0.064583 -0.090320
v 0.846278 0.073528 -0.090320
v 0.844909 0.082328 -0.090320
v 0.842939 0.090933 -0.090320
v 0.840266 0.099293 -0.090320
v 0.836784 0.107357 -0.090320
v 0.832390 0.115075 -0.090320
v 0.826981 0.122395 -0.090320
v 0.817022 0.133364 -0.090320
v 0.805362 0.144611 -0.090320
v 0.792251 0.155901 -0.090320
v 0.777939 0.166998 -0.090320
v 0.762679 0.177669 -0.090320
v 0.746720 0.187679 -0.090320
v 0.730312 0.196792 -0.090320
v 0.713708 0.204775 -0.090320
v 0.697156 0.211392 -0.090320
v 0.680909 0.216410 -0.090320
v 0.665217 0.219592 -0.090320
v 0.650330 0.220705 -0.090320
v 0.643489 0.220647 -0.090320
v 0.636117 0.220431 -0.090320
v 0.628356 0.219997 -0.090320
v 0.620347 0.219283 -0.090320
v 0.612232 0.218227 -0.090320
v 0.604151 0.216769 -0.090320
v 0.596246 0.214846 -0.090320
v 0.588658 0.212399 -0.090320
v 0.581529 0.209364 -0.090320
v 0.575000 0.205682 -0.090320
v 0.569213 0.201290 -0.090320
v 0.564308 0.196127 -0.090320
v 0.555974 0.181928 -0.090320
v 0.549288 0.162984 -0.090320
v 0.544075 0.140216 -0.090320
v 0.540157 0.114544 -0.090320
v 0.537360 0.086887 -0.090320
v 0.535506 0.058167 -0.090320
v 0.534421 0.029302 -0.090320
v 0.533927 0.001214 -0.090320
v 0.533850 -0.025179 -0.090320
v 0.534013 -0.048955 -0.090320
v 0.534239 -0.069195 -0.090320
v 0.534354 -0.084979 -0.090320
v 0.534395 -0.097942 -0.090320
v 0.534557 -0.113094 -0.090320
v 0.534894 -0.129969 -0.090320
v 0.535463 -0.148101 -0.090320
v 0.536321 -0.167022 -0.090320
v 0.537522 -0.186265 -0.090320
v 0.539124 -0.205364 -0.090320
v 0.541181 -0.223853 -0.090320
v 0.543751 -0.241265 -0.090320
v 0.546888 -0.257132 -0.090320
v 0.550650 -0.270988 -0.090320
v 0.555091 -0.282367 -0.090320
v -0.482605 -0.195172 0.109680
v -0.494468 -0.196175 0.109680
v -0.506309 -0.197690 0.109680
v -0.518135 -0.199589 0.109680
v -0.529950 -0.201743 0.109680
v -0.541759 -0.204026 0.109680
v -0.553569 -0.206309 0.109680
v -0.565384 -0.208464 0.109680
v -0.577210 -0.210363 0.109680
v -0.589051 -0.211877 0.109680
v -0.600914 -0.212880 0.109680
v -0.612804 -0.213243 0.109680
v -0.625780 -0.212711 0.109680
v -0.638146 -0.211102 0.109680
v -0.649802 -0.208394 0.109680
v -0.660651 -0.204567 0.109680
v -0.670592 -0.199597 0.109680
v -0.679528 -0.193465 0.109680
v -0.687360 -0.186149 0.109680
v -0.693990 -0.177628 0.109680
v -0.699317 -0.167880 0.109680
v -0.703245 -0.156884 0.109680
v -0.705674 -0.144618 0.109680
v -0.706506 -0.131061 0.109680
v -0.705899 -0.123212 0.109680
v -0.704145 -0.115821 0.109680
v -0.701346 -0.108932 0.109680
v -0.697602 -0.102587 0.109680
v -0.693016 -0.096828 0.109680
v -0.687689 -0.091699 0.109680
v -0.681721 -0.087242 0.109680
v -0.675215 -0.083499 0.109680
v -0.668271 -0.080514 0.109680
v -0.660992 -0.078329 0.109680
v -0.653478 -0.076987 0.109680
v -0.645830 -0.076530 0.109680
v -0.636481 -0.077044 0.109680
v -0.627230 -0.078464 0.109680
v -0.618048 -0.080610 0.109680
v -0.608907 -0.083300 0.109680
v -0.599776 -0.086353 0.109680
v -0.590627 -0.089587 0.109680
v -0.581429 -0.092821 0.109680
v -0.572154 -0.095873 0.109680
v -0.562773 -0.098563 0.109680
v -0.553255 -0.100709 0.109680
v -0.543572 -0.102130 0.109680
v -0.533695 -0.102644 0.109680
v -0.517940 -0.102467 0.109680
v -0.504367 -0.101808 0.109680
v -0.492820 -0.100472 0.109680
v -0.483146 -0.098263 0.109680
v -0.475189 -0.094988 0.109680
v -0.468795 -0.090451 0.109680
v -0.463809 -0.084458 0.109680
v -0.460076 -0.076814 0.109680
v -0.457442 -0.067325 0.109680
v -0.455752 -0.055796 0.109680
v -0.454852 -0.042032 0.109680
v -0.454586 -0.025839 0.109680
v -0.454663 -0.017982 0.109680
v -0.454885 -0.010154 0.109680
v -0.455234 -0.002353 0.109680
v -0.455695 0.005424 0.109680
v -0.456253 0.013179 0.109680
v -0.456890 0.020916 0.109680
v -0.457591 0.028637 0.109680
v -0.458341 0.036345 0.109680
v -0.459122 0.044042 0.109680
v -0.459920 0.051731 0.109680
v -0.460717 0.059414 0.109680
v -0.461498 0.067095 0.109680
v -0.464909 0.096563 0.109680
v -0.469200 0.122153 0.109680
v -0.474675 0.144116 0.109680
v -0.481638 0.162703 0.109680
v -0.490393 0.178165 0.109680
v -0.501245 0.190751 0.109680
v -0.514496 0.200714 0.109680
v -0.530452 0.208302 0.109680
v -0.549416 0.213769 0.109680
v -0.571692 0.217363 0.109680
v -0.597584 0.219335 0.109680
v -0.627397 0.219937 0.109680
v -0.635846 0.219952 0.109680
v -0.644298 0.219994 0.109680
v -0.652755 0.220057 0.109680
v -0.661220 0.220136 0.109680
v -0.669695 0.220226 0.109680
v -0.678184 0.220321 0.109680
v -0.686689 0.220416 0.109680
v -0.695213 0.220506 0.109680
v -0.703758 0.220585 0.109680
v -0.712327 0.220648 0.109680
v -0.720922 0.220690 0.109680
v -0.729547 0.220705 0.109680
v -0.743537 0.220231 0.109680
v -0.756660 0.218767 0.109680
v -0.768850 0.216253 0.109680
v -0.780040 0.212626 0.109680
v -0.790162 0.207826 0.109680
v -0.799152 0.201792 0.109680
v -0.806941 0.194461 0.109680
v -0.813464 0.185773 0.109680
v -0.818653 0.175666 0.109680
v -0.822442 0.164079 0.109680
v -0.824765 0.150951 0.109680
v -0.825554 0.136220 0.109680
v -0.824858 0.128188 0.109680
v -0.822869 0.121317 0.109680
v -0.819733 0.115518 0.109680
v -0.815597 0.110703 0.109680
v -0.810608 0.106784 0.109680
v -0.804912 0.103674 0.109680
v -0.798656 0.101283 0.109680
v -0.791987 0.099524 0.109680
v -0.785051 0.098309 0.109680
v -0.777995 0.097550 0.109680
v -0.770966 0.097160 0.109680
v -0.764110 0.097049 0.109680
v -0.758926 0.097110 0.109680
v -0.753741 0.097277 0.109680
v -0.748557 0.097529 0.109680
v -0.743372 0.097846 0.109680
v -0.738188 0.098205 0.109680
v -0.733004 0.098585 0.109680
v -0.727819 0.098966 0.109680
v -0.722635 0.099325 0.109680
v -0.717451 0.099641 0.109680
v -0.712266 0.099894 0.109680
v -0.707082 0.100061 0.109680
v -0.701898 0.100121 0.109680
v -0.661191 0.100121 0.109680
v -0.651214 0.099870 0.109680
v -0.642370 0.099069 0.109680
v -0.634609 0.097649 0.109680
v -0.627881 0.095541 0.109680
v -0.622133 0.092676 0.109680
v -0.617316 0.088985 0.109680
v -0.613380 0.084397 0.109680
v -0.610272 0.078843 0.109680
v -0.607944 0.072256 0.109680
v -0.606343 0.064563 0.109680
v -0.605420 0.055698 0.109680
v -0.605123 0.045590 0.109680
v -0.605462 0.042383 0.109680
v -0.606421 0.039652 0.109680
v -0.607920 0.037357 0.109680
v -0.609874 0.035463 0.109680
v -0.612202 0.033931 0.109680
v -0.614820 0.032725 0.109680
v -0.617646 0.031807 0.109680
v -0.620598 0.031139 0.109680
v -0.623593 0.030685 0.109680
v -0.626547 0.030407 0.109680
v -0.629379 0.030267 0.109680
v -0.632005 0.030229 0.109680
v -0.635254 0.030304 0.109680
v -0.638477 0.030513 0.109680
v -0.641678 0.030829 0.109680
v -0.644863 0.031224 0.109680
v -0.648037 0.031673 0.109680
v -0.651206 0.032149 0.109680
v -0.654376 0.032625 0.109680
v -0.657550 0.033073 0.109680
v -0.660735 0.033469 0.109680
v -0.663936 0.033785 0.109680
v -0.667159 0.033994 0.109680
v -0.670408 0.034069 0.109680
v -0.695246 0.033038 0.109680
v -0.719282 0.029916 0.109680
v -0.742256 0.024660 0.109680
v -0.763911 0.017229 0.109680
v -0.783986 0.007578 0.109680
v -0.802224 -0.004333 0.109680
v -0.818366 -0.018549 0.109680
v -0.832153 -0.035112 0.109680
v -0.843327 -0.054065 0.109680
v -0.851628 -0.075449 0.109680
v -0.856799 -0.099308 0.109680
v -0.858580 -0.125685 0.109680
v -0.856412 -0.155374 0.109680
v -0.850131 -0.183278 0.109680
v -0.840075 -0.209246 0.109680
v -0.826578 -0.233127 0.109680
v -0.809977 -0.254767 0.109680
v -0.790607 -0.274015 0.109680
v -0.768806 -0.290718 0.109680
v -0.744908 -0.304726 0.109680
v -0.719251 -0.315885 0.109680
v -0.692169 -0.324044 0.109680
v -0.663999 -0.329051 0.109680
v -0.635077 -0.330754 0.109680
v -0.613385 -0.330689 0.109680
v -0.591914 -0.330235 0.109680
v -0.570981 -0.329002 0.109680
v -0.550905 -0.326601 0.109680
v -0.532002 -0.322643 0.109680
v -0.514590 -0.316737 0.109680
v -0.498986 -0.308496 0.109680
v -0.485507 -0.297529 0.109680
v -0.474471 -0.283447 0.109680
v -0.466195 -0.265861 0.109680
v -0.460997 -0.244382 0.109680
v -0.459194 -0.218619 0.109680
v -0.459214 -0.216464 0.109680
v -0.459290 -0.214242 0.109680
v -0.459446 -0.211983 0.109680
v -0.459706 -0.209715 0.109680
v -0.460094 -0.207470 0.109680
v -0.460634 -0.205274 0.109680
v -0.461350 -0.203159 0.109680
v -0.462266 -0.201153 0.109680
v -0.463406 -0.199286 0.109680
v -0.464794 -0.197587 0.109680
v -0.466455 -0.196085 0.109680
v -0.468411 -0.194810 0.109680
v -0.470715 -0.194810 0.109680
v 0.556084 -0.284271 0.109680
v 0.557140 -0.286140 0.109680
v 0.558260 -0.287972 0.109680
v 0.559444 -0.289763 0.109680
v 0.560692 -0.291512 0.109680
v 0.562004 -0.293216 0.109680
v 0.563380 -0.294872 0.109680
v 0.564820 -0.296477 0.109680
v 0.566324 -0.298028 0.109680
v 0.567892 -0.299524 0.109680
v 0.569524 -0.300961 0.109680
v 0.571220 -0.302336 0.109680
v 0.576528 -0.305911 0.109680
v 0.582066 -0.308979 0.109680
v 0.587806 -0.311577 0.109680
v 0.593721 -0.313743 0.109680
v 0.599787 -0.315515 0.109680
v 0.605975 -0.316929 0.109680
v 0.612259 -0.318024 0.109680
v 0.618612 -0.318835 0.109680
v 0.625008 -0.319402 0.109680
v 0.631420 -0.319760 0.109680
v 0.637821 -0.319947 0.109680
v 0.644185 -0.320002 0.109680
v 0.656905 -0.318513 0.109680
v 0.667540 -0.314298 0.109680
v 0.676275 -0.307737 0.109680
v 0.683299 -0.299207 0.109680
v 0.688797 -0.289089 0.109680
v 0.692956 -0.277759 0.109680
v 0.695964 -0.265597 0.109680
v 0.698005 -0.252982 0.109680
v 0.699269 -0.240292 0.109680
v 0.699940 -0.227907 0.109680
v 0.700206 -0.216204 0.109680
v 0.700253 -0.205562 0.109680
v 0.700252 -0.203435 0.109680
v 0.700249 -0.201281 0.109680
v 0.700241 -0.199106 0.109680
v 0.700224 -0.196915 0.109680
v 0.700197 -0.194713 0.109680
v 0.700157 -0.192505 0.109680
v 0.700100 -0.190298 0.109680
v 0.700025 -0.188096 0.109680
v 0.699929 -0.185905 0.109680
v 0.699808 -0.183730 0.109680
v 0.699661 -0.181576 0.109680
v 0.699485 -0.179449 0.109680
v 0.699147 -0.172329 0.109680
v 0.698894 -0.165183 0.109680
v 0.698716 -0.158015 0.109680
v 0.698603 -0.150832 0.109680
v 0.698542 -0.143637 0.109680
v 0.698524 -0.136438 0.109680
v 0.698539 -0.129238 0.109680
v 0.698574 -0.122044 0.109680
v 0.698621 -0.114860 0.109680
v 0.698667 -0.107693 0.109680
v 0.698702 -0.100547 0.109680
v 0.698717 -0.093427 0.109680
v 0.698687 -0.089779 0.109680
v 0.698603 -0.086131 0.109680
v 0.698477 -0.082482 0.109680
v 0.698318 -0.078834 0.109680
v 0.698139 -0.075186 0.109680
v 0.697949 -0.071538 0.109680
v 0.697758 -0.067889 0.109680
v 0.697579 -0.064241 0.109680
v 0.697421 -0.060593 0.109680
v 0.697294 -0.056945 0.109680
v 0.697211 -0.053297 0.109680
v 0.697181 -0.049648 0.109680
v 0.697241 -0.044073 0.109680
v 0.697476 -0.037178 0.109680
v 0.697961 -0.029307 0.109680
v 0.698774 -0.020804 0.109680
v 0.699992 -0.012013 0.109680
v 0.701693 -0.003277 0.109680
v 0.703954 0.005058 0.109680
v 0.706852 0.012649 0.109680
v 0.710465 0.019152 0.109680
v 0.714871 0.024223 0.109680
v 0.720145 0.027518 0.109680
v 0.726366 0.028693 0.109680
v 0.735034 0.027741 0.109680
v 0.744056 0.025109 0.109680
v 0.753308 0.021132 0.109680
v 0.762664 0.016148 0.109680
v 0.771998 0.010492 0.109680
v 0.781186 0.004499 0.109680
v 0.790102 -0.001493 0.109680
v 0.798620 -0.007150 0.109680
v 0.806615 -0.012134 0.109680
v 0.813963 -0.016110 0.109680
v 0.820537 -0.018742 0.109680
v 0.826213 -0.019694 0.109680
v 0.830831 -0.019202 0.109680
v 0.834740 -0.017806 0.109680
v 0.837997 -0.015626 0.109680
v 0.840663 -0.012782 0.109680
v 0.842796 -0.009394 0.109680
v 0.844454 -0.005581 0.109680
v 0.845696 -0.001465 0.109680
v 0.846580 0.002835 0.109680
v 0.847166 0.007199 0.109680
v 0.847512 0.011508 0.109680
v 0.847676 0.015640 0.109680
v 0.847718 0.019476 0.109680
v 0.847765 0.028380 0.109680
v 0.847836 0.037394 0.109680
v 0.847826 0.046466 0.109680
v 0.847633 0.055546 0.109680
v 0.847151 0.064583 0.109680
v 0.846278 0.073528 0.109680
v 0.844909 0.082328 0.109680
v 0.842939 0.090933 0.109680
v 0.840266 0.099293 0.109680
v 0.836784 0.107357 0.109680
v 0.832390 0.115075 0.109680
v 0.826981 0.122395 0.109680
v 0.817022 0.133364 0.109680
v 0.805362 0.144611 0.109680
v 0.792251 0.155901 0.109680
v 0.777939 0.166998 0.109680
v 0.762679 0.177669 0.109680
v 0.746720 0.187679 0.109680
v 0.730312 0.196792 0.109680
v 0.713708 0.204775 0.109680
v 0.697156 0.211392 0.109680
v 0.680909 0.216410 0.109680
v 0.665217 0.219592 0.109680
v 0.650330 0.220705 0.109680
v 0.643489 0.220647 0.109680
v 0.636117 0.220431 0.109680
v 0.628356 0.219997 0.109680
v 0.620347 0.219283 0.109680
v 0.612232 0.218227 0.109680
v 0.604151 0.216769 0.109680
v 0.596246 0.214846 0.109680
v 0.588658 0.212399 0.109680
v 0.581529 0.209364 0.109680
v 0.575000 0.205682 0.109680
v 0.569213 0.201290 0.109680
v 0.564308 0.196127 0.109680
v 0.555974 0.181928 0.109680
v 0.549288 0.162984 0.109680
v 0.544075 0.140216 0.109680
v 0.540157 0.114544 0.109680
v 0.537360 0.086887 0.109680
v 0.535506 0.058167 0.109680
v 0.534421 0.029302 0.109680
v 0.533927 0.001214 0.109680
v 0.533850 -0.025179 0.109680
v 0.534013 -0.048955 0.109680
v 0.534239 -0.069195 0.109680
v 0.534354 -0.084979 0.109680
v 0.534395 -0.097942 0.109680
v 0.534557 -0.113094 0.109680
v 0.534894 -0.129969 0.109680
v 0.535463 -0.148101 0.109680
v 0.536321 -0.167022 0.109680
v 0.537522 -0.186265 0.109680
v 0.539124 -0.205364 0.109680
v 0.541181 -0.223853 0.109680
v 0.543751 -0.241265 0.109680
v 0.546888 -0.257132 0.109680
v 0.550650 -0.270988 0.109680
v 0.555091 -0.282367 0.109680
v 0.556084 -0.284271 0.109680
v 0.556084 -0.284271 -0.090320
v 0.557140 -0.286140 0.109680
v 0.557140 -0.286140 -0.090320
v 0.558260 -0.287972 0.109680
v 0.558260 -0.287972 -0.090320
v 0.559444 -0.289763 0.109680
v 0.559444 -0.289763 -0.090320
v 0.560692 -0.291512 0.109680
v 0.560692 -0.291512 -0.090320
v 0.562004 -0.293216 0.109680
v 0.562004 -0.293216 -0.090320
v 0.563380 -0.294872 0.109680
v 0.563380 -0.294872 -0.090320
v 0.564820 -0.296477 0.109680
v 0.564820 -0.296477 -0.090320
v 0.566324 -0.298028 0.109680
v 0.566324 -0.298028 -0.090320
v 0.567892 -0.299524 0.109680
v 0.567892 -0.299524 -0.090320
v 0.569524 -0.300961 0.109680
v 0.569524 -0.300961 -0.090320
v 0.571220 -0.302336 0.109680
v 0.571220 -0.302336 -0.090320
v 0.576528 -0.305911 0.109680
v 0.576528 -0.305911 -0.090320
v 0.582066 -0.308979 0.109680
v 0.582066 -0.308979 -0.090320
v 0.587806 -0.311577 0.109680
v 0.587806 -0.311577 -0.090320
v 0.593721 -0.313743 0.109680
v 0.593721 -0.313743 -0.090320
v 0.599787 -0.315515 0.109680
v 0.599787 -0.315515 -0.090320
v 0.605975 -0.316929 0.109680
v 0.605975 -0.316929 -0.090320
v 0.612259 -0.318024 0.109680
v 0.612259 -0.318024 -0.090320
v 0.618612 -0.318835 0.109680
v 0.618612 -0.318835 -0.090320
v 0.625008 -0.319402 0.109680
v 0.625008 -0.319402 -0.090320
v 0.631420 -0.319760 0.109680
v 0.631420 -0.319760 -0.090320
v 0.637821 -0.319947 0.109680
v 0.637821 -0.319947 -0.090320
v 0.644185 -0.320002 0.109680
v 0.644185 -0.320002 -0.090320
v 0.656905 -0.318513 0.109680
v 0.656905 -0.318513 -0.090320
v 0.667540 -0.314298 0.109680
v 0.667540 -0.314298 -0.090320
v 0.676275 -0.307737 0.109680
v 0.676275 -0.307737 -0.090320
v 0.683299 -0.299207 0.109680
v 0.683299 -0.299207 -0.090320
v 0.688797 -0.289089 0.109680
v 0.688797 -0.289089 -0.090320
v 0.692956 -0.277759 0.109680
v 0.692956 -0.277759 -0.090320
v 0.695964 -0.265597 0.109680
v 0.695964 -0.265597 -0.090320
v 0.698005 -0.252982 0.109680
v 0.698005 -0.252982 -0.090320
v 0.699269 -0.240292 0.109680
v 0.699269 -0.240292 -0.090320
v 0.699940 -0.227907 0.109680
v 0.699940 -0.227907 -0.090320
v 0.700206 -0.216204 0.109680
v 0.700206 -0.216204 -0.090320
v 0.700253 -0.205562 0.109680
v 0.700253 -0.205562 -0.090320
v 0.700252 -0.203435 0.109680
v 0.700252 -0.203435 -0.090320
v 0.700249 -0.201281 0.109680
v 0.700249 -0.201281 -0.090320
v 0.700241 -0.199106 0.109680
v 0.700241 -0.199106 -0.090320
v 0.700224 -0.196915 0.109680
v 0.700224 -0.196915 -0.090320
v 0.700197 -0.194713 0.109680
v 0.700197 -0.194713 -0.090320
v 0.700157 -0.192505 0.109680
v 0.700157 -0.192505 -0.090320
v 0.700100 -0.190298 0.109680
v 0.700100 -0.190298 -0.090320
v 0.700025 -0.188096 0.109680
v 0.700025 -0.188096 -0.090320
v 0.699929 -0.185905 0.109680
v 0.699929 -0.185905 -0.090320
v 0.699808 -0.183730 0.109680
v 0.699808 -0.183730 -0.090320
v 0.699661 -0.181576 0.109680
v 0.699661 -0.181576 -0.090320
v 0.699485 -0.179449 0.109680
v 0.699485 -0.179449 -0.090320
v 0.699147 -0.172329 0.109680
v 0.699147 -0.172329 -0.090320
v 0.698894 -0.165183 0.109680
v 0.698894 -0.165183 -0.090320
v 0.698716 -0.158015 0.109680
v 0.698716 -0.158015 -0.090320
v 0.698603 -0.150832 0.109680
v 0.698603 -0.150832 -0.090320
v 0.698542 -0.143637 0.109680
v 0.698542 -0.143637 -0.090320
v 0.698524 -0.136438 0.109680
v 0.698524 -0.136438 -0.090320
v 0.698539 -0.129238 0.109680
v 0.698539 -0.129238 -0.090320
v 0.698574 -0.122044 0.109680
v 0.698574 -0.122044 -0.090320
v 0.698621 -0.114860 0.109680
v 0.698621 -0.114860 -0.090320
v 0.698667 -0.107693 0.109680
v 0.698667 -0.107693 -0.090320
v 0.698702 -0.100547 0.109680
v 0.698702 -0.100547 -0.090320
v 0.698717 -0.093427 0.109680
v 0.698717 -0.093427 -0.090320
v 0.698687 -0.089779 0.109680
v 0.698687 -0.089779 -0.090320
v 0.698603 -0.086131 0.109680
v 0.698603 -0.086131 -0.090320
v 0.698477 -0.082482 0.109680
v 0.698477 -0.082482 -0.090320
v 0.698318 -0.078834 0.109680
v 0.698318 -0.078834 -0.090320
v 0.698139 -0.075186 0.109680
v 0.698139 -0.075186 -0.090320
v 0.697949 -0.071538 0.109680
v 0.697949 -0.071538 -0.090320
v 0.697758 -0.067889 0.109680
v 0.697758 -0.067889 -0.090320
v 0.697579 -0.064241 0.109680
v 0.697579 -0.064241 -0.090320
v 0.697421 -0.060593 0.109680
v 0.697421 -0.060593 -0.090320
v 0.697294 -0.056945 0.109680
v 0.697294 -0.056945 -0.090320
v 0.697211 -0.053297 0.109680
v 0.697211 -0.053297 -0.090320
v 0.697181 -0.049648 0.109680
v 0.697181 -0.049648 -0.090320
v 0.697241 -0.044073 0.109680
v 0.697241 -0.044073 -0.090320
v 0.697476 -0.037178 0.109680
v 0.697476 -0.037178 -0.090320
v 0.697961 -0.029307 0.109680
v 0.697961 -0.029307 -0.090320
v 0.698774 -0.020804 0.109680
v 0.698774 -0.020804 -0.090320
v 0.699992 -0.012013 0.109680
v 0.699992 -0.012013 -0.090320
v 0.701693 -0.003277 0.109680
v 0.701693 -0.003277 -0.090320
v 0.703954 0.005058 0.109680
v 0.703954 0.005058 -0.090320
v 0.706852 0.012649 0.109680
v 0.706852 0.012649 -0.090320
v 0.710465 0.019152 0.109680
v 0.710465 0.019152 -0.090320
v 0.714871 0.024223 0.109680
v 0.714871 0.024223 -0.090320
v 0.720145 0.027518 0.109680
v 0.720145 0.027518 -0.090320
v 0.726366 0.028693 0.109680
v 0.726366 0.028693 -0.090320
v 0.735034 0.027741 0.109680
v 0.735034 0.027741 -0.090320
v 0.744056 0.025109 0.109680
v 0.744056 0.025109 -0.090320
v 0.753308 0.021132 0.109680
v 0.753308 0.021132 -0.090320
v 0.762664 0.016148 0.109680
v 0.762664 0.016148 -0.090320
v 0.771998 0.010492 0.109680
v 0.771998 0.010492 -0.090320
v 0.781186 0.004499 0.109680
v 0.781186 0.004499 -0.090320
v 0.790102 -0.001493 0.109680
v 0.790102 -0.001493 -0.090320
v 0.798620 -0.007150 0.109680
v 0.798620 -0.007150 -0.090320
v 0.806615 -0.012134 0.109680
v 0.806615 -0.012134 -0.090320
v 0.813963 -0.016110 0.109680
v 0.813963 -0.016110 -0.090320
v 0.820537 -0.018742 0.109680
v 0.820537 -0.018742 -0.090320
v 0.826213 -0.019694 0.109680
v 0.826213 -0.019694 -0.090320
v 0.830831 -0.019202 0.109680
v 0.830831 -0.019202 -0.090320
v 0.834740 -0.017806 0.109680
v 0.834740 -0.017806 -0.090320
v 0.837997 -0.015626 0.109680
v 0.837997 -0.015626 -0.090320
v 0.840663 -0.012782 0.109680
v 0.840663 -0.012782 -0.090320
v 0.842796 -0.009394 0.109680
v 0.842796 -0.009394 -0.090320
v 0.844454 -0.005581 0.109680
v 0.844454 -0.005581 -0.090320
v 0.845696 -0.001465 0.109680
v 0.845696 -0.001465 -0.090320
v 0.846580 0.002835 0.109680
v 0.846580 0.002835 -0.090320
v 0.847166 0.007199 0.109680
v 0.847166 0.007199 -0.090320
v 0.847512 0.011508 0.109680
v 0.847512 0.011508 -0.090320
v 0.847676 0.015640 0.109680
v 0.847676 0.015640 -0.090320
v 0.847718 0.019476 0.109680
v 0.847718 0.019476 -0.090320
v 0.847765 0.028380 0.109680
v 0.847765 0.028380 -0.090320
v 0.847836 0.037394 0.109680
v 0.847836 0.037394 -0.090320
v 0.847826 0.046466 0.109680
v 0.847826 0.046466 -0.090320
v 0.847633 0.055546 0.109680
v 0.847633 0.055546 -0.090320
v 0.847151 0.064583 0.109680
v 0.847151 0.064583 -0.090320
v 0.846278 0.073528 0.109680
v 0.846278 0.073528 -0.090320
v 0.844909 0.082328 0.109680
v 0.844909 0.082328 -0.090320
v 0.842939 0.090933 0.109680
v 0.842939 0.090933 -0.090320
v 0.840266 0.099293 0.109680
v 0.840266 0.099293 -0.090320
v 0.836784 0.107357 0.109680
v 0.836784 0.107357 -0.090320
v 0.832390 0.115075 0.109680
v 0.832390 0.115075 -0.090320
v 0.826981 0.122395 0.109680
v 0.826981 0.122395 -0.090320
v 0.817022 0.133364 0.109680
v 0.817022 0.133364 -0.090320
v 0.805362 0.144611 0.109680
v 0.805362 0.144611 -0.090320
v 0.792251 0.155901 0.109680
v 0.792251 0.155901 -0.090320
v 0.777939 0.166998 0.109680
v 0.777939 0.166998 -0.090320
v 0.762679 0.177669 0.109680
v 0.762679 0.177669 -0.090320
v 0.746720 0.187679 0.109680
v 0.746720 0.187679 -0.090320
v 0.730312 0.196792 0.109680
v 0.730312 0.196792 -0.090320
v 0.713708 0.204775 0.109680
v 0.713708 0.204775 -0.090320
v 0.697156 0.211392 0.109680
v 0.697156 0.211392 -0.090320
v 0.680909 0.216410 0.109680
v 0.680909 0.216410 -0.090320
v 0.665217 0.219592 0.109680
v 0.665217 0.219592 -0.090320
v 0.650330 0.220705 0.109680
v 0.650330 0.220705 -0.090320
v 0.643489 0.220647 0.109680
v 0.643489 0.220647 -0.090320
v 0.636117 0.220431 0.109680
v 0.636117 0.220431 -0.090320
v 0.628356 0.219997 0.109680
v 0.628356 0.219997 -0.090320
v 0.620347 0.219283 0.109680
v 0.620347 0.219283 -0.090320
v 0.612232 0.218227 0.109680
v 0.612232 0.218227 -0.090320
v 0.604151 0.216769 0.109680
v 0.604151 0.216769 -0.090320
v 0.596246 0.214846 0.109680
v 0.596246 0.214846 -0.090320
v 0.588658 0.212399 0.109680
v 0.588658 0.212399 -0.090320
v 0.581529 0.209364 0.109680
v 0.581529 0.209364 -0.090320
v 0.575000 0.205682 0.109680
v 0.575000 0.205682 -0.090320
v 0.569213 0.201290 0.109680
v 0.569213 0.201290 -0.090320
v 0.564308 0.196127 0.109680
v 0.564308 0.196127 -0.090320
v 0.555974 0.181928 0.109680
v 0.555974 0.181928 -0.090320
v 0.549288 0.162984 0.109680
v 0.549288 0.162984 -0.090320
v 0.544075 0.140216 0.109680
v 0.544075 0.140216 -0.090320
v 0.540157 0.114544 0.109680
v 0.540157 0.114544 -0.090320
v 0.537360 0.086887 0.109680
v 0.537360 0.086887 -0.090320
v 0.535506 0.058167 0.109680
v 0.535506 0.058167 -0.090320
v 0.534421 0.029302 0.109680
v 0.534421 0.029302 -0.090320
v 0.533927 0.001214 0.109680
v 0.533927 0.001214 -0.090320
v 0.533850 -0.025179 0.109680
v 0.533850 -0.025179 -0.090320
v 0.534013 -0.048955 0.109680
v 0.534013 -0.048955 -0.090320
v 0.534239 -0.069195 0.109680
v 0.534239 -0.069195 -0.090320
v 0.534354 -0.084979 0.109680
v 0.534354 -0.084979 -0.090320
v 0.534395 -0.097942 0.109680
v 0.534395 -0.097942 -0.090320
v 0.534557 -0.113094 0.109680
v 0.534557 -0.113094 -0.090320
v 0.534894 -0.129969 0.109680
v 0.534894 -0.129969 -0.090320
v 0.535463 -0.148101 0.109680
v 0.535463 -0.148101 -0.090320
v 0.536321 -0.167022 0.109680
v 0.536321 -0.167022 -0.090320
v 0.537522 -0.186265 0.109680
v 0.537522 -0.186265 -0.090320
v 0.539124 -0.205364 0.109680
v 0.539124 -0.205364 -0.090320
v 0.541181 -0.223853 0.109680
v 0.541181 -0.223853 -0.090320
v 0.543751 -0.241265 0.109680
v 0.543751 -0.241265 -0.090320
v 0.546888 -0.257132 0.109680
v 0.546888 -0.257132 -0.090320
v 0.550650 -0.270988 0.109680
v 0.550650 -0.270988 -0.090320
v 0.555091 -0.282367 0.109680
v 0.555091 -0.282367 -0.090320
v -0.482605 -0.195172 0.109680
v -0.482605 -0.195172 -0.090320
v -0.494468 -0.196175 0.109680
v -0.494468 -0.196175 -0.090320
v -0.506309 -0.197690 0.109680
v -0.506309 -0.197690 -0.090320
v -0.518135 -0.199589 0.109680
v -0.518135 -0.199589 -0.090320
v -0.529950 -0.201743 0.109680
v -0.529950 -0.201743 -0.090320
v -0.541759 -0.204026 0.109680
v -0.541759 -0.204026 -0.090320
v -0.553569 -0.206309 0.109680
v -0.553569 -0.206309 -0.090320
v -0.565384 -0.208464 0.109680
v -0.565384 -0.208464 -0.090320
v -0.577210 -0.210363 0.109680
v -0.577210 -0.210363 -0.090320
v -0.589051 -0.211877 0.109680
v -0.589051 -0.211877 -0.090320
v -0.600914 -0.212880 0.109680
v -0.600914 -0.212880 -0.090320
v -0.612804 -0.213243 0.109680
v -0.612804 -0.213243 -0.090320
v -0.625780 -0.212711 0.109680
v -0.625780 -0.212711 -0.090320
v -0.638146 -0.211102 0.109680
v -0.638146 -0.211102 -0.090320
v -0.649802 -0.208394 0.109680
v -0.649802 -0.208394 -0.090320
v -0.660651 -0.204567 0.109680
v -0.660651 -0.204567 -0.090320
v -0.670592 -0.199597 0.109680
v -0.670592 -0.199597 -0.090320
v -0.679528 -0.193465 0.109680
v -0.679528 -0.193465 -0.090320
v -0.687360 -0.186149 0.109680
v -0.687360 -0.186149 -0.090320
v -0.693990 -0.177628 0.109680
v -0.693990 -0.177628 -0.090320
v -0.699317 -0.167880 0.109680
v -0.699317 -0.167880 -0.090320
v -0.703245 -0.156884 0.109680
v -0.703245 -0.156884 -0.090320
v -0.705674 -0.144618 0.109680
v -0.705674 -0.144618 -0.090320
v -0.706506 -0.131061 0.109680
v -0.706506 -0.131061 -0.090320
v -0.705899 -0.123212 0.109680
v -0.705899 -0.123212 -0.090320
v -0.704145 -0.115821 0.109680
v -0.704145 -0.115821 -0.090320
v -0.701346 -0.108932 0.109680
v -0.701346 -0.108932 -0.090320
v -0.697602 -0.102587 0.109680
v -0.697602 -0.102587 -0.090320
v -0.693016 -0.096828 0.109680
v -0.693016 -0.096828 -0.090320
v -0.687689 -0.091699 0.109680
v -0.687689 -0.091699 -0.090320
v -0.681721 -0.087242 0.109680
v -0.681721 -0.087242 -0.090320
v -0.675215 -0.083499 0.109680
v -0.675215 -0.083499 -0.090320
v -0.668271 -0.080514 0.109680
v -0.668271 -0.080514 -0.090320
v -0.660992 -0.078329 0.109680
v -0.660992 -0.078329 -0.090320
v -0.653478 -0.076987 0.109680
v -0.653478 -0.076987 -0.090320
v -0.645830 -0.076530 0.109680
v -0.645830 -0.076530 -0.090320
v -0.636481 -0.077044 0.109680
v -0.636481 -0.077044 -0.090320
v -0.627230 -0.078464 0.109680
v -0.627230 -0.078464 -0.090320
v -0.618048 -0.080610 0.109680
v -0.618048 -0.080610 -0.090320
v -0.608907 -0.083300 0.109680
v -0.608907 -0.083300 -0.090320
v -0.599776 -0.086353 0.109680
v -0.599776 -0.086353 -0.090320
v -0.590627 -0.089587 0.109680
v -0.590627 -0.089587 -0.090320
v -0.581429 -0.092821 0.109680
v -0.581429 -0.092821 -0.090320
v -0.572154 -0.095873 0.109680
v -0.572154 -0.095873 -0.090320
v -0.562773 -0.098563 0.109680
v -0.562773 -0.098563 -0.090320
v -0.553255 -0.100709 0.109680
v -0.553255 -0.100709 -0.090320
v -0.543572 -0.102130 0.109680
v -0.543572 -0.102130 -0.090320
v -0.533695 -0.102644 0.109680
v -0.533695 -0.102644 -0.090320
v -0.517940 -0.102467 0.109680
v -0.517940 -0.102467 -0.090320
v -0.504367 -0.101808 0.109680
v -0.504367 -0.101808 -0.090320
v -0.492820 -0.100472 0.109680
v -0.492820 -0.100472 -0.090320
v -0.483146 -0.098263 0.109680
v -0.483146 -0.098263 -0.090320
v -0.475189 -0.094988 0.109680
v -0.475189 -0.094988 -0.090320
v -0.468795 -0.090451 0.109680
v -0.468795 -0.090451 -0.090320
v -0.463809 -0.084458 0.109680
v -0.463809 -0.084458 -0.090320
v -0.460076 -0.076814 0.109680
v -0.460076 -0.076814 -0.090320
v -0.457442 -0.067325 0.109680
v -0.457442 -0.067325 -0.090320
v -0.455752 -0.055796 0.109680
v -0.455752 -0.055796 -0.090320
v -0.454852 -0.042032 0.109680
v -0.454852 -0.042032 -0.090320
v -0.454586 -0.025839 0.109680
v -0.454586 -0.025839 -0.090320
v -0.454663 -0.017982 0.109680
v -0.454663 -0.017982 -0.090320
v -0.454885 -0.010154 0.109680
v -0.454885 -0.010154 -0.090320
v -0.455234 -0.002353 0.109680
v -0.455234 -0.002353 -0.090320
v -0.455695 0.005424 0.109680
v -0.455695 0.005424 -0.090320
v -0.456253 0.013179 0.109680
v -0.456253 0.013179 -0.090320
v -0.456890 0.020916 0.109680
v -0.456890 0.020916 -0.090320
v -0.457591 0.028637 0.109680
v -0.457591 0.028637 -0.090320
v -0.458341 0.036345 0.109680
v -0.458341 0.036345 -0.090320
v -0.459122 0.044042 0.109680
v -0.459122 0.044042 -0.090320
v -0.459920 0.051731 0.109680
v -0.459920 0.051731 -0.090320
v -0.460717 0.059414 0.109680
v -0.460717 0.059414 -0.090320
v -0.461498 0.067095 0.109680
v -0.461498 0.067095 -0.090320
v -0.464909 0.096563 0.109680
v -0.464909 0.096563 -0.090320
v -0.469200 0.122153 0.109680
v -0.469200 0.122153 -0.090320
v -0.474675 0.144116 0.109680
v -0.474675 0.144116 -0.090320
v -0.481638 0.162703 0.109680
v -0.481638 0.162703 -0.090320
v -0.490393 0.178165 0.109680
v -0.490393 0.178165 -0.090320
v -0.501245 0.190751 0.109680
v -0.501245 0.190751 -0.090320
v -0.514496 0.200714 0.109680
v -0.514496 0.200714 -0.090320
v -0.530452 0.208302 0.109680
v -0.530452 0.208302 -0.090320
v -0.549416 0.213769 0.109680
v -0.549416 0.213769 -0.090320
v -0.571692 0.217363 0.109680
v -0.571692 0.217363 -0.090320
v -0.597584 0.219335 0.109680
v -0.597584 0.219335 -0.090320
v -0.627397 0.219937 0.109680
v -0.627397 0.219937 -0.090320
v -0.635846 0.219952 0.109680
v -0.635846 0.219952 -0.090320
v -0.644298 0.219994 0.109680
v -0.644298 0.219994 -0.090320
v -0.652755 0.220057 0.109680
v -0.652755 0.220057 -0.090320
v -0.661220 0.220136 0.109680
v -0.661220 0.220136 -0.090320
v -0.669695 0.220226 0.109680
v -0.669695 0.220226 -0.090320
v -0.678184 0.220321 0.109680
v -0.678184 0.220321 -0.090320
v -0.686689 0.220416 0.109680
v -0.686689 0.220416 -0.090320
v -0.695213 0.220506 0.109680
v -0.695213 0.220506 -0.090320
v -0.703758 0.220585 0.109680
v -0.703758 0.220585 -0.090320
v -0.712327 0.220648 0.109680
v -0.712327 0.220648 -0.090320
v -0.720922 0.220690 0.109680
v -0.720922 0.220690 -0.090320
v -0.729547 0.220705 0.109680
v -0.729547 0.220705 -0.090320
v -0.743537 0.220231 0.109680
v -0.743537 0.220231 -0.090320
v -0.756660 0.218767 0.109680
v -0.756660 0.218767 -0.090320
v -0.768850 0.216253 0.109680
v -0.768850 0.216253 -0.090320
v -0.780040 0.212626 0.109680
v -0.780040 0.212626 -0.090320
v -0.790162 0.207826 0.109680
v -0.790162 0.207826 -0.090320
v -0.799152 0.201792 0.109680
v -0.799152 0.201792 -0.090320
v -0.806941 0.194461 0.109680
v -0.806941 0.194461 -0.090320
v -0.813464 0.185773 0.109680
v -0.813464 0.185773 -0.090320
v -0.818653 0.175666 0.109680
v -0.818653 0.175666 -0.090320
v -0.822442 0.164079 0.109680
v -0.822442 0.164079 -0.090320
v -0.824765 0.150951 0.109680
v -0.824765 0.150951 -0.090320
v -0.825554 0.136220 0.109680
v -0.825554 0.136220 -0.090320
v -0.824858 0.128188 0.109680
v -0.824858 0.128188 -0.090320
v -0.822869 0.121317 0.109680
v -0.822869 0.121317 -0.090320
v -0.819733 0.115518 0.109680
v -0.819733 0.115518 -0.090320
v -0.815597 0.110703 0.109680
v -0.815597 0.110703 -0.090320
v -0.810608 0.106784 0.109680
v -0.810608 0.106784 -0.090320
v -0.804912 0.103674 0.109680
v -0.804912 0.103674 -0.090320
v -0.798656 0.101283 0.109680
v -0.798656 0.101283 -0.090320
v -0.791987 0.099524 0.109680
v -0.791987 0.099524 -0.090320
v -0.785051 0.098309 0.109680
v -0.785051 0.098309 -0.090320
v -0.777995 0.097550 0.109680
v -0.777995 0.097550 -0.090320
v -0.770966 0.097160 0.109680
v -0.770966 0.097160 -0.090320
v -0.764110 0.097049 0.109680
v -0.764110 0.097049 -0.090320
v -0.758926 0.097110 0.109680
v -0.758926 0.097110 -0.090320
v -0.753741 0.097277 0.109680
v -0.753741 0.097277 -0.090320
v -0.748557 0.097529 0.109680
v -0.748557 0.097529 -0.090320
v -0.743372 0.097846 0.109680
v -0.743372 0.097846 -0.090320
v -0.738188 0.098205 0.109680
v -0.738188 0.098205 -0.090320
v -0.733004 0.098585 0.109680
v -0.733004 0.098585 -0.090320
v -0.727819 0.098966 0.109680
v -0.727819 0.098966 -0.090320
v -0.722635 0.099325 0.109680
v -0.722635 0.099325 -0.090320
v -0.717451 0.099641 0.109680
v -0.717451 0.099641 -0.090320
v -0.712266 0.099894 0.109680
v -0.712266 0.099894 -0.090320
v -0.707082 0.100061 0.109680
v -0.707082 0.100061 -0.090320
v -0.701898 0.100121 0.109680
v -0.701898 0.100121 -0.090320
v -0.661191 0.100121 0.109680
v -0.661191 0.100121 -0.090320
v -0.651214 0.099870 0.109680
v -0.651214 0.099870 -0.090320
v -0.642370 0.099069 0.109680
v -0.642370 0.099069 -0.090320
v -0.634609 0.097649 0.109680
v -0.634609 0.097649 -0.090320
v -0.627881 0.095541 0.109680
v -0.627881 0.095541 -0.090320
v -0.622133 0.092676 0.109680
v -0.622133 0.092676 -0.090320
v -0.617316 0.088985 0.109680
v -0.617316 0.088985 -0.090320
v -0.613380 0.084397 0.109680
v -0.613380 0.084397 -0.090320
v -0.610272 0.078843 0.109680
v -0.610272 0.078843 -0.090320
v -0.607944 0.072256 0.109680
v -0.607944 0.072256 -0.090320
v -0.606343 0.064563 0.109680
v -0.606343 0.064563 -0.090320
v -0.605420 0.055698 0.109680
v -0.605420 0.055698 -0.090320
v -0.605123 0.045590 0.109680
v -0.605123 0.045590 -0.090320
v -0.605462 0.042383 0.109680
v -0.605462 0.042383 -0.090320
v -0.606421 0.039652 0.109680
v -0.606421 0.039652 -0.090320
v -0.607920 0.037357 0.109680
v -0.607920 0.037357 -0.090320
v -0.609874 0.035463 0.109680
v -0.609874 0.035463 -0.090320
v -0.612202 0.033931 0.109680
v -0.612202 0.033931 -0.090320
v -0.614820 0.032725 0.109680
v -0.614820 0.032725 -0.090320
v -0.617646 0.031807 0.109680
v -0.617646 0.031807 -0.090320
v -0.620598 0.031139 0.109680
v -0.620598 0.031139 -0.090320
v -0.623593 0.030685 0.109680
v -0.623593 0.030685 -0.090320
v -0.626547 0.030407 0.109680
v -0.626547 0.030407 -0.090320
v -0.629379 0.030267 0.109680
v -0.629379 0.030267 -0.090320
v -0.632005 0.030229 0.109680
v -0.632005 0.030229 -0.090320
v -0.635254 0.030304 0.109680
v -0.635254 0.030304 -0.090320
v -0.638477 0.030513 0.109680
v -0.638477 0.030513 -0.090320
v -0.641678 0.030829 0.109680
v -0.641678 0.030829 -0.090320
v -0.644863 0.031224 0.109680
v -0.644863 0.031224 -0.090320
v -0.648037 0.031673 0.109680
v -0.648037 0.031673 -0.090320
v -0.651206 0.032149 0.109680
v -0.651206 0.032149 -0.090320
v -0.654376 0.032625 0.109680
v -0.654376 0.032625 -0.090320
v -0.657550 0.033073 0.109680
v -0.657550 0.033073 -0.090320
v -0.660735 0.033469 0.109680
v -0.660735 0.033469 -0.090320
v -0.663936 0.033785 0.109680
v -0.663936 0.033785 -0.090320
v -0.667159 0.033994 0.109680
v -0.667159 0.033994 -0.090320
v -0.670408 0.034069 0.109680
v -0.670408 0.034069 -0.090320
v -0.695246 0.033038 0.109680
v -0.695246 0.033038 -0.090320
v -0.719282 0.029916 0.109680
v -0.719282 0.029916 -0.090320
v -0.742256 0.024660 0.109680
v -0.742256 0.024660 -0.090320
v -0.763911 0.017229 0.109680
v -0.763911 0.017229 -0.090320
v -0.783986 0.007578 0.109680
v -0.783986 0.007578 -0.090320
v -0.802224 -0.004333 0.109680
v -0.802224 -0.004333 -0.090320
v -0.818366 -0.018549 0.109680
v -0.818366 -0.018549 -0.090320
v -0.832153 -0.035112 0.109680
v -0.832153 -0.035112 -0.090320
v -0.843327 -0.054065 0.109680
v -0.843327 -0.054065 -0.090320
v -0.851628 -0.075449 0.109680
v -0.851628 -0.075449 -0.090320
v -0.856799 -0.099308 0.109680
v -0.856799 -0.099308 -0.090320
v -0.858580 -0.125685 0.109680
v -0.858580 -0.125685 -0.090320
v -0.856412 -0.155374 0.109680
v -0.856412 -0.155374 -0.090320
v -0.850131 -0.183278 0.109680
v -0.850131 -0.183278 -0.090320
v -0.840075 -0.209246 0.109680
v -0.840075 -0.209246 -0.090320
v -0.826578 -0.233127 0.109680
v -0.826578 -0.233127 -0.090320
v -0.809977 -0.254767 0.109680
v -0.809977 -0.254767 -0.090320
v -0.790607 -0.274015 0.109680
v -0.790607 -0.274015 -0.090320
v -0.768806 -0.290718 0.109680
v -0.768806 -0.290718 -0.090320
v -0.744908 -0.304726 0.109680
v -0.744908 -0.304726 -0.090320
v -0.719251 -0.315885 0.109680
v -0.719251 -0.315885 -0.090320
v -0.692169 -0.324044 0.109680
v -0.692169 -0.324044 -0.090320
v -0.663999 -0.329051 0.109680
v -0.663999 -0.329051 -0.090320
v -0.635077 -0.330754 0.109680
v -0.635077 -0.330754 -0.090320
v -0.613385 -0.330689 0.109680
v -0.613385 -0.330689 -0.090320
v -0.591914 -0.330235 0.109680
v -0.591914 -0.330235 -0.090320
v -0.570981 -0.329002 0.109680
v -0.570981 -0.329002 -0.090320
v -0.550905 -0.326601 0.109680
v -0.550905 -0.326601 -0.090320
v -0.532002 -0.322643 0.109680
v -0.532002 -0.322643 -0.090320
v -0.514590 -0.316737 0.109680
v -0.514590 -0.316737 -0.090320
v -0.498986 -0.308496 0.109680
v -0.498986 -0.308496 -0.090320
v -0.485507 -0.297529 0.109680
v -0.485507 -0.297529 -0.090320
v -0.474471 -0.283447 0.109680
v -0.474471 -0.283447 -0.090320
v -0.466195 -0.265861 0.109680
v -0.466195 -0.265861 -0.090320
v -0.460997 -0.244382 0.109680
v -0.460997 -0.244382 -0.090320
v -0.459194 -0.218619 0.109680
v -0.459194 -0.218619 -0.090320
v -0.459214 -0.216464 0.109680
v -0.459214 -0.216464 -0.090320
v -0.459290 -0.214242 0.109680
v -0.459290 -0.214242 -0.090320
v -0.459446 -0.211983 0.109680
v -0.459446 -0.211983 -0.090320
v -0.459706 -0.209715 0.109680
v -0.459706 -0.209715 -0.090320
v -0.460094 -0.207470 0.109680
v -0.460094 -0.207470 -0.090320
v -0.460634 -0.205274 0.109680
v -0.460634 -0.205274 -0.090320
v -0.461350 -0.203159 0.109680
v -0.461350 -0.203159 -0.090320
v -0.462266 -0.201153 0.109680
v -0.462266 -0.201153 -0.090320
v -0.463406 -0.199286 0.109680
v -0.463406 -0.199286 -0.090320
v -0.464794 -0.197587 0.109680
v -0.464794 -0.197587 -0.090320
v -0.466455 -0.196085 0.109680
v -0.466455 -0.196085 -0.090320
v -0.468411 -0.194810 0.109680
v -0.468411 -0.194810 -0.090320
v -0.470715 -0.194810 0.109680
v -0.470715 -0.194810 -0.090320
vn -0.0000 -0.0000 -1.0000
vn -0.0000 -0.0000 1.0000
vn -0.8620 -0.5069 -0.0000
vn -0.8788 -0.4771 -0.0000
vn -0.8438 -0.5366 -0.0000
vn -0.8243 -0.5662 -0.0000
vn -0.8033 -0.5956 -0.0000
vn -0.7808 -0.6248 -0.0000
vn -0.7568 -0.6536 -0.0000
vn -0.7313 -0.6820 -0.0000
vn -0.7043 -0.7099 -0.0000
vn -0.7313 -0.6821 -0.0000
vn -0.6756 -0.7372 -0.0000
vn -0.7042 -0.7100 -0.0000
vn -0.6455 -0.7638 -0.0000
vn -0.5948 -0.8038 -0.0000
vn -0.5221 -0.8529 -0.0000
vn -0.5948 -0.8039 -0.0000
vn -0.4489 -0.8936 -0.0000
vn -0.3784 -0.9256 -0.0000
vn -0.3123 -0.9500 -0.0000
vn -0.2517 -0.9678 -0.0000
vn -0.1973 -0.9804 -0.0000
vn -0.1492 -0.9888 -0.0000
vn -0.1075 -0.9942 -0.0000
vn -0.0720 -0.9974 -0.0000
vn -0.0425 -0.9991 -0.0000
vn -0.0189 -0.9998 -0.0000
vn 0.0540 -0.9985 -0.0000
vn 0.2444 -0.9697 -0.0000
vn 0.4888 -0.8724 -0.0000
vn 0.6911 -0.7227 -0.0000
vn 0.8291 -0.5591 -0.0000
vn 0.9111 -0.4121 -0.0000
vn 0.9562 -0.2928 -0.0000
vn 0.9798 -0.2001 -0.0000
vn 0.9916 -0.1295 -0.0000
vn 0.9971 -0.0766 -0.0000
vn 0.9993 -0.0384 -0.0000
vn 0.9999 -0.0136 -0.0000
vn 1.0000 -0.0021 -0.0000
vn 1.0000 0.0008 -0.0000
vn 1.0000 0.0027 -0.0000
vn 1.0000 0.0057 -0.0000
vn 1.0000 0.0026 -0.0000
vn 1.0000 0.0099 -0.0000
vn 0.9999 0.0153 -0.0000
vn 0.9998 0.0219 -0.0000
vn 0.9996 0.0298 -0.0000
vn 0.9998 0.0220 -0.0000
vn 0.9992 0.0390 -0.0000
vn 0.9988 0.0496 -0.0000
vn 0.9981 0.0617 -0.0000
vn 0.9972 0.0754 -0.0000
vn 0.9979 0.0650 -0.0000
vn 0.9991 0.0414 -0.0000
vn 0.9995 0.0301 -0.0000
vn 0.9998 0.0203 -0.0000
vn 0.9995 0.0300 -0.0000
vn 0.9999 0.0121 -0.0000
vn 1.0000 0.0054 -0.0000
vn 1.0000 0.0002 -0.0000
vn 1.0000 -0.0035 -0.0000
vn 1.0000 -0.0057 -0.0000
vn 1.0000 -0.0064 -0.0000
vn 1.0000 0.0031 -0.0000
vn 0.9999 0.0156 -0.0000
vn 0.9996 0.0287 -0.0000
vn 0.9989 0.0462 -0.0000
vn 0.9987 0.0506 -0.0000
vn 0.9986 0.0521 -0.0000
vn 1.0000 -0.0013 -0.0000
vn 0.9997 -0.0224 -0.0000
vn 0.9989 -0.0477 -0.0000
vn 0.9969 -0.0783 -0.0000
vn 0.9932 -0.1163 -0.0000
vn 0.9864 -0.1643 -0.0000
vn 0.9932 -0.1162 -0.0000
vn 0.9740 -0.2266 -0.0000
vn 0.9509 -0.3096 -0.0000
vn 0.9065 -0.4222 -0.0000
vn 0.8190 -0.5738 -0.0000
vn 0.9065 -0.4223 -0.0000
vn 0.6495 -0.7603 -0.0000
vn 0.3639 -0.9314 -0.0000
vn 0.0386 -0.9993 -0.0000
vn -0.1954 -0.9807 -0.0000
vn -0.3381 -0.9411 -0.0000
vn -0.4329 -0.9014 -0.0000
vn -0.4944 -0.8692 -0.0000
vn -0.5323 -0.8465 -0.0000
vn -0.5521 -0.8338 -0.0000
vn -0.5555 -0.8315 -0.0000
vn -0.5411 -0.8409 -0.0000
vn -0.5027 -0.8645 -0.0000
vn -0.4245 -0.9054 -0.0000
vn -0.2701 -0.9628 -0.0000
vn -0.0300 -0.9995 -0.0000
vn 0.2227 -0.9749 -0.0000
vn 0.4497 -0.8932 -0.0000
vn 0.6471 -0.7624 -0.0000
vn 0.7916 -0.6111 -0.0000
vn 0.8842 -0.4671 -0.0000
vn 0.9388 -0.3444 -0.0000
vn 0.9694 -0.2454 -0.0000
vn 0.9859 -0.1674 -0.0000
vn 0.9943 -0.1066 -0.0000
vn 0.9982 -0.0599 -0.0000
vn 0.9997 -0.0253 -0.0000
vn 1.0000 -0.0081 -0.0000
vn 1.0000 -0.0065 -0.0000
vn 1.0000 -0.0034 -0.0000
vn 0.9999 0.0112 -0.0000
vn 0.9993 0.0372 -0.0000
vn 0.9972 0.0752 -0.0000
vn 0.9993 0.0373 -0.0000
vn 0.9921 0.1255 -0.0000
vn 0.9821 0.1885 -0.0000
vn 0.9645 0.2641 -0.0000
vn 0.9364 0.3509 -0.0000
vn 0.8949 0.4462 -0.0000
vn 0.8381 0.5455 -0.0000
vn 0.7733 0.6341 -0.0000
vn 0.7177 0.6963 -0.0000
vn 0.6736 0.7391 -0.0000
vn 0.6329 0.7743 -0.0000
vn 0.5931 0.8051 -0.0000
vn 0.5524 0.8336 -0.0000
vn 0.5086 0.8610 -0.0000
vn 0.4596 0.8881 -0.0000
vn 0.4025 0.9154 -0.0000
vn 0.3334 0.9428 -0.0000
vn 0.2472 0.9690 -0.0000
vn 0.1369 0.9906 -0.0000
vn 0.0330 0.9995 -0.0000
vn -0.0189 0.9998 -0.0000
vn -0.0426 0.9991 -0.0000
vn -0.0724 0.9974 -0.0000
vn -0.1089 0.9940 -0.0000
vn -0.1533 0.9882 -0.0000
vn -0.2070 0.9783 -0.0000
vn -0.2718 0.9623 -0.0000
vn -0.3497 0.9369 -0.0000
vn -0.4421 0.8969 -0.0000
vn -0.5491 0.8357 -0.0000
vn -0.6669 0.7451 -0.0000
vn -0.7989 0.6014 -0.0000
vn -0.9069 0.4214 -0.0000
vn -0.9604 0.2785 -0.0000
vn -0.9823 0.1872 -0.0000
vn -0.9921 0.1258 -0.0000
vn -0.9966 0.0825 -0.0000
vn -0.9987 0.0510 -0.0000
vn -0.9996 0.0276 -0.0000
vn -0.9999 0.0102 -0.0000
vn -1.0000 -0.0020 -0.0000
vn -1.0000 -0.0090 -0.0000
vn -1.0000 -0.0092 -0.0000
vn -1.0000 -0.0052 -0.0000
vn -1.0000 -0.0069 -0.0000
vn -0.9999 -0.0153 -0.0000
vn -0.9997 -0.0257 -0.0000
vn -0.9993 -0.0383 -0.0000
vn -0.9986 -0.0538 -0.0000
vn -0.9973 -0.0729 -0.0000
vn -0.9953 -0.0971 -0.0000
vn -0.9917 -0.1283 -0.0000
vn -0.9854 -0.1700 -0.0000
vn -0.9736 -0.2281 -0.0000
vn -0.9497 -0.3132 -0.0000
vn -0.9105 -0.4135 -0.0000
vn -0.9497 -0.3133 -0.0000
vn -0.1056 0.9944 -0.0000
vn -0.0574 0.9984 -0.0000
vn -0.1427 0.9898 -0.0000
vn -0.1690 0.9856 -0.0000
vn -0.1846 0.9828 -0.0000
vn -0.1898 0.9818 -0.0000
vn 0.0052 1.0000 -0.0000
vn 0.0851 0.9964 -0.0000
vn 0.1779 0.9841 -0.0000
vn 0.2799 0.9600 -0.0000
vn 0.3907 0.9205 -0.0000
vn 0.5077 0.8616 -0.0000
vn 0.6260 0.7798 -0.0000
vn 0.7383 0.6745 -0.0000
vn 0.8361 0.5486 -0.0000
vn 0.9124 0.4093 -0.0000
vn 0.9640 0.2661 -0.0000
vn 0.9124 0.4092 -0.0000
vn 0.9918 0.1280 -0.0000
vn 0.9640 0.2660 -0.0000
vn 1.0000 -0.0080 -0.0000
vn 0.9880 -0.1545 -0.0000
vn 0.9525 -0.3045 -0.0000
vn 0.8963 -0.4435 -0.0000
vn 0.9525 -0.3046 -0.0000
vn 0.8238 -0.5669 -0.0000
vn 0.7395 -0.6731 -0.0000
vn 0.6473 -0.7623 -0.0000
vn 0.5495 -0.8355 -0.0000
vn 0.4475 -0.8943 -0.0000
vn 0.3418 -0.9398 -0.0000
vn 0.2321 -0.9727 -0.0000
vn 0.1179 -0.9930 -0.0000
vn 0.0024 -1.0000 -0.0000
vn -0.1034 -0.9946 -0.0000
vn -0.1898 -0.9818 -0.0000
vn -0.1035 -0.9946 -0.0000
vn -0.2550 -0.9669 -0.0000
vn -0.2997 -0.9540 -0.0000
vn -0.3252 -0.9457 -0.0000
vn -0.3325 -0.9431 -0.0000
vn -0.3222 -0.9467 -0.0000
vn -0.2942 -0.9557 -0.0000
vn -0.2479 -0.9688 -0.0000
vn -0.1827 -0.9832 -0.0000
vn -0.0987 -0.9951 -0.0000
vn -0.0204 -0.9998 -0.0000
vn 0.0299 -0.9996 -0.0000
vn 0.0818 -0.9966 -0.0000
vn 0.1690 -0.9856 -0.0000
vn 0.3026 -0.9531 -0.0000
vn 0.4827 -0.8758 -0.0000
vn 0.6794 -0.7338 -0.0000
vn 0.8397 -0.5431 -0.0000
vn 0.9350 -0.3546 -0.0000
vn 0.9784 -0.2067 -0.0000
vn 0.9944 -0.1052 -0.0000
vn 0.9784 -0.2066 -0.0000
vn 0.9992 -0.0409 -0.0000
vn 1.0000 -0.0033 -0.0000
vn 0.9998 0.0191 -0.0000
vn 0.9993 0.0365 -0.0000
vn 0.9986 0.0520 -0.0000
vn 0.9979 0.0654 -0.0000
vn 0.9970 0.0769 -0.0000
vn 0.9979 0.0655 -0.0000
vn 0.9963 0.0863 -0.0000
vn 0.9956 0.0936 -0.0000
vn 0.9951 0.0989 -0.0000
vn 0.9948 0.1021 -0.0000
vn 0.9947 0.1032 -0.0000
vn 0.9948 0.1022 -0.0000
vn 0.9941 0.1081 -0.0000
vn 0.9901 0.1402 -0.0000
vn 0.9790 0.2038 -0.0000
vn 0.9549 0.2968 -0.0000
vn 0.9061 0.4231 -0.0000
vn 0.8177 0.5756 -0.0000
vn 0.6831 0.7303 -0.0000
vn 0.5178 0.8555 -0.0000
vn 0.3544 0.9351 -0.0000
vn 0.2185 0.9758 -0.0000
vn 0.1177 0.9930 -0.0000
vn 0.0481 0.9988 -0.0000
vn 0.0110 0.9999 -0.0000
vn 0.0034 1.0000 -0.0000
vn 0.0062 1.0000 -0.0000
vn 0.0084 1.0000 -0.0000
vn 0.0100 1.0000 -0.0000
vn 0.0109 0.9999 -0.0000
vn 0.0112 0.9999 -0.0000
vn 0.0099 1.0000 -0.0000
vn 0.0083 1.0000 -0.0000
vn 0.0061 1.0000 -0.0000
vn 0.0033 1.0000 -0.0000
vn -0.0161 0.9999 -0.0000
vn -0.1566 0.9877 -0.0000
vn -0.2555 0.9668 -0.0000
vn -0.3691 0.9294 -0.0000
vn -0.4943 0.8693 -0.0000
vn -0.6234 0.7819 -0.0000
vn -0.7453 0.6668 -0.0000
vn -0.8477 0.5305 -0.0000
vn -0.9229 0.3850 -0.0000
vn -0.9700 0.2431 -0.0000
vn -0.9935 0.1141 -0.0000
vn -0.9999 -0.0164 -0.0000
vn -0.9935 0.1140 -0.0000
vn -0.9831 -0.1830 -0.0000
vn -0.9254 -0.3790 -0.0000
vn -0.8238 -0.5669 -0.0000
vn -0.6914 -0.7224 -0.0000
vn -0.5504 -0.8349 -0.0000
vn -0.4191 -0.9079 -0.0000
vn -0.3064 -0.9519 -0.0000
vn -0.2139 -0.9768 -0.0000
vn -0.1398 -0.9902 -0.0000
vn -0.0812 -0.9967 -0.0000
vn -0.0358 -0.9994 -0.0000
vn -0.0022 -1.0000 -0.0000
vn 0.0219 -0.9998 -0.0000
vn 0.0404 -0.9992 -0.0000
vn 0.0548 -0.9985 -0.0000
vn 0.0650 -0.9979 -0.0000
vn 0.0711 -0.9975 -0.0000
vn 0.0732 -0.9973 -0.0000
vn 0.0058 -1.0000 -0.0000
vn -0.0126 -0.9999 -0.0000
vn -0.0577 -0.9983 -0.0000
vn -0.1352 -0.9908 -0.0000
vn -0.2399 -0.9708 -0.0000
vn -0.3737 -0.9275 -0.0000
vn -0.5297 -0.8482 -0.0000
vn -0.3737 -0.9276 -0.0000
vn -0.6873 -0.7264 -0.0000
vn -0.5296 -0.8482 -0.0000
vn -0.8198 -0.5726 -0.0000
vn -0.9111 -0.4123 -0.0000
vn -0.9631 -0.2691 -0.0000
vn -0.9881 -0.1538 -0.0000
vn -0.9978 -0.0665 -0.0000
vn -0.9993 0.0379 -0.0000
vn -0.9756 0.2196 -0.0000
vn -0.8969 0.4423 -0.0000
vn -0.7714 0.6364 -0.0000
vn -0.6256 0.7802 -0.0000
vn -0.7714 0.6363 -0.0000
vn -0.4854 0.8743 -0.0000
vn -0.6256 0.7801 -0.0000
vn -0.3644 0.9313 -0.0000
vn -0.2651 0.9642 -0.0000
vn -0.3643 0.9313 -0.0000
vn -0.1854 0.9827 -0.0000
vn -0.1219 0.9925 -0.0000
vn -0.0715 0.9974 -0.0000
vn -0.0319 0.9995 -0.0000
vn 0.0043 1.0000 -0.0000
vn 0.0440 0.9990 -0.0000
vn 0.0814 0.9967 -0.0000
vn 0.1107 0.9939 -0.0000
vn 0.1316 0.9913 -0.0000
vn 0.1442 0.9895 -0.0000
vn 0.1484 0.9889 -0.0000
vn -0.0091 1.0000 -0.0000
vn -0.0852 0.9964 -0.0000
vn -0.1761 0.9844 -0.0000
vn -0.2742 0.9617 -0.0000
vn -0.3796 0.9252 -0.0000
vn -0.4911 0.8711 -0.0000
vn -0.6054 0.7959 -0.0000
vn -0.7169 0.6972 -0.0000
vn -0.8177 0.5757 -0.0000
vn -0.8998 0.4363 -0.0000
vn -0.9577 0.2877 -0.0000
vn -0.9902 0.1400 -0.0000
vn -1.0000 -0.0027 -0.0000
vn -0.9892 -0.1466 -0.0000
vn -0.9567 -0.2912 -0.0000
vn -0.9039 -0.4277 -0.0000
vn -0.8340 -0.5517 -0.0000
vn -0.7508 -0.6605 -0.0000
vn -0.6579 -0.7531 -0.0000
vn -0.5580 -0.8298 -0.0000
vn -0.4531 -0.8915 -0.0000
vn -0.3443 -0.9389 -0.0000
vn -0.2321 -0.9727 -0.0000
vn -0.1171 -0.9931 -0.0000
vn -0.0279 -0.9996 -0.0000
vn 0.0121 -0.9999 -0.0000
vn 0.0400 -0.9992 -0.0000
vn 0.0888 -0.9960 -0.0000
vn 0.1620 -0.9868 -0.0000
vn 0.2635 -0.9646 -0.0000
vn 0.3953 -0.9185 -0.0000
vn 0.5518 -0.8340 -0.0000
vn 0.7135 -0.7006 -0.0000
vn 0.8513 -0.5246 -0.0000
vn 0.9432 -0.3322 -0.0000
vn 0.9882 -0.1531 -0.0000
vn 0.9995 -0.0303 -0.0000
vn 0.9998 0.0217 -0.0000
vn 0.9987 0.0515 -0.0000
vn 0.9958 0.0914 -0.0000
vn 0.9898 0.1422 -0.0000
vn 0.9788 0.2047 -0.0000
vn 0.9600 0.2800 -0.0000
vn 0.9296 0.3685 -0.0000
vn 0.8831 0.4691 -0.0000
vn 0.8159 0.5782 -0.0000
vn 0.7247 0.6890 -0.0000
vn 0.6104 0.7921 -0.0000
vn 0.7247 0.6891 -0.0000
vn 0.2849 0.9586 -0.0000
vn -0.0152 0.9999 -0.0000
vt 0.433180 0.000000
vt 0.442396 0.000000
vt 0.437788 0.000000
vt 0.428571 0.000000
vt 0.423963 0.000000
vt 0.419355 0.000000
vt 0.414747 0.000000
vt 0.410138 0.000000
vt 0.405530 0.000000
vt 0.447005 0.000000
vt 0.400922 0.000000
vt 0.396313 0.000000
vt 0.391705 0.000000
vt 0.387097 0.000000
vt 0.382488 0.000000
vt 0.377880 0.000000
vt 0.373272 0.000000
vt 0.451613 0.000000
vt 0.368664 0.000000
vt 0.456221 0.000000
vt 0.364055 0.000000
vt 0.460829 0.000000
vt 0.359447 0.000000
vt 0.465438 0.000000
vt 0.470046 0.000000
vt 0.354839 0.000000
vt 0.474654 0.000000
vt 0.350230 0.000000
vt 0.479263 0.000000
vt 0.345622 0.000000
vt 0.483871 0.000000
vt 0.488479 0.000000
vt 0.341014 0.000000
vt 0.493088 0.000000
vt 0.336406 0.000000
vt 0.497696 0.000000
vt 0.502304 0.000000
vt 0.331797 0.000000
vt 0.506912 0.000000
vt 0.511521 0.000000
vt 0.516129 0.000000
vt 0.520737 0.000000
vt 0.608295 0.000000
vt 0.525346 0.000000
vt 0.603687 0.000000
vt 0.529954 0.000000
vt 0.612903 0.000000
vt 0.599078 0.000000
vt 0.594470 0.000000
vt 0.589862 0.000000
vt 0.617512 0.000000
vt 0.585253 0.000000
vt 0.534562 0.000000
vt 0.580645 0.000000
vt 0.622120 0.000000
vt 0.576037 0.000000
vt 0.571429 0.000000
vt 0.539171 0.000000
vt 0.566820 0.000000
vt 0.562212 0.000000
vt 0.626728 0.000000
vt 0.543779 0.000000
vt 0.557604 0.000000
vt 0.552995 0.000000
vt 0.548387 0.000000
vt 0.327189 0.000000
vt 0.631336 0.000000
vt 0.635945 0.000000
vt 0.640553 0.000000
vt 0.645161 0.000000
vt 0.649770 0.000000
vt 0.654378 0.000000
vt 0.322581 0.000000
vt 0.658986 0.000000
vt 0.317972 0.000000
vt 0.663594 0.000000
vt 0.313364 0.000000
vt 0.668203 0.000000
vt 0.308756 0.000000
vt 0.672811 0.000000
vt 0.677419 0.000000
vt 0.682028 0.000000
vt 0.304147 0.000000
vt 0.686636 0.000000
vt 0.769585 0.000000
vt 0.778802 0.000000
vt 0.774194 0.000000
vt 0.764977 0.000000
vt 0.691244 0.000000
vt 0.760369 0.000000
vt 0.755760 0.000000
vt 0.751152 0.000000
vt 0.783410 0.000000
vt 0.695853 0.000000
vt 0.746544 0.000000
vt 0.741935 0.000000
vt 0.700461 0.000000
vt 0.737327 0.000000
vt 0.732719 0.000000
vt 0.705069 0.000000
vt 0.728111 0.000000
vt 0.709677 0.000000
vt 0.723502 0.000000
vt 0.714286 0.000000
vt 0.718894 0.000000
vt 0.788018 0.000000
vt 0.299539 0.000000
vt 0.792627 0.000000
vt 0.294931 0.000000
vt 0.797235 0.000000
vt 0.290323 0.000000
vt 0.801843 0.000000
vt 0.285714 0.000000
vt 0.281106 0.000000
vt 0.806452 0.000000
vt 0.276498 0.000000
vt 0.271889 0.000000
vt 0.811060 0.000000
vt 0.267281 0.000000
vt 0.815668 0.000000
vt 0.262673 0.000000
vt 0.820276 0.000000
vt 0.258065 0.000000
vt 0.253456 0.000000
vt 0.161290 0.000000
vt 0.156682 0.000000
vt 0.824885 0.000000
vt 0.165899 0.000000
vt 0.248848 0.000000
vt 0.152074 0.000000
vt 0.170507 0.000000
vt 0.147465 0.000000
vt 0.175115 0.000000
vt 0.142857 0.000000
vt 0.179724 0.000000
vt 0.184332 0.000000
vt 0.138249 0.000000
vt 0.244240 0.000000
vt 0.188940 0.000000
vt 0.133641 0.000000
vt 0.193548 0.000000
vt 0.239631 0.000000
vt 0.129032 0.000000
vt 0.198157 0.000000
vt 0.235023 0.000000
vt 0.202765 0.000000
vt 0.124424 0.000000
vt 0.230415 0.000000
vt 0.207373 0.000000
vt 0.829493 0.000000
vt 0.225806 0.000000
vt 0.211982 0.000000
vt 0.221198 0.000000
vt 0.216590 0.000000
vt 0.119816 0.000000
vt 0.115207 0.000000
vt 0.110599 0.000000
vt 0.105991 0.000000
vt 0.834101 0.000000
vt 0.101382 0.000000
vt 0.096774 0.000000
vt 0.838710 0.000000
vt 0.092166 0.000000
vt 0.087558 0.000000
vt 0.082949 0.000000
vt 0.843318 0.000000
vt 0.078341 0.000000
vt 0.073733 0.000000
vt 0.990783 0.000000
vt 1.000000 0.000000
vt 0.995392 0.000000
vt 0.000000 0.000000
vt 0.004608 0.000000
vt 0.986175 0.000000
vt 0.009217 0.000000
vt 0.981567 0.000000
vt 0.013825 0.000000
vt 0.976959 0.000000
vt 0.018433 0.000000
vt 0.069124 0.000000
vt 0.972350 0.000000
vt 0.023041 0.000000
vt 0.967742 0.000000
vt 0.027650 0.000000
vt 0.064516 0.000000
vt 0.963134 0.000000
vt 0.032258 0.000000
vt 0.958525 0.000000
vt 0.059908 0.000000
vt 0.036866 0.000000
vt 0.847926 0.000000
vt 0.953917 0.000000
vt 0.041475 0.000000
vt 0.055300 0.000000
vt 0.046083 0.000000
vt 0.949309 0.000000
vt 0.050691 0.000000
vt 0.944700 0.000000
vt 0.940092 0.000000
vt 0.935484 0.000000
vt 0.852535 0.000000
vt 0.930876 0.000000
vt 0.857143 0.000000
vt 0.926267 0.000000
vt 0.861751 0.000000
vt 0.921659 0.000000
vt 0.866359 0.000000
vt 0.917051 0.000000
vt 0.870968 0.000000
vt 0.912442 0.000000
vt 0.875576 0.000000
vt 0.907834 0.000000
vt 0.903226 0.000000
vt 0.880184 0.000000
vt 0.898618 0.000000
vt 0.894009 0.000000
vt 0.884793 0.000000
vt 0.889401 0.000000
vt 0.778443 0.000000
vt 0.790419 0.000000
vt 0.784431 0.000000
vt 0.796407 0.000000
vt 0.802395 0.000000
vt 0.808383 0.000000
vt 0.772455 0.000000
vt 0.814371 0.000000
vt 0.820359 0.000000
vt 0.826347 0.000000
vt 0.766467 0.000000
vt 0.832335 0.000000
vt 0.838323 0.000000
vt 0.760479 0.000000
vt 0.844311 0.000000
vt 0.850299 0.000000
vt 0.754491 0.000000
vt 0.856287 0.000000
vt 0.748503 0.000000
vt 0.862275 0.000000
vt 0.742515 0.000000
vt 0.868263 0.000000
vt 0.736527 0.000000
vt 0.730539 0.000000
vt 0.874251 0.000000
vt 0.724551 0.000000
vt 0.718563 0.000000
vt 0.880240 0.000000
vt 0.712575 0.000000
vt 0.706587 0.000000
vt 0.700599 0.000000
vt 0.886228 0.000000
vt 0.694611 0.000000
vt 0.688623 0.000000
vt 0.682635 0.000000
vt 0.892216 0.000000
vt 0.676647 0.000000
vt 0.670659 0.000000
vt 0.664671 0.000000
vt 0.898204 0.000000
vt 0.658683 0.000000
vt 0.652695 0.000000
vt 0.646707 0.000000
vt 0.497006 0.000000
vt 0.904192 0.000000
vt 0.502994 0.000000
vt 0.491018 0.000000
vt 0.640719 0.000000
vt 0.508982 0.000000
vt 0.485030 0.000000
vt 0.514970 0.000000
vt 0.479042 0.000000
vt 0.520958 0.000000
vt 0.634731 0.000000
vt 0.473054 0.000000
vt 0.526946 0.000000
vt 0.628743 0.000000
vt 0.467066 0.000000
vt 0.622755 0.000000
vt 0.532934 0.000000
vt 0.616766 0.000000
vt 0.461078 0.000000
vt 0.538922 0.000000
vt 0.610778 0.000000
vt 0.910180 0.000000
vt 0.604790 0.000000
vt 0.544910 0.000000
vt 0.455090 0.000000
vt 0.598802 0.000000
vt 0.550898 0.000000
vt 0.592814 0.000000
vt 0.449102 0.000000
vt 0.556886 0.000000
vt 0.586826 0.000000
vt 0.580838 0.000000
vt 0.562874 0.000000
vt 0.574850 0.000000
vt 0.568862 0.000000
vt 0.443114 0.000000
vt 0.916168 0.000000
vt 0.437126 0.000000
vt 0.431138 0.000000
vt 0.425150 0.000000
vt 0.922156 0.000000
vt 0.419162 0.000000
vt 0.413174 0.000000
vt 0.407186 0.000000
vt 0.401198 0.000000
vt 0.395210 0.000000
vt 0.389222 0.000000
vt 0.928144 0.000000
vt 0.383234 0.000000
vt 0.377246 0.000000
vt 0.371257 0.000000
vt 0.365269 0.000000
vt 0.934132 0.000000
vt 0.359281 0.000000
vt 0.353293 0.000000
vt 0.347305 0.000000
vt 0.940120 0.000000
vt 0.341317 0.000000
vt 0.335329 0.000000
vt 0.946108 0.000000
vt 0.329341 0.000000
vt 0.323353 0.000000
vt 0.317365 0.000000
vt 0.952096 0.000000
vt 0.311377 0.000000
vt 0.305389 0.000000
vt 0.958084 0.000000
vt 0.299401 0.000000
vt 0.293413 0.000000
vt 0.287425 0.000000
vt 0.964072 0.000000
vt 0.281437 0.000000
vt 0.275449 0.000000
vt 0.269461 0.000000
vt 0.263473 0.000000
vt 0.257485 0.000000
vt 0.970060 0.000000
vt 0.251497 0.000000
vt 0.245509 0.000000
vt 0.239521 0.000000
vt 0.233533 0.000000
vt 0.227545 0.000000
vt 0.221557 0.000000
vt 0.215569 0.000000
vt 0.209581 0.000000
vt 0.976048 0.000000
vt 0.203593 0.000000
vt 0.197605 0.000000
vt 0.982036 0.000000
vt 0.191617 0.000000
vt 0.185629 0.000000
vt 0.988024 0.000000
vt 0.179641 0.000000
vt 0.994012 0.000000
vt 0.173653 0.000000
vt 0.167665 0.000000
vt 0.005988 0.000000
vt 0.011976 0.000000
vt 0.017964 0.000000
vt 0.161677 0.000000
vt 0.023952 0.000000
vt 0.029940 0.000000
vt 0.035928 0.000000
vt 0.041916 0.000000
vt 0.047904 0.000000
vt 0.053892 0.000000
vt 0.155689 0.000000
vt 0.059880 0.000000
vt 0.065868 0.000000
vt 0.071856 0.000000
vt 0.077844 0.000000
vt 0.149701 0.000000
vt 0.083832 0.000000
vt 0.089820 0.000000
vt 0.095808 0.000000
vt 0.143713 0.000000
vt 0.101796 0.000000
vt 0.107784 0.000000
vt 0.113772 0.000000
vt 0.137725 0.000000
vt 0.119760 0.000000
vt 0.125749 0.000000
vt 0.131737 0.000000
vt 0.005952 1.000000
vt 0.000000 1.000000
vt 0.011905 1.000000
vt 0.005952 0.000000
vt 0.017857 1.000000
vt 0.011905 0.000000
vt 0.023810 1.000000
vt 0.017857 0.000000
vt 0.029762 1.000000
vt 0.023810 0.000000
vt 0.035714 1.000000
vt 0.029762 0.000000
vt 0.041667 1.000000
vt 0.035714 0.000000
vt 0.047619 1.000000
vt 0.041667 0.000000
vt 0.053571 1.000000
vt 0.047619 0.000000
vt 0.059524 1.000000
vt 0.053571 0.000000
vt 0.065476 1.000000
vt 0.059524 0.000000
vt 0.071429 1.000000
vt 0.065476 0.000000
vt 0.077381 1.000000
vt 0.071429 0.000000
vt 0.083333 1.000000
vt 0.077381 0.000000
vt 0.089286 1.000000
vt 0.083333 0.000000
vt 0.095238 1.000000
vt 0.089286 0.000000
vt 0.101190 1.000000
vt 0.095238 0.000000
vt 0.107143 1.000000
vt 0.101190 0.000000
vt 0.113095 1.000000
vt 0.107143 0.000000
vt 0.119048 1.000000
vt 0.113095 0.000000
vt 0.125000 1.000000
vt 0.119048 0.000000
vt 0.130952 1.000000
vt 0.125000 0.000000
vt 0.136905 1.000000
vt 0.130952 0.000000
vt 0.142857 1.000000
vt 0.136905 0.000000
vt 0.148810 1.000000
vt 0.154762 1.000000
vt 0.148810 0.000000
vt 0.160714 1.000000
vt 0.154762 0.000000
vt 0.166667 1.000000
vt 0.160714 0.000000
vt 0.172619 1.000000
vt 0.166667 0.000000
vt 0.178571 1.000000
vt 0.172619 0.000000
vt 0.184524 1.000000
vt 0.178571 0.000000
vt 0.190476 1.000000
vt 0.184524 0.000000
vt 0.196429 1.000000
vt 0.190476 0.000000
vt 0.202381 1.000000
vt 0.196429 0.000000
vt 0.208333 1.000000
vt 0.202381 0.000000
vt 0.214286 1.000000
vt 0.208333 0.000000
vt 0.220238 1.000000
vt 0.214286 0.000000
vt 0.226190 1.000000
vt 0.220238 0.000000
vt 0.232143 1.000000
vt 0.226190 0.000000
vt 0.238095 1.000000
vt 0.232143 0.000000
vt 0.244048 1.000000
vt 0.238095 0.000000
vt 0.250000 1.000000
vt 0.244048 0.000000
vt 0.255952 1.000000
vt 0.250000 0.000000
vt 0.261905 1.000000
vt 0.255952 0.000000
vt 0.267857 1.000000
vt 0.261905 0.000000
vt 0.273810 1.000000
vt 0.267857 0.000000
vt 0.279762 1.000000
vt 0.273810 0.000000
vt 0.285714 1.000000
vt 0.279762 0.000000
vt 0.291667 1.000000
vt 0.297619 1.000000
vt 0.291667 0.000000
vt 0.303571 1.000000
vt 0.297619 0.000000
vt 0.309524 1.000000
vt 0.303571 0.000000
vt 0.315476 1.000000
vt 0.309524 0.000000
vt 0.321429 1.000000
vt 0.315476 0.000000
vt 0.327381 1.000000
vt 0.321429 0.000000
vt 0.333333 1.000000
vt 0.327381 0.000000
vt 0.339286 1.000000
vt 0.333333 0.000000
vt 0.345238 1.000000
vt 0.339286 0.000000
vt 0.351190 1.000000
vt 0.345238 0.000000
vt 0.357143 1.000000
vt 0.351190 0.000000
vt 0.363095 1.000000
vt 0.357143 0.000000
vt 0.369048 1.000000
vt 0.363095 0.000000
vt 0.375000 1.000000
vt 0.369048 0.000000
vt 0.380952 1.000000
vt 0.375000 0.000000
vt 0.386905 1.000000
vt 0.380952 0.000000
vt 0.392857 1.000000
vt 0.386905 0.000000
vt 0.398810 1.000000
vt 0.392857 0.000000
vt 0.404762 1.000000
vt 0.398810 0.000000
vt 0.410714 1.000000
vt 0.404762 0.000000
vt 0.416667 1.000000
vt 0.410714 0.000000
vt 0.422619 1.000000
vt 0.416667 0.000000
vt 0.428571 1.000000
vt 0.422619 0.000000
vt 0.434524 1.000000
vt 0.440476 1.000000
vt 0.434524 0.000000
vt 0.446429 1.000000
vt 0.440476 0.000000
vt 0.452381 1.000000
vt 0.446429 0.000000
vt 0.458333 1.000000
vt 0.452381 0.000000
vt 0.464286 1.000000
vt 0.458333 0.000000
vt 0.470238 1.000000
vt 0.464286 0.000000
vt 0.476190 1.000000
vt 0.470238 0.000000
vt 0.482143 1.000000
vt 0.476190 0.000000
vt 0.488095 1.000000
vt 0.482143 0.000000
vt 0.494048 1.000000
vt 0.488095 0.000000
vt 0.500000 1.000000
vt 0.494048 0.000000
vt 0.505952 1.000000
vt 0.500000 0.000000
vt 0.511905 1.000000
vt 0.505952 0.000000
vt 0.517857 1.000000
vt 0.511905 0.000000
vt 0.523810 1.000000
vt 0.517857 0.000000
vt 0.529762 1.000000
vt 0.523810 0.000000
vt 0.535714 1.000000
vt 0.529762 0.000000
vt 0.541667 1.000000
vt 0.535714 0.000000
vt 0.547619 1.000000
vt 0.541667 0.000000
vt 0.553571 1.000000
vt 0.547619 0.000000
vt 0.559524 1.000000
vt 0.553571 0.000000
vt 0.565476 1.000000
vt 0.559524 0.000000
vt 0.571429 1.000000
vt 0.565476 0.000000
vt 0.577381 1.000000
vt 0.583333 1.000000
vt 0.577381 0.000000
vt 0.589286 1.000000
vt 0.583333 0.000000
vt 0.595238 1.000000
vt 0.589286 0.000000
vt 0.601190 1.000000
vt 0.595238 0.000000
vt 0.607143 1.000000
vt 0.601190 0.000000
vt 0.613095 1.000000
vt 0.607143 0.000000
vt 0.619048 1.000000
vt 0.613095 0.000000
vt 0.625000 1.000000
vt 0.619048 0.000000
vt 0.630952 1.000000
vt 0.625000 0.000000
vt 0.636905 1.000000
vt 0.630952 0.000000
vt 0.642857 1.000000
vt 0.636905 0.000000
vt 0.648810 1.000000
vt 0.642857 0.000000
vt 0.654762 1.000000
vt 0.648810 0.000000
vt 0.660714 1.000000
vt 0.654762 0.000000
vt 0.666667 1.000000
vt 0.660714 0.000000
vt 0.672619 1.000000
vt 0.666667 0.000000
vt 0.678571 1.000000
vt 0.672619 0.000000
vt 0.684524 1.000000
vt 0.678571 0.000000
vt 0.690476 1.000000
vt 0.684524 0.000000
vt 0.696429 1.000000
vt 0.690476 0.000000
vt 0.702381 1.000000
vt 0.696429 0.000000
vt 0.708333 1.000000
vt 0.702381 0.000000
vt 0.714286 1.000000
vt 0.708333 0.000000
vt 0.720238 1.000000
vt 0.726190 1.000000
vt 0.720238 0.000000
vt 0.732143 1.000000
vt 0.726190 0.000000
vt 0.738095 1.000000
vt 0.732143 0.000000
vt 0.744048 1.000000
vt 0.738095 0.000000
vt 0.750000 1.000000
vt 0.744048 0.000000
vt 0.755952 1.000000
vt 0.750000 0.000000
vt 0.761905 1.000000
vt 0.755952 0.000000
vt 0.767857 1.000000
vt 0.761905 0.000000
vt 0.773810 1.000000
vt 0.767857 0.000000
vt 0.779762 1.000000
vt 0.773810 0.000000
vt 0.785714 1.000000
vt 0.779762 0.000000
vt 0.791667 1.000000
vt 0.785714 0.000000
vt 0.797619 1.000000
vt 0.791667 0.000000
vt 0.803571 1.000000
vt 0.797619 0.000000
vt 0.809524 1.000000
vt 0.803571 0.000000
vt 0.815476 1.000000
vt 0.809524 0.000000
vt 0.821429 1.000000
vt 0.815476 0.000000
vt 0.827381 1.000000
vt 0.821429 0.000000
vt 0.833333 1.000000
vt 0.827381 0.000000
vt 0.839286 1.000000
vt 0.833333 0.000000
vt 0.845238 1.000000
vt 0.839286 0.000000
vt 0.851190 1.000000
vt 0.845238 0.000000
vt 0.857143 1.000000
vt 0.851190 0.000000
vt 0.863095 1.000000
vt 0.869048 1.000000
vt 0.863095 0.000000
vt 0.875000 1.000000
vt 0.869048 0.000000
vt 0.880952 1.000000
vt 0.875000 0.000000
vt 0.886905 1.000000
vt 0.880952 0.000000
vt 0.892857 1.000000
vt 0.886905 0.000000
vt 0.898810 1.000000
vt 0.892857 0.000000
vt 0.904762 1.000000
vt 0.898810 0.000000
vt 0.910714 1.000000
vt 0.904762 0.000000
vt 0.916667 1.000000
vt 0.910714 0.000000
vt 0.922619 1.000000
vt 0.916667 0.000000
vt 0.928571 1.000000
vt 0.922619 0.000000
vt 0.934524 1.000000
vt 0.928571 0.000000
vt 0.940476 1.000000
vt 0.934524 0.000000
vt 0.946429 1.000000
vt 0.940476 0.000000
vt 0.952381 1.000000
vt 0.946429 0.000000
vt 0.958333 1.000000
vt 0.952381 0.000000
vt 0.964286 1.000000
vt 0.958333 0.000000
vt 0.970238 1.000000
vt 0.964286 0.000000
vt 0.976190 1.000000
vt 0.970238 0.000000
vt 0.982143 1.000000
vt 0.976190 0.000000
vt 0.988095 1.000000
vt 0.982143 0.000000
vt 0.994048 1.000000
vt 0.988095 0.000000
vt 1.000000 1.000000
vt 0.994048 0.000000
vt 0.004587 1.000000
vt 0.009174 1.000000
vt 0.004587 0.000000
vt 0.013761 1.000000
vt 0.009174 0.000000
vt 0.018349 1.000000
vt 0.013761 0.000000
vt 0.022936 1.000000
vt 0.018349 0.000000
vt 0.027523 1.000000
vt 0.022936 0.000000
vt 0.032110 1.000000
vt 0.027523 0.000000
vt 0.036697 1.000000
vt 0.032110 0.000000
vt 0.041284 1.000000
vt 0.036697 0.000000
vt 0.045872 1.000000
vt 0.041284 0.000000
vt 0.050459 1.000000
vt 0.045872 0.000000
vt 0.055046 1.000000
vt 0.050459 0.000000
vt 0.059633 1.000000
vt 0.055046 0.000000
vt 0.064220 1.000000
vt 0.059633 0.000000
vt 0.068807 1.000000
vt 0.064220 0.000000
vt 0.073394 1.000000
vt 0.068807 0.000000
vt 0.077982 1.000000
vt 0.073394 0.000000
vt 0.082569 1.000000
vt 0.077982 0.000000
vt 0.087156 1.000000
vt 0.082569 0.000000
vt 0.091743 1.000000
vt 0.087156 0.000000
vt 0.096330 1.000000
vt 0.091743 0.000000
vt 0.100917 1.000000
vt 0.096330 0.000000
vt 0.105505 1.000000
vt 0.100917 0.000000
vt 0.110092 1.000000
vt 0.105505 0.000000
vt 0.114679 1.000000
vt 0.110092 0.000000
vt 0.119266 1.000000
vt 0.114679 0.000000
vt 0.123853 1.000000
vt 0.119266 0.000000
vt 0.128440 1.000000
vt 0.123853 0.000000
vt 0.133028 1.000000
vt 0.128440 0.000000
vt 0.137615 1.000000
vt 0.133028 0.000000
vt 0.142202 1.000000
vt 0.137615 0.000000
vt 0.146789 1.000000
vt 0.142202 0.000000
vt 0.151376 1.000000
vt 0.146789 0.000000
vt 0.155963 1.000000
vt 0.151376 0.000000
vt 0.160550 1.000000
vt 0.155963 0.000000
vt 0.165138 1.000000
vt 0.160550 0.000000
vt 0.169725 1.000000
vt 0.165138 0.000000
vt 0.174312 1.000000
vt 0.169725 0.000000
vt 0.178899 1.000000
vt 0.174312 0.000000
vt 0.183486 1.000000
vt 0.178899 0.000000
vt 0.188073 1.000000
vt 0.183486 0.000000
vt 0.192661 1.000000
vt 0.188073 0.000000
vt 0.197248 1.000000
vt 0.192661 0.000000
vt 0.201835 1.000000
vt 0.197248 0.000000
vt 0.206422 1.000000
vt 0.201835 0.000000
vt 0.211009 1.000000
vt 0.206422 0.000000
vt 0.215596 1.000000
vt 0.211009 0.000000
vt 0.220183 1.000000
vt 0.215596 0.000000
vt 0.224771 1.000000
vt 0.220183 0.000000
vt 0.229358 1.000000
vt 0.224771 0.000000
vt 0.233945 1.000000
vt 0.229358 0.000000
vt 0.238532 1.000000
vt 0.233945 0.000000
vt 0.243119 1.000000
vt 0.238532 0.000000
vt 0.247706 1.000000
vt 0.243119 0.000000
vt 0.252294 1.000000
vt 0.247706 0.000000
vt 0.256881 1.000000
vt 0.252294 0.000000
vt 0.261468 1.000000
vt 0.256881 0.000000
vt 0.266055 1.000000
vt 0.261468 0.000000
vt 0.270642 1.000000
vt 0.266055 0.000000
vt 0.275229 1.000000
vt 0.270642 0.000000
vt 0.279817 1.000000
vt 0.275229 0.000000
vt 0.284404 1.000000
vt 0.279817 0.000000
vt 0.288991 1.000000
vt 0.284404 0.000000
vt 0.293578 1.000000
vt 0.288991 0.000000
vt 0.298165 1.000000
vt 0.293578 0.000000
vt 0.302752 1.000000
vt 0.298165 0.000000
vt 0.307339 1.000000
vt 0.302752 0.000000
vt 0.311927 1.000000
vt 0.307339 0.000000
vt 0.316514 1.000000
vt 0.311927 0.000000
vt 0.321101 1.000000
vt 0.316514 0.000000
vt 0.325688 1.000000
vt 0.321101 0.000000
vt 0.330275 1.000000
vt 0.325688 0.000000
vt 0.334862 1.000000
vt 0.330275 0.000000
vt 0.339450 1.000000
vt 0.334862 0.000000
vt 0.344037 1.000000
vt 0.339450 0.000000
vt 0.348624 1.000000
vt 0.344037 0.000000
vt 0.353211 1.000000
vt 0.348624 0.000000
vt 0.357798 1.000000
vt 0.353211 0.000000
vt 0.362385 1.000000
vt 0.357798 0.000000
vt 0.366972 1.000000
vt 0.362385 0.000000
vt 0.371560 1.000000
vt 0.366972 0.000000
vt 0.376147 1.000000
vt 0.371560 0.000000
vt 0.380734 1.000000
vt 0.376147 0.000000
vt 0.385321 1.000000
vt 0.380734 0.000000
vt 0.389908 1.000000
vt 0.385321 0.000000
vt 0.394495 1.000000
vt 0.389908 0.000000
vt 0.399083 1.000000
vt 0.394495 0.000000
vt 0.403670 1.000000
vt 0.399083 0.000000
vt 0.408257 1.000000
vt 0.403670 0.000000
vt 0.412844 1.000000
vt 0.408257 0.000000
vt 0.417431 1.000000
vt 0.412844 0.000000
vt 0.422018 1.000000
vt 0.417431 0.000000
vt 0.426605 1.000000
vt 0.422018 0.000000
vt 0.431193 1.000000
vt 0.426605 0.000000
vt 0.435780 1.000000
vt 0.431193 0.000000
vt 0.440367 1.000000
vt 0.435780 0.000000
vt 0.444954 1.000000
vt 0.440367 0.000000
vt 0.449541 1.000000
vt 0.444954 0.000000
vt 0.454128 1.000000
vt 0.449541 0.000000
vt 0.458716 1.000000
vt 0.454128 0.000000
vt 0.463303 1.000000
vt 0.458716 0.000000
vt 0.467890 1.000000
vt 0.463303 0.000000
vt 0.472477 1.000000
vt 0.467890 0.000000
vt 0.477064 1.000000
vt 0.472477 0.000000
vt 0.481651 1.000000
vt 0.477064 0.000000
vt 0.486239 1.000000
vt 0.481651 0.000000
vt 0.490826 1.000000
vt 0.486239 0.000000
vt 0.495413 1.000000
vt 0.490826 0.000000
vt 0.495413 0.000000
vt 0.504587 1.000000
vt 0.509174 1.000000
vt 0.504587 0.000000
vt 0.513761 1.000000
vt 0.509174 0.000000
vt 0.518349 1.000000
vt 0.513761 0.000000
vt 0.522936 1.000000
vt 0.518349 0.000000
vt 0.527523 1.000000
vt 0.522936 0.000000
vt 0.532110 1.000000
vt 0.527523 0.000000
vt 0.536697 1.000000
vt 0.532110 0.000000
vt 0.541284 1.000000
vt 0.536697 0.000000
vt 0.545872 1.000000
vt 0.541284 0.000000
vt 0.550459 1.000000
vt 0.545872 0.000000
vt 0.555046 1.000000
vt 0.550459 0.000000
vt 0.559633 1.000000
vt 0.555046 0.000000
vt 0.564220 1.000000
vt 0.559633 0.000000
vt 0.568807 1.000000
vt 0.564220 0.000000
vt 0.573394 1.000000
vt 0.568807 0.000000
vt 0.577982 1.000000
vt 0.573394 0.000000
vt 0.582569 1.000000
vt 0.577982 0.000000
vt 0.587156 1.000000
vt 0.582569 0.000000
vt 0.591743 1.000000
vt 0.587156 0.000000
vt 0.596330 1.000000
vt 0.591743 0.000000
vt 0.600917 1.000000
vt 0.596330 0.000000
vt 0.605505 1.000000
vt 0.600917 0.000000
vt 0.610092 1.000000
vt 0.605505 0.000000
vt 0.614679 1.000000
vt 0.610092 0.000000
vt 0.619266 1.000000
vt 0.614679 0.000000
vt 0.623853 1.000000
vt 0.619266 0.000000
vt 0.628440 1.000000
vt 0.623853 0.000000
vt 0.633027 1.000000
vt 0.628440 0.000000
vt 0.637615 1.000000
vt 0.633027 0.000000
vt 0.642202 1.000000
vt 0.637615 0.000000
vt 0.646789 1.000000
vt 0.642202 0.000000
vt 0.651376 1.000000
vt 0.646789 0.000000
vt 0.655963 1.000000
vt 0.651376 0.000000
vt 0.660550 1.000000
vt 0.655963 0.000000
vt 0.665138 1.000000
vt 0.660550 0.000000
vt 0.669725 1.000000
vt 0.665138 0.000000
vt 0.674312 1.000000
vt 0.669725 0.000000
vt 0.678899 1.000000
vt 0.674312 0.000000
vt 0.683486 1.000000
vt 0.678899 0.000000
vt 0.688073 1.000000
vt 0.683486 0.000000
vt 0.692661 1.000000
vt 0.688073 0.000000
vt 0.697248 1.000000
vt 0.692661 0.000000
vt 0.701835 1.000000
vt 0.697248 0.000000
vt 0.706422 1.000000
vt 0.701835 0.000000
vt 0.711009 1.000000
vt 0.706422 0.000000
vt 0.715596 1.000000
vt 0.711009 0.000000
vt 0.720183 1.000000
vt 0.715596 0.000000
vt 0.724771 1.000000
vt 0.720183 0.000000
vt 0.729358 1.000000
vt 0.724771 0.000000
vt 0.733945 1.000000
vt 0.729358 0.000000
vt 0.738532 1.000000
vt 0.733945 0.000000
vt 0.743119 1.000000
vt 0.738532 0.000000
vt 0.747706 1.000000
vt 0.743119 0.000000
vt 0.752294 1.000000
vt 0.747706 0.000000
vt 0.756881 1.000000
vt 0.752294 0.000000
vt 0.761468 1.000000
vt 0.756881 0.000000
vt 0.766055 1.000000
vt 0.761468 0.000000
vt 0.770642 1.000000
vt 0.766055 0.000000
vt 0.775229 1.000000
vt 0.770642 0.000000
vt 0.779817 1.000000
vt 0.775229 0.000000
vt 0.784404 1.000000
vt 0.779817 0.000000
vt 0.788991 1.000000
vt 0.784404 0.000000
vt 0.793578 1.000000
vt 0.788991 0.000000
vt 0.798165 1.000000
vt 0.793578 0.000000
vt 0.802752 1.000000
vt 0.798165 0.000000
vt 0.807339 1.000000
vt 0.802752 0.000000
vt 0.811927 1.000000
vt 0.807339 0.000000
vt 0.816514 1.000000
vt 0.811927 0.000000
vt 0.821101 1.000000
vt 0.816514 0.000000
vt 0.825688 1.000000
vt 0.821101 0.000000
vt 0.830275 1.000000
vt 0.825688 0.000000
vt 0.834862 1.000000
vt 0.830275 0.000000
vt 0.839450 1.000000
vt 0.834862 0.000000
vt 0.844037 1.000000
vt 0.839450 0.000000
vt 0.848624 1.000000
vt 0.844037 0.000000
vt 0.853211 1.000000
vt 0.848624 0.000000
vt 0.857798 1.000000
vt 0.853211 0.000000
vt 0.862385 1.000000
vt 0.857798 0.000000
vt 0.866973 1.000000
vt 0.862385 0.000000
vt 0.871560 1.000000
vt 0.866973 0.000000
vt 0.876147 1.000000
vt 0.871560 0.000000
vt 0.880734 1.000000
vt 0.876147 0.000000
vt 0.885321 1.000000
vt 0.880734 0.000000
vt 0.889908 1.000000
vt 0.885321 0.000000
vt 0.894495 1.000000
vt 0.889908 0.000000
vt 0.899083 1.000000
vt 0.894495 0.000000
vt 0.903670 1.000000
vt 0.899083 0.000000
vt 0.908257 1.000000
vt 0.903670 0.000000
vt 0.912844 1.000000
vt 0.908257 0.000000
vt 0.917431 1.000000
vt 0.912844 0.000000
vt 0.922018 1.000000
vt 0.917431 0.000000
vt 0.926606 1.000000
vt 0.922018 0.000000
vt 0.931193 1.000000
vt 0.926606 0.000000
vt 0.935780 1.000000
vt 0.931193 0.000000
vt 0.940367 1.000000
vt 0.935780 0.000000
vt 0.944954 1.000000
vt 0.940367 0.000000
vt 0.949541 1.000000
vt 0.944954 0.000000
vt 0.954128 1.000000
vt 0.949541 0.000000
vt 0.958716 1.000000
vt 0.954128 0.000000
vt 0.963303 1.000000
vt 0.958716 0.000000
vt 0.967890 1.000000
vt 0.963303 0.000000
vt 0.972477 1.000000
vt 0.967890 0.000000
vt 0.977064 1.000000
vt 0.972477 0.000000
vt 0.981651 1.000000
vt 0.977064 0.000000
vt 0.986239 1.000000
vt 0.981651 0.000000
vt 0.990826 1.000000
vt 0.986239 0.000000
vt 0.995413 1.000000
vt 0.990826 0.000000
vt 0.995413 0.000000
s 0
usemtl マテリアル.011
f 111/13/7 113/14/7 112/15/7
f 110/16/7 113/14/7 111/13/7
f 109/17/7 113/14/7 110/16/7
f 108/18/7 113/14/7 109/17/7
f 107/19/7 113/14/7 108/18/7
f 106/20/7 113/14/7 107/19/7
f 105/21/7 113/14/7 106/20/7
f 105/21/7 114/22/7 113/14/7
f 104/23/7 114/22/7 105/21/7
f 103/24/7 114/22/7 104/23/7
f 102/25/7 114/22/7 103/24/7
f 101/26/7 114/22/7 102/25/7
f 100/27/7 114/22/7 101/26/7
f 99/28/7 114/22/7 100/27/7
f 98/29/7 114/22/7 99/28/7
f 98/29/7 115/30/7 114/22/7
f 97/31/7 115/30/7 98/29/7
f 97/31/7 116/32/7 115/30/7
f 96/33/7 116/32/7 97/31/7
f 96/33/7 117/34/7 116/32/7
f 95/35/7 117/34/7 96/33/7
f 95/35/7 118/36/7 117/34/7
f 95/35/7 119/37/7 118/36/7
f 94/38/7 119/37/7 95/35/7
f 94/38/7 120/39/7 119/37/7
f 93/40/7 120/39/7 94/38/7
f 93/40/7 121/41/7 120/39/7
f 92/42/7 121/41/7 93/40/7
f 92/42/7 122/43/7 121/41/7
f 92/42/7 123/44/7 122/43/7
f 91/45/7 123/44/7 92/42/7
f 91/45/7 124/46/7 123/44/7
f 90/47/7 124/46/7 91/45/7
f 90/47/7 125/48/7 124/46/7
f 90/47/7 126/49/7 125/48/7
f 89/50/7 126/49/7 90/47/7
f 89/50/7 127/51/7 126/49/7
f 89/50/7 128/52/7 127/51/7
f 89/50/7 129/53/7 128/52/7
f 89/50/7 130/54/7 129/53/7
f 89/50/7 149/55/7 130/54/7
f 149/55/7 131/56/7 130/54/7
f 149/55/7 148/57/7 131/56/7
f 148/57/7 132/58/7 131/56/7
f 89/50/7 150/59/7 149/55/7
f 147/60/7 132/58/7 148/57/7
f 146/61/7 132/58/7 147/60/7
f 145/62/7 132/58/7 146/61/7
f 89/50/7 151/63/7 150/59/7
f 144/64/7 132/58/7 145/62/7
f 144/64/7 133/65/7 132/58/7
f 143/66/7 133/65/7 144/64/7
f 89/50/7 152/67/7 151/63/7
f 142/68/7 133/65/7 143/66/7
f 141/69/7 133/65/7 142/68/7
f 141/69/7 134/70/7 133/65/7
f 140/71/7 134/70/7 141/69/7
f 139/72/7 134/70/7 140/71/7
f 89/50/7 153/73/7 152/67/7
f 139/72/7 135/74/7 134/70/7
f 138/75/7 135/74/7 139/72/7
f 137/76/7 135/74/7 138/75/7
f 137/76/7 136/77/7 135/74/7
f 88/78/7 153/73/7 89/50/7
f 88/78/7 154/79/7 153/73/7
f 88/78/7 155/80/7 154/79/7
f 88/78/7 156/81/7 155/80/7
f 88/78/7 157/82/7 156/81/7
f 88/78/7 158/83/7 157/82/7
f 88/78/7 159/84/7 158/83/7
f 87/85/7 159/84/7 88/78/7
f 87/85/7 160/86/7 159/84/7
f 86/87/7 160/86/7 87/85/7
f 86/87/7 161/88/7 160/86/7
f 85/89/7 161/88/7 86/87/7
f 85/89/7 162/90/7 161/88/7
f 84/91/7 162/90/7 85/89/7
f 84/91/7 163/92/7 162/90/7
f 84/91/7 164/93/7 163/92/7
f 84/91/7 165/94/7 164/93/7
f 83/95/7 165/94/7 84/91/7
f 83/95/7 166/96/7 165/94/7
f 184/97/7 186/98/7 185/99/7
f 183/100/7 186/98/7 184/97/7
f 83/95/7 167/101/7 166/96/7
f 182/102/7 186/98/7 183/100/7
f 181/103/7 186/98/7 182/102/7
f 180/104/7 186/98/7 181/103/7
f 180/104/7 187/105/7 186/98/7
f 83/95/7 168/106/7 167/101/7
f 179/107/7 187/105/7 180/104/7
f 178/108/7 187/105/7 179/107/7
f 83/95/7 169/109/7 168/106/7
f 177/110/7 187/105/7 178/108/7
f 176/111/7 187/105/7 177/110/7
f 83/95/7 170/112/7 169/109/7
f 175/113/7 187/105/7 176/111/7
f 83/95/7 171/114/7 170/112/7
f 174/115/7 187/105/7 175/113/7
f 83/95/7 172/116/7 171/114/7
f 173/117/7 187/105/7 174/115/7
f 83/95/7 173/117/7 172/116/7
f 83/95/7 187/105/7 173/117/7
f 83/95/7 188/118/7 187/105/7
f 82/119/7 188/118/7 83/95/7
f 82/119/7 189/120/7 188/118/7
f 81/121/7 189/120/7 82/119/7
f 81/121/7 190/122/7 189/120/7
f 80/123/7 190/122/7 81/121/7
f 80/123/7 191/124/7 190/122/7
f 79/125/7 191/124/7 80/123/7
f 78/126/7 191/124/7 79/125/7
f 78/126/7 192/127/7 191/124/7
f 77/128/7 192/127/7 78/126/7
f 76/129/7 192/127/7 77/128/7
f 76/129/7 193/130/7 192/127/7
f 75/131/7 193/130/7 76/129/7
f 75/131/7 194/132/7 193/130/7
f 74/133/7 194/132/7 75/131/7
f 74/133/7 195/134/7 194/132/7
f 73/135/7 195/134/7 74/133/7
f 72/136/7 195/134/7 73/135/7
f 72/136/7 52/137/7 195/134/7
f 52/137/7 51/138/7 195/134/7
f 51/138/7 196/139/7 195/134/7
f 72/136/7 53/140/7 52/137/7
f 71/141/7 53/140/7 72/136/7
f 50/142/7 196/139/7 51/138/7
f 71/141/7 54/143/7 53/140/7
f 49/144/7 196/139/7 50/142/7
f 71/141/7 55/145/7 54/143/7
f 48/146/7 196/139/7 49/144/7
f 71/141/7 56/147/7 55/145/7
f 71/141/7 57/148/7 56/147/7
f 47/149/7 196/139/7 48/146/7
f 70/150/7 57/148/7 71/141/7
f 70/150/7 58/151/7 57/148/7
f 46/152/7 196/139/7 47/149/7
f 70/150/7 59/153/7 58/151/7
f 69/154/7 59/153/7 70/150/7
f 45/155/7 196/139/7 46/152/7
f 69/154/7 60/156/7 59/153/7
f 68/157/7 60/156/7 69/154/7
f 68/157/7 61/158/7 60/156/7
f 44/159/7 196/139/7 45/155/7
f 67/160/7 61/158/7 68/157/7
f 67/160/7 62/161/7 61/158/7
f 44/159/7 197/162/7 196/139/7
f 66/163/7 62/161/7 67/160/7
f 66/163/7 63/164/7 62/161/7
f 65/165/7 63/164/7 66/163/7
f 65/165/7 64/166/7 63/164/7
f 43/167/7 197/162/7 44/159/7
f 42/168/7 197/162/7 43/167/7
f 41/169/7 197/162/7 42/168/7
f 40/170/7 197/162/7 41/169/7
f 40/170/7 198/171/7 197/162/7
f 39/172/7 198/171/7 40/170/7
f 38/173/7 198/171/7 39/172/7
f 38/173/7 199/174/7 198/171/7
f 37/175/7 199/174/7 38/173/7
f 36/176/7 199/174/7 37/175/7
f 35/177/7 199/174/7 36/176/7
f 35/177/7 200/178/7 199/174/7
f 34/179/7 200/178/7 35/177/7
f 33/180/7 200/178/7 34/179/7
f 232/181/7 234/182/7 233/183/7
f 232/181/7 17/184/7 234/182/7
f 232/181/7 18/185/7 17/184/7
f 231/186/7 18/185/7 232/181/7
f 231/186/7 19/187/7 18/185/7
f 230/188/7 19/187/7 231/186/7
f 230/188/7 20/189/7 19/187/7
f 229/190/7 20/189/7 230/188/7
f 229/190/7 21/191/7 20/189/7
f 32/192/7 200/178/7 33/180/7
f 228/193/7 21/191/7 229/190/7
f 228/193/7 22/194/7 21/191/7
f 227/195/7 22/194/7 228/193/7
f 227/195/7 23/196/7 22/194/7
f 31/197/7 200/178/7 32/192/7
f 226/198/7 23/196/7 227/195/7
f 226/198/7 24/199/7 23/196/7
f 225/200/7 24/199/7 226/198/7
f 30/201/7 200/178/7 31/197/7
f 225/200/7 25/202/7 24/199/7
f 30/201/7 201/203/7 200/178/7
f 224/204/7 25/202/7 225/200/7
f 224/204/7 26/205/7 25/202/7
f 29/206/7 201/203/7 30/201/7
f 224/204/7 27/207/7 26/205/7
f 223/208/7 27/207/7 224/204/7
f 28/209/7 201/203/7 29/206/7
f 223/208/7 28/209/7 27/207/7
f 223/208/7 201/203/7 28/209/7
f 222/210/7 201/203/7 223/208/7
f 221/211/7 201/203/7 222/210/7
f 220/212/7 201/203/7 221/211/7
f 220/212/7 202/213/7 201/203/7
f 219/214/7 202/213/7 220/212/7
f 219/214/7 203/215/7 202/213/7
f 218/216/7 203/215/7 219/214/7
f 218/216/7 204/217/7 203/215/7
f 217/218/7 204/217/7 218/216/7
f 217/218/7 205/219/7 204/217/7
f 216/220/7 205/219/7 217/218/7
f 216/220/7 206/221/7 205/219/7
f 215/222/7 206/221/7 216/220/7
f 215/222/7 207/223/7 206/221/7
f 214/224/7 207/223/7 215/222/7
f 213/225/7 207/223/7 214/224/7
f 213/225/7 208/226/7 207/223/7
f 212/227/7 208/226/7 213/225/7
f 211/228/7 208/226/7 212/227/7
f 211/228/7 209/229/7 208/226/7
f 210/230/7 209/229/7 211/228/7
f 365/231/7 367/232/7 366/233/7
f 365/231/7 368/234/7 367/232/7
f 365/231/7 369/235/7 368/234/7
f 365/231/7 370/236/7 369/235/7
f 364/237/7 370/236/7 365/231/7
f 364/237/7 371/238/7 370/236/7
f 364/237/7 372/239/7 371/238/7
f 364/237/7 373/240/7 372/239/7
f 363/241/7 373/240/7 364/237/7
f 363/241/7 374/242/7 373/240/7
f 363/241/7 375/243/7 374/242/7
f 362/244/7 375/243/7 363/241/7
f 362/244/7 376/245/7 375/243/7
f 362/244/7 377/246/7 376/245/7
f 361/247/7 377/246/7 362/244/7
f 361/247/7 378/248/7 377/246/7
f 360/249/7 378/248/7 361/247/7
f 360/249/7 379/250/7 378/248/7
f 359/251/7 379/250/7 360/249/7
f 359/251/7 380/252/7 379/250/7
f 358/253/7 380/252/7 359/251/7
f 357/254/7 380/252/7 358/253/7
f 357/254/7 381/255/7 380/252/7
f 356/256/7 381/255/7 357/254/7
f 355/257/7 381/255/7 356/256/7
f 355/257/7 382/258/7 381/255/7
f 354/259/7 382/258/7 355/257/7
f 353/260/7 382/258/7 354/259/7
f 352/261/7 382/258/7 353/260/7
f 352/261/7 383/262/7 382/258/7
f 351/263/7 383/262/7 352/261/7
f 350/264/7 383/262/7 351/263/7
f 349/265/7 383/262/7 350/264/7
f 349/265/7 384/266/7 383/262/7
f 348/267/7 384/266/7 349/265/7
f 347/268/7 384/266/7 348/267/7
f 346/269/7 384/266/7 347/268/7
f 346/269/7 385/270/7 384/266/7
f 345/271/7 385/270/7 346/269/7
f 344/272/7 385/270/7 345/271/7
f 343/273/7 385/270/7 344/272/7
f 343/273/7 318/274/7 385/270/7
f 318/274/7 386/275/7 385/270/7
f 343/273/7 319/276/7 318/274/7
f 317/277/7 386/275/7 318/274/7
f 342/278/7 319/276/7 343/273/7
f 342/278/7 320/279/7 319/276/7
f 316/280/7 386/275/7 317/277/7
f 342/278/7 321/281/7 320/279/7
f 315/282/7 386/275/7 316/280/7
f 342/278/7 322/283/7 321/281/7
f 341/284/7 322/283/7 342/278/7
f 314/285/7 386/275/7 315/282/7
f 341/284/7 323/286/7 322/283/7
f 340/287/7 323/286/7 341/284/7
f 313/288/7 386/275/7 314/285/7
f 339/289/7 323/286/7 340/287/7
f 339/289/7 324/290/7 323/286/7
f 338/291/7 324/290/7 339/289/7
f 312/292/7 386/275/7 313/288/7
f 338/291/7 325/293/7 324/290/7
f 337/294/7 325/293/7 338/291/7
f 312/292/7 387/295/7 386/275/7
f 336/296/7 325/293/7 337/294/7
f 336/296/7 326/297/7 325/293/7
f 311/298/7 387/295/7 312/292/7
f 335/299/7 326/297/7 336/296/7
f 335/299/7 327/300/7 326/297/7
f 334/301/7 327/300/7 335/299/7
f 310/302/7 387/295/7 311/298/7
f 334/301/7 328/303/7 327/300/7
f 333/304/7 328/303/7 334/301/7
f 332/305/7 328/303/7 333/304/7
f 332/305/7 329/306/7 328/303/7
f 331/307/7 329/306/7 332/305/7
f 331/307/7 330/308/7 329/306/7
f 309/309/7 387/295/7 310/302/7
f 309/309/7 388/310/7 387/295/7
f 308/311/7 388/310/7 309/309/7
f 307/312/7 388/310/7 308/311/7
f 306/313/7 388/310/7 307/312/7
f 306/313/7 389/314/7 388/310/7
f 305/315/7 389/314/7 306/313/7
f 304/316/7 389/314/7 305/315/7
f 303/317/7 389/314/7 304/316/7
f 302/318/7 389/314/7 303/317/7
f 301/319/7 389/314/7 302/318/7
f 300/320/7 389/314/7 301/319/7
f 300/320/7 390/321/7 389/314/7
f 299/322/7 390/321/7 300/320/7
f 298/323/7 390/321/7 299/322/7
f 297/324/7 390/321/7 298/323/7
f 296/325/7 390/321/7 297/324/7
f 296/325/7 391/326/7 390/321/7
f 295/327/7 391/326/7 296/325/7
f 294/328/7 391/326/7 295/327/7
f 293/329/7 391/326/7 294/328/7
f 293/329/7 392/330/7 391/326/7
f 292/331/7 392/330/7 293/329/7
f 291/332/7 392/330/7 292/331/7
f 291/332/7 393/333/7 392/330/7
f 290/334/7 393/333/7 291/332/7
f 289/335/7 393/333/7 290/334/7
f 288/336/7 393/333/7 289/335/7
f 288/336/7 394/337/7 393/333/7
f 287/338/7 394/337/7 288/336/7
f 286/339/7 394/337/7 287/338/7
f 286/339/7 395/340/7 394/337/7
f 285/341/7 395/340/7 286/339/7
f 284/342/7 395/340/7 285/341/7
f 283/343/7 395/340/7 284/342/7
f 283/343/7 396/344/7 395/340/7
f 282/345/7 396/344/7 283/343/7
f 281/346/7 396/344/7 282/345/7
f 280/347/7 396/344/7 281/346/7
f 279/348/7 396/344/7 280/347/7
f 278/349/7 396/344/7 279/348/7
f 278/349/7 397/350/7 396/344/7
f 277/351/7 397/350/7 278/349/7
f 276/352/7 397/350/7 277/351/7
f 275/353/7 397/350/7 276/352/7
f 274/354/7 397/350/7 275/353/7
f 273/355/7 397/350/7 274/354/7
f 272/356/7 397/350/7 273/355/7
f 271/357/7 397/350/7 272/356/7
f 270/358/7 397/350/7 271/357/7
f 270/358/7 398/359/7 397/350/7
f 269/360/7 398/359/7 270/358/7
f 268/361/7 398/359/7 269/360/7
f 268/361/7 399/362/7 398/359/7
f 267/363/7 399/362/7 268/361/7
f 266/364/7 399/362/7 267/363/7
f 266/364/7 400/365/7 399/362/7
f 265/366/7 400/365/7 266/364/7
f 265/366/7 401/367/7 400/365/7
f 264/368/7 401/367/7 265/366/7
f 264/368/7 402/182/7 401/367/7
f 263/369/7 402/182/7 264/368/7
f 263/369/7 235/184/7 402/182/7
f 263/369/7 236/370/7 235/184/7
f 263/369/7 237/371/7 236/370/7
f 263/369/7 238/372/7 237/371/7
f 262/373/7 238/372/7 263/369/7
f 262/373/7 239/374/7 238/372/7
f 262/373/7 240/375/7 239/374/7
f 262/373/7 241/376/7 240/375/7
f 262/373/7 242/377/7 241/376/7
f 262/373/7 243/378/7 242/377/7
f 262/373/7 244/379/7 243/378/7
f 261/380/7 244/379/7 262/373/7
f 261/380/7 245/381/7 244/379/7
f 261/380/7 246/382/7 245/381/7
f 261/380/7 247/383/7 246/382/7
f 261/380/7 248/384/7 247/383/7
f 260/385/7 248/384/7 261/380/7
f 260/385/7 249/386/7 248/384/7
f 260/385/7 250/387/7 249/386/7
f 260/385/7 251/388/7 250/387/7
f 259/389/7 251/388/7 260/385/7
f 259/389/7 252/390/7 251/388/7
f 259/389/7 253/391/7 252/390/7
f 259/389/7 254/392/7 253/391/7
f 258/393/7 254/392/7 259/389/7
f 258/393/7 255/394/7 254/392/7
f 258/393/7 256/395/7 255/394/7
f 258/393/7 257/396/7 256/395/7
f 497/13/8 498/15/8 499/14/8
f 496/16/8 497/13/8 499/14/8
f 495/17/8 496/16/8 499/14/8
f 494/18/8 495/17/8 499/14/8
f 493/19/8 494/18/8 499/14/8
f 492/20/8 493/19/8 499/14/8
f 491/21/8 492/20/8 499/14/8
f 491/21/8 499/14/8 500/22/8
f 490/23/8 491/21/8 500/22/8
f 489/24/8 490/23/8 500/22/8
f 488/25/8 489/24/8 500/22/8
f 487/26/8 488/25/8 500/22/8
f 486/27/8 487/26/8 500/22/8
f 485/28/8 486/27/8 500/22/8
f 484/29/8 485/28/8 500/22/8
f 484/29/8 500/22/8 501/30/8
f 483/31/8 484/29/8 501/30/8
f 483/31/8 501/30/8 502/32/8
f 482/33/8 483/31/8 502/32/8
f 482/33/8 502/32/8 503/34/8
f 481/35/8 482/33/8 503/34/8
f 481/35/8 503/34/8 504/36/8
f 481/35/8 504/36/8 505/37/8
f 480/38/8 481/35/8 505/37/8
f 480/38/8 505/37/8 506/39/8
f 479/40/8 480/38/8 506/39/8
f 479/40/8 506/39/8 507/41/8
f 478/42/8 479/40/8 507/41/8
f 478/42/8 507/41/8 508/43/8
f 478/42/8 508/43/8 509/44/8
f 477/45/8 478/42/8 509/44/8
f 477/45/8 509/44/8 510/46/8
f 476/47/8 477/45/8 510/46/8
f 476/47/8 510/46/8 511/48/8
f 476/47/8 511/48/8 512/49/8
f 475/50/8 476/47/8 512/49/8
f 475/50/8 512/49/8 513/51/8
f 475/50/8 513/51/8 514/52/8
f 475/50/8 514/52/8 515/53/8
f 475/50/8 515/53/8 516/54/8
f 475/50/8 516/54/8 535/55/8
f 535/55/8 516/54/8 517/56/8
f 535/55/8 517/56/8 534/57/8
f 534/57/8 517/56/8 518/58/8
f 475/50/8 535/55/8 536/59/8
f 533/60/8 534/57/8 518/58/8
f 532/61/8 533/60/8 518/58/8
f 531/62/8 532/61/8 518/58/8
f 475/50/8 536/59/8 537/63/8
f 530/64/8 531/62/8 518/58/8
f 530/64/8 518/58/8 519/65/8
f 529/66/8 530/64/8 519/65/8
f 475/50/8 537/63/8 538/67/8
f 528/68/8 529/66/8 519/65/8
f 527/69/8 528/68/8 519/65/8
f 527/69/8 519/65/8 520/70/8
f 526/71/8 527/69/8 520/70/8
f 525/72/8 526/71/8 520/70/8
f 475/50/8 538/67/8 539/73/8
f 525/72/8 520/70/8 521/74/8
f 524/75/8 525/72/8 521/74/8
f 523/76/8 524/75/8 521/74/8
f 523/76/8 521/74/8 522/77/8
f 474/78/8 475/50/8 539/73/8
f 474/78/8 539/73/8 540/79/8
f 474/78/8 540/79/8 541/80/8
f 474/78/8 541/80/8 542/81/8
f 474/78/8 542/81/8 543/82/8
f 474/78/8 543/82/8 544/83/8
f 474/78/8 544/83/8 545/84/8
f 473/85/8 474/78/8 545/84/8
f 473/85/8 545/84/8 546/86/8
f 472/87/8 473/85/8 546/86/8
f 472/87/8 546/86/8 547/88/8
f 471/89/8 472/87/8 547/88/8
f 471/89/8 547/88/8 548/90/8
f 470/91/8 471/89/8 548/90/8
f 470/91/8 548/90/8 549/92/8
f 470/91/8 549/92/8 550/93/8
f 470/91/8 550/93/8 551/94/8
f 469/95/8 470/91/8 551/94/8
f 469/95/8 551/94/8 552/96/8
f 570/97/8 571/99/8 572/98/8
f 569/100/8 570/97/8 572/98/8
f 469/95/8 552/96/8 553/101/8
f 568/102/8 569/100/8 572/98/8
f 567/103/8 568/102/8 572/98/8
f 566/104/8 567/103/8 572/98/8
f 566/104/8 572/98/8 573/105/8
f 469/95/8 553/101/8 554/106/8
f 565/107/8 566/104/8 573/105/8
f 564/108/8 565/107/8 573/105/8
f 469/95/8 554/106/8 555/109/8
f 563/110/8 564/108/8 573/105/8
f 562/111/8 563/110/8 573/105/8
f 469/95/8 555/109/8 556/112/8
f 561/113/8 562/111/8 573/105/8
f 469/95/8 556/112/8 557/114/8
f 560/115/8 561/113/8 573/105/8
f 469/95/8 557/114/8 558/116/8
f 559/117/8 560/115/8 573/105/8
f 469/95/8 558/116/8 559/117/8
f 469/95/8 559/117/8 573/105/8
f 469/95/8 573/105/8 574/118/8
f 468/119/8 469/95/8 574/118/8
f 468/119/8 574/118/8 575/120/8
f 467/121/8 468/119/8 575/120/8
f 467/121/8 575/120/8 576/122/8
f 466/123/8 467/121/8 576/122/8
f 466/123/8 576/122/8 577/124/8
f 465/125/8 466/123/8 577/124/8
f 464/126/8 465/125/8 577/124/8
f 464/126/8 577/124/8 578/127/8
f 463/128/8 464/126/8 578/127/8
f 462/129/8 463/128/8 578/127/8
f 462/129/8 578/127/8 579/130/8
f 461/131/8 462/129/8 579/130/8
f 461/131/8 579/130/8 580/132/8
f 460/133/8 461/131/8 580/132/8
f 460/133/8 580/132/8 581/134/8
f 459/135/8 460/133/8 581/134/8
f 458/136/8 459/135/8 581/134/8
f 458/136/8 581/134/8 438/137/8
f 438/137/8 581/134/8 437/138/8
f 437/138/8 581/134/8 582/139/8
f 458/136/8 438/137/8 439/140/8
f 457/141/8 458/136/8 439/140/8
f 436/142/8 437/138/8 582/139/8
f 457/141/8 439/140/8 440/143/8
f 435/144/8 436/142/8 582/139/8
f 457/141/8 440/143/8 441/145/8
f 434/146/8 435/144/8 582/139/8
f 457/141/8 441/145/8 442/147/8
f 457/141/8 442/147/8 443/148/8
f 433/149/8 434/146/8 582/139/8
f 456/150/8 457/141/8 443/148/8
f 456/150/8 443/148/8 444/151/8
f 432/152/8 433/149/8 582/139/8
f 456/150/8 444/151/8 445/153/8
f 455/154/8 456/150/8 445/153/8
f 431/155/8 432/152/8 582/139/8
f 455/154/8 445/153/8 446/156/8
f 454/157/8 455/154/8 446/156/8
f 454/157/8 446/156/8 447/158/8
f 430/159/8 431/155/8 582/139/8
f 453/160/8 454/157/8 447/158/8
f 453/160/8 447/158/8 448/161/8
f 430/159/8 582/139/8 583/162/8
f 452/163/8 453/160/8 448/161/8
f 452/163/8 448/161/8 449/164/8
f 451/165/8 452/163/8 449/164/8
f 451/165/8 449/164/8 450/166/8
f 429/167/8 430/159/8 583/162/8
f 428/168/8 429/167/8 583/162/8
f 427/169/8 428/168/8 583/162/8
f 426/170/8 427/169/8 583/162/8
f 426/170/8 583/162/8 584/171/8
f 425/172/8 426/170/8 584/171/8
f 424/173/8 425/172/8 584/171/8
f 424/173/8 584/171/8 585/174/8
f 423/175/8 424/173/8 585/174/8
f 422/176/8 423/175/8 585/174/8
f 421/177/8 422/176/8 585/174/8
f 421/177/8 585/174/8 586/178/8
f 420/179/8 421/177/8 586/178/8
f 419/180/8 420/179/8 586/178/8
f 618/181/8 619/183/8 620/182/8
f 618/181/8 620/182/8 403/184/8
f 618/181/8 403/184/8 404/185/8
f 617/186/8 618/181/8 404/185/8
f 617/186/8 404/185/8 405/187/8
f 616/188/8 617/186/8 405/187/8
f 616/188/8 405/187/8 406/189/8
f 615/190/8 616/188/8 406/189/8
f 615/190/8 406/189/8 407/191/8
f 418/192/8 419/180/8 586/178/8
f 614/193/8 615/190/8 407/191/8
f 614/193/8 407/191/8 408/194/8
f 613/195/8 614/193/8 408/194/8
f 613/195/8 408/194/8 409/196/8
f 417/197/8 418/192/8 586/178/8
f 612/198/8 613/195/8 409/196/8
f 612/198/8 409/196/8 410/199/8
f 611/200/8 612/198/8 410/199/8
f 416/201/8 417/197/8 586/178/8
f 611/200/8 410/199/8 411/202/8
f 416/201/8 586/178/8 587/203/8
f 610/204/8 611/200/8 411/202/8
f 610/204/8 411/202/8 412/205/8
f 415/206/8 416/201/8 587/203/8
f 610/204/8 412/205/8 413/207/8
f 609/208/8 610/204/8 413/207/8
f 414/209/8 415/206/8 587/203/8
f 609/208/8 413/207/8 414/209/8
f 609/208/8 414/209/8 587/203/8
f 608/210/8 609/208/8 587/203/8
f 607/211/8 608/210/8 587/203/8
f 606/212/8 607/211/8 587/203/8
f 606/212/8 587/203/8 588/213/8
f 605/214/8 606/212/8 588/213/8
f 605/214/8 588/213/8 589/215/8
f 604/216/8 605/214/8 589/215/8
f 604/216/8 589/215/8 590/217/8
f 603/218/8 604/216/8 590/217/8
f 603/218/8 590/217/8 591/219/8
f 602/220/8 603/218/8 591/219/8
f 602/220/8 591/219/8 592/221/8
f 601/222/8 602/220/8 592/221/8
f 601/222/8 592/221/8 593/223/8
f 600/224/8 601/222/8 593/223/8
f 599/225/8 600/224/8 593/223/8
f 599/225/8 593/223/8 594/226/8
f 598/227/8 599/225/8 594/226/8
f 597/228/8 598/227/8 594/226/8
f 597/228/8 594/226/8 595/229/8
f 596/230/8 597/228/8 595/229/8
f 751/231/8 752/233/8 753/232/8
f 751/231/8 753/232/8 754/234/8
f 751/231/8 754/234/8 755/235/8
f 751/231/8 755/235/8 756/236/8
f 750/237/8 751/231/8 756/236/8
f 750/237/8 756/236/8 757/238/8
f 750/237/8 757/238/8 758/239/8
f 750/237/8 758/239/8 759/240/8
f 749/241/8 750/237/8 759/240/8
f 749/241/8 759/240/8 760/242/8
f 749/241/8 760/242/8 761/243/8
f 748/244/8 749/241/8 761/243/8
f 748/244/8 761/243/8 762/245/8
f 748/244/8 762/245/8 763/246/8
f 747/247/8 748/244/8 763/246/8
f 747/247/8 763/246/8 764/248/8
f 746/249/8 747/247/8 764/248/8
f 746/249/8 764/248/8 765/250/8
f 745/251/8 746/249/8 765/250/8
f 745/251/8 765/250/8 766/252/8
f 744/253/8 745/251/8 766/252/8
f 743/254/8 744/253/8 766/252/8
f 743/254/8 766/252/8 767/255/8
f 742/256/8 743/254/8 767/255/8
f 741/257/8 742/256/8 767/255/8
f 741/257/8 767/255/8 768/258/8
f 740/259/8 741/257/8 768/258/8
f 739/260/8 740/259/8 768/258/8
f 738/261/8 739/260/8 768/258/8
f 738/261/8 768/258/8 769/262/8
f 737/263/8 738/261/8 769/262/8
f 736/264/8 737/263/8 769/262/8
f 735/265/8 736/264/8 769/262/8
f 735/265/8 769/262/8 770/266/8
f 734/267/8 735/265/8 770/266/8
f 733/268/8 734/267/8 770/266/8
f 732/269/8 733/268/8 770/266/8
f 732/269/8 770/266/8 771/270/8
f 731/271/8 732/269/8 771/270/8
f 730/272/8 731/271/8 771/270/8
f 729/273/8 730/272/8 771/270/8
f 729/273/8 771/270/8 704/274/8
f 704/274/8 771/270/8 772/275/8
f 729/273/8 704/274/8 705/276/8
f 703/277/8 704/274/8 772/275/8
f 728/278/8 729/273/8 705/276/8
f 728/278/8 705/276/8 706/279/8
f 702/280/8 703/277/8 772/275/8
f 728/278/8 706/279/8 707/281/8
f 701/282/8 702/280/8 772/275/8
f 728/278/8 707/281/8 708/283/8
f 727/284/8 728/278/8 708/283/8
f 700/285/8 701/282/8 772/275/8
f 727/284/8 708/283/8 709/286/8
f 726/287/8 727/284/8 709/286/8
f 699/288/8 700/285/8 772/275/8
f 725/289/8 726/287/8 709/286/8
f 725/289/8 709/286/8 710/290/8
f 724/291/8 725/289/8 710/290/8
f 698/292/8 699/288/8 772/275/8
f 724/291/8 710/290/8 711/293/8
f 723/294/8 724/291/8 711/293/8
f 698/292/8 772/275/8 773/295/8
f 722/296/8 723/294/8 711/293/8
f 722/296/8 711/293/8 712/297/8
f 697/298/8 698/292/8 773/295/8
f 721/299/8 722/296/8 712/297/8
f 721/299/8 712/297/8 713/300/8
f 720/301/8 721/299/8 713/300/8
f 696/302/8 697/298/8 773/295/8
f 720/301/8 713/300/8 714/303/8
f 719/304/8 720/301/8 714/303/8
f 718/305/8 719/304/8 714/303/8
f 718/305/8 714/303/8 715/306/8
f 717/307/8 718/305/8 715/306/8
f 717/307/8 715/306/8 716/308/8
f 695/309/8 696/302/8 773/295/8
f 695/309/8 773/295/8 774/310/8
f 694/311/8 695/309/8 774/310/8
f 693/312/8 694/311/8 774/310/8
f 692/313/8 693/312/8 774/310/8
f 692/313/8 774/310/8 775/314/8
f 691/315/8 692/313/8 775/314/8
f 690/316/8 691/315/8 775/314/8
f 689/317/8 690/316/8 775/314/8
f 688/318/8 689/317/8 775/314/8
f 687/319/8 688/318/8 775/314/8
f 686/320/8 687/319/8 775/314/8
f 686/320/8 775/314/8 776/321/8
f 685/322/8 686/320/8 776/321/8
f 684/323/8 685/322/8 776/321/8
f 683/324/8 684/323/8 776/321/8
f 682/325/8 683/324/8 776/321/8
f 682/325/8 776/321/8 777/326/8
f 681/327/8 682/325/8 777/326/8
f 680/328/8 681/327/8 777/326/8
f 679/329/8 680/328/8 777/326/8
f 679/329/8 777/326/8 778/330/8
f 678/331/8 679/329/8 778/330/8
f 677/332/8 678/331/8 778/330/8
f 677/332/8 778/330/8 779/333/8
f 676/334/8 677/332/8 779/333/8
f 675/335/8 676/334/8 779/333/8
f 674/336/8 675/335/8 779/333/8
f 674/336/8 779/333/8 780/337/8
f 673/338/8 674/336/8 780/337/8
f 672/339/8 673/338/8 780/337/8
f 672/339/8 780/337/8 781/340/8
f 671/341/8 672/339/8 781/340/8
f 670/342/8 671/341/8 781/340/8
f 669/343/8 670/342/8 781/340/8
f 669/343/8 781/340/8 782/344/8
f 668/345/8 669/343/8 782/344/8
f 667/346/8 668/345/8 782/344/8
f 666/347/8 667/346/8 782/344/8
f 665/348/8 666/347/8 782/344/8
f 664/349/8 665/348/8 782/344/8
f 664/349/8 782/344/8 783/350/8
f 663/351/8 664/349/8 783/350/8
f 662/352/8 663/351/8 783/350/8
f 661/353/8 662/352/8 783/350/8
f 660/354/8 661/353/8 783/350/8
f 659/355/8 660/354/8 783/350/8
f 658/356/8 659/355/8 783/350/8
f 657/357/8 658/356/8 783/350/8
f 656/358/8 657/357/8 783/350/8
f 656/358/8 783/350/8 784/359/8
f 655/360/8 656/358/8 784/359/8
f 654/361/8 655/360/8 784/359/8
f 654/361/8 784/359/8 785/362/8
f 653/363/8 654/361/8 785/362/8
f 652/364/8 653/363/8 785/362/8
f 652/364/8 785/362/8 786/365/8
f 651/366/8 652/364/8 786/365/8
f 651/366/8 786/365/8 787/367/8
f 650/368/8 651/366/8 787/367/8
f 650/368/8 787/367/8 788/182/8
f 649/369/8 650/368/8 788/182/8
f 649/369/8 788/182/8 621/184/8
f 649/369/8 621/184/8 622/370/8
f 649/369/8 622/370/8 623/371/8
f 649/369/8 623/371/8 624/372/8
f 648/373/8 649/369/8 624/372/8
f 648/373/8 624/372/8 625/374/8
f 648/373/8 625/374/8 626/375/8
f 648/373/8 626/375/8 627/376/8
f 648/373/8 627/376/8 628/377/8
f 648/373/8 628/377/8 629/378/8
f 648/373/8 629/378/8 630/379/8
f 647/380/8 648/373/8 630/379/8
f 647/380/8 630/379/8 631/381/8
f 647/380/8 631/381/8 632/382/8
f 647/380/8 632/382/8 633/383/8
f 647/380/8 633/383/8 634/384/8
f 646/385/8 647/380/8 634/384/8
f 646/385/8 634/384/8 635/386/8
f 646/385/8 635/386/8 636/387/8
f 646/385/8 636/387/8 637/388/8
f 645/389/8 646/385/8 637/388/8
f 645/389/8 637/388/8 638/390/8
f 645/389/8 638/390/8 639/391/8
f 645/389/8 639/391/8 640/392/8
f 644/393/8 645/389/8 640/392/8
f 644/393/8 640/392/8 641/394/8
f 644/393/8 641/394/8 642/395/8
f 644/393/8 642/395/8 643/396/8
s 1
f 792/397/9 789/184/10 790/398/10
f 794/399/11 791/400/9 792/397/9
f 796/401/12 793/402/11 794/399/11
f 798/403/13 795/404/12 796/401/12
f 800/405/14 797/406/13 798/403/13
f 802/407/15 799/408/14 800/405/14
f 804/409/16 801/410/15 802/407/15
f 806/411/17 803/412/18 804/409/16
f 808/413/19 805/414/20 806/411/17
f 810/415/21 807/416/19 808/413/19
f 812/417/22 809/418/21 810/415/21
f 814/419/23 811/420/24 812/417/22
f 816/421/25 813/422/23 814/419/23
f 818/423/26 815/424/25 816/421/25
f 820/425/27 817/426/26 818/423/26
f 822/427/28 819/428/27 820/425/27
f 824/429/29 821/430/28 822/427/28
f 826/431/30 823/432/29 824/429/29
f 828/433/31 825/434/30 826/431/30
f 830/435/32 827/436/31 828/433/31
f 832/437/33 829/438/32 830/435/32
f 834/439/34 831/440/33 832/437/33
f 836/441/35 833/442/34 834/439/34
f 838/443/36 835/444/35 836/441/35
f 840/445/37 837/146/36 838/443/36
f 842/446/38 839/447/37 840/445/37
f 844/448/39 841/449/38 842/446/38
f 846/450/40 843/451/39 844/448/39
f 848/452/41 845/453/40 846/450/40
f 850/454/42 847/455/41 848/452/41
f 852/456/43 849/457/42 850/454/42
f 854/458/44 851/459/43 852/456/43
f 856/460/45 853/461/44 854/458/44
f 858/462/46 855/463/45 856/460/45
f 860/464/47 857/465/46 858/462/46
f 862/466/48 859/467/47 860/464/47
f 864/468/49 861/469/48 862/466/48
f 866/470/50 863/471/51 864/468/49
f 868/472/52 865/473/50 866/470/50
f 870/474/53 867/475/52 868/472/52
f 872/476/54 869/477/53 870/474/53
f 874/478/55 871/479/56 872/476/54
f 876/480/57 873/481/55 874/478/55
f 878/482/58 875/483/57 876/480/57
f 880/484/59 877/485/58 878/482/58
f 882/486/60 879/487/59 880/484/59
f 884/488/61 881/489/60 882/486/60
f 886/490/62 883/491/61 884/488/61
f 888/492/63 885/125/62 886/490/62
f 890/493/64 887/494/65 888/492/63
f 892/495/66 889/496/64 890/493/64
f 894/497/67 891/498/66 892/495/66
f 896/499/68 893/500/67 894/497/67
f 898/501/69 895/502/68 896/499/68
f 900/503/70 897/504/69 898/501/69
f 902/505/71 899/506/70 900/503/70
f 904/507/70 901/508/71 902/505/71
f 906/509/69 903/510/70 904/507/70
f 908/511/72 905/512/69 906/509/69
f 910/513/73 907/514/72 908/511/72
f 912/515/74 909/516/73 910/513/73
f 914/517/57 911/518/74 912/515/74
f 916/519/75 913/520/57 914/517/57
f 918/521/76 915/522/75 916/519/75
f 920/523/77 917/524/76 918/521/76
f 922/525/76 919/526/77 920/523/77
f 924/527/75 921/528/76 922/525/76
f 926/529/57 923/530/75 924/527/75
f 928/531/74 925/532/57 926/529/57
f 930/533/73 927/534/74 928/531/74
f 932/535/78 929/536/73 930/533/73
f 934/537/79 931/538/78 932/535/78
f 936/539/80 933/16/79 934/537/79
f 938/540/81 935/541/80 936/539/80
f 940/542/82 937/543/81 938/540/81
f 942/544/83 939/545/84 940/542/82
f 944/546/85 941/547/83 942/544/83
f 946/548/86 943/549/85 944/546/85
f 948/550/87 945/551/86 946/548/86
f 950/552/88 947/553/89 948/550/87
f 952/554/90 949/555/88 950/552/88
f 954/556/91 951/557/90 952/554/90
f 956/558/92 953/559/91 954/556/91
f 958/560/93 955/561/92 956/558/92
f 960/562/94 957/563/93 958/560/93
f 962/564/95 959/565/94 960/562/94
f 964/566/96 961/567/95 962/564/95
f 966/568/97 963/569/96 964/566/96
f 968/570/98 965/571/97 966/568/97
f 970/572/99 967/573/98 968/570/98
f 972/574/100 969/575/99 970/572/99
f 974/576/101 971/577/100 972/574/100
f 976/578/102 973/579/101 974/576/101
f 978/580/103 975/581/102 976/578/102
f 980/582/104 977/583/103 978/580/103
f 982/584/105 979/585/104 980/582/104
f 984/586/106 981/69/105 982/584/105
f 986/587/107 983/588/106 984/586/106
f 988/589/108 985/590/107 986/587/107
f 990/591/109 987/592/108 988/589/108
f 992/593/110 989/594/109 990/591/109
f 994/595/111 991/596/110 992/593/110
f 996/597/112 993/598/111 994/595/111
f 998/599/113 995/600/112 996/597/112
f 1000/601/114 997/602/113 998/599/113
f 1002/603/115 999/604/114 1000/601/114
f 1004/605/116 1001/606/115 1002/603/115
f 1006/607/117 1003/608/116 1004/605/116
f 1008/609/118 1005/610/117 1006/607/117
f 1010/611/119 1007/612/118 1008/609/118
f 1012/613/120 1009/614/119 1010/611/119
f 1014/615/121 1011/616/122 1012/613/120
f 1016/617/123 1013/618/121 1014/615/121
f 1018/619/124 1015/620/123 1016/617/123
f 1020/621/125 1017/622/124 1018/619/124
f 1022/623/126 1019/624/125 1020/621/125
f 1024/625/127 1021/626/126 1022/623/126
f 1026/627/128 1023/628/127 1024/625/127
f 1028/629/129 1025/630/128 1026/627/128
f 1030/631/130 1027/632/129 1028/629/129
f 1032/633/131 1029/116/130 1030/631/130
f 1034/634/132 1031/635/131 1032/633/131
f 1036/636/133 1033/637/132 1034/634/132
f 1038/638/134 1035/639/133 1036/636/133
f 1040/640/135 1037/641/134 1038/638/134
f 1042/642/136 1039/643/135 1040/640/135
f 1044/644/137 1041/645/136 1042/642/136
f 1046/646/138 1043/647/137 1044/644/137
f 1048/648/139 1045/649/138 1046/646/138
f 1050/650/140 1047/651/139 1048/648/139
f 1052/652/141 1049/653/140 1050/650/140
f 1054/654/142 1051/655/141 1052/652/141
f 1056/656/143 1053/657/142 1054/654/142
f 1058/658/144 1055/659/143 1056/656/143
f 1060/660/145 1057/661/144 1058/658/144
f 1062/662/146 1059/663/145 1060/660/145
f 1064/664/147 1061/665/146 1062/662/146
f 1066/666/148 1063/667/147 1064/664/147
f 1068/668/149 1065/669/148 1066/666/148
f 1070/670/150 1067/671/149 1068/668/149
f 1072/672/151 1069/673/150 1070/670/150
f 1074/674/152 1071/675/151 1072/672/151
f 1076/676/153 1073/677/152 1074/674/152
f 1078/678/154 1075/679/153 1076/676/153
f 1080/680/155 1077/215/154 1078/678/154
f 1082/681/156 1079/682/155 1080/680/155
f 1084/683/157 1081/684/156 1082/681/156
f 1086/685/158 1083/686/157 1084/683/157
f 1088/687/159 1085/688/158 1086/685/158
f 1090/689/160 1087/690/159 1088/687/159
f 1092/691/161 1089/692/160 1090/689/160
f 1094/693/162 1091/694/161 1092/691/161
f 1096/695/163 1093/696/162 1094/693/162
f 1098/697/164 1095/698/163 1096/695/163
f 1100/699/165 1097/700/164 1098/697/164
f 1102/701/166 1099/702/165 1100/699/165
f 1104/703/167 1101/704/166 1102/701/166
f 1106/705/168 1103/706/167 1104/703/167
f 1108/707/169 1105/708/168 1106/705/168
f 1110/709/170 1107/710/169 1108/707/169
f 1112/711/171 1109/712/170 1110/709/170
f 1114/713/172 1111/714/171 1112/711/171
f 1116/715/173 1113/716/172 1114/713/172
f 1118/717/174 1115/718/173 1116/715/173
f 1120/719/175 1117/720/174 1118/717/174
f 1122/721/176 1119/722/175 1120/719/175
f 1124/723/177 1121/724/178 1122/721/176
f 790/725/10 1123/726/177 1124/723/177
f 1128/727/179 1125/184/180 1126/398/180
f 1130/728/181 1127/729/179 1128/727/179
f 1132/730/182 1129/731/181 1130/728/181
f 1134/732/183 1131/733/182 1132/730/182
f 1136/734/184 1133/735/183 1134/732/183
f 1138/736/183 1135/737/184 1136/734/184
f 1140/738/182 1137/739/183 1138/736/183
f 1142/740/181 1139/741/182 1140/738/182
f 1144/742/179 1141/743/181 1142/740/181
f 1146/744/180 1143/745/179 1144/742/179
f 1148/746/185 1145/747/180 1146/744/180
f 1150/748/186 1147/749/185 1148/746/185
f 1152/750/187 1149/751/186 1150/748/186
f 1154/752/188 1151/753/187 1152/750/187
f 1156/754/189 1153/755/188 1154/752/188
f 1158/756/190 1155/757/189 1156/754/189
f 1160/758/191 1157/759/190 1158/756/190
f 1162/760/192 1159/761/191 1160/758/191
f 1164/762/193 1161/763/192 1162/760/192
f 1166/764/194 1163/765/193 1164/762/193
f 1168/766/195 1165/767/196 1166/764/194
f 1170/768/197 1167/769/198 1168/766/195
f 1172/770/199 1169/771/197 1170/768/197
f 1174/772/200 1171/773/199 1172/770/199
f 1176/774/201 1173/775/200 1174/772/200
f 1178/776/202 1175/777/203 1176/774/201
f 1180/778/204 1177/779/202 1178/776/202
f 1182/780/205 1179/781/204 1180/778/204
f 1184/782/206 1181/783/205 1182/780/205
f 1186/784/207 1183/785/206 1184/782/206
f 1188/786/208 1185/787/207 1186/784/207
f 1190/788/209 1187/789/208 1188/786/208
f 1192/790/210 1189/791/209 1190/788/209
f 1194/792/211 1191/793/210 1192/790/210
f 1196/794/212 1193/795/211 1194/792/211
f 1198/796/213 1195/797/212 1196/794/212
f 1200/798/214 1197/799/215 1198/796/213
f 1202/800/216 1199/801/214 1200/798/214
f 1204/802/217 1201/803/216 1202/800/216
f 1206/804/218 1203/805/217 1204/802/217
f 1208/806/219 1205/807/218 1206/804/218
f 1210/808/220 1207/809/219 1208/806/219
f 1212/810/221 1209/811/220 1210/808/220
f 1214/812/222 1211/813/221 1212/810/221
f 1216/814/223 1213/815/222 1214/812/222
f 1218/816/224 1215/817/223 1216/814/223
f 1220/818/225 1217/819/224 1218/816/224
f 1222/820/226 1219/821/225 1220/818/225
f 1224/822/227 1221/823/226 1222/820/226
f 1226/824/228 1223/825/227 1224/822/227
f 1228/826/229 1225/827/228 1226/824/228
f 1230/828/230 1227/829/229 1228/826/229
f 1232/830/231 1229/831/230 1230/828/230
f 1234/832/232 1231/833/231 1232/830/231
f 1236/834/233 1233/835/232 1234/832/232
f 1238/836/234 1235/837/233 1236/834/233
f 1240/838/235 1237/839/236 1238/836/234
f 1242/840/237 1239/841/235 1240/838/235
f 1244/842/238 1241/843/237 1242/840/237
f 1246/844/239 1243/845/238 1244/842/238
f 1248/846/240 1245/847/239 1246/844/239
f 1250/848/241 1247/849/240 1248/846/240
f 1252/850/242 1249/851/241 1250/848/241
f 1254/852/243 1251/853/244 1252/850/242
f 1256/854/245 1253/855/243 1254/852/243
f 1258/856/246 1255/857/245 1256/854/245
f 1260/858/247 1257/859/246 1258/856/246
f 1262/860/248 1259/861/247 1260/858/247
f 1264/862/249 1261/863/248 1262/860/248
f 1266/864/250 1263/865/249 1264/862/249
f 1268/866/251 1265/867/250 1266/864/250
f 1270/868/252 1267/869/251 1268/866/251
f 1272/870/253 1269/871/252 1270/868/252
f 1274/872/254 1271/873/253 1272/870/253
f 1276/874/255 1273/875/254 1274/872/254
f 1278/876/256 1275/877/255 1276/874/255
f 1280/878/257 1277/879/256 1278/876/256
f 1282/880/258 1279/881/257 1280/878/257
f 1284/882/259 1281/883/258 1282/880/258
f 1286/884/260 1283/885/259 1284/882/259
f 1288/886/261 1285/887/260 1286/884/260
f 1290/888/262 1287/889/261 1288/886/261
f 1292/890/263 1289/891/262 1290/888/262
f 1294/892/264 1291/893/263 1292/890/263
f 1296/894/265 1293/895/264 1294/892/264
f 1298/896/266 1295/897/265 1296/894/265
f 1300/898/267 1297/899/266 1298/896/266
f 1302/900/268 1299/901/267 1300/898/267
f 1304/902/269 1301/903/268 1302/900/268
f 1306/904/268 1303/905/269 1304/902/269
f 1308/906/270 1305/907/268 1306/904/268
f 1310/908/271 1307/909/270 1308/906/270
f 1312/910/272 1309/911/271 1310/908/271
f 1314/912/273 1311/913/272 1312/910/272
f 1316/914/274 1313/915/273 1314/912/273
f 1318/916/144 1315/917/274 1316/914/274
f 1320/918/275 1317/919/144 1318/916/144
f 1322/920/276 1319/921/275 1320/918/275
f 1324/922/277 1321/923/276 1322/920/276
f 1326/924/278 1323/925/277 1324/922/277
f 1328/926/279 1325/927/278 1326/924/278
f 1330/928/280 1327/929/279 1328/926/279
f 1332/930/281 1329/931/280 1330/928/280
f 1334/932/282 1331/933/281 1332/930/281
f 1336/934/283 1333/935/282 1334/932/282
f 1338/936/284 1335/937/283 1336/934/283
f 1340/938/285 1337/939/286 1338/936/284
f 1342/940/287 1339/941/285 1340/938/285
f 1344/560/288 1341/942/287 1342/940/287
f 1346/943/289 1343/563/288 1344/560/288
f 1348/944/290 1345/945/289 1346/943/289
f 1350/946/291 1347/947/290 1348/944/290
f 1352/948/292 1349/949/291 1350/946/291
f 1354/950/293 1351/951/292 1352/948/292
f 1356/952/294 1353/953/293 1354/950/293
f 1358/954/295 1355/955/294 1356/952/294
f 1360/956/296 1357/957/295 1358/954/295
f 1362/958/297 1359/959/296 1360/956/296
f 1364/960/298 1361/961/297 1362/958/297
f 1366/962/299 1363/963/298 1364/960/298
f 1368/964/300 1365/965/299 1366/962/299
f 1370/966/301 1367/967/300 1368/964/300
f 1372/968/302 1369/969/301 1370/966/301
f 1374/970/303 1371/971/302 1372/968/302
f 1376/972/304 1373/973/303 1374/970/303
f 1378/974/303 1375/975/304 1376/972/304
f 1380/976/302 1377/977/303 1378/974/303
f 1382/978/301 1379/979/302 1380/976/302
f 1384/980/300 1381/981/301 1382/978/301
f 1386/982/299 1383/983/300 1384/980/300
f 1388/984/305 1385/985/299 1386/982/299
f 1390/986/306 1387/987/305 1388/984/305
f 1392/988/307 1389/989/306 1390/986/306
f 1394/990/308 1391/991/307 1392/988/307
f 1396/992/309 1393/993/308 1394/990/308
f 1398/994/310 1395/995/309 1396/992/309
f 1400/996/311 1397/997/312 1398/994/310
f 1402/998/313 1399/999/314 1400/996/311
f 1404/1000/315 1401/1001/313 1402/998/313
f 1406/1002/316 1403/1003/315 1404/1000/315
f 1408/1004/317 1405/1005/316 1406/1002/316
f 1410/1006/318 1407/1007/317 1408/1004/317
f 1412/1008/319 1409/1009/318 1410/1006/318
f 1414/1010/320 1411/1011/319 1412/1008/319
f 1416/1012/321 1413/1013/320 1414/1010/320
f 1418/1014/322 1415/1015/321 1416/1012/321
f 1420/1016/323 1417/1017/322 1418/1014/322
f 1422/1018/324 1419/1019/325 1420/1016/323
f 1424/1020/326 1421/1021/327 1422/1018/324
f 1426/1022/328 1423/1023/326 1424/1020/326
f 1428/1024/329 1425/1025/330 1426/1022/328
f 1430/1026/331 1427/1027/329 1428/1024/329
f 1432/1028/332 1429/1029/331 1430/1026/331
f 1434/1030/333 1431/1031/332 1432/1028/332
f 1436/1032/334 1433/1033/333 1434/1030/333
f 1438/1034/335 1435/1035/334 1436/1032/334
f 1440/1036/336 1437/1037/335 1438/1034/335
f 1442/1038/337 1439/1039/336 1440/1036/336
f 1444/1040/338 1441/1041/337 1442/1038/337
f 1446/1042/339 1443/1043/338 1444/1040/338
f 1448/1044/340 1445/1045/339 1446/1042/339
f 1450/1046/341 1447/1047/340 1448/1044/340
f 1452/1048/340 1449/1049/341 1450/1046/341
f 1454/1050/339 1451/1051/340 1452/1048/340
f 1456/1052/338 1453/1053/339 1454/1050/339
f 1458/1054/337 1455/1055/338 1456/1052/338
f 1460/1056/336 1457/1057/337 1458/1054/337
f 1462/1058/342 1459/1059/336 1460/1056/336
f 1464/1060/343 1461/1061/342 1462/1058/342
f 1466/1062/344 1463/1063/343 1464/1060/343
f 1468/1064/345 1465/1065/344 1466/1062/344
f 1470/1066/346 1467/1067/345 1468/1064/345
f 1472/1068/347 1469/1069/346 1470/1066/346
f 1474/1070/348 1471/1071/347 1472/1068/347
f 1476/1072/349 1473/1073/348 1474/1070/348
f 1478/1074/350 1475/1075/349 1476/1072/349
f 1480/1076/351 1477/1077/350 1478/1074/350
f 1482/1078/352 1479/1079/351 1480/1076/351
f 1484/1080/353 1481/1081/352 1482/1078/352
f 1486/1082/354 1483/1083/353 1484/1080/353
f 1488/1084/355 1485/1085/354 1486/1082/354
f 1490/1086/356 1487/1087/355 1488/1084/355
f 1492/1088/357 1489/1089/356 1490/1086/356
f 1494/1090/358 1491/1091/357 1492/1088/357
f 1496/1092/359 1493/1093/358 1494/1090/358
f 1498/1094/360 1495/1095/359 1496/1092/359
f 1500/1096/361 1497/1097/360 1498/1094/360
f 1502/1098/362 1499/1099/361 1500/1096/361
f 1504/1100/363 1501/1101/362 1502/1098/362
f 1506/1102/364 1503/1103/363 1504/1100/363
f 1508/1104/365 1505/1105/364 1506/1102/364
f 1510/1106/366 1507/1107/365 1508/1104/365
f 1512/1108/367 1509/1109/366 1510/1106/366
f 1514/1110/368 1511/1111/367 1512/1108/367
f 1516/1112/369 1513/1113/368 1514/1110/368
f 1518/1114/370 1515/1115/369 1516/1112/369
f 1520/1116/371 1517/1117/370 1518/1114/370
f 1522/1118/372 1519/1119/371 1520/1116/371
f 1524/1120/373 1521/1121/372 1522/1118/372
f 1526/1122/374 1523/1123/373 1524/1120/373
f 1528/1124/375 1525/1125/374 1526/1122/374
f 1530/1126/376 1527/1127/375 1528/1124/375
f 1532/1128/377 1529/1129/376 1530/1126/376
f 1534/1130/378 1531/1131/377 1532/1128/377
f 1536/1132/379 1533/1133/378 1534/1130/378
f 1538/1134/380 1535/1135/379 1536/1132/379
f 1540/1136/381 1537/1137/380 1538/1134/380
f 1542/1138/382 1539/1139/381 1540/1136/381
f 1544/1140/383 1541/1141/382 1542/1138/382
f 1546/1142/384 1543/1143/383 1544/1140/383
f 1548/1144/385 1545/1145/384 1546/1142/384
f 1550/1146/386 1547/1147/385 1548/1144/385
f 1552/1148/387 1549/1149/386 1550/1146/386
f 1554/1150/388 1551/1151/387 1552/1148/387
f 1556/1152/389 1553/1153/390 1554/1150/388
f 1558/1154/391 1555/1155/389 1556/1152/389
f 1560/1156/392 1557/1157/391 1558/1154/391
f 1126/725/180 1559/1158/392 1560/1156/392
f 792/397/9 791/400/9 789/184/10
f 794/399/11 793/402/11 791/400/9
f 796/401/12 795/404/12 793/402/11
f 798/403/13 797/406/13 795/404/12
f 800/405/14 799/408/14 797/406/13
f 802/407/15 801/410/15 799/408/14
f 804/409/16 803/412/18 801/410/15
f 806/411/17 805/414/20 803/412/18
f 808/413/19 807/416/19 805/414/20
f 810/415/21 809/418/21 807/416/19
f 812/417/22 811/420/24 809/418/21
f 814/419/23 813/422/23 811/420/24
f 816/421/25 815/424/25 813/422/23
f 818/423/26 817/426/26 815/424/25
f 820/425/27 819/428/27 817/426/26
f 822/427/28 821/430/28 819/428/27
f 824/429/29 823/432/29 821/430/28
f 826/431/30 825/434/30 823/432/29
f 828/433/31 827/436/31 825/434/30
f 830/435/32 829/438/32 827/436/31
f 832/437/33 831/440/33 829/438/32
f 834/439/34 833/442/34 831/440/33
f 836/441/35 835/444/35 833/442/34
f 838/443/36 837/146/36 835/444/35
f 840/445/37 839/447/37 837/146/36
f 842/446/38 841/449/38 839/447/37
f 844/448/39 843/451/39 841/449/38
f 846/450/40 845/453/40 843/451/39
f 848/452/41 847/455/41 845/453/40
f 850/454/42 849/457/42 847/455/41
f 852/456/43 851/459/43 849/457/42
f 854/458/44 853/461/44 851/459/43
f 856/460/45 855/463/45 853/461/44
f 858/462/46 857/465/46 855/463/45
f 860/464/47 859/467/47 857/465/46
f 862/466/48 861/469/48 859/467/47
f 864/468/49 863/471/51 861/469/48
f 866/470/50 865/473/50 863/471/51
f 868/472/52 867/475/52 865/473/50
f 870/474/53 869/477/53 867/475/52
f 872/476/54 871/479/56 869/477/53
f 874/478/55 873/481/55 871/479/56
f 876/480/57 875/483/57 873/481/55
f 878/482/58 877/485/58 875/483/57
f 880/484/59 879/487/59 877/485/58
f 882/486/60 881/489/60 879/487/59
f 884/488/61 883/491/61 881/489/60
f 886/490/62 885/125/62 883/491/61
f 888/492/63 887/494/65 885/125/62
f 890/493/64 889/496/64 887/494/65
f 892/495/66 891/498/66 889/496/64
f 894/497/67 893/500/67 891/498/66
f 896/499/68 895/502/68 893/500/67
f 898/501/69 897/504/69 895/502/68
f 900/503/70 899/506/70 897/504/69
f 902/505/71 901/508/71 899/506/70
f 904/507/70 903/510/70 901/508/71
f 906/509/69 905/512/69 903/510/70
f 908/511/72 907/514/72 905/512/69
f 910/513/73 909/516/73 907/514/72
f 912/515/74 911/518/74 909/516/73
f 914/517/57 913/520/57 911/518/74
f 916/519/75 915/522/75 913/520/57
f 918/521/76 917/524/76 915/522/75
f 920/523/77 919/526/77 917/524/76
f 922/525/76 921/528/76 919/526/77
f 924/527/75 923/530/75 921/528/76
f 926/529/57 925/532/57 923/530/75
f 928/531/74 927/534/74 925/532/57
f 930/533/73 929/536/73 927/534/74
f 932/535/78 931/538/78 929/536/73
f 934/537/79 933/16/79 931/538/78
f 936/539/80 935/541/80 933/16/79
f 938/540/81 937/543/81 935/541/80
f 940/542/82 939/545/84 937/543/81
f 942/544/83 941/547/83 939/545/84
f 944/546/85 943/549/85 941/547/83
f 946/548/86 945/551/86 943/549/85
f 948/550/87 947/553/89 945/551/86
f 950/552/88 949/555/88 947/553/89
f 952/554/90 951/557/90 949/555/88
f 954/556/91 953/559/91 951/557/90
f 956/558/92 955/561/92 953/559/91
f 958/560/93 957/563/93 955/561/92
f 960/562/94 959/565/94 957/563/93
f 962/564/95 961/567/95 959/565/94
f 964/566/96 963/569/96 961/567/95
f 966/568/97 965/571/97 963/569/96
f 968/570/98 967/573/98 965/571/97
f 970/572/99 969/575/99 967/573/98
f 972/574/100 971/577/100 969/575/99
f 974/576/101 973/579/101 971/577/100
f 976/578/102 975/581/102 973/579/101
f 978/580/103 977/583/103 975/581/102
f 980/582/104 979/585/104 977/583/103
f 982/584/105 981/69/105 979/585/104
f 984/586/106 983/588/106 981/69/105
f 986/587/107 985/590/107 983/588/106
f 988/589/108 987/592/108 985/590/107
f 990/591/109 989/594/109 987/592/108
f 992/593/110 991/596/110 989/594/109
f 994/595/111 993/598/111 991/596/110
f 996/597/112 995/600/112 993/598/111
f 998/599/113 997/602/113 995/600/112
f 1000/601/114 999/604/114 997/602/113
f 1002/603/115 1001/606/115 999/604/114
f 1004/605/116 1003/608/116 1001/606/115
f 1006/607/117 1005/610/117 1003/608/116
f 1008/609/118 1007/612/118 1005/610/117
f 1010/611/119 1009/614/119 1007/612/118
f 1012/613/120 1011/616/122 1009/614/119
f 1014/615/121 1013/618/121 1011/616/122
f 1016/617/123 1015/620/123 1013/618/121
f 1018/619/124 1017/622/124 1015/620/123
f 1020/621/125 1019/624/125 1017/622/124
f 1022/623/126 1021/626/126 1019/624/125
f 1024/625/127 1023/628/127 1021/626/126
f 1026/627/128 1025/630/128 1023/628/127
f 1028/629/129 1027/632/129 1025/630/128
f 1030/631/130 1029/116/130 1027/632/129
f 1032/633/131 1031/635/131 1029/116/130
f 1034/634/132 1033/637/132 1031/635/131
f 1036/636/133 1035/639/133 1033/637/132
f 1038/638/134 1037/641/134 1035/639/133
f 1040/640/135 1039/643/135 1037/641/134
f 1042/642/136 1041/645/136 1039/643/135
f 1044/644/137 1043/647/137 1041/645/136
f 1046/646/138 1045/649/138 1043/647/137
f 1048/648/139 1047/651/139 1045/649/138
f 1050/650/140 1049/653/140 1047/651/139
f 1052/652/141 1051/655/141 1049/653/140
f 1054/654/142 1053/657/142 1051/655/141
f 1056/656/143 1055/659/143 1053/657/142
f 1058/658/144 1057/661/144 1055/659/143
f 1060/660/145 1059/663/145 1057/661/144
f 1062/662/146 1061/665/146 1059/663/145
f 1064/664/147 1063/667/147 1061/665/146
f 1066/666/148 1065/669/148 1063/667/147
f 1068/668/149 1067/671/149 1065/669/148
f 1070/670/150 1069/673/150 1067/671/149
f 1072/672/151 1071/675/151 1069/673/150
f 1074/674/152 1073/677/152 1071/675/151
f 1076/676/153 1075/679/153 1073/677/152
f 1078/678/154 1077/215/154 1075/679/153
f 1080/680/155 1079/682/155 1077/215/154
f 1082/681/156 1081/684/156 1079/682/155
f 1084/683/157 1083/686/157 1081/684/156
f 1086/685/158 1085/688/158 1083/686/157
f 1088/687/159 1087/690/159 1085/688/158
f 1090/689/160 1089/692/160 1087/690/159
f 1092/691/161 1091/694/161 1089/692/160
f 1094/693/162 1093/696/162 1091/694/161
f 1096/695/163 1095/698/163 1093/696/162
f 1098/697/164 1097/700/164 1095/698/163
f 1100/699/165 1099/702/165 1097/700/164
f 1102/701/166 1101/704/166 1099/702/165
f 1104/703/167 1103/706/167 1101/704/166
f 1106/705/168 1105/708/168 1103/706/167
f 1108/707/169 1107/710/169 1105/708/168
f 1110/709/170 1109/712/170 1107/710/169
f 1112/711/171 1111/714/171 1109/712/170
f 1114/713/172 1113/716/172 1111/714/171
f 1116/715/173 1115/718/173 1113/716/172
f 1118/717/174 1117/720/174 1115/718/173
f 1120/719/175 1119/722/175 1117/720/174
f 1122/721/176 1121/724/178 1119/722/175
f 1124/723/177 1123/726/177 1121/724/178
f 790/725/10 789/182/10 1123/726/177
f 1128/727/179 1127/729/179 1125/184/180
f 1130/728/181 1129/731/181 1127/729/179
f 1132/730/182 1131/733/182 1129/731/181
f 1134/732/183 1133/735/183 1131/733/182
f 1136/734/184 1135/737/184 1133/735/183
f 1138/736/183 1137/739/183 1135/737/184
f 1140/738/182 1139/741/182 1137/739/183
f 1142/740/181 1141/743/181 1139/741/182
f 1144/742/179 1143/745/179 1141/743/181
f 1146/744/180 1145/747/180 1143/745/179
f 1148/746/185 1147/749/185 1145/747/180
f 1150/748/186 1149/751/186 1147/749/185
f 1152/750/187 1151/753/187 1149/751/186
f 1154/752/188 1153/755/188 1151/753/187
f 1156/754/189 1155/757/189 1153/755/188
f 1158/756/190 1157/759/190 1155/757/189
f 1160/758/191 1159/761/191 1157/759/190
f 1162/760/192 1161/763/192 1159/761/191
f 1164/762/193 1163/765/193 1161/763/192
f 1166/764/194 1165/767/196 1163/765/193
f 1168/766/195 1167/769/198 1165/767/196
f 1170/768/197 1169/771/197 1167/769/198
f 1172/770/199 1171/773/199 1169/771/197
f 1174/772/200 1173/775/200 1171/773/199
f 1176/774/201 1175/777/203 1173/775/200
f 1178/776/202 1177/779/202 1175/777/203
f 1180/778/204 1179/781/204 1177/779/202
f 1182/780/205 1181/783/205 1179/781/204
f 1184/782/206 1183/785/206 1181/783/205
f 1186/784/207 1185/787/207 1183/785/206
f 1188/786/208 1187/789/208 1185/787/207
f 1190/788/209 1189/791/209 1187/789/208
f 1192/790/210 1191/793/210 1189/791/209
f 1194/792/211 1193/795/211 1191/793/210
f 1196/794/212 1195/797/212 1193/795/211
f 1198/796/213 1197/799/215 1195/797/212
f 1200/798/214 1199/801/214 1197/799/215
f 1202/800/216 1201/803/216 1199/801/214
f 1204/802/217 1203/805/217 1201/803/216
f 1206/804/218 1205/807/218 1203/805/217
f 1208/806/219 1207/809/219 1205/807/218
f 1210/808/220 1209/811/220 1207/809/219
f 1212/810/221 1211/813/221 1209/811/220
f 1214/812/222 1213/815/222 1211/813/221
f 1216/814/223 1215/817/223 1213/815/222
f 1218/816/224 1217/819/224 1215/817/223
f 1220/818/225 1219/821/225 1217/819/224
f 1222/820/226 1221/823/226 1219/821/225
f 1224/822/227 1223/825/227 1221/823/226
f 1226/824/228 1225/827/228 1223/825/227
f 1228/826/229 1227/829/229 1225/827/228
f 1230/828/230 1229/831/230 1227/829/229
f 1232/830/231 1231/833/231 1229/831/230
f 1234/832/232 1233/835/232 1231/833/231
f 1236/834/233 1235/837/233 1233/835/232
f 1238/836/234 1237/839/236 1235/837/233
f 1240/838/235 1239/841/235 1237/839/236
f 1242/840/237 1241/843/237 1239/841/235
f 1244/842/238 1243/845/238 1241/843/237
f 1246/844/239 1245/847/239 1243/845/238
f 1248/846/240 1247/849/240 1245/847/239
f 1250/848/241 1249/851/241 1247/849/240
f 1252/850/242 1251/853/244 1249/851/241
f 1254/852/243 1253/855/243 1251/853/244
f 1256/854/245 1255/857/245 1253/855/243
f 1258/856/246 1257/859/246 1255/857/245
f 1260/858/247 1259/861/247 1257/859/246
f 1262/860/248 1261/863/248 1259/861/247
f 1264/862/249 1263/865/249 1261/863/248
f 1266/864/250 1265/867/250 1263/865/249
f 1268/866/251 1267/869/251 1265/867/250
f 1270/868/252 1269/871/252 1267/869/251
f 1272/870/253 1271/873/253 1269/871/252
f 1274/872/254 1273/875/254 1271/873/253
f 1276/874/255 1275/877/255 1273/875/254
f 1278/876/256 1277/879/256 1275/877/255
f 1280/878/257 1279/881/257 1277/879/256
f 1282/880/258 1281/883/258 1279/881/257
f 1284/882/259 1283/885/259 1281/883/258
f 1286/884/260 1285/887/260 1283/885/259
f 1288/886/261 1287/889/261 1285/887/260
f 1290/888/262 1289/891/262 1287/889/261
f 1292/890/263 1291/893/263 1289/891/262
f 1294/892/264 1293/895/264 1291/893/263
f 1296/894/265 1295/897/265 1293/895/264
f 1298/896/266 1297/899/266 1295/897/265
f 1300/898/267 1299/901/267 1297/899/266
f 1302/900/268 1301/903/268 1299/901/267
f 1304/902/269 1303/905/269 1301/903/268
f 1306/904/268 1305/907/268 1303/905/269
f 1308/906/270 1307/909/270 1305/907/268
f 1310/908/271 1309/911/271 1307/909/270
f 1312/910/272 1311/913/272 1309/911/271
f 1314/912/273 1313/915/273 1311/913/272
f 1316/914/274 1315/917/274 1313/915/273
f 1318/916/144 1317/919/144 1315/917/274
f 1320/918/275 1319/921/275 1317/919/144
f 1322/920/276 1321/923/276 1319/921/275
f 1324/922/277 1323/925/277 1321/923/276
f 1326/924/278 1325/927/278 1323/925/277
f 1328/926/279 1327/929/279 1325/927/278
f 1330/928/280 1329/931/280 1327/929/279
f 1332/930/281 1331/933/281 1329/931/280
f 1334/932/282 1333/935/282 1331/933/281
f 1336/934/283 1335/937/283 1333/935/282
f 1338/936/284 1337/939/286 1335/937/283
f 1340/938/285 1339/941/285 1337/939/286
f 1342/940/287 1341/942/287 1339/941/285
f 1344/560/288 1343/563/288 1341/942/287
f 1346/943/289 1345/945/289 1343/563/288
f 1348/944/290 1347/947/290 1345/945/289
f 1350/946/291 1349/949/291 1347/947/290
f 1352/948/292 1351/951/292 1349/949/291
f 1354/950/293 1353/953/293 1351/951/292
f 1356/952/294 1355/955/294 1353/953/293
f 1358/954/295 1357/957/295 1355/955/294
f 1360/956/296 1359/959/296 1357/957/295
f 1362/958/297 1361/961/297 1359/959/296
f 1364/960/298 1363/963/298 1361/961/297
f 1366/962/299 1365/965/299 1363/963/298
f 1368/964/300 1367/967/300 1365/965/299
f 1370/966/301 1369/969/301 1367/967/300
f 1372/968/302 1371/971/302 1369/969/301
f 1374/970/303 1373/973/303 1371/971/302
f 1376/972/304 1375/975/304 1373/973/303
f 1378/974/303 1377/977/303 1375/975/304
f 1380/976/302 1379/979/302 1377/977/303
f 1382/978/301 1381/981/301 1379/979/302
f 1384/980/300 1383/983/300 1381/981/301
f 1386/982/299 1385/985/299 1383/983/300
f 1388/984/305 1387/987/305 1385/985/299
f 1390/986/306 1389/989/306 1387/987/305
f 1392/988/307 1391/991/307 1389/989/306
f 1394/990/308 1393/993/308 1391/991/307
f 1396/992/309 1395/995/309 1393/993/308
f 1398/994/310 1397/997/312 1395/995/309
f 1400/996/311 1399/999/314 1397/997/312
f 1402/998/313 1401/1001/313 1399/999/314
f 1404/1000/315 1403/1003/315 1401/1001/313
f 1406/1002/316 1405/1005/316 1403/1003/315
f 1408/1004/317 1407/1007/317 1405/1005/316
f 1410/1006/318 1409/1009/318 1407/1007/317
f 1412/1008/319 1411/1011/319 1409/1009/318
f 1414/1010/320 1413/1013/320 1411/1011/319
f 1416/1012/321 1415/1015/321 1413/1013/320
f 1418/1014/322 1417/1017/322 1415/1015/321
f 1420/1016/323 1419/1019/325 1417/1017/322
f 1422/1018/324 1421/1021/327 1419/1019/325
f 1424/1020/326 1423/1023/326 1421/1021/327
f 1426/1022/328 1425/1025/330 1423/1023/326
f 1428/1024/329 1427/1027/329 1425/1025/330
f 1430/1026/331 1429/1029/331 1427/1027/329
f 1432/1028/332 1431/1031/332 1429/1029/331
f 1434/1030/333 1433/1033/333 1431/1031/332
f 1436/1032/334 1435/1035/334 1433/1033/333
f 1438/1034/335 1437/1037/335 1435/1035/334
f 1440/1036/336 1439/1039/336 1437/1037/335
f 1442/1038/337 1441/1041/337 1439/1039/336
f 1444/1040/338 1443/1043/338 1441/1041/337
f 1446/1042/339 1445/1045/339 1443/1043/338
f 1448/1044/340 1447/1047/340 1445/1045/339
f 1450/1046/341 1449/1049/341 1447/1047/340
f 1452/1048/340 1451/1051/340 1449/1049/341
f 1454/1050/339 1453/1053/339 1451/1051/340
f 1456/1052/338 1455/1055/338 1453/1053/339
f 1458/1054/337 1457/1057/337 1455/1055/338
f 1460/1056/336 1459/1059/336 1457/1057/337
f 1462/1058/342 1461/1061/342 1459/1059/336
f 1464/1060/343 1463/1063/343 1461/1061/342
f 1466/1062/344 1465/1065/344 1463/1063/343
f 1468/1064/345 1467/1067/345 1465/1065/344
f 1470/1066/346 1469/1069/346 1467/1067/345
f 1472/1068/347 1471/1071/347 1469/1069/346
f 1474/1070/348 1473/1073/348 1471/1071/347
f 1476/1072/349 1475/1075/349 1473/1073/348
f 1478/1074/350 1477/1077/350 1475/1075/349
f 1480/1076/351 1479/1079/351 1477/1077/350
f 1482/1078/352 1481/1081/352 1479/1079/351
f 1484/1080/353 1483/1083/353 1481/1081/352
f 1486/1082/354 1485/1085/354 1483/1083/353
f 1488/1084/355 1487/1087/355 1485/1085/354
f 1490/1086/356 1489/1089/356 1487/1087/355
f 1492/1088/357 1491/1091/357 1489/1089/356
f 1494/1090/358 1493/1093/358 1491/1091/357
f 1496/1092/359 1495/1095/359 1493/1093/358
f 1498/1094/360 1497/1097/360 1495/1095/359
f 1500/1096/361 1499/1099/361 1497/1097/360
f 1502/1098/362 1501/1101/362 1499/1099/361
f 1504/1100/363 1503/1103/363 1501/1101/362
f 1506/1102/364 1505/1105/364 1503/1103/363
f 1508/1104/365 1507/1107/365 1505/1105/364
f 1510/1106/366 1509/1109/366 1507/1107/365
f 1512/1108/367 1511/1111/367 1509/1109/366
f 1514/1110/368 1513/1113/368 1511/1111/367
f 1516/1112/369 1515/1115/369 1513/1113/368
f 1518/1114/370 1517/1117/370 1515/1115/369
f 1520/1116/371 1519/1119/371 1517/1117/370
f 1522/1118/372 1521/1121/372 1519/1119/371
f 1524/1120/373 1523/1123/373 1521/1121/372
f 1526/1122/374 1525/1125/374 1523/1123/373
f 1528/1124/375 1527/1127/375 1525/1125/374
f 1530/1126/376 1529/1129/376 1527/1127/375
f 1532/1128/377 1531/1131/377 1529/1129/376
f 1534/1130/378 1533/1133/378 1531/1131/377
f 1536/1132/379 1535/1135/379 1533/1133/378
f 1538/1134/380 1537/1137/380 1535/1135/379
f 1540/1136/381 1539/1139/381 1537/1137/380
f 1542/1138/382 1541/1141/382 1539/1139/381
f 1544/1140/383 1543/1143/383 1541/1141/382
f 1546/1142/384 1545/1145/384 1543/1143/383
f 1548/1144/385 1547/1147/385 1545/1145/384
f 1550/1146/386 1549/1149/386 1547/1147/385
f 1552/1148/387 1551/1151/387 1549/1149/386
f 1554/1150/388 1553/1153/390 1551/1151/387
f 1556/1152/389 1555/1155/389 1553/1153/390
f 1558/1154/391 1557/1157/391 1555/1155/389
f 1560/1156/392 1559/1158/392 1557/1157/391
f 1126/725/180 1125/182/180 1559/1158/392
