# Blender 4.1.1
# www.blender.org
mtllib Text_1-4.mtl
o -
v -0.250688 -0.030241 -0.113593
v 0.261312 -0.030241 -0.113593
v 0.261312 0.019759 -0.113593
v -0.250688 0.019759 -0.113593
v -0.250688 -0.030241 0.086407
v 0.261312 -0.030241 0.086407
v 0.261312 0.019759 0.086407
v -0.250688 0.019759 0.086407
v -0.250688 -0.030241 0.086407
v -0.250688 -0.030241 -0.113593
v 0.261312 -0.030241 0.086407
v 0.261312 -0.030241 -0.113593
v 0.261312 0.019759 0.086407
v 0.261312 0.019759 -0.113593
v -0.250688 0.019759 0.086407
v -0.250688 0.019759 -0.113593
vn -0.0000 -0.0000 -1.0000
vn -0.0000 -0.0000 1.0000
vn 0.7071 -0.7071 -0.0000
vn -0.7071 -0.7071 -0.0000
vn 0.7071 0.7071 -0.0000
vn -0.7071 0.7071 -0.0000
vt 0.333333 0.000000
vt 1.000000 0.000000
vt 0.666667 0.000000
vt 0.000000 0.000000
vt 0.250000 1.000000
vt 0.000000 1.000000
vt 0.500000 1.000000
vt 0.250000 0.000000
vt 0.750000 1.000000
vt 0.500000 0.000000
vt 1.000000 1.000000
vt 0.750000 0.000000
s 0
usemtl マテリアル.001
f 2/1/1 4/2/1 3/3/1
f 2/1/1 1/4/1 4/2/1
f 6/1/2 7/3/2 8/2/2
f 6/1/2 8/2/2 5/4/2
s 1
f 12/5/3 9/4/4 10/6/4
f 14/7/5 11/8/3 12/5/3
f 16/9/6 13/10/5 14/7/5
f 10/11/4 15/12/6 16/9/6
f 12/5/3 11/8/3 9/4/4
f 14/7/5 13/10/5 11/8/3
f 16/9/6 15/12/6 13/10/5
f 10/11/4 9/2/4 15/12/6
o 1-4
v -0.637998 -0.236124 -0.090320
v -0.636806 -0.235260 -0.090320
v -0.635389 -0.234460 -0.090320
v -0.633797 -0.233724 -0.090320
v -0.632077 -0.233052 -0.090320
v -0.630277 -0.232444 -0.090320
v -0.628445 -0.231900 -0.090320
v -0.626629 -0.231420 -0.090320
v -0.624877 -0.231004 -0.090320
v -0.623237 -0.230652 -0.090320
v -0.621757 -0.230364 -0.090320
v -0.620484 -0.230140 -0.090320
v -0.617605 -0.229595 -0.090320
v -0.614724 -0.229109 -0.090320
v -0.611844 -0.228676 -0.090320
v -0.608964 -0.228291 -0.090320
v -0.606084 -0.227949 -0.090320
v -0.603204 -0.227644 -0.090320
v -0.600323 -0.227371 -0.090320
v -0.597443 -0.227125 -0.090320
v -0.594563 -0.226900 -0.090320
v -0.591683 -0.226691 -0.090320
v -0.588802 -0.226492 -0.090320
v -0.585922 -0.226300 -0.090320
v -0.578419 -0.225900 -0.090320
v -0.570888 -0.225475 -0.090320
v -0.563337 -0.225028 -0.090320
v -0.555769 -0.224564 -0.090320
v -0.548191 -0.224091 -0.090320
v -0.540607 -0.223611 -0.090320
v -0.533024 -0.223132 -0.090320
v -0.525446 -0.222658 -0.090320
v -0.517878 -0.222195 -0.090320
v -0.510326 -0.221748 -0.090320
v -0.502796 -0.221322 -0.090320
v -0.495292 -0.220923 -0.090320
v -0.490119 -0.220728 -0.090320
v -0.484629 -0.220514 -0.090320
v -0.478887 -0.220263 -0.090320
v -0.472962 -0.219956 -0.090320
v -0.466920 -0.219574 -0.090320
v -0.460826 -0.219099 -0.090320
v -0.454749 -0.218512 -0.090320
v -0.448754 -0.217794 -0.090320
v -0.442909 -0.216927 -0.090320
v -0.437280 -0.215892 -0.090320
v -0.431933 -0.214670 -0.090320
v -0.426936 -0.213243 -0.090320
v -0.424106 -0.212232 -0.090320
v -0.421382 -0.211113 -0.090320
v -0.418776 -0.209871 -0.090320
v -0.416297 -0.208492 -0.090320
v -0.413957 -0.206965 -0.090320
v -0.411767 -0.205274 -0.090320
v -0.409737 -0.203408 -0.090320
v -0.407877 -0.201352 -0.090320
v -0.406199 -0.199094 -0.090320
v -0.404712 -0.196619 -0.090320
v -0.403429 -0.193916 -0.090320
v -0.402359 -0.190969 -0.090320
v -0.401622 -0.188266 -0.090320
v -0.400950 -0.185533 -0.090320
v -0.400342 -0.182773 -0.090320
v -0.399798 -0.179989 -0.090320
v -0.399318 -0.177184 -0.090320
v -0.398902 -0.174360 -0.090320
v -0.398550 -0.171521 -0.090320
v -0.398262 -0.168667 -0.090320
v -0.398038 -0.165804 -0.090320
v -0.397878 -0.162932 -0.090320
v -0.397782 -0.160055 -0.090320
v -0.397750 -0.157175 -0.090320
v -0.398094 -0.148008 -0.090320
v -0.399094 -0.138945 -0.090320
v -0.400702 -0.129993 -0.090320
v -0.402871 -0.121162 -0.090320
v -0.405551 -0.112459 -0.090320
v -0.408695 -0.103892 -0.090320
v -0.412255 -0.095469 -0.090320
v -0.416183 -0.087197 -0.090320
v -0.420432 -0.079086 -0.090320
v -0.424952 -0.071143 -0.090320
v -0.429696 -0.063376 -0.090320
v -0.434617 -0.055793 -0.090320
v -0.439893 -0.048189 -0.090320
v -0.445337 -0.040727 -0.090320
v -0.450926 -0.033387 -0.090320
v -0.456634 -0.026152 -0.090320
v -0.462438 -0.019001 -0.090320
v -0.468315 -0.011918 -0.090320
v -0.474239 -0.004882 -0.090320
v -0.480188 0.002124 -0.090320
v -0.486136 0.009119 -0.090320
v -0.492060 0.016123 -0.090320
v -0.497937 0.023153 -0.090320
v -0.503741 0.030229 -0.090320
v -0.508334 0.035989 -0.090320
v -0.512897 0.041750 -0.090320
v -0.517434 0.047510 -0.090320
v -0.521947 0.053270 -0.090320
v -0.526438 0.059031 -0.090320
v -0.530911 0.064791 -0.090320
v -0.535367 0.070551 -0.090320
v -0.539811 0.076312 -0.090320
v -0.544244 0.082072 -0.090320
v -0.548668 0.087833 -0.090320
v -0.553088 0.093593 -0.090320
v -0.557504 0.099353 -0.090320
v -0.564437 0.108347 -0.090320
v -0.571429 0.117602 -0.090320
v -0.578506 0.127027 -0.090320
v -0.585695 0.136533 -0.090320
v -0.593022 0.146027 -0.090320
v -0.600515 0.155421 -0.090320
v -0.608200 0.164622 -0.090320
v -0.616104 0.173541 -0.090320
v -0.624253 0.182087 -0.090320
v -0.632674 0.190168 -0.090320
v -0.641393 0.197695 -0.090320
v -0.650438 0.204576 -0.090320
v -0.654134 0.207137 -0.090320
v -0.657923 0.209447 -0.090320
v -0.661803 0.211512 -0.090320
v -0.665771 0.213337 -0.090320
v -0.669824 0.214928 -0.090320
v -0.673960 0.216289 -0.090320
v -0.678176 0.217426 -0.090320
v -0.682469 0.218344 -0.090320
v -0.686837 0.219049 -0.090320
v -0.691277 0.219546 -0.090320
v -0.695786 0.219840 -0.090320
v -0.700362 0.219937 -0.090320
v -0.704600 0.219934 -0.090320
v -0.708863 0.219912 -0.090320
v -0.713142 0.219853 -0.090320
v -0.717429 0.219738 -0.090320
v -0.721716 0.219548 -0.090320
v -0.725995 0.219265 -0.090320
v -0.730258 0.218870 -0.090320
v -0.734497 0.218344 -0.090320
v -0.738704 0.217669 -0.090320
v -0.742871 0.216826 -0.090320
v -0.746990 0.215796 -0.090320
v -0.751053 0.214561 -0.090320
v -0.754943 0.213059 -0.090320
v -0.758556 0.211254 -0.090320
v -0.761902 0.209160 -0.090320
v -0.764992 0.206795 -0.090320
v -0.767836 0.204173 -0.090320
v -0.770446 0.201312 -0.090320
v -0.772832 0.198226 -0.090320
v -0.775005 0.194933 -0.090320
v -0.776974 0.191447 -0.090320
v -0.778752 0.187786 -0.090320
v -0.780349 0.183964 -0.090320
v -0.781775 0.179998 -0.090320
v -0.785581 0.167426 -0.090320
v -0.788609 0.154688 -0.090320
v -0.790943 0.141812 -0.090320
v -0.792670 0.128824 -0.090320
v -0.793873 0.115750 -0.090320
v -0.794640 0.102617 -0.090320
v -0.795054 0.089453 -0.090320
v -0.795201 0.076283 -0.090320
v -0.795168 0.063135 -0.090320
v -0.795038 0.050035 -0.090320
v -0.794897 0.037009 -0.090320
v -0.794832 0.024084 -0.090320
v -0.794838 0.015851 -0.090320
v -0.794881 0.006988 -0.090320
v -0.795000 -0.002365 -0.090320
v -0.795230 -0.012071 -0.090320
v -0.795609 -0.021990 -0.090320
v -0.796176 -0.031983 -0.090320
v -0.796966 -0.041913 -0.090320
v -0.798018 -0.051640 -0.090320
v -0.799368 -0.061025 -0.090320
v -0.801054 -0.069930 -0.090320
v -0.803114 -0.078217 -0.090320
v -0.805584 -0.085747 -0.090320
v -0.811109 -0.096330 -0.090320
v -0.817525 -0.102957 -0.090320
v -0.824570 -0.106532 -0.090320
v -0.831982 -0.107963 -0.090320
v -0.839502 -0.108157 -0.090320
v -0.846867 -0.108020 -0.090320
v -0.853816 -0.108459 -0.090320
v -0.860087 -0.110381 -0.090320
v -0.865420 -0.114692 -0.090320
v -0.869553 -0.122300 -0.090320
v -0.872224 -0.134111 -0.090320
v -0.873173 -0.151031 -0.090320
v -0.873146 -0.156143 -0.090320
v -0.873020 -0.161783 -0.090320
v -0.872729 -0.167808 -0.090320
v -0.872205 -0.174072 -0.090320
v -0.871384 -0.180433 -0.090320
v -0.870196 -0.186745 -0.090320
v -0.868577 -0.192865 -0.090320
v -0.866459 -0.198650 -0.090320
v -0.863776 -0.203954 -0.090320
v -0.860461 -0.208634 -0.090320
v -0.856447 -0.212547 -0.090320
v -0.851667 -0.215547 -0.090320
v -0.849247 -0.216575 -0.090320
v -0.846959 -0.217375 -0.090320
v -0.844779 -0.217971 -0.090320
v -0.842678 -0.218392 -0.090320
v -0.840631 -0.218663 -0.090320
v -0.838610 -0.218811 -0.090320
v -0.836590 -0.218864 -0.090320
v -0.834543 -0.218847 -0.090320
v -0.832442 -0.218787 -0.090320
v -0.830261 -0.218712 -0.090320
v -0.827974 -0.218647 -0.090320
v -0.825554 -0.218619 -0.090320
v -0.813619 -0.219589 -0.090320
v -0.804770 -0.222346 -0.090320
v -0.798540 -0.226660 -0.090320
v -0.794462 -0.232302 -0.090320
v -0.792069 -0.239043 -0.090320
v -0.790895 -0.246653 -0.090320
v -0.790474 -0.254903 -0.090320
v -0.790337 -0.263564 -0.090320
v -0.790019 -0.272407 -0.090320
v -0.789053 -0.281201 -0.090320
v -0.786973 -0.289718 -0.090320
v -0.783311 -0.297728 -0.090320
v -0.778390 -0.304313 -0.090320
v -0.772551 -0.309569 -0.090320
v -0.765934 -0.313641 -0.090320
v -0.758676 -0.316673 -0.090320
v -0.750918 -0.318809 -0.090320
v -0.742796 -0.320194 -0.090320
v -0.734451 -0.320970 -0.090320
v -0.726020 -0.321282 -0.090320
v -0.717643 -0.321274 -0.090320
v -0.709457 -0.321090 -0.090320
v -0.701603 -0.320874 -0.090320
v -0.694217 -0.320770 -0.090320
v -0.677200 -0.319724 -0.090320
v -0.664839 -0.316755 -0.090320
v -0.656415 -0.312117 -0.090320
v -0.651206 -0.306063 -0.090320
v -0.648494 -0.298846 -0.090320
v -0.647558 -0.290720 -0.090320
v -0.647678 -0.281937 -0.090320
v -0.648134 -0.272752 -0.090320
v -0.648206 -0.263418 -0.090320
v -0.647174 -0.254188 -0.090320
v -0.644318 -0.245315 -0.090320
v -0.638918 -0.237052 -0.090320
v -0.646607 -0.005943 -0.090320
v -0.646602 -0.002748 -0.090320
v -0.646538 0.000587 -0.090320
v -0.646371 0.004001 -0.090320
v -0.646054 0.007437 -0.090320
v -0.645542 0.010836 -0.090320
v -0.644790 0.014138 -0.090320
v -0.643753 0.017286 -0.090320
v -0.642386 0.020220 -0.090320
v -0.640642 0.022883 -0.090320
v -0.638477 0.025214 -0.090320
v -0.635845 0.027157 -0.090320
v -0.630190 0.021276 -0.090320
v -0.622732 0.013140 -0.090320
v -0.613908 0.003179 -0.090320
v -0.604156 -0.008174 -0.090320
v -0.593914 -0.020486 -0.090320
v -0.583618 -0.033327 -0.090320
v -0.573706 -0.046264 -0.090320
v -0.564616 -0.058865 -0.090320
v -0.556784 -0.070698 -0.090320
v -0.550649 -0.081330 -0.090320
v -0.546647 -0.090331 -0.090320
v -0.545216 -0.097267 -0.090320
v -0.545825 -0.099944 -0.090320
v -0.547531 -0.102235 -0.090320
v -0.550148 -0.104168 -0.090320
v -0.553494 -0.105773 -0.090320
v -0.557383 -0.107079 -0.090320
v -0.561633 -0.108116 -0.090320
v -0.566058 -0.108913 -0.090320
v -0.570476 -0.109499 -0.090320
v -0.574702 -0.109904 -0.090320
v -0.578551 -0.110157 -0.090320
v -0.581841 -0.110287 -0.090320
v -0.584386 -0.110324 -0.090320
v -0.595139 -0.110324 -0.090320
v -0.605832 -0.109908 -0.090320
v -0.614952 -0.108656 -0.090320
v -0.622621 -0.106568 -0.090320
v -0.628961 -0.103639 -0.090320
v -0.634097 -0.099868 -0.090320
v -0.638150 -0.095251 -0.090320
v -0.641242 -0.089786 -0.090320
v -0.643497 -0.083471 -0.090320
v -0.645038 -0.076302 -0.090320
v -0.645986 -0.068277 -0.090320
v -0.646466 -0.059393 -0.090320
v -0.646598 -0.049648 -0.090320
v -0.646598 -0.008942 -0.090320
v 0.556084 -0.284271 -0.090320
v 0.557140 -0.286140 -0.090320
v 0.558260 -0.287972 -0.090320
v 0.559444 -0.289763 -0.090320
v 0.560692 -0.291512 -0.090320
v 0.562004 -0.293216 -0.090320
v 0.563380 -0.294872 -0.090320
v 0.564820 -0.296477 -0.090320
v 0.566324 -0.298028 -0.090320
v 0.567892 -0.299524 -0.090320
v 0.569524 -0.300961 -0.090320
v 0.571220 -0.302336 -0.090320
v 0.576528 -0.305911 -0.090320
v 0.582066 -0.308979 -0.090320
v 0.587806 -0.311577 -0.090320
v 0.593721 -0.313743 -0.090320
v 0.599787 -0.315515 -0.090320
v 0.605975 -0.316929 -0.090320
v 0.612259 -0.318024 -0.090320
v 0.618612 -0.318835 -0.090320
v 0.625008 -0.319402 -0.090320
v 0.631420 -0.319760 -0.090320
v 0.637821 -0.319947 -0.090320
v 0.644185 -0.320002 -0.090320
v 0.656905 -0.318513 -0.090320
v 0.667540 -0.314298 -0.090320
v 0.676275 -0.307737 -0.090320
v 0.683299 -0.299207 -0.090320
v 0.688797 -0.289089 -0.090320
v 0.692956 -0.277759 -0.090320
v 0.695964 -0.265597 -0.090320
v 0.698005 -0.252982 -0.090320
v 0.699269 -0.240292 -0.090320
v 0.699940 -0.227907 -0.090320
v 0.700206 -0.216204 -0.090320
v 0.700253 -0.205562 -0.090320
v 0.700252 -0.203435 -0.090320
v 0.700249 -0.201281 -0.090320
v 0.700241 -0.199106 -0.090320
v 0.700224 -0.196915 -0.090320
v 0.700197 -0.194713 -0.090320
v 0.700157 -0.192505 -0.090320
v 0.700100 -0.190298 -0.090320
v 0.700025 -0.188096 -0.090320
v 0.699929 -0.185905 -0.090320
v 0.699808 -0.183730 -0.090320
v 0.699661 -0.181576 -0.090320
v 0.699485 -0.179449 -0.090320
v 0.699147 -0.172329 -0.090320
v 0.698894 -0.165183 -0.090320
v 0.698716 -0.158015 -0.090320
v 0.698603 -0.150832 -0.090320
v 0.698542 -0.143637 -0.090320
v 0.698524 -0.136438 -0.090320
v 0.698539 -0.129238 -0.090320
v 0.698574 -0.122044 -0.090320
v 0.698621 -0.114860 -0.090320
v 0.698667 -0.107693 -0.090320
v 0.698702 -0.100547 -0.090320
v 0.698717 -0.093427 -0.090320
v 0.698687 -0.089779 -0.090320
v 0.698603 -0.086131 -0.090320
v 0.698477 -0.082482 -0.090320
v 0.698318 -0.078834 -0.090320
v 0.698139 -0.075186 -0.090320
v 0.697949 -0.071538 -0.090320
v 0.697758 -0.067889 -0.090320
v 0.697579 -0.064241 -0.090320
v 0.697421 -0.060593 -0.090320
v 0.697294 -0.056945 -0.090320
v 0.697211 -0.053297 -0.090320
v 0.697181 -0.049648 -0.090320
v 0.697241 -0.044073 -0.090320
v 0.697476 -0.037178 -0.090320
v 0.697961 -0.029307 -0.090320
v 0.698774 -0.020804 -0.090320
v 0.699992 -0.012013 -0.090320
v 0.701693 -0.003277 -0.090320
v 0.703954 0.005058 -0.090320
v 0.706852 0.012649 -0.090320
v 0.710465 0.019152 -0.090320
v 0.714871 0.024223 -0.090320
v 0.720145 0.027518 -0.090320
v 0.726366 0.028693 -0.090320
v 0.735034 0.027741 -0.090320
v 0.744056 0.025109 -0.090320
v 0.753308 0.021132 -0.090320
v 0.762664 0.016148 -0.090320
v 0.771998 0.010492 -0.090320
v 0.781186 0.004499 -0.090320
v 0.790102 -0.001493 -0.090320
v 0.798620 -0.007150 -0.090320
v 0.806615 -0.012134 -0.090320
v 0.813963 -0.016110 -0.090320
v 0.820537 -0.018742 -0.090320
v 0.826213 -0.019694 -0.090320
v 0.830831 -0.019202 -0.090320
v 0.834740 -0.017806 -0.090320
v 0.837997 -0.015626 -0.090320
v 0.840663 -0.012782 -0.090320
v 0.842796 -0.009394 -0.090320
v 0.844454 -0.005581 -0.090320
v 0.845696 -0.001465 -0.090320
v 0.846580 0.002835 -0.090320
v 0.847166 0.007199 -0.090320
v 0.847512 0.011508 -0.090320
v 0.847676 0.015640 -0.090320
v 0.847718 0.019476 -0.090320
v 0.847765 0.028380 -0.090320
v 0.847836 0.037394 -0.090320
v 0.847826 0.046466 -0.090320
v 0.847633 0.055546 -0.090320
v 0.847151 0.064583 -0.090320
v 0.846278 0.073528 -0.090320
v 0.844909 0.082328 -0.090320
v 0.842939 0.090933 -0.090320
v 0.840266 0.099293 -0.090320
v 0.836784 0.107357 -0.090320
v 0.832390 0.115075 -0.090320
v 0.826981 0.122395 -0.090320
v 0.817022 0.133364 -0.090320
v 0.805362 0.144611 -0.090320
v 0.792251 0.155901 -0.090320
v 0.777939 0.166998 -0.090320
v 0.762679 0.177669 -0.090320
v 0.746720 0.187679 -0.090320
v 0.730312 0.196792 -0.090320
v 0.713708 0.204775 -0.090320
v 0.697156 0.211392 -0.090320
v 0.680909 0.216410 -0.090320
v 0.665217 0.219592 -0.090320
v 0.650330 0.220705 -0.090320
v 0.643489 0.220647 -0.090320
v 0.636117 0.220431 -0.090320
v 0.628356 0.219997 -0.090320
v 0.620347 0.219283 -0.090320
v 0.612232 0.218227 -0.090320
v 0.604151 0.216769 -0.090320
v 0.596246 0.214846 -0.090320
v 0.588658 0.212399 -0.090320
v 0.581529 0.209364 -0.090320
v 0.575000 0.205682 -0.090320
v 0.569213 0.201290 -0.090320
v 0.564308 0.196127 -0.090320
v 0.555974 0.181928 -0.090320
v 0.549288 0.162984 -0.090320
v 0.544075 0.140216 -0.090320
v 0.540157 0.114544 -0.090320
v 0.537360 0.086887 -0.090320
v 0.535506 0.058167 -0.090320
v 0.534421 0.029302 -0.090320
v 0.533927 0.001214 -0.090320
v 0.533850 -0.025179 -0.090320
v 0.534013 -0.048955 -0.090320
v 0.534239 -0.069195 -0.090320
v 0.534354 -0.084979 -0.090320
v 0.534395 -0.097942 -0.090320
v 0.534557 -0.113094 -0.090320
v 0.534894 -0.129969 -0.090320
v 0.535463 -0.148101 -0.090320
v 0.536321 -0.167022 -0.090320
v 0.537522 -0.186265 -0.090320
v 0.539124 -0.205364 -0.090320
v 0.541181 -0.223853 -0.090320
v 0.543751 -0.241265 -0.090320
v 0.546888 -0.257132 -0.090320
v 0.550650 -0.270988 -0.090320
v 0.555091 -0.282367 -0.090320
v -0.637998 -0.236124 0.109680
v -0.636806 -0.235260 0.109680
v -0.635389 -0.234460 0.109680
v -0.633797 -0.233724 0.109680
v -0.632077 -0.233052 0.109680
v -0.630277 -0.232444 0.109680
v -0.628445 -0.231900 0.109680
v -0.626629 -0.231420 0.109680
v -0.624877 -0.231004 0.109680
v -0.623237 -0.230652 0.109680
v -0.621757 -0.230364 0.109680
v -0.620484 -0.230140 0.109680
v -0.617605 -0.229595 0.109680
v -0.614724 -0.229109 0.109680
v -0.611844 -0.228676 0.109680
v -0.608964 -0.228291 0.109680
v -0.606084 -0.227949 0.109680
v -0.603204 -0.227644 0.109680
v -0.600323 -0.227371 0.109680
v -0.597443 -0.227125 0.109680
v -0.594563 -0.226900 0.109680
v -0.591683 -0.226691 0.109680
v -0.588802 -0.226492 0.109680
v -0.585922 -0.226300 0.109680
v -0.578419 -0.225900 0.109680
v -0.570888 -0.225475 0.109680
v -0.563337 -0.225028 0.109680
v -0.555769 -0.224564 0.109680
v -0.548191 -0.224091 0.109680
v -0.540607 -0.223611 0.109680
v -0.533024 -0.223132 0.109680
v -0.525446 -0.222658 0.109680
v -0.517878 -0.222195 0.109680
v -0.510326 -0.221748 0.109680
v -0.502796 -0.221322 0.109680
v -0.495292 -0.220923 0.109680
v -0.490119 -0.220728 0.109680
v -0.484629 -0.220514 0.109680
v -0.478887 -0.220263 0.109680
v -0.472962 -0.219956 0.109680
v -0.466920 -0.219574 0.109680
v -0.460826 -0.219099 0.109680
v -0.454749 -0.218512 0.109680
v -0.448754 -0.217794 0.109680
v -0.442909 -0.216927 0.109680
v -0.437280 -0.215892 0.109680
v -0.431933 -0.214670 0.109680
v -0.426936 -0.213243 0.109680
v -0.424106 -0.212232 0.109680
v -0.421382 -0.211113 0.109680
v -0.418776 -0.209871 0.109680
v -0.416297 -0.208492 0.109680
v -0.413957 -0.206965 0.109680
v -0.411767 -0.205274 0.109680
v -0.409737 -0.203408 0.109680
v -0.407877 -0.201352 0.109680
v -0.406199 -0.199094 0.109680
v -0.404712 -0.196619 0.109680
v -0.403429 -0.193916 0.109680
v -0.402359 -0.190969 0.109680
v -0.401622 -0.188266 0.109680
v -0.400950 -0.185533 0.109680
v -0.400342 -0.182773 0.109680
v -0.399798 -0.179989 0.109680
v -0.399318 -0.177184 0.109680
v -0.398902 -0.174360 0.109680
v -0.398550 -0.171521 0.109680
v -0.398262 -0.168667 0.109680
v -0.398038 -0.165804 0.109680
v -0.397878 -0.162932 0.109680
v -0.397782 -0.160055 0.109680
v -0.397750 -0.157175 0.109680
v -0.398094 -0.148008 0.109680
v -0.399094 -0.138945 0.109680
v -0.400702 -0.129993 0.109680
v -0.402871 -0.121162 0.109680
v -0.405551 -0.112459 0.109680
v -0.408695 -0.103892 0.109680
v -0.412255 -0.095469 0.109680
v -0.416183 -0.087197 0.109680
v -0.420432 -0.079086 0.109680
v -0.424952 -0.071143 0.109680
v -0.429696 -0.063376 0.109680
v -0.434617 -0.055793 0.109680
v -0.439893 -0.048189 0.109680
v -0.445337 -0.040727 0.109680
v -0.450926 -0.033387 0.109680
v -0.456634 -0.026152 0.109680
v -0.462438 -0.019001 0.109680
v -0.468315 -0.011918 0.109680
v -0.474239 -0.004882 0.109680
v -0.480188 0.002124 0.109680
v -0.486136 0.009119 0.109680
v -0.492060 0.016123 0.109680
v -0.497937 0.023153 0.109680
v -0.503741 0.030229 0.109680
v -0.508334 0.035989 0.109680
v -0.512897 0.041750 0.109680
v -0.517434 0.047510 0.109680
v -0.521947 0.053270 0.109680
v -0.526438 0.059031 0.109680
v -0.530911 0.064791 0.109680
v -0.535367 0.070551 0.109680
v -0.539811 0.076312 0.109680
v -0.544244 0.082072 0.109680
v -0.548668 0.087833 0.109680
v -0.553088 0.093593 0.109680
v -0.557504 0.099353 0.109680
v -0.564437 0.108347 0.109680
v -0.571429 0.117602 0.109680
v -0.578506 0.127027 0.109680
v -0.585695 0.136533 0.109680
v -0.593022 0.146027 0.109680
v -0.600515 0.155421 0.109680
v -0.608200 0.164622 0.109680
v -0.616104 0.173541 0.109680
v -0.624253 0.182087 0.109680
v -0.632674 0.190168 0.109680
v -0.641393 0.197695 0.109680
v -0.650438 0.204576 0.109680
v -0.654134 0.207137 0.109680
v -0.657923 0.209447 0.109680
v -0.661803 0.211512 0.109680
v -0.665771 0.213337 0.109680
v -0.669824 0.214928 0.109680
v -0.673960 0.216289 0.109680
v -0.678176 0.217426 0.109680
v -0.682469 0.218344 0.109680
v -0.686837 0.219049 0.109680
v -0.691277 0.219546 0.109680
v -0.695786 0.219840 0.109680
v -0.700362 0.219937 0.109680
v -0.704600 0.219934 0.109680
v -0.708863 0.219912 0.109680
v -0.713142 0.219853 0.109680
v -0.717429 0.219738 0.109680
v -0.721716 0.219548 0.109680
v -0.725995 0.219265 0.109680
v -0.730258 0.218870 0.109680
v -0.734497 0.218344 0.109680
v -0.738704 0.217669 0.109680
v -0.742871 0.216826 0.109680
v -0.746990 0.215796 0.109680
v -0.751053 0.214561 0.109680
v -0.754943 0.213059 0.109680
v -0.758556 0.211254 0.109680
v -0.761902 0.209160 0.109680
v -0.764992 0.206795 0.109680
v -0.767836 0.204173 0.109680
v -0.770446 0.201312 0.109680
v -0.772832 0.198226 0.109680
v -0.775005 0.194933 0.109680
v -0.776974 0.191447 0.109680
v -0.778752 0.187786 0.109680
v -0.780349 0.183964 0.109680
v -0.781775 0.179998 0.109680
v -0.785581 0.167426 0.109680
v -0.788609 0.154688 0.109680
v -0.790943 0.141812 0.109680
v -0.792670 0.128824 0.109680
v -0.793873 0.115750 0.109680
v -0.794640 0.102617 0.109680
v -0.795054 0.089453 0.109680
v -0.795201 0.076283 0.109680
v -0.795168 0.063135 0.109680
v -0.795038 0.050035 0.109680
v -0.794897 0.037009 0.109680
v -0.794832 0.024084 0.109680
v -0.794838 0.015851 0.109680
v -0.794881 0.006988 0.109680
v -0.795000 -0.002365 0.109680
v -0.795230 -0.012071 0.109680
v -0.795609 -0.021990 0.109680
v -0.796176 -0.031983 0.109680
v -0.796966 -0.041913 0.109680
v -0.798018 -0.051640 0.109680
v -0.799368 -0.061025 0.109680
v -0.801054 -0.069930 0.109680
v -0.803114 -0.078217 0.109680
v -0.805584 -0.085747 0.109680
v -0.811109 -0.096330 0.109680
v -0.817525 -0.102957 0.109680
v -0.824570 -0.106532 0.109680
v -0.831982 -0.107963 0.109680
v -0.839502 -0.108157 0.109680
v -0.846867 -0.108020 0.109680
v -0.853816 -0.108459 0.109680
v -0.860087 -0.110381 0.109680
v -0.865420 -0.114692 0.109680
v -0.869553 -0.122300 0.109680
v -0.872224 -0.134111 0.109680
v -0.873173 -0.151031 0.109680
v -0.873146 -0.156143 0.109680
v -0.873020 -0.161783 0.109680
v -0.872729 -0.167808 0.109680
v -0.872205 -0.174072 0.109680
v -0.871384 -0.180433 0.109680
v -0.870196 -0.186745 0.109680
v -0.868577 -0.192865 0.109680
v -0.866459 -0.198650 0.109680
v -0.863776 -0.203954 0.109680
v -0.860461 -0.208634 0.109680
v -0.856447 -0.212547 0.109680
v -0.851667 -0.215547 0.109680
v -0.849247 -0.216575 0.109680
v -0.846959 -0.217375 0.109680
v -0.844779 -0.217971 0.109680
v -0.842678 -0.218392 0.109680
v -0.840631 -0.218663 0.109680
v -0.838610 -0.218811 0.109680
v -0.836590 -0.218864 0.109680
v -0.834543 -0.218847 0.109680
v -0.832442 -0.218787 0.109680
v -0.830261 -0.218712 0.109680
v -0.827974 -0.218647 0.109680
v -0.825554 -0.218619 0.109680
v -0.813619 -0.219589 0.109680
v -0.804770 -0.222346 0.109680
v -0.798540 -0.226660 0.109680
v -0.794462 -0.232302 0.109680
v -0.792069 -0.239043 0.109680
v -0.790895 -0.246653 0.109680
v -0.790474 -0.254903 0.109680
v -0.790337 -0.263564 0.109680
v -0.790019 -0.272407 0.109680
v -0.789053 -0.281201 0.109680
v -0.786973 -0.289718 0.109680
v -0.783311 -0.297728 0.109680
v -0.778390 -0.304313 0.109680
v -0.772551 -0.309569 0.109680
v -0.765934 -0.313641 0.109680
v -0.758676 -0.316673 0.109680
v -0.750918 -0.318809 0.109680
v -0.742796 -0.320194 0.109680
v -0.734451 -0.320970 0.109680
v -0.726020 -0.321282 0.109680
v -0.717643 -0.321274 0.109680
v -0.709457 -0.321090 0.109680
v -0.701603 -0.320874 0.109680
v -0.694217 -0.320770 0.109680
v -0.677200 -0.319724 0.109680
v -0.664839 -0.316755 0.109680
v -0.656415 -0.312117 0.109680
v -0.651206 -0.306063 0.109680
v -0.648494 -0.298846 0.109680
v -0.647558 -0.290720 0.109680
v -0.647678 -0.281937 0.109680
v -0.648134 -0.272752 0.109680
v -0.648206 -0.263418 0.109680
v -0.647174 -0.254188 0.109680
v -0.644318 -0.245315 0.109680
v -0.638918 -0.237052 0.109680
v -0.646607 -0.005943 0.109680
v -0.646602 -0.002748 0.109680
v -0.646538 0.000587 0.109680
v -0.646371 0.004001 0.109680
v -0.646054 0.007437 0.109680
v -0.645542 0.010836 0.109680
v -0.644790 0.014138 0.109680
v -0.643753 0.017286 0.109680
v -0.642386 0.020220 0.109680
v -0.640642 0.022883 0.109680
v -0.638477 0.025214 0.109680
v -0.635845 0.027157 0.109680
v -0.630190 0.021276 0.109680
v -0.622732 0.013140 0.109680
v -0.613908 0.003179 0.109680
v -0.604156 -0.008174 0.109680
v -0.593914 -0.020486 0.109680
v -0.583618 -0.033327 0.109680
v -0.573706 -0.046264 0.109680
v -0.564616 -0.058865 0.109680
v -0.556784 -0.070698 0.109680
v -0.550649 -0.081330 0.109680
v -0.546647 -0.090331 0.109680
v -0.545216 -0.097267 0.109680
v -0.545825 -0.099944 0.109680
v -0.547531 -0.102235 0.109680
v -0.550148 -0.104168 0.109680
v -0.553494 -0.105773 0.109680
v -0.557383 -0.107079 0.109680
v -0.561633 -0.108116 0.109680
v -0.566058 -0.108913 0.109680
v -0.570476 -0.109499 0.109680
v -0.574702 -0.109904 0.109680
v -0.578551 -0.110157 0.109680
v -0.581841 -0.110287 0.109680
v -0.584386 -0.110324 0.109680
v -0.595139 -0.110324 0.109680
v -0.605832 -0.109908 0.109680
v -0.614952 -0.108656 0.109680
v -0.622621 -0.106568 0.109680
v -0.628961 -0.103639 0.109680
v -0.634097 -0.099868 0.109680
v -0.638150 -0.095251 0.109680
v -0.641242 -0.089786 0.109680
v -0.643497 -0.083471 0.109680
v -0.645038 -0.076302 0.109680
v -0.645986 -0.068277 0.109680
v -0.646466 -0.059393 0.109680
v -0.646598 -0.049648 0.109680
v -0.646598 -0.008942 0.109680
v 0.556084 -0.284271 0.109680
v 0.557140 -0.286140 0.109680
v 0.558260 -0.287972 0.109680
v 0.559444 -0.289763 0.109680
v 0.560692 -0.291512 0.109680
v 0.562004 -0.293216 0.109680
v 0.563380 -0.294872 0.109680
v 0.564820 -0.296477 0.109680
v 0.566324 -0.298028 0.109680
v 0.567892 -0.299524 0.109680
v 0.569524 -0.300961 0.109680
v 0.571220 -0.302336 0.109680
v 0.576528 -0.305911 0.109680
v 0.582066 -0.308979 0.109680
v 0.587806 -0.311577 0.109680
v 0.593721 -0.313743 0.109680
v 0.599787 -0.315515 0.109680
v 0.605975 -0.316929 0.109680
v 0.612259 -0.318024 0.109680
v 0.618612 -0.318835 0.109680
v 0.625008 -0.319402 0.109680
v 0.631420 -0.319760 0.109680
v 0.637821 -0.319947 0.109680
v 0.644185 -0.320002 0.109680
v 0.656905 -0.318513 0.109680
v 0.667540 -0.314298 0.109680
v 0.676275 -0.307737 0.109680
v 0.683299 -0.299207 0.109680
v 0.688797 -0.289089 0.109680
v 0.692956 -0.277759 0.109680
v 0.695964 -0.265597 0.109680
v 0.698005 -0.252982 0.109680
v 0.699269 -0.240292 0.109680
v 0.699940 -0.227907 0.109680
v 0.700206 -0.216204 0.109680
v 0.700253 -0.205562 0.109680
v 0.700252 -0.203435 0.109680
v 0.700249 -0.201281 0.109680
v 0.700241 -0.199106 0.109680
v 0.700224 -0.196915 0.109680
v 0.700197 -0.194713 0.109680
v 0.700157 -0.192505 0.109680
v 0.700100 -0.190298 0.109680
v 0.700025 -0.188096 0.109680
v 0.699929 -0.185905 0.109680
v 0.699808 -0.183730 0.109680
v 0.699661 -0.181576 0.109680
v 0.699485 -0.179449 0.109680
v 0.699147 -0.172329 0.109680
v 0.698894 -0.165183 0.109680
v 0.698716 -0.158015 0.109680
v 0.698603 -0.150832 0.109680
v 0.698542 -0.143637 0.109680
v 0.698524 -0.136438 0.109680
v 0.698539 -0.129238 0.109680
v 0.698574 -0.122044 0.109680
v 0.698621 -0.114860 0.109680
v 0.698667 -0.107693 0.109680
v 0.698702 -0.100547 0.109680
v 0.698717 -0.093427 0.109680
v 0.698687 -0.089779 0.109680
v 0.698603 -0.086131 0.109680
v 0.698477 -0.082482 0.109680
v 0.698318 -0.078834 0.109680
v 0.698139 -0.075186 0.109680
v 0.697949 -0.071538 0.109680
v 0.697758 -0.067889 0.109680
v 0.697579 -0.064241 0.109680
v 0.697421 -0.060593 0.109680
v 0.697294 -0.056945 0.109680
v 0.697211 -0.053297 0.109680
v 0.697181 -0.049648 0.109680
v 0.697241 -0.044073 0.109680
v 0.697476 -0.037178 0.109680
v 0.697961 -0.029307 0.109680
v 0.698774 -0.020804 0.109680
v 0.699992 -0.012013 0.109680
v 0.701693 -0.003277 0.109680
v 0.703954 0.005058 0.109680
v 0.706852 0.012649 0.109680
v 0.710465 0.019152 0.109680
v 0.714871 0.024223 0.109680
v 0.720145 0.027518 0.109680
v 0.726366 0.028693 0.109680
v 0.735034 0.027741 0.109680
v 0.744056 0.025109 0.109680
v 0.753308 0.021132 0.109680
v 0.762664 0.016148 0.109680
v 0.771998 0.010492 0.109680
v 0.781186 0.004499 0.109680
v 0.790102 -0.001493 0.109680
v 0.798620 -0.007150 0.109680
v 0.806615 -0.012134 0.109680
v 0.813963 -0.016110 0.109680
v 0.820537 -0.018742 0.109680
v 0.826213 -0.019694 0.109680
v 0.830831 -0.019202 0.109680
v 0.834740 -0.017806 0.109680
v 0.837997 -0.015626 0.109680
v 0.840663 -0.012782 0.109680
v 0.842796 -0.009394 0.109680
v 0.844454 -0.005581 0.109680
v 0.845696 -0.001465 0.109680
v 0.846580 0.002835 0.109680
v 0.847166 0.007199 0.109680
v 0.847512 0.011508 0.109680
v 0.847676 0.015640 0.109680
v 0.847718 0.019476 0.109680
v 0.847765 0.028380 0.109680
v 0.847836 0.037394 0.109680
v 0.847826 0.046466 0.109680
v 0.847633 0.055546 0.109680
v 0.847151 0.064583 0.109680
v 0.846278 0.073528 0.109680
v 0.844909 0.082328 0.109680
v 0.842939 0.090933 0.109680
v 0.840266 0.099293 0.109680
v 0.836784 0.107357 0.109680
v 0.832390 0.115075 0.109680
v 0.826981 0.122395 0.109680
v 0.817022 0.133364 0.109680
v 0.805362 0.144611 0.109680
v 0.792251 0.155901 0.109680
v 0.777939 0.166998 0.109680
v 0.762679 0.177669 0.109680
v 0.746720 0.187679 0.109680
v 0.730312 0.196792 0.109680
v 0.713708 0.204775 0.109680
v 0.697156 0.211392 0.109680
v 0.680909 0.216410 0.109680
v 0.665217 0.219592 0.109680
v 0.650330 0.220705 0.109680
v 0.643489 0.220647 0.109680
v 0.636117 0.220431 0.109680
v 0.628356 0.219997 0.109680
v 0.620347 0.219283 0.109680
v 0.612232 0.218227 0.109680
v 0.604151 0.216769 0.109680
v 0.596246 0.214846 0.109680
v 0.588658 0.212399 0.109680
v 0.581529 0.209364 0.109680
v 0.575000 0.205682 0.109680
v 0.569213 0.201290 0.109680
v 0.564308 0.196127 0.109680
v 0.555974 0.181928 0.109680
v 0.549288 0.162984 0.109680
v 0.544075 0.140216 0.109680
v 0.540157 0.114544 0.109680
v 0.537360 0.086887 0.109680
v 0.535506 0.058167 0.109680
v 0.534421 0.029302 0.109680
v 0.533927 0.001214 0.109680
v 0.533850 -0.025179 0.109680
v 0.534013 -0.048955 0.109680
v 0.534239 -0.069195 0.109680
v 0.534354 -0.084979 0.109680
v 0.534395 -0.097942 0.109680
v 0.534557 -0.113094 0.109680
v 0.534894 -0.129969 0.109680
v 0.535463 -0.148101 0.109680
v 0.536321 -0.167022 0.109680
v 0.537522 -0.186265 0.109680
v 0.539124 -0.205364 0.109680
v 0.541181 -0.223853 0.109680
v 0.543751 -0.241265 0.109680
v 0.546888 -0.257132 0.109680
v 0.550650 -0.270988 0.109680
v 0.555091 -0.282367 0.109680
v 0.556084 -0.284271 0.109680
v 0.556084 -0.284271 -0.090320
v 0.557140 -0.286140 0.109680
v 0.557140 -0.286140 -0.090320
v 0.558260 -0.287972 0.109680
v 0.558260 -0.287972 -0.090320
v 0.559444 -0.289763 0.109680
v 0.559444 -0.289763 -0.090320
v 0.560692 -0.291512 0.109680
v 0.560692 -0.291512 -0.090320
v 0.562004 -0.293216 0.109680
v 0.562004 -0.293216 -0.090320
v 0.563380 -0.294872 0.109680
v 0.563380 -0.294872 -0.090320
v 0.564820 -0.296477 0.109680
v 0.564820 -0.296477 -0.090320
v 0.566324 -0.298028 0.109680
v 0.566324 -0.298028 -0.090320
v 0.567892 -0.299524 0.109680
v 0.567892 -0.299524 -0.090320
v 0.569524 -0.300961 0.109680
v 0.569524 -0.300961 -0.090320
v 0.571220 -0.302336 0.109680
v 0.571220 -0.302336 -0.090320
v 0.576528 -0.305911 0.109680
v 0.576528 -0.305911 -0.090320
v 0.582066 -0.308979 0.109680
v 0.582066 -0.308979 -0.090320
v 0.587806 -0.311577 0.109680
v 0.587806 -0.311577 -0.090320
v 0.593721 -0.313743 0.109680
v 0.593721 -0.313743 -0.090320
v 0.599787 -0.315515 0.109680
v 0.599787 -0.315515 -0.090320
v 0.605975 -0.316929 0.109680
v 0.605975 -0.316929 -0.090320
v 0.612259 -0.318024 0.109680
v 0.612259 -0.318024 -0.090320
v 0.618612 -0.318835 0.109680
v 0.618612 -0.318835 -0.090320
v 0.625008 -0.319402 0.109680
v 0.625008 -0.319402 -0.090320
v 0.631420 -0.319760 0.109680
v 0.631420 -0.319760 -0.090320
v 0.637821 -0.319947 0.109680
v 0.637821 -0.319947 -0.090320
v 0.644185 -0.320002 0.109680
v 0.644185 -0.320002 -0.090320
v 0.656905 -0.318513 0.109680
v 0.656905 -0.318513 -0.090320
v 0.667540 -0.314298 0.109680
v 0.667540 -0.314298 -0.090320
v 0.676275 -0.307737 0.109680
v 0.676275 -0.307737 -0.090320
v 0.683299 -0.299207 0.109680
v 0.683299 -0.299207 -0.090320
v 0.688797 -0.289089 0.109680
v 0.688797 -0.289089 -0.090320
v 0.692956 -0.277759 0.109680
v 0.692956 -0.277759 -0.090320
v 0.695964 -0.265597 0.109680
v 0.695964 -0.265597 -0.090320
v 0.698005 -0.252982 0.109680
v 0.698005 -0.252982 -0.090320
v 0.699269 -0.240292 0.109680
v 0.699269 -0.240292 -0.090320
v 0.699940 -0.227907 0.109680
v 0.699940 -0.227907 -0.090320
v 0.700206 -0.216204 0.109680
v 0.700206 -0.216204 -0.090320
v 0.700253 -0.205562 0.109680
v 0.700253 -0.205562 -0.090320
v 0.700252 -0.203435 0.109680
v 0.700252 -0.203435 -0.090320
v 0.700249 -0.201281 0.109680
v 0.700249 -0.201281 -0.090320
v 0.700241 -0.199106 0.109680
v 0.700241 -0.199106 -0.090320
v 0.700224 -0.196915 0.109680
v 0.700224 -0.196915 -0.090320
v 0.700197 -0.194713 0.109680
v 0.700197 -0.194713 -0.090320
v 0.700157 -0.192505 0.109680
v 0.700157 -0.192505 -0.090320
v 0.700100 -0.190298 0.109680
v 0.700100 -0.190298 -0.090320
v 0.700025 -0.188096 0.109680
v 0.700025 -0.188096 -0.090320
v 0.699929 -0.185905 0.109680
v 0.699929 -0.185905 -0.090320
v 0.699808 -0.183730 0.109680
v 0.699808 -0.183730 -0.090320
v 0.699661 -0.181576 0.109680
v 0.699661 -0.181576 -0.090320
v 0.699485 -0.179449 0.109680
v 0.699485 -0.179449 -0.090320
v 0.699147 -0.172329 0.109680
v 0.699147 -0.172329 -0.090320
v 0.698894 -0.165183 0.109680
v 0.698894 -0.165183 -0.090320
v 0.698716 -0.158015 0.109680
v 0.698716 -0.158015 -0.090320
v 0.698603 -0.150832 0.109680
v 0.698603 -0.150832 -0.090320
v 0.698542 -0.143637 0.109680
v 0.698542 -0.143637 -0.090320
v 0.698524 -0.136438 0.109680
v 0.698524 -0.136438 -0.090320
v 0.698539 -0.129238 0.109680
v 0.698539 -0.129238 -0.090320
v 0.698574 -0.122044 0.109680
v 0.698574 -0.122044 -0.090320
v 0.698621 -0.114860 0.109680
v 0.698621 -0.114860 -0.090320
v 0.698667 -0.107693 0.109680
v 0.698667 -0.107693 -0.090320
v 0.698702 -0.100547 0.109680
v 0.698702 -0.100547 -0.090320
v 0.698717 -0.093427 0.109680
v 0.698717 -0.093427 -0.090320
v 0.698687 -0.089779 0.109680
v 0.698687 -0.089779 -0.090320
v 0.698603 -0.086131 0.109680
v 0.698603 -0.086131 -0.090320
v 0.698477 -0.082482 0.109680
v 0.698477 -0.082482 -0.090320
v 0.698318 -0.078834 0.109680
v 0.698318 -0.078834 -0.090320
v 0.698139 -0.075186 0.109680
v 0.698139 -0.075186 -0.090320
v 0.697949 -0.071538 0.109680
v 0.697949 -0.071538 -0.090320
v 0.697758 -0.067889 0.109680
v 0.697758 -0.067889 -0.090320
v 0.697579 -0.064241 0.109680
v 0.697579 -0.064241 -0.090320
v 0.697421 -0.060593 0.109680
v 0.697421 -0.060593 -0.090320
v 0.697294 -0.056945 0.109680
v 0.697294 -0.056945 -0.090320
v 0.697211 -0.053297 0.109680
v 0.697211 -0.053297 -0.090320
v 0.697181 -0.049648 0.109680
v 0.697181 -0.049648 -0.090320
v 0.697241 -0.044073 0.109680
v 0.697241 -0.044073 -0.090320
v 0.697476 -0.037178 0.109680
v 0.697476 -0.037178 -0.090320
v 0.697961 -0.029307 0.109680
v 0.697961 -0.029307 -0.090320
v 0.698774 -0.020804 0.109680
v 0.698774 -0.020804 -0.090320
v 0.699992 -0.012013 0.109680
v 0.699992 -0.012013 -0.090320
v 0.701693 -0.003277 0.109680
v 0.701693 -0.003277 -0.090320
v 0.703954 0.005058 0.109680
v 0.703954 0.005058 -0.090320
v 0.706852 0.012649 0.109680
v 0.706852 0.012649 -0.090320
v 0.710465 0.019152 0.109680
v 0.710465 0.019152 -0.090320
v 0.714871 0.024223 0.109680
v 0.714871 0.024223 -0.090320
v 0.720145 0.027518 0.109680
v 0.720145 0.027518 -0.090320
v 0.726366 0.028693 0.109680
v 0.726366 0.028693 -0.090320
v 0.735034 0.027741 0.109680
v 0.735034 0.027741 -0.090320
v 0.744056 0.025109 0.109680
v 0.744056 0.025109 -0.090320
v 0.753308 0.021132 0.109680
v 0.753308 0.021132 -0.090320
v 0.762664 0.016148 0.109680
v 0.762664 0.016148 -0.090320
v 0.771998 0.010492 0.109680
v 0.771998 0.010492 -0.090320
v 0.781186 0.004499 0.109680
v 0.781186 0.004499 -0.090320
v 0.790102 -0.001493 0.109680
v 0.790102 -0.001493 -0.090320
v 0.798620 -0.007150 0.109680
v 0.798620 -0.007150 -0.090320
v 0.806615 -0.012134 0.109680
v 0.806615 -0.012134 -0.090320
v 0.813963 -0.016110 0.109680
v 0.813963 -0.016110 -0.090320
v 0.820537 -0.018742 0.109680
v 0.820537 -0.018742 -0.090320
v 0.826213 -0.019694 0.109680
v 0.826213 -0.019694 -0.090320
v 0.830831 -0.019202 0.109680
v 0.830831 -0.019202 -0.090320
v 0.834740 -0.017806 0.109680
v 0.834740 -0.017806 -0.090320
v 0.837997 -0.015626 0.109680
v 0.837997 -0.015626 -0.090320
v 0.840663 -0.012782 0.109680
v 0.840663 -0.012782 -0.090320
v 0.842796 -0.009394 0.109680
v 0.842796 -0.009394 -0.090320
v 0.844454 -0.005581 0.109680
v 0.844454 -0.005581 -0.090320
v 0.845696 -0.001465 0.109680
v 0.845696 -0.001465 -0.090320
v 0.846580 0.002835 0.109680
v 0.846580 0.002835 -0.090320
v 0.847166 0.007199 0.109680
v 0.847166 0.007199 -0.090320
v 0.847512 0.011508 0.109680
v 0.847512 0.011508 -0.090320
v 0.847676 0.015640 0.109680
v 0.847676 0.015640 -0.090320
v 0.847718 0.019476 0.109680
v 0.847718 0.019476 -0.090320
v 0.847765 0.028380 0.109680
v 0.847765 0.028380 -0.090320
v 0.847836 0.037394 0.109680
v 0.847836 0.037394 -0.090320
v 0.847826 0.046466 0.109680
v 0.847826 0.046466 -0.090320
v 0.847633 0.055546 0.109680
v 0.847633 0.055546 -0.090320
v 0.847151 0.064583 0.109680
v 0.847151 0.064583 -0.090320
v 0.846278 0.073528 0.109680
v 0.846278 0.073528 -0.090320
v 0.844909 0.082328 0.109680
v 0.844909 0.082328 -0.090320
v 0.842939 0.090933 0.109680
v 0.842939 0.090933 -0.090320
v 0.840266 0.099293 0.109680
v 0.840266 0.099293 -0.090320
v 0.836784 0.107357 0.109680
v 0.836784 0.107357 -0.090320
v 0.832390 0.115075 0.109680
v 0.832390 0.115075 -0.090320
v 0.826981 0.122395 0.109680
v 0.826981 0.122395 -0.090320
v 0.817022 0.133364 0.109680
v 0.817022 0.133364 -0.090320
v 0.805362 0.144611 0.109680
v 0.805362 0.144611 -0.090320
v 0.792251 0.155901 0.109680
v 0.792251 0.155901 -0.090320
v 0.777939 0.166998 0.109680
v 0.777939 0.166998 -0.090320
v 0.762679 0.177669 0.109680
v 0.762679 0.177669 -0.090320
v 0.746720 0.187679 0.109680
v 0.746720 0.187679 -0.090320
v 0.730312 0.196792 0.109680
v 0.730312 0.196792 -0.090320
v 0.713708 0.204775 0.109680
v 0.713708 0.204775 -0.090320
v 0.697156 0.211392 0.109680
v 0.697156 0.211392 -0.090320
v 0.680909 0.216410 0.109680
v 0.680909 0.216410 -0.090320
v 0.665217 0.219592 0.109680
v 0.665217 0.219592 -0.090320
v 0.650330 0.220705 0.109680
v 0.650330 0.220705 -0.090320
v 0.643489 0.220647 0.109680
v 0.643489 0.220647 -0.090320
v 0.636117 0.220431 0.109680
v 0.636117 0.220431 -0.090320
v 0.628356 0.219997 0.109680
v 0.628356 0.219997 -0.090320
v 0.620347 0.219283 0.109680
v 0.620347 0.219283 -0.090320
v 0.612232 0.218227 0.109680
v 0.612232 0.218227 -0.090320
v 0.604151 0.216769 0.109680
v 0.604151 0.216769 -0.090320
v 0.596246 0.214846 0.109680
v 0.596246 0.214846 -0.090320
v 0.588658 0.212399 0.109680
v 0.588658 0.212399 -0.090320
v 0.581529 0.209364 0.109680
v 0.581529 0.209364 -0.090320
v 0.575000 0.205682 0.109680
v 0.575000 0.205682 -0.090320
v 0.569213 0.201290 0.109680
v 0.569213 0.201290 -0.090320
v 0.564308 0.196127 0.109680
v 0.564308 0.196127 -0.090320
v 0.555974 0.181928 0.109680
v 0.555974 0.181928 -0.090320
v 0.549288 0.162984 0.109680
v 0.549288 0.162984 -0.090320
v 0.544075 0.140216 0.109680
v 0.544075 0.140216 -0.090320
v 0.540157 0.114544 0.109680
v 0.540157 0.114544 -0.090320
v 0.537360 0.086887 0.109680
v 0.537360 0.086887 -0.090320
v 0.535506 0.058167 0.109680
v 0.535506 0.058167 -0.090320
v 0.534421 0.029302 0.109680
v 0.534421 0.029302 -0.090320
v 0.533927 0.001214 0.109680
v 0.533927 0.001214 -0.090320
v 0.533850 -0.025179 0.109680
v 0.533850 -0.025179 -0.090320
v 0.534013 -0.048955 0.109680
v 0.534013 -0.048955 -0.090320
v 0.534239 -0.069195 0.109680
v 0.534239 -0.069195 -0.090320
v 0.534354 -0.084979 0.109680
v 0.534354 -0.084979 -0.090320
v 0.534395 -0.097942 0.109680
v 0.534395 -0.097942 -0.090320
v 0.534557 -0.113094 0.109680
v 0.534557 -0.113094 -0.090320
v 0.534894 -0.129969 0.109680
v 0.534894 -0.129969 -0.090320
v 0.535463 -0.148101 0.109680
v 0.535463 -0.148101 -0.090320
v 0.536321 -0.167022 0.109680
v 0.536321 -0.167022 -0.090320
v 0.537522 -0.186265 0.109680
v 0.537522 -0.186265 -0.090320
v 0.539124 -0.205364 0.109680
v 0.539124 -0.205364 -0.090320
v 0.541181 -0.223853 0.109680
v 0.541181 -0.223853 -0.090320
v 0.543751 -0.241265 0.109680
v 0.543751 -0.241265 -0.090320
v 0.546888 -0.257132 0.109680
v 0.546888 -0.257132 -0.090320
v 0.550650 -0.270988 0.109680
v 0.550650 -0.270988 -0.090320
v 0.555091 -0.282367 0.109680
v 0.555091 -0.282367 -0.090320
v -0.637998 -0.236124 0.109680
v -0.637998 -0.236124 -0.090320
v -0.636806 -0.235260 0.109680
v -0.636806 -0.235260 -0.090320
v -0.635389 -0.234460 0.109680
v -0.635389 -0.234460 -0.090320
v -0.633797 -0.233724 0.109680
v -0.633797 -0.233724 -0.090320
v -0.632077 -0.233052 0.109680
v -0.632077 -0.233052 -0.090320
v -0.630277 -0.232444 0.109680
v -0.630277 -0.232444 -0.090320
v -0.628445 -0.231900 0.109680
v -0.628445 -0.231900 -0.090320
v -0.626629 -0.231420 0.109680
v -0.626629 -0.231420 -0.090320
v -0.624877 -0.231004 0.109680
v -0.624877 -0.231004 -0.090320
v -0.623237 -0.230652 0.109680
v -0.623237 -0.230652 -0.090320
v -0.621757 -0.230364 0.109680
v -0.621757 -0.230364 -0.090320
v -0.620484 -0.230140 0.109680
v -0.620484 -0.230140 -0.090320
v -0.617605 -0.229595 0.109680
v -0.617605 -0.229595 -0.090320
v -0.614724 -0.229109 0.109680
v -0.614724 -0.229109 -0.090320
v -0.611844 -0.228676 0.109680
v -0.611844 -0.228676 -0.090320
v -0.608964 -0.228291 0.109680
v -0.608964 -0.228291 -0.090320
v -0.606084 -0.227949 0.109680
v -0.606084 -0.227949 -0.090320
v -0.603204 -0.227644 0.109680
v -0.603204 -0.227644 -0.090320
v -0.600323 -0.227371 0.109680
v -0.600323 -0.227371 -0.090320
v -0.597443 -0.227125 0.109680
v -0.597443 -0.227125 -0.090320
v -0.594563 -0.226900 0.109680
v -0.594563 -0.226900 -0.090320
v -0.591683 -0.226691 0.109680
v -0.591683 -0.226691 -0.090320
v -0.588802 -0.226492 0.109680
v -0.588802 -0.226492 -0.090320
v -0.585922 -0.226300 0.109680
v -0.585922 -0.226300 -0.090320
v -0.578419 -0.225900 0.109680
v -0.578419 -0.225900 -0.090320
v -0.570888 -0.225475 0.109680
v -0.570888 -0.225475 -0.090320
v -0.563337 -0.225028 0.109680
v -0.563337 -0.225028 -0.090320
v -0.555769 -0.224564 0.109680
v -0.555769 -0.224564 -0.090320
v -0.548191 -0.224091 0.109680
v -0.548191 -0.224091 -0.090320
v -0.540607 -0.223611 0.109680
v -0.540607 -0.223611 -0.090320
v -0.533024 -0.223132 0.109680
v -0.533024 -0.223132 -0.090320
v -0.525446 -0.222658 0.109680
v -0.525446 -0.222658 -0.090320
v -0.517878 -0.222195 0.109680
v -0.517878 -0.222195 -0.090320
v -0.510326 -0.221748 0.109680
v -0.510326 -0.221748 -0.090320
v -0.502796 -0.221322 0.109680
v -0.502796 -0.221322 -0.090320
v -0.495292 -0.220923 0.109680
v -0.495292 -0.220923 -0.090320
v -0.490119 -0.220728 0.109680
v -0.490119 -0.220728 -0.090320
v -0.484629 -0.220514 0.109680
v -0.484629 -0.220514 -0.090320
v -0.478887 -0.220263 0.109680
v -0.478887 -0.220263 -0.090320
v -0.472962 -0.219956 0.109680
v -0.472962 -0.219956 -0.090320
v -0.466920 -0.219574 0.109680
v -0.466920 -0.219574 -0.090320
v -0.460826 -0.219099 0.109680
v -0.460826 -0.219099 -0.090320
v -0.454749 -0.218512 0.109680
v -0.454749 -0.218512 -0.090320
v -0.448754 -0.217794 0.109680
v -0.448754 -0.217794 -0.090320
v -0.442909 -0.216927 0.109680
v -0.442909 -0.216927 -0.090320
v -0.437280 -0.215892 0.109680
v -0.437280 -0.215892 -0.090320
v -0.431933 -0.214670 0.109680
v -0.431933 -0.214670 -0.090320
v -0.426936 -0.213243 0.109680
v -0.426936 -0.213243 -0.090320
v -0.424106 -0.212232 0.109680
v -0.424106 -0.212232 -0.090320
v -0.421382 -0.211113 0.109680
v -0.421382 -0.211113 -0.090320
v -0.418776 -0.209871 0.109680
v -0.418776 -0.209871 -0.090320
v -0.416297 -0.208492 0.109680
v -0.416297 -0.208492 -0.090320
v -0.413957 -0.206965 0.109680
v -0.413957 -0.206965 -0.090320
v -0.411767 -0.205274 0.109680
v -0.411767 -0.205274 -0.090320
v -0.409737 -0.203408 0.109680
v -0.409737 -0.203408 -0.090320
v -0.407877 -0.201352 0.109680
v -0.407877 -0.201352 -0.090320
v -0.406199 -0.199094 0.109680
v -0.406199 -0.199094 -0.090320
v -0.404712 -0.196619 0.109680
v -0.404712 -0.196619 -0.090320
v -0.403429 -0.193916 0.109680
v -0.403429 -0.193916 -0.090320
v -0.402359 -0.190969 0.109680
v -0.402359 -0.190969 -0.090320
v -0.401622 -0.188266 0.109680
v -0.401622 -0.188266 -0.090320
v -0.400950 -0.185533 0.109680
v -0.400950 -0.185533 -0.090320
v -0.400342 -0.182773 0.109680
v -0.400342 -0.182773 -0.090320
v -0.399798 -0.179989 0.109680
v -0.399798 -0.179989 -0.090320
v -0.399318 -0.177184 0.109680
v -0.399318 -0.177184 -0.090320
v -0.398902 -0.174360 0.109680
v -0.398902 -0.174360 -0.090320
v -0.398550 -0.171521 0.109680
v -0.398550 -0.171521 -0.090320
v -0.398262 -0.168667 0.109680
v -0.398262 -0.168667 -0.090320
v -0.398038 -0.165804 0.109680
v -0.398038 -0.165804 -0.090320
v -0.397878 -0.162932 0.109680
v -0.397878 -0.162932 -0.090320
v -0.397782 -0.160055 0.109680
v -0.397782 -0.160055 -0.090320
v -0.397750 -0.157175 0.109680
v -0.397750 -0.157175 -0.090320
v -0.398094 -0.148008 0.109680
v -0.398094 -0.148008 -0.090320
v -0.399094 -0.138945 0.109680
v -0.399094 -0.138945 -0.090320
v -0.400702 -0.129993 0.109680
v -0.400702 -0.129993 -0.090320
v -0.402871 -0.121162 0.109680
v -0.402871 -0.121162 -0.090320
v -0.405551 -0.112459 0.109680
v -0.405551 -0.112459 -0.090320
v -0.408695 -0.103892 0.109680
v -0.408695 -0.103892 -0.090320
v -0.412255 -0.095469 0.109680
v -0.412255 -0.095469 -0.090320
v -0.416183 -0.087197 0.109680
v -0.416183 -0.087197 -0.090320
v -0.420432 -0.079086 0.109680
v -0.420432 -0.079086 -0.090320
v -0.424952 -0.071143 0.109680
v -0.424952 -0.071143 -0.090320
v -0.429696 -0.063376 0.109680
v -0.429696 -0.063376 -0.090320
v -0.434617 -0.055793 0.109680
v -0.434617 -0.055793 -0.090320
v -0.439893 -0.048189 0.109680
v -0.439893 -0.048189 -0.090320
v -0.445337 -0.040727 0.109680
v -0.445337 -0.040727 -0.090320
v -0.450926 -0.033387 0.109680
v -0.450926 -0.033387 -0.090320
v -0.456634 -0.026152 0.109680
v -0.456634 -0.026152 -0.090320
v -0.462438 -0.019001 0.109680
v -0.462438 -0.019001 -0.090320
v -0.468315 -0.011918 0.109680
v -0.468315 -0.011918 -0.090320
v -0.474239 -0.004882 0.109680
v -0.474239 -0.004882 -0.090320
v -0.480188 0.002124 0.109680
v -0.480188 0.002124 -0.090320
v -0.486136 0.009119 0.109680
v -0.486136 0.009119 -0.090320
v -0.492060 0.016123 0.109680
v -0.492060 0.016123 -0.090320
v -0.497937 0.023153 0.109680
v -0.497937 0.023153 -0.090320
v -0.503741 0.030229 0.109680
v -0.503741 0.030229 -0.090320
v -0.508334 0.035989 0.109680
v -0.508334 0.035989 -0.090320
v -0.512897 0.041750 0.109680
v -0.512897 0.041750 -0.090320
v -0.517434 0.047510 0.109680
v -0.517434 0.047510 -0.090320
v -0.521947 0.053270 0.109680
v -0.521947 0.053270 -0.090320
v -0.526438 0.059031 0.109680
v -0.526438 0.059031 -0.090320
v -0.530911 0.064791 0.109680
v -0.530911 0.064791 -0.090320
v -0.535367 0.070551 0.109680
v -0.535367 0.070551 -0.090320
v -0.539811 0.076312 0.109680
v -0.539811 0.076312 -0.090320
v -0.544244 0.082072 0.109680
v -0.544244 0.082072 -0.090320
v -0.548668 0.087833 0.109680
v -0.548668 0.087833 -0.090320
v -0.553088 0.093593 0.109680
v -0.553088 0.093593 -0.090320
v -0.557504 0.099353 0.109680
v -0.557504 0.099353 -0.090320
v -0.564437 0.108347 0.109680
v -0.564437 0.108347 -0.090320
v -0.571429 0.117602 0.109680
v -0.571429 0.117602 -0.090320
v -0.578506 0.127027 0.109680
v -0.578506 0.127027 -0.090320
v -0.585695 0.136533 0.109680
v -0.585695 0.136533 -0.090320
v -0.593022 0.146027 0.109680
v -0.593022 0.146027 -0.090320
v -0.600515 0.155421 0.109680
v -0.600515 0.155421 -0.090320
v -0.608200 0.164622 0.109680
v -0.608200 0.164622 -0.090320
v -0.616104 0.173541 0.109680
v -0.616104 0.173541 -0.090320
v -0.624253 0.182087 0.109680
v -0.624253 0.182087 -0.090320
v -0.632674 0.190168 0.109680
v -0.632674 0.190168 -0.090320
v -0.641393 0.197695 0.109680
v -0.641393 0.197695 -0.090320
v -0.650438 0.204576 0.109680
v -0.650438 0.204576 -0.090320
v -0.654134 0.207137 0.109680
v -0.654134 0.207137 -0.090320
v -0.657923 0.209447 0.109680
v -0.657923 0.209447 -0.090320
v -0.661803 0.211512 0.109680
v -0.661803 0.211512 -0.090320
v -0.665771 0.213337 0.109680
v -0.665771 0.213337 -0.090320
v -0.669824 0.214928 0.109680
v -0.669824 0.214928 -0.090320
v -0.673960 0.216289 0.109680
v -0.673960 0.216289 -0.090320
v -0.678176 0.217426 0.109680
v -0.678176 0.217426 -0.090320
v -0.682469 0.218344 0.109680
v -0.682469 0.218344 -0.090320
v -0.686837 0.219049 0.109680
v -0.686837 0.219049 -0.090320
v -0.691277 0.219546 0.109680
v -0.691277 0.219546 -0.090320
v -0.695786 0.219840 0.109680
v -0.695786 0.219840 -0.090320
v -0.700362 0.219937 0.109680
v -0.700362 0.219937 -0.090320
v -0.704600 0.219934 0.109680
v -0.704600 0.219934 -0.090320
v -0.708863 0.219912 0.109680
v -0.708863 0.219912 -0.090320
v -0.713142 0.219853 0.109680
v -0.713142 0.219853 -0.090320
v -0.717429 0.219738 0.109680
v -0.717429 0.219738 -0.090320
v -0.721716 0.219548 0.109680
v -0.721716 0.219548 -0.090320
v -0.725995 0.219265 0.109680
v -0.725995 0.219265 -0.090320
v -0.730258 0.218870 0.109680
v -0.730258 0.218870 -0.090320
v -0.734497 0.218344 0.109680
v -0.734497 0.218344 -0.090320
v -0.738704 0.217669 0.109680
v -0.738704 0.217669 -0.090320
v -0.742871 0.216826 0.109680
v -0.742871 0.216826 -0.090320
v -0.746990 0.215796 0.109680
v -0.746990 0.215796 -0.090320
v -0.751053 0.214561 0.109680
v -0.751053 0.214561 -0.090320
v -0.754943 0.213059 0.109680
v -0.754943 0.213059 -0.090320
v -0.758556 0.211254 0.109680
v -0.758556 0.211254 -0.090320
v -0.761902 0.209160 0.109680
v -0.761902 0.209160 -0.090320
v -0.764992 0.206795 0.109680
v -0.764992 0.206795 -0.090320
v -0.767836 0.204173 0.109680
v -0.767836 0.204173 -0.090320
v -0.770446 0.201312 0.109680
v -0.770446 0.201312 -0.090320
v -0.772832 0.198226 0.109680
v -0.772832 0.198226 -0.090320
v -0.775005 0.194933 0.109680
v -0.775005 0.194933 -0.090320
v -0.776974 0.191447 0.109680
v -0.776974 0.191447 -0.090320
v -0.778752 0.187786 0.109680
v -0.778752 0.187786 -0.090320
v -0.780349 0.183964 0.109680
v -0.780349 0.183964 -0.090320
v -0.781775 0.179998 0.109680
v -0.781775 0.179998 -0.090320
v -0.785581 0.167426 0.109680
v -0.785581 0.167426 -0.090320
v -0.788609 0.154688 0.109680
v -0.788609 0.154688 -0.090320
v -0.790943 0.141812 0.109680
v -0.790943 0.141812 -0.090320
v -0.792670 0.128824 0.109680
v -0.792670 0.128824 -0.090320
v -0.793873 0.115750 0.109680
v -0.793873 0.115750 -0.090320
v -0.794640 0.102617 0.109680
v -0.794640 0.102617 -0.090320
v -0.795054 0.089453 0.109680
v -0.795054 0.089453 -0.090320
v -0.795201 0.076283 0.109680
v -0.795201 0.076283 -0.090320
v -0.795168 0.063135 0.109680
v -0.795168 0.063135 -0.090320
v -0.795038 0.050035 0.109680
v -0.795038 0.050035 -0.090320
v -0.794897 0.037009 0.109680
v -0.794897 0.037009 -0.090320
v -0.794832 0.024084 0.109680
v -0.794832 0.024084 -0.090320
v -0.794838 0.015851 0.109680
v -0.794838 0.015851 -0.090320
v -0.794881 0.006988 0.109680
v -0.794881 0.006988 -0.090320
v -0.795000 -0.002365 0.109680
v -0.795000 -0.002365 -0.090320
v -0.795230 -0.012071 0.109680
v -0.795230 -0.012071 -0.090320
v -0.795609 -0.021990 0.109680
v -0.795609 -0.021990 -0.090320
v -0.796176 -0.031983 0.109680
v -0.796176 -0.031983 -0.090320
v -0.796966 -0.041913 0.109680
v -0.796966 -0.041913 -0.090320
v -0.798018 -0.051640 0.109680
v -0.798018 -0.051640 -0.090320
v -0.799368 -0.061025 0.109680
v -0.799368 -0.061025 -0.090320
v -0.801054 -0.069930 0.109680
v -0.801054 -0.069930 -0.090320
v -0.803114 -0.078217 0.109680
v -0.803114 -0.078217 -0.090320
v -0.805584 -0.085747 0.109680
v -0.805584 -0.085747 -0.090320
v -0.811109 -0.096330 0.109680
v -0.811109 -0.096330 -0.090320
v -0.817525 -0.102957 0.109680
v -0.817525 -0.102957 -0.090320
v -0.824570 -0.106532 0.109680
v -0.824570 -0.106532 -0.090320
v -0.831982 -0.107963 0.109680
v -0.831982 -0.107963 -0.090320
v -0.839502 -0.108157 0.109680
v -0.839502 -0.108157 -0.090320
v -0.846867 -0.108020 0.109680
v -0.846867 -0.108020 -0.090320
v -0.853816 -0.108459 0.109680
v -0.853816 -0.108459 -0.090320
v -0.860087 -0.110381 0.109680
v -0.860087 -0.110381 -0.090320
v -0.865420 -0.114692 0.109680
v -0.865420 -0.114692 -0.090320
v -0.869553 -0.122300 0.109680
v -0.869553 -0.122300 -0.090320
v -0.872224 -0.134111 0.109680
v -0.872224 -0.134111 -0.090320
v -0.873173 -0.151031 0.109680
v -0.873173 -0.151031 -0.090320
v -0.873146 -0.156143 0.109680
v -0.873146 -0.156143 -0.090320
v -0.873020 -0.161783 0.109680
v -0.873020 -0.161783 -0.090320
v -0.872729 -0.167808 0.109680
v -0.872729 -0.167808 -0.090320
v -0.872205 -0.174072 0.109680
v -0.872205 -0.174072 -0.090320
v -0.871384 -0.180433 0.109680
v -0.871384 -0.180433 -0.090320
v -0.870196 -0.186745 0.109680
v -0.870196 -0.186745 -0.090320
v -0.868577 -0.192865 0.109680
v -0.868577 -0.192865 -0.090320
v -0.866459 -0.198650 0.109680
v -0.866459 -0.198650 -0.090320
v -0.863776 -0.203954 0.109680
v -0.863776 -0.203954 -0.090320
v -0.860461 -0.208634 0.109680
v -0.860461 -0.208634 -0.090320
v -0.856447 -0.212547 0.109680
v -0.856447 -0.212547 -0.090320
v -0.851667 -0.215547 0.109680
v -0.851667 -0.215547 -0.090320
v -0.849247 -0.216575 0.109680
v -0.849247 -0.216575 -0.090320
v -0.846959 -0.217375 0.109680
v -0.846959 -0.217375 -0.090320
v -0.844779 -0.217971 0.109680
v -0.844779 -0.217971 -0.090320
v -0.842678 -0.218392 0.109680
v -0.842678 -0.218392 -0.090320
v -0.840631 -0.218663 0.109680
v -0.840631 -0.218663 -0.090320
v -0.838610 -0.218811 0.109680
v -0.838610 -0.218811 -0.090320
v -0.836590 -0.218864 0.109680
v -0.836590 -0.218864 -0.090320
v -0.834543 -0.218847 0.109680
v -0.834543 -0.218847 -0.090320
v -0.832442 -0.218787 0.109680
v -0.832442 -0.218787 -0.090320
v -0.830261 -0.218712 0.109680
v -0.830261 -0.218712 -0.090320
v -0.827974 -0.218647 0.109680
v -0.827974 -0.218647 -0.090320
v -0.825554 -0.218619 0.109680
v -0.825554 -0.218619 -0.090320
v -0.813619 -0.219589 0.109680
v -0.813619 -0.219589 -0.090320
v -0.804770 -0.222346 0.109680
v -0.804770 -0.222346 -0.090320
v -0.798540 -0.226660 0.109680
v -0.798540 -0.226660 -0.090320
v -0.794462 -0.232302 0.109680
v -0.794462 -0.232302 -0.090320
v -0.792069 -0.239043 0.109680
v -0.792069 -0.239043 -0.090320
v -0.790895 -0.246653 0.109680
v -0.790895 -0.246653 -0.090320
v -0.790474 -0.254903 0.109680
v -0.790474 -0.254903 -0.090320
v -0.790337 -0.263564 0.109680
v -0.790337 -0.263564 -0.090320
v -0.790019 -0.272407 0.109680
v -0.790019 -0.272407 -0.090320
v -0.789053 -0.281201 0.109680
v -0.789053 -0.281201 -0.090320
v -0.786973 -0.289718 0.109680
v -0.786973 -0.289718 -0.090320
v -0.783311 -0.297728 0.109680
v -0.783311 -0.297728 -0.090320
v -0.778390 -0.304313 0.109680
v -0.778390 -0.304313 -0.090320
v -0.772551 -0.309569 0.109680
v -0.772551 -0.309569 -0.090320
v -0.765934 -0.313641 0.109680
v -0.765934 -0.313641 -0.090320
v -0.758676 -0.316673 0.109680
v -0.758676 -0.316673 -0.090320
v -0.750918 -0.318809 0.109680
v -0.750918 -0.318809 -0.090320
v -0.742796 -0.320194 0.109680
v -0.742796 -0.320194 -0.090320
v -0.734451 -0.320970 0.109680
v -0.734451 -0.320970 -0.090320
v -0.726020 -0.321282 0.109680
v -0.726020 -0.321282 -0.090320
v -0.717643 -0.321274 0.109680
v -0.717643 -0.321274 -0.090320
v -0.709457 -0.321090 0.109680
v -0.709457 -0.321090 -0.090320
v -0.701603 -0.320874 0.109680
v -0.701603 -0.320874 -0.090320
v -0.694217 -0.320770 0.109680
v -0.694217 -0.320770 -0.090320
v -0.677200 -0.319724 0.109680
v -0.677200 -0.319724 -0.090320
v -0.664839 -0.316755 0.109680
v -0.664839 -0.316755 -0.090320
v -0.656415 -0.312117 0.109680
v -0.656415 -0.312117 -0.090320
v -0.651206 -0.306063 0.109680
v -0.651206 -0.306063 -0.090320
v -0.648494 -0.298846 0.109680
v -0.648494 -0.298846 -0.090320
v -0.647558 -0.290720 0.109680
v -0.647558 -0.290720 -0.090320
v -0.647678 -0.281937 0.109680
v -0.647678 -0.281937 -0.090320
v -0.648134 -0.272752 0.109680
v -0.648134 -0.272752 -0.090320
v -0.648206 -0.263418 0.109680
v -0.648206 -0.263418 -0.090320
v -0.647174 -0.254188 0.109680
v -0.647174 -0.254188 -0.090320
v -0.644318 -0.245315 0.109680
v -0.644318 -0.245315 -0.090320
v -0.638918 -0.237052 0.109680
v -0.638918 -0.237052 -0.090320
v -0.646607 -0.005943 0.109680
v -0.646607 -0.005943 -0.090320
v -0.646602 -0.002748 0.109680
v -0.646602 -0.002748 -0.090320
v -0.646538 0.000587 0.109680
v -0.646538 0.000587 -0.090320
v -0.646371 0.004001 0.109680
v -0.646371 0.004001 -0.090320
v -0.646054 0.007437 0.109680
v -0.646054 0.007437 -0.090320
v -0.645542 0.010836 0.109680
v -0.645542 0.010836 -0.090320
v -0.644790 0.014138 0.109680
v -0.644790 0.014138 -0.090320
v -0.643753 0.017286 0.109680
v -0.643753 0.017286 -0.090320
v -0.642386 0.020220 0.109680
v -0.642386 0.020220 -0.090320
v -0.640642 0.022883 0.109680
v -0.640642 0.022883 -0.090320
v -0.638477 0.025214 0.109680
v -0.638477 0.025214 -0.090320
v -0.635845 0.027157 0.109680
v -0.635845 0.027157 -0.090320
v -0.630190 0.021276 0.109680
v -0.630190 0.021276 -0.090320
v -0.622732 0.013140 0.109680
v -0.622732 0.013140 -0.090320
v -0.613908 0.003179 0.109680
v -0.613908 0.003179 -0.090320
v -0.604156 -0.008174 0.109680
v -0.604156 -0.008174 -0.090320
v -0.593914 -0.020486 0.109680
v -0.593914 -0.020486 -0.090320
v -0.583618 -0.033327 0.109680
v -0.583618 -0.033327 -0.090320
v -0.573706 -0.046264 0.109680
v -0.573706 -0.046264 -0.090320
v -0.564616 -0.058865 0.109680
v -0.564616 -0.058865 -0.090320
v -0.556784 -0.070698 0.109680
v -0.556784 -0.070698 -0.090320
v -0.550649 -0.081330 0.109680
v -0.550649 -0.081330 -0.090320
v -0.546647 -0.090331 0.109680
v -0.546647 -0.090331 -0.090320
v -0.545216 -0.097267 0.109680
v -0.545216 -0.097267 -0.090320
v -0.545825 -0.099944 0.109680
v -0.545825 -0.099944 -0.090320
v -0.547531 -0.102235 0.109680
v -0.547531 -0.102235 -0.090320
v -0.550148 -0.104168 0.109680
v -0.550148 -0.104168 -0.090320
v -0.553494 -0.105773 0.109680
v -0.553494 -0.105773 -0.090320
v -0.557383 -0.107079 0.109680
v -0.557383 -0.107079 -0.090320
v -0.561633 -0.108116 0.109680
v -0.561633 -0.108116 -0.090320
v -0.566058 -0.108913 0.109680
v -0.566058 -0.108913 -0.090320
v -0.570476 -0.109499 0.109680
v -0.570476 -0.109499 -0.090320
v -0.574702 -0.109904 0.109680
v -0.574702 -0.109904 -0.090320
v -0.578551 -0.110157 0.109680
v -0.578551 -0.110157 -0.090320
v -0.581841 -0.110287 0.109680
v -0.581841 -0.110287 -0.090320
v -0.584386 -0.110324 0.109680
v -0.584386 -0.110324 -0.090320
v -0.595139 -0.110324 0.109680
v -0.595139 -0.110324 -0.090320
v -0.605832 -0.109908 0.109680
v -0.605832 -0.109908 -0.090320
v -0.614952 -0.108656 0.109680
v -0.614952 -0.108656 -0.090320
v -0.622621 -0.106568 0.109680
v -0.622621 -0.106568 -0.090320
v -0.628961 -0.103639 0.109680
v -0.628961 -0.103639 -0.090320
v -0.634097 -0.099868 0.109680
v -0.634097 -0.099868 -0.090320
v -0.638150 -0.095251 0.109680
v -0.638150 -0.095251 -0.090320
v -0.641242 -0.089786 0.109680
v -0.641242 -0.089786 -0.090320
v -0.643497 -0.083471 0.109680
v -0.643497 -0.083471 -0.090320
v -0.645038 -0.076302 0.109680
v -0.645038 -0.076302 -0.090320
v -0.645986 -0.068277 0.109680
v -0.645986 -0.068277 -0.090320
v -0.646466 -0.059393 0.109680
v -0.646466 -0.059393 -0.090320
v -0.646598 -0.049648 0.109680
v -0.646598 -0.049648 -0.090320
v -0.646598 -0.008942 0.109680
v -0.646598 -0.008942 -0.090320
vn -0.0000 -0.0000 -1.0000
vn -0.0000 -0.0000 1.0000
vn -0.8620 -0.5069 -0.0000
vn -0.8788 -0.4771 -0.0000
vn -0.8438 -0.5366 -0.0000
vn -0.8243 -0.5662 -0.0000
vn -0.8033 -0.5956 -0.0000
vn -0.7808 -0.6248 -0.0000
vn -0.7568 -0.6536 -0.0000
vn -0.7313 -0.6820 -0.0000
vn -0.7043 -0.7099 -0.0000
vn -0.7313 -0.6821 -0.0000
vn -0.6756 -0.7372 -0.0000
vn -0.7042 -0.7100 -0.0000
vn -0.6455 -0.7638 -0.0000
vn -0.5948 -0.8038 -0.0000
vn -0.5221 -0.8529 -0.0000
vn -0.5948 -0.8039 -0.0000
vn -0.4489 -0.8936 -0.0000
vn -0.3784 -0.9256 -0.0000
vn -0.3123 -0.9500 -0.0000
vn -0.2517 -0.9678 -0.0000
vn -0.1973 -0.9804 -0.0000
vn -0.1492 -0.9888 -0.0000
vn -0.1075 -0.9942 -0.0000
vn -0.0720 -0.9974 -0.0000
vn -0.0425 -0.9991 -0.0000
vn -0.0189 -0.9998 -0.0000
vn 0.0540 -0.9985 -0.0000
vn 0.2444 -0.9697 -0.0000
vn 0.4888 -0.8724 -0.0000
vn 0.6911 -0.7227 -0.0000
vn 0.8291 -0.5591 -0.0000
vn 0.9111 -0.4121 -0.0000
vn 0.9562 -0.2928 -0.0000
vn 0.9798 -0.2001 -0.0000
vn 0.9916 -0.1295 -0.0000
vn 0.9971 -0.0766 -0.0000
vn 0.9993 -0.0384 -0.0000
vn 0.9999 -0.0136 -0.0000
vn 1.0000 -0.0021 -0.0000
vn 1.0000 0.0008 -0.0000
vn 1.0000 0.0027 -0.0000
vn 1.0000 0.0057 -0.0000
vn 1.0000 0.0026 -0.0000
vn 1.0000 0.0099 -0.0000
vn 0.9999 0.0153 -0.0000
vn 0.9998 0.0219 -0.0000
vn 0.9996 0.0298 -0.0000
vn 0.9998 0.0220 -0.0000
vn 0.9992 0.0390 -0.0000
vn 0.9988 0.0496 -0.0000
vn 0.9981 0.0617 -0.0000
vn 0.9972 0.0754 -0.0000
vn 0.9979 0.0650 -0.0000
vn 0.9991 0.0414 -0.0000
vn 0.9995 0.0301 -0.0000
vn 0.9998 0.0203 -0.0000
vn 0.9995 0.0300 -0.0000
vn 0.9999 0.0121 -0.0000
vn 1.0000 0.0054 -0.0000
vn 1.0000 0.0002 -0.0000
vn 1.0000 -0.0035 -0.0000
vn 1.0000 -0.0057 -0.0000
vn 1.0000 -0.0064 -0.0000
vn 1.0000 0.0031 -0.0000
vn 0.9999 0.0156 -0.0000
vn 0.9996 0.0287 -0.0000
vn 0.9989 0.0462 -0.0000
vn 0.9987 0.0506 -0.0000
vn 0.9986 0.0521 -0.0000
vn 1.0000 -0.0013 -0.0000
vn 0.9997 -0.0224 -0.0000
vn 0.9989 -0.0477 -0.0000
vn 0.9969 -0.0783 -0.0000
vn 0.9932 -0.1163 -0.0000
vn 0.9864 -0.1643 -0.0000
vn 0.9932 -0.1162 -0.0000
vn 0.9740 -0.2266 -0.0000
vn 0.9509 -0.3096 -0.0000
vn 0.9065 -0.4222 -0.0000
vn 0.8190 -0.5738 -0.0000
vn 0.9065 -0.4223 -0.0000
vn 0.6495 -0.7603 -0.0000
vn 0.3639 -0.9314 -0.0000
vn 0.0386 -0.9993 -0.0000
vn -0.1954 -0.9807 -0.0000
vn -0.3381 -0.9411 -0.0000
vn -0.4329 -0.9014 -0.0000
vn -0.4944 -0.8692 -0.0000
vn -0.5323 -0.8465 -0.0000
vn -0.5521 -0.8338 -0.0000
vn -0.5555 -0.8315 -0.0000
vn -0.5411 -0.8409 -0.0000
vn -0.5027 -0.8645 -0.0000
vn -0.4245 -0.9054 -0.0000
vn -0.2701 -0.9628 -0.0000
vn -0.0300 -0.9995 -0.0000
vn 0.2227 -0.9749 -0.0000
vn 0.4497 -0.8932 -0.0000
vn 0.6471 -0.7624 -0.0000
vn 0.7916 -0.6111 -0.0000
vn 0.8842 -0.4671 -0.0000
vn 0.9388 -0.3444 -0.0000
vn 0.9694 -0.2454 -0.0000
vn 0.9859 -0.1674 -0.0000
vn 0.9943 -0.1066 -0.0000
vn 0.9982 -0.0599 -0.0000
vn 0.9997 -0.0253 -0.0000
vn 1.0000 -0.0081 -0.0000
vn 1.0000 -0.0065 -0.0000
vn 1.0000 -0.0034 -0.0000
vn 0.9999 0.0112 -0.0000
vn 0.9993 0.0372 -0.0000
vn 0.9972 0.0752 -0.0000
vn 0.9993 0.0373 -0.0000
vn 0.9921 0.1255 -0.0000
vn 0.9821 0.1885 -0.0000
vn 0.9645 0.2641 -0.0000
vn 0.9364 0.3509 -0.0000
vn 0.8949 0.4462 -0.0000
vn 0.8381 0.5455 -0.0000
vn 0.7733 0.6341 -0.0000
vn 0.7177 0.6963 -0.0000
vn 0.6736 0.7391 -0.0000
vn 0.6329 0.7743 -0.0000
vn 0.5931 0.8051 -0.0000
vn 0.5524 0.8336 -0.0000
vn 0.5086 0.8610 -0.0000
vn 0.4596 0.8881 -0.0000
vn 0.4025 0.9154 -0.0000
vn 0.3334 0.9428 -0.0000
vn 0.2472 0.9690 -0.0000
vn 0.1369 0.9906 -0.0000
vn 0.0330 0.9995 -0.0000
vn -0.0189 0.9998 -0.0000
vn -0.0426 0.9991 -0.0000
vn -0.0724 0.9974 -0.0000
vn -0.1089 0.9940 -0.0000
vn -0.1533 0.9882 -0.0000
vn -0.2070 0.9783 -0.0000
vn -0.2718 0.9623 -0.0000
vn -0.3497 0.9369 -0.0000
vn -0.4421 0.8969 -0.0000
vn -0.5491 0.8357 -0.0000
vn -0.6669 0.7451 -0.0000
vn -0.7989 0.6014 -0.0000
vn -0.9069 0.4214 -0.0000
vn -0.9604 0.2785 -0.0000
vn -0.9823 0.1872 -0.0000
vn -0.9921 0.1258 -0.0000
vn -0.9966 0.0825 -0.0000
vn -0.9987 0.0510 -0.0000
vn -0.9996 0.0276 -0.0000
vn -0.9999 0.0102 -0.0000
vn -1.0000 -0.0020 -0.0000
vn -1.0000 -0.0090 -0.0000
vn -1.0000 -0.0092 -0.0000
vn -1.0000 -0.0052 -0.0000
vn -1.0000 -0.0069 -0.0000
vn -0.9999 -0.0153 -0.0000
vn -0.9997 -0.0257 -0.0000
vn -0.9993 -0.0383 -0.0000
vn -0.9986 -0.0538 -0.0000
vn -0.9973 -0.0729 -0.0000
vn -0.9953 -0.0971 -0.0000
vn -0.9917 -0.1283 -0.0000
vn -0.9854 -0.1700 -0.0000
vn -0.9736 -0.2281 -0.0000
vn -0.9497 -0.3132 -0.0000
vn -0.9105 -0.4135 -0.0000
vn -0.9497 -0.3133 -0.0000
vn 0.5402 -0.8415 -0.0000
vn 0.6507 -0.7594 -0.0000
vn 0.4561 -0.8899 -0.0000
vn 0.5403 -0.8415 -0.0000
vn 0.3919 -0.9200 -0.0000
vn 0.4562 -0.8899 -0.0000
vn 0.3421 -0.9397 -0.0000
vn 0.3920 -0.9200 -0.0000
vn 0.3024 -0.9532 -0.0000
vn 0.3420 -0.9397 -0.0000
vn 0.2701 -0.9628 -0.0000
vn 0.2433 -0.9700 -0.0000
vn 0.2204 -0.9754 -0.0000
vn 0.2433 -0.9699 -0.0000
vn 0.2004 -0.9797 -0.0000
vn 0.1822 -0.9833 -0.0000
vn 0.1797 -0.9837 -0.0000
vn 0.1762 -0.9844 -0.0000
vn 0.1576 -0.9875 -0.0000
vn 0.1406 -0.9901 -0.0000
vn 0.1252 -0.9921 -0.0000
vn 0.1116 -0.9937 -0.0000
vn 0.0998 -0.9950 -0.0000
vn 0.0898 -0.9960 -0.0000
vn 0.0815 -0.9967 -0.0000
vn 0.0751 -0.9972 -0.0000
vn 0.0705 -0.9975 -0.0000
vn 0.0677 -0.9977 -0.0000
vn 0.0600 -0.9982 -0.0000
vn 0.0548 -0.9985 -0.0000
vn 0.0578 -0.9983 -0.0000
vn 0.0601 -0.9982 -0.0000
vn 0.0617 -0.9981 -0.0000
vn 0.0627 -0.9980 -0.0000
vn 0.0631 -0.9980 -0.0000
vn 0.0454 -0.9990 -0.0000
vn 0.0383 -0.9993 -0.0000
vn 0.0413 -0.9991 -0.0000
vn 0.0477 -0.9989 -0.0000
vn 0.0574 -0.9984 -0.0000
vn 0.0704 -0.9975 -0.0000
vn 0.0870 -0.9962 -0.0000
vn 0.1075 -0.9942 -0.0000
vn 0.1328 -0.9911 -0.0000
vn 0.1638 -0.9865 -0.0000
vn 0.2019 -0.9794 -0.0000
vn 0.2488 -0.9686 -0.0000
vn 0.3056 -0.9522 -0.0000
vn 0.3583 -0.9336 -0.0000
vn 0.4054 -0.9141 -0.0000
vn 0.4584 -0.8888 -0.0000
vn 0.5167 -0.8562 -0.0000
vn 0.5793 -0.8151 -0.0000
vn 0.6445 -0.7646 -0.0000
vn 0.7099 -0.7043 -0.0000
vn 0.6444 -0.7647 -0.0000
vn 0.7730 -0.6344 -0.0000
vn 0.8309 -0.5564 -0.0000
vn 0.8813 -0.4725 -0.0000
vn 0.9227 -0.3856 -0.0000
vn 0.9532 -0.3023 -0.0000
vn 0.9681 -0.2507 -0.0000
vn 0.9739 -0.2270 -0.0000
vn 0.9791 -0.2035 -0.0000
vn 0.9836 -0.1802 -0.0000
vn 0.9876 -0.1572 -0.0000
vn 0.9836 -0.1803 -0.0000
vn 0.9909 -0.1344 -0.0000
vn 0.9937 -0.1117 -0.0000
vn 0.9960 -0.0892 -0.0000
vn 0.9978 -0.0668 -0.0000
vn 0.9990 -0.0445 -0.0000
vn 0.9998 -0.0222 -0.0000
vn 0.9999 0.0132 -0.0000
vn 0.9973 0.0736 -0.0000
vn 0.9897 0.1433 -0.0000
vn 0.9782 0.2077 -0.0000
vn 0.9638 0.2665 -0.0000
vn 0.9476 0.3195 -0.0000
vn 0.9302 0.3670 -0.0000
vn 0.9124 0.4093 -0.0000
vn 0.8947 0.4466 -0.0000
vn 0.8776 0.4794 -0.0000
vn 0.8614 0.5080 -0.0000
vn 0.8462 0.5328 -0.0000
vn 0.8303 0.5573 -0.0000
vn 0.8148 0.5798 -0.0000
vn 0.8018 0.5976 -0.0000
vn 0.7904 0.6126 -0.0000
vn 0.7808 0.6248 -0.0000
vn 0.7730 0.6344 -0.0000
vn 0.7673 0.6413 -0.0000
vn 0.7636 0.6457 -0.0000
vn 0.7621 0.6475 -0.0000
vn 0.7627 0.6468 -0.0000
vn 0.7654 0.6436 -0.0000
vn 0.7702 0.6378 -0.0000
vn 0.7775 0.6288 -0.0000
vn 0.7829 0.6222 -0.0000
vn 0.7847 0.6198 -0.0000
vn 0.7864 0.6177 -0.0000
vn 0.7879 0.6158 -0.0000
vn 0.7892 0.6141 -0.0000
vn 0.7914 0.6114 -0.0000
vn 0.7922 0.6103 -0.0000
vn 0.7914 0.6113 -0.0000
vn 0.7928 0.6095 -0.0000
vn 0.7932 0.6089 -0.0000
vn 0.7935 0.6086 -0.0000
vn 0.7950 0.6067 -0.0000
vn 0.7988 0.6016 -0.0000
vn 0.7986 0.6018 -0.0000
vn 0.7946 0.6071 -0.0000
vn 0.7867 0.6173 -0.0000
vn 0.7747 0.6323 -0.0000
vn 0.7581 0.6522 -0.0000
vn 0.7362 0.6768 -0.0000
vn 0.7580 0.6522 -0.0000
vn 0.7082 0.7060 -0.0000
vn 0.6732 0.7395 -0.0000
vn 0.6298 0.7768 -0.0000
vn 0.5877 0.8091 -0.0000
vn 0.5453 0.8382 -0.0000
vn 0.4954 0.8686 -0.0000
vn 0.4440 0.8960 -0.0000
vn 0.3917 0.9201 -0.0000
vn 0.3391 0.9408 -0.0000
vn 0.2866 0.9581 -0.0000
vn 0.3390 0.9408 -0.0000
vn 0.2349 0.9720 -0.0000
vn 0.1843 0.9829 -0.0000
vn 0.1353 0.9908 -0.0000
vn 0.0882 0.9961 -0.0000
vn 0.0432 0.9991 -0.0000
vn 0.0102 0.9999 -0.0000
vn -0.0029 1.0000 -0.0000
vn -0.0095 1.0000 -0.0000
vn -0.0203 0.9998 -0.0000
vn -0.0355 0.9994 -0.0000
vn -0.0551 0.9985 -0.0000
vn -0.0792 0.9969 -0.0000
vn -0.1077 0.9942 -0.0000
vn -0.1408 0.9900 -0.0000
vn -0.1784 0.9840 -0.0000
vn -0.2205 0.9754 -0.0000
vn -0.2668 0.9638 -0.0000
vn -0.3257 0.9455 -0.0000
vn -0.4040 0.9148 -0.0000
vn -0.4893 0.8721 -0.0000
vn -0.5698 0.8218 -0.0000
vn -0.6434 0.7655 -0.0000
vn -0.7089 0.7053 -0.0000
vn -0.7656 0.6433 -0.0000
vn -0.8135 0.5816 -0.0000
vn -0.8532 0.5216 -0.0000
vn -0.8855 0.4646 -0.0000
vn -0.9115 0.4113 -0.0000
vn -0.9322 0.3620 -0.0000
vn -0.9494 0.3142 -0.0000
vn -0.9654 0.2606 -0.0000
vn -0.9788 0.2049 -0.0000
vn -0.9879 0.1551 -0.0000
vn -0.9937 0.1117 -0.0000
vn -0.9972 0.0750 -0.0000
vn -0.9990 0.0449 -0.0000
vn -0.9998 0.0213 -0.0000
vn -1.0000 0.0043 -0.0000
vn -1.0000 -0.0062 -0.0000
vn -0.9999 -0.0103 -0.0000
vn -1.0000 -0.0079 -0.0000
vn -1.0000 -0.0022 -0.0000
vn -1.0000 0.0028 -0.0000
vn -1.0000 0.0088 -0.0000
vn -0.9998 0.0182 -0.0000
vn -0.9995 0.0310 -0.0000
vn -0.9989 0.0474 -0.0000
vn -0.9977 0.0680 -0.0000
vn -0.9956 0.0934 -0.0000
vn -0.9922 0.1250 -0.0000
vn -0.9864 0.1643 -0.0000
vn -0.9769 0.2137 -0.0000
vn -0.9610 0.2767 -0.0000
vn -0.9214 0.3886 -0.0000
vn -0.8109 0.5852 -0.0000
vn -0.5937 0.8047 -0.0000
vn -0.3242 0.9460 -0.0000
vn -0.1080 0.9941 -0.0000
vn -0.0036 1.0000 -0.0000
vn -0.0223 0.9998 -0.0000
vn -0.1793 0.9838 -0.0000
vn -0.4694 0.8830 -0.0000
vn -0.7685 0.6398 -0.0000
vn -0.9359 0.3523 -0.0000
vn -0.9903 0.1388 -0.0000
vn -0.9997 0.0253 -0.0000
vn -0.9999 -0.0138 -0.0000
vn -0.9994 -0.0353 -0.0000
vn -0.9978 -0.0657 -0.0000
vn -0.9944 -0.1057 -0.0000
vn -0.9978 -0.0658 -0.0000
vn -0.9877 -0.1565 -0.0000
vn -0.9754 -0.2204 -0.0000
vn -0.9539 -0.3001 -0.0000
vn -0.9173 -0.3983 -0.0000
vn -0.8565 -0.5161 -0.0000
vn -0.7601 -0.6498 -0.0000
vn -0.6183 -0.7859 -0.0000
vn -0.4628 -0.8864 -0.0000
vn -0.6183 -0.7860 -0.0000
vn -0.3607 -0.9327 -0.0000
vn -0.4628 -0.8865 -0.0000
vn -0.2970 -0.9549 -0.0000
vn -0.3606 -0.9327 -0.0000
vn -0.2302 -0.9731 -0.0000
vn -0.1639 -0.9865 -0.0000
vn -0.1023 -0.9948 -0.0000
vn -0.0496 -0.9988 -0.0000
vn -0.0089 -1.0000 -0.0000
vn 0.0183 -0.9998 -0.0000
vn 0.0315 -0.9995 -0.0000
vn 0.0199 -0.9998 -0.0000
vn -0.0348 -0.9994 -0.0000
vn -0.1904 -0.9817 -0.0000
vn -0.4384 -0.8988 -0.0000
vn -0.6999 -0.7142 -0.0000
vn -0.8854 -0.4648 -0.0000
vn -0.9696 -0.2445 -0.0000
vn -0.9948 -0.1019 -0.0000
vn -0.9994 -0.0334 -0.0000
vn -0.9997 -0.0258 -0.0000
vn -0.9974 -0.0726 -0.0000
vn -0.9848 -0.1736 -0.0000
vn -0.9447 -0.3280 -0.0000
vn -0.8601 -0.5101 -0.0000
vn -0.7386 -0.6742 -0.0000
vn -0.5991 -0.8007 -0.0000
vn -0.4562 -0.8899 -0.0000
vn -0.5990 -0.8007 -0.0000
vn -0.3261 -0.9453 -0.0000
vn -0.2170 -0.9762 -0.0000
vn -0.1304 -0.9915 -0.0000
vn -0.0648 -0.9979 -0.0000
vn -0.0180 -0.9998 -0.0000
vn 0.0117 -0.9999 -0.0000
vn 0.0250 -0.9997 -0.0000
vn 0.0208 -0.9998 -0.0000
vn 0.0377 -0.9993 -0.0000
vn 0.1480 -0.9890 -0.0000
vn 0.3611 -0.9325 -0.0000
vn 0.6302 -0.7764 -0.0000
vn 0.8603 -0.5098 -0.0000
vn 0.9720 -0.2349 -0.0000
vn 0.9987 -0.0505 -0.0000
vn 0.9720 -0.2348 -0.0000
vn 0.9995 0.0316 -0.0000
vn 0.9987 -0.0518 -0.0000
vn 0.9777 -0.2098 -0.0000
vn 0.9025 -0.4306 -0.0000
vn 0.7776 -0.6288 -0.0000
vn 0.9999 -0.0103 -0.0000
vn 1.0000 0.0006 -0.0000
vn 0.9994 -0.0340 -0.0000
vn 0.9975 -0.0704 -0.0000
vn 0.9927 -0.1204 -0.0000
vn 0.9975 -0.0705 -0.0000
vn 0.9826 -0.1855 -0.0000
vn 0.9635 -0.2677 -0.0000
vn 0.9297 -0.3683 -0.0000
vn 0.8737 -0.4864 -0.0000
vn 0.7875 -0.6163 -0.0000
vn 0.6662 -0.7458 -0.0000
vn -0.0845 -0.9964 -0.0000
vn 0.6662 -0.7457 -0.0000
vn -0.7290 -0.6845 -0.0000
vn -0.0844 -0.9964 -0.0000
vn -0.7429 -0.6694 -0.0000
vn -0.7536 -0.6574 -0.0000
vn -0.7637 -0.6456 -0.0000
vn -0.7745 -0.6326 -0.0000
vn -0.7870 -0.6169 -0.0000
vn -0.8025 -0.5967 -0.0000
vn -0.8226 -0.5686 -0.0000
vn -0.8504 -0.5261 -0.0000
vn -0.8912 -0.4537 -0.0000
vn -0.9520 -0.3059 -0.0000
vn -0.9082 0.4186 -0.0000
vn -0.7057 0.7085 -0.0000
vn -0.5156 0.8568 -0.0000
vn -0.3762 0.9265 -0.0000
vn -0.2780 0.9606 -0.0000
vn -0.3762 0.9266 -0.0000
vn -0.2072 0.9783 -0.0000
vn -0.1544 0.9880 -0.0000
vn -0.1135 0.9935 -0.0000
vn -0.0805 0.9968 -0.0000
vn -0.0526 0.9986 -0.0000
vn -0.0270 0.9996 -0.0000
vn -0.0072 1.0000 -0.0000
vn 0.0195 0.9998 -0.0000
vn 0.0875 0.9962 -0.0000
vn 0.1998 0.9798 -0.0000
vn 0.3422 0.9396 -0.0000
vn 0.5082 0.8613 -0.0000
vn 0.6757 0.7372 -0.0000
vn 0.8152 0.5792 -0.0000
vn 0.9094 0.4159 -0.0000
vn 0.9618 0.2738 -0.0000
vn 0.9865 0.1639 -0.0000
vn 0.9963 0.0857 -0.0000
vn 0.9994 0.0337 -0.0000
vn 1.0000 0.0068 -0.0000
vn 1.0000 0.0014 -0.0000
vt 0.431894 0.000000
vt 0.438538 0.000000
vt 0.435216 0.000000
vt 0.441860 0.000000
vt 0.445183 0.000000
vt 0.448505 0.000000
vt 0.428571 0.000000
vt 0.451827 0.000000
vt 0.455150 0.000000
vt 0.425249 0.000000
vt 0.458472 0.000000
vt 0.421927 0.000000
vt 0.461794 0.000000
vt 0.418605 0.000000
vt 0.465116 0.000000
vt 0.468439 0.000000
vt 0.415282 0.000000
vt 0.471761 0.000000
vt 0.411960 0.000000
vt 0.475083 0.000000
vt 0.408638 0.000000
vt 0.478405 0.000000
vt 0.405316 0.000000
vt 0.481728 0.000000
vt 0.401993 0.000000
vt 0.485050 0.000000
vt 0.398671 0.000000
vt 0.488372 0.000000
vt 0.395349 0.000000
vt 0.491694 0.000000
vt 0.392027 0.000000
vt 0.495017 0.000000
vt 0.498339 0.000000
vt 0.501661 0.000000
vt 0.388704 0.000000
vt 0.504983 0.000000
vt 0.508306 0.000000
vt 0.385382 0.000000
vt 0.511628 0.000000
vt 0.514950 0.000000
vt 0.382060 0.000000
vt 0.518272 0.000000
vt 0.378738 0.000000
vt 0.521595 0.000000
vt 0.375415 0.000000
vt 0.372093 0.000000
vt 0.524917 0.000000
vt 0.368771 0.000000
vt 0.528239 0.000000
vt 0.365449 0.000000
vt 0.531561 0.000000
vt 0.362126 0.000000
vt 0.358804 0.000000
vt 0.534884 0.000000
vt 0.355482 0.000000
vt 0.538206 0.000000
vt 0.352159 0.000000
vt 0.348837 0.000000
vt 0.541528 0.000000
vt 0.345515 0.000000
vt 0.342193 0.000000
vt 0.338870 0.000000
vt 0.544850 0.000000
vt 0.335548 0.000000
vt 0.332226 0.000000
vt 0.548173 0.000000
vt 0.328904 0.000000
vt 0.325581 0.000000
vt 0.551495 0.000000
vt 0.322259 0.000000
vt 0.318937 0.000000
vt 0.554817 0.000000
vt 0.315615 0.000000
vt 0.312292 0.000000
vt 0.873754 0.000000
vt 0.877076 0.000000
vt 0.870432 0.000000
vt 0.867110 0.000000
vt 0.558140 0.000000
vt 0.308970 0.000000
vt 0.863787 0.000000
vt 0.880399 0.000000
vt 0.860465 0.000000
vt 0.857143 0.000000
vt 0.305648 0.000000
vt 0.561462 0.000000
vt 0.853821 0.000000
vt 0.883721 0.000000
vt 0.850498 0.000000
vt 0.302326 0.000000
vt 0.847176 0.000000
vt 0.564784 0.000000
vt 0.843854 0.000000
vt 0.887043 0.000000
vt 0.299003 0.000000
vt 0.840532 0.000000
vt 0.568106 0.000000
vt 0.837209 0.000000
vt 0.295681 0.000000
vt 1.000000 0.000000
vt 0.890365 0.000000
vt 0.996678 0.000000
vt 0.292359 0.000000
vt 0.571429 0.000000
vt 0.289037 0.000000
vt 0.893688 0.000000
vt 0.574751 0.000000
vt 0.285714 0.000000
vt 0.578073 0.000000
vt 0.897010 0.000000
vt 0.282392 0.000000
vt 0.279070 0.000000
vt 0.581395 0.000000
vt 0.900332 0.000000
vt 0.275748 0.000000
vt 0.993355 0.000000
vt 0.584718 0.000000
vt 0.272425 0.000000
vt 0.903654 0.000000
vt 0.990033 0.000000
vt 0.588040 0.000000
vt 0.269103 0.000000
vt 0.986711 0.000000
vt 0.591362 0.000000
vt 0.906977 0.000000
vt 0.265781 0.000000
vt 0.983389 0.000000
vt 0.594684 0.000000
vt 0.262458 0.000000
vt 0.910299 0.000000
vt 0.980066 0.000000
vt 0.598007 0.000000
vt 0.259136 0.000000
vt 0.976744 0.000000
vt 0.913621 0.000000
vt 0.973422 0.000000
vt 0.255814 0.000000
vt 0.601329 0.000000
vt 0.916944 0.000000
vt 0.970100 0.000000
vt 0.920266 0.000000
vt 0.923588 0.000000
vt 0.604651 0.000000
vt 0.966777 0.000000
vt 0.252492 0.000000
vt 0.926910 0.000000
vt 0.930233 0.000000
vt 0.607973 0.000000
vt 0.963455 0.000000
vt 0.933555 0.000000
vt 0.611296 0.000000
vt 0.617940 0.000000
vt 0.614618 0.000000
vt 0.936877 0.000000
vt 0.621262 0.000000
vt 0.960133 0.000000
vt 0.940199 0.000000
vt 0.943522 0.000000
vt 0.946844 0.000000
vt 0.956811 0.000000
vt 0.950166 0.000000
vt 0.953488 0.000000
vt 0.624585 0.000000
vt 0.249169 0.000000
vt 0.627907 0.000000
vt 0.245847 0.000000
vt 0.631229 0.000000
vt 0.242525 0.000000
vt 0.634551 0.000000
vt 0.239203 0.000000
vt 0.235880 0.000000
vt 0.637874 0.000000
vt 0.641196 0.000000
vt 0.232558 0.000000
vt 0.229236 0.000000
vt 0.644518 0.000000
vt 0.225914 0.000000
vt 0.222591 0.000000
vt 0.647841 0.000000
vt 0.219269 0.000000
vt 0.215947 0.000000
vt 0.651163 0.000000
vt 0.212625 0.000000
vt 0.209302 0.000000
vt 0.205980 0.000000
vt 0.654485 0.000000
vt 0.202658 0.000000
vt 0.199336 0.000000
vt 0.657807 0.000000
vt 0.196013 0.000000
vt 0.192691 0.000000
vt 0.661130 0.000000
vt 0.189369 0.000000
vt 0.186047 0.000000
vt 0.664452 0.000000
vt 0.182724 0.000000
vt 0.179402 0.000000
vt 0.176080 0.000000
vt 0.667774 0.000000
vt 0.172757 0.000000
vt 0.169435 0.000000
vt 0.166113 0.000000
vt 0.671096 0.000000
vt 0.162791 0.000000
vt 0.159468 0.000000
vt 0.156146 0.000000
vt 0.674419 0.000000
vt 0.152824 0.000000
vt 0.149502 0.000000
vt 0.677741 0.000000
vt 0.146179 0.000000
vt 0.681063 0.000000
vt 0.142857 0.000000
vt 0.684385 0.000000
vt 0.139535 0.000000
vt 0.687708 0.000000
vt 0.714286 0.000000
vt 0.691030 0.000000
vt 0.136213 0.000000
vt 0.717608 0.000000
vt 0.710963 0.000000
vt 0.707641 0.000000
vt 0.694352 0.000000
vt 0.704319 0.000000
vt 0.700997 0.000000
vt 0.697674 0.000000
vt 0.132890 0.000000
vt 0.129568 0.000000
vt 0.720930 0.000000
vt 0.126246 0.000000
vt 0.122924 0.000000
vt 0.119601 0.000000
vt 0.116279 0.000000
vt 0.112957 0.000000
vt 0.109635 0.000000
vt 0.106312 0.000000
vt 0.102990 0.000000
vt 0.724252 0.000000
vt 0.099668 0.000000
vt 0.096346 0.000000
vt 0.093023 0.000000
vt 0.089701 0.000000
vt 0.086379 0.000000
vt 0.083056 0.000000
vt 0.079734 0.000000
vt 0.076412 0.000000
vt 0.073090 0.000000
vt 0.069767 0.000000
vt 0.727575 0.000000
vt 0.066445 0.000000
vt 0.063123 0.000000
vt 0.059801 0.000000
vt 0.056478 0.000000
vt 0.053156 0.000000
vt 0.049834 0.000000
vt 0.046512 0.000000
vt 0.043189 0.000000
vt 0.039867 0.000000
vt 0.036545 0.000000
vt 0.033223 0.000000
vt 0.029900 0.000000
vt 0.026578 0.000000
vt 0.023256 0.000000
vt 0.019934 0.000000
vt 0.016611 0.000000
vt 0.730897 0.000000
vt 0.013289 0.000000
vt 0.009967 0.000000
vt 0.006645 0.000000
vt 0.003322 0.000000
vt 0.000000 0.000000
vt 0.833887 0.000000
vt 0.830565 0.000000
vt 0.734219 0.000000
vt 0.827243 0.000000
vt 0.737542 0.000000
vt 0.823920 0.000000
vt 0.740864 0.000000
vt 0.820598 0.000000
vt 0.744186 0.000000
vt 0.747508 0.000000
vt 0.817276 0.000000
vt 0.750831 0.000000
vt 0.813953 0.000000
vt 0.754153 0.000000
vt 0.810631 0.000000
vt 0.757475 0.000000
vt 0.807309 0.000000
vt 0.760797 0.000000
vt 0.803987 0.000000
vt 0.764120 0.000000
vt 0.800664 0.000000
vt 0.767442 0.000000
vt 0.770764 0.000000
vt 0.797342 0.000000
vt 0.774086 0.000000
vt 0.794020 0.000000
vt 0.777409 0.000000
vt 0.790698 0.000000
vt 0.787375 0.000000
vt 0.780731 0.000000
vt 0.784053 0.000000
vt 0.778443 0.000000
vt 0.790419 0.000000
vt 0.784431 0.000000
vt 0.796407 0.000000
vt 0.802395 0.000000
vt 0.808383 0.000000
vt 0.772455 0.000000
vt 0.814371 0.000000
vt 0.820359 0.000000
vt 0.826347 0.000000
vt 0.766467 0.000000
vt 0.832335 0.000000
vt 0.838323 0.000000
vt 0.760479 0.000000
vt 0.844311 0.000000
vt 0.850299 0.000000
vt 0.754491 0.000000
vt 0.856287 0.000000
vt 0.748503 0.000000
vt 0.862275 0.000000
vt 0.742515 0.000000
vt 0.868263 0.000000
vt 0.736527 0.000000
vt 0.730539 0.000000
vt 0.874251 0.000000
vt 0.724551 0.000000
vt 0.718563 0.000000
vt 0.880240 0.000000
vt 0.712575 0.000000
vt 0.706587 0.000000
vt 0.700599 0.000000
vt 0.886228 0.000000
vt 0.694611 0.000000
vt 0.688623 0.000000
vt 0.682635 0.000000
vt 0.892216 0.000000
vt 0.676647 0.000000
vt 0.670659 0.000000
vt 0.664671 0.000000
vt 0.898204 0.000000
vt 0.658683 0.000000
vt 0.652695 0.000000
vt 0.646707 0.000000
vt 0.497006 0.000000
vt 0.904192 0.000000
vt 0.502994 0.000000
vt 0.491018 0.000000
vt 0.640719 0.000000
vt 0.508982 0.000000
vt 0.485030 0.000000
vt 0.514970 0.000000
vt 0.479042 0.000000
vt 0.520958 0.000000
vt 0.634731 0.000000
vt 0.473054 0.000000
vt 0.526946 0.000000
vt 0.628743 0.000000
vt 0.467066 0.000000
vt 0.622755 0.000000
vt 0.532934 0.000000
vt 0.616766 0.000000
vt 0.461078 0.000000
vt 0.538922 0.000000
vt 0.610778 0.000000
vt 0.910180 0.000000
vt 0.604790 0.000000
vt 0.544910 0.000000
vt 0.455090 0.000000
vt 0.598802 0.000000
vt 0.550898 0.000000
vt 0.592814 0.000000
vt 0.449102 0.000000
vt 0.556886 0.000000
vt 0.586826 0.000000
vt 0.580838 0.000000
vt 0.562874 0.000000
vt 0.574850 0.000000
vt 0.568862 0.000000
vt 0.443114 0.000000
vt 0.916168 0.000000
vt 0.437126 0.000000
vt 0.431138 0.000000
vt 0.425150 0.000000
vt 0.922156 0.000000
vt 0.419162 0.000000
vt 0.413174 0.000000
vt 0.407186 0.000000
vt 0.401198 0.000000
vt 0.395210 0.000000
vt 0.389222 0.000000
vt 0.928144 0.000000
vt 0.383234 0.000000
vt 0.377246 0.000000
vt 0.371257 0.000000
vt 0.365269 0.000000
vt 0.934132 0.000000
vt 0.359281 0.000000
vt 0.353293 0.000000
vt 0.347305 0.000000
vt 0.940120 0.000000
vt 0.341317 0.000000
vt 0.335329 0.000000
vt 0.946108 0.000000
vt 0.329341 0.000000
vt 0.323353 0.000000
vt 0.317365 0.000000
vt 0.952096 0.000000
vt 0.311377 0.000000
vt 0.305389 0.000000
vt 0.958084 0.000000
vt 0.299401 0.000000
vt 0.293413 0.000000
vt 0.287425 0.000000
vt 0.964072 0.000000
vt 0.281437 0.000000
vt 0.275449 0.000000
vt 0.269461 0.000000
vt 0.263473 0.000000
vt 0.257485 0.000000
vt 0.970060 0.000000
vt 0.251497 0.000000
vt 0.245509 0.000000
vt 0.239521 0.000000
vt 0.233533 0.000000
vt 0.227545 0.000000
vt 0.221557 0.000000
vt 0.215569 0.000000
vt 0.209581 0.000000
vt 0.976048 0.000000
vt 0.203593 0.000000
vt 0.197605 0.000000
vt 0.982036 0.000000
vt 0.191617 0.000000
vt 0.185629 0.000000
vt 0.988024 0.000000
vt 0.179641 0.000000
vt 0.994012 0.000000
vt 0.173653 0.000000
vt 0.167665 0.000000
vt 0.005988 0.000000
vt 0.011976 0.000000
vt 0.017964 0.000000
vt 0.161677 0.000000
vt 0.023952 0.000000
vt 0.029940 0.000000
vt 0.035928 0.000000
vt 0.041916 0.000000
vt 0.047904 0.000000
vt 0.053892 0.000000
vt 0.155689 0.000000
vt 0.059880 0.000000
vt 0.065868 0.000000
vt 0.071856 0.000000
vt 0.077844 0.000000
vt 0.149701 0.000000
vt 0.083832 0.000000
vt 0.089820 0.000000
vt 0.095808 0.000000
vt 0.143713 0.000000
vt 0.101796 0.000000
vt 0.107784 0.000000
vt 0.113772 0.000000
vt 0.137725 0.000000
vt 0.119760 0.000000
vt 0.125749 0.000000
vt 0.131737 0.000000
vt 0.005952 1.000000
vt 0.000000 1.000000
vt 0.011905 1.000000
vt 0.005952 0.000000
vt 0.017857 1.000000
vt 0.011905 0.000000
vt 0.023810 1.000000
vt 0.017857 0.000000
vt 0.029762 1.000000
vt 0.023810 0.000000
vt 0.035714 1.000000
vt 0.029762 0.000000
vt 0.041667 1.000000
vt 0.035714 0.000000
vt 0.047619 1.000000
vt 0.041667 0.000000
vt 0.053571 1.000000
vt 0.047619 0.000000
vt 0.059524 1.000000
vt 0.053571 0.000000
vt 0.065476 1.000000
vt 0.059524 0.000000
vt 0.071429 1.000000
vt 0.065476 0.000000
vt 0.077381 1.000000
vt 0.071429 0.000000
vt 0.083333 1.000000
vt 0.077381 0.000000
vt 0.089286 1.000000
vt 0.083333 0.000000
vt 0.095238 1.000000
vt 0.089286 0.000000
vt 0.101190 1.000000
vt 0.095238 0.000000
vt 0.107143 1.000000
vt 0.101190 0.000000
vt 0.113095 1.000000
vt 0.107143 0.000000
vt 0.119048 1.000000
vt 0.113095 0.000000
vt 0.125000 1.000000
vt 0.119048 0.000000
vt 0.130952 1.000000
vt 0.125000 0.000000
vt 0.136905 1.000000
vt 0.130952 0.000000
vt 0.142857 1.000000
vt 0.136905 0.000000
vt 0.148810 1.000000
vt 0.154762 1.000000
vt 0.148810 0.000000
vt 0.160714 1.000000
vt 0.154762 0.000000
vt 0.166667 1.000000
vt 0.160714 0.000000
vt 0.172619 1.000000
vt 0.166667 0.000000
vt 0.178571 1.000000
vt 0.172619 0.000000
vt 0.184524 1.000000
vt 0.178571 0.000000
vt 0.190476 1.000000
vt 0.184524 0.000000
vt 0.196429 1.000000
vt 0.190476 0.000000
vt 0.202381 1.000000
vt 0.196429 0.000000
vt 0.208333 1.000000
vt 0.202381 0.000000
vt 0.214286 1.000000
vt 0.208333 0.000000
vt 0.220238 1.000000
vt 0.214286 0.000000
vt 0.226190 1.000000
vt 0.220238 0.000000
vt 0.232143 1.000000
vt 0.226190 0.000000
vt 0.238095 1.000000
vt 0.232143 0.000000
vt 0.244048 1.000000
vt 0.238095 0.000000
vt 0.250000 1.000000
vt 0.244048 0.000000
vt 0.255952 1.000000
vt 0.250000 0.000000
vt 0.261905 1.000000
vt 0.255952 0.000000
vt 0.267857 1.000000
vt 0.261905 0.000000
vt 0.273810 1.000000
vt 0.267857 0.000000
vt 0.279762 1.000000
vt 0.273810 0.000000
vt 0.285714 1.000000
vt 0.279762 0.000000
vt 0.291667 1.000000
vt 0.297619 1.000000
vt 0.291667 0.000000
vt 0.303571 1.000000
vt 0.297619 0.000000
vt 0.309524 1.000000
vt 0.303571 0.000000
vt 0.315476 1.000000
vt 0.309524 0.000000
vt 0.321429 1.000000
vt 0.315476 0.000000
vt 0.327381 1.000000
vt 0.321429 0.000000
vt 0.333333 1.000000
vt 0.327381 0.000000
vt 0.339286 1.000000
vt 0.333333 0.000000
vt 0.345238 1.000000
vt 0.339286 0.000000
vt 0.351190 1.000000
vt 0.345238 0.000000
vt 0.357143 1.000000
vt 0.351190 0.000000
vt 0.363095 1.000000
vt 0.357143 0.000000
vt 0.369048 1.000000
vt 0.363095 0.000000
vt 0.375000 1.000000
vt 0.369048 0.000000
vt 0.380952 1.000000
vt 0.375000 0.000000
vt 0.386905 1.000000
vt 0.380952 0.000000
vt 0.392857 1.000000
vt 0.386905 0.000000
vt 0.398810 1.000000
vt 0.392857 0.000000
vt 0.404762 1.000000
vt 0.398810 0.000000
vt 0.410714 1.000000
vt 0.404762 0.000000
vt 0.416667 1.000000
vt 0.410714 0.000000
vt 0.422619 1.000000
vt 0.416667 0.000000
vt 0.428571 1.000000
vt 0.422619 0.000000
vt 0.434524 1.000000
vt 0.440476 1.000000
vt 0.434524 0.000000
vt 0.446429 1.000000
vt 0.440476 0.000000
vt 0.452381 1.000000
vt 0.446429 0.000000
vt 0.458333 1.000000
vt 0.452381 0.000000
vt 0.464286 1.000000
vt 0.458333 0.000000
vt 0.470238 1.000000
vt 0.464286 0.000000
vt 0.476190 1.000000
vt 0.470238 0.000000
vt 0.482143 1.000000
vt 0.476190 0.000000
vt 0.488095 1.000000
vt 0.482143 0.000000
vt 0.494048 1.000000
vt 0.488095 0.000000
vt 0.500000 1.000000
vt 0.494048 0.000000
vt 0.505952 1.000000
vt 0.500000 0.000000
vt 0.511905 1.000000
vt 0.505952 0.000000
vt 0.517857 1.000000
vt 0.511905 0.000000
vt 0.523810 1.000000
vt 0.517857 0.000000
vt 0.529762 1.000000
vt 0.523810 0.000000
vt 0.535714 1.000000
vt 0.529762 0.000000
vt 0.541667 1.000000
vt 0.535714 0.000000
vt 0.547619 1.000000
vt 0.541667 0.000000
vt 0.553571 1.000000
vt 0.547619 0.000000
vt 0.559524 1.000000
vt 0.553571 0.000000
vt 0.565476 1.000000
vt 0.559524 0.000000
vt 0.571429 1.000000
vt 0.565476 0.000000
vt 0.577381 1.000000
vt 0.583333 1.000000
vt 0.577381 0.000000
vt 0.589286 1.000000
vt 0.583333 0.000000
vt 0.595238 1.000000
vt 0.589286 0.000000
vt 0.601190 1.000000
vt 0.595238 0.000000
vt 0.607143 1.000000
vt 0.601190 0.000000
vt 0.613095 1.000000
vt 0.607143 0.000000
vt 0.619048 1.000000
vt 0.613095 0.000000
vt 0.625000 1.000000
vt 0.619048 0.000000
vt 0.630952 1.000000
vt 0.625000 0.000000
vt 0.636905 1.000000
vt 0.630952 0.000000
vt 0.642857 1.000000
vt 0.636905 0.000000
vt 0.648810 1.000000
vt 0.642857 0.000000
vt 0.654762 1.000000
vt 0.648810 0.000000
vt 0.660714 1.000000
vt 0.654762 0.000000
vt 0.666667 1.000000
vt 0.660714 0.000000
vt 0.672619 1.000000
vt 0.666667 0.000000
vt 0.678571 1.000000
vt 0.672619 0.000000
vt 0.684524 1.000000
vt 0.678571 0.000000
vt 0.690476 1.000000
vt 0.684524 0.000000
vt 0.696429 1.000000
vt 0.690476 0.000000
vt 0.702381 1.000000
vt 0.696429 0.000000
vt 0.708333 1.000000
vt 0.702381 0.000000
vt 0.714286 1.000000
vt 0.708333 0.000000
vt 0.720238 1.000000
vt 0.726190 1.000000
vt 0.720238 0.000000
vt 0.732143 1.000000
vt 0.726190 0.000000
vt 0.738095 1.000000
vt 0.732143 0.000000
vt 0.744048 1.000000
vt 0.738095 0.000000
vt 0.750000 1.000000
vt 0.744048 0.000000
vt 0.755952 1.000000
vt 0.750000 0.000000
vt 0.761905 1.000000
vt 0.755952 0.000000
vt 0.767857 1.000000
vt 0.761905 0.000000
vt 0.773810 1.000000
vt 0.767857 0.000000
vt 0.779762 1.000000
vt 0.773810 0.000000
vt 0.785714 1.000000
vt 0.779762 0.000000
vt 0.791667 1.000000
vt 0.785714 0.000000
vt 0.797619 1.000000
vt 0.791667 0.000000
vt 0.803571 1.000000
vt 0.797619 0.000000
vt 0.809524 1.000000
vt 0.803571 0.000000
vt 0.815476 1.000000
vt 0.809524 0.000000
vt 0.821429 1.000000
vt 0.815476 0.000000
vt 0.827381 1.000000
vt 0.821429 0.000000
vt 0.833333 1.000000
vt 0.827381 0.000000
vt 0.839286 1.000000
vt 0.833333 0.000000
vt 0.845238 1.000000
vt 0.839286 0.000000
vt 0.851190 1.000000
vt 0.845238 0.000000
vt 0.857143 1.000000
vt 0.851190 0.000000
vt 0.863095 1.000000
vt 0.869048 1.000000
vt 0.863095 0.000000
vt 0.875000 1.000000
vt 0.869048 0.000000
vt 0.880952 1.000000
vt 0.875000 0.000000
vt 0.886905 1.000000
vt 0.880952 0.000000
vt 0.892857 1.000000
vt 0.886905 0.000000
vt 0.898810 1.000000
vt 0.892857 0.000000
vt 0.904762 1.000000
vt 0.898810 0.000000
vt 0.910714 1.000000
vt 0.904762 0.000000
vt 0.916667 1.000000
vt 0.910714 0.000000
vt 0.922619 1.000000
vt 0.916667 0.000000
vt 0.928571 1.000000
vt 0.922619 0.000000
vt 0.934524 1.000000
vt 0.928571 0.000000
vt 0.940476 1.000000
vt 0.934524 0.000000
vt 0.946429 1.000000
vt 0.940476 0.000000
vt 0.952381 1.000000
vt 0.946429 0.000000
vt 0.958333 1.000000
vt 0.952381 0.000000
vt 0.964286 1.000000
vt 0.958333 0.000000
vt 0.970238 1.000000
vt 0.964286 0.000000
vt 0.976190 1.000000
vt 0.970238 0.000000
vt 0.982143 1.000000
vt 0.976190 0.000000
vt 0.988095 1.000000
vt 0.982143 0.000000
vt 0.994048 1.000000
vt 0.988095 0.000000
vt 1.000000 1.000000
vt 0.994048 0.000000
vt 0.003968 1.000000
vt 0.007937 1.000000
vt 0.003968 0.000000
vt 0.007937 0.000000
vt 0.015873 1.000000
vt 0.019841 1.000000
vt 0.015873 0.000000
vt 0.019841 0.000000
vt 0.027778 1.000000
vt 0.031746 1.000000
vt 0.027778 0.000000
vt 0.031746 0.000000
vt 0.039683 1.000000
vt 0.043651 1.000000
vt 0.039683 0.000000
vt 0.043651 0.000000
vt 0.051587 1.000000
vt 0.055556 1.000000
vt 0.051587 0.000000
vt 0.055556 0.000000
vt 0.063492 1.000000
vt 0.067460 1.000000
vt 0.063492 0.000000
vt 0.067460 0.000000
vt 0.075397 1.000000
vt 0.079365 1.000000
vt 0.075397 0.000000
vt 0.079365 0.000000
vt 0.087302 1.000000
vt 0.091270 1.000000
vt 0.087302 0.000000
vt 0.091270 0.000000
vt 0.099206 1.000000
vt 0.103175 1.000000
vt 0.099206 0.000000
vt 0.103175 0.000000
vt 0.111111 1.000000
vt 0.115079 1.000000
vt 0.111111 0.000000
vt 0.115079 0.000000
vt 0.123016 1.000000
vt 0.126984 1.000000
vt 0.123016 0.000000
vt 0.126984 0.000000
vt 0.134921 1.000000
vt 0.138889 1.000000
vt 0.134921 0.000000
vt 0.138889 0.000000
vt 0.146825 1.000000
vt 0.150794 1.000000
vt 0.146825 0.000000
vt 0.150794 0.000000
vt 0.158730 1.000000
vt 0.162698 1.000000
vt 0.158730 0.000000
vt 0.162698 0.000000
vt 0.170635 1.000000
vt 0.174603 1.000000
vt 0.170635 0.000000
vt 0.174603 0.000000
vt 0.182540 1.000000
vt 0.186508 1.000000
vt 0.182540 0.000000
vt 0.186508 0.000000
vt 0.194444 1.000000
vt 0.198413 1.000000
vt 0.194444 0.000000
vt 0.198413 0.000000
vt 0.206349 1.000000
vt 0.210317 1.000000
vt 0.206349 0.000000
vt 0.210317 0.000000
vt 0.218254 1.000000
vt 0.222222 1.000000
vt 0.218254 0.000000
vt 0.222222 0.000000
vt 0.230159 1.000000
vt 0.234127 1.000000
vt 0.230159 0.000000
vt 0.234127 0.000000
vt 0.242063 1.000000
vt 0.246032 1.000000
vt 0.242063 0.000000
vt 0.246032 0.000000
vt 0.253968 1.000000
vt 0.257937 1.000000
vt 0.253968 0.000000
vt 0.257937 0.000000
vt 0.265873 1.000000
vt 0.269841 1.000000
vt 0.265873 0.000000
vt 0.269841 0.000000
vt 0.277778 1.000000
vt 0.281746 1.000000
vt 0.277778 0.000000
vt 0.281746 0.000000
vt 0.289683 1.000000
vt 0.293651 1.000000
vt 0.289683 0.000000
vt 0.293651 0.000000
vt 0.301587 1.000000
vt 0.305556 1.000000
vt 0.301587 0.000000
vt 0.305556 0.000000
vt 0.313492 1.000000
vt 0.317460 1.000000
vt 0.313492 0.000000
vt 0.317460 0.000000
vt 0.325397 1.000000
vt 0.329365 1.000000
vt 0.325397 0.000000
vt 0.329365 0.000000
vt 0.337302 1.000000
vt 0.341270 1.000000
vt 0.337302 0.000000
vt 0.341270 0.000000
vt 0.349206 1.000000
vt 0.353175 1.000000
vt 0.349206 0.000000
vt 0.353175 0.000000
vt 0.361111 1.000000
vt 0.365079 1.000000
vt 0.361111 0.000000
vt 0.365079 0.000000
vt 0.373016 1.000000
vt 0.376984 1.000000
vt 0.373016 0.000000
vt 0.376984 0.000000
vt 0.384921 1.000000
vt 0.388889 1.000000
vt 0.384921 0.000000
vt 0.388889 0.000000
vt 0.396825 1.000000
vt 0.400794 1.000000
vt 0.396825 0.000000
vt 0.400794 0.000000
vt 0.408730 1.000000
vt 0.412698 1.000000
vt 0.408730 0.000000
vt 0.412698 0.000000
vt 0.420635 1.000000
vt 0.424603 1.000000
vt 0.420635 0.000000
vt 0.424603 0.000000
vt 0.432540 1.000000
vt 0.436508 1.000000
vt 0.432540 0.000000
vt 0.436508 0.000000
vt 0.444444 1.000000
vt 0.448413 1.000000
vt 0.444444 0.000000
vt 0.448413 0.000000
vt 0.456349 1.000000
vt 0.460317 1.000000
vt 0.456349 0.000000
vt 0.460317 0.000000
vt 0.468254 1.000000
vt 0.472222 1.000000
vt 0.468254 0.000000
vt 0.472222 0.000000
vt 0.480159 1.000000
vt 0.484127 1.000000
vt 0.480159 0.000000
vt 0.484127 0.000000
vt 0.492063 1.000000
vt 0.496032 1.000000
vt 0.492063 0.000000
vt 0.496032 0.000000
vt 0.503968 1.000000
vt 0.507937 1.000000
vt 0.503968 0.000000
vt 0.507937 0.000000
vt 0.515873 1.000000
vt 0.519841 1.000000
vt 0.515873 0.000000
vt 0.519841 0.000000
vt 0.527778 1.000000
vt 0.531746 1.000000
vt 0.527778 0.000000
vt 0.531746 0.000000
vt 0.539683 1.000000
vt 0.543651 1.000000
vt 0.539683 0.000000
vt 0.543651 0.000000
vt 0.551587 1.000000
vt 0.555556 1.000000
vt 0.551587 0.000000
vt 0.555556 0.000000
vt 0.563492 1.000000
vt 0.567460 1.000000
vt 0.563492 0.000000
vt 0.567460 0.000000
vt 0.575397 1.000000
vt 0.579365 1.000000
vt 0.575397 0.000000
vt 0.579365 0.000000
vt 0.587302 1.000000
vt 0.591270 1.000000
vt 0.587302 0.000000
vt 0.591270 0.000000
vt 0.599206 1.000000
vt 0.603175 1.000000
vt 0.599206 0.000000
vt 0.603175 0.000000
vt 0.611111 1.000000
vt 0.615079 1.000000
vt 0.611111 0.000000
vt 0.615079 0.000000
vt 0.623016 1.000000
vt 0.626984 1.000000
vt 0.623016 0.000000
vt 0.626984 0.000000
vt 0.634921 1.000000
vt 0.638889 1.000000
vt 0.634921 0.000000
vt 0.638889 0.000000
vt 0.646825 1.000000
vt 0.650794 1.000000
vt 0.646825 0.000000
vt 0.650794 0.000000
vt 0.658730 1.000000
vt 0.662698 1.000000
vt 0.658730 0.000000
vt 0.662698 0.000000
vt 0.670635 1.000000
vt 0.674603 1.000000
vt 0.670635 0.000000
vt 0.674603 0.000000
vt 0.682540 1.000000
vt 0.686508 1.000000
vt 0.682540 0.000000
vt 0.686508 0.000000
vt 0.694444 1.000000
vt 0.698413 1.000000
vt 0.694444 0.000000
vt 0.698413 0.000000
vt 0.706349 1.000000
vt 0.710317 1.000000
vt 0.706349 0.000000
vt 0.710317 0.000000
vt 0.718254 1.000000
vt 0.722222 1.000000
vt 0.718254 0.000000
vt 0.722222 0.000000
vt 0.730159 1.000000
vt 0.734127 1.000000
vt 0.730159 0.000000
vt 0.734127 0.000000
vt 0.742063 1.000000
vt 0.746032 1.000000
vt 0.742063 0.000000
vt 0.746032 0.000000
vt 0.753968 1.000000
vt 0.757937 1.000000
vt 0.753968 0.000000
vt 0.757937 0.000000
vt 0.765873 1.000000
vt 0.769841 1.000000
vt 0.765873 0.000000
vt 0.769841 0.000000
vt 0.777778 1.000000
vt 0.781746 1.000000
vt 0.777778 0.000000
vt 0.781746 0.000000
vt 0.789683 1.000000
vt 0.793651 1.000000
vt 0.789683 0.000000
vt 0.793651 0.000000
vt 0.801587 1.000000
vt 0.805556 1.000000
vt 0.801587 0.000000
vt 0.805556 0.000000
vt 0.813492 1.000000
vt 0.817460 1.000000
vt 0.813492 0.000000
vt 0.817460 0.000000
vt 0.825397 1.000000
vt 0.829365 1.000000
vt 0.825397 0.000000
vt 0.829365 0.000000
vt 0.837302 1.000000
vt 0.841270 1.000000
vt 0.837302 0.000000
vt 0.841270 0.000000
vt 0.849206 1.000000
vt 0.853175 1.000000
vt 0.849206 0.000000
vt 0.853175 0.000000
vt 0.861111 1.000000
vt 0.865079 1.000000
vt 0.861111 0.000000
vt 0.865079 0.000000
vt 0.873016 1.000000
vt 0.876984 1.000000
vt 0.873016 0.000000
vt 0.876984 0.000000
vt 0.884921 1.000000
vt 0.888889 1.000000
vt 0.884921 0.000000
vt 0.888889 0.000000
vt 0.896825 1.000000
vt 0.900794 1.000000
vt 0.896825 0.000000
vt 0.900794 0.000000
vt 0.908730 1.000000
vt 0.912698 1.000000
vt 0.908730 0.000000
vt 0.912698 0.000000
vt 0.920635 1.000000
vt 0.924603 1.000000
vt 0.920635 0.000000
vt 0.924603 0.000000
vt 0.932540 1.000000
vt 0.936508 1.000000
vt 0.932540 0.000000
vt 0.936508 0.000000
vt 0.944444 1.000000
vt 0.948413 1.000000
vt 0.944444 0.000000
vt 0.948413 0.000000
vt 0.956349 1.000000
vt 0.960317 1.000000
vt 0.956349 0.000000
vt 0.960317 0.000000
vt 0.968254 1.000000
vt 0.972222 1.000000
vt 0.968254 0.000000
vt 0.972222 0.000000
vt 0.980159 1.000000
vt 0.984127 1.000000
vt 0.980159 0.000000
vt 0.984127 0.000000
vt 0.992063 1.000000
vt 0.996032 1.000000
vt 0.992063 0.000000
vt 0.996032 0.000000
vt 0.020000 1.000000
vt 0.040000 1.000000
vt 0.020000 0.000000
vt 0.060000 1.000000
vt 0.040000 0.000000
vt 0.080000 1.000000
vt 0.060000 0.000000
vt 0.100000 1.000000
vt 0.080000 0.000000
vt 0.120000 1.000000
vt 0.100000 0.000000
vt 0.140000 1.000000
vt 0.120000 0.000000
vt 0.160000 1.000000
vt 0.140000 0.000000
vt 0.180000 1.000000
vt 0.160000 0.000000
vt 0.200000 1.000000
vt 0.180000 0.000000
vt 0.220000 1.000000
vt 0.200000 0.000000
vt 0.240000 1.000000
vt 0.220000 0.000000
vt 0.260000 1.000000
vt 0.240000 0.000000
vt 0.280000 1.000000
vt 0.260000 0.000000
vt 0.300000 1.000000
vt 0.280000 0.000000
vt 0.320000 1.000000
vt 0.300000 0.000000
vt 0.340000 1.000000
vt 0.320000 0.000000
vt 0.360000 1.000000
vt 0.340000 0.000000
vt 0.380000 1.000000
vt 0.360000 0.000000
vt 0.400000 1.000000
vt 0.380000 0.000000
vt 0.420000 1.000000
vt 0.400000 0.000000
vt 0.440000 1.000000
vt 0.420000 0.000000
vt 0.460000 1.000000
vt 0.440000 0.000000
vt 0.480000 1.000000
vt 0.460000 0.000000
vt 0.480000 0.000000
vt 0.520000 1.000000
vt 0.540000 1.000000
vt 0.520000 0.000000
vt 0.560000 1.000000
vt 0.540000 0.000000
vt 0.580000 1.000000
vt 0.560000 0.000000
vt 0.600000 1.000000
vt 0.580000 0.000000
vt 0.620000 1.000000
vt 0.600000 0.000000
vt 0.640000 1.000000
vt 0.620000 0.000000
vt 0.660000 1.000000
vt 0.640000 0.000000
vt 0.680000 1.000000
vt 0.660000 0.000000
vt 0.700000 1.000000
vt 0.680000 0.000000
vt 0.720000 1.000000
vt 0.700000 0.000000
vt 0.740000 1.000000
vt 0.720000 0.000000
vt 0.760000 1.000000
vt 0.740000 0.000000
vt 0.780000 1.000000
vt 0.760000 0.000000
vt 0.800000 1.000000
vt 0.780000 0.000000
vt 0.820000 1.000000
vt 0.800000 0.000000
vt 0.840000 1.000000
vt 0.820000 0.000000
vt 0.860000 1.000000
vt 0.840000 0.000000
vt 0.880000 1.000000
vt 0.860000 0.000000
vt 0.900000 1.000000
vt 0.880000 0.000000
vt 0.920000 1.000000
vt 0.900000 0.000000
vt 0.940000 1.000000
vt 0.920000 0.000000
vt 0.960000 1.000000
vt 0.940000 0.000000
vt 0.980000 1.000000
vt 0.960000 0.000000
vt 0.980000 0.000000
s 0
usemtl マテリアル.010
f 147/13/7 149/14/7 148/15/7
f 147/13/7 150/16/7 149/14/7
f 147/13/7 151/17/7 150/16/7
f 147/13/7 152/18/7 151/17/7
f 146/19/7 152/18/7 147/13/7
f 146/19/7 153/20/7 152/18/7
f 146/19/7 154/21/7 153/20/7
f 145/22/7 154/21/7 146/19/7
f 145/22/7 155/23/7 154/21/7
f 144/24/7 155/23/7 145/22/7
f 144/24/7 156/25/7 155/23/7
f 143/26/7 156/25/7 144/24/7
f 143/26/7 157/27/7 156/25/7
f 143/26/7 158/28/7 157/27/7
f 142/29/7 158/28/7 143/26/7
f 142/29/7 159/30/7 158/28/7
f 141/31/7 159/30/7 142/29/7
f 141/31/7 160/32/7 159/30/7
f 140/33/7 160/32/7 141/31/7
f 140/33/7 161/34/7 160/32/7
f 139/35/7 161/34/7 140/33/7
f 139/35/7 162/36/7 161/34/7
f 138/37/7 162/36/7 139/35/7
f 138/37/7 163/38/7 162/36/7
f 137/39/7 163/38/7 138/37/7
f 137/39/7 164/40/7 163/38/7
f 136/41/7 164/40/7 137/39/7
f 136/41/7 165/42/7 164/40/7
f 135/43/7 165/42/7 136/41/7
f 135/43/7 166/44/7 165/42/7
f 135/43/7 167/45/7 166/44/7
f 135/43/7 168/46/7 167/45/7
f 134/47/7 168/46/7 135/43/7
f 134/47/7 169/48/7 168/46/7
f 134/47/7 170/49/7 169/48/7
f 133/50/7 170/49/7 134/47/7
f 133/50/7 171/51/7 170/49/7
f 133/50/7 172/52/7 171/51/7
f 132/53/7 172/52/7 133/50/7
f 132/53/7 173/54/7 172/52/7
f 131/55/7 173/54/7 132/53/7
f 131/55/7 174/56/7 173/54/7
f 130/57/7 174/56/7 131/55/7
f 129/58/7 174/56/7 130/57/7
f 129/58/7 175/59/7 174/56/7
f 128/60/7 175/59/7 129/58/7
f 128/60/7 176/61/7 175/59/7
f 127/62/7 176/61/7 128/60/7
f 127/62/7 177/63/7 176/61/7
f 126/64/7 177/63/7 127/62/7
f 125/65/7 177/63/7 126/64/7
f 125/65/7 178/66/7 177/63/7
f 124/67/7 178/66/7 125/65/7
f 124/67/7 179/68/7 178/66/7
f 123/69/7 179/68/7 124/67/7
f 122/70/7 179/68/7 123/69/7
f 122/70/7 180/71/7 179/68/7
f 121/72/7 180/71/7 122/70/7
f 120/73/7 180/71/7 121/72/7
f 119/74/7 180/71/7 120/73/7
f 119/74/7 181/75/7 180/71/7
f 118/76/7 181/75/7 119/74/7
f 117/77/7 181/75/7 118/76/7
f 117/77/7 182/78/7 181/75/7
f 116/79/7 182/78/7 117/77/7
f 115/80/7 182/78/7 116/79/7
f 115/80/7 183/81/7 182/78/7
f 114/82/7 183/81/7 115/80/7
f 113/83/7 183/81/7 114/82/7
f 113/83/7 184/84/7 183/81/7
f 112/85/7 184/84/7 113/83/7
f 111/86/7 280/87/7 112/85/7
f 280/87/7 184/84/7 112/85/7
f 111/86/7 281/88/7 280/87/7
f 279/89/7 184/84/7 280/87/7
f 278/90/7 184/84/7 279/89/7
f 278/90/7 185/91/7 184/84/7
f 110/92/7 281/88/7 111/86/7
f 277/93/7 185/91/7 278/90/7
f 110/92/7 282/94/7 281/88/7
f 276/95/7 185/91/7 277/93/7
f 275/96/7 185/91/7 276/95/7
f 109/97/7 282/94/7 110/92/7
f 275/96/7 186/98/7 185/91/7
f 274/99/7 186/98/7 275/96/7
f 109/97/7 283/100/7 282/94/7
f 273/101/7 186/98/7 274/99/7
f 108/102/7 283/100/7 109/97/7
f 272/103/7 186/98/7 273/101/7
f 272/103/7 187/104/7 186/98/7
f 271/105/7 187/104/7 272/103/7
f 108/102/7 284/106/7 283/100/7
f 107/107/7 284/106/7 108/102/7
f 270/108/7 187/104/7 271/105/7
f 270/108/7 188/109/7 187/104/7
f 269/110/7 188/109/7 270/108/7
f 106/111/7 284/106/7 107/107/7
f 318/112/7 188/109/7 269/110/7
f 106/111/7 285/113/7 284/106/7
f 317/114/7 188/109/7 318/112/7
f 105/115/7 285/113/7 106/111/7
f 317/114/7 189/116/7 188/109/7
f 104/117/7 285/113/7 105/115/7
f 104/117/7 286/118/7 285/113/7
f 317/114/7 190/119/7 189/116/7
f 103/120/7 286/118/7 104/117/7
f 317/114/7 191/121/7 190/119/7
f 103/120/7 287/122/7 286/118/7
f 102/123/7 287/122/7 103/120/7
f 101/124/7 287/122/7 102/123/7
f 317/114/7 192/125/7 191/121/7
f 101/124/7 288/126/7 287/122/7
f 100/127/7 288/126/7 101/124/7
f 316/128/7 192/125/7 317/114/7
f 316/128/7 193/129/7 192/125/7
f 99/130/7 288/126/7 100/127/7
f 99/130/7 289/131/7 288/126/7
f 315/132/7 193/129/7 316/128/7
f 315/132/7 194/133/7 193/129/7
f 98/134/7 289/131/7 99/130/7
f 314/135/7 194/133/7 315/132/7
f 314/135/7 195/136/7 194/133/7
f 98/134/7 290/137/7 289/131/7
f 97/138/7 290/137/7 98/134/7
f 313/139/7 195/136/7 314/135/7
f 313/139/7 196/140/7 195/136/7
f 96/141/7 290/137/7 97/138/7
f 96/141/7 291/142/7 290/137/7
f 312/143/7 196/140/7 313/139/7
f 312/143/7 197/144/7 196/140/7
f 95/145/7 291/142/7 96/141/7
f 311/146/7 197/144/7 312/143/7
f 95/145/7 292/147/7 291/142/7
f 310/148/7 197/144/7 311/146/7
f 94/149/7 292/147/7 95/145/7
f 310/148/7 198/150/7 197/144/7
f 94/149/7 293/151/7 292/147/7
f 309/152/7 198/150/7 310/148/7
f 94/149/7 294/153/7 293/151/7
f 94/149/7 295/154/7 294/153/7
f 309/152/7 199/155/7 198/150/7
f 308/156/7 199/155/7 309/152/7
f 93/157/7 295/154/7 94/149/7
f 93/157/7 296/158/7 295/154/7
f 93/157/7 297/159/7 296/158/7
f 308/156/7 200/160/7 199/155/7
f 307/161/7 200/160/7 308/156/7
f 93/157/7 298/162/7 297/159/7
f 307/161/7 201/163/7 200/160/7
f 201/163/7 203/164/7 202/165/7
f 93/157/7 299/166/7 298/162/7
f 307/161/7 203/164/7 201/163/7
f 307/161/7 204/167/7 203/164/7
f 306/168/7 204/167/7 307/161/7
f 93/157/7 300/169/7 299/166/7
f 93/157/7 301/170/7 300/169/7
f 93/157/7 302/171/7 301/170/7
f 305/172/7 204/167/7 306/168/7
f 93/157/7 303/173/7 302/171/7
f 93/157/7 304/174/7 303/173/7
f 93/157/7 305/172/7 304/174/7
f 93/157/7 204/167/7 305/172/7
f 93/157/7 205/175/7 204/167/7
f 92/176/7 205/175/7 93/157/7
f 92/176/7 206/177/7 205/175/7
f 91/178/7 206/177/7 92/176/7
f 91/178/7 207/179/7 206/177/7
f 90/180/7 207/179/7 91/178/7
f 90/180/7 208/181/7 207/179/7
f 89/182/7 208/181/7 90/180/7
f 88/183/7 208/181/7 89/182/7
f 88/183/7 209/184/7 208/181/7
f 88/183/7 210/185/7 209/184/7
f 87/186/7 210/185/7 88/183/7
f 86/187/7 210/185/7 87/186/7
f 86/187/7 211/188/7 210/185/7
f 85/189/7 211/188/7 86/187/7
f 84/190/7 211/188/7 85/189/7
f 84/190/7 212/191/7 211/188/7
f 83/192/7 212/191/7 84/190/7
f 82/193/7 212/191/7 83/192/7
f 82/193/7 213/194/7 212/191/7
f 81/195/7 213/194/7 82/193/7
f 80/196/7 213/194/7 81/195/7
f 79/197/7 213/194/7 80/196/7
f 79/197/7 214/198/7 213/194/7
f 78/199/7 214/198/7 79/197/7
f 77/200/7 214/198/7 78/199/7
f 77/200/7 215/201/7 214/198/7
f 76/202/7 215/201/7 77/200/7
f 75/203/7 215/201/7 76/202/7
f 75/203/7 216/204/7 215/201/7
f 74/205/7 216/204/7 75/203/7
f 73/206/7 216/204/7 74/205/7
f 73/206/7 217/207/7 216/204/7
f 72/208/7 217/207/7 73/206/7
f 71/209/7 217/207/7 72/208/7
f 70/210/7 217/207/7 71/209/7
f 70/210/7 218/211/7 217/207/7
f 69/212/7 218/211/7 70/210/7
f 68/213/7 218/211/7 69/212/7
f 67/214/7 218/211/7 68/213/7
f 67/214/7 219/215/7 218/211/7
f 66/216/7 219/215/7 67/214/7
f 65/217/7 219/215/7 66/216/7
f 64/218/7 219/215/7 65/217/7
f 64/218/7 220/219/7 219/215/7
f 63/220/7 220/219/7 64/218/7
f 62/221/7 220/219/7 63/220/7
f 62/221/7 221/222/7 220/219/7
f 61/223/7 221/222/7 62/221/7
f 61/223/7 222/224/7 221/222/7
f 60/225/7 222/224/7 61/223/7
f 60/225/7 223/226/7 222/224/7
f 59/227/7 223/226/7 60/225/7
f 59/227/7 224/228/7 223/226/7
f 59/227/7 232/229/7 224/228/7
f 232/229/7 225/230/7 224/228/7
f 58/231/7 232/229/7 59/227/7
f 58/231/7 233/232/7 232/229/7
f 231/233/7 225/230/7 232/229/7
f 230/234/7 225/230/7 231/233/7
f 230/234/7 226/235/7 225/230/7
f 229/236/7 226/235/7 230/234/7
f 228/237/7 226/235/7 229/236/7
f 228/237/7 227/238/7 226/235/7
f 57/239/7 233/232/7 58/231/7
f 56/240/7 233/232/7 57/239/7
f 56/240/7 234/241/7 233/232/7
f 55/242/7 234/241/7 56/240/7
f 54/243/7 234/241/7 55/242/7
f 53/244/7 234/241/7 54/243/7
f 52/245/7 234/241/7 53/244/7
f 51/246/7 234/241/7 52/245/7
f 50/247/7 234/241/7 51/246/7
f 49/248/7 234/241/7 50/247/7
f 48/249/7 234/241/7 49/248/7
f 48/249/7 235/250/7 234/241/7
f 47/251/7 235/250/7 48/249/7
f 46/252/7 235/250/7 47/251/7
f 45/253/7 235/250/7 46/252/7
f 44/254/7 235/250/7 45/253/7
f 43/255/7 235/250/7 44/254/7
f 42/256/7 235/250/7 43/255/7
f 41/257/7 235/250/7 42/256/7
f 40/258/7 235/250/7 41/257/7
f 39/259/7 235/250/7 40/258/7
f 38/260/7 235/250/7 39/259/7
f 38/260/7 236/261/7 235/250/7
f 37/262/7 236/261/7 38/260/7
f 36/263/7 236/261/7 37/262/7
f 35/264/7 236/261/7 36/263/7
f 34/265/7 236/261/7 35/264/7
f 33/266/7 236/261/7 34/265/7
f 32/267/7 236/261/7 33/266/7
f 31/268/7 236/261/7 32/267/7
f 30/269/7 236/261/7 31/268/7
f 29/270/7 236/261/7 30/269/7
f 28/271/7 236/261/7 29/270/7
f 27/272/7 236/261/7 28/271/7
f 26/273/7 236/261/7 27/272/7
f 25/274/7 236/261/7 26/273/7
f 24/275/7 236/261/7 25/274/7
f 23/276/7 236/261/7 24/275/7
f 22/277/7 236/261/7 23/276/7
f 22/277/7 237/278/7 236/261/7
f 21/279/7 237/278/7 22/277/7
f 20/280/7 237/278/7 21/279/7
f 19/281/7 237/278/7 20/280/7
f 18/282/7 237/278/7 19/281/7
f 17/283/7 237/278/7 18/282/7
f 268/284/7 237/278/7 17/283/7
f 267/285/7 237/278/7 268/284/7
f 267/285/7 238/286/7 237/278/7
f 266/287/7 238/286/7 267/285/7
f 266/287/7 239/288/7 238/286/7
f 265/289/7 239/288/7 266/287/7
f 265/289/7 240/290/7 239/288/7
f 264/291/7 240/290/7 265/289/7
f 264/291/7 241/292/7 240/290/7
f 264/291/7 242/293/7 241/292/7
f 263/294/7 242/293/7 264/291/7
f 263/294/7 243/295/7 242/293/7
f 262/296/7 243/295/7 263/294/7
f 262/296/7 244/297/7 243/295/7
f 261/298/7 244/297/7 262/296/7
f 261/298/7 245/299/7 244/297/7
f 260/300/7 245/299/7 261/298/7
f 260/300/7 246/301/7 245/299/7
f 259/302/7 246/301/7 260/300/7
f 259/302/7 247/303/7 246/301/7
f 258/304/7 247/303/7 259/302/7
f 258/304/7 248/305/7 247/303/7
f 258/304/7 249/306/7 248/305/7
f 257/307/7 249/306/7 258/304/7
f 257/307/7 250/308/7 249/306/7
f 256/309/7 250/308/7 257/307/7
f 256/309/7 251/310/7 250/308/7
f 255/311/7 251/310/7 256/309/7
f 254/312/7 251/310/7 255/311/7
f 254/312/7 252/313/7 251/310/7
f 253/314/7 252/313/7 254/312/7
f 449/315/7 451/316/7 450/317/7
f 449/315/7 452/318/7 451/316/7
f 449/315/7 453/319/7 452/318/7
f 449/315/7 454/320/7 453/319/7
f 448/321/7 454/320/7 449/315/7
f 448/321/7 455/322/7 454/320/7
f 448/321/7 456/323/7 455/322/7
f 448/321/7 457/324/7 456/323/7
f 447/325/7 457/324/7 448/321/7
f 447/325/7 458/326/7 457/324/7
f 447/325/7 459/327/7 458/326/7
f 446/328/7 459/327/7 447/325/7
f 446/328/7 460/329/7 459/327/7
f 446/328/7 461/330/7 460/329/7
f 445/331/7 461/330/7 446/328/7
f 445/331/7 462/332/7 461/330/7
f 444/333/7 462/332/7 445/331/7
f 444/333/7 463/334/7 462/332/7
f 443/335/7 463/334/7 444/333/7
f 443/335/7 464/336/7 463/334/7
f 442/337/7 464/336/7 443/335/7
f 441/338/7 464/336/7 442/337/7
f 441/338/7 465/339/7 464/336/7
f 440/340/7 465/339/7 441/338/7
f 439/341/7 465/339/7 440/340/7
f 439/341/7 466/342/7 465/339/7
f 438/343/7 466/342/7 439/341/7
f 437/344/7 466/342/7 438/343/7
f 436/345/7 466/342/7 437/344/7
f 436/345/7 467/346/7 466/342/7
f 435/347/7 467/346/7 436/345/7
f 434/348/7 467/346/7 435/347/7
f 433/349/7 467/346/7 434/348/7
f 433/349/7 468/350/7 467/346/7
f 432/351/7 468/350/7 433/349/7
f 431/352/7 468/350/7 432/351/7
f 430/353/7 468/350/7 431/352/7
f 430/353/7 469/354/7 468/350/7
f 429/355/7 469/354/7 430/353/7
f 428/356/7 469/354/7 429/355/7
f 427/357/7 469/354/7 428/356/7
f 427/357/7 402/358/7 469/354/7
f 402/358/7 470/359/7 469/354/7
f 427/357/7 403/360/7 402/358/7
f 401/361/7 470/359/7 402/358/7
f 426/362/7 403/360/7 427/357/7
f 426/362/7 404/363/7 403/360/7
f 400/364/7 470/359/7 401/361/7
f 426/362/7 405/365/7 404/363/7
f 399/366/7 470/359/7 400/364/7
f 426/362/7 406/367/7 405/365/7
f 425/368/7 406/367/7 426/362/7
f 398/369/7 470/359/7 399/366/7
f 425/368/7 407/370/7 406/367/7
f 424/371/7 407/370/7 425/368/7
f 397/372/7 470/359/7 398/369/7
f 423/373/7 407/370/7 424/371/7
f 423/373/7 408/374/7 407/370/7
f 422/375/7 408/374/7 423/373/7
f 396/376/7 470/359/7 397/372/7
f 422/375/7 409/377/7 408/374/7
f 421/378/7 409/377/7 422/375/7
f 396/376/7 471/379/7 470/359/7
f 420/380/7 409/377/7 421/378/7
f 420/380/7 410/381/7 409/377/7
f 395/382/7 471/379/7 396/376/7
f 419/383/7 410/381/7 420/380/7
f 419/383/7 411/384/7 410/381/7
f 418/385/7 411/384/7 419/383/7
f 394/386/7 471/379/7 395/382/7
f 418/385/7 412/387/7 411/384/7
f 417/388/7 412/387/7 418/385/7
f 416/389/7 412/387/7 417/388/7
f 416/389/7 413/390/7 412/387/7
f 415/391/7 413/390/7 416/389/7
f 415/391/7 414/392/7 413/390/7
f 393/393/7 471/379/7 394/386/7
f 393/393/7 472/394/7 471/379/7
f 392/395/7 472/394/7 393/393/7
f 391/396/7 472/394/7 392/395/7
f 390/397/7 472/394/7 391/396/7
f 390/397/7 473/398/7 472/394/7
f 389/399/7 473/398/7 390/397/7
f 388/400/7 473/398/7 389/399/7
f 387/401/7 473/398/7 388/400/7
f 386/402/7 473/398/7 387/401/7
f 385/403/7 473/398/7 386/402/7
f 384/404/7 473/398/7 385/403/7
f 384/404/7 474/405/7 473/398/7
f 383/406/7 474/405/7 384/404/7
f 382/407/7 474/405/7 383/406/7
f 381/408/7 474/405/7 382/407/7
f 380/409/7 474/405/7 381/408/7
f 380/409/7 475/410/7 474/405/7
f 379/411/7 475/410/7 380/409/7
f 378/412/7 475/410/7 379/411/7
f 377/413/7 475/410/7 378/412/7
f 377/413/7 476/414/7 475/410/7
f 376/415/7 476/414/7 377/413/7
f 375/416/7 476/414/7 376/415/7
f 375/416/7 477/417/7 476/414/7
f 374/418/7 477/417/7 375/416/7
f 373/419/7 477/417/7 374/418/7
f 372/420/7 477/417/7 373/419/7
f 372/420/7 478/421/7 477/417/7
f 371/422/7 478/421/7 372/420/7
f 370/423/7 478/421/7 371/422/7
f 370/423/7 479/424/7 478/421/7
f 369/425/7 479/424/7 370/423/7
f 368/426/7 479/424/7 369/425/7
f 367/427/7 479/424/7 368/426/7
f 367/427/7 480/428/7 479/424/7
f 366/429/7 480/428/7 367/427/7
f 365/430/7 480/428/7 366/429/7
f 364/431/7 480/428/7 365/430/7
f 363/432/7 480/428/7 364/431/7
f 362/433/7 480/428/7 363/432/7
f 362/433/7 481/434/7 480/428/7
f 361/435/7 481/434/7 362/433/7
f 360/436/7 481/434/7 361/435/7
f 359/437/7 481/434/7 360/436/7
f 358/438/7 481/434/7 359/437/7
f 357/439/7 481/434/7 358/438/7
f 356/440/7 481/434/7 357/439/7
f 355/441/7 481/434/7 356/440/7
f 354/442/7 481/434/7 355/441/7
f 354/442/7 482/443/7 481/434/7
f 353/444/7 482/443/7 354/442/7
f 352/445/7 482/443/7 353/444/7
f 352/445/7 483/446/7 482/443/7
f 351/447/7 483/446/7 352/445/7
f 350/448/7 483/446/7 351/447/7
f 350/448/7 484/449/7 483/446/7
f 349/450/7 484/449/7 350/448/7
f 349/450/7 485/451/7 484/449/7
f 348/452/7 485/451/7 349/450/7
f 348/452/7 486/112/7 485/451/7
f 347/453/7 486/112/7 348/452/7
f 347/453/7 319/283/7 486/112/7
f 347/453/7 320/454/7 319/283/7
f 347/453/7 321/455/7 320/454/7
f 347/453/7 322/456/7 321/455/7
f 346/457/7 322/456/7 347/453/7
f 346/457/7 323/458/7 322/456/7
f 346/457/7 324/459/7 323/458/7
f 346/457/7 325/460/7 324/459/7
f 346/457/7 326/461/7 325/460/7
f 346/457/7 327/462/7 326/461/7
f 346/457/7 328/463/7 327/462/7
f 345/464/7 328/463/7 346/457/7
f 345/464/7 329/465/7 328/463/7
f 345/464/7 330/466/7 329/465/7
f 345/464/7 331/467/7 330/466/7
f 345/464/7 332/468/7 331/467/7
f 344/469/7 332/468/7 345/464/7
f 344/469/7 333/470/7 332/468/7
f 344/469/7 334/471/7 333/470/7
f 344/469/7 335/472/7 334/471/7
f 343/473/7 335/472/7 344/469/7
f 343/473/7 336/474/7 335/472/7
f 343/473/7 337/475/7 336/474/7
f 343/473/7 338/476/7 337/475/7
f 342/477/7 338/476/7 343/473/7
f 342/477/7 339/478/7 338/476/7
f 342/477/7 340/479/7 339/478/7
f 342/477/7 341/480/7 340/479/7
f 617/13/8 618/15/8 619/14/8
f 617/13/8 619/14/8 620/16/8
f 617/13/8 620/16/8 621/17/8
f 617/13/8 621/17/8 622/18/8
f 616/19/8 617/13/8 622/18/8
f 616/19/8 622/18/8 623/20/8
f 616/19/8 623/20/8 624/21/8
f 615/22/8 616/19/8 624/21/8
f 615/22/8 624/21/8 625/23/8
f 614/24/8 615/22/8 625/23/8
f 614/24/8 625/23/8 626/25/8
f 613/26/8 614/24/8 626/25/8
f 613/26/8 626/25/8 627/27/8
f 613/26/8 627/27/8 628/28/8
f 612/29/8 613/26/8 628/28/8
f 612/29/8 628/28/8 629/30/8
f 611/31/8 612/29/8 629/30/8
f 611/31/8 629/30/8 630/32/8
f 610/33/8 611/31/8 630/32/8
f 610/33/8 630/32/8 631/34/8
f 609/35/8 610/33/8 631/34/8
f 609/35/8 631/34/8 632/36/8
f 608/37/8 609/35/8 632/36/8
f 608/37/8 632/36/8 633/38/8
f 607/39/8 608/37/8 633/38/8
f 607/39/8 633/38/8 634/40/8
f 606/41/8 607/39/8 634/40/8
f 606/41/8 634/40/8 635/42/8
f 605/43/8 606/41/8 635/42/8
f 605/43/8 635/42/8 636/44/8
f 605/43/8 636/44/8 637/45/8
f 605/43/8 637/45/8 638/46/8
f 604/47/8 605/43/8 638/46/8
f 604/47/8 638/46/8 639/48/8
f 604/47/8 639/48/8 640/49/8
f 603/50/8 604/47/8 640/49/8
f 603/50/8 640/49/8 641/51/8
f 603/50/8 641/51/8 642/52/8
f 602/53/8 603/50/8 642/52/8
f 602/53/8 642/52/8 643/54/8
f 601/55/8 602/53/8 643/54/8
f 601/55/8 643/54/8 644/56/8
f 600/57/8 601/55/8 644/56/8
f 599/58/8 600/57/8 644/56/8
f 599/58/8 644/56/8 645/59/8
f 598/60/8 599/58/8 645/59/8
f 598/60/8 645/59/8 646/61/8
f 597/62/8 598/60/8 646/61/8
f 597/62/8 646/61/8 647/63/8
f 596/64/8 597/62/8 647/63/8
f 595/65/8 596/64/8 647/63/8
f 595/65/8 647/63/8 648/66/8
f 594/67/8 595/65/8 648/66/8
f 594/67/8 648/66/8 649/68/8
f 593/69/8 594/67/8 649/68/8
f 592/70/8 593/69/8 649/68/8
f 592/70/8 649/68/8 650/71/8
f 591/72/8 592/70/8 650/71/8
f 590/73/8 591/72/8 650/71/8
f 589/74/8 590/73/8 650/71/8
f 589/74/8 650/71/8 651/75/8
f 588/76/8 589/74/8 651/75/8
f 587/77/8 588/76/8 651/75/8
f 587/77/8 651/75/8 652/78/8
f 586/79/8 587/77/8 652/78/8
f 585/80/8 586/79/8 652/78/8
f 585/80/8 652/78/8 653/81/8
f 584/82/8 585/80/8 653/81/8
f 583/83/8 584/82/8 653/81/8
f 583/83/8 653/81/8 654/84/8
f 582/85/8 583/83/8 654/84/8
f 581/86/8 582/85/8 750/87/8
f 750/87/8 582/85/8 654/84/8
f 581/86/8 750/87/8 751/88/8
f 749/89/8 750/87/8 654/84/8
f 748/90/8 749/89/8 654/84/8
f 748/90/8 654/84/8 655/91/8
f 580/92/8 581/86/8 751/88/8
f 747/93/8 748/90/8 655/91/8
f 580/92/8 751/88/8 752/94/8
f 746/95/8 747/93/8 655/91/8
f 745/96/8 746/95/8 655/91/8
f 579/97/8 580/92/8 752/94/8
f 745/96/8 655/91/8 656/98/8
f 744/99/8 745/96/8 656/98/8
f 579/97/8 752/94/8 753/100/8
f 743/101/8 744/99/8 656/98/8
f 578/102/8 579/97/8 753/100/8
f 742/103/8 743/101/8 656/98/8
f 742/103/8 656/98/8 657/104/8
f 741/105/8 742/103/8 657/104/8
f 578/102/8 753/100/8 754/106/8
f 577/107/8 578/102/8 754/106/8
f 740/108/8 741/105/8 657/104/8
f 740/108/8 657/104/8 658/109/8
f 739/110/8 740/108/8 658/109/8
f 576/111/8 577/107/8 754/106/8
f 788/112/8 739/110/8 658/109/8
f 576/111/8 754/106/8 755/113/8
f 787/114/8 788/112/8 658/109/8
f 575/115/8 576/111/8 755/113/8
f 787/114/8 658/109/8 659/116/8
f 574/117/8 575/115/8 755/113/8
f 574/117/8 755/113/8 756/118/8
f 787/114/8 659/116/8 660/119/8
f 573/120/8 574/117/8 756/118/8
f 787/114/8 660/119/8 661/121/8
f 573/120/8 756/118/8 757/122/8
f 572/123/8 573/120/8 757/122/8
f 571/124/8 572/123/8 757/122/8
f 787/114/8 661/121/8 662/125/8
f 571/124/8 757/122/8 758/126/8
f 570/127/8 571/124/8 758/126/8
f 786/128/8 787/114/8 662/125/8
f 786/128/8 662/125/8 663/129/8
f 569/130/8 570/127/8 758/126/8
f 569/130/8 758/126/8 759/131/8
f 785/132/8 786/128/8 663/129/8
f 785/132/8 663/129/8 664/133/8
f 568/134/8 569/130/8 759/131/8
f 784/135/8 785/132/8 664/133/8
f 784/135/8 664/133/8 665/136/8
f 568/134/8 759/131/8 760/137/8
f 567/138/8 568/134/8 760/137/8
f 783/139/8 784/135/8 665/136/8
f 783/139/8 665/136/8 666/140/8
f 566/141/8 567/138/8 760/137/8
f 566/141/8 760/137/8 761/142/8
f 782/143/8 783/139/8 666/140/8
f 782/143/8 666/140/8 667/144/8
f 565/145/8 566/141/8 761/142/8
f 781/146/8 782/143/8 667/144/8
f 565/145/8 761/142/8 762/147/8
f 780/148/8 781/146/8 667/144/8
f 564/149/8 565/145/8 762/147/8
f 780/148/8 667/144/8 668/150/8
f 564/149/8 762/147/8 763/151/8
f 779/152/8 780/148/8 668/150/8
f 564/149/8 763/151/8 764/153/8
f 564/149/8 764/153/8 765/154/8
f 779/152/8 668/150/8 669/155/8
f 778/156/8 779/152/8 669/155/8
f 563/157/8 564/149/8 765/154/8
f 563/157/8 765/154/8 766/158/8
f 563/157/8 766/158/8 767/159/8
f 778/156/8 669/155/8 670/160/8
f 777/161/8 778/156/8 670/160/8
f 563/157/8 767/159/8 768/162/8
f 777/161/8 670/160/8 671/163/8
f 671/163/8 672/165/8 673/164/8
f 563/157/8 768/162/8 769/166/8
f 777/161/8 671/163/8 673/164/8
f 777/161/8 673/164/8 674/167/8
f 776/168/8 777/161/8 674/167/8
f 563/157/8 769/166/8 770/169/8
f 563/157/8 770/169/8 771/170/8
f 563/157/8 771/170/8 772/171/8
f 775/172/8 776/168/8 674/167/8
f 563/157/8 772/171/8 773/173/8
f 563/157/8 773/173/8 774/174/8
f 563/157/8 774/174/8 775/172/8
f 563/157/8 775/172/8 674/167/8
f 563/157/8 674/167/8 675/175/8
f 562/176/8 563/157/8 675/175/8
f 562/176/8 675/175/8 676/177/8
f 561/178/8 562/176/8 676/177/8
f 561/178/8 676/177/8 677/179/8
f 560/180/8 561/178/8 677/179/8
f 560/180/8 677/179/8 678/181/8
f 559/182/8 560/180/8 678/181/8
f 558/183/8 559/182/8 678/181/8
f 558/183/8 678/181/8 679/184/8
f 558/183/8 679/184/8 680/185/8
f 557/186/8 558/183/8 680/185/8
f 556/187/8 557/186/8 680/185/8
f 556/187/8 680/185/8 681/188/8
f 555/189/8 556/187/8 681/188/8
f 554/190/8 555/189/8 681/188/8
f 554/190/8 681/188/8 682/191/8
f 553/192/8 554/190/8 682/191/8
f 552/193/8 553/192/8 682/191/8
f 552/193/8 682/191/8 683/194/8
f 551/195/8 552/193/8 683/194/8
f 550/196/8 551/195/8 683/194/8
f 549/197/8 550/196/8 683/194/8
f 549/197/8 683/194/8 684/198/8
f 548/199/8 549/197/8 684/198/8
f 547/200/8 548/199/8 684/198/8
f 547/200/8 684/198/8 685/201/8
f 546/202/8 547/200/8 685/201/8
f 545/203/8 546/202/8 685/201/8
f 545/203/8 685/201/8 686/204/8
f 544/205/8 545/203/8 686/204/8
f 543/206/8 544/205/8 686/204/8
f 543/206/8 686/204/8 687/207/8
f 542/208/8 543/206/8 687/207/8
f 541/209/8 542/208/8 687/207/8
f 540/210/8 541/209/8 687/207/8
f 540/210/8 687/207/8 688/211/8
f 539/212/8 540/210/8 688/211/8
f 538/213/8 539/212/8 688/211/8
f 537/214/8 538/213/8 688/211/8
f 537/214/8 688/211/8 689/215/8
f 536/216/8 537/214/8 689/215/8
f 535/217/8 536/216/8 689/215/8
f 534/218/8 535/217/8 689/215/8
f 534/218/8 689/215/8 690/219/8
f 533/220/8 534/218/8 690/219/8
f 532/221/8 533/220/8 690/219/8
f 532/221/8 690/219/8 691/222/8
f 531/223/8 532/221/8 691/222/8
f 531/223/8 691/222/8 692/224/8
f 530/225/8 531/223/8 692/224/8
f 530/225/8 692/224/8 693/226/8
f 529/227/8 530/225/8 693/226/8
f 529/227/8 693/226/8 694/228/8
f 529/227/8 694/228/8 702/229/8
f 702/229/8 694/228/8 695/230/8
f 528/231/8 529/227/8 702/229/8
f 528/231/8 702/229/8 703/232/8
f 701/233/8 702/229/8 695/230/8
f 700/234/8 701/233/8 695/230/8
f 700/234/8 695/230/8 696/235/8
f 699/236/8 700/234/8 696/235/8
f 698/237/8 699/236/8 696/235/8
f 698/237/8 696/235/8 697/238/8
f 527/239/8 528/231/8 703/232/8
f 526/240/8 527/239/8 703/232/8
f 526/240/8 703/232/8 704/241/8
f 525/242/8 526/240/8 704/241/8
f 524/243/8 525/242/8 704/241/8
f 523/244/8 524/243/8 704/241/8
f 522/245/8 523/244/8 704/241/8
f 521/246/8 522/245/8 704/241/8
f 520/247/8 521/246/8 704/241/8
f 519/248/8 520/247/8 704/241/8
f 518/249/8 519/248/8 704/241/8
f 518/249/8 704/241/8 705/250/8
f 517/251/8 518/249/8 705/250/8
f 516/252/8 517/251/8 705/250/8
f 515/253/8 516/252/8 705/250/8
f 514/254/8 515/253/8 705/250/8
f 513/255/8 514/254/8 705/250/8
f 512/256/8 513/255/8 705/250/8
f 511/257/8 512/256/8 705/250/8
f 510/258/8 511/257/8 705/250/8
f 509/259/8 510/258/8 705/250/8
f 508/260/8 509/259/8 705/250/8
f 508/260/8 705/250/8 706/261/8
f 507/262/8 508/260/8 706/261/8
f 506/263/8 507/262/8 706/261/8
f 505/264/8 506/263/8 706/261/8
f 504/265/8 505/264/8 706/261/8
f 503/266/8 504/265/8 706/261/8
f 502/267/8 503/266/8 706/261/8
f 501/268/8 502/267/8 706/261/8
f 500/269/8 501/268/8 706/261/8
f 499/270/8 500/269/8 706/261/8
f 498/271/8 499/270/8 706/261/8
f 497/272/8 498/271/8 706/261/8
f 496/273/8 497/272/8 706/261/8
f 495/274/8 496/273/8 706/261/8
f 494/275/8 495/274/8 706/261/8
f 493/276/8 494/275/8 706/261/8
f 492/277/8 493/276/8 706/261/8
f 492/277/8 706/261/8 707/278/8
f 491/279/8 492/277/8 707/278/8
f 490/280/8 491/279/8 707/278/8
f 489/281/8 490/280/8 707/278/8
f 488/282/8 489/281/8 707/278/8
f 487/283/8 488/282/8 707/278/8
f 738/284/8 487/283/8 707/278/8
f 737/285/8 738/284/8 707/278/8
f 737/285/8 707/278/8 708/286/8
f 736/287/8 737/285/8 708/286/8
f 736/287/8 708/286/8 709/288/8
f 735/289/8 736/287/8 709/288/8
f 735/289/8 709/288/8 710/290/8
f 734/291/8 735/289/8 710/290/8
f 734/291/8 710/290/8 711/292/8
f 734/291/8 711/292/8 712/293/8
f 733/294/8 734/291/8 712/293/8
f 733/294/8 712/293/8 713/295/8
f 732/296/8 733/294/8 713/295/8
f 732/296/8 713/295/8 714/297/8
f 731/298/8 732/296/8 714/297/8
f 731/298/8 714/297/8 715/299/8
f 730/300/8 731/298/8 715/299/8
f 730/300/8 715/299/8 716/301/8
f 729/302/8 730/300/8 716/301/8
f 729/302/8 716/301/8 717/303/8
f 728/304/8 729/302/8 717/303/8
f 728/304/8 717/303/8 718/305/8
f 728/304/8 718/305/8 719/306/8
f 727/307/8 728/304/8 719/306/8
f 727/307/8 719/306/8 720/308/8
f 726/309/8 727/307/8 720/308/8
f 726/309/8 720/308/8 721/310/8
f 725/311/8 726/309/8 721/310/8
f 724/312/8 725/311/8 721/310/8
f 724/312/8 721/310/8 722/313/8
f 723/314/8 724/312/8 722/313/8
f 919/315/8 920/317/8 921/316/8
f 919/315/8 921/316/8 922/318/8
f 919/315/8 922/318/8 923/319/8
f 919/315/8 923/319/8 924/320/8
f 918/321/8 919/315/8 924/320/8
f 918/321/8 924/320/8 925/322/8
f 918/321/8 925/322/8 926/323/8
f 918/321/8 926/323/8 927/324/8
f 917/325/8 918/321/8 927/324/8
f 917/325/8 927/324/8 928/326/8
f 917/325/8 928/326/8 929/327/8
f 916/328/8 917/325/8 929/327/8
f 916/328/8 929/327/8 930/329/8
f 916/328/8 930/329/8 931/330/8
f 915/331/8 916/328/8 931/330/8
f 915/331/8 931/330/8 932/332/8
f 914/333/8 915/331/8 932/332/8
f 914/333/8 932/332/8 933/334/8
f 913/335/8 914/333/8 933/334/8
f 913/335/8 933/334/8 934/336/8
f 912/337/8 913/335/8 934/336/8
f 911/338/8 912/337/8 934/336/8
f 911/338/8 934/336/8 935/339/8
f 910/340/8 911/338/8 935/339/8
f 909/341/8 910/340/8 935/339/8
f 909/341/8 935/339/8 936/342/8
f 908/343/8 909/341/8 936/342/8
f 907/344/8 908/343/8 936/342/8
f 906/345/8 907/344/8 936/342/8
f 906/345/8 936/342/8 937/346/8
f 905/347/8 906/345/8 937/346/8
f 904/348/8 905/347/8 937/346/8
f 903/349/8 904/348/8 937/346/8
f 903/349/8 937/346/8 938/350/8
f 902/351/8 903/349/8 938/350/8
f 901/352/8 902/351/8 938/350/8
f 900/353/8 901/352/8 938/350/8
f 900/353/8 938/350/8 939/354/8
f 899/355/8 900/353/8 939/354/8
f 898/356/8 899/355/8 939/354/8
f 897/357/8 898/356/8 939/354/8
f 897/357/8 939/354/8 872/358/8
f 872/358/8 939/354/8 940/359/8
f 897/357/8 872/358/8 873/360/8
f 871/361/8 872/358/8 940/359/8
f 896/362/8 897/357/8 873/360/8
f 896/362/8 873/360/8 874/363/8
f 870/364/8 871/361/8 940/359/8
f 896/362/8 874/363/8 875/365/8
f 869/366/8 870/364/8 940/359/8
f 896/362/8 875/365/8 876/367/8
f 895/368/8 896/362/8 876/367/8
f 868/369/8 869/366/8 940/359/8
f 895/368/8 876/367/8 877/370/8
f 894/371/8 895/368/8 877/370/8
f 867/372/8 868/369/8 940/359/8
f 893/373/8 894/371/8 877/370/8
f 893/373/8 877/370/8 878/374/8
f 892/375/8 893/373/8 878/374/8
f 866/376/8 867/372/8 940/359/8
f 892/375/8 878/374/8 879/377/8
f 891/378/8 892/375/8 879/377/8
f 866/376/8 940/359/8 941/379/8
f 890/380/8 891/378/8 879/377/8
f 890/380/8 879/377/8 880/381/8
f 865/382/8 866/376/8 941/379/8
f 889/383/8 890/380/8 880/381/8
f 889/383/8 880/381/8 881/384/8
f 888/385/8 889/383/8 881/384/8
f 864/386/8 865/382/8 941/379/8
f 888/385/8 881/384/8 882/387/8
f 887/388/8 888/385/8 882/387/8
f 886/389/8 887/388/8 882/387/8
f 886/389/8 882/387/8 883/390/8
f 885/391/8 886/389/8 883/390/8
f 885/391/8 883/390/8 884/392/8
f 863/393/8 864/386/8 941/379/8
f 863/393/8 941/379/8 942/394/8
f 862/395/8 863/393/8 942/394/8
f 861/396/8 862/395/8 942/394/8
f 860/397/8 861/396/8 942/394/8
f 860/397/8 942/394/8 943/398/8
f 859/399/8 860/397/8 943/398/8
f 858/400/8 859/399/8 943/398/8
f 857/401/8 858/400/8 943/398/8
f 856/402/8 857/401/8 943/398/8
f 855/403/8 856/402/8 943/398/8
f 854/404/8 855/403/8 943/398/8
f 854/404/8 943/398/8 944/405/8
f 853/406/8 854/404/8 944/405/8
f 852/407/8 853/406/8 944/405/8
f 851/408/8 852/407/8 944/405/8
f 850/409/8 851/408/8 944/405/8
f 850/409/8 944/405/8 945/410/8
f 849/411/8 850/409/8 945/410/8
f 848/412/8 849/411/8 945/410/8
f 847/413/8 848/412/8 945/410/8
f 847/413/8 945/410/8 946/414/8
f 846/415/8 847/413/8 946/414/8
f 845/416/8 846/415/8 946/414/8
f 845/416/8 946/414/8 947/417/8
f 844/418/8 845/416/8 947/417/8
f 843/419/8 844/418/8 947/417/8
f 842/420/8 843/419/8 947/417/8
f 842/420/8 947/417/8 948/421/8
f 841/422/8 842/420/8 948/421/8
f 840/423/8 841/422/8 948/421/8
f 840/423/8 948/421/8 949/424/8
f 839/425/8 840/423/8 949/424/8
f 838/426/8 839/425/8 949/424/8
f 837/427/8 838/426/8 949/424/8
f 837/427/8 949/424/8 950/428/8
f 836/429/8 837/427/8 950/428/8
f 835/430/8 836/429/8 950/428/8
f 834/431/8 835/430/8 950/428/8
f 833/432/8 834/431/8 950/428/8
f 832/433/8 833/432/8 950/428/8
f 832/433/8 950/428/8 951/434/8
f 831/435/8 832/433/8 951/434/8
f 830/436/8 831/435/8 951/434/8
f 829/437/8 830/436/8 951/434/8
f 828/438/8 829/437/8 951/434/8
f 827/439/8 828/438/8 951/434/8
f 826/440/8 827/439/8 951/434/8
f 825/441/8 826/440/8 951/434/8
f 824/442/8 825/441/8 951/434/8
f 824/442/8 951/434/8 952/443/8
f 823/444/8 824/442/8 952/443/8
f 822/445/8 823/444/8 952/443/8
f 822/445/8 952/443/8 953/446/8
f 821/447/8 822/445/8 953/446/8
f 820/448/8 821/447/8 953/446/8
f 820/448/8 953/446/8 954/449/8
f 819/450/8 820/448/8 954/449/8
f 819/450/8 954/449/8 955/451/8
f 818/452/8 819/450/8 955/451/8
f 818/452/8 955/451/8 956/112/8
f 817/453/8 818/452/8 956/112/8
f 817/453/8 956/112/8 789/283/8
f 817/453/8 789/283/8 790/454/8
f 817/453/8 790/454/8 791/455/8
f 817/453/8 791/455/8 792/456/8
f 816/457/8 817/453/8 792/456/8
f 816/457/8 792/456/8 793/458/8
f 816/457/8 793/458/8 794/459/8
f 816/457/8 794/459/8 795/460/8
f 816/457/8 795/460/8 796/461/8
f 816/457/8 796/461/8 797/462/8
f 816/457/8 797/462/8 798/463/8
f 815/464/8 816/457/8 798/463/8
f 815/464/8 798/463/8 799/465/8
f 815/464/8 799/465/8 800/466/8
f 815/464/8 800/466/8 801/467/8
f 815/464/8 801/467/8 802/468/8
f 814/469/8 815/464/8 802/468/8
f 814/469/8 802/468/8 803/470/8
f 814/469/8 803/470/8 804/471/8
f 814/469/8 804/471/8 805/472/8
f 813/473/8 814/469/8 805/472/8
f 813/473/8 805/472/8 806/474/8
f 813/473/8 806/474/8 807/475/8
f 813/473/8 807/475/8 808/476/8
f 812/477/8 813/473/8 808/476/8
f 812/477/8 808/476/8 809/478/8
f 812/477/8 809/478/8 810/479/8
f 812/477/8 810/479/8 811/480/8
s 1
f 960/481/9 957/283/10 958/482/10
f 962/483/11 959/484/9 960/481/9
f 964/485/12 961/486/11 962/483/11
f 966/487/13 963/488/12 964/485/12
f 968/489/14 965/490/13 966/487/13
f 970/491/15 967/492/14 968/489/14
f 972/493/16 969/494/15 970/491/15
f 974/495/17 971/496/18 972/493/16
f 976/497/19 973/498/20 974/495/17
f 978/499/21 975/500/19 976/497/19
f 980/501/22 977/502/21 978/499/21
f 982/503/23 979/504/24 980/501/22
f 984/505/25 981/506/23 982/503/23
f 986/507/26 983/508/25 984/505/25
f 988/509/27 985/510/26 986/507/26
f 990/511/28 987/512/27 988/509/27
f 992/513/29 989/514/28 990/511/28
f 994/515/30 991/516/29 992/513/29
f 996/517/31 993/518/30 994/515/30
f 998/519/32 995/520/31 996/517/31
f 1000/521/33 997/522/32 998/519/32
f 1002/523/34 999/524/33 1000/521/33
f 1004/525/35 1001/526/34 1002/523/34
f 1006/527/36 1003/528/35 1004/525/35
f 1008/529/37 1005/225/36 1006/527/36
f 1010/530/38 1007/531/37 1008/529/37
f 1012/532/39 1009/533/38 1010/530/38
f 1014/534/40 1011/535/39 1012/532/39
f 1016/536/41 1013/537/40 1014/534/40
f 1018/538/42 1015/539/41 1016/536/41
f 1020/540/43 1017/541/42 1018/538/42
f 1022/542/44 1019/543/43 1020/540/43
f 1024/544/45 1021/545/44 1022/542/44
f 1026/546/46 1023/547/45 1024/544/45
f 1028/548/47 1025/549/46 1026/546/46
f 1030/550/48 1027/551/47 1028/548/47
f 1032/552/49 1029/553/48 1030/550/48
f 1034/554/50 1031/555/51 1032/552/49
f 1036/556/52 1033/557/50 1034/554/50
f 1038/558/53 1035/559/52 1036/556/52
f 1040/560/54 1037/561/53 1038/558/53
f 1042/562/55 1039/563/56 1040/560/54
f 1044/564/57 1041/565/55 1042/562/55
f 1046/566/58 1043/567/57 1044/564/57
f 1048/568/59 1045/569/58 1046/566/58
f 1050/570/60 1047/571/59 1048/568/59
f 1052/572/61 1049/573/60 1050/570/60
f 1054/574/62 1051/575/61 1052/572/61
f 1056/576/63 1053/120/62 1054/574/62
f 1058/577/64 1055/578/65 1056/576/63
f 1060/579/66 1057/580/64 1058/577/64
f 1062/581/67 1059/582/66 1060/579/66
f 1064/583/68 1061/584/67 1062/581/67
f 1066/585/69 1063/586/68 1064/583/68
f 1068/587/70 1065/588/69 1066/585/69
f 1070/589/71 1067/590/70 1068/587/70
f 1072/591/70 1069/592/71 1070/589/71
f 1074/593/69 1071/594/70 1072/591/70
f 1076/595/72 1073/596/69 1074/593/69
f 1078/597/73 1075/598/72 1076/595/72
f 1080/599/74 1077/600/73 1078/597/73
f 1082/601/57 1079/602/74 1080/599/74
f 1084/603/75 1081/604/57 1082/601/57
f 1086/605/76 1083/606/75 1084/603/75
f 1088/607/77 1085/608/76 1086/605/76
f 1090/609/76 1087/610/77 1088/607/77
f 1092/611/75 1089/612/76 1090/609/76
f 1094/613/57 1091/614/75 1092/611/75
f 1096/615/74 1093/616/57 1094/613/57
f 1098/617/73 1095/618/74 1096/615/74
f 1100/619/78 1097/620/73 1098/617/73
f 1102/621/79 1099/622/78 1100/619/78
f 1104/623/80 1101/19/79 1102/621/79
f 1106/624/81 1103/625/80 1104/623/80
f 1108/626/82 1105/627/81 1106/624/81
f 1110/628/83 1107/629/84 1108/626/82
f 1112/630/85 1109/631/83 1110/628/83
f 1114/632/86 1111/633/85 1112/630/85
f 1116/634/87 1113/635/86 1114/632/86
f 1118/636/88 1115/637/89 1116/634/87
f 1120/638/90 1117/639/88 1118/636/88
f 1122/640/91 1119/641/90 1120/638/90
f 1124/642/92 1121/643/91 1122/640/91
f 1126/644/93 1123/645/92 1124/642/92
f 1128/646/94 1125/647/93 1126/644/93
f 1130/648/95 1127/649/94 1128/646/94
f 1132/650/96 1129/651/95 1130/648/95
f 1134/652/97 1131/653/96 1132/650/96
f 1136/654/98 1133/655/97 1134/652/97
f 1138/656/99 1135/657/98 1136/654/98
f 1140/658/100 1137/659/99 1138/656/99
f 1142/660/101 1139/661/100 1140/658/100
f 1144/662/102 1141/663/101 1142/660/101
f 1146/664/103 1143/665/102 1144/662/102
f 1148/666/104 1145/667/103 1146/664/103
f 1150/668/105 1147/669/104 1148/666/104
f 1152/670/106 1149/116/105 1150/668/105
f 1154/671/107 1151/672/106 1152/670/106
f 1156/673/108 1153/674/107 1154/671/107
f 1158/675/109 1155/676/108 1156/673/108
f 1160/677/110 1157/678/109 1158/675/109
f 1162/679/111 1159/680/110 1160/677/110
f 1164/681/112 1161/682/111 1162/679/111
f 1166/683/113 1163/684/112 1164/681/112
f 1168/685/114 1165/686/113 1166/683/113
f 1170/687/115 1167/688/114 1168/685/114
f 1172/689/116 1169/690/115 1170/687/115
f 1174/691/117 1171/692/116 1172/689/116
f 1176/693/118 1173/694/117 1174/691/117
f 1178/695/119 1175/696/118 1176/693/118
f 1180/697/120 1177/698/119 1178/695/119
f 1182/699/121 1179/700/122 1180/697/120
f 1184/701/123 1181/702/121 1182/699/121
f 1186/703/124 1183/704/123 1184/701/123
f 1188/705/125 1185/706/124 1186/703/124
f 1190/707/126 1187/708/125 1188/705/125
f 1192/709/127 1189/710/126 1190/707/126
f 1194/711/128 1191/712/127 1192/709/127
f 1196/713/129 1193/714/128 1194/711/128
f 1198/715/130 1195/716/129 1196/713/129
f 1200/717/131 1197/229/130 1198/715/130
f 1202/718/132 1199/719/131 1200/717/131
f 1204/720/133 1201/721/132 1202/718/132
f 1206/722/134 1203/723/133 1204/720/133
f 1208/724/135 1205/725/134 1206/722/134
f 1210/726/136 1207/727/135 1208/724/135
f 1212/728/137 1209/729/136 1210/726/136
f 1214/730/138 1211/731/137 1212/728/137
f 1216/732/139 1213/733/138 1214/730/138
f 1218/734/140 1215/735/139 1216/732/139
f 1220/736/141 1217/737/140 1218/734/140
f 1222/738/142 1219/739/141 1220/736/141
f 1224/740/143 1221/741/142 1222/738/142
f 1226/742/144 1223/743/143 1224/740/143
f 1228/744/145 1225/745/144 1226/742/144
f 1230/746/146 1227/747/145 1228/744/145
f 1232/748/147 1229/749/146 1230/746/146
f 1234/750/148 1231/751/147 1232/748/147
f 1236/752/149 1233/753/148 1234/750/148
f 1238/754/150 1235/755/149 1236/752/149
f 1240/756/151 1237/757/150 1238/754/150
f 1242/758/152 1239/759/151 1240/756/151
f 1244/760/153 1241/761/152 1242/758/152
f 1246/762/154 1243/763/153 1244/760/153
f 1248/764/155 1245/96/154 1246/762/154
f 1250/765/156 1247/766/155 1248/764/155
f 1252/767/157 1249/768/156 1250/765/156
f 1254/769/158 1251/770/157 1252/767/157
f 1256/771/159 1253/772/158 1254/769/158
f 1258/773/160 1255/774/159 1256/771/159
f 1260/775/161 1257/776/160 1258/773/160
f 1262/777/162 1259/778/161 1260/775/161
f 1264/779/163 1261/780/162 1262/777/162
f 1266/781/164 1263/782/163 1264/779/163
f 1268/783/165 1265/784/164 1266/781/164
f 1270/785/166 1267/786/165 1268/783/165
f 1272/787/167 1269/788/166 1270/785/166
f 1274/789/168 1271/790/167 1272/787/167
f 1276/791/169 1273/792/168 1274/789/168
f 1278/793/170 1275/794/169 1276/791/169
f 1280/795/171 1277/796/170 1278/793/170
f 1282/797/172 1279/798/171 1280/795/171
f 1284/799/173 1281/800/172 1282/797/172
f 1286/801/174 1283/802/173 1284/799/173
f 1288/803/175 1285/804/174 1286/801/174
f 1290/805/176 1287/806/175 1288/803/175
f 1292/807/177 1289/808/178 1290/805/176
f 958/809/10 1291/810/177 1292/807/177
f 1296/811/179 1293/283/180 1294/482/180
f 1298/812/181 1295/813/182 1296/811/179
f 1300/483/183 1297/814/184 1298/812/181
f 1302/815/185 1299/486/186 1300/483/183
f 1304/816/187 1301/817/188 1302/815/185
f 1306/487/189 1303/818/187 1304/816/187
f 1308/819/190 1305/490/189 1306/487/189
f 1310/820/191 1307/821/192 1308/819/190
f 1312/491/193 1309/822/191 1310/820/191
f 1314/823/194 1311/494/193 1312/491/193
f 1316/824/195 1313/825/194 1314/823/194
f 1318/495/196 1315/826/195 1316/824/195
f 1320/827/197 1317/498/196 1318/495/196
f 1322/828/198 1319/829/197 1320/827/197
f 1324/499/199 1321/830/198 1322/828/198
f 1326/831/200 1323/502/199 1324/499/199
f 1328/832/201 1325/833/200 1326/831/200
f 1330/503/202 1327/834/201 1328/832/201
f 1332/835/203 1329/506/202 1330/503/202
f 1334/836/204 1331/837/203 1332/835/203
f 1336/507/205 1333/838/204 1334/836/204
f 1338/839/206 1335/510/205 1336/507/205
f 1340/840/207 1337/841/206 1338/839/206
f 1342/511/208 1339/842/207 1340/840/207
f 1344/843/209 1341/514/208 1342/511/208
f 1346/844/210 1343/845/209 1344/843/209
f 1348/515/211 1345/846/210 1346/844/210
f 1350/847/212 1347/518/211 1348/515/211
f 1352/848/213 1349/849/212 1350/847/212
f 1354/519/212 1351/850/213 1352/848/213
f 1356/851/211 1353/522/212 1354/519/212
f 1358/852/210 1355/853/211 1356/851/211
f 1360/523/209 1357/854/210 1358/852/210
f 1362/855/208 1359/526/209 1360/523/209
f 1364/856/214 1361/857/208 1362/855/208
f 1366/527/215 1363/858/214 1364/856/214
f 1368/859/216 1365/225/215 1366/527/215
f 1370/860/217 1367/861/216 1368/859/216
f 1372/530/218 1369/862/217 1370/860/217
f 1374/863/219 1371/533/218 1372/530/218
f 1376/864/220 1373/865/219 1374/863/219
f 1378/534/221 1375/866/220 1376/864/220
f 1380/867/222 1377/537/221 1378/534/221
f 1382/868/223 1379/869/222 1380/867/222
f 1384/538/224 1381/870/223 1382/868/223
f 1386/871/225 1383/541/224 1384/538/224
f 1388/872/226 1385/873/225 1386/871/225
f 1390/542/227 1387/874/226 1388/872/226
f 1392/875/228 1389/545/227 1390/542/227
f 1394/876/229 1391/877/228 1392/875/228
f 1396/546/230 1393/878/229 1394/876/229
f 1398/879/231 1395/549/230 1396/546/230
f 1400/880/232 1397/881/231 1398/879/231
f 1402/550/233 1399/882/234 1400/880/232
f 1404/883/235 1401/553/233 1402/550/233
f 1406/884/236 1403/885/235 1404/883/235
f 1408/554/237 1405/886/236 1406/884/236
f 1410/887/238 1407/557/237 1408/554/237
f 1412/888/239 1409/889/238 1410/887/238
f 1414/558/240 1411/890/239 1412/888/239
f 1416/891/241 1413/561/240 1414/558/240
f 1418/892/242 1415/893/241 1416/891/241
f 1420/562/243 1417/894/242 1418/892/242
f 1422/895/244 1419/565/245 1420/562/243
f 1424/896/246 1421/897/244 1422/895/244
f 1426/566/247 1423/898/246 1424/896/246
f 1428/899/248 1425/569/247 1426/566/247
f 1430/900/249 1427/901/248 1428/899/248
f 1432/570/250 1429/902/249 1430/900/249
f 1434/903/251 1431/573/250 1432/570/250
f 1436/904/252 1433/905/251 1434/903/251
f 1438/574/253 1435/906/252 1436/904/252
f 1440/907/254 1437/120/253 1438/574/253
f 1442/908/255 1439/909/254 1440/907/254
f 1444/577/256 1441/910/255 1442/908/255
f 1446/911/257 1443/580/256 1444/577/256
f 1448/912/258 1445/913/257 1446/911/257
f 1450/581/259 1447/914/258 1448/912/258
f 1452/915/260 1449/584/259 1450/581/259
f 1454/916/261 1451/917/260 1452/915/260
f 1456/585/262 1453/918/261 1454/916/261
f 1458/919/263 1455/588/262 1456/585/262
f 1460/920/264 1457/921/263 1458/919/263
f 1462/589/265 1459/922/264 1460/920/264
f 1464/923/266 1461/592/265 1462/589/265
f 1466/924/267 1463/925/266 1464/923/266
f 1468/593/268 1465/926/267 1466/924/267
f 1470/927/269 1467/596/268 1468/593/268
f 1472/928/270 1469/929/269 1470/927/269
f 1474/597/271 1471/930/270 1472/928/270
f 1476/931/272 1473/600/271 1474/597/271
f 1478/932/273 1475/933/272 1476/931/272
f 1480/601/274 1477/934/273 1478/932/273
f 1482/935/275 1479/604/274 1480/601/274
f 1484/936/276 1481/937/275 1482/935/275
f 1486/605/277 1483/938/276 1484/936/276
f 1488/939/278 1485/608/277 1486/605/277
f 1490/940/279 1487/941/278 1488/939/278
f 1492/609/280 1489/942/279 1490/940/279
f 1494/943/281 1491/612/280 1492/609/280
f 1496/944/267 1493/945/281 1494/943/281
f 1498/613/282 1495/946/267 1496/944/267
f 1500/947/283 1497/616/284 1498/613/282
f 1502/948/285 1499/949/283 1500/947/283
f 1504/617/286 1501/950/285 1502/948/285
f 1506/951/287 1503/620/286 1504/617/286
f 1508/952/285 1505/953/287 1506/951/287
f 1510/621/288 1507/954/285 1508/952/285
f 1512/955/289 1509/19/288 1510/621/288
f 1514/956/290 1511/957/289 1512/955/289
f 1516/624/291 1513/958/290 1514/956/290
f 1518/959/292 1515/627/291 1516/624/291
f 1520/960/293 1517/961/292 1518/959/292
f 1522/628/294 1519/962/293 1520/960/293
f 1524/963/295 1521/631/296 1522/628/294
f 1526/964/297 1523/965/295 1524/963/295
f 1528/632/298 1525/966/297 1526/964/297
f 1530/967/299 1527/635/298 1528/632/298
f 1532/968/300 1529/969/299 1530/967/299
f 1534/636/301 1531/970/300 1532/968/300
f 1536/971/302 1533/639/301 1534/636/301
f 1538/972/303 1535/973/302 1536/971/302
f 1540/640/304 1537/974/303 1538/972/303
f 1542/975/305 1539/643/304 1540/640/304
f 1544/976/306 1541/977/307 1542/975/305
f 1546/644/308 1543/978/306 1544/976/306
f 1548/979/309 1545/647/308 1546/644/308
f 1550/980/310 1547/981/309 1548/979/309
f 1552/648/311 1549/982/310 1550/980/310
f 1554/983/312 1551/651/311 1552/648/311
f 1556/984/313 1553/985/312 1554/983/312
f 1558/652/314 1555/986/313 1556/984/313
f 1560/987/315 1557/655/314 1558/652/314
f 1562/988/316 1559/989/315 1560/987/315
f 1564/656/317 1561/990/316 1562/988/316
f 1566/991/318 1563/659/317 1564/656/317
f 1568/992/319 1565/993/318 1566/991/318
f 1570/660/320 1567/994/319 1568/992/319
f 1572/995/321 1569/663/320 1570/660/320
f 1574/996/322 1571/997/321 1572/995/321
f 1576/664/323 1573/998/322 1574/996/322
f 1578/999/324 1575/667/323 1576/664/323
f 1580/1000/325 1577/1001/324 1578/999/324
f 1582/668/326 1579/1002/325 1580/1000/325
f 1584/1003/327 1581/116/326 1582/668/326
f 1586/1004/328 1583/1005/327 1584/1003/327
f 1588/671/329 1585/1006/328 1586/1004/328
f 1590/1007/330 1587/674/329 1588/671/329
f 1592/1008/331 1589/1009/330 1590/1007/330
f 1594/675/332 1591/1010/331 1592/1008/331
f 1596/1011/333 1593/678/332 1594/675/332
f 1598/1012/334 1595/1013/333 1596/1011/333
f 1600/679/335 1597/1014/334 1598/1012/334
f 1602/1015/336 1599/682/335 1600/679/335
f 1604/1016/337 1601/1017/336 1602/1015/336
f 1606/683/338 1603/1018/337 1604/1016/337
f 1608/1019/339 1605/686/338 1606/683/338
f 1610/1020/340 1607/1021/339 1608/1019/339
f 1612/687/341 1609/1022/340 1610/1020/340
f 1614/1023/342 1611/690/341 1612/687/341
f 1616/1024/343 1613/1025/342 1614/1023/342
f 1618/691/344 1615/1026/343 1616/1024/343
f 1620/1027/345 1617/694/344 1618/691/344
f 1622/1028/346 1619/1029/345 1620/1027/345
f 1624/695/347 1621/1030/346 1622/1028/346
f 1626/1031/348 1623/698/347 1624/695/347
f 1628/1032/349 1625/1033/348 1626/1031/348
f 1630/699/350 1627/1034/349 1628/1032/349
f 1632/1035/351 1629/702/350 1630/699/350
f 1634/1036/352 1631/1037/351 1632/1035/351
f 1636/703/353 1633/1038/352 1634/1036/352
f 1638/1039/354 1635/706/353 1636/703/353
f 1640/1040/355 1637/1041/354 1638/1039/354
f 1642/707/356 1639/1042/355 1640/1040/355
f 1644/1043/357 1641/710/356 1642/707/356
f 1646/1044/358 1643/1045/357 1644/1043/357
f 1648/711/359 1645/1046/358 1646/1044/358
f 1650/1047/360 1647/714/359 1648/711/359
f 1652/1048/361 1649/1049/360 1650/1047/360
f 1654/715/362 1651/1050/361 1652/1048/361
f 1656/1051/363 1653/229/362 1654/715/362
f 1658/1052/364 1655/1053/363 1656/1051/363
f 1660/718/365 1657/1054/364 1658/1052/364
f 1662/1055/366 1659/721/365 1660/718/365
f 1664/1056/367 1661/1057/366 1662/1055/366
f 1666/722/368 1663/1058/367 1664/1056/367
f 1668/1059/369 1665/725/368 1666/722/368
f 1670/1060/370 1667/1061/369 1668/1059/369
f 1672/726/371 1669/1062/370 1670/1060/370
f 1674/1063/372 1671/729/371 1672/726/371
f 1676/1064/373 1673/1065/372 1674/1063/372
f 1678/730/374 1675/1066/373 1676/1064/373
f 1680/1067/375 1677/733/374 1678/730/374
f 1682/1068/376 1679/1069/375 1680/1067/375
f 1684/734/377 1681/1070/378 1682/1068/376
f 1686/1071/379 1683/737/377 1684/734/377
f 1688/1072/380 1685/1073/379 1686/1071/379
f 1690/738/381 1687/1074/380 1688/1072/380
f 1692/1075/382 1689/741/381 1690/738/381
f 1694/1076/383 1691/1077/382 1692/1075/382
f 1696/742/384 1693/1078/383 1694/1076/383
f 1698/1079/385 1695/745/384 1696/742/384
f 1700/1080/386 1697/1081/387 1698/1079/385
f 1702/746/388 1699/1082/389 1700/1080/386
f 1704/1083/390 1701/749/391 1702/746/388
f 1706/1084/392 1703/1085/390 1704/1083/390
f 1708/750/393 1705/1086/392 1706/1084/392
f 1710/1087/394 1707/753/393 1708/750/393
f 1712/1088/395 1709/1089/394 1710/1087/394
f 1714/754/396 1711/1090/395 1712/1088/395
f 1716/1091/397 1713/757/396 1714/754/396
f 1718/1092/398 1715/1093/397 1716/1091/397
f 1720/758/398 1717/1094/398 1718/1092/398
f 1722/1095/399 1719/761/398 1720/758/398
f 1724/1096/400 1721/1097/399 1722/1095/399
f 1726/762/401 1723/1098/400 1724/1096/400
f 1728/1099/402 1725/96/401 1726/762/401
f 1730/1100/403 1727/1101/402 1728/1099/402
f 1732/765/404 1729/1102/403 1730/1100/403
f 1734/1103/405 1731/768/404 1732/765/404
f 1736/1104/406 1733/1105/405 1734/1103/405
f 1738/769/407 1735/1106/406 1736/1104/406
f 1740/1107/408 1737/772/407 1738/769/407
f 1742/1108/409 1739/1109/408 1740/1107/408
f 1744/773/410 1741/1110/409 1742/1108/409
f 1746/1111/411 1743/776/410 1744/773/410
f 1748/1112/412 1745/1113/411 1746/1111/411
f 1750/777/413 1747/1114/412 1748/1112/412
f 1752/1115/414 1749/780/413 1750/777/413
f 1754/1116/415 1751/1117/416 1752/1115/414
f 1756/781/417 1753/1118/415 1754/1116/415
f 1758/1119/418 1755/784/417 1756/781/417
f 1760/1120/419 1757/1121/418 1758/1119/418
f 1762/785/420 1759/1122/419 1760/1120/419
f 1764/1123/421 1761/788/420 1762/785/420
f 1766/1124/422 1763/1125/421 1764/1123/421
f 1768/789/423 1765/1126/422 1766/1124/422
f 1770/1127/424 1767/792/423 1768/789/423
f 1772/1128/425 1769/1129/424 1770/1127/424
f 1774/793/426 1771/1130/425 1772/1128/425
f 1776/1131/427 1773/796/426 1774/793/426
f 1778/1132/428 1775/1133/427 1776/1131/427
f 1780/797/429 1777/1134/428 1778/1132/428
f 1782/1135/430 1779/800/429 1780/797/429
f 1784/1136/431 1781/1137/432 1782/1135/430
f 1786/801/433 1783/1138/431 1784/1136/431
f 1788/1139/74 1785/804/433 1786/801/433
f 1790/1140/434 1787/1141/74 1788/1139/74
f 1792/805/435 1789/1142/434 1790/1140/434
f 1794/1143/436 1791/808/435 1792/805/435
f 1796/1144/437 1793/1145/436 1794/1143/436
f 1294/809/180 1795/1146/437 1796/1144/437
f 1800/1147/438 1797/283/439 1798/482/439
f 1802/1148/440 1799/1149/438 1800/1147/438
f 1804/1150/441 1801/1151/440 1802/1148/440
f 1806/1152/442 1803/1153/443 1804/1150/441
f 1808/1154/444 1805/1155/442 1806/1152/442
f 1810/1156/445 1807/1157/444 1808/1154/444
f 1812/1158/446 1809/1159/445 1810/1156/445
f 1814/1160/447 1811/1161/446 1812/1158/446
f 1816/1162/448 1813/1163/447 1814/1160/447
f 1818/1164/449 1815/1165/448 1816/1162/448
f 1820/1166/450 1817/1167/451 1818/1164/449
f 1822/1168/452 1819/1169/453 1820/1166/450
f 1824/1170/454 1821/1171/452 1822/1168/452
f 1826/1172/455 1823/1173/454 1824/1170/454
f 1828/1174/456 1825/1175/455 1826/1172/455
f 1830/1176/457 1827/1177/456 1828/1174/456
f 1832/1178/458 1829/1179/457 1830/1176/457
f 1834/1180/459 1831/1181/458 1832/1178/458
f 1836/1182/460 1833/1183/459 1834/1180/459
f 1838/1184/461 1835/1185/460 1836/1182/460
f 1840/1186/462 1837/1187/461 1838/1184/461
f 1842/1188/463 1839/1189/462 1840/1186/462
f 1844/1190/161 1841/1191/463 1842/1188/463
f 1846/1192/464 1843/1193/161 1844/1190/161
f 1848/644/465 1845/1194/464 1846/1192/464
f 1850/1195/466 1847/647/465 1848/644/465
f 1852/1196/467 1849/1197/466 1850/1195/466
f 1854/1198/468 1851/1199/469 1852/1196/467
f 1856/1200/470 1853/1201/468 1854/1198/468
f 1858/1202/471 1855/1203/470 1856/1200/470
f 1860/1204/472 1857/1205/471 1858/1202/471
f 1862/1206/473 1859/1207/472 1860/1204/472
f 1864/1208/474 1861/1209/473 1862/1206/473
f 1866/1210/475 1863/1211/474 1864/1208/474
f 1868/1212/476 1865/1213/475 1866/1210/475
f 1870/1214/477 1867/1215/476 1868/1212/476
f 1872/1216/478 1869/1217/477 1870/1214/477
f 1874/1218/479 1871/1219/478 1872/1216/478
f 1876/1220/480 1873/1221/479 1874/1218/479
f 1878/1222/481 1875/1223/480 1876/1220/480
f 1880/1224/482 1877/1225/481 1878/1222/481
f 1882/1226/483 1879/1227/482 1880/1224/482
f 1884/1228/484 1881/1229/483 1882/1226/483
f 1886/1230/485 1883/1231/484 1884/1228/484
f 1888/1232/486 1885/1233/485 1886/1230/485
f 1890/1234/487 1887/1235/486 1888/1232/486
f 1892/1236/488 1889/1237/487 1890/1234/487
f 1894/1238/489 1891/1239/488 1892/1236/488
f 1896/1240/490 1893/1241/489 1894/1238/489
f 1798/809/439 1895/1242/490 1896/1240/490
f 960/481/9 959/484/9 957/283/10
f 962/483/11 961/486/11 959/484/9
f 964/485/12 963/488/12 961/486/11
f 966/487/13 965/490/13 963/488/12
f 968/489/14 967/492/14 965/490/13
f 970/491/15 969/494/15 967/492/14
f 972/493/16 971/496/18 969/494/15
f 974/495/17 973/498/20 971/496/18
f 976/497/19 975/500/19 973/498/20
f 978/499/21 977/502/21 975/500/19
f 980/501/22 979/504/24 977/502/21
f 982/503/23 981/506/23 979/504/24
f 984/505/25 983/508/25 981/506/23
f 986/507/26 985/510/26 983/508/25
f 988/509/27 987/512/27 985/510/26
f 990/511/28 989/514/28 987/512/27
f 992/513/29 991/516/29 989/514/28
f 994/515/30 993/518/30 991/516/29
f 996/517/31 995/520/31 993/518/30
f 998/519/32 997/522/32 995/520/31
f 1000/521/33 999/524/33 997/522/32
f 1002/523/34 1001/526/34 999/524/33
f 1004/525/35 1003/528/35 1001/526/34
f 1006/527/36 1005/225/36 1003/528/35
f 1008/529/37 1007/531/37 1005/225/36
f 1010/530/38 1009/533/38 1007/531/37
f 1012/532/39 1011/535/39 1009/533/38
f 1014/534/40 1013/537/40 1011/535/39
f 1016/536/41 1015/539/41 1013/537/40
f 1018/538/42 1017/541/42 1015/539/41
f 1020/540/43 1019/543/43 1017/541/42
f 1022/542/44 1021/545/44 1019/543/43
f 1024/544/45 1023/547/45 1021/545/44
f 1026/546/46 1025/549/46 1023/547/45
f 1028/548/47 1027/551/47 1025/549/46
f 1030/550/48 1029/553/48 1027/551/47
f 1032/552/49 1031/555/51 1029/553/48
f 1034/554/50 1033/557/50 1031/555/51
f 1036/556/52 1035/559/52 1033/557/50
f 1038/558/53 1037/561/53 1035/559/52
f 1040/560/54 1039/563/56 1037/561/53
f 1042/562/55 1041/565/55 1039/563/56
f 1044/564/57 1043/567/57 1041/565/55
f 1046/566/58 1045/569/58 1043/567/57
f 1048/568/59 1047/571/59 1045/569/58
f 1050/570/60 1049/573/60 1047/571/59
f 1052/572/61 1051/575/61 1049/573/60
f 1054/574/62 1053/120/62 1051/575/61
f 1056/576/63 1055/578/65 1053/120/62
f 1058/577/64 1057/580/64 1055/578/65
f 1060/579/66 1059/582/66 1057/580/64
f 1062/581/67 1061/584/67 1059/582/66
f 1064/583/68 1063/586/68 1061/584/67
f 1066/585/69 1065/588/69 1063/586/68
f 1068/587/70 1067/590/70 1065/588/69
f 1070/589/71 1069/592/71 1067/590/70
f 1072/591/70 1071/594/70 1069/592/71
f 1074/593/69 1073/596/69 1071/594/70
f 1076/595/72 1075/598/72 1073/596/69
f 1078/597/73 1077/600/73 1075/598/72
f 1080/599/74 1079/602/74 1077/600/73
f 1082/601/57 1081/604/57 1079/602/74
f 1084/603/75 1083/606/75 1081/604/57
f 1086/605/76 1085/608/76 1083/606/75
f 1088/607/77 1087/610/77 1085/608/76
f 1090/609/76 1089/612/76 1087/610/77
f 1092/611/75 1091/614/75 1089/612/76
f 1094/613/57 1093/616/57 1091/614/75
f 1096/615/74 1095/618/74 1093/616/57
f 1098/617/73 1097/620/73 1095/618/74
f 1100/619/78 1099/622/78 1097/620/73
f 1102/621/79 1101/19/79 1099/622/78
f 1104/623/80 1103/625/80 1101/19/79
f 1106/624/81 1105/627/81 1103/625/80
f 1108/626/82 1107/629/84 1105/627/81
f 1110/628/83 1109/631/83 1107/629/84
f 1112/630/85 1111/633/85 1109/631/83
f 1114/632/86 1113/635/86 1111/633/85
f 1116/634/87 1115/637/89 1113/635/86
f 1118/636/88 1117/639/88 1115/637/89
f 1120/638/90 1119/641/90 1117/639/88
f 1122/640/91 1121/643/91 1119/641/90
f 1124/642/92 1123/645/92 1121/643/91
f 1126/644/93 1125/647/93 1123/645/92
f 1128/646/94 1127/649/94 1125/647/93
f 1130/648/95 1129/651/95 1127/649/94
f 1132/650/96 1131/653/96 1129/651/95
f 1134/652/97 1133/655/97 1131/653/96
f 1136/654/98 1135/657/98 1133/655/97
f 1138/656/99 1137/659/99 1135/657/98
f 1140/658/100 1139/661/100 1137/659/99
f 1142/660/101 1141/663/101 1139/661/100
f 1144/662/102 1143/665/102 1141/663/101
f 1146/664/103 1145/667/103 1143/665/102
f 1148/666/104 1147/669/104 1145/667/103
f 1150/668/105 1149/116/105 1147/669/104
f 1152/670/106 1151/672/106 1149/116/105
f 1154/671/107 1153/674/107 1151/672/106
f 1156/673/108 1155/676/108 1153/674/107
f 1158/675/109 1157/678/109 1155/676/108
f 1160/677/110 1159/680/110 1157/678/109
f 1162/679/111 1161/682/111 1159/680/110
f 1164/681/112 1163/684/112 1161/682/111
f 1166/683/113 1165/686/113 1163/684/112
f 1168/685/114 1167/688/114 1165/686/113
f 1170/687/115 1169/690/115 1167/688/114
f 1172/689/116 1171/692/116 1169/690/115
f 1174/691/117 1173/694/117 1171/692/116
f 1176/693/118 1175/696/118 1173/694/117
f 1178/695/119 1177/698/119 1175/696/118
f 1180/697/120 1179/700/122 1177/698/119
f 1182/699/121 1181/702/121 1179/700/122
f 1184/701/123 1183/704/123 1181/702/121
f 1186/703/124 1185/706/124 1183/704/123
f 1188/705/125 1187/708/125 1185/706/124
f 1190/707/126 1189/710/126 1187/708/125
f 1192/709/127 1191/712/127 1189/710/126
f 1194/711/128 1193/714/128 1191/712/127
f 1196/713/129 1195/716/129 1193/714/128
f 1198/715/130 1197/229/130 1195/716/129
f 1200/717/131 1199/719/131 1197/229/130
f 1202/718/132 1201/721/132 1199/719/131
f 1204/720/133 1203/723/133 1201/721/132
f 1206/722/134 1205/725/134 1203/723/133
f 1208/724/135 1207/727/135 1205/725/134
f 1210/726/136 1209/729/136 1207/727/135
f 1212/728/137 1211/731/137 1209/729/136
f 1214/730/138 1213/733/138 1211/731/137
f 1216/732/139 1215/735/139 1213/733/138
f 1218/734/140 1217/737/140 1215/735/139
f 1220/736/141 1219/739/141 1217/737/140
f 1222/738/142 1221/741/142 1219/739/141
f 1224/740/143 1223/743/143 1221/741/142
f 1226/742/144 1225/745/144 1223/743/143
f 1228/744/145 1227/747/145 1225/745/144
f 1230/746/146 1229/749/146 1227/747/145
f 1232/748/147 1231/751/147 1229/749/146
f 1234/750/148 1233/753/148 1231/751/147
f 1236/752/149 1235/755/149 1233/753/148
f 1238/754/150 1237/757/150 1235/755/149
f 1240/756/151 1239/759/151 1237/757/150
f 1242/758/152 1241/761/152 1239/759/151
f 1244/760/153 1243/763/153 1241/761/152
f 1246/762/154 1245/96/154 1243/763/153
f 1248/764/155 1247/766/155 1245/96/154
f 1250/765/156 1249/768/156 1247/766/155
f 1252/767/157 1251/770/157 1249/768/156
f 1254/769/158 1253/772/158 1251/770/157
f 1256/771/159 1255/774/159 1253/772/158
f 1258/773/160 1257/776/160 1255/774/159
f 1260/775/161 1259/778/161 1257/776/160
f 1262/777/162 1261/780/162 1259/778/161
f 1264/779/163 1263/782/163 1261/780/162
f 1266/781/164 1265/784/164 1263/782/163
f 1268/783/165 1267/786/165 1265/784/164
f 1270/785/166 1269/788/166 1267/786/165
f 1272/787/167 1271/790/167 1269/788/166
f 1274/789/168 1273/792/168 1271/790/167
f 1276/791/169 1275/794/169 1273/792/168
f 1278/793/170 1277/796/170 1275/794/169
f 1280/795/171 1279/798/171 1277/796/170
f 1282/797/172 1281/800/172 1279/798/171
f 1284/799/173 1283/802/173 1281/800/172
f 1286/801/174 1285/804/174 1283/802/173
f 1288/803/175 1287/806/175 1285/804/174
f 1290/805/176 1289/808/178 1287/806/175
f 1292/807/177 1291/810/177 1289/808/178
f 958/809/10 957/112/10 1291/810/177
f 1296/811/179 1295/813/182 1293/283/180
f 1298/812/181 1297/814/184 1295/813/182
f 1300/483/183 1299/486/186 1297/814/184
f 1302/815/185 1301/817/188 1299/486/186
f 1304/816/187 1303/818/187 1301/817/188
f 1306/487/189 1305/490/189 1303/818/187
f 1308/819/190 1307/821/192 1305/490/189
f 1310/820/191 1309/822/191 1307/821/192
f 1312/491/193 1311/494/193 1309/822/191
f 1314/823/194 1313/825/194 1311/494/193
f 1316/824/195 1315/826/195 1313/825/194
f 1318/495/196 1317/498/196 1315/826/195
f 1320/827/197 1319/829/197 1317/498/196
f 1322/828/198 1321/830/198 1319/829/197
f 1324/499/199 1323/502/199 1321/830/198
f 1326/831/200 1325/833/200 1323/502/199
f 1328/832/201 1327/834/201 1325/833/200
f 1330/503/202 1329/506/202 1327/834/201
f 1332/835/203 1331/837/203 1329/506/202
f 1334/836/204 1333/838/204 1331/837/203
f 1336/507/205 1335/510/205 1333/838/204
f 1338/839/206 1337/841/206 1335/510/205
f 1340/840/207 1339/842/207 1337/841/206
f 1342/511/208 1341/514/208 1339/842/207
f 1344/843/209 1343/845/209 1341/514/208
f 1346/844/210 1345/846/210 1343/845/209
f 1348/515/211 1347/518/211 1345/846/210
f 1350/847/212 1349/849/212 1347/518/211
f 1352/848/213 1351/850/213 1349/849/212
f 1354/519/212 1353/522/212 1351/850/213
f 1356/851/211 1355/853/211 1353/522/212
f 1358/852/210 1357/854/210 1355/853/211
f 1360/523/209 1359/526/209 1357/854/210
f 1362/855/208 1361/857/208 1359/526/209
f 1364/856/214 1363/858/214 1361/857/208
f 1366/527/215 1365/225/215 1363/858/214
f 1368/859/216 1367/861/216 1365/225/215
f 1370/860/217 1369/862/217 1367/861/216
f 1372/530/218 1371/533/218 1369/862/217
f 1374/863/219 1373/865/219 1371/533/218
f 1376/864/220 1375/866/220 1373/865/219
f 1378/534/221 1377/537/221 1375/866/220
f 1380/867/222 1379/869/222 1377/537/221
f 1382/868/223 1381/870/223 1379/869/222
f 1384/538/224 1383/541/224 1381/870/223
f 1386/871/225 1385/873/225 1383/541/224
f 1388/872/226 1387/874/226 1385/873/225
f 1390/542/227 1389/545/227 1387/874/226
f 1392/875/228 1391/877/228 1389/545/227
f 1394/876/229 1393/878/229 1391/877/228
f 1396/546/230 1395/549/230 1393/878/229
f 1398/879/231 1397/881/231 1395/549/230
f 1400/880/232 1399/882/234 1397/881/231
f 1402/550/233 1401/553/233 1399/882/234
f 1404/883/235 1403/885/235 1401/553/233
f 1406/884/236 1405/886/236 1403/885/235
f 1408/554/237 1407/557/237 1405/886/236
f 1410/887/238 1409/889/238 1407/557/237
f 1412/888/239 1411/890/239 1409/889/238
f 1414/558/240 1413/561/240 1411/890/239
f 1416/891/241 1415/893/241 1413/561/240
f 1418/892/242 1417/894/242 1415/893/241
f 1420/562/243 1419/565/245 1417/894/242
f 1422/895/244 1421/897/244 1419/565/245
f 1424/896/246 1423/898/246 1421/897/244
f 1426/566/247 1425/569/247 1423/898/246
f 1428/899/248 1427/901/248 1425/569/247
f 1430/900/249 1429/902/249 1427/901/248
f 1432/570/250 1431/573/250 1429/902/249
f 1434/903/251 1433/905/251 1431/573/250
f 1436/904/252 1435/906/252 1433/905/251
f 1438/574/253 1437/120/253 1435/906/252
f 1440/907/254 1439/909/254 1437/120/253
f 1442/908/255 1441/910/255 1439/909/254
f 1444/577/256 1443/580/256 1441/910/255
f 1446/911/257 1445/913/257 1443/580/256
f 1448/912/258 1447/914/258 1445/913/257
f 1450/581/259 1449/584/259 1447/914/258
f 1452/915/260 1451/917/260 1449/584/259
f 1454/916/261 1453/918/261 1451/917/260
f 1456/585/262 1455/588/262 1453/918/261
f 1458/919/263 1457/921/263 1455/588/262
f 1460/920/264 1459/922/264 1457/921/263
f 1462/589/265 1461/592/265 1459/922/264
f 1464/923/266 1463/925/266 1461/592/265
f 1466/924/267 1465/926/267 1463/925/266
f 1468/593/268 1467/596/268 1465/926/267
f 1470/927/269 1469/929/269 1467/596/268
f 1472/928/270 1471/930/270 1469/929/269
f 1474/597/271 1473/600/271 1471/930/270
f 1476/931/272 1475/933/272 1473/600/271
f 1478/932/273 1477/934/273 1475/933/272
f 1480/601/274 1479/604/274 1477/934/273
f 1482/935/275 1481/937/275 1479/604/274
f 1484/936/276 1483/938/276 1481/937/275
f 1486/605/277 1485/608/277 1483/938/276
f 1488/939/278 1487/941/278 1485/608/277
f 1490/940/279 1489/942/279 1487/941/278
f 1492/609/280 1491/612/280 1489/942/279
f 1494/943/281 1493/945/281 1491/612/280
f 1496/944/267 1495/946/267 1493/945/281
f 1498/613/282 1497/616/284 1495/946/267
f 1500/947/283 1499/949/283 1497/616/284
f 1502/948/285 1501/950/285 1499/949/283
f 1504/617/286 1503/620/286 1501/950/285
f 1506/951/287 1505/953/287 1503/620/286
f 1508/952/285 1507/954/285 1505/953/287
f 1510/621/288 1509/19/288 1507/954/285
f 1512/955/289 1511/957/289 1509/19/288
f 1514/956/290 1513/958/290 1511/957/289
f 1516/624/291 1515/627/291 1513/958/290
f 1518/959/292 1517/961/292 1515/627/291
f 1520/960/293 1519/962/293 1517/961/292
f 1522/628/294 1521/631/296 1519/962/293
f 1524/963/295 1523/965/295 1521/631/296
f 1526/964/297 1525/966/297 1523/965/295
f 1528/632/298 1527/635/298 1525/966/297
f 1530/967/299 1529/969/299 1527/635/298
f 1532/968/300 1531/970/300 1529/969/299
f 1534/636/301 1533/639/301 1531/970/300
f 1536/971/302 1535/973/302 1533/639/301
f 1538/972/303 1537/974/303 1535/973/302
f 1540/640/304 1539/643/304 1537/974/303
f 1542/975/305 1541/977/307 1539/643/304
f 1544/976/306 1543/978/306 1541/977/307
f 1546/644/308 1545/647/308 1543/978/306
f 1548/979/309 1547/981/309 1545/647/308
f 1550/980/310 1549/982/310 1547/981/309
f 1552/648/311 1551/651/311 1549/982/310
f 1554/983/312 1553/985/312 1551/651/311
f 1556/984/313 1555/986/313 1553/985/312
f 1558/652/314 1557/655/314 1555/986/313
f 1560/987/315 1559/989/315 1557/655/314
f 1562/988/316 1561/990/316 1559/989/315
f 1564/656/317 1563/659/317 1561/990/316
f 1566/991/318 1565/993/318 1563/659/317
f 1568/992/319 1567/994/319 1565/993/318
f 1570/660/320 1569/663/320 1567/994/319
f 1572/995/321 1571/997/321 1569/663/320
f 1574/996/322 1573/998/322 1571/997/321
f 1576/664/323 1575/667/323 1573/998/322
f 1578/999/324 1577/1001/324 1575/667/323
f 1580/1000/325 1579/1002/325 1577/1001/324
f 1582/668/326 1581/116/326 1579/1002/325
f 1584/1003/327 1583/1005/327 1581/116/326
f 1586/1004/328 1585/1006/328 1583/1005/327
f 1588/671/329 1587/674/329 1585/1006/328
f 1590/1007/330 1589/1009/330 1587/674/329
f 1592/1008/331 1591/1010/331 1589/1009/330
f 1594/675/332 1593/678/332 1591/1010/331
f 1596/1011/333 1595/1013/333 1593/678/332
f 1598/1012/334 1597/1014/334 1595/1013/333
f 1600/679/335 1599/682/335 1597/1014/334
f 1602/1015/336 1601/1017/336 1599/682/335
f 1604/1016/337 1603/1018/337 1601/1017/336
f 1606/683/338 1605/686/338 1603/1018/337
f 1608/1019/339 1607/1021/339 1605/686/338
f 1610/1020/340 1609/1022/340 1607/1021/339
f 1612/687/341 1611/690/341 1609/1022/340
f 1614/1023/342 1613/1025/342 1611/690/341
f 1616/1024/343 1615/1026/343 1613/1025/342
f 1618/691/344 1617/694/344 1615/1026/343
f 1620/1027/345 1619/1029/345 1617/694/344
f 1622/1028/346 1621/1030/346 1619/1029/345
f 1624/695/347 1623/698/347 1621/1030/346
f 1626/1031/348 1625/1033/348 1623/698/347
f 1628/1032/349 1627/1034/349 1625/1033/348
f 1630/699/350 1629/702/350 1627/1034/349
f 1632/1035/351 1631/1037/351 1629/702/350
f 1634/1036/352 1633/1038/352 1631/1037/351
f 1636/703/353 1635/706/353 1633/1038/352
f 1638/1039/354 1637/1041/354 1635/706/353
f 1640/1040/355 1639/1042/355 1637/1041/354
f 1642/707/356 1641/710/356 1639/1042/355
f 1644/1043/357 1643/1045/357 1641/710/356
f 1646/1044/358 1645/1046/358 1643/1045/357
f 1648/711/359 1647/714/359 1645/1046/358
f 1650/1047/360 1649/1049/360 1647/714/359
f 1652/1048/361 1651/1050/361 1649/1049/360
f 1654/715/362 1653/229/362 1651/1050/361
f 1656/1051/363 1655/1053/363 1653/229/362
f 1658/1052/364 1657/1054/364 1655/1053/363
f 1660/718/365 1659/721/365 1657/1054/364
f 1662/1055/366 1661/1057/366 1659/721/365
f 1664/1056/367 1663/1058/367 1661/1057/366
f 1666/722/368 1665/725/368 1663/1058/367
f 1668/1059/369 1667/1061/369 1665/725/368
f 1670/1060/370 1669/1062/370 1667/1061/369
f 1672/726/371 1671/729/371 1669/1062/370
f 1674/1063/372 1673/1065/372 1671/729/371
f 1676/1064/373 1675/1066/373 1673/1065/372
f 1678/730/374 1677/733/374 1675/1066/373
f 1680/1067/375 1679/1069/375 1677/733/374
f 1682/1068/376 1681/1070/378 1679/1069/375
f 1684/734/377 1683/737/377 1681/1070/378
f 1686/1071/379 1685/1073/379 1683/737/377
f 1688/1072/380 1687/1074/380 1685/1073/379
f 1690/738/381 1689/741/381 1687/1074/380
f 1692/1075/382 1691/1077/382 1689/741/381
f 1694/1076/383 1693/1078/383 1691/1077/382
f 1696/742/384 1695/745/384 1693/1078/383
f 1698/1079/385 1697/1081/387 1695/745/384
f 1700/1080/386 1699/1082/389 1697/1081/387
f 1702/746/388 1701/749/391 1699/1082/389
f 1704/1083/390 1703/1085/390 1701/749/391
f 1706/1084/392 1705/1086/392 1703/1085/390
f 1708/750/393 1707/753/393 1705/1086/392
f 1710/1087/394 1709/1089/394 1707/753/393
f 1712/1088/395 1711/1090/395 1709/1089/394
f 1714/754/396 1713/757/396 1711/1090/395
f 1716/1091/397 1715/1093/397 1713/757/396
f 1718/1092/398 1717/1094/398 1715/1093/397
f 1720/758/398 1719/761/398 1717/1094/398
f 1722/1095/399 1721/1097/399 1719/761/398
f 1724/1096/400 1723/1098/400 1721/1097/399
f 1726/762/401 1725/96/401 1723/1098/400
f 1728/1099/402 1727/1101/402 1725/96/401
f 1730/1100/403 1729/1102/403 1727/1101/402
f 1732/765/404 1731/768/404 1729/1102/403
f 1734/1103/405 1733/1105/405 1731/768/404
f 1736/1104/406 1735/1106/406 1733/1105/405
f 1738/769/407 1737/772/407 1735/1106/406
f 1740/1107/408 1739/1109/408 1737/772/407
f 1742/1108/409 1741/1110/409 1739/1109/408
f 1744/773/410 1743/776/410 1741/1110/409
f 1746/1111/411 1745/1113/411 1743/776/410
f 1748/1112/412 1747/1114/412 1745/1113/411
f 1750/777/413 1749/780/413 1747/1114/412
f 1752/1115/414 1751/1117/416 1749/780/413
f 1754/1116/415 1753/1118/415 1751/1117/416
f 1756/781/417 1755/784/417 1753/1118/415
f 1758/1119/418 1757/1121/418 1755/784/417
f 1760/1120/419 1759/1122/419 1757/1121/418
f 1762/785/420 1761/788/420 1759/1122/419
f 1764/1123/421 1763/1125/421 1761/788/420
f 1766/1124/422 1765/1126/422 1763/1125/421
f 1768/789/423 1767/792/423 1765/1126/422
f 1770/1127/424 1769/1129/424 1767/792/423
f 1772/1128/425 1771/1130/425 1769/1129/424
f 1774/793/426 1773/796/426 1771/1130/425
f 1776/1131/427 1775/1133/427 1773/796/426
f 1778/1132/428 1777/1134/428 1775/1133/427
f 1780/797/429 1779/800/429 1777/1134/428
f 1782/1135/430 1781/1137/432 1779/800/429
f 1784/1136/431 1783/1138/431 1781/1137/432
f 1786/801/433 1785/804/433 1783/1138/431
f 1788/1139/74 1787/1141/74 1785/804/433
f 1790/1140/434 1789/1142/434 1787/1141/74
f 1792/805/435 1791/808/435 1789/1142/434
f 1794/1143/436 1793/1145/436 1791/808/435
f 1796/1144/437 1795/1146/437 1793/1145/436
f 1294/809/180 1293/112/180 1795/1146/437
f 1800/1147/438 1799/1149/438 1797/283/439
f 1802/1148/440 1801/1151/440 1799/1149/438
f 1804/1150/441 1803/1153/443 1801/1151/440
f 1806/1152/442 1805/1155/442 1803/1153/443
f 1808/1154/444 1807/1157/444 1805/1155/442
f 1810/1156/445 1809/1159/445 1807/1157/444
f 1812/1158/446 1811/1161/446 1809/1159/445
f 1814/1160/447 1813/1163/447 1811/1161/446
f 1816/1162/448 1815/1165/448 1813/1163/447
f 1818/1164/449 1817/1167/451 1815/1165/448
f 1820/1166/450 1819/1169/453 1817/1167/451
f 1822/1168/452 1821/1171/452 1819/1169/453
f 1824/1170/454 1823/1173/454 1821/1171/452
f 1826/1172/455 1825/1175/455 1823/1173/454
f 1828/1174/456 1827/1177/456 1825/1175/455
f 1830/1176/457 1829/1179/457 1827/1177/456
f 1832/1178/458 1831/1181/458 1829/1179/457
f 1834/1180/459 1833/1183/459 1831/1181/458
f 1836/1182/460 1835/1185/460 1833/1183/459
f 1838/1184/461 1837/1187/461 1835/1185/460
f 1840/1186/462 1839/1189/462 1837/1187/461
f 1842/1188/463 1841/1191/463 1839/1189/462
f 1844/1190/161 1843/1193/161 1841/1191/463
f 1846/1192/464 1845/1194/464 1843/1193/161
f 1848/644/465 1847/647/465 1845/1194/464
f 1850/1195/466 1849/1197/466 1847/647/465
f 1852/1196/467 1851/1199/469 1849/1197/466
f 1854/1198/468 1853/1201/468 1851/1199/469
f 1856/1200/470 1855/1203/470 1853/1201/468
f 1858/1202/471 1857/1205/471 1855/1203/470
f 1860/1204/472 1859/1207/472 1857/1205/471
f 1862/1206/473 1861/1209/473 1859/1207/472
f 1864/1208/474 1863/1211/474 1861/1209/473
f 1866/1210/475 1865/1213/475 1863/1211/474
f 1868/1212/476 1867/1215/476 1865/1213/475
f 1870/1214/477 1869/1217/477 1867/1215/476
f 1872/1216/478 1871/1219/478 1869/1217/477
f 1874/1218/479 1873/1221/479 1871/1219/478
f 1876/1220/480 1875/1223/480 1873/1221/479
f 1878/1222/481 1877/1225/481 1875/1223/480
f 1880/1224/482 1879/1227/482 1877/1225/481
f 1882/1226/483 1881/1229/483 1879/1227/482
f 1884/1228/484 1883/1231/484 1881/1229/483
f 1886/1230/485 1885/1233/485 1883/1231/484
f 1888/1232/486 1887/1235/486 1885/1233/485
f 1890/1234/487 1889/1237/487 1887/1235/486
f 1892/1236/488 1891/1239/488 1889/1237/487
f 1894/1238/489 1893/1241/489 1891/1239/488
f 1896/1240/490 1895/1242/490 1893/1241/489
f 1798/809/439 1797/112/439 1895/1242/490
