# Blender 4.1.1
# www.blender.org
mtllib Text_1-1.mtl
o テキスト
v -0.750829 -0.284271 -0.090320
v -0.749773 -0.286140 -0.090320
v -0.748653 -0.287972 -0.090320
v -0.747469 -0.289763 -0.090320
v -0.746220 -0.291512 -0.090320
v -0.744908 -0.293216 -0.090320
v -0.743532 -0.294872 -0.090320
v -0.742092 -0.296477 -0.090320
v -0.740588 -0.298028 -0.090320
v -0.739020 -0.299524 -0.090320
v -0.737388 -0.300961 -0.090320
v -0.735692 -0.302336 -0.090320
v -0.730384 -0.305911 -0.090320
v -0.724847 -0.308979 -0.090320
v -0.719107 -0.311577 -0.090320
v -0.713191 -0.313743 -0.090320
v -0.707126 -0.315515 -0.090320
v -0.700938 -0.316929 -0.090320
v -0.694654 -0.318024 -0.090320
v -0.688300 -0.318835 -0.090320
v -0.681904 -0.319402 -0.090320
v -0.675492 -0.319760 -0.090320
v -0.669091 -0.319947 -0.090320
v -0.662727 -0.320002 -0.090320
v -0.650007 -0.318513 -0.090320
v -0.639373 -0.314298 -0.090320
v -0.630637 -0.307737 -0.090320
v -0.623613 -0.299207 -0.090320
v -0.618115 -0.289089 -0.090320
v -0.613956 -0.277759 -0.090320
v -0.610949 -0.265597 -0.090320
v -0.608907 -0.252982 -0.090320
v -0.607644 -0.240292 -0.090320
v -0.606972 -0.227907 -0.090320
v -0.606707 -0.216204 -0.090320
v -0.606660 -0.205562 -0.090320
v -0.606660 -0.203435 -0.090320
v -0.606663 -0.201281 -0.090320
v -0.606672 -0.199106 -0.090320
v -0.606688 -0.196915 -0.090320
v -0.606715 -0.194713 -0.090320
v -0.606756 -0.192505 -0.090320
v -0.606812 -0.190298 -0.090320
v -0.606887 -0.188096 -0.090320
v -0.606984 -0.185905 -0.090320
v -0.607104 -0.183730 -0.090320
v -0.607251 -0.181576 -0.090320
v -0.607428 -0.179449 -0.090320
v -0.607766 -0.172329 -0.090320
v -0.608018 -0.165183 -0.090320
v -0.608196 -0.158015 -0.090320
v -0.608310 -0.150832 -0.090320
v -0.608370 -0.143637 -0.090320
v -0.608388 -0.136438 -0.090320
v -0.608374 -0.129238 -0.090320
v -0.608338 -0.122044 -0.090320
v -0.608292 -0.114860 -0.090320
v -0.608245 -0.107693 -0.090320
v -0.608210 -0.100547 -0.090320
v -0.608196 -0.093427 -0.090320
v -0.608226 -0.089779 -0.090320
v -0.608309 -0.086131 -0.090320
v -0.608436 -0.082482 -0.090320
v -0.608594 -0.078834 -0.090320
v -0.608773 -0.075186 -0.090320
v -0.608964 -0.071538 -0.090320
v -0.609154 -0.067889 -0.090320
v -0.609334 -0.064241 -0.090320
v -0.609492 -0.060593 -0.090320
v -0.609618 -0.056945 -0.090320
v -0.609702 -0.053297 -0.090320
v -0.609732 -0.049648 -0.090320
v -0.609671 -0.044073 -0.090320
v -0.609437 -0.037178 -0.090320
v -0.608952 -0.029307 -0.090320
v -0.608139 -0.020804 -0.090320
v -0.606920 -0.012013 -0.090320
v -0.605219 -0.003277 -0.090320
v -0.602958 0.005058 -0.090320
v -0.600060 0.012649 -0.090320
v -0.596447 0.019152 -0.090320
v -0.592042 0.024223 -0.090320
v -0.586767 0.027518 -0.090320
v -0.580546 0.028693 -0.090320
v -0.571878 0.027741 -0.090320
v -0.562856 0.025109 -0.090320
v -0.553604 0.021132 -0.090320
v -0.544248 0.016148 -0.090320
v -0.534914 0.010492 -0.090320
v -0.525726 0.004499 -0.090320
v -0.516811 -0.001493 -0.090320
v -0.508292 -0.007150 -0.090320
v -0.500297 -0.012134 -0.090320
v -0.492949 -0.016110 -0.090320
v -0.486375 -0.018742 -0.090320
v -0.480700 -0.019694 -0.090320
v -0.476081 -0.019202 -0.090320
v -0.472173 -0.017806 -0.090320
v -0.468915 -0.015626 -0.090320
v -0.466249 -0.012782 -0.090320
v -0.464116 -0.009394 -0.090320
v -0.462458 -0.005581 -0.090320
v -0.461216 -0.001465 -0.090320
v -0.460332 0.002835 -0.090320
v -0.459746 0.007199 -0.090320
v -0.459400 0.011508 -0.090320
v -0.459236 0.015640 -0.090320
v -0.459194 0.019476 -0.090320
v -0.459147 0.028380 -0.090320
v -0.459077 0.037394 -0.090320
v -0.459086 0.046466 -0.090320
v -0.459279 0.055546 -0.090320
v -0.459761 0.064583 -0.090320
v -0.460634 0.073528 -0.090320
v -0.462004 0.082328 -0.090320
v -0.463973 0.090933 -0.090320
v -0.466647 0.099293 -0.090320
v -0.470128 0.107357 -0.090320
v -0.474522 0.115075 -0.090320
v -0.479931 0.122395 -0.090320
v -0.489890 0.133364 -0.090320
v -0.501551 0.144611 -0.090320
v -0.514662 0.155901 -0.090320
v -0.528973 0.166998 -0.090320
v -0.544233 0.177669 -0.090320
v -0.560193 0.187679 -0.090320
v -0.576600 0.196792 -0.090320
v -0.593205 0.204775 -0.090320
v -0.609756 0.211392 -0.090320
v -0.626003 0.216410 -0.090320
v -0.641696 0.219592 -0.090320
v -0.656583 0.220705 -0.090320
v -0.663424 0.220647 -0.090320
v -0.670795 0.220431 -0.090320
v -0.678556 0.219997 -0.090320
v -0.686565 0.219283 -0.090320
v -0.694681 0.218227 -0.090320
v -0.702762 0.216769 -0.090320
v -0.710667 0.214846 -0.090320
v -0.718254 0.212399 -0.090320
v -0.725383 0.209364 -0.090320
v -0.731912 0.205682 -0.090320
v -0.737700 0.201290 -0.090320
v -0.742604 0.196127 -0.090320
v -0.750938 0.181928 -0.090320
v -0.757624 0.162984 -0.090320
v -0.762838 0.140216 -0.090320
v -0.766755 0.114544 -0.090320
v -0.769553 0.086887 -0.090320
v -0.771406 0.058167 -0.090320
v -0.772492 0.029302 -0.090320
v -0.772985 0.001214 -0.090320
v -0.773062 -0.025179 -0.090320
v -0.772900 -0.048955 -0.090320
v -0.772673 -0.069195 -0.090320
v -0.772558 -0.084979 -0.090320
v -0.772517 -0.097942 -0.090320
v -0.772356 -0.113094 -0.090320
v -0.772018 -0.129969 -0.090320
v -0.771449 -0.148101 -0.090320
v -0.770591 -0.167022 -0.090320
v -0.769390 -0.186265 -0.090320
v -0.767789 -0.205364 -0.090320
v -0.765731 -0.223853 -0.090320
v -0.763162 -0.241265 -0.090320
v -0.760024 -0.257132 -0.090320
v -0.756262 -0.270988 -0.090320
v -0.751821 -0.282367 -0.090320
v 0.556084 -0.284271 -0.090320
v 0.557140 -0.286140 -0.090320
v 0.558260 -0.287972 -0.090320
v 0.559444 -0.289763 -0.090320
v 0.560692 -0.291512 -0.090320
v 0.562004 -0.293216 -0.090320
v 0.563380 -0.294872 -0.090320
v 0.564820 -0.296477 -0.090320
v 0.566324 -0.298028 -0.090320
v 0.567892 -0.299524 -0.090320
v 0.569524 -0.300961 -0.090320
v 0.571220 -0.302336 -0.090320
v 0.576528 -0.305911 -0.090320
v 0.582066 -0.308979 -0.090320
v 0.587806 -0.311577 -0.090320
v 0.593721 -0.313743 -0.090320
v 0.599787 -0.315515 -0.090320
v 0.605975 -0.316929 -0.090320
v 0.612259 -0.318024 -0.090320
v 0.618612 -0.318835 -0.090320
v 0.625008 -0.319402 -0.090320
v 0.631420 -0.319760 -0.090320
v 0.637821 -0.319947 -0.090320
v 0.644185 -0.320002 -0.090320
v 0.656905 -0.318513 -0.090320
v 0.667540 -0.314298 -0.090320
v 0.676275 -0.307737 -0.090320
v 0.683299 -0.299207 -0.090320
v 0.688797 -0.289089 -0.090320
v 0.692956 -0.277759 -0.090320
v 0.695964 -0.265597 -0.090320
v 0.698005 -0.252982 -0.090320
v 0.699269 -0.240292 -0.090320
v 0.699940 -0.227907 -0.090320
v 0.700206 -0.216204 -0.090320
v 0.700253 -0.205562 -0.090320
v 0.700252 -0.203435 -0.090320
v 0.700249 -0.201281 -0.090320
v 0.700241 -0.199106 -0.090320
v 0.700224 -0.196915 -0.090320
v 0.700197 -0.194713 -0.090320
v 0.700157 -0.192505 -0.090320
v 0.700100 -0.190298 -0.090320
v 0.700025 -0.188096 -0.090320
v 0.699929 -0.185905 -0.090320
v 0.699808 -0.183730 -0.090320
v 0.699661 -0.181576 -0.090320
v 0.699485 -0.179449 -0.090320
v 0.699147 -0.172329 -0.090320
v 0.698894 -0.165183 -0.090320
v 0.698716 -0.158015 -0.090320
v 0.698603 -0.150832 -0.090320
v 0.698542 -0.143637 -0.090320
v 0.698524 -0.136438 -0.090320
v 0.698539 -0.129238 -0.090320
v 0.698574 -0.122044 -0.090320
v 0.698621 -0.114860 -0.090320
v 0.698667 -0.107693 -0.090320
v 0.698702 -0.100547 -0.090320
v 0.698717 -0.093427 -0.090320
v 0.698687 -0.089779 -0.090320
v 0.698603 -0.086131 -0.090320
v 0.698477 -0.082482 -0.090320
v 0.698318 -0.078834 -0.090320
v 0.698139 -0.075186 -0.090320
v 0.697949 -0.071538 -0.090320
v 0.697758 -0.067889 -0.090320
v 0.697579 -0.064241 -0.090320
v 0.697421 -0.060593 -0.090320
v 0.697294 -0.056945 -0.090320
v 0.697211 -0.053297 -0.090320
v 0.697181 -0.049648 -0.090320
v 0.697241 -0.044073 -0.090320
v 0.697476 -0.037178 -0.090320
v 0.697961 -0.029307 -0.090320
v 0.698774 -0.020804 -0.090320
v 0.699992 -0.012013 -0.090320
v 0.701693 -0.003277 -0.090320
v 0.703954 0.005058 -0.090320
v 0.706852 0.012649 -0.090320
v 0.710465 0.019152 -0.090320
v 0.714871 0.024223 -0.090320
v 0.720145 0.027518 -0.090320
v 0.726366 0.028693 -0.090320
v 0.735034 0.027741 -0.090320
v 0.744056 0.025109 -0.090320
v 0.753308 0.021132 -0.090320
v 0.762664 0.016148 -0.090320
v 0.771998 0.010492 -0.090320
v 0.781186 0.004499 -0.090320
v 0.790102 -0.001493 -0.090320
v 0.798620 -0.007150 -0.090320
v 0.806615 -0.012134 -0.090320
v 0.813963 -0.016110 -0.090320
v 0.820537 -0.018742 -0.090320
v 0.826213 -0.019694 -0.090320
v 0.830831 -0.019202 -0.090320
v 0.834740 -0.017806 -0.090320
v 0.837997 -0.015626 -0.090320
v 0.840663 -0.012782 -0.090320
v 0.842796 -0.009394 -0.090320
v 0.844454 -0.005581 -0.090320
v 0.845696 -0.001465 -0.090320
v 0.846580 0.002835 -0.090320
v 0.847166 0.007199 -0.090320
v 0.847512 0.011508 -0.090320
v 0.847676 0.015640 -0.090320
v 0.847718 0.019476 -0.090320
v 0.847765 0.028380 -0.090320
v 0.847836 0.037394 -0.090320
v 0.847826 0.046466 -0.090320
v 0.847633 0.055546 -0.090320
v 0.847151 0.064583 -0.090320
v 0.846278 0.073528 -0.090320
v 0.844909 0.082328 -0.090320
v 0.842939 0.090933 -0.090320
v 0.840266 0.099293 -0.090320
v 0.836784 0.107357 -0.090320
v 0.832390 0.115075 -0.090320
v 0.826981 0.122395 -0.090320
v 0.817022 0.133364 -0.090320
v 0.805362 0.144611 -0.090320
v 0.792251 0.155901 -0.090320
v 0.777939 0.166998 -0.090320
v 0.762679 0.177669 -0.090320
v 0.746720 0.187679 -0.090320
v 0.730312 0.196792 -0.090320
v 0.713708 0.204775 -0.090320
v 0.697156 0.211392 -0.090320
v 0.680909 0.216410 -0.090320
v 0.665217 0.219592 -0.090320
v 0.650330 0.220705 -0.090320
v 0.643489 0.220647 -0.090320
v 0.636117 0.220431 -0.090320
v 0.628356 0.219997 -0.090320
v 0.620347 0.219283 -0.090320
v 0.612232 0.218227 -0.090320
v 0.604151 0.216769 -0.090320
v 0.596246 0.214846 -0.090320
v 0.588658 0.212399 -0.090320
v 0.581529 0.209364 -0.090320
v 0.575000 0.205682 -0.090320
v 0.569213 0.201290 -0.090320
v 0.564308 0.196127 -0.090320
v 0.555974 0.181928 -0.090320
v 0.549288 0.162984 -0.090320
v 0.544075 0.140216 -0.090320
v 0.540157 0.114544 -0.090320
v 0.537360 0.086887 -0.090320
v 0.535506 0.058167 -0.090320
v 0.534421 0.029302 -0.090320
v 0.533927 0.001214 -0.090320
v 0.533850 -0.025179 -0.090320
v 0.534013 -0.048955 -0.090320
v 0.534239 -0.069195 -0.090320
v 0.534354 -0.084979 -0.090320
v 0.534395 -0.097942 -0.090320
v 0.534557 -0.113094 -0.090320
v 0.534894 -0.129969 -0.090320
v 0.535463 -0.148101 -0.090320
v 0.536321 -0.167022 -0.090320
v 0.537522 -0.186265 -0.090320
v 0.539124 -0.205364 -0.090320
v 0.541181 -0.223853 -0.090320
v 0.543751 -0.241265 -0.090320
v 0.546888 -0.257132 -0.090320
v 0.550650 -0.270988 -0.090320
v 0.555091 -0.282367 -0.090320
v -0.750829 -0.284271 0.109680
v -0.749773 -0.286140 0.109680
v -0.748653 -0.287972 0.109680
v -0.747469 -0.289763 0.109680
v -0.746220 -0.291512 0.109680
v -0.744908 -0.293216 0.109680
v -0.743532 -0.294872 0.109680
v -0.742092 -0.296477 0.109680
v -0.740588 -0.298028 0.109680
v -0.739020 -0.299524 0.109680
v -0.737388 -0.300961 0.109680
v -0.735692 -0.302336 0.109680
v -0.730384 -0.305911 0.109680
v -0.724847 -0.308979 0.109680
v -0.719107 -0.311577 0.109680
v -0.713191 -0.313743 0.109680
v -0.707126 -0.315515 0.109680
v -0.700938 -0.316929 0.109680
v -0.694654 -0.318024 0.109680
v -0.688300 -0.318835 0.109680
v -0.681904 -0.319402 0.109680
v -0.675492 -0.319760 0.109680
v -0.669091 -0.319947 0.109680
v -0.662727 -0.320002 0.109680
v -0.650007 -0.318513 0.109680
v -0.639373 -0.314298 0.109680
v -0.630637 -0.307737 0.109680
v -0.623613 -0.299207 0.109680
v -0.618115 -0.289089 0.109680
v -0.613956 -0.277759 0.109680
v -0.610949 -0.265597 0.109680
v -0.608907 -0.252982 0.109680
v -0.607644 -0.240292 0.109680
v -0.606972 -0.227907 0.109680
v -0.606707 -0.216204 0.109680
v -0.606660 -0.205562 0.109680
v -0.606660 -0.203435 0.109680
v -0.606663 -0.201281 0.109680
v -0.606672 -0.199106 0.109680
v -0.606688 -0.196915 0.109680
v -0.606715 -0.194713 0.109680
v -0.606756 -0.192505 0.109680
v -0.606812 -0.190298 0.109680
v -0.606887 -0.188096 0.109680
v -0.606984 -0.185905 0.109680
v -0.607104 -0.183730 0.109680
v -0.607251 -0.181576 0.109680
v -0.607428 -0.179449 0.109680
v -0.607766 -0.172329 0.109680
v -0.608018 -0.165183 0.109680
v -0.608196 -0.158015 0.109680
v -0.608310 -0.150832 0.109680
v -0.608370 -0.143637 0.109680
v -0.608388 -0.136438 0.109680
v -0.608374 -0.129238 0.109680
v -0.608338 -0.122044 0.109680
v -0.608292 -0.114860 0.109680
v -0.608245 -0.107693 0.109680
v -0.608210 -0.100547 0.109680
v -0.608196 -0.093427 0.109680
v -0.608226 -0.089779 0.109680
v -0.608309 -0.086131 0.109680
v -0.608436 -0.082482 0.109680
v -0.608594 -0.078834 0.109680
v -0.608773 -0.075186 0.109680
v -0.608964 -0.071538 0.109680
v -0.609154 -0.067889 0.109680
v -0.609334 -0.064241 0.109680
v -0.609492 -0.060593 0.109680
v -0.609618 -0.056945 0.109680
v -0.609702 -0.053297 0.109680
v -0.609732 -0.049648 0.109680
v -0.609671 -0.044073 0.109680
v -0.609437 -0.037178 0.109680
v -0.608952 -0.029307 0.109680
v -0.608139 -0.020804 0.109680
v -0.606920 -0.012013 0.109680
v -0.605219 -0.003277 0.109680
v -0.602958 0.005058 0.109680
v -0.600060 0.012649 0.109680
v -0.596447 0.019152 0.109680
v -0.592042 0.024223 0.109680
v -0.586767 0.027518 0.109680
v -0.580546 0.028693 0.109680
v -0.571878 0.027741 0.109680
v -0.562856 0.025109 0.109680
v -0.553604 0.021132 0.109680
v -0.544248 0.016148 0.109680
v -0.534914 0.010492 0.109680
v -0.525726 0.004499 0.109680
v -0.516811 -0.001493 0.109680
v -0.508292 -0.007150 0.109680
v -0.500297 -0.012134 0.109680
v -0.492949 -0.016110 0.109680
v -0.486375 -0.018742 0.109680
v -0.480700 -0.019694 0.109680
v -0.476081 -0.019202 0.109680
v -0.472173 -0.017806 0.109680
v -0.468915 -0.015626 0.109680
v -0.466249 -0.012782 0.109680
v -0.464116 -0.009394 0.109680
v -0.462458 -0.005581 0.109680
v -0.461216 -0.001465 0.109680
v -0.460332 0.002835 0.109680
v -0.459746 0.007199 0.109680
v -0.459400 0.011508 0.109680
v -0.459236 0.015640 0.109680
v -0.459194 0.019476 0.109680
v -0.459147 0.028380 0.109680
v -0.459077 0.037394 0.109680
v -0.459086 0.046466 0.109680
v -0.459279 0.055546 0.109680
v -0.459761 0.064583 0.109680
v -0.460634 0.073528 0.109680
v -0.462004 0.082328 0.109680
v -0.463973 0.090933 0.109680
v -0.466647 0.099293 0.109680
v -0.470128 0.107357 0.109680
v -0.474522 0.115075 0.109680
v -0.479931 0.122395 0.109680
v -0.489890 0.133364 0.109680
v -0.501551 0.144611 0.109680
v -0.514662 0.155901 0.109680
v -0.528973 0.166998 0.109680
v -0.544233 0.177669 0.109680
v -0.560193 0.187679 0.109680
v -0.576600 0.196792 0.109680
v -0.593205 0.204775 0.109680
v -0.609756 0.211392 0.109680
v -0.626003 0.216410 0.109680
v -0.641696 0.219592 0.109680
v -0.656583 0.220705 0.109680
v -0.663424 0.220647 0.109680
v -0.670795 0.220431 0.109680
v -0.678556 0.219997 0.109680
v -0.686565 0.219283 0.109680
v -0.694681 0.218227 0.109680
v -0.702762 0.216769 0.109680
v -0.710667 0.214846 0.109680
v -0.718254 0.212399 0.109680
v -0.725383 0.209364 0.109680
v -0.731912 0.205682 0.109680
v -0.737700 0.201290 0.109680
v -0.742604 0.196127 0.109680
v -0.750938 0.181928 0.109680
v -0.757624 0.162984 0.109680
v -0.762838 0.140216 0.109680
v -0.766755 0.114544 0.109680
v -0.769553 0.086887 0.109680
v -0.771406 0.058167 0.109680
v -0.772492 0.029302 0.109680
v -0.772985 0.001214 0.109680
v -0.773062 -0.025179 0.109680
v -0.772900 -0.048955 0.109680
v -0.772673 -0.069195 0.109680
v -0.772558 -0.084979 0.109680
v -0.772517 -0.097942 0.109680
v -0.772356 -0.113094 0.109680
v -0.772018 -0.129969 0.109680
v -0.771449 -0.148101 0.109680
v -0.770591 -0.167022 0.109680
v -0.769390 -0.186265 0.109680
v -0.767789 -0.205364 0.109680
v -0.765731 -0.223853 0.109680
v -0.763162 -0.241265 0.109680
v -0.760024 -0.257132 0.109680
v -0.756262 -0.270988 0.109680
v -0.751821 -0.282367 0.109680
v 0.556084 -0.284271 0.109680
v 0.557140 -0.286140 0.109680
v 0.558260 -0.287972 0.109680
v 0.559444 -0.289763 0.109680
v 0.560692 -0.291512 0.109680
v 0.562004 -0.293216 0.109680
v 0.563380 -0.294872 0.109680
v 0.564820 -0.296477 0.109680
v 0.566324 -0.298028 0.109680
v 0.567892 -0.299524 0.109680
v 0.569524 -0.300961 0.109680
v 0.571220 -0.302336 0.109680
v 0.576528 -0.305911 0.109680
v 0.582066 -0.308979 0.109680
v 0.587806 -0.311577 0.109680
v 0.593721 -0.313743 0.109680
v 0.599787 -0.315515 0.109680
v 0.605975 -0.316929 0.109680
v 0.612259 -0.318024 0.109680
v 0.618612 -0.318835 0.109680
v 0.625008 -0.319402 0.109680
v 0.631420 -0.319760 0.109680
v 0.637821 -0.319947 0.109680
v 0.644185 -0.320002 0.109680
v 0.656905 -0.318513 0.109680
v 0.667540 -0.314298 0.109680
v 0.676275 -0.307737 0.109680
v 0.683299 -0.299207 0.109680
v 0.688797 -0.289089 0.109680
v 0.692956 -0.277759 0.109680
v 0.695964 -0.265597 0.109680
v 0.698005 -0.252982 0.109680
v 0.699269 -0.240292 0.109680
v 0.699940 -0.227907 0.109680
v 0.700206 -0.216204 0.109680
v 0.700253 -0.205562 0.109680
v 0.700252 -0.203435 0.109680
v 0.700249 -0.201281 0.109680
v 0.700241 -0.199106 0.109680
v 0.700224 -0.196915 0.109680
v 0.700197 -0.194713 0.109680
v 0.700157 -0.192505 0.109680
v 0.700100 -0.190298 0.109680
v 0.700025 -0.188096 0.109680
v 0.699929 -0.185905 0.109680
v 0.699808 -0.183730 0.109680
v 0.699661 -0.181576 0.109680
v 0.699485 -0.179449 0.109680
v 0.699147 -0.172329 0.109680
v 0.698894 -0.165183 0.109680
v 0.698716 -0.158015 0.109680
v 0.698603 -0.150832 0.109680
v 0.698542 -0.143637 0.109680
v 0.698524 -0.136438 0.109680
v 0.698539 -0.129238 0.109680
v 0.698574 -0.122044 0.109680
v 0.698621 -0.114860 0.109680
v 0.698667 -0.107693 0.109680
v 0.698702 -0.100547 0.109680
v 0.698717 -0.093427 0.109680
v 0.698687 -0.089779 0.109680
v 0.698603 -0.086131 0.109680
v 0.698477 -0.082482 0.109680
v 0.698318 -0.078834 0.109680
v 0.698139 -0.075186 0.109680
v 0.697949 -0.071538 0.109680
v 0.697758 -0.067889 0.109680
v 0.697579 -0.064241 0.109680
v 0.697421 -0.060593 0.109680
v 0.697294 -0.056945 0.109680
v 0.697211 -0.053297 0.109680
v 0.697181 -0.049648 0.109680
v 0.697241 -0.044073 0.109680
v 0.697476 -0.037178 0.109680
v 0.697961 -0.029307 0.109680
v 0.698774 -0.020804 0.109680
v 0.699992 -0.012013 0.109680
v 0.701693 -0.003277 0.109680
v 0.703954 0.005058 0.109680
v 0.706852 0.012649 0.109680
v 0.710465 0.019152 0.109680
v 0.714871 0.024223 0.109680
v 0.720145 0.027518 0.109680
v 0.726366 0.028693 0.109680
v 0.735034 0.027741 0.109680
v 0.744056 0.025109 0.109680
v 0.753308 0.021132 0.109680
v 0.762664 0.016148 0.109680
v 0.771998 0.010492 0.109680
v 0.781186 0.004499 0.109680
v 0.790102 -0.001493 0.109680
v 0.798620 -0.007150 0.109680
v 0.806615 -0.012134 0.109680
v 0.813963 -0.016110 0.109680
v 0.820537 -0.018742 0.109680
v 0.826213 -0.019694 0.109680
v 0.830831 -0.019202 0.109680
v 0.834740 -0.017806 0.109680
v 0.837997 -0.015626 0.109680
v 0.840663 -0.012782 0.109680
v 0.842796 -0.009394 0.109680
v 0.844454 -0.005581 0.109680
v 0.845696 -0.001465 0.109680
v 0.846580 0.002835 0.109680
v 0.847166 0.007199 0.109680
v 0.847512 0.011508 0.109680
v 0.847676 0.015640 0.109680
v 0.847718 0.019476 0.109680
v 0.847765 0.028380 0.109680
v 0.847836 0.037394 0.109680
v 0.847826 0.046466 0.109680
v 0.847633 0.055546 0.109680
v 0.847151 0.064583 0.109680
v 0.846278 0.073528 0.109680
v 0.844909 0.082328 0.109680
v 0.842939 0.090933 0.109680
v 0.840266 0.099293 0.109680
v 0.836784 0.107357 0.109680
v 0.832390 0.115075 0.109680
v 0.826981 0.122395 0.109680
v 0.817022 0.133364 0.109680
v 0.805362 0.144611 0.109680
v 0.792251 0.155901 0.109680
v 0.777939 0.166998 0.109680
v 0.762679 0.177669 0.109680
v 0.746720 0.187679 0.109680
v 0.730312 0.196792 0.109680
v 0.713708 0.204775 0.109680
v 0.697156 0.211392 0.109680
v 0.680909 0.216410 0.109680
v 0.665217 0.219592 0.109680
v 0.650330 0.220705 0.109680
v 0.643489 0.220647 0.109680
v 0.636117 0.220431 0.109680
v 0.628356 0.219997 0.109680
v 0.620347 0.219283 0.109680
v 0.612232 0.218227 0.109680
v 0.604151 0.216769 0.109680
v 0.596246 0.214846 0.109680
v 0.588658 0.212399 0.109680
v 0.581529 0.209364 0.109680
v 0.575000 0.205682 0.109680
v 0.569213 0.201290 0.109680
v 0.564308 0.196127 0.109680
v 0.555974 0.181928 0.109680
v 0.549288 0.162984 0.109680
v 0.544075 0.140216 0.109680
v 0.540157 0.114544 0.109680
v 0.537360 0.086887 0.109680
v 0.535506 0.058167 0.109680
v 0.534421 0.029302 0.109680
v 0.533927 0.001214 0.109680
v 0.533850 -0.025179 0.109680
v 0.534013 -0.048955 0.109680
v 0.534239 -0.069195 0.109680
v 0.534354 -0.084979 0.109680
v 0.534395 -0.097942 0.109680
v 0.534557 -0.113094 0.109680
v 0.534894 -0.129969 0.109680
v 0.535463 -0.148101 0.109680
v 0.536321 -0.167022 0.109680
v 0.537522 -0.186265 0.109680
v 0.539124 -0.205364 0.109680
v 0.541181 -0.223853 0.109680
v 0.543751 -0.241265 0.109680
v 0.546888 -0.257132 0.109680
v 0.550650 -0.270988 0.109680
v 0.555091 -0.282367 0.109680
v 0.556084 -0.284271 0.109680
v 0.556084 -0.284271 -0.090320
v 0.557140 -0.286140 0.109680
v 0.557140 -0.286140 -0.090320
v 0.558260 -0.287972 0.109680
v 0.558260 -0.287972 -0.090320
v 0.559444 -0.289763 0.109680
v 0.559444 -0.289763 -0.090320
v 0.560692 -0.291512 0.109680
v 0.560692 -0.291512 -0.090320
v 0.562004 -0.293216 0.109680
v 0.562004 -0.293216 -0.090320
v 0.563380 -0.294872 0.109680
v 0.563380 -0.294872 -0.090320
v 0.564820 -0.296477 0.109680
v 0.564820 -0.296477 -0.090320
v 0.566324 -0.298028 0.109680
v 0.566324 -0.298028 -0.090320
v 0.567892 -0.299524 0.109680
v 0.567892 -0.299524 -0.090320
v 0.569524 -0.300961 0.109680
v 0.569524 -0.300961 -0.090320
v 0.571220 -0.302336 0.109680
v 0.571220 -0.302336 -0.090320
v 0.576528 -0.305911 0.109680
v 0.576528 -0.305911 -0.090320
v 0.582066 -0.308979 0.109680
v 0.582066 -0.308979 -0.090320
v 0.587806 -0.311577 0.109680
v 0.587806 -0.311577 -0.090320
v 0.593721 -0.313743 0.109680
v 0.593721 -0.313743 -0.090320
v 0.599787 -0.315515 0.109680
v 0.599787 -0.315515 -0.090320
v 0.605975 -0.316929 0.109680
v 0.605975 -0.316929 -0.090320
v 0.612259 -0.318024 0.109680
v 0.612259 -0.318024 -0.090320
v 0.618612 -0.318835 0.109680
v 0.618612 -0.318835 -0.090320
v 0.625008 -0.319402 0.109680
v 0.625008 -0.319402 -0.090320
v 0.631420 -0.319760 0.109680
v 0.631420 -0.319760 -0.090320
v 0.637821 -0.319947 0.109680
v 0.637821 -0.319947 -0.090320
v 0.644185 -0.320002 0.109680
v 0.644185 -0.320002 -0.090320
v 0.656905 -0.318513 0.109680
v 0.656905 -0.318513 -0.090320
v 0.667540 -0.314298 0.109680
v 0.667540 -0.314298 -0.090320
v 0.676275 -0.307737 0.109680
v 0.676275 -0.307737 -0.090320
v 0.683299 -0.299207 0.109680
v 0.683299 -0.299207 -0.090320
v 0.688797 -0.289089 0.109680
v 0.688797 -0.289089 -0.090320
v 0.692956 -0.277759 0.109680
v 0.692956 -0.277759 -0.090320
v 0.695964 -0.265597 0.109680
v 0.695964 -0.265597 -0.090320
v 0.698005 -0.252982 0.109680
v 0.698005 -0.252982 -0.090320
v 0.699269 -0.240292 0.109680
v 0.699269 -0.240292 -0.090320
v 0.699940 -0.227907 0.109680
v 0.699940 -0.227907 -0.090320
v 0.700206 -0.216204 0.109680
v 0.700206 -0.216204 -0.090320
v 0.700253 -0.205562 0.109680
v 0.700253 -0.205562 -0.090320
v 0.700252 -0.203435 0.109680
v 0.700252 -0.203435 -0.090320
v 0.700249 -0.201281 0.109680
v 0.700249 -0.201281 -0.090320
v 0.700241 -0.199106 0.109680
v 0.700241 -0.199106 -0.090320
v 0.700224 -0.196915 0.109680
v 0.700224 -0.196915 -0.090320
v 0.700197 -0.194713 0.109680
v 0.700197 -0.194713 -0.090320
v 0.700157 -0.192505 0.109680
v 0.700157 -0.192505 -0.090320
v 0.700100 -0.190298 0.109680
v 0.700100 -0.190298 -0.090320
v 0.700025 -0.188096 0.109680
v 0.700025 -0.188096 -0.090320
v 0.699929 -0.185905 0.109680
v 0.699929 -0.185905 -0.090320
v 0.699808 -0.183730 0.109680
v 0.699808 -0.183730 -0.090320
v 0.699661 -0.181576 0.109680
v 0.699661 -0.181576 -0.090320
v 0.699485 -0.179449 0.109680
v 0.699485 -0.179449 -0.090320
v 0.699147 -0.172329 0.109680
v 0.699147 -0.172329 -0.090320
v 0.698894 -0.165183 0.109680
v 0.698894 -0.165183 -0.090320
v 0.698716 -0.158015 0.109680
v 0.698716 -0.158015 -0.090320
v 0.698603 -0.150832 0.109680
v 0.698603 -0.150832 -0.090320
v 0.698542 -0.143637 0.109680
v 0.698542 -0.143637 -0.090320
v 0.698524 -0.136438 0.109680
v 0.698524 -0.136438 -0.090320
v 0.698539 -0.129238 0.109680
v 0.698539 -0.129238 -0.090320
v 0.698574 -0.122044 0.109680
v 0.698574 -0.122044 -0.090320
v 0.698621 -0.114860 0.109680
v 0.698621 -0.114860 -0.090320
v 0.698667 -0.107693 0.109680
v 0.698667 -0.107693 -0.090320
v 0.698702 -0.100547 0.109680
v 0.698702 -0.100547 -0.090320
v 0.698717 -0.093427 0.109680
v 0.698717 -0.093427 -0.090320
v 0.698687 -0.089779 0.109680
v 0.698687 -0.089779 -0.090320
v 0.698603 -0.086131 0.109680
v 0.698603 -0.086131 -0.090320
v 0.698477 -0.082482 0.109680
v 0.698477 -0.082482 -0.090320
v 0.698318 -0.078834 0.109680
v 0.698318 -0.078834 -0.090320
v 0.698139 -0.075186 0.109680
v 0.698139 -0.075186 -0.090320
v 0.697949 -0.071538 0.109680
v 0.697949 -0.071538 -0.090320
v 0.697758 -0.067889 0.109680
v 0.697758 -0.067889 -0.090320
v 0.697579 -0.064241 0.109680
v 0.697579 -0.064241 -0.090320
v 0.697421 -0.060593 0.109680
v 0.697421 -0.060593 -0.090320
v 0.697294 -0.056945 0.109680
v 0.697294 -0.056945 -0.090320
v 0.697211 -0.053297 0.109680
v 0.697211 -0.053297 -0.090320
v 0.697181 -0.049648 0.109680
v 0.697181 -0.049648 -0.090320
v 0.697241 -0.044073 0.109680
v 0.697241 -0.044073 -0.090320
v 0.697476 -0.037178 0.109680
v 0.697476 -0.037178 -0.090320
v 0.697961 -0.029307 0.109680
v 0.697961 -0.029307 -0.090320
v 0.698774 -0.020804 0.109680
v 0.698774 -0.020804 -0.090320
v 0.699992 -0.012013 0.109680
v 0.699992 -0.012013 -0.090320
v 0.701693 -0.003277 0.109680
v 0.701693 -0.003277 -0.090320
v 0.703954 0.005058 0.109680
v 0.703954 0.005058 -0.090320
v 0.706852 0.012649 0.109680
v 0.706852 0.012649 -0.090320
v 0.710465 0.019152 0.109680
v 0.710465 0.019152 -0.090320
v 0.714871 0.024223 0.109680
v 0.714871 0.024223 -0.090320
v 0.720145 0.027518 0.109680
v 0.720145 0.027518 -0.090320
v 0.726366 0.028693 0.109680
v 0.726366 0.028693 -0.090320
v 0.735034 0.027741 0.109680
v 0.735034 0.027741 -0.090320
v 0.744056 0.025109 0.109680
v 0.744056 0.025109 -0.090320
v 0.753308 0.021132 0.109680
v 0.753308 0.021132 -0.090320
v 0.762664 0.016148 0.109680
v 0.762664 0.016148 -0.090320
v 0.771998 0.010492 0.109680
v 0.771998 0.010492 -0.090320
v 0.781186 0.004499 0.109680
v 0.781186 0.004499 -0.090320
v 0.790102 -0.001493 0.109680
v 0.790102 -0.001493 -0.090320
v 0.798620 -0.007150 0.109680
v 0.798620 -0.007150 -0.090320
v 0.806615 -0.012134 0.109680
v 0.806615 -0.012134 -0.090320
v 0.813963 -0.016110 0.109680
v 0.813963 -0.016110 -0.090320
v 0.820537 -0.018742 0.109680
v 0.820537 -0.018742 -0.090320
v 0.826213 -0.019694 0.109680
v 0.826213 -0.019694 -0.090320
v 0.830831 -0.019202 0.109680
v 0.830831 -0.019202 -0.090320
v 0.834740 -0.017806 0.109680
v 0.834740 -0.017806 -0.090320
v 0.837997 -0.015626 0.109680
v 0.837997 -0.015626 -0.090320
v 0.840663 -0.012782 0.109680
v 0.840663 -0.012782 -0.090320
v 0.842796 -0.009394 0.109680
v 0.842796 -0.009394 -0.090320
v 0.844454 -0.005581 0.109680
v 0.844454 -0.005581 -0.090320
v 0.845696 -0.001465 0.109680
v 0.845696 -0.001465 -0.090320
v 0.846580 0.002835 0.109680
v 0.846580 0.002835 -0.090320
v 0.847166 0.007199 0.109680
v 0.847166 0.007199 -0.090320
v 0.847512 0.011508 0.109680
v 0.847512 0.011508 -0.090320
v 0.847676 0.015640 0.109680
v 0.847676 0.015640 -0.090320
v 0.847718 0.019476 0.109680
v 0.847718 0.019476 -0.090320
v 0.847765 0.028380 0.109680
v 0.847765 0.028380 -0.090320
v 0.847836 0.037394 0.109680
v 0.847836 0.037394 -0.090320
v 0.847826 0.046466 0.109680
v 0.847826 0.046466 -0.090320
v 0.847633 0.055546 0.109680
v 0.847633 0.055546 -0.090320
v 0.847151 0.064583 0.109680
v 0.847151 0.064583 -0.090320
v 0.846278 0.073528 0.109680
v 0.846278 0.073528 -0.090320
v 0.844909 0.082328 0.109680
v 0.844909 0.082328 -0.090320
v 0.842939 0.090933 0.109680
v 0.842939 0.090933 -0.090320
v 0.840266 0.099293 0.109680
v 0.840266 0.099293 -0.090320
v 0.836784 0.107357 0.109680
v 0.836784 0.107357 -0.090320
v 0.832390 0.115075 0.109680
v 0.832390 0.115075 -0.090320
v 0.826981 0.122395 0.109680
v 0.826981 0.122395 -0.090320
v 0.817022 0.133364 0.109680
v 0.817022 0.133364 -0.090320
v 0.805362 0.144611 0.109680
v 0.805362 0.144611 -0.090320
v 0.792251 0.155901 0.109680
v 0.792251 0.155901 -0.090320
v 0.777939 0.166998 0.109680
v 0.777939 0.166998 -0.090320
v 0.762679 0.177669 0.109680
v 0.762679 0.177669 -0.090320
v 0.746720 0.187679 0.109680
v 0.746720 0.187679 -0.090320
v 0.730312 0.196792 0.109680
v 0.730312 0.196792 -0.090320
v 0.713708 0.204775 0.109680
v 0.713708 0.204775 -0.090320
v 0.697156 0.211392 0.109680
v 0.697156 0.211392 -0.090320
v 0.680909 0.216410 0.109680
v 0.680909 0.216410 -0.090320
v 0.665217 0.219592 0.109680
v 0.665217 0.219592 -0.090320
v 0.650330 0.220705 0.109680
v 0.650330 0.220705 -0.090320
v 0.643489 0.220647 0.109680
v 0.643489 0.220647 -0.090320
v 0.636117 0.220431 0.109680
v 0.636117 0.220431 -0.090320
v 0.628356 0.219997 0.109680
v 0.628356 0.219997 -0.090320
v 0.620347 0.219283 0.109680
v 0.620347 0.219283 -0.090320
v 0.612232 0.218227 0.109680
v 0.612232 0.218227 -0.090320
v 0.604151 0.216769 0.109680
v 0.604151 0.216769 -0.090320
v 0.596246 0.214846 0.109680
v 0.596246 0.214846 -0.090320
v 0.588658 0.212399 0.109680
v 0.588658 0.212399 -0.090320
v 0.581529 0.209364 0.109680
v 0.581529 0.209364 -0.090320
v 0.575000 0.205682 0.109680
v 0.575000 0.205682 -0.090320
v 0.569213 0.201290 0.109680
v 0.569213 0.201290 -0.090320
v 0.564308 0.196127 0.109680
v 0.564308 0.196127 -0.090320
v 0.555974 0.181928 0.109680
v 0.555974 0.181928 -0.090320
v 0.549288 0.162984 0.109680
v 0.549288 0.162984 -0.090320
v 0.544075 0.140216 0.109680
v 0.544075 0.140216 -0.090320
v 0.540157 0.114544 0.109680
v 0.540157 0.114544 -0.090320
v 0.537360 0.086887 0.109680
v 0.537360 0.086887 -0.090320
v 0.535506 0.058167 0.109680
v 0.535506 0.058167 -0.090320
v 0.534421 0.029302 0.109680
v 0.534421 0.029302 -0.090320
v 0.533927 0.001214 0.109680
v 0.533927 0.001214 -0.090320
v 0.533850 -0.025179 0.109680
v 0.533850 -0.025179 -0.090320
v 0.534013 -0.048955 0.109680
v 0.534013 -0.048955 -0.090320
v 0.534239 -0.069195 0.109680
v 0.534239 -0.069195 -0.090320
v 0.534354 -0.084979 0.109680
v 0.534354 -0.084979 -0.090320
v 0.534395 -0.097942 0.109680
v 0.534395 -0.097942 -0.090320
v 0.534557 -0.113094 0.109680
v 0.534557 -0.113094 -0.090320
v 0.534894 -0.129969 0.109680
v 0.534894 -0.129969 -0.090320
v 0.535463 -0.148101 0.109680
v 0.535463 -0.148101 -0.090320
v 0.536321 -0.167022 0.109680
v 0.536321 -0.167022 -0.090320
v 0.537522 -0.186265 0.109680
v 0.537522 -0.186265 -0.090320
v 0.539124 -0.205364 0.109680
v 0.539124 -0.205364 -0.090320
v 0.541181 -0.223853 0.109680
v 0.541181 -0.223853 -0.090320
v 0.543751 -0.241265 0.109680
v 0.543751 -0.241265 -0.090320
v 0.546888 -0.257132 0.109680
v 0.546888 -0.257132 -0.090320
v 0.550650 -0.270988 0.109680
v 0.550650 -0.270988 -0.090320
v 0.555091 -0.282367 0.109680
v 0.555091 -0.282367 -0.090320
v -0.750829 -0.284271 0.109680
v -0.750829 -0.284271 -0.090320
v -0.749773 -0.286140 0.109680
v -0.749773 -0.286140 -0.090320
v -0.748653 -0.287972 0.109680
v -0.748653 -0.287972 -0.090320
v -0.747469 -0.289763 0.109680
v -0.747469 -0.289763 -0.090320
v -0.746220 -0.291512 0.109680
v -0.746220 -0.291512 -0.090320
v -0.744908 -0.293216 0.109680
v -0.744908 -0.293216 -0.090320
v -0.743532 -0.294872 0.109680
v -0.743532 -0.294872 -0.090320
v -0.742092 -0.296477 0.109680
v -0.742092 -0.296477 -0.090320
v -0.740588 -0.298028 0.109680
v -0.740588 -0.298028 -0.090320
v -0.739020 -0.299524 0.109680
v -0.739020 -0.299524 -0.090320
v -0.737388 -0.300961 0.109680
v -0.737388 -0.300961 -0.090320
v -0.735692 -0.302336 0.109680
v -0.735692 -0.302336 -0.090320
v -0.730384 -0.305911 0.109680
v -0.730384 -0.305911 -0.090320
v -0.724847 -0.308979 0.109680
v -0.724847 -0.308979 -0.090320
v -0.719107 -0.311577 0.109680
v -0.719107 -0.311577 -0.090320
v -0.713191 -0.313743 0.109680
v -0.713191 -0.313743 -0.090320
v -0.707126 -0.315515 0.109680
v -0.707126 -0.315515 -0.090320
v -0.700938 -0.316929 0.109680
v -0.700938 -0.316929 -0.090320
v -0.694654 -0.318024 0.109680
v -0.694654 -0.318024 -0.090320
v -0.688300 -0.318835 0.109680
v -0.688300 -0.318835 -0.090320
v -0.681904 -0.319402 0.109680
v -0.681904 -0.319402 -0.090320
v -0.675492 -0.319760 0.109680
v -0.675492 -0.319760 -0.090320
v -0.669091 -0.319947 0.109680
v -0.669091 -0.319947 -0.090320
v -0.662727 -0.320002 0.109680
v -0.662727 -0.320002 -0.090320
v -0.650007 -0.318513 0.109680
v -0.650007 -0.318513 -0.090320
v -0.639373 -0.314298 0.109680
v -0.639373 -0.314298 -0.090320
v -0.630637 -0.307737 0.109680
v -0.630637 -0.307737 -0.090320
v -0.623613 -0.299207 0.109680
v -0.623613 -0.299207 -0.090320
v -0.618115 -0.289089 0.109680
v -0.618115 -0.289089 -0.090320
v -0.613956 -0.277759 0.109680
v -0.613956 -0.277759 -0.090320
v -0.610949 -0.265597 0.109680
v -0.610949 -0.265597 -0.090320
v -0.608907 -0.252982 0.109680
v -0.608907 -0.252982 -0.090320
v -0.607644 -0.240292 0.109680
v -0.607644 -0.240292 -0.090320
v -0.606972 -0.227907 0.109680
v -0.606972 -0.227907 -0.090320
v -0.606707 -0.216204 0.109680
v -0.606707 -0.216204 -0.090320
v -0.606660 -0.205562 0.109680
v -0.606660 -0.205562 -0.090320
v -0.606660 -0.203435 0.109680
v -0.606660 -0.203435 -0.090320
v -0.606663 -0.201281 0.109680
v -0.606663 -0.201281 -0.090320
v -0.606672 -0.199106 0.109680
v -0.606672 -0.199106 -0.090320
v -0.606688 -0.196915 0.109680
v -0.606688 -0.196915 -0.090320
v -0.606715 -0.194713 0.109680
v -0.606715 -0.194713 -0.090320
v -0.606756 -0.192505 0.109680
v -0.606756 -0.192505 -0.090320
v -0.606812 -0.190298 0.109680
v -0.606812 -0.190298 -0.090320
v -0.606887 -0.188096 0.109680
v -0.606887 -0.188096 -0.090320
v -0.606984 -0.185905 0.109680
v -0.606984 -0.185905 -0.090320
v -0.607104 -0.183730 0.109680
v -0.607104 -0.183730 -0.090320
v -0.607251 -0.181576 0.109680
v -0.607251 -0.181576 -0.090320
v -0.607428 -0.179449 0.109680
v -0.607428 -0.179449 -0.090320
v -0.607766 -0.172329 0.109680
v -0.607766 -0.172329 -0.090320
v -0.608018 -0.165183 0.109680
v -0.608018 -0.165183 -0.090320
v -0.608196 -0.158015 0.109680
v -0.608196 -0.158015 -0.090320
v -0.608310 -0.150832 0.109680
v -0.608310 -0.150832 -0.090320
v -0.608370 -0.143637 0.109680
v -0.608370 -0.143637 -0.090320
v -0.608388 -0.136438 0.109680
v -0.608388 -0.136438 -0.090320
v -0.608374 -0.129238 0.109680
v -0.608374 -0.129238 -0.090320
v -0.608338 -0.122044 0.109680
v -0.608338 -0.122044 -0.090320
v -0.608292 -0.114860 0.109680
v -0.608292 -0.114860 -0.090320
v -0.608245 -0.107693 0.109680
v -0.608245 -0.107693 -0.090320
v -0.608210 -0.100547 0.109680
v -0.608210 -0.100547 -0.090320
v -0.608196 -0.093427 0.109680
v -0.608196 -0.093427 -0.090320
v -0.608226 -0.089779 0.109680
v -0.608226 -0.089779 -0.090320
v -0.608309 -0.086131 0.109680
v -0.608309 -0.086131 -0.090320
v -0.608436 -0.082482 0.109680
v -0.608436 -0.082482 -0.090320
v -0.608594 -0.078834 0.109680
v -0.608594 -0.078834 -0.090320
v -0.608773 -0.075186 0.109680
v -0.608773 -0.075186 -0.090320
v -0.608964 -0.071538 0.109680
v -0.608964 -0.071538 -0.090320
v -0.609154 -0.067889 0.109680
v -0.609154 -0.067889 -0.090320
v -0.609334 -0.064241 0.109680
v -0.609334 -0.064241 -0.090320
v -0.609492 -0.060593 0.109680
v -0.609492 -0.060593 -0.090320
v -0.609618 -0.056945 0.109680
v -0.609618 -0.056945 -0.090320
v -0.609702 -0.053297 0.109680
v -0.609702 -0.053297 -0.090320
v -0.609732 -0.049648 0.109680
v -0.609732 -0.049648 -0.090320
v -0.609671 -0.044073 0.109680
v -0.609671 -0.044073 -0.090320
v -0.609437 -0.037178 0.109680
v -0.609437 -0.037178 -0.090320
v -0.608952 -0.029307 0.109680
v -0.608952 -0.029307 -0.090320
v -0.608139 -0.020804 0.109680
v -0.608139 -0.020804 -0.090320
v -0.606920 -0.012013 0.109680
v -0.606920 -0.012013 -0.090320
v -0.605219 -0.003277 0.109680
v -0.605219 -0.003277 -0.090320
v -0.602958 0.005058 0.109680
v -0.602958 0.005058 -0.090320
v -0.600060 0.012649 0.109680
v -0.600060 0.012649 -0.090320
v -0.596447 0.019152 0.109680
v -0.596447 0.019152 -0.090320
v -0.592042 0.024223 0.109680
v -0.592042 0.024223 -0.090320
v -0.586767 0.027518 0.109680
v -0.586767 0.027518 -0.090320
v -0.580546 0.028693 0.109680
v -0.580546 0.028693 -0.090320
v -0.571878 0.027741 0.109680
v -0.571878 0.027741 -0.090320
v -0.562856 0.025109 0.109680
v -0.562856 0.025109 -0.090320
v -0.553604 0.021132 0.109680
v -0.553604 0.021132 -0.090320
v -0.544248 0.016148 0.109680
v -0.544248 0.016148 -0.090320
v -0.534914 0.010492 0.109680
v -0.534914 0.010492 -0.090320
v -0.525726 0.004499 0.109680
v -0.525726 0.004499 -0.090320
v -0.516811 -0.001493 0.109680
v -0.516811 -0.001493 -0.090320
v -0.508292 -0.007150 0.109680
v -0.508292 -0.007150 -0.090320
v -0.500297 -0.012134 0.109680
v -0.500297 -0.012134 -0.090320
v -0.492949 -0.016110 0.109680
v -0.492949 -0.016110 -0.090320
v -0.486375 -0.018742 0.109680
v -0.486375 -0.018742 -0.090320
v -0.480700 -0.019694 0.109680
v -0.480700 -0.019694 -0.090320
v -0.476081 -0.019202 0.109680
v -0.476081 -0.019202 -0.090320
v -0.472173 -0.017806 0.109680
v -0.472173 -0.017806 -0.090320
v -0.468915 -0.015626 0.109680
v -0.468915 -0.015626 -0.090320
v -0.466249 -0.012782 0.109680
v -0.466249 -0.012782 -0.090320
v -0.464116 -0.009394 0.109680
v -0.464116 -0.009394 -0.090320
v -0.462458 -0.005581 0.109680
v -0.462458 -0.005581 -0.090320
v -0.461216 -0.001465 0.109680
v -0.461216 -0.001465 -0.090320
v -0.460332 0.002835 0.109680
v -0.460332 0.002835 -0.090320
v -0.459746 0.007199 0.109680
v -0.459746 0.007199 -0.090320
v -0.459400 0.011508 0.109680
v -0.459400 0.011508 -0.090320
v -0.459236 0.015640 0.109680
v -0.459236 0.015640 -0.090320
v -0.459194 0.019476 0.109680
v -0.459194 0.019476 -0.090320
v -0.459147 0.028380 0.109680
v -0.459147 0.028380 -0.090320
v -0.459077 0.037394 0.109680
v -0.459077 0.037394 -0.090320
v -0.459086 0.046466 0.109680
v -0.459086 0.046466 -0.090320
v -0.459279 0.055546 0.109680
v -0.459279 0.055546 -0.090320
v -0.459761 0.064583 0.109680
v -0.459761 0.064583 -0.090320
v -0.460634 0.073528 0.109680
v -0.460634 0.073528 -0.090320
v -0.462004 0.082328 0.109680
v -0.462004 0.082328 -0.090320
v -0.463973 0.090933 0.109680
v -0.463973 0.090933 -0.090320
v -0.466647 0.099293 0.109680
v -0.466647 0.099293 -0.090320
v -0.470128 0.107357 0.109680
v -0.470128 0.107357 -0.090320
v -0.474522 0.115075 0.109680
v -0.474522 0.115075 -0.090320
v -0.479931 0.122395 0.109680
v -0.479931 0.122395 -0.090320
v -0.489890 0.133364 0.109680
v -0.489890 0.133364 -0.090320
v -0.501551 0.144611 0.109680
v -0.501551 0.144611 -0.090320
v -0.514662 0.155901 0.109680
v -0.514662 0.155901 -0.090320
v -0.528973 0.166998 0.109680
v -0.528973 0.166998 -0.090320
v -0.544233 0.177669 0.109680
v -0.544233 0.177669 -0.090320
v -0.560193 0.187679 0.109680
v -0.560193 0.187679 -0.090320
v -0.576600 0.196792 0.109680
v -0.576600 0.196792 -0.090320
v -0.593205 0.204775 0.109680
v -0.593205 0.204775 -0.090320
v -0.609756 0.211392 0.109680
v -0.609756 0.211392 -0.090320
v -0.626003 0.216410 0.109680
v -0.626003 0.216410 -0.090320
v -0.641696 0.219592 0.109680
v -0.641696 0.219592 -0.090320
v -0.656583 0.220705 0.109680
v -0.656583 0.220705 -0.090320
v -0.663424 0.220647 0.109680
v -0.663424 0.220647 -0.090320
v -0.670795 0.220431 0.109680
v -0.670795 0.220431 -0.090320
v -0.678556 0.219997 0.109680
v -0.678556 0.219997 -0.090320
v -0.686565 0.219283 0.109680
v -0.686565 0.219283 -0.090320
v -0.694681 0.218227 0.109680
v -0.694681 0.218227 -0.090320
v -0.702762 0.216769 0.109680
v -0.702762 0.216769 -0.090320
v -0.710667 0.214846 0.109680
v -0.710667 0.214846 -0.090320
v -0.718254 0.212399 0.109680
v -0.718254 0.212399 -0.090320
v -0.725383 0.209364 0.109680
v -0.725383 0.209364 -0.090320
v -0.731912 0.205682 0.109680
v -0.731912 0.205682 -0.090320
v -0.737700 0.201290 0.109680
v -0.737700 0.201290 -0.090320
v -0.742604 0.196127 0.109680
v -0.742604 0.196127 -0.090320
v -0.750938 0.181928 0.109680
v -0.750938 0.181928 -0.090320
v -0.757624 0.162984 0.109680
v -0.757624 0.162984 -0.090320
v -0.762838 0.140216 0.109680
v -0.762838 0.140216 -0.090320
v -0.766755 0.114544 0.109680
v -0.766755 0.114544 -0.090320
v -0.769553 0.086887 0.109680
v -0.769553 0.086887 -0.090320
v -0.771406 0.058167 0.109680
v -0.771406 0.058167 -0.090320
v -0.772492 0.029302 0.109680
v -0.772492 0.029302 -0.090320
v -0.772985 0.001214 0.109680
v -0.772985 0.001214 -0.090320
v -0.773062 -0.025179 0.109680
v -0.773062 -0.025179 -0.090320
v -0.772900 -0.048955 0.109680
v -0.772900 -0.048955 -0.090320
v -0.772673 -0.069195 0.109680
v -0.772673 -0.069195 -0.090320
v -0.772558 -0.084979 0.109680
v -0.772558 -0.084979 -0.090320
v -0.772517 -0.097942 0.109680
v -0.772517 -0.097942 -0.090320
v -0.772356 -0.113094 0.109680
v -0.772356 -0.113094 -0.090320
v -0.772018 -0.129969 0.109680
v -0.772018 -0.129969 -0.090320
v -0.771449 -0.148101 0.109680
v -0.771449 -0.148101 -0.090320
v -0.770591 -0.167022 0.109680
v -0.770591 -0.167022 -0.090320
v -0.769390 -0.186265 0.109680
v -0.769390 -0.186265 -0.090320
v -0.767789 -0.205364 0.109680
v -0.767789 -0.205364 -0.090320
v -0.765731 -0.223853 0.109680
v -0.765731 -0.223853 -0.090320
v -0.763162 -0.241265 0.109680
v -0.763162 -0.241265 -0.090320
v -0.760024 -0.257132 0.109680
v -0.760024 -0.257132 -0.090320
v -0.756262 -0.270988 0.109680
v -0.756262 -0.270988 -0.090320
v -0.751821 -0.282367 0.109680
v -0.751821 -0.282367 -0.090320
vn -0.0000 -0.0000 -1.0000
vn -0.0000 -0.0000 1.0000
vn -0.8620 -0.5069 -0.0000
vn -0.8788 -0.4771 -0.0000
vn -0.8438 -0.5366 -0.0000
vn -0.8243 -0.5662 -0.0000
vn -0.8033 -0.5956 -0.0000
vn -0.7808 -0.6248 -0.0000
vn -0.7568 -0.6536 -0.0000
vn -0.7313 -0.6820 -0.0000
vn -0.7043 -0.7099 -0.0000
vn -0.7313 -0.6821 -0.0000
vn -0.6756 -0.7372 -0.0000
vn -0.7042 -0.7100 -0.0000
vn -0.6455 -0.7638 -0.0000
vn -0.5948 -0.8038 -0.0000
vn -0.5221 -0.8529 -0.0000
vn -0.5948 -0.8039 -0.0000
vn -0.4489 -0.8936 -0.0000
vn -0.3784 -0.9256 -0.0000
vn -0.3123 -0.9500 -0.0000
vn -0.2517 -0.9678 -0.0000
vn -0.1973 -0.9804 -0.0000
vn -0.1492 -0.9888 -0.0000
vn -0.1075 -0.9942 -0.0000
vn -0.0720 -0.9974 -0.0000
vn -0.0425 -0.9991 -0.0000
vn -0.0189 -0.9998 -0.0000
vn 0.0540 -0.9985 -0.0000
vn 0.2444 -0.9697 -0.0000
vn 0.4888 -0.8724 -0.0000
vn 0.6911 -0.7227 -0.0000
vn 0.8291 -0.5591 -0.0000
vn 0.9111 -0.4121 -0.0000
vn 0.9562 -0.2928 -0.0000
vn 0.9798 -0.2001 -0.0000
vn 0.9916 -0.1295 -0.0000
vn 0.9971 -0.0766 -0.0000
vn 0.9993 -0.0384 -0.0000
vn 0.9999 -0.0136 -0.0000
vn 1.0000 -0.0021 -0.0000
vn 1.0000 0.0008 -0.0000
vn 1.0000 0.0027 -0.0000
vn 1.0000 0.0057 -0.0000
vn 1.0000 0.0026 -0.0000
vn 1.0000 0.0099 -0.0000
vn 0.9999 0.0153 -0.0000
vn 0.9998 0.0219 -0.0000
vn 0.9996 0.0298 -0.0000
vn 0.9998 0.0220 -0.0000
vn 0.9992 0.0390 -0.0000
vn 0.9988 0.0496 -0.0000
vn 0.9981 0.0617 -0.0000
vn 0.9972 0.0754 -0.0000
vn 0.9979 0.0650 -0.0000
vn 0.9991 0.0414 -0.0000
vn 0.9995 0.0301 -0.0000
vn 0.9998 0.0203 -0.0000
vn 0.9995 0.0300 -0.0000
vn 0.9999 0.0121 -0.0000
vn 1.0000 0.0054 -0.0000
vn 1.0000 0.0002 -0.0000
vn 1.0000 -0.0035 -0.0000
vn 1.0000 -0.0057 -0.0000
vn 1.0000 -0.0064 -0.0000
vn 1.0000 0.0031 -0.0000
vn 0.9999 0.0156 -0.0000
vn 0.9996 0.0287 -0.0000
vn 0.9989 0.0462 -0.0000
vn 0.9987 0.0506 -0.0000
vn 0.9986 0.0521 -0.0000
vn 1.0000 -0.0013 -0.0000
vn 0.9997 -0.0224 -0.0000
vn 0.9989 -0.0477 -0.0000
vn 0.9969 -0.0783 -0.0000
vn 0.9932 -0.1163 -0.0000
vn 0.9864 -0.1643 -0.0000
vn 0.9932 -0.1162 -0.0000
vn 0.9740 -0.2266 -0.0000
vn 0.9509 -0.3096 -0.0000
vn 0.9065 -0.4222 -0.0000
vn 0.8190 -0.5738 -0.0000
vn 0.9065 -0.4223 -0.0000
vn 0.6495 -0.7603 -0.0000
vn 0.3639 -0.9314 -0.0000
vn 0.0386 -0.9993 -0.0000
vn -0.1954 -0.9807 -0.0000
vn -0.3381 -0.9411 -0.0000
vn -0.4329 -0.9014 -0.0000
vn -0.4944 -0.8692 -0.0000
vn -0.5323 -0.8465 -0.0000
vn -0.5521 -0.8338 -0.0000
vn -0.5555 -0.8315 -0.0000
vn -0.5411 -0.8409 -0.0000
vn -0.5027 -0.8645 -0.0000
vn -0.4245 -0.9054 -0.0000
vn -0.2701 -0.9628 -0.0000
vn -0.0300 -0.9995 -0.0000
vn 0.2227 -0.9749 -0.0000
vn 0.4497 -0.8932 -0.0000
vn 0.6471 -0.7624 -0.0000
vn 0.7916 -0.6111 -0.0000
vn 0.8842 -0.4671 -0.0000
vn 0.9388 -0.3444 -0.0000
vn 0.9694 -0.2454 -0.0000
vn 0.9859 -0.1674 -0.0000
vn 0.9943 -0.1066 -0.0000
vn 0.9982 -0.0599 -0.0000
vn 0.9997 -0.0253 -0.0000
vn 1.0000 -0.0081 -0.0000
vn 1.0000 -0.0065 -0.0000
vn 1.0000 -0.0034 -0.0000
vn 0.9999 0.0112 -0.0000
vn 0.9993 0.0372 -0.0000
vn 0.9972 0.0752 -0.0000
vn 0.9993 0.0373 -0.0000
vn 0.9921 0.1255 -0.0000
vn 0.9821 0.1885 -0.0000
vn 0.9645 0.2641 -0.0000
vn 0.9364 0.3509 -0.0000
vn 0.8949 0.4462 -0.0000
vn 0.8381 0.5455 -0.0000
vn 0.7733 0.6341 -0.0000
vn 0.7177 0.6963 -0.0000
vn 0.6736 0.7391 -0.0000
vn 0.6329 0.7743 -0.0000
vn 0.5931 0.8051 -0.0000
vn 0.5524 0.8336 -0.0000
vn 0.5086 0.8610 -0.0000
vn 0.4596 0.8881 -0.0000
vn 0.4025 0.9154 -0.0000
vn 0.3334 0.9428 -0.0000
vn 0.2472 0.9690 -0.0000
vn 0.1369 0.9906 -0.0000
vn 0.0330 0.9995 -0.0000
vn -0.0189 0.9998 -0.0000
vn -0.0426 0.9991 -0.0000
vn -0.0724 0.9974 -0.0000
vn -0.1089 0.9940 -0.0000
vn -0.1533 0.9882 -0.0000
vn -0.2070 0.9783 -0.0000
vn -0.2718 0.9623 -0.0000
vn -0.3497 0.9369 -0.0000
vn -0.4421 0.8969 -0.0000
vn -0.5491 0.8357 -0.0000
vn -0.6669 0.7451 -0.0000
vn -0.7989 0.6014 -0.0000
vn -0.9069 0.4214 -0.0000
vn -0.9604 0.2785 -0.0000
vn -0.9823 0.1872 -0.0000
vn -0.9921 0.1258 -0.0000
vn -0.9966 0.0825 -0.0000
vn -0.9987 0.0510 -0.0000
vn -0.9996 0.0276 -0.0000
vn -0.9999 0.0102 -0.0000
vn -1.0000 -0.0020 -0.0000
vn -1.0000 -0.0090 -0.0000
vn -1.0000 -0.0092 -0.0000
vn -1.0000 -0.0052 -0.0000
vn -1.0000 -0.0069 -0.0000
vn -0.9999 -0.0153 -0.0000
vn -0.9997 -0.0257 -0.0000
vn -0.9993 -0.0383 -0.0000
vn -0.9986 -0.0538 -0.0000
vn -0.9973 -0.0729 -0.0000
vn -0.9953 -0.0971 -0.0000
vn -0.9917 -0.1283 -0.0000
vn -0.9854 -0.1700 -0.0000
vn -0.9736 -0.2281 -0.0000
vn -0.9497 -0.3132 -0.0000
vn -0.9105 -0.4135 -0.0000
vn -0.9497 -0.3133 -0.0000
vn -0.8789 -0.4771 -0.0000
vn -0.8242 -0.5662 -0.0000
vn 0.9992 0.0389 -0.0000
vn 0.9996 0.0288 -0.0000
vn 0.9989 0.0463 -0.0000
vn 0.9859 -0.1673 -0.0000
vn 0.9943 -0.1065 -0.0000
vt 0.778443 0.000000
vt 0.790419 0.000000
vt 0.784431 0.000000
vt 0.796407 0.000000
vt 0.802395 0.000000
vt 0.808383 0.000000
vt 0.772455 0.000000
vt 0.814371 0.000000
vt 0.820359 0.000000
vt 0.826347 0.000000
vt 0.766467 0.000000
vt 0.832335 0.000000
vt 0.838323 0.000000
vt 0.760479 0.000000
vt 0.844311 0.000000
vt 0.850299 0.000000
vt 0.754491 0.000000
vt 0.856287 0.000000
vt 0.748503 0.000000
vt 0.862275 0.000000
vt 0.742515 0.000000
vt 0.868263 0.000000
vt 0.736527 0.000000
vt 0.730539 0.000000
vt 0.874251 0.000000
vt 0.724551 0.000000
vt 0.718563 0.000000
vt 0.880240 0.000000
vt 0.712575 0.000000
vt 0.706587 0.000000
vt 0.700599 0.000000
vt 0.886228 0.000000
vt 0.694611 0.000000
vt 0.688623 0.000000
vt 0.682635 0.000000
vt 0.892216 0.000000
vt 0.676647 0.000000
vt 0.670659 0.000000
vt 0.664671 0.000000
vt 0.898204 0.000000
vt 0.658683 0.000000
vt 0.652695 0.000000
vt 0.646707 0.000000
vt 0.497006 0.000000
vt 0.904192 0.000000
vt 0.502994 0.000000
vt 0.491018 0.000000
vt 0.640719 0.000000
vt 0.508982 0.000000
vt 0.485030 0.000000
vt 0.514970 0.000000
vt 0.479042 0.000000
vt 0.520958 0.000000
vt 0.634731 0.000000
vt 0.473054 0.000000
vt 0.526946 0.000000
vt 0.628743 0.000000
vt 0.467066 0.000000
vt 0.622755 0.000000
vt 0.532934 0.000000
vt 0.616766 0.000000
vt 0.461078 0.000000
vt 0.538922 0.000000
vt 0.610778 0.000000
vt 0.910180 0.000000
vt 0.604790 0.000000
vt 0.544910 0.000000
vt 0.455090 0.000000
vt 0.598802 0.000000
vt 0.550898 0.000000
vt 0.592814 0.000000
vt 0.449102 0.000000
vt 0.556886 0.000000
vt 0.586826 0.000000
vt 0.580838 0.000000
vt 0.562874 0.000000
vt 0.574850 0.000000
vt 0.568862 0.000000
vt 0.443114 0.000000
vt 0.916168 0.000000
vt 0.437126 0.000000
vt 0.431138 0.000000
vt 0.425150 0.000000
vt 0.922156 0.000000
vt 0.419162 0.000000
vt 0.413174 0.000000
vt 0.407186 0.000000
vt 0.401198 0.000000
vt 0.395210 0.000000
vt 0.389222 0.000000
vt 0.928144 0.000000
vt 0.383234 0.000000
vt 0.377246 0.000000
vt 0.371257 0.000000
vt 0.365269 0.000000
vt 0.934132 0.000000
vt 0.359281 0.000000
vt 0.353293 0.000000
vt 0.347305 0.000000
vt 0.940120 0.000000
vt 0.341317 0.000000
vt 0.335329 0.000000
vt 0.946108 0.000000
vt 0.329341 0.000000
vt 0.323353 0.000000
vt 0.317365 0.000000
vt 0.952096 0.000000
vt 0.311377 0.000000
vt 0.305389 0.000000
vt 0.958084 0.000000
vt 0.299401 0.000000
vt 0.293413 0.000000
vt 0.287425 0.000000
vt 0.964072 0.000000
vt 0.281437 0.000000
vt 0.275449 0.000000
vt 0.269461 0.000000
vt 0.263473 0.000000
vt 0.257485 0.000000
vt 0.970060 0.000000
vt 0.251497 0.000000
vt 0.245509 0.000000
vt 0.239521 0.000000
vt 0.233533 0.000000
vt 0.227545 0.000000
vt 0.221557 0.000000
vt 0.215569 0.000000
vt 0.209581 0.000000
vt 0.976048 0.000000
vt 0.203593 0.000000
vt 0.197605 0.000000
vt 0.982036 0.000000
vt 0.191617 0.000000
vt 0.185629 0.000000
vt 0.988024 0.000000
vt 0.179641 0.000000
vt 0.994012 0.000000
vt 0.173653 0.000000
vt 1.000000 0.000000
vt 0.167665 0.000000
vt 0.000000 0.000000
vt 0.005988 0.000000
vt 0.011976 0.000000
vt 0.017964 0.000000
vt 0.161677 0.000000
vt 0.023952 0.000000
vt 0.029940 0.000000
vt 0.035928 0.000000
vt 0.041916 0.000000
vt 0.047904 0.000000
vt 0.053892 0.000000
vt 0.155689 0.000000
vt 0.059880 0.000000
vt 0.065868 0.000000
vt 0.071856 0.000000
vt 0.077844 0.000000
vt 0.149701 0.000000
vt 0.083832 0.000000
vt 0.089820 0.000000
vt 0.095808 0.000000
vt 0.143713 0.000000
vt 0.101796 0.000000
vt 0.107784 0.000000
vt 0.113772 0.000000
vt 0.137725 0.000000
vt 0.119760 0.000000
vt 0.125749 0.000000
vt 0.131737 0.000000
vt 0.005952 1.000000
vt 0.000000 1.000000
vt 0.011905 1.000000
vt 0.005952 0.000000
vt 0.017857 1.000000
vt 0.011905 0.000000
vt 0.023810 1.000000
vt 0.017857 0.000000
vt 0.029762 1.000000
vt 0.023810 0.000000
vt 0.035714 1.000000
vt 0.029762 0.000000
vt 0.041667 1.000000
vt 0.035714 0.000000
vt 0.047619 1.000000
vt 0.041667 0.000000
vt 0.053571 1.000000
vt 0.047619 0.000000
vt 0.059524 1.000000
vt 0.053571 0.000000
vt 0.065476 1.000000
vt 0.059524 0.000000
vt 0.071429 1.000000
vt 0.065476 0.000000
vt 0.077381 1.000000
vt 0.071429 0.000000
vt 0.083333 1.000000
vt 0.077381 0.000000
vt 0.089286 1.000000
vt 0.083333 0.000000
vt 0.095238 1.000000
vt 0.089286 0.000000
vt 0.101190 1.000000
vt 0.095238 0.000000
vt 0.107143 1.000000
vt 0.101190 0.000000
vt 0.113095 1.000000
vt 0.107143 0.000000
vt 0.119048 1.000000
vt 0.113095 0.000000
vt 0.125000 1.000000
vt 0.119048 0.000000
vt 0.130952 1.000000
vt 0.125000 0.000000
vt 0.136905 1.000000
vt 0.130952 0.000000
vt 0.142857 1.000000
vt 0.136905 0.000000
vt 0.148810 1.000000
vt 0.142857 0.000000
vt 0.154762 1.000000
vt 0.148810 0.000000
vt 0.160714 1.000000
vt 0.154762 0.000000
vt 0.166667 1.000000
vt 0.160714 0.000000
vt 0.172619 1.000000
vt 0.166667 0.000000
vt 0.178571 1.000000
vt 0.172619 0.000000
vt 0.184524 1.000000
vt 0.178571 0.000000
vt 0.190476 1.000000
vt 0.184524 0.000000
vt 0.196429 1.000000
vt 0.190476 0.000000
vt 0.202381 1.000000
vt 0.196429 0.000000
vt 0.208333 1.000000
vt 0.202381 0.000000
vt 0.214286 1.000000
vt 0.208333 0.000000
vt 0.220238 1.000000
vt 0.214286 0.000000
vt 0.226190 1.000000
vt 0.220238 0.000000
vt 0.232143 1.000000
vt 0.226190 0.000000
vt 0.238095 1.000000
vt 0.232143 0.000000
vt 0.244048 1.000000
vt 0.238095 0.000000
vt 0.250000 1.000000
vt 0.244048 0.000000
vt 0.255952 1.000000
vt 0.250000 0.000000
vt 0.261905 1.000000
vt 0.255952 0.000000
vt 0.267857 1.000000
vt 0.261905 0.000000
vt 0.273810 1.000000
vt 0.267857 0.000000
vt 0.279762 1.000000
vt 0.273810 0.000000
vt 0.285714 1.000000
vt 0.279762 0.000000
vt 0.291667 1.000000
vt 0.285714 0.000000
vt 0.297619 1.000000
vt 0.291667 0.000000
vt 0.303571 1.000000
vt 0.297619 0.000000
vt 0.309524 1.000000
vt 0.303571 0.000000
vt 0.315476 1.000000
vt 0.309524 0.000000
vt 0.321429 1.000000
vt 0.315476 0.000000
vt 0.327381 1.000000
vt 0.321429 0.000000
vt 0.333333 1.000000
vt 0.327381 0.000000
vt 0.339286 1.000000
vt 0.333333 0.000000
vt 0.345238 1.000000
vt 0.339286 0.000000
vt 0.351190 1.000000
vt 0.345238 0.000000
vt 0.357143 1.000000
vt 0.351190 0.000000
vt 0.363095 1.000000
vt 0.357143 0.000000
vt 0.369048 1.000000
vt 0.363095 0.000000
vt 0.375000 1.000000
vt 0.369048 0.000000
vt 0.380952 1.000000
vt 0.375000 0.000000
vt 0.386905 1.000000
vt 0.380952 0.000000
vt 0.392857 1.000000
vt 0.386905 0.000000
vt 0.398810 1.000000
vt 0.392857 0.000000
vt 0.404762 1.000000
vt 0.398810 0.000000
vt 0.410714 1.000000
vt 0.404762 0.000000
vt 0.416667 1.000000
vt 0.410714 0.000000
vt 0.422619 1.000000
vt 0.416667 0.000000
vt 0.428571 1.000000
vt 0.422619 0.000000
vt 0.434524 1.000000
vt 0.428571 0.000000
vt 0.440476 1.000000
vt 0.434524 0.000000
vt 0.446429 1.000000
vt 0.440476 0.000000
vt 0.452381 1.000000
vt 0.446429 0.000000
vt 0.458333 1.000000
vt 0.452381 0.000000
vt 0.464286 1.000000
vt 0.458333 0.000000
vt 0.470238 1.000000
vt 0.464286 0.000000
vt 0.476190 1.000000
vt 0.470238 0.000000
vt 0.482143 1.000000
vt 0.476190 0.000000
vt 0.488095 1.000000
vt 0.482143 0.000000
vt 0.494048 1.000000
vt 0.488095 0.000000
vt 0.500000 1.000000
vt 0.494048 0.000000
vt 0.505952 1.000000
vt 0.500000 0.000000
vt 0.511905 1.000000
vt 0.505952 0.000000
vt 0.517857 1.000000
vt 0.511905 0.000000
vt 0.523810 1.000000
vt 0.517857 0.000000
vt 0.529762 1.000000
vt 0.523810 0.000000
vt 0.535714 1.000000
vt 0.529762 0.000000
vt 0.541667 1.000000
vt 0.535714 0.000000
vt 0.547619 1.000000
vt 0.541667 0.000000
vt 0.553571 1.000000
vt 0.547619 0.000000
vt 0.559524 1.000000
vt 0.553571 0.000000
vt 0.565476 1.000000
vt 0.559524 0.000000
vt 0.571429 1.000000
vt 0.565476 0.000000
vt 0.577381 1.000000
vt 0.571429 0.000000
vt 0.583333 1.000000
vt 0.577381 0.000000
vt 0.589286 1.000000
vt 0.583333 0.000000
vt 0.595238 1.000000
vt 0.589286 0.000000
vt 0.601190 1.000000
vt 0.595238 0.000000
vt 0.607143 1.000000
vt 0.601190 0.000000
vt 0.613095 1.000000
vt 0.607143 0.000000
vt 0.619048 1.000000
vt 0.613095 0.000000
vt 0.625000 1.000000
vt 0.619048 0.000000
vt 0.630952 1.000000
vt 0.625000 0.000000
vt 0.636905 1.000000
vt 0.630952 0.000000
vt 0.642857 1.000000
vt 0.636905 0.000000
vt 0.648810 1.000000
vt 0.642857 0.000000
vt 0.654762 1.000000
vt 0.648810 0.000000
vt 0.660714 1.000000
vt 0.654762 0.000000
vt 0.666667 1.000000
vt 0.660714 0.000000
vt 0.672619 1.000000
vt 0.666667 0.000000
vt 0.678571 1.000000
vt 0.672619 0.000000
vt 0.684524 1.000000
vt 0.678571 0.000000
vt 0.690476 1.000000
vt 0.684524 0.000000
vt 0.696429 1.000000
vt 0.690476 0.000000
vt 0.702381 1.000000
vt 0.696429 0.000000
vt 0.708333 1.000000
vt 0.702381 0.000000
vt 0.714286 1.000000
vt 0.708333 0.000000
vt 0.720238 1.000000
vt 0.714286 0.000000
vt 0.726190 1.000000
vt 0.720238 0.000000
vt 0.732143 1.000000
vt 0.726190 0.000000
vt 0.738095 1.000000
vt 0.732143 0.000000
vt 0.744048 1.000000
vt 0.738095 0.000000
vt 0.750000 1.000000
vt 0.744048 0.000000
vt 0.755952 1.000000
vt 0.750000 0.000000
vt 0.761905 1.000000
vt 0.755952 0.000000
vt 0.767857 1.000000
vt 0.761905 0.000000
vt 0.773810 1.000000
vt 0.767857 0.000000
vt 0.779762 1.000000
vt 0.773810 0.000000
vt 0.785714 1.000000
vt 0.779762 0.000000
vt 0.791667 1.000000
vt 0.785714 0.000000
vt 0.797619 1.000000
vt 0.791667 0.000000
vt 0.803571 1.000000
vt 0.797619 0.000000
vt 0.809524 1.000000
vt 0.803571 0.000000
vt 0.815476 1.000000
vt 0.809524 0.000000
vt 0.821429 1.000000
vt 0.815476 0.000000
vt 0.827381 1.000000
vt 0.821429 0.000000
vt 0.833333 1.000000
vt 0.827381 0.000000
vt 0.839286 1.000000
vt 0.833333 0.000000
vt 0.845238 1.000000
vt 0.839286 0.000000
vt 0.851190 1.000000
vt 0.845238 0.000000
vt 0.857143 1.000000
vt 0.851190 0.000000
vt 0.863095 1.000000
vt 0.857143 0.000000
vt 0.869048 1.000000
vt 0.863095 0.000000
vt 0.875000 1.000000
vt 0.869048 0.000000
vt 0.880952 1.000000
vt 0.875000 0.000000
vt 0.886905 1.000000
vt 0.880952 0.000000
vt 0.892857 1.000000
vt 0.886905 0.000000
vt 0.898810 1.000000
vt 0.892857 0.000000
vt 0.904762 1.000000
vt 0.898810 0.000000
vt 0.910714 1.000000
vt 0.904762 0.000000
vt 0.916667 1.000000
vt 0.910714 0.000000
vt 0.922619 1.000000
vt 0.916667 0.000000
vt 0.928571 1.000000
vt 0.922619 0.000000
vt 0.934524 1.000000
vt 0.928571 0.000000
vt 0.940476 1.000000
vt 0.934524 0.000000
vt 0.946429 1.000000
vt 0.940476 0.000000
vt 0.952381 1.000000
vt 0.946429 0.000000
vt 0.958333 1.000000
vt 0.952381 0.000000
vt 0.964286 1.000000
vt 0.958333 0.000000
vt 0.970238 1.000000
vt 0.964286 0.000000
vt 0.976190 1.000000
vt 0.970238 0.000000
vt 0.982143 1.000000
vt 0.976190 0.000000
vt 0.988095 1.000000
vt 0.982143 0.000000
vt 0.994048 1.000000
vt 0.988095 0.000000
vt 1.000000 1.000000
vt 0.994048 0.000000
s 0
usemtl マテリアル
f 131/1/1 133/2/1 132/3/1
f 131/1/1 134/4/1 133/2/1
f 131/1/1 135/5/1 134/4/1
f 131/1/1 136/6/1 135/5/1
f 130/7/1 136/6/1 131/1/1
f 130/7/1 137/8/1 136/6/1
f 130/7/1 138/9/1 137/8/1
f 130/7/1 139/10/1 138/9/1
f 129/11/1 139/10/1 130/7/1
f 129/11/1 140/12/1 139/10/1
f 129/11/1 141/13/1 140/12/1
f 128/14/1 141/13/1 129/11/1
f 128/14/1 142/15/1 141/13/1
f 128/14/1 143/16/1 142/15/1
f 127/17/1 143/16/1 128/14/1
f 127/17/1 144/18/1 143/16/1
f 126/19/1 144/18/1 127/17/1
f 126/19/1 145/20/1 144/18/1
f 125/21/1 145/20/1 126/19/1
f 125/21/1 146/22/1 145/20/1
f 124/23/1 146/22/1 125/21/1
f 123/24/1 146/22/1 124/23/1
f 123/24/1 147/25/1 146/22/1
f 122/26/1 147/25/1 123/24/1
f 121/27/1 147/25/1 122/26/1
f 121/27/1 148/28/1 147/25/1
f 120/29/1 148/28/1 121/27/1
f 119/30/1 148/28/1 120/29/1
f 118/31/1 148/28/1 119/30/1
f 118/31/1 149/32/1 148/28/1
f 117/33/1 149/32/1 118/31/1
f 116/34/1 149/32/1 117/33/1
f 115/35/1 149/32/1 116/34/1
f 115/35/1 150/36/1 149/32/1
f 114/37/1 150/36/1 115/35/1
f 113/38/1 150/36/1 114/37/1
f 112/39/1 150/36/1 113/38/1
f 112/39/1 151/40/1 150/36/1
f 111/41/1 151/40/1 112/39/1
f 110/42/1 151/40/1 111/41/1
f 109/43/1 151/40/1 110/42/1
f 109/43/1 84/44/1 151/40/1
f 84/44/1 152/45/1 151/40/1
f 109/43/1 85/46/1 84/44/1
f 83/47/1 152/45/1 84/44/1
f 108/48/1 85/46/1 109/43/1
f 108/48/1 86/49/1 85/46/1
f 82/50/1 152/45/1 83/47/1
f 108/48/1 87/51/1 86/49/1
f 81/52/1 152/45/1 82/50/1
f 108/48/1 88/53/1 87/51/1
f 107/54/1 88/53/1 108/48/1
f 80/55/1 152/45/1 81/52/1
f 107/54/1 89/56/1 88/53/1
f 106/57/1 89/56/1 107/54/1
f 79/58/1 152/45/1 80/55/1
f 105/59/1 89/56/1 106/57/1
f 105/59/1 90/60/1 89/56/1
f 104/61/1 90/60/1 105/59/1
f 78/62/1 152/45/1 79/58/1
f 104/61/1 91/63/1 90/60/1
f 103/64/1 91/63/1 104/61/1
f 78/62/1 153/65/1 152/45/1
f 102/66/1 91/63/1 103/64/1
f 102/66/1 92/67/1 91/63/1
f 77/68/1 153/65/1 78/62/1
f 101/69/1 92/67/1 102/66/1
f 101/69/1 93/70/1 92/67/1
f 100/71/1 93/70/1 101/69/1
f 76/72/1 153/65/1 77/68/1
f 100/71/1 94/73/1 93/70/1
f 99/74/1 94/73/1 100/71/1
f 98/75/1 94/73/1 99/74/1
f 98/75/1 95/76/1 94/73/1
f 97/77/1 95/76/1 98/75/1
f 97/77/1 96/78/1 95/76/1
f 75/79/1 153/65/1 76/72/1
f 75/79/1 154/80/1 153/65/1
f 74/81/1 154/80/1 75/79/1
f 73/82/1 154/80/1 74/81/1
f 72/83/1 154/80/1 73/82/1
f 72/83/1 155/84/1 154/80/1
f 71/85/1 155/84/1 72/83/1
f 70/86/1 155/84/1 71/85/1
f 69/87/1 155/84/1 70/86/1
f 68/88/1 155/84/1 69/87/1
f 67/89/1 155/84/1 68/88/1
f 66/90/1 155/84/1 67/89/1
f 66/90/1 156/91/1 155/84/1
f 65/92/1 156/91/1 66/90/1
f 64/93/1 156/91/1 65/92/1
f 63/94/1 156/91/1 64/93/1
f 62/95/1 156/91/1 63/94/1
f 62/95/1 157/96/1 156/91/1
f 61/97/1 157/96/1 62/95/1
f 60/98/1 157/96/1 61/97/1
f 59/99/1 157/96/1 60/98/1
f 59/99/1 158/100/1 157/96/1
f 58/101/1 158/100/1 59/99/1
f 57/102/1 158/100/1 58/101/1
f 57/102/1 159/103/1 158/100/1
f 56/104/1 159/103/1 57/102/1
f 55/105/1 159/103/1 56/104/1
f 54/106/1 159/103/1 55/105/1
f 54/106/1 160/107/1 159/103/1
f 53/108/1 160/107/1 54/106/1
f 52/109/1 160/107/1 53/108/1
f 52/109/1 161/110/1 160/107/1
f 51/111/1 161/110/1 52/109/1
f 50/112/1 161/110/1 51/111/1
f 49/113/1 161/110/1 50/112/1
f 49/113/1 162/114/1 161/110/1
f 48/115/1 162/114/1 49/113/1
f 47/116/1 162/114/1 48/115/1
f 46/117/1 162/114/1 47/116/1
f 45/118/1 162/114/1 46/117/1
f 44/119/1 162/114/1 45/118/1
f 44/119/1 163/120/1 162/114/1
f 43/121/1 163/120/1 44/119/1
f 42/122/1 163/120/1 43/121/1
f 41/123/1 163/120/1 42/122/1
f 40/124/1 163/120/1 41/123/1
f 39/125/1 163/120/1 40/124/1
f 38/126/1 163/120/1 39/125/1
f 37/127/1 163/120/1 38/126/1
f 36/128/1 163/120/1 37/127/1
f 36/128/1 164/129/1 163/120/1
f 35/130/1 164/129/1 36/128/1
f 34/131/1 164/129/1 35/130/1
f 34/131/1 165/132/1 164/129/1
f 33/133/1 165/132/1 34/131/1
f 32/134/1 165/132/1 33/133/1
f 32/134/1 166/135/1 165/132/1
f 31/136/1 166/135/1 32/134/1
f 31/136/1 167/137/1 166/135/1
f 30/138/1 167/137/1 31/136/1
f 30/138/1 168/139/1 167/137/1
f 29/140/1 168/139/1 30/138/1
f 29/140/1 1/141/1 168/139/1
f 29/140/1 2/142/1 1/141/1
f 29/140/1 3/143/1 2/142/1
f 29/140/1 4/144/1 3/143/1
f 28/145/1 4/144/1 29/140/1
f 28/145/1 5/146/1 4/144/1
f 28/145/1 6/147/1 5/146/1
f 28/145/1 7/148/1 6/147/1
f 28/145/1 8/149/1 7/148/1
f 28/145/1 9/150/1 8/149/1
f 28/145/1 10/151/1 9/150/1
f 27/152/1 10/151/1 28/145/1
f 27/152/1 11/153/1 10/151/1
f 27/152/1 12/154/1 11/153/1
f 27/152/1 13/155/1 12/154/1
f 27/152/1 14/156/1 13/155/1
f 26/157/1 14/156/1 27/152/1
f 26/157/1 15/158/1 14/156/1
f 26/157/1 16/159/1 15/158/1
f 26/157/1 17/160/1 16/159/1
f 25/161/1 17/160/1 26/157/1
f 25/161/1 18/162/1 17/160/1
f 25/161/1 19/163/1 18/162/1
f 25/161/1 20/164/1 19/163/1
f 24/165/1 20/164/1 25/161/1
f 24/165/1 21/166/1 20/164/1
f 24/165/1 22/167/1 21/166/1
f 24/165/1 23/168/1 22/167/1
f 299/1/1 301/2/1 300/3/1
f 299/1/1 302/4/1 301/2/1
f 299/1/1 303/5/1 302/4/1
f 299/1/1 304/6/1 303/5/1
f 298/7/1 304/6/1 299/1/1
f 298/7/1 305/8/1 304/6/1
f 298/7/1 306/9/1 305/8/1
f 298/7/1 307/10/1 306/9/1
f 297/11/1 307/10/1 298/7/1
f 297/11/1 308/12/1 307/10/1
f 297/11/1 309/13/1 308/12/1
f 296/14/1 309/13/1 297/11/1
f 296/14/1 310/15/1 309/13/1
f 296/14/1 311/16/1 310/15/1
f 295/17/1 311/16/1 296/14/1
f 295/17/1 312/18/1 311/16/1
f 294/19/1 312/18/1 295/17/1
f 294/19/1 313/20/1 312/18/1
f 293/21/1 313/20/1 294/19/1
f 293/21/1 314/22/1 313/20/1
f 292/23/1 314/22/1 293/21/1
f 291/24/1 314/22/1 292/23/1
f 291/24/1 315/25/1 314/22/1
f 290/26/1 315/25/1 291/24/1
f 289/27/1 315/25/1 290/26/1
f 289/27/1 316/28/1 315/25/1
f 288/29/1 316/28/1 289/27/1
f 287/30/1 316/28/1 288/29/1
f 286/31/1 316/28/1 287/30/1
f 286/31/1 317/32/1 316/28/1
f 285/33/1 317/32/1 286/31/1
f 284/34/1 317/32/1 285/33/1
f 283/35/1 317/32/1 284/34/1
f 283/35/1 318/36/1 317/32/1
f 282/37/1 318/36/1 283/35/1
f 281/38/1 318/36/1 282/37/1
f 280/39/1 318/36/1 281/38/1
f 280/39/1 319/40/1 318/36/1
f 279/41/1 319/40/1 280/39/1
f 278/42/1 319/40/1 279/41/1
f 277/43/1 319/40/1 278/42/1
f 277/43/1 252/44/1 319/40/1
f 252/44/1 320/45/1 319/40/1
f 277/43/1 253/46/1 252/44/1
f 251/47/1 320/45/1 252/44/1
f 276/48/1 253/46/1 277/43/1
f 276/48/1 254/49/1 253/46/1
f 250/50/1 320/45/1 251/47/1
f 276/48/1 255/51/1 254/49/1
f 249/52/1 320/45/1 250/50/1
f 276/48/1 256/53/1 255/51/1
f 275/54/1 256/53/1 276/48/1
f 248/55/1 320/45/1 249/52/1
f 275/54/1 257/56/1 256/53/1
f 274/57/1 257/56/1 275/54/1
f 247/58/1 320/45/1 248/55/1
f 273/59/1 257/56/1 274/57/1
f 273/59/1 258/60/1 257/56/1
f 272/61/1 258/60/1 273/59/1
f 246/62/1 320/45/1 247/58/1
f 272/61/1 259/63/1 258/60/1
f 271/64/1 259/63/1 272/61/1
f 246/62/1 321/65/1 320/45/1
f 270/66/1 259/63/1 271/64/1
f 270/66/1 260/67/1 259/63/1
f 245/68/1 321/65/1 246/62/1
f 269/69/1 260/67/1 270/66/1
f 269/69/1 261/70/1 260/67/1
f 268/71/1 261/70/1 269/69/1
f 244/72/1 321/65/1 245/68/1
f 268/71/1 262/73/1 261/70/1
f 267/74/1 262/73/1 268/71/1
f 266/75/1 262/73/1 267/74/1
f 266/75/1 263/76/1 262/73/1
f 265/77/1 263/76/1 266/75/1
f 265/77/1 264/78/1 263/76/1
f 243/79/1 321/65/1 244/72/1
f 243/79/1 322/80/1 321/65/1
f 242/81/1 322/80/1 243/79/1
f 241/82/1 322/80/1 242/81/1
f 240/83/1 322/80/1 241/82/1
f 240/83/1 323/84/1 322/80/1
f 239/85/1 323/84/1 240/83/1
f 238/86/1 323/84/1 239/85/1
f 237/87/1 323/84/1 238/86/1
f 236/88/1 323/84/1 237/87/1
f 235/89/1 323/84/1 236/88/1
f 234/90/1 323/84/1 235/89/1
f 234/90/1 324/91/1 323/84/1
f 233/92/1 324/91/1 234/90/1
f 232/93/1 324/91/1 233/92/1
f 231/94/1 324/91/1 232/93/1
f 230/95/1 324/91/1 231/94/1
f 230/95/1 325/96/1 324/91/1
f 229/97/1 325/96/1 230/95/1
f 228/98/1 325/96/1 229/97/1
f 227/99/1 325/96/1 228/98/1
f 227/99/1 326/100/1 325/96/1
f 226/101/1 326/100/1 227/99/1
f 225/102/1 326/100/1 226/101/1
f 225/102/1 327/103/1 326/100/1
f 224/104/1 327/103/1 225/102/1
f 223/105/1 327/103/1 224/104/1
f 222/106/1 327/103/1 223/105/1
f 222/106/1 328/107/1 327/103/1
f 221/108/1 328/107/1 222/106/1
f 220/109/1 328/107/1 221/108/1
f 220/109/1 329/110/1 328/107/1
f 219/111/1 329/110/1 220/109/1
f 218/112/1 329/110/1 219/111/1
f 217/113/1 329/110/1 218/112/1
f 217/113/1 330/114/1 329/110/1
f 216/115/1 330/114/1 217/113/1
f 215/116/1 330/114/1 216/115/1
f 214/117/1 330/114/1 215/116/1
f 213/118/1 330/114/1 214/117/1
f 212/119/1 330/114/1 213/118/1
f 212/119/1 331/120/1 330/114/1
f 211/121/1 331/120/1 212/119/1
f 210/122/1 331/120/1 211/121/1
f 209/123/1 331/120/1 210/122/1
f 208/124/1 331/120/1 209/123/1
f 207/125/1 331/120/1 208/124/1
f 206/126/1 331/120/1 207/125/1
f 205/127/1 331/120/1 206/126/1
f 204/128/1 331/120/1 205/127/1
f 204/128/1 332/129/1 331/120/1
f 203/130/1 332/129/1 204/128/1
f 202/131/1 332/129/1 203/130/1
f 202/131/1 333/132/1 332/129/1
f 201/133/1 333/132/1 202/131/1
f 200/134/1 333/132/1 201/133/1
f 200/134/1 334/135/1 333/132/1
f 199/136/1 334/135/1 200/134/1
f 199/136/1 335/137/1 334/135/1
f 198/138/1 335/137/1 199/136/1
f 198/138/1 336/139/1 335/137/1
f 197/140/1 336/139/1 198/138/1
f 197/140/1 169/141/1 336/139/1
f 197/140/1 170/142/1 169/141/1
f 197/140/1 171/143/1 170/142/1
f 197/140/1 172/144/1 171/143/1
f 196/145/1 172/144/1 197/140/1
f 196/145/1 173/146/1 172/144/1
f 196/145/1 174/147/1 173/146/1
f 196/145/1 175/148/1 174/147/1
f 196/145/1 176/149/1 175/148/1
f 196/145/1 177/150/1 176/149/1
f 196/145/1 178/151/1 177/150/1
f 195/152/1 178/151/1 196/145/1
f 195/152/1 179/153/1 178/151/1
f 195/152/1 180/154/1 179/153/1
f 195/152/1 181/155/1 180/154/1
f 195/152/1 182/156/1 181/155/1
f 194/157/1 182/156/1 195/152/1
f 194/157/1 183/158/1 182/156/1
f 194/157/1 184/159/1 183/158/1
f 194/157/1 185/160/1 184/159/1
f 193/161/1 185/160/1 194/157/1
f 193/161/1 186/162/1 185/160/1
f 193/161/1 187/163/1 186/162/1
f 193/161/1 188/164/1 187/163/1
f 192/165/1 188/164/1 193/161/1
f 192/165/1 189/166/1 188/164/1
f 192/165/1 190/167/1 189/166/1
f 192/165/1 191/168/1 190/167/1
f 467/1/2 468/3/2 469/2/2
f 467/1/2 469/2/2 470/4/2
f 467/1/2 470/4/2 471/5/2
f 467/1/2 471/5/2 472/6/2
f 466/7/2 467/1/2 472/6/2
f 466/7/2 472/6/2 473/8/2
f 466/7/2 473/8/2 474/9/2
f 466/7/2 474/9/2 475/10/2
f 465/11/2 466/7/2 475/10/2
f 465/11/2 475/10/2 476/12/2
f 465/11/2 476/12/2 477/13/2
f 464/14/2 465/11/2 477/13/2
f 464/14/2 477/13/2 478/15/2
f 464/14/2 478/15/2 479/16/2
f 463/17/2 464/14/2 479/16/2
f 463/17/2 479/16/2 480/18/2
f 462/19/2 463/17/2 480/18/2
f 462/19/2 480/18/2 481/20/2
f 461/21/2 462/19/2 481/20/2
f 461/21/2 481/20/2 482/22/2
f 460/23/2 461/21/2 482/22/2
f 459/24/2 460/23/2 482/22/2
f 459/24/2 482/22/2 483/25/2
f 458/26/2 459/24/2 483/25/2
f 457/27/2 458/26/2 483/25/2
f 457/27/2 483/25/2 484/28/2
f 456/29/2 457/27/2 484/28/2
f 455/30/2 456/29/2 484/28/2
f 454/31/2 455/30/2 484/28/2
f 454/31/2 484/28/2 485/32/2
f 453/33/2 454/31/2 485/32/2
f 452/34/2 453/33/2 485/32/2
f 451/35/2 452/34/2 485/32/2
f 451/35/2 485/32/2 486/36/2
f 450/37/2 451/35/2 486/36/2
f 449/38/2 450/37/2 486/36/2
f 448/39/2 449/38/2 486/36/2
f 448/39/2 486/36/2 487/40/2
f 447/41/2 448/39/2 487/40/2
f 446/42/2 447/41/2 487/40/2
f 445/43/2 446/42/2 487/40/2
f 445/43/2 487/40/2 420/44/2
f 420/44/2 487/40/2 488/45/2
f 445/43/2 420/44/2 421/46/2
f 419/47/2 420/44/2 488/45/2
f 444/48/2 445/43/2 421/46/2
f 444/48/2 421/46/2 422/49/2
f 418/50/2 419/47/2 488/45/2
f 444/48/2 422/49/2 423/51/2
f 417/52/2 418/50/2 488/45/2
f 444/48/2 423/51/2 424/53/2
f 443/54/2 444/48/2 424/53/2
f 416/55/2 417/52/2 488/45/2
f 443/54/2 424/53/2 425/56/2
f 442/57/2 443/54/2 425/56/2
f 415/58/2 416/55/2 488/45/2
f 441/59/2 442/57/2 425/56/2
f 441/59/2 425/56/2 426/60/2
f 440/61/2 441/59/2 426/60/2
f 414/62/2 415/58/2 488/45/2
f 440/61/2 426/60/2 427/63/2
f 439/64/2 440/61/2 427/63/2
f 414/62/2 488/45/2 489/65/2
f 438/66/2 439/64/2 427/63/2
f 438/66/2 427/63/2 428/67/2
f 413/68/2 414/62/2 489/65/2
f 437/69/2 438/66/2 428/67/2
f 437/69/2 428/67/2 429/70/2
f 436/71/2 437/69/2 429/70/2
f 412/72/2 413/68/2 489/65/2
f 436/71/2 429/70/2 430/73/2
f 435/74/2 436/71/2 430/73/2
f 434/75/2 435/74/2 430/73/2
f 434/75/2 430/73/2 431/76/2
f 433/77/2 434/75/2 431/76/2
f 433/77/2 431/76/2 432/78/2
f 411/79/2 412/72/2 489/65/2
f 411/79/2 489/65/2 490/80/2
f 410/81/2 411/79/2 490/80/2
f 409/82/2 410/81/2 490/80/2
f 408/83/2 409/82/2 490/80/2
f 408/83/2 490/80/2 491/84/2
f 407/85/2 408/83/2 491/84/2
f 406/86/2 407/85/2 491/84/2
f 405/87/2 406/86/2 491/84/2
f 404/88/2 405/87/2 491/84/2
f 403/89/2 404/88/2 491/84/2
f 402/90/2 403/89/2 491/84/2
f 402/90/2 491/84/2 492/91/2
f 401/92/2 402/90/2 492/91/2
f 400/93/2 401/92/2 492/91/2
f 399/94/2 400/93/2 492/91/2
f 398/95/2 399/94/2 492/91/2
f 398/95/2 492/91/2 493/96/2
f 397/97/2 398/95/2 493/96/2
f 396/98/2 397/97/2 493/96/2
f 395/99/2 396/98/2 493/96/2
f 395/99/2 493/96/2 494/100/2
f 394/101/2 395/99/2 494/100/2
f 393/102/2 394/101/2 494/100/2
f 393/102/2 494/100/2 495/103/2
f 392/104/2 393/102/2 495/103/2
f 391/105/2 392/104/2 495/103/2
f 390/106/2 391/105/2 495/103/2
f 390/106/2 495/103/2 496/107/2
f 389/108/2 390/106/2 496/107/2
f 388/109/2 389/108/2 496/107/2
f 388/109/2 496/107/2 497/110/2
f 387/111/2 388/109/2 497/110/2
f 386/112/2 387/111/2 497/110/2
f 385/113/2 386/112/2 497/110/2
f 385/113/2 497/110/2 498/114/2
f 384/115/2 385/113/2 498/114/2
f 383/116/2 384/115/2 498/114/2
f 382/117/2 383/116/2 498/114/2
f 381/118/2 382/117/2 498/114/2
f 380/119/2 381/118/2 498/114/2
f 380/119/2 498/114/2 499/120/2
f 379/121/2 380/119/2 499/120/2
f 378/122/2 379/121/2 499/120/2
f 377/123/2 378/122/2 499/120/2
f 376/124/2 377/123/2 499/120/2
f 375/125/2 376/124/2 499/120/2
f 374/126/2 375/125/2 499/120/2
f 373/127/2 374/126/2 499/120/2
f 372/128/2 373/127/2 499/120/2
f 372/128/2 499/120/2 500/129/2
f 371/130/2 372/128/2 500/129/2
f 370/131/2 371/130/2 500/129/2
f 370/131/2 500/129/2 501/132/2
f 369/133/2 370/131/2 501/132/2
f 368/134/2 369/133/2 501/132/2
f 368/134/2 501/132/2 502/135/2
f 367/136/2 368/134/2 502/135/2
f 367/136/2 502/135/2 503/137/2
f 366/138/2 367/136/2 503/137/2
f 366/138/2 503/137/2 504/139/2
f 365/140/2 366/138/2 504/139/2
f 365/140/2 504/139/2 337/141/2
f 365/140/2 337/141/2 338/142/2
f 365/140/2 338/142/2 339/143/2
f 365/140/2 339/143/2 340/144/2
f 364/145/2 365/140/2 340/144/2
f 364/145/2 340/144/2 341/146/2
f 364/145/2 341/146/2 342/147/2
f 364/145/2 342/147/2 343/148/2
f 364/145/2 343/148/2 344/149/2
f 364/145/2 344/149/2 345/150/2
f 364/145/2 345/150/2 346/151/2
f 363/152/2 364/145/2 346/151/2
f 363/152/2 346/151/2 347/153/2
f 363/152/2 347/153/2 348/154/2
f 363/152/2 348/154/2 349/155/2
f 363/152/2 349/155/2 350/156/2
f 362/157/2 363/152/2 350/156/2
f 362/157/2 350/156/2 351/158/2
f 362/157/2 351/158/2 352/159/2
f 362/157/2 352/159/2 353/160/2
f 361/161/2 362/157/2 353/160/2
f 361/161/2 353/160/2 354/162/2
f 361/161/2 354/162/2 355/163/2
f 361/161/2 355/163/2 356/164/2
f 360/165/2 361/161/2 356/164/2
f 360/165/2 356/164/2 357/166/2
f 360/165/2 357/166/2 358/167/2
f 360/165/2 358/167/2 359/168/2
f 635/1/2 636/3/2 637/2/2
f 635/1/2 637/2/2 638/4/2
f 635/1/2 638/4/2 639/5/2
f 635/1/2 639/5/2 640/6/2
f 634/7/2 635/1/2 640/6/2
f 634/7/2 640/6/2 641/8/2
f 634/7/2 641/8/2 642/9/2
f 634/7/2 642/9/2 643/10/2
f 633/11/2 634/7/2 643/10/2
f 633/11/2 643/10/2 644/12/2
f 633/11/2 644/12/2 645/13/2
f 632/14/2 633/11/2 645/13/2
f 632/14/2 645/13/2 646/15/2
f 632/14/2 646/15/2 647/16/2
f 631/17/2 632/14/2 647/16/2
f 631/17/2 647/16/2 648/18/2
f 630/19/2 631/17/2 648/18/2
f 630/19/2 648/18/2 649/20/2
f 629/21/2 630/19/2 649/20/2
f 629/21/2 649/20/2 650/22/2
f 628/23/2 629/21/2 650/22/2
f 627/24/2 628/23/2 650/22/2
f 627/24/2 650/22/2 651/25/2
f 626/26/2 627/24/2 651/25/2
f 625/27/2 626/26/2 651/25/2
f 625/27/2 651/25/2 652/28/2
f 624/29/2 625/27/2 652/28/2
f 623/30/2 624/29/2 652/28/2
f 622/31/2 623/30/2 652/28/2
f 622/31/2 652/28/2 653/32/2
f 621/33/2 622/31/2 653/32/2
f 620/34/2 621/33/2 653/32/2
f 619/35/2 620/34/2 653/32/2
f 619/35/2 653/32/2 654/36/2
f 618/37/2 619/35/2 654/36/2
f 617/38/2 618/37/2 654/36/2
f 616/39/2 617/38/2 654/36/2
f 616/39/2 654/36/2 655/40/2
f 615/41/2 616/39/2 655/40/2
f 614/42/2 615/41/2 655/40/2
f 613/43/2 614/42/2 655/40/2
f 613/43/2 655/40/2 588/44/2
f 588/44/2 655/40/2 656/45/2
f 613/43/2 588/44/2 589/46/2
f 587/47/2 588/44/2 656/45/2
f 612/48/2 613/43/2 589/46/2
f 612/48/2 589/46/2 590/49/2
f 586/50/2 587/47/2 656/45/2
f 612/48/2 590/49/2 591/51/2
f 585/52/2 586/50/2 656/45/2
f 612/48/2 591/51/2 592/53/2
f 611/54/2 612/48/2 592/53/2
f 584/55/2 585/52/2 656/45/2
f 611/54/2 592/53/2 593/56/2
f 610/57/2 611/54/2 593/56/2
f 583/58/2 584/55/2 656/45/2
f 609/59/2 610/57/2 593/56/2
f 609/59/2 593/56/2 594/60/2
f 608/61/2 609/59/2 594/60/2
f 582/62/2 583/58/2 656/45/2
f 608/61/2 594/60/2 595/63/2
f 607/64/2 608/61/2 595/63/2
f 582/62/2 656/45/2 657/65/2
f 606/66/2 607/64/2 595/63/2
f 606/66/2 595/63/2 596/67/2
f 581/68/2 582/62/2 657/65/2
f 605/69/2 606/66/2 596/67/2
f 605/69/2 596/67/2 597/70/2
f 604/71/2 605/69/2 597/70/2
f 580/72/2 581/68/2 657/65/2
f 604/71/2 597/70/2 598/73/2
f 603/74/2 604/71/2 598/73/2
f 602/75/2 603/74/2 598/73/2
f 602/75/2 598/73/2 599/76/2
f 601/77/2 602/75/2 599/76/2
f 601/77/2 599/76/2 600/78/2
f 579/79/2 580/72/2 657/65/2
f 579/79/2 657/65/2 658/80/2
f 578/81/2 579/79/2 658/80/2
f 577/82/2 578/81/2 658/80/2
f 576/83/2 577/82/2 658/80/2
f 576/83/2 658/80/2 659/84/2
f 575/85/2 576/83/2 659/84/2
f 574/86/2 575/85/2 659/84/2
f 573/87/2 574/86/2 659/84/2
f 572/88/2 573/87/2 659/84/2
f 571/89/2 572/88/2 659/84/2
f 570/90/2 571/89/2 659/84/2
f 570/90/2 659/84/2 660/91/2
f 569/92/2 570/90/2 660/91/2
f 568/93/2 569/92/2 660/91/2
f 567/94/2 568/93/2 660/91/2
f 566/95/2 567/94/2 660/91/2
f 566/95/2 660/91/2 661/96/2
f 565/97/2 566/95/2 661/96/2
f 564/98/2 565/97/2 661/96/2
f 563/99/2 564/98/2 661/96/2
f 563/99/2 661/96/2 662/100/2
f 562/101/2 563/99/2 662/100/2
f 561/102/2 562/101/2 662/100/2
f 561/102/2 662/100/2 663/103/2
f 560/104/2 561/102/2 663/103/2
f 559/105/2 560/104/2 663/103/2
f 558/106/2 559/105/2 663/103/2
f 558/106/2 663/103/2 664/107/2
f 557/108/2 558/106/2 664/107/2
f 556/109/2 557/108/2 664/107/2
f 556/109/2 664/107/2 665/110/2
f 555/111/2 556/109/2 665/110/2
f 554/112/2 555/111/2 665/110/2
f 553/113/2 554/112/2 665/110/2
f 553/113/2 665/110/2 666/114/2
f 552/115/2 553/113/2 666/114/2
f 551/116/2 552/115/2 666/114/2
f 550/117/2 551/116/2 666/114/2
f 549/118/2 550/117/2 666/114/2
f 548/119/2 549/118/2 666/114/2
f 548/119/2 666/114/2 667/120/2
f 547/121/2 548/119/2 667/120/2
f 546/122/2 547/121/2 667/120/2
f 545/123/2 546/122/2 667/120/2
f 544/124/2 545/123/2 667/120/2
f 543/125/2 544/124/2 667/120/2
f 542/126/2 543/125/2 667/120/2
f 541/127/2 542/126/2 667/120/2
f 540/128/2 541/127/2 667/120/2
f 540/128/2 667/120/2 668/129/2
f 539/130/2 540/128/2 668/129/2
f 538/131/2 539/130/2 668/129/2
f 538/131/2 668/129/2 669/132/2
f 537/133/2 538/131/2 669/132/2
f 536/134/2 537/133/2 669/132/2
f 536/134/2 669/132/2 670/135/2
f 535/136/2 536/134/2 670/135/2
f 535/136/2 670/135/2 671/137/2
f 534/138/2 535/136/2 671/137/2
f 534/138/2 671/137/2 672/139/2
f 533/140/2 534/138/2 672/139/2
f 533/140/2 672/139/2 505/141/2
f 533/140/2 505/141/2 506/142/2
f 533/140/2 506/142/2 507/143/2
f 533/140/2 507/143/2 508/144/2
f 532/145/2 533/140/2 508/144/2
f 532/145/2 508/144/2 509/146/2
f 532/145/2 509/146/2 510/147/2
f 532/145/2 510/147/2 511/148/2
f 532/145/2 511/148/2 512/149/2
f 532/145/2 512/149/2 513/150/2
f 532/145/2 513/150/2 514/151/2
f 531/152/2 532/145/2 514/151/2
f 531/152/2 514/151/2 515/153/2
f 531/152/2 515/153/2 516/154/2
f 531/152/2 516/154/2 517/155/2
f 531/152/2 517/155/2 518/156/2
f 530/157/2 531/152/2 518/156/2
f 530/157/2 518/156/2 519/158/2
f 530/157/2 519/158/2 520/159/2
f 530/157/2 520/159/2 521/160/2
f 529/161/2 530/157/2 521/160/2
f 529/161/2 521/160/2 522/162/2
f 529/161/2 522/162/2 523/163/2
f 529/161/2 523/163/2 524/164/2
f 528/165/2 529/161/2 524/164/2
f 528/165/2 524/164/2 525/166/2
f 528/165/2 525/166/2 526/167/2
f 528/165/2 526/167/2 527/168/2
s 1
f 676/169/3 673/141/4 674/170/4
f 678/171/5 675/172/3 676/169/3
f 680/173/6 677/174/5 678/171/5
f 682/175/7 679/176/6 680/173/6
f 684/177/8 681/178/7 682/175/7
f 686/179/9 683/180/8 684/177/8
f 688/181/10 685/182/9 686/179/9
f 690/183/11 687/184/12 688/181/10
f 692/185/13 689/186/14 690/183/11
f 694/187/15 691/188/13 692/185/13
f 696/189/16 693/190/15 694/187/15
f 698/191/17 695/192/18 696/189/16
f 700/193/19 697/194/17 698/191/17
f 702/195/20 699/196/19 700/193/19
f 704/197/21 701/198/20 702/195/20
f 706/199/22 703/200/21 704/197/21
f 708/201/23 705/202/22 706/199/22
f 710/203/24 707/204/23 708/201/23
f 712/205/25 709/206/24 710/203/24
f 714/207/26 711/208/25 712/205/25
f 716/209/27 713/210/26 714/207/26
f 718/211/28 715/212/27 716/209/27
f 720/213/29 717/214/28 718/211/28
f 722/215/30 719/216/29 720/213/29
f 724/217/31 721/218/30 722/215/30
f 726/219/32 723/220/31 724/217/31
f 728/221/33 725/222/32 726/219/32
f 730/223/34 727/224/33 728/221/33
f 732/225/35 729/226/34 730/223/34
f 734/227/36 731/228/35 732/225/35
f 736/229/37 733/230/36 734/227/36
f 738/231/38 735/232/37 736/229/37
f 740/233/39 737/234/38 738/231/38
f 742/235/40 739/236/39 740/233/39
f 744/237/41 741/238/40 742/235/40
f 746/239/42 743/240/41 744/237/41
f 748/241/43 745/242/42 746/239/42
f 750/243/44 747/244/45 748/241/43
f 752/245/46 749/246/44 750/243/44
f 754/247/47 751/248/46 752/245/46
f 756/249/48 753/250/47 754/247/47
f 758/251/49 755/252/50 756/249/48
f 760/253/51 757/254/49 758/251/49
f 762/255/52 759/256/51 760/253/51
f 764/257/53 761/258/52 762/255/52
f 766/259/54 763/260/53 764/257/53
f 768/261/55 765/262/54 766/259/54
f 770/263/56 767/264/55 768/261/55
f 772/265/57 769/266/56 770/263/56
f 774/267/58 771/268/59 772/265/57
f 776/269/60 773/270/58 774/267/58
f 778/271/61 775/272/60 776/269/60
f 780/273/62 777/274/61 778/271/61
f 782/275/63 779/276/62 780/273/62
f 784/277/64 781/278/63 782/275/63
f 786/279/65 783/280/64 784/277/64
f 788/281/64 785/282/65 786/279/65
f 790/283/63 787/284/64 788/281/64
f 792/285/66 789/286/63 790/283/63
f 794/287/67 791/288/66 792/285/66
f 796/289/68 793/290/67 794/287/67
f 798/291/51 795/292/68 796/289/68
f 800/293/69 797/294/51 798/291/51
f 802/295/70 799/296/69 800/293/69
f 804/297/71 801/298/70 802/295/70
f 806/299/70 803/300/71 804/297/71
f 808/301/69 805/302/70 806/299/70
f 810/303/51 807/304/69 808/301/69
f 812/305/68 809/306/51 810/303/51
f 814/307/67 811/308/68 812/305/68
f 816/309/72 813/310/67 814/307/67
f 818/311/73 815/312/72 816/309/72
f 820/313/74 817/314/73 818/311/73
f 822/315/75 819/316/74 820/313/74
f 824/317/76 821/318/75 822/315/75
f 826/319/77 823/320/78 824/317/76
f 828/321/79 825/322/77 826/319/77
f 830/323/80 827/324/79 828/321/79
f 832/325/81 829/326/80 830/323/80
f 834/327/82 831/328/83 832/325/81
f 836/329/84 833/330/82 834/327/82
f 838/331/85 835/332/84 836/329/84
f 840/333/86 837/334/85 838/331/85
f 842/335/87 839/336/86 840/333/86
f 844/337/88 841/338/87 842/335/87
f 846/339/89 843/340/88 844/337/88
f 848/341/90 845/342/89 846/339/89
f 850/343/91 847/344/90 848/341/90
f 852/345/92 849/346/91 850/343/91
f 854/347/93 851/348/92 852/345/92
f 856/349/94 853/350/93 854/347/93
f 858/351/95 855/352/94 856/349/94
f 860/353/96 857/354/95 858/351/95
f 862/355/97 859/356/96 860/353/96
f 864/357/98 861/358/97 862/355/97
f 866/359/99 863/360/98 864/357/98
f 868/361/100 865/362/99 866/359/99
f 870/363/101 867/364/100 868/361/100
f 872/365/102 869/366/101 870/363/101
f 874/367/103 871/368/102 872/365/102
f 876/369/104 873/370/103 874/367/103
f 878/371/105 875/372/104 876/369/104
f 880/373/106 877/374/105 878/371/105
f 882/375/107 879/376/106 880/373/106
f 884/377/108 881/378/107 882/375/107
f 886/379/109 883/380/108 884/377/108
f 888/381/110 885/382/109 886/379/109
f 890/383/111 887/384/110 888/381/110
f 892/385/112 889/386/111 890/383/111
f 894/387/113 891/388/112 892/385/112
f 896/389/114 893/390/113 894/387/113
f 898/391/115 895/392/116 896/389/114
f 900/393/117 897/394/115 898/391/115
f 902/395/118 899/396/117 900/393/117
f 904/397/119 901/398/118 902/395/118
f 906/399/120 903/400/119 904/397/119
f 908/401/121 905/402/120 906/399/120
f 910/403/122 907/404/121 908/401/121
f 912/405/123 909/406/122 910/403/122
f 914/407/124 911/408/123 912/405/123
f 916/409/125 913/410/124 914/407/124
f 918/411/126 915/412/125 916/409/125
f 920/413/127 917/414/126 918/411/126
f 922/415/128 919/416/127 920/413/127
f 924/417/129 921/418/128 922/415/128
f 926/419/130 923/420/129 924/417/129
f 928/421/131 925/422/130 926/419/130
f 930/423/132 927/424/131 928/421/131
f 932/425/133 929/426/132 930/423/132
f 934/427/134 931/428/133 932/425/133
f 936/429/135 933/430/134 934/427/134
f 938/431/136 935/432/135 936/429/135
f 940/433/137 937/434/136 938/431/136
f 942/435/138 939/436/137 940/433/137
f 944/437/139 941/438/138 942/435/138
f 946/439/140 943/440/139 944/437/139
f 948/441/141 945/442/140 946/439/140
f 950/443/142 947/444/141 948/441/141
f 952/445/143 949/446/142 950/443/142
f 954/447/144 951/448/143 952/445/143
f 956/449/145 953/450/144 954/447/144
f 958/451/146 955/452/145 956/449/145
f 960/453/147 957/454/146 958/451/146
f 962/455/148 959/456/147 960/453/147
f 964/457/149 961/458/148 962/455/148
f 966/459/150 963/460/149 964/457/149
f 968/461/151 965/462/150 966/459/150
f 970/463/152 967/464/151 968/461/151
f 972/465/153 969/466/152 970/463/152
f 974/467/154 971/468/153 972/465/153
f 976/469/155 973/470/154 974/467/154
f 978/471/156 975/472/155 976/469/155
f 980/473/157 977/474/156 978/471/156
f 982/475/158 979/476/157 980/473/157
f 984/477/159 981/478/158 982/475/158
f 986/479/160 983/480/159 984/477/159
f 988/481/161 985/482/160 986/479/160
f 990/483/162 987/484/161 988/481/161
f 992/485/163 989/486/162 990/483/162
f 994/487/164 991/488/163 992/485/163
f 996/489/165 993/490/164 994/487/164
f 998/491/166 995/492/165 996/489/165
f 1000/493/167 997/494/166 998/491/166
f 1002/495/168 999/496/167 1000/493/167
f 1004/497/169 1001/498/168 1002/495/168
f 1006/499/170 1003/500/169 1004/497/169
f 1008/501/171 1005/502/172 1006/499/170
f 674/503/4 1007/504/171 1008/501/171
f 1012/169/3 1009/141/4 1010/170/173
f 1014/171/5 1011/172/3 1012/169/3
f 1016/173/6 1013/174/5 1014/171/5
f 1018/175/7 1015/176/174 1016/173/6
f 1020/177/8 1017/178/7 1018/175/7
f 1022/179/9 1019/180/8 1020/177/8
f 1024/181/10 1021/182/9 1022/179/9
f 1026/183/11 1023/184/12 1024/181/10
f 1028/185/13 1025/186/14 1026/183/11
f 1030/187/15 1027/188/13 1028/185/13
f 1032/189/16 1029/190/15 1030/187/15
f 1034/191/17 1031/192/18 1032/189/16
f 1036/193/19 1033/194/17 1034/191/17
f 1038/195/20 1035/196/19 1036/193/19
f 1040/197/21 1037/198/20 1038/195/20
f 1042/199/22 1039/200/21 1040/197/21
f 1044/201/23 1041/202/22 1042/199/22
f 1046/203/24 1043/204/23 1044/201/23
f 1048/205/25 1045/206/24 1046/203/24
f 1050/207/26 1047/208/25 1048/205/25
f 1052/209/27 1049/210/26 1050/207/26
f 1054/211/28 1051/212/27 1052/209/27
f 1056/213/29 1053/214/28 1054/211/28
f 1058/215/30 1055/216/29 1056/213/29
f 1060/217/31 1057/218/30 1058/215/30
f 1062/219/32 1059/220/31 1060/217/31
f 1064/221/33 1061/222/32 1062/219/32
f 1066/223/34 1063/224/33 1064/221/33
f 1068/225/35 1065/226/34 1066/223/34
f 1070/227/36 1067/228/35 1068/225/35
f 1072/229/37 1069/230/36 1070/227/36
f 1074/231/38 1071/232/37 1072/229/37
f 1076/233/39 1073/234/38 1074/231/38
f 1078/235/40 1075/236/39 1076/233/39
f 1080/237/41 1077/238/40 1078/235/40
f 1082/239/42 1079/240/41 1080/237/41
f 1084/241/43 1081/242/42 1082/239/42
f 1086/243/44 1083/244/43 1084/241/43
f 1088/245/46 1085/246/44 1086/243/44
f 1090/247/47 1087/248/46 1088/245/46
f 1092/249/50 1089/250/47 1090/247/47
f 1094/251/49 1091/252/50 1092/249/50
f 1096/253/51 1093/254/49 1094/251/49
f 1098/255/52 1095/256/51 1096/253/51
f 1100/257/53 1097/258/52 1098/255/52
f 1102/259/54 1099/260/53 1100/257/53
f 1104/261/55 1101/262/54 1102/259/54
f 1106/263/56 1103/264/55 1104/261/55
f 1108/265/57 1105/266/56 1106/263/56
f 1110/267/58 1107/268/59 1108/265/57
f 1112/269/60 1109/270/58 1110/267/58
f 1114/271/61 1111/272/60 1112/269/60
f 1116/273/62 1113/274/61 1114/271/61
f 1118/275/63 1115/276/62 1116/273/62
f 1120/277/64 1117/278/63 1118/275/63
f 1122/279/65 1119/280/64 1120/277/64
f 1124/281/64 1121/282/65 1122/279/65
f 1126/283/63 1123/284/64 1124/281/64
f 1128/285/66 1125/286/63 1126/283/63
f 1130/287/67 1127/288/66 1128/285/66
f 1132/289/68 1129/290/67 1130/287/67
f 1134/291/175 1131/292/176 1132/289/68
f 1136/293/69 1133/294/51 1134/291/175
f 1138/295/70 1135/296/177 1136/293/69
f 1140/297/71 1137/298/70 1138/295/70
f 1142/299/70 1139/300/71 1140/297/71
f 1144/301/177 1141/302/70 1142/299/70
f 1146/303/51 1143/304/69 1144/301/177
f 1148/305/68 1145/306/51 1146/303/51
f 1150/307/67 1147/308/68 1148/305/68
f 1152/309/72 1149/310/67 1150/307/67
f 1154/311/73 1151/312/72 1152/309/72
f 1156/313/74 1153/314/73 1154/311/73
f 1158/315/75 1155/316/74 1156/313/74
f 1160/317/76 1157/318/75 1158/315/75
f 1162/319/77 1159/320/78 1160/317/76
f 1164/321/79 1161/322/77 1162/319/77
f 1166/323/80 1163/324/79 1164/321/79
f 1168/325/81 1165/326/80 1166/323/80
f 1170/327/82 1167/328/83 1168/325/81
f 1172/329/84 1169/330/82 1170/327/82
f 1174/331/85 1171/332/84 1172/329/84
f 1176/333/86 1173/334/85 1174/331/85
f 1178/335/87 1175/336/86 1176/333/86
f 1180/337/88 1177/338/87 1178/335/87
f 1182/339/89 1179/340/88 1180/337/88
f 1184/341/90 1181/342/89 1182/339/89
f 1186/343/91 1183/344/90 1184/341/90
f 1188/345/92 1185/346/91 1186/343/91
f 1190/347/93 1187/348/92 1188/345/92
f 1192/349/94 1189/350/93 1190/347/93
f 1194/351/95 1191/352/94 1192/349/94
f 1196/353/96 1193/354/95 1194/351/95
f 1198/355/97 1195/356/96 1196/353/96
f 1200/357/98 1197/358/97 1198/355/97
f 1202/359/99 1199/360/98 1200/357/98
f 1204/361/100 1201/362/99 1202/359/99
f 1206/363/101 1203/364/100 1204/361/100
f 1208/365/102 1205/366/101 1206/363/101
f 1210/367/103 1207/368/102 1208/365/102
f 1212/369/104 1209/370/103 1210/367/103
f 1214/371/105 1211/372/104 1212/369/104
f 1216/373/178 1213/374/105 1214/371/105
f 1218/375/179 1215/376/106 1216/373/178
f 1220/377/108 1217/378/107 1218/375/179
f 1222/379/109 1219/380/108 1220/377/108
f 1224/381/110 1221/382/109 1222/379/109
f 1226/383/111 1223/384/110 1224/381/110
f 1228/385/112 1225/386/111 1226/383/111
f 1230/387/113 1227/388/112 1228/385/112
f 1232/389/114 1229/390/113 1230/387/113
f 1234/391/115 1231/392/114 1232/389/114
f 1236/393/117 1233/394/115 1234/391/115
f 1238/395/118 1235/396/117 1236/393/117
f 1240/397/119 1237/398/118 1238/395/118
f 1242/399/120 1239/400/119 1240/397/119
f 1244/401/121 1241/402/120 1242/399/120
f 1246/403/122 1243/404/121 1244/401/121
f 1248/405/123 1245/406/122 1246/403/122
f 1250/407/124 1247/408/123 1248/405/123
f 1252/409/125 1249/410/124 1250/407/124
f 1254/411/126 1251/412/125 1252/409/125
f 1256/413/127 1253/414/126 1254/411/126
f 1258/415/128 1255/416/127 1256/413/127
f 1260/417/129 1257/418/128 1258/415/128
f 1262/419/130 1259/420/129 1260/417/129
f 1264/421/131 1261/422/130 1262/419/130
f 1266/423/132 1263/424/131 1264/421/131
f 1268/425/133 1265/426/132 1266/423/132
f 1270/427/134 1267/428/133 1268/425/133
f 1272/429/135 1269/430/134 1270/427/134
f 1274/431/136 1271/432/135 1272/429/135
f 1276/433/137 1273/434/136 1274/431/136
f 1278/435/138 1275/436/137 1276/433/137
f 1280/437/139 1277/438/138 1278/435/138
f 1282/439/140 1279/440/139 1280/437/139
f 1284/441/141 1281/442/140 1282/439/140
f 1286/443/142 1283/444/141 1284/441/141
f 1288/445/143 1285/446/142 1286/443/142
f 1290/447/144 1287/448/143 1288/445/143
f 1292/449/145 1289/450/144 1290/447/144
f 1294/451/146 1291/452/145 1292/449/145
f 1296/453/147 1293/454/146 1294/451/146
f 1298/455/148 1295/456/147 1296/453/147
f 1300/457/149 1297/458/148 1298/455/148
f 1302/459/150 1299/460/149 1300/457/149
f 1304/461/151 1301/462/150 1302/459/150
f 1306/463/152 1303/464/151 1304/461/151
f 1308/465/153 1305/466/152 1306/463/152
f 1310/467/154 1307/468/153 1308/465/153
f 1312/469/155 1309/470/154 1310/467/154
f 1314/471/156 1311/472/155 1312/469/155
f 1316/473/157 1313/474/156 1314/471/156
f 1318/475/158 1315/476/157 1316/473/157
f 1320/477/159 1317/478/158 1318/475/158
f 1322/479/160 1319/480/159 1320/477/159
f 1324/481/161 1321/482/160 1322/479/160
f 1326/483/162 1323/484/161 1324/481/161
f 1328/485/163 1325/486/162 1326/483/162
f 1330/487/164 1327/488/163 1328/485/163
f 1332/489/165 1329/490/164 1330/487/164
f 1334/491/166 1331/492/165 1332/489/165
f 1336/493/167 1333/494/166 1334/491/166
f 1338/495/168 1335/496/167 1336/493/167
f 1340/497/169 1337/498/168 1338/495/168
f 1342/499/172 1339/500/169 1340/497/169
f 1344/501/171 1341/502/172 1342/499/172
f 1010/503/173 1343/504/171 1344/501/171
f 676/169/3 675/172/3 673/141/4
f 678/171/5 677/174/5 675/172/3
f 680/173/6 679/176/6 677/174/5
f 682/175/7 681/178/7 679/176/6
f 684/177/8 683/180/8 681/178/7
f 686/179/9 685/182/9 683/180/8
f 688/181/10 687/184/12 685/182/9
f 690/183/11 689/186/14 687/184/12
f 692/185/13 691/188/13 689/186/14
f 694/187/15 693/190/15 691/188/13
f 696/189/16 695/192/18 693/190/15
f 698/191/17 697/194/17 695/192/18
f 700/193/19 699/196/19 697/194/17
f 702/195/20 701/198/20 699/196/19
f 704/197/21 703/200/21 701/198/20
f 706/199/22 705/202/22 703/200/21
f 708/201/23 707/204/23 705/202/22
f 710/203/24 709/206/24 707/204/23
f 712/205/25 711/208/25 709/206/24
f 714/207/26 713/210/26 711/208/25
f 716/209/27 715/212/27 713/210/26
f 718/211/28 717/214/28 715/212/27
f 720/213/29 719/216/29 717/214/28
f 722/215/30 721/218/30 719/216/29
f 724/217/31 723/220/31 721/218/30
f 726/219/32 725/222/32 723/220/31
f 728/221/33 727/224/33 725/222/32
f 730/223/34 729/226/34 727/224/33
f 732/225/35 731/228/35 729/226/34
f 734/227/36 733/230/36 731/228/35
f 736/229/37 735/232/37 733/230/36
f 738/231/38 737/234/38 735/232/37
f 740/233/39 739/236/39 737/234/38
f 742/235/40 741/238/40 739/236/39
f 744/237/41 743/240/41 741/238/40
f 746/239/42 745/242/42 743/240/41
f 748/241/43 747/244/45 745/242/42
f 750/243/44 749/246/44 747/244/45
f 752/245/46 751/248/46 749/246/44
f 754/247/47 753/250/47 751/248/46
f 756/249/48 755/252/50 753/250/47
f 758/251/49 757/254/49 755/252/50
f 760/253/51 759/256/51 757/254/49
f 762/255/52 761/258/52 759/256/51
f 764/257/53 763/260/53 761/258/52
f 766/259/54 765/262/54 763/260/53
f 768/261/55 767/264/55 765/262/54
f 770/263/56 769/266/56 767/264/55
f 772/265/57 771/268/59 769/266/56
f 774/267/58 773/270/58 771/268/59
f 776/269/60 775/272/60 773/270/58
f 778/271/61 777/274/61 775/272/60
f 780/273/62 779/276/62 777/274/61
f 782/275/63 781/278/63 779/276/62
f 784/277/64 783/280/64 781/278/63
f 786/279/65 785/282/65 783/280/64
f 788/281/64 787/284/64 785/282/65
f 790/283/63 789/286/63 787/284/64
f 792/285/66 791/288/66 789/286/63
f 794/287/67 793/290/67 791/288/66
f 796/289/68 795/292/68 793/290/67
f 798/291/51 797/294/51 795/292/68
f 800/293/69 799/296/69 797/294/51
f 802/295/70 801/298/70 799/296/69
f 804/297/71 803/300/71 801/298/70
f 806/299/70 805/302/70 803/300/71
f 808/301/69 807/304/69 805/302/70
f 810/303/51 809/306/51 807/304/69
f 812/305/68 811/308/68 809/306/51
f 814/307/67 813/310/67 811/308/68
f 816/309/72 815/312/72 813/310/67
f 818/311/73 817/314/73 815/312/72
f 820/313/74 819/316/74 817/314/73
f 822/315/75 821/318/75 819/316/74
f 824/317/76 823/320/78 821/318/75
f 826/319/77 825/322/77 823/320/78
f 828/321/79 827/324/79 825/322/77
f 830/323/80 829/326/80 827/324/79
f 832/325/81 831/328/83 829/326/80
f 834/327/82 833/330/82 831/328/83
f 836/329/84 835/332/84 833/330/82
f 838/331/85 837/334/85 835/332/84
f 840/333/86 839/336/86 837/334/85
f 842/335/87 841/338/87 839/336/86
f 844/337/88 843/340/88 841/338/87
f 846/339/89 845/342/89 843/340/88
f 848/341/90 847/344/90 845/342/89
f 850/343/91 849/346/91 847/344/90
f 852/345/92 851/348/92 849/346/91
f 854/347/93 853/350/93 851/348/92
f 856/349/94 855/352/94 853/350/93
f 858/351/95 857/354/95 855/352/94
f 860/353/96 859/356/96 857/354/95
f 862/355/97 861/358/97 859/356/96
f 864/357/98 863/360/98 861/358/97
f 866/359/99 865/362/99 863/360/98
f 868/361/100 867/364/100 865/362/99
f 870/363/101 869/366/101 867/364/100
f 872/365/102 871/368/102 869/366/101
f 874/367/103 873/370/103 871/368/102
f 876/369/104 875/372/104 873/370/103
f 878/371/105 877/374/105 875/372/104
f 880/373/106 879/376/106 877/374/105
f 882/375/107 881/378/107 879/376/106
f 884/377/108 883/380/108 881/378/107
f 886/379/109 885/382/109 883/380/108
f 888/381/110 887/384/110 885/382/109
f 890/383/111 889/386/111 887/384/110
f 892/385/112 891/388/112 889/386/111
f 894/387/113 893/390/113 891/388/112
f 896/389/114 895/392/116 893/390/113
f 898/391/115 897/394/115 895/392/116
f 900/393/117 899/396/117 897/394/115
f 902/395/118 901/398/118 899/396/117
f 904/397/119 903/400/119 901/398/118
f 906/399/120 905/402/120 903/400/119
f 908/401/121 907/404/121 905/402/120
f 910/403/122 909/406/122 907/404/121
f 912/405/123 911/408/123 909/406/122
f 914/407/124 913/410/124 911/408/123
f 916/409/125 915/412/125 913/410/124
f 918/411/126 917/414/126 915/412/125
f 920/413/127 919/416/127 917/414/126
f 922/415/128 921/418/128 919/416/127
f 924/417/129 923/420/129 921/418/128
f 926/419/130 925/422/130 923/420/129
f 928/421/131 927/424/131 925/422/130
f 930/423/132 929/426/132 927/424/131
f 932/425/133 931/428/133 929/426/132
f 934/427/134 933/430/134 931/428/133
f 936/429/135 935/432/135 933/430/134
f 938/431/136 937/434/136 935/432/135
f 940/433/137 939/436/137 937/434/136
f 942/435/138 941/438/138 939/436/137
f 944/437/139 943/440/139 941/438/138
f 946/439/140 945/442/140 943/440/139
f 948/441/141 947/444/141 945/442/140
f 950/443/142 949/446/142 947/444/141
f 952/445/143 951/448/143 949/446/142
f 954/447/144 953/450/144 951/448/143
f 956/449/145 955/452/145 953/450/144
f 958/451/146 957/454/146 955/452/145
f 960/453/147 959/456/147 957/454/146
f 962/455/148 961/458/148 959/456/147
f 964/457/149 963/460/149 961/458/148
f 966/459/150 965/462/150 963/460/149
f 968/461/151 967/464/151 965/462/150
f 970/463/152 969/466/152 967/464/151
f 972/465/153 971/468/153 969/466/152
f 974/467/154 973/470/154 971/468/153
f 976/469/155 975/472/155 973/470/154
f 978/471/156 977/474/156 975/472/155
f 980/473/157 979/476/157 977/474/156
f 982/475/158 981/478/158 979/476/157
f 984/477/159 983/480/159 981/478/158
f 986/479/160 985/482/160 983/480/159
f 988/481/161 987/484/161 985/482/160
f 990/483/162 989/486/162 987/484/161
f 992/485/163 991/488/163 989/486/162
f 994/487/164 993/490/164 991/488/163
f 996/489/165 995/492/165 993/490/164
f 998/491/166 997/494/166 995/492/165
f 1000/493/167 999/496/167 997/494/166
f 1002/495/168 1001/498/168 999/496/167
f 1004/497/169 1003/500/169 1001/498/168
f 1006/499/170 1005/502/172 1003/500/169
f 1008/501/171 1007/504/171 1005/502/172
f 674/503/4 673/139/4 1007/504/171
f 1012/169/3 1011/172/3 1009/141/4
f 1014/171/5 1013/174/5 1011/172/3
f 1016/173/6 1015/176/174 1013/174/5
f 1018/175/7 1017/178/7 1015/176/174
f 1020/177/8 1019/180/8 1017/178/7
f 1022/179/9 1021/182/9 1019/180/8
f 1024/181/10 1023/184/12 1021/182/9
f 1026/183/11 1025/186/14 1023/184/12
f 1028/185/13 1027/188/13 1025/186/14
f 1030/187/15 1029/190/15 1027/188/13
f 1032/189/16 1031/192/18 1029/190/15
f 1034/191/17 1033/194/17 1031/192/18
f 1036/193/19 1035/196/19 1033/194/17
f 1038/195/20 1037/198/20 1035/196/19
f 1040/197/21 1039/200/21 1037/198/20
f 1042/199/22 1041/202/22 1039/200/21
f 1044/201/23 1043/204/23 1041/202/22
f 1046/203/24 1045/206/24 1043/204/23
f 1048/205/25 1047/208/25 1045/206/24
f 1050/207/26 1049/210/26 1047/208/25
f 1052/209/27 1051/212/27 1049/210/26
f 1054/211/28 1053/214/28 1051/212/27
f 1056/213/29 1055/216/29 1053/214/28
f 1058/215/30 1057/218/30 1055/216/29
f 1060/217/31 1059/220/31 1057/218/30
f 1062/219/32 1061/222/32 1059/220/31
f 1064/221/33 1063/224/33 1061/222/32
f 1066/223/34 1065/226/34 1063/224/33
f 1068/225/35 1067/228/35 1065/226/34
f 1070/227/36 1069/230/36 1067/228/35
f 1072/229/37 1071/232/37 1069/230/36
f 1074/231/38 1073/234/38 1071/232/37
f 1076/233/39 1075/236/39 1073/234/38
f 1078/235/40 1077/238/40 1075/236/39
f 1080/237/41 1079/240/41 1077/238/40
f 1082/239/42 1081/242/42 1079/240/41
f 1084/241/43 1083/244/43 1081/242/42
f 1086/243/44 1085/246/44 1083/244/43
f 1088/245/46 1087/248/46 1085/246/44
f 1090/247/47 1089/250/47 1087/248/46
f 1092/249/50 1091/252/50 1089/250/47
f 1094/251/49 1093/254/49 1091/252/50
f 1096/253/51 1095/256/51 1093/254/49
f 1098/255/52 1097/258/52 1095/256/51
f 1100/257/53 1099/260/53 1097/258/52
f 1102/259/54 1101/262/54 1099/260/53
f 1104/261/55 1103/264/55 1101/262/54
f 1106/263/56 1105/266/56 1103/264/55
f 1108/265/57 1107/268/59 1105/266/56
f 1110/267/58 1109/270/58 1107/268/59
f 1112/269/60 1111/272/60 1109/270/58
f 1114/271/61 1113/274/61 1111/272/60
f 1116/273/62 1115/276/62 1113/274/61
f 1118/275/63 1117/278/63 1115/276/62
f 1120/277/64 1119/280/64 1117/278/63
f 1122/279/65 1121/282/65 1119/280/64
f 1124/281/64 1123/284/64 1121/282/65
f 1126/283/63 1125/286/63 1123/284/64
f 1128/285/66 1127/288/66 1125/286/63
f 1130/287/67 1129/290/67 1127/288/66
f 1132/289/68 1131/292/176 1129/290/67
f 1134/291/175 1133/294/51 1131/292/176
f 1136/293/69 1135/296/177 1133/294/51
f 1138/295/70 1137/298/70 1135/296/177
f 1140/297/71 1139/300/71 1137/298/70
f 1142/299/70 1141/302/70 1139/300/71
f 1144/301/177 1143/304/69 1141/302/70
f 1146/303/51 1145/306/51 1143/304/69
f 1148/305/68 1147/308/68 1145/306/51
f 1150/307/67 1149/310/67 1147/308/68
f 1152/309/72 1151/312/72 1149/310/67
f 1154/311/73 1153/314/73 1151/312/72
f 1156/313/74 1155/316/74 1153/314/73
f 1158/315/75 1157/318/75 1155/316/74
f 1160/317/76 1159/320/78 1157/318/75
f 1162/319/77 1161/322/77 1159/320/78
f 1164/321/79 1163/324/79 1161/322/77
f 1166/323/80 1165/326/80 1163/324/79
f 1168/325/81 1167/328/83 1165/326/80
f 1170/327/82 1169/330/82 1167/328/83
f 1172/329/84 1171/332/84 1169/330/82
f 1174/331/85 1173/334/85 1171/332/84
f 1176/333/86 1175/336/86 1173/334/85
f 1178/335/87 1177/338/87 1175/336/86
f 1180/337/88 1179/340/88 1177/338/87
f 1182/339/89 1181/342/89 1179/340/88
f 1184/341/90 1183/344/90 1181/342/89
f 1186/343/91 1185/346/91 1183/344/90
f 1188/345/92 1187/348/92 1185/346/91
f 1190/347/93 1189/350/93 1187/348/92
f 1192/349/94 1191/352/94 1189/350/93
f 1194/351/95 1193/354/95 1191/352/94
f 1196/353/96 1195/356/96 1193/354/95
f 1198/355/97 1197/358/97 1195/356/96
f 1200/357/98 1199/360/98 1197/358/97
f 1202/359/99 1201/362/99 1199/360/98
f 1204/361/100 1203/364/100 1201/362/99
f 1206/363/101 1205/366/101 1203/364/100
f 1208/365/102 1207/368/102 1205/366/101
f 1210/367/103 1209/370/103 1207/368/102
f 1212/369/104 1211/372/104 1209/370/103
f 1214/371/105 1213/374/105 1211/372/104
f 1216/373/178 1215/376/106 1213/374/105
f 1218/375/179 1217/378/107 1215/376/106
f 1220/377/108 1219/380/108 1217/378/107
f 1222/379/109 1221/382/109 1219/380/108
f 1224/381/110 1223/384/110 1221/382/109
f 1226/383/111 1225/386/111 1223/384/110
f 1228/385/112 1227/388/112 1225/386/111
f 1230/387/113 1229/390/113 1227/388/112
f 1232/389/114 1231/392/114 1229/390/113
f 1234/391/115 1233/394/115 1231/392/114
f 1236/393/117 1235/396/117 1233/394/115
f 1238/395/118 1237/398/118 1235/396/117
f 1240/397/119 1239/400/119 1237/398/118
f 1242/399/120 1241/402/120 1239/400/119
f 1244/401/121 1243/404/121 1241/402/120
f 1246/403/122 1245/406/122 1243/404/121
f 1248/405/123 1247/408/123 1245/406/122
f 1250/407/124 1249/410/124 1247/408/123
f 1252/409/125 1251/412/125 1249/410/124
f 1254/411/126 1253/414/126 1251/412/125
f 1256/413/127 1255/416/127 1253/414/126
f 1258/415/128 1257/418/128 1255/416/127
f 1260/417/129 1259/420/129 1257/418/128
f 1262/419/130 1261/422/130 1259/420/129
f 1264/421/131 1263/424/131 1261/422/130
f 1266/423/132 1265/426/132 1263/424/131
f 1268/425/133 1267/428/133 1265/426/132
f 1270/427/134 1269/430/134 1267/428/133
f 1272/429/135 1271/432/135 1269/430/134
f 1274/431/136 1273/434/136 1271/432/135
f 1276/433/137 1275/436/137 1273/434/136
f 1278/435/138 1277/438/138 1275/436/137
f 1280/437/139 1279/440/139 1277/438/138
f 1282/439/140 1281/442/140 1279/440/139
f 1284/441/141 1283/444/141 1281/442/140
f 1286/443/142 1285/446/142 1283/444/141
f 1288/445/143 1287/448/143 1285/446/142
f 1290/447/144 1289/450/144 1287/448/143
f 1292/449/145 1291/452/145 1289/450/144
f 1294/451/146 1293/454/146 1291/452/145
f 1296/453/147 1295/456/147 1293/454/146
f 1298/455/148 1297/458/148 1295/456/147
f 1300/457/149 1299/460/149 1297/458/148
f 1302/459/150 1301/462/150 1299/460/149
f 1304/461/151 1303/464/151 1301/462/150
f 1306/463/152 1305/466/152 1303/464/151
f 1308/465/153 1307/468/153 1305/466/152
f 1310/467/154 1309/470/154 1307/468/153
f 1312/469/155 1311/472/155 1309/470/154
f 1314/471/156 1313/474/156 1311/472/155
f 1316/473/157 1315/476/157 1313/474/156
f 1318/475/158 1317/478/158 1315/476/157
f 1320/477/159 1319/480/159 1317/478/158
f 1322/479/160 1321/482/160 1319/480/159
f 1324/481/161 1323/484/161 1321/482/160
f 1326/483/162 1325/486/162 1323/484/161
f 1328/485/163 1327/488/163 1325/486/162
f 1330/487/164 1329/490/164 1327/488/163
f 1332/489/165 1331/492/165 1329/490/164
f 1334/491/166 1333/494/166 1331/492/165
f 1336/493/167 1335/496/167 1333/494/166
f 1338/495/168 1337/498/168 1335/496/167
f 1340/497/169 1339/500/169 1337/498/168
f 1342/499/172 1341/502/172 1339/500/169
f 1344/501/171 1343/504/171 1341/502/172
f 1010/503/173 1009/139/4 1343/504/171
o テキスト.001
v -0.250688 -0.030241 -0.113593
v 0.261312 -0.030241 -0.113593
v 0.261312 0.019759 -0.113593
v -0.250688 0.019759 -0.113593
v -0.250688 -0.030241 0.086407
v 0.261312 -0.030241 0.086407
v 0.261312 0.019759 0.086407
v -0.250688 0.019759 0.086407
v -0.250688 -0.030241 0.086407
v -0.250688 -0.030241 -0.113593
v 0.261312 -0.030241 0.086407
v 0.261312 -0.030241 -0.113593
v 0.261312 0.019759 0.086407
v 0.261312 0.019759 -0.113593
v -0.250688 0.019759 0.086407
v -0.250688 0.019759 -0.113593
vn -0.0000 -0.0000 -1.0000
vn -0.0000 -0.0000 1.0000
vn 0.7071 -0.7071 -0.0000
vn -0.7071 -0.7071 -0.0000
vn 0.7071 0.7071 -0.0000
vn -0.7071 0.7071 -0.0000
vt 0.333333 0.000000
vt 1.000000 0.000000
vt 0.666667 0.000000
vt 0.000000 0.000000
vt 0.250000 1.000000
vt 0.000000 1.000000
vt 0.500000 1.000000
vt 0.250000 0.000000
vt 0.750000 1.000000
vt 0.500000 0.000000
vt 1.000000 1.000000
vt 0.750000 0.000000
s 0
usemtl マテリアル.001
f 1346/505/180 1348/506/180 1347/507/180
f 1346/505/180 1345/508/180 1348/506/180
f 1350/505/181 1351/507/181 1352/506/181
f 1350/505/181 1352/506/181 1349/508/181
s 1
f 1356/509/182 1353/508/183 1354/510/183
f 1358/511/184 1355/512/182 1356/509/182
f 1360/513/185 1357/514/184 1358/511/184
f 1354/515/183 1359/516/185 1360/513/185
f 1356/509/182 1355/512/182 1353/508/183
f 1358/511/184 1357/514/184 1355/512/182
f 1360/513/185 1359/516/185 1357/514/184
f 1354/515/183 1353/506/183 1359/516/185
