# Blender 4.1.1
# www.blender.org
mtllib playercharacter.mtl
o 円柱
v 0.000000 0.323867 0.292016
v 0.000000 0.268329 0.507381
v 0.049856 0.318956 0.292016
v 0.039021 0.264486 0.507381
v 0.097796 0.304414 0.292016
v 0.076543 0.253104 0.507381
v 0.141978 0.280798 0.292016
v 0.111123 0.234620 0.507381
v 0.180703 0.249017 0.292016
v 0.141432 0.209746 0.507381
v 0.212484 0.210291 0.292016
v 0.166307 0.179436 0.507381
v 0.236100 0.166110 0.292016
v 0.184790 0.144856 0.507381
v 0.250643 0.118170 0.292016
v 0.196172 0.107335 0.507381
v 0.255553 0.068314 0.292016
v 0.200015 0.068314 0.507381
v 0.250643 0.018458 0.292016
v 0.196172 0.029293 0.507381
v 0.236100 -0.029482 0.292016
v 0.184790 -0.008229 0.507381
v 0.212484 -0.073664 0.292016
v 0.166307 -0.042809 0.507381
v 0.180703 -0.112389 0.292016
v 0.141432 -0.073119 0.507381
v 0.141978 -0.144171 0.292016
v 0.111123 -0.097993 0.507381
v 0.097796 -0.167786 0.292016
v 0.076543 -0.116476 0.507381
v 0.049856 -0.182329 0.292016
v 0.039021 -0.127858 0.507381
v 0.000000 -0.187239 0.292016
v 0.000000 -0.131702 0.507381
v -0.049856 -0.182329 0.292016
v -0.039021 -0.127858 0.507381
v -0.097796 -0.167786 0.292016
v -0.076543 -0.116476 0.507381
v -0.141978 -0.144171 0.292016
v -0.111123 -0.097993 0.507381
v -0.180703 -0.112389 0.292016
v -0.141432 -0.073119 0.507381
v -0.212484 -0.073664 0.292016
v -0.166307 -0.042809 0.507381
v -0.236100 -0.029482 0.292016
v -0.184790 -0.008229 0.507381
v -0.250643 0.018458 0.292016
v -0.196172 0.029293 0.507381
v -0.255553 0.068314 0.292016
v -0.200015 0.068314 0.507381
v -0.250643 0.118170 0.292016
v -0.196172 0.107335 0.507381
v -0.236100 0.166110 0.292016
v -0.184790 0.144856 0.507381
v -0.212484 0.210291 0.292016
v -0.166307 0.179436 0.507381
v -0.180703 0.249017 0.292016
v -0.141432 0.209746 0.507381
v -0.141978 0.280798 0.292016
v -0.111123 0.234620 0.507381
v -0.097796 0.304414 0.292016
v -0.076543 0.253104 0.507381
v -0.049856 0.318956 0.292016
v -0.039021 0.264486 0.507381
v 0.049856 0.318956 0.471767
v 0.000000 0.323867 0.471767
v 0.097796 0.304414 0.471767
v 0.141978 0.280798 0.471767
v 0.180703 0.249017 0.471767
v 0.212484 0.210291 0.471767
v 0.236100 0.166110 0.471767
v 0.250643 0.118170 0.471767
v 0.255553 0.068314 0.471767
v 0.250643 0.018458 0.471767
v 0.236100 -0.029482 0.471767
v 0.212484 -0.073664 0.471767
v 0.180703 -0.112389 0.471767
v 0.141978 -0.144171 0.471767
v 0.097796 -0.167786 0.471767
v 0.049856 -0.182329 0.471767
v 0.000000 -0.187239 0.471767
v -0.049856 -0.182329 0.471767
v -0.097796 -0.167786 0.471767
v -0.141978 -0.144171 0.471767
v -0.180703 -0.112389 0.471767
v -0.212484 -0.073664 0.471767
v -0.236100 -0.029482 0.471767
v -0.250643 0.018458 0.471767
v -0.255553 0.068314 0.471767
v -0.250643 0.118170 0.471767
v -0.236100 0.166110 0.471767
v -0.212484 0.210291 0.471767
v -0.180703 0.249017 0.471767
v -0.141978 0.280798 0.471767
v -0.097796 0.304414 0.471767
v -0.049856 0.318956 0.471767
v 0.000957 0.382683 -0.226092
v 0.060957 0.382683 -0.221748
v 0.000957 0.417777 -0.155735
v 0.000957 0.335455 -0.287760
v -0.059044 0.382683 -0.221747
v -0.040372 0.417777 -0.152742
v -0.075410 0.335455 -0.282231
v -0.116739 0.382683 -0.208881
v -0.080113 0.417777 -0.143880
v -0.148841 0.335455 -0.265856
v -0.169910 0.382683 -0.187988
v -0.116739 0.417777 -0.129489
v -0.216516 0.335455 -0.239264
v -0.216516 0.382683 -0.159871
v -0.148841 0.417777 -0.110121
v -0.275834 0.335455 -0.203477
v -0.254764 0.382683 -0.125610
v -0.175187 0.417777 -0.086522
v -0.324514 0.335455 -0.159871
v -0.283185 0.382683 -0.086522
v -0.194764 0.417777 -0.059597
v -0.360687 0.335455 -0.110121
v -0.300686 0.382683 -0.044108
v -0.206819 0.417777 -0.030382
v -0.382962 0.335455 -0.056139
v -0.306596 0.382683 -0.000000
v -0.210889 0.417777 0.000000
v -0.390484 0.335455 -0.000000
v -0.300686 0.382683 0.044108
v -0.206819 0.417777 0.030382
v -0.382962 0.335455 0.056139
v -0.283185 0.382683 0.086521
v -0.194764 0.417777 0.059597
v -0.360687 0.335455 0.110121
v -0.254764 0.382683 0.125610
v -0.175187 0.417777 0.086522
v -0.324514 0.335455 0.159871
v -0.216516 0.382683 0.159871
v -0.275834 0.335455 0.203477
v -0.169911 0.382683 0.187988
v -0.116739 0.417777 0.129489
v -0.216516 0.335455 0.239264
v -0.116739 0.382683 0.208881
v -0.148841 0.417777 0.110121
v -0.075410 0.439387 0.056139
v -0.059044 0.439387 0.066013
v -0.088841 0.439387 0.044108
v 0.000957 0.446684 0.000000
v 0.100734 0.439387 -0.030382
v 0.000957 0.439387 -0.079393
v 0.022026 0.439387 -0.077867
v 0.042286 0.439387 -0.073349
v 0.060957 0.439387 -0.066013
v 0.077323 0.439387 -0.056139
v 0.090754 0.439387 -0.044108
v 0.106880 0.439387 -0.015489
v 0.108955 0.439387 0.000000
v 0.106880 0.439387 0.015489
v 0.100734 0.439387 0.030382
v 0.090754 0.439387 0.044108
v 0.077323 0.439387 0.056139
v 0.060957 0.439387 0.066013
v 0.042286 0.439387 0.073349
v 0.022026 0.439387 0.077867
v 0.000957 0.439387 0.079393
v -0.020113 0.439387 0.077867
v -0.040372 0.439387 0.073349
v -0.098821 0.439387 0.030382
v -0.104966 0.439387 0.015489
v -0.107041 0.439387 0.000000
v -0.104966 0.439387 -0.015489
v -0.098821 0.439387 -0.030382
v -0.088840 0.439387 -0.044108
v -0.075410 0.439387 -0.056139
v -0.059044 0.439387 -0.066013
v -0.040372 0.439387 -0.073349
v -0.020113 0.439387 -0.077867
v -0.080113 0.417777 0.143880
v -0.040373 0.417777 0.152742
v -0.059044 0.382683 0.221747
v 0.000957 0.417777 0.155735
v 0.000957 0.382683 0.226092
v 0.042286 0.417777 0.152742
v 0.060957 0.382683 0.221747
v 0.082027 0.417777 0.143880
v 0.118652 0.382683 0.208882
v 0.118652 0.417777 0.129489
v 0.171824 0.382683 0.187988
v 0.150754 0.417777 0.110121
v 0.218429 0.382683 0.159871
v 0.177100 0.417777 0.086522
v 0.196677 0.417777 0.059597
v 0.285098 0.382683 0.086522
v 0.208732 0.417777 0.030382
v 0.256677 0.382683 0.125610
v 0.326427 0.335455 0.159871
v 0.383670 0.277908 0.187989
v 0.362600 0.335455 0.110121
v 0.277747 0.335455 0.203477
v 0.326427 0.277908 0.239264
v 0.218429 0.335455 0.239264
v 0.256677 0.277908 0.281345
v 0.150754 0.335455 0.265856
v 0.177100 0.277908 0.312613
v 0.077323 0.335455 0.282231
v 0.090754 0.277908 0.331869
v 0.000957 0.335455 0.287760
v 0.000957 0.277908 0.338370
v -0.075410 0.335455 0.282231
v -0.088841 0.277908 0.331869
v -0.148841 0.335455 0.265856
v -0.175187 0.277908 0.312613
v -0.194764 0.212253 0.347357
v -0.254764 0.277908 0.281345
v -0.283185 0.212253 0.312613
v -0.324514 0.277908 0.239264
v -0.360687 0.212253 0.265856
v -0.381756 0.277908 0.187988
v -0.424291 0.212253 0.208882
v -0.424291 0.277908 0.129489
v -0.471554 0.212253 0.143880
v -0.450484 0.277908 0.066013
v -0.500658 0.212253 0.073349
v -0.459328 0.277908 -0.000000
v -0.510485 0.212253 -0.000000
v -0.450484 0.277908 -0.066013
v -0.500658 0.212253 -0.073349
v -0.424291 0.277908 -0.129489
v -0.471554 0.212253 -0.143880
v -0.381756 0.277908 -0.187988
v -0.424291 0.212253 -0.208882
v -0.324514 0.277908 -0.239264
v -0.360687 0.212253 -0.265856
v -0.254764 0.277908 -0.281345
v -0.283185 0.212253 -0.312613
v -0.175187 0.277908 -0.312613
v -0.194764 0.212253 -0.347357
v -0.088840 0.277908 -0.331868
v -0.098821 0.212253 -0.368753
v 0.000957 0.277908 -0.338370
v 0.090754 0.277908 -0.331869
v 0.000957 0.212253 -0.375977
v 0.000957 0.141013 -0.399135
v 0.100734 0.212253 -0.368753
v 0.106880 0.141013 -0.391466
v 0.196677 0.212253 -0.347357
v 0.177100 0.277908 -0.312613
v 0.208732 0.141013 -0.368753
v 0.285098 0.212253 -0.312613
v 0.256677 0.277908 -0.281345
v 0.302600 0.141013 -0.331869
v 0.362600 0.212253 -0.265856
v 0.326427 0.277908 -0.239264
v 0.384876 0.141013 -0.282231
v 0.426205 0.212253 -0.208882
v 0.383670 0.277908 -0.187988
v 0.452398 0.141013 -0.221747
v 0.473467 0.212253 -0.143880
v 0.426205 0.277908 -0.129489
v 0.502571 0.141013 -0.152742
v 0.502571 0.212253 -0.073350
v 0.452398 0.277908 -0.066013
v 0.533468 0.141013 -0.077867
v 0.512398 0.212253 -0.000000
v 0.461242 0.277908 0.000000
v 0.543900 0.141013 0.000000
v 0.502571 0.212253 0.073349
v 0.452398 0.277908 0.066013
v 0.533468 0.141013 0.077867
v 0.473467 0.212253 0.143880
v 0.426205 0.277908 0.129489
v 0.502571 0.141013 0.152742
v 0.426205 0.212253 0.208882
v 0.452398 0.141013 0.221748
v 0.362600 0.212253 0.265856
v 0.384876 0.141013 0.282231
v 0.285098 0.212253 0.312613
v 0.302600 0.141013 0.331869
v 0.196677 0.212253 0.347357
v 0.208732 0.141013 0.368753
v 0.100734 0.212253 0.368753
v 0.106880 0.141013 0.391466
v 0.000957 0.212253 0.375977
v 0.000957 0.141013 0.399135
v -0.098821 0.212253 0.368753
v -0.104966 0.141013 0.391466
v -0.107042 0.066925 0.399135
v -0.206819 0.141013 0.368753
v -0.210889 0.066925 0.375977
v -0.300687 0.141013 0.331869
v -0.306596 0.066925 0.338370
v -0.382962 0.141013 0.282231
v -0.390484 0.066925 0.287760
v -0.450484 0.141013 0.221747
v -0.459328 0.066925 0.226092
v -0.500658 0.141013 0.152742
v -0.510485 0.066925 0.155734
v -0.531554 0.141013 0.077867
v -0.541987 0.066925 0.079393
v -0.541987 0.141013 -0.000000
v -0.552623 0.066925 -0.000000
v -0.531554 0.141013 -0.077867
v -0.541986 0.066925 -0.079393
v -0.500657 0.141013 -0.152742
v -0.510484 0.066925 -0.155735
v -0.450484 0.141013 -0.221748
v -0.459328 0.066925 -0.226092
v -0.382962 0.141013 -0.282231
v -0.390483 0.066925 -0.287760
v -0.300686 0.141013 -0.331869
v -0.306596 0.066925 -0.338370
v -0.206819 0.141013 -0.368753
v -0.210889 0.066925 -0.375977
v -0.104966 0.141013 -0.391466
v -0.107041 0.066925 -0.399135
v -0.104966 -0.007162 -0.391465
v 0.000957 0.066925 -0.406955
v 0.000957 -0.007162 -0.399135
v 0.108955 0.066925 -0.399135
v 0.106880 -0.007162 -0.391466
v 0.212803 0.066925 -0.375977
v 0.208732 -0.007162 -0.368753
v 0.308509 0.066925 -0.338370
v 0.302600 -0.007162 -0.331869
v 0.392397 0.066925 -0.287760
v 0.384876 -0.007162 -0.282231
v 0.461242 0.066925 -0.226092
v 0.452398 -0.007162 -0.221747
v 0.512398 0.066925 -0.155735
v 0.502571 -0.007162 -0.152742
v 0.543900 0.066925 -0.079393
v 0.533468 -0.007162 -0.077867
v 0.554537 0.066925 0.000000
v 0.543900 -0.007162 0.000000
v 0.543900 0.066925 0.079393
v 0.533468 -0.007162 0.077867
v 0.512398 0.066925 0.155735
v 0.502571 -0.007162 0.152742
v 0.461242 0.066925 0.226092
v 0.452398 -0.007162 0.221748
v 0.392397 0.066925 0.287760
v 0.384876 -0.007162 0.282231
v 0.308509 0.066925 0.338370
v 0.302600 -0.007162 0.331869
v 0.212802 0.066925 0.375977
v 0.208732 -0.007162 0.368753
v 0.108955 0.066925 0.399135
v 0.106880 -0.007162 0.391466
v 0.000956 0.066925 0.406954
v 0.000957 -0.007162 0.399135
v 0.000957 -0.078402 0.375977
v -0.104966 -0.007162 0.391466
v -0.098821 -0.078402 0.368753
v -0.206819 -0.007162 0.368753
v -0.194764 -0.078402 0.347357
v -0.300687 -0.007162 0.331869
v -0.283185 -0.078402 0.312613
v -0.382962 -0.007162 0.282231
v -0.360687 -0.078402 0.265856
v -0.450484 -0.007162 0.221747
v -0.424291 -0.078402 0.208882
v -0.500658 -0.007162 0.152742
v -0.471554 -0.078402 0.143880
v -0.531554 -0.007162 0.077867
v -0.500658 -0.078402 0.073349
v -0.541987 -0.007162 -0.000000
v -0.510485 -0.078402 0.000000
v -0.531554 -0.007162 -0.077867
v -0.500658 -0.078402 -0.073349
v -0.500657 -0.007162 -0.152742
v -0.471554 -0.078402 -0.143880
v -0.450484 -0.007162 -0.221748
v -0.424291 -0.078402 -0.208882
v -0.382962 -0.007162 -0.282231
v -0.360687 -0.078402 -0.265856
v -0.300686 -0.007162 -0.331869
v -0.283185 -0.078402 -0.312613
v -0.206819 -0.007162 -0.368753
v -0.194764 -0.078402 -0.347357
v -0.175187 -0.144058 -0.312613
v -0.098821 -0.078402 -0.368753
v -0.088840 -0.144058 -0.331868
v 0.000957 -0.078402 -0.375977
v 0.000957 -0.144058 -0.338370
v 0.100734 -0.078402 -0.368753
v 0.090754 -0.144058 -0.331869
v 0.196677 -0.078402 -0.347357
v 0.177100 -0.144058 -0.312613
v 0.285098 -0.078402 -0.312613
v 0.256677 -0.144058 -0.281345
v 0.362600 -0.078402 -0.265856
v 0.326427 -0.144058 -0.239264
v 0.426205 -0.078402 -0.208882
v 0.383670 -0.144058 -0.187988
v 0.473467 -0.078402 -0.143880
v 0.426205 -0.144058 -0.129489
v 0.502571 -0.078402 -0.073350
v 0.452398 -0.144058 -0.066013
v 0.512398 -0.078402 -0.000000
v 0.461242 -0.144058 0.000000
v 0.502571 -0.078402 0.073349
v 0.452398 -0.144058 0.066013
v 0.473467 -0.078402 0.143880
v 0.426205 -0.144058 0.129489
v 0.426205 -0.078402 0.208882
v 0.383670 -0.144058 0.187988
v 0.362600 -0.078402 0.265856
v 0.326427 -0.144058 0.239264
v 0.285098 -0.078402 0.312613
v 0.256677 -0.144058 0.281345
v 0.196677 -0.078402 0.347357
v 0.177100 -0.144058 0.312613
v 0.100734 -0.078402 0.368753
v 0.090754 -0.144058 0.331869
v 0.077323 -0.201605 0.282231
v 0.000957 -0.144058 0.338370
v 0.000957 -0.201605 0.287760
v -0.088841 -0.144058 0.331869
v -0.075410 -0.201605 0.282231
v -0.175187 -0.144058 0.312613
v -0.148841 -0.201605 0.265856
v -0.254764 -0.144058 0.281345
v -0.216516 -0.201605 0.239264
v -0.324514 -0.144058 0.239264
v -0.275834 -0.201605 0.203477
v -0.381756 -0.144058 0.187988
v -0.324514 -0.201605 0.159871
v -0.424291 -0.144058 0.129489
v -0.360687 -0.201605 0.110121
v -0.450484 -0.144058 0.066013
v -0.382962 -0.201605 0.056139
v -0.459328 -0.144058 -0.000000
v -0.390484 -0.201605 0.000000
v -0.450484 -0.144058 -0.066013
v -0.382962 -0.201605 -0.056139
v -0.424291 -0.144058 -0.129489
v -0.360687 -0.201605 -0.110121
v -0.381756 -0.144058 -0.187988
v -0.324514 -0.201605 -0.159871
v -0.324514 -0.144058 -0.239264
v -0.275834 -0.201605 -0.203477
v -0.254764 -0.144058 -0.281345
v -0.216516 -0.201605 -0.239264
v -0.169910 -0.248833 -0.187988
v -0.148841 -0.201605 -0.265856
v -0.116739 -0.248833 -0.208881
v -0.075410 -0.201605 -0.282231
v -0.059044 -0.248833 -0.221747
v 0.000957 -0.201605 -0.287760
v 0.000957 -0.248833 -0.226092
v 0.077323 -0.201605 -0.282231
v 0.060957 -0.248833 -0.221748
v 0.150754 -0.201605 -0.265856
v 0.118652 -0.248833 -0.208882
v 0.218429 -0.201605 -0.239264
v 0.171824 -0.248833 -0.187988
v 0.277747 -0.201605 -0.203477
v 0.218429 -0.248833 -0.159871
v 0.326427 -0.201605 -0.159871
v 0.256677 -0.248833 -0.125610
v 0.362600 -0.201605 -0.110121
v 0.285098 -0.248833 -0.086522
v 0.384876 -0.201605 -0.056139
v 0.302600 -0.248833 -0.044108
v 0.392397 -0.201605 0.000000
v 0.308509 -0.248833 0.000000
v 0.384876 -0.201605 0.056139
v 0.302600 -0.248833 0.044108
v 0.362600 -0.201605 0.110121
v 0.285098 -0.248833 0.086522
v 0.326427 -0.201605 0.159871
v 0.256677 -0.248833 0.125610
v 0.277747 -0.201605 0.203477
v 0.218429 -0.248833 0.159871
v 0.218429 -0.201605 0.239264
v 0.171824 -0.248833 0.187988
v 0.150754 -0.201605 0.265856
v 0.118652 -0.248833 0.208882
v 0.082027 -0.283926 0.143880
v 0.060957 -0.248833 0.221747
v 0.042286 -0.283926 0.152742
v 0.000957 -0.248833 0.226092
v 0.000957 -0.283926 0.155735
v -0.059044 -0.248833 0.221747
v -0.040373 -0.283926 0.152742
v -0.116739 -0.248833 0.208882
v -0.080113 -0.283926 0.143880
v -0.169911 -0.248833 0.187988
v -0.116739 -0.283926 0.129489
v -0.216516 -0.248833 0.159871
v -0.148841 -0.283926 0.110121
v -0.075410 -0.305537 0.056139
v -0.175187 -0.283926 0.086522
v -0.088841 -0.305537 0.044108
v -0.194764 -0.283926 0.059597
v -0.283185 -0.248833 0.086522
v -0.098821 -0.305537 0.030382
v -0.206819 -0.283926 0.030382
v -0.254764 -0.248833 0.125610
v -0.300686 -0.248833 0.044108
v -0.104966 -0.305537 0.015489
v -0.210889 -0.283926 -0.000000
v -0.306596 -0.248833 -0.000000
v -0.107041 -0.305537 0.000000
v -0.206819 -0.283926 -0.030382
v -0.300686 -0.248833 -0.044108
v -0.104966 -0.305537 -0.015489
v -0.194764 -0.283926 -0.059597
v -0.283185 -0.248833 -0.086522
v -0.098821 -0.305537 -0.030382
v -0.175187 -0.283926 -0.086522
v -0.254764 -0.248833 -0.125610
v -0.088840 -0.305537 -0.044108
v -0.148841 -0.283926 -0.110121
v -0.216516 -0.248833 -0.159871
v -0.075410 -0.305537 -0.056139
v -0.116739 -0.283926 -0.129489
v -0.059044 -0.305537 -0.066013
v -0.080113 -0.283926 -0.143880
v -0.040372 -0.305537 -0.073349
v -0.040372 -0.283926 -0.152742
v -0.020113 -0.305537 -0.077867
v 0.000957 -0.283926 -0.155735
v 0.000957 -0.305537 -0.079393
v 0.042286 -0.283926 -0.152742
v 0.022026 -0.305537 -0.077867
v 0.082027 -0.283926 -0.143880
v 0.042286 -0.305537 -0.073349
v 0.118652 -0.283926 -0.129489
v 0.060957 -0.305537 -0.066013
v 0.150754 -0.283926 -0.110121
v 0.077323 -0.305537 -0.056139
v 0.177100 -0.283926 -0.086522
v 0.090754 -0.305537 -0.044108
v 0.196677 -0.283926 -0.059597
v 0.100734 -0.305537 -0.030382
v 0.208732 -0.283926 -0.030382
v 0.106880 -0.305537 -0.015489
v 0.212803 -0.283926 0.000000
v 0.108955 -0.305537 0.000000
v 0.208732 -0.283926 0.030382
v 0.106880 -0.305537 0.015489
v 0.196677 -0.283926 0.059597
v 0.100734 -0.305537 0.030382
v 0.177100 -0.283926 0.086522
v 0.150754 -0.283926 0.110121
v 0.077323 -0.305537 0.056139
v 0.118652 -0.283926 0.129489
v 0.090754 -0.305537 0.044108
v 0.000957 -0.312834 0.000000
v 0.060957 -0.305537 0.066013
v 0.042286 -0.305537 0.073349
v 0.022026 -0.305537 0.077867
v 0.000957 -0.305537 0.079393
v -0.020113 -0.305537 0.077867
v -0.040372 -0.305537 0.073349
v -0.059044 -0.305537 0.066013
v 0.384876 0.335455 0.056139
v 0.302600 0.382683 0.044108
v 0.392397 0.335455 -0.000000
v 0.308509 0.382683 0.000000
v 0.384876 0.335455 -0.056139
v 0.302600 0.382683 -0.044108
v 0.362600 0.335455 -0.110121
v 0.285098 0.382683 -0.086522
v 0.326427 0.335455 -0.159871
v 0.256677 0.382683 -0.125610
v 0.277747 0.335455 -0.203477
v 0.218429 0.382683 -0.159871
v 0.218429 0.335455 -0.239264
v 0.171824 0.382683 -0.187989
v 0.150754 0.335455 -0.265856
v 0.118652 0.382683 -0.208882
v 0.077323 0.335455 -0.282231
v 0.082027 0.417777 -0.143880
v 0.042286 0.417777 -0.152742
v 0.118652 0.417777 -0.129489
v 0.150754 0.417777 -0.110121
v 0.177100 0.417777 -0.086522
v 0.196677 0.417777 -0.059597
v 0.208732 0.417777 -0.030382
v 0.212803 0.417777 0.000000
v -0.352966 0.412928 0.048694
v -0.343552 0.412928 0.047747
v -0.352966 0.375377 0.048694
v -0.362381 0.412928 0.047747
v -0.371433 0.412928 0.044943
v -0.362381 0.375377 0.047747
v -0.334499 0.412928 0.044943
v -0.334499 0.375377 0.044943
v -0.326156 0.412928 0.040388
v -0.379776 0.412928 0.040388
v -0.387089 0.412928 0.034259
v -0.318844 0.412928 0.034259
v -0.326156 0.375377 0.040388
v -0.318844 0.375377 0.034259
v -0.379776 0.375377 0.040388
v -0.387089 0.375377 0.034259
v -0.393090 0.375377 0.026790
v -0.397550 0.375377 0.018269
v -0.393090 0.412928 0.026790
v -0.312842 0.375377 0.026790
v -0.312842 0.412928 0.026790
v -0.308383 0.375377 0.018269
v -0.308383 0.412928 0.018269
v -0.305637 0.375377 0.009023
v -0.304710 0.375377 -0.000592
v -0.305637 0.412928 0.009023
v -0.400296 0.412928 0.009023
v -0.401223 0.412928 -0.000592
v -0.304710 0.412928 -0.000592
v -0.305637 0.412928 -0.010207
v -0.400296 0.412928 -0.010207
v -0.397550 0.412928 -0.019453
v -0.400296 0.375377 -0.010207
v -0.397550 0.375377 -0.019453
v -0.401223 0.375377 -0.000592
v -0.308383 0.375377 -0.019453
v -0.308383 0.412928 -0.019453
v -0.312842 0.375377 -0.027974
v -0.305637 0.375377 -0.010207
v -0.393090 0.375377 -0.027974
v -0.318844 0.375377 -0.035442
v -0.312842 0.412928 -0.027974
v -0.318844 0.412928 -0.035442
v -0.393090 0.412928 -0.027974
v -0.387089 0.412928 -0.035442
v -0.379776 0.412928 -0.041572
v -0.387089 0.375377 -0.035442
v -0.379776 0.375377 -0.041572
v -0.371433 0.375377 -0.046126
v -0.326156 0.375377 -0.041572
v -0.326156 0.412928 -0.041572
v -0.334499 0.375377 -0.046126
v -0.334499 0.412928 -0.046126
v -0.362381 0.375377 -0.048931
v -0.343552 0.375377 -0.048931
v -0.343552 0.412928 -0.048931
v -0.352966 0.375377 -0.049878
v -0.352966 0.412928 -0.049878
v -0.362381 0.412928 -0.048931
v -0.371433 0.412928 -0.046126
v -0.400296 0.375377 0.009023
v -0.397550 0.412928 0.018269
v -0.371433 0.375377 0.044943
v -0.343552 0.375377 0.047747
v -0.352966 0.394161 0.075083
v -0.338511 0.394161 0.073629
v -0.352966 0.289984 0.075083
v -0.367421 0.394161 0.073629
v -0.367421 0.289984 0.073629
v -0.381321 0.394161 0.069323
v -0.324612 0.394161 0.069323
v -0.311802 0.394161 0.062330
v -0.324612 0.289984 0.069323
v -0.311802 0.289984 0.062330
v -0.394131 0.289984 0.062330
v -0.338511 0.289984 0.073629
v -0.381321 0.289984 0.069323
v -0.405359 0.289984 0.052918
v -0.394131 0.394161 0.062330
v -0.405359 0.394161 0.052918
v -0.414573 0.394161 0.041451
v -0.300574 0.394161 0.052918
v -0.300574 0.289984 0.052918
v -0.291359 0.394161 0.041451
v -0.291359 0.289984 0.041451
v -0.284512 0.394161 0.028368
v -0.284512 0.289984 0.028368
v -0.280296 0.394161 0.014172
v -0.421420 0.394161 0.028368
v -0.425637 0.394161 0.014172
v -0.421420 0.289984 0.028368
v -0.425637 0.289984 0.014172
v -0.414573 0.289984 0.041451
v -0.280296 0.289984 0.014172
v -0.278872 0.289984 -0.000592
v -0.278872 0.394161 -0.000592
v -0.280296 0.289984 -0.015355
v -0.280296 0.394161 -0.015355
v -0.284512 0.289984 -0.029551
v -0.427060 0.289984 -0.000592
v -0.425637 0.289984 -0.015355
v -0.427060 0.394161 -0.000592
v -0.425637 0.394161 -0.015355
v -0.421420 0.394161 -0.029551
v -0.284512 0.394161 -0.029551
v -0.414573 0.394161 -0.042635
v -0.421420 0.289984 -0.029551
v -0.414573 0.289984 -0.042635
v -0.405359 0.289984 -0.054102
v -0.291359 0.289984 -0.042635
v -0.291359 0.394161 -0.042635
v -0.300574 0.289984 -0.054102
v -0.300574 0.394161 -0.054102
v -0.311802 0.289984 -0.063513
v -0.394131 0.289984 -0.063513
v -0.381321 0.289984 -0.070506
v -0.394131 0.394161 -0.063513
v -0.311802 0.394161 -0.063513
v -0.324612 0.394161 -0.070506
v -0.381321 0.394161 -0.070506
v -0.405359 0.394161 -0.054102
v -0.367421 0.394161 -0.074813
v -0.338511 0.394161 -0.074813
v -0.338511 0.289984 -0.074813
v -0.352966 0.394161 -0.076267
v -0.352966 0.289984 -0.076267
v -0.367421 0.289984 -0.074813
v -0.324612 0.289984 -0.070506
v 0.374210 0.304657 0.075083
v 0.364459 0.311422 0.073629
v 0.383961 0.297892 0.073629
v 0.407607 0.351517 0.075083
v 0.417358 0.344752 0.073629
v 0.397857 0.358282 0.073629
v 0.414046 0.360851 0.063931
v 0.422360 0.355083 0.062691
v 0.405732 0.366619 0.062691
v 0.430354 0.349537 0.059019
v 0.397738 0.372165 0.059019
v 0.388481 0.364787 0.069323
v 0.390370 0.377276 0.053057
v 0.437722 0.344425 0.053057
v 0.435375 0.332253 0.062330
v 0.383913 0.381756 0.045033
v 0.444180 0.339945 0.045033
v 0.449479 0.336269 0.035255
v 0.442949 0.326998 0.052918
v 0.449165 0.322686 0.041451
v 0.409552 0.280138 0.052918
v 0.415767 0.275826 0.041451
v 0.401978 0.285393 0.062330
v 0.338868 0.329176 0.052918
v 0.346442 0.323921 0.062330
v 0.332652 0.333488 0.041451
v 0.372266 0.376036 0.052918
v 0.379840 0.370781 0.062330
v 0.366050 0.380348 0.041451
v 0.378613 0.385433 0.035255
v 0.361431 0.383552 0.028368
v 0.328034 0.336692 0.028368
v 0.374675 0.388165 0.024100
v 0.358587 0.385526 0.014172
v 0.357627 0.386192 -0.000592
v 0.372250 0.389848 0.011996
v 0.325189 0.338666 0.014172
v 0.324229 0.339332 -0.000592
v 0.424191 0.269982 -0.000592
v 0.423230 0.270648 -0.015355
v 0.423230 0.270648 0.014172
v 0.457588 0.316842 -0.000592
v 0.456628 0.317508 0.014172
v 0.456628 0.317508 -0.015355
v 0.456661 0.331286 -0.000592
v 0.455842 0.331854 -0.013180
v 0.455842 0.331854 0.011996
v 0.372250 0.389848 -0.013180
v 0.358587 0.385526 -0.015355
v 0.374675 0.388165 -0.025284
v 0.371431 0.390416 -0.000592
v 0.361431 0.383552 -0.029551
v 0.378613 0.385433 -0.036439
v 0.453417 0.333537 -0.025284
v 0.449479 0.336269 -0.036439
v 0.453784 0.319482 -0.029551
v 0.449165 0.322686 -0.042635
v 0.420386 0.272622 -0.029551
v 0.415767 0.275826 -0.042635
v 0.328034 0.336692 -0.029551
v 0.325189 0.338666 -0.015355
v 0.332652 0.333488 -0.042635
v 0.338868 0.329176 -0.054102
v 0.366050 0.380348 -0.042635
v 0.372266 0.376036 -0.054102
v 0.379840 0.370781 -0.063513
v 0.383913 0.381756 -0.046216
v 0.390370 0.377276 -0.054240
v 0.444180 0.339945 -0.046216
v 0.437722 0.344426 -0.054240
v 0.442949 0.326998 -0.054102
v 0.435375 0.332253 -0.063513
v 0.409552 0.280138 -0.054102
v 0.401978 0.285393 -0.063513
v 0.346442 0.323921 -0.063513
v 0.355083 0.317927 -0.070506
v 0.364459 0.311422 -0.074813
v 0.383961 0.297892 -0.074813
v 0.393337 0.291388 -0.070506
v 0.388481 0.364787 -0.070506
v 0.397738 0.372165 -0.060203
v 0.397857 0.358282 -0.074813
v 0.407607 0.351517 -0.076267
v 0.405732 0.366619 -0.063875
v 0.422360 0.355083 -0.063875
v 0.414046 0.360851 -0.065114
v 0.417358 0.344752 -0.074813
v 0.430354 0.349537 -0.060203
v 0.426734 0.338248 -0.070506
v 0.374210 0.304657 -0.076267
v 0.453417 0.333536 0.024100
v 0.453784 0.319482 0.028368
v 0.420386 0.272622 0.028368
v 0.393337 0.291388 0.069323
v 0.355083 0.317927 0.069323
v 0.426734 0.338247 0.069323
v 0.305517 -0.259289 -0.163063
v 0.325931 -0.256270 -0.158964
v 0.304260 -0.251017 -0.096672
v 0.307208 -0.270421 -0.221256
v 0.285102 -0.262308 -0.158964
v 0.281225 -0.274263 -0.216038
v 0.290198 -0.253096 -0.093848
v 0.265472 -0.265210 -0.146823
v 0.247382 -0.267885 -0.127108
v 0.256241 -0.277957 -0.200586
v 0.249338 -0.292848 -0.244708
v 0.233216 -0.281362 -0.175493
v 0.222263 -0.296851 -0.215202
v 0.213034 -0.284346 -0.141723
v 0.231525 -0.270230 -0.100575
v 0.198531 -0.300360 -0.175493
v 0.196471 -0.286796 -0.100575
v 0.218511 -0.272154 -0.068245
v 0.179055 -0.303240 -0.127108
v 0.184163 -0.288615 -0.053629
v 0.208841 -0.273584 -0.031360
v 0.164584 -0.305380 -0.071905
v 0.176585 -0.289736 -0.002690
v 0.202887 -0.274465 0.008662
v 0.155672 -0.306698 -0.012007
v 0.174026 -0.290115 0.050284
v 0.152663 -0.307143 0.050284
v 0.200876 -0.274762 0.050284
v 0.176585 -0.289736 0.103259
v 0.184163 -0.288615 0.154198
v 0.155672 -0.306698 0.112576
v 0.202887 -0.274465 0.091906
v 0.233567 -0.261470 0.078954
v 0.208841 -0.273584 0.131929
v 0.218511 -0.272154 0.168814
v 0.237669 -0.260864 0.106522
v 0.272934 -0.250441 0.091907
v 0.244330 -0.259879 0.131929
v 0.253293 -0.258553 0.154198
v 0.231525 -0.270230 0.201144
v 0.283072 -0.248942 0.112576
v 0.277504 -0.249765 0.103259
v 0.264216 -0.256938 0.172474
v 0.247381 -0.267885 0.227677
v 0.276677 -0.255096 0.186055
v 0.289425 -0.248002 0.119499
v 0.296318 -0.246983 0.123763
v 0.303225 -0.244203 0.050284
v 0.310655 -0.244863 -0.023194
v 0.303486 -0.245923 -0.024633
v 0.296318 -0.246983 -0.023194
v 0.289425 -0.248002 -0.018930
v 0.337434 -0.240903 0.021615
v 0.339525 -0.240594 0.035669
v 0.340231 -0.240490 0.050284
v 0.323901 -0.242904 -0.012007
v 0.329469 -0.242081 -0.002690
v 0.334038 -0.241405 0.008662
v 0.339525 -0.240594 0.064900
v 0.337434 -0.240903 0.078954
v 0.334038 -0.241405 0.091907
v 0.329469 -0.242081 0.103259
v 0.323901 -0.242905 0.112576
v 0.317548 -0.243844 0.119499
v 0.267447 -0.251252 0.035669
v 0.269538 -0.250943 0.021615
v 0.272934 -0.250441 0.008662
v 0.266741 -0.251356 0.050284
v 0.267447 -0.251252 0.064900
v 0.269538 -0.250943 0.078954
v 0.303486 -0.245923 0.125202
v 0.310655 -0.244863 0.123763
v 0.277504 -0.249765 -0.002690
v 0.283072 -0.248942 -0.012007
v 0.317548 -0.243844 -0.018930
v 0.344304 -0.245096 -0.071905
v 0.331843 -0.246938 -0.085486
v 0.355227 -0.243481 -0.053629
v 0.379509 -0.248348 -0.100575
v 0.363652 -0.250693 -0.127108
v 0.392522 -0.246424 -0.068245
v 0.417944 -0.254047 -0.100575
v 0.401381 -0.256496 -0.141723
v 0.439481 -0.264732 -0.127108
v 0.430252 -0.252227 -0.053629
v 0.402192 -0.244994 -0.031360
v 0.453953 -0.262592 -0.071905
v 0.437831 -0.251106 -0.002690
v 0.408146 -0.244113 0.008662
v 0.462865 -0.261274 -0.012007
v 0.440390 -0.250728 0.050284
v 0.410157 -0.243816 0.050285
v 0.437831 -0.251106 0.103259
v 0.465874 -0.260829 0.050285
v 0.485630 -0.273731 0.050284
v 0.462865 -0.261274 0.112576
v 0.453953 -0.262592 0.172474
v 0.482286 -0.274225 0.119499
v 0.495349 -0.289463 0.123763
v 0.472384 -0.275690 0.186055
v 0.484837 -0.291018 0.194417
v 0.456304 -0.278067 0.247392
v 0.439481 -0.264732 0.227677
v 0.467766 -0.293542 0.259533
v 0.434663 -0.281267 0.301155
v 0.420005 -0.267611 0.276062
v 0.408294 -0.285166 0.345277
v 0.444793 -0.296939 0.316607
v 0.450005 -0.314024 0.321825
v 0.416800 -0.301078 0.363447
v 0.421463 -0.318244 0.369582
v 0.384862 -0.305801 0.398252
v 0.378210 -0.289615 0.378062
v 0.388900 -0.323059 0.405069
v 0.350209 -0.310925 0.419684
v 0.345567 -0.294442 0.398252
v 0.314170 -0.316254 0.426921
v 0.353567 -0.328284 0.426921
v 0.355514 -0.345851 0.419684
v 0.316823 -0.333717 0.434300
v 0.319475 -0.351180 0.426921
v 0.280078 -0.339151 0.426921
v 0.278131 -0.321583 0.419684
v 0.283437 -0.356509 0.419684
v 0.244745 -0.344375 0.405069
v 0.243477 -0.326707 0.398252
v 0.248783 -0.361634 0.398252
v 0.212182 -0.349190 0.369582
v 0.183641 -0.353410 0.321824
v 0.216846 -0.366356 0.363447
v 0.211540 -0.331429 0.363447
v 0.214944 -0.313757 0.345277
v 0.183547 -0.335569 0.316607
v 0.160574 -0.338966 0.259533
v 0.188575 -0.317656 0.301155
v 0.198531 -0.300360 0.276062
v 0.166934 -0.320856 0.247392
v 0.150854 -0.323234 0.186055
v 0.179055 -0.303240 0.227677
v 0.196471 -0.286796 0.201144
v 0.164584 -0.305380 0.172474
v 0.213034 -0.284346 0.242292
v 0.233216 -0.281362 0.276062
v 0.265472 -0.265210 0.247392
v 0.222263 -0.296851 0.315771
v 0.256241 -0.277957 0.301155
v 0.281225 -0.274263 0.316607
v 0.249338 -0.292848 0.345277
v 0.285102 -0.262308 0.259533
v 0.305517 -0.259289 0.263632
v 0.290198 -0.253096 0.194417
v 0.304260 -0.251017 0.197241
v 0.318322 -0.248938 0.194417
v 0.325931 -0.256270 0.259533
v 0.331843 -0.246938 0.186055
v 0.345561 -0.253368 0.247392
v 0.344304 -0.245096 0.172474
v 0.363652 -0.250693 0.227677
v 0.355227 -0.243481 0.154198
v 0.379508 -0.248348 0.201144
v 0.364190 -0.242155 0.131929
v 0.370851 -0.241170 0.106522
v 0.392522 -0.246424 0.168814
v 0.417944 -0.254047 0.201144
v 0.402192 -0.244994 0.131929
v 0.430252 -0.252227 0.154198
v 0.408146 -0.244113 0.091907
v 0.374953 -0.240564 0.078954
v 0.376338 -0.240359 0.050285
v 0.374953 -0.240564 0.021615
v 0.370851 -0.241170 -0.005953
v 0.364190 -0.242155 -0.031360
v 0.401381 -0.256496 0.242292
v 0.381200 -0.259480 0.276062
v 0.396273 -0.271121 0.315771
v 0.358174 -0.262885 0.301155
v 0.369198 -0.275124 0.345277
v 0.333190 -0.266579 0.316607
v 0.339820 -0.279468 0.363447
v 0.307208 -0.270421 0.321825
v 0.309268 -0.283986 0.369582
v 0.311619 -0.299462 0.405069
v 0.278716 -0.288503 0.363447
v 0.277671 -0.304481 0.398252
v 0.245028 -0.309308 0.378062
v 0.143503 -0.341490 0.194417
v 0.140952 -0.324698 0.119499
v 0.137608 -0.325192 0.050284
v 0.132991 -0.343044 0.123763
v 0.132094 -0.361033 0.125202
v 0.129441 -0.343569 0.050284
v 0.128475 -0.361568 0.050284
v 0.132991 -0.343044 -0.023194
v 0.143503 -0.341490 -0.093848
v 0.132094 -0.361033 -0.024633
v 0.140952 -0.324698 -0.018931
v 0.150854 -0.323234 -0.085486
v 0.166934 -0.320856 -0.146823
v 0.160574 -0.338966 -0.158964
v 0.188575 -0.317656 -0.200586
v 0.214944 -0.313757 -0.244708
v 0.183547 -0.335569 -0.216038
v 0.183641 -0.353410 -0.221256
v 0.211540 -0.331429 -0.262878
v 0.212182 -0.349190 -0.269013
v 0.243477 -0.326707 -0.297683
v 0.244745 -0.344375 -0.304500
v 0.245028 -0.309308 -0.277493
v 0.278131 -0.321583 -0.319115
v 0.277671 -0.304481 -0.297683
v 0.280078 -0.339150 -0.326352
v 0.314170 -0.316254 -0.326353
v 0.350209 -0.310925 -0.319116
v 0.316823 -0.333717 -0.333731
v 0.311619 -0.299462 -0.304500
v 0.309268 -0.283986 -0.269013
v 0.345567 -0.294442 -0.297683
v 0.339820 -0.279468 -0.262878
v 0.378210 -0.289615 -0.277493
v 0.369199 -0.275124 -0.244708
v 0.384863 -0.305801 -0.297683
v 0.408294 -0.285166 -0.244708
v 0.416800 -0.301078 -0.262878
v 0.434663 -0.281267 -0.200586
v 0.396273 -0.271120 -0.215202
v 0.381200 -0.259480 -0.175493
v 0.420005 -0.267611 -0.175493
v 0.345561 -0.253368 -0.146823
v 0.358174 -0.262885 -0.200586
v 0.333190 -0.266579 -0.216038
v 0.318322 -0.248938 -0.093848
v 0.444793 -0.296939 -0.216038
v 0.456304 -0.278067 -0.146823
v 0.467766 -0.293542 -0.158964
v 0.472384 -0.275690 -0.085486
v 0.484837 -0.291018 -0.093848
v 0.482286 -0.274225 -0.018931
v 0.495349 -0.289463 -0.023194
v 0.498899 -0.288938 0.050285
v 0.501551 -0.306402 -0.024633
v 0.500655 -0.324390 -0.023194
v 0.505170 -0.305867 0.050285
v 0.490833 -0.307987 -0.096672
v 0.490143 -0.325944 -0.093848
v 0.473428 -0.310560 -0.163063
v 0.473072 -0.328468 -0.158964
v 0.450005 -0.314024 -0.221256
v 0.450098 -0.331865 -0.216038
v 0.421463 -0.318244 -0.269013
v 0.388900 -0.323059 -0.304500
v 0.422105 -0.336005 -0.262878
v 0.418701 -0.353678 -0.244708
v 0.390168 -0.340727 -0.297683
v 0.388617 -0.358126 -0.277493
v 0.355514 -0.345851 -0.319116
v 0.319475 -0.351180 -0.326353
v 0.355974 -0.362953 -0.297683
v 0.353567 -0.328284 -0.326353
v 0.354929 -0.378931 -0.262878
v 0.322026 -0.367973 -0.304500
v 0.288079 -0.372992 -0.297683
v 0.324377 -0.383448 -0.269013
v 0.326438 -0.397013 -0.221256
v 0.293825 -0.387966 -0.262878
v 0.300455 -0.400855 -0.216038
v 0.264447 -0.392310 -0.244708
v 0.255435 -0.377819 -0.277493
v 0.275471 -0.404549 -0.200586
v 0.237372 -0.396314 -0.215202
v 0.225351 -0.382268 -0.244708
v 0.213640 -0.399823 -0.175493
v 0.252446 -0.407954 -0.175493
v 0.269994 -0.416742 -0.127108
v 0.232264 -0.410938 -0.141723
v 0.254137 -0.419086 -0.100575
v 0.215701 -0.413387 -0.100575
v 0.194165 -0.402703 -0.127108
v 0.241124 -0.421011 -0.068245
v 0.203394 -0.415207 -0.053629
v 0.179693 -0.404843 -0.071905
v 0.231454 -0.422440 -0.031360
v 0.195815 -0.416328 -0.002690
v 0.170781 -0.406160 -0.012007
v 0.225499 -0.423321 0.008662
v 0.193256 -0.416706 0.050284
v 0.223488 -0.423618 0.050284
v 0.167772 -0.406605 0.050284
v 0.195815 -0.416328 0.103259
v 0.203394 -0.415207 0.154198
v 0.170781 -0.406160 0.112576
v 0.225499 -0.423321 0.091906
v 0.258693 -0.426870 0.078954
v 0.231454 -0.422440 0.131929
v 0.262794 -0.426264 0.106522
v 0.241123 -0.421011 0.168814
v 0.215701 -0.413387 0.201144
v 0.269455 -0.425279 0.131929
v 0.254137 -0.419086 0.201144
v 0.278419 -0.423954 0.154198
v 0.269994 -0.416742 0.227677
v 0.232264 -0.410938 0.242292
v 0.289341 -0.422339 0.172474
v 0.288085 -0.414067 0.247392
v 0.252446 -0.407954 0.276062
v 0.301802 -0.420496 0.186055
v 0.307714 -0.411164 0.259533
v 0.300455 -0.400855 0.316607
v 0.328129 -0.408145 0.263632
v 0.315324 -0.418497 0.194417
v 0.275471 -0.404549 0.301155
v 0.264447 -0.392310 0.345277
v 0.255435 -0.377819 0.378062
v 0.293825 -0.387966 0.363447
v 0.237372 -0.396314 0.315771
v 0.225351 -0.382268 0.345277
v 0.213640 -0.399823 0.276062
v 0.194164 -0.402703 0.227677
v 0.198982 -0.386167 0.301155
v 0.188852 -0.370495 0.316607
v 0.177342 -0.389367 0.247392
v 0.161261 -0.391745 0.186055
v 0.165879 -0.373892 0.259533
v 0.160217 -0.356874 0.263632
v 0.148808 -0.376417 0.194417
v 0.142812 -0.359448 0.197241
v 0.138296 -0.377971 0.123763
v 0.134747 -0.378496 0.050284
v 0.151359 -0.393209 0.119499
v 0.148016 -0.393703 0.050284
v 0.151359 -0.393209 -0.018931
v 0.138296 -0.377971 -0.023194
v 0.161261 -0.391745 -0.085486
v 0.148808 -0.376417 -0.093848
v 0.177342 -0.389367 -0.146823
v 0.165879 -0.373892 -0.158964
v 0.198982 -0.386167 -0.200586
v 0.188853 -0.370495 -0.216038
v 0.216846 -0.366356 -0.262878
v 0.248783 -0.361634 -0.297683
v 0.283437 -0.356509 -0.319115
v 0.160217 -0.356874 -0.163063
v 0.142812 -0.359448 -0.096672
v 0.179693 -0.404843 0.172474
v 0.288078 -0.372992 0.398252
v 0.324377 -0.383448 0.369582
v 0.322026 -0.367973 0.405069
v 0.326438 -0.397013 0.321825
v 0.354929 -0.378931 0.363447
v 0.352420 -0.393171 0.316607
v 0.384307 -0.374587 0.345277
v 0.355974 -0.362953 0.398252
v 0.388617 -0.358126 0.378062
v 0.390168 -0.340727 0.398252
v 0.418701 -0.353678 0.345277
v 0.422105 -0.336005 0.363447
v 0.411382 -0.370583 0.315771
v 0.445070 -0.349778 0.301155
v 0.450098 -0.331865 0.316607
v 0.435114 -0.367074 0.276062
v 0.466711 -0.346578 0.247392
v 0.454590 -0.364194 0.227677
v 0.482791 -0.344201 0.186055
v 0.473072 -0.328468 0.259533
v 0.473428 -0.310560 0.263632
v 0.490143 -0.325944 0.194417
v 0.500655 -0.324390 0.123763
v 0.490833 -0.307987 0.197241
v 0.501551 -0.306402 0.125202
v 0.504204 -0.323865 0.050285
v 0.492693 -0.342736 0.119499
v 0.477973 -0.360736 0.112576
v 0.496037 -0.342242 0.050284
v 0.480983 -0.360292 0.050285
v 0.492693 -0.342736 -0.018931
v 0.477973 -0.360736 -0.012007
v 0.482791 -0.344201 -0.085486
v 0.469062 -0.362054 -0.071905
v 0.466711 -0.346578 -0.146823
v 0.454590 -0.364194 -0.127108
v 0.445070 -0.349778 -0.200586
v 0.435114 -0.367074 -0.175493
v 0.420612 -0.383088 -0.141723
v 0.411382 -0.370583 -0.215202
v 0.400430 -0.386072 -0.175493
v 0.384307 -0.374587 -0.244708
v 0.377404 -0.389477 -0.200586
v 0.352420 -0.393171 -0.216038
v 0.348543 -0.405127 -0.158964
v 0.343447 -0.414338 -0.093848
v 0.368173 -0.402224 -0.146823
v 0.328129 -0.408145 -0.163063
v 0.329385 -0.416417 -0.096672
v 0.307714 -0.411164 -0.158964
v 0.315324 -0.418497 -0.093848
v 0.288085 -0.414067 -0.146823
v 0.322991 -0.422571 -0.023194
v 0.301802 -0.420496 -0.085486
v 0.289341 -0.422338 -0.071905
v 0.316097 -0.423590 -0.018930
v 0.309745 -0.424530 -0.012007
v 0.330420 -0.423231 0.050284
v 0.330159 -0.421511 -0.024633
v 0.337328 -0.420451 -0.023194
v 0.344221 -0.419432 -0.018931
v 0.366904 -0.416078 0.050284
v 0.366198 -0.416182 0.064900
v 0.364107 -0.416491 0.078954
v 0.316097 -0.423590 0.119499
v 0.309745 -0.424530 0.112576
v 0.299607 -0.426029 0.091907
v 0.296211 -0.426531 0.021615
v 0.294120 -0.426840 0.064900
v 0.293414 -0.426944 0.050284
v 0.294120 -0.426840 0.035669
v 0.299607 -0.426029 0.008662
v 0.296211 -0.426531 0.078954
v 0.304177 -0.425353 0.103259
v 0.322991 -0.422571 0.123763
v 0.330159 -0.421511 0.125202
v 0.337328 -0.420451 0.123763
v 0.344221 -0.419432 0.119499
v 0.350573 -0.418493 0.112576
v 0.356142 -0.417669 0.103259
v 0.360711 -0.416993 0.091907
v 0.366198 -0.416182 0.035669
v 0.364107 -0.416491 0.021615
v 0.360711 -0.416993 0.008662
v 0.356142 -0.417669 -0.002690
v 0.350573 -0.418492 -0.012007
v 0.304177 -0.425353 -0.002690
v 0.269455 -0.425279 -0.031360
v 0.278419 -0.423954 -0.053629
v 0.262794 -0.426264 -0.005953
v 0.258693 -0.426870 0.021615
v 0.257308 -0.427075 0.050284
v 0.380352 -0.408881 -0.053629
v 0.369429 -0.410496 -0.071905
v 0.402121 -0.397204 -0.100575
v 0.389316 -0.407555 -0.031360
v 0.415134 -0.395280 -0.068245
v 0.395976 -0.406571 -0.005953
v 0.424804 -0.393850 -0.031360
v 0.400078 -0.405964 0.021615
v 0.430759 -0.392970 0.008662
v 0.401463 -0.405759 0.050284
v 0.400078 -0.405964 0.078954
v 0.432769 -0.392672 0.050284
v 0.459620 -0.377320 0.050284
v 0.430759 -0.392970 0.091907
v 0.457061 -0.377698 0.103259
v 0.424804 -0.393850 0.131929
v 0.449482 -0.378819 0.154198
v 0.395976 -0.406571 0.106522
v 0.415134 -0.395280 0.168814
v 0.389316 -0.407556 0.131929
v 0.402121 -0.397204 0.201144
v 0.437175 -0.380639 0.201144
v 0.420612 -0.383088 0.242292
v 0.400430 -0.386072 0.276062
v 0.377404 -0.389477 0.301155
v 0.386264 -0.399549 0.227677
v 0.369429 -0.410496 0.172474
v 0.368173 -0.402224 0.247392
v 0.356968 -0.412339 0.186055
v 0.348543 -0.405127 0.259533
v 0.343447 -0.414338 0.194417
v 0.329385 -0.416417 0.197241
v 0.380352 -0.408881 0.154198
v 0.469062 -0.362054 0.172474
v 0.457061 -0.377698 -0.002690
v 0.449482 -0.378819 -0.053629
v 0.437175 -0.380639 -0.100575
v 0.386264 -0.399549 -0.127108
v 0.356968 -0.412339 -0.085486
v 0.278716 -0.288503 -0.262878
v 0.264216 -0.256938 -0.071905
v 0.253293 -0.258553 -0.053629
v 0.276677 -0.255096 -0.085486
v 0.244330 -0.259879 -0.031360
v 0.237669 -0.260864 -0.005953
v 0.233567 -0.261470 0.021615
v 0.232182 -0.261675 0.050284
v -0.310202 -0.262581 -0.163063
v -0.289990 -0.266720 -0.158964
v -0.308479 -0.254391 -0.096672
v -0.312520 -0.273602 -0.221256
v -0.330413 -0.258441 -0.158964
v -0.338245 -0.268334 -0.216038
v -0.322401 -0.251540 -0.093848
v -0.349848 -0.254461 -0.146823
v -0.367759 -0.250793 -0.127108
v -0.362981 -0.263268 -0.200586
v -0.374681 -0.274881 -0.244708
v -0.385777 -0.258600 -0.175493
v -0.401487 -0.269391 -0.215202
v -0.405759 -0.254508 -0.141723
v -0.383458 -0.247578 -0.100575
v -0.424982 -0.264580 -0.175493
v -0.422157 -0.251150 -0.100575
v -0.396342 -0.244940 -0.068245
v -0.444265 -0.260631 -0.127108
v -0.434342 -0.248654 -0.053629
v -0.405916 -0.242979 -0.031360
v -0.458593 -0.257697 -0.071905
v -0.441846 -0.247118 -0.002690
v -0.411812 -0.241772 0.008662
v -0.467416 -0.255890 -0.012007
v -0.444379 -0.246599 0.050284
v -0.470395 -0.255280 0.050284
v -0.413802 -0.241364 0.050284
v -0.441846 -0.247118 0.103259
v -0.434342 -0.248654 0.154198
v -0.467416 -0.255890 0.112576
v -0.411812 -0.241772 0.091906
v -0.378469 -0.240057 0.078954
v -0.405916 -0.242979 0.131929
v -0.396343 -0.244940 0.168814
v -0.374408 -0.240889 0.106522
v -0.337666 -0.243153 0.091907
v -0.367814 -0.242240 0.131929
v -0.358939 -0.244057 0.154198
v -0.383458 -0.247578 0.201144
v -0.327629 -0.245208 0.112576
v -0.333142 -0.244079 0.103259
v -0.348125 -0.246272 0.172474
v -0.367759 -0.250793 0.227677
v -0.335787 -0.248798 0.186055
v -0.321340 -0.246496 0.119499
v -0.314515 -0.247894 0.123763
v -0.307059 -0.247645 0.050284
v -0.300320 -0.250801 -0.023194
v -0.307418 -0.249348 -0.024633
v -0.314515 -0.247894 -0.023194
v -0.321340 -0.246496 -0.018930
v -0.273807 -0.256231 0.021615
v -0.271737 -0.256655 0.035669
v -0.271038 -0.256798 0.050284
v -0.287206 -0.253487 -0.012007
v -0.281693 -0.254616 -0.002690
v -0.277169 -0.255542 0.008662
v -0.271737 -0.256655 0.064900
v -0.273807 -0.256231 0.078954
v -0.277169 -0.255542 0.091907
v -0.281693 -0.254616 0.103259
v -0.287206 -0.253487 0.112576
v -0.293496 -0.252199 0.119499
v -0.343098 -0.242040 0.035669
v -0.341028 -0.242464 0.021615
v -0.337666 -0.243153 0.008662
v -0.343797 -0.241897 0.050284
v -0.343098 -0.242040 0.064900
v -0.341028 -0.242464 0.078954
v -0.307418 -0.249348 0.125202
v -0.300320 -0.250801 0.123763
v -0.333142 -0.244079 -0.002690
v -0.327629 -0.245208 -0.012007
v -0.293496 -0.252199 -0.018930
v -0.268832 -0.262510 -0.071905
v -0.281170 -0.259983 -0.085486
v -0.258018 -0.264724 -0.053629
v -0.236945 -0.277583 -0.100575
v -0.252644 -0.274368 -0.127108
v -0.224061 -0.280221 -0.068245
v -0.202884 -0.296055 -0.100575
v -0.219282 -0.292696 -0.141723
v -0.186427 -0.313433 -0.127108
v -0.190699 -0.298550 -0.053630
v -0.214487 -0.282182 -0.031360
v -0.172099 -0.316368 -0.071905
v -0.183195 -0.300087 -0.002690
v -0.208591 -0.283389 0.008662
v -0.163275 -0.318175 -0.012007
v -0.180661 -0.300606 0.050284
v -0.206601 -0.283797 0.050284
v -0.183195 -0.300087 0.103259
v -0.160296 -0.318785 0.050285
v -0.146287 -0.337636 0.050284
v -0.163275 -0.318175 0.112576
v -0.172099 -0.316368 0.172474
v -0.149598 -0.336958 0.119499
v -0.142688 -0.355715 0.123763
v -0.159401 -0.334950 0.186055
v -0.153095 -0.353583 0.194417
v -0.175322 -0.331690 0.247392
v -0.186427 -0.313433 0.227677
v -0.169997 -0.350122 0.259533
v -0.196747 -0.327302 0.301155
v -0.205709 -0.309485 0.276062
v -0.222855 -0.321956 0.345277
v -0.192742 -0.345464 0.316607
v -0.193846 -0.363273 0.321825
v -0.220457 -0.339788 0.363447
v -0.222104 -0.357486 0.369582
v -0.252077 -0.333313 0.398252
v -0.252640 -0.315856 0.378062
v -0.254343 -0.350883 0.405069
v -0.286386 -0.326287 0.419684
v -0.284959 -0.309237 0.398252
v -0.322067 -0.318980 0.426921
v -0.289325 -0.343720 0.426921
v -0.293661 -0.360866 0.419684
v -0.325704 -0.336269 0.434300
v -0.329342 -0.353559 0.426921
v -0.362084 -0.328819 0.426921
v -0.357748 -0.311672 0.419684
v -0.365023 -0.346252 0.419684
v -0.397066 -0.321655 0.405069
v -0.392057 -0.304646 0.398252
v -0.399332 -0.339226 0.398252
v -0.429305 -0.315053 0.369582
v -0.457563 -0.309266 0.321824
v -0.430952 -0.332750 0.363447
v -0.423677 -0.298171 0.363447
v -0.414284 -0.282753 0.345277
v -0.451392 -0.292495 0.316607
v -0.474137 -0.287837 0.259533
v -0.440391 -0.277406 0.301155
v -0.424982 -0.264580 0.276062
v -0.461816 -0.273019 0.247392
v -0.477737 -0.269758 0.186055
v -0.444265 -0.260631 0.227677
v -0.422157 -0.251150 0.201144
v -0.458593 -0.257697 0.172474
v -0.405759 -0.254508 0.242292
v -0.385777 -0.258600 0.276062
v -0.349848 -0.254461 0.247392
v -0.401487 -0.269391 0.315771
v -0.362981 -0.263268 0.301155
v -0.338245 -0.268334 0.316607
v -0.374681 -0.274881 0.345277
v -0.330413 -0.258441 0.259533
v -0.310202 -0.262581 0.263632
v -0.322401 -0.251540 0.194417
v -0.308479 -0.254391 0.197241
v -0.294557 -0.257242 0.194417
v -0.289990 -0.266720 0.259533
v -0.281170 -0.259983 0.186055
v -0.270555 -0.270700 0.247392
v -0.268832 -0.262510 0.172474
v -0.252644 -0.274368 0.227677
v -0.258018 -0.264725 0.154198
v -0.236945 -0.277583 0.201144
v -0.249144 -0.266542 0.131929
v -0.242549 -0.267892 0.106522
v -0.224061 -0.280221 0.168814
v -0.202884 -0.296055 0.201144
v -0.214487 -0.282182 0.131929
v -0.190699 -0.298550 0.154198
v -0.208591 -0.283389 0.091907
v -0.238488 -0.268724 0.078954
v -0.237117 -0.269005 0.050285
v -0.238488 -0.268724 0.021615
v -0.242549 -0.267892 -0.005953
v -0.249144 -0.266542 -0.031360
v -0.219282 -0.292696 0.242292
v -0.239263 -0.288604 0.276062
v -0.229205 -0.304673 0.315771
v -0.262060 -0.283936 0.301155
v -0.256011 -0.299183 0.345277
v -0.286796 -0.278870 0.316607
v -0.285097 -0.293227 0.363447
v -0.312520 -0.273602 0.321825
v -0.315346 -0.287032 0.369582
v -0.318569 -0.302354 0.405069
v -0.345594 -0.280837 0.363447
v -0.352180 -0.295471 0.398252
v -0.384499 -0.288852 0.378062
v -0.491039 -0.284376 0.194417
v -0.487541 -0.267751 0.119499
v -0.490851 -0.267073 0.050284
v -0.501446 -0.282245 0.123763
v -0.508598 -0.298815 0.125202
v -0.504961 -0.281525 0.050284
v -0.512181 -0.298081 0.050284
v -0.501446 -0.282244 -0.023194
v -0.491039 -0.284376 -0.093848
v -0.508598 -0.298815 -0.024633
v -0.487541 -0.267750 -0.018930
v -0.477737 -0.269758 -0.085486
v -0.461816 -0.273019 -0.146823
v -0.474137 -0.287837 -0.158964
v -0.440391 -0.277406 -0.200586
v -0.414284 -0.282753 -0.244708
v -0.451392 -0.292495 -0.216038
v -0.457563 -0.309266 -0.221256
v -0.423677 -0.298171 -0.262878
v -0.429305 -0.315053 -0.269013
v -0.392057 -0.304646 -0.297683
v -0.397066 -0.321655 -0.304500
v -0.384499 -0.288852 -0.277493
v -0.357748 -0.311672 -0.319115
v -0.352180 -0.295471 -0.297683
v -0.362084 -0.328819 -0.326352
v -0.322067 -0.318980 -0.326353
v -0.286386 -0.326287 -0.319116
v -0.325704 -0.336269 -0.333731
v -0.318569 -0.302354 -0.304500
v -0.315346 -0.287032 -0.269013
v -0.284959 -0.309237 -0.297683
v -0.285097 -0.293227 -0.262878
v -0.252640 -0.315856 -0.277493
v -0.256011 -0.299183 -0.244708
v -0.252077 -0.333313 -0.297683
v -0.222855 -0.321956 -0.244708
v -0.220457 -0.339788 -0.262878
v -0.196747 -0.327302 -0.200586
v -0.229205 -0.304673 -0.215202
v -0.239263 -0.288604 -0.175493
v -0.205709 -0.309485 -0.175493
v -0.270555 -0.270700 -0.146823
v -0.262060 -0.283936 -0.200586
v -0.286796 -0.278870 -0.216038
v -0.294557 -0.257242 -0.093848
v -0.192742 -0.345464 -0.216038
v -0.175322 -0.331690 -0.146823
v -0.169996 -0.350122 -0.158964
v -0.159401 -0.334950 -0.085486
v -0.153095 -0.353583 -0.093848
v -0.149598 -0.336958 -0.018931
v -0.142688 -0.355715 -0.023194
v -0.139173 -0.356434 0.050285
v -0.142811 -0.373724 -0.024633
v -0.149963 -0.390294 -0.023194
v -0.139228 -0.374458 0.050285
v -0.153422 -0.371551 -0.096672
v -0.160370 -0.388163 -0.093848
v -0.170655 -0.368022 -0.163063
v -0.177271 -0.384702 -0.158964
v -0.193845 -0.363273 -0.221256
v -0.200017 -0.380044 -0.216038
v -0.222104 -0.357486 -0.269013
v -0.254343 -0.350883 -0.304500
v -0.227732 -0.374368 -0.262878
v -0.237125 -0.389786 -0.244708
v -0.259352 -0.367892 -0.297683
v -0.266910 -0.383686 -0.277493
v -0.293661 -0.360866 -0.319116
v -0.329342 -0.353559 -0.326353
v -0.299229 -0.377068 -0.297683
v -0.289325 -0.343720 -0.326353
v -0.305814 -0.391701 -0.262878
v -0.332840 -0.370185 -0.304500
v -0.366450 -0.363301 -0.297683
v -0.336063 -0.385507 -0.269013
v -0.338888 -0.398936 -0.221256
v -0.366312 -0.379312 -0.262878
v -0.364613 -0.393668 -0.216038
v -0.395398 -0.373355 -0.244708
v -0.398769 -0.356683 -0.277493
v -0.389349 -0.388603 -0.200586
v -0.422204 -0.367866 -0.215202
v -0.428554 -0.350583 -0.244708
v -0.445700 -0.363054 -0.175493
v -0.412145 -0.383934 -0.175493
v -0.398765 -0.398171 -0.127108
v -0.432127 -0.379842 -0.141723
v -0.414464 -0.394956 -0.100575
v -0.448525 -0.376484 -0.100575
v -0.464982 -0.359105 -0.127108
v -0.427348 -0.392317 -0.068245
v -0.460710 -0.373989 -0.053629
v -0.479310 -0.356171 -0.071905
v -0.436922 -0.390357 -0.031360
v -0.468214 -0.372452 -0.002690
v -0.488133 -0.354364 -0.012007
v -0.442817 -0.389149 0.008662
v -0.470747 -0.371933 0.050284
v -0.444808 -0.388742 0.050284
v -0.491113 -0.353754 0.050284
v -0.468214 -0.372452 0.103259
v -0.460710 -0.373989 0.154198
v -0.488133 -0.354364 0.112576
v -0.442817 -0.389149 0.091906
v -0.412921 -0.403815 0.078954
v -0.436922 -0.390357 0.131929
v -0.408860 -0.404646 0.106522
v -0.427348 -0.392317 0.168814
v -0.448525 -0.376484 0.201144
v -0.402265 -0.405997 0.131929
v -0.414464 -0.394956 0.201144
v -0.393390 -0.407814 0.154198
v -0.398765 -0.398171 0.227677
v -0.432127 -0.379842 0.242292
v -0.382577 -0.410029 0.172474
v -0.380854 -0.401839 0.247392
v -0.412145 -0.383934 0.276062
v -0.370239 -0.412555 0.186055
v -0.361419 -0.405819 0.259533
v -0.364613 -0.393668 0.316607
v -0.341207 -0.409958 0.263632
v -0.356852 -0.415297 0.194417
v -0.389349 -0.388603 0.301155
v -0.395398 -0.373355 0.345277
v -0.398769 -0.356683 0.378062
v -0.366312 -0.379312 0.363447
v -0.422204 -0.367866 0.315771
v -0.428554 -0.350583 0.345277
v -0.445700 -0.363054 0.276062
v -0.464982 -0.359105 0.227677
v -0.454661 -0.345237 0.301155
v -0.458667 -0.327075 0.316607
v -0.476087 -0.340849 0.247392
v -0.492007 -0.337589 0.186055
v -0.481412 -0.322417 0.259533
v -0.480754 -0.304517 0.263632
v -0.498314 -0.318956 0.194417
v -0.497986 -0.300988 0.197241
v -0.508721 -0.316824 0.123763
v -0.512235 -0.316104 0.050284
v -0.501811 -0.335581 0.119499
v -0.505122 -0.334903 0.050284
v -0.501811 -0.335581 -0.018931
v -0.508721 -0.316824 -0.023194
v -0.492007 -0.337589 -0.085486
v -0.498313 -0.318956 -0.093848
v -0.476087 -0.340849 -0.146823
v -0.481412 -0.322417 -0.158964
v -0.454661 -0.345237 -0.200586
v -0.458667 -0.327075 -0.216038
v -0.430952 -0.332750 -0.262878
v -0.399332 -0.339226 -0.297683
v -0.365023 -0.346252 -0.319115
v -0.480754 -0.304517 -0.163063
v -0.497986 -0.300988 -0.096672
v -0.479310 -0.356171 0.172474
v -0.366450 -0.363301 0.398252
v -0.336063 -0.385507 0.369582
v -0.332840 -0.370185 0.405069
v -0.338888 -0.398936 0.321825
v -0.305814 -0.391701 0.363447
v -0.313164 -0.404205 0.316607
v -0.276728 -0.397658 0.345277
v -0.299229 -0.377068 0.398252
v -0.266910 -0.383686 0.378062
v -0.259352 -0.367892 0.398252
v -0.237125 -0.389786 0.345277
v -0.227732 -0.374368 0.363447
v -0.249922 -0.403147 0.315771
v -0.211018 -0.395132 0.301155
v -0.200017 -0.380044 0.316607
v -0.226426 -0.407959 0.276062
v -0.189592 -0.399520 0.247392
v -0.207144 -0.411908 0.227677
v -0.173672 -0.402780 0.186055
v -0.177271 -0.384702 0.259533
v -0.170655 -0.368022 0.263632
v -0.160370 -0.388163 0.194417
v -0.149963 -0.390294 0.123763
v -0.153423 -0.371551 0.197241
v -0.142811 -0.373724 0.125202
v -0.146448 -0.391014 0.050285
v -0.163868 -0.404788 0.119499
v -0.183993 -0.416649 0.112576
v -0.160558 -0.405466 0.050284
v -0.181013 -0.417259 0.050285
v -0.163868 -0.404788 -0.018931
v -0.183993 -0.416649 -0.012007
v -0.173672 -0.402780 -0.085486
v -0.192816 -0.414842 -0.071905
v -0.189592 -0.399520 -0.146823
v -0.207144 -0.411908 -0.127108
v -0.211018 -0.395132 -0.200586
v -0.226426 -0.407959 -0.175493
v -0.245650 -0.418031 -0.141723
v -0.249922 -0.403147 -0.215202
v -0.265632 -0.413939 -0.175493
v -0.276728 -0.397658 -0.244708
v -0.288428 -0.409270 -0.200586
v -0.313164 -0.404205 -0.216038
v -0.320996 -0.414097 -0.158964
v -0.329008 -0.420999 -0.093848
v -0.301561 -0.418077 -0.146823
v -0.341207 -0.409958 -0.163063
v -0.342930 -0.418148 -0.096672
v -0.361419 -0.405819 -0.158964
v -0.356852 -0.415297 -0.093848
v -0.380854 -0.401839 -0.146823
v -0.351089 -0.421738 -0.023194
v -0.370239 -0.412555 -0.085486
v -0.382577 -0.410029 -0.071905
v -0.357913 -0.420340 -0.018930
v -0.364203 -0.419052 -0.012007
v -0.344350 -0.424894 0.050284
v -0.343991 -0.423191 -0.024633
v -0.336894 -0.424645 -0.023194
v -0.330069 -0.426042 -0.018931
v -0.307611 -0.430641 0.050284
v -0.308310 -0.430498 0.064900
v -0.310381 -0.430074 0.078954
v -0.357913 -0.420340 0.119499
v -0.364203 -0.419052 0.112576
v -0.374240 -0.416997 0.091907
v -0.377602 -0.416308 0.021615
v -0.379672 -0.415884 0.064900
v -0.380371 -0.415741 0.050284
v -0.379672 -0.415884 0.035669
v -0.374240 -0.416997 0.008662
v -0.377602 -0.416308 0.078954
v -0.369716 -0.417923 0.103259
v -0.351089 -0.421738 0.123763
v -0.343991 -0.423191 0.125202
v -0.336894 -0.424645 0.123763
v -0.330069 -0.426042 0.119499
v -0.323780 -0.427330 0.112576
v -0.318267 -0.428459 0.103259
v -0.313743 -0.429386 0.091907
v -0.308310 -0.430498 0.035669
v -0.310381 -0.430074 0.021615
v -0.313743 -0.429386 0.008662
v -0.318267 -0.428459 -0.002690
v -0.323780 -0.427330 -0.012007
v -0.369716 -0.417923 -0.002690
v -0.402265 -0.405997 -0.031360
v -0.393390 -0.407814 -0.053629
v -0.408860 -0.404646 -0.005953
v -0.412921 -0.403815 0.021615
v -0.414292 -0.403534 0.050284
v -0.292470 -0.428482 -0.053629
v -0.303284 -0.426267 -0.071905
v -0.267950 -0.424960 -0.100575
v -0.283595 -0.430299 -0.031360
v -0.255066 -0.427599 -0.068245
v -0.277001 -0.431650 -0.005953
v -0.245493 -0.429559 -0.031360
v -0.272940 -0.432481 0.021615
v -0.239597 -0.430767 0.008662
v -0.271569 -0.432762 0.050284
v -0.272940 -0.432481 0.078954
v -0.237606 -0.431175 0.050284
v -0.207030 -0.425940 0.050284
v -0.239597 -0.430767 0.091907
v -0.209563 -0.425421 0.103259
v -0.245493 -0.429560 0.131929
v -0.217067 -0.423884 0.154198
v -0.277001 -0.431650 0.106522
v -0.255066 -0.427599 0.168814
v -0.283595 -0.430299 0.131929
v -0.267950 -0.424960 0.201144
v -0.229252 -0.421389 0.201144
v -0.245650 -0.418031 0.242292
v -0.265632 -0.413939 0.276062
v -0.288428 -0.409270 0.301155
v -0.283650 -0.421745 0.227677
v -0.303284 -0.426267 0.172474
v -0.301561 -0.418077 0.247392
v -0.315621 -0.423740 0.186055
v -0.320996 -0.414097 0.259533
v -0.329008 -0.420999 0.194417
v -0.342930 -0.418148 0.197241
v -0.292470 -0.428482 0.154198
v -0.192816 -0.414842 0.172474
v -0.209563 -0.425421 -0.002690
v -0.217067 -0.423884 -0.053629
v -0.229252 -0.421389 -0.100575
v -0.283650 -0.421745 -0.127108
v -0.315621 -0.423740 -0.085486
v -0.345594 -0.280837 -0.262878
v -0.348125 -0.246272 -0.071905
v -0.358939 -0.244057 -0.053629
v -0.335787 -0.248798 -0.085486
v -0.367814 -0.242240 -0.031360
v -0.374408 -0.240889 -0.005953
v -0.378469 -0.240057 0.021615
v -0.379840 -0.239777 0.050284
v 0.039021 0.264486 0.469626
v -0.000000 0.268329 0.469626
v 0.076543 0.253104 0.469626
v 0.111123 0.234620 0.469626
v 0.141432 0.209746 0.469626
v 0.166307 0.179436 0.469626
v 0.184790 0.144856 0.469626
v 0.196172 0.107335 0.469626
v 0.200015 0.068314 0.469626
v 0.196172 0.029293 0.469626
v 0.184790 -0.008229 0.469626
v 0.166307 -0.042809 0.469626
v 0.141432 -0.073119 0.469626
v 0.111123 -0.097993 0.469626
v 0.076543 -0.116476 0.469626
v 0.039021 -0.127858 0.469626
v -0.000000 -0.131702 0.469626
v -0.039021 -0.127858 0.469626
v -0.076543 -0.116476 0.469626
v -0.111123 -0.097993 0.469626
v -0.141432 -0.073119 0.469626
v -0.166307 -0.042809 0.469626
v -0.184790 -0.008229 0.469626
v -0.196172 0.029293 0.469626
v -0.200015 0.068314 0.469626
v -0.196172 0.107335 0.469626
v -0.184790 0.144856 0.469626
v -0.166307 0.179436 0.469626
v -0.141432 0.209746 0.469626
v -0.111123 0.234620 0.469626
v -0.076543 0.253104 0.469626
v -0.039021 0.264486 0.469626
vn -0.0000 1.0000 -0.0000
vn 0.1951 0.9808 -0.0000
vn 0.3827 0.9239 -0.0000
vn 0.5556 0.8315 -0.0000
vn 0.7071 0.7071 -0.0000
vn 0.8315 0.5556 -0.0000
vn 0.9239 0.3827 -0.0000
vn 0.9808 0.1951 -0.0000
vn 1.0000 -0.0000 -0.0000
vn 0.9808 -0.1951 -0.0000
vn 0.9239 -0.3827 -0.0000
vn 0.8315 -0.5556 -0.0000
vn 0.7071 -0.7071 -0.0000
vn 0.5556 -0.8315 -0.0000
vn 0.3827 -0.9239 -0.0000
vn 0.1951 -0.9808 -0.0000
vn -0.0000 -1.0000 -0.0000
vn -0.1951 -0.9808 -0.0000
vn -0.3827 -0.9239 -0.0000
vn -0.5556 -0.8315 -0.0000
vn -0.7071 -0.7071 -0.0000
vn -0.8315 -0.5556 -0.0000
vn -0.9239 -0.3827 -0.0000
vn -0.9808 -0.1951 -0.0000
vn -1.0000 -0.0000 -0.0000
vn -0.9808 0.1951 -0.0000
vn -0.9239 0.3827 -0.0000
vn -0.8315 0.5556 -0.0000
vn -0.7071 0.7071 -0.0000
vn -0.5556 0.8315 -0.0000
vn -0.3827 0.9239 -0.0000
vn -0.8819 0.4714 -0.0000
vn -0.1951 0.9808 -0.0000
vn -0.0000 -0.0000 -1.0000
vn 0.0531 0.5391 0.8406
vn 0.1572 0.5183 0.8406
vn 0.2553 0.4777 0.8406
vn 0.3436 0.4187 0.8406
vn 0.4187 0.3436 0.8406
vn 0.4777 0.2553 0.8406
vn 0.5183 0.1572 0.8406
vn 0.5391 0.0531 0.8406
vn 0.5391 -0.0531 0.8406
vn 0.5183 -0.1572 0.8406
vn 0.4777 -0.2553 0.8406
vn 0.4187 -0.3436 0.8406
vn 0.3436 -0.4187 0.8406
vn 0.2553 -0.4777 0.8406
vn 0.1572 -0.5183 0.8406
vn 0.0531 -0.5391 0.8406
vn -0.0531 -0.5391 0.8406
vn -0.1572 -0.5183 0.8406
vn -0.2553 -0.4777 0.8406
vn -0.3436 -0.4187 0.8406
vn -0.4187 -0.3436 0.8406
vn -0.4777 -0.2553 0.8406
vn -0.5183 -0.1572 0.8406
vn -0.5391 -0.0531 0.8406
vn -0.5391 0.0531 0.8406
vn -0.5183 0.1572 0.8406
vn -0.4777 0.2553 0.8406
vn -0.4187 0.3436 0.8406
vn -0.3436 0.4187 0.8406
vn -0.2553 0.4777 0.8406
vn -0.1572 0.5183 0.8406
vn -0.0531 0.5391 0.8406
vn -0.0000 0.8463 -0.5327
vn 0.0520 0.9322 -0.3583
vn 0.0765 0.8483 -0.5239
vn -0.0000 0.7284 -0.6851
vn 0.0988 0.7314 -0.6748
vn -0.0520 0.9322 -0.3583
vn -0.0765 0.8483 -0.5239
vn -0.0988 0.7314 -0.6748
vn -0.1026 0.9351 -0.3392
vn -0.1512 0.8542 -0.4975
vn -0.1963 0.7399 -0.6435
vn -0.1503 0.9403 -0.3053
vn -0.2222 0.8632 -0.4533
vn -0.2904 0.7532 -0.5903
vn -0.1907 0.9462 -0.2613
vn -0.2871 0.8743 -0.3915
vn -0.3783 0.7698 -0.5140
vn -0.2271 0.9511 -0.2095
vn -0.3430 0.8858 -0.3126
vn -0.4562 0.7876 -0.4142
vn -0.2568 0.9554 -0.1458
vn -0.3867 0.8959 -0.2185
vn -0.5185 0.8037 -0.2919
vn -0.2744 0.9587 -0.0748
vn -0.4147 0.9030 -0.1126
vn -0.5593 0.8151 -0.1512
vn -0.2804 0.9599 -0.0000
vn -0.4244 0.9055 -0.0000
vn -0.5736 0.8192 -0.0000
vn -0.4147 0.9030 0.1126
vn -0.5593 0.8151 0.1512
vn -0.3867 0.8959 0.2185
vn -0.2744 0.9587 0.0748
vn -0.5185 0.8037 0.2919
vn -0.2568 0.9554 0.1458
vn -0.3430 0.8858 0.3126
vn -0.2290 0.9506 0.2096
vn -0.4562 0.7876 0.4142
vn -0.2871 0.8743 0.3915
vn -0.3783 0.7698 0.5140
vn -0.2904 0.7532 0.5903
vn -0.2222 0.8632 0.4533
vn -0.1928 0.9450 0.2641
vn -0.1500 0.9396 0.3076
vn -0.1512 0.8542 0.4975
vn -0.1026 0.9351 0.3392
vn -0.1963 0.7399 0.6435
vn -0.1157 0.9875 0.1070
vn -0.0975 0.9861 0.1349
vn -0.0759 0.9846 0.1573
vn 0.1297 0.9888 -0.0743
vn 0.1386 0.9896 -0.0382
vn 0.1157 0.9875 -0.1070
vn -0.0264 0.9827 -0.1835
vn -0.0000 0.9824 -0.1868
vn 0.0264 0.9827 -0.1835
vn 0.0519 0.9834 -0.1736
vn 0.0759 0.9846 -0.1573
vn 0.0975 0.9861 -0.1349
vn 0.1416 0.9899 -0.0000
vn 0.1404 0.9892 0.0418
vn 0.1363 0.9876 0.0779
vn 0.1211 0.9868 0.1074
vn 0.0975 0.9861 0.1349
vn 0.0759 0.9846 0.1573
vn 0.0519 0.9834 0.1736
vn 0.0264 0.9827 0.1835
vn -0.0000 0.9824 0.1868
vn -0.0264 0.9827 0.1835
vn -0.0519 0.9834 0.1736
vn -0.1297 0.9888 0.0743
vn -0.1386 0.9896 0.0382
vn -0.1416 0.9899 -0.0000
vn -0.1386 0.9896 -0.0382
vn -0.1308 0.9883 -0.0786
vn -0.1213 0.9863 -0.1120
vn -0.1030 0.9853 -0.1365
vn -0.0759 0.9846 -0.1573
vn -0.0519 0.9834 -0.1736
vn -0.0000 0.9311 -0.3647
vn -0.0520 0.9322 0.3583
vn -0.0765 0.8483 0.5239
vn -0.0000 0.9311 0.3647
vn -0.0000 0.8463 0.5327
vn 0.0520 0.9322 0.3583
vn 0.0765 0.8483 0.5239
vn 0.1026 0.9351 0.3392
vn 0.1512 0.8542 0.4975
vn 0.1500 0.9396 0.3076
vn 0.2222 0.8632 0.4533
vn 0.1926 0.9457 0.2618
vn 0.2871 0.8743 0.3915
vn 0.2265 0.9517 0.2074
vn 0.2549 0.9559 0.1460
vn 0.3430 0.8858 0.3126
vn 0.3867 0.8959 0.2185
vn 0.2744 0.9587 0.0748
vn 0.4147 0.9030 0.1126
vn 0.3783 0.7698 0.5140
vn 0.4562 0.7876 0.4142
vn 0.5185 0.8037 0.2919
vn 0.4623 0.6280 0.6260
vn 0.5636 0.6499 0.5099
vn 0.6472 0.6703 0.3630
vn 0.2904 0.7532 0.5903
vn 0.3513 0.6081 0.7119
vn 0.1963 0.7399 0.6435
vn 0.2356 0.5926 0.7703
vn 0.0988 0.7314 0.6748
vn 0.1181 0.5828 0.8040
vn -0.0000 0.7284 0.6851
vn -0.0000 0.5795 0.8150
vn -0.0988 0.7314 0.6748
vn -0.1181 0.5828 0.8040
vn -0.2356 0.5926 0.7703
vn -0.3513 0.6081 0.7119
vn -0.2667 0.4151 0.8698
vn -0.1331 0.4064 0.9039
vn -0.4623 0.6280 0.6260
vn -0.4005 0.4292 0.8096
vn -0.5636 0.6499 0.5099
vn -0.5322 0.4477 0.7186
vn -0.6472 0.6703 0.3630
vn -0.6560 0.4686 0.5916
vn -0.7035 0.6850 0.1895
vn -0.7617 0.4886 0.4256
vn -0.7234 0.6904 -0.0000
vn -0.8346 0.5034 0.2239
vn -0.7035 0.6850 -0.1895
vn -0.8346 0.5034 -0.2239
vn -0.8608 0.5089 -0.0000
vn -0.6472 0.6703 -0.3630
vn -0.7617 0.4886 -0.4256
vn -0.5636 0.6499 -0.5099
vn -0.6560 0.4686 -0.5916
vn -0.4623 0.6280 -0.6260
vn -0.5322 0.4477 -0.7186
vn -0.3513 0.6081 -0.7119
vn -0.4005 0.4292 -0.8096
vn -0.2356 0.5926 -0.7703
vn -0.2667 0.4151 -0.8698
vn -0.1181 0.5828 -0.8040
vn -0.1331 0.4064 -0.9039
vn -0.0000 0.5795 -0.8150
vn -0.0000 0.4035 -0.9150
vn 0.1181 0.5828 -0.8040
vn 0.1331 0.4064 -0.9039
vn -0.0000 0.2072 -0.9783
vn -0.1426 0.2090 -0.9675
vn 0.1426 0.2090 -0.9675
vn 0.2356 0.5926 -0.7703
vn 0.2667 0.4151 -0.8698
vn 0.2867 0.2141 -0.9338
vn 0.3513 0.6081 -0.7119
vn 0.4005 0.4292 -0.8096
vn 0.4329 0.2226 -0.8735
vn 0.4623 0.6280 -0.6260
vn 0.5322 0.4477 -0.7186
vn 0.5794 0.2339 -0.7807
vn 0.5636 0.6499 -0.5099
vn 0.6560 0.4686 -0.5916
vn 0.7204 0.2469 -0.6481
vn 0.6472 0.6703 -0.3630
vn 0.7617 0.4886 -0.4256
vn 0.8436 0.2596 -0.4700
vn 0.7035 0.6850 -0.1895
vn 0.8346 0.5034 -0.2239
vn 0.9304 0.2692 -0.2488
vn 0.7234 0.6904 -0.0000
vn 0.8608 0.5089 -0.0000
vn 0.9621 0.2728 -0.0000
vn 0.8346 0.5034 0.2239
vn 0.9304 0.2692 0.2488
vn 0.7035 0.6850 0.1895
vn 0.7617 0.4886 0.4256
vn 0.8436 0.2596 0.4700
vn 0.6560 0.4686 0.5916
vn 0.7204 0.2469 0.6481
vn 0.5322 0.4477 0.7186
vn 0.5794 0.2338 0.7807
vn 0.4005 0.4292 0.8096
vn 0.4329 0.2226 0.8735
vn 0.2667 0.4151 0.8698
vn 0.2867 0.2141 0.9338
vn 0.1331 0.4064 0.9039
vn 0.1426 0.2090 0.9675
vn -0.0000 0.4035 0.9150
vn -0.0000 0.2072 0.9783
vn -0.1426 0.2090 0.9675
vn -0.2867 0.2141 0.9338
vn -0.0000 -0.0000 1.0000
vn -0.1459 -0.0000 0.9893
vn -0.2937 -0.0000 0.9559
vn -0.4329 0.2226 0.8735
vn -0.4443 -0.0000 0.8959
vn -0.5794 0.2338 0.7807
vn -0.5963 -0.0000 0.8028
vn -0.7204 0.2469 0.6481
vn -0.7438 -0.0000 0.6684
vn -0.8436 0.2596 0.4700
vn -0.8738 -0.0000 0.4863
vn -0.9304 0.2692 0.2488
vn -0.9661 -0.0000 0.2580
vn -0.9621 0.2728 -0.0000
vn -0.9304 0.2692 -0.2488
vn -0.9661 -0.0000 -0.2580
vn -0.8436 0.2596 -0.4700
vn -0.8738 -0.0000 -0.4863
vn -0.7204 0.2469 -0.6481
vn -0.7438 -0.0000 -0.6684
vn -0.5794 0.2338 -0.7807
vn -0.5963 -0.0000 -0.8028
vn -0.4329 0.2226 -0.8735
vn -0.4443 -0.0000 -0.8959
vn -0.2867 0.2141 -0.9338
vn -0.2937 -0.0000 -0.9559
vn -0.1459 -0.0000 -0.9893
vn -0.2867 -0.2141 -0.9338
vn -0.1426 -0.2090 -0.9675
vn 0.1426 -0.2090 -0.9675
vn -0.0000 -0.2072 -0.9783
vn 0.1459 -0.0000 -0.9893
vn 0.2867 -0.2141 -0.9338
vn 0.2937 -0.0000 -0.9559
vn 0.4443 -0.0000 -0.8959
vn 0.4329 -0.2226 -0.8735
vn 0.5963 -0.0000 -0.8028
vn 0.5794 -0.2339 -0.7807
vn 0.7438 -0.0000 -0.6684
vn 0.7204 -0.2469 -0.6481
vn 0.8738 -0.0000 -0.4863
vn 0.8436 -0.2596 -0.4700
vn 0.9661 -0.0000 -0.2580
vn 0.9304 -0.2692 -0.2488
vn 0.9621 -0.2728 -0.0000
vn 0.9661 -0.0000 0.2580
vn 0.8738 -0.0000 0.4863
vn 0.9304 -0.2692 0.2488
vn 0.7438 -0.0000 0.6684
vn 0.8436 -0.2596 0.4700
vn 0.5963 -0.0000 0.8028
vn 0.7204 -0.2469 0.6481
vn 0.4443 -0.0000 0.8959
vn 0.5794 -0.2338 0.7807
vn 0.2937 -0.0000 0.9559
vn 0.4329 -0.2226 0.8735
vn 0.1459 -0.0000 0.9893
vn 0.2867 -0.2141 0.9338
vn 0.1426 -0.2090 0.9675
vn -0.1426 -0.2090 0.9675
vn -0.0000 -0.2072 0.9783
vn 0.1331 -0.4064 0.9039
vn -0.1331 -0.4064 0.9039
vn -0.0000 -0.4035 0.9150
vn -0.2867 -0.2141 0.9338
vn -0.2667 -0.4151 0.8698
vn -0.4329 -0.2226 0.8735
vn -0.4005 -0.4292 0.8096
vn -0.5794 -0.2338 0.7807
vn -0.5322 -0.4477 0.7186
vn -0.7204 -0.2469 0.6481
vn -0.6560 -0.4686 0.5916
vn -0.8436 -0.2596 0.4700
vn -0.7617 -0.4886 0.4256
vn -0.9304 -0.2692 0.2488
vn -0.8346 -0.5034 0.2239
vn -0.9621 -0.2728 -0.0000
vn -0.8608 -0.5089 -0.0000
vn -0.9304 -0.2692 -0.2488
vn -0.8436 -0.2596 -0.4700
vn -0.8346 -0.5034 -0.2239
vn -0.7204 -0.2469 -0.6481
vn -0.7617 -0.4886 -0.4256
vn -0.5794 -0.2338 -0.7807
vn -0.6560 -0.4686 -0.5916
vn -0.4329 -0.2226 -0.8735
vn -0.5322 -0.4477 -0.7186
vn -0.4005 -0.4292 -0.8096
vn -0.2667 -0.4151 -0.8698
vn -0.2356 -0.5926 -0.7703
vn -0.1331 -0.4064 -0.9039
vn -0.1181 -0.5828 -0.8040
vn -0.3513 -0.6081 -0.7119
vn -0.0000 -0.4035 -0.9150
vn 0.1331 -0.4064 -0.9039
vn 0.1181 -0.5828 -0.8040
vn -0.0000 -0.5795 -0.8150
vn 0.2667 -0.4151 -0.8698
vn 0.2356 -0.5926 -0.7703
vn 0.4005 -0.4292 -0.8096
vn 0.3513 -0.6081 -0.7119
vn 0.5322 -0.4477 -0.7186
vn 0.4623 -0.6280 -0.6260
vn 0.6560 -0.4686 -0.5916
vn 0.5636 -0.6499 -0.5099
vn 0.7617 -0.4886 -0.4256
vn 0.6472 -0.6703 -0.3630
vn 0.8346 -0.5034 -0.2239
vn 0.7035 -0.6850 -0.1895
vn 0.8608 -0.5089 -0.0000
vn 0.7234 -0.6904 -0.0000
vn 0.8346 -0.5034 0.2239
vn 0.7035 -0.6850 0.1895
vn 0.7617 -0.4886 0.4256
vn 0.6472 -0.6703 0.3630
vn 0.6560 -0.4686 0.5916
vn 0.5636 -0.6499 0.5099
vn 0.5322 -0.4477 0.7186
vn 0.4623 -0.6280 0.6260
vn 0.4005 -0.4292 0.8096
vn 0.3513 -0.6081 0.7119
vn 0.2667 -0.4151 0.8698
vn 0.2356 -0.5926 0.7703
vn 0.1181 -0.5828 0.8040
vn -0.0000 -0.5795 0.8150
vn 0.0988 -0.7314 0.6748
vn 0.1963 -0.7399 0.6435
vn -0.1181 -0.5828 0.8040
vn -0.0988 -0.7314 0.6748
vn -0.0000 -0.7284 0.6851
vn -0.2356 -0.5926 0.7703
vn -0.1963 -0.7399 0.6435
vn -0.3513 -0.6081 0.7119
vn -0.2904 -0.7532 0.5903
vn -0.4623 -0.6280 0.6260
vn -0.3783 -0.7698 0.5140
vn -0.5636 -0.6499 0.5099
vn -0.4562 -0.7876 0.4142
vn -0.6472 -0.6703 0.3630
vn -0.5185 -0.8037 0.2919
vn -0.7035 -0.6850 0.1895
vn -0.5593 -0.8151 0.1512
vn -0.7234 -0.6904 -0.0000
vn -0.5736 -0.8192 -0.0000
vn -0.7035 -0.6850 -0.1895
vn -0.6472 -0.6703 -0.3630
vn -0.5593 -0.8151 -0.1512
vn -0.5636 -0.6499 -0.5099
vn -0.5185 -0.8037 -0.2919
vn -0.4623 -0.6280 -0.6260
vn -0.4562 -0.7876 -0.4142
vn -0.3783 -0.7698 -0.5140
vn -0.2904 -0.7532 -0.5903
vn -0.2222 -0.8632 -0.4533
vn -0.1963 -0.7399 -0.6435
vn -0.1512 -0.8542 -0.4975
vn -0.2871 -0.8743 -0.3915
vn -0.0988 -0.7314 -0.6748
vn -0.0765 -0.8483 -0.5239
vn -0.0000 -0.7284 -0.6851
vn -0.0000 -0.8463 -0.5327
vn 0.0765 -0.8483 -0.5239
vn 0.0988 -0.7314 -0.6748
vn 0.1963 -0.7399 -0.6435
vn 0.1512 -0.8542 -0.4975
vn 0.2904 -0.7532 -0.5903
vn 0.2222 -0.8632 -0.4533
vn 0.3783 -0.7698 -0.5140
vn 0.2871 -0.8743 -0.3915
vn 0.4562 -0.7876 -0.4142
vn 0.3430 -0.8858 -0.3126
vn 0.5185 -0.8037 -0.2919
vn 0.3867 -0.8959 -0.2185
vn 0.5593 -0.8151 -0.1512
vn 0.4147 -0.9030 -0.1126
vn 0.5736 -0.8192 -0.0000
vn 0.4244 -0.9055 -0.0000
vn 0.5593 -0.8151 0.1512
vn 0.4147 -0.9030 0.1126
vn 0.5185 -0.8037 0.2919
vn 0.3867 -0.8959 0.2185
vn 0.4562 -0.7876 0.4142
vn 0.3430 -0.8858 0.3126
vn 0.3783 -0.7698 0.5140
vn 0.2871 -0.8743 0.3915
vn 0.2904 -0.7532 0.5903
vn 0.2222 -0.8632 0.4533
vn 0.1512 -0.8542 0.4975
vn 0.0765 -0.8483 0.5239
vn 0.1500 -0.9396 0.3076
vn 0.1026 -0.9351 0.3392
vn 0.0520 -0.9322 0.3583
vn -0.0000 -0.8463 0.5327
vn -0.0000 -0.9311 0.3647
vn -0.0765 -0.8483 0.5239
vn -0.0520 -0.9322 0.3583
vn -0.1512 -0.8542 0.4975
vn -0.1026 -0.9351 0.3392
vn -0.2222 -0.8632 0.4533
vn -0.1500 -0.9396 0.3076
vn -0.2871 -0.8743 0.3915
vn -0.1928 -0.9450 0.2641
vn -0.1157 -0.9875 0.1070
vn -0.0975 -0.9861 0.1349
vn -0.0759 -0.9846 0.1573
vn -0.2290 -0.9506 0.2096
vn -0.1297 -0.9888 0.0743
vn -0.3430 -0.8858 0.3126
vn -0.3867 -0.8959 0.2185
vn -0.2568 -0.9554 0.1458
vn -0.2744 -0.9587 0.0748
vn -0.1386 -0.9896 0.0382
vn -0.4147 -0.9030 0.1126
vn -0.2804 -0.9599 -0.0000
vn -0.1416 -0.9899 -0.0000
vn -0.4147 -0.9030 -0.1126
vn -0.4244 -0.9055 -0.0000
vn -0.2744 -0.9587 -0.0748
vn -0.3867 -0.8959 -0.2185
vn -0.2568 -0.9554 -0.1458
vn -0.1386 -0.9896 -0.0382
vn -0.3430 -0.8858 -0.3126
vn -0.1297 -0.9888 -0.0743
vn -0.2290 -0.9506 -0.2096
vn -0.1157 -0.9875 -0.1070
vn -0.1928 -0.9450 -0.2641
vn -0.0975 -0.9861 -0.1349
vn -0.1500 -0.9396 -0.3076
vn -0.0759 -0.9846 -0.1573
vn -0.1026 -0.9351 -0.3392
vn -0.0519 -0.9834 -0.1736
vn -0.0520 -0.9322 -0.3583
vn -0.0264 -0.9827 -0.1835
vn -0.0000 -0.9311 -0.3647
vn 0.0520 -0.9322 -0.3583
vn 0.0264 -0.9827 -0.1835
vn -0.0000 -0.9824 -0.1868
vn 0.1026 -0.9351 -0.3392
vn 0.0519 -0.9834 -0.1736
vn 0.1500 -0.9396 -0.3076
vn 0.0759 -0.9846 -0.1573
vn 0.1928 -0.9450 -0.2641
vn 0.0975 -0.9861 -0.1349
vn 0.2290 -0.9506 -0.2096
vn 0.1157 -0.9875 -0.1070
vn 0.2568 -0.9554 -0.1458
vn 0.1297 -0.9888 -0.0743
vn 0.2744 -0.9587 -0.0748
vn 0.1386 -0.9896 -0.0382
vn 0.2804 -0.9599 -0.0000
vn 0.1416 -0.9899 -0.0000
vn 0.2744 -0.9587 0.0748
vn 0.2568 -0.9554 0.1458
vn 0.1386 -0.9896 0.0382
vn 0.1308 -0.9883 0.0786
vn 0.2271 -0.9511 0.2095
vn 0.1926 -0.9457 0.2618
vn 0.0975 -0.9861 0.1349
vn 0.1211 -0.9868 0.1074
vn 0.0759 -0.9846 0.1573
vn 0.0519 -0.9834 0.1736
vn 0.0264 -0.9827 0.1835
vn -0.0000 -0.9824 0.1868
vn -0.0264 -0.9827 0.1835
vn -0.0519 -0.9834 0.1736
vn 0.5593 0.8151 0.1512
vn 0.5736 0.8192 -0.0000
vn 0.4244 0.9055 -0.0000
vn 0.5593 0.8151 -0.1512
vn 0.4147 0.9030 -0.1126
vn 0.5185 0.8037 -0.2919
vn 0.3867 0.8959 -0.2185
vn 0.4562 0.7876 -0.4142
vn 0.3430 0.8858 -0.3126
vn 0.3783 0.7698 -0.5140
vn 0.2871 0.8743 -0.3915
vn 0.2904 0.7532 -0.5903
vn 0.2222 0.8632 -0.4533
vn 0.1963 0.7399 -0.6435
vn 0.1512 0.8542 -0.4975
vn 0.1026 0.9351 -0.3392
vn 0.1500 0.9396 -0.3076
vn 0.1928 0.9450 -0.2641
vn 0.2290 0.9506 -0.2096
vn 0.2568 0.9554 -0.1458
vn 0.2744 0.9587 -0.0748
vn 0.2804 0.9599 -0.0000
vn 0.1990 -0.0000 0.9800
vn -0.1990 -0.0000 0.9800
vn -0.3895 -0.0000 0.9210
vn 0.3895 -0.0000 0.9210
vn 0.5635 -0.0000 0.8261
vn 0.7144 -0.0000 0.6997
vn -0.8367 -0.0000 0.5476
vn -0.7144 -0.0000 0.6997
vn -0.5635 -0.0000 0.8261
vn -0.9266 -0.0000 0.3760
vn 0.9266 -0.0000 0.3760
vn 0.8367 -0.0000 0.5476
vn 0.7144 -0.0000 0.6998
vn 0.9815 -0.0000 0.1912
vn 0.9815 -0.0000 -0.1912
vn -0.9815 -0.0000 -0.1912
vn -0.9266 -0.0000 -0.3760
vn 0.8367 -0.0000 -0.5476
vn 0.9266 -0.0000 -0.3760
vn 0.7144 -0.0000 -0.6997
vn -0.8367 -0.0000 -0.5476
vn -0.7144 -0.0000 -0.6997
vn -0.5635 -0.0000 -0.8261
vn -0.3895 -0.0000 -0.9210
vn 0.5635 -0.0000 -0.8261
vn 0.3895 -0.0000 -0.9210
vn 0.1990 -0.0000 -0.9800
vn -0.1990 -0.0000 -0.9800
vn -0.9815 -0.0000 0.1912
vn -0.7144 -0.0000 0.6998
vn -0.5700 -0.8216 -0.0000
vn -0.0990 0.0706 0.9926
vn 0.0990 -0.0706 0.9926
vn 0.4697 0.5244 0.7101
vn 0.3266 0.6235 0.7104
vn 0.5700 0.8216 0.0001
vn 0.5700 0.8216 -0.0000
vn 0.1842 0.7133 0.6763
vn 0.0522 0.7891 0.6120
vn 0.7211 0.3265 0.6111
vn 0.8174 0.2410 0.5233
vn 0.8917 0.1706 0.4192
vn 0.5818 -0.4146 0.6997
vn 0.6798 -0.4845 0.5506
vn -0.5818 0.4146 0.6997
vn -0.6798 0.4845 0.5506
vn -0.0622 0.8493 0.5242
vn -0.1547 0.8942 0.4201
vn -0.2238 0.9255 0.3057
vn -0.7482 0.5333 0.3947
vn -0.7912 0.5639 0.2369
vn -0.2694 0.9450 0.1853
vn -0.2920 0.9544 0.0621
vn -0.8118 0.5786 0.0789
vn 0.8118 -0.5786 -0.0789
vn 0.8118 -0.5786 0.0789
vn 0.9960 0.0639 0.0619
vn 0.9960 0.0639 -0.0619
vn -0.2920 0.9544 -0.0621
vn -0.2694 0.9450 -0.1853
vn -0.2238 0.9255 -0.3057
vn 0.9451 0.1172 -0.3049
vn 0.9794 0.0817 -0.1849
vn 0.7482 -0.5333 -0.3947
vn 0.7912 -0.5639 -0.2369
vn -0.8118 0.5786 -0.0789
vn -0.7912 0.5639 -0.2369
vn -0.7482 0.5333 -0.3947
vn -0.6798 0.4845 -0.5506
vn -0.1547 0.8942 -0.4201
vn -0.5818 0.4146 -0.6997
vn -0.0622 0.8493 -0.5242
vn 0.8917 0.1706 -0.4192
vn 0.8174 0.2410 -0.5232
vn 0.5818 -0.4146 -0.6997
vn 0.6798 -0.4845 -0.5506
vn -0.4509 0.3214 -0.8327
vn -0.2875 0.2049 -0.9356
vn 0.0522 0.7891 -0.6120
vn 0.1842 0.7132 -0.6763
vn -0.0990 0.0706 -0.9926
vn 0.3266 0.6235 -0.7104
vn 0.5700 0.8216 -0.0001
vn 0.4697 0.5245 -0.7101
vn 0.6038 0.4230 -0.6756
vn 0.7211 0.3265 -0.6111
vn 0.2875 -0.2049 -0.9356
vn 0.4509 -0.3214 -0.8327
vn 0.0990 -0.0706 -0.9926
vn 0.9794 0.0817 0.1849
vn 0.9451 0.1172 0.3050
vn 0.7482 -0.5333 0.3947
vn 0.7912 -0.5639 0.2369
vn -0.4509 0.3214 0.8327
vn -0.2875 0.2049 0.9356
vn 0.4509 -0.3214 0.8327
vn 0.2875 -0.2049 0.9356
vn 0.6038 0.4230 0.6756
vn -0.1455 0.9841 -0.1016
vn -0.0805 0.9842 -0.1577
vn -0.1444 0.9762 -0.1616
vn -0.0482 0.9714 -0.2323
vn -0.2078 0.9654 -0.1578
vn -0.2351 0.9438 -0.2325
vn -0.1421 0.9607 -0.2385
vn -0.3207 0.9223 -0.2156
vn -0.2670 0.9527 -0.1449
vn -0.1902 0.9765 -0.1010
vn -0.3950 0.8988 -0.1903
vn -0.3154 0.9403 -0.1277
vn -0.2283 0.9686 -0.0981
vn -0.3922 0.8660 -0.3103
vn -0.2716 0.9011 -0.3380
vn -0.4927 0.8272 -0.2701
vn -0.4561 0.8757 -0.1586
vn -0.3588 0.9272 -0.1074
vn -0.5717 0.7899 -0.2219
vn -0.5034 0.8553 -0.1224
vn -0.6303 0.7577 -0.1691
vn -0.3949 0.9147 -0.0862
vn -0.5368 0.8396 -0.0831
vn -0.4233 0.9041 -0.0580
vn -0.6702 0.7334 -0.1137
vn -0.5567 0.8297 -0.0420
vn -0.6934 0.7183 -0.0571
vn -0.5633 0.8263 -0.0000
vn -0.4385 0.8983 -0.0294
vn -0.7010 0.7131 -0.0000
vn -0.5567 0.8297 0.0420
vn -0.6934 0.7183 0.0571
vn -0.4385 0.8983 0.0294
vn -0.4435 0.8963 -0.0000
vn -0.5368 0.8396 0.0831
vn -0.4233 0.9041 0.0580
vn -0.3337 0.9425 0.0192
vn -0.3379 0.9412 -0.0000
vn -0.3240 0.9454 0.0359
vn -0.3982 0.9134 0.0850
vn -0.3080 0.9499 0.0538
vn -0.2288 0.9732 0.0249
vn -0.2364 0.9714 0.0199
vn -0.2837 0.9564 0.0689
vn -0.3633 0.9252 0.1095
vn -0.2566 0.9631 0.0816
vn -0.3156 0.9400 0.1297
vn -0.1876 0.9812 0.0461
vn -0.2016 0.9786 0.0416
vn -0.2154 0.9759 0.0335
vn -0.2227 0.9700 0.0974
vn -0.1663 0.9849 0.0489
vn -0.1902 0.9765 0.1010
vn -0.1463 0.9892 -0.0000
vn -0.1461 0.9880 -0.0503
vn -0.1239 0.9910 -0.0500
vn -0.1047 0.9934 -0.0477
vn -0.1663 0.9849 -0.0489
vn -0.1850 0.9817 -0.0453
vn -0.2015 0.9787 -0.0401
vn -0.0627 0.9977 -0.0249
vn -0.0549 0.9983 -0.0199
vn -0.0519 0.9986 -0.0089
vn -0.0503 0.9987 -0.0000
vn -0.0519 0.9986 0.0089
vn -0.0903 0.9950 -0.0416
vn -0.0763 0.9965 -0.0335
vn -0.0568 0.9982 0.0177
vn -0.0650 0.9975 0.0260
vn -0.0763 0.9965 0.0335
vn -0.0904 0.9951 0.0400
vn -0.1070 0.9932 0.0453
vn -0.1258 0.9908 0.0489
vn -0.2394 0.9709 -0.0089
vn -0.2346 0.9719 -0.0177
vn -0.2410 0.9705 -0.0000
vn -0.2265 0.9737 -0.0260
vn -0.2154 0.9759 -0.0335
vn -0.2394 0.9709 0.0089
vn -0.1461 0.9880 0.0503
vn -0.0337 0.9957 -0.0862
vn -0.0054 0.9976 -0.0688
vn 0.0755 0.9911 -0.1096
vn -0.0618 0.9933 -0.0975
vn 0.1823 0.9704 -0.1582
vn 0.0295 0.9914 -0.1275
vn 0.1162 0.9896 -0.0849
vn 0.2332 0.9647 -0.1220
vn 0.3821 0.9086 -0.1685
vn 0.4271 0.8971 -0.1133
vn 0.2696 0.9594 -0.0828
vn 0.1429 0.9880 -0.0579
vn 0.2913 0.9557 -0.0418
vn 0.4535 0.8894 -0.0569
vn 0.2986 0.9544 -0.0000
vn 0.1590 0.9868 -0.0293
vn 0.1644 0.9864 -0.0000
vn 0.4622 0.8868 -0.0000
vn 0.1590 0.9868 0.0293
vn 0.2913 0.9557 0.0418
vn 0.4535 0.8894 0.0569
vn 0.6584 0.7527 -0.0000
vn 0.2696 0.9594 0.0828
vn 0.4271 0.8971 0.1133
vn 0.6495 0.7567 0.0748
vn 0.6219 0.7686 0.1503
vn 0.8537 0.5126 0.0924
vn 0.8311 0.5233 0.1882
vn 0.8608 0.5090 -0.0000
vn 0.5732 0.7874 0.2270
vn 0.3821 0.9086 0.1685
vn 0.3171 0.9222 0.2212
vn 0.4992 0.8111 0.3047
vn 0.7892 0.5410 0.2906
vn 0.7205 0.5646 0.4026
vn 0.2311 0.9349 0.2694
vn 0.3945 0.8361 0.3811
vn 0.6122 0.5911 0.5252
vn 0.9356 0.1419 0.3232
vn 0.8796 0.1333 0.4567
vn 0.7822 0.1185 0.6116
vn 0.4466 0.6126 0.6521
vn 0.2539 0.8557 0.4508
vn 0.0768 0.8608 0.5032
vn 0.2089 0.6153 0.7601
vn 0.6153 0.0931 0.7827
vn -0.1247 0.8428 0.5235
vn 0.3499 0.0529 0.9353
vn -0.0869 0.5863 0.8054
vn 0.3784 -0.5270 0.7610
vn 0.6056 -0.4541 0.6534
vn 0.0869 -0.5863 0.8054
vn -0.3499 -0.0529 0.9353
vn -0.3785 0.5270 0.7610
vn -0.6153 -0.0931 0.7827
vn -0.2089 -0.6153 0.7601
vn -0.7822 -0.1185 0.6116
vn -0.6056 0.4541 0.6534
vn -0.7583 0.3845 0.5265
vn -0.4466 -0.6126 0.6521
vn -0.8796 -0.1333 0.4567
vn -0.6122 -0.5911 0.5252
vn -0.7205 -0.5646 0.4026
vn -0.4915 0.7444 0.4519
vn -0.8545 0.3269 0.4037
vn -0.6210 0.6843 0.3823
vn -0.7144 0.6294 0.3058
vn -0.9356 -0.1419 0.3232
vn -0.9136 0.2837 0.2914
vn -0.4927 0.8272 0.2701
vn -0.7786 0.5847 0.2279
vn -0.5717 0.7899 0.2219
vn -0.6303 0.7577 0.1691
vn -0.9485 0.2543 0.1887
vn -0.8200 0.5522 0.1509
vn -0.6702 0.7334 0.1137
vn -0.4561 0.8757 0.1586
vn -0.5034 0.8553 0.1224
vn -0.8430 0.5326 0.0751
vn -0.3950 0.8988 0.1903
vn -0.2670 0.9527 0.1449
vn -0.3207 0.9223 0.2156
vn -0.2078 0.9654 0.1578
vn -0.3922 0.8660 0.3103
vn -0.2351 0.9438 0.2325
vn -0.1444 0.9762 0.1616
vn -0.1421 0.9607 0.2385
vn -0.1455 0.9841 0.1016
vn -0.0805 0.9842 0.1577
vn -0.1052 0.9895 0.0991
vn -0.0672 0.9935 0.0923
vn -0.0204 0.9890 0.1468
vn 0.0336 0.9909 0.1303
vn -0.0331 0.9961 0.0821
vn -0.0039 0.9976 0.0690
vn 0.0795 0.9908 0.1093
vn 0.1162 0.9896 0.0849
vn 0.0196 0.9984 0.0537
vn 0.0368 0.9986 0.0367
vn 0.1429 0.9880 0.0579
vn 0.2332 0.9647 0.1220
vn 0.1823 0.9704 0.1582
vn 0.0472 0.9987 0.0186
vn 0.0507 0.9987 -0.0000
vn 0.0463 0.9987 -0.0192
vn 0.0362 0.9987 -0.0359
vn 0.0196 0.9984 -0.0537
vn 0.1174 0.9748 0.1899
vn 0.0397 0.9757 0.2153
vn 0.1242 0.9427 0.3097
vn -0.0482 0.9714 0.2323
vn -0.0010 0.9413 0.3377
vn -0.2716 0.9011 0.3380
vn -0.1372 0.9274 0.3481
vn -0.3230 0.8011 0.5038
vn -0.9670 0.2373 0.0927
vn -0.8505 0.5260 -0.0000
vn -0.9728 0.2317 -0.0000
vn -0.9887 -0.1500 -0.0000
vn -0.9837 -0.1492 0.1008
vn -0.9674 -0.1467 0.2066
vn -0.8430 0.5326 -0.0751
vn -0.9670 0.2373 -0.0927
vn -0.9837 -0.1492 -0.1008
vn -0.9485 0.2543 -0.1887
vn -0.9674 -0.1467 -0.2066
vn -0.8200 0.5522 -0.1509
vn -0.7786 0.5847 -0.2279
vn -0.9136 0.2837 -0.2914
vn -0.7144 0.6294 -0.3058
vn -0.8545 0.3269 -0.4037
vn -0.6210 0.6843 -0.3823
vn -0.7583 0.3845 -0.5265
vn -0.8796 -0.1333 -0.4567
vn -0.9356 -0.1419 -0.3232
vn -0.4915 0.7444 -0.4519
vn -0.6056 0.4541 -0.6534
vn -0.7822 -0.1185 -0.6116
vn -0.3785 0.5270 -0.7610
vn -0.6153 -0.0931 -0.7827
vn -0.3230 0.8011 -0.5038
vn -0.1247 0.8428 -0.5235
vn -0.0869 0.5863 -0.8054
vn -0.3499 -0.0529 -0.9353
vn 0.3499 0.0529 -0.9353
vn 0.2089 0.6153 -0.7601
vn -0.1372 0.9274 -0.3481
vn 0.0768 0.8608 -0.5032
vn -0.0010 0.9413 -0.3377
vn 0.2539 0.8557 -0.4508
vn 0.4466 0.6126 -0.6521
vn 0.1242 0.9427 -0.3097
vn 0.3945 0.8361 -0.3811
vn 0.6122 0.5911 -0.5252
vn 0.7205 0.5646 -0.4026
vn 0.4992 0.8111 -0.3047
vn 0.2311 0.9349 -0.2694
vn 0.3171 0.9222 -0.2212
vn 0.1174 0.9748 -0.1899
vn 0.0397 0.9757 -0.2153
vn 0.5732 0.7874 -0.2270
vn -0.0203 0.9893 -0.1448
vn -0.1006 0.9898 -0.1009
vn 0.7892 0.5410 -0.2906
vn 0.8311 0.5233 -0.1882
vn 0.6219 0.7686 -0.1503
vn 0.8537 0.5126 -0.0924
vn 0.6495 0.7567 -0.0748
vn 0.9887 0.1500 -0.0000
vn 0.9837 0.1492 -0.1008
vn 0.9674 0.1467 -0.2066
vn 0.9670 -0.2373 -0.0927
vn 0.9485 -0.2543 -0.1887
vn 0.9136 -0.2837 -0.2914
vn 0.9356 0.1419 -0.3232
vn 0.8545 -0.3269 -0.4037
vn 0.8796 0.1333 -0.4567
vn 0.7583 -0.3845 -0.5265
vn 0.7822 0.1185 -0.6116
vn 0.6056 -0.4541 -0.6534
vn 0.6153 0.0931 -0.7827
vn 0.6210 -0.6843 -0.3823
vn 0.4915 -0.7444 -0.4519
vn 0.3784 -0.5270 -0.7610
vn 0.3230 -0.8011 -0.5038
vn 0.1247 -0.8428 -0.5235
vn 0.0869 -0.5863 -0.8054
vn 0.1372 -0.9274 -0.3481
vn 0.2716 -0.9011 -0.3380
vn -0.2089 -0.6153 -0.7601
vn -0.0768 -0.8608 -0.5032
vn 0.0010 -0.9413 -0.3377
vn 0.1421 -0.9607 -0.2385
vn 0.0482 -0.9714 -0.2323
vn -0.2539 -0.8557 -0.4508
vn -0.1242 -0.9427 -0.3097
vn -0.3945 -0.8361 -0.3811
vn -0.2311 -0.9349 -0.2694
vn -0.0397 -0.9757 -0.2153
vn -0.1174 -0.9748 -0.1899
vn -0.4992 -0.8111 -0.3047
vn -0.3171 -0.9222 -0.2212
vn -0.1823 -0.9704 -0.1582
vn -0.0295 -0.9914 -0.1275
vn -0.0747 -0.9914 -0.1072
vn 0.0203 -0.9893 -0.1448
vn -0.3821 -0.9086 -0.1685
vn -0.2332 -0.9647 -0.1220
vn -0.1128 -0.9899 -0.0860
vn -0.4271 -0.8971 -0.1133
vn -0.2696 -0.9594 -0.0828
vn -0.1429 -0.9880 -0.0579
vn -0.4535 -0.8894 -0.0569
vn -0.2913 -0.9557 -0.0418
vn -0.1590 -0.9868 -0.0293
vn -0.4622 -0.8868 -0.0000
vn -0.2986 -0.9544 -0.0000
vn -0.1590 -0.9868 0.0293
vn -0.1644 -0.9864 -0.0000
vn -0.2913 -0.9557 0.0418
vn -0.4535 -0.8894 0.0569
vn -0.2696 -0.9594 0.0828
vn -0.4271 -0.8971 0.1133
vn -0.1429 -0.9880 0.0579
vn -0.0463 -0.9987 0.0192
vn -0.0507 -0.9987 -0.0000
vn -0.0362 -0.9987 0.0359
vn -0.0196 -0.9984 0.0537
vn -0.1162 -0.9896 0.0849
vn -0.2332 -0.9647 0.1220
vn -0.0795 -0.9908 0.1093
vn 0.0039 -0.9976 0.0690
vn 0.0331 -0.9961 0.0821
vn -0.1823 -0.9704 0.1582
vn -0.0336 -0.9909 0.1303
vn -0.1174 -0.9748 0.1899
vn 0.0203 -0.9890 0.1468
vn 0.0672 -0.9935 0.0923
vn -0.0397 -0.9757 0.2153
vn 0.0805 -0.9842 0.1577
vn 0.1052 -0.9895 0.0991
vn 0.0482 -0.9714 0.2323
vn 0.1444 -0.9762 0.1616
vn 0.1455 -0.9841 0.1016
vn -0.1242 -0.9427 0.3097
vn 0.0010 -0.9413 0.3377
vn -0.2311 -0.9349 0.2694
vn -0.3945 -0.8361 0.3811
vn -0.2539 -0.8557 0.4508
vn -0.0768 -0.8608 0.5032
vn -0.4992 -0.8111 0.3047
vn -0.3171 -0.9222 0.2212
vn -0.5732 -0.7874 0.2270
vn -0.3821 -0.9086 0.1685
vn -0.7892 -0.5410 0.2906
vn -0.6219 -0.7686 0.1503
vn -0.8311 -0.5233 0.1882
vn -0.8537 -0.5126 0.0924
vn -0.8608 -0.5090 -0.0000
vn -0.6495 -0.7567 0.0748
vn -0.6584 -0.7527 -0.0000
vn -0.6495 -0.7567 -0.0748
vn -0.8537 -0.5126 -0.0924
vn -0.6219 -0.7686 -0.1503
vn -0.8311 -0.5233 -0.1882
vn -0.5732 -0.7874 -0.2270
vn -0.7892 -0.5410 -0.2906
vn -0.7205 -0.5646 -0.4026
vn -0.6122 -0.5911 -0.5252
vn -0.4466 -0.6126 -0.6521
vn 0.1372 -0.9274 0.3481
vn 0.1421 -0.9607 0.2385
vn 0.3230 -0.8011 0.5038
vn 0.1247 -0.8428 0.5235
vn 0.2716 -0.9011 0.3380
vn 0.2351 -0.9438 0.2325
vn 0.3922 -0.8660 0.3103
vn 0.4915 -0.7444 0.4519
vn 0.6210 -0.6843 0.3823
vn 0.4927 -0.8272 0.2701
vn 0.7583 -0.3845 0.5265
vn 0.8545 -0.3269 0.4037
vn 0.7144 -0.6294 0.3058
vn 0.5717 -0.7899 0.2219
vn 0.9136 -0.2837 0.2914
vn 0.7786 -0.5847 0.2279
vn 0.6303 -0.7577 0.1691
vn 0.8200 -0.5522 0.1509
vn 0.6702 -0.7334 0.1137
vn 0.9485 -0.2543 0.1887
vn 0.9674 0.1467 0.2066
vn 0.9837 0.1492 0.1008
vn 0.9670 -0.2373 0.0927
vn 0.8430 -0.5326 0.0751
vn 0.9728 -0.2317 -0.0000
vn 0.8505 -0.5260 -0.0000
vn 0.6934 -0.7183 0.0571
vn 0.7010 -0.7131 -0.0000
vn 0.6934 -0.7183 -0.0571
vn 0.8430 -0.5326 -0.0751
vn 0.6702 -0.7334 -0.1137
vn 0.8200 -0.5522 -0.1509
vn 0.6303 -0.7577 -0.1691
vn 0.7786 -0.5847 -0.2279
vn 0.5717 -0.7899 -0.2219
vn 0.7144 -0.6294 -0.3058
vn 0.4927 -0.8272 -0.2701
vn 0.4561 -0.8757 -0.1586
vn 0.5034 -0.8553 -0.1224
vn 0.3950 -0.8988 -0.1903
vn 0.3922 -0.8660 -0.3103
vn 0.3207 -0.9223 -0.2156
vn 0.2351 -0.9438 -0.2325
vn 0.2078 -0.9654 -0.1578
vn 0.2670 -0.9527 -0.1449
vn 0.1444 -0.9762 -0.1616
vn 0.1902 -0.9765 -0.1010
vn 0.1455 -0.9841 -0.1016
vn 0.0805 -0.9842 -0.1577
vn 0.1006 -0.9898 -0.1009
vn 0.0619 -0.9933 -0.0980
vn 0.1461 -0.9880 -0.0503
vn 0.1258 -0.9908 -0.0489
vn 0.0267 -0.9959 -0.0864
vn 0.1070 -0.9932 -0.0453
vn 0.0904 -0.9951 -0.0400
vn 0.1463 -0.9892 -0.0000
vn 0.1663 -0.9849 -0.0489
vn 0.1876 -0.9812 -0.0461
vn 0.2016 -0.9786 -0.0416
vn 0.2410 -0.9705 -0.0000
vn 0.2394 -0.9709 0.0089
vn 0.2394 -0.9709 -0.0089
vn 0.2346 -0.9719 0.0177
vn 0.2265 -0.9737 0.0260
vn 0.1070 -0.9932 0.0453
vn 0.0904 -0.9951 0.0400
vn 0.1258 -0.9908 0.0489
vn 0.0763 -0.9965 0.0335
vn 0.0627 -0.9977 0.0249
vn 0.0549 -0.9983 0.0199
vn 0.0568 -0.9982 -0.0177
vn 0.0650 -0.9975 -0.0260
vn 0.0519 -0.9986 -0.0089
vn 0.0519 -0.9986 0.0089
vn 0.0503 -0.9987 -0.0000
vn 0.0763 -0.9965 -0.0335
vn 0.1461 -0.9880 0.0503
vn 0.1663 -0.9849 0.0489
vn 0.1850 -0.9817 0.0453
vn 0.2015 -0.9787 0.0401
vn 0.2154 -0.9759 0.0335
vn 0.2346 -0.9719 -0.0177
vn 0.2265 -0.9737 -0.0260
vn 0.2154 -0.9759 -0.0335
vn -0.0196 -0.9984 -0.0537
vn 0.0017 -0.9972 -0.0746
vn -0.0368 -0.9986 -0.0367
vn -0.0472 -0.9987 -0.0186
vn 0.2837 -0.9564 -0.0689
vn 0.2572 -0.9624 -0.0867
vn 0.3594 -0.9267 -0.1097
vn 0.3982 -0.9134 -0.0850
vn 0.3080 -0.9499 -0.0538
vn 0.4233 -0.9041 -0.0580
vn 0.3245 -0.9452 -0.0367
vn 0.4385 -0.8983 -0.0294
vn 0.3345 -0.9422 -0.0186
vn 0.4435 -0.8963 -0.0000
vn 0.3379 -0.9412 -0.0000
vn 0.3345 -0.9422 0.0186
vn 0.4385 -0.8983 0.0294
vn 0.5633 -0.8263 -0.0000
vn 0.5567 -0.8297 0.0420
vn 0.4233 -0.9041 0.0580
vn 0.5368 -0.8396 0.0831
vn 0.3245 -0.9452 0.0367
vn 0.3982 -0.9134 0.0850
vn 0.5034 -0.8553 0.1224
vn 0.3080 -0.9499 0.0538
vn 0.2852 -0.9560 0.0691
vn 0.3633 -0.9252 0.1095
vn 0.4561 -0.8757 0.1586
vn 0.3192 -0.9387 0.1305
vn 0.3950 -0.8988 0.1903
vn 0.3207 -0.9223 0.2156
vn 0.2669 -0.9525 0.1469
vn 0.2567 -0.9630 0.0821
vn 0.2232 -0.9704 0.0924
vn 0.2078 -0.9654 0.1578
vn 0.1857 -0.9776 0.0991
vn 0.5567 -0.8297 -0.0420
vn 0.5368 -0.8396 -0.0831
vn 0.3154 -0.9403 -0.1277
vn 0.2283 -0.9686 -0.0981
vn -0.2628 0.9610 -0.0864
vn -0.2871 0.9550 -0.0747
vn -0.3080 0.9499 -0.0538
vn -0.3245 0.9452 -0.0367
vn -0.3345 0.9422 -0.0186
vn 0.2868 0.9293 -0.2326
vn 0.1980 0.9668 -0.1616
vn 0.2608 0.9524 -0.1578
vn 0.1996 0.9746 -0.1016
vn 0.1347 0.9783 -0.1577
vn 0.1017 0.9673 -0.2324
vn 0.1949 0.9514 -0.2385
vn 0.0141 0.9764 -0.2153
vn 0.0748 0.9866 -0.1448
vn 0.1550 0.9827 -0.1009
vn 0.0252 0.9915 -0.1275
vn 0.1165 0.9883 -0.0980
vn -0.0634 0.9798 -0.1899
vn -0.0720 0.9481 -0.3097
vn 0.0529 0.9398 -0.3377
vn -0.1792 0.9462 -0.2693
vn -0.1285 0.9790 -0.1582
vn -0.0199 0.9940 -0.1072
vn -0.2657 0.9384 -0.2211
vn -0.1796 0.9761 -0.1220
vn -0.3312 0.9284 -0.1684
vn -0.0580 0.9946 -0.0860
vn -0.2162 0.9728 -0.0828
vn -0.0882 0.9944 -0.0579
vn -0.3768 0.9194 -0.1133
vn -0.2381 0.9703 -0.0418
vn -0.4035 0.9132 -0.0569
vn -0.2454 0.9694 -0.0000
vn -0.1043 0.9941 -0.0293
vn -0.4123 0.9110 -0.0000
vn -0.2381 0.9703 0.0418
vn -0.4035 0.9132 0.0569
vn -0.1043 0.9941 0.0293
vn -0.1097 0.9940 -0.0000
vn -0.2162 0.9728 0.0828
vn -0.0882 0.9944 0.0579
vn 0.0189 0.9992 0.0359
vn 0.0088 0.9998 0.0192
vn 0.0044 1.0000 -0.0000
vn -0.0615 0.9945 0.0849
vn 0.0354 0.9979 0.0537
vn 0.1176 0.9927 0.0249
vn 0.1099 0.9937 0.0199
vn 0.0604 0.9958 0.0688
vn -0.0248 0.9937 0.1093
vn 0.0880 0.9928 0.0816
vn 0.0249 0.9913 0.1296
vn 0.1450 0.9886 0.0416
vn 0.1311 0.9908 0.0335
vn 0.1591 0.9862 0.0461
vn 0.1222 0.9877 0.0974
vn 0.1803 0.9824 0.0489
vn 0.1550 0.9827 0.1009
vn 0.2006 0.9797 -0.0000
vn 0.2004 0.9784 -0.0503
vn 0.2223 0.9737 -0.0500
vn 0.2412 0.9693 -0.0477
vn 0.1803 0.9824 -0.0489
vn 0.1616 0.9858 -0.0453
vn 0.1451 0.9886 -0.0400
vn 0.2822 0.9590 -0.0249
vn 0.2897 0.9569 -0.0199
vn 0.2926 0.9562 -0.0089
vn 0.2942 0.9557 -0.0000
vn 0.2926 0.9562 0.0089
vn 0.2553 0.9660 -0.0416
vn 0.2690 0.9626 -0.0335
vn 0.2879 0.9575 0.0177
vn 0.2800 0.9597 0.0260
vn 0.2690 0.9626 0.0335
vn 0.2552 0.9661 0.0401
vn 0.2389 0.9700 0.0453
vn 0.2204 0.9742 0.0490
vn 0.1069 0.9942 -0.0089
vn 0.1118 0.9936 -0.0177
vn 0.1053 0.9944 -0.0000
vn 0.1199 0.9924 -0.0260
vn 0.1311 0.9908 -0.0335
vn 0.1069 0.9942 0.0089
vn 0.2004 0.9784 0.0503
vn 0.3088 0.9472 -0.0863
vn 0.3361 0.9393 -0.0689
vn 0.4102 0.9054 -0.1098
vn 0.2815 0.9546 -0.0976
vn 0.5040 0.8490 -0.1587
vn 0.3669 0.9214 -0.1277
vn 0.4482 0.8899 -0.0851
vn 0.5501 0.8261 -0.1224
vn 0.6715 0.7214 -0.1692
vn 0.7101 0.6948 -0.1138
vn 0.5827 0.8084 -0.0831
vn 0.4728 0.8793 -0.0580
vn 0.6020 0.7974 -0.0420
vn 0.7325 0.6784 -0.0572
vn 0.6084 0.7937 -0.0000
vn 0.4876 0.8726 -0.0294
vn 0.4925 0.8703 -0.0000
vn 0.7398 0.6728 -0.0000
vn 0.4876 0.8726 0.0294
vn 0.6020 0.7974 0.0420
vn 0.7325 0.6784 0.0572
vn 0.8787 0.4774 -0.0000
vn 0.5827 0.8084 0.0831
vn 0.7101 0.6948 0.1138
vn 0.8716 0.4843 0.0751
vn 0.8497 0.5052 0.1510
vn 0.9843 0.1764 -0.0000
vn 0.9789 0.1823 0.0927
vn 0.9614 0.2003 0.1888
vn 0.8102 0.5400 0.2280
vn 0.6715 0.7214 0.1692
vn 0.6148 0.7568 0.2221
vn 0.7485 0.5883 0.3059
vn 0.9281 0.2317 0.2915
vn 0.8715 0.2782 0.4039
vn 0.5379 0.7985 0.2702
vn 0.6582 0.6484 0.3825
vn 0.7786 0.3412 0.5267
vn 0.9261 -0.1945 0.3231
vn 0.8707 -0.1828 0.4566
vn 0.7744 -0.1624 0.6115
vn 0.6300 0.4193 0.6537
vn 0.5321 0.7158 0.4521
vn 0.3668 0.7819 0.5040
vn 0.4071 0.5049 0.7612
vn 0.6092 -0.1277 0.7827
vn 0.1710 0.8346 0.5236
vn 0.3464 -0.0725 0.9353
vn 0.1191 0.5805 0.8055
vn 0.1746 -0.6261 0.7600
vn 0.4120 -0.6367 0.6519
vn -0.1191 -0.5805 0.8055
vn -0.3464 0.0725 0.9353
vn -0.1746 0.6261 0.7600
vn -0.6092 0.1277 0.7827
vn -0.4071 -0.5049 0.7612
vn -0.7744 0.1624 0.6115
vn -0.4120 0.6367 0.6519
vn -0.5783 0.6245 0.5249
vn -0.6300 -0.4193 0.6537
vn -0.8707 0.1828 0.4566
vn -0.7786 -0.3412 0.5267
vn -0.8715 -0.2782 0.4039
vn -0.6878 0.6041 0.4024
vn -0.3476 0.8568 0.3810
vn -0.4534 0.8377 0.3045
vn -0.2062 0.8685 0.4507
vn -0.9261 0.1945 0.3231
vn -0.7577 0.5844 0.2904
vn -0.1792 0.9462 0.2693
vn -0.5285 0.8181 0.2269
vn -0.2657 0.9384 0.2211
vn -0.3312 0.9284 0.1684
vn -0.8004 0.5691 0.1881
vn -0.5781 0.8020 0.1502
vn -0.3768 0.9194 0.1133
vn -0.1796 0.9761 0.1220
vn -0.1285 0.9790 0.1582
vn -0.6063 0.7917 0.0747
vn -0.0634 0.9798 0.1899
vn 0.0748 0.9866 0.1448
vn 0.0141 0.9764 0.2153
vn 0.1347 0.9783 0.1577
vn -0.0720 0.9481 0.3097
vn 0.1017 0.9673 0.2324
vn 0.1980 0.9668 0.1616
vn 0.1949 0.9514 0.2385
vn 0.1996 0.9746 0.1016
vn 0.2394 0.9659 0.0992
vn 0.2608 0.9524 0.1578
vn 0.2765 0.9566 0.0924
vn 0.3191 0.9363 0.1470
vn 0.3706 0.9196 0.1305
vn 0.3095 0.9473 0.0822
vn 0.3376 0.9388 0.0691
vn 0.4139 0.9037 0.1096
vn 0.4482 0.8899 0.0851
vn 0.3600 0.9314 0.0538
vn 0.3763 0.9258 0.0367
vn 0.4728 0.8793 0.0580
vn 0.5501 0.8261 0.1224
vn 0.5040 0.8490 0.1587
vn 0.3861 0.9223 0.0186
vn 0.3894 0.9211 -0.0000
vn 0.3853 0.9226 -0.0193
vn 0.3758 0.9260 -0.0359
vn 0.3600 0.9314 -0.0538
vn 0.4441 0.8755 0.1904
vn 0.3712 0.9032 0.2157
vn 0.4396 0.8428 0.3104
vn 0.2868 0.9293 0.2326
vn 0.3210 0.8846 0.3382
vn 0.0529 0.9398 0.3377
vn 0.1881 0.9184 0.3481
vn -0.0292 0.8637 0.5031
vn -0.8235 0.5597 0.0924
vn -0.6154 0.7882 -0.0000
vn -0.8308 0.5565 -0.0000
vn -0.9737 0.2046 0.1007
vn -0.9575 0.2012 0.2066
vn -0.9786 0.2056 -0.0000
vn -0.6063 0.7917 -0.0747
vn -0.8235 0.5597 -0.0924
vn -0.9737 0.2046 -0.1007
vn -0.8004 0.5691 -0.1881
vn -0.9575 0.2012 -0.2066
vn -0.5781 0.8020 -0.1502
vn -0.5285 0.8181 -0.2269
vn -0.7577 0.5844 -0.2904
vn -0.4534 0.8377 -0.3045
vn -0.6878 0.6042 -0.4024
vn -0.3476 0.8568 -0.3810
vn -0.5783 0.6245 -0.5249
vn -0.9261 0.1945 -0.3231
vn -0.8707 0.1828 -0.4566
vn -0.2062 0.8685 -0.4507
vn -0.4120 0.6367 -0.6519
vn -0.7744 0.1624 -0.6115
vn -0.1746 0.6261 -0.7600
vn -0.6092 0.1277 -0.7827
vn -0.0292 0.8637 -0.5031
vn 0.1710 0.8346 -0.5236
vn 0.1191 0.5805 -0.8055
vn -0.3464 0.0725 -0.9353
vn 0.3464 -0.0725 -0.9353
vn 0.4071 0.5049 -0.7612
vn 0.1881 0.9184 -0.3481
vn 0.3668 0.7819 -0.5040
vn 0.3210 0.8846 -0.3382
vn 0.5321 0.7158 -0.4521
vn 0.6300 0.4193 -0.6537
vn 0.4396 0.8428 -0.3104
vn 0.6582 0.6484 -0.3825
vn 0.7786 0.3412 -0.5267
vn 0.8715 0.2782 -0.4039
vn 0.7485 0.5883 -0.3059
vn 0.5379 0.7985 -0.2702
vn 0.6148 0.7568 -0.2221
vn 0.3712 0.9032 -0.2157
vn 0.4441 0.8755 -0.1904
vn 0.8102 0.5400 -0.2280
vn 0.3192 0.9365 -0.1450
vn 0.2438 0.9645 -0.1010
vn 0.9281 0.2317 -0.2915
vn 0.9614 0.2003 -0.1888
vn 0.8497 0.5052 -0.1510
vn 0.9789 0.1823 -0.0927
vn 0.8716 0.4843 -0.0751
vn 0.9786 -0.2056 -0.0000
vn 0.9737 -0.2046 -0.1007
vn 0.9575 -0.2012 -0.2066
vn 0.8004 -0.5691 -0.1881
vn 0.8235 -0.5597 -0.0924
vn 0.7577 -0.5844 -0.2904
vn 0.9261 -0.1945 -0.3231
vn 0.6878 -0.6042 -0.4024
vn 0.8707 -0.1828 -0.4566
vn 0.5783 -0.6245 -0.5249
vn 0.7744 -0.1624 -0.6115
vn 0.4120 -0.6367 -0.6519
vn 0.6092 -0.1277 -0.7827
vn 0.3476 -0.8568 -0.3810
vn 0.2062 -0.8685 -0.4507
vn 0.1746 -0.6261 -0.7600
vn 0.0292 -0.8637 -0.5031
vn -0.1191 -0.5805 -0.8055
vn -0.1710 -0.8346 -0.5236
vn -0.1881 -0.9184 -0.3481
vn -0.0529 -0.9398 -0.3377
vn -0.4071 -0.5049 -0.7612
vn -0.3668 -0.7819 -0.5040
vn -0.3210 -0.8846 -0.3382
vn -0.1949 -0.9514 -0.2385
vn -0.2868 -0.9293 -0.2326
vn -0.5321 -0.7158 -0.4521
vn -0.4396 -0.8428 -0.3104
vn -0.6582 -0.6484 -0.3825
vn -0.5379 -0.7985 -0.2702
vn -0.3712 -0.9032 -0.2157
vn -0.4441 -0.8755 -0.1904
vn -0.7485 -0.5883 -0.3059
vn -0.6148 -0.7568 -0.2221
vn -0.5040 -0.8490 -0.1587
vn -0.3192 -0.9365 -0.1450
vn -0.3669 -0.9214 -0.1277
vn -0.4096 -0.9059 -0.1075
vn -0.6715 -0.7214 -0.1692
vn -0.5501 -0.8261 -0.1224
vn -0.4450 -0.8914 -0.0863
vn -0.7101 -0.6948 -0.1138
vn -0.5827 -0.8084 -0.0831
vn -0.4728 -0.8793 -0.0580
vn -0.7325 -0.6784 -0.0572
vn -0.6020 -0.7974 -0.0420
vn -0.4876 -0.8726 -0.0294
vn -0.7398 -0.6728 -0.0000
vn -0.6084 -0.7937 -0.0000
vn -0.4876 -0.8726 0.0294
vn -0.4925 -0.8703 -0.0000
vn -0.6020 -0.7974 0.0420
vn -0.4728 -0.8793 0.0580
vn -0.5827 -0.8084 0.0831
vn -0.7325 -0.6784 0.0572
vn -0.7101 -0.6948 0.1138
vn -0.3853 -0.9226 0.0193
vn -0.3894 -0.9211 -0.0000
vn -0.3758 -0.9260 0.0359
vn -0.3600 -0.9314 0.0538
vn -0.4482 -0.8899 0.0851
vn -0.5501 -0.8261 0.1224
vn -0.4139 -0.9037 0.1096
vn -0.3376 -0.9388 0.0691
vn -0.3095 -0.9473 0.0822
vn -0.5040 -0.8490 0.1587
vn -0.3706 -0.9196 0.1305
vn -0.4441 -0.8755 0.1904
vn -0.3191 -0.9363 0.1470
vn -0.2765 -0.9566 0.0924
vn -0.3712 -0.9032 0.2157
vn -0.2608 -0.9524 0.1578
vn -0.2394 -0.9659 0.0992
vn -0.2868 -0.9293 0.2326
vn -0.1980 -0.9668 0.1616
vn -0.1996 -0.9746 0.1016
vn -0.4396 -0.8428 0.3104
vn -0.3210 -0.8846 0.3382
vn -0.5379 -0.7985 0.2702
vn -0.6582 -0.6484 0.3825
vn -0.5321 -0.7158 0.4521
vn -0.3668 -0.7819 0.5040
vn -0.7485 -0.5883 0.3059
vn -0.6148 -0.7568 0.2221
vn -0.6715 -0.7214 0.1692
vn -0.8102 -0.5400 0.2280
vn -0.9281 -0.2317 0.2915
vn -0.8497 -0.5052 0.1510
vn -0.9614 -0.2003 0.1888
vn -0.9789 -0.1822 0.0927
vn -0.8716 -0.4843 0.0751
vn -0.9843 -0.1764 -0.0000
vn -0.8787 -0.4774 -0.0000
vn -0.8716 -0.4843 -0.0751
vn -0.9789 -0.1823 -0.0927
vn -0.8497 -0.5052 -0.1510
vn -0.9614 -0.2003 -0.1888
vn -0.8102 -0.5400 -0.2280
vn -0.9281 -0.2317 -0.2915
vn -0.8715 -0.2782 -0.4039
vn -0.7786 -0.3412 -0.5267
vn -0.6300 -0.4193 -0.6537
vn -0.1881 -0.9184 0.3481
vn -0.1949 -0.9514 0.2385
vn 0.0292 -0.8637 0.5031
vn -0.1710 -0.8346 0.5236
vn -0.0529 -0.9398 0.3377
vn -0.1017 -0.9673 0.2324
vn 0.0720 -0.9481 0.3097
vn 0.2062 -0.8685 0.4507
vn 0.3476 -0.8568 0.3810
vn 0.1792 -0.9462 0.2693
vn 0.5783 -0.6245 0.5249
vn 0.6878 -0.6042 0.4024
vn 0.4534 -0.8377 0.3045
vn 0.2657 -0.9384 0.2211
vn 0.7577 -0.5844 0.2904
vn 0.5285 -0.8181 0.2269
vn 0.3312 -0.9284 0.1684
vn 0.5781 -0.8020 0.1502
vn 0.3768 -0.9194 0.1133
vn 0.8004 -0.5691 0.1881
vn 0.9575 -0.2012 0.2066
vn 0.8235 -0.5597 0.0924
vn 0.6063 -0.7917 0.0747
vn 0.9737 -0.2046 0.1007
vn 0.8308 -0.5565 -0.0000
vn 0.6154 -0.7882 -0.0000
vn 0.4035 -0.9132 0.0569
vn 0.4123 -0.9110 -0.0000
vn 0.4035 -0.9132 -0.0569
vn 0.6063 -0.7917 -0.0747
vn 0.3768 -0.9194 -0.1133
vn 0.5781 -0.8020 -0.1502
vn 0.3312 -0.9284 -0.1684
vn 0.5285 -0.8181 -0.2269
vn 0.2657 -0.9384 -0.2211
vn 0.4534 -0.8377 -0.3045
vn 0.1792 -0.9462 -0.2693
vn 0.1285 -0.9790 -0.1582
vn 0.1796 -0.9761 -0.1220
vn 0.0634 -0.9798 -0.1899
vn 0.0720 -0.9481 -0.3097
vn -0.0141 -0.9764 -0.2153
vn -0.1017 -0.9673 -0.2323
vn -0.1347 -0.9783 -0.1577
vn -0.0748 -0.9866 -0.1448
vn -0.1980 -0.9668 -0.1616
vn -0.1550 -0.9827 -0.1009
vn -0.1996 -0.9746 -0.1016
vn -0.2608 -0.9524 -0.1578
vn -0.2438 -0.9645 -0.1010
vn -0.2815 -0.9545 -0.0981
vn -0.2004 -0.9784 -0.0503
vn -0.2204 -0.9742 -0.0490
vn -0.3155 -0.9450 -0.0865
vn -0.2389 -0.9700 -0.0453
vn -0.2552 -0.9661 -0.0401
vn -0.2006 -0.9797 -0.0000
vn -0.1803 -0.9824 -0.0489
vn -0.1591 -0.9862 -0.0461
vn -0.1450 -0.9886 -0.0416
vn -0.1053 -0.9944 -0.0000
vn -0.1069 -0.9942 0.0089
vn -0.1069 -0.9942 -0.0089
vn -0.1118 -0.9936 0.0177
vn -0.1199 -0.9924 0.0260
vn -0.2389 -0.9700 0.0453
vn -0.2552 -0.9661 0.0401
vn -0.2204 -0.9742 0.0490
vn -0.2690 -0.9626 0.0335
vn -0.2822 -0.9590 0.0249
vn -0.2897 -0.9569 0.0199
vn -0.2879 -0.9575 -0.0177
vn -0.2800 -0.9597 -0.0260
vn -0.2926 -0.9562 -0.0089
vn -0.2926 -0.9562 0.0089
vn -0.2942 -0.9557 -0.0000
vn -0.2690 -0.9626 -0.0335
vn -0.2004 -0.9784 0.0503
vn -0.1803 -0.9824 0.0489
vn -0.1616 -0.9858 0.0453
vn -0.1451 -0.9886 0.0400
vn -0.1311 -0.9908 0.0335
vn -0.1118 -0.9936 -0.0177
vn -0.1199 -0.9924 -0.0260
vn -0.1311 -0.9908 -0.0335
vn -0.3600 -0.9314 -0.0538
vn -0.3394 -0.9377 -0.0747
vn -0.3763 -0.9258 -0.0367
vn -0.3861 -0.9223 -0.0186
vn -0.0604 -0.9958 -0.0688
vn -0.0873 -0.9924 -0.0867
vn 0.0207 -0.9938 -0.1095
vn 0.0615 -0.9945 -0.0849
vn -0.0354 -0.9979 -0.0537
vn 0.0882 -0.9944 -0.0579
vn -0.0183 -0.9992 -0.0367
vn 0.1043 -0.9941 -0.0293
vn -0.0079 -0.9998 -0.0186
vn 0.1097 -0.9940 -0.0000
vn -0.0044 -1.0000 -0.0000
vn -0.0079 -0.9998 0.0186
vn 0.1043 -0.9941 0.0293
vn 0.2454 -0.9694 -0.0000
vn 0.2381 -0.9703 0.0418
vn 0.0882 -0.9944 0.0579
vn 0.2162 -0.9728 0.0828
vn -0.0183 -0.9992 0.0367
vn 0.0615 -0.9945 0.0849
vn 0.1796 -0.9761 0.1220
vn -0.0354 -0.9979 0.0537
vn -0.0589 -0.9959 0.0690
vn 0.0248 -0.9937 0.1093
vn 0.1285 -0.9790 0.1582
vn -0.0211 -0.9913 0.1303
vn 0.0634 -0.9798 0.1899
vn -0.0141 -0.9764 0.2153
vn -0.0748 -0.9863 0.1468
vn -0.0880 -0.9927 0.0821
vn -0.1219 -0.9882 0.0923
vn -0.1347 -0.9783 0.1577
vn -0.1596 -0.9822 0.0991
vn 0.2381 -0.9703 -0.0418
vn 0.2162 -0.9728 -0.0828
vn -0.0252 -0.9915 -0.1275
vn -0.1165 -0.9883 -0.0980
vn 0.0816 0.9929 -0.0864
vn 0.0567 0.9956 -0.0746
vn 0.0354 0.9979 -0.0537
vn 0.0183 0.9992 -0.0367
vn 0.0079 0.9998 -0.0186
vn 0.9952 -0.0980 -0.0000
vn -0.7730 0.6344 -0.0000
vn 0.9569 -0.2903 -0.0000
vn -0.6344 0.7730 -0.0000
vn 0.8819 -0.4714 -0.0000
vn -0.4714 0.8819 -0.0000
vn -0.0980 -0.9952 -0.0000
vn 0.7730 -0.6344 -0.0000
vn -0.2903 0.9569 -0.0000
vn -0.2903 -0.9569 -0.0000
vn 0.6344 -0.7730 -0.0000
vn -0.0980 0.9952 -0.0000
vn -0.4714 -0.8819 -0.0000
vn 0.4714 -0.8819 -0.0000
vn 0.0980 0.9952 -0.0000
vn -0.6344 -0.7730 -0.0000
vn 0.2903 -0.9569 -0.0000
vn 0.2903 0.9569 -0.0000
vn -0.7730 -0.6344 -0.0000
vn 0.0980 -0.9952 -0.0000
vn 0.4714 0.8819 -0.0000
vn -0.8819 -0.4714 -0.0000
vn 0.6344 0.7730 -0.0000
vn -0.9569 -0.2903 -0.0000
vn 0.7730 0.6344 -0.0000
vn -0.9952 -0.0980 -0.0000
vn 0.8819 0.4714 -0.0000
vn -0.9952 0.0980 -0.0000
vn 0.9569 0.2903 -0.0000
vn -0.9569 0.2903 -0.0000
vn 0.9952 0.0980 -0.0000
vn 0.1842 0.7132 0.6763
vn 0.4697 0.5244 -0.7101
vn 0.9451 0.1172 0.3049
vt 0.303492 0.368225
vt 0.295999 0.092713
vt 0.303492 0.092713
vt 0.295999 0.368225
vt 0.288505 0.092713
vt 0.288505 0.368225
vt 0.281011 0.092713
vt 0.281011 0.368225
vt 0.273518 0.092713
vt 0.273518 0.368225
vt 0.266024 0.092713
vt 0.266024 0.368225
vt 0.258530 0.092713
vt 0.251037 0.368225
vt 0.251037 0.092713
vt 0.243543 0.092713
vt 0.243543 0.368225
vt 0.236049 0.092713
vt 0.228556 0.368225
vt 0.228556 0.092713
vt 0.221062 0.092713
vt 0.221062 0.368225
vt 0.213568 0.092713
vt 0.213568 0.368225
vt 0.206075 0.092713
vt 0.206075 0.368225
vt 0.198581 0.092713
vt 0.198581 0.368225
vt 0.191087 0.092713
vt 0.191087 0.368225
vt 0.183594 0.092713
vt 0.183594 0.368225
vt 0.176100 0.092713
vt 0.176100 0.368225
vt 0.168606 0.092713
vt 0.168606 0.368225
vt 0.161113 0.092713
vt 0.161113 0.368225
vt 0.153619 0.092713
vt 0.153619 0.368225
vt 0.146125 0.092713
vt 0.146125 0.368225
vt 0.138632 0.092713
vt 0.138632 0.368225
vt 0.131138 0.092713
vt 0.123645 0.368225
vt 0.123645 0.092713
vt 0.116151 0.092713
vt 0.116151 0.368225
vt 0.108657 0.092713
vt 0.108657 0.368225
vt 0.101164 0.092713
vt 0.101164 0.368225
vt 0.093670 0.092713
vt 0.093670 0.368225
vt 0.086176 0.092713
vt 0.086176 0.368225
vt 0.078683 0.092713
vt 0.325591 0.205745
vt 0.314904 0.185752
vt 0.078683 0.368225
vt 0.071189 0.092713
vt 0.071189 0.368225
vt 0.063695 0.092713
vt 0.703178 0.485388
vt 0.985388 0.296822
vt 0.796822 0.014612
vt 0.218750 0.365644
vt 0.247575 0.394915
vt 0.218750 0.397754
vt 0.263005 0.356841
vt 0.241311 0.363422
vt 0.282998 0.346154
vt 0.275293 0.386507
vt 0.323228 0.354478
vt 0.300838 0.372853
vt 0.314904 0.314248
vt 0.300523 0.331773
vt 0.325591 0.294255
vt 0.341603 0.332088
vt 0.363665 0.278825
vt 0.355257 0.306543
vt 0.332172 0.272561
vt 0.366504 0.250000
vt 0.334394 0.250000
vt 0.363665 0.221175
vt 0.332172 0.227439
vt 0.341603 0.167912
vt 0.355257 0.193457
vt 0.323228 0.145522
vt 0.282998 0.153846
vt 0.300523 0.168227
vt 0.263005 0.143159
vt 0.300838 0.127147
vt 0.247575 0.105085
vt 0.275293 0.113493
vt 0.218750 0.134356
vt 0.241311 0.136578
vt 0.189925 0.105085
vt 0.218750 0.102246
vt 0.174495 0.143159
vt 0.196189 0.136578
vt 0.154502 0.153846
vt 0.162207 0.113493
vt 0.114272 0.145522
vt 0.136662 0.127147
vt 0.122596 0.185752
vt 0.136977 0.168227
vt 0.111909 0.205745
vt 0.095897 0.167912
vt 0.073835 0.221175
vt 0.082243 0.193457
vt 0.103106 0.250000
vt 0.105328 0.227439
vt 0.105328 0.272561
vt 0.070996 0.250000
vt 0.111909 0.294255
vt 0.073835 0.278825
vt 0.095897 0.332088
vt 0.082243 0.306543
vt 0.122596 0.314248
vt 0.114272 0.354478
vt 0.154502 0.346154
vt 0.136977 0.331773
vt 0.162207 0.386507
vt 0.136662 0.372853
vt 0.196189 0.363422
vt 0.174495 0.356841
vt 0.189925 0.394915
vt 0.694427 0.249959
vt 0.668410 0.238378
vt 0.692425 0.231866
vt 0.716869 0.248260
vt 0.714726 0.226642
vt 0.670435 0.265319
vt 0.695164 0.268150
vt 0.718003 0.269955
vt 0.669600 0.278709
vt 0.694725 0.286228
vt 0.718148 0.291549
vt 0.667459 0.291732
vt 0.692958 0.303986
vt 0.717158 0.312884
vt 0.663926 0.304044
vt 0.689632 0.321218
vt 0.714778 0.333840
vt 0.658819 0.315398
vt 0.684410 0.337710
vt 0.710611 0.354343
vt 0.651896 0.325503
vt 0.676853 0.353175
vt 0.704057 0.374355
vt 0.643095 0.333871
vt 0.666410 0.367218
vt 0.694224 0.393827
vt 0.632327 0.339975
vt 0.652419 0.379202
vt 0.679786 0.412520
vt 0.926266 0.370198
vt 0.960205 0.342852
vt 0.940291 0.382125
vt 0.898540 0.396888
vt 0.915785 0.356198
vt 0.949439 0.336810
vt 0.888651 0.377447
vt 0.940640 0.328498
vt 0.908189 0.340768
vt 0.933725 0.318446
vt 0.882044 0.357458
vt 0.902923 0.324303
vt 0.877825 0.336974
vt 0.875396 0.316030
vt 0.899552 0.307084
vt 0.928552 0.307079
vt 0.924967 0.294753
vt 0.897751 0.289339
vt 0.922821 0.281776
vt 0.874361 0.294706
vt 0.957272 0.290766
vt 0.953867 0.285087
vt 0.951342 0.278650
vt 0.978530 0.259126
vt 0.625246 0.217473
vt 0.613786 0.255975
vt 0.619745 0.214750
vt 0.630151 0.221497
vt 0.643427 0.261257
vt 0.643333 0.253798
vt 0.642317 0.246410
vt 0.640477 0.239281
vt 0.637819 0.232612
vt 0.634364 0.226614
vt 0.613786 0.213519
vt 0.978621 0.216660
vt 0.972659 0.217893
vt 0.967158 0.220619
vt 0.962217 0.224635
vt 0.958003 0.229749
vt 0.954547 0.235745
vt 0.951890 0.242409
vt 0.950052 0.249532
vt 0.949038 0.256909
vt 0.948945 0.264355
vt 0.949705 0.271669
vt 0.961523 0.295467
vt 0.966555 0.298972
vt 0.972261 0.301069
vt 0.619984 0.298095
vt 0.625709 0.295979
vt 0.630751 0.292454
vt 0.635043 0.287733
vt 0.638501 0.282043
vt 0.641030 0.275586
vt 0.642668 0.268586
vt 0.670072 0.251797
vt 0.921978 0.268417
vt 0.897284 0.271281
vt 0.922331 0.254916
vt 0.897998 0.253106
vt 0.923983 0.241508
vt 0.899979 0.235025
vt 0.926797 0.228415
vt 0.903110 0.217230
vt 0.930846 0.215885
vt 0.907510 0.199945
vt 0.936224 0.204203
vt 0.913379 0.183418
vt 0.942946 0.193766
vt 0.951286 0.184834
vt 0.921007 0.167911
vt 0.930790 0.153770
vt 0.961224 0.177898
vt 0.943213 0.141467
vt 0.890424 0.167186
vt 0.897614 0.147553
vt 0.907092 0.128763
vt 0.867948 0.155069
vt 0.874002 0.132422
vt 0.882020 0.110095
vt 0.884935 0.187536
vt 0.863259 0.178177
vt 0.880765 0.208472
vt 0.859581 0.201753
vt 0.877683 0.229833
vt 0.856715 0.225705
vt 0.875570 0.251441
vt 0.854575 0.249882
vt 0.874468 0.273124
vt 0.853120 0.274110
vt 0.852417 0.298225
vt 0.852575 0.322090
vt 0.831622 0.300171
vt 0.832853 0.274357
vt 0.853802 0.345644
vt 0.830960 0.325705
vt 0.856449 0.368945
vt 0.831004 0.350928
vt 0.861088 0.392221
vt 0.831997 0.375978
vt 0.868659 0.415909
vt 0.834341 0.401268
vt 0.913037 0.415538
vt 0.880797 0.440604
vt 0.838732 0.427633
vt 0.724155 0.412760
vt 0.712090 0.437481
vt 0.754104 0.424401
vt 0.746401 0.453312
vt 0.731661 0.389055
vt 0.758427 0.398032
vt 0.736239 0.365767
vt 0.760708 0.372741
vt 0.738830 0.342458
vt 0.761642 0.347690
vt 0.740003 0.318897
vt 0.761631 0.322467
vt 0.740112 0.295026
vt 0.760917 0.296931
vt 0.739365 0.270904
vt 0.759639 0.271115
vt 0.737872 0.246669
vt 0.757858 0.245154
vt 0.735698 0.222484
vt 0.755708 0.219220
vt 0.777212 0.243687
vt 0.779194 0.270662
vt 0.775107 0.216720
vt 0.732802 0.198525
vt 0.753081 0.193505
vt 0.772761 0.189979
vt 0.729095 0.174942
vt 0.749936 0.168152
vt 0.770179 0.163599
vt 0.724380 0.151827
vt 0.746142 0.143213
vt 0.767296 0.137611
vt 0.718300 0.129174
vt 0.741440 0.118586
vt 0.763976 0.111863
vt 0.710257 0.106841
vt 0.735367 0.093923
vt 0.759967 0.085896
vt 0.699253 0.084536
vt 0.727112 0.068501
vt 0.754821 0.058754
vt 0.683585 0.061911
vt 0.715129 0.041071
vt 0.747663 0.028654
vt 0.908634 0.065176
vt 0.865145 0.071793
vt 0.877101 0.044375
vt 0.837447 0.062071
vt 0.844583 0.031986
vt 0.892996 0.087795
vt 0.856914 0.097206
vt 0.832321 0.089200
vt 0.850864 0.121860
vt 0.828333 0.115158
vt 0.846186 0.146480
vt 0.825036 0.140899
vt 0.842419 0.171412
vt 0.822178 0.166881
vt 0.839303 0.196759
vt 0.819623 0.193257
vt 0.836708 0.222469
vt 0.817310 0.219995
vt 0.834593 0.248398
vt 0.815241 0.246961
vt 0.813302 0.273937
vt 0.811638 0.300727
vt 0.796150 0.245542
vt 0.794117 0.272888
vt 0.792103 0.299989
vt 0.810267 0.327197
vt 0.790114 0.326742
vt 0.809254 0.353324
vt 0.788153 0.353130
vt 0.808712 0.379280
vt 0.786206 0.379324
vt 0.808822 0.405555
vt 0.784237 0.405820
vt 0.809883 0.433161
vt 0.782172 0.433605
vt 0.846514 0.456536
vt 0.812498 0.463991
vt 0.779893 0.464265
vt 0.782956 0.429855
vt 0.780419 0.460677
vt 0.810656 0.430231
vt 0.813007 0.460870
vt 0.783949 0.402256
vt 0.808526 0.402463
vt 0.783997 0.375988
vt 0.806497 0.375981
vt 0.783396 0.350038
vt 0.804493 0.349799
vt 0.782328 0.323916
vt 0.802477 0.323421
vt 0.780905 0.297450
vt 0.800438 0.296675
vt 0.798377 0.269581
vt 0.796302 0.242240
vt 0.819860 0.294483
vt 0.817500 0.267752
vt 0.813415 0.213825
vt 0.815390 0.240794
vt 0.794234 0.214898
vt 0.811721 0.187042
vt 0.792189 0.187801
vt 0.790174 0.161051
vt 0.810324 0.160578
vt 0.788191 0.134667
vt 0.809289 0.134456
vt 0.786225 0.108477
vt 0.808727 0.108505
vt 0.784238 0.081985
vt 0.808820 0.082235
vt 0.782158 0.054204
vt 0.809865 0.054633
vt 0.779864 0.023549
vt 0.812464 0.023807
vt 0.810123 0.057539
vt 0.812400 0.026900
vt 0.779819 0.027173
vt 0.808059 0.085308
vt 0.782429 0.057981
vt 0.806091 0.111790
vt 0.783487 0.085571
vt 0.804145 0.137973
vt 0.783595 0.111833
vt 0.802184 0.164352
vt 0.783051 0.137778
vt 0.800196 0.191100
vt 0.782036 0.163897
vt 0.798182 0.218197
vt 0.780664 0.190361
vt 0.778998 0.217148
vt 0.774988 0.271089
vt 0.777058 0.244123
vt 0.759448 0.216726
vt 0.755589 0.268614
vt 0.757706 0.242684
vt 0.772673 0.297831
vt 0.752991 0.294326
vt 0.770116 0.324213
vt 0.749871 0.319678
vt 0.767255 0.350203
vt 0.746098 0.344617
vt 0.763954 0.375954
vt 0.741414 0.369245
vt 0.759961 0.401924
vt 0.735357 0.393911
vt 0.754831 0.429070
vt 0.727116 0.419337
vt 0.747687 0.459174
vt 0.715147 0.446772
vt 0.845183 0.455705
vt 0.837973 0.425633
vt 0.877675 0.443234
vt 0.832782 0.398513
vt 0.865650 0.415843
vt 0.828733 0.372563
vt 0.857357 0.390449
vt 0.825378 0.346829
vt 0.851249 0.365809
vt 0.822466 0.320853
vt 0.846516 0.341202
vt 0.842695 0.316281
vt 0.839530 0.290945
vt 0.859792 0.285914
vt 0.836890 0.265247
vt 0.856884 0.261977
vt 0.863516 0.309474
vt 0.834736 0.239328
vt 0.832961 0.213381
vt 0.853221 0.213602
vt 0.854708 0.237816
vt 0.831701 0.187576
vt 0.852490 0.189499
vt 0.831013 0.162050
vt 0.852624 0.165644
vt 0.831036 0.136835
vt 0.853830 0.142098
vt 0.832009 0.111791
vt 0.856459 0.118804
vt 0.834336 0.086506
vt 0.861080 0.095533
vt 0.838711 0.060145
vt 0.868636 0.071849
vt 0.846476 0.031245
vt 0.880757 0.047156
vt 0.745827 0.034618
vt 0.711565 0.050529
vt 0.753598 0.063503
vt 0.723687 0.075212
vt 0.757982 0.089853
vt 0.731247 0.098889
vt 0.760320 0.115131
vt 0.735876 0.122156
vt 0.761307 0.140171
vt 0.738515 0.145449
vt 0.761348 0.165386
vt 0.739736 0.168996
vt 0.760682 0.190915
vt 0.739888 0.192857
vt 0.739182 0.216970
vt 0.737724 0.241197
vt 0.717834 0.217952
vt 0.717944 0.196370
vt 0.735582 0.265374
vt 0.714615 0.261243
vt 0.716730 0.239635
vt 0.732712 0.289328
vt 0.711529 0.282604
vt 0.729028 0.312908
vt 0.707354 0.303541
vt 0.724332 0.336021
vt 0.701855 0.323895
vt 0.718270 0.358675
vt 0.694654 0.343531
vt 0.710241 0.381009
vt 0.685164 0.362323
vt 0.699251 0.403318
vt 0.672510 0.380089
vt 0.683595 0.425947
vt 0.655415 0.396390
vt 0.909159 0.422351
vt 0.893463 0.399770
vt 0.937255 0.392751
vt 0.882431 0.377500
vt 0.920136 0.376498
vt 0.874359 0.355195
vt 0.907452 0.358772
vt 0.868254 0.332566
vt 0.897930 0.340011
vt 0.890694 0.320403
vt 0.885161 0.300073
vt 0.907690 0.287621
vt 0.880950 0.279157
vt 0.903258 0.270360
vt 0.913595 0.304128
vt 0.877833 0.257816
vt 0.900100 0.252590
vt 0.875688 0.236227
vt 0.898096 0.234530
vt 0.897358 0.216374
vt 0.874557 0.214560
vt 0.874426 0.192992
vt 0.897806 0.198331
vt 0.875440 0.171679
vt 0.899589 0.180599
vt 0.877850 0.150746
vt 0.902943 0.163389
vt 0.882052 0.130268
vt 0.908194 0.146931
vt 0.888642 0.110284
vt 0.915775 0.131506
vt 0.898516 0.090846
vt 0.926241 0.117508
vt 0.912997 0.072198
vt 0.940252 0.105581
vt 0.679338 0.075563
vt 0.652077 0.108935
vt 0.693816 0.094209
vt 0.666088 0.120870
vt 0.703690 0.113645
vt 0.676556 0.134874
vt 0.710286 0.133630
vt 0.684140 0.150306
vt 0.714495 0.154110
vt 0.689392 0.166771
vt 0.716915 0.175049
vt 0.692753 0.183983
vt 0.694550 0.201729
vt 0.695016 0.219791
vt 0.667318 0.196298
vt 0.669470 0.209289
vt 0.670317 0.222655
vt 0.694302 0.237967
vt 0.669969 0.236159
vt 0.692322 0.256047
vt 0.668322 0.249564
vt 0.689190 0.273838
vt 0.665514 0.262651
vt 0.684785 0.291121
vt 0.661473 0.275169
vt 0.678906 0.307653
vt 0.656105 0.286830
vt 0.630112 0.266450
vt 0.634319 0.261337
vt 0.637768 0.255343
vt 0.649309 0.297307
vt 0.625213 0.270471
vt 0.671263 0.323158
vt 0.661470 0.337296
vt 0.640983 0.306226
vt 0.631052 0.313146
vt 0.619718 0.273194
vt 0.649035 0.349593
vt 0.619511 0.317530
vt 0.613765 0.274424
vt 0.943529 0.345974
vt 0.972959 0.313874
vt 0.959172 0.355655
vt 0.961419 0.309519
vt 0.978604 0.270798
vt 0.931077 0.333713
vt 0.951482 0.302626
vt 0.972655 0.269583
vt 0.921263 0.319606
vt 0.967160 0.266875
vt 0.943146 0.293732
vt 0.962259 0.262869
vt 0.936336 0.283279
vt 0.958047 0.257771
vt 0.930951 0.271641
vt 0.954590 0.251793
vt 0.926892 0.259144
vt 0.951930 0.245145
vt 0.924065 0.246076
vt 0.950087 0.238037
vt 0.922399 0.232691
vt 0.922032 0.219207
vt 0.948967 0.223239
vt 0.949067 0.230673
vt 0.922860 0.205863
vt 0.949720 0.215935
vt 0.924992 0.192897
vt 0.951350 0.208962
vt 0.928564 0.180580
vt 0.953868 0.202531
vt 0.933725 0.169220
vt 0.957265 0.196857
vt 0.940628 0.159172
vt 0.961508 0.192160
vt 0.949416 0.150862
vt 0.966533 0.188656
vt 0.960171 0.144819
vt 0.972232 0.186559
vt 0.632121 0.148177
vt 0.642889 0.154238
vt 0.619952 0.190002
vt 0.651693 0.162567
vt 0.625667 0.192103
vt 0.630704 0.195612
vt 0.658620 0.172634
vt 0.663726 0.183949
vt 0.638409 0.205995
vt 0.634997 0.200314
vt 0.613765 0.232015
vt 0.978504 0.228446
vt 0.640941 0.212436
vt 0.642584 0.219420
vt 0.643348 0.226736
vt 0.643261 0.234182
vt 0.642252 0.241560
vt 0.640419 0.248681
vt 0.633401 0.359316
vt 0.919731 0.111000
vt 0.936806 0.094699
vt 0.958834 0.131734
vt 0.633409 0.128576
vt 0.672520 0.107781
vt 0.649052 0.138296
vt 0.655414 0.091484
vt 0.685186 0.125544
vt 0.661497 0.150591
vt 0.694689 0.144336
vt 0.671302 0.164730
vt 0.701905 0.163973
vt 0.678958 0.180238
vt 0.707421 0.184331
vt 0.684852 0.196774
vt 0.711617 0.205273
vt 0.689274 0.214065
vt 0.665589 0.225280
vt 0.661535 0.212754
vt 0.656156 0.201088
vt 0.649350 0.190607
vt 0.641015 0.181686
vt 0.631076 0.174765
vt 0.619527 0.170383
vt 0.972769 0.173495
vt 0.476060 0.394824
vt 0.581538 0.383129
vt 0.581538 0.394824
vt 0.558500 0.117326
vt 0.558500 0.111759
vt 0.557414 0.106297
vt 0.581538 0.032211
vt 0.476060 0.020516
vt 0.581538 0.020516
vt 0.581538 0.043909
vt 0.476060 0.032211
vt 0.555284 0.101154
vt 0.557414 0.122789
vt 0.476060 0.383129
vt 0.581538 0.371428
vt 0.476060 0.359734
vt 0.476060 0.371428
vt 0.552190 0.096526
vt 0.555283 0.127932
vt 0.552190 0.132563
vt 0.548252 0.092588
vt 0.581538 0.348035
vt 0.581538 0.359734
vt 0.509114 0.225064
vt 0.498867 0.200322
vt 0.513743 0.228157
vt 0.518888 0.230287
vt 0.499953 0.194863
vt 0.581538 0.079000
vt 0.476060 0.067303
vt 0.581538 0.067303
vt 0.476060 0.055606
vt 0.581538 0.055606
vt 0.502085 0.189717
vt 0.505177 0.185088
vt 0.524349 0.231374
vt 0.476060 0.079000
vt 0.581538 0.090698
vt 0.476060 0.090698
vt 0.581538 0.324640
vt 0.476060 0.336339
vt 0.476060 0.324643
vt 0.476060 0.348035
vt 0.581538 0.336339
vt 0.581538 0.312944
vt 0.535377 0.230287
vt 0.529916 0.231374
vt 0.509114 0.181150
vt 0.540523 0.228157
vt 0.476060 0.312944
vt 0.581538 0.301248
vt 0.533017 0.086277
vt 0.543623 0.139592
vt 0.538480 0.087361
vt 0.533017 0.142809
vt 0.538480 0.141725
vt 0.527450 0.086277
vt 0.476060 0.301248
vt 0.581538 0.289549
vt 0.521989 0.087361
vt 0.527449 0.142809
vt 0.581538 0.125789
vt 0.476060 0.114093
vt 0.581538 0.114093
vt 0.521989 0.141725
vt 0.516844 0.089494
vt 0.476060 0.125789
vt 0.581538 0.137488
vt 0.476060 0.137488
vt 0.518888 0.175927
vt 0.524349 0.174839
vt 0.549090 0.221126
vt 0.545152 0.225064
vt 0.476060 0.266156
vt 0.581538 0.277853
vt 0.476060 0.277853
vt 0.476060 0.289549
vt 0.552182 0.216496
vt 0.529916 0.174839
vt 0.513743 0.178059
vt 0.554313 0.211351
vt 0.535377 0.175927
vt 0.581538 0.254459
vt 0.581538 0.266156
vt 0.512215 0.092588
vt 0.516844 0.139592
vt 0.508277 0.096523
vt 0.476060 0.149183
vt 0.581538 0.149183
vt 0.581538 0.160881
vt 0.476060 0.160881
vt 0.581538 0.172578
vt 0.508277 0.132563
vt 0.512215 0.136501
vt 0.540523 0.178059
vt 0.545152 0.181150
vt 0.555400 0.205892
vt 0.476060 0.172578
vt 0.581538 0.184275
vt 0.476060 0.184275
vt 0.476060 0.242762
vt 0.581538 0.231064
vt 0.581538 0.242762
vt 0.476060 0.254459
vt 0.555400 0.200322
vt 0.476060 0.231064
vt 0.581538 0.219368
vt 0.549090 0.185088
vt 0.554313 0.194863
vt 0.552182 0.189717
vt 0.476060 0.219368
vt 0.581538 0.207670
vt 0.476060 0.195973
vt 0.476060 0.207670
vt 0.501968 0.111759
vt 0.501968 0.117326
vt 0.503053 0.122789
vt 0.505185 0.127932
vt 0.581538 0.195973
vt 0.503053 0.106297
vt 0.505185 0.101154
vt 0.476060 0.102394
vt 0.581538 0.102394
vt 0.543623 0.089494
vt 0.548252 0.136501
vt 0.498867 0.205892
vt 0.476060 0.043909
vt 0.505177 0.221126
vt 0.499953 0.211351
vt 0.502085 0.216496
vt 0.355841 0.102075
vt 0.337025 0.058008
vt 0.357385 0.101169
vt 0.399922 0.058544
vt 0.409504 0.068127
vt 0.417033 0.079395
vt 0.347702 0.053726
vt 0.360855 0.100357
vt 0.359068 0.100596
vt 0.422220 0.091916
vt 0.388653 0.051015
vt 0.424864 0.105207
vt 0.354496 0.103285
vt 0.313447 0.081368
vt 0.319599 0.072164
vt 0.327545 0.064257
vt 0.362673 0.100477
vt 0.353397 0.104755
vt 0.370407 0.053959
vt 0.364459 0.100950
vt 0.381039 0.057367
vt 0.376133 0.045829
vt 0.362841 0.043185
vt 0.424864 0.118759
vt 0.422220 0.132051
vt 0.390662 0.062720
vt 0.309271 0.091477
vt 0.352594 0.106426
vt 0.307173 0.102077
vt 0.352011 0.110116
vt 0.352129 0.108236
vt 0.335997 0.045829
vt 0.417034 0.144572
vt 0.308332 0.123394
vt 0.352339 0.111946
vt 0.409504 0.155840
vt 0.323477 0.051015
vt 0.367652 0.102882
vt 0.406405 0.077634
vt 0.368844 0.104312
vt 0.366145 0.101756
vt 0.352938 0.113728
vt 0.312412 0.133295
vt 0.369825 0.105904
vt 0.353945 0.115306
vt 0.317552 0.142710
vt 0.355161 0.116721
vt 0.370478 0.107659
vt 0.411367 0.087292
vt 0.414316 0.097595
vt 0.399922 0.165423
vt 0.312209 0.058544
vt 0.370779 0.109502
vt 0.376133 0.178138
vt 0.302626 0.068127
vt 0.388653 0.172952
vt 0.295097 0.079395
vt 0.362841 0.180782
vt 0.289910 0.091916
vt 0.414935 0.118706
vt 0.370644 0.111389
vt 0.356623 0.117872
vt 0.411736 0.128788
vt 0.370224 0.113182
vt 0.358270 0.118714
vt 0.343598 0.160314
vt 0.333924 0.156253
vt 0.325121 0.150325
vt 0.369460 0.114853
vt 0.353757 0.162400
vt 0.360043 0.119212
vt 0.406708 0.137932
vt 0.368381 0.116335
vt 0.400095 0.145824
vt 0.335997 0.178138
vt 0.323477 0.172952
vt 0.287267 0.118759
vt 0.349289 0.180782
vt 0.289911 0.132051
vt 0.287267 0.105207
vt 0.312209 0.165423
vt 0.295097 0.144572
vt 0.367024 0.117570
vt 0.392196 0.152206
vt 0.363698 0.119112
vt 0.364005 0.162486
vt 0.361874 0.119347
vt 0.383666 0.157697
vt 0.365439 0.118509
vt 0.302626 0.155840
vt 0.229407 0.140479
vt 0.222035 0.151513
vt 0.212649 0.160896
vt 0.083160 0.766638
vt 0.014125 0.759891
vt 0.083160 0.759891
vt 0.083160 0.975904
vt 0.014125 0.969153
vt 0.083160 0.969153
vt 0.261621 0.825550
vt 0.259198 0.802767
vt 0.250020 0.813949
vt 0.283496 0.832372
vt 0.270739 0.839192
vt 0.236377 0.804835
vt 0.277015 0.854349
vt 0.290859 0.850151
vt 0.221218 0.798556
vt 0.294613 0.869025
vt 0.280218 0.870445
vt 0.225419 0.784712
vt 0.243198 0.792075
vt 0.206545 0.780956
vt 0.280218 0.886851
vt 0.205130 0.795353
vt 0.188721 0.795354
vt 0.187303 0.780956
vt 0.014125 0.948901
vt 0.083160 0.955652
vt 0.014125 0.955652
vt 0.014125 0.942151
vt 0.083160 0.948901
vt 0.163067 0.175934
vt 0.237077 0.101932
vt 0.176338 0.175934
vt 0.237076 0.115203
vt 0.189354 0.173347
vt 0.083160 0.786890
vt 0.014125 0.780139
vt 0.083160 0.780139
vt 0.014125 0.786890
vt 0.083160 0.793640
vt 0.014125 0.793640
vt 0.294613 0.888269
vt 0.290859 0.907141
vt 0.277015 0.902942
vt 0.283496 0.924919
vt 0.083160 0.800391
vt 0.014125 0.800391
vt 0.083160 0.807144
vt 0.270739 0.918101
vt 0.272804 0.940922
vt 0.261621 0.931743
vt 0.259198 0.954527
vt 0.014125 0.807144
vt 0.083160 0.813892
vt 0.014125 0.813892
vt 0.222039 0.065620
vt 0.137790 0.168264
vt 0.212656 0.056235
vt 0.126756 0.160891
vt 0.201622 0.048862
vt 0.014125 0.921903
vt 0.083160 0.915149
vt 0.083160 0.921903
vt 0.083160 0.928650
vt 0.014125 0.928650
vt 0.134650 0.802767
vt 0.157469 0.804835
vt 0.150651 0.792075
vt 0.132225 0.825550
vt 0.121043 0.816374
vt 0.143827 0.813949
vt 0.236377 0.952459
vt 0.250020 0.943344
vt 0.243198 0.965217
vt 0.221218 0.958739
vt 0.205130 0.961938
vt 0.225417 0.972581
vt 0.116832 0.854349
vt 0.123110 0.839192
vt 0.110351 0.832372
vt 0.102988 0.850151
vt 0.014125 0.908399
vt 0.083160 0.901648
vt 0.083160 0.908399
vt 0.014125 0.915149
vt 0.104923 0.128211
vt 0.189362 0.043783
vt 0.110002 0.140471
vt 0.117372 0.151506
vt 0.014125 0.820642
vt 0.014125 0.827396
vt 0.083160 0.820642
vt 0.083160 0.827396
vt 0.014125 0.834143
vt 0.083160 0.834143
vt 0.102336 0.115194
vt 0.176346 0.041192
vt 0.014125 0.840894
vt 0.206545 0.976336
vt 0.188721 0.961938
vt 0.187302 0.976336
vt 0.083160 0.840894
vt 0.014125 0.847644
vt 0.172627 0.958739
vt 0.168430 0.972581
vt 0.113630 0.870445
vt 0.113630 0.886851
vt 0.099236 0.869025
vt 0.099236 0.888269
vt 0.014125 0.894901
vt 0.083160 0.888147
vt 0.083160 0.894901
vt 0.014125 0.901648
vt 0.102336 0.101924
vt 0.163076 0.041193
vt 0.150060 0.043780
vt 0.014125 0.854394
vt 0.083160 0.847644
vt 0.083160 0.854394
vt 0.104926 0.088909
vt 0.110005 0.076648
vt 0.126763 0.056231
vt 0.014125 0.861145
vt 0.137798 0.048858
vt 0.157469 0.952459
vt 0.143827 0.943344
vt 0.150651 0.965217
vt 0.014125 0.867895
vt 0.083160 0.861145
vt 0.083160 0.867895
vt 0.134650 0.954527
vt 0.132225 0.931743
vt 0.121043 0.940922
vt 0.123110 0.918101
vt 0.110351 0.924919
vt 0.116832 0.902942
vt 0.102988 0.907141
vt 0.083160 0.874646
vt 0.014125 0.881396
vt 0.014125 0.874646
vt 0.014125 0.888147
vt 0.083160 0.881396
vt 0.117379 0.065613
vt 0.172627 0.798556
vt 0.168430 0.784712
vt 0.083160 0.942151
vt 0.014125 0.935401
vt 0.083160 0.935401
vt 0.229411 0.076655
vt 0.150050 0.173344
vt 0.014125 0.773392
vt 0.083160 0.773392
vt 0.201615 0.168268
vt 0.234488 0.128220
vt 0.014125 0.766638
vt 0.083160 0.962402
vt 0.014125 0.962402
vt 0.545276 0.872813
vt 0.551388 0.895708
vt 0.543795 0.896675
vt 0.552114 0.916517
vt 0.536380 0.894776
vt 0.533084 0.915335
vt 0.542488 0.917716
vt 0.524151 0.909428
vt 0.529380 0.890065
vt 0.540144 0.871490
vt 0.515974 0.900123
vt 0.523037 0.882682
vt 0.535320 0.868207
vt 0.519757 0.925732
vt 0.530348 0.932556
vt 0.509922 0.914896
vt 0.508882 0.887678
vt 0.517601 0.872867
vt 0.501277 0.900281
vt 0.503216 0.872507
vt 0.494304 0.882352
vt 0.513309 0.860964
vt 0.499286 0.855178
vt 0.510366 0.847429
vt 0.489429 0.861793
vt 0.497334 0.836382
vt 0.486974 0.839445
vt 0.497510 0.816898
vt 0.508925 0.832783
vt 0.487139 0.816253
vt 0.499749 0.797543
vt 0.489849 0.793220
vt 0.510805 0.802551
vt 0.509086 0.817618
vt 0.504016 0.779134
vt 0.514049 0.788196
vt 0.522816 0.808089
vt 0.521651 0.818400
vt 0.524994 0.798251
vt 0.518648 0.775130
vt 0.528088 0.789272
vt 0.538152 0.804414
vt 0.536598 0.808987
vt 0.531956 0.781500
vt 0.524381 0.763855
vt 0.536456 0.775223
vt 0.530989 0.754791
vt 0.544896 0.794904
vt 0.542386 0.797237
vt 0.540110 0.800448
vt 0.541395 0.770675
vt 0.547545 0.793538
vt 0.546587 0.768014
vt 0.548559 0.820073
vt 0.546887 0.846959
vt 0.549573 0.846610
vt 0.552221 0.845243
vt 0.544266 0.846279
vt 0.541807 0.844595
vt 0.539604 0.841970
vt 0.558966 0.835733
vt 0.560520 0.831160
vt 0.561613 0.826159
vt 0.562201 0.820922
vt 0.562266 0.815653
vt 0.554731 0.842910
vt 0.557008 0.839699
vt 0.561802 0.810554
vt 0.560826 0.805824
vt 0.559375 0.801646
vt 0.557514 0.798178
vt 0.555311 0.795552
vt 0.552852 0.793868
vt 0.534851 0.824494
vt 0.535316 0.829593
vt 0.534916 0.819225
vt 0.536292 0.834323
vt 0.537743 0.838502
vt 0.535505 0.813988
vt 0.550231 0.793188
vt 0.560661 0.864922
vt 0.565162 0.858645
vt 0.572739 0.876290
vt 0.555725 0.869474
vt 0.579554 0.892069
vt 0.566127 0.885358
vt 0.578471 0.865015
vt 0.587056 0.877717
vt 0.594680 0.888589
vt 0.602062 0.868794
vt 0.593101 0.861010
vt 0.583068 0.851949
vt 0.597367 0.842603
vt 0.607266 0.846924
vt 0.599605 0.823249
vt 0.586312 0.837595
vt 0.588030 0.822529
vt 0.609975 0.823894
vt 0.588192 0.807365
vt 0.599782 0.803767
vt 0.610140 0.800705
vt 0.619062 0.824459
vt 0.597831 0.784973
vt 0.607687 0.778361
vt 0.619191 0.798297
vt 0.616276 0.773109
vt 0.627096 0.796632
vt 0.623803 0.769373
vt 0.627022 0.824954
vt 0.610554 0.749962
vt 0.602816 0.757805
vt 0.595847 0.739877
vt 0.602397 0.729824
vt 0.617384 0.744308
vt 0.608226 0.722495
vt 0.587206 0.725261
vt 0.592328 0.713497
vt 0.596900 0.704840
vt 0.624000 0.740873
vt 0.614161 0.717809
vt 0.601849 0.698986
vt 0.584152 0.691970
vt 0.580985 0.701513
vt 0.568967 0.694052
vt 0.570767 0.684069
vt 0.587780 0.685148
vt 0.556599 0.691016
vt 0.572815 0.676655
vt 0.557234 0.680838
vt 0.557700 0.673356
vt 0.524124 0.681328
vt 0.541139 0.682367
vt 0.526878 0.688547
vt 0.540026 0.674756
vt 0.554969 0.680838
vt 0.542292 0.674751
vt 0.543403 0.682362
vt 0.570550 0.676650
vt 0.555434 0.673356
vt 0.526387 0.681318
vt 0.585518 0.685139
vt 0.568504 0.684065
vt 0.510705 0.693301
vt 0.529139 0.688538
vt 0.514890 0.699726
vt 0.599592 0.698973
vt 0.581891 0.691962
vt 0.496147 0.710451
vt 0.594644 0.704829
vt 0.611911 0.717794
vt 0.605977 0.722482
vt 0.531096 0.698401
vt 0.501455 0.715840
vt 0.518351 0.708884
vt 0.506331 0.723837
vt 0.483518 0.732119
vt 0.489657 0.736350
vt 0.521973 0.721195
vt 0.495734 0.742809
vt 0.511582 0.734627
vt 0.502440 0.751554
vt 0.480176 0.760430
vt 0.487183 0.765072
vt 0.495055 0.771350
vt 0.517565 0.748077
vt 0.510063 0.762427
vt 0.481166 0.789708
vt 0.526146 0.736606
vt 0.538202 0.748249
vt 0.535415 0.728385
vt 0.545734 0.744442
vt 0.533076 0.711661
vt 0.545013 0.723631
vt 0.553329 0.743477
vt 0.554640 0.722435
vt 0.551841 0.767337
vt 0.560745 0.745377
vt 0.556970 0.768661
vt 0.561793 0.771943
vt 0.567747 0.750089
vt 0.574088 0.757473
vt 0.566130 0.777069
vt 0.569814 0.783855
vt 0.579520 0.767287
vt 0.583810 0.779185
vt 0.572689 0.792046
vt 0.574645 0.801340
vt 0.586752 0.792720
vt 0.593904 0.767647
vt 0.588241 0.752478
vt 0.575588 0.811372
vt 0.575466 0.821747
vt 0.574301 0.832057
vt 0.572123 0.841895
vt 0.569029 0.850874
vt 0.581152 0.740033
vt 0.572977 0.730726
vt 0.577374 0.714423
vt 0.564043 0.724818
vt 0.566783 0.707596
vt 0.544433 0.706203
vt 0.555737 0.704836
vt 0.543948 0.692491
vt 0.473526 0.787076
vt 0.478051 0.815688
vt 0.470090 0.815193
vt 0.462744 0.814736
vt 0.466418 0.785320
vt 0.473450 0.757418
vt 0.477922 0.841854
vt 0.470015 0.843519
vt 0.462744 0.844380
vt 0.473311 0.870785
vt 0.466264 0.872940
vt 0.480839 0.867047
vt 0.486566 0.890197
vt 0.479736 0.895854
vt 0.494729 0.910336
vt 0.488901 0.917667
vt 0.504803 0.926662
vt 0.500233 0.935320
vt 0.482966 0.922356
vt 0.473119 0.899291
vt 0.516148 0.938643
vt 0.512985 0.948186
vt 0.495285 0.941175
vt 0.526371 0.956082
vt 0.509359 0.955009
vt 0.528168 0.946100
vt 0.540536 0.949132
vt 0.539904 0.959310
vt 0.524325 0.963497
vt 0.554845 0.965392
vt 0.553733 0.957782
vt 0.541395 0.935313
vt 0.553185 0.947654
vt 0.552698 0.933944
vt 0.566035 0.941742
vt 0.567993 0.951603
vt 0.564052 0.928484
vt 0.578776 0.931258
vt 0.582239 0.940415
vt 0.595669 0.924300
vt 0.590793 0.916305
vt 0.575152 0.918949
vt 0.585540 0.905516
vt 0.570976 0.903540
vt 0.561710 0.911761
vt 0.601386 0.897332
vt 0.558918 0.891900
vt 0.550532 0.872136
vt 0.607463 0.903790
vt 0.616941 0.879711
vt 0.609934 0.875071
vt 0.623588 0.853067
vt 0.615949 0.850436
vt 0.634367 0.825410
vt 0.630696 0.854822
vt 0.623667 0.882722
vt 0.460515 0.814740
vt 0.467785 0.843518
vt 0.460515 0.844379
vt 0.471079 0.870779
vt 0.464033 0.872933
vt 0.477500 0.895846
vt 0.470884 0.899282
vt 0.613602 0.908020
vt 0.486660 0.917658
vt 0.480726 0.922345
vt 0.600977 0.929687
vt 0.497988 0.935312
vt 0.586424 0.946837
vt 0.493039 0.941166
vt 0.510736 0.948181
vt 0.507109 0.955002
vt 0.502559 0.926656
vt 0.513902 0.938638
vt 0.524120 0.956080
vt 0.525919 0.946098
vt 0.538287 0.949133
vt 0.522072 0.963493
vt 0.537652 0.959310
vt 0.537186 0.966792
vt 0.570747 0.958822
vt 0.539148 0.935314
vt 0.528103 0.932555
vt 0.551481 0.957786
vt 0.550936 0.947658
vt 0.550452 0.933948
vt 0.540245 0.917717
vt 0.549871 0.916520
vt 0.563787 0.941749
vt 0.561808 0.928490
vt 0.576531 0.931267
vt 0.572910 0.918957
vt 0.559469 0.911767
vt 0.568736 0.903547
vt 0.588552 0.916316
vt 0.583300 0.905525
vt 0.577316 0.892076
vt 0.563889 0.885364
vt 0.570500 0.876298
vt 0.556680 0.891905
vt 0.592443 0.888598
vt 0.584819 0.877724
vt 0.576234 0.865019
vt 0.599829 0.868800
vt 0.590867 0.861014
vt 0.580833 0.851951
vt 0.605035 0.846927
vt 0.595134 0.842604
vt 0.584077 0.837595
vt 0.607743 0.823892
vt 0.597372 0.823247
vt 0.585956 0.807363
vt 0.585796 0.822528
vt 0.597547 0.803763
vt 0.607907 0.800700
vt 0.595593 0.784968
vt 0.605449 0.778354
vt 0.584515 0.792717
vt 0.573352 0.811371
vt 0.573230 0.821747
vt 0.572408 0.801339
vt 0.570451 0.792045
vt 0.581571 0.779182
vt 0.591663 0.767641
vt 0.577279 0.767284
vt 0.567575 0.783854
vt 0.563890 0.777068
vt 0.585997 0.752472
vt 0.571844 0.757470
vt 0.578905 0.740028
vt 0.565501 0.750087
vt 0.559552 0.771943
vt 0.570727 0.730722
vt 0.558498 0.745376
vt 0.554729 0.768662
vt 0.561792 0.724816
vt 0.551081 0.743477
vt 0.549599 0.767339
vt 0.575120 0.714418
vt 0.564527 0.707594
vt 0.584955 0.725253
vt 0.590074 0.713487
vt 0.578728 0.701506
vt 0.566707 0.694048
vt 0.600148 0.729813
vt 0.593600 0.739869
vt 0.608311 0.749951
vt 0.600574 0.757796
vt 0.615141 0.744295
vt 0.614039 0.773099
vt 0.621566 0.769361
vt 0.621757 0.740858
vt 0.628613 0.767206
vt 0.624865 0.796625
vt 0.632136 0.795763
vt 0.632140 0.825407
vt 0.624793 0.824951
vt 0.616958 0.798290
vt 0.616832 0.824457
vt 0.613719 0.850439
vt 0.621359 0.853071
vt 0.607702 0.875078
vt 0.614710 0.879721
vt 0.599149 0.897343
vt 0.605226 0.903803
vt 0.593427 0.924313
vt 0.598734 0.929701
vt 0.579992 0.940425
vt 0.611366 0.908034
vt 0.565743 0.951611
vt 0.584176 0.946849
vt 0.568495 0.958831
vt 0.552592 0.965397
vt 0.621436 0.882733
vt 0.628469 0.854826
vt 0.553480 0.704837
vt 0.552387 0.722435
vt 0.541688 0.692495
vt 0.554338 0.691016
vt 0.542176 0.706206
vt 0.542761 0.723634
vt 0.530821 0.711668
vt 0.528837 0.698409
vt 0.516097 0.708895
vt 0.519721 0.721204
vt 0.512633 0.699738
vt 0.499205 0.715854
vt 0.504082 0.723849
vt 0.509335 0.734637
vt 0.487414 0.736365
vt 0.493491 0.742822
vt 0.500198 0.751564
vt 0.484945 0.765082
vt 0.492818 0.771358
vt 0.477939 0.760442
vt 0.471214 0.757432
vt 0.481274 0.732136
vt 0.464187 0.785330
vt 0.471294 0.787085
vt 0.478932 0.789716
vt 0.630849 0.767219
vt 0.634366 0.795772
vt 0.467860 0.815197
vt 0.475820 0.815692
vt 0.487615 0.793226
vt 0.484906 0.816257
vt 0.484741 0.839445
vt 0.475691 0.841854
vt 0.487196 0.861790
vt 0.478607 0.867043
vt 0.492068 0.882347
vt 0.484330 0.890191
vt 0.499039 0.900276
vt 0.492490 0.910329
vt 0.507681 0.914892
vt 0.506645 0.887674
vt 0.500980 0.872504
vt 0.513734 0.900120
vt 0.517513 0.925729
vt 0.521910 0.909426
vt 0.530842 0.915334
vt 0.534141 0.894776
vt 0.527142 0.890064
vt 0.541556 0.896676
vt 0.537913 0.871492
vt 0.543044 0.872816
vt 0.549150 0.895711
vt 0.548300 0.872138
vt 0.553493 0.869478
vt 0.544652 0.846960
vt 0.547338 0.846611
vt 0.558430 0.864926
vt 0.549987 0.845244
vt 0.552498 0.842911
vt 0.546323 0.820074
vt 0.542030 0.846281
vt 0.539571 0.844597
vt 0.537369 0.841970
vt 0.532680 0.819227
vt 0.533268 0.813990
vt 0.532615 0.824496
vt 0.534361 0.808988
vt 0.535915 0.804416
vt 0.553074 0.795553
vt 0.555276 0.798178
vt 0.550615 0.793869
vt 0.557137 0.801646
vt 0.558589 0.805824
vt 0.559565 0.810554
vt 0.558283 0.831160
vt 0.556729 0.835733
vt 0.559376 0.826159
vt 0.560030 0.815653
vt 0.559965 0.820922
vt 0.554775 0.839700
vt 0.547993 0.793190
vt 0.545308 0.793539
vt 0.542659 0.794906
vt 0.540149 0.797238
vt 0.537872 0.800449
vt 0.533081 0.829594
vt 0.534057 0.834324
vt 0.535508 0.838503
vt 0.566795 0.850873
vt 0.562920 0.858645
vt 0.569888 0.841895
vt 0.572066 0.832057
vt 0.525069 0.856293
vt 0.528757 0.863079
vt 0.515363 0.872862
vt 0.511073 0.860964
vt 0.522194 0.848102
vt 0.508130 0.847429
vt 0.520237 0.838809
vt 0.506690 0.832784
vt 0.519294 0.828777
vt 0.506851 0.817621
vt 0.519415 0.818402
vt 0.520580 0.808092
vt 0.508569 0.802555
vt 0.495276 0.816901
vt 0.497514 0.797548
vt 0.511812 0.788200
vt 0.501779 0.779141
vt 0.522758 0.798254
vt 0.516409 0.775135
vt 0.507822 0.762434
vt 0.525850 0.789274
vt 0.529718 0.781502
vt 0.522140 0.763860
vt 0.515321 0.748084
vt 0.528747 0.754794
vt 0.523898 0.736613
vt 0.533164 0.728390
vt 0.535954 0.748252
vt 0.534214 0.775225
vt 0.539153 0.770676
vt 0.543486 0.744444
vt 0.544345 0.768017
vt 0.495100 0.836383
vt 0.497052 0.855177
vt 0.520800 0.882679
vt 0.533090 0.868208
vt 0.493896 0.710468
vt 0.508447 0.693316
vt 0.530985 0.863078
vt 0.527307 0.856289
vt 0.524431 0.848100
vt 0.522473 0.838807
vt 0.521530 0.828775
vt 0.551191 0.912183
vt 0.542576 0.892043
vt 0.550269 0.891011
vt 0.543957 0.867925
vt 0.535052 0.890140
vt 0.531719 0.911068
vt 0.541348 0.913490
vt 0.522619 0.905013
vt 0.527962 0.885376
vt 0.538783 0.866612
vt 0.521565 0.877914
vt 0.533920 0.863320
vt 0.514364 0.895516
vt 0.518009 0.921655
vt 0.528871 0.928770
vt 0.508084 0.910462
vt 0.507278 0.882900
vt 0.516105 0.868023
vt 0.499502 0.895545
vt 0.501661 0.867621
vt 0.492666 0.877439
vt 0.511809 0.856069
vt 0.497779 0.850259
vt 0.508857 0.842512
vt 0.487919 0.856839
vt 0.495831 0.831492
vt 0.485514 0.834554
vt 0.495941 0.812065
vt 0.507391 0.827873
vt 0.485613 0.811473
vt 0.498051 0.792753
vt 0.488152 0.788533
vt 0.509122 0.797669
vt 0.507492 0.812727
vt 0.502131 0.774332
vt 0.512251 0.783293
vt 0.523280 0.793271
vt 0.521162 0.803129
vt 0.520052 0.813447
vt 0.516732 0.770164
vt 0.526314 0.784257
vt 0.536492 0.799363
vt 0.534961 0.803950
vt 0.530136 0.776435
vt 0.522368 0.758783
vt 0.534606 0.770098
vt 0.528922 0.749583
vt 0.540694 0.792147
vt 0.538431 0.795377
vt 0.543197 0.789794
vt 0.539537 0.765489
vt 0.545846 0.788409
vt 0.544742 0.762775
vt 0.546994 0.814992
vt 0.545450 0.841939
vt 0.548142 0.841575
vt 0.550791 0.840189
vt 0.542817 0.841269
vt 0.540344 0.839590
vt 0.538125 0.836967
vt 0.557496 0.830620
vt 0.559027 0.826033
vt 0.560095 0.821020
vt 0.560658 0.815775
vt 0.560699 0.810500
vt 0.553294 0.837836
vt 0.555557 0.834606
vt 0.560210 0.805398
vt 0.559213 0.800665
vt 0.557743 0.796485
vt 0.555864 0.793016
vt 0.553645 0.790393
vt 0.551171 0.788714
vt 0.533290 0.819483
vt 0.533778 0.824585
vt 0.533330 0.814208
vt 0.534775 0.829318
vt 0.536246 0.833499
vt 0.533893 0.808963
vt 0.548539 0.788044
vt 0.559381 0.859883
vt 0.563850 0.853547
vt 0.571620 0.871200
vt 0.554453 0.864496
vt 0.578690 0.886990
vt 0.565065 0.880405
vt 0.577256 0.859819
vt 0.586015 0.872453
vt 0.593829 0.883235
vt 0.600899 0.863312
vt 0.591855 0.855650
vt 0.581736 0.846689
vt 0.595935 0.837230
vt 0.605834 0.841450
vt 0.598045 0.817919
vt 0.584865 0.832314
vt 0.586495 0.817257
vt 0.608372 0.818511
vt 0.586597 0.802112
vt 0.598156 0.798495
vt 0.608472 0.795434
vt 0.617406 0.819029
vt 0.596209 0.779730
vt 0.606069 0.773153
vt 0.617472 0.793041
vt 0.614661 0.767958
vt 0.625306 0.819482
vt 0.625306 0.791403
vt 0.622168 0.764298
vt 0.609156 0.744770
vt 0.601325 0.752556
vt 0.594493 0.734451
vt 0.601244 0.724390
vt 0.616052 0.739207
vt 0.607251 0.717113
vt 0.585915 0.719533
vt 0.591325 0.707616
vt 0.596180 0.698889
vt 0.486338 0.735533
vt 0.492797 0.710895
vt 0.499801 0.714535
vt 0.508649 0.693663
vt 0.514866 0.698642
vt 0.525535 0.681774
vt 0.579895 0.695071
vt 0.583384 0.685252
vt 0.567481 0.687141
vt 0.542572 0.675159
vt 0.530316 0.688213
vt 0.554521 0.683948
vt 0.569502 0.676676
vt 0.545125 0.682861
vt 0.559559 0.673305
vt 0.559034 0.681835
vt 0.545932 0.689886
vt 0.532559 0.695107
vt 0.558612 0.688697
vt 0.572712 0.684559
vt 0.576191 0.677228
vt 0.586754 0.691688
vt 0.571050 0.691432
vt 0.600807 0.703933
vt 0.592288 0.685883
vt 0.607589 0.699754
vt 0.583681 0.698255
vt 0.613809 0.721556
vt 0.596346 0.709839
vt 0.608168 0.726461
vt 0.498332 0.710851
vt 0.515244 0.703242
vt 0.503466 0.718771
vt 0.528038 0.692089
vt 0.511421 0.694014
vt 0.525698 0.681933
vt 0.624595 0.744049
vt 0.621208 0.718803
vt 0.632236 0.742422
vt 0.487054 0.731796
vt 0.519253 0.715701
vt 0.493270 0.738113
vt 0.509021 0.729541
vt 0.500159 0.746747
vt 0.478104 0.756028
vt 0.485144 0.760524
vt 0.493088 0.766669
vt 0.507972 0.757529
vt 0.515299 0.742993
vt 0.479483 0.785126
vt 0.523784 0.731269
vt 0.536133 0.742900
vt 0.533071 0.722777
vt 0.543723 0.738977
vt 0.530395 0.705715
vt 0.542805 0.717803
vt 0.551417 0.737947
vt 0.552649 0.716498
vt 0.550030 0.762062
vt 0.555201 0.763376
vt 0.558943 0.739851
vt 0.560064 0.766665
vt 0.566033 0.744618
vt 0.572430 0.752080
vt 0.564436 0.771808
vt 0.568148 0.778615
vt 0.577888 0.761970
vt 0.582183 0.773919
vt 0.571051 0.786822
vt 0.573035 0.796125
vt 0.585132 0.787474
vt 0.592330 0.762372
vt 0.586716 0.747095
vt 0.574012 0.806160
vt 0.573936 0.816537
vt 0.572825 0.826854
vt 0.570707 0.836712
vt 0.567672 0.845726
vt 0.579632 0.734478
vt 0.571379 0.724979
vt 0.575992 0.708337
vt 0.562279 0.718922
vt 0.565131 0.701220
vt 0.542000 0.699890
vt 0.553692 0.698361
vt 0.541280 0.685633
vt 0.540473 0.675005
vt 0.555133 0.673305
vt 0.471885 0.782603
vt 0.476578 0.810955
vt 0.468676 0.810502
vt 0.639962 0.769622
vt 0.636257 0.799268
vt 0.632267 0.770386
vt 0.636374 0.829281
vt 0.643926 0.799182
vt 0.643932 0.829747
vt 0.476512 0.836948
vt 0.640175 0.860083
vt 0.632573 0.859055
vt 0.632608 0.888938
vt 0.625063 0.887234
vt 0.468676 0.838586
vt 0.479325 0.862036
vt 0.471817 0.865698
vt 0.484836 0.885228
vt 0.477939 0.890793
vt 0.492753 0.905608
vt 0.486748 0.912888
vt 0.502676 0.922380
vt 0.497824 0.931109
vt 0.614209 0.912433
vt 0.607738 0.937073
vt 0.600734 0.933429
vt 0.591876 0.954300
vt 0.514109 0.934921
vt 0.574984 0.966181
vt 0.585661 0.949318
vt 0.557945 0.972788
vt 0.570207 0.959740
vt 0.510623 0.944741
vt 0.526524 0.942848
vt 0.524506 0.953313
vt 0.539483 0.946037
vt 0.540960 0.974634
vt 0.555396 0.965086
vt 0.527812 0.963377
vt 0.524332 0.970705
vt 0.553532 0.954976
vt 0.538874 0.956679
vt 0.540309 0.931625
vt 0.552722 0.944349
vt 0.551999 0.930095
vt 0.565961 0.937892
vt 0.568303 0.948045
vt 0.563602 0.924267
vt 0.578752 0.926738
vt 0.582575 0.935964
vt 0.595660 0.919127
vt 0.590526 0.911209
vt 0.574741 0.914281
vt 0.584970 0.900441
vt 0.560923 0.907207
vt 0.570208 0.898715
vt 0.600719 0.891867
vt 0.557857 0.887088
vt 0.549246 0.867212
vt 0.606935 0.898183
vt 0.615883 0.873952
vt 0.608842 0.869457
vt 0.622099 0.847379
vt 0.614502 0.844856
vt 0.456634 0.848751
vt 0.464189 0.818660
vt 0.464302 0.848666
vt 0.460591 0.878306
vt 0.468286 0.877545
vt 0.475373 0.875213
vt 0.471672 0.847728
vt 0.482470 0.900203
vt 0.475951 0.903880
vt 0.468311 0.905505
vt 0.492373 0.921469
vt 0.486731 0.926373
vt 0.479333 0.929124
vt 0.504190 0.938093
vt 0.492945 0.948173
vt 0.499727 0.943996
vt 0.508240 0.962046
vt 0.516849 0.949679
vt 0.513775 0.956245
vt 0.508231 0.929570
vt 0.519484 0.940597
vt 0.529477 0.956505
vt 0.530948 0.947260
vt 0.541913 0.959245
vt 0.541488 0.966105
vt 0.542489 0.949942
vt 0.543288 0.937040
vt 0.532801 0.934516
vt 0.554592 0.958060
vt 0.554273 0.948704
vt 0.554007 0.935828
vt 0.544326 0.920269
vt 0.553612 0.919159
vt 0.566472 0.943506
vt 0.564928 0.930838
vt 0.579001 0.933950
vt 0.575871 0.921919
vt 0.562956 0.914669
vt 0.572119 0.906800
vt 0.591241 0.919822
vt 0.586381 0.909050
vt 0.580747 0.895662
vt 0.560424 0.895244
vt 0.567576 0.888869
vt 0.574196 0.879967
vt 0.595817 0.892494
vt 0.588402 0.881545
vt 0.579987 0.868811
vt 0.603522 0.872834
vt 0.594626 0.864942
vt 0.584656 0.855815
vt 0.608949 0.850919
vt 0.599021 0.846532
vt 0.587956 0.841479
vt 0.611729 0.827762
vt 0.601299 0.827119
vt 0.589821 0.811227
vt 0.589688 0.826403
vt 0.601423 0.807574
vt 0.588308 0.796595
vt 0.599323 0.788763
vt 0.611815 0.804439
vt 0.609121 0.782026
vt 0.577229 0.815265
vt 0.577119 0.825628
vt 0.576261 0.805255
vt 0.574275 0.795998
vt 0.585271 0.783124
vt 0.595188 0.771524
vt 0.580898 0.771346
vt 0.571380 0.787862
vt 0.567687 0.781141
vt 0.589330 0.756575
vt 0.575426 0.761697
vt 0.582138 0.744461
vt 0.569115 0.754491
vt 0.563365 0.776081
vt 0.574012 0.735524
vt 0.562216 0.749922
vt 0.558581 0.772851
vt 0.565291 0.729919
vt 0.554954 0.748089
vt 0.553508 0.771552
vt 0.577958 0.719721
vt 0.567733 0.713425
vt 0.587721 0.729918
vt 0.592307 0.718364
vt 0.581049 0.707339
vt 0.569582 0.700679
vt 0.602715 0.733891
vt 0.596567 0.743982
vt 0.603894 0.761571
vt 0.611423 0.753573
vt 0.618076 0.747728
vt 0.617668 0.776620
vt 0.625179 0.772719
vt 0.628886 0.800207
vt 0.620915 0.801951
vt 0.628936 0.828823
vt 0.620891 0.828327
vt 0.617676 0.854508
vt 0.625372 0.857218
vt 0.611340 0.879250
vt 0.618315 0.884046
vt 0.602306 0.901358
vt 0.608191 0.907978
vt 0.595739 0.927866
vt 0.581960 0.942908
vt 0.567966 0.952845
vt 0.621592 0.914987
vt 0.557244 0.710904
vt 0.556211 0.727676
vt 0.546254 0.699242
vt 0.558039 0.698000
vt 0.546525 0.712119
vt 0.546925 0.728788
vt 0.535605 0.717113
vt 0.534057 0.704445
vt 0.521532 0.714006
vt 0.524666 0.726035
vt 0.518570 0.705050
vt 0.504798 0.720095
vt 0.509298 0.728137
vt 0.514161 0.738906
vt 0.492356 0.739984
vt 0.498241 0.746601
vt 0.504731 0.755462
vt 0.489216 0.768705
vt 0.497033 0.775118
vt 0.482242 0.763911
vt 0.475495 0.760726
vt 0.475190 0.790732
vt 0.482884 0.793441
vt 0.467991 0.788896
vt 0.478956 0.732982
vt 0.467952 0.759025
vt 0.460391 0.787869
vt 0.471626 0.819119
vt 0.479668 0.819615
vt 0.491609 0.797028
vt 0.488829 0.820181
vt 0.488741 0.843499
vt 0.479641 0.845986
vt 0.491430 0.865910
vt 0.482884 0.871313
vt 0.496653 0.886363
vt 0.489124 0.894360
vt 0.503977 0.903953
vt 0.497827 0.914042
vt 0.512819 0.918018
vt 0.511216 0.891362
vt 0.505359 0.876412
vt 0.518406 0.903478
vt 0.522578 0.928217
vt 0.526529 0.912415
vt 0.535248 0.918023
vt 0.538330 0.898022
vt 0.531435 0.893451
vt 0.545589 0.899856
vt 0.541967 0.875099
vt 0.547041 0.876398
vt 0.553019 0.898931
vt 0.552236 0.875734
vt 0.557384 0.873117
vt 0.548625 0.850752
vt 0.551296 0.850405
vt 0.562293 0.868623
vt 0.553931 0.849047
vt 0.556432 0.846727
vt 0.550276 0.823973
vt 0.546017 0.850079
vt 0.543569 0.848407
vt 0.541373 0.845797
vt 0.536673 0.823133
vt 0.537258 0.817910
vt 0.536612 0.828389
vt 0.538348 0.812922
vt 0.539899 0.808365
vt 0.556982 0.799540
vt 0.559179 0.802149
vt 0.554534 0.797869
vt 0.561038 0.805598
vt 0.562492 0.809758
vt 0.563471 0.814472
vt 0.562203 0.835022
vt 0.560651 0.839580
vt 0.563294 0.830035
vt 0.563940 0.819555
vt 0.563878 0.824811
vt 0.558702 0.843531
vt 0.551927 0.797195
vt 0.549257 0.797543
vt 0.546622 0.798901
vt 0.544122 0.801221
vt 0.541853 0.804416
vt 0.537081 0.833473
vt 0.538060 0.838187
vt 0.539514 0.842346
vt 0.570658 0.854681
vt 0.566775 0.862402
vt 0.573765 0.845740
vt 0.575955 0.835925
vt 0.529169 0.860081
vt 0.532865 0.866804
vt 0.519645 0.876591
vt 0.515277 0.864816
vt 0.526276 0.851945
vt 0.512243 0.851346
vt 0.524290 0.842688
vt 0.510732 0.836715
vt 0.523323 0.832678
vt 0.510866 0.821541
vt 0.523434 0.822316
vt 0.524598 0.812020
vt 0.512599 0.806465
vt 0.499257 0.820824
vt 0.501535 0.801414
vt 0.515898 0.792131
vt 0.505929 0.783007
vt 0.526788 0.802204
vt 0.520566 0.779135
vt 0.512148 0.766407
vt 0.529897 0.793262
vt 0.533769 0.785543
vt 0.526352 0.767985
vt 0.519797 0.752291
vt 0.532966 0.759081
vt 0.528421 0.741152
vt 0.537582 0.733280
vt 0.540114 0.752704
vt 0.538259 0.779327
vt 0.543170 0.774836
vt 0.547522 0.749016
vt 0.548314 0.772218
vt 0.499131 0.840367
vt 0.501228 0.859175
vt 0.525122 0.886242
vt 0.537182 0.871868
vt 0.529551 0.858173
vt 0.525844 0.851365
vt 0.522940 0.843160
vt 0.520954 0.833859
vt 0.519976 0.823825
vt 0.231159 0.407893
vt 0.422185 0.487019
vt 0.343060 0.678044
vt 0.258530 0.368225
vt 0.236049 0.368225
vt 0.131138 0.368225
vt 0.063695 0.368225
vt 0.750000 0.490000
vt 0.883337 0.449553
vt 0.796822 0.485388
vt 0.841844 0.471731
vt 0.919706 0.419706
vt 0.949553 0.383337
vt 0.971731 0.341844
vt 0.990000 0.250000
vt 0.985388 0.203178
vt 0.971731 0.158156
vt 0.949553 0.116663
vt 0.919706 0.080294
vt 0.883337 0.050447
vt 0.841844 0.028269
vt 0.750000 0.010000
vt 0.703178 0.014612
vt 0.658156 0.028269
vt 0.616663 0.050447
vt 0.580294 0.080294
vt 0.550447 0.116663
vt 0.528269 0.158156
vt 0.514612 0.203178
vt 0.510000 0.250000
vt 0.550447 0.383337
vt 0.514612 0.296822
vt 0.528269 0.341844
vt 0.580294 0.419706
vt 0.616663 0.449553
vt 0.658156 0.471731
vt 0.359151 0.052701
vt 0.349289 0.043185
vt 0.307173 0.112758
vt 0.398942 0.069750
vt 0.415199 0.108137
vt 0.373958 0.160622
vt 0.014125 0.975904
vt 0.272804 0.816374
vt 0.234490 0.088916
vt 0.539439 0.966791
vt 0.456634 0.818194
vt 0.315633 0.686364
vt 0.287109 0.689174
vt 0.258586 0.686364
vt 0.231159 0.678044
vt 0.205882 0.664534
vt 0.183727 0.646351
vt 0.165544 0.624196
vt 0.152034 0.598919
vt 0.143714 0.571492
vt 0.152034 0.487019
vt 0.140904 0.542969
vt 0.143714 0.514446
vt 0.165544 0.461742
vt 0.183727 0.439586
vt 0.205882 0.421404
vt 0.258586 0.399573
vt 0.343060 0.407893
vt 0.287109 0.396764
vt 0.315633 0.399573
vt 0.368336 0.421404
vt 0.390492 0.439586
vt 0.408674 0.461742
vt 0.430505 0.514446
vt 0.433314 0.542969
vt 0.430505 0.571492
vt 0.422185 0.598919
vt 0.408674 0.624196
vt 0.390492 0.646351
vt 0.368336 0.664534
s 1
usemtl マテリアル
f 66/1/1 3/2/2 1/3/1
f 65/4/2 5/5/3 3/2/2
f 67/6/3 7/7/4 5/5/3
f 68/8/4 9/9/5 7/7/4
f 69/10/5 11/11/6 9/9/5
f 70/12/6 13/13/7 11/11/6
f 13/13/7 72/14/8 15/15/8
f 72/14/8 17/16/9 15/15/8
f 73/17/9 19/18/10 17/16/9
f 19/18/10 75/19/11 21/20/11
f 75/19/11 23/21/12 21/20/11
f 76/22/12 25/23/13 23/21/12
f 77/24/13 27/25/14 25/23/13
f 78/26/14 29/27/15 27/25/14
f 79/28/15 31/29/16 29/27/15
f 80/30/16 33/31/17 31/29/16
f 81/32/17 35/33/18 33/31/17
f 82/34/18 37/35/19 35/33/18
f 83/36/19 39/37/20 37/35/19
f 84/38/20 41/39/21 39/37/20
f 85/40/21 43/41/22 41/39/21
f 86/42/22 45/43/23 43/41/22
f 87/44/23 47/45/24 45/43/23
f 47/45/24 89/46/25 49/47/25
f 89/46/25 51/48/26 49/47/25
f 90/49/26 53/50/27 51/48/26
f 91/51/27 55/52/28 53/50/27
f 92/53/28 57/54/29 55/52/28
f 93/55/29 59/56/30 57/54/29
f 94/57/30 61/58/31 59/56/30
s 0
f 22/59/32 1778/60/32 24/60/32
s 1
f 95/61/31 63/62/33 61/58/31
f 96/63/33 1/64/1 63/62/33
s 0
f 63/65/34 15/66/34 31/67/34
f 2/68/35 65/69/35 66/70/35
f 6/71/36 65/69/36 4/72/36
f 8/73/37 67/74/37 6/71/37
f 8/73/38 69/75/38 68/76/38
f 12/77/39 69/75/39 10/78/39
f 14/79/40 70/80/40 12/77/40
f 14/79/41 72/81/41 71/82/41
f 16/83/42 73/84/42 72/81/42
f 18/85/43 74/86/43 73/84/43
f 22/59/44 74/86/44 20/87/44
f 22/59/45 76/88/45 75/89/45
f 24/60/46 77/90/46 76/88/46
f 28/91/47 77/90/47 26/92/47
f 30/93/48 78/94/48 28/91/48
f 30/93/49 80/95/49 79/96/49
f 34/97/50 80/95/50 32/98/50
f 34/97/51 82/99/51 81/100/51
f 38/101/52 82/99/52 36/102/52
f 40/103/53 83/104/53 38/101/53
f 40/103/54 85/105/54 84/106/54
f 44/107/55 85/105/55 42/108/55
f 46/109/56 86/110/56 44/107/56
f 46/109/57 88/111/57 87/112/57
f 50/113/58 88/111/58 48/114/58
f 52/115/59 89/116/59 50/113/59
f 54/117/60 90/118/60 52/115/60
f 54/117/61 92/119/61 91/120/61
f 56/121/62 93/122/62 92/119/62
f 60/123/63 93/122/63 58/124/63
f 60/123/64 95/125/64 94/126/64
f 64/127/65 95/125/65 62/128/65
f 2/68/66 96/129/66 64/127/66
s 1
f 97/130/67 572/131/68 98/132/69
f 100/133/70 98/132/69 570/134/71
f 102/135/72 97/130/67 101/136/73
f 101/136/73 100/133/70 103/137/74
f 105/138/75 101/136/73 104/139/76
f 104/139/76 103/137/74 106/140/77
f 108/141/78 104/139/76 107/142/79
f 107/142/79 106/140/77 109/143/80
f 111/144/81 107/142/79 110/145/82
f 110/145/82 109/143/80 112/146/83
f 114/147/84 110/145/82 113/148/85
f 113/148/85 112/146/83 115/149/86
f 117/150/87 113/148/85 116/151/88
f 116/151/88 115/149/86 118/152/89
f 120/153/90 116/151/88 119/154/91
f 119/154/91 118/152/89 121/155/92
f 123/156/93 119/154/91 122/157/94
f 122/157/94 121/155/92 124/158/95
f 125/159/96 123/160/93 122/161/94
f 122/161/94 127/162/97 125/159/96
f 128/163/98 126/164/99 125/159/96
f 125/159/96 130/165/100 128/163/98
f 129/166/101 131/167/102 132/168/103
f 128/163/98 133/169/104 131/167/102
f 134/170/105 132/168/103 131/167/102
f 131/167/102 135/171/106 134/170/105
f 134/170/105 138/172/107 136/173/108
f 140/174/109 134/170/105 136/173/108
f 136/173/108 137/175/110 140/174/109
f 137/175/110 139/176/111 174/177/112
f 136/173/108 207/178/113 139/176/111
f 140/174/109 143/179/114 132/168/103
f 141/180/115 137/175/110 142/181/116
f 142/181/116 144/182/1 141/180/115
f 141/180/115 144/182/1 143/179/114
f 145/183/117 144/184/1 152/185/118
f 151/186/119 144/184/1 145/183/117
f 173/187/120 144/184/1 146/188/121
f 146/188/121 144/184/1 147/189/122
f 147/189/122 144/184/1 148/190/123
f 148/190/123 144/184/1 149/191/124
f 149/191/124 144/184/1 150/192/125
f 150/192/125 144/184/1 151/186/119
f 152/185/118 144/184/1 153/193/126
f 153/194/126 144/182/1 154/195/127
f 154/195/127 144/182/1 155/196/128
f 155/196/128 144/182/1 156/197/129
f 156/197/129 144/182/1 157/198/130
f 157/198/130 144/182/1 158/199/131
f 158/199/131 144/182/1 159/200/132
f 159/200/132 144/182/1 160/201/133
f 160/201/133 144/182/1 161/202/134
f 161/202/134 144/182/1 162/203/135
f 162/203/135 144/182/1 163/204/136
f 163/204/136 144/182/1 142/181/116
f 143/179/114 144/182/1 164/205/137
f 164/205/137 144/182/1 165/206/138
f 165/206/138 144/182/1 166/207/139
f 166/208/139 144/184/1 167/209/140
f 167/209/140 144/184/1 168/210/141
f 168/210/141 144/184/1 169/211/142
f 169/211/142 144/184/1 170/212/143
f 170/212/143 144/184/1 171/213/144
f 171/213/144 144/184/1 172/214/145
f 172/214/145 144/184/1 173/187/120
f 172/214/145 102/135/72 105/138/75
f 173/187/120 99/215/146 102/135/72
f 171/213/144 105/138/75 108/141/78
f 170/212/143 171/213/144 108/141/78
f 169/211/142 108/141/78 111/144/81
f 168/210/141 111/144/81 114/147/84
f 168/210/141 114/147/84 117/150/87
f 167/209/140 117/150/87 120/153/90
f 166/208/139 120/153/90 123/156/93
f 166/207/139 126/164/99 165/206/138
f 165/206/138 129/166/101 164/205/137
f 164/205/137 132/168/103 143/179/114
f 142/181/116 174/177/112 163/204/136
f 175/216/147 163/204/136 174/177/112
f 174/177/112 176/217/148 175/216/147
f 177/218/149 162/203/135 175/216/147
f 178/219/150 175/216/147 176/217/148
f 160/201/133 177/218/149 179/220/151
f 179/220/151 178/219/150 180/221/152
f 159/200/132 179/220/151 181/222/153
f 181/222/153 180/221/152 182/223/154
f 158/199/131 181/222/153 183/224/155
f 183/224/155 182/223/154 184/225/156
f 157/198/130 183/224/155 185/226/157
f 185/226/157 184/225/156 186/227/158
f 156/197/129 157/198/130 185/226/157
f 187/228/159 185/226/157 186/227/158
f 155/196/128 185/226/157 187/228/159
f 154/195/127 187/228/159 188/229/160
f 187/228/159 191/230/161 188/229/160
f 188/229/160 191/230/161 189/231/162
f 190/232/163 189/231/162 555/233/164
f 154/195/127 188/229/160 190/232/163
f 191/230/161 195/234/165 192/235/166
f 189/231/162 192/235/166 194/236/167
f 192/235/166 196/237/168 193/238/169
f 194/236/167 193/238/169 267/239/170
f 186/227/158 197/240/171 195/234/165
f 195/234/165 198/241/172 196/237/168
f 184/225/156 199/242/173 197/240/171
f 197/240/171 200/243/174 198/241/172
f 182/223/154 201/244/175 199/242/173
f 199/242/173 202/245/176 200/243/174
f 180/221/152 203/246/177 201/244/175
f 201/244/175 204/247/178 202/245/176
f 176/217/148 203/246/177 178/219/150
f 204/247/178 205/248/179 206/249/180
f 139/176/111 205/248/179 176/217/148
f 206/249/180 207/178/113 208/250/181
f 208/250/181 138/172/107 210/251/182
f 210/251/182 209/252/183 208/250/181
f 208/250/181 281/253/184 206/249/180
f 210/251/182 135/171/106 212/254/185
f 212/254/185 211/255/186 210/251/182
f 212/254/185 133/169/104 214/256/187
f 214/256/187 213/257/188 212/254/185
f 214/256/187 130/165/100 216/258/189
f 216/258/189 215/259/190 214/256/187
f 216/258/189 127/162/97 218/260/191
f 218/260/191 217/261/192 216/258/189
f 218/260/191 124/262/95 220/263/193
f 220/263/193 219/264/194 218/260/191
f 124/158/95 222/265/195 220/266/193
f 220/266/193 223/267/196 221/268/197
f 121/155/92 224/269/198 222/265/195
f 222/265/195 225/270/199 223/267/196
f 118/152/89 226/271/200 224/269/198
f 224/269/198 227/272/201 225/270/199
f 115/149/86 228/273/202 226/271/200
f 226/271/200 229/274/203 227/272/201
f 112/146/83 230/275/204 228/273/202
f 228/273/202 231/276/205 229/274/203
f 109/143/80 232/277/206 230/275/204
f 230/275/204 233/278/207 231/276/205
f 106/140/77 234/279/208 232/277/206
f 232/277/206 235/280/209 233/278/207
f 103/137/74 236/281/210 234/279/208
f 234/279/208 238/282/211 235/280/209
f 238/282/211 237/283/212 240/284/213
f 570/134/71 236/281/210 100/133/70
f 235/280/209 239/285/214 310/286/215
f 239/285/214 240/284/213 241/287/216
f 243/288/217 240/284/213 237/283/212
f 241/287/216 242/289/218 244/290/219
f 246/291/220 242/289/218 243/288/217
f 244/290/219 245/292/221 247/293/222
f 249/294/223 245/292/221 246/291/220
f 247/293/222 248/295/224 250/296/225
f 252/297/226 248/295/224 249/294/223
f 250/296/225 251/298/227 253/299/228
f 255/300/229 251/298/227 252/297/226
f 253/299/228 254/301/230 256/302/231
f 258/303/232 254/301/230 255/300/229
f 256/302/231 257/304/233 259/305/234
f 261/306/235 257/304/233 258/303/232
f 259/305/234 260/307/236 262/308/237
f 261/309/235 263/310/238 260/311/236
f 260/311/236 265/312/239 262/313/237
f 264/314/240 266/315/241 263/310/238
f 263/310/238 268/316/242 265/312/239
f 267/239/170 269/317/243 266/315/241
f 266/315/241 270/318/244 268/316/242
f 193/238/169 271/319/245 269/317/243
f 269/317/243 272/320/246 270/318/244
f 196/237/168 273/321/247 271/319/245
f 271/319/245 274/322/248 272/320/246
f 198/241/172 275/323/249 273/321/247
f 273/321/247 276/324/250 274/322/248
f 200/243/174 277/325/251 275/323/249
f 275/323/249 278/326/252 276/324/250
f 202/245/176 279/327/253 277/325/251
f 277/325/251 280/328/254 278/326/252
f 206/249/180 279/327/253 204/247/178
f 280/328/254 281/253/184 282/329/255
f 282/329/255 209/252/183 284/330/256
f 345/331/257 282/329/255 283/332/258
f 283/332/258 284/330/256 285/333/259
f 284/330/256 211/255/186 286/334/260
f 285/333/259 286/334/260 287/335/261
f 286/334/260 213/257/188 288/336/262
f 287/335/261 288/336/262 289/337/263
f 288/336/262 215/259/190 290/338/264
f 289/337/263 290/338/264 291/339/265
f 290/338/264 217/261/192 292/340/266
f 291/339/265 292/340/266 293/341/267
f 292/340/266 219/264/194 294/342/268
f 293/341/267 294/342/268 295/343/269
f 294/342/268 221/344/197 296/345/270
f 295/343/269 296/345/270 297/346/25
f 221/268/197 298/347/271 296/348/270
f 296/348/270 299/349/272 297/350/25
f 223/267/196 300/351/273 298/347/271
f 298/347/271 301/352/274 299/349/272
f 225/270/199 302/353/275 300/351/273
f 300/351/273 303/354/276 301/352/274
f 227/272/201 304/355/277 302/353/275
f 302/353/275 305/356/278 303/354/276
f 229/274/203 306/357/279 304/355/277
f 304/355/277 307/358/280 305/356/278
f 231/276/205 308/359/281 306/357/279
f 306/357/279 309/360/282 307/358/280
f 233/278/207 310/286/215 308/359/281
f 308/359/281 311/361/283 309/360/282
f 310/286/215 313/362/34 311/361/283
f 311/361/283 374/363/284 309/360/282
f 313/362/34 312/364/285 311/361/283
f 241/287/216 313/362/34 239/285/214
f 313/362/34 316/365/286 314/366/287
f 244/290/219 315/367/288 241/287/216
f 315/367/288 318/368/289 316/365/286
f 317/369/290 247/293/222 319/370/291
f 317/369/290 320/371/292 318/368/289
f 319/370/291 250/296/225 321/372/293
f 319/370/291 322/373/294 320/371/292
f 321/372/293 253/299/228 323/374/295
f 321/372/293 324/375/296 322/373/294
f 323/374/295 256/302/231 325/376/297
f 323/374/295 326/377/298 324/375/296
f 325/376/297 259/305/234 327/378/299
f 325/376/297 328/379/300 326/377/298
f 327/378/299 262/308/237 329/380/9
f 327/378/299 330/381/301 328/379/300
f 262/313/237 331/382/302 329/383/9
f 331/382/302 330/384/301 329/383/9
f 265/312/239 333/385/303 331/382/302
f 333/385/303 332/386/304 331/382/302
f 268/316/242 335/387/305 333/385/303
f 335/387/305 334/388/306 333/385/303
f 270/318/244 337/389/307 335/387/305
f 337/389/307 336/390/308 335/387/305
f 272/320/246 339/391/309 337/389/307
f 339/391/309 338/392/310 337/389/307
f 274/322/248 341/393/311 339/391/309
f 341/393/311 340/394/312 339/391/309
f 276/324/250 343/395/313 341/393/311
f 343/395/313 342/396/314 341/393/311
f 278/326/252 345/331/257 343/395/313
f 345/331/257 344/397/315 343/395/313
f 345/331/257 348/398/316 346/399/317
f 346/399/317 409/400/318 344/397/315
f 346/399/317 349/401/319 347/402/320
f 283/332/258 350/403/321 348/398/316
f 348/398/316 351/404/322 349/401/319
f 285/333/259 352/405/323 350/403/321
f 350/403/321 353/406/324 351/404/322
f 287/335/261 354/407/325 352/405/323
f 352/405/323 355/408/326 353/406/324
f 289/337/263 356/409/327 354/407/325
f 354/407/325 357/410/328 355/408/326
f 291/339/265 358/411/329 356/409/327
f 356/409/327 359/412/330 357/410/328
f 293/341/267 360/413/331 358/411/329
f 358/411/329 361/414/332 359/412/330
f 295/343/269 362/415/333 360/413/331
f 360/413/331 363/416/334 361/414/332
f 299/349/272 362/417/333 297/350/25
f 364/418/335 363/419/334 362/417/333
f 301/352/274 364/418/335 299/349/272
f 366/420/336 365/421/337 364/418/335
f 303/354/276 366/420/336 301/352/274
f 368/422/338 367/423/339 366/420/336
f 305/356/278 368/422/338 303/354/276
f 370/424/340 369/425/341 368/422/338
f 307/358/280 370/424/340 305/356/278
f 372/426/342 371/427/343 370/424/340
f 309/360/282 372/426/342 307/358/280
f 374/363/284 373/428/344 372/426/342
f 312/364/285 375/429/345 374/363/284
f 376/430/346 377/431/347 378/432/348
f 438/433/349 375/429/345 376/430/346
f 314/366/287 377/431/347 312/364/285
f 379/434/350 378/432/348 377/431/347
f 314/366/287 381/435/351 379/434/350
f 379/434/350 382/436/352 380/437/353
f 316/365/286 383/438/354 381/435/351
f 381/435/351 384/439/355 382/436/352
f 318/368/289 385/440/356 383/438/354
f 383/438/354 386/441/357 384/439/355
f 320/371/292 387/442/358 385/440/356
f 385/440/356 388/443/359 386/441/357
f 322/373/294 389/444/360 387/442/358
f 387/442/358 390/445/361 388/443/359
f 324/375/296 391/446/362 389/444/360
f 389/444/360 392/447/363 390/445/361
f 326/377/298 393/448/364 391/446/362
f 391/446/362 394/449/365 392/447/363
f 328/379/300 395/450/366 393/448/364
f 393/448/364 396/451/367 394/449/365
f 332/386/304 395/452/366 330/384/301
f 396/453/367 397/454/368 398/455/369
f 334/388/306 397/454/368 332/386/304
f 398/455/369 399/456/370 400/457/371
f 336/390/308 399/456/370 334/388/306
f 400/457/371 401/458/372 402/459/373
f 338/392/310 401/458/372 336/390/308
f 402/459/373 403/460/374 404/461/375
f 340/394/312 403/460/374 338/392/310
f 404/461/375 405/462/376 406/463/377
f 342/396/314 405/462/376 340/394/312
f 406/463/377 407/464/378 408/465/379
f 344/397/315 407/464/378 342/396/314
f 408/465/379 409/400/318 410/466/380
f 410/466/380 347/402/320 412/467/381
f 412/467/381 411/468/382 410/466/380
f 410/466/380 473/469/383 408/465/379
f 347/402/320 414/470/384 412/467/381
f 412/467/381 415/471/385 413/472/386
f 349/401/319 416/473/387 414/470/384
f 414/470/384 417/474/388 415/471/385
f 351/404/322 418/475/389 416/473/387
f 416/473/387 419/476/390 417/474/388
f 353/406/324 420/477/391 418/475/389
f 418/475/389 421/478/392 419/476/390
f 355/408/326 422/479/393 420/477/391
f 420/477/391 423/480/394 421/478/392
f 357/410/328 424/481/395 422/479/393
f 422/479/393 425/482/396 423/480/394
f 359/412/330 426/483/397 424/481/395
f 424/481/395 427/484/398 425/482/396
f 361/414/332 428/485/399 426/483/397
f 426/483/397 429/486/400 427/484/398
f 428/487/399 365/421/337 430/488/401
f 430/488/401 429/489/400 428/487/399
f 430/488/401 367/423/339 432/490/402
f 432/490/402 431/491/403 430/488/401
f 432/490/402 369/425/341 434/492/404
f 434/492/404 433/493/405 432/490/402
f 434/492/404 371/427/343 436/494/406
f 436/494/406 435/495/407 434/492/404
f 436/494/406 373/428/344 438/433/349
f 438/433/349 437/496/408 436/494/406
f 376/430/346 439/497/409 438/433/349
f 440/498/410 441/499/411 442/500/412
f 511/501/413 439/497/409 440/498/410
f 378/432/348 441/499/411 376/430/346
f 442/500/412 443/502/414 444/503/415
f 380/437/353 443/502/414 378/432/348
f 444/503/415 445/504/416 446/505/417
f 445/504/416 448/506/418 446/505/417
f 380/437/353 447/507/419 445/504/416
f 382/436/352 449/508/420 447/507/419
f 447/507/419 450/509/421 448/506/418
f 384/439/355 451/510/422 449/508/420
f 449/508/420 452/511/423 450/509/421
f 386/441/357 453/512/424 451/510/422
f 451/510/422 454/513/425 452/511/423
f 388/443/359 455/514/426 453/512/424
f 453/512/424 456/515/427 454/513/425
f 390/445/361 457/516/428 455/514/426
f 455/514/426 458/517/429 456/515/427
f 392/447/363 459/518/430 457/516/428
f 457/516/428 460/519/431 458/517/429
f 394/449/365 461/520/432 459/518/430
f 459/518/430 462/521/433 460/519/431
f 398/455/369 461/522/432 396/453/367
f 462/523/433 463/524/434 464/525/435
f 400/457/371 463/524/434 398/455/369
f 464/525/435 465/526/436 466/527/437
f 402/459/373 465/526/436 400/457/371
f 466/527/437 467/528/438 468/529/439
f 404/461/375 467/528/438 402/459/373
f 468/529/439 469/530/440 470/531/441
f 406/463/377 469/530/440 404/461/375
f 470/531/441 471/532/442 472/533/443
f 408/465/379 471/532/442 406/463/377
f 472/533/443 473/469/383 474/534/444
f 474/534/444 411/468/382 476/535/445
f 544/536/446 474/534/444 475/537/447
f 475/537/447 476/535/445 477/538/448
f 476/535/445 413/472/386 478/539/449
f 477/538/448 478/539/449 479/540/450
f 413/472/386 480/541/451 478/539/449
f 478/539/449 481/542/452 479/540/450
f 415/471/385 482/543/453 480/541/451
f 480/541/451 483/544/454 481/542/452
f 417/474/388 484/545/455 482/543/453
f 482/543/453 485/546/456 483/544/454
f 419/476/390 486/547/457 484/545/455
f 484/545/455 487/548/458 485/546/456
f 486/547/457 487/548/458 484/545/455
f 487/548/458 490/549/459 488/550/460
f 485/546/456 488/550/460 553/551/461
f 489/552/462 493/553/463 490/549/459
f 495/554/464 489/552/462 486/547/457
f 495/554/464 492/555/465 491/556/466
f 492/555/465 494/557/467 491/556/466
f 491/556/466 497/558/468 493/553/463
f 421/478/392 495/554/464 486/547/457
f 423/480/394 492/555/465 495/554/464
f 496/559/469 498/560/470 494/557/467
f 494/557/467 500/561/471 497/558/468
f 502/562/472 498/563/470 499/564/473
f 501/565/474 500/566/471 498/563/470
f 505/567/475 501/565/474 502/562/472
f 504/568/476 503/569/477 501/565/474
f 508/570/478 504/568/476 505/567/475
f 506/571/479 507/572/480 509/573/481
f 511/501/413 507/572/480 508/570/478
f 510/574/482 509/573/481 507/572/480
f 440/498/410 510/574/482 511/501/413
f 512/575/483 513/576/484 514/577/485
f 442/500/412 513/576/484 440/498/410
f 515/578/486 514/577/485 513/576/484
f 444/503/415 515/578/486 442/500/412
f 516/579/487 517/580/488 518/581/489
f 446/505/417 517/580/488 444/503/415
f 519/582/490 518/581/489 517/580/488
f 446/505/417 521/583/491 519/582/490
f 519/582/490 522/584/492 520/585/493
f 448/506/418 523/586/494 521/583/491
f 521/583/491 524/587/495 522/584/492
f 450/509/421 525/588/496 523/586/494
f 523/586/494 526/589/497 524/587/495
f 452/511/423 527/590/498 525/588/496
f 525/588/496 528/591/499 526/589/497
f 454/513/425 529/592/500 527/590/498
f 527/590/498 530/593/501 528/591/499
f 456/515/427 531/594/502 529/592/500
f 529/592/500 532/595/503 530/593/501
f 458/517/429 533/596/504 531/594/502
f 531/594/502 534/597/505 532/595/503
f 460/519/431 535/598/506 533/596/504
f 533/596/504 536/599/507 534/597/505
f 464/525/435 535/600/506 462/523/433
f 537/601/508 536/602/507 535/600/506
f 537/601/508 466/527/437 539/603/509
f 539/603/509 538/604/510 537/601/508
f 539/603/509 466/527/437 468/529/439
f 540/605/511 539/603/509 541/606/512
f 468/529/439 541/606/512 539/603/509
f 542/607/513 540/605/511 541/606/512
f 541/606/512 470/531/441 542/607/513
f 472/533/443 542/607/513 470/531/441
f 544/536/446 543/608/514 542/607/513
f 545/609/515 542/607/513 543/608/514
f 546/610/17 540/605/511 545/609/515
f 546/610/17 545/609/515 543/608/514
f 546/610/17 488/550/460 490/549/459
f 546/610/17 553/551/461 488/550/460
f 546/611/17 518/581/489 520/585/493
f 546/611/17 520/585/493 522/584/492
f 546/611/17 522/584/492 524/587/495
f 546/611/17 524/587/495 526/589/497
f 546/611/17 526/589/497 528/591/499
f 546/611/17 528/591/499 530/593/501
f 546/611/17 530/593/501 532/595/503
f 546/611/17 532/595/503 534/597/505
f 546/611/17 534/597/505 536/599/507
f 546/610/17 536/602/507 538/604/510
f 546/610/17 538/604/510 540/605/511
f 546/610/17 543/608/514 547/612/516
f 546/610/17 547/612/516 548/613/517
f 546/610/17 548/613/517 549/614/518
f 546/610/17 549/614/518 550/615/519
f 546/610/17 550/615/519 551/616/520
f 546/610/17 551/616/520 552/617/521
f 546/610/17 552/617/521 553/551/461
f 546/610/17 490/549/459 493/553/463
f 546/610/17 493/553/463 497/558/468
f 546/610/17 497/558/468 500/561/471
f 546/611/17 500/566/471 503/569/477
f 546/611/17 503/569/477 506/571/479
f 546/611/17 506/571/479 509/573/481
f 546/611/17 509/573/481 512/575/483
f 546/611/17 512/575/483 514/577/485
f 546/611/17 514/577/485 516/579/487
f 546/611/17 516/579/487 518/581/489
f 483/544/454 553/551/461 552/617/521
f 481/542/452 552/617/521 551/616/520
f 479/540/450 551/616/520 550/615/519
f 479/540/450 549/614/518 477/538/448
f 548/613/517 477/538/448 549/614/518
f 547/612/516 475/537/447 548/613/517
f 508/570/478 437/496/408 511/501/413
f 505/567/475 435/495/407 508/570/478
f 502/562/472 433/493/405 505/567/475
f 499/564/473 431/491/403 502/562/472
f 427/484/398 499/618/473 496/559/469
f 425/482/396 496/559/469 492/555/465
f 554/619/522 267/239/170 264/314/240
f 556/620/523 264/314/240 261/309/235
f 555/233/164 194/236/167 554/619/522
f 557/621/524 554/619/522 556/620/523
f 557/622/524 558/623/525 559/624/526
f 258/303/232 556/625/523 261/306/235
f 559/624/526 560/626/527 561/627/528
f 255/300/229 558/623/525 258/303/232
f 561/627/528 562/628/529 563/629/530
f 252/297/226 560/626/527 255/300/229
f 563/629/530 564/630/531 565/631/532
f 249/294/223 562/628/529 252/297/226
f 565/631/532 566/632/533 567/633/534
f 246/291/220 564/630/531 249/294/223
f 567/633/534 568/634/535 569/635/536
f 566/632/533 243/288/217 568/634/535
f 569/635/536 570/134/71 98/132/69
f 568/634/535 237/283/212 570/134/71
f 571/636/537 98/132/69 572/131/68
f 573/637/538 569/635/536 571/636/537
f 148/190/123 572/131/68 147/189/122
f 149/191/124 571/636/537 148/190/123
f 150/192/125 573/637/538 149/191/124
f 574/638/539 567/633/534 573/637/538
f 574/638/539 151/186/119 575/639/540
f 565/631/532 575/639/540 563/629/530
f 145/183/117 575/639/540 151/186/119
f 576/640/541 563/629/530 575/639/540
f 152/185/118 576/640/541 145/183/117
f 561/627/528 577/641/542 559/624/526
f 153/193/126 577/641/542 152/185/118
f 578/642/543 559/624/526 577/641/542
f 153/194/126 190/232/163 578/643/543
f 578/643/543 555/233/164 557/621/524
f 99/215/146 147/189/122 572/131/68
f 581/644/257 580/645/544 579/646/257
s 0
f 582/647/1 579/648/1 580/649/1
s 1
f 582/650/545 581/651/257 579/652/257
f 583/653/546 584/654/545 582/650/545
s 0
f 582/647/1 585/655/1 583/656/1
f 580/649/1 585/655/1 582/647/1
s 1
f 642/657/544 585/658/547 580/645/544
f 591/659/548 585/658/547 586/660/547
s 0
f 585/655/1 587/661/1 583/656/1
f 588/662/1 583/656/1 587/661/1
f 589/663/1 588/662/1 587/661/1
f 587/661/1 590/664/1 589/663/1
s 1
f 591/659/548 590/665/549 587/666/548
s 0
f 586/667/17 593/668/17 591/669/17
f 592/670/17 591/669/17 594/671/17
f 593/668/17 594/671/17 591/669/17
s 1
f 597/672/550 594/673/551 589/674/551
f 589/674/551 593/675/552 588/676/552
s 0
f 595/677/17 592/670/17 594/671/17
f 596/678/17 598/679/17 595/677/17
s 1
f 595/680/550 640/681/553 596/682/553
f 601/683/554 598/684/555 600/685/554
f 592/686/556 599/687/555 590/665/549
f 600/685/554 604/688/557 601/683/554
s 0
f 602/689/17 600/690/17 596/678/17
f 602/689/17 639/691/17 603/692/17
s 1
f 602/693/557 607/694/9 604/688/557
s 0
f 604/695/1 640/696/1 601/697/1
f 606/698/1 605/699/1 604/695/1
f 607/700/1 606/698/1 604/695/1
s 1
f 603/701/9 608/702/558 607/694/9
s 0
f 607/700/1 608/703/1 609/704/1
s 1
f 609/705/559 613/706/25 606/707/25
s 0
f 610/708/1 608/703/1 615/709/1
s 1
f 611/710/559 610/711/560 612/712/560
s 0
f 611/713/17 612/714/17 614/715/17
f 617/716/17 611/713/17 614/715/17
s 1
f 616/717/561 615/718/562 614/719/562
f 617/720/558 615/718/562 608/702/558
s 0
f 616/721/17 612/714/17 618/722/17
f 613/723/17 603/692/17 639/691/17
f 619/724/17 618/722/17 625/725/17
s 1
f 616/717/561 621/726/563 620/727/561
s 0
f 610/708/1 620/728/1 622/729/1
f 621/730/1 622/729/1 620/728/1
s 1
f 618/731/564 610/711/560 622/732/564
f 618/731/564 623/733/565 625/734/565
f 624/735/566 625/734/565 623/733/565
s 0
f 624/736/1 623/737/1 621/730/1
f 625/725/17 626/738/17 619/724/17
f 626/738/17 627/739/17 628/740/17
s 1
f 626/741/566 638/742/567 627/743/567
s 0
f 619/724/17 626/738/17 628/740/17
s 1
f 628/744/568 631/745/569 629/746/568
f 619/747/563 629/746/568 621/726/563
s 0
f 630/748/17 628/740/17 627/739/17
s 1
f 630/749/569 634/750/570 631/745/569
s 0
f 627/739/17 632/751/17 630/748/17
f 630/748/17 632/751/17 633/752/17
f 632/751/17 635/753/17 633/752/17
s 1
f 633/754/570 636/755/34 634/750/570
f 632/756/571 636/755/34 635/757/34
s 0
f 634/758/1 636/759/1 637/760/1
f 637/760/1 638/761/1 634/758/1
s 1
f 637/762/571 627/743/567 638/742/567
s 0
f 624/736/1 631/763/1 638/761/1
f 631/763/1 634/758/1 638/761/1
f 629/764/1 631/763/1 624/736/1
f 621/730/1 629/764/1 624/736/1
s 1
f 606/707/25 639/765/572 605/766/572
f 596/682/553 605/766/572 639/765/572
s 0
f 640/696/1 599/767/1 601/697/1
f 590/664/1 597/768/1 589/663/1
f 641/769/17 593/668/17 586/667/17
s 1
f 583/653/546 593/675/552 641/770/546
s 0
f 641/769/17 642/771/17 584/772/17
f 586/667/17 642/771/17 641/769/17
f 642/771/17 581/773/17 584/772/17
s 1
f 654/774/544 643/775/257 645/776/257
s 0
f 646/777/1 643/778/1 644/779/1
s 1
f 646/780/545 645/776/257 643/775/257
f 646/780/545 655/781/546 647/782/545
s 0
f 646/777/1 649/783/1 648/784/1
f 644/779/1 649/783/1 646/777/1
f 649/783/1 650/785/1 648/784/1
s 1
f 651/786/547 650/787/548 649/788/547
f 651/786/547 644/789/544 654/774/544
s 0
f 651/786/17 654/774/17 647/782/17
f 647/782/17 655/781/17 651/786/17
f 651/786/17 653/790/17 652/791/17
f 655/781/17 653/790/17 651/786/17
s 1
f 655/781/546 657/792/552 653/790/552
s 0
f 654/774/17 645/776/17 647/782/17
f 653/790/17 656/793/17 652/791/17
s 1
f 653/790/552 658/794/551 656/793/573
s 0
f 657/795/1 648/784/1 650/785/1
f 658/796/1 657/795/1 650/785/1
f 650/785/1 660/797/1 658/796/1
f 662/798/1 658/796/1 660/797/1
s 1
f 659/799/550 656/793/573 658/794/551
f 652/791/548 660/800/549 650/787/548
f 661/801/549 662/802/555 660/800/549
f 665/803/554 662/802/555 663/804/555
s 0
f 667/805/1 662/798/1 664/806/1
s 1
f 666/807/557 665/803/554 672/808/557
s 0
f 667/805/1 666/809/1 668/810/1
s 1
f 669/811/553 668/812/572 670/813/572
f 659/799/550 669/811/553 671/814/550
s 0
f 672/808/17 670/813/17 673/815/17
f 663/804/17 669/811/17 665/803/17
f 672/808/17 665/803/17 669/811/17
s 1
f 674/816/9 672/808/557 673/815/9
s 0
f 673/815/17 678/817/17 675/818/17
s 1
f 676/819/558 673/815/9 675/818/558
f 677/820/562 676/819/558 675/818/558
s 0
f 679/821/17 675/818/17 678/817/17
s 1
f 670/813/572 680/822/25 678/817/25
f 678/817/25 681/823/559 679/821/559
s 0
f 674/824/1 680/825/1 666/809/1
f 680/825/1 668/810/1 666/809/1
s 1
f 681/823/559 685/826/560 679/821/559
s 0
f 683/827/1 681/828/1 676/829/1
f 674/824/1 676/829/1 681/828/1
f 682/830/1 689/831/1 684/832/1
s 1
f 685/826/560 684/833/564 686/834/564
s 0
f 679/821/17 685/826/17 677/820/17
f 688/835/17 685/826/17 686/834/17
s 1
f 699/836/565 686/834/564 684/833/564
s 0
f 688/835/17 687/837/17 690/838/17
s 1
f 688/835/561 691/839/563 689/840/561
f 677/820/562 689/840/561 683/841/562
s 0
f 687/837/17 693/842/17 690/838/17
s 1
f 690/838/563 696/843/568 691/839/563
s 0
f 690/838/17 693/842/17 692/844/17
s 1
f 687/837/565 695/845/566 693/842/566
s 0
f 693/842/17 694/846/17 692/844/17
s 1
f 693/842/566 698/847/567 694/846/567
s 0
f 696/848/1 697/849/1 695/850/1
f 691/851/1 696/848/1 695/850/1
f 695/850/1 697/849/1 698/852/1
f 695/850/1 699/853/1 691/851/1
f 699/853/1 689/831/1 691/851/1
f 697/849/1 701/854/1 698/852/1
f 700/855/1 698/852/1 701/854/1
s 1
f 705/856/571 698/847/567 700/857/571
f 702/858/570 697/859/569 706/860/569
f 703/861/34 702/858/570 704/862/34
s 0
f 701/854/1 703/863/1 700/855/1
s 1
f 705/856/571 703/861/34 704/862/34
s 0
f 705/856/17 704/862/17 702/858/17
f 694/846/17 705/856/17 702/858/17
f 702/858/17 706/860/17 694/846/17
s 1
f 692/844/568 697/859/569 696/843/568
s 0
f 706/860/17 692/844/17 694/846/17
f 663/804/17 656/793/17 671/814/17
f 661/801/17 652/791/17 656/793/17
f 709/864/574 707/865/574 708/866/574
f 712/867/575 707/868/575 710/869/575
f 710/870/576 709/871/576 711/872/576
f 713/873/577 711/874/577 714/875/577
f 712/876/578 713/873/578 715/877/578
f 715/877/579 713/873/579 714/875/579
f 715/877/580 716/878/580 717/879/580
f 714/875/580 716/878/580 715/877/580
f 718/880/581 715/877/581 717/879/581
f 716/878/580 720/881/580 717/879/580
f 717/879/582 734/882/582 718/880/582
f 719/883/580 717/879/580 720/881/580
f 721/884/583 716/878/583 802/885/583
f 725/886/584 720/881/584 721/884/584
f 722/887/580 719/883/580 720/881/580
f 720/881/580 723/888/580 722/887/580
f 724/889/580 722/887/580 723/888/580
f 723/888/585 726/890/585 724/889/585
f 727/891/586 721/892/586 729/893/586
f 728/894/587 725/895/587 727/891/587
f 732/896/574 727/897/574 730/898/574
f 727/897/574 729/899/574 730/898/574
f 731/900/574 730/898/574 729/899/574
f 733/901/588 731/902/588 734/903/588
f 730/904/589 735/905/589 732/906/589
f 719/883/590 733/907/590 734/882/590
f 722/887/591 735/908/591 733/907/591
f 736/909/592 737/910/592 735/908/592
f 732/906/593 737/911/593 738/912/593
f 740/913/594 738/912/594 737/911/594
f 739/914/595 740/915/595 737/910/595
f 742/916/596 741/917/596 740/915/596
f 743/918/597 741/919/597 744/920/597
f 747/921/574 743/922/574 745/923/574
f 745/923/574 744/924/574 746/925/574
f 745/926/598 750/927/598 748/928/598
f 745/926/599 749/929/599 747/930/599
f 748/931/600 753/932/600 749/933/600
f 752/934/601 748/931/601 750/935/601
f 751/936/580 752/934/580 754/937/580
f 757/938/580 751/936/580 754/937/580
f 741/917/602 754/937/602 755/939/602
f 756/940/603 755/939/603 754/937/603
f 752/934/580 756/940/580 754/937/580
f 757/938/580 742/916/580 753/932/580
f 759/941/604 758/942/604 756/940/604
f 761/943/580 756/940/580 760/944/580
f 761/943/605 762/945/605 763/946/605
f 760/944/606 750/935/606 762/945/606
f 764/947/607 763/948/607 762/949/607
f 746/950/608 762/949/608 750/927/608
f 768/951/574 764/952/574 766/953/574
f 767/954/574 766/953/574 764/952/574
f 746/925/574 767/954/574 764/952/574
f 741/919/609 767/955/609 744/920/609
f 766/956/610 755/957/610 758/958/610
f 768/959/611 758/958/611 770/960/611
f 769/961/574 765/962/574 768/951/574
f 770/960/612 769/963/612 768/959/612
f 770/964/613 773/965/613 771/966/613
f 771/967/614 781/968/614 769/963/614
f 771/966/615 774/969/615 772/970/615
f 774/969/580 773/965/580 775/971/580
f 773/965/580 761/943/580 775/971/580
f 763/946/616 775/971/616 761/943/616
f 775/971/580 776/972/580 774/969/580
f 776/972/617 777/973/617 778/974/617
f 779/975/618 778/976/618 777/977/618
f 777/977/619 765/978/619 779/975/619
f 769/961/574 781/979/574 779/980/574
f 779/980/574 781/979/574 780/981/574
f 782/982/620 772/983/620 786/984/620
f 781/979/574 782/985/574 780/981/574
f 782/985/574 783/986/574 784/987/574
f 786/984/621 783/988/621 782/982/621
f 784/987/574 785/989/574 782/985/574
f 785/989/574 780/981/574 782/985/574
f 787/990/622 772/970/622 774/969/622
f 790/991/623 786/992/623 787/990/623
f 796/993/624 788/994/624 789/995/624
f 788/996/625 792/997/625 789/998/625
f 790/991/580 787/990/580 791/999/580
f 791/999/626 792/997/626 790/991/626
f 792/997/627 793/1000/627 789/998/627
f 794/1001/580 791/999/580 787/990/580
f 795/1002/628 791/999/628 794/1001/628
f 774/969/580 794/1001/580 787/990/580
f 794/1001/629 778/974/629 795/1002/629
f 776/972/580 794/1001/580 774/969/580
f 793/1003/630 785/1004/630 784/1005/630
f 780/1006/631 795/1007/631 778/976/631
f 784/1005/632 789/995/632 793/1003/632
f 783/986/574 796/1008/574 784/987/574
f 797/1009/633 749/933/633 753/932/633
f 742/916/580 797/1009/580 753/932/580
f 724/889/634 798/1010/634 797/1009/634
f 797/1009/580 736/909/580 724/889/580
f 726/1011/635 799/1012/635 798/1013/635
f 798/1013/636 747/930/636 749/929/636
f 799/1014/574 732/896/574 738/1015/574
f 747/921/574 799/1014/574 738/1015/574
f 734/903/637 801/1016/637 718/1017/637
f 801/1018/574 731/900/574 800/1019/574
f 800/1019/574 731/900/574 729/899/574
f 800/1019/574 709/864/574 801/1018/574
f 708/1020/638 718/1017/638 801/1016/638
f 801/1018/574 709/864/574 708/866/574
f 729/893/639 802/1021/639 800/1022/639
f 800/1022/640 711/872/640 709/871/640
f 802/885/641 714/875/641 711/874/641
s 1
f 805/1023/642 804/1024/643 803/1025/644
f 1032/1026/645 803/1025/644 804/1024/643
f 807/1027/646 805/1023/642 803/1025/644
f 808/1028/647 803/1025/644 806/1029/648
f 812/1030/649 807/1027/646 808/1028/647
f 810/1031/650 809/1032/651 807/1027/646
f 810/1031/650 814/1033/652 811/1034/653
f 809/1032/651 811/1034/653 1280/1035/654
f 813/1036/655 808/1028/647 1277/1037/656
f 815/1038/657 812/1030/649 813/1036/655
f 811/1034/653 816/1039/658 817/1040/659
f 818/1041/660 814/1033/652 815/1038/657
f 819/1042/661 817/1040/659 816/1039/658
f 821/1043/662 816/1039/658 818/1041/660
f 820/1044/663 822/1045/664 823/1046/665
f 824/1047/666 819/1042/661 821/1043/662
f 825/1048/667 823/1046/665 822/1045/664
f 827/1049/668 822/1045/664 824/1047/666
f 828/1050/669 826/1051/670 825/1048/667
f 825/1048/667 829/1052/671 828/1050/669
f 831/1053/672 829/1052/671 833/1054/673
f 828/1050/669 834/1055/674 830/1056/675
f 833/1054/673 832/1057/676 831/1053/672
f 836/1058/677 831/1053/672 832/1057/676
f 830/1056/675 835/1059/678 1284/1060/679
f 834/1055/674 838/1061/680 835/1059/678
f 832/1057/676 837/1062/681 836/1058/677
f 840/1063/682 836/1058/677 837/1062/681
f 839/1064/683 838/1061/680 840/1063/682
f 835/1059/678 839/1064/683 872/1065/684
f 841/1066/685 837/1062/681 842/1067/686
f 841/1066/685 839/1064/683 840/1063/682
f 845/1068/687 842/1067/686 846/1069/688
f 841/1066/685 848/1070/689 843/1071/690
f 843/1071/690 844/1072/691 841/1066/685
f 841/1066/685 844/1072/691 839/1064/683
f 847/1073/692 845/1068/687 846/1069/688
f 848/1070/689 845/1068/687 847/1073/692
f 849/1074/693 847/1073/692 953/1075/694
f 849/1074/693 850/1076/695 848/1070/689
f 848/1070/689 850/1076/695 843/1071/690
f 852/1077/696 850/1076/695 851/1078/697
f 851/1078/697 850/1076/695 877/1079/698
f 853/1080/699 850/1076/695 852/1077/696
f 854/1081/700 850/1076/695 853/1080/699
f 876/1082/701 850/1076/695 854/1081/700
f 860/1083/702 850/1076/695 855/1084/703
f 855/1084/703 850/1076/695 856/1085/704
f 856/1085/704 850/1076/695 857/1086/705
f 857/1086/705 850/1076/695 861/1087/706
f 858/1088/707 850/1076/695 859/1089/708
f 877/1079/698 850/1076/695 858/1088/707
f 859/1089/708 850/1076/695 860/1083/702
f 861/1087/706 850/1076/695 862/1090/709
f 862/1090/709 850/1076/695 863/1091/710
f 863/1091/710 850/1076/695 864/1092/711
f 864/1092/711 850/1076/695 865/1093/712
f 865/1093/712 850/1076/695 866/1094/713
f 866/1094/713 850/1076/695 874/1095/714
f 843/1071/690 850/1076/695 844/1072/691
f 844/1072/691 850/1076/695 839/1064/683
f 839/1064/683 850/1076/695 872/1065/684
f 867/1096/715 850/1076/695 868/1097/716
f 870/1098/717 850/1076/695 867/1096/715
f 868/1097/716 850/1076/695 869/1099/718
f 869/1099/718 850/1076/695 875/1100/719
f 871/1101/720 850/1076/695 870/1098/717
f 872/1065/684 850/1076/695 871/1101/720
f 873/1102/721 850/1076/695 849/1074/693
f 874/1095/714 850/1076/695 873/1102/721
f 875/1100/719 850/1076/695 876/1082/701
f 878/1103/722 851/1078/697 877/1079/698
f 877/1079/698 880/1104/723 878/1103/722
f 881/1105/724 879/1106/725 878/1103/722
f 878/1103/722 880/1104/723 881/1105/724
f 881/1105/724 885/1107/726 882/1108/727
f 880/1104/723 883/1109/728 881/1105/724
f 881/1105/724 883/1109/728 884/1110/729
f 886/1111/730 885/1107/726 884/1110/729
f 889/1112/731 884/1110/729 887/1113/732
f 887/1113/732 883/1109/728 888/1114/733
f 888/1114/733 890/1115/734 887/1113/732
f 892/1116/735 887/1113/732 890/1115/734
f 893/1117/736 891/1118/737 894/1119/738
f 890/1115/734 896/1120/739 892/1116/735
f 969/1121/740 893/1117/736 894/1119/738
f 896/1120/739 895/1122/741 898/1123/742
f 897/1124/743 892/1116/735 896/1120/739
f 898/1123/742 897/1124/743 896/1120/739
f 898/1123/742 968/1125/744 899/1126/745
f 900/1127/746 899/1126/745 902/1128/747
f 901/1129/748 902/1128/747 903/1130/749
f 1041/1131/750 900/1127/746 901/1129/748
f 904/1132/751 903/1130/749 902/1128/747
f 902/1128/747 905/1133/752 904/1132/751
f 904/1132/751 908/1134/753 907/1135/754
f 906/1136/755 907/1135/754 910/1137/756
f 977/1138/757 907/1135/754 908/1134/753
f 910/1137/756 909/1139/758 912/1140/759
f 1166/1141/760 910/1137/756 911/1142/761
f 911/1142/761 912/1140/759 913/1143/762
f 914/1144/763 913/1143/762 912/1140/759
f 912/1140/759 915/1145/764 914/1144/763
f 918/1146/765 914/1144/763 915/1145/764
f 917/1147/766 916/1148/767 914/1144/763
f 984/1149/768 917/1147/766 918/1146/765
f 920/1150/769 919/1151/770 922/1152/257
f 916/1153/767 921/1154/771 1155/1155/772
f 920/1156/769 923/1157/773 921/1154/771
f 924/1158/774 919/1151/770 925/1159/775
f 924/1160/774 923/1157/773 922/1161/257
f 925/1159/775 927/1162/776 924/1158/774
f 927/1163/776 926/1164/777 924/1160/774
f 930/1165/778 928/1166/779 933/1167/780
f 930/1168/778 929/1169/781 927/1163/776
f 933/1167/780 931/1170/782 930/1165/778
f 932/1171/783 931/1172/782 1121/1173/784
f 987/1174/785 933/1167/780 928/1166/779
f 935/1175/786 934/1176/787 937/1177/788
f 1125/1178/789 935/1175/786 936/1179/790
f 937/1177/788 936/1179/790 935/1175/786
f 947/1180/791 937/1177/788 934/1176/787
f 939/1181/792 938/1182/793 941/1183/794
f 988/1184/795 939/1181/792 940/1185/796
f 940/1185/796 941/1183/794 943/1186/797
f 944/1187/798 941/1183/794 938/1182/793
f 943/1186/797 942/1188/799 832/1057/676
f 943/1186/797 989/1189/800 940/1185/796
f 842/1067/686 837/1062/681 942/1188/799
f 842/1067/686 944/1187/798 846/1069/688
f 846/1069/688 945/1190/801 946/1191/802
f 938/1182/793 945/1190/801 944/1187/798
f 946/1191/802 948/1192/803 951/1193/804
f 948/1192/803 947/1180/791 950/1194/805
f 950/1194/805 949/1195/806 948/1192/803
f 951/1193/804 948/1192/803 949/1195/806
f 952/1196/807 949/1195/806 982/1197/808
f 951/1193/804 954/1198/809 953/1075/694
f 953/1075/694 946/1191/802 951/1193/804
f 953/1075/694 846/1069/688 946/1191/802
f 873/1102/721 953/1075/694 954/1198/809
f 954/1198/809 956/1199/810 955/1200/811
f 873/1102/721 955/1200/811 874/1095/714
f 874/1095/714 957/1201/812 866/1094/713
f 955/1200/811 958/1202/813 957/1201/812
f 960/1203/814 957/1201/812 958/1202/813
f 866/1094/713 959/1204/815 865/1093/712
f 961/1205/816 865/1093/712 959/1204/815
f 962/1206/817 959/1204/815 960/1203/814
f 965/1207/818 961/1205/816 962/1206/817
f 863/1091/710 864/1092/711 961/1205/816
f 863/1091/710 961/1205/816 963/1208/819
f 863/1091/710 964/1209/820 862/1090/709
f 963/1208/819 967/1210/821 964/1209/820
f 966/1211/822 962/1206/817 975/1212/823
f 968/1125/744 965/1207/818 966/1211/822
f 969/1121/740 964/1209/820 967/1210/821
f 895/1122/741 967/1210/821 968/1125/744
f 894/1119/738 970/1213/824 969/1121/740
f 862/1090/709 970/1213/824 861/1087/706
f 971/1214/825 861/1087/706 970/1213/824
f 894/1119/738 972/1215/826 971/1214/825
f 856/1085/704 971/1214/825 972/1215/826
f 891/1118/737 973/1216/827 972/1215/826
f 972/1215/826 860/1083/702 855/1084/703
f 855/1084/703 856/1085/704 972/1215/826
f 860/1083/702 973/1216/827 974/1217/828
f 974/1217/828 888/1114/733 883/1109/728
f 880/1104/723 860/1083/702 974/1217/828
f 966/1211/822 899/1126/745 968/1125/744
f 905/1133/752 975/1212/823 908/1134/753
f 960/1203/814 975/1212/823 962/1206/817
f 908/1134/753 976/1218/829 977/1138/757
f 976/1218/829 958/1202/813 978/1219/830
f 977/1138/757 978/1219/830 979/1220/831
f 980/1221/832 979/1220/831 978/1219/830
f 978/1219/830 956/1199/810 980/1221/832
f 952/1196/807 980/1221/832 956/1199/810
f 982/1197/808 981/1222/833 980/1221/832
f 982/1197/808 985/1223/834 983/1224/835
f 983/1224/835 986/1225/836 984/1149/768
f 983/1224/835 918/1146/765 981/1222/833
f 985/1223/834 987/1174/785 986/1225/836
f 984/1149/768 925/1159/775 919/1151/770
f 928/1166/779 986/1225/836 987/1174/785
f 950/1194/805 934/1176/787 987/1174/785
f 915/1145/764 981/1222/833 918/1146/765
f 909/1139/758 979/1220/831 915/1145/764
f 991/1226/837 940/1185/796 989/1189/800
f 990/1227/838 833/1054/673 829/1052/671
f 989/1189/800 993/1228/839 991/1226/837
f 994/1229/840 991/1226/837 993/1228/839
f 988/1184/795 992/1230/841 1127/1231/842
f 998/1232/843 993/1228/839 990/1227/838
f 994/1229/840 995/1233/844 997/1234/845
f 997/1234/845 996/1235/846 1144/1236/847
f 995/1233/844 999/1237/848 996/1235/846
f 990/1227/838 827/1049/668 998/1232/843
f 998/1232/843 824/1047/666 999/1237/848
f 821/1043/662 999/1237/848 824/1047/666
f 996/1235/846 1000/1238/849 1001/1239/850
f 1000/1238/849 818/1041/660 1002/1240/851
f 1001/1239/850 1002/1240/851 1004/1241/852
f 815/1038/657 1002/1240/851 818/1041/660
f 1004/1241/852 1003/1242/853 1006/1243/854
f 1006/1243/854 1005/1244/855 1004/1241/852
f 1143/1245/856 1004/1241/852 1005/1244/855
f 1010/1246/857 1006/1243/854 1003/1242/853
f 1008/1247/858 1007/1248/859 1006/1243/854
f 1011/1249/860 1009/1250/861 1008/1247/858
f 1008/1247/858 1012/1251/862 1011/1249/860
f 1017/1252/863 1011/1249/860 1012/1251/862
f 1014/1253/864 1013/1254/865 1011/1249/860
f 1060/1255/866 1014/1253/864 1015/1256/867
f 1017/1252/863 1015/1256/867 1014/1253/864
f 1018/1257/868 1012/1251/862 1277/1037/656
f 1019/1258/869 1018/1257/868 1020/1259/870
f 1020/1259/870 1021/1260/871 1019/1258/869
f 1019/1258/869 1023/1261/872 1015/1256/867
f 1022/1262/873 1024/1263/874 1021/1260/871
f 1025/1264/875 1021/1260/871 1024/1263/874
f 1034/1265/876 1024/1263/874 1026/1266/877
f 1026/1266/877 1027/1267/878 1029/1268/879
f 1029/1268/879 1028/1269/880 885/1107/726
f 1027/1267/878 1031/1270/881 1028/1269/880
f 1029/1268/879 1035/1271/882 1026/1266/877
f 882/1108/727 1028/1269/880 1030/1272/883
f 1030/1272/883 1031/1270/881 804/1024/643
f 1032/1026/645 1022/1262/873 1020/1259/870
f 804/1024/643 1031/1270/881 1032/1026/645
f 806/1029/648 1020/1259/870 1018/1257/868
f 1033/1273/884 882/1108/727 1030/1272/883
f 1033/1273/884 1030/1272/883 804/1024/643
f 851/1078/697 879/1106/725 1033/1273/884
f 852/1077/696 1033/1273/884 805/1023/642
f 1036/1274/885 1026/1266/877 1035/1271/882
f 1035/1271/882 1038/1275/886 1036/1274/885
f 1037/1276/887 886/1111/730 889/1112/731
f 1037/1276/887 1040/1277/888 1038/1275/886
f 889/1112/731 1039/1278/889 1037/1276/887
f 1039/1278/889 1041/1131/750 1040/1277/888
f 1040/1277/888 1044/1279/890 1042/1280/891
f 1038/1275/886 1042/1280/891 1045/1281/892
f 1044/1282/890 1043/1283/893 1042/1284/891
f 1042/1284/891 1046/1285/894 1045/1286/892
f 1045/1286/892 1048/1287/895 1047/1288/896
f 1036/1274/885 1045/1281/892 1047/1289/896
f 1047/1288/896 1050/1290/897 1049/1291/898
f 1034/1265/876 1047/1289/896 1049/1292/898
f 1053/1293/899 1049/1291/898 1050/1290/897
f 1049/1292/898 1025/1264/875 1034/1265/876
f 1051/1294/900 1023/1261/872 1025/1264/875
f 1051/1295/900 1055/1296/901 1052/1297/902
f 1050/1290/897 1054/1298/903 1053/1293/899
f 1053/1293/899 1056/1299/904 1055/1296/901
f 1057/1300/905 1052/1297/902 1055/1296/901
f 1055/1296/901 1059/1301/906 1057/1300/905
f 1062/1302/907 1057/1300/905 1059/1301/906
f 1060/1303/866 1058/1304/908 1016/1305/34
f 1015/1256/867 1052/1306/902 1060/1255/866
f 1064/1307/909 1059/1301/906 1061/1308/910
f 1056/1299/904 1061/1308/910 1059/1301/906
f 1142/1309/911 1062/1302/907 1063/1310/912
f 1063/1310/912 1064/1307/909 1066/1311/913
f 1061/1308/910 1065/1312/914 1064/1307/909
f 1066/1311/913 1065/1312/914 1067/1313/915
f 1069/1314/916 1066/1311/913 1068/1315/917
f 1067/1313/915 1068/1315/917 1066/1311/913
f 1068/1315/917 1072/1316/918 1069/1314/916
f 1071/1317/919 1070/1318/920 1074/1319/921
f 1138/1320/922 1071/1317/919 1073/1321/923
f 1073/1321/923 1074/1319/921 1076/1322/924
f 1076/1322/924 1075/1323/925 1077/1324/926
f 1197/1325/927 1074/1319/921 1070/1318/920
f 1076/1322/924 1079/1326/928 1073/1321/923
f 1078/1327/929 1077/1324/926 1080/1328/930
f 1082/1329/931 1078/1327/929 1081/1330/932
f 1081/1330/932 1080/1328/930 1083/1331/933
f 1081/1330/932 1085/1332/934 1082/1329/931
f 1084/1333/935 1083/1331/933 1086/1334/936
f 1084/1333/935 1089/1335/937 1085/1332/934
f 1086/1334/936 1087/1336/938 1084/1333/935
f 1093/1337/939 1087/1336/938 1088/1338/940
f 1090/1339/941 1089/1335/937 1087/1336/938
f 1092/1340/942 1091/1341/943 1145/1342/944
f 1090/1339/941 1095/1343/945 1091/1341/943
f 1094/1344/946 1088/1338/940 1237/1345/947
f 1093/1337/939 1096/1346/948 1095/1343/945
f 1099/1347/949 1095/1343/945 1096/1346/948
f 1091/1341/943 1097/1348/950 1098/1349/951
f 1100/1350/952 1098/1349/951 1097/1348/950
f 1097/1348/950 1101/1351/953 1100/1350/952
f 1104/1352/954 1100/1350/952 1101/1351/953
f 1103/1353/955 1100/1350/952 1102/1354/956
f 1106/1355/957 1102/1354/956 1105/1356/958
f 1107/1357/959 1102/1354/956 1104/1352/954
f 1112/1358/960 1105/1356/958 1108/1359/961
f 1105/1356/958 1111/1360/962 1108/1359/961
f 1108/1359/961 1109/1361/963 1112/1358/960
f 1110/1362/964 1109/1361/963 1108/1359/961
f 1108/1359/961 1269/1363/965 1110/1362/964
f 1113/1364/966 1109/1361/963 1115/1365/967
f 1116/1366/968 1112/1358/960 1113/1364/966
f 1113/1364/966 1117/1367/969 1116/1366/968
f 1114/1368/970 1115/1365/967 1146/1369/971
f 1120/1370/972 1116/1366/968 1117/1367/969
f 1118/1371/973 1106/1355/957 1116/1366/968
f 1118/1371/973 1122/1372/974 1119/1373/975
f 1103/1353/955 1119/1373/975 1098/1349/951
f 1121/1173/784 1117/1367/969 932/1171/783
f 1120/1370/972 1124/1374/976 1122/1372/974
f 1123/1375/977 1119/1373/975 1122/1372/974
f 1122/1372/974 1126/1376/978 1123/1375/977
f 1121/1173/784 1125/1377/789 1124/1374/976
f 1127/1378/842 1124/1374/976 1125/1377/789
f 1128/1379/979 1123/1375/977 1126/1376/978
f 1126/1376/978 992/1380/841 1128/1379/979
f 1128/1379/979 994/1381/840 1129/1382/980
f 1130/1383/981 1129/1382/980 1131/1384/982
f 1130/1383/981 1145/1342/944 1123/1375/977
f 1092/1340/942 1131/1384/982 1089/1335/937
f 1085/1332/934 1131/1384/982 1132/1385/983
f 1132/1385/983 1129/1382/980 1133/1386/984
f 1134/1387/985 1133/1386/984 1135/1388/986
f 1132/1385/983 1082/1329/931 1085/1332/934
f 1135/1388/986 1136/1389/987 1134/1387/985
f 1134/1387/985 1079/1326/928 1082/1329/931
f 1138/1320/922 1137/1390/988 1139/1391/989
f 1136/1389/987 1073/1321/923 1079/1326/928
f 1139/1391/989 1072/1316/918 1138/1320/922
f 1005/1392/855 1140/1393/990 1139/1391/989
f 1143/1394/856 1139/1391/989 1137/1390/988
f 1140/1393/990 1069/1314/916 1072/1316/918
f 1141/1395/991 1007/1396/859 1009/1397/861
f 1009/1397/861 1142/1309/911 1141/1395/991
f 1063/1310/912 1141/1395/991 1142/1309/911
f 1013/1398/865 1058/1304/908 1142/1309/911
f 1137/1390/988 1144/1399/847 1143/1394/856
f 1144/1236/847 1001/1239/850 1143/1245/856
f 997/1400/845 1135/1388/986 1133/1386/984
f 1133/1386/984 994/1381/840 997/1400/845
f 1127/1231/842 936/1179/790 988/1184/795
f 1098/1349/951 1145/1342/944 1091/1341/943
f 932/1171/783 1114/1368/970 929/1169/781
f 1147/1401/992 1146/1369/971 1115/1365/967
f 1115/1365/967 1149/1402/993 1147/1401/992
f 1147/1401/992 1153/1403/994 1148/1404/995
f 1150/1405/996 1149/1402/993 1151/1406/997
f 1151/1406/997 1152/1407/998 1150/1405/996
f 1150/1405/996 1154/1408/999 1153/1403/994
f 1153/1403/994 1155/1155/772 921/1154/771
f 921/1154/771 1148/1404/995 1153/1403/994
f 1156/1409/1000 1152/1407/998 1158/1410/1001
f 1154/1408/999 1157/1411/1002 1155/1155/772
f 1160/1412/1003 1156/1409/1000 1159/1413/1004
f 1159/1413/1004 1158/1410/1001 1161/1414/1005
f 1159/1413/1004 1165/1415/1006 1160/1412/1003
f 1162/1416/1007 1161/1414/1005 1163/1417/1008
f 1164/1418/1009 1163/1417/1008 1271/1419/1010
f 1167/1420/1011 1162/1416/1007 1164/1418/1009
f 1165/1415/1006 1169/1421/1012 1166/1422/760
f 1166/1422/760 1160/1412/1003 1165/1415/1006
f 1170/1423/1013 1167/1420/1011 1168/1424/1014
f 1168/1424/1014 1164/1418/1009 1172/1425/1015
f 1169/1426/1012 906/1136/755 1166/1141/760
f 903/1130/749 1170/1427/1013 901/1129/748
f 1044/1282/890 1168/1424/1014 1171/1428/1016
f 1044/1279/890 901/1129/748 1170/1427/1013
f 1171/1428/1016 1172/1425/1015 1174/1429/1017
f 1172/1425/1015 1271/1419/1010 1173/1430/1018
f 1174/1429/1017 1173/1430/1018 1175/1431/1019
f 1177/1432/1020 1174/1429/1017 1175/1431/1019
f 1171/1428/1016 1176/1433/1021 1043/1283/893
f 1179/1434/1022 1176/1433/1021 1177/1432/1020
f 1043/1283/893 1178/1435/1023 1046/1285/894
f 1181/1436/1024 1178/1435/1023 1179/1434/1022
f 1046/1285/894 1180/1437/1025 1048/1287/895
f 1183/1438/1026 1180/1437/1025 1181/1436/1024
f 1048/1287/895 1182/1439/1027 1050/1290/897
f 1185/1440/1028 1182/1439/1027 1183/1438/1026
f 1184/1441/1029 1181/1436/1024 1274/1442/1030
f 1186/1443/1031 1183/1438/1026 1184/1441/1029
f 1187/1444/1032 1054/1298/903 1185/1440/1028
f 1188/1445/1033 1185/1440/1028 1186/1443/1031
f 1189/1446/1034 1187/1444/1032 1188/1445/1033
f 1190/1447/1035 1189/1446/1034 1188/1445/1033
f 1188/1445/1033 1192/1448/1036 1190/1447/1035
f 1193/1449/1037 1189/1446/1034 1190/1447/1035
f 1191/1450/1038 1190/1447/1035 1192/1448/1036
f 1194/1451/1039 1190/1447/1035 1191/1450/1038
f 1067/1313/915 1193/1449/1037 1195/1452/1040
f 1195/1452/1040 1194/1451/1039 1196/1453/1041
f 1197/1325/927 1195/1452/1040 1196/1453/1041
f 1070/1318/920 1195/1452/1040 1197/1325/927
f 1075/1323/925 1196/1453/1041 1199/1454/1042
f 1196/1453/1041 1204/1455/1043 1198/1456/1044
f 1198/1456/1044 1199/1454/1042 1196/1453/1041
f 1200/1457/1045 1201/1458/1046 1202/1459/1047
f 1199/1454/1042 1077/1324/926 1075/1323/925
f 1203/1460/1048 1202/1459/1047 1201/1458/1046
f 1203/1460/1048 1201/1458/1046 1198/1456/1044
f 1203/1460/1048 1204/1455/1043 1205/1461/1049
f 1203/1460/1048 1198/1456/1044 1204/1455/1043
f 1203/1460/1048 1205/1461/1049 1206/1462/1050
f 1203/1460/1048 1206/1462/1050 1231/1463/1051
f 1203/1460/1048 1207/1464/1052 1208/1465/1053
f 1203/1460/1048 1227/1466/1054 1207/1464/1052
f 1203/1460/1048 1208/1465/1053 1209/1467/1055
f 1203/1460/1048 1209/1467/1055 1226/1468/1056
f 1203/1460/1048 1210/1469/1057 1211/1470/1058
f 1203/1460/1048 1220/1471/1059 1210/1469/1057
f 1203/1460/1048 1211/1470/1058 1219/1472/1060
f 1203/1460/1048 1212/1473/1061 1218/1474/1062
f 1203/1460/1048 1219/1472/1060 1212/1473/1061
f 1203/1460/1048 1213/1475/1063 1217/1476/1064
f 1203/1460/1048 1216/1477/1065 1213/1475/1063
f 1203/1460/1048 1214/1478/1066 1215/1479/1067
f 1203/1460/1048 1218/1474/1062 1214/1478/1066
f 1203/1460/1048 1215/1479/1067 1216/1477/1065
f 1203/1460/1048 1217/1476/1064 1232/1480/1068
f 1203/1460/1048 1221/1481/1069 1220/1471/1059
f 1203/1460/1048 1222/1482/1070 1221/1481/1069
f 1203/1460/1048 1223/1483/1071 1222/1482/1070
f 1203/1460/1048 1224/1484/1072 1223/1483/1071
f 1203/1460/1048 1225/1485/1073 1224/1484/1072
f 1203/1460/1048 1226/1468/1056 1225/1485/1073
f 1203/1460/1048 1228/1486/1074 1227/1466/1054
f 1203/1460/1048 1229/1487/1075 1228/1486/1074
f 1203/1460/1048 1230/1488/1076 1229/1487/1075
f 1203/1460/1048 1231/1463/1051 1230/1488/1076
f 1203/1460/1048 1232/1480/1068 1202/1459/1047
f 1233/1489/1077 1234/1490/1078 1232/1480/1068
f 1233/1489/1077 1232/1480/1068 1217/1476/1064
f 1234/1490/1078 1202/1459/1047 1232/1480/1068
f 1200/1457/1045 1080/1328/930 1077/1324/926
f 1080/1328/930 1233/1489/1077 1083/1331/933
f 1083/1331/933 1233/1489/1077 1235/1491/1079
f 1235/1491/1079 1217/1476/1064 1213/1475/1063
f 1235/1491/1079 1086/1334/936 1083/1331/933
f 1213/1475/1063 1236/1492/1080 1235/1491/1079
f 1236/1492/1080 1088/1338/940 1086/1334/936
f 1216/1477/1065 1237/1345/947 1236/1492/1080
f 1214/1478/1066 1237/1345/947 1215/1479/1067
f 1238/1493/1081 1206/1462/1050 1239/1494/1082
f 1231/1463/1051 1238/1493/1081 1230/1488/1076
f 1239/1494/1082 1240/1495/1083 1238/1493/1081
f 1242/1496/1084 1238/1493/1081 1240/1495/1083
f 1238/1493/1081 1241/1497/1085 1229/1487/1075
f 1238/1493/1081 1229/1487/1075 1230/1488/1076
f 1244/1498/1086 1241/1497/1085 1242/1496/1084
f 1243/1499/1087 1229/1487/1075 1241/1497/1085
f 1246/1500/1088 1243/1499/1087 1244/1498/1086
f 1228/1486/1074 1245/1501/1089 1227/1466/1054
f 1249/1502/1090 1245/1501/1089 1246/1500/1088
f 1247/1503/1091 1227/1466/1054 1245/1501/1089
f 1247/1503/1091 1208/1465/1053 1207/1464/1052
f 1248/1504/1092 1249/1502/1090 1251/1505/1093
f 1246/1500/1088 1250/1506/1094 1249/1502/1090
f 1251/1505/1093 1250/1506/1094 1252/1507/1095
f 1253/1508/1096 1252/1507/1095 1254/1509/1097
f 1255/1510/1098 1251/1505/1093 1253/1508/1096
f 1256/1511/1099 1254/1509/1097 1259/1512/1100
f 1253/1508/1096 1257/1513/1101 1255/1510/1098
f 1270/1514/1102 1256/1511/1099 1258/1515/1103
f 1259/1512/1100 1258/1515/1103 1256/1511/1099
f 1259/1512/1100 1271/1419/1010 1163/1417/1008
f 1260/1516/1104 1163/1417/1008 1161/1414/1005
f 1263/1517/1105 1260/1516/1104 1261/1518/1106
f 1161/1414/1005 1261/1518/1106 1260/1516/1104
f 1262/1519/1107 1158/1410/1001 1152/1407/998
f 1261/1518/1106 1265/1520/1108 1263/1517/1105
f 1258/1515/1103 1264/1521/1109 1270/1514/1102
f 1266/1522/1110 1263/1517/1105 1265/1520/1108
f 1267/1523/1111 1262/1519/1107 1151/1406/997
f 1268/1524/1112 1265/1520/1108 1267/1523/1111
f 1110/1362/964 1151/1406/997 1149/1402/993
f 1267/1523/1111 1269/1363/965 1268/1524/1112
f 1266/1522/1110 1222/1482/1070 1223/1483/1071
f 1221/1481/1069 1268/1524/1112 1269/1363/965
f 1221/1481/1069 1111/1360/962 1220/1471/1059
f 1223/1483/1071 1264/1521/1109 1266/1522/1110
f 1224/1484/1072 1270/1514/1102 1264/1521/1109
f 1226/1468/1056 1257/1513/1101 1270/1514/1102
f 1226/1468/1056 1270/1514/1102 1225/1485/1073
f 1226/1468/1056 1255/1510/1098 1257/1513/1101
f 1248/1504/1092 1209/1467/1055 1208/1465/1053
f 1254/1509/1097 1173/1430/1018 1271/1419/1010
f 1252/1507/1095 1175/1431/1019 1173/1430/1018
f 1272/1525/1113 1175/1431/1019 1250/1506/1094
f 1273/1526/1114 1177/1432/1020 1272/1525/1113
f 1272/1525/1113 1244/1498/1086 1273/1526/1114
f 1242/1496/1084 1273/1526/1114 1244/1498/1086
f 1274/1442/1030 1179/1434/1022 1273/1526/1114
f 1184/1441/1029 1240/1495/1083 1275/1527/1115
f 1240/1495/1083 1274/1442/1030 1242/1496/1084
f 1276/1528/1116 1240/1495/1083 1239/1494/1082
f 1186/1443/1031 1275/1527/1115 1192/1448/1036
f 1191/1450/1038 1275/1527/1115 1276/1528/1116
f 1276/1528/1116 1205/1461/1049 1191/1450/1038
f 1206/1462/1050 1276/1528/1116 1239/1494/1082
f 1107/1357/959 1220/1471/1059 1111/1360/962
f 1101/1351/953 1211/1470/1058 1104/1352/954
f 1101/1351/953 1212/1473/1061 1219/1472/1060
f 1094/1344/946 1212/1473/1061 1096/1346/948
f 1218/1474/1062 1094/1344/946 1214/1478/1066
f 1101/1351/953 1099/1347/949 1212/1473/1061
f 1212/1473/1061 1099/1347/949 1096/1346/948
f 1104/1352/954 1210/1469/1057 1107/1357/959
f 1191/1450/1038 1204/1455/1043 1194/1451/1039
f 1157/1411/1002 911/1529/761 913/1530/762
f 1155/1155/772 913/1530/762 916/1153/767
f 926/1164/777 1148/1404/995 923/1157/773
f 929/1169/781 1146/1369/971 926/1164/777
f 806/1029/648 1277/1037/656 808/1028/647
f 1277/1037/656 1010/1246/857 813/1036/655
f 1003/1242/853 813/1036/655 1010/1246/857
f 858/1088/707 859/1089/708 880/1104/723
f 880/1104/723 859/1089/708 860/1083/702
f 1278/1531/1117 854/1081/700 1280/1035/654
f 1279/1532/1118 876/1082/701 1278/1531/1117
f 820/1044/663 1278/1531/1117 817/1040/659
f 817/1040/659 1280/1035/654 811/1034/653
f 1280/1035/654 853/1080/699 809/1032/651
f 1281/1533/1119 820/1044/663 823/1046/665
f 869/1099/718 1279/1532/1118 1281/1533/1119
f 869/1099/718 875/1100/719 1279/1532/1118
f 869/1099/718 1282/1534/1120 868/1097/716
f 823/1046/665 1282/1534/1120 1281/1533/1119
f 868/1097/716 1283/1535/1121 867/1096/715
f 826/1051/670 1282/1534/1120 823/1046/665
f 1283/1535/1121 830/1056/675 1284/1060/679
f 867/1096/715 1284/1060/679 870/1098/717
f 871/1101/720 1284/1060/679 835/1059/678
f 872/1065/684 871/1101/720 835/1059/678
f 809/1032/651 852/1077/696 805/1023/642
f 1514/1536/1122 1285/1537/1123 1286/1538/1124
f 1287/1539/1125 1286/1538/1124 1285/1537/1123
f 1289/1540/1126 1287/1539/1125 1285/1537/1123
f 1290/1541/1127 1285/1537/1123 1288/1542/1128
f 1294/1543/1129 1289/1540/1126 1290/1541/1127
f 1292/1544/1130 1291/1545/1131 1289/1540/1126
f 1291/1545/1131 1293/1546/1132 1762/1547/1133
f 1292/1544/1130 1296/1548/1134 1293/1546/1132
f 1295/1549/1135 1290/1541/1127 1759/1550/1136
f 1297/1551/1137 1294/1543/1129 1295/1549/1135
f 1293/1546/1132 1298/1552/1138 1299/1553/1139
f 1300/1554/1140 1296/1548/1134 1297/1551/1137
f 1301/1555/1141 1299/1553/1139 1298/1552/1138
f 1303/1556/1142 1298/1552/1138 1300/1554/1140
f 1302/1557/1143 1304/1558/1144 1305/1559/1145
f 1306/1560/1146 1301/1555/1141 1303/1556/1142
f 1307/1561/1147 1305/1559/1145 1304/1558/1144
f 1309/1562/1148 1304/1558/1144 1306/1560/1146
f 1310/1563/1149 1308/1564/1150 1307/1561/1147
f 1307/1561/1147 1311/1565/1151 1310/1563/1149
f 1313/1566/1152 1311/1565/1151 1315/1567/1153
f 1310/1563/1149 1316/1568/1154 1312/1569/1155
f 1315/1567/1153 1314/1570/1156 1313/1566/1152
f 1318/1571/1157 1313/1566/1152 1314/1570/1156
f 1316/1568/1154 1320/1572/1158 1317/1573/1159
f 1312/1569/1155 1317/1573/1159 1766/1574/1160
f 1314/1570/1156 1319/1575/1161 1318/1571/1157
f 1322/1576/1162 1318/1571/1157 1319/1575/1161
f 1321/1577/1163 1320/1572/1158 1322/1576/1162
f 1317/1573/1159 1321/1577/1163 1354/1578/1164
f 1323/1579/1165 1319/1575/1161 1324/1580/1166
f 1323/1579/1165 1321/1577/1163 1322/1576/1162
f 1327/1581/1167 1324/1580/1166 1328/1582/1168
f 1325/1583/1169 1326/1584/1170 1323/1579/1165
f 1323/1579/1165 1330/1585/1171 1325/1583/1169
f 1323/1579/1165 1326/1584/1170 1321/1577/1163
f 1329/1586/1172 1327/1581/1167 1328/1582/1168
f 1330/1585/1171 1327/1581/1167 1329/1586/1172
f 1331/1587/1173 1329/1586/1172 1435/1588/1174
f 1331/1587/1173 1332/1589/1175 1330/1585/1171
f 1330/1585/1171 1332/1589/1175 1325/1583/1169
f 1334/1590/1176 1332/1589/1175 1333/1591/1177
f 1333/1591/1177 1332/1589/1175 1359/1592/1178
f 1335/1593/1179 1332/1589/1175 1334/1590/1176
f 1336/1594/1180 1332/1589/1175 1335/1593/1179
f 1358/1595/1181 1332/1589/1175 1336/1594/1180
f 1342/1596/1182 1332/1589/1175 1337/1597/1183
f 1337/1597/1183 1332/1589/1175 1338/1598/1184
f 1338/1598/1184 1332/1589/1175 1339/1599/1185
f 1339/1599/1185 1332/1589/1175 1343/1600/1186
f 1340/1601/1187 1332/1589/1175 1341/1602/1188
f 1359/1592/1178 1332/1589/1175 1340/1601/1187
f 1341/1602/1188 1332/1589/1175 1342/1596/1182
f 1343/1600/1186 1332/1589/1175 1344/1603/1189
f 1344/1603/1189 1332/1589/1175 1345/1604/1190
f 1345/1604/1190 1332/1589/1175 1346/1605/1191
f 1346/1605/1191 1332/1589/1175 1347/1606/1192
f 1347/1606/1192 1332/1589/1175 1348/1607/1193
f 1348/1607/1193 1332/1589/1175 1356/1608/1194
f 1325/1583/1169 1332/1589/1175 1326/1584/1170
f 1326/1584/1170 1332/1589/1175 1321/1577/1163
f 1321/1577/1163 1332/1589/1175 1354/1578/1164
f 1349/1609/1195 1332/1589/1175 1350/1610/1196
f 1352/1611/1197 1332/1589/1175 1349/1609/1195
f 1350/1610/1196 1332/1589/1175 1351/1612/1198
f 1351/1612/1198 1332/1589/1175 1357/1613/1199
f 1353/1614/1200 1332/1589/1175 1352/1611/1197
f 1354/1578/1164 1332/1589/1175 1353/1614/1200
f 1355/1615/1201 1332/1589/1175 1331/1587/1173
f 1356/1608/1194 1332/1589/1175 1355/1615/1201
f 1357/1613/1199 1332/1589/1175 1358/1595/1181
f 1360/1616/1202 1333/1591/1177 1359/1592/1178
f 1359/1592/1178 1362/1617/1203 1360/1616/1202
f 1363/1618/1204 1361/1619/1205 1360/1616/1202
f 1360/1616/1202 1362/1617/1203 1363/1618/1204
f 1363/1618/1204 1367/1620/1206 1364/1621/1207
f 1362/1617/1203 1365/1622/1208 1363/1618/1204
f 1363/1618/1204 1365/1622/1208 1366/1623/1209
f 1368/1624/1210 1367/1620/1206 1366/1623/1209
f 1371/1625/1211 1366/1623/1209 1369/1626/1212
f 1369/1626/1212 1365/1622/1208 1370/1627/1213
f 1370/1627/1213 1372/1628/1214 1369/1626/1212
f 1374/1629/1215 1369/1626/1212 1372/1628/1214
f 1375/1630/1216 1373/1631/1217 1376/1632/1218
f 1372/1628/1214 1378/1633/1219 1374/1629/1215
f 1451/1634/1220 1375/1630/1216 1376/1632/1218
f 1378/1633/1219 1377/1635/1221 1380/1636/1222
f 1379/1637/1223 1374/1629/1215 1378/1633/1219
f 1380/1636/1222 1379/1637/1223 1378/1633/1219
f 1380/1636/1222 1450/1638/1224 1381/1639/1225
f 1382/1640/1226 1381/1639/1225 1384/1641/1227
f 1523/1642/1228 1382/1640/1226 1383/1643/1229
f 1383/1643/1229 1384/1641/1227 1385/1644/1230
f 1386/1645/1231 1385/1644/1230 1384/1641/1227
f 1384/1641/1227 1387/1646/1232 1386/1645/1231
f 1386/1645/1231 1390/1647/1233 1389/1648/1234
f 1388/1649/1235 1389/1648/1234 1392/1650/1236
f 1459/1651/1237 1389/1648/1234 1390/1647/1233
f 1392/1650/1236 1391/1652/1238 1394/1653/1239
f 1648/1654/1240 1392/1655/1236 1393/1656/1241
f 1393/1656/1241 1394/1657/1239 1395/1658/1242
f 1396/1659/1243 1395/1658/1242 1394/1657/1239
f 1394/1653/1239 1397/1660/1244 1396/1661/1243
f 1400/1662/1245 1396/1661/1243 1397/1660/1244
f 1399/1663/1246 1398/1664/1247 1396/1659/1243
f 1466/1665/1248 1399/1666/1246 1400/1662/1245
f 1402/1667/1249 1401/1668/1250 1404/1669/257
f 1398/1664/1247 1403/1670/1251 1637/1671/1252
f 1402/1667/1249 1405/1672/1253 1403/1670/1251
f 1406/1673/1254 1401/1668/1250 1407/1674/1255
f 1406/1673/1254 1405/1672/1253 1404/1669/257
f 1407/1674/1255 1409/1675/1256 1406/1673/1254
f 1409/1675/1256 1408/1676/1257 1406/1673/1254
f 1412/1677/1258 1410/1678/1259 1415/1679/1260
f 1412/1677/1258 1411/1680/1261 1409/1675/1256
f 1415/1679/1260 1413/1681/1262 1412/1677/1258
f 1414/1682/1263 1413/1681/1262 1603/1683/1264
f 1417/1684/1265 1416/1685/1266 1419/1686/1267
f 1469/1687/1268 1415/1688/1260 1410/1689/1259
f 1607/1690/1269 1417/1691/1265 1418/1692/1270
f 1419/1686/1267 1418/1693/1270 1417/1684/1265
f 1429/1694/1271 1419/1686/1267 1416/1685/1266
f 1421/1695/1272 1420/1696/1273 1423/1697/1274
f 1470/1698/1275 1421/1695/1272 1422/1699/1276
f 1422/1699/1276 1423/1697/1274 1425/1700/1277
f 1425/1700/1277 1424/1701/1278 1314/1570/1156
f 1426/1702/1279 1423/1697/1274 1420/1696/1273
f 1425/1700/1277 1471/1703/1280 1422/1699/1276
f 1324/1580/1166 1319/1575/1161 1424/1701/1278
f 1324/1580/1166 1426/1702/1279 1328/1582/1168
f 1328/1582/1168 1427/1704/1281 1428/1705/1282
f 1420/1696/1273 1427/1704/1281 1426/1702/1279
f 1428/1705/1282 1430/1706/1283 1433/1707/1284
f 1430/1706/1283 1429/1694/1271 1432/1708/1285
f 1433/1707/1284 1430/1706/1283 1431/1709/1286
f 1432/1708/1285 1431/1709/1286 1430/1706/1283
f 1434/1710/1287 1431/1709/1286 1464/1711/1288
f 1433/1707/1284 1436/1712/1289 1435/1588/1174
f 1435/1588/1174 1428/1705/1282 1433/1707/1284
f 1435/1588/1174 1328/1582/1168 1428/1705/1282
f 1355/1615/1201 1435/1588/1174 1436/1712/1289
f 1355/1615/1201 1437/1713/1290 1356/1608/1194
f 1436/1712/1289 1438/1714/1291 1437/1713/1290
f 1356/1608/1194 1439/1715/1292 1348/1607/1193
f 1437/1713/1290 1440/1716/1293 1439/1715/1292
f 1442/1717/1294 1439/1715/1292 1440/1716/1293
f 1348/1607/1193 1441/1718/1295 1347/1606/1192
f 1443/1719/1296 1347/1606/1192 1441/1718/1295
f 1444/1720/1297 1441/1718/1295 1442/1717/1294
f 1447/1721/1298 1443/1719/1296 1444/1720/1297
f 1345/1604/1190 1346/1605/1191 1443/1719/1296
f 1345/1604/1190 1443/1719/1296 1445/1722/1299
f 1345/1604/1190 1446/1723/1300 1344/1603/1189
f 1445/1722/1299 1449/1724/1301 1446/1723/1300
f 1448/1725/1302 1444/1720/1297 1457/1726/1303
f 1450/1638/1224 1447/1721/1298 1448/1725/1302
f 1451/1634/1220 1446/1723/1300 1449/1724/1301
f 1377/1635/1221 1449/1724/1301 1450/1638/1224
f 1376/1632/1218 1452/1727/1304 1451/1634/1220
f 1453/1728/1305 1343/1600/1186 1452/1727/1304
f 1344/1603/1189 1452/1727/1304 1343/1600/1186
f 1376/1632/1218 1454/1729/1306 1453/1728/1305
f 1338/1598/1184 1453/1728/1305 1454/1729/1306
f 1454/1729/1306 1342/1596/1182 1337/1597/1183
f 1373/1631/1217 1455/1730/1307 1454/1729/1306
f 1337/1597/1183 1338/1598/1184 1454/1729/1306
f 1342/1596/1182 1455/1730/1307 1456/1731/1308
f 1456/1731/1308 1370/1627/1213 1365/1622/1208
f 1362/1617/1203 1342/1596/1182 1456/1731/1308
f 1448/1725/1302 1381/1639/1225 1450/1638/1224
f 1387/1646/1232 1457/1726/1303 1390/1647/1233
f 1442/1717/1294 1457/1726/1303 1444/1720/1297
f 1390/1647/1233 1458/1732/1309 1459/1651/1237
f 1458/1732/1309 1440/1716/1293 1460/1733/1310
f 1459/1651/1237 1460/1733/1310 1461/1734/1311
f 1462/1735/1312 1461/1734/1311 1460/1733/1310
f 1460/1733/1310 1438/1714/1291 1462/1735/1312
f 1434/1710/1287 1462/1735/1312 1438/1714/1291
f 1464/1711/1288 1463/1736/1313 1462/1735/1312
f 1464/1711/1288 1467/1737/1314 1465/1738/1315
f 1465/1738/1315 1468/1739/1316 1466/1665/1248
f 1465/1738/1315 1400/1662/1245 1463/1736/1313
f 1467/1737/1314 1469/1687/1268 1468/1739/1316
f 1410/1689/1259 1468/1739/1316 1469/1687/1268
f 1466/1665/1248 1407/1740/1255 1401/1741/1250
f 1432/1708/1285 1416/1685/1266 1469/1687/1268
f 1397/1660/1244 1463/1736/1313 1400/1662/1245
f 1391/1652/1238 1461/1734/1311 1397/1660/1244
f 1473/1742/1317 1422/1699/1276 1471/1703/1280
f 1472/1743/1318 1315/1567/1153 1311/1565/1151
f 1471/1703/1280 1475/1744/1319 1473/1742/1317
f 1470/1745/1275 1474/1746/1320 1609/1747/1321
f 1476/1748/1322 1473/1749/1317 1475/1750/1319
f 1480/1751/1323 1475/1744/1319 1472/1743/1318
f 1476/1748/1322 1477/1752/1324 1479/1753/1325
f 1479/1753/1325 1478/1754/1326 1626/1755/1327
f 1477/1756/1324 1481/1757/1328 1478/1758/1326
f 1480/1751/1323 1306/1560/1146 1481/1757/1328
f 1472/1743/1318 1309/1562/1148 1480/1751/1323
f 1303/1556/1142 1481/1757/1328 1306/1560/1146
f 1478/1758/1326 1482/1759/1329 1483/1760/1330
f 1482/1759/1329 1300/1554/1140 1484/1761/1331
f 1483/1760/1330 1484/1761/1331 1486/1762/1332
f 1297/1551/1137 1484/1761/1331 1300/1554/1140
f 1486/1762/1332 1485/1763/1333 1488/1764/1334
f 1625/1765/1335 1486/1766/1332 1487/1767/1336
f 1488/1768/1334 1487/1767/1336 1486/1766/1332
f 1492/1769/1337 1488/1764/1334 1485/1763/1333
f 1490/1770/1338 1489/1771/1339 1488/1768/1334
f 1493/1772/1340 1491/1773/1341 1490/1770/1338
f 1490/1774/1338 1494/1775/1342 1493/1776/1340
f 1499/1777/1343 1493/1776/1340 1494/1775/1342
f 1496/1778/1344 1495/1779/1345 1493/1772/1340
f 1542/1780/1346 1496/1778/1344 1497/1781/1347
f 1499/1777/1343 1497/1782/1347 1496/1783/1344
f 1500/1784/1348 1494/1775/1342 1759/1550/1136
f 1501/1785/1349 1500/1784/1348 1502/1786/1350
f 1502/1786/1350 1503/1787/1351 1501/1785/1349
f 1501/1785/1349 1505/1788/1352 1497/1782/1347
f 1504/1789/1353 1506/1790/1354 1503/1787/1351
f 1507/1791/1355 1503/1787/1351 1506/1790/1354
f 1516/1792/1356 1506/1790/1354 1508/1793/1357
f 1508/1793/1357 1509/1794/1358 1511/1795/1359
f 1509/1794/1358 1513/1796/1360 1510/1797/1361
f 1511/1795/1359 1510/1797/1361 1367/1620/1206
f 1511/1795/1359 1517/1798/1362 1508/1793/1357
f 1364/1621/1207 1510/1797/1361 1512/1799/1363
f 1512/1799/1363 1513/1796/1360 1286/1538/1124
f 1514/1536/1122 1504/1789/1353 1502/1786/1350
f 1286/1538/1124 1513/1796/1360 1514/1536/1122
f 1288/1542/1128 1502/1786/1350 1500/1784/1348
f 1515/1800/1364 1364/1621/1207 1512/1799/1363
f 1515/1800/1364 1512/1799/1363 1286/1538/1124
f 1333/1591/1177 1361/1619/1205 1515/1800/1364
f 1334/1590/1176 1515/1800/1364 1287/1539/1125
f 1518/1801/1365 1508/1793/1357 1517/1798/1362
f 1517/1798/1362 1520/1802/1366 1518/1801/1365
f 1519/1803/1367 1368/1624/1210 1371/1625/1211
f 1519/1803/1367 1522/1804/1368 1520/1802/1366
f 1371/1625/1211 1521/1805/1369 1519/1803/1367
f 1521/1805/1369 1523/1642/1228 1522/1804/1368
f 1522/1806/1368 1526/1807/1370 1524/1808/1371
f 1520/1809/1366 1524/1808/1371 1527/1810/1372
f 1524/1808/1371 1528/1811/1373 1527/1810/1372
f 1526/1807/1370 1525/1812/1374 1524/1808/1371
f 1527/1810/1372 1530/1813/1375 1529/1814/1376
f 1518/1815/1365 1527/1810/1372 1529/1814/1376
f 1529/1814/1376 1532/1816/1377 1531/1817/1378
f 1516/1818/1356 1529/1814/1376 1531/1817/1378
f 1535/1819/1379 1531/1817/1378 1532/1816/1377
f 1531/1817/1378 1507/1820/1355 1516/1818/1356
f 1533/1821/1380 1505/1822/1352 1507/1820/1355
f 1533/1821/1380 1537/1823/1381 1534/1824/1382
f 1532/1816/1377 1536/1825/1383 1535/1819/1379
f 1535/1819/1379 1538/1826/1384 1537/1823/1381
f 1539/1827/1385 1534/1824/1382 1537/1823/1381
f 1537/1823/1381 1541/1828/1386 1539/1827/1385
f 1542/1780/1346 1540/1829/1387 1498/1830/34
f 1544/1831/1388 1539/1827/1385 1541/1828/1386
f 1497/1781/1347 1534/1824/1382 1542/1780/1346
f 1546/1832/1389 1541/1828/1386 1543/1833/1390
f 1538/1826/1384 1543/1833/1390 1541/1828/1386
f 1624/1834/1391 1544/1831/1388 1545/1835/1392
f 1545/1835/1392 1546/1832/1389 1548/1836/1393
f 1543/1833/1390 1547/1837/1394 1546/1832/1389
f 1548/1836/1393 1547/1837/1394 1549/1838/1395
f 1551/1839/1396 1548/1836/1393 1550/1840/1397
f 1549/1838/1395 1550/1840/1397 1548/1836/1393
f 1550/1840/1397 1554/1841/1398 1551/1839/1396
f 1553/1842/1399 1552/1843/1400 1556/1844/1401
f 1620/1845/1402 1553/1842/1399 1555/1846/1403
f 1555/1846/1403 1556/1844/1401 1558/1847/1404
f 1679/1848/1405 1556/1844/1401 1552/1843/1400
f 1558/1847/1404 1557/1849/1406 1559/1850/1407
f 1558/1847/1404 1561/1851/1408 1555/1846/1403
f 1560/1852/1409 1559/1850/1407 1562/1853/1410
f 1564/1854/1411 1560/1852/1409 1563/1855/1412
f 1563/1855/1412 1562/1853/1410 1565/1856/1413
f 1563/1855/1412 1567/1857/1414 1564/1854/1411
f 1566/1858/1415 1565/1856/1413 1568/1859/1416
f 1566/1858/1415 1571/1860/1417 1567/1857/1414
f 1568/1859/1416 1569/1861/1418 1566/1858/1415
f 1575/1862/1419 1569/1861/1418 1570/1863/1420
f 1572/1864/1421 1571/1860/1417 1569/1861/1418
f 1572/1864/1421 1577/1865/1422 1573/1866/1423
f 1574/1867/1424 1573/1866/1423 1627/1868/1425
f 1576/1869/1426 1570/1863/1420 1719/1870/1427
f 1575/1862/1419 1578/1871/1428 1577/1865/1422
f 1581/1872/1429 1577/1865/1422 1578/1871/1428
f 1573/1866/1423 1579/1873/1430 1580/1874/1431
f 1582/1875/1432 1580/1874/1431 1579/1873/1430
f 1579/1873/1430 1583/1876/1433 1582/1875/1432
f 1586/1877/1434 1582/1875/1432 1583/1876/1433
f 1585/1878/1435 1582/1875/1432 1584/1879/1436
f 1588/1880/1437 1584/1879/1436 1587/1881/1438
f 1589/1882/1439 1584/1879/1436 1586/1877/1434
f 1594/1883/1440 1587/1881/1438 1590/1884/1441
f 1587/1881/1438 1593/1885/1442 1590/1884/1441
f 1590/1884/1441 1591/1886/1443 1594/1883/1440
f 1592/1887/1444 1591/1886/1443 1590/1884/1441
f 1590/1884/1441 1751/1888/1445 1592/1887/1444
f 1595/1889/1446 1591/1886/1443 1597/1890/1447
f 1598/1891/1448 1594/1883/1440 1595/1889/1446
f 1595/1889/1446 1599/1892/1449 1598/1891/1448
f 1596/1893/1450 1597/1890/1447 1628/1894/1451
f 1602/1895/1452 1598/1891/1448 1599/1892/1449
f 1600/1896/1453 1588/1880/1437 1598/1891/1448
f 1585/1878/1435 1601/1897/1454 1580/1874/1431
f 1600/1896/1453 1604/1898/1455 1601/1897/1454
f 1603/1683/1264 1599/1892/1449 1414/1682/1263
f 1602/1895/1452 1606/1899/1456 1604/1898/1455
f 1605/1900/1457 1601/1897/1454 1604/1898/1455
f 1604/1898/1455 1608/1901/1458 1605/1900/1457
f 1603/1683/1264 1607/1690/1269 1606/1899/1456
f 1609/1747/1321 1606/1899/1456 1607/1690/1269
f 1610/1902/1459 1605/1900/1457 1608/1901/1458
f 1608/1901/1458 1474/1746/1320 1610/1902/1459
f 1612/1903/1460 1611/1904/1461 1613/1905/1462
f 1610/1902/1459 1476/1748/1322 1611/1904/1461
f 1612/1903/1460 1627/1868/1425 1605/1900/1457
f 1574/1867/1424 1613/1905/1462 1571/1860/1417
f 1567/1857/1414 1613/1905/1462 1614/1906/1463
f 1614/1906/1463 1611/1904/1461 1615/1907/1464
f 1616/1908/1465 1615/1907/1464 1617/1909/1466
f 1614/1906/1463 1564/1854/1411 1567/1857/1414
f 1617/1909/1466 1618/1910/1467 1616/1908/1465
f 1616/1908/1465 1561/1851/1408 1564/1854/1411
f 1620/1845/1402 1619/1911/1468 1621/1912/1469
f 1618/1910/1467 1555/1846/1403 1561/1851/1408
f 1621/1912/1469 1554/1841/1398 1620/1845/1402
f 1487/1767/1336 1622/1913/1470 1621/1912/1469
f 1625/1765/1335 1621/1912/1469 1619/1911/1468
f 1622/1913/1470 1551/1839/1396 1554/1841/1398
f 1623/1914/1471 1489/1771/1339 1491/1773/1341
f 1491/1773/1341 1624/1834/1391 1623/1914/1471
f 1545/1835/1392 1623/1914/1471 1624/1834/1391
f 1495/1779/1345 1540/1829/1387 1624/1834/1391
f 1619/1911/1468 1626/1755/1327 1625/1765/1335
f 1626/1755/1327 1483/1915/1330 1625/1765/1335
f 1479/1753/1325 1617/1909/1466 1615/1907/1464
f 1615/1907/1464 1476/1748/1322 1479/1753/1325
f 1609/1747/1321 1418/1692/1270 1470/1745/1275
f 1580/1874/1431 1627/1868/1425 1573/1866/1423
f 1414/1682/1263 1596/1893/1450 1411/1680/1261
f 1629/1916/1472 1628/1894/1451 1597/1890/1447
f 1597/1890/1447 1631/1917/1473 1629/1916/1472
f 1629/1916/1472 1635/1918/1474 1630/1919/1475
f 1632/1920/1476 1631/1917/1473 1633/1921/1477
f 1633/1921/1477 1634/1922/1478 1632/1920/1476
f 1632/1920/1476 1636/1923/1479 1635/1918/1474
f 1635/1918/1474 1637/1671/1252 1403/1670/1251
f 1403/1670/1251 1630/1919/1475 1635/1918/1474
f 1638/1924/1480 1634/1922/1478 1640/1925/1481
f 1636/1923/1479 1639/1926/1482 1637/1671/1252
f 1642/1927/1483 1638/1924/1480 1641/1928/1484
f 1641/1928/1484 1640/1925/1481 1643/1929/1485
f 1641/1928/1484 1647/1930/1486 1642/1927/1483
f 1644/1931/1487 1643/1929/1485 1645/1932/1488
f 1646/1933/1489 1645/1932/1488 1753/1934/1490
f 1649/1935/1491 1644/1931/1487 1646/1933/1489
f 1648/1654/1240 1642/1927/1483 1647/1930/1486
f 1647/1930/1486 1651/1936/1492 1648/1654/1240
f 1650/1937/1493 1646/1933/1489 1654/1938/1494
f 1652/1939/1495 1649/1935/1491 1650/1937/1493
f 1651/1936/1492 1388/1940/1235 1648/1654/1240
f 1385/1941/1230 1652/1939/1495 1383/1942/1229
f 1526/1807/1370 1650/1937/1493 1653/1943/1496
f 1526/1807/1370 1383/1942/1229 1652/1939/1495
f 1653/1943/1496 1654/1938/1494 1656/1944/1497
f 1656/1944/1497 1655/1945/1498 1657/1946/1499
f 1654/1938/1494 1753/1934/1490 1655/1945/1498
f 1659/1947/1500 1656/1944/1497 1657/1946/1499
f 1653/1943/1496 1658/1948/1501 1525/1812/1374
f 1661/1949/1502 1658/1948/1501 1659/1947/1500
f 1525/1812/1374 1660/1950/1503 1528/1811/1373
f 1663/1951/1504 1660/1950/1503 1661/1949/1502
f 1528/1811/1373 1662/1952/1505 1530/1813/1375
f 1665/1953/1506 1662/1952/1505 1663/1951/1504
f 1530/1813/1375 1664/1954/1507 1532/1816/1377
f 1667/1955/1508 1664/1954/1507 1665/1953/1506
f 1666/1956/1509 1663/1951/1504 1756/1957/1510
f 1668/1958/1511 1665/1953/1506 1666/1956/1509
f 1669/1959/1512 1536/1825/1383 1667/1955/1508
f 1670/1960/1513 1667/1955/1508 1668/1958/1511
f 1671/1961/1514 1669/1959/1512 1670/1960/1513
f 1672/1962/1515 1671/1961/1514 1670/1960/1513
f 1670/1960/1513 1674/1963/1516 1672/1962/1515
f 1675/1964/1517 1671/1961/1514 1672/1962/1515
f 1673/1965/1518 1672/1962/1515 1674/1963/1516
f 1676/1966/1519 1672/1962/1515 1673/1965/1518
f 1549/1838/1395 1675/1964/1517 1677/1967/1520
f 1677/1967/1520 1676/1966/1519 1678/1968/1521
f 1679/1848/1405 1677/1967/1520 1678/1968/1521
f 1552/1843/1400 1677/1967/1520 1679/1848/1405
f 1557/1849/1406 1678/1968/1521 1681/1969/1522
f 1678/1968/1521 1686/1970/1523 1680/1971/1524
f 1680/1971/1524 1681/1969/1522 1678/1968/1521
f 1682/1972/1525 1683/1973/1526 1684/1974/1527
f 1681/1969/1522 1559/1850/1407 1557/1849/1406
f 1685/1975/1528 1684/1974/1527 1683/1973/1526
f 1685/1975/1528 1683/1973/1526 1680/1971/1524
f 1685/1975/1528 1686/1970/1523 1687/1976/1529
f 1685/1975/1528 1680/1971/1524 1686/1970/1523
f 1685/1975/1528 1687/1976/1529 1688/1977/1530
f 1685/1975/1528 1688/1977/1530 1713/1978/1531
f 1685/1975/1528 1689/1979/1532 1690/1980/1533
f 1685/1975/1528 1709/1981/1534 1689/1979/1532
f 1685/1975/1528 1690/1980/1533 1691/1982/1535
f 1685/1975/1528 1691/1982/1535 1708/1983/1536
f 1685/1975/1528 1692/1984/1537 1693/1985/1538
f 1685/1975/1528 1702/1986/1539 1692/1984/1537
f 1685/1975/1528 1693/1985/1538 1701/1987/1540
f 1685/1975/1528 1694/1988/1541 1700/1989/1542
f 1685/1975/1528 1701/1987/1540 1694/1988/1541
f 1685/1975/1528 1695/1990/1543 1699/1991/1544
f 1685/1975/1528 1698/1992/1545 1695/1990/1543
f 1685/1975/1528 1696/1993/1546 1697/1994/1547
f 1685/1975/1528 1700/1989/1542 1696/1993/1546
f 1685/1975/1528 1697/1994/1547 1698/1992/1545
f 1685/1975/1528 1699/1991/1544 1714/1995/1548
f 1685/1975/1528 1703/1996/1549 1702/1986/1539
f 1685/1975/1528 1704/1997/1550 1703/1996/1549
f 1685/1975/1528 1705/1998/1551 1704/1997/1550
f 1685/1975/1528 1706/1999/1552 1705/1998/1551
f 1685/1975/1528 1707/2000/1553 1706/1999/1552
f 1685/1975/1528 1708/1983/1536 1707/2000/1553
f 1685/1975/1528 1710/2001/1554 1709/1981/1534
f 1685/1975/1528 1711/2002/1555 1710/2001/1554
f 1685/1975/1528 1712/2003/1556 1711/2002/1555
f 1685/1975/1528 1713/1978/1531 1712/2003/1556
f 1685/1975/1528 1714/1995/1548 1684/1974/1527
f 1715/2004/1557 1716/2005/1558 1714/1995/1548
f 1715/2004/1557 1714/1995/1548 1699/1991/1544
f 1716/2005/1558 1684/1974/1527 1714/1995/1548
f 1682/1972/1525 1562/1853/1410 1559/1850/1407
f 1562/1853/1410 1715/2004/1557 1565/1856/1413
f 1565/1856/1413 1715/2004/1557 1717/2006/1559
f 1717/2006/1559 1699/1991/1544 1695/1990/1543
f 1717/2006/1559 1568/1859/1416 1565/1856/1413
f 1695/1990/1543 1718/2007/1560 1717/2006/1559
f 1718/2007/1560 1570/1863/1420 1568/1859/1416
f 1698/1992/1545 1719/1870/1427 1718/2007/1560
f 1696/1993/1546 1719/1870/1427 1697/1994/1547
f 1720/2008/1561 1688/1977/1530 1721/2009/1562
f 1713/1978/1531 1720/2008/1561 1712/2003/1556
f 1721/2009/1562 1722/2010/1563 1720/2008/1561
f 1724/2011/1564 1720/2008/1561 1722/2010/1563
f 1720/2008/1561 1723/2012/1565 1711/2002/1555
f 1720/2008/1561 1711/2002/1555 1712/2003/1556
f 1726/2013/1566 1723/2012/1565 1724/2011/1564
f 1725/2014/1567 1711/2002/1555 1723/2012/1565
f 1728/2015/1568 1725/2014/1567 1726/2013/1566
f 1710/2001/1554 1727/2016/1569 1709/1981/1534
f 1731/2017/1570 1727/2016/1569 1728/2015/1568
f 1729/2018/1571 1709/1981/1534 1727/2016/1569
f 1729/2018/1571 1690/1980/1533 1689/1979/1532
f 1730/2019/1572 1731/2017/1570 1733/2020/1573
f 1728/2015/1568 1732/2021/1574 1731/2017/1570
f 1733/2020/1573 1732/2021/1574 1734/2022/1575
f 1735/2023/1576 1734/2022/1575 1736/2024/1577
f 1737/2025/1578 1733/2020/1573 1735/2023/1576
f 1738/2026/1579 1736/2024/1577 1741/2027/1580
f 1735/2023/1576 1739/2028/1581 1737/2025/1578
f 1752/2029/1582 1738/2026/1579 1740/2030/1583
f 1741/2027/1580 1740/2030/1583 1738/2026/1579
f 1741/2027/1580 1753/1934/1490 1645/1932/1488
f 1742/2031/1584 1645/1932/1488 1643/1929/1485
f 1745/2032/1585 1742/2031/1584 1743/2033/1586
f 1643/1929/1485 1743/2033/1586 1742/2031/1584
f 1744/2034/1587 1640/1925/1481 1634/1922/1478
f 1743/2033/1586 1747/2035/1588 1745/2032/1585
f 1740/2030/1583 1746/2036/1589 1752/2029/1582
f 1748/2037/1590 1745/2032/1585 1747/2035/1588
f 1749/2038/1591 1744/2034/1587 1633/1921/1477
f 1750/2039/1592 1747/2035/1588 1749/2038/1591
f 1592/1887/1444 1633/1921/1477 1631/1917/1473
f 1749/2038/1591 1751/1888/1445 1750/2039/1592
f 1703/1996/1549 1750/2039/1592 1751/1888/1445
f 1748/2037/1590 1704/1997/1550 1705/1998/1551
f 1703/1996/1549 1593/1885/1442 1702/1986/1539
f 1705/1998/1551 1746/2036/1589 1748/2037/1590
f 1706/1999/1552 1752/2029/1582 1746/2036/1589
f 1708/1983/1536 1739/2028/1581 1752/2029/1582
f 1708/1983/1536 1752/2029/1582 1707/2000/1553
f 1708/1983/1536 1737/2025/1578 1739/2028/1581
f 1730/2019/1572 1691/1982/1535 1690/1980/1533
f 1736/2024/1577 1655/1945/1498 1753/1934/1490
f 1734/2022/1575 1657/1946/1499 1655/1945/1498
f 1754/2040/1593 1657/1946/1499 1732/2021/1574
f 1755/2041/1594 1659/1947/1500 1754/2040/1593
f 1754/2040/1593 1726/2013/1566 1755/2041/1594
f 1724/2011/1564 1755/2041/1594 1726/2013/1566
f 1756/1957/1510 1661/1949/1502 1755/2041/1594
f 1722/2010/1563 1756/1957/1510 1724/2011/1564
f 1666/1956/1509 1722/2010/1563 1757/2042/1595
f 1758/2043/1596 1722/2010/1563 1721/2009/1562
f 1673/1965/1518 1757/2042/1595 1758/2043/1596
f 1668/1958/1511 1757/2042/1595 1674/1963/1516
f 1688/1977/1530 1758/2043/1596 1721/2009/1562
f 1758/2043/1596 1687/1976/1529 1673/1965/1518
f 1589/1882/1439 1702/1986/1539 1593/1885/1442
f 1583/1876/1433 1693/1985/1538 1586/1877/1434
f 1583/1876/1433 1694/1988/1541 1701/1987/1540
f 1576/1869/1426 1694/1988/1541 1578/1871/1428
f 1700/1989/1542 1576/1869/1426 1696/1993/1546
f 1583/1876/1433 1581/1872/1429 1694/1988/1541
f 1694/1988/1541 1581/1872/1429 1578/1871/1428
f 1586/1877/1434 1692/1984/1537 1589/1882/1439
f 1673/1965/1518 1686/1970/1523 1676/1966/1519
f 1639/1926/1482 1393/1656/1241 1395/1658/1242
f 1637/1671/1252 1395/1658/1242 1398/1664/1247
f 1408/1676/1257 1630/1919/1475 1405/1672/1253
f 1411/1680/1261 1628/1894/1451 1408/1676/1257
f 1288/1542/1128 1759/1550/1136 1290/1541/1127
f 1759/1550/1136 1492/1769/1337 1295/1549/1135
f 1485/1763/1333 1295/1549/1135 1492/1769/1337
f 1340/1601/1187 1341/1602/1188 1362/1617/1203
f 1362/1617/1203 1341/1602/1188 1342/1596/1182
f 1760/2044/1597 1336/1594/1180 1762/1547/1133
f 1761/2045/1598 1358/1595/1181 1760/2044/1597
f 1302/1557/1143 1760/2044/1597 1299/1553/1139
f 1299/1553/1139 1762/1547/1133 1293/1546/1132
f 1762/1547/1133 1335/1593/1179 1291/1545/1131
f 1351/1612/1198 1761/2045/1598 1763/2046/1599
f 1763/2046/1599 1302/1557/1143 1305/1559/1145
f 1351/1612/1198 1357/1613/1199 1761/2045/1598
f 1351/1612/1198 1764/2047/1600 1350/1610/1196
f 1305/1559/1145 1764/2047/1600 1763/2046/1599
f 1350/1610/1196 1765/2048/1601 1349/1609/1195
f 1308/1564/1150 1764/2047/1600 1305/1559/1145
f 1765/2048/1601 1312/1569/1155 1766/1574/1160
f 1349/1609/1195 1766/1574/1160 1352/1611/1197
f 1353/1614/1200 1766/1574/1160 1317/1573/1159
f 1354/1578/1164 1353/1614/1200 1317/1573/1159
f 1291/1545/1131 1334/1590/1176 1287/1539/1125
s 0
f 1785/2049/257 1777/2050/257 1769/2051/257
f 50/113/1602 1792/115/1602 52/115/1602
f 24/60/1603 1779/92/1603 26/92/1603
f 52/115/1604 1793/117/1604 54/117/1604
f 26/92/1605 1780/91/1605 28/91/1605
f 54/117/1606 1794/121/1606 56/121/1606
f 28/91/1607 1781/93/1607 30/93/1607
f 2/68/1608 1767/72/1608 4/72/1608
f 56/121/1609 1795/124/1609 58/124/1609
f 30/93/1610 1782/98/1610 32/98/1610
f 4/72/1611 1769/71/1611 6/71/1611
f 58/124/1612 1796/123/1612 60/123/1612
f 32/98/1613 1783/97/1613 34/97/1613
f 6/71/1614 1770/73/1614 8/73/1614
f 60/123/1615 1797/128/1615 62/128/1615
f 34/97/1616 1784/102/1616 36/102/1616
f 8/73/1617 1771/78/1617 10/78/1617
f 62/128/1618 1798/127/1618 64/127/1618
f 36/102/1619 1785/101/1619 38/101/1619
f 10/78/1620 1772/77/1620 12/77/1620
f 64/127/1621 1768/68/1621 2/68/1621
f 38/101/1622 1786/103/1622 40/103/1622
f 12/77/1623 1773/79/1623 14/79/1623
f 40/103/1624 1787/108/1624 42/108/1624
f 14/79/1625 1774/83/1625 16/83/1625
f 42/108/1626 1788/107/1626 44/107/1626
f 16/83/1627 1775/85/1627 18/85/1627
f 44/107/1628 1789/109/1628 46/109/1628
f 18/85/1629 1776/87/1629 20/87/1629
f 46/109/1630 1790/114/1630 48/114/1630
f 20/87/1631 1777/59/1631 22/59/1631
f 48/114/1632 1791/113/1632 50/113/1632
s 1
f 66/1/1 65/4/2 3/2/2
f 65/4/2 67/6/3 5/5/3
f 67/6/3 68/8/4 7/7/4
f 68/8/4 69/10/5 9/9/5
f 69/10/5 70/12/6 11/11/6
f 70/12/6 71/2052/7 13/13/7
f 13/13/7 71/2052/7 72/14/8
f 72/14/8 73/17/9 17/16/9
f 73/17/9 74/2053/10 19/18/10
f 19/18/10 74/2053/10 75/19/11
f 75/19/11 76/22/12 23/21/12
f 76/22/12 77/24/13 25/23/13
f 77/24/13 78/26/14 27/25/14
f 78/26/14 79/28/15 29/27/15
f 79/28/15 80/30/16 31/29/16
f 80/30/16 81/32/17 33/31/17
f 81/32/17 82/34/18 35/33/18
f 82/34/18 83/36/19 37/35/19
f 83/36/19 84/38/20 39/37/20
f 84/38/20 85/40/21 41/39/21
f 85/40/21 86/42/22 43/41/22
f 86/42/22 87/44/23 45/43/23
f 87/44/23 88/2054/24 47/45/24
f 47/45/24 88/2054/24 89/46/25
f 89/46/25 90/49/26 51/48/26
f 90/49/26 91/51/27 53/50/27
f 91/51/27 92/53/28 55/52/28
f 92/53/28 93/55/29 57/54/29
f 93/55/29 94/57/30 59/56/30
f 94/57/30 95/61/31 61/58/31
s 0
f 22/59/32 1777/59/32 1778/60/32
s 1
f 95/61/31 96/63/33 63/62/33
f 96/63/33 66/2055/1 1/64/1
s 0
f 63/65/34 1/2056/34 7/2057/34
f 1/2056/34 3/2058/34 7/2057/34
f 3/2058/34 5/2059/34 7/2057/34
f 7/2057/34 9/2060/34 11/2061/34
f 11/2061/34 13/2062/34 15/66/34
f 15/66/34 17/2063/34 19/2064/34
f 19/2064/34 21/2065/34 23/2066/34
f 23/2066/34 25/2067/34 27/2068/34
f 27/2068/34 29/2069/34 23/2066/34
f 29/2069/34 31/67/34 23/2066/34
f 31/67/34 33/2070/34 35/2071/34
f 35/2071/34 37/2072/34 39/2073/34
f 39/2073/34 41/2074/34 43/2075/34
f 43/2075/34 45/2076/34 47/2077/34
f 47/2077/34 49/2078/34 55/2079/34
f 49/2078/34 51/2080/34 55/2079/34
f 51/2080/34 53/2081/34 55/2079/34
f 55/2079/34 57/2082/34 59/2083/34
f 59/2083/34 61/2084/34 55/2079/34
f 61/2084/34 63/65/34 55/2079/34
f 7/2057/34 11/2061/34 63/65/34
f 11/2061/34 15/66/34 63/65/34
f 15/66/34 19/2064/34 23/2066/34
f 31/67/34 35/2071/34 39/2073/34
f 39/2073/34 43/2075/34 31/67/34
f 43/2075/34 47/2077/34 31/67/34
f 15/66/34 23/2066/34 31/67/34
f 47/2077/34 55/2079/34 31/67/34
f 55/2079/34 63/65/34 31/67/34
f 2/68/35 4/72/35 65/69/35
f 6/71/36 67/74/36 65/69/36
f 8/73/37 68/76/37 67/74/37
f 8/73/38 10/78/38 69/75/38
f 12/77/39 70/80/39 69/75/39
f 14/79/40 71/82/40 70/80/40
f 14/79/41 16/83/41 72/81/41
f 16/83/42 18/85/42 73/84/42
f 18/85/43 20/87/43 74/86/43
f 22/59/44 75/89/44 74/86/44
f 22/59/45 24/60/45 76/88/45
f 24/60/46 26/92/46 77/90/46
f 28/91/47 78/94/47 77/90/47
f 30/93/48 79/96/48 78/94/48
f 30/93/49 32/98/49 80/95/49
f 34/97/50 81/100/50 80/95/50
f 34/97/51 36/102/51 82/99/51
f 38/101/52 83/104/52 82/99/52
f 40/103/53 84/106/53 83/104/53
f 40/103/54 42/108/54 85/105/54
f 44/107/55 86/110/55 85/105/55
f 46/109/56 87/112/56 86/110/56
f 46/109/57 48/114/57 88/111/57
f 50/113/58 89/116/58 88/111/58
f 52/115/59 90/118/59 89/116/59
f 54/117/60 91/120/60 90/118/60
f 54/117/61 56/121/61 92/119/61
f 56/121/62 58/124/62 93/122/62
f 60/123/63 94/126/63 93/122/63
f 60/123/64 62/128/64 95/125/64
f 64/127/65 96/129/65 95/125/65
f 2/68/66 66/70/66 96/129/66
s 1
f 97/130/67 99/215/146 572/131/68
f 100/133/70 97/130/67 98/132/69
f 102/135/72 99/215/146 97/130/67
f 101/136/73 97/130/67 100/133/70
f 105/138/75 102/135/72 101/136/73
f 104/139/76 101/136/73 103/137/74
f 108/141/78 105/138/75 104/139/76
f 107/142/79 104/139/76 106/140/77
f 111/144/81 108/141/78 107/142/79
f 110/145/82 107/142/79 109/143/80
f 114/147/84 111/144/81 110/145/82
f 113/148/85 110/145/82 112/146/83
f 117/150/87 114/147/84 113/148/85
f 116/151/88 113/148/85 115/149/86
f 120/153/90 117/150/87 116/151/88
f 119/154/91 116/151/88 118/152/89
f 123/156/93 120/153/90 119/154/91
f 122/157/94 119/154/91 121/155/92
f 125/159/96 126/164/99 123/160/93
f 122/161/94 124/262/95 127/162/97
f 128/163/98 129/166/101 126/164/99
f 125/159/96 127/162/97 130/165/100
f 129/166/101 128/163/98 131/167/102
f 128/163/98 130/165/100 133/169/104
f 131/167/102 133/169/104 135/171/106
f 134/170/105 135/171/106 138/172/107
f 140/174/109 132/168/103 134/170/105
f 137/175/110 136/173/108 139/176/111
f 136/173/108 138/172/107 207/178/113
f 140/174/109 141/180/115 143/179/114
f 141/180/115 140/174/109 137/175/110
f 172/214/145 173/187/120 102/135/72
f 173/187/120 146/188/121 99/215/146
f 171/213/144 172/214/145 105/138/75
f 169/211/142 170/212/143 108/141/78
f 168/210/141 169/211/142 111/144/81
f 167/209/140 168/210/141 117/150/87
f 166/208/139 167/209/140 120/153/90
f 166/207/139 123/160/93 126/164/99
f 165/206/138 126/164/99 129/166/101
f 164/205/137 129/166/101 132/168/103
f 142/181/116 137/175/110 174/177/112
f 175/216/147 162/203/135 163/204/136
f 174/177/112 139/176/111 176/217/148
f 177/218/149 161/202/134 162/203/135
f 178/219/150 177/218/149 175/216/147
f 160/201/133 161/202/134 177/218/149
f 179/220/151 177/218/149 178/219/150
f 159/200/132 160/201/133 179/220/151
f 181/222/153 179/220/151 180/221/152
f 158/199/131 159/200/132 181/222/153
f 183/224/155 181/222/153 182/223/154
f 157/198/130 158/199/131 183/224/155
f 185/226/157 183/224/155 184/225/156
f 155/196/128 156/197/129 185/226/157
f 154/195/127 155/196/128 187/228/159
f 187/228/159 186/227/158 191/230/161
f 190/232/163 188/229/160 189/231/162
f 191/230/161 186/227/158 195/234/165
f 189/231/162 191/230/161 192/235/166
f 192/235/166 195/234/165 196/237/168
f 194/236/167 192/235/166 193/238/169
f 186/227/158 184/225/156 197/240/171
f 195/234/165 197/240/171 198/241/172
f 184/225/156 182/223/154 199/242/173
f 197/240/171 199/242/173 200/243/174
f 182/223/154 180/221/152 201/244/175
f 199/242/173 201/244/175 202/245/176
f 180/221/152 178/219/150 203/246/177
f 201/244/175 203/246/177 204/247/178
f 176/217/148 205/248/179 203/246/177
f 204/247/178 203/246/177 205/248/179
f 139/176/111 207/178/113 205/248/179
f 206/249/180 205/248/179 207/178/113
f 208/250/181 207/178/113 138/172/107
f 210/251/182 211/255/186 209/252/183
f 208/250/181 209/252/183 281/253/184
f 210/251/182 138/172/107 135/171/106
f 212/254/185 213/257/188 211/255/186
f 212/254/185 135/171/106 133/169/104
f 214/256/187 215/259/190 213/257/188
f 214/256/187 133/169/104 130/165/100
f 216/258/189 217/261/192 215/259/190
f 216/258/189 130/165/100 127/162/97
f 218/260/191 219/264/194 217/261/192
f 218/260/191 127/162/97 124/262/95
f 220/263/193 221/344/197 219/264/194
f 124/158/95 121/155/92 222/265/195
f 220/266/193 222/265/195 223/267/196
f 121/155/92 118/152/89 224/269/198
f 222/265/195 224/269/198 225/270/199
f 118/152/89 115/149/86 226/271/200
f 224/269/198 226/271/200 227/272/201
f 115/149/86 112/146/83 228/273/202
f 226/271/200 228/273/202 229/274/203
f 112/146/83 109/143/80 230/275/204
f 228/273/202 230/275/204 231/276/205
f 109/143/80 106/140/77 232/277/206
f 230/275/204 232/277/206 233/278/207
f 106/140/77 103/137/74 234/279/208
f 232/277/206 234/279/208 235/280/209
f 103/137/74 100/133/70 236/281/210
f 234/279/208 236/281/210 238/282/211
f 238/282/211 236/281/210 237/283/212
f 570/134/71 237/283/212 236/281/210
f 235/280/209 238/282/211 239/285/214
f 239/285/214 238/282/211 240/284/213
f 243/288/217 242/289/218 240/284/213
f 241/287/216 240/284/213 242/289/218
f 246/291/220 245/292/221 242/289/218
f 244/290/219 242/289/218 245/292/221
f 249/294/223 248/295/224 245/292/221
f 247/293/222 245/292/221 248/295/224
f 252/297/226 251/298/227 248/295/224
f 250/296/225 248/295/224 251/298/227
f 255/300/229 254/301/230 251/298/227
f 253/299/228 251/298/227 254/301/230
f 258/303/232 257/304/233 254/301/230
f 256/302/231 254/301/230 257/304/233
f 261/306/235 260/307/236 257/304/233
f 259/305/234 257/304/233 260/307/236
f 261/309/235 264/314/240 263/310/238
f 260/311/236 263/310/238 265/312/239
f 264/314/240 267/239/170 266/315/241
f 263/310/238 266/315/241 268/316/242
f 267/239/170 193/238/169 269/317/243
f 266/315/241 269/317/243 270/318/244
f 193/238/169 196/237/168 271/319/245
f 269/317/243 271/319/245 272/320/246
f 196/237/168 198/241/172 273/321/247
f 271/319/245 273/321/247 274/322/248
f 198/241/172 200/243/174 275/323/249
f 273/321/247 275/323/249 276/324/250
f 200/243/174 202/245/176 277/325/251
f 275/323/249 277/325/251 278/326/252
f 202/245/176 204/247/178 279/327/253
f 277/325/251 279/327/253 280/328/254
f 206/249/180 281/253/184 279/327/253
f 280/328/254 279/327/253 281/253/184
f 282/329/255 281/253/184 209/252/183
f 345/331/257 280/328/254 282/329/255
f 283/332/258 282/329/255 284/330/256
f 284/330/256 209/252/183 211/255/186
f 285/333/259 284/330/256 286/334/260
f 286/334/260 211/255/186 213/257/188
f 287/335/261 286/334/260 288/336/262
f 288/336/262 213/257/188 215/259/190
f 289/337/263 288/336/262 290/338/264
f 290/338/264 215/259/190 217/261/192
f 291/339/265 290/338/264 292/340/266
f 292/340/266 217/261/192 219/264/194
f 293/341/267 292/340/266 294/342/268
f 294/342/268 219/264/194 221/344/197
f 295/343/269 294/342/268 296/345/270
f 221/268/197 223/267/196 298/347/271
f 296/348/270 298/347/271 299/349/272
f 223/267/196 225/270/199 300/351/273
f 298/347/271 300/351/273 301/352/274
f 225/270/199 227/272/201 302/353/275
f 300/351/273 302/353/275 303/354/276
f 227/272/201 229/274/203 304/355/277
f 302/353/275 304/355/277 305/356/278
f 229/274/203 231/276/205 306/357/279
f 304/355/277 306/357/279 307/358/280
f 231/276/205 233/278/207 308/359/281
f 306/357/279 308/359/281 309/360/282
f 233/278/207 235/280/209 310/286/215
f 308/359/281 310/286/215 311/361/283
f 310/286/215 239/285/214 313/362/34
f 311/361/283 312/364/285 374/363/284
f 313/362/34 314/366/287 312/364/285
f 241/287/216 315/367/288 313/362/34
f 313/362/34 315/367/288 316/365/286
f 244/290/219 317/369/290 315/367/288
f 315/367/288 317/369/290 318/368/289
f 317/369/290 244/290/219 247/293/222
f 317/369/290 319/370/291 320/371/292
f 319/370/291 247/293/222 250/296/225
f 319/370/291 321/372/293 322/373/294
f 321/372/293 250/296/225 253/299/228
f 321/372/293 323/374/295 324/375/296
f 323/374/295 253/299/228 256/302/231
f 323/374/295 325/376/297 326/377/298
f 325/376/297 256/302/231 259/305/234
f 325/376/297 327/378/299 328/379/300
f 327/378/299 259/305/234 262/308/237
f 327/378/299 329/380/9 330/381/301
f 262/313/237 265/312/239 331/382/302
f 331/382/302 332/386/304 330/384/301
f 265/312/239 268/316/242 333/385/303
f 333/385/303 334/388/306 332/386/304
f 268/316/242 270/318/244 335/387/305
f 335/387/305 336/390/308 334/388/306
f 270/318/244 272/320/246 337/389/307
f 337/389/307 338/392/310 336/390/308
f 272/320/246 274/322/248 339/391/309
f 339/391/309 340/394/312 338/392/310
f 274/322/248 276/324/250 341/393/311
f 341/393/311 342/396/314 340/394/312
f 276/324/250 278/326/252 343/395/313
f 343/395/313 344/397/315 342/396/314
f 278/326/252 280/328/254 345/331/257
f 345/331/257 346/399/317 344/397/315
f 345/331/257 283/332/258 348/398/316
f 346/399/317 347/402/320 409/400/318
f 346/399/317 348/398/316 349/401/319
f 283/332/258 285/333/259 350/403/321
f 348/398/316 350/403/321 351/404/322
f 285/333/259 287/335/261 352/405/323
f 350/403/321 352/405/323 353/406/324
f 287/335/261 289/337/263 354/407/325
f 352/405/323 354/407/325 355/408/326
f 289/337/263 291/339/265 356/409/327
f 354/407/325 356/409/327 357/410/328
f 291/339/265 293/341/267 358/411/329
f 356/409/327 358/411/329 359/412/330
f 293/341/267 295/343/269 360/413/331
f 358/411/329 360/413/331 361/414/332
f 295/343/269 297/346/25 362/415/333
f 360/413/331 362/415/333 363/416/334
f 299/349/272 364/418/335 362/417/333
f 364/418/335 365/421/337 363/419/334
f 301/352/274 366/420/336 364/418/335
f 366/420/336 367/423/339 365/421/337
f 303/354/276 368/422/338 366/420/336
f 368/422/338 369/425/341 367/423/339
f 305/356/278 370/424/340 368/422/338
f 370/424/340 371/427/343 369/425/341
f 307/358/280 372/426/342 370/424/340
f 372/426/342 373/428/344 371/427/343
f 309/360/282 374/363/284 372/426/342
f 374/363/284 375/429/345 373/428/344
f 312/364/285 377/431/347 375/429/345
f 376/430/346 375/429/345 377/431/347
f 438/433/349 373/428/344 375/429/345
f 314/366/287 379/434/350 377/431/347
f 379/434/350 380/437/353 378/432/348
f 314/366/287 316/365/286 381/435/351
f 379/434/350 381/435/351 382/436/352
f 316/365/286 318/368/289 383/438/354
f 381/435/351 383/438/354 384/439/355
f 318/368/289 320/371/292 385/440/356
f 383/438/354 385/440/356 386/441/357
f 320/371/292 322/373/294 387/442/358
f 385/440/356 387/442/358 388/443/359
f 322/373/294 324/375/296 389/444/360
f 387/442/358 389/444/360 390/445/361
f 324/375/296 326/377/298 391/446/362
f 389/444/360 391/446/362 392/447/363
f 326/377/298 328/379/300 393/448/364
f 391/446/362 393/448/364 394/449/365
f 328/379/300 330/381/301 395/450/366
f 393/448/364 395/450/366 396/451/367
f 332/386/304 397/454/368 395/452/366
f 396/453/367 395/452/366 397/454/368
f 334/388/306 399/456/370 397/454/368
f 398/455/369 397/454/368 399/456/370
f 336/390/308 401/458/372 399/456/370
f 400/457/371 399/456/370 401/458/372
f 338/392/310 403/460/374 401/458/372
f 402/459/373 401/458/372 403/460/374
f 340/394/312 405/462/376 403/460/374
f 404/461/375 403/460/374 405/462/376
f 342/396/314 407/464/378 405/462/376
f 406/463/377 405/462/376 407/464/378
f 344/397/315 409/400/318 407/464/378
f 408/465/379 407/464/378 409/400/318
f 410/466/380 409/400/318 347/402/320
f 412/467/381 413/472/386 411/468/382
f 410/466/380 411/468/382 473/469/383
f 347/402/320 349/401/319 414/470/384
f 412/467/381 414/470/384 415/471/385
f 349/401/319 351/404/322 416/473/387
f 414/470/384 416/473/387 417/474/388
f 351/404/322 353/406/324 418/475/389
f 416/473/387 418/475/389 419/476/390
f 353/406/324 355/408/326 420/477/391
f 418/475/389 420/477/391 421/478/392
f 355/408/326 357/410/328 422/479/393
f 420/477/391 422/479/393 423/480/394
f 357/410/328 359/412/330 424/481/395
f 422/479/393 424/481/395 425/482/396
f 359/412/330 361/414/332 426/483/397
f 424/481/395 426/483/397 427/484/398
f 361/414/332 363/416/334 428/485/399
f 426/483/397 428/485/399 429/486/400
f 428/487/399 363/419/334 365/421/337
f 430/488/401 431/491/403 429/489/400
f 430/488/401 365/421/337 367/423/339
f 432/490/402 433/493/405 431/491/403
f 432/490/402 367/423/339 369/425/341
f 434/492/404 435/495/407 433/493/405
f 434/492/404 369/425/341 371/427/343
f 436/494/406 437/496/408 435/495/407
f 436/494/406 371/427/343 373/428/344
f 438/433/349 439/497/409 437/496/408
f 376/430/346 441/499/411 439/497/409
f 440/498/410 439/497/409 441/499/411
f 511/501/413 437/496/408 439/497/409
f 378/432/348 443/502/414 441/499/411
f 442/500/412 441/499/411 443/502/414
f 380/437/353 445/504/416 443/502/414
f 444/503/415 443/502/414 445/504/416
f 445/504/416 447/507/419 448/506/418
f 380/437/353 382/436/352 447/507/419
f 382/436/352 384/439/355 449/508/420
f 447/507/419 449/508/420 450/509/421
f 384/439/355 386/441/357 451/510/422
f 449/508/420 451/510/422 452/511/423
f 386/441/357 388/443/359 453/512/424
f 451/510/422 453/512/424 454/513/425
f 388/443/359 390/445/361 455/514/426
f 453/512/424 455/514/426 456/515/427
f 390/445/361 392/447/363 457/516/428
f 455/514/426 457/516/428 458/517/429
f 392/447/363 394/449/365 459/518/430
f 457/516/428 459/518/430 460/519/431
f 394/449/365 396/451/367 461/520/432
f 459/518/430 461/520/432 462/521/433
f 398/455/369 463/524/434 461/522/432
f 462/523/433 461/522/432 463/524/434
f 400/457/371 465/526/436 463/524/434
f 464/525/435 463/524/434 465/526/436
f 402/459/373 467/528/438 465/526/436
f 466/527/437 465/526/436 467/528/438
f 404/461/375 469/530/440 467/528/438
f 468/529/439 467/528/438 469/530/440
f 406/463/377 471/532/442 469/530/440
f 470/531/441 469/530/440 471/532/442
f 408/465/379 473/469/383 471/532/442
f 472/533/443 471/532/442 473/469/383
f 474/534/444 473/469/383 411/468/382
f 544/536/446 472/533/443 474/534/444
f 475/537/447 474/534/444 476/535/445
f 476/535/445 411/468/382 413/472/386
f 477/538/448 476/535/445 478/539/449
f 413/472/386 415/471/385 480/541/451
f 478/539/449 480/541/451 481/542/452
f 415/471/385 417/474/388 482/543/453
f 480/541/451 482/543/453 483/544/454
f 417/474/388 419/476/390 484/545/455
f 482/543/453 484/545/455 485/546/456
f 419/476/390 421/478/392 486/547/457
f 486/547/457 489/552/462 487/548/458
f 487/548/458 489/552/462 490/549/459
f 485/546/456 487/548/458 488/550/460
f 489/552/462 491/556/466 493/553/463
f 495/554/464 491/556/466 489/552/462
f 492/555/465 496/559/469 494/557/467
f 491/556/466 494/557/467 497/558/468
f 421/478/392 423/480/394 495/554/464
f 423/480/394 425/482/396 492/555/465
f 496/559/469 499/618/473 498/560/470
f 494/557/467 498/560/470 500/561/471
f 502/562/472 501/565/474 498/563/470
f 501/565/474 503/569/477 500/566/471
f 505/567/475 504/568/476 501/565/474
f 504/568/476 506/571/479 503/569/477
f 508/570/478 507/572/480 504/568/476
f 506/571/479 504/568/476 507/572/480
f 511/501/413 510/574/482 507/572/480
f 510/574/482 512/575/483 509/573/481
f 440/498/410 513/576/484 510/574/482
f 512/575/483 510/574/482 513/576/484
f 442/500/412 515/578/486 513/576/484
f 515/578/486 516/579/487 514/577/485
f 444/503/415 517/580/488 515/578/486
f 516/579/487 515/578/486 517/580/488
f 446/505/417 519/582/490 517/580/488
f 519/582/490 520/585/493 518/581/489
f 446/505/417 448/506/418 521/583/491
f 519/582/490 521/583/491 522/584/492
f 448/506/418 450/509/421 523/586/494
f 521/583/491 523/586/494 524/587/495
f 450/509/421 452/511/423 525/588/496
f 523/586/494 525/588/496 526/589/497
f 452/511/423 454/513/425 527/590/498
f 525/588/496 527/590/498 528/591/499
f 454/513/425 456/515/427 529/592/500
f 527/590/498 529/592/500 530/593/501
f 456/515/427 458/517/429 531/594/502
f 529/592/500 531/594/502 532/595/503
f 458/517/429 460/519/431 533/596/504
f 531/594/502 533/596/504 534/597/505
f 460/519/431 462/521/433 535/598/506
f 533/596/504 535/598/506 536/599/507
f 464/525/435 537/601/508 535/600/506
f 537/601/508 538/604/510 536/602/507
f 537/601/508 464/525/435 466/527/437
f 539/603/509 540/605/511 538/604/510
f 468/529/439 470/531/441 541/606/512
f 542/607/513 545/609/515 540/605/511
f 472/533/443 544/536/446 542/607/513
f 544/536/446 547/612/516 543/608/514
f 483/544/454 485/546/456 553/551/461
f 481/542/452 483/544/454 552/617/521
f 479/540/450 481/542/452 551/616/520
f 479/540/450 550/615/519 549/614/518
f 548/613/517 475/537/447 477/538/448
f 547/612/516 544/536/446 475/537/447
f 508/570/478 435/495/407 437/496/408
f 505/567/475 433/493/405 435/495/407
f 502/562/472 431/491/403 433/493/405
f 499/564/473 429/489/400 431/491/403
f 427/484/398 429/486/400 499/618/473
f 425/482/396 427/484/398 496/559/469
f 554/619/522 194/236/167 267/239/170
f 556/620/523 554/619/522 264/314/240
f 555/233/164 189/231/162 194/236/167
f 557/621/524 555/233/164 554/619/522
f 557/622/524 556/625/523 558/623/525
f 258/303/232 558/623/525 556/625/523
f 559/624/526 558/623/525 560/626/527
f 255/300/229 560/626/527 558/623/525
f 561/627/528 560/626/527 562/628/529
f 252/297/226 562/628/529 560/626/527
f 563/629/530 562/628/529 564/630/531
f 249/294/223 564/630/531 562/628/529
f 565/631/532 564/630/531 566/632/533
f 246/291/220 566/632/533 564/630/531
f 567/633/534 566/632/533 568/634/535
f 566/632/533 246/291/220 243/288/217
f 569/635/536 568/634/535 570/134/71
f 568/634/535 243/288/217 237/283/212
f 571/636/537 569/635/536 98/132/69
f 573/637/538 567/633/534 569/635/536
f 148/190/123 571/636/537 572/131/68
f 149/191/124 573/637/538 571/636/537
f 150/192/125 574/638/539 573/637/538
f 574/638/539 565/631/532 567/633/534
f 574/638/539 150/192/125 151/186/119
f 565/631/532 574/638/539 575/639/540
f 145/183/117 576/640/541 575/639/540
f 576/640/541 561/627/528 563/629/530
f 152/185/118 577/641/542 576/640/541
f 561/627/528 576/640/541 577/641/542
f 153/193/126 578/642/543 577/641/542
f 578/642/543 557/622/524 559/624/526
f 153/194/126 154/195/127 190/232/163
f 578/643/543 190/232/163 555/233/164
f 99/215/146 146/188/121 147/189/122
f 581/644/257 642/657/544 580/645/544
f 582/650/545 584/654/545 581/651/257
f 583/653/546 641/770/546 584/654/545
f 642/657/544 586/660/547 585/658/547
f 591/659/548 587/666/548 585/658/547
f 591/659/548 592/686/556 590/665/549
f 597/672/550 595/680/550 594/673/551
f 589/674/551 594/673/551 593/675/552
s 0
f 595/677/17 598/679/17 592/670/17
f 596/678/17 600/690/17 598/679/17
s 1
f 595/680/550 597/672/550 640/681/553
f 601/683/554 599/687/555 598/684/555
f 592/686/556 598/684/555 599/687/555
f 600/685/554 602/693/557 604/688/557
s 0
f 602/689/17 596/678/17 639/691/17
s 1
f 602/693/557 603/701/9 607/694/9
s 0
f 604/695/1 605/699/1 640/696/1
f 607/700/1 609/704/1 606/698/1
s 1
f 603/701/9 617/720/558 608/702/558
f 609/705/559 611/710/559 613/706/25
s 0
f 610/708/1 609/704/1 608/703/1
s 1
f 611/710/559 609/705/559 610/711/560
s 0
f 617/716/17 613/723/17 611/713/17
s 1
f 616/717/561 620/727/561 615/718/562
f 617/720/558 614/719/562 615/718/562
s 0
f 616/721/17 614/715/17 612/714/17
f 613/723/17 617/716/17 603/692/17
f 619/724/17 616/721/17 618/722/17
s 1
f 616/717/561 619/747/563 621/726/563
s 0
f 610/708/1 615/709/1 620/728/1
f 621/730/1 623/737/1 622/729/1
s 1
f 618/731/564 612/712/560 610/711/560
f 618/731/564 622/732/564 623/733/565
f 624/735/566 626/741/566 625/734/565
f 626/741/566 624/735/566 638/742/567
f 628/744/568 630/749/569 631/745/569
f 619/747/563 628/744/568 629/746/568
f 630/749/569 633/754/570 634/750/570
f 633/754/570 635/757/34 636/755/34
f 632/756/571 637/762/571 636/755/34
f 637/762/571 632/756/571 627/743/567
f 606/707/25 613/706/25 639/765/572
f 596/682/553 640/681/553 605/766/572
s 0
f 640/696/1 597/768/1 599/767/1
f 590/664/1 599/767/1 597/768/1
s 1
f 583/653/546 588/676/552 593/675/552
f 654/774/544 644/789/544 643/775/257
f 646/780/545 647/782/545 645/776/257
f 646/780/545 648/2085/546 655/781/546
f 651/786/547 652/791/548 650/787/548
f 651/786/547 649/788/547 644/789/544
f 655/781/546 648/2085/546 657/792/552
f 653/790/552 657/792/552 658/794/551
s 0
f 662/798/1 659/2086/1 658/796/1
s 1
f 659/799/550 671/814/550 656/793/573
f 652/791/548 661/801/549 660/800/549
f 661/801/549 663/804/555 662/802/555
f 665/803/554 664/2087/554 662/802/555
s 0
f 667/805/1 659/2086/1 662/798/1
s 1
f 666/807/557 664/2087/554 665/803/554
s 0
f 667/805/1 664/806/1 666/809/1
s 1
f 669/811/553 667/2088/553 668/812/572
f 659/799/550 667/2088/553 669/811/553
s 0
f 672/808/17 669/811/17 670/813/17
f 663/804/17 671/814/17 669/811/17
s 1
f 674/816/9 666/807/557 672/808/557
s 0
f 673/815/17 670/813/17 678/817/17
s 1
f 676/819/558 674/816/9 673/815/9
f 677/820/562 683/841/562 676/819/558
s 0
f 679/821/17 677/820/17 675/818/17
s 1
f 670/813/572 668/812/572 680/822/25
f 678/817/25 680/822/25 681/823/559
s 0
f 674/824/1 681/828/1 680/825/1
s 1
f 681/823/559 682/2089/560 685/826/560
s 0
f 683/827/1 682/830/1 681/828/1
f 682/830/1 683/827/1 689/831/1
s 1
f 685/826/560 682/2089/560 684/833/564
s 0
f 688/835/17 677/820/17 685/826/17
s 1
f 699/836/565 687/837/565 686/834/564
s 0
f 688/835/17 686/834/17 687/837/17
s 1
f 688/835/561 690/838/563 691/839/563
f 677/820/562 688/835/561 689/840/561
f 690/838/563 692/844/568 696/843/568
f 687/837/565 699/836/565 695/845/566
f 693/842/566 695/845/566 698/847/567
s 0
f 699/853/1 684/832/1 689/831/1
s 1
f 705/856/571 694/846/567 698/847/567
f 702/858/570 701/2090/570 697/859/569
f 703/861/34 701/2090/570 702/858/570
f 705/856/571 700/857/571 703/861/34
f 692/844/568 706/860/569 697/859/569
s 0
f 663/804/17 661/801/17 656/793/17
f 712/867/575 708/1020/575 707/868/575
f 710/870/576 707/2091/576 709/871/576
f 713/873/577 710/2092/577 711/874/577
f 712/876/578 710/2092/578 713/873/578
f 718/880/1633 712/876/1633 715/877/1633
f 717/879/582 719/883/582 734/882/582
f 721/884/583 720/881/583 716/878/583
f 725/886/584 723/888/584 720/881/584
f 724/889/580 736/909/580 722/887/580
f 723/888/585 725/886/585 726/890/585
f 727/891/586 725/895/586 721/892/586
f 728/894/587 726/1011/587 725/895/587
f 732/896/574 728/2093/574 727/897/574
f 733/901/588 730/904/588 731/902/588
f 730/904/589 733/901/589 735/905/589
f 719/883/590 722/887/590 733/907/590
f 722/887/591 736/909/591 735/908/591
f 736/909/592 739/914/592 737/910/592
f 732/906/593 735/905/593 737/911/593
f 740/913/594 743/918/594 738/912/594
f 739/914/595 742/916/595 740/915/595
f 742/916/596 757/938/596 741/917/596
f 743/918/597 740/913/597 741/919/597
f 747/921/574 738/1015/574 743/922/574
f 745/923/574 743/922/574 744/924/574
f 745/926/598 746/950/598 750/927/598
f 745/926/599 748/928/599 749/929/599
f 748/931/600 751/936/600 753/932/600
f 752/934/601 751/936/601 748/931/601
f 757/938/580 753/932/580 751/936/580
f 741/917/602 757/938/602 754/937/602
f 756/940/603 758/942/603 755/939/603
f 752/934/580 760/944/580 756/940/580
f 759/941/604 770/964/604 758/942/604
f 761/943/580 759/941/580 756/940/580
f 761/943/605 760/944/605 762/945/605
f 760/944/606 752/934/606 750/935/606
f 764/947/607 765/978/607 763/948/607
f 746/950/608 764/947/608 762/949/608
f 768/951/574 765/962/574 764/952/574
f 746/925/574 744/924/574 767/954/574
f 741/919/609 755/957/609 767/955/609
f 766/956/610 767/955/610 755/957/610
f 768/959/611 766/956/611 758/958/611
f 769/961/574 779/980/574 765/962/574
f 770/960/612 771/967/612 769/963/612
f 770/964/613 759/941/613 773/965/613
f 771/967/614 772/983/614 781/968/614
f 771/966/615 773/965/615 774/969/615
f 773/965/580 759/941/580 761/943/580
f 763/946/616 777/973/616 775/971/616
f 776/972/617 775/971/617 777/973/617
f 779/975/618 780/1006/618 778/976/618
f 777/977/619 763/948/619 765/978/619
f 782/982/620 781/968/620 772/983/620
f 786/984/621 788/994/621 783/988/621
f 787/990/622 786/992/622 772/970/622
f 790/991/623 788/996/623 786/992/623
f 796/993/624 783/988/624 788/994/624
f 788/996/625 790/991/625 792/997/625
f 792/997/1634 791/999/1634 793/1000/1634
f 795/1002/628 793/1000/628 791/999/628
f 794/1001/629 776/972/629 778/974/629
f 793/1003/630 795/1007/630 785/1004/630
f 780/1006/631 785/1004/631 795/1007/631
f 784/1005/632 796/993/632 789/995/632
f 797/1009/633 798/1010/633 749/933/633
f 742/916/580 739/914/580 797/1009/580
f 724/889/1635 726/890/1635 798/1010/1635
f 797/1009/580 739/914/580 736/909/580
f 726/1011/635 728/894/635 799/1012/635
f 798/1013/636 799/1012/636 747/930/636
f 799/1014/574 728/2093/574 732/896/574
f 734/903/637 731/902/637 801/1016/637
f 708/1020/638 712/867/638 718/1017/638
f 729/893/639 721/892/639 802/1021/639
f 800/1022/640 802/1021/640 711/872/640
f 802/885/641 716/878/641 714/875/641
s 1
f 805/1023/642 1033/1273/884 804/1024/643
f 1032/1026/645 806/1029/648 803/1025/644
f 807/1027/646 809/1032/651 805/1023/642
f 808/1028/647 807/1027/646 803/1025/644
f 812/1030/649 810/1031/650 807/1027/646
f 810/1031/650 812/1030/649 814/1033/652
f 809/1032/651 810/1031/650 811/1034/653
f 813/1036/655 812/1030/649 808/1028/647
f 815/1038/657 814/1033/652 812/1030/649
f 811/1034/653 814/1033/652 816/1039/658
f 818/1041/660 816/1039/658 814/1033/652
f 819/1042/661 820/1044/663 817/1040/659
f 821/1043/662 819/1042/661 816/1039/658
f 820/1044/663 819/1042/661 822/1045/664
f 824/1047/666 822/1045/664 819/1042/661
f 825/1048/667 826/1051/670 823/1046/665
f 827/1049/668 825/1048/667 822/1045/664
f 828/1050/669 830/1056/675 826/1051/670
f 825/1048/667 827/1049/668 829/1052/671
f 831/1053/672 828/1050/669 829/1052/671
f 828/1050/669 831/1053/672 834/1055/674
f 833/1054/673 943/1186/797 832/1057/676
f 836/1058/677 834/1055/674 831/1053/672
f 830/1056/675 834/1055/674 835/1059/678
f 834/1055/674 836/1058/677 838/1061/680
f 832/1057/676 942/1188/799 837/1062/681
f 840/1063/682 838/1061/680 836/1058/677
f 835/1059/678 838/1061/680 839/1064/683
f 841/1066/685 840/1063/682 837/1062/681
f 845/1068/687 841/1066/685 842/1067/686
f 841/1066/685 845/1068/687 848/1070/689
f 849/1074/693 848/1070/689 847/1073/692
f 878/1103/722 879/1106/725 851/1078/697
f 877/1079/698 858/1088/707 880/1104/723
f 881/1105/724 882/1108/727 879/1106/725
f 881/1105/724 884/1110/729 885/1107/726
f 880/1104/723 974/1217/828 883/1109/728
f 886/1111/730 1029/1268/879 885/1107/726
f 889/1112/731 886/1111/730 884/1110/729
f 887/1113/732 884/1110/729 883/1109/728
f 888/1114/733 891/1118/737 890/1115/734
f 892/1116/735 889/1112/731 887/1113/732
f 893/1117/736 890/1115/734 891/1118/737
f 890/1115/734 893/1117/736 896/1120/739
f 969/1121/740 895/1122/741 893/1117/736
f 896/1120/739 893/1117/736 895/1122/741
f 897/1124/743 1039/1278/889 892/1116/735
f 898/1123/742 900/1127/746 897/1124/743
f 898/1123/742 895/1122/741 968/1125/744
f 900/1127/746 898/1123/742 899/1126/745
f 901/1129/748 900/1127/746 902/1128/747
f 1041/1131/750 897/1124/743 900/1127/746
f 904/1132/751 906/1136/755 903/1130/749
f 902/1128/747 899/1126/745 905/1133/752
f 904/1132/751 905/1133/752 908/1134/753
f 906/1136/755 904/1132/751 907/1135/754
f 977/1138/757 909/1139/758 907/1135/754
f 910/1137/756 907/1135/754 909/1139/758
f 1166/1141/760 906/1136/755 910/1137/756
f 911/1142/761 910/1137/756 912/1140/759
f 914/1144/763 916/1148/767 913/1143/762
f 912/1140/759 909/1139/758 915/1145/764
f 918/1146/765 917/1147/766 914/1144/763
f 917/1147/766 920/1150/769 916/1148/767
f 984/1149/768 919/1151/770 917/1147/766
f 920/1150/769 917/1147/766 919/1151/770
f 916/1153/767 920/1156/769 921/1154/771
f 920/1156/769 922/1161/257 923/1157/773
f 924/1158/774 922/1152/257 919/1151/770
f 924/1160/774 926/1164/777 923/1157/773
f 925/1159/775 928/1166/779 927/1162/776
f 927/1163/776 929/1169/781 926/1164/777
f 930/1165/778 927/1162/776 928/1166/779
f 930/1168/778 932/1171/783 929/1169/781
f 933/1167/780 935/1175/786 931/1170/782
f 932/1171/783 930/1168/778 931/1172/782
f 987/1174/785 934/1176/787 933/1167/780
f 935/1175/786 933/1167/780 934/1176/787
f 1125/1178/789 931/1170/782 935/1175/786
f 937/1177/788 939/1181/792 936/1179/790
f 947/1180/791 938/1182/793 937/1177/788
f 939/1181/792 937/1177/788 938/1182/793
f 988/1184/795 936/1179/790 939/1181/792
f 940/1185/796 939/1181/792 941/1183/794
f 944/1187/798 942/1188/799 941/1183/794
f 943/1186/797 941/1183/794 942/1188/799
f 943/1186/797 833/1054/673 989/1189/800
f 842/1067/686 942/1188/799 944/1187/798
f 846/1069/688 944/1187/798 945/1190/801
f 938/1182/793 947/1180/791 945/1190/801
f 946/1191/802 945/1190/801 948/1192/803
f 948/1192/803 945/1190/801 947/1180/791
f 950/1194/805 985/1223/834 949/1195/806
f 952/1196/807 951/1193/804 949/1195/806
f 951/1193/804 952/1196/807 954/1198/809
f 953/1075/694 847/1073/692 846/1069/688
f 873/1102/721 849/1074/693 953/1075/694
f 954/1198/809 952/1196/807 956/1199/810
f 873/1102/721 954/1198/809 955/1200/811
f 874/1095/714 955/1200/811 957/1201/812
f 955/1200/811 956/1199/810 958/1202/813
f 960/1203/814 959/1204/815 957/1201/812
f 866/1094/713 957/1201/812 959/1204/815
f 961/1205/816 864/1092/711 865/1093/712
f 962/1206/817 961/1205/816 959/1204/815
f 965/1207/818 963/1208/819 961/1205/816
f 863/1091/710 963/1208/819 964/1209/820
f 963/1208/819 965/1207/818 967/1210/821
f 966/1211/822 965/1207/818 962/1206/817
f 968/1125/744 967/1210/821 965/1207/818
f 969/1121/740 970/1213/824 964/1209/820
f 895/1122/741 969/1121/740 967/1210/821
f 894/1119/738 971/1214/825 970/1213/824
f 862/1090/709 964/1209/820 970/1213/824
f 971/1214/825 857/1086/705 861/1087/706
f 894/1119/738 891/1118/737 972/1215/826
f 856/1085/704 857/1086/705 971/1214/825
f 891/1118/737 888/1114/733 973/1216/827
f 972/1215/826 973/1216/827 860/1083/702
f 974/1217/828 973/1216/827 888/1114/733
f 966/1211/822 905/1133/752 899/1126/745
f 905/1133/752 966/1211/822 975/1212/823
f 960/1203/814 976/1218/829 975/1212/823
f 908/1134/753 975/1212/823 976/1218/829
f 976/1218/829 960/1203/814 958/1202/813
f 977/1138/757 976/1218/829 978/1219/830
f 980/1221/832 981/1222/833 979/1220/831
f 978/1219/830 958/1202/813 956/1199/810
f 952/1196/807 982/1197/808 980/1221/832
f 982/1197/808 983/1224/835 981/1222/833
f 982/1197/808 949/1195/806 985/1223/834
f 983/1224/835 985/1223/834 986/1225/836
f 983/1224/835 984/1149/768 918/1146/765
f 985/1223/834 950/1194/805 987/1174/785
f 984/1149/768 986/1225/836 925/1159/775
f 928/1166/779 925/1159/775 986/1225/836
f 950/1194/805 947/1180/791 934/1176/787
f 915/1145/764 979/1220/831 981/1222/833
f 909/1139/758 977/1138/757 979/1220/831
f 991/1226/837 988/1184/795 940/1185/796
f 990/1227/838 989/1189/800 833/1054/673
f 989/1189/800 990/1227/838 993/1228/839
f 994/1229/840 992/1230/841 991/1226/837
f 988/1184/795 991/1226/837 992/1230/841
f 998/1232/843 995/1233/844 993/1228/839
f 994/1229/840 993/1228/839 995/1233/844
f 997/1234/845 995/1233/844 996/1235/846
f 995/1233/844 998/1232/843 999/1237/848
f 990/1227/838 829/1052/671 827/1049/668
f 998/1232/843 827/1049/668 824/1047/666
f 821/1043/662 1000/1238/849 999/1237/848
f 996/1235/846 999/1237/848 1000/1238/849
f 1000/1238/849 821/1043/662 818/1041/660
f 1001/1239/850 1000/1238/849 1002/1240/851
f 815/1038/657 1003/1242/853 1002/1240/851
f 1004/1241/852 1002/1240/851 1003/1242/853
f 1006/1243/854 1007/1248/859 1005/1244/855
f 1143/1245/856 1001/1239/850 1004/1241/852
f 1010/1246/857 1008/1247/858 1006/1243/854
f 1008/1247/858 1009/1250/861 1007/1248/859
f 1011/1249/860 1013/1254/865 1009/1250/861
f 1008/1247/858 1010/1246/857 1012/1251/862
f 1017/1252/863 1014/1253/864 1011/1249/860
f 1014/1253/864 1016/2094/34 1013/1254/865
f 1060/1255/866 1016/2094/34 1014/1253/864
f 1017/1252/863 1019/1258/869 1015/1256/867
f 1018/1257/868 1017/1252/863 1012/1251/862
f 1019/1258/869 1017/1252/863 1018/1257/868
f 1020/1259/870 1022/1262/873 1021/1260/871
f 1019/1258/869 1021/1260/871 1023/1261/872
f 1022/1262/873 1027/1267/878 1024/1263/874
f 1025/1264/875 1023/1261/872 1021/1260/871
f 1034/1265/876 1025/1264/875 1024/1263/874
f 1026/1266/877 1024/1263/874 1027/1267/878
f 1029/1268/879 1027/1267/878 1028/1269/880
f 1027/1267/878 1022/1262/873 1031/1270/881
f 1029/1268/879 886/1111/730 1035/1271/882
f 882/1108/727 885/1107/726 1028/1269/880
f 1030/1272/883 1028/1269/880 1031/1270/881
f 1032/1026/645 1031/1270/881 1022/1262/873
f 806/1029/648 1032/1026/645 1020/1259/870
f 1033/1273/884 879/1106/725 882/1108/727
f 852/1077/696 851/1078/697 1033/1273/884
f 1036/1274/885 1034/1265/876 1026/1266/877
f 1035/1271/882 1037/1276/887 1038/1275/886
f 1037/1276/887 1035/1271/882 886/1111/730
f 1037/1276/887 1039/1278/889 1040/1277/888
f 889/1112/731 892/1116/735 1039/1278/889
f 1039/1278/889 897/1124/743 1041/1131/750
f 1040/1277/888 1041/1131/750 1044/1279/890
f 1038/1275/886 1040/1277/888 1042/1280/891
f 1044/1282/890 1171/1428/1016 1043/1283/893
f 1042/1284/891 1043/1283/893 1046/1285/894
f 1045/1286/892 1046/1285/894 1048/1287/895
f 1036/1274/885 1038/1275/886 1045/1281/892
f 1047/1288/896 1048/1287/895 1050/1290/897
f 1034/1265/876 1036/1274/885 1047/1289/896
f 1053/1293/899 1051/1295/900 1049/1291/898
f 1049/1292/898 1051/1294/900 1025/1264/875
f 1051/1294/900 1052/1306/902 1023/1261/872
f 1051/1295/900 1053/1293/899 1055/1296/901
f 1050/1290/897 1182/1439/1027 1054/1298/903
f 1053/1293/899 1054/1298/903 1056/1299/904
f 1057/1300/905 1060/1303/866 1052/1297/902
f 1055/1296/901 1056/1299/904 1059/1301/906
f 1062/1302/907 1058/1304/908 1057/1300/905
f 1060/1303/866 1057/1300/905 1058/1304/908
f 1015/1256/867 1023/1261/872 1052/1306/902
f 1064/1307/909 1062/1302/907 1059/1301/906
f 1056/1299/904 1187/1444/1032 1061/1308/910
f 1142/1309/911 1058/1304/908 1062/1302/907
f 1063/1310/912 1062/1302/907 1064/1307/909
f 1061/1308/910 1189/1446/1034 1065/1312/914
f 1066/1311/913 1064/1307/909 1065/1312/914
f 1069/1314/916 1063/1310/912 1066/1311/913
f 1067/1313/915 1070/1318/920 1068/1315/917
f 1068/1315/917 1071/1317/919 1072/1316/918
f 1071/1317/919 1068/1315/917 1070/1318/920
f 1138/1320/922 1072/1316/918 1071/1317/919
f 1073/1321/923 1071/1317/919 1074/1319/921
f 1076/1322/924 1074/1319/921 1075/1323/925
f 1197/1325/927 1075/1323/925 1074/1319/921
f 1076/1322/924 1078/1327/929 1079/1326/928
f 1078/1327/929 1076/1322/924 1077/1324/926
f 1082/1329/931 1079/1326/928 1078/1327/929
f 1081/1330/932 1078/1327/929 1080/1328/930
f 1081/1330/932 1084/1333/935 1085/1332/934
f 1084/1333/935 1081/1330/932 1083/1331/933
f 1084/1333/935 1087/1336/938 1089/1335/937
f 1086/1334/936 1088/1338/940 1087/1336/938
f 1093/1337/939 1090/1339/941 1087/1336/938
f 1090/1339/941 1092/1340/942 1089/1335/937
f 1092/1340/942 1090/1339/941 1091/1341/943
f 1090/1339/941 1093/1337/939 1095/1343/945
f 1094/1344/946 1093/1337/939 1088/1338/940
f 1093/1337/939 1094/1344/946 1096/1346/948
f 1099/1347/949 1097/1348/950 1095/1343/945
f 1091/1341/943 1095/1343/945 1097/1348/950
f 1097/1348/950 1099/1347/949 1101/1351/953
f 1104/1352/954 1102/1354/956 1100/1350/952
f 1103/1353/955 1098/1349/951 1100/1350/952
f 1106/1355/957 1103/1353/955 1102/1354/956
f 1107/1357/959 1105/1356/958 1102/1354/956
f 1112/1358/960 1106/1355/957 1105/1356/958
f 1105/1356/958 1107/1357/959 1111/1360/962
f 1110/1362/964 1149/1402/993 1109/1361/963
f 1108/1359/961 1111/1360/962 1269/1363/965
f 1113/1364/966 1112/1358/960 1109/1361/963
f 1116/1366/968 1106/1355/957 1112/1358/960
f 1113/1364/966 1114/1368/970 1117/1367/969
f 1114/1368/970 1113/1364/966 1115/1365/967
f 1120/1370/972 1118/1371/973 1116/1366/968
f 1118/1371/973 1103/1353/955 1106/1355/957
f 1118/1371/973 1120/1370/972 1122/1372/974
f 1103/1353/955 1118/1371/973 1119/1373/975
f 1121/1173/784 1120/1370/972 1117/1367/969
f 1120/1370/972 1121/1173/784 1124/1374/976
f 1123/1375/977 1145/1342/944 1119/1373/975
f 1122/1372/974 1124/1374/976 1126/1376/978
f 1121/1173/784 931/1172/782 1125/1377/789
f 1127/1378/842 1126/1376/978 1124/1374/976
f 1128/1379/979 1130/1383/981 1123/1375/977
f 1126/1376/978 1127/1378/842 992/1380/841
f 1128/1379/979 992/1380/841 994/1381/840
f 1130/1383/981 1128/1379/979 1129/1382/980
f 1130/1383/981 1092/1340/942 1145/1342/944
f 1092/1340/942 1130/1383/981 1131/1384/982
f 1085/1332/934 1089/1335/937 1131/1384/982
f 1132/1385/983 1131/1384/982 1129/1382/980
f 1134/1387/985 1132/1385/983 1133/1386/984
f 1132/1385/983 1134/1387/985 1082/1329/931
f 1135/1388/986 1137/1390/988 1136/1389/987
f 1134/1387/985 1136/1389/987 1079/1326/928
f 1138/1320/922 1136/1389/987 1137/1390/988
f 1136/1389/987 1138/1320/922 1073/1321/923
f 1139/1391/989 1140/1393/990 1072/1316/918
f 1005/1392/855 1007/1396/859 1140/1393/990
f 1143/1394/856 1005/1392/855 1139/1391/989
f 1140/1393/990 1141/1395/991 1069/1314/916
f 1141/1395/991 1140/1393/990 1007/1396/859
f 1009/1397/861 1013/1398/865 1142/1309/911
f 1063/1310/912 1069/1314/916 1141/1395/991
f 1013/1398/865 1016/1305/34 1058/1304/908
f 1137/1390/988 1135/1388/986 1144/1399/847
f 1144/1236/847 996/1235/846 1001/1239/850
f 997/1400/845 1144/1399/847 1135/1388/986
f 1133/1386/984 1129/1382/980 994/1381/840
f 1127/1231/842 1125/1178/789 936/1179/790
f 1098/1349/951 1119/1373/975 1145/1342/944
f 932/1171/783 1117/1367/969 1114/1368/970
f 1147/1401/992 1148/1404/995 1146/1369/971
f 1115/1365/967 1109/1361/963 1149/1402/993
f 1147/1401/992 1150/1405/996 1153/1403/994
f 1150/1405/996 1147/1401/992 1149/1402/993
f 1151/1406/997 1262/1519/1107 1152/1407/998
f 1150/1405/996 1152/1407/998 1154/1408/999
f 1153/1403/994 1154/1408/999 1155/1155/772
f 921/1154/771 923/1157/773 1148/1404/995
f 1156/1409/1000 1154/1408/999 1152/1407/998
f 1154/1408/999 1156/1409/1000 1157/1411/1002
f 1160/1412/1003 1157/1411/1002 1156/1409/1000
f 1159/1413/1004 1156/1409/1000 1158/1410/1001
f 1159/1413/1004 1162/1416/1007 1165/1415/1006
f 1162/1416/1007 1159/1413/1004 1161/1414/1005
f 1164/1418/1009 1162/1416/1007 1163/1417/1008
f 1167/1420/1011 1165/1415/1006 1162/1416/1007
f 1165/1415/1006 1167/1420/1011 1169/1421/1012
f 1166/1422/760 911/1529/761 1160/1412/1003
f 1170/1423/1013 1169/1421/1012 1167/1420/1011
f 1168/1424/1014 1167/1420/1011 1164/1418/1009
f 1169/1426/1012 903/1130/749 906/1136/755
f 903/1130/749 1169/1426/1012 1170/1427/1013
f 1044/1282/890 1170/1423/1013 1168/1424/1014
f 1044/1279/890 1041/1131/750 901/1129/748
f 1171/1428/1016 1168/1424/1014 1172/1425/1015
f 1172/1425/1015 1164/1418/1009 1271/1419/1010
f 1174/1429/1017 1172/1425/1015 1173/1430/1018
f 1177/1432/1020 1176/1433/1021 1174/1429/1017
f 1171/1428/1016 1174/1429/1017 1176/1433/1021
f 1179/1434/1022 1178/1435/1023 1176/1433/1021
f 1043/1283/893 1176/1433/1021 1178/1435/1023
f 1181/1436/1024 1180/1437/1025 1178/1435/1023
f 1046/1285/894 1178/1435/1023 1180/1437/1025
f 1183/1438/1026 1182/1439/1027 1180/1437/1025
f 1048/1287/895 1180/1437/1025 1182/1439/1027
f 1185/1440/1028 1054/1298/903 1182/1439/1027
f 1184/1441/1029 1183/1438/1026 1181/1436/1024
f 1186/1443/1031 1185/1440/1028 1183/1438/1026
f 1187/1444/1032 1056/1299/904 1054/1298/903
f 1188/1445/1033 1187/1444/1032 1185/1440/1028
f 1189/1446/1034 1061/1308/910 1187/1444/1032
f 1188/1445/1033 1186/1443/1031 1192/1448/1036
f 1193/1449/1037 1065/1312/914 1189/1446/1034
f 1194/1451/1039 1193/1449/1037 1190/1447/1035
f 1067/1313/915 1065/1312/914 1193/1449/1037
f 1195/1452/1040 1193/1449/1037 1194/1451/1039
f 1070/1318/920 1067/1313/915 1195/1452/1040
f 1075/1323/925 1197/1325/927 1196/1453/1041
f 1196/1453/1041 1194/1451/1039 1204/1455/1043
f 1198/1456/1044 1201/1458/1046 1199/1454/1042
f 1200/1457/1045 1199/1454/1042 1201/1458/1046
f 1199/1454/1042 1200/1457/1045 1077/1324/926
f 1234/1490/1078 1200/1457/1045 1202/1459/1047
f 1200/1457/1045 1234/1490/1078 1080/1328/930
f 1080/1328/930 1234/1490/1078 1233/1489/1077
f 1235/1491/1079 1233/1489/1077 1217/1476/1064
f 1235/1491/1079 1236/1492/1080 1086/1334/936
f 1213/1475/1063 1216/1477/1065 1236/1492/1080
f 1236/1492/1080 1237/1345/947 1088/1338/940
f 1216/1477/1065 1215/1479/1067 1237/1345/947
f 1214/1478/1066 1094/1344/946 1237/1345/947
f 1238/1493/1081 1231/1463/1051 1206/1462/1050
f 1242/1496/1084 1241/1497/1085 1238/1493/1081
f 1244/1498/1086 1243/1499/1087 1241/1497/1085
f 1243/1499/1087 1228/1486/1074 1229/1487/1075
f 1246/1500/1088 1245/1501/1089 1243/1499/1087
f 1228/1486/1074 1243/1499/1087 1245/1501/1089
f 1249/1502/1090 1247/1503/1091 1245/1501/1089
f 1247/1503/1091 1207/1464/1052 1227/1466/1054
f 1247/1503/1091 1248/1504/1092 1208/1465/1053
f 1248/1504/1092 1247/1503/1091 1249/1502/1090
f 1246/1500/1088 1272/1525/1113 1250/1506/1094
f 1251/1505/1093 1249/1502/1090 1250/1506/1094
f 1253/1508/1096 1251/1505/1093 1252/1507/1095
f 1255/1510/1098 1248/1504/1092 1251/1505/1093
f 1256/1511/1099 1253/1508/1096 1254/1509/1097
f 1253/1508/1096 1256/1511/1099 1257/1513/1101
f 1270/1514/1102 1257/1513/1101 1256/1511/1099
f 1259/1512/1100 1260/1516/1104 1258/1515/1103
f 1259/1512/1100 1254/1509/1097 1271/1419/1010
f 1260/1516/1104 1259/1512/1100 1163/1417/1008
f 1263/1517/1105 1258/1515/1103 1260/1516/1104
f 1161/1414/1005 1158/1410/1001 1261/1518/1106
f 1262/1519/1107 1261/1518/1106 1158/1410/1001
f 1261/1518/1106 1262/1519/1107 1265/1520/1108
f 1258/1515/1103 1263/1517/1105 1264/1521/1109
f 1266/1522/1110 1264/1521/1109 1263/1517/1105
f 1267/1523/1111 1265/1520/1108 1262/1519/1107
f 1268/1524/1112 1266/1522/1110 1265/1520/1108
f 1110/1362/964 1267/1523/1111 1151/1406/997
f 1267/1523/1111 1110/1362/964 1269/1363/965
f 1266/1522/1110 1268/1524/1112 1222/1482/1070
f 1221/1481/1069 1222/1482/1070 1268/1524/1112
f 1221/1481/1069 1269/1363/965 1111/1360/962
f 1223/1483/1071 1224/1484/1072 1264/1521/1109
f 1224/1484/1072 1225/1485/1073 1270/1514/1102
f 1226/1468/1056 1209/1467/1055 1255/1510/1098
f 1248/1504/1092 1255/1510/1098 1209/1467/1055
f 1254/1509/1097 1252/1507/1095 1173/1430/1018
f 1252/1507/1095 1250/1506/1094 1175/1431/1019
f 1272/1525/1113 1177/1432/1020 1175/1431/1019
f 1273/1526/1114 1179/1434/1022 1177/1432/1020
f 1272/1525/1113 1246/1500/1088 1244/1498/1086
f 1242/1496/1084 1274/1442/1030 1273/1526/1114
f 1274/1442/1030 1181/1436/1024 1179/1434/1022
f 1184/1441/1029 1274/1442/1030 1240/1495/1083
f 1276/1528/1116 1275/1527/1115 1240/1495/1083
f 1186/1443/1031 1184/1441/1029 1275/1527/1115
f 1191/1450/1038 1192/1448/1036 1275/1527/1115
f 1276/1528/1116 1206/1462/1050 1205/1461/1049
f 1107/1357/959 1210/1469/1057 1220/1471/1059
f 1101/1351/953 1219/1472/1060 1211/1470/1058
f 1094/1344/946 1218/1474/1062 1212/1473/1061
f 1104/1352/954 1211/1470/1058 1210/1469/1057
f 1191/1450/1038 1205/1461/1049 1204/1455/1043
f 1157/1411/1002 1160/1412/1003 911/1529/761
f 1155/1155/772 1157/1411/1002 913/1530/762
f 926/1164/777 1146/1369/971 1148/1404/995
f 929/1169/781 1114/1368/970 1146/1369/971
f 806/1029/648 1018/1257/868 1277/1037/656
f 1277/1037/656 1012/1251/862 1010/1246/857
f 1003/1242/853 815/1038/657 813/1036/655
f 1278/1531/1117 876/1082/701 854/1081/700
f 1279/1532/1118 875/1100/719 876/1082/701
f 820/1044/663 1279/1532/1118 1278/1531/1117
f 817/1040/659 1278/1531/1117 1280/1035/654
f 1280/1035/654 854/1081/700 853/1080/699
f 1281/1533/1119 1279/1532/1118 820/1044/663
f 869/1099/718 1281/1533/1119 1282/1534/1120
f 868/1097/716 1282/1534/1120 1283/1535/1121
f 826/1051/670 1283/1535/1121 1282/1534/1120
f 1283/1535/1121 826/1051/670 830/1056/675
f 867/1096/715 1283/1535/1121 1284/1060/679
f 871/1101/720 870/1098/717 1284/1060/679
f 809/1032/651 853/1080/699 852/1077/696
f 1514/1536/1122 1288/1542/1128 1285/1537/1123
f 1287/1539/1125 1515/1800/1364 1286/1538/1124
f 1289/1540/1126 1291/1545/1131 1287/1539/1125
f 1290/1541/1127 1289/1540/1126 1285/1537/1123
f 1294/1543/1129 1292/1544/1130 1289/1540/1126
f 1291/1545/1131 1292/1544/1130 1293/1546/1132
f 1292/1544/1130 1294/1543/1129 1296/1548/1134
f 1295/1549/1135 1294/1543/1129 1290/1541/1127
f 1297/1551/1137 1296/1548/1134 1294/1543/1129
f 1293/1546/1132 1296/1548/1134 1298/1552/1138
f 1300/1554/1140 1298/1552/1138 1296/1548/1134
f 1301/1555/1141 1302/1557/1143 1299/1553/1139
f 1303/1556/1142 1301/1555/1141 1298/1552/1138
f 1302/1557/1143 1301/1555/1141 1304/1558/1144
f 1306/1560/1146 1304/1558/1144 1301/1555/1141
f 1307/1561/1147 1308/1564/1150 1305/1559/1145
f 1309/1562/1148 1307/1561/1147 1304/1558/1144
f 1310/1563/1149 1312/1569/1155 1308/1564/1150
f 1307/1561/1147 1309/1562/1148 1311/1565/1151
f 1313/1566/1152 1310/1563/1149 1311/1565/1151
f 1310/1563/1149 1313/1566/1152 1316/1568/1154
f 1315/1567/1153 1425/1700/1277 1314/1570/1156
f 1318/1571/1157 1316/1568/1154 1313/1566/1152
f 1316/1568/1154 1318/1571/1157 1320/1572/1158
f 1312/1569/1155 1316/1568/1154 1317/1573/1159
f 1314/1570/1156 1424/1701/1278 1319/1575/1161
f 1322/1576/1162 1320/1572/1158 1318/1571/1157
f 1317/1573/1159 1320/1572/1158 1321/1577/1163
f 1323/1579/1165 1322/1576/1162 1319/1575/1161
f 1327/1581/1167 1323/1579/1165 1324/1580/1166
f 1323/1579/1165 1327/1581/1167 1330/1585/1171
f 1331/1587/1173 1330/1585/1171 1329/1586/1172
f 1360/1616/1202 1361/1619/1205 1333/1591/1177
f 1359/1592/1178 1340/1601/1187 1362/1617/1203
f 1363/1618/1204 1364/1621/1207 1361/1619/1205
f 1363/1618/1204 1366/1623/1209 1367/1620/1206
f 1362/1617/1203 1456/1731/1308 1365/1622/1208
f 1368/1624/1210 1511/1795/1359 1367/1620/1206
f 1371/1625/1211 1368/1624/1210 1366/1623/1209
f 1369/1626/1212 1366/1623/1209 1365/1622/1208
f 1370/1627/1213 1373/1631/1217 1372/1628/1214
f 1374/1629/1215 1371/1625/1211 1369/1626/1212
f 1375/1630/1216 1372/1628/1214 1373/1631/1217
f 1372/1628/1214 1375/1630/1216 1378/1633/1219
f 1451/1634/1220 1377/1635/1221 1375/1630/1216
f 1378/1633/1219 1375/1630/1216 1377/1635/1221
f 1379/1637/1223 1521/1805/1369 1374/1629/1215
f 1380/1636/1222 1382/1640/1226 1379/1637/1223
f 1380/1636/1222 1377/1635/1221 1450/1638/1224
f 1382/1640/1226 1380/1636/1222 1381/1639/1225
f 1523/1642/1228 1379/1637/1223 1382/1640/1226
f 1383/1643/1229 1382/1640/1226 1384/1641/1227
f 1386/1645/1231 1388/1649/1235 1385/1644/1230
f 1384/1641/1227 1381/1639/1225 1387/1646/1232
f 1386/1645/1231 1387/1646/1232 1390/1647/1233
f 1388/1649/1235 1386/1645/1231 1389/1648/1234
f 1459/1651/1237 1391/1652/1238 1389/1648/1234
f 1392/1650/1236 1389/1648/1234 1391/1652/1238
f 1648/1654/1240 1388/1940/1235 1392/1655/1236
f 1393/1656/1241 1392/1655/1236 1394/1657/1239
f 1396/1659/1243 1398/1664/1247 1395/1658/1242
f 1394/1653/1239 1391/1652/1238 1397/1660/1244
f 1400/1662/1245 1399/1666/1246 1396/1661/1243
f 1399/1663/1246 1402/1667/1249 1398/1664/1247
f 1466/1665/1248 1401/1741/1250 1399/1666/1246
f 1402/1667/1249 1399/1663/1246 1401/1668/1250
f 1398/1664/1247 1402/1667/1249 1403/1670/1251
f 1402/1667/1249 1404/1669/257 1405/1672/1253
f 1406/1673/1254 1404/1669/257 1401/1668/1250
f 1406/1673/1254 1408/1676/1257 1405/1672/1253
f 1407/1674/1255 1410/1678/1259 1409/1675/1256
f 1409/1675/1256 1411/1680/1261 1408/1676/1257
f 1412/1677/1258 1409/1675/1256 1410/1678/1259
f 1412/1677/1258 1414/1682/1263 1411/1680/1261
f 1415/1679/1260 1417/1691/1265 1413/1681/1262
f 1414/1682/1263 1412/1677/1258 1413/1681/1262
f 1417/1684/1265 1415/1688/1260 1416/1685/1266
f 1469/1687/1268 1416/1685/1266 1415/1688/1260
f 1607/1690/1269 1413/1681/1262 1417/1691/1265
f 1419/1686/1267 1421/1695/1272 1418/1693/1270
f 1429/1694/1271 1420/1696/1273 1419/1686/1267
f 1421/1695/1272 1419/1686/1267 1420/1696/1273
f 1470/1698/1275 1418/1693/1270 1421/1695/1272
f 1422/1699/1276 1421/1695/1272 1423/1697/1274
f 1425/1700/1277 1423/1697/1274 1424/1701/1278
f 1426/1702/1279 1424/1701/1278 1423/1697/1274
f 1425/1700/1277 1315/1567/1153 1471/1703/1280
f 1324/1580/1166 1424/1701/1278 1426/1702/1279
f 1328/1582/1168 1426/1702/1279 1427/1704/1281
f 1420/1696/1273 1429/1694/1271 1427/1704/1281
f 1428/1705/1282 1427/1704/1281 1430/1706/1283
f 1430/1706/1283 1427/1704/1281 1429/1694/1271
f 1432/1708/1285 1467/1737/1314 1431/1709/1286
f 1434/1710/1287 1433/1707/1284 1431/1709/1286
f 1433/1707/1284 1434/1710/1287 1436/1712/1289
f 1435/1588/1174 1329/1586/1172 1328/1582/1168
f 1355/1615/1201 1331/1587/1173 1435/1588/1174
f 1355/1615/1201 1436/1712/1289 1437/1713/1290
f 1436/1712/1289 1434/1710/1287 1438/1714/1291
f 1356/1608/1194 1437/1713/1290 1439/1715/1292
f 1437/1713/1290 1438/1714/1291 1440/1716/1293
f 1442/1717/1294 1441/1718/1295 1439/1715/1292
f 1348/1607/1193 1439/1715/1292 1441/1718/1295
f 1443/1719/1296 1346/1605/1191 1347/1606/1192
f 1444/1720/1297 1443/1719/1296 1441/1718/1295
f 1447/1721/1298 1445/1722/1299 1443/1719/1296
f 1345/1604/1190 1445/1722/1299 1446/1723/1300
f 1445/1722/1299 1447/1721/1298 1449/1724/1301
f 1448/1725/1302 1447/1721/1298 1444/1720/1297
f 1450/1638/1224 1449/1724/1301 1447/1721/1298
f 1451/1634/1220 1452/1727/1304 1446/1723/1300
f 1377/1635/1221 1451/1634/1220 1449/1724/1301
f 1376/1632/1218 1453/1728/1305 1452/1727/1304
f 1453/1728/1305 1339/1599/1185 1343/1600/1186
f 1344/1603/1189 1446/1723/1300 1452/1727/1304
f 1376/1632/1218 1373/1631/1217 1454/1729/1306
f 1338/1598/1184 1339/1599/1185 1453/1728/1305
f 1454/1729/1306 1455/1730/1307 1342/1596/1182
f 1373/1631/1217 1370/1627/1213 1455/1730/1307
f 1456/1731/1308 1455/1730/1307 1370/1627/1213
f 1448/1725/1302 1387/1646/1232 1381/1639/1225
f 1387/1646/1232 1448/1725/1302 1457/1726/1303
f 1442/1717/1294 1458/1732/1309 1457/1726/1303
f 1390/1647/1233 1457/1726/1303 1458/1732/1309
f 1458/1732/1309 1442/1717/1294 1440/1716/1293
f 1459/1651/1237 1458/1732/1309 1460/1733/1310
f 1462/1735/1312 1463/1736/1313 1461/1734/1311
f 1460/1733/1310 1440/1716/1293 1438/1714/1291
f 1434/1710/1287 1464/1711/1288 1462/1735/1312
f 1464/1711/1288 1465/1738/1315 1463/1736/1313
f 1464/1711/1288 1431/1709/1286 1467/1737/1314
f 1465/1738/1315 1467/1737/1314 1468/1739/1316
f 1465/1738/1315 1466/1665/1248 1400/1662/1245
f 1467/1737/1314 1432/1708/1285 1469/1687/1268
f 1410/1689/1259 1407/1740/1255 1468/1739/1316
f 1466/1665/1248 1468/1739/1316 1407/1740/1255
f 1432/1708/1285 1429/1694/1271 1416/1685/1266
f 1397/1660/1244 1461/1734/1311 1463/1736/1313
f 1391/1652/1238 1459/1651/1237 1461/1734/1311
f 1473/1742/1317 1470/1698/1275 1422/1699/1276
f 1472/1743/1318 1471/1703/1280 1315/1567/1153
f 1471/1703/1280 1472/1743/1318 1475/1744/1319
f 1470/1745/1275 1473/1749/1317 1474/1746/1320
f 1476/1748/1322 1474/1746/1320 1473/1749/1317
f 1480/1751/1323 1477/1756/1324 1475/1744/1319
f 1476/1748/1322 1475/1750/1319 1477/1752/1324
f 1479/1753/1325 1477/1752/1324 1478/1754/1326
f 1477/1756/1324 1480/1751/1323 1481/1757/1328
f 1480/1751/1323 1309/1562/1148 1306/1560/1146
f 1472/1743/1318 1311/1565/1151 1309/1562/1148
f 1303/1556/1142 1482/1759/1329 1481/1757/1328
f 1478/1758/1326 1481/1757/1328 1482/1759/1329
f 1482/1759/1329 1303/1556/1142 1300/1554/1140
f 1483/1760/1330 1482/1759/1329 1484/1761/1331
f 1297/1551/1137 1485/1763/1333 1484/1761/1331
f 1486/1762/1332 1484/1761/1331 1485/1763/1333
f 1625/1765/1335 1483/1915/1330 1486/1766/1332
f 1488/1768/1334 1489/1771/1339 1487/1767/1336
f 1492/1769/1337 1490/1774/1338 1488/1764/1334
f 1490/1770/1338 1491/1773/1341 1489/1771/1339
f 1493/1772/1340 1495/1779/1345 1491/1773/1341
f 1490/1774/1338 1492/1769/1337 1494/1775/1342
f 1499/1777/1343 1496/1783/1344 1493/1776/1340
f 1496/1778/1344 1498/1830/34 1495/1779/1345
f 1542/1780/1346 1498/1830/34 1496/1778/1344
f 1499/1777/1343 1501/1785/1349 1497/1782/1347
f 1500/1784/1348 1499/1777/1343 1494/1775/1342
f 1501/1785/1349 1499/1777/1343 1500/1784/1348
f 1502/1786/1350 1504/1789/1353 1503/1787/1351
f 1501/1785/1349 1503/1787/1351 1505/1788/1352
f 1504/1789/1353 1509/1794/1358 1506/1790/1354
f 1507/1791/1355 1505/1788/1352 1503/1787/1351
f 1516/1792/1356 1507/1791/1355 1506/1790/1354
f 1508/1793/1357 1506/1790/1354 1509/1794/1358
f 1509/1794/1358 1504/1789/1353 1513/1796/1360
f 1511/1795/1359 1509/1794/1358 1510/1797/1361
f 1511/1795/1359 1368/1624/1210 1517/1798/1362
f 1364/1621/1207 1367/1620/1206 1510/1797/1361
f 1512/1799/1363 1510/1797/1361 1513/1796/1360
f 1514/1536/1122 1513/1796/1360 1504/1789/1353
f 1288/1542/1128 1514/1536/1122 1502/1786/1350
f 1515/1800/1364 1361/1619/1205 1364/1621/1207
f 1334/1590/1176 1333/1591/1177 1515/1800/1364
f 1518/1801/1365 1516/1792/1356 1508/1793/1357
f 1517/1798/1362 1519/1803/1367 1520/1802/1366
f 1519/1803/1367 1517/1798/1362 1368/1624/1210
f 1519/1803/1367 1521/1805/1369 1522/1804/1368
f 1371/1625/1211 1374/1629/1215 1521/1805/1369
f 1521/1805/1369 1379/1637/1223 1523/1642/1228
f 1522/1806/1368 1523/2095/1228 1526/1807/1370
f 1520/1809/1366 1522/1806/1368 1524/1808/1371
f 1524/1808/1371 1525/1812/1374 1528/1811/1373
f 1526/1807/1370 1653/1943/1496 1525/1812/1374
f 1527/1810/1372 1528/1811/1373 1530/1813/1375
f 1518/1815/1365 1520/1809/1366 1527/1810/1372
f 1529/1814/1376 1530/1813/1375 1532/1816/1377
f 1516/1818/1356 1518/1815/1365 1529/1814/1376
f 1535/1819/1379 1533/1821/1380 1531/1817/1378
f 1531/1817/1378 1533/1821/1380 1507/1820/1355
f 1533/1821/1380 1534/1824/1382 1505/1822/1352
f 1533/1821/1380 1535/1819/1379 1537/1823/1381
f 1532/1816/1377 1664/1954/1507 1536/1825/1383
f 1535/1819/1379 1536/1825/1383 1538/1826/1384
f 1539/1827/1385 1542/1780/1346 1534/1824/1382
f 1537/1823/1381 1538/1826/1384 1541/1828/1386
f 1542/1780/1346 1539/1827/1385 1540/1829/1387
f 1544/1831/1388 1540/1829/1387 1539/1827/1385
f 1497/1781/1347 1505/1822/1352 1534/1824/1382
f 1546/1832/1389 1544/1831/1388 1541/1828/1386
f 1538/1826/1384 1669/1959/1512 1543/1833/1390
f 1624/1834/1391 1540/1829/1387 1544/1831/1388
f 1545/1835/1392 1544/1831/1388 1546/1832/1389
f 1543/1833/1390 1671/1961/1514 1547/1837/1394
f 1548/1836/1393 1546/1832/1389 1547/1837/1394
f 1551/1839/1396 1545/1835/1392 1548/1836/1393
f 1549/1838/1395 1552/1843/1400 1550/1840/1397
f 1550/1840/1397 1553/1842/1399 1554/1841/1398
f 1553/1842/1399 1550/1840/1397 1552/1843/1400
f 1620/1845/1402 1554/1841/1398 1553/1842/1399
f 1555/1846/1403 1553/1842/1399 1556/1844/1401
f 1679/1848/1405 1557/1849/1406 1556/1844/1401
f 1558/1847/1404 1556/1844/1401 1557/1849/1406
f 1558/1847/1404 1560/1852/1409 1561/1851/1408
f 1560/1852/1409 1558/1847/1404 1559/1850/1407
f 1564/1854/1411 1561/1851/1408 1560/1852/1409
f 1563/1855/1412 1560/1852/1409 1562/1853/1410
f 1563/1855/1412 1566/1858/1415 1567/1857/1414
f 1566/1858/1415 1563/1855/1412 1565/1856/1413
f 1566/1858/1415 1569/1861/1418 1571/1860/1417
f 1568/1859/1416 1570/1863/1420 1569/1861/1418
f 1575/1862/1419 1572/1864/1421 1569/1861/1418
f 1572/1864/1421 1574/1867/1424 1571/1860/1417
f 1572/1864/1421 1575/1862/1419 1577/1865/1422
f 1574/1867/1424 1572/1864/1421 1573/1866/1423
f 1576/1869/1426 1575/1862/1419 1570/1863/1420
f 1575/1862/1419 1576/1869/1426 1578/1871/1428
f 1581/1872/1429 1579/1873/1430 1577/1865/1422
f 1573/1866/1423 1577/1865/1422 1579/1873/1430
f 1579/1873/1430 1581/1872/1429 1583/1876/1433
f 1586/1877/1434 1584/1879/1436 1582/1875/1432
f 1585/1878/1435 1580/1874/1431 1582/1875/1432
f 1588/1880/1437 1585/1878/1435 1584/1879/1436
f 1589/1882/1439 1587/1881/1438 1584/1879/1436
f 1594/1883/1440 1588/1880/1437 1587/1881/1438
f 1587/1881/1438 1589/1882/1439 1593/1885/1442
f 1592/1887/1444 1631/1917/1473 1591/1886/1443
f 1590/1884/1441 1593/1885/1442 1751/1888/1445
f 1595/1889/1446 1594/1883/1440 1591/1886/1443
f 1598/1891/1448 1588/1880/1437 1594/1883/1440
f 1595/1889/1446 1596/1893/1450 1599/1892/1449
f 1596/1893/1450 1595/1889/1446 1597/1890/1447
f 1602/1895/1452 1600/1896/1453 1598/1891/1448
f 1600/1896/1453 1585/1878/1435 1588/1880/1437
f 1585/1878/1435 1600/1896/1453 1601/1897/1454
f 1600/1896/1453 1602/1895/1452 1604/1898/1455
f 1603/1683/1264 1602/1895/1452 1599/1892/1449
f 1602/1895/1452 1603/1683/1264 1606/1899/1456
f 1605/1900/1457 1627/1868/1425 1601/1897/1454
f 1604/1898/1455 1606/1899/1456 1608/1901/1458
f 1603/1683/1264 1413/1681/1262 1607/1690/1269
f 1609/1747/1321 1608/1901/1458 1606/1899/1456
f 1610/1902/1459 1612/1903/1460 1605/1900/1457
f 1608/1901/1458 1609/1747/1321 1474/1746/1320
f 1612/1903/1460 1610/1902/1459 1611/1904/1461
f 1610/1902/1459 1474/1746/1320 1476/1748/1322
f 1612/1903/1460 1574/1867/1424 1627/1868/1425
f 1574/1867/1424 1612/1903/1460 1613/1905/1462
f 1567/1857/1414 1571/1860/1417 1613/1905/1462
f 1614/1906/1463 1613/1905/1462 1611/1904/1461
f 1616/1908/1465 1614/1906/1463 1615/1907/1464
f 1614/1906/1463 1616/1908/1465 1564/1854/1411
f 1617/1909/1466 1619/1911/1468 1618/1910/1467
f 1616/1908/1465 1618/1910/1467 1561/1851/1408
f 1620/1845/1402 1618/1910/1467 1619/1911/1468
f 1618/1910/1467 1620/1845/1402 1555/1846/1403
f 1621/1912/1469 1622/1913/1470 1554/1841/1398
f 1487/1767/1336 1489/1771/1339 1622/1913/1470
f 1625/1765/1335 1487/1767/1336 1621/1912/1469
f 1622/1913/1470 1623/1914/1471 1551/1839/1396
f 1623/1914/1471 1622/1913/1470 1489/1771/1339
f 1491/1773/1341 1495/1779/1345 1624/1834/1391
f 1545/1835/1392 1551/1839/1396 1623/1914/1471
f 1495/1779/1345 1498/1830/34 1540/1829/1387
f 1619/1911/1468 1617/1909/1466 1626/1755/1327
f 1626/1755/1327 1478/1754/1326 1483/1915/1330
f 1479/1753/1325 1626/1755/1327 1617/1909/1466
f 1615/1907/1464 1611/1904/1461 1476/1748/1322
f 1609/1747/1321 1607/1690/1269 1418/1692/1270
f 1580/1874/1431 1601/1897/1454 1627/1868/1425
f 1414/1682/1263 1599/1892/1449 1596/1893/1450
f 1629/1916/1472 1630/1919/1475 1628/1894/1451
f 1597/1890/1447 1591/1886/1443 1631/1917/1473
f 1629/1916/1472 1632/1920/1476 1635/1918/1474
f 1632/1920/1476 1629/1916/1472 1631/1917/1473
f 1633/1921/1477 1744/2034/1587 1634/1922/1478
f 1632/1920/1476 1634/1922/1478 1636/1923/1479
f 1635/1918/1474 1636/1923/1479 1637/1671/1252
f 1403/1670/1251 1405/1672/1253 1630/1919/1475
f 1638/1924/1480 1636/1923/1479 1634/1922/1478
f 1636/1923/1479 1638/1924/1480 1639/1926/1482
f 1642/1927/1483 1639/1926/1482 1638/1924/1480
f 1641/1928/1484 1638/1924/1480 1640/1925/1481
f 1641/1928/1484 1644/1931/1487 1647/1930/1486
f 1644/1931/1487 1641/1928/1484 1643/1929/1485
f 1646/1933/1489 1644/1931/1487 1645/1932/1488
f 1649/1935/1491 1647/1930/1486 1644/1931/1487
f 1648/1654/1240 1393/1656/1241 1642/1927/1483
f 1647/1930/1486 1649/1935/1491 1651/1936/1492
f 1650/1937/1493 1649/1935/1491 1646/1933/1489
f 1652/1939/1495 1651/1936/1492 1649/1935/1491
f 1651/1936/1492 1385/1941/1230 1388/1940/1235
f 1385/1941/1230 1651/1936/1492 1652/1939/1495
f 1526/1807/1370 1652/1939/1495 1650/1937/1493
f 1526/1807/1370 1523/2095/1228 1383/1942/1229
f 1653/1943/1496 1650/1937/1493 1654/1938/1494
f 1656/1944/1497 1654/1938/1494 1655/1945/1498
f 1654/1938/1494 1646/1933/1489 1753/1934/1490
f 1659/1947/1500 1658/1948/1501 1656/1944/1497
f 1653/1943/1496 1656/1944/1497 1658/1948/1501
f 1661/1949/1502 1660/1950/1503 1658/1948/1501
f 1525/1812/1374 1658/1948/1501 1660/1950/1503
f 1663/1951/1504 1662/1952/1505 1660/1950/1503
f 1528/1811/1373 1660/1950/1503 1662/1952/1505
f 1665/1953/1506 1664/1954/1507 1662/1952/1505
f 1530/1813/1375 1662/1952/1505 1664/1954/1507
f 1667/1955/1508 1536/1825/1383 1664/1954/1507
f 1666/1956/1509 1665/1953/1506 1663/1951/1504
f 1668/1958/1511 1667/1955/1508 1665/1953/1506
f 1669/1959/1512 1538/1826/1384 1536/1825/1383
f 1670/1960/1513 1669/1959/1512 1667/1955/1508
f 1671/1961/1514 1543/1833/1390 1669/1959/1512
f 1670/1960/1513 1668/1958/1511 1674/1963/1516
f 1675/1964/1517 1547/1837/1394 1671/1961/1514
f 1676/1966/1519 1675/1964/1517 1672/1962/1515
f 1549/1838/1395 1547/1837/1394 1675/1964/1517
f 1677/1967/1520 1675/1964/1517 1676/1966/1519
f 1552/1843/1400 1549/1838/1395 1677/1967/1520
f 1557/1849/1406 1679/1848/1405 1678/1968/1521
f 1678/1968/1521 1676/1966/1519 1686/1970/1523
f 1680/1971/1524 1683/1973/1526 1681/1969/1522
f 1682/1972/1525 1681/1969/1522 1683/1973/1526
f 1681/1969/1522 1682/1972/1525 1559/1850/1407
f 1716/2005/1558 1682/1972/1525 1684/1974/1527
f 1682/1972/1525 1716/2005/1558 1562/1853/1410
f 1562/1853/1410 1716/2005/1558 1715/2004/1557
f 1717/2006/1559 1715/2004/1557 1699/1991/1544
f 1717/2006/1559 1718/2007/1560 1568/1859/1416
f 1695/1990/1543 1698/1992/1545 1718/2007/1560
f 1718/2007/1560 1719/1870/1427 1570/1863/1420
f 1698/1992/1545 1697/1994/1547 1719/1870/1427
f 1696/1993/1546 1576/1869/1426 1719/1870/1427
f 1720/2008/1561 1713/1978/1531 1688/1977/1530
f 1724/2011/1564 1723/2012/1565 1720/2008/1561
f 1726/2013/1566 1725/2014/1567 1723/2012/1565
f 1725/2014/1567 1710/2001/1554 1711/2002/1555
f 1728/2015/1568 1727/2016/1569 1725/2014/1567
f 1710/2001/1554 1725/2014/1567 1727/2016/1569
f 1731/2017/1570 1729/2018/1571 1727/2016/1569
f 1729/2018/1571 1689/1979/1532 1709/1981/1534
f 1729/2018/1571 1730/2019/1572 1690/1980/1533
f 1730/2019/1572 1729/2018/1571 1731/2017/1570
f 1728/2015/1568 1754/2040/1593 1732/2021/1574
f 1733/2020/1573 1731/2017/1570 1732/2021/1574
f 1735/2023/1576 1733/2020/1573 1734/2022/1575
f 1737/2025/1578 1730/2019/1572 1733/2020/1573
f 1738/2026/1579 1735/2023/1576 1736/2024/1577
f 1735/2023/1576 1738/2026/1579 1739/2028/1581
f 1752/2029/1582 1739/2028/1581 1738/2026/1579
f 1741/2027/1580 1742/2031/1584 1740/2030/1583
f 1741/2027/1580 1736/2024/1577 1753/1934/1490
f 1742/2031/1584 1741/2027/1580 1645/1932/1488
f 1745/2032/1585 1740/2030/1583 1742/2031/1584
f 1643/1929/1485 1640/1925/1481 1743/2033/1586
f 1744/2034/1587 1743/2033/1586 1640/1925/1481
f 1743/2033/1586 1744/2034/1587 1747/2035/1588
f 1740/2030/1583 1745/2032/1585 1746/2036/1589
f 1748/2037/1590 1746/2036/1589 1745/2032/1585
f 1749/2038/1591 1747/2035/1588 1744/2034/1587
f 1750/2039/1592 1748/2037/1590 1747/2035/1588
f 1592/1887/1444 1749/2038/1591 1633/1921/1477
f 1749/2038/1591 1592/1887/1444 1751/1888/1445
f 1703/1996/1549 1704/1997/1550 1750/2039/1592
f 1748/2037/1590 1750/2039/1592 1704/1997/1550
f 1703/1996/1549 1751/1888/1445 1593/1885/1442
f 1705/1998/1551 1706/1999/1552 1746/2036/1589
f 1706/1999/1552 1707/2000/1553 1752/2029/1582
f 1708/1983/1536 1691/1982/1535 1737/2025/1578
f 1730/2019/1572 1737/2025/1578 1691/1982/1535
f 1736/2024/1577 1734/2022/1575 1655/1945/1498
f 1734/2022/1575 1732/2021/1574 1657/1946/1499
f 1754/2040/1593 1659/1947/1500 1657/1946/1499
f 1755/2041/1594 1661/1949/1502 1659/1947/1500
f 1754/2040/1593 1728/2015/1568 1726/2013/1566
f 1724/2011/1564 1756/1957/1510 1755/2041/1594
f 1756/1957/1510 1663/1951/1504 1661/1949/1502
f 1666/1956/1509 1756/1957/1510 1722/2010/1563
f 1758/2043/1596 1757/2042/1595 1722/2010/1563
f 1673/1965/1518 1674/1963/1516 1757/2042/1595
f 1668/1958/1511 1666/1956/1509 1757/2042/1595
f 1758/2043/1596 1688/1977/1530 1687/1976/1529
f 1589/1882/1439 1692/1984/1537 1702/1986/1539
f 1583/1876/1433 1701/1987/1540 1693/1985/1538
f 1576/1869/1426 1700/1989/1542 1694/1988/1541
f 1586/1877/1434 1693/1985/1538 1692/1984/1537
f 1673/1965/1518 1687/1976/1529 1686/1970/1523
f 1639/1926/1482 1642/1927/1483 1393/1656/1241
f 1637/1671/1252 1639/1926/1482 1395/1658/1242
f 1408/1676/1257 1628/1894/1451 1630/1919/1475
f 1411/1680/1261 1596/1893/1450 1628/1894/1451
f 1288/1542/1128 1500/1784/1348 1759/1550/1136
f 1759/1550/1136 1494/1775/1342 1492/1769/1337
f 1485/1763/1333 1297/1551/1137 1295/1549/1135
f 1760/2044/1597 1358/1595/1181 1336/1594/1180
f 1761/2045/1598 1357/1613/1199 1358/1595/1181
f 1302/1557/1143 1761/2045/1598 1760/2044/1597
f 1299/1553/1139 1760/2044/1597 1762/1547/1133
f 1762/1547/1133 1336/1594/1180 1335/1593/1179
f 1763/2046/1599 1761/2045/1598 1302/1557/1143
f 1351/1612/1198 1763/2046/1599 1764/2047/1600
f 1350/1610/1196 1764/2047/1600 1765/2048/1601
f 1308/1564/1150 1765/2048/1601 1764/2047/1600
f 1765/2048/1601 1308/1564/1150 1312/1569/1155
f 1349/1609/1195 1765/2048/1601 1766/1574/1160
f 1353/1614/1200 1352/1611/1197 1766/1574/1160
f 1291/1545/1131 1335/1593/1179 1334/1590/1176
s 0
f 1769/2051/257 1767/2096/257 1768/2097/257
f 1768/2097/257 1798/2098/257 1769/2051/257
f 1798/2098/257 1797/2099/257 1769/2051/257
f 1797/2099/257 1796/2100/257 1795/2101/257
f 1795/2101/257 1794/2102/257 1793/2103/257
f 1793/2103/257 1792/2104/257 1789/2105/257
f 1792/2104/257 1791/2106/257 1789/2105/257
f 1791/2106/257 1790/2107/257 1789/2105/257
f 1789/2105/257 1788/2108/257 1787/2109/257
f 1787/2109/257 1786/2110/257 1785/2049/257
f 1785/2049/257 1784/2111/257 1781/2112/257
f 1784/2111/257 1783/2113/257 1781/2112/257
f 1783/2113/257 1782/2114/257 1781/2112/257
f 1781/2112/257 1780/2115/257 1779/2116/257
f 1779/2116/257 1778/2117/257 1777/2050/257
f 1777/2050/257 1776/2118/257 1775/2119/257
f 1775/2119/257 1774/2120/257 1777/2050/257
f 1774/2120/257 1773/2121/257 1777/2050/257
f 1773/2121/257 1772/2122/257 1771/2123/257
f 1771/2123/257 1770/2124/257 1769/2051/257
f 1797/2099/257 1795/2101/257 1793/2103/257
f 1789/2105/257 1787/2109/257 1793/2103/257
f 1787/2109/257 1785/2049/257 1793/2103/257
f 1781/2112/257 1779/2116/257 1785/2049/257
f 1779/2116/257 1777/2050/257 1785/2049/257
f 1773/2121/257 1771/2123/257 1777/2050/257
f 1771/2123/257 1769/2051/257 1777/2050/257
f 1769/2051/257 1797/2099/257 1793/2103/257
f 1769/2051/257 1793/2103/257 1785/2049/257
f 50/113/1602 1791/113/1602 1792/115/1602
f 24/60/1603 1778/60/1603 1779/92/1603
f 52/115/1604 1792/115/1604 1793/117/1604
f 26/92/1605 1779/92/1605 1780/91/1605
f 54/117/1606 1793/117/1606 1794/121/1606
f 28/91/1607 1780/91/1607 1781/93/1607
f 2/68/1608 1768/68/1608 1767/72/1608
f 56/121/1609 1794/121/1609 1795/124/1609
f 30/93/1610 1781/93/1610 1782/98/1610
f 4/72/1611 1767/72/1611 1769/71/1611
f 58/124/1612 1795/124/1612 1796/123/1612
f 32/98/1613 1782/98/1613 1783/97/1613
f 6/71/1614 1769/71/1614 1770/73/1614
f 60/123/1615 1796/123/1615 1797/128/1615
f 34/97/1616 1783/97/1616 1784/102/1616
f 8/73/1617 1770/73/1617 1771/78/1617
f 62/128/1618 1797/128/1618 1798/127/1618
f 36/102/1619 1784/102/1619 1785/101/1619
f 10/78/1620 1771/78/1620 1772/77/1620
f 64/127/1621 1798/127/1621 1768/68/1621
f 38/101/1622 1785/101/1622 1786/103/1622
f 12/77/1623 1772/77/1623 1773/79/1623
f 40/103/1624 1786/103/1624 1787/108/1624
f 14/79/1625 1773/79/1625 1774/83/1625
f 42/108/1626 1787/108/1626 1788/107/1626
f 16/83/1627 1774/83/1627 1775/85/1627
f 44/107/1628 1788/107/1628 1789/109/1628
f 18/85/1629 1775/85/1629 1776/87/1629
f 46/109/1630 1789/109/1630 1790/114/1630
f 20/87/1631 1776/87/1631 1777/59/1631
f 48/114/1632 1790/114/1632 1791/113/1632
