# Blender 4.1.1
# www.blender.org
mtllib StageSelect.mtl
o セレクト
v -2.779643 0.077045 -0.100000
v -2.799159 0.073480 -0.100000
v -2.820025 0.069856 -0.100000
v -2.841810 0.066081 -0.100000
v -2.864087 0.062060 -0.100000
v -2.886425 0.057700 -0.100000
v -2.908395 0.052908 -0.100000
v -2.929567 0.047591 -0.100000
v -2.949513 0.041655 -0.100000
v -2.967803 0.035007 -0.100000
v -2.984007 0.027553 -0.100000
v -2.997696 0.019201 -0.100000
v -3.002622 0.015225 -0.100000
v -3.006700 0.011005 -0.100000
v -3.010009 0.006588 -0.100000
v -3.012630 0.002020 -0.100000
v -3.014644 -0.002656 -0.100000
v -3.016129 -0.007392 -0.100000
v -3.017167 -0.012145 -0.100000
v -3.017836 -0.016869 -0.100000
v -3.018217 -0.021517 -0.100000
v -3.018390 -0.026046 -0.100000
v -3.018436 -0.030410 -0.100000
v -3.018433 -0.034562 -0.100000
v -3.017937 -0.045322 -0.100000
v -3.016445 -0.055996 -0.100000
v -3.013957 -0.066436 -0.100000
v -3.010468 -0.076492 -0.100000
v -3.005977 -0.086014 -0.100000
v -3.000480 -0.094854 -0.100000
v -2.993975 -0.102862 -0.100000
v -2.986460 -0.109888 -0.100000
v -2.977931 -0.115783 -0.100000
v -2.968386 -0.120399 -0.100000
v -2.957822 -0.123585 -0.100000
v -2.946237 -0.125192 -0.100000
v -2.921632 -0.123907 -0.100000
v -2.897313 -0.120356 -0.100000
v -2.873212 -0.114991 -0.100000
v -2.849263 -0.108266 -0.100000
v -2.825400 -0.100635 -0.100000
v -2.801555 -0.092550 -0.100000
v -2.777663 -0.084465 -0.100000
v -2.753655 -0.076833 -0.100000
v -2.729467 -0.070108 -0.100000
v -2.705030 -0.064744 -0.100000
v -2.680279 -0.061192 -0.100000
v -2.655146 -0.059908 -0.100000
v -2.646308 -0.061538 -0.100000
v -2.638911 -0.066102 -0.100000
v -2.632825 -0.073109 -0.100000
v -2.627923 -0.082067 -0.100000
v -2.624078 -0.092488 -0.100000
v -2.621160 -0.103879 -0.100000
v -2.619043 -0.115750 -0.100000
v -2.617597 -0.127610 -0.100000
v -2.616696 -0.138969 -0.100000
v -2.616210 -0.149336 -0.100000
v -2.616013 -0.158220 -0.100000
v -2.615975 -0.165131 -0.100000
v -2.616051 -0.172796 -0.100000
v -2.616260 -0.180435 -0.100000
v -2.616575 -0.188052 -0.100000
v -2.616971 -0.195653 -0.100000
v -2.617420 -0.203244 -0.100000
v -2.617895 -0.210829 -0.100000
v -2.618371 -0.218415 -0.100000
v -2.618820 -0.226006 -0.100000
v -2.619215 -0.233607 -0.100000
v -2.619531 -0.241224 -0.100000
v -2.619740 -0.248863 -0.100000
v -2.619816 -0.256528 -0.100000
v -2.619339 -0.266460 -0.100000
v -2.617927 -0.275178 -0.100000
v -2.615603 -0.282750 -0.100000
v -2.612391 -0.289242 -0.100000
v -2.608315 -0.294720 -0.100000
v -2.603398 -0.299251 -0.100000
v -2.597666 -0.302902 -0.100000
v -2.591142 -0.305740 -0.100000
v -2.583849 -0.307832 -0.100000
v -2.575813 -0.309243 -0.100000
v -2.567056 -0.310041 -0.100000
v -2.557604 -0.310292 -0.100000
v -2.550682 -0.310284 -0.100000
v -2.543768 -0.310228 -0.100000
v -2.536902 -0.310076 -0.100000
v -2.530125 -0.309780 -0.100000
v -2.523475 -0.309292 -0.100000
v -2.516993 -0.308564 -0.100000
v -2.510720 -0.307548 -0.100000
v -2.504694 -0.306196 -0.100000
v -2.498956 -0.304460 -0.100000
v -2.493546 -0.302291 -0.100000
v -2.488505 -0.299643 -0.100000
v -2.483871 -0.296467 -0.100000
v -2.472154 -0.283365 -0.100000
v -2.462590 -0.265386 -0.100000
v -2.454961 -0.243412 -0.100000
v -2.449053 -0.218325 -0.100000
v -2.444649 -0.191009 -0.100000
v -2.441532 -0.162346 -0.100000
v -2.439488 -0.133220 -0.100000
v -2.438300 -0.104512 -0.100000
v -2.437752 -0.077105 -0.100000
v -2.437628 -0.051882 -0.100000
v -2.437712 -0.029727 -0.100000
v -2.437788 -0.011521 -0.100000
v -2.437618 0.006958 -0.100000
v -2.437262 0.029872 -0.100000
v -2.436948 0.056248 -0.100000
v -2.436906 0.085111 -0.100000
v -2.437366 0.115490 -0.100000
v -2.438556 0.146409 -0.100000
v -2.440706 0.176897 -0.100000
v -2.444046 0.205979 -0.100000
v -2.448805 0.232683 -0.100000
v -2.455211 0.256034 -0.100000
v -2.463495 0.275060 -0.100000
v -2.473886 0.288787 -0.100000
v -2.480047 0.293727 -0.100000
v -2.486947 0.297847 -0.100000
v -2.494492 0.301219 -0.100000
v -2.502589 0.303920 -0.100000
v -2.511144 0.306023 -0.100000
v -2.520065 0.307604 -0.100000
v -2.529258 0.308736 -0.100000
v -2.538630 0.309495 -0.100000
v -2.548087 0.309956 -0.100000
v -2.557536 0.310192 -0.100000
v -2.566884 0.310279 -0.100000
v -2.576037 0.310292 -0.100000
v -2.585011 0.309699 -0.100000
v -2.592784 0.307981 -0.100000
v -2.599438 0.305228 -0.100000
v -2.605052 0.301530 -0.100000
v -2.609706 0.296980 -0.100000
v -2.613479 0.291667 -0.100000
v -2.616453 0.285681 -0.100000
v -2.618706 0.279115 -0.100000
v -2.620320 0.272057 -0.100000
v -2.621373 0.264600 -0.100000
v -2.621947 0.256833 -0.100000
v -2.622120 0.248848 -0.100000
v -2.622044 0.243487 -0.100000
v -2.621835 0.238156 -0.100000
v -2.621520 0.232851 -0.100000
v -2.621124 0.227570 -0.100000
v -2.620675 0.222311 -0.100000
v -2.620200 0.217070 -0.100000
v -2.619724 0.211845 -0.100000
v -2.619275 0.206634 -0.100000
v -2.618880 0.201433 -0.100000
v -2.618564 0.196240 -0.100000
v -2.618355 0.191053 -0.100000
v -2.618279 0.185868 -0.100000
v -2.619961 0.166431 -0.100000
v -2.624758 0.150125 -0.100000
v -2.632296 0.136593 -0.100000
v -2.642203 0.125476 -0.100000
v -2.654104 0.116419 -0.100000
v -2.667627 0.109063 -0.100000
v -2.682397 0.103051 -0.100000
v -2.698043 0.098026 -0.100000
v -2.714190 0.093630 -0.100000
v -2.730465 0.089506 -0.100000
v -2.746494 0.085297 -0.100000
v -2.761905 0.080645 -0.100000
v -1.688748 0.155722 -0.100000
v -1.690857 0.159374 -0.100000
v -1.692960 0.163030 -0.100000
v -1.695056 0.166695 -0.100000
v -1.697141 0.170370 -0.100000
v -1.699213 0.174059 -0.100000
v -1.701268 0.177764 -0.100000
v -1.703305 0.181487 -0.100000
v -1.705321 0.185232 -0.100000
v -1.707313 0.189001 -0.100000
v -1.709278 0.192796 -0.100000
v -1.711213 0.196621 -0.100000
v -1.713102 0.200461 -0.100000
v -1.714929 0.204305 -0.100000
v -1.716698 0.208153 -0.100000
v -1.718410 0.212010 -0.100000
v -1.720070 0.215877 -0.100000
v -1.721678 0.219758 -0.100000
v -1.723239 0.223655 -0.100000
v -1.724754 0.227570 -0.100000
v -1.726226 0.231507 -0.100000
v -1.727659 0.235468 -0.100000
v -1.729054 0.239455 -0.100000
v -1.730415 0.243472 -0.100000
v -1.732032 0.248510 -0.100000
v -1.733817 0.253950 -0.100000
v -1.735779 0.259685 -0.100000
v -1.737924 0.265603 -0.100000
v -1.740262 0.271596 -0.100000
v -1.742799 0.277554 -0.100000
v -1.745545 0.283368 -0.100000
v -1.748506 0.288929 -0.100000
v -1.751692 0.294127 -0.100000
v -1.755110 0.298853 -0.100000
v -1.758767 0.302998 -0.100000
v -1.762673 0.306452 -0.100000
v -1.764624 0.307925 -0.100000
v -1.766634 0.309275 -0.100000
v -1.768697 0.310508 -0.100000
v -1.770808 0.311629 -0.100000
v -1.772962 0.312643 -0.100000
v -1.775154 0.313556 -0.100000
v -1.777377 0.314373 -0.100000
v -1.779627 0.315099 -0.100000
v -1.781898 0.315740 -0.100000
v -1.784185 0.316301 -0.100000
v -1.786483 0.316787 -0.100000
v -1.788786 0.317204 -0.100000
v -1.794622 0.318218 -0.100000
v -1.800592 0.318975 -0.100000
v -1.806668 0.319508 -0.100000
v -1.812824 0.319850 -0.100000
v -1.819033 0.320031 -0.100000
v -1.825269 0.320084 -0.100000
v -1.831505 0.320042 -0.100000
v -1.837714 0.319935 -0.100000
v -1.843870 0.319796 -0.100000
v -1.849946 0.319658 -0.100000
v -1.855915 0.319551 -0.100000
v -1.861751 0.319508 -0.100000
v -1.868739 0.319071 -0.100000
v -1.874769 0.317798 -0.100000
v -1.879908 0.315752 -0.100000
v -1.884224 0.312994 -0.100000
v -1.887782 0.309586 -0.100000
v -1.890649 0.305588 -0.100000
v -1.892892 0.301062 -0.100000
v -1.894578 0.296069 -0.100000
v -1.895773 0.290671 -0.100000
v -1.896544 0.284928 -0.100000
v -1.896958 0.278904 -0.100000
v -1.897081 0.272657 -0.100000
v -1.897160 0.271199 -0.100000
v -1.897387 0.269888 -0.100000
v -1.897753 0.268709 -0.100000
v -1.898248 0.267651 -0.100000
v -1.898859 0.266699 -0.100000
v -1.899577 0.265841 -0.100000
v -1.900392 0.265063 -0.100000
v -1.901291 0.264351 -0.100000
v -1.902266 0.263693 -0.100000
v -1.903304 0.263075 -0.100000
v -1.904396 0.262483 -0.100000
v -1.905530 0.261905 -0.100000
v -1.908412 0.260846 -0.100000
v -1.911820 0.259963 -0.100000
v -1.915959 0.259241 -0.100000
v -1.921033 0.258662 -0.100000
v -1.927249 0.258211 -0.100000
v -1.934812 0.257872 -0.100000
v -1.943927 0.257630 -0.100000
v -1.954799 0.257467 -0.100000
v -1.967634 0.257368 -0.100000
v -1.982637 0.257318 -0.100000
v -2.000014 0.257299 -0.100000
v -2.019969 0.257296 -0.100000
v -2.030988 0.257296 -0.100000
v -2.044814 0.257229 -0.100000
v -2.060832 0.256996 -0.100000
v -2.078426 0.256500 -0.100000
v -2.096981 0.255641 -0.100000
v -2.115879 0.254320 -0.100000
v -2.134506 0.252440 -0.100000
v -2.152244 0.249900 -0.100000
v -2.168479 0.246604 -0.100000
v -2.182593 0.242451 -0.100000
v -2.193971 0.237344 -0.100000
v -2.201997 0.231183 -0.100000
v -2.206408 0.225652 -0.100000
v -2.210086 0.219836 -0.100000
v -2.213098 0.213770 -0.100000
v -2.215509 0.207487 -0.100000
v -2.217387 0.201023 -0.100000
v -2.218798 0.194412 -0.100000
v -2.219809 0.187690 -0.100000
v -2.220487 0.180890 -0.100000
v -2.220898 0.174047 -0.100000
v -2.221109 0.167196 -0.100000
v -2.221187 0.160372 -0.100000
v -2.221198 0.153610 -0.100000
v -2.219200 0.095322 -0.100000
v -2.213027 0.040991 -0.100000
v -2.202405 -0.009457 -0.100000
v -2.187063 -0.056096 -0.100000
v -2.166728 -0.099002 -0.100000
v -2.141129 -0.138249 -0.100000
v -2.109993 -0.173912 -0.100000
v -2.073050 -0.206065 -0.100000
v -2.030026 -0.234783 -0.100000
v -1.980649 -0.260141 -0.100000
v -1.924648 -0.282214 -0.100000
v -1.861751 -0.301075 -0.100000
v -1.853369 -0.303228 -0.100000
v -1.844424 -0.305431 -0.100000
v -1.835025 -0.307640 -0.100000
v -1.825283 -0.309808 -0.100000
v -1.815306 -0.311892 -0.100000
v -1.805203 -0.313844 -0.100000
v -1.795085 -0.315621 -0.100000
v -1.785060 -0.317176 -0.100000
v -1.775237 -0.318464 -0.100000
v -1.765727 -0.319441 -0.100000
v -1.756638 -0.320060 -0.100000
v -1.748080 -0.320276 -0.100000
v -1.734761 -0.319055 -0.100000
v -1.722492 -0.315558 -0.100000
v -1.711333 -0.310040 -0.100000
v -1.701343 -0.302754 -0.100000
v -1.692578 -0.293953 -0.100000
v -1.685100 -0.283890 -0.100000
v -1.678965 -0.272820 -0.100000
v -1.674233 -0.260994 -0.100000
v -1.670963 -0.248668 -0.100000
v -1.669212 -0.236093 -0.100000
v -1.669041 -0.223524 -0.100000
v -1.670507 -0.211214 -0.100000
v -1.672678 -0.202384 -0.100000
v -1.675656 -0.194658 -0.100000
v -1.679315 -0.187956 -0.100000
v -1.683535 -0.182198 -0.100000
v -1.688192 -0.177305 -0.100000
v -1.693164 -0.173195 -0.100000
v -1.698328 -0.169790 -0.100000
v -1.703561 -0.167008 -0.100000
v -1.708741 -0.164771 -0.100000
v -1.713745 -0.162997 -0.100000
v -1.718450 -0.161608 -0.100000
v -1.722734 -0.160522 -0.100000
v -1.758469 -0.152310 -0.100000
v -1.792662 -0.144557 -0.100000
v -1.825245 -0.136665 -0.100000
v -1.856147 -0.128037 -0.100000
v -1.885300 -0.118075 -0.100000
v -1.912634 -0.106183 -0.100000
v -1.938080 -0.091762 -0.100000
v -1.961569 -0.074216 -0.100000
v -1.983031 -0.052947 -0.100000
v -2.002397 -0.027358 -0.100000
v -2.019597 0.003149 -0.100000
v -2.034562 0.039171 -0.100000
v -2.035873 0.043188 -0.100000
v -2.037112 0.047182 -0.100000
v -2.038270 0.051159 -0.100000
v -2.039341 0.055129 -0.100000
v -2.040316 0.059098 -0.100000
v -2.041186 0.063076 -0.100000
v -2.041945 0.067070 -0.100000
v -2.042584 0.071087 -0.100000
v -2.043094 0.075137 -0.100000
v -2.043469 0.079226 -0.100000
v -2.043700 0.083364 -0.100000
v -2.043779 0.087558 -0.100000
v -2.043593 0.089960 -0.100000
v -2.043064 0.092184 -0.100000
v -2.042231 0.094242 -0.100000
v -2.041133 0.096148 -0.100000
v -2.039812 0.097916 -0.100000
v -2.038306 0.099558 -0.100000
v -2.036657 0.101089 -0.100000
v -2.034904 0.102520 -0.100000
v -2.033086 0.103867 -0.100000
v -2.031245 0.105141 -0.100000
v -2.029419 0.106357 -0.100000
v -2.027650 0.107527 -0.100000
v -2.020135 0.111848 -0.100000
v -2.011890 0.115275 -0.100000
v -2.003048 0.117908 -0.100000
v -1.993742 0.119844 -0.100000
v -1.984105 0.121183 -0.100000
v -1.974270 0.122024 -0.100000
v -1.964372 0.122464 -0.100000
v -1.954543 0.122603 -0.100000
v -1.944916 0.122540 -0.100000
v -1.935626 0.122372 -0.100000
v -1.926805 0.122199 -0.100000
v -1.918587 0.122120 -0.100000
v -1.914954 0.122086 -0.100000
v -1.911351 0.121981 -0.100000
v -1.907774 0.121796 -0.100000
v -1.904221 0.121522 -0.100000
v -1.900690 0.121153 -0.100000
v -1.897177 0.120680 -0.100000
v -1.893681 0.120094 -0.100000
v -1.890197 0.119389 -0.100000
v -1.886725 0.118556 -0.100000
v -1.883260 0.117586 -0.100000
v -1.879801 0.116473 -0.100000
v -1.876344 0.115207 -0.100000
v -1.862178 0.106948 -0.100000
v -1.849740 0.094001 -0.100000
v -1.838614 0.077405 -0.100000
v -1.828384 0.058201 -0.100000
v -1.818634 0.037429 -0.100000
v -1.808948 0.016129 -0.100000
v -1.798910 -0.004659 -0.100000
v -1.788104 -0.023895 -0.100000
v -1.776114 -0.040539 -0.100000
v -1.762523 -0.053550 -0.100000
v -1.746917 -0.061889 -0.100000
v -1.728879 -0.064516 -0.100000
v -1.720910 -0.063814 -0.100000
v -1.709805 -0.062102 -0.100000
v -1.696332 -0.059392 -0.100000
v -1.681260 -0.055698 -0.100000
v -1.665354 -0.051033 -0.100000
v -1.649385 -0.045411 -0.100000
v -1.634120 -0.038845 -0.100000
v -1.620328 -0.031348 -0.100000
v -1.608775 -0.022933 -0.100000
v -1.600230 -0.013615 -0.100000
v -1.595462 -0.003406 -0.100000
v -1.595238 0.007681 -0.100000
v -1.598415 0.018603 -0.100000
v -1.603822 0.031124 -0.100000
v -1.611031 0.044823 -0.100000
v -1.619616 0.059282 -0.100000
v -1.629151 0.074083 -0.100000
v -1.639209 0.088806 -0.100000
v -1.649362 0.103033 -0.100000
v -1.659185 0.116345 -0.100000
v -1.668251 0.128324 -0.100000
v -1.676132 0.138551 -0.100000
v -1.682403 0.146607 -0.100000
v -1.686636 0.152074 -0.100000
v -0.869190 0.072016 -0.100000
v -0.868653 0.091167 -0.100000
v -0.868100 0.111571 -0.100000
v -0.867810 0.132816 -0.100000
v -0.868065 0.154487 -0.100000
v -0.869144 0.176171 -0.100000
v -0.871326 0.197456 -0.100000
v -0.874893 0.217927 -0.100000
v -0.880124 0.237171 -0.100000
v -0.887300 0.254775 -0.100000
v -0.896699 0.270326 -0.100000
v -0.908602 0.283410 -0.100000
v -0.914020 0.287484 -0.100000
v -0.920201 0.290909 -0.100000
v -0.927011 0.293743 -0.100000
v -0.934318 0.296040 -0.100000
v -0.941987 0.297858 -0.100000
v -0.949885 0.299251 -0.100000
v -0.957879 0.300277 -0.100000
v -0.965836 0.300990 -0.100000
v -0.973622 0.301447 -0.100000
v -0.981105 0.301705 -0.100000
v -0.988150 0.301818 -0.100000
v -0.994624 0.301843 -0.100000
v -1.005670 0.300900 -0.100000
v -1.015084 0.298202 -0.100000
v -1.022993 0.293947 -0.100000
v -1.029527 0.288331 -0.100000
v -1.034813 0.281553 -0.100000
v -1.038978 0.273810 -0.100000
v -1.042152 0.265298 -0.100000
v -1.044461 0.256216 -0.100000
v -1.046035 0.246760 -0.100000
v -1.047000 0.237128 -0.100000
v -1.047486 0.227518 -0.100000
v -1.047619 0.218126 -0.100000
v -1.047589 0.199486 -0.100000
v -1.047505 0.180819 -0.100000
v -1.047379 0.162130 -0.100000
v -1.047221 0.143426 -0.100000
v -1.047041 0.124711 -0.100000
v -1.046851 0.105991 -0.100000
v -1.046661 0.087270 -0.100000
v -1.046481 0.068556 -0.100000
v -1.046323 0.049851 -0.100000
v -1.046197 0.031163 -0.100000
v -1.046113 0.012496 -0.100000
v -1.046083 -0.006144 -0.100000
v -1.046077 -0.014703 -0.100000
v -1.046165 -0.026099 -0.100000
v -1.046503 -0.039651 -0.100000
v -1.047249 -0.054674 -0.100000
v -1.048561 -0.070486 -0.100000
v -1.050595 -0.086406 -0.100000
v -1.053510 -0.101749 -0.100000
v -1.057462 -0.115833 -0.100000
v -1.062608 -0.127976 -0.100000
v -1.069107 -0.137495 -0.100000
v -1.077115 -0.143707 -0.100000
v -1.086790 -0.145929 -0.100000
v -1.108473 -0.144303 -0.100000
v -1.129690 -0.139643 -0.100000
v -1.150358 -0.132272 -0.100000
v -1.170393 -0.122518 -0.100000
v -1.189714 -0.110705 -0.100000
v -1.208238 -0.097158 -0.100000
v -1.225881 -0.082203 -0.100000
v -1.242561 -0.066166 -0.100000
v -1.258197 -0.049371 -0.100000
v -1.272704 -0.032144 -0.100000
v -1.286000 -0.014811 -0.100000
v -1.298003 0.002304 -0.100000
v -1.299909 0.005744 -0.100000
v -1.301790 0.009149 -0.100000
v -1.303656 0.012517 -0.100000
v -1.305513 0.015845 -0.100000
v -1.307370 0.019130 -0.100000
v -1.309236 0.022369 -0.100000
v -1.311117 0.025561 -0.100000
v -1.313023 0.028702 -0.100000
v -1.314960 0.031790 -0.100000
v -1.316938 0.034822 -0.100000
v -1.318963 0.037795 -0.100000
v -1.321045 0.040707 -0.100000
v -1.323704 0.045863 -0.100000
v -1.327025 0.051943 -0.100000
v -1.330933 0.058684 -0.100000
v -1.335353 0.065825 -0.100000
v -1.340210 0.073104 -0.100000
v -1.345430 0.080261 -0.100000
v -1.350938 0.087034 -0.100000
v -1.356659 0.093162 -0.100000
v -1.362519 0.098382 -0.100000
v -1.368443 0.102435 -0.100000
v -1.374357 0.105058 -0.100000
v -1.380184 0.105991 -0.100000
v -1.389989 0.105421 -0.100000
v -1.401082 0.103740 -0.100000
v -1.413054 0.100986 -0.100000
v -1.425499 0.097201 -0.100000
v -1.438008 0.092423 -0.100000
v -1.450173 0.086694 -0.100000
v -1.461586 0.080052 -0.100000
v -1.471838 0.072538 -0.100000
v -1.480523 0.064192 -0.100000
v -1.487231 0.055054 -0.100000
v -1.491556 0.045164 -0.100000
v -1.493088 0.034562 -0.100000
v -1.492294 0.027859 -0.100000
v -1.490065 0.019852 -0.100000
v -1.486631 0.010837 -0.100000
v -1.482221 0.001109 -0.100000
v -1.477064 -0.009034 -0.100000
v -1.471390 -0.019297 -0.100000
v -1.465428 -0.029385 -0.100000
v -1.459407 -0.039000 -0.100000
v -1.453557 -0.047847 -0.100000
v -1.448107 -0.055630 -0.100000
v -1.443286 -0.062053 -0.100000
v -1.439324 -0.066820 -0.100000
v -1.404762 -0.115207 -0.100000
v -1.379678 -0.145955 -0.100000
v -1.352197 -0.173721 -0.100000
v -1.322545 -0.198565 -0.100000
v -1.290949 -0.220544 -0.100000
v -1.257635 -0.239718 -0.100000
v -1.222830 -0.256144 -0.100000
v -1.186762 -0.269883 -0.100000
v -1.149656 -0.280992 -0.100000
v -1.111739 -0.289531 -0.100000
v -1.073239 -0.295557 -0.100000
v -1.034381 -0.299129 -0.100000
v -0.995392 -0.300307 -0.100000
v -0.990001 -0.300305 -0.100000
v -0.984586 -0.300289 -0.100000
v -0.979155 -0.300247 -0.100000
v -0.973716 -0.300165 -0.100000
v -0.968277 -0.300029 -0.100000
v -0.962846 -0.299827 -0.100000
v -0.957431 -0.299545 -0.100000
v -0.952040 -0.299169 -0.100000
v -0.946681 -0.298687 -0.100000
v -0.941362 -0.298085 -0.100000
v -0.936091 -0.297349 -0.100000
v -0.930876 -0.296467 -0.100000
v -0.917243 -0.290579 -0.100000
v -0.905790 -0.278617 -0.100000
v -0.896325 -0.261641 -0.100000
v -0.888661 -0.240712 -0.100000
v -0.882608 -0.216893 -0.100000
v -0.877976 -0.191244 -0.100000
v -0.874577 -0.164827 -0.100000
v -0.872219 -0.138704 -0.100000
v -0.870716 -0.113935 -0.100000
v -0.869876 -0.091583 -0.100000
v -0.869511 -0.072708 -0.100000
v -0.869432 -0.058372 -0.100000
v -0.869432 0.054531 -0.100000
v -0.352943 -0.134398 -0.100000
v -0.356439 -0.142132 -0.100000
v -0.360671 -0.148521 -0.100000
v -0.365591 -0.153695 -0.100000
v -0.371152 -0.157781 -0.100000
v -0.377304 -0.160906 -0.100000
v -0.384001 -0.163200 -0.100000
v -0.391193 -0.164789 -0.100000
v -0.398834 -0.165803 -0.100000
v -0.406874 -0.166368 -0.100000
v -0.415267 -0.166613 -0.100000
v -0.423963 -0.166667 -0.100000
v -0.433932 -0.166604 -0.100000
v -0.443872 -0.166418 -0.100000
v -0.453785 -0.166115 -0.100000
v -0.463674 -0.165700 -0.100000
v -0.473542 -0.165178 -0.100000
v -0.483391 -0.164555 -0.100000
v -0.493224 -0.163835 -0.100000
v -0.503044 -0.163026 -0.100000
v -0.512853 -0.162130 -0.100000
v -0.522654 -0.161155 -0.100000
v -0.532450 -0.160105 -0.100000
v -0.542243 -0.158986 -0.100000
v -0.552050 -0.157882 -0.100000
v -0.561885 -0.156874 -0.100000
v -0.571741 -0.155962 -0.100000
v -0.581612 -0.155146 -0.100000
v -0.591495 -0.154426 -0.100000
v -0.601382 -0.153802 -0.100000
v -0.611270 -0.153274 -0.100000
v -0.621153 -0.152842 -0.100000
v -0.631024 -0.152506 -0.100000
v -0.640880 -0.152266 -0.100000
v -0.650715 -0.152122 -0.100000
v -0.660522 -0.152074 -0.100000
v -0.668392 -0.152319 -0.100000
v -0.675158 -0.153073 -0.100000
v -0.680900 -0.154366 -0.100000
v -0.685697 -0.156227 -0.100000
v -0.689631 -0.158685 -0.100000
v -0.692780 -0.161770 -0.100000
v -0.695226 -0.165511 -0.100000
v -0.697047 -0.169938 -0.100000
v -0.698325 -0.175079 -0.100000
v -0.699138 -0.180964 -0.100000
v -0.699567 -0.187623 -0.100000
v -0.699693 -0.195084 -0.100000
v -0.699683 -0.200533 -0.100000
v -0.699615 -0.206097 -0.100000
v -0.699429 -0.211730 -0.100000
v -0.699067 -0.217386 -0.100000
v -0.698471 -0.223022 -0.100000
v -0.697581 -0.228591 -0.100000
v -0.696339 -0.234047 -0.100000
v -0.694686 -0.239347 -0.100000
v -0.692564 -0.244444 -0.100000
v -0.689914 -0.249292 -0.100000
v -0.686678 -0.253848 -0.100000
v -0.682796 -0.258065 -0.100000
v -0.669804 -0.266817 -0.100000
v -0.651121 -0.274318 -0.100000
v -0.627808 -0.280662 -0.100000
v -0.600927 -0.285942 -0.100000
v -0.571540 -0.290251 -0.100000
v -0.540707 -0.293683 -0.100000
v -0.509489 -0.296331 -0.100000
v -0.478950 -0.298288 -0.100000
v -0.450149 -0.299647 -0.100000
v -0.424148 -0.300503 -0.100000
v -0.402009 -0.300948 -0.100000
v -0.384793 -0.301075 -0.100000
v -0.356516 -0.300248 -0.100000
v -0.330108 -0.297658 -0.100000
v -0.305648 -0.293143 -0.100000
v -0.283211 -0.286539 -0.100000
v -0.262876 -0.277685 -0.100000
v -0.244720 -0.266417 -0.100000
v -0.228820 -0.252573 -0.100000
v -0.215253 -0.235990 -0.100000
v -0.204097 -0.216506 -0.100000
v -0.195429 -0.193957 -0.100000
v -0.189327 -0.168182 -0.100000
v -0.185868 -0.139017 -0.100000
v -0.185308 -0.129815 -0.100000
v -0.184783 -0.120641 -0.100000
v -0.184296 -0.111487 -0.100000
v -0.183848 -0.102350 -0.100000
v -0.183443 -0.093223 -0.100000
v -0.183084 -0.084101 -0.100000
v -0.182772 -0.074980 -0.100000
v -0.182511 -0.065853 -0.100000
v -0.182304 -0.056716 -0.100000
v -0.182152 -0.047562 -0.100000
v -0.182059 -0.038387 -0.100000
v -0.182028 -0.029186 -0.100000
v -0.182027 -0.027443 -0.100000
v -0.182024 -0.025673 -0.100000
v -0.182016 -0.023882 -0.100000
v -0.181999 -0.022074 -0.100000
v -0.181972 -0.020256 -0.100000
v -0.181932 -0.018433 -0.100000
v -0.181875 -0.016610 -0.100000
v -0.181800 -0.014792 -0.100000
v -0.181704 -0.012985 -0.100000
v -0.181583 -0.011194 -0.100000
v -0.181436 -0.009424 -0.100000
v -0.181260 -0.007680 -0.100000
v -0.180594 -0.002140 -0.100000
v -0.179709 0.003296 -0.100000
v -0.178547 0.008557 -0.100000
v -0.177050 0.013569 -0.100000
v -0.175157 0.018261 -0.100000
v -0.172811 0.022561 -0.100000
v -0.169953 0.026398 -0.100000
v -0.166524 0.029698 -0.100000
v -0.162466 0.032390 -0.100000
v -0.157720 0.034402 -0.100000
v -0.152228 0.035662 -0.100000
v -0.145929 0.036098 -0.100000
v -0.139446 0.035932 -0.100000
v -0.133043 0.035472 -0.100000
v -0.126704 0.034778 -0.100000
v -0.120413 0.033908 -0.100000
v -0.114154 0.032920 -0.100000
v -0.107911 0.031874 -0.100000
v -0.101668 0.030828 -0.100000
v -0.095409 0.029840 -0.100000
v -0.089118 0.028970 -0.100000
v -0.082779 0.028276 -0.100000
v -0.076376 0.027816 -0.100000
v -0.069892 0.027650 -0.100000
v -0.060036 0.028787 -0.100000
v -0.051527 0.032009 -0.100000
v -0.044271 0.037034 -0.100000
v -0.038175 0.043580 -0.100000
v -0.033146 0.051362 -0.100000
v -0.029090 0.060100 -0.100000
v -0.025914 0.069509 -0.100000
v -0.023525 0.079308 -0.100000
v -0.021829 0.089214 -0.100000
v -0.020734 0.098943 -0.100000
v -0.020145 0.108214 -0.100000
v -0.019969 0.116743 -0.100000
v -0.021756 0.127381 -0.100000
v -0.026771 0.136364 -0.100000
v -0.034502 0.143865 -0.100000
v -0.044433 0.150054 -0.100000
v -0.056049 0.155101 -0.100000
v -0.068836 0.159178 -0.100000
v -0.082279 0.162455 -0.100000
v -0.095864 0.165102 -0.100000
v -0.109075 0.167291 -0.100000
v -0.121398 0.169191 -0.100000
v -0.132318 0.170975 -0.100000
v -0.141321 0.172811 -0.100000
v -0.144435 0.173614 -0.100000
v -0.147611 0.174500 -0.100000
v -0.150814 0.175487 -0.100000
v -0.154008 0.176594 -0.100000
v -0.157160 0.177840 -0.100000
v -0.160234 0.179243 -0.100000
v -0.163197 0.180823 -0.100000
v -0.166012 0.182597 -0.100000
v -0.168647 0.184584 -0.100000
v -0.171065 0.186803 -0.100000
v -0.173233 0.189273 -0.100000
v -0.175115 0.192012 -0.100000
v -0.177762 0.196905 -0.100000
v -0.179969 0.201965 -0.100000
v -0.181776 0.207169 -0.100000
v -0.183222 0.212494 -0.100000
v -0.184349 0.217914 -0.100000
v -0.185196 0.223406 -0.100000
v -0.185803 0.228947 -0.100000
v -0.186209 0.234511 -0.100000
v -0.186456 0.240075 -0.100000
v -0.186583 0.245616 -0.100000
v -0.186629 0.251108 -0.100000
v -0.186636 0.256528 -0.100000
v -0.187751 0.270252 -0.100000
v -0.190946 0.281956 -0.100000
v -0.195997 0.291799 -0.100000
v -0.202680 0.299937 -0.100000
v -0.210771 0.306529 -0.100000
v -0.220046 0.311732 -0.100000
v -0.230281 0.315702 -0.100000
v -0.241253 0.318598 -0.100000
v -0.252736 0.320577 -0.100000
v -0.264508 0.321795 -0.100000
v -0.276343 0.322410 -0.100000
v -0.288018 0.322581 -0.100000
v -0.290736 0.322564 -0.100000
v -0.293505 0.322510 -0.100000
v -0.296311 0.322413 -0.100000
v -0.299141 0.322268 -0.100000
v -0.301982 0.322070 -0.100000
v -0.304820 0.321813 -0.100000
v -0.307641 0.321492 -0.100000
v -0.310434 0.321101 -0.100000
v -0.313184 0.320637 -0.100000
v -0.315878 0.320092 -0.100000
v -0.318503 0.319461 -0.100000
v -0.321045 0.318740 -0.100000
v -0.332476 0.312959 -0.100000
v -0.340043 0.304812 -0.100000
v -0.344554 0.294847 -0.100000
v -0.346817 0.283609 -0.100000
v -0.347640 0.271646 -0.100000
v -0.347830 0.259505 -0.100000
v -0.348197 0.247731 -0.100000
v -0.349548 0.236872 -0.100000
v -0.352691 0.227475 -0.100000
v -0.358434 0.220085 -0.100000
v -0.367585 0.215251 -0.100000
v -0.380952 0.213518 -0.100000
v -0.403196 0.214001 -0.100000
v -0.425386 0.215338 -0.100000
v -0.447533 0.217358 -0.100000
v -0.469648 0.219890 -0.100000
v -0.491742 0.222763 -0.100000
v -0.513825 0.225806 -0.100000
v -0.535908 0.228850 -0.100000
v -0.558002 0.231723 -0.100000
v -0.580117 0.234255 -0.100000
v -0.602264 0.236275 -0.100000
v -0.624454 0.237612 -0.100000
v -0.646697 0.238095 -0.100000
v -0.662487 0.237109 -0.100000
v -0.676498 0.234234 -0.100000
v -0.688808 0.229599 -0.100000
v -0.699494 0.223332 -0.100000
v -0.708633 0.215560 -0.100000
v -0.716302 0.206413 -0.100000
v -0.722579 0.196018 -0.100000
v -0.727542 0.184502 -0.100000
v -0.731267 0.171995 -0.100000
v -0.733832 0.158624 -0.100000
v -0.735314 0.144516 -0.100000
v -0.735791 0.129800 -0.100000
v -0.732920 0.114457 -0.100000
v -0.724853 0.094865 -0.100000
v -0.712414 0.072089 -0.100000
v -0.696421 0.047192 -0.100000
v -0.677698 0.021240 -0.100000
v -0.657066 -0.004704 -0.100000
v -0.635346 -0.029577 -0.100000
v -0.613358 -0.052313 -0.100000
v -0.591926 -0.071849 -0.100000
v -0.571869 -0.087120 -0.100000
v -0.554011 -0.097064 -0.100000
v -0.539171 -0.100614 -0.100000
v -0.531725 -0.099691 -0.100000
v -0.523066 -0.097066 -0.100000
v -0.513549 -0.092958 -0.100000
v -0.503527 -0.087586 -0.100000
v -0.493356 -0.081169 -0.100000
v -0.483391 -0.073925 -0.100000
v -0.473985 -0.066073 -0.100000
v -0.465495 -0.057831 -0.100000
v -0.458273 -0.049419 -0.100000
v -0.452676 -0.041055 -0.100000
v -0.449058 -0.032958 -0.100000
v -0.447773 -0.025346 -0.100000
v -0.449091 -0.015221 -0.100000
v -0.452751 -0.005533 -0.100000
v -0.458309 0.003792 -0.100000
v -0.465324 0.012829 -0.100000
v -0.473352 0.021653 -0.100000
v -0.481951 0.030338 -0.100000
v -0.490678 0.038959 -0.100000
v -0.499090 0.047591 -0.100000
v -0.506744 0.056308 -0.100000
v -0.513199 0.065185 -0.100000
v -0.518011 0.074296 -0.100000
v -0.520737 0.083717 -0.100000
v -0.516129 0.083717 -0.100000
v -0.507815 0.083559 -0.100000
v -0.497045 0.083088 -0.100000
v -0.484339 0.082313 -0.100000
v -0.470217 0.081243 -0.100000
v -0.455198 0.079884 -0.100000
v -0.439804 0.078245 -0.100000
v -0.424554 0.076334 -0.100000
v -0.409968 0.074159 -0.100000
v -0.396565 0.071729 -0.100000
v -0.384867 0.069050 -0.100000
v -0.375393 0.066131 -0.100000
v -0.368664 0.062980 -0.100000
v -0.363017 0.058484 -0.100000
v -0.358309 0.052807 -0.100000
v -0.354455 0.046143 -0.100000
v -0.351368 0.038687 -0.100000
v -0.348965 0.030634 -0.100000
v -0.347158 0.022177 -0.100000
v -0.345864 0.013513 -0.100000
v -0.344996 0.004836 -0.100000
v -0.344470 -0.003660 -0.100000
v -0.344200 -0.011780 -0.100000
v -0.344100 -0.019330 -0.100000
v -0.344086 -0.026114 -0.100000
v -0.344119 -0.034385 -0.100000
v -0.344221 -0.042684 -0.100000
v -0.344398 -0.051003 -0.100000
v -0.344655 -0.059339 -0.100000
v -0.344997 -0.067685 -0.100000
v -0.345430 -0.076037 -0.100000
v -0.345959 -0.084389 -0.100000
v -0.346589 -0.092735 -0.100000
v -0.347326 -0.101070 -0.100000
v -0.348175 -0.109390 -0.100000
v -0.349141 -0.117688 -0.100000
v -0.350230 -0.125960 -0.100000
v -0.350230 -0.125192 -0.100000
v 0.667019 0.209617 -0.100000
v 0.665774 0.219179 -0.100000
v 0.663703 0.229551 -0.100000
v 0.660807 0.240371 -0.100000
v 0.657090 0.251277 -0.100000
v 0.652554 0.261905 -0.100000
v 0.647202 0.271893 -0.100000
v 0.641037 0.280878 -0.100000
v 0.634061 0.288498 -0.100000
v 0.626277 0.294390 -0.100000
v 0.617687 0.298192 -0.100000
v 0.608295 0.299539 -0.100000
v 0.595593 0.299386 -0.100000
v 0.577854 0.298824 -0.100000
v 0.556248 0.297703 -0.100000
v 0.531945 0.295870 -0.100000
v 0.506117 0.293172 -0.100000
v 0.479935 0.289459 -0.100000
v 0.454568 0.284577 -0.100000
v 0.431189 0.278375 -0.100000
v 0.410966 0.270701 -0.100000
v 0.395073 0.261403 -0.100000
v 0.384678 0.250329 -0.100000
v 0.380952 0.237327 -0.100000
v 0.381173 0.228768 -0.100000
v 0.381888 0.219413 -0.100000
v 0.383173 0.209557 -0.100000
v 0.385106 0.199494 -0.100000
v 0.387764 0.189515 -0.100000
v 0.391225 0.179916 -0.100000
v 0.395566 0.170988 -0.100000
v 0.400865 0.163026 -0.100000
v 0.407198 0.156322 -0.100000
v 0.414643 0.151171 -0.100000
v 0.423278 0.147865 -0.100000
v 0.433180 0.146697 -0.100000
v 0.444404 0.147198 -0.100000
v 0.461466 0.148657 -0.100000
v 0.483067 0.151006 -0.100000
v 0.507908 0.154179 -0.100000
v 0.534691 0.158109 -0.100000
v 0.562116 0.162730 -0.100000
v 0.588885 0.167976 -0.100000
v 0.613700 0.173778 -0.100000
v 0.635261 0.180072 -0.100000
v 0.652269 0.186789 -0.100000
v 0.663427 0.193864 -0.100000
v 0.667435 0.201229 -0.100000
v 0.657869 -0.173598 -0.100000
v 0.651263 -0.171360 -0.100000
v 0.643313 -0.169187 -0.100000
v 0.634323 -0.167093 -0.100000
v 0.624597 -0.165096 -0.100000
v 0.614439 -0.163210 -0.100000
v 0.604153 -0.161453 -0.100000
v 0.594043 -0.159840 -0.100000
v 0.584414 -0.158386 -0.100000
v 0.575568 -0.157109 -0.100000
v 0.567810 -0.156023 -0.100000
v 0.561444 -0.155146 -0.100000
v 0.541502 -0.152007 -0.100000
v 0.521982 -0.148657 -0.100000
v 0.502856 -0.144981 -0.100000
v 0.484099 -0.140866 -0.100000
v 0.465682 -0.136196 -0.100000
v 0.447581 -0.130856 -0.100000
v 0.429767 -0.124733 -0.100000
v 0.412215 -0.117711 -0.100000
v 0.394897 -0.109675 -0.100000
v 0.377788 -0.100511 -0.100000
v 0.360860 -0.090105 -0.100000
v 0.344086 -0.078341 -0.100000
v 0.328834 -0.066223 -0.100000
v 0.314559 -0.053660 -0.100000
v 0.301243 -0.040623 -0.100000
v 0.288872 -0.027081 -0.100000
v 0.277429 -0.013006 -0.100000
v 0.266897 0.001632 -0.100000
v 0.257262 0.016862 -0.100000
v 0.248507 0.032713 -0.100000
v 0.240615 0.049215 -0.100000
v 0.233572 0.066397 -0.100000
v 0.227361 0.084289 -0.100000
v 0.221966 0.102919 -0.100000
v 0.221020 0.106420 -0.100000
v 0.220092 0.109998 -0.100000
v 0.219170 0.113635 -0.100000
v 0.218240 0.117312 -0.100000
v 0.217288 0.121011 -0.100000
v 0.216302 0.124712 -0.100000
v 0.215268 0.128397 -0.100000
v 0.214172 0.132048 -0.100000
v 0.213002 0.135645 -0.100000
v 0.211743 0.139170 -0.100000
v 0.210384 0.142604 -0.100000
v 0.208909 0.145929 -0.100000
v 0.206431 0.151036 -0.100000
v 0.203611 0.155615 -0.100000
v 0.200461 0.159682 -0.100000
v 0.196990 0.163253 -0.100000
v 0.193211 0.166344 -0.100000
v 0.189132 0.168971 -0.100000
v 0.184766 0.171150 -0.100000
v 0.180122 0.172896 -0.100000
v 0.175211 0.174227 -0.100000
v 0.170045 0.175158 -0.100000
v 0.164633 0.175705 -0.100000
v 0.158986 0.175883 -0.100000
v 0.148496 0.175657 -0.100000
v 0.137211 0.174902 -0.100000
v 0.125456 0.173507 -0.100000
v 0.113558 0.171360 -0.100000
v 0.101840 0.168349 -0.100000
v 0.090630 0.164363 -0.100000
v 0.080251 0.159288 -0.100000
v 0.071030 0.153012 -0.100000
v 0.063292 0.145425 -0.100000
v 0.057362 0.136414 -0.100000
v 0.053565 0.125867 -0.100000
v 0.052227 0.113671 -0.100000
v 0.052476 0.106761 -0.100000
v 0.053191 0.099861 -0.100000
v 0.054328 0.092982 -0.100000
v 0.055840 0.086135 -0.100000
v 0.057683 0.079331 -0.100000
v 0.059812 0.072581 -0.100000
v 0.062181 0.065894 -0.100000
v 0.064744 0.059282 -0.100000
v 0.067456 0.052755 -0.100000
v 0.070273 0.046325 -0.100000
v 0.073148 0.040001 -0.100000
v 0.076037 0.033794 -0.100000
v 0.099321 -0.011998 -0.100000
v 0.123994 -0.053870 -0.100000
v 0.150262 -0.091998 -0.100000
v 0.178330 -0.126557 -0.100000
v 0.208403 -0.157725 -0.100000
v 0.240687 -0.185676 -0.100000
v 0.275388 -0.210587 -0.100000
v 0.312710 -0.232634 -0.100000
v 0.352859 -0.251992 -0.100000
v 0.396040 -0.268839 -0.100000
v 0.442458 -0.283349 -0.100000
v 0.492320 -0.295699 -0.100000
v 0.499424 -0.297201 -0.100000
v 0.506532 -0.298629 -0.100000
v 0.513645 -0.299971 -0.100000
v 0.520766 -0.301217 -0.100000
v 0.527897 -0.302357 -0.100000
v 0.535042 -0.303379 -0.100000
v 0.542203 -0.304274 -0.100000
v 0.549383 -0.305029 -0.100000
v 0.556584 -0.305636 -0.100000
v 0.563809 -0.306082 -0.100000
v 0.571060 -0.306357 -0.100000
v 0.578341 -0.306452 -0.100000
v 0.592976 -0.305391 -0.100000
v 0.606521 -0.302320 -0.100000
v 0.618940 -0.297403 -0.100000
v 0.630199 -0.290806 -0.100000
v 0.640263 -0.282695 -0.100000
v 0.649098 -0.273233 -0.100000
v 0.656668 -0.262588 -0.100000
v 0.662940 -0.250924 -0.100000
v 0.667879 -0.238407 -0.100000
v 0.671449 -0.225202 -0.100000
v 0.673617 -0.211474 -0.100000
v 0.674347 -0.197389 -0.100000
v 0.674282 -0.195117 -0.100000
v 0.674081 -0.192915 -0.100000
v 0.673735 -0.190788 -0.100000
v 0.673238 -0.188741 -0.100000
v 0.672581 -0.186779 -0.100000
v 0.671755 -0.184908 -0.100000
v 0.670754 -0.183133 -0.100000
v 0.669568 -0.181459 -0.100000
v 0.668191 -0.179892 -0.100000
v 0.666613 -0.178436 -0.100000
v 0.664828 -0.177098 -0.100000
v 0.662827 -0.175883 -0.100000
v 0.425793 0.043494 -0.100000
v 0.426698 0.035103 -0.100000
v 0.428248 0.026498 -0.100000
v 0.430477 0.017893 -0.100000
v 0.433422 0.009501 -0.100000
v 0.437116 0.001536 -0.100000
v 0.441594 -0.005789 -0.100000
v 0.446891 -0.012260 -0.100000
v 0.453041 -0.017665 -0.100000
v 0.460079 -0.021790 -0.100000
v 0.468040 -0.024421 -0.100000
v 0.476959 -0.025346 -0.100000
v 0.484654 -0.025266 -0.100000
v 0.492373 -0.025029 -0.100000
v 0.500108 -0.024638 -0.100000
v 0.507851 -0.024094 -0.100000
v 0.515594 -0.023401 -0.100000
v 0.523330 -0.022561 -0.100000
v 0.531049 -0.021578 -0.100000
v 0.538744 -0.020453 -0.100000
v 0.546407 -0.019189 -0.100000
v 0.554030 -0.017790 -0.100000
v 0.561605 -0.016257 -0.100000
v 0.569125 -0.014593 -0.100000
v 0.576629 -0.012881 -0.100000
v 0.584162 -0.011201 -0.100000
v 0.591722 -0.009553 -0.100000
v 0.599306 -0.007936 -0.100000
v 0.606911 -0.006352 -0.100000
v 0.614535 -0.004800 -0.100000
v 0.622175 -0.003280 -0.100000
v 0.629829 -0.001792 -0.100000
v 0.637493 -0.000336 -0.100000
v 0.645165 0.001088 -0.100000
v 0.652842 0.002480 -0.100000
v 0.660522 0.003840 -0.100000
v 0.663563 0.004419 -0.100000
v 0.666546 0.005010 -0.100000
v 0.669475 0.005628 -0.100000
v 0.672356 0.006287 -0.100000
v 0.675194 0.006998 -0.100000
v 0.677996 0.007777 -0.100000
v 0.680765 0.008635 -0.100000
v 0.683507 0.009586 -0.100000
v 0.686228 0.010645 -0.100000
v 0.688933 0.011823 -0.100000
v 0.691627 0.013135 -0.100000
v 0.694317 0.014593 -0.100000
v 0.697230 0.016355 -0.100000
v 0.699835 0.018195 -0.100000
v 0.702141 0.020125 -0.100000
v 0.704159 0.022160 -0.100000
v 0.705899 0.024311 -0.100000
v 0.707373 0.026594 -0.100000
v 0.708591 0.029020 -0.100000
v 0.709564 0.031604 -0.100000
v 0.710302 0.034358 -0.100000
v 0.710815 0.037297 -0.100000
v 0.711116 0.040432 -0.100000
v 0.711214 0.043779 -0.100000
v 0.710890 0.051865 -0.100000
v 0.709901 0.060591 -0.100000
v 0.708225 0.069700 -0.100000
v 0.705837 0.078938 -0.100000
v 0.702713 0.088048 -0.100000
v 0.698829 0.096774 -0.100000
v 0.694161 0.104860 -0.100000
v 0.688684 0.112050 -0.100000
v 0.682376 0.118088 -0.100000
v 0.675211 0.122717 -0.100000
v 0.667167 0.125683 -0.100000
v 0.658218 0.126728 -0.100000
v 0.644281 0.126435 -0.100000
v 0.625512 0.125473 -0.100000
v 0.603063 0.123716 -0.100000
v 0.578085 0.121039 -0.100000
v 0.551731 0.117316 -0.100000
v 0.525154 0.112423 -0.100000
v 0.499504 0.106234 -0.100000
v 0.475935 0.098623 -0.100000
v 0.455597 0.089466 -0.100000
v 0.439644 0.078636 -0.100000
v 0.429228 0.066009 -0.100000
v 0.425499 0.051459 -0.100000
v 0.004591 0.239472 -0.100000
v 0.006713 0.234390 -0.100000
v 0.010009 0.229767 -0.100000
v 0.014280 0.225607 -0.100000
v 0.019330 0.221917 -0.100000
v 0.024962 0.218702 -0.100000
v 0.030977 0.215967 -0.100000
v 0.037179 0.213717 -0.100000
v 0.043371 0.211958 -0.100000
v 0.049354 0.210694 -0.100000
v 0.054932 0.209933 -0.100000
v 0.059908 0.209677 -0.100000
v 0.065453 0.211184 -0.100000
v 0.072264 0.215395 -0.100000
v 0.080009 0.221846 -0.100000
v 0.088354 0.230073 -0.100000
v 0.096966 0.239613 -0.100000
v 0.105511 0.250000 -0.100000
v 0.113656 0.260771 -0.100000
v 0.121067 0.271463 -0.100000
v 0.127412 0.281610 -0.100000
v 0.132357 0.290749 -0.100000
v 0.135568 0.298416 -0.100000
v 0.136713 0.304147 -0.100000
v 0.136066 0.309905 -0.100000
v 0.134227 0.315259 -0.100000
v 0.131349 0.320192 -0.100000
v 0.127582 0.324686 -0.100000
v 0.123079 0.328720 -0.100000
v 0.117992 0.332277 -0.100000
v 0.112473 0.335338 -0.100000
v 0.106674 0.337885 -0.100000
v 0.100747 0.339898 -0.100000
v 0.094843 0.341359 -0.100000
v 0.089116 0.342249 -0.100000
v 0.083717 0.342550 -0.100000
v 0.078596 0.340895 -0.100000
v 0.071934 0.336285 -0.100000
v 0.064108 0.329253 -0.100000
v 0.055499 0.320333 -0.100000
v 0.046484 0.310059 -0.100000
v 0.037442 0.298963 -0.100000
v 0.028753 0.287579 -0.100000
v 0.020794 0.276441 -0.100000
v 0.013945 0.266081 -0.100000
v 0.008584 0.257033 -0.100000
v 0.005089 0.249831 -0.100000
v 0.003840 0.245008 -0.100000
v 0.194837 0.336493 -0.100000
v 0.187728 0.332434 -0.100000
v 0.180144 0.326193 -0.100000
v 0.172328 0.318200 -0.100000
v 0.164522 0.308884 -0.100000
v 0.156970 0.298675 -0.100000
v 0.149914 0.288002 -0.100000
v 0.143597 0.277294 -0.100000
v 0.138261 0.266981 -0.100000
v 0.134149 0.257492 -0.100000
v 0.131504 0.249256 -0.100000
v 0.130568 0.242704 -0.100000
v 0.131335 0.237108 -0.100000
v 0.133502 0.231858 -0.100000
v 0.136869 0.226983 -0.100000
v 0.141236 0.222507 -0.100000
v 0.146403 0.218458 -0.100000
v 0.152170 0.214862 -0.100000
v 0.158337 0.211746 -0.100000
v 0.164704 0.209137 -0.100000
v 0.171071 0.207061 -0.100000
v 0.177238 0.205546 -0.100000
v 0.183005 0.204617 -0.100000
v 0.188172 0.204301 -0.100000
v 0.192890 0.205867 -0.100000
v 0.198779 0.210239 -0.100000
v 0.205537 0.216926 -0.100000
v 0.212863 0.225437 -0.100000
v 0.220456 0.235281 -0.100000
v 0.228015 0.245968 -0.100000
v 0.235237 0.257007 -0.100000
v 0.241822 0.267907 -0.100000
v 0.247468 0.278178 -0.100000
v 0.251874 0.287329 -0.100000
v 0.254739 0.294869 -0.100000
v 0.255760 0.300307 -0.100000
v 0.255054 0.305727 -0.100000
v 0.253054 0.310829 -0.100000
v 0.249940 0.315584 -0.100000
v 0.245890 0.319964 -0.100000
v 0.241082 0.323938 -0.100000
v 0.235695 0.327477 -0.100000
v 0.229909 0.330552 -0.100000
v 0.223901 0.333134 -0.100000
v 0.217850 0.335193 -0.100000
v 0.211935 0.336701 -0.100000
v 0.206336 0.337626 -0.100000
v 0.201229 0.337942 -0.100000
v 1.028787 0.073748 -0.100000
v 1.025289 0.073790 -0.100000
v 1.021770 0.073853 -0.100000
v 1.018234 0.073932 -0.100000
v 1.014688 0.074022 -0.100000
v 1.011137 0.074117 -0.100000
v 1.007585 0.074212 -0.100000
v 1.004039 0.074302 -0.100000
v 1.000504 0.074381 -0.100000
v 0.996985 0.074444 -0.100000
v 0.993487 0.074486 -0.100000
v 0.990015 0.074501 -0.100000
v 0.982704 0.074453 -0.100000
v 0.975366 0.074309 -0.100000
v 0.968006 0.074069 -0.100000
v 0.960630 0.073733 -0.100000
v 0.953244 0.073301 -0.100000
v 0.945853 0.072773 -0.100000
v 0.938461 0.072149 -0.100000
v 0.931075 0.071429 -0.100000
v 0.923699 0.070613 -0.100000
v 0.916340 0.069700 -0.100000
v 0.909001 0.068692 -0.100000
v 0.901690 0.067588 -0.100000
v 0.892046 0.066009 -0.100000
v 0.882080 0.063915 -0.100000
v 0.872012 0.061240 -0.100000
v 0.862064 0.057917 -0.100000
v 0.852458 0.053879 -0.100000
v 0.843414 0.049059 -0.100000
v 0.835154 0.043392 -0.100000
v 0.827900 0.036809 -0.100000
v 0.821873 0.029246 -0.100000
v 0.817293 0.020634 -0.100000
v 0.814383 0.010908 -0.100000
v 0.813364 0.000000 -0.100000
v 0.816325 -0.017146 -0.100000
v 0.824636 -0.031501 -0.100000
v 0.837438 -0.043311 -0.100000
v 0.853872 -0.052825 -0.100000
v 0.873079 -0.060291 -0.100000
v 0.894201 -0.065956 -0.100000
v 0.916380 -0.070070 -0.100000
v 0.938755 -0.072879 -0.100000
v 0.960470 -0.074633 -0.100000
v 0.980664 -0.075578 -0.100000
v 0.998479 -0.075964 -0.100000
v 1.013057 -0.076037 -0.100000
v 1.018640 -0.076007 -0.100000
v 1.024251 -0.075923 -0.100000
v 1.029882 -0.075797 -0.100000
v 1.035529 -0.075639 -0.100000
v 1.041188 -0.075459 -0.100000
v 1.046851 -0.075269 -0.100000
v 1.052515 -0.075079 -0.100000
v 1.058173 -0.074899 -0.100000
v 1.063820 -0.074741 -0.100000
v 1.069452 -0.074615 -0.100000
v 1.075062 -0.074531 -0.100000
v 1.080645 -0.074501 -0.100000
v 1.264209 -0.074501 -0.100000
v 1.279608 -0.074575 -0.100000
v 1.299013 -0.074583 -0.100000
v 1.321404 -0.074201 -0.100000
v 1.345764 -0.073107 -0.100000
v 1.371073 -0.070978 -0.100000
v 1.396313 -0.067492 -0.100000
v 1.420465 -0.062326 -0.100000
v 1.442510 -0.055157 -0.100000
v 1.461429 -0.045663 -0.100000
v 1.476205 -0.033520 -0.100000
v 1.485817 -0.018407 -0.100000
v 1.489247 0.000000 -0.100000
v 1.486649 0.016632 -0.100000
v 1.479344 0.030587 -0.100000
v 1.468066 0.042099 -0.100000
v 1.453547 0.051402 -0.100000
v 1.436522 0.058733 -0.100000
v 1.417723 0.064324 -0.100000
v 1.397884 0.068411 -0.100000
v 1.377738 0.071229 -0.100000
v 1.358019 0.073013 -0.100000
v 1.339460 0.073996 -0.100000
v 1.322795 0.074414 -0.100000
v 1.308756 0.074501 -0.100000
v 1.305300 0.074486 -0.100000
v 1.301844 0.074444 -0.100000
v 1.298387 0.074381 -0.100000
v 1.294931 0.074302 -0.100000
v 1.291475 0.074212 -0.100000
v 1.288019 0.074117 -0.100000
v 1.284562 0.074022 -0.100000
v 1.281106 0.073932 -0.100000
v 1.277650 0.073853 -0.100000
v 1.274194 0.073790 -0.100000
v 1.270737 0.073748 -0.100000
v 1.267281 0.073733 -0.100000
v 1.032258 0.073733 -0.100000
v 1.730333 0.100578 -0.100000
v 1.717027 0.100383 -0.100000
v 1.701817 0.099906 -0.100000
v 1.685270 0.099021 -0.100000
v 1.667956 0.097603 -0.100000
v 1.650442 0.095526 -0.100000
v 1.633295 0.092665 -0.100000
v 1.617085 0.088895 -0.100000
v 1.602378 0.084089 -0.100000
v 1.589744 0.078124 -0.100000
v 1.579750 0.070873 -0.100000
v 1.572965 0.062212 -0.100000
v 1.571200 0.058623 -0.100000
v 1.569729 0.055136 -0.100000
v 1.568524 0.051723 -0.100000
v 1.567560 0.048359 -0.100000
v 1.566809 0.045015 -0.100000
v 1.566244 0.041667 -0.100000
v 1.565840 0.038286 -0.100000
v 1.565569 0.034847 -0.100000
v 1.565404 0.031322 -0.100000
v 1.565320 0.027685 -0.100000
v 1.565289 0.023910 -0.100000
v 1.565284 0.019969 -0.100000
v 1.565320 0.016693 -0.100000
v 1.565444 0.013405 -0.100000
v 1.565680 0.010129 -0.100000
v 1.566052 0.006884 -0.100000
v 1.566584 0.003693 -0.100000
v 1.567300 0.000576 -0.100000
v 1.568224 -0.002445 -0.100000
v 1.569381 -0.005348 -0.100000
v 1.570793 -0.008113 -0.100000
v 1.572485 -0.010717 -0.100000
v 1.574481 -0.013140 -0.100000
v 1.576805 -0.015361 -0.100000
v 1.581926 -0.019228 -0.100000
v 1.587625 -0.022423 -0.100000
v 1.593810 -0.025010 -0.100000
v 1.600387 -0.027052 -0.100000
v 1.607262 -0.028615 -0.100000
v 1.614343 -0.029762 -0.100000
v 1.621536 -0.030557 -0.100000
v 1.628748 -0.031063 -0.100000
v 1.635885 -0.031346 -0.100000
v 1.642854 -0.031469 -0.100000
v 1.649561 -0.031495 -0.100000
v 1.655914 -0.031490 -0.100000
v 1.664971 -0.031508 -0.100000
v 1.674731 -0.031636 -0.100000
v 1.685004 -0.031982 -0.100000
v 1.695596 -0.032656 -0.100000
v 1.706317 -0.033768 -0.100000
v 1.716974 -0.035426 -0.100000
v 1.727375 -0.037741 -0.100000
v 1.737327 -0.040820 -0.100000
v 1.746640 -0.044775 -0.100000
v 1.755120 -0.049713 -0.100000
v 1.762577 -0.055745 -0.100000
v 1.768817 -0.062980 -0.100000
v 1.768049 -0.062980 -0.100000
v 1.772999 -0.071442 -0.100000
v 1.777884 -0.079920 -0.100000
v 1.782738 -0.088398 -0.100000
v 1.787592 -0.096860 -0.100000
v 1.792477 -0.105289 -0.100000
v 1.797427 -0.113671 -0.100000
v 1.802473 -0.121989 -0.100000
v 1.807646 -0.130227 -0.100000
v 1.812980 -0.138369 -0.100000
v 1.818506 -0.146399 -0.100000
v 1.824255 -0.154301 -0.100000
v 1.830261 -0.162058 -0.100000
v 1.841900 -0.176234 -0.100000
v 1.855852 -0.192254 -0.100000
v 1.871772 -0.209533 -0.100000
v 1.889315 -0.227485 -0.100000
v 1.908139 -0.245522 -0.100000
v 1.927899 -0.263057 -0.100000
v 1.948251 -0.279504 -0.100000
v 1.968851 -0.294277 -0.100000
v 1.989355 -0.306788 -0.100000
v 2.009419 -0.316450 -0.100000
v 2.028699 -0.322678 -0.100000
v 2.046851 -0.324885 -0.100000
v 2.058879 -0.323604 -0.100000
v 2.071009 -0.319949 -0.100000
v 2.083021 -0.314204 -0.100000
v 2.094698 -0.306651 -0.100000
v 2.105819 -0.297572 -0.100000
v 2.116168 -0.287250 -0.100000
v 2.125524 -0.275969 -0.100000
v 2.133669 -0.264010 -0.100000
v 2.140385 -0.251656 -0.100000
v 2.145453 -0.239190 -0.100000
v 2.148654 -0.226895 -0.100000
v 2.149770 -0.215054 -0.100000
v 2.146505 -0.204521 -0.100000
v 2.137480 -0.195241 -0.100000
v 2.123848 -0.186708 -0.100000
v 2.106759 -0.178415 -0.100000
v 2.087365 -0.169855 -0.100000
v 2.066820 -0.160522 -0.100000
v 2.046275 -0.149909 -0.100000
v 2.026882 -0.137509 -0.100000
v 2.009793 -0.122816 -0.100000
v 1.996160 -0.105322 -0.100000
v 1.987135 -0.084522 -0.100000
v 1.983871 -0.059908 -0.100000
v 1.985439 -0.053409 -0.100000
v 1.989823 -0.048049 -0.100000
v 1.996544 -0.043719 -0.100000
v 2.005120 -0.040308 -0.100000
v 2.015073 -0.037709 -0.100000
v 2.025922 -0.035810 -0.100000
v 2.037186 -0.034504 -0.100000
v 2.048387 -0.033680 -0.100000
v 2.059044 -0.033230 -0.100000
v 2.068676 -0.033044 -0.100000
v 2.076805 -0.033012 -0.100000
v 2.082949 -0.033026 -0.100000
v 2.091221 -0.033056 -0.100000
v 2.099519 -0.033140 -0.100000
v 2.107839 -0.033266 -0.100000
v 2.116175 -0.033424 -0.100000
v 2.124521 -0.033604 -0.100000
v 2.132873 -0.033794 -0.100000
v 2.141224 -0.033984 -0.100000
v 2.149570 -0.034164 -0.100000
v 2.157906 -0.034322 -0.100000
v 2.166226 -0.034448 -0.100000
v 2.174524 -0.034532 -0.100000
v 2.182796 -0.034562 -0.100000
v 2.189321 -0.034508 -0.100000
v 2.195831 -0.034320 -0.100000
v 2.202309 -0.033962 -0.100000
v 2.208738 -0.033396 -0.100000
v 2.215104 -0.032584 -0.100000
v 2.221390 -0.031490 -0.100000
v 2.227580 -0.030076 -0.100000
v 2.233657 -0.028304 -0.100000
v 2.239607 -0.026138 -0.100000
v 2.245413 -0.023539 -0.100000
v 2.251059 -0.020472 -0.100000
v 2.256528 -0.016897 -0.100000
v 2.260072 -0.014100 -0.100000
v 2.263057 -0.011094 -0.100000
v 2.265529 -0.007896 -0.100000
v 2.267537 -0.004523 -0.100000
v 2.269129 -0.000989 -0.100000
v 2.270353 0.002688 -0.100000
v 2.271257 0.006494 -0.100000
v 2.271889 0.010411 -0.100000
v 2.272297 0.014425 -0.100000
v 2.272529 0.018519 -0.100000
v 2.272633 0.022676 -0.100000
v 2.272657 0.026882 -0.100000
v 2.272620 0.030897 -0.100000
v 2.272490 0.034872 -0.100000
v 2.272237 0.038798 -0.100000
v 2.271832 0.042669 -0.100000
v 2.271246 0.046476 -0.100000
v 2.270449 0.050211 -0.100000
v 2.269412 0.053866 -0.100000
v 2.268106 0.057433 -0.100000
v 2.266501 0.060904 -0.100000
v 2.264568 0.064271 -0.100000
v 2.262278 0.067526 -0.100000
v 2.259601 0.070661 -0.100000
v 2.250751 0.077220 -0.100000
v 2.237768 0.082747 -0.100000
v 2.221414 0.087330 -0.100000
v 2.202452 0.091056 -0.100000
v 2.181644 0.094015 -0.100000
v 2.159754 0.096294 -0.100000
v 2.137544 0.097981 -0.100000
v 2.115776 0.099164 -0.100000
v 2.095214 0.099930 -0.100000
v 2.076620 0.100369 -0.100000
v 2.060757 0.100568 -0.100000
v 2.048387 0.100614 -0.100000
v 1.741167 0.100614 -0.100000
v 1.859222 0.301755 -0.100000
v 1.845935 0.301456 -0.100000
v 1.830237 0.300895 -0.100000
v 1.812795 0.300023 -0.100000
v 1.794276 0.298788 -0.100000
v 1.775346 0.297139 -0.100000
v 1.756671 0.295026 -0.100000
v 1.738920 0.292399 -0.100000
v 1.722758 0.289206 -0.100000
v 1.708852 0.285398 -0.100000
v 1.697870 0.280922 -0.100000
v 1.690476 0.275730 -0.100000
v 1.686211 0.270880 -0.100000
v 1.682596 0.265930 -0.100000
v 1.679579 0.260873 -0.100000
v 1.677106 0.255703 -0.100000
v 1.675124 0.250417 -0.100000
v 1.673579 0.245008 -0.100000
v 1.672418 0.239470 -0.100000
v 1.671588 0.233800 -0.100000
v 1.671035 0.227991 -0.100000
v 1.670706 0.222037 -0.100000
v 1.670548 0.215935 -0.100000
v 1.670507 0.209677 -0.100000
v 1.671522 0.200588 -0.100000
v 1.674400 0.192834 -0.100000
v 1.678895 0.186312 -0.100000
v 1.684758 0.180918 -0.100000
v 1.691742 0.176549 -0.100000
v 1.699597 0.173099 -0.100000
v 1.708076 0.170466 -0.100000
v 1.716931 0.168544 -0.100000
v 1.725914 0.167231 -0.100000
v 1.734778 0.166421 -0.100000
v 1.743273 0.166012 -0.100000
v 1.751152 0.165899 -0.100000
v 2.079877 0.165899 -0.100000
v 2.088583 0.165956 -0.100000
v 2.098001 0.166226 -0.100000
v 2.107851 0.166859 -0.100000
v 2.117853 0.168004 -0.100000
v 2.127727 0.169810 -0.100000
v 2.137192 0.172427 -0.100000
v 2.145970 0.176004 -0.100000
v 2.153780 0.180691 -0.100000
v 2.160342 0.186636 -0.100000
v 2.165376 0.193989 -0.100000
v 2.168601 0.202900 -0.100000
v 2.169739 0.213518 -0.100000
v 2.169719 0.217771 -0.100000
v 2.169643 0.222073 -0.100000
v 2.169487 0.226406 -0.100000
v 2.169227 0.230756 -0.100000
v 2.168839 0.235106 -0.100000
v 2.168299 0.239439 -0.100000
v 2.167583 0.243741 -0.100000
v 2.166667 0.247995 -0.100000
v 2.165527 0.252184 -0.100000
v 2.164139 0.256294 -0.100000
v 2.162478 0.260307 -0.100000
v 2.160522 0.264209 -0.100000
v 2.153611 0.272210 -0.100000
v 2.142932 0.278997 -0.100000
v 2.129165 0.284670 -0.100000
v 2.112989 0.289327 -0.100000
v 2.095085 0.293066 -0.100000
v 2.076133 0.295987 -0.100000
v 2.056813 0.298187 -0.100000
v 2.037805 0.299767 -0.100000
v 2.019789 0.300823 -0.100000
v 2.003446 0.301456 -0.100000
v 1.989454 0.301763 -0.100000
v 1.978495 0.301843 -0.100000
v 1.869432 0.301843 -0.100000
v 2.621292 0.293344 -0.100000
v 2.606599 0.293114 -0.100000
v 2.589489 0.292591 -0.100000
v 2.570660 0.291660 -0.100000
v 2.550807 0.290206 -0.100000
v 2.530626 0.288114 -0.100000
v 2.510813 0.285271 -0.100000
v 2.492063 0.281561 -0.100000
v 2.475074 0.276870 -0.100000
v 2.460541 0.271082 -0.100000
v 2.449161 0.264084 -0.100000
v 2.441628 0.255760 -0.100000
v 2.439389 0.251334 -0.100000
v 2.437290 0.246206 -0.100000
v 2.435339 0.240507 -0.100000
v 2.433549 0.234369 -0.100000
v 2.431930 0.227921 -0.100000
v 2.430491 0.221294 -0.100000
v 2.429245 0.214620 -0.100000
v 2.428201 0.208028 -0.100000
v 2.427371 0.201649 -0.100000
v 2.426765 0.195614 -0.100000
v 2.426394 0.190054 -0.100000
v 2.426267 0.185100 -0.100000
v 2.428156 0.163129 -0.100000
v 2.433379 0.142139 -0.100000
v 2.441268 0.122120 -0.100000
v 2.451158 0.103061 -0.100000
v 2.462381 0.084951 -0.100000
v 2.474270 0.067780 -0.100000
v 2.486160 0.051538 -0.100000
v 2.497383 0.036212 -0.100000
v 2.507272 0.021793 -0.100000
v 2.515162 0.008271 -0.100000
v 2.520385 -0.004366 -0.100000
v 2.522274 -0.016129 -0.100000
v 2.519508 -0.034113 -0.100000
v 2.511862 -0.051580 -0.100000
v 2.500312 -0.068524 -0.100000
v 2.485834 -0.084941 -0.100000
v 2.469404 -0.100823 -0.100000
v 2.451997 -0.116167 -0.100000
v 2.434591 -0.130967 -0.100000
v 2.418160 -0.145218 -0.100000
v 2.403682 -0.158914 -0.100000
v 2.392132 -0.172050 -0.100000
v 2.384486 -0.184621 -0.100000
v 2.381721 -0.196621 -0.100000
v 2.383066 -0.204137 -0.100000
v 2.386852 -0.212650 -0.100000
v 2.392701 -0.221846 -0.100000
v 2.400239 -0.231410 -0.100000
v 2.409089 -0.241028 -0.100000
v 2.418875 -0.250384 -0.100000
v 2.429221 -0.259164 -0.100000
v 2.439751 -0.267054 -0.100000
v 2.450089 -0.273738 -0.100000
v 2.459859 -0.278901 -0.100000
v 2.468685 -0.282230 -0.100000
v 2.476191 -0.283410 -0.100000
v 2.488221 -0.281007 -0.100000
v 2.501195 -0.274364 -0.100000
v 2.515001 -0.264329 -0.100000
v 2.529527 -0.251749 -0.100000
v 2.544662 -0.237474 -0.100000
v 2.560292 -0.222350 -0.100000
v 2.576306 -0.207227 -0.100000
v 2.592593 -0.192951 -0.100000
v 2.609039 -0.180372 -0.100000
v 2.625533 -0.170336 -0.100000
v 2.641964 -0.163693 -0.100000
v 2.658218 -0.161290 -0.100000
v 2.673604 -0.163723 -0.100000
v 2.691440 -0.170450 -0.100000
v 2.711298 -0.180612 -0.100000
v 2.732748 -0.193349 -0.100000
v 2.755360 -0.207804 -0.100000
v 2.778706 -0.223118 -0.100000
v 2.802356 -0.238432 -0.100000
v 2.825881 -0.252887 -0.100000
v 2.848850 -0.265625 -0.100000
v 2.870836 -0.275787 -0.100000
v 2.891409 -0.282513 -0.100000
v 2.910138 -0.284946 -0.100000
v 2.917856 -0.283962 -0.100000
v 2.926246 -0.281170 -0.100000
v 2.935052 -0.276810 -0.100000
v 2.944018 -0.271121 -0.100000
v 2.952888 -0.264345 -0.100000
v 2.961406 -0.256720 -0.100000
v 2.969315 -0.248488 -0.100000
v 2.976361 -0.239887 -0.100000
v 2.982287 -0.231159 -0.100000
v 2.986836 -0.222542 -0.100000
v 2.989754 -0.214278 -0.100000
v 2.990783 -0.206605 -0.100000
v 2.989884 -0.202144 -0.100000
v 2.987363 -0.197286 -0.100000
v 2.983487 -0.192144 -0.100000
v 2.978523 -0.186835 -0.100000
v 2.972738 -0.181473 -0.100000
v 2.966398 -0.176171 -0.100000
v 2.959770 -0.171046 -0.100000
v 2.953121 -0.166212 -0.100000
v 2.946717 -0.161782 -0.100000
v 2.940825 -0.157873 -0.100000
v 2.935712 -0.154599 -0.100000
v 2.931644 -0.152074 -0.100000
v 2.931644 -0.152842 -0.100000
v 2.914698 -0.141584 -0.100000
v 2.891698 -0.125313 -0.100000
v 2.864079 -0.104935 -0.100000
v 2.833276 -0.081356 -0.100000
v 2.800724 -0.055484 -0.100000
v 2.767857 -0.028226 -0.100000
v 2.736110 -0.000487 -0.100000
v 2.706918 0.026825 -0.100000
v 2.681716 0.052803 -0.100000
v 2.661937 0.076542 -0.100000
v 2.649019 0.097133 -0.100000
v 2.644393 0.113671 -0.100000
v 2.646375 0.123553 -0.100000
v 2.651925 0.131792 -0.100000
v 2.660450 0.138537 -0.100000
v 2.671360 0.143938 -0.100000
v 2.684063 0.148145 -0.100000
v 2.697965 0.151306 -0.100000
v 2.712475 0.153571 -0.100000
v 2.727001 0.155089 -0.100000
v 2.740952 0.156010 -0.100000
v 2.753734 0.156483 -0.100000
v 2.764756 0.156657 -0.100000
v 2.773426 0.156682 -0.100000
v 2.780899 0.156622 -0.100000
v 2.788346 0.156454 -0.100000
v 2.795771 0.156202 -0.100000
v 2.803180 0.155886 -0.100000
v 2.810579 0.155526 -0.100000
v 2.817972 0.155146 -0.100000
v 2.825366 0.154765 -0.100000
v 2.832764 0.154406 -0.100000
v 2.840174 0.154090 -0.100000
v 2.847599 0.153837 -0.100000
v 2.855046 0.153670 -0.100000
v 2.862519 0.153610 -0.100000
v 2.870943 0.153725 -0.100000
v 2.879921 0.154150 -0.100000
v 2.889209 0.155002 -0.100000
v 2.898561 0.156398 -0.100000
v 2.907731 0.158455 -0.100000
v 2.916475 0.161290 -0.100000
v 2.924546 0.165022 -0.100000
v 2.931701 0.169767 -0.100000
v 2.937692 0.175643 -0.100000
v 2.942276 0.182767 -0.100000
v 2.945205 0.191257 -0.100000
v 2.946237 0.201229 -0.100000
v 2.946150 0.207237 -0.100000
v 2.945863 0.213326 -0.100000
v 2.945337 0.219446 -0.100000
v 2.944530 0.225550 -0.100000
v 2.943403 0.231591 -0.100000
v 2.941916 0.237519 -0.100000
v 2.940030 0.243288 -0.100000
v 2.937703 0.248848 -0.100000
v 2.934896 0.254152 -0.100000
v 2.931569 0.259153 -0.100000
v 2.927682 0.263801 -0.100000
v 2.923195 0.268049 -0.100000
v 2.915216 0.272904 -0.100000
v 2.903976 0.277127 -0.100000
v 2.890085 0.280758 -0.100000
v 2.874154 0.283837 -0.100000
v 2.856793 0.286404 -0.100000
v 2.838614 0.288498 -0.100000
v 2.820226 0.290161 -0.100000
v 2.802242 0.291432 -0.100000
v 2.785270 0.292351 -0.100000
v 2.769923 0.292957 -0.100000
v 2.756811 0.293292 -0.100000
v 2.746544 0.293395 -0.100000
v 2.632873 0.293395 -0.100000
v -2.779643 0.077045 0.100000
v -2.799159 0.073480 0.100000
v -2.820025 0.069856 0.100000
v -2.841810 0.066081 0.100000
v -2.864087 0.062060 0.100000
v -2.886425 0.057700 0.100000
v -2.908395 0.052908 0.100000
v -2.929567 0.047591 0.100000
v -2.949513 0.041655 0.100000
v -2.967803 0.035007 0.100000
v -2.984007 0.027553 0.100000
v -2.997696 0.019201 0.100000
v -3.002622 0.015225 0.100000
v -3.006700 0.011005 0.100000
v -3.010009 0.006588 0.100000
v -3.012630 0.002020 0.100000
v -3.014644 -0.002656 0.100000
v -3.016129 -0.007392 0.100000
v -3.017167 -0.012145 0.100000
v -3.017836 -0.016869 0.100000
v -3.018217 -0.021517 0.100000
v -3.018390 -0.026046 0.100000
v -3.018436 -0.030410 0.100000
v -3.018433 -0.034562 0.100000
v -3.017937 -0.045322 0.100000
v -3.016445 -0.055996 0.100000
v -3.013957 -0.066436 0.100000
v -3.010468 -0.076492 0.100000
v -3.005977 -0.086014 0.100000
v -3.000480 -0.094854 0.100000
v -2.993975 -0.102862 0.100000
v -2.986460 -0.109888 0.100000
v -2.977931 -0.115783 0.100000
v -2.968386 -0.120399 0.100000
v -2.957822 -0.123585 0.100000
v -2.946237 -0.125192 0.100000
v -2.921632 -0.123907 0.100000
v -2.897313 -0.120356 0.100000
v -2.873212 -0.114991 0.100000
v -2.849263 -0.108266 0.100000
v -2.825400 -0.100635 0.100000
v -2.801555 -0.092550 0.100000
v -2.777663 -0.084465 0.100000
v -2.753655 -0.076833 0.100000
v -2.729467 -0.070108 0.100000
v -2.705030 -0.064744 0.100000
v -2.680279 -0.061192 0.100000
v -2.655146 -0.059908 0.100000
v -2.646308 -0.061538 0.100000
v -2.638911 -0.066102 0.100000
v -2.632825 -0.073109 0.100000
v -2.627923 -0.082067 0.100000
v -2.624078 -0.092488 0.100000
v -2.621160 -0.103879 0.100000
v -2.619043 -0.115750 0.100000
v -2.617597 -0.127610 0.100000
v -2.616696 -0.138969 0.100000
v -2.616210 -0.149336 0.100000
v -2.616013 -0.158220 0.100000
v -2.615975 -0.165131 0.100000
v -2.616051 -0.172796 0.100000
v -2.616260 -0.180435 0.100000
v -2.616575 -0.188052 0.100000
v -2.616971 -0.195653 0.100000
v -2.617420 -0.203244 0.100000
v -2.617895 -0.210829 0.100000
v -2.618371 -0.218415 0.100000
v -2.618820 -0.226006 0.100000
v -2.619215 -0.233607 0.100000
v -2.619531 -0.241224 0.100000
v -2.619740 -0.248863 0.100000
v -2.619816 -0.256528 0.100000
v -2.619339 -0.266460 0.100000
v -2.617927 -0.275178 0.100000
v -2.615603 -0.282750 0.100000
v -2.612391 -0.289242 0.100000
v -2.608315 -0.294720 0.100000
v -2.603398 -0.299251 0.100000
v -2.597666 -0.302902 0.100000
v -2.591142 -0.305740 0.100000
v -2.583849 -0.307832 0.100000
v -2.575813 -0.309243 0.100000
v -2.567056 -0.310041 0.100000
v -2.557604 -0.310292 0.100000
v -2.550682 -0.310284 0.100000
v -2.543768 -0.310228 0.100000
v -2.536902 -0.310076 0.100000
v -2.530125 -0.309780 0.100000
v -2.523475 -0.309292 0.100000
v -2.516993 -0.308564 0.100000
v -2.510720 -0.307548 0.100000
v -2.504694 -0.306196 0.100000
v -2.498956 -0.304460 0.100000
v -2.493546 -0.302291 0.100000
v -2.488505 -0.299643 0.100000
v -2.483871 -0.296467 0.100000
v -2.472154 -0.283365 0.100000
v -2.462590 -0.265386 0.100000
v -2.454961 -0.243412 0.100000
v -2.449053 -0.218325 0.100000
v -2.444649 -0.191009 0.100000
v -2.441532 -0.162346 0.100000
v -2.439488 -0.133220 0.100000
v -2.438300 -0.104512 0.100000
v -2.437752 -0.077105 0.100000
v -2.437628 -0.051882 0.100000
v -2.437712 -0.029727 0.100000
v -2.437788 -0.011521 0.100000
v -2.437618 0.006958 0.100000
v -2.437262 0.029872 0.100000
v -2.436948 0.056248 0.100000
v -2.436906 0.085111 0.100000
v -2.437366 0.115490 0.100000
v -2.438556 0.146409 0.100000
v -2.440706 0.176897 0.100000
v -2.444046 0.205979 0.100000
v -2.448805 0.232683 0.100000
v -2.455211 0.256034 0.100000
v -2.463495 0.275060 0.100000
v -2.473886 0.288787 0.100000
v -2.480047 0.293727 0.100000
v -2.486947 0.297847 0.100000
v -2.494492 0.301219 0.100000
v -2.502589 0.303920 0.100000
v -2.511144 0.306023 0.100000
v -2.520065 0.307604 0.100000
v -2.529258 0.308736 0.100000
v -2.538630 0.309495 0.100000
v -2.548087 0.309956 0.100000
v -2.557536 0.310192 0.100000
v -2.566884 0.310279 0.100000
v -2.576037 0.310292 0.100000
v -2.585011 0.309699 0.100000
v -2.592784 0.307981 0.100000
v -2.599438 0.305228 0.100000
v -2.605052 0.301530 0.100000
v -2.609706 0.296980 0.100000
v -2.613479 0.291667 0.100000
v -2.616453 0.285681 0.100000
v -2.618706 0.279115 0.100000
v -2.620320 0.272057 0.100000
v -2.621373 0.264600 0.100000
v -2.621947 0.256833 0.100000
v -2.622120 0.248848 0.100000
v -2.622044 0.243487 0.100000
v -2.621835 0.238156 0.100000
v -2.621520 0.232851 0.100000
v -2.621124 0.227570 0.100000
v -2.620675 0.222311 0.100000
v -2.620200 0.217070 0.100000
v -2.619724 0.211845 0.100000
v -2.619275 0.206634 0.100000
v -2.618880 0.201433 0.100000
v -2.618564 0.196240 0.100000
v -2.618355 0.191053 0.100000
v -2.618279 0.185868 0.100000
v -2.619961 0.166431 0.100000
v -2.624758 0.150125 0.100000
v -2.632296 0.136593 0.100000
v -2.642203 0.125476 0.100000
v -2.654104 0.116419 0.100000
v -2.667627 0.109063 0.100000
v -2.682397 0.103051 0.100000
v -2.698043 0.098026 0.100000
v -2.714190 0.093630 0.100000
v -2.730465 0.089506 0.100000
v -2.746494 0.085297 0.100000
v -2.761905 0.080645 0.100000
v -1.688748 0.155722 0.100000
v -1.690857 0.159374 0.100000
v -1.692960 0.163030 0.100000
v -1.695056 0.166695 0.100000
v -1.697141 0.170370 0.100000
v -1.699213 0.174059 0.100000
v -1.701268 0.177764 0.100000
v -1.703305 0.181487 0.100000
v -1.705321 0.185232 0.100000
v -1.707313 0.189001 0.100000
v -1.709278 0.192796 0.100000
v -1.711213 0.196621 0.100000
v -1.713102 0.200461 0.100000
v -1.714929 0.204305 0.100000
v -1.716698 0.208153 0.100000
v -1.718410 0.212010 0.100000
v -1.720070 0.215877 0.100000
v -1.721678 0.219758 0.100000
v -1.723239 0.223655 0.100000
v -1.724754 0.227570 0.100000
v -1.726226 0.231507 0.100000
v -1.727659 0.235468 0.100000
v -1.729054 0.239455 0.100000
v -1.730415 0.243472 0.100000
v -1.732032 0.248510 0.100000
v -1.733817 0.253950 0.100000
v -1.735779 0.259685 0.100000
v -1.737924 0.265603 0.100000
v -1.740262 0.271596 0.100000
v -1.742799 0.277554 0.100000
v -1.745545 0.283368 0.100000
v -1.748506 0.288929 0.100000
v -1.751692 0.294127 0.100000
v -1.755110 0.298853 0.100000
v -1.758767 0.302998 0.100000
v -1.762673 0.306452 0.100000
v -1.764624 0.307925 0.100000
v -1.766634 0.309275 0.100000
v -1.768697 0.310508 0.100000
v -1.770808 0.311629 0.100000
v -1.772962 0.312643 0.100000
v -1.775154 0.313556 0.100000
v -1.777377 0.314373 0.100000
v -1.779627 0.315099 0.100000
v -1.781898 0.315740 0.100000
v -1.784185 0.316301 0.100000
v -1.786483 0.316787 0.100000
v -1.788786 0.317204 0.100000
v -1.794622 0.318218 0.100000
v -1.800592 0.318975 0.100000
v -1.806668 0.319508 0.100000
v -1.812824 0.319850 0.100000
v -1.819033 0.320031 0.100000
v -1.825269 0.320084 0.100000
v -1.831505 0.320042 0.100000
v -1.837714 0.319935 0.100000
v -1.843870 0.319796 0.100000
v -1.849946 0.319658 0.100000
v -1.855915 0.319551 0.100000
v -1.861751 0.319508 0.100000
v -1.868739 0.319071 0.100000
v -1.874769 0.317798 0.100000
v -1.879908 0.315752 0.100000
v -1.884224 0.312994 0.100000
v -1.887782 0.309586 0.100000
v -1.890649 0.305588 0.100000
v -1.892892 0.301062 0.100000
v -1.894578 0.296069 0.100000
v -1.895773 0.290671 0.100000
v -1.896544 0.284928 0.100000
v -1.896958 0.278904 0.100000
v -1.897081 0.272657 0.100000
v -1.897160 0.271199 0.100000
v -1.897387 0.269888 0.100000
v -1.897753 0.268709 0.100000
v -1.898248 0.267651 0.100000
v -1.898859 0.266699 0.100000
v -1.899577 0.265841 0.100000
v -1.900392 0.265063 0.100000
v -1.901291 0.264351 0.100000
v -1.902266 0.263693 0.100000
v -1.903304 0.263075 0.100000
v -1.904396 0.262483 0.100000
v -1.905530 0.261905 0.100000
v -1.908412 0.260846 0.100000
v -1.911820 0.259963 0.100000
v -1.915959 0.259241 0.100000
v -1.921033 0.258662 0.100000
v -1.927249 0.258211 0.100000
v -1.934812 0.257872 0.100000
v -1.943927 0.257630 0.100000
v -1.954799 0.257467 0.100000
v -1.967634 0.257368 0.100000
v -1.982637 0.257318 0.100000
v -2.000014 0.257299 0.100000
v -2.019969 0.257296 0.100000
v -2.030988 0.257296 0.100000
v -2.044814 0.257229 0.100000
v -2.060832 0.256996 0.100000
v -2.078426 0.256500 0.100000
v -2.096981 0.255641 0.100000
v -2.115879 0.254320 0.100000
v -2.134506 0.252440 0.100000
v -2.152244 0.249900 0.100000
v -2.168479 0.246604 0.100000
v -2.182593 0.242451 0.100000
v -2.193971 0.237344 0.100000
v -2.201997 0.231183 0.100000
v -2.206408 0.225652 0.100000
v -2.210086 0.219836 0.100000
v -2.213098 0.213770 0.100000
v -2.215509 0.207487 0.100000
v -2.217387 0.201023 0.100000
v -2.218798 0.194412 0.100000
v -2.219809 0.187690 0.100000
v -2.220487 0.180890 0.100000
v -2.220898 0.174047 0.100000
v -2.221109 0.167196 0.100000
v -2.221187 0.160372 0.100000
v -2.221198 0.153610 0.100000
v -2.219200 0.095322 0.100000
v -2.213027 0.040991 0.100000
v -2.202405 -0.009457 0.100000
v -2.187063 -0.056096 0.100000
v -2.166728 -0.099002 0.100000
v -2.141129 -0.138249 0.100000
v -2.109993 -0.173912 0.100000
v -2.073050 -0.206065 0.100000
v -2.030026 -0.234783 0.100000
v -1.980649 -0.260141 0.100000
v -1.924648 -0.282214 0.100000
v -1.861751 -0.301075 0.100000
v -1.853369 -0.303228 0.100000
v -1.844424 -0.305431 0.100000
v -1.835025 -0.307640 0.100000
v -1.825283 -0.309808 0.100000
v -1.815306 -0.311892 0.100000
v -1.805203 -0.313844 0.100000
v -1.795085 -0.315621 0.100000
v -1.785060 -0.317176 0.100000
v -1.775237 -0.318464 0.100000
v -1.765727 -0.319441 0.100000
v -1.756638 -0.320060 0.100000
v -1.748080 -0.320276 0.100000
v -1.734761 -0.319055 0.100000
v -1.722492 -0.315558 0.100000
v -1.711333 -0.310040 0.100000
v -1.701343 -0.302754 0.100000
v -1.692578 -0.293953 0.100000
v -1.685100 -0.283890 0.100000
v -1.678965 -0.272820 0.100000
v -1.674233 -0.260994 0.100000
v -1.670963 -0.248668 0.100000
v -1.669212 -0.236093 0.100000
v -1.669041 -0.223524 0.100000
v -1.670507 -0.211214 0.100000
v -1.672678 -0.202384 0.100000
v -1.675656 -0.194658 0.100000
v -1.679315 -0.187956 0.100000
v -1.683535 -0.182198 0.100000
v -1.688192 -0.177305 0.100000
v -1.693164 -0.173195 0.100000
v -1.698328 -0.169790 0.100000
v -1.703561 -0.167008 0.100000
v -1.708741 -0.164771 0.100000
v -1.713745 -0.162997 0.100000
v -1.718450 -0.161608 0.100000
v -1.722734 -0.160522 0.100000
v -1.758469 -0.152310 0.100000
v -1.792662 -0.144557 0.100000
v -1.825245 -0.136665 0.100000
v -1.856147 -0.128037 0.100000
v -1.885300 -0.118075 0.100000
v -1.912634 -0.106183 0.100000
v -1.938080 -0.091762 0.100000
v -1.961569 -0.074216 0.100000
v -1.983031 -0.052947 0.100000
v -2.002397 -0.027358 0.100000
v -2.019597 0.003149 0.100000
v -2.034562 0.039171 0.100000
v -2.035873 0.043188 0.100000
v -2.037112 0.047182 0.100000
v -2.038270 0.051159 0.100000
v -2.039341 0.055129 0.100000
v -2.040316 0.059098 0.100000
v -2.041186 0.063076 0.100000
v -2.041945 0.067070 0.100000
v -2.042584 0.071087 0.100000
v -2.043094 0.075137 0.100000
v -2.043469 0.079226 0.100000
v -2.043700 0.083364 0.100000
v -2.043779 0.087558 0.100000
v -2.043593 0.089960 0.100000
v -2.043064 0.092184 0.100000
v -2.042231 0.094242 0.100000
v -2.041133 0.096148 0.100000
v -2.039812 0.097916 0.100000
v -2.038306 0.099558 0.100000
v -2.036657 0.101089 0.100000
v -2.034904 0.102520 0.100000
v -2.033086 0.103867 0.100000
v -2.031245 0.105141 0.100000
v -2.029419 0.106357 0.100000
v -2.027650 0.107527 0.100000
v -2.020135 0.111848 0.100000
v -2.011890 0.115275 0.100000
v -2.003048 0.117908 0.100000
v -1.993742 0.119844 0.100000
v -1.984105 0.121183 0.100000
v -1.974270 0.122024 0.100000
v -1.964372 0.122464 0.100000
v -1.954543 0.122603 0.100000
v -1.944916 0.122540 0.100000
v -1.935626 0.122372 0.100000
v -1.926805 0.122199 0.100000
v -1.918587 0.122120 0.100000
v -1.914954 0.122086 0.100000
v -1.911351 0.121981 0.100000
v -1.907774 0.121796 0.100000
v -1.904221 0.121522 0.100000
v -1.900690 0.121153 0.100000
v -1.897177 0.120680 0.100000
v -1.893681 0.120094 0.100000
v -1.890197 0.119389 0.100000
v -1.886725 0.118556 0.100000
v -1.883260 0.117586 0.100000
v -1.879801 0.116473 0.100000
v -1.876344 0.115207 0.100000
v -1.862178 0.106948 0.100000
v -1.849740 0.094001 0.100000
v -1.838614 0.077405 0.100000
v -1.828384 0.058201 0.100000
v -1.818634 0.037429 0.100000
v -1.808948 0.016129 0.100000
v -1.798910 -0.004659 0.100000
v -1.788104 -0.023895 0.100000
v -1.776114 -0.040539 0.100000
v -1.762523 -0.053550 0.100000
v -1.746917 -0.061889 0.100000
v -1.728879 -0.064516 0.100000
v -1.720910 -0.063814 0.100000
v -1.709805 -0.062102 0.100000
v -1.696332 -0.059392 0.100000
v -1.681260 -0.055698 0.100000
v -1.665354 -0.051033 0.100000
v -1.649385 -0.045411 0.100000
v -1.634120 -0.038845 0.100000
v -1.620328 -0.031348 0.100000
v -1.608775 -0.022933 0.100000
v -1.600230 -0.013615 0.100000
v -1.595462 -0.003406 0.100000
v -1.595238 0.007681 0.100000
v -1.598415 0.018603 0.100000
v -1.603822 0.031124 0.100000
v -1.611031 0.044823 0.100000
v -1.619616 0.059282 0.100000
v -1.629151 0.074083 0.100000
v -1.639209 0.088806 0.100000
v -1.649362 0.103033 0.100000
v -1.659185 0.116345 0.100000
v -1.668251 0.128324 0.100000
v -1.676132 0.138551 0.100000
v -1.682403 0.146607 0.100000
v -1.686636 0.152074 0.100000
v -0.869190 0.072016 0.100000
v -0.868653 0.091167 0.100000
v -0.868100 0.111571 0.100000
v -0.867810 0.132816 0.100000
v -0.868065 0.154487 0.100000
v -0.869144 0.176171 0.100000
v -0.871326 0.197456 0.100000
v -0.874893 0.217927 0.100000
v -0.880124 0.237171 0.100000
v -0.887300 0.254775 0.100000
v -0.896699 0.270326 0.100000
v -0.908602 0.283410 0.100000
v -0.914020 0.287484 0.100000
v -0.920201 0.290909 0.100000
v -0.927011 0.293743 0.100000
v -0.934318 0.296040 0.100000
v -0.941987 0.297858 0.100000
v -0.949885 0.299251 0.100000
v -0.957879 0.300277 0.100000
v -0.965836 0.300990 0.100000
v -0.973622 0.301447 0.100000
v -0.981105 0.301705 0.100000
v -0.988150 0.301818 0.100000
v -0.994624 0.301843 0.100000
v -1.005670 0.300900 0.100000
v -1.015084 0.298202 0.100000
v -1.022993 0.293947 0.100000
v -1.029527 0.288331 0.100000
v -1.034813 0.281553 0.100000
v -1.038978 0.273810 0.100000
v -1.042152 0.265298 0.100000
v -1.044461 0.256216 0.100000
v -1.046035 0.246760 0.100000
v -1.047000 0.237128 0.100000
v -1.047486 0.227518 0.100000
v -1.047619 0.218126 0.100000
v -1.047589 0.199486 0.100000
v -1.047505 0.180819 0.100000
v -1.047379 0.162130 0.100000
v -1.047221 0.143426 0.100000
v -1.047041 0.124711 0.100000
v -1.046851 0.105991 0.100000
v -1.046661 0.087270 0.100000
v -1.046481 0.068556 0.100000
v -1.046323 0.049851 0.100000
v -1.046197 0.031163 0.100000
v -1.046113 0.012496 0.100000
v -1.046083 -0.006144 0.100000
v -1.046077 -0.014703 0.100000
v -1.046165 -0.026099 0.100000
v -1.046503 -0.039651 0.100000
v -1.047249 -0.054674 0.100000
v -1.048561 -0.070486 0.100000
v -1.050595 -0.086406 0.100000
v -1.053510 -0.101749 0.100000
v -1.057462 -0.115833 0.100000
v -1.062608 -0.127976 0.100000
v -1.069107 -0.137495 0.100000
v -1.077115 -0.143707 0.100000
v -1.086790 -0.145929 0.100000
v -1.108473 -0.144303 0.100000
v -1.129690 -0.139643 0.100000
v -1.150358 -0.132272 0.100000
v -1.170393 -0.122518 0.100000
v -1.189714 -0.110705 0.100000
v -1.208238 -0.097158 0.100000
v -1.225881 -0.082203 0.100000
v -1.242561 -0.066166 0.100000
v -1.258197 -0.049371 0.100000
v -1.272704 -0.032144 0.100000
v -1.286000 -0.014811 0.100000
v -1.298003 0.002304 0.100000
v -1.299909 0.005744 0.100000
v -1.301790 0.009149 0.100000
v -1.303656 0.012517 0.100000
v -1.305513 0.015845 0.100000
v -1.307370 0.019130 0.100000
v -1.309236 0.022369 0.100000
v -1.311117 0.025561 0.100000
v -1.313023 0.028702 0.100000
v -1.314960 0.031790 0.100000
v -1.316938 0.034822 0.100000
v -1.318963 0.037795 0.100000
v -1.321045 0.040707 0.100000
v -1.323704 0.045863 0.100000
v -1.327025 0.051943 0.100000
v -1.330933 0.058684 0.100000
v -1.335353 0.065825 0.100000
v -1.340210 0.073104 0.100000
v -1.345430 0.080261 0.100000
v -1.350938 0.087034 0.100000
v -1.356659 0.093162 0.100000
v -1.362519 0.098382 0.100000
v -1.368443 0.102435 0.100000
v -1.374357 0.105058 0.100000
v -1.380184 0.105991 0.100000
v -1.389989 0.105421 0.100000
v -1.401082 0.103740 0.100000
v -1.413054 0.100986 0.100000
v -1.425499 0.097201 0.100000
v -1.438008 0.092423 0.100000
v -1.450173 0.086694 0.100000
v -1.461586 0.080052 0.100000
v -1.471838 0.072538 0.100000
v -1.480523 0.064192 0.100000
v -1.487231 0.055054 0.100000
v -1.491556 0.045164 0.100000
v -1.493088 0.034562 0.100000
v -1.492294 0.027859 0.100000
v -1.490065 0.019852 0.100000
v -1.486631 0.010837 0.100000
v -1.482221 0.001109 0.100000
v -1.477064 -0.009034 0.100000
v -1.471390 -0.019297 0.100000
v -1.465428 -0.029385 0.100000
v -1.459407 -0.039000 0.100000
v -1.453557 -0.047847 0.100000
v -1.448107 -0.055630 0.100000
v -1.443286 -0.062053 0.100000
v -1.439324 -0.066820 0.100000
v -1.404762 -0.115207 0.100000
v -1.379678 -0.145955 0.100000
v -1.352197 -0.173721 0.100000
v -1.322545 -0.198565 0.100000
v -1.290949 -0.220544 0.100000
v -1.257635 -0.239718 0.100000
v -1.222830 -0.256144 0.100000
v -1.186762 -0.269883 0.100000
v -1.149656 -0.280992 0.100000
v -1.111739 -0.289531 0.100000
v -1.073239 -0.295557 0.100000
v -1.034381 -0.299129 0.100000
v -0.995392 -0.300307 0.100000
v -0.990001 -0.300305 0.100000
v -0.984586 -0.300289 0.100000
v -0.979155 -0.300247 0.100000
v -0.973716 -0.300165 0.100000
v -0.968277 -0.300029 0.100000
v -0.962846 -0.299827 0.100000
v -0.957431 -0.299545 0.100000
v -0.952040 -0.299169 0.100000
v -0.946681 -0.298687 0.100000
v -0.941362 -0.298085 0.100000
v -0.936091 -0.297349 0.100000
v -0.930876 -0.296467 0.100000
v -0.917243 -0.290579 0.100000
v -0.905790 -0.278617 0.100000
v -0.896325 -0.261641 0.100000
v -0.888661 -0.240712 0.100000
v -0.882608 -0.216893 0.100000
v -0.877976 -0.191244 0.100000
v -0.874577 -0.164827 0.100000
v -0.872219 -0.138704 0.100000
v -0.870716 -0.113935 0.100000
v -0.869876 -0.091583 0.100000
v -0.869511 -0.072708 0.100000
v -0.869432 -0.058372 0.100000
v -0.869432 0.054531 0.100000
v -0.352943 -0.134398 0.100000
v -0.356439 -0.142132 0.100000
v -0.360671 -0.148521 0.100000
v -0.365591 -0.153695 0.100000
v -0.371152 -0.157781 0.100000
v -0.377304 -0.160906 0.100000
v -0.384001 -0.163200 0.100000
v -0.391193 -0.164789 0.100000
v -0.398834 -0.165803 0.100000
v -0.406874 -0.166368 0.100000
v -0.415267 -0.166613 0.100000
v -0.423963 -0.166667 0.100000
v -0.433932 -0.166604 0.100000
v -0.443872 -0.166418 0.100000
v -0.453785 -0.166115 0.100000
v -0.463674 -0.165700 0.100000
v -0.473542 -0.165178 0.100000
v -0.483391 -0.164555 0.100000
v -0.493224 -0.163835 0.100000
v -0.503044 -0.163026 0.100000
v -0.512853 -0.162130 0.100000
v -0.522654 -0.161155 0.100000
v -0.532450 -0.160105 0.100000
v -0.542243 -0.158986 0.100000
v -0.552050 -0.157882 0.100000
v -0.561885 -0.156874 0.100000
v -0.571741 -0.155962 0.100000
v -0.581612 -0.155146 0.100000
v -0.591495 -0.154426 0.100000
v -0.601382 -0.153802 0.100000
v -0.611270 -0.153274 0.100000
v -0.621153 -0.152842 0.100000
v -0.631024 -0.152506 0.100000
v -0.640880 -0.152266 0.100000
v -0.650715 -0.152122 0.100000
v -0.660522 -0.152074 0.100000
v -0.668392 -0.152319 0.100000
v -0.675158 -0.153073 0.100000
v -0.680900 -0.154366 0.100000
v -0.685697 -0.156227 0.100000
v -0.689631 -0.158685 0.100000
v -0.692780 -0.161770 0.100000
v -0.695226 -0.165511 0.100000
v -0.697047 -0.169938 0.100000
v -0.698325 -0.175079 0.100000
v -0.699138 -0.180964 0.100000
v -0.699567 -0.187623 0.100000
v -0.699693 -0.195084 0.100000
v -0.699683 -0.200533 0.100000
v -0.699615 -0.206097 0.100000
v -0.699429 -0.211730 0.100000
v -0.699067 -0.217386 0.100000
v -0.698471 -0.223022 0.100000
v -0.697581 -0.228591 0.100000
v -0.696339 -0.234047 0.100000
v -0.694686 -0.239347 0.100000
v -0.692564 -0.244444 0.100000
v -0.689914 -0.249292 0.100000
v -0.686678 -0.253848 0.100000
v -0.682796 -0.258065 0.100000
v -0.669804 -0.266817 0.100000
v -0.651121 -0.274318 0.100000
v -0.627808 -0.280662 0.100000
v -0.600927 -0.285942 0.100000
v -0.571540 -0.290251 0.100000
v -0.540707 -0.293683 0.100000
v -0.509489 -0.296331 0.100000
v -0.478950 -0.298288 0.100000
v -0.450149 -0.299647 0.100000
v -0.424148 -0.300503 0.100000
v -0.402009 -0.300948 0.100000
v -0.384793 -0.301075 0.100000
v -0.356516 -0.300248 0.100000
v -0.330108 -0.297658 0.100000
v -0.305648 -0.293143 0.100000
v -0.283211 -0.286539 0.100000
v -0.262876 -0.277685 0.100000
v -0.244720 -0.266417 0.100000
v -0.228820 -0.252573 0.100000
v -0.215253 -0.235990 0.100000
v -0.204097 -0.216506 0.100000
v -0.195429 -0.193957 0.100000
v -0.189327 -0.168182 0.100000
v -0.185868 -0.139017 0.100000
v -0.185308 -0.129815 0.100000
v -0.184783 -0.120641 0.100000
v -0.184296 -0.111487 0.100000
v -0.183848 -0.102350 0.100000
v -0.183443 -0.093223 0.100000
v -0.183084 -0.084101 0.100000
v -0.182772 -0.074980 0.100000
v -0.182511 -0.065853 0.100000
v -0.182304 -0.056716 0.100000
v -0.182152 -0.047562 0.100000
v -0.182059 -0.038387 0.100000
v -0.182028 -0.029186 0.100000
v -0.182027 -0.027443 0.100000
v -0.182024 -0.025673 0.100000
v -0.182016 -0.023882 0.100000
v -0.181999 -0.022074 0.100000
v -0.181972 -0.020256 0.100000
v -0.181932 -0.018433 0.100000
v -0.181875 -0.016610 0.100000
v -0.181800 -0.014792 0.100000
v -0.181704 -0.012985 0.100000
v -0.181583 -0.011194 0.100000
v -0.181436 -0.009424 0.100000
v -0.181260 -0.007680 0.100000
v -0.180594 -0.002140 0.100000
v -0.179709 0.003296 0.100000
v -0.178547 0.008557 0.100000
v -0.177050 0.013569 0.100000
v -0.175157 0.018261 0.100000
v -0.172811 0.022561 0.100000
v -0.169953 0.026398 0.100000
v -0.166524 0.029698 0.100000
v -0.162466 0.032390 0.100000
v -0.157720 0.034402 0.100000
v -0.152228 0.035662 0.100000
v -0.145929 0.036098 0.100000
v -0.139446 0.035932 0.100000
v -0.133043 0.035472 0.100000
v -0.126704 0.034778 0.100000
v -0.120413 0.033908 0.100000
v -0.114154 0.032920 0.100000
v -0.107911 0.031874 0.100000
v -0.101668 0.030828 0.100000
v -0.095409 0.029840 0.100000
v -0.089118 0.028970 0.100000
v -0.082779 0.028276 0.100000
v -0.076376 0.027816 0.100000
v -0.069892 0.027650 0.100000
v -0.060036 0.028787 0.100000
v -0.051527 0.032009 0.100000
v -0.044271 0.037034 0.100000
v -0.038175 0.043580 0.100000
v -0.033146 0.051362 0.100000
v -0.029090 0.060100 0.100000
v -0.025914 0.069509 0.100000
v -0.023525 0.079308 0.100000
v -0.021829 0.089214 0.100000
v -0.020734 0.098943 0.100000
v -0.020145 0.108214 0.100000
v -0.019969 0.116743 0.100000
v -0.021756 0.127381 0.100000
v -0.026771 0.136364 0.100000
v -0.034502 0.143865 0.100000
v -0.044433 0.150054 0.100000
v -0.056049 0.155101 0.100000
v -0.068836 0.159178 0.100000
v -0.082279 0.162455 0.100000
v -0.095864 0.165102 0.100000
v -0.109075 0.167291 0.100000
v -0.121398 0.169191 0.100000
v -0.132318 0.170975 0.100000
v -0.141321 0.172811 0.100000
v -0.144435 0.173614 0.100000
v -0.147611 0.174500 0.100000
v -0.150814 0.175487 0.100000
v -0.154008 0.176594 0.100000
v -0.157160 0.177840 0.100000
v -0.160234 0.179243 0.100000
v -0.163197 0.180823 0.100000
v -0.166012 0.182597 0.100000
v -0.168647 0.184584 0.100000
v -0.171065 0.186803 0.100000
v -0.173233 0.189273 0.100000
v -0.175115 0.192012 0.100000
v -0.177762 0.196905 0.100000
v -0.179969 0.201965 0.100000
v -0.181776 0.207169 0.100000
v -0.183222 0.212494 0.100000
v -0.184349 0.217914 0.100000
v -0.185196 0.223406 0.100000
v -0.185803 0.228947 0.100000
v -0.186209 0.234511 0.100000
v -0.186456 0.240075 0.100000
v -0.186583 0.245616 0.100000
v -0.186629 0.251108 0.100000
v -0.186636 0.256528 0.100000
v -0.187751 0.270252 0.100000
v -0.190946 0.281956 0.100000
v -0.195997 0.291799 0.100000
v -0.202680 0.299937 0.100000
v -0.210771 0.306529 0.100000
v -0.220046 0.311732 0.100000
v -0.230281 0.315702 0.100000
v -0.241253 0.318598 0.100000
v -0.252736 0.320577 0.100000
v -0.264508 0.321795 0.100000
v -0.276343 0.322410 0.100000
v -0.288018 0.322581 0.100000
v -0.290736 0.322564 0.100000
v -0.293505 0.322510 0.100000
v -0.296311 0.322413 0.100000
v -0.299141 0.322268 0.100000
v -0.301982 0.322070 0.100000
v -0.304820 0.321813 0.100000
v -0.307641 0.321492 0.100000
v -0.310434 0.321101 0.100000
v -0.313184 0.320637 0.100000
v -0.315878 0.320092 0.100000
v -0.318503 0.319461 0.100000
v -0.321045 0.318740 0.100000
v -0.332476 0.312959 0.100000
v -0.340043 0.304812 0.100000
v -0.344554 0.294847 0.100000
v -0.346817 0.283609 0.100000
v -0.347640 0.271646 0.100000
v -0.347830 0.259505 0.100000
v -0.348197 0.247731 0.100000
v -0.349548 0.236872 0.100000
v -0.352691 0.227475 0.100000
v -0.358434 0.220085 0.100000
v -0.367585 0.215251 0.100000
v -0.380952 0.213518 0.100000
v -0.403196 0.214001 0.100000
v -0.425386 0.215338 0.100000
v -0.447533 0.217358 0.100000
v -0.469648 0.219890 0.100000
v -0.491742 0.222763 0.100000
v -0.513825 0.225806 0.100000
v -0.535908 0.228850 0.100000
v -0.558002 0.231723 0.100000
v -0.580117 0.234255 0.100000
v -0.602264 0.236275 0.100000
v -0.624454 0.237612 0.100000
v -0.646697 0.238095 0.100000
v -0.662487 0.237109 0.100000
v -0.676498 0.234234 0.100000
v -0.688808 0.229599 0.100000
v -0.699494 0.223332 0.100000
v -0.708633 0.215560 0.100000
v -0.716302 0.206413 0.100000
v -0.722579 0.196018 0.100000
v -0.727542 0.184502 0.100000
v -0.731267 0.171995 0.100000
v -0.733832 0.158624 0.100000
v -0.735314 0.144516 0.100000
v -0.735791 0.129800 0.100000
v -0.732920 0.114457 0.100000
v -0.724853 0.094865 0.100000
v -0.712414 0.072089 0.100000
v -0.696421 0.047192 0.100000
v -0.677698 0.021240 0.100000
v -0.657066 -0.004704 0.100000
v -0.635346 -0.029577 0.100000
v -0.613358 -0.052313 0.100000
v -0.591926 -0.071849 0.100000
v -0.571869 -0.087120 0.100000
v -0.554011 -0.097064 0.100000
v -0.539171 -0.100614 0.100000
v -0.531725 -0.099691 0.100000
v -0.523066 -0.097066 0.100000
v -0.513549 -0.092958 0.100000
v -0.503527 -0.087586 0.100000
v -0.493356 -0.081169 0.100000
v -0.483391 -0.073925 0.100000
v -0.473985 -0.066073 0.100000
v -0.465495 -0.057831 0.100000
v -0.458273 -0.049419 0.100000
v -0.452676 -0.041055 0.100000
v -0.449058 -0.032958 0.100000
v -0.447773 -0.025346 0.100000
v -0.449091 -0.015221 0.100000
v -0.452751 -0.005533 0.100000
v -0.458309 0.003792 0.100000
v -0.465324 0.012829 0.100000
v -0.473352 0.021653 0.100000
v -0.481951 0.030338 0.100000
v -0.490678 0.038959 0.100000
v -0.499090 0.047591 0.100000
v -0.506744 0.056308 0.100000
v -0.513199 0.065185 0.100000
v -0.518011 0.074296 0.100000
v -0.520737 0.083717 0.100000
v -0.516129 0.083717 0.100000
v -0.507815 0.083559 0.100000
v -0.497045 0.083088 0.100000
v -0.484339 0.082313 0.100000
v -0.470217 0.081243 0.100000
v -0.455198 0.079884 0.100000
v -0.439804 0.078245 0.100000
v -0.424554 0.076334 0.100000
v -0.409968 0.074159 0.100000
v -0.396565 0.071729 0.100000
v -0.384867 0.069050 0.100000
v -0.375393 0.066131 0.100000
v -0.368664 0.062980 0.100000
v -0.363017 0.058484 0.100000
v -0.358309 0.052807 0.100000
v -0.354455 0.046143 0.100000
v -0.351368 0.038687 0.100000
v -0.348965 0.030634 0.100000
v -0.347158 0.022177 0.100000
v -0.345864 0.013513 0.100000
v -0.344996 0.004836 0.100000
v -0.344470 -0.003660 0.100000
v -0.344200 -0.011780 0.100000
v -0.344100 -0.019330 0.100000
v -0.344086 -0.026114 0.100000
v -0.344119 -0.034385 0.100000
v -0.344221 -0.042684 0.100000
v -0.344398 -0.051003 0.100000
v -0.344655 -0.059339 0.100000
v -0.344997 -0.067685 0.100000
v -0.345430 -0.076037 0.100000
v -0.345959 -0.084389 0.100000
v -0.346589 -0.092735 0.100000
v -0.347326 -0.101070 0.100000
v -0.348175 -0.109390 0.100000
v -0.349141 -0.117688 0.100000
v -0.350230 -0.125960 0.100000
v -0.350230 -0.125192 0.100000
v 0.667019 0.209617 0.100000
v 0.665774 0.219179 0.100000
v 0.663703 0.229551 0.100000
v 0.660807 0.240371 0.100000
v 0.657090 0.251277 0.100000
v 0.652554 0.261905 0.100000
v 0.647202 0.271893 0.100000
v 0.641037 0.280878 0.100000
v 0.634061 0.288498 0.100000
v 0.626277 0.294390 0.100000
v 0.617687 0.298192 0.100000
v 0.608295 0.299539 0.100000
v 0.595593 0.299386 0.100000
v 0.577854 0.298824 0.100000
v 0.556248 0.297703 0.100000
v 0.531945 0.295870 0.100000
v 0.506117 0.293172 0.100000
v 0.479935 0.289459 0.100000
v 0.454568 0.284577 0.100000
v 0.431189 0.278375 0.100000
v 0.410966 0.270701 0.100000
v 0.395073 0.261403 0.100000
v 0.384678 0.250329 0.100000
v 0.380952 0.237327 0.100000
v 0.381173 0.228768 0.100000
v 0.381888 0.219413 0.100000
v 0.383173 0.209557 0.100000
v 0.385106 0.199494 0.100000
v 0.387764 0.189515 0.100000
v 0.391225 0.179916 0.100000
v 0.395566 0.170988 0.100000
v 0.400865 0.163026 0.100000
v 0.407198 0.156322 0.100000
v 0.414643 0.151171 0.100000
v 0.423278 0.147865 0.100000
v 0.433180 0.146697 0.100000
v 0.444404 0.147198 0.100000
v 0.461466 0.148657 0.100000
v 0.483067 0.151006 0.100000
v 0.507908 0.154179 0.100000
v 0.534691 0.158109 0.100000
v 0.562116 0.162730 0.100000
v 0.588885 0.167976 0.100000
v 0.613700 0.173778 0.100000
v 0.635261 0.180072 0.100000
v 0.652269 0.186789 0.100000
v 0.663427 0.193864 0.100000
v 0.667435 0.201229 0.100000
v 0.657869 -0.173598 0.100000
v 0.651263 -0.171360 0.100000
v 0.643313 -0.169187 0.100000
v 0.634323 -0.167093 0.100000
v 0.624597 -0.165096 0.100000
v 0.614439 -0.163210 0.100000
v 0.604153 -0.161453 0.100000
v 0.594043 -0.159840 0.100000
v 0.584414 -0.158386 0.100000
v 0.575568 -0.157109 0.100000
v 0.567810 -0.156023 0.100000
v 0.561444 -0.155146 0.100000
v 0.541502 -0.152007 0.100000
v 0.521982 -0.148657 0.100000
v 0.502856 -0.144981 0.100000
v 0.484099 -0.140866 0.100000
v 0.465682 -0.136196 0.100000
v 0.447581 -0.130856 0.100000
v 0.429767 -0.124733 0.100000
v 0.412215 -0.117711 0.100000
v 0.394897 -0.109675 0.100000
v 0.377788 -0.100511 0.100000
v 0.360860 -0.090105 0.100000
v 0.344086 -0.078341 0.100000
v 0.328834 -0.066223 0.100000
v 0.314559 -0.053660 0.100000
v 0.301243 -0.040623 0.100000
v 0.288872 -0.027081 0.100000
v 0.277429 -0.013006 0.100000
v 0.266897 0.001632 0.100000
v 0.257262 0.016862 0.100000
v 0.248507 0.032713 0.100000
v 0.240615 0.049215 0.100000
v 0.233572 0.066397 0.100000
v 0.227361 0.084289 0.100000
v 0.221966 0.102919 0.100000
v 0.221020 0.106420 0.100000
v 0.220092 0.109998 0.100000
v 0.219170 0.113635 0.100000
v 0.218240 0.117312 0.100000
v 0.217288 0.121011 0.100000
v 0.216302 0.124712 0.100000
v 0.215268 0.128397 0.100000
v 0.214172 0.132048 0.100000
v 0.213002 0.135645 0.100000
v 0.211743 0.139170 0.100000
v 0.210384 0.142604 0.100000
v 0.208909 0.145929 0.100000
v 0.206431 0.151036 0.100000
v 0.203611 0.155615 0.100000
v 0.200461 0.159682 0.100000
v 0.196990 0.163253 0.100000
v 0.193211 0.166344 0.100000
v 0.189132 0.168971 0.100000
v 0.184766 0.171150 0.100000
v 0.180122 0.172896 0.100000
v 0.175211 0.174227 0.100000
v 0.170045 0.175158 0.100000
v 0.164633 0.175705 0.100000
v 0.158986 0.175883 0.100000
v 0.148496 0.175657 0.100000
v 0.137211 0.174902 0.100000
v 0.125456 0.173507 0.100000
v 0.113558 0.171360 0.100000
v 0.101840 0.168349 0.100000
v 0.090630 0.164363 0.100000
v 0.080251 0.159288 0.100000
v 0.071030 0.153012 0.100000
v 0.063292 0.145425 0.100000
v 0.057362 0.136414 0.100000
v 0.053565 0.125867 0.100000
v 0.052227 0.113671 0.100000
v 0.052476 0.106761 0.100000
v 0.053191 0.099861 0.100000
v 0.054328 0.092982 0.100000
v 0.055840 0.086135 0.100000
v 0.057683 0.079331 0.100000
v 0.059812 0.072581 0.100000
v 0.062181 0.065894 0.100000
v 0.064744 0.059282 0.100000
v 0.067456 0.052755 0.100000
v 0.070273 0.046325 0.100000
v 0.073148 0.040001 0.100000
v 0.076037 0.033794 0.100000
v 0.099321 -0.011998 0.100000
v 0.123994 -0.053870 0.100000
v 0.150262 -0.091998 0.100000
v 0.178330 -0.126557 0.100000
v 0.208403 -0.157725 0.100000
v 0.240687 -0.185676 0.100000
v 0.275388 -0.210587 0.100000
v 0.312710 -0.232634 0.100000
v 0.352859 -0.251992 0.100000
v 0.396040 -0.268839 0.100000
v 0.442458 -0.283349 0.100000
v 0.492320 -0.295699 0.100000
v 0.499424 -0.297201 0.100000
v 0.506532 -0.298629 0.100000
v 0.513645 -0.299971 0.100000
v 0.520766 -0.301217 0.100000
v 0.527897 -0.302357 0.100000
v 0.535042 -0.303379 0.100000
v 0.542203 -0.304274 0.100000
v 0.549383 -0.305029 0.100000
v 0.556584 -0.305636 0.100000
v 0.563809 -0.306082 0.100000
v 0.571060 -0.306357 0.100000
v 0.578341 -0.306452 0.100000
v 0.592976 -0.305391 0.100000
v 0.606521 -0.302320 0.100000
v 0.618940 -0.297403 0.100000
v 0.630199 -0.290806 0.100000
v 0.640263 -0.282695 0.100000
v 0.649098 -0.273233 0.100000
v 0.656668 -0.262588 0.100000
v 0.662940 -0.250924 0.100000
v 0.667879 -0.238407 0.100000
v 0.671449 -0.225202 0.100000
v 0.673617 -0.211474 0.100000
v 0.674347 -0.197389 0.100000
v 0.674282 -0.195117 0.100000
v 0.674081 -0.192915 0.100000
v 0.673735 -0.190788 0.100000
v 0.673238 -0.188741 0.100000
v 0.672581 -0.186779 0.100000
v 0.671755 -0.184908 0.100000
v 0.670754 -0.183133 0.100000
v 0.669568 -0.181459 0.100000
v 0.668191 -0.179892 0.100000
v 0.666613 -0.178436 0.100000
v 0.664828 -0.177098 0.100000
v 0.662827 -0.175883 0.100000
v 0.425793 0.043494 0.100000
v 0.426698 0.035103 0.100000
v 0.428248 0.026498 0.100000
v 0.430477 0.017893 0.100000
v 0.433422 0.009501 0.100000
v 0.437116 0.001536 0.100000
v 0.441594 -0.005789 0.100000
v 0.446891 -0.012260 0.100000
v 0.453041 -0.017665 0.100000
v 0.460079 -0.021790 0.100000
v 0.468040 -0.024421 0.100000
v 0.476959 -0.025346 0.100000
v 0.484654 -0.025266 0.100000
v 0.492373 -0.025029 0.100000
v 0.500108 -0.024638 0.100000
v 0.507851 -0.024094 0.100000
v 0.515594 -0.023401 0.100000
v 0.523330 -0.022561 0.100000
v 0.531049 -0.021578 0.100000
v 0.538744 -0.020453 0.100000
v 0.546407 -0.019189 0.100000
v 0.554030 -0.017790 0.100000
v 0.561605 -0.016257 0.100000
v 0.569125 -0.014593 0.100000
v 0.576629 -0.012881 0.100000
v 0.584162 -0.011201 0.100000
v 0.591722 -0.009553 0.100000
v 0.599306 -0.007936 0.100000
v 0.606911 -0.006352 0.100000
v 0.614535 -0.004800 0.100000
v 0.622175 -0.003280 0.100000
v 0.629829 -0.001792 0.100000
v 0.637493 -0.000336 0.100000
v 0.645165 0.001088 0.100000
v 0.652842 0.002480 0.100000
v 0.660522 0.003840 0.100000
v 0.663563 0.004419 0.100000
v 0.666546 0.005010 0.100000
v 0.669475 0.005628 0.100000
v 0.672356 0.006287 0.100000
v 0.675194 0.006998 0.100000
v 0.677996 0.007777 0.100000
v 0.680765 0.008635 0.100000
v 0.683507 0.009586 0.100000
v 0.686228 0.010645 0.100000
v 0.688933 0.011823 0.100000
v 0.691627 0.013135 0.100000
v 0.694317 0.014593 0.100000
v 0.697230 0.016355 0.100000
v 0.699835 0.018195 0.100000
v 0.702141 0.020125 0.100000
v 0.704159 0.022160 0.100000
v 0.705899 0.024311 0.100000
v 0.707373 0.026594 0.100000
v 0.708591 0.029020 0.100000
v 0.709564 0.031604 0.100000
v 0.710302 0.034358 0.100000
v 0.710815 0.037297 0.100000
v 0.711116 0.040432 0.100000
v 0.711214 0.043779 0.100000
v 0.710890 0.051865 0.100000
v 0.709901 0.060591 0.100000
v 0.708225 0.069700 0.100000
v 0.705837 0.078938 0.100000
v 0.702713 0.088048 0.100000
v 0.698829 0.096774 0.100000
v 0.694161 0.104860 0.100000
v 0.688684 0.112050 0.100000
v 0.682376 0.118088 0.100000
v 0.675211 0.122717 0.100000
v 0.667167 0.125683 0.100000
v 0.658218 0.126728 0.100000
v 0.644281 0.126435 0.100000
v 0.625512 0.125473 0.100000
v 0.603063 0.123716 0.100000
v 0.578085 0.121039 0.100000
v 0.551731 0.117316 0.100000
v 0.525154 0.112423 0.100000
v 0.499504 0.106234 0.100000
v 0.475935 0.098623 0.100000
v 0.455597 0.089466 0.100000
v 0.439644 0.078636 0.100000
v 0.429228 0.066009 0.100000
v 0.425499 0.051459 0.100000
v 0.004591 0.239472 0.100000
v 0.006713 0.234390 0.100000
v 0.010009 0.229767 0.100000
v 0.014280 0.225607 0.100000
v 0.019330 0.221917 0.100000
v 0.024962 0.218702 0.100000
v 0.030977 0.215967 0.100000
v 0.037179 0.213717 0.100000
v 0.043371 0.211958 0.100000
v 0.049354 0.210694 0.100000
v 0.054932 0.209933 0.100000
v 0.059908 0.209677 0.100000
v 0.065453 0.211184 0.100000
v 0.072264 0.215395 0.100000
v 0.080009 0.221846 0.100000
v 0.088354 0.230073 0.100000
v 0.096966 0.239613 0.100000
v 0.105511 0.250000 0.100000
v 0.113656 0.260771 0.100000
v 0.121067 0.271463 0.100000
v 0.127412 0.281610 0.100000
v 0.132357 0.290749 0.100000
v 0.135568 0.298416 0.100000
v 0.136713 0.304147 0.100000
v 0.136066 0.309905 0.100000
v 0.134227 0.315259 0.100000
v 0.131349 0.320192 0.100000
v 0.127582 0.324686 0.100000
v 0.123079 0.328720 0.100000
v 0.117992 0.332277 0.100000
v 0.112473 0.335338 0.100000
v 0.106674 0.337885 0.100000
v 0.100747 0.339898 0.100000
v 0.094843 0.341359 0.100000
v 0.089116 0.342249 0.100000
v 0.083717 0.342550 0.100000
v 0.078596 0.340895 0.100000
v 0.071934 0.336285 0.100000
v 0.064108 0.329253 0.100000
v 0.055499 0.320333 0.100000
v 0.046484 0.310059 0.100000
v 0.037442 0.298963 0.100000
v 0.028753 0.287579 0.100000
v 0.020794 0.276441 0.100000
v 0.013945 0.266081 0.100000
v 0.008584 0.257033 0.100000
v 0.005089 0.249831 0.100000
v 0.003840 0.245008 0.100000
v 0.194837 0.336493 0.100000
v 0.187728 0.332434 0.100000
v 0.180144 0.326193 0.100000
v 0.172328 0.318200 0.100000
v 0.164522 0.308884 0.100000
v 0.156970 0.298675 0.100000
v 0.149914 0.288002 0.100000
v 0.143597 0.277294 0.100000
v 0.138261 0.266981 0.100000
v 0.134149 0.257492 0.100000
v 0.131504 0.249256 0.100000
v 0.130568 0.242704 0.100000
v 0.131335 0.237108 0.100000
v 0.133502 0.231858 0.100000
v 0.136869 0.226983 0.100000
v 0.141236 0.222507 0.100000
v 0.146403 0.218458 0.100000
v 0.152170 0.214862 0.100000
v 0.158337 0.211746 0.100000
v 0.164704 0.209137 0.100000
v 0.171071 0.207061 0.100000
v 0.177238 0.205546 0.100000
v 0.183005 0.204617 0.100000
v 0.188172 0.204301 0.100000
v 0.192890 0.205867 0.100000
v 0.198779 0.210239 0.100000
v 0.205537 0.216926 0.100000
v 0.212863 0.225437 0.100000
v 0.220456 0.235281 0.100000
v 0.228015 0.245968 0.100000
v 0.235237 0.257007 0.100000
v 0.241822 0.267907 0.100000
v 0.247468 0.278178 0.100000
v 0.251874 0.287329 0.100000
v 0.254739 0.294869 0.100000
v 0.255760 0.300307 0.100000
v 0.255054 0.305727 0.100000
v 0.253054 0.310829 0.100000
v 0.249940 0.315584 0.100000
v 0.245890 0.319964 0.100000
v 0.241082 0.323938 0.100000
v 0.235695 0.327477 0.100000
v 0.229909 0.330552 0.100000
v 0.223901 0.333134 0.100000
v 0.217850 0.335193 0.100000
v 0.211935 0.336701 0.100000
v 0.206336 0.337626 0.100000
v 0.201229 0.337942 0.100000
v 1.028787 0.073748 0.100000
v 1.025289 0.073790 0.100000
v 1.021770 0.073853 0.100000
v 1.018234 0.073932 0.100000
v 1.014688 0.074022 0.100000
v 1.011137 0.074117 0.100000
v 1.007585 0.074212 0.100000
v 1.004039 0.074302 0.100000
v 1.000504 0.074381 0.100000
v 0.996985 0.074444 0.100000
v 0.993487 0.074486 0.100000
v 0.990015 0.074501 0.100000
v 0.982704 0.074453 0.100000
v 0.975366 0.074309 0.100000
v 0.968006 0.074069 0.100000
v 0.960630 0.073733 0.100000
v 0.953244 0.073301 0.100000
v 0.945853 0.072773 0.100000
v 0.938461 0.072149 0.100000
v 0.931075 0.071429 0.100000
v 0.923699 0.070613 0.100000
v 0.916340 0.069700 0.100000
v 0.909001 0.068692 0.100000
v 0.901690 0.067588 0.100000
v 0.892046 0.066009 0.100000
v 0.882080 0.063915 0.100000
v 0.872012 0.061240 0.100000
v 0.862064 0.057917 0.100000
v 0.852458 0.053879 0.100000
v 0.843414 0.049059 0.100000
v 0.835154 0.043392 0.100000
v 0.827900 0.036809 0.100000
v 0.821873 0.029246 0.100000
v 0.817293 0.020634 0.100000
v 0.814383 0.010908 0.100000
v 0.813364 0.000000 0.100000
v 0.816325 -0.017146 0.100000
v 0.824636 -0.031501 0.100000
v 0.837438 -0.043311 0.100000
v 0.853872 -0.052825 0.100000
v 0.873079 -0.060291 0.100000
v 0.894201 -0.065956 0.100000
v 0.916380 -0.070070 0.100000
v 0.938755 -0.072879 0.100000
v 0.960470 -0.074633 0.100000
v 0.980664 -0.075578 0.100000
v 0.998479 -0.075964 0.100000
v 1.013057 -0.076037 0.100000
v 1.018640 -0.076007 0.100000
v 1.024251 -0.075923 0.100000
v 1.029882 -0.075797 0.100000
v 1.035529 -0.075639 0.100000
v 1.041188 -0.075459 0.100000
v 1.046851 -0.075269 0.100000
v 1.052515 -0.075079 0.100000
v 1.058173 -0.074899 0.100000
v 1.063820 -0.074741 0.100000
v 1.069452 -0.074615 0.100000
v 1.075062 -0.074531 0.100000
v 1.080645 -0.074501 0.100000
v 1.264209 -0.074501 0.100000
v 1.279608 -0.074575 0.100000
v 1.299013 -0.074583 0.100000
v 1.321404 -0.074201 0.100000
v 1.345764 -0.073107 0.100000
v 1.371073 -0.070978 0.100000
v 1.396313 -0.067492 0.100000
v 1.420465 -0.062326 0.100000
v 1.442510 -0.055157 0.100000
v 1.461429 -0.045663 0.100000
v 1.476205 -0.033520 0.100000
v 1.485817 -0.018407 0.100000
v 1.489247 0.000000 0.100000
v 1.486649 0.016632 0.100000
v 1.479344 0.030587 0.100000
v 1.468066 0.042099 0.100000
v 1.453547 0.051402 0.100000
v 1.436522 0.058733 0.100000
v 1.417723 0.064324 0.100000
v 1.397884 0.068411 0.100000
v 1.377738 0.071229 0.100000
v 1.358019 0.073013 0.100000
v 1.339460 0.073996 0.100000
v 1.322795 0.074414 0.100000
v 1.308756 0.074501 0.100000
v 1.305300 0.074486 0.100000
v 1.301844 0.074444 0.100000
v 1.298387 0.074381 0.100000
v 1.294931 0.074302 0.100000
v 1.291475 0.074212 0.100000
v 1.288019 0.074117 0.100000
v 1.284562 0.074022 0.100000
v 1.281106 0.073932 0.100000
v 1.277650 0.073853 0.100000
v 1.274194 0.073790 0.100000
v 1.270737 0.073748 0.100000
v 1.267281 0.073733 0.100000
v 1.032258 0.073733 0.100000
v 1.730333 0.100578 0.100000
v 1.717027 0.100383 0.100000
v 1.701817 0.099906 0.100000
v 1.685270 0.099021 0.100000
v 1.667956 0.097603 0.100000
v 1.650442 0.095526 0.100000
v 1.633295 0.092665 0.100000
v 1.617085 0.088895 0.100000
v 1.602378 0.084089 0.100000
v 1.589744 0.078124 0.100000
v 1.579750 0.070873 0.100000
v 1.572965 0.062212 0.100000
v 1.571200 0.058623 0.100000
v 1.569729 0.055136 0.100000
v 1.568524 0.051723 0.100000
v 1.567560 0.048359 0.100000
v 1.566809 0.045015 0.100000
v 1.566244 0.041667 0.100000
v 1.565840 0.038286 0.100000
v 1.565569 0.034847 0.100000
v 1.565404 0.031322 0.100000
v 1.565320 0.027685 0.100000
v 1.565289 0.023910 0.100000
v 1.565284 0.019969 0.100000
v 1.565320 0.016693 0.100000
v 1.565444 0.013405 0.100000
v 1.565680 0.010129 0.100000
v 1.566052 0.006884 0.100000
v 1.566584 0.003693 0.100000
v 1.567300 0.000576 0.100000
v 1.568224 -0.002445 0.100000
v 1.569381 -0.005348 0.100000
v 1.570793 -0.008113 0.100000
v 1.572485 -0.010717 0.100000
v 1.574481 -0.013140 0.100000
v 1.576805 -0.015361 0.100000
v 1.581926 -0.019228 0.100000
v 1.587625 -0.022423 0.100000
v 1.593810 -0.025010 0.100000
v 1.600387 -0.027052 0.100000
v 1.607262 -0.028615 0.100000
v 1.614343 -0.029762 0.100000
v 1.621536 -0.030557 0.100000
v 1.628748 -0.031063 0.100000
v 1.635885 -0.031346 0.100000
v 1.642854 -0.031469 0.100000
v 1.649561 -0.031495 0.100000
v 1.655914 -0.031490 0.100000
v 1.664971 -0.031508 0.100000
v 1.674731 -0.031636 0.100000
v 1.685004 -0.031982 0.100000
v 1.695596 -0.032656 0.100000
v 1.706317 -0.033768 0.100000
v 1.716974 -0.035426 0.100000
v 1.727375 -0.037741 0.100000
v 1.737327 -0.040820 0.100000
v 1.746640 -0.044775 0.100000
v 1.755120 -0.049713 0.100000
v 1.762577 -0.055745 0.100000
v 1.768817 -0.062980 0.100000
v 1.768049 -0.062980 0.100000
v 1.772999 -0.071442 0.100000
v 1.777884 -0.079920 0.100000
v 1.782738 -0.088398 0.100000
v 1.787592 -0.096860 0.100000
v 1.792477 -0.105289 0.100000
v 1.797427 -0.113671 0.100000
v 1.802473 -0.121989 0.100000
v 1.807646 -0.130227 0.100000
v 1.812980 -0.138369 0.100000
v 1.818506 -0.146399 0.100000
v 1.824255 -0.154301 0.100000
v 1.830261 -0.162058 0.100000
v 1.841900 -0.176234 0.100000
v 1.855852 -0.192254 0.100000
v 1.871772 -0.209533 0.100000
v 1.889315 -0.227485 0.100000
v 1.908139 -0.245522 0.100000
v 1.927899 -0.263057 0.100000
v 1.948251 -0.279504 0.100000
v 1.968851 -0.294277 0.100000
v 1.989355 -0.306788 0.100000
v 2.009419 -0.316450 0.100000
v 2.028699 -0.322678 0.100000
v 2.046851 -0.324885 0.100000
v 2.058879 -0.323604 0.100000
v 2.071009 -0.319949 0.100000
v 2.083021 -0.314204 0.100000
v 2.094698 -0.306651 0.100000
v 2.105819 -0.297572 0.100000
v 2.116168 -0.287250 0.100000
v 2.125524 -0.275969 0.100000
v 2.133669 -0.264010 0.100000
v 2.140385 -0.251656 0.100000
v 2.145453 -0.239190 0.100000
v 2.148654 -0.226895 0.100000
v 2.149770 -0.215054 0.100000
v 2.146505 -0.204521 0.100000
v 2.137480 -0.195241 0.100000
v 2.123848 -0.186708 0.100000
v 2.106759 -0.178415 0.100000
v 2.087365 -0.169855 0.100000
v 2.066820 -0.160522 0.100000
v 2.046275 -0.149909 0.100000
v 2.026882 -0.137509 0.100000
v 2.009793 -0.122816 0.100000
v 1.996160 -0.105322 0.100000
v 1.987135 -0.084522 0.100000
v 1.983871 -0.059908 0.100000
v 1.985439 -0.053409 0.100000
v 1.989823 -0.048049 0.100000
v 1.996544 -0.043719 0.100000
v 2.005120 -0.040308 0.100000
v 2.015073 -0.037709 0.100000
v 2.025922 -0.035810 0.100000
v 2.037186 -0.034504 0.100000
v 2.048387 -0.033680 0.100000
v 2.059044 -0.033230 0.100000
v 2.068676 -0.033044 0.100000
v 2.076805 -0.033012 0.100000
v 2.082949 -0.033026 0.100000
v 2.091221 -0.033056 0.100000
v 2.099519 -0.033140 0.100000
v 2.107839 -0.033266 0.100000
v 2.116175 -0.033424 0.100000
v 2.124521 -0.033604 0.100000
v 2.132873 -0.033794 0.100000
v 2.141224 -0.033984 0.100000
v 2.149570 -0.034164 0.100000
v 2.157906 -0.034322 0.100000
v 2.166226 -0.034448 0.100000
v 2.174524 -0.034532 0.100000
v 2.182796 -0.034562 0.100000
v 2.189321 -0.034508 0.100000
v 2.195831 -0.034320 0.100000
v 2.202309 -0.033962 0.100000
v 2.208738 -0.033396 0.100000
v 2.215104 -0.032584 0.100000
v 2.221390 -0.031490 0.100000
v 2.227580 -0.030076 0.100000
v 2.233657 -0.028304 0.100000
v 2.239607 -0.026138 0.100000
v 2.245413 -0.023539 0.100000
v 2.251059 -0.020472 0.100000
v 2.256528 -0.016897 0.100000
v 2.260072 -0.014100 0.100000
v 2.263057 -0.011094 0.100000
v 2.265529 -0.007896 0.100000
v 2.267537 -0.004523 0.100000
v 2.269129 -0.000989 0.100000
v 2.270353 0.002688 0.100000
v 2.271257 0.006494 0.100000
v 2.271889 0.010411 0.100000
v 2.272297 0.014425 0.100000
v 2.272529 0.018519 0.100000
v 2.272633 0.022676 0.100000
v 2.272657 0.026882 0.100000
v 2.272620 0.030897 0.100000
v 2.272490 0.034872 0.100000
v 2.272237 0.038798 0.100000
v 2.271832 0.042669 0.100000
v 2.271246 0.046476 0.100000
v 2.270449 0.050211 0.100000
v 2.269412 0.053866 0.100000
v 2.268106 0.057433 0.100000
v 2.266501 0.060904 0.100000
v 2.264568 0.064271 0.100000
v 2.262278 0.067526 0.100000
v 2.259601 0.070661 0.100000
v 2.250751 0.077220 0.100000
v 2.237768 0.082747 0.100000
v 2.221414 0.087330 0.100000
v 2.202452 0.091056 0.100000
v 2.181644 0.094015 0.100000
v 2.159754 0.096294 0.100000
v 2.137544 0.097981 0.100000
v 2.115776 0.099164 0.100000
v 2.095214 0.099930 0.100000
v 2.076620 0.100369 0.100000
v 2.060757 0.100568 0.100000
v 2.048387 0.100614 0.100000
v 1.741167 0.100614 0.100000
v 1.859222 0.301755 0.100000
v 1.845935 0.301456 0.100000
v 1.830237 0.300895 0.100000
v 1.812795 0.300023 0.100000
v 1.794276 0.298788 0.100000
v 1.775346 0.297139 0.100000
v 1.756671 0.295026 0.100000
v 1.738920 0.292399 0.100000
v 1.722758 0.289206 0.100000
v 1.708852 0.285398 0.100000
v 1.697870 0.280922 0.100000
v 1.690476 0.275730 0.100000
v 1.686211 0.270880 0.100000
v 1.682596 0.265930 0.100000
v 1.679579 0.260873 0.100000
v 1.677106 0.255703 0.100000
v 1.675124 0.250417 0.100000
v 1.673579 0.245008 0.100000
v 1.672418 0.239470 0.100000
v 1.671588 0.233800 0.100000
v 1.671035 0.227991 0.100000
v 1.670706 0.222037 0.100000
v 1.670548 0.215935 0.100000
v 1.670507 0.209677 0.100000
v 1.671522 0.200588 0.100000
v 1.674400 0.192834 0.100000
v 1.678895 0.186312 0.100000
v 1.684758 0.180918 0.100000
v 1.691742 0.176549 0.100000
v 1.699597 0.173099 0.100000
v 1.708076 0.170466 0.100000
v 1.716931 0.168544 0.100000
v 1.725914 0.167231 0.100000
v 1.734778 0.166421 0.100000
v 1.743273 0.166012 0.100000
v 1.751152 0.165899 0.100000
v 2.079877 0.165899 0.100000
v 2.088583 0.165956 0.100000
v 2.098001 0.166226 0.100000
v 2.107851 0.166859 0.100000
v 2.117853 0.168004 0.100000
v 2.127727 0.169810 0.100000
v 2.137192 0.172427 0.100000
v 2.145970 0.176004 0.100000
v 2.153780 0.180691 0.100000
v 2.160342 0.186636 0.100000
v 2.165376 0.193989 0.100000
v 2.168601 0.202900 0.100000
v 2.169739 0.213518 0.100000
v 2.169719 0.217771 0.100000
v 2.169643 0.222073 0.100000
v 2.169487 0.226406 0.100000
v 2.169227 0.230756 0.100000
v 2.168839 0.235106 0.100000
v 2.168299 0.239439 0.100000
v 2.167583 0.243741 0.100000
v 2.166667 0.247995 0.100000
v 2.165527 0.252184 0.100000
v 2.164139 0.256294 0.100000
v 2.162478 0.260307 0.100000
v 2.160522 0.264209 0.100000
v 2.153611 0.272210 0.100000
v 2.142932 0.278997 0.100000
v 2.129165 0.284670 0.100000
v 2.112989 0.289327 0.100000
v 2.095085 0.293066 0.100000
v 2.076133 0.295987 0.100000
v 2.056813 0.298187 0.100000
v 2.037805 0.299767 0.100000
v 2.019789 0.300823 0.100000
v 2.003446 0.301456 0.100000
v 1.989454 0.301763 0.100000
v 1.978495 0.301843 0.100000
v 1.869432 0.301843 0.100000
v 2.621292 0.293344 0.100000
v 2.606599 0.293114 0.100000
v 2.589489 0.292591 0.100000
v 2.570660 0.291660 0.100000
v 2.550807 0.290206 0.100000
v 2.530626 0.288114 0.100000
v 2.510813 0.285271 0.100000
v 2.492063 0.281561 0.100000
v 2.475074 0.276870 0.100000
v 2.460541 0.271082 0.100000
v 2.449161 0.264084 0.100000
v 2.441628 0.255760 0.100000
v 2.439389 0.251334 0.100000
v 2.437290 0.246206 0.100000
v 2.435339 0.240507 0.100000
v 2.433549 0.234369 0.100000
v 2.431930 0.227921 0.100000
v 2.430491 0.221294 0.100000
v 2.429245 0.214620 0.100000
v 2.428201 0.208028 0.100000
v 2.427371 0.201649 0.100000
v 2.426765 0.195614 0.100000
v 2.426394 0.190054 0.100000
v 2.426267 0.185100 0.100000
v 2.428156 0.163129 0.100000
v 2.433379 0.142139 0.100000
v 2.441268 0.122120 0.100000
v 2.451158 0.103061 0.100000
v 2.462381 0.084951 0.100000
v 2.474270 0.067780 0.100000
v 2.486160 0.051538 0.100000
v 2.497383 0.036212 0.100000
v 2.507272 0.021793 0.100000
v 2.515162 0.008271 0.100000
v 2.520385 -0.004366 0.100000
v 2.522274 -0.016129 0.100000
v 2.519508 -0.034113 0.100000
v 2.511862 -0.051580 0.100000
v 2.500312 -0.068524 0.100000
v 2.485834 -0.084941 0.100000
v 2.469404 -0.100823 0.100000
v 2.451997 -0.116167 0.100000
v 2.434591 -0.130967 0.100000
v 2.418160 -0.145218 0.100000
v 2.403682 -0.158914 0.100000
v 2.392132 -0.172050 0.100000
v 2.384486 -0.184621 0.100000
v 2.381721 -0.196621 0.100000
v 2.383066 -0.204137 0.100000
v 2.386852 -0.212650 0.100000
v 2.392701 -0.221846 0.100000
v 2.400239 -0.231410 0.100000
v 2.409089 -0.241028 0.100000
v 2.418875 -0.250384 0.100000
v 2.429221 -0.259164 0.100000
v 2.439751 -0.267054 0.100000
v 2.450089 -0.273738 0.100000
v 2.459859 -0.278901 0.100000
v 2.468685 -0.282230 0.100000
v 2.476191 -0.283410 0.100000
v 2.488221 -0.281007 0.100000
v 2.501195 -0.274364 0.100000
v 2.515001 -0.264329 0.100000
v 2.529527 -0.251749 0.100000
v 2.544662 -0.237474 0.100000
v 2.560292 -0.222350 0.100000
v 2.576306 -0.207227 0.100000
v 2.592593 -0.192951 0.100000
v 2.609039 -0.180372 0.100000
v 2.625533 -0.170336 0.100000
v 2.641964 -0.163693 0.100000
v 2.658218 -0.161290 0.100000
v 2.673604 -0.163723 0.100000
v 2.691440 -0.170450 0.100000
v 2.711298 -0.180612 0.100000
v 2.732748 -0.193349 0.100000
v 2.755360 -0.207804 0.100000
v 2.778706 -0.223118 0.100000
v 2.802356 -0.238432 0.100000
v 2.825881 -0.252887 0.100000
v 2.848850 -0.265625 0.100000
v 2.870836 -0.275787 0.100000
v 2.891409 -0.282513 0.100000
v 2.910138 -0.284946 0.100000
v 2.917856 -0.283962 0.100000
v 2.926246 -0.281170 0.100000
v 2.935052 -0.276810 0.100000
v 2.944018 -0.271121 0.100000
v 2.952888 -0.264345 0.100000
v 2.961406 -0.256720 0.100000
v 2.969315 -0.248488 0.100000
v 2.976361 -0.239887 0.100000
v 2.982287 -0.231159 0.100000
v 2.986836 -0.222542 0.100000
v 2.989754 -0.214278 0.100000
v 2.990783 -0.206605 0.100000
v 2.989884 -0.202144 0.100000
v 2.987363 -0.197286 0.100000
v 2.983487 -0.192144 0.100000
v 2.978523 -0.186835 0.100000
v 2.972738 -0.181473 0.100000
v 2.966398 -0.176171 0.100000
v 2.959770 -0.171046 0.100000
v 2.953121 -0.166212 0.100000
v 2.946717 -0.161782 0.100000
v 2.940825 -0.157873 0.100000
v 2.935712 -0.154599 0.100000
v 2.931644 -0.152074 0.100000
v 2.931644 -0.152842 0.100000
v 2.914698 -0.141584 0.100000
v 2.891698 -0.125313 0.100000
v 2.864079 -0.104935 0.100000
v 2.833276 -0.081356 0.100000
v 2.800724 -0.055484 0.100000
v 2.767857 -0.028226 0.100000
v 2.736110 -0.000487 0.100000
v 2.706918 0.026825 0.100000
v 2.681716 0.052803 0.100000
v 2.661937 0.076542 0.100000
v 2.649019 0.097133 0.100000
v 2.644393 0.113671 0.100000
v 2.646375 0.123553 0.100000
v 2.651925 0.131792 0.100000
v 2.660450 0.138537 0.100000
v 2.671360 0.143938 0.100000
v 2.684063 0.148145 0.100000
v 2.697965 0.151306 0.100000
v 2.712475 0.153571 0.100000
v 2.727001 0.155089 0.100000
v 2.740952 0.156010 0.100000
v 2.753734 0.156483 0.100000
v 2.764756 0.156657 0.100000
v 2.773426 0.156682 0.100000
v 2.780899 0.156622 0.100000
v 2.788346 0.156454 0.100000
v 2.795771 0.156202 0.100000
v 2.803180 0.155886 0.100000
v 2.810579 0.155526 0.100000
v 2.817972 0.155146 0.100000
v 2.825366 0.154765 0.100000
v 2.832764 0.154406 0.100000
v 2.840174 0.154090 0.100000
v 2.847599 0.153837 0.100000
v 2.855046 0.153670 0.100000
v 2.862519 0.153610 0.100000
v 2.870943 0.153725 0.100000
v 2.879921 0.154150 0.100000
v 2.889209 0.155002 0.100000
v 2.898561 0.156398 0.100000
v 2.907731 0.158455 0.100000
v 2.916475 0.161290 0.100000
v 2.924546 0.165022 0.100000
v 2.931701 0.169767 0.100000
v 2.937692 0.175643 0.100000
v 2.942276 0.182767 0.100000
v 2.945205 0.191257 0.100000
v 2.946237 0.201229 0.100000
v 2.946150 0.207237 0.100000
v 2.945863 0.213326 0.100000
v 2.945337 0.219446 0.100000
v 2.944530 0.225550 0.100000
v 2.943403 0.231591 0.100000
v 2.941916 0.237519 0.100000
v 2.940030 0.243288 0.100000
v 2.937703 0.248848 0.100000
v 2.934896 0.254152 0.100000
v 2.931569 0.259153 0.100000
v 2.927682 0.263801 0.100000
v 2.923195 0.268049 0.100000
v 2.915216 0.272904 0.100000
v 2.903976 0.277127 0.100000
v 2.890085 0.280758 0.100000
v 2.874154 0.283837 0.100000
v 2.856793 0.286404 0.100000
v 2.838614 0.288498 0.100000
v 2.820226 0.290161 0.100000
v 2.802242 0.291432 0.100000
v 2.785270 0.292351 0.100000
v 2.769923 0.292957 0.100000
v 2.756811 0.293292 0.100000
v 2.746544 0.293395 0.100000
v 2.632873 0.293395 0.100000
v 2.621292 0.293344 0.100000
v 2.621292 0.293344 -0.100000
v 2.606599 0.293114 0.100000
v 2.606599 0.293114 -0.100000
v 2.589489 0.292591 0.100000
v 2.589489 0.292591 -0.100000
v 2.570660 0.291660 0.100000
v 2.570660 0.291660 -0.100000
v 2.550807 0.290206 0.100000
v 2.550807 0.290206 -0.100000
v 2.530626 0.288114 0.100000
v 2.530626 0.288114 -0.100000
v 2.510813 0.285271 0.100000
v 2.510813 0.285271 -0.100000
v 2.492063 0.281561 0.100000
v 2.492063 0.281561 -0.100000
v 2.475074 0.276870 0.100000
v 2.475074 0.276870 -0.100000
v 2.460541 0.271082 0.100000
v 2.460541 0.271082 -0.100000
v 2.449161 0.264084 0.100000
v 2.449161 0.264084 -0.100000
v 2.441628 0.255760 0.100000
v 2.441628 0.255760 -0.100000
v 2.439389 0.251334 0.100000
v 2.439389 0.251334 -0.100000
v 2.437290 0.246206 0.100000
v 2.437290 0.246206 -0.100000
v 2.435339 0.240507 0.100000
v 2.435339 0.240507 -0.100000
v 2.433549 0.234369 0.100000
v 2.433549 0.234369 -0.100000
v 2.431930 0.227921 0.100000
v 2.431930 0.227921 -0.100000
v 2.430491 0.221294 0.100000
v 2.430491 0.221294 -0.100000
v 2.429245 0.214620 0.100000
v 2.429245 0.214620 -0.100000
v 2.428201 0.208028 0.100000
v 2.428201 0.208028 -0.100000
v 2.427371 0.201649 0.100000
v 2.427371 0.201649 -0.100000
v 2.426765 0.195614 0.100000
v 2.426765 0.195614 -0.100000
v 2.426394 0.190054 0.100000
v 2.426394 0.190054 -0.100000
v 2.426267 0.185100 0.100000
v 2.426267 0.185100 -0.100000
v 2.428156 0.163129 0.100000
v 2.428156 0.163129 -0.100000
v 2.433379 0.142139 0.100000
v 2.433379 0.142139 -0.100000
v 2.441268 0.122120 0.100000
v 2.441268 0.122120 -0.100000
v 2.451158 0.103061 0.100000
v 2.451158 0.103061 -0.100000
v 2.462381 0.084951 0.100000
v 2.462381 0.084951 -0.100000
v 2.474270 0.067780 0.100000
v 2.474270 0.067780 -0.100000
v 2.486160 0.051538 0.100000
v 2.486160 0.051538 -0.100000
v 2.497383 0.036212 0.100000
v 2.497383 0.036212 -0.100000
v 2.507272 0.021793 0.100000
v 2.507272 0.021793 -0.100000
v 2.515162 0.008271 0.100000
v 2.515162 0.008271 -0.100000
v 2.520385 -0.004366 0.100000
v 2.520385 -0.004366 -0.100000
v 2.522274 -0.016129 0.100000
v 2.522274 -0.016129 -0.100000
v 2.519508 -0.034113 0.100000
v 2.519508 -0.034113 -0.100000
v 2.511862 -0.051580 0.100000
v 2.511862 -0.051580 -0.100000
v 2.500312 -0.068524 0.100000
v 2.500312 -0.068524 -0.100000
v 2.485834 -0.084941 0.100000
v 2.485834 -0.084941 -0.100000
v 2.469404 -0.100823 0.100000
v 2.469404 -0.100823 -0.100000
v 2.451997 -0.116167 0.100000
v 2.451997 -0.116167 -0.100000
v 2.434591 -0.130967 0.100000
v 2.434591 -0.130967 -0.100000
v 2.418160 -0.145218 0.100000
v 2.418160 -0.145218 -0.100000
v 2.403682 -0.158914 0.100000
v 2.403682 -0.158914 -0.100000
v 2.392132 -0.172050 0.100000
v 2.392132 -0.172050 -0.100000
v 2.384486 -0.184621 0.100000
v 2.384486 -0.184621 -0.100000
v 2.381721 -0.196621 0.100000
v 2.381721 -0.196621 -0.100000
v 2.383066 -0.204137 0.100000
v 2.383066 -0.204137 -0.100000
v 2.386852 -0.212650 0.100000
v 2.386852 -0.212650 -0.100000
v 2.392701 -0.221846 0.100000
v 2.392701 -0.221846 -0.100000
v 2.400239 -0.231410 0.100000
v 2.400239 -0.231410 -0.100000
v 2.409089 -0.241028 0.100000
v 2.409089 -0.241028 -0.100000
v 2.418875 -0.250384 0.100000
v 2.418875 -0.250384 -0.100000
v 2.429221 -0.259164 0.100000
v 2.429221 -0.259164 -0.100000
v 2.439751 -0.267054 0.100000
v 2.439751 -0.267054 -0.100000
v 2.450089 -0.273738 0.100000
v 2.450089 -0.273738 -0.100000
v 2.459859 -0.278901 0.100000
v 2.459859 -0.278901 -0.100000
v 2.468685 -0.282230 0.100000
v 2.468685 -0.282230 -0.100000
v 2.476191 -0.283410 0.100000
v 2.476191 -0.283410 -0.100000
v 2.488221 -0.281007 0.100000
v 2.488221 -0.281007 -0.100000
v 2.501195 -0.274364 0.100000
v 2.501195 -0.274364 -0.100000
v 2.515001 -0.264329 0.100000
v 2.515001 -0.264329 -0.100000
v 2.529527 -0.251749 0.100000
v 2.529527 -0.251749 -0.100000
v 2.544662 -0.237474 0.100000
v 2.544662 -0.237474 -0.100000
v 2.560292 -0.222350 0.100000
v 2.560292 -0.222350 -0.100000
v 2.576306 -0.207227 0.100000
v 2.576306 -0.207227 -0.100000
v 2.592593 -0.192951 0.100000
v 2.592593 -0.192951 -0.100000
v 2.609039 -0.180372 0.100000
v 2.609039 -0.180372 -0.100000
v 2.625533 -0.170336 0.100000
v 2.625533 -0.170336 -0.100000
v 2.641964 -0.163693 0.100000
v 2.641964 -0.163693 -0.100000
v 2.658218 -0.161290 0.100000
v 2.658218 -0.161290 -0.100000
v 2.673604 -0.163723 0.100000
v 2.673604 -0.163723 -0.100000
v 2.691440 -0.170450 0.100000
v 2.691440 -0.170450 -0.100000
v 2.711298 -0.180612 0.100000
v 2.711298 -0.180612 -0.100000
v 2.732748 -0.193349 0.100000
v 2.732748 -0.193349 -0.100000
v 2.755360 -0.207804 0.100000
v 2.755360 -0.207804 -0.100000
v 2.778706 -0.223118 0.100000
v 2.778706 -0.223118 -0.100000
v 2.802356 -0.238432 0.100000
v 2.802356 -0.238432 -0.100000
v 2.825881 -0.252887 0.100000
v 2.825881 -0.252887 -0.100000
v 2.848850 -0.265625 0.100000
v 2.848850 -0.265625 -0.100000
v 2.870836 -0.275787 0.100000
v 2.870836 -0.275787 -0.100000
v 2.891409 -0.282513 0.100000
v 2.891409 -0.282513 -0.100000
v 2.910138 -0.284946 0.100000
v 2.910138 -0.284946 -0.100000
v 2.917856 -0.283962 0.100000
v 2.917856 -0.283962 -0.100000
v 2.926246 -0.281170 0.100000
v 2.926246 -0.281170 -0.100000
v 2.935052 -0.276810 0.100000
v 2.935052 -0.276810 -0.100000
v 2.944018 -0.271121 0.100000
v 2.944018 -0.271121 -0.100000
v 2.952888 -0.264345 0.100000
v 2.952888 -0.264345 -0.100000
v 2.961406 -0.256720 0.100000
v 2.961406 -0.256720 -0.100000
v 2.969315 -0.248488 0.100000
v 2.969315 -0.248488 -0.100000
v 2.976361 -0.239887 0.100000
v 2.976361 -0.239887 -0.100000
v 2.982287 -0.231159 0.100000
v 2.982287 -0.231159 -0.100000
v 2.986836 -0.222542 0.100000
v 2.986836 -0.222542 -0.100000
v 2.989754 -0.214278 0.100000
v 2.989754 -0.214278 -0.100000
v 2.990783 -0.206605 0.100000
v 2.990783 -0.206605 -0.100000
v 2.989884 -0.202144 0.100000
v 2.989884 -0.202144 -0.100000
v 2.987363 -0.197286 0.100000
v 2.987363 -0.197286 -0.100000
v 2.983487 -0.192144 0.100000
v 2.983487 -0.192144 -0.100000
v 2.978523 -0.186835 0.100000
v 2.978523 -0.186835 -0.100000
v 2.972738 -0.181473 0.100000
v 2.972738 -0.181473 -0.100000
v 2.966398 -0.176171 0.100000
v 2.966398 -0.176171 -0.100000
v 2.959770 -0.171046 0.100000
v 2.959770 -0.171046 -0.100000
v 2.953121 -0.166212 0.100000
v 2.953121 -0.166212 -0.100000
v 2.946717 -0.161782 0.100000
v 2.946717 -0.161782 -0.100000
v 2.940825 -0.157873 0.100000
v 2.940825 -0.157873 -0.100000
v 2.935712 -0.154599 0.100000
v 2.935712 -0.154599 -0.100000
v 2.931644 -0.152074 0.100000
v 2.931644 -0.152074 -0.100000
v 2.931644 -0.152842 0.100000
v 2.931644 -0.152842 -0.100000
v 2.914698 -0.141584 0.100000
v 2.914698 -0.141584 -0.100000
v 2.891698 -0.125313 0.100000
v 2.891698 -0.125313 -0.100000
v 2.864079 -0.104935 0.100000
v 2.864079 -0.104935 -0.100000
v 2.833276 -0.081356 0.100000
v 2.833276 -0.081356 -0.100000
v 2.800724 -0.055484 0.100000
v 2.800724 -0.055484 -0.100000
v 2.767857 -0.028226 0.100000
v 2.767857 -0.028226 -0.100000
v 2.736110 -0.000487 0.100000
v 2.736110 -0.000487 -0.100000
v 2.706918 0.026825 0.100000
v 2.706918 0.026825 -0.100000
v 2.681716 0.052803 0.100000
v 2.681716 0.052803 -0.100000
v 2.661937 0.076542 0.100000
v 2.661937 0.076542 -0.100000
v 2.649019 0.097133 0.100000
v 2.649019 0.097133 -0.100000
v 2.644393 0.113671 0.100000
v 2.644393 0.113671 -0.100000
v 2.646375 0.123553 0.100000
v 2.646375 0.123553 -0.100000
v 2.651925 0.131792 0.100000
v 2.651925 0.131792 -0.100000
v 2.660450 0.138537 0.100000
v 2.660450 0.138537 -0.100000
v 2.671360 0.143938 0.100000
v 2.671360 0.143938 -0.100000
v 2.684063 0.148145 0.100000
v 2.684063 0.148145 -0.100000
v 2.697965 0.151306 0.100000
v 2.697965 0.151306 -0.100000
v 2.712475 0.153571 0.100000
v 2.712475 0.153571 -0.100000
v 2.727001 0.155089 0.100000
v 2.727001 0.155089 -0.100000
v 2.740952 0.156010 0.100000
v 2.740952 0.156010 -0.100000
v 2.753734 0.156483 0.100000
v 2.753734 0.156483 -0.100000
v 2.764756 0.156657 0.100000
v 2.764756 0.156657 -0.100000
v 2.773426 0.156682 0.100000
v 2.773426 0.156682 -0.100000
v 2.780899 0.156622 0.100000
v 2.780899 0.156622 -0.100000
v 2.788346 0.156454 0.100000
v 2.788346 0.156454 -0.100000
v 2.795771 0.156202 0.100000
v 2.795771 0.156202 -0.100000
v 2.803180 0.155886 0.100000
v 2.803180 0.155886 -0.100000
v 2.810579 0.155526 0.100000
v 2.810579 0.155526 -0.100000
v 2.817972 0.155146 0.100000
v 2.817972 0.155146 -0.100000
v 2.825366 0.154765 0.100000
v 2.825366 0.154765 -0.100000
v 2.832764 0.154406 0.100000
v 2.832764 0.154406 -0.100000
v 2.840174 0.154090 0.100000
v 2.840174 0.154090 -0.100000
v 2.847599 0.153837 0.100000
v 2.847599 0.153837 -0.100000
v 2.855046 0.153670 0.100000
v 2.855046 0.153670 -0.100000
v 2.862519 0.153610 0.100000
v 2.862519 0.153610 -0.100000
v 2.870943 0.153725 0.100000
v 2.870943 0.153725 -0.100000
v 2.879921 0.154150 0.100000
v 2.879921 0.154150 -0.100000
v 2.889209 0.155002 0.100000
v 2.889209 0.155002 -0.100000
v 2.898561 0.156398 0.100000
v 2.898561 0.156398 -0.100000
v 2.907731 0.158455 0.100000
v 2.907731 0.158455 -0.100000
v 2.916475 0.161290 0.100000
v 2.916475 0.161290 -0.100000
v 2.924546 0.165022 0.100000
v 2.924546 0.165022 -0.100000
v 2.931701 0.169767 0.100000
v 2.931701 0.169767 -0.100000
v 2.937692 0.175643 0.100000
v 2.937692 0.175643 -0.100000
v 2.942276 0.182767 0.100000
v 2.942276 0.182767 -0.100000
v 2.945205 0.191257 0.100000
v 2.945205 0.191257 -0.100000
v 2.946237 0.201229 0.100000
v 2.946237 0.201229 -0.100000
v 2.946150 0.207237 0.100000
v 2.946150 0.207237 -0.100000
v 2.945863 0.213326 0.100000
v 2.945863 0.213326 -0.100000
v 2.945337 0.219446 0.100000
v 2.945337 0.219446 -0.100000
v 2.944530 0.225550 0.100000
v 2.944530 0.225550 -0.100000
v 2.943403 0.231591 0.100000
v 2.943403 0.231591 -0.100000
v 2.941916 0.237519 0.100000
v 2.941916 0.237519 -0.100000
v 2.940030 0.243288 0.100000
v 2.940030 0.243288 -0.100000
v 2.937703 0.248848 0.100000
v 2.937703 0.248848 -0.100000
v 2.934896 0.254152 0.100000
v 2.934896 0.254152 -0.100000
v 2.931569 0.259153 0.100000
v 2.931569 0.259153 -0.100000
v 2.927682 0.263801 0.100000
v 2.927682 0.263801 -0.100000
v 2.923195 0.268049 0.100000
v 2.923195 0.268049 -0.100000
v 2.915216 0.272904 0.100000
v 2.915216 0.272904 -0.100000
v 2.903976 0.277127 0.100000
v 2.903976 0.277127 -0.100000
v 2.890085 0.280758 0.100000
v 2.890085 0.280758 -0.100000
v 2.874154 0.283837 0.100000
v 2.874154 0.283837 -0.100000
v 2.856793 0.286404 0.100000
v 2.856793 0.286404 -0.100000
v 2.838614 0.288498 0.100000
v 2.838614 0.288498 -0.100000
v 2.820226 0.290161 0.100000
v 2.820226 0.290161 -0.100000
v 2.802242 0.291432 0.100000
v 2.802242 0.291432 -0.100000
v 2.785270 0.292351 0.100000
v 2.785270 0.292351 -0.100000
v 2.769923 0.292957 0.100000
v 2.769923 0.292957 -0.100000
v 2.756811 0.293292 0.100000
v 2.756811 0.293292 -0.100000
v 2.746544 0.293395 0.100000
v 2.746544 0.293395 -0.100000
v 2.632873 0.293395 0.100000
v 2.632873 0.293395 -0.100000
v 1.859222 0.301755 0.100000
v 1.859222 0.301755 -0.100000
v 1.845935 0.301456 0.100000
v 1.845935 0.301456 -0.100000
v 1.830237 0.300895 0.100000
v 1.830237 0.300895 -0.100000
v 1.812795 0.300023 0.100000
v 1.812795 0.300023 -0.100000
v 1.794276 0.298788 0.100000
v 1.794276 0.298788 -0.100000
v 1.775346 0.297139 0.100000
v 1.775346 0.297139 -0.100000
v 1.756671 0.295026 0.100000
v 1.756671 0.295026 -0.100000
v 1.738920 0.292399 0.100000
v 1.738920 0.292399 -0.100000
v 1.722758 0.289206 0.100000
v 1.722758 0.289206 -0.100000
v 1.708852 0.285398 0.100000
v 1.708852 0.285398 -0.100000
v 1.697870 0.280922 0.100000
v 1.697870 0.280922 -0.100000
v 1.690476 0.275730 0.100000
v 1.690476 0.275730 -0.100000
v 1.686211 0.270880 0.100000
v 1.686211 0.270880 -0.100000
v 1.682596 0.265930 0.100000
v 1.682596 0.265930 -0.100000
v 1.679579 0.260873 0.100000
v 1.679579 0.260873 -0.100000
v 1.677106 0.255703 0.100000
v 1.677106 0.255703 -0.100000
v 1.675124 0.250417 0.100000
v 1.675124 0.250417 -0.100000
v 1.673579 0.245008 0.100000
v 1.673579 0.245008 -0.100000
v 1.672418 0.239470 0.100000
v 1.672418 0.239470 -0.100000
v 1.671588 0.233800 0.100000
v 1.671588 0.233800 -0.100000
v 1.671035 0.227991 0.100000
v 1.671035 0.227991 -0.100000
v 1.670706 0.222037 0.100000
v 1.670706 0.222037 -0.100000
v 1.670548 0.215935 0.100000
v 1.670548 0.215935 -0.100000
v 1.670507 0.209677 0.100000
v 1.670507 0.209677 -0.100000
v 1.671522 0.200588 0.100000
v 1.671522 0.200588 -0.100000
v 1.674400 0.192834 0.100000
v 1.674400 0.192834 -0.100000
v 1.678895 0.186312 0.100000
v 1.678895 0.186312 -0.100000
v 1.684758 0.180918 0.100000
v 1.684758 0.180918 -0.100000
v 1.691742 0.176549 0.100000
v 1.691742 0.176549 -0.100000
v 1.699597 0.173099 0.100000
v 1.699597 0.173099 -0.100000
v 1.708076 0.170466 0.100000
v 1.708076 0.170466 -0.100000
v 1.716931 0.168544 0.100000
v 1.716931 0.168544 -0.100000
v 1.725914 0.167231 0.100000
v 1.725914 0.167231 -0.100000
v 1.734778 0.166421 0.100000
v 1.734778 0.166421 -0.100000
v 1.743273 0.166012 0.100000
v 1.743273 0.166012 -0.100000
v 1.751152 0.165899 0.100000
v 1.751152 0.165899 -0.100000
v 2.079877 0.165899 0.100000
v 2.079877 0.165899 -0.100000
v 2.088583 0.165956 0.100000
v 2.088583 0.165956 -0.100000
v 2.098001 0.166226 0.100000
v 2.098001 0.166226 -0.100000
v 2.107851 0.166859 0.100000
v 2.107851 0.166859 -0.100000
v 2.117853 0.168004 0.100000
v 2.117853 0.168004 -0.100000
v 2.127727 0.169810 0.100000
v 2.127727 0.169810 -0.100000
v 2.137192 0.172427 0.100000
v 2.137192 0.172427 -0.100000
v 2.145970 0.176004 0.100000
v 2.145970 0.176004 -0.100000
v 2.153780 0.180691 0.100000
v 2.153780 0.180691 -0.100000
v 2.160342 0.186636 0.100000
v 2.160342 0.186636 -0.100000
v 2.165376 0.193989 0.100000
v 2.165376 0.193989 -0.100000
v 2.168601 0.202900 0.100000
v 2.168601 0.202900 -0.100000
v 2.169739 0.213518 0.100000
v 2.169739 0.213518 -0.100000
v 2.169719 0.217771 0.100000
v 2.169719 0.217771 -0.100000
v 2.169643 0.222073 0.100000
v 2.169643 0.222073 -0.100000
v 2.169487 0.226406 0.100000
v 2.169487 0.226406 -0.100000
v 2.169227 0.230756 0.100000
v 2.169227 0.230756 -0.100000
v 2.168839 0.235106 0.100000
v 2.168839 0.235106 -0.100000
v 2.168299 0.239439 0.100000
v 2.168299 0.239439 -0.100000
v 2.167583 0.243741 0.100000
v 2.167583 0.243741 -0.100000
v 2.166667 0.247995 0.100000
v 2.166667 0.247995 -0.100000
v 2.165527 0.252184 0.100000
v 2.165527 0.252184 -0.100000
v 2.164139 0.256294 0.100000
v 2.164139 0.256294 -0.100000
v 2.162478 0.260307 0.100000
v 2.162478 0.260307 -0.100000
v 2.160522 0.264209 0.100000
v 2.160522 0.264209 -0.100000
v 2.153611 0.272210 0.100000
v 2.153611 0.272210 -0.100000
v 2.142932 0.278997 0.100000
v 2.142932 0.278997 -0.100000
v 2.129165 0.284670 0.100000
v 2.129165 0.284670 -0.100000
v 2.112989 0.289327 0.100000
v 2.112989 0.289327 -0.100000
v 2.095085 0.293066 0.100000
v 2.095085 0.293066 -0.100000
v 2.076133 0.295987 0.100000
v 2.076133 0.295987 -0.100000
v 2.056813 0.298187 0.100000
v 2.056813 0.298187 -0.100000
v 2.037805 0.299767 0.100000
v 2.037805 0.299767 -0.100000
v 2.019789 0.300823 0.100000
v 2.019789 0.300823 -0.100000
v 2.003446 0.301456 0.100000
v 2.003446 0.301456 -0.100000
v 1.989454 0.301763 0.100000
v 1.989454 0.301763 -0.100000
v 1.978495 0.301843 0.100000
v 1.978495 0.301843 -0.100000
v 1.869432 0.301843 0.100000
v 1.869432 0.301843 -0.100000
v 1.730333 0.100578 0.100000
v 1.730333 0.100578 -0.100000
v 1.717027 0.100383 0.100000
v 1.717027 0.100383 -0.100000
v 1.701817 0.099906 0.100000
v 1.701817 0.099906 -0.100000
v 1.685270 0.099021 0.100000
v 1.685270 0.099021 -0.100000
v 1.667956 0.097603 0.100000
v 1.667956 0.097603 -0.100000
v 1.650442 0.095526 0.100000
v 1.650442 0.095526 -0.100000
v 1.633295 0.092665 0.100000
v 1.633295 0.092665 -0.100000
v 1.617085 0.088895 0.100000
v 1.617085 0.088895 -0.100000
v 1.602378 0.084089 0.100000
v 1.602378 0.084089 -0.100000
v 1.589744 0.078124 0.100000
v 1.589744 0.078124 -0.100000
v 1.579750 0.070873 0.100000
v 1.579750 0.070873 -0.100000
v 1.572965 0.062212 0.100000
v 1.572965 0.062212 -0.100000
v 1.571200 0.058623 0.100000
v 1.571200 0.058623 -0.100000
v 1.569729 0.055136 0.100000
v 1.569729 0.055136 -0.100000
v 1.568524 0.051723 0.100000
v 1.568524 0.051723 -0.100000
v 1.567560 0.048359 0.100000
v 1.567560 0.048359 -0.100000
v 1.566809 0.045015 0.100000
v 1.566809 0.045015 -0.100000
v 1.566244 0.041667 0.100000
v 1.566244 0.041667 -0.100000
v 1.565840 0.038286 0.100000
v 1.565840 0.038286 -0.100000
v 1.565569 0.034847 0.100000
v 1.565569 0.034847 -0.100000
v 1.565404 0.031322 0.100000
v 1.565404 0.031322 -0.100000
v 1.565320 0.027685 0.100000
v 1.565320 0.027685 -0.100000
v 1.565289 0.023910 0.100000
v 1.565289 0.023910 -0.100000
v 1.565284 0.019969 0.100000
v 1.565284 0.019969 -0.100000
v 1.565320 0.016693 0.100000
v 1.565320 0.016693 -0.100000
v 1.565444 0.013405 0.100000
v 1.565444 0.013405 -0.100000
v 1.565680 0.010129 0.100000
v 1.565680 0.010129 -0.100000
v 1.566052 0.006884 0.100000
v 1.566052 0.006884 -0.100000
v 1.566584 0.003693 0.100000
v 1.566584 0.003693 -0.100000
v 1.567300 0.000576 0.100000
v 1.567300 0.000576 -0.100000
v 1.568224 -0.002445 0.100000
v 1.568224 -0.002445 -0.100000
v 1.569381 -0.005348 0.100000
v 1.569381 -0.005348 -0.100000
v 1.570793 -0.008113 0.100000
v 1.570793 -0.008113 -0.100000
v 1.572485 -0.010717 0.100000
v 1.572485 -0.010717 -0.100000
v 1.574481 -0.013140 0.100000
v 1.574481 -0.013140 -0.100000
v 1.576805 -0.015361 0.100000
v 1.576805 -0.015361 -0.100000
v 1.581926 -0.019228 0.100000
v 1.581926 -0.019228 -0.100000
v 1.587625 -0.022423 0.100000
v 1.587625 -0.022423 -0.100000
v 1.593810 -0.025010 0.100000
v 1.593810 -0.025010 -0.100000
v 1.600387 -0.027052 0.100000
v 1.600387 -0.027052 -0.100000
v 1.607262 -0.028615 0.100000
v 1.607262 -0.028615 -0.100000
v 1.614343 -0.029762 0.100000
v 1.614343 -0.029762 -0.100000
v 1.621536 -0.030557 0.100000
v 1.621536 -0.030557 -0.100000
v 1.628748 -0.031063 0.100000
v 1.628748 -0.031063 -0.100000
v 1.635885 -0.031346 0.100000
v 1.635885 -0.031346 -0.100000
v 1.642854 -0.031469 0.100000
v 1.642854 -0.031469 -0.100000
v 1.649561 -0.031495 0.100000
v 1.649561 -0.031495 -0.100000
v 1.655914 -0.031490 0.100000
v 1.655914 -0.031490 -0.100000
v 1.664971 -0.031508 0.100000
v 1.664971 -0.031508 -0.100000
v 1.674731 -0.031636 0.100000
v 1.674731 -0.031636 -0.100000
v 1.685004 -0.031982 0.100000
v 1.685004 -0.031982 -0.100000
v 1.695596 -0.032656 0.100000
v 1.695596 -0.032656 -0.100000
v 1.706317 -0.033768 0.100000
v 1.706317 -0.033768 -0.100000
v 1.716974 -0.035426 0.100000
v 1.716974 -0.035426 -0.100000
v 1.727375 -0.037741 0.100000
v 1.727375 -0.037741 -0.100000
v 1.737327 -0.040820 0.100000
v 1.737327 -0.040820 -0.100000
v 1.746640 -0.044775 0.100000
v 1.746640 -0.044775 -0.100000
v 1.755120 -0.049713 0.100000
v 1.755120 -0.049713 -0.100000
v 1.762577 -0.055745 0.100000
v 1.762577 -0.055745 -0.100000
v 1.768817 -0.062980 0.100000
v 1.768817 -0.062980 -0.100000
v 1.768049 -0.062980 0.100000
v 1.768049 -0.062980 -0.100000
v 1.772999 -0.071442 0.100000
v 1.772999 -0.071442 -0.100000
v 1.777884 -0.079920 0.100000
v 1.777884 -0.079920 -0.100000
v 1.782738 -0.088398 0.100000
v 1.782738 -0.088398 -0.100000
v 1.787592 -0.096860 0.100000
v 1.787592 -0.096860 -0.100000
v 1.792477 -0.105289 0.100000
v 1.792477 -0.105289 -0.100000
v 1.797427 -0.113671 0.100000
v 1.797427 -0.113671 -0.100000
v 1.802473 -0.121989 0.100000
v 1.802473 -0.121989 -0.100000
v 1.807646 -0.130227 0.100000
v 1.807646 -0.130227 -0.100000
v 1.812980 -0.138369 0.100000
v 1.812980 -0.138369 -0.100000
v 1.818506 -0.146399 0.100000
v 1.818506 -0.146399 -0.100000
v 1.824255 -0.154301 0.100000
v 1.824255 -0.154301 -0.100000
v 1.830261 -0.162058 0.100000
v 1.830261 -0.162058 -0.100000
v 1.841900 -0.176234 0.100000
v 1.841900 -0.176234 -0.100000
v 1.855852 -0.192254 0.100000
v 1.855852 -0.192254 -0.100000
v 1.871772 -0.209533 0.100000
v 1.871772 -0.209533 -0.100000
v 1.889315 -0.227485 0.100000
v 1.889315 -0.227485 -0.100000
v 1.908139 -0.245522 0.100000
v 1.908139 -0.245522 -0.100000
v 1.927899 -0.263057 0.100000
v 1.927899 -0.263057 -0.100000
v 1.948251 -0.279504 0.100000
v 1.948251 -0.279504 -0.100000
v 1.968851 -0.294277 0.100000
v 1.968851 -0.294277 -0.100000
v 1.989355 -0.306788 0.100000
v 1.989355 -0.306788 -0.100000
v 2.009419 -0.316450 0.100000
v 2.009419 -0.316450 -0.100000
v 2.028699 -0.322678 0.100000
v 2.028699 -0.322678 -0.100000
v 2.046851 -0.324885 0.100000
v 2.046851 -0.324885 -0.100000
v 2.058879 -0.323604 0.100000
v 2.058879 -0.323604 -0.100000
v 2.071009 -0.319949 0.100000
v 2.071009 -0.319949 -0.100000
v 2.083021 -0.314204 0.100000
v 2.083021 -0.314204 -0.100000
v 2.094698 -0.306651 0.100000
v 2.094698 -0.306651 -0.100000
v 2.105819 -0.297572 0.100000
v 2.105819 -0.297572 -0.100000
v 2.116168 -0.287250 0.100000
v 2.116168 -0.287250 -0.100000
v 2.125524 -0.275969 0.100000
v 2.125524 -0.275969 -0.100000
v 2.133669 -0.264010 0.100000
v 2.133669 -0.264010 -0.100000
v 2.140385 -0.251656 0.100000
v 2.140385 -0.251656 -0.100000
v 2.145453 -0.239190 0.100000
v 2.145453 -0.239190 -0.100000
v 2.148654 -0.226895 0.100000
v 2.148654 -0.226895 -0.100000
v 2.149770 -0.215054 0.100000
v 2.149770 -0.215054 -0.100000
v 2.146505 -0.204521 0.100000
v 2.146505 -0.204521 -0.100000
v 2.137480 -0.195241 0.100000
v 2.137480 -0.195241 -0.100000
v 2.123848 -0.186708 0.100000
v 2.123848 -0.186708 -0.100000
v 2.106759 -0.178415 0.100000
v 2.106759 -0.178415 -0.100000
v 2.087365 -0.169855 0.100000
v 2.087365 -0.169855 -0.100000
v 2.066820 -0.160522 0.100000
v 2.066820 -0.160522 -0.100000
v 2.046275 -0.149909 0.100000
v 2.046275 -0.149909 -0.100000
v 2.026882 -0.137509 0.100000
v 2.026882 -0.137509 -0.100000
v 2.009793 -0.122816 0.100000
v 2.009793 -0.122816 -0.100000
v 1.996160 -0.105322 0.100000
v 1.996160 -0.105322 -0.100000
v 1.987135 -0.084522 0.100000
v 1.987135 -0.084522 -0.100000
v 1.983871 -0.059908 0.100000
v 1.983871 -0.059908 -0.100000
v 1.985439 -0.053409 0.100000
v 1.985439 -0.053409 -0.100000
v 1.989823 -0.048049 0.100000
v 1.989823 -0.048049 -0.100000
v 1.996544 -0.043719 0.100000
v 1.996544 -0.043719 -0.100000
v 2.005120 -0.040308 0.100000
v 2.005120 -0.040308 -0.100000
v 2.015073 -0.037709 0.100000
v 2.015073 -0.037709 -0.100000
v 2.025922 -0.035810 0.100000
v 2.025922 -0.035810 -0.100000
v 2.037186 -0.034504 0.100000
v 2.037186 -0.034504 -0.100000
v 2.048387 -0.033680 0.100000
v 2.048387 -0.033680 -0.100000
v 2.059044 -0.033230 0.100000
v 2.059044 -0.033230 -0.100000
v 2.068676 -0.033044 0.100000
v 2.068676 -0.033044 -0.100000
v 2.076805 -0.033012 0.100000
v 2.076805 -0.033012 -0.100000
v 2.082949 -0.033026 0.100000
v 2.082949 -0.033026 -0.100000
v 2.091221 -0.033056 0.100000
v 2.091221 -0.033056 -0.100000
v 2.099519 -0.033140 0.100000
v 2.099519 -0.033140 -0.100000
v 2.107839 -0.033266 0.100000
v 2.107839 -0.033266 -0.100000
v 2.116175 -0.033424 0.100000
v 2.116175 -0.033424 -0.100000
v 2.124521 -0.033604 0.100000
v 2.124521 -0.033604 -0.100000
v 2.132873 -0.033794 0.100000
v 2.132873 -0.033794 -0.100000
v 2.141224 -0.033984 0.100000
v 2.141224 -0.033984 -0.100000
v 2.149570 -0.034164 0.100000
v 2.149570 -0.034164 -0.100000
v 2.157906 -0.034322 0.100000
v 2.157906 -0.034322 -0.100000
v 2.166226 -0.034448 0.100000
v 2.166226 -0.034448 -0.100000
v 2.174524 -0.034532 0.100000
v 2.174524 -0.034532 -0.100000
v 2.182796 -0.034562 0.100000
v 2.182796 -0.034562 -0.100000
v 2.189321 -0.034508 0.100000
v 2.189321 -0.034508 -0.100000
v 2.195831 -0.034320 0.100000
v 2.195831 -0.034320 -0.100000
v 2.202309 -0.033962 0.100000
v 2.202309 -0.033962 -0.100000
v 2.208738 -0.033396 0.100000
v 2.208738 -0.033396 -0.100000
v 2.215104 -0.032584 0.100000
v 2.215104 -0.032584 -0.100000
v 2.221390 -0.031490 0.100000
v 2.221390 -0.031490 -0.100000
v 2.227580 -0.030076 0.100000
v 2.227580 -0.030076 -0.100000
v 2.233657 -0.028304 0.100000
v 2.233657 -0.028304 -0.100000
v 2.239607 -0.026138 0.100000
v 2.239607 -0.026138 -0.100000
v 2.245413 -0.023539 0.100000
v 2.245413 -0.023539 -0.100000
v 2.251059 -0.020472 0.100000
v 2.251059 -0.020472 -0.100000
v 2.256528 -0.016897 0.100000
v 2.256528 -0.016897 -0.100000
v 2.260072 -0.014100 0.100000
v 2.260072 -0.014100 -0.100000
v 2.263057 -0.011094 0.100000
v 2.263057 -0.011094 -0.100000
v 2.265529 -0.007896 0.100000
v 2.265529 -0.007896 -0.100000
v 2.267537 -0.004523 0.100000
v 2.267537 -0.004523 -0.100000
v 2.269129 -0.000989 0.100000
v 2.269129 -0.000989 -0.100000
v 2.270353 0.002688 0.100000
v 2.270353 0.002688 -0.100000
v 2.271257 0.006494 0.100000
v 2.271257 0.006494 -0.100000
v 2.271889 0.010411 0.100000
v 2.271889 0.010411 -0.100000
v 2.272297 0.014425 0.100000
v 2.272297 0.014425 -0.100000
v 2.272529 0.018519 0.100000
v 2.272529 0.018519 -0.100000
v 2.272633 0.022676 0.100000
v 2.272633 0.022676 -0.100000
v 2.272657 0.026882 0.100000
v 2.272657 0.026882 -0.100000
v 2.272620 0.030897 0.100000
v 2.272620 0.030897 -0.100000
v 2.272490 0.034872 0.100000
v 2.272490 0.034872 -0.100000
v 2.272237 0.038798 0.100000
v 2.272237 0.038798 -0.100000
v 2.271832 0.042669 0.100000
v 2.271832 0.042669 -0.100000
v 2.271246 0.046476 0.100000
v 2.271246 0.046476 -0.100000
v 2.270449 0.050211 0.100000
v 2.270449 0.050211 -0.100000
v 2.269412 0.053866 0.100000
v 2.269412 0.053866 -0.100000
v 2.268106 0.057433 0.100000
v 2.268106 0.057433 -0.100000
v 2.266501 0.060904 0.100000
v 2.266501 0.060904 -0.100000
v 2.264568 0.064271 0.100000
v 2.264568 0.064271 -0.100000
v 2.262278 0.067526 0.100000
v 2.262278 0.067526 -0.100000
v 2.259601 0.070661 0.100000
v 2.259601 0.070661 -0.100000
v 2.250751 0.077220 0.100000
v 2.250751 0.077220 -0.100000
v 2.237768 0.082747 0.100000
v 2.237768 0.082747 -0.100000
v 2.221414 0.087330 0.100000
v 2.221414 0.087330 -0.100000
v 2.202452 0.091056 0.100000
v 2.202452 0.091056 -0.100000
v 2.181644 0.094015 0.100000
v 2.181644 0.094015 -0.100000
v 2.159754 0.096294 0.100000
v 2.159754 0.096294 -0.100000
v 2.137544 0.097981 0.100000
v 2.137544 0.097981 -0.100000
v 2.115776 0.099164 0.100000
v 2.115776 0.099164 -0.100000
v 2.095214 0.099930 0.100000
v 2.095214 0.099930 -0.100000
v 2.076620 0.100369 0.100000
v 2.076620 0.100369 -0.100000
v 2.060757 0.100568 0.100000
v 2.060757 0.100568 -0.100000
v 2.048387 0.100614 0.100000
v 2.048387 0.100614 -0.100000
v 1.741167 0.100614 0.100000
v 1.741167 0.100614 -0.100000
v 1.028787 0.073748 0.100000
v 1.028787 0.073748 -0.100000
v 1.025289 0.073790 0.100000
v 1.025289 0.073790 -0.100000
v 1.021770 0.073853 0.100000
v 1.021770 0.073853 -0.100000
v 1.018234 0.073932 0.100000
v 1.018234 0.073932 -0.100000
v 1.014688 0.074022 0.100000
v 1.014688 0.074022 -0.100000
v 1.011137 0.074117 0.100000
v 1.011137 0.074117 -0.100000
v 1.007585 0.074212 0.100000
v 1.007585 0.074212 -0.100000
v 1.004039 0.074302 0.100000
v 1.004039 0.074302 -0.100000
v 1.000504 0.074381 0.100000
v 1.000504 0.074381 -0.100000
v 0.996985 0.074444 0.100000
v 0.996985 0.074444 -0.100000
v 0.993487 0.074486 0.100000
v 0.993487 0.074486 -0.100000
v 0.990015 0.074501 0.100000
v 0.990015 0.074501 -0.100000
v 0.982704 0.074453 0.100000
v 0.982704 0.074453 -0.100000
v 0.975366 0.074309 0.100000
v 0.975366 0.074309 -0.100000
v 0.968006 0.074069 0.100000
v 0.968006 0.074069 -0.100000
v 0.960630 0.073733 0.100000
v 0.960630 0.073733 -0.100000
v 0.953244 0.073301 0.100000
v 0.953244 0.073301 -0.100000
v 0.945853 0.072773 0.100000
v 0.945853 0.072773 -0.100000
v 0.938461 0.072149 0.100000
v 0.938461 0.072149 -0.100000
v 0.931075 0.071429 0.100000
v 0.931075 0.071429 -0.100000
v 0.923699 0.070613 0.100000
v 0.923699 0.070613 -0.100000
v 0.916340 0.069700 0.100000
v 0.916340 0.069700 -0.100000
v 0.909001 0.068692 0.100000
v 0.909001 0.068692 -0.100000
v 0.901690 0.067588 0.100000
v 0.901690 0.067588 -0.100000
v 0.892046 0.066009 0.100000
v 0.892046 0.066009 -0.100000
v 0.882080 0.063915 0.100000
v 0.882080 0.063915 -0.100000
v 0.872012 0.061240 0.100000
v 0.872012 0.061240 -0.100000
v 0.862064 0.057917 0.100000
v 0.862064 0.057917 -0.100000
v 0.852458 0.053879 0.100000
v 0.852458 0.053879 -0.100000
v 0.843414 0.049059 0.100000
v 0.843414 0.049059 -0.100000
v 0.835154 0.043392 0.100000
v 0.835154 0.043392 -0.100000
v 0.827900 0.036809 0.100000
v 0.827900 0.036809 -0.100000
v 0.821873 0.029246 0.100000
v 0.821873 0.029246 -0.100000
v 0.817293 0.020634 0.100000
v 0.817293 0.020634 -0.100000
v 0.814383 0.010908 0.100000
v 0.814383 0.010908 -0.100000
v 0.813364 0.000000 0.100000
v 0.813364 0.000000 -0.100000
v 0.816325 -0.017146 0.100000
v 0.816325 -0.017146 -0.100000
v 0.824636 -0.031501 0.100000
v 0.824636 -0.031501 -0.100000
v 0.837438 -0.043311 0.100000
v 0.837438 -0.043311 -0.100000
v 0.853872 -0.052825 0.100000
v 0.853872 -0.052825 -0.100000
v 0.873079 -0.060291 0.100000
v 0.873079 -0.060291 -0.100000
v 0.894201 -0.065956 0.100000
v 0.894201 -0.065956 -0.100000
v 0.916380 -0.070070 0.100000
v 0.916380 -0.070070 -0.100000
v 0.938755 -0.072879 0.100000
v 0.938755 -0.072879 -0.100000
v 0.960470 -0.074633 0.100000
v 0.960470 -0.074633 -0.100000
v 0.980664 -0.075578 0.100000
v 0.980664 -0.075578 -0.100000
v 0.998479 -0.075964 0.100000
v 0.998479 -0.075964 -0.100000
v 1.013057 -0.076037 0.100000
v 1.013057 -0.076037 -0.100000
v 1.018640 -0.076007 0.100000
v 1.018640 -0.076007 -0.100000
v 1.024251 -0.075923 0.100000
v 1.024251 -0.075923 -0.100000
v 1.029882 -0.075797 0.100000
v 1.029882 -0.075797 -0.100000
v 1.035529 -0.075639 0.100000
v 1.035529 -0.075639 -0.100000
v 1.041188 -0.075459 0.100000
v 1.041188 -0.075459 -0.100000
v 1.046851 -0.075269 0.100000
v 1.046851 -0.075269 -0.100000
v 1.052515 -0.075079 0.100000
v 1.052515 -0.075079 -0.100000
v 1.058173 -0.074899 0.100000
v 1.058173 -0.074899 -0.100000
v 1.063820 -0.074741 0.100000
v 1.063820 -0.074741 -0.100000
v 1.069452 -0.074615 0.100000
v 1.069452 -0.074615 -0.100000
v 1.075062 -0.074531 0.100000
v 1.075062 -0.074531 -0.100000
v 1.080645 -0.074501 0.100000
v 1.080645 -0.074501 -0.100000
v 1.264209 -0.074501 0.100000
v 1.264209 -0.074501 -0.100000
v 1.279608 -0.074575 0.100000
v 1.279608 -0.074575 -0.100000
v 1.299013 -0.074583 0.100000
v 1.299013 -0.074583 -0.100000
v 1.321404 -0.074201 0.100000
v 1.321404 -0.074201 -0.100000
v 1.345764 -0.073107 0.100000
v 1.345764 -0.073107 -0.100000
v 1.371073 -0.070978 0.100000
v 1.371073 -0.070978 -0.100000
v 1.396313 -0.067492 0.100000
v 1.396313 -0.067492 -0.100000
v 1.420465 -0.062326 0.100000
v 1.420465 -0.062326 -0.100000
v 1.442510 -0.055157 0.100000
v 1.442510 -0.055157 -0.100000
v 1.461429 -0.045663 0.100000
v 1.461429 -0.045663 -0.100000
v 1.476205 -0.033520 0.100000
v 1.476205 -0.033520 -0.100000
v 1.485817 -0.018407 0.100000
v 1.485817 -0.018407 -0.100000
v 1.489247 0.000000 0.100000
v 1.489247 0.000000 -0.100000
v 1.486649 0.016632 0.100000
v 1.486649 0.016632 -0.100000
v 1.479344 0.030587 0.100000
v 1.479344 0.030587 -0.100000
v 1.468066 0.042099 0.100000
v 1.468066 0.042099 -0.100000
v 1.453547 0.051402 0.100000
v 1.453547 0.051402 -0.100000
v 1.436522 0.058733 0.100000
v 1.436522 0.058733 -0.100000
v 1.417723 0.064324 0.100000
v 1.417723 0.064324 -0.100000
v 1.397884 0.068411 0.100000
v 1.397884 0.068411 -0.100000
v 1.377738 0.071229 0.100000
v 1.377738 0.071229 -0.100000
v 1.358019 0.073013 0.100000
v 1.358019 0.073013 -0.100000
v 1.339460 0.073996 0.100000
v 1.339460 0.073996 -0.100000
v 1.322795 0.074414 0.100000
v 1.322795 0.074414 -0.100000
v 1.308756 0.074501 0.100000
v 1.308756 0.074501 -0.100000
v 1.305300 0.074486 0.100000
v 1.305300 0.074486 -0.100000
v 1.301844 0.074444 0.100000
v 1.301844 0.074444 -0.100000
v 1.298387 0.074381 0.100000
v 1.298387 0.074381 -0.100000
v 1.294931 0.074302 0.100000
v 1.294931 0.074302 -0.100000
v 1.291475 0.074212 0.100000
v 1.291475 0.074212 -0.100000
v 1.288019 0.074117 0.100000
v 1.288019 0.074117 -0.100000
v 1.284562 0.074022 0.100000
v 1.284562 0.074022 -0.100000
v 1.281106 0.073932 0.100000
v 1.281106 0.073932 -0.100000
v 1.277650 0.073853 0.100000
v 1.277650 0.073853 -0.100000
v 1.274194 0.073790 0.100000
v 1.274194 0.073790 -0.100000
v 1.270737 0.073748 0.100000
v 1.270737 0.073748 -0.100000
v 1.267281 0.073733 0.100000
v 1.267281 0.073733 -0.100000
v 1.032258 0.073733 0.100000
v 1.032258 0.073733 -0.100000
v 0.004591 0.239472 0.100000
v 0.004591 0.239472 -0.100000
v 0.006713 0.234390 0.100000
v 0.006713 0.234390 -0.100000
v 0.010009 0.229767 0.100000
v 0.010009 0.229767 -0.100000
v 0.014280 0.225607 0.100000
v 0.014280 0.225607 -0.100000
v 0.019330 0.221917 0.100000
v 0.019330 0.221917 -0.100000
v 0.024962 0.218702 0.100000
v 0.024962 0.218702 -0.100000
v 0.030977 0.215967 0.100000
v 0.030977 0.215967 -0.100000
v 0.037179 0.213717 0.100000
v 0.037179 0.213717 -0.100000
v 0.043371 0.211958 0.100000
v 0.043371 0.211958 -0.100000
v 0.049354 0.210694 0.100000
v 0.049354 0.210694 -0.100000
v 0.054932 0.209933 0.100000
v 0.054932 0.209933 -0.100000
v 0.059908 0.209677 0.100000
v 0.059908 0.209677 -0.100000
v 0.065453 0.211184 0.100000
v 0.065453 0.211184 -0.100000
v 0.072264 0.215395 0.100000
v 0.072264 0.215395 -0.100000
v 0.080009 0.221846 0.100000
v 0.080009 0.221846 -0.100000
v 0.088354 0.230073 0.100000
v 0.088354 0.230073 -0.100000
v 0.096966 0.239613 0.100000
v 0.096966 0.239613 -0.100000
v 0.105511 0.250000 0.100000
v 0.105511 0.250000 -0.100000
v 0.113656 0.260771 0.100000
v 0.113656 0.260771 -0.100000
v 0.121067 0.271463 0.100000
v 0.121067 0.271463 -0.100000
v 0.127412 0.281610 0.100000
v 0.127412 0.281610 -0.100000
v 0.132357 0.290749 0.100000
v 0.132357 0.290749 -0.100000
v 0.135568 0.298416 0.100000
v 0.135568 0.298416 -0.100000
v 0.136713 0.304147 0.100000
v 0.136713 0.304147 -0.100000
v 0.136066 0.309905 0.100000
v 0.136066 0.309905 -0.100000
v 0.134227 0.315259 0.100000
v 0.134227 0.315259 -0.100000
v 0.131349 0.320192 0.100000
v 0.131349 0.320192 -0.100000
v 0.127582 0.324686 0.100000
v 0.127582 0.324686 -0.100000
v 0.123079 0.328720 0.100000
v 0.123079 0.328720 -0.100000
v 0.117992 0.332277 0.100000
v 0.117992 0.332277 -0.100000
v 0.112473 0.335338 0.100000
v 0.112473 0.335338 -0.100000
v 0.106674 0.337885 0.100000
v 0.106674 0.337885 -0.100000
v 0.100747 0.339898 0.100000
v 0.100747 0.339898 -0.100000
v 0.094843 0.341359 0.100000
v 0.094843 0.341359 -0.100000
v 0.089116 0.342249 0.100000
v 0.089116 0.342249 -0.100000
v 0.083717 0.342550 0.100000
v 0.083717 0.342550 -0.100000
v 0.078596 0.340895 0.100000
v 0.078596 0.340895 -0.100000
v 0.071934 0.336285 0.100000
v 0.071934 0.336285 -0.100000
v 0.064108 0.329253 0.100000
v 0.064108 0.329253 -0.100000
v 0.055499 0.320333 0.100000
v 0.055499 0.320333 -0.100000
v 0.046484 0.310059 0.100000
v 0.046484 0.310059 -0.100000
v 0.037442 0.298963 0.100000
v 0.037442 0.298963 -0.100000
v 0.028753 0.287579 0.100000
v 0.028753 0.287579 -0.100000
v 0.020794 0.276441 0.100000
v 0.020794 0.276441 -0.100000
v 0.013945 0.266081 0.100000
v 0.013945 0.266081 -0.100000
v 0.008584 0.257033 0.100000
v 0.008584 0.257033 -0.100000
v 0.005089 0.249831 0.100000
v 0.005089 0.249831 -0.100000
v 0.003840 0.245008 0.100000
v 0.003840 0.245008 -0.100000
v 0.194837 0.336493 0.100000
v 0.194837 0.336493 -0.100000
v 0.187728 0.332434 0.100000
v 0.187728 0.332434 -0.100000
v 0.180144 0.326193 0.100000
v 0.180144 0.326193 -0.100000
v 0.172328 0.318200 0.100000
v 0.172328 0.318200 -0.100000
v 0.164522 0.308884 0.100000
v 0.164522 0.308884 -0.100000
v 0.156970 0.298675 0.100000
v 0.156970 0.298675 -0.100000
v 0.149914 0.288002 0.100000
v 0.149914 0.288002 -0.100000
v 0.143597 0.277294 0.100000
v 0.143597 0.277294 -0.100000
v 0.138261 0.266981 0.100000
v 0.138261 0.266981 -0.100000
v 0.134149 0.257492 0.100000
v 0.134149 0.257492 -0.100000
v 0.131504 0.249256 0.100000
v 0.131504 0.249256 -0.100000
v 0.130568 0.242704 0.100000
v 0.130568 0.242704 -0.100000
v 0.131335 0.237108 0.100000
v 0.131335 0.237108 -0.100000
v 0.133502 0.231858 0.100000
v 0.133502 0.231858 -0.100000
v 0.136869 0.226983 0.100000
v 0.136869 0.226983 -0.100000
v 0.141236 0.222507 0.100000
v 0.141236 0.222507 -0.100000
v 0.146403 0.218458 0.100000
v 0.146403 0.218458 -0.100000
v 0.152170 0.214862 0.100000
v 0.152170 0.214862 -0.100000
v 0.158337 0.211746 0.100000
v 0.158337 0.211746 -0.100000
v 0.164704 0.209137 0.100000
v 0.164704 0.209137 -0.100000
v 0.171071 0.207061 0.100000
v 0.171071 0.207061 -0.100000
v 0.177238 0.205546 0.100000
v 0.177238 0.205546 -0.100000
v 0.183005 0.204617 0.100000
v 0.183005 0.204617 -0.100000
v 0.188172 0.204301 0.100000
v 0.188172 0.204301 -0.100000
v 0.192890 0.205867 0.100000
v 0.192890 0.205867 -0.100000
v 0.198779 0.210239 0.100000
v 0.198779 0.210239 -0.100000
v 0.205537 0.216926 0.100000
v 0.205537 0.216926 -0.100000
v 0.212863 0.225437 0.100000
v 0.212863 0.225437 -0.100000
v 0.220456 0.235281 0.100000
v 0.220456 0.235281 -0.100000
v 0.228015 0.245968 0.100000
v 0.228015 0.245968 -0.100000
v 0.235237 0.257007 0.100000
v 0.235237 0.257007 -0.100000
v 0.241822 0.267907 0.100000
v 0.241822 0.267907 -0.100000
v 0.247468 0.278178 0.100000
v 0.247468 0.278178 -0.100000
v 0.251874 0.287329 0.100000
v 0.251874 0.287329 -0.100000
v 0.254739 0.294869 0.100000
v 0.254739 0.294869 -0.100000
v 0.255760 0.300307 0.100000
v 0.255760 0.300307 -0.100000
v 0.255054 0.305727 0.100000
v 0.255054 0.305727 -0.100000
v 0.253054 0.310829 0.100000
v 0.253054 0.310829 -0.100000
v 0.249940 0.315584 0.100000
v 0.249940 0.315584 -0.100000
v 0.245890 0.319964 0.100000
v 0.245890 0.319964 -0.100000
v 0.241082 0.323938 0.100000
v 0.241082 0.323938 -0.100000
v 0.235695 0.327477 0.100000
v 0.235695 0.327477 -0.100000
v 0.229909 0.330552 0.100000
v 0.229909 0.330552 -0.100000
v 0.223901 0.333134 0.100000
v 0.223901 0.333134 -0.100000
v 0.217850 0.335193 0.100000
v 0.217850 0.335193 -0.100000
v 0.211935 0.336701 0.100000
v 0.211935 0.336701 -0.100000
v 0.206336 0.337626 0.100000
v 0.206336 0.337626 -0.100000
v 0.201229 0.337942 0.100000
v 0.201229 0.337942 -0.100000
v 0.667019 0.209617 0.100000
v 0.667019 0.209617 -0.100000
v 0.665774 0.219179 0.100000
v 0.665774 0.219179 -0.100000
v 0.663703 0.229551 0.100000
v 0.663703 0.229551 -0.100000
v 0.660807 0.240371 0.100000
v 0.660807 0.240371 -0.100000
v 0.657090 0.251277 0.100000
v 0.657090 0.251277 -0.100000
v 0.652554 0.261905 0.100000
v 0.652554 0.261905 -0.100000
v 0.647202 0.271893 0.100000
v 0.647202 0.271893 -0.100000
v 0.641037 0.280878 0.100000
v 0.641037 0.280878 -0.100000
v 0.634061 0.288498 0.100000
v 0.634061 0.288498 -0.100000
v 0.626277 0.294390 0.100000
v 0.626277 0.294390 -0.100000
v 0.617687 0.298192 0.100000
v 0.617687 0.298192 -0.100000
v 0.608295 0.299539 0.100000
v 0.608295 0.299539 -0.100000
v 0.595593 0.299386 0.100000
v 0.595593 0.299386 -0.100000
v 0.577854 0.298824 0.100000
v 0.577854 0.298824 -0.100000
v 0.556248 0.297703 0.100000
v 0.556248 0.297703 -0.100000
v 0.531945 0.295870 0.100000
v 0.531945 0.295870 -0.100000
v 0.506117 0.293172 0.100000
v 0.506117 0.293172 -0.100000
v 0.479935 0.289459 0.100000
v 0.479935 0.289459 -0.100000
v 0.454568 0.284577 0.100000
v 0.454568 0.284577 -0.100000
v 0.431189 0.278375 0.100000
v 0.431189 0.278375 -0.100000
v 0.410966 0.270701 0.100000
v 0.410966 0.270701 -0.100000
v 0.395073 0.261403 0.100000
v 0.395073 0.261403 -0.100000
v 0.384678 0.250329 0.100000
v 0.384678 0.250329 -0.100000
v 0.380952 0.237327 0.100000
v 0.380952 0.237327 -0.100000
v 0.381173 0.228768 0.100000
v 0.381173 0.228768 -0.100000
v 0.381888 0.219413 0.100000
v 0.381888 0.219413 -0.100000
v 0.383173 0.209557 0.100000
v 0.383173 0.209557 -0.100000
v 0.385106 0.199494 0.100000
v 0.385106 0.199494 -0.100000
v 0.387764 0.189515 0.100000
v 0.387764 0.189515 -0.100000
v 0.391225 0.179916 0.100000
v 0.391225 0.179916 -0.100000
v 0.395566 0.170988 0.100000
v 0.395566 0.170988 -0.100000
v 0.400865 0.163026 0.100000
v 0.400865 0.163026 -0.100000
v 0.407198 0.156322 0.100000
v 0.407198 0.156322 -0.100000
v 0.414643 0.151171 0.100000
v 0.414643 0.151171 -0.100000
v 0.423278 0.147865 0.100000
v 0.423278 0.147865 -0.100000
v 0.433180 0.146697 0.100000
v 0.433180 0.146697 -0.100000
v 0.444404 0.147198 0.100000
v 0.444404 0.147198 -0.100000
v 0.461466 0.148657 0.100000
v 0.461466 0.148657 -0.100000
v 0.483067 0.151006 0.100000
v 0.483067 0.151006 -0.100000
v 0.507908 0.154179 0.100000
v 0.507908 0.154179 -0.100000
v 0.534691 0.158109 0.100000
v 0.534691 0.158109 -0.100000
v 0.562116 0.162730 0.100000
v 0.562116 0.162730 -0.100000
v 0.588885 0.167976 0.100000
v 0.588885 0.167976 -0.100000
v 0.613700 0.173778 0.100000
v 0.613700 0.173778 -0.100000
v 0.635261 0.180072 0.100000
v 0.635261 0.180072 -0.100000
v 0.652269 0.186789 0.100000
v 0.652269 0.186789 -0.100000
v 0.663427 0.193864 0.100000
v 0.663427 0.193864 -0.100000
v 0.667435 0.201229 0.100000
v 0.667435 0.201229 -0.100000
v 0.657869 -0.173598 0.100000
v 0.657869 -0.173598 -0.100000
v 0.651263 -0.171360 0.100000
v 0.651263 -0.171360 -0.100000
v 0.643313 -0.169187 0.100000
v 0.643313 -0.169187 -0.100000
v 0.634323 -0.167093 0.100000
v 0.634323 -0.167093 -0.100000
v 0.624597 -0.165096 0.100000
v 0.624597 -0.165096 -0.100000
v 0.614439 -0.163210 0.100000
v 0.614439 -0.163210 -0.100000
v 0.604153 -0.161453 0.100000
v 0.604153 -0.161453 -0.100000
v 0.594043 -0.159840 0.100000
v 0.594043 -0.159840 -0.100000
v 0.584414 -0.158386 0.100000
v 0.584414 -0.158386 -0.100000
v 0.575568 -0.157109 0.100000
v 0.575568 -0.157109 -0.100000
v 0.567810 -0.156023 0.100000
v 0.567810 -0.156023 -0.100000
v 0.561444 -0.155146 0.100000
v 0.561444 -0.155146 -0.100000
v 0.541502 -0.152007 0.100000
v 0.541502 -0.152007 -0.100000
v 0.521982 -0.148657 0.100000
v 0.521982 -0.148657 -0.100000
v 0.502856 -0.144981 0.100000
v 0.502856 -0.144981 -0.100000
v 0.484099 -0.140866 0.100000
v 0.484099 -0.140866 -0.100000
v 0.465682 -0.136196 0.100000
v 0.465682 -0.136196 -0.100000
v 0.447581 -0.130856 0.100000
v 0.447581 -0.130856 -0.100000
v 0.429767 -0.124733 0.100000
v 0.429767 -0.124733 -0.100000
v 0.412215 -0.117711 0.100000
v 0.412215 -0.117711 -0.100000
v 0.394897 -0.109675 0.100000
v 0.394897 -0.109675 -0.100000
v 0.377788 -0.100511 0.100000
v 0.377788 -0.100511 -0.100000
v 0.360860 -0.090105 0.100000
v 0.360860 -0.090105 -0.100000
v 0.344086 -0.078341 0.100000
v 0.344086 -0.078341 -0.100000
v 0.328834 -0.066223 0.100000
v 0.328834 -0.066223 -0.100000
v 0.314559 -0.053660 0.100000
v 0.314559 -0.053660 -0.100000
v 0.301243 -0.040623 0.100000
v 0.301243 -0.040623 -0.100000
v 0.288872 -0.027081 0.100000
v 0.288872 -0.027081 -0.100000
v 0.277429 -0.013006 0.100000
v 0.277429 -0.013006 -0.100000
v 0.266897 0.001632 0.100000
v 0.266897 0.001632 -0.100000
v 0.257262 0.016862 0.100000
v 0.257262 0.016862 -0.100000
v 0.248507 0.032713 0.100000
v 0.248507 0.032713 -0.100000
v 0.240615 0.049215 0.100000
v 0.240615 0.049215 -0.100000
v 0.233572 0.066397 0.100000
v 0.233572 0.066397 -0.100000
v 0.227361 0.084289 0.100000
v 0.227361 0.084289 -0.100000
v 0.221966 0.102919 0.100000
v 0.221966 0.102919 -0.100000
v 0.221020 0.106420 0.100000
v 0.221020 0.106420 -0.100000
v 0.220092 0.109998 0.100000
v 0.220092 0.109998 -0.100000
v 0.219170 0.113635 0.100000
v 0.219170 0.113635 -0.100000
v 0.218240 0.117312 0.100000
v 0.218240 0.117312 -0.100000
v 0.217288 0.121011 0.100000
v 0.217288 0.121011 -0.100000
v 0.216302 0.124712 0.100000
v 0.216302 0.124712 -0.100000
v 0.215268 0.128397 0.100000
v 0.215268 0.128397 -0.100000
v 0.214172 0.132048 0.100000
v 0.214172 0.132048 -0.100000
v 0.213002 0.135645 0.100000
v 0.213002 0.135645 -0.100000
v 0.211743 0.139170 0.100000
v 0.211743 0.139170 -0.100000
v 0.210384 0.142604 0.100000
v 0.210384 0.142604 -0.100000
v 0.208909 0.145929 0.100000
v 0.208909 0.145929 -0.100000
v 0.206431 0.151036 0.100000
v 0.206431 0.151036 -0.100000
v 0.203611 0.155615 0.100000
v 0.203611 0.155615 -0.100000
v 0.200461 0.159682 0.100000
v 0.200461 0.159682 -0.100000
v 0.196990 0.163253 0.100000
v 0.196990 0.163253 -0.100000
v 0.193211 0.166344 0.100000
v 0.193211 0.166344 -0.100000
v 0.189132 0.168971 0.100000
v 0.189132 0.168971 -0.100000
v 0.184766 0.171150 0.100000
v 0.184766 0.171150 -0.100000
v 0.180122 0.172896 0.100000
v 0.180122 0.172896 -0.100000
v 0.175211 0.174227 0.100000
v 0.175211 0.174227 -0.100000
v 0.170045 0.175158 0.100000
v 0.170045 0.175158 -0.100000
v 0.164633 0.175705 0.100000
v 0.164633 0.175705 -0.100000
v 0.158986 0.175883 0.100000
v 0.158986 0.175883 -0.100000
v 0.148496 0.175657 0.100000
v 0.148496 0.175657 -0.100000
v 0.137211 0.174902 0.100000
v 0.137211 0.174902 -0.100000
v 0.125456 0.173507 0.100000
v 0.125456 0.173507 -0.100000
v 0.113558 0.171360 0.100000
v 0.113558 0.171360 -0.100000
v 0.101840 0.168349 0.100000
v 0.101840 0.168349 -0.100000
v 0.090630 0.164363 0.100000
v 0.090630 0.164363 -0.100000
v 0.080251 0.159288 0.100000
v 0.080251 0.159288 -0.100000
v 0.071030 0.153012 0.100000
v 0.071030 0.153012 -0.100000
v 0.063292 0.145425 0.100000
v 0.063292 0.145425 -0.100000
v 0.057362 0.136414 0.100000
v 0.057362 0.136414 -0.100000
v 0.053565 0.125867 0.100000
v 0.053565 0.125867 -0.100000
v 0.052227 0.113671 0.100000
v 0.052227 0.113671 -0.100000
v 0.052476 0.106761 0.100000
v 0.052476 0.106761 -0.100000
v 0.053191 0.099861 0.100000
v 0.053191 0.099861 -0.100000
v 0.054328 0.092982 0.100000
v 0.054328 0.092982 -0.100000
v 0.055840 0.086135 0.100000
v 0.055840 0.086135 -0.100000
v 0.057683 0.079331 0.100000
v 0.057683 0.079331 -0.100000
v 0.059812 0.072581 0.100000
v 0.059812 0.072581 -0.100000
v 0.062181 0.065894 0.100000
v 0.062181 0.065894 -0.100000
v 0.064744 0.059282 0.100000
v 0.064744 0.059282 -0.100000
v 0.067456 0.052755 0.100000
v 0.067456 0.052755 -0.100000
v 0.070273 0.046325 0.100000
v 0.070273 0.046325 -0.100000
v 0.073148 0.040001 0.100000
v 0.073148 0.040001 -0.100000
v 0.076037 0.033794 0.100000
v 0.076037 0.033794 -0.100000
v 0.099321 -0.011998 0.100000
v 0.099321 -0.011998 -0.100000
v 0.123994 -0.053870 0.100000
v 0.123994 -0.053870 -0.100000
v 0.150262 -0.091998 0.100000
v 0.150262 -0.091998 -0.100000
v 0.178330 -0.126557 0.100000
v 0.178330 -0.126557 -0.100000
v 0.208403 -0.157725 0.100000
v 0.208403 -0.157725 -0.100000
v 0.240687 -0.185676 0.100000
v 0.240687 -0.185676 -0.100000
v 0.275388 -0.210587 0.100000
v 0.275388 -0.210587 -0.100000
v 0.312710 -0.232634 0.100000
v 0.312710 -0.232634 -0.100000
v 0.352859 -0.251992 0.100000
v 0.352859 -0.251992 -0.100000
v 0.396040 -0.268839 0.100000
v 0.396040 -0.268839 -0.100000
v 0.442458 -0.283349 0.100000
v 0.442458 -0.283349 -0.100000
v 0.492320 -0.295699 0.100000
v 0.492320 -0.295699 -0.100000
v 0.499424 -0.297201 0.100000
v 0.499424 -0.297201 -0.100000
v 0.506532 -0.298629 0.100000
v 0.506532 -0.298629 -0.100000
v 0.513645 -0.299971 0.100000
v 0.513645 -0.299971 -0.100000
v 0.520766 -0.301217 0.100000
v 0.520766 -0.301217 -0.100000
v 0.527897 -0.302357 0.100000
v 0.527897 -0.302357 -0.100000
v 0.535042 -0.303379 0.100000
v 0.535042 -0.303379 -0.100000
v 0.542203 -0.304274 0.100000
v 0.542203 -0.304274 -0.100000
v 0.549383 -0.305029 0.100000
v 0.549383 -0.305029 -0.100000
v 0.556584 -0.305636 0.100000
v 0.556584 -0.305636 -0.100000
v 0.563809 -0.306082 0.100000
v 0.563809 -0.306082 -0.100000
v 0.571060 -0.306357 0.100000
v 0.571060 -0.306357 -0.100000
v 0.578341 -0.306452 0.100000
v 0.578341 -0.306452 -0.100000
v 0.592976 -0.305391 0.100000
v 0.592976 -0.305391 -0.100000
v 0.606521 -0.302320 0.100000
v 0.606521 -0.302320 -0.100000
v 0.618940 -0.297403 0.100000
v 0.618940 -0.297403 -0.100000
v 0.630199 -0.290806 0.100000
v 0.630199 -0.290806 -0.100000
v 0.640263 -0.282695 0.100000
v 0.640263 -0.282695 -0.100000
v 0.649098 -0.273233 0.100000
v 0.649098 -0.273233 -0.100000
v 0.656668 -0.262588 0.100000
v 0.656668 -0.262588 -0.100000
v 0.662940 -0.250924 0.100000
v 0.662940 -0.250924 -0.100000
v 0.667879 -0.238407 0.100000
v 0.667879 -0.238407 -0.100000
v 0.671449 -0.225202 0.100000
v 0.671449 -0.225202 -0.100000
v 0.673617 -0.211474 0.100000
v 0.673617 -0.211474 -0.100000
v 0.674347 -0.197389 0.100000
v 0.674347 -0.197389 -0.100000
v 0.674282 -0.195117 0.100000
v 0.674282 -0.195117 -0.100000
v 0.674081 -0.192915 0.100000
v 0.674081 -0.192915 -0.100000
v 0.673735 -0.190788 0.100000
v 0.673735 -0.190788 -0.100000
v 0.673238 -0.188741 0.100000
v 0.673238 -0.188741 -0.100000
v 0.672581 -0.186779 0.100000
v 0.672581 -0.186779 -0.100000
v 0.671755 -0.184908 0.100000
v 0.671755 -0.184908 -0.100000
v 0.670754 -0.183133 0.100000
v 0.670754 -0.183133 -0.100000
v 0.669568 -0.181459 0.100000
v 0.669568 -0.181459 -0.100000
v 0.668191 -0.179892 0.100000
v 0.668191 -0.179892 -0.100000
v 0.666613 -0.178436 0.100000
v 0.666613 -0.178436 -0.100000
v 0.664828 -0.177098 0.100000
v 0.664828 -0.177098 -0.100000
v 0.662827 -0.175883 0.100000
v 0.662827 -0.175883 -0.100000
v 0.425793 0.043494 0.100000
v 0.425793 0.043494 -0.100000
v 0.426698 0.035103 0.100000
v 0.426698 0.035103 -0.100000
v 0.428248 0.026498 0.100000
v 0.428248 0.026498 -0.100000
v 0.430477 0.017893 0.100000
v 0.430477 0.017893 -0.100000
v 0.433422 0.009501 0.100000
v 0.433422 0.009501 -0.100000
v 0.437116 0.001536 0.100000
v 0.437116 0.001536 -0.100000
v 0.441594 -0.005789 0.100000
v 0.441594 -0.005789 -0.100000
v 0.446891 -0.012260 0.100000
v 0.446891 -0.012260 -0.100000
v 0.453041 -0.017665 0.100000
v 0.453041 -0.017665 -0.100000
v 0.460079 -0.021790 0.100000
v 0.460079 -0.021790 -0.100000
v 0.468040 -0.024421 0.100000
v 0.468040 -0.024421 -0.100000
v 0.476959 -0.025346 0.100000
v 0.476959 -0.025346 -0.100000
v 0.484654 -0.025266 0.100000
v 0.484654 -0.025266 -0.100000
v 0.492373 -0.025029 0.100000
v 0.492373 -0.025029 -0.100000
v 0.500108 -0.024638 0.100000
v 0.500108 -0.024638 -0.100000
v 0.507851 -0.024094 0.100000
v 0.507851 -0.024094 -0.100000
v 0.515594 -0.023401 0.100000
v 0.515594 -0.023401 -0.100000
v 0.523330 -0.022561 0.100000
v 0.523330 -0.022561 -0.100000
v 0.531049 -0.021578 0.100000
v 0.531049 -0.021578 -0.100000
v 0.538744 -0.020453 0.100000
v 0.538744 -0.020453 -0.100000
v 0.546407 -0.019189 0.100000
v 0.546407 -0.019189 -0.100000
v 0.554030 -0.017790 0.100000
v 0.554030 -0.017790 -0.100000
v 0.561605 -0.016257 0.100000
v 0.561605 -0.016257 -0.100000
v 0.569125 -0.014593 0.100000
v 0.569125 -0.014593 -0.100000
v 0.576629 -0.012881 0.100000
v 0.576629 -0.012881 -0.100000
v 0.584162 -0.011201 0.100000
v 0.584162 -0.011201 -0.100000
v 0.591722 -0.009553 0.100000
v 0.591722 -0.009553 -0.100000
v 0.599306 -0.007936 0.100000
v 0.599306 -0.007936 -0.100000
v 0.606911 -0.006352 0.100000
v 0.606911 -0.006352 -0.100000
v 0.614535 -0.004800 0.100000
v 0.614535 -0.004800 -0.100000
v 0.622175 -0.003280 0.100000
v 0.622175 -0.003280 -0.100000
v 0.629829 -0.001792 0.100000
v 0.629829 -0.001792 -0.100000
v 0.637493 -0.000336 0.100000
v 0.637493 -0.000336 -0.100000
v 0.645165 0.001088 0.100000
v 0.645165 0.001088 -0.100000
v 0.652842 0.002480 0.100000
v 0.652842 0.002480 -0.100000
v 0.660522 0.003840 0.100000
v 0.660522 0.003840 -0.100000
v 0.663563 0.004419 0.100000
v 0.663563 0.004419 -0.100000
v 0.666546 0.005010 0.100000
v 0.666546 0.005010 -0.100000
v 0.669475 0.005628 0.100000
v 0.669475 0.005628 -0.100000
v 0.672356 0.006287 0.100000
v 0.672356 0.006287 -0.100000
v 0.675194 0.006998 0.100000
v 0.675194 0.006998 -0.100000
v 0.677996 0.007777 0.100000
v 0.677996 0.007777 -0.100000
v 0.680765 0.008635 0.100000
v 0.680765 0.008635 -0.100000
v 0.683507 0.009586 0.100000
v 0.683507 0.009586 -0.100000
v 0.686228 0.010645 0.100000
v 0.686228 0.010645 -0.100000
v 0.688933 0.011823 0.100000
v 0.688933 0.011823 -0.100000
v 0.691627 0.013135 0.100000
v 0.691627 0.013135 -0.100000
v 0.694317 0.014593 0.100000
v 0.694317 0.014593 -0.100000
v 0.697230 0.016355 0.100000
v 0.697230 0.016355 -0.100000
v 0.699835 0.018195 0.100000
v 0.699835 0.018195 -0.100000
v 0.702141 0.020125 0.100000
v 0.702141 0.020125 -0.100000
v 0.704159 0.022160 0.100000
v 0.704159 0.022160 -0.100000
v 0.705899 0.024311 0.100000
v 0.705899 0.024311 -0.100000
v 0.707373 0.026594 0.100000
v 0.707373 0.026594 -0.100000
v 0.708591 0.029020 0.100000
v 0.708591 0.029020 -0.100000
v 0.709564 0.031604 0.100000
v 0.709564 0.031604 -0.100000
v 0.710302 0.034358 0.100000
v 0.710302 0.034358 -0.100000
v 0.710815 0.037297 0.100000
v 0.710815 0.037297 -0.100000
v 0.711116 0.040432 0.100000
v 0.711116 0.040432 -0.100000
v 0.711214 0.043779 0.100000
v 0.711214 0.043779 -0.100000
v 0.710890 0.051865 0.100000
v 0.710890 0.051865 -0.100000
v 0.709901 0.060591 0.100000
v 0.709901 0.060591 -0.100000
v 0.708225 0.069700 0.100000
v 0.708225 0.069700 -0.100000
v 0.705837 0.078938 0.100000
v 0.705837 0.078938 -0.100000
v 0.702713 0.088048 0.100000
v 0.702713 0.088048 -0.100000
v 0.698829 0.096774 0.100000
v 0.698829 0.096774 -0.100000
v 0.694161 0.104860 0.100000
v 0.694161 0.104860 -0.100000
v 0.688684 0.112050 0.100000
v 0.688684 0.112050 -0.100000
v 0.682376 0.118088 0.100000
v 0.682376 0.118088 -0.100000
v 0.675211 0.122717 0.100000
v 0.675211 0.122717 -0.100000
v 0.667167 0.125683 0.100000
v 0.667167 0.125683 -0.100000
v 0.658218 0.126728 0.100000
v 0.658218 0.126728 -0.100000
v 0.644281 0.126435 0.100000
v 0.644281 0.126435 -0.100000
v 0.625512 0.125473 0.100000
v 0.625512 0.125473 -0.100000
v 0.603063 0.123716 0.100000
v 0.603063 0.123716 -0.100000
v 0.578085 0.121039 0.100000
v 0.578085 0.121039 -0.100000
v 0.551731 0.117316 0.100000
v 0.551731 0.117316 -0.100000
v 0.525154 0.112423 0.100000
v 0.525154 0.112423 -0.100000
v 0.499504 0.106234 0.100000
v 0.499504 0.106234 -0.100000
v 0.475935 0.098623 0.100000
v 0.475935 0.098623 -0.100000
v 0.455597 0.089466 0.100000
v 0.455597 0.089466 -0.100000
v 0.439644 0.078636 0.100000
v 0.439644 0.078636 -0.100000
v 0.429228 0.066009 0.100000
v 0.429228 0.066009 -0.100000
v 0.425499 0.051459 0.100000
v 0.425499 0.051459 -0.100000
v -0.352943 -0.134398 0.100000
v -0.352943 -0.134398 -0.100000
v -0.356439 -0.142132 0.100000
v -0.356439 -0.142132 -0.100000
v -0.360671 -0.148521 0.100000
v -0.360671 -0.148521 -0.100000
v -0.365591 -0.153695 0.100000
v -0.365591 -0.153695 -0.100000
v -0.371152 -0.157781 0.100000
v -0.371152 -0.157781 -0.100000
v -0.377304 -0.160906 0.100000
v -0.377304 -0.160906 -0.100000
v -0.384001 -0.163200 0.100000
v -0.384001 -0.163200 -0.100000
v -0.391193 -0.164789 0.100000
v -0.391193 -0.164789 -0.100000
v -0.398834 -0.165803 0.100000
v -0.398834 -0.165803 -0.100000
v -0.406874 -0.166368 0.100000
v -0.406874 -0.166368 -0.100000
v -0.415267 -0.166613 0.100000
v -0.415267 -0.166613 -0.100000
v -0.423963 -0.166667 0.100000
v -0.423963 -0.166667 -0.100000
v -0.433932 -0.166604 0.100000
v -0.433932 -0.166604 -0.100000
v -0.443872 -0.166418 0.100000
v -0.443872 -0.166418 -0.100000
v -0.453785 -0.166115 0.100000
v -0.453785 -0.166115 -0.100000
v -0.463674 -0.165700 0.100000
v -0.463674 -0.165700 -0.100000
v -0.473542 -0.165178 0.100000
v -0.473542 -0.165178 -0.100000
v -0.483391 -0.164555 0.100000
v -0.483391 -0.164555 -0.100000
v -0.493224 -0.163835 0.100000
v -0.493224 -0.163835 -0.100000
v -0.503044 -0.163026 0.100000
v -0.503044 -0.163026 -0.100000
v -0.512853 -0.162130 0.100000
v -0.512853 -0.162130 -0.100000
v -0.522654 -0.161155 0.100000
v -0.522654 -0.161155 -0.100000
v -0.532450 -0.160105 0.100000
v -0.532450 -0.160105 -0.100000
v -0.542243 -0.158986 0.100000
v -0.542243 -0.158986 -0.100000
v -0.552050 -0.157882 0.100000
v -0.552050 -0.157882 -0.100000
v -0.561885 -0.156874 0.100000
v -0.561885 -0.156874 -0.100000
v -0.571741 -0.155962 0.100000
v -0.571741 -0.155962 -0.100000
v -0.581612 -0.155146 0.100000
v -0.581612 -0.155146 -0.100000
v -0.591495 -0.154426 0.100000
v -0.591495 -0.154426 -0.100000
v -0.601382 -0.153802 0.100000
v -0.601382 -0.153802 -0.100000
v -0.611270 -0.153274 0.100000
v -0.611270 -0.153274 -0.100000
v -0.621153 -0.152842 0.100000
v -0.621153 -0.152842 -0.100000
v -0.631024 -0.152506 0.100000
v -0.631024 -0.152506 -0.100000
v -0.640880 -0.152266 0.100000
v -0.640880 -0.152266 -0.100000
v -0.650715 -0.152122 0.100000
v -0.650715 -0.152122 -0.100000
v -0.660522 -0.152074 0.100000
v -0.660522 -0.152074 -0.100000
v -0.668392 -0.152319 0.100000
v -0.668392 -0.152319 -0.100000
v -0.675158 -0.153073 0.100000
v -0.675158 -0.153073 -0.100000
v -0.680900 -0.154366 0.100000
v -0.680900 -0.154366 -0.100000
v -0.685697 -0.156227 0.100000
v -0.685697 -0.156227 -0.100000
v -0.689631 -0.158685 0.100000
v -0.689631 -0.158685 -0.100000
v -0.692780 -0.161770 0.100000
v -0.692780 -0.161770 -0.100000
v -0.695226 -0.165511 0.100000
v -0.695226 -0.165511 -0.100000
v -0.697047 -0.169938 0.100000
v -0.697047 -0.169938 -0.100000
v -0.698325 -0.175079 0.100000
v -0.698325 -0.175079 -0.100000
v -0.699138 -0.180964 0.100000
v -0.699138 -0.180964 -0.100000
v -0.699567 -0.187623 0.100000
v -0.699567 -0.187623 -0.100000
v -0.699693 -0.195084 0.100000
v -0.699693 -0.195084 -0.100000
v -0.699683 -0.200533 0.100000
v -0.699683 -0.200533 -0.100000
v -0.699615 -0.206097 0.100000
v -0.699615 -0.206097 -0.100000
v -0.699429 -0.211730 0.100000
v -0.699429 -0.211730 -0.100000
v -0.699067 -0.217386 0.100000
v -0.699067 -0.217386 -0.100000
v -0.698471 -0.223022 0.100000
v -0.698471 -0.223022 -0.100000
v -0.697581 -0.228591 0.100000
v -0.697581 -0.228591 -0.100000
v -0.696339 -0.234047 0.100000
v -0.696339 -0.234047 -0.100000
v -0.694686 -0.239347 0.100000
v -0.694686 -0.239347 -0.100000
v -0.692564 -0.244444 0.100000
v -0.692564 -0.244444 -0.100000
v -0.689914 -0.249292 0.100000
v -0.689914 -0.249292 -0.100000
v -0.686678 -0.253848 0.100000
v -0.686678 -0.253848 -0.100000
v -0.682796 -0.258065 0.100000
v -0.682796 -0.258065 -0.100000
v -0.669804 -0.266817 0.100000
v -0.669804 -0.266817 -0.100000
v -0.651121 -0.274318 0.100000
v -0.651121 -0.274318 -0.100000
v -0.627808 -0.280662 0.100000
v -0.627808 -0.280662 -0.100000
v -0.600927 -0.285942 0.100000
v -0.600927 -0.285942 -0.100000
v -0.571540 -0.290251 0.100000
v -0.571540 -0.290251 -0.100000
v -0.540707 -0.293683 0.100000
v -0.540707 -0.293683 -0.100000
v -0.509489 -0.296331 0.100000
v -0.509489 -0.296331 -0.100000
v -0.478950 -0.298288 0.100000
v -0.478950 -0.298288 -0.100000
v -0.450149 -0.299647 0.100000
v -0.450149 -0.299647 -0.100000
v -0.424148 -0.300503 0.100000
v -0.424148 -0.300503 -0.100000
v -0.402009 -0.300948 0.100000
v -0.402009 -0.300948 -0.100000
v -0.384793 -0.301075 0.100000
v -0.384793 -0.301075 -0.100000
v -0.356516 -0.300248 0.100000
v -0.356516 -0.300248 -0.100000
v -0.330108 -0.297658 0.100000
v -0.330108 -0.297658 -0.100000
v -0.305648 -0.293143 0.100000
v -0.305648 -0.293143 -0.100000
v -0.283211 -0.286539 0.100000
v -0.283211 -0.286539 -0.100000
v -0.262876 -0.277685 0.100000
v -0.262876 -0.277685 -0.100000
v -0.244720 -0.266417 0.100000
v -0.244720 -0.266417 -0.100000
v -0.228820 -0.252573 0.100000
v -0.228820 -0.252573 -0.100000
v -0.215253 -0.235990 0.100000
v -0.215253 -0.235990 -0.100000
v -0.204097 -0.216506 0.100000
v -0.204097 -0.216506 -0.100000
v -0.195429 -0.193957 0.100000
v -0.195429 -0.193957 -0.100000
v -0.189327 -0.168182 0.100000
v -0.189327 -0.168182 -0.100000
v -0.185868 -0.139017 0.100000
v -0.185868 -0.139017 -0.100000
v -0.185308 -0.129815 0.100000
v -0.185308 -0.129815 -0.100000
v -0.184783 -0.120641 0.100000
v -0.184783 -0.120641 -0.100000
v -0.184296 -0.111487 0.100000
v -0.184296 -0.111487 -0.100000
v -0.183848 -0.102350 0.100000
v -0.183848 -0.102350 -0.100000
v -0.183443 -0.093223 0.100000
v -0.183443 -0.093223 -0.100000
v -0.183084 -0.084101 0.100000
v -0.183084 -0.084101 -0.100000
v -0.182772 -0.074980 0.100000
v -0.182772 -0.074980 -0.100000
v -0.182511 -0.065853 0.100000
v -0.182511 -0.065853 -0.100000
v -0.182304 -0.056716 0.100000
v -0.182304 -0.056716 -0.100000
v -0.182152 -0.047562 0.100000
v -0.182152 -0.047562 -0.100000
v -0.182059 -0.038387 0.100000
v -0.182059 -0.038387 -0.100000
v -0.182028 -0.029186 0.100000
v -0.182028 -0.029186 -0.100000
v -0.182027 -0.027443 0.100000
v -0.182027 -0.027443 -0.100000
v -0.182024 -0.025673 0.100000
v -0.182024 -0.025673 -0.100000
v -0.182016 -0.023882 0.100000
v -0.182016 -0.023882 -0.100000
v -0.181999 -0.022074 0.100000
v -0.181999 -0.022074 -0.100000
v -0.181972 -0.020256 0.100000
v -0.181972 -0.020256 -0.100000
v -0.181932 -0.018433 0.100000
v -0.181932 -0.018433 -0.100000
v -0.181875 -0.016610 0.100000
v -0.181875 -0.016610 -0.100000
v -0.181800 -0.014792 0.100000
v -0.181800 -0.014792 -0.100000
v -0.181704 -0.012985 0.100000
v -0.181704 -0.012985 -0.100000
v -0.181583 -0.011194 0.100000
v -0.181583 -0.011194 -0.100000
v -0.181436 -0.009424 0.100000
v -0.181436 -0.009424 -0.100000
v -0.181260 -0.007680 0.100000
v -0.181260 -0.007680 -0.100000
v -0.180594 -0.002140 0.100000
v -0.180594 -0.002140 -0.100000
v -0.179709 0.003296 0.100000
v -0.179709 0.003296 -0.100000
v -0.178547 0.008557 0.100000
v -0.178547 0.008557 -0.100000
v -0.177050 0.013569 0.100000
v -0.177050 0.013569 -0.100000
v -0.175157 0.018261 0.100000
v -0.175157 0.018261 -0.100000
v -0.172811 0.022561 0.100000
v -0.172811 0.022561 -0.100000
v -0.169953 0.026398 0.100000
v -0.169953 0.026398 -0.100000
v -0.166524 0.029698 0.100000
v -0.166524 0.029698 -0.100000
v -0.162466 0.032390 0.100000
v -0.162466 0.032390 -0.100000
v -0.157720 0.034402 0.100000
v -0.157720 0.034402 -0.100000
v -0.152228 0.035662 0.100000
v -0.152228 0.035662 -0.100000
v -0.145929 0.036098 0.100000
v -0.145929 0.036098 -0.100000
v -0.139446 0.035932 0.100000
v -0.139446 0.035932 -0.100000
v -0.133043 0.035472 0.100000
v -0.133043 0.035472 -0.100000
v -0.126704 0.034778 0.100000
v -0.126704 0.034778 -0.100000
v -0.120413 0.033908 0.100000
v -0.120413 0.033908 -0.100000
v -0.114154 0.032920 0.100000
v -0.114154 0.032920 -0.100000
v -0.107911 0.031874 0.100000
v -0.107911 0.031874 -0.100000
v -0.101668 0.030828 0.100000
v -0.101668 0.030828 -0.100000
v -0.095409 0.029840 0.100000
v -0.095409 0.029840 -0.100000
v -0.089118 0.028970 0.100000
v -0.089118 0.028970 -0.100000
v -0.082779 0.028276 0.100000
v -0.082779 0.028276 -0.100000
v -0.076376 0.027816 0.100000
v -0.076376 0.027816 -0.100000
v -0.069892 0.027650 0.100000
v -0.069892 0.027650 -0.100000
v -0.060036 0.028787 0.100000
v -0.060036 0.028787 -0.100000
v -0.051527 0.032009 0.100000
v -0.051527 0.032009 -0.100000
v -0.044271 0.037034 0.100000
v -0.044271 0.037034 -0.100000
v -0.038175 0.043580 0.100000
v -0.038175 0.043580 -0.100000
v -0.033146 0.051362 0.100000
v -0.033146 0.051362 -0.100000
v -0.029090 0.060100 0.100000
v -0.029090 0.060100 -0.100000
v -0.025914 0.069509 0.100000
v -0.025914 0.069509 -0.100000
v -0.023525 0.079308 0.100000
v -0.023525 0.079308 -0.100000
v -0.021829 0.089214 0.100000
v -0.021829 0.089214 -0.100000
v -0.020734 0.098943 0.100000
v -0.020734 0.098943 -0.100000
v -0.020145 0.108214 0.100000
v -0.020145 0.108214 -0.100000
v -0.019969 0.116743 0.100000
v -0.019969 0.116743 -0.100000
v -0.021756 0.127381 0.100000
v -0.021756 0.127381 -0.100000
v -0.026771 0.136364 0.100000
v -0.026771 0.136364 -0.100000
v -0.034502 0.143865 0.100000
v -0.034502 0.143865 -0.100000
v -0.044433 0.150054 0.100000
v -0.044433 0.150054 -0.100000
v -0.056049 0.155101 0.100000
v -0.056049 0.155101 -0.100000
v -0.068836 0.159178 0.100000
v -0.068836 0.159178 -0.100000
v -0.082279 0.162455 0.100000
v -0.082279 0.162455 -0.100000
v -0.095864 0.165102 0.100000
v -0.095864 0.165102 -0.100000
v -0.109075 0.167291 0.100000
v -0.109075 0.167291 -0.100000
v -0.121398 0.169191 0.100000
v -0.121398 0.169191 -0.100000
v -0.132318 0.170975 0.100000
v -0.132318 0.170975 -0.100000
v -0.141321 0.172811 0.100000
v -0.141321 0.172811 -0.100000
v -0.144435 0.173614 0.100000
v -0.144435 0.173614 -0.100000
v -0.147611 0.174500 0.100000
v -0.147611 0.174500 -0.100000
v -0.150814 0.175487 0.100000
v -0.150814 0.175487 -0.100000
v -0.154008 0.176594 0.100000
v -0.154008 0.176594 -0.100000
v -0.157160 0.177840 0.100000
v -0.157160 0.177840 -0.100000
v -0.160234 0.179243 0.100000
v -0.160234 0.179243 -0.100000
v -0.163197 0.180823 0.100000
v -0.163197 0.180823 -0.100000
v -0.166012 0.182597 0.100000
v -0.166012 0.182597 -0.100000
v -0.168647 0.184584 0.100000
v -0.168647 0.184584 -0.100000
v -0.171065 0.186803 0.100000
v -0.171065 0.186803 -0.100000
v -0.173233 0.189273 0.100000
v -0.173233 0.189273 -0.100000
v -0.175115 0.192012 0.100000
v -0.175115 0.192012 -0.100000
v -0.177762 0.196905 0.100000
v -0.177762 0.196905 -0.100000
v -0.179969 0.201965 0.100000
v -0.179969 0.201965 -0.100000
v -0.181776 0.207169 0.100000
v -0.181776 0.207169 -0.100000
v -0.183222 0.212494 0.100000
v -0.183222 0.212494 -0.100000
v -0.184349 0.217914 0.100000
v -0.184349 0.217914 -0.100000
v -0.185196 0.223406 0.100000
v -0.185196 0.223406 -0.100000
v -0.185803 0.228947 0.100000
v -0.185803 0.228947 -0.100000
v -0.186209 0.234511 0.100000
v -0.186209 0.234511 -0.100000
v -0.186456 0.240075 0.100000
v -0.186456 0.240075 -0.100000
v -0.186583 0.245616 0.100000
v -0.186583 0.245616 -0.100000
v -0.186629 0.251108 0.100000
v -0.186629 0.251108 -0.100000
v -0.186636 0.256528 0.100000
v -0.186636 0.256528 -0.100000
v -0.187751 0.270252 0.100000
v -0.187751 0.270252 -0.100000
v -0.190946 0.281956 0.100000
v -0.190946 0.281956 -0.100000
v -0.195997 0.291799 0.100000
v -0.195997 0.291799 -0.100000
v -0.202680 0.299937 0.100000
v -0.202680 0.299937 -0.100000
v -0.210771 0.306529 0.100000
v -0.210771 0.306529 -0.100000
v -0.220046 0.311732 0.100000
v -0.220046 0.311732 -0.100000
v -0.230281 0.315702 0.100000
v -0.230281 0.315702 -0.100000
v -0.241253 0.318598 0.100000
v -0.241253 0.318598 -0.100000
v -0.252736 0.320577 0.100000
v -0.252736 0.320577 -0.100000
v -0.264508 0.321795 0.100000
v -0.264508 0.321795 -0.100000
v -0.276343 0.322410 0.100000
v -0.276343 0.322410 -0.100000
v -0.288018 0.322581 0.100000
v -0.288018 0.322581 -0.100000
v -0.290736 0.322564 0.100000
v -0.290736 0.322564 -0.100000
v -0.293505 0.322510 0.100000
v -0.293505 0.322510 -0.100000
v -0.296311 0.322413 0.100000
v -0.296311 0.322413 -0.100000
v -0.299141 0.322268 0.100000
v -0.299141 0.322268 -0.100000
v -0.301982 0.322070 0.100000
v -0.301982 0.322070 -0.100000
v -0.304820 0.321813 0.100000
v -0.304820 0.321813 -0.100000
v -0.307641 0.321492 0.100000
v -0.307641 0.321492 -0.100000
v -0.310434 0.321101 0.100000
v -0.310434 0.321101 -0.100000
v -0.313184 0.320637 0.100000
v -0.313184 0.320637 -0.100000
v -0.315878 0.320092 0.100000
v -0.315878 0.320092 -0.100000
v -0.318503 0.319461 0.100000
v -0.318503 0.319461 -0.100000
v -0.321045 0.318740 0.100000
v -0.321045 0.318740 -0.100000
v -0.332476 0.312959 0.100000
v -0.332476 0.312959 -0.100000
v -0.340043 0.304812 0.100000
v -0.340043 0.304812 -0.100000
v -0.344554 0.294847 0.100000
v -0.344554 0.294847 -0.100000
v -0.346817 0.283609 0.100000
v -0.346817 0.283609 -0.100000
v -0.347640 0.271646 0.100000
v -0.347640 0.271646 -0.100000
v -0.347830 0.259505 0.100000
v -0.347830 0.259505 -0.100000
v -0.348197 0.247731 0.100000
v -0.348197 0.247731 -0.100000
v -0.349548 0.236872 0.100000
v -0.349548 0.236872 -0.100000
v -0.352691 0.227475 0.100000
v -0.352691 0.227475 -0.100000
v -0.358434 0.220085 0.100000
v -0.358434 0.220085 -0.100000
v -0.367585 0.215251 0.100000
v -0.367585 0.215251 -0.100000
v -0.380952 0.213518 0.100000
v -0.380952 0.213518 -0.100000
v -0.403196 0.214001 0.100000
v -0.403196 0.214001 -0.100000
v -0.425386 0.215338 0.100000
v -0.425386 0.215338 -0.100000
v -0.447533 0.217358 0.100000
v -0.447533 0.217358 -0.100000
v -0.469648 0.219890 0.100000
v -0.469648 0.219890 -0.100000
v -0.491742 0.222763 0.100000
v -0.491742 0.222763 -0.100000
v -0.513825 0.225806 0.100000
v -0.513825 0.225806 -0.100000
v -0.535908 0.228850 0.100000
v -0.535908 0.228850 -0.100000
v -0.558002 0.231723 0.100000
v -0.558002 0.231723 -0.100000
v -0.580117 0.234255 0.100000
v -0.580117 0.234255 -0.100000
v -0.602264 0.236275 0.100000
v -0.602264 0.236275 -0.100000
v -0.624454 0.237612 0.100000
v -0.624454 0.237612 -0.100000
v -0.646697 0.238095 0.100000
v -0.646697 0.238095 -0.100000
v -0.662487 0.237109 0.100000
v -0.662487 0.237109 -0.100000
v -0.676498 0.234234 0.100000
v -0.676498 0.234234 -0.100000
v -0.688808 0.229599 0.100000
v -0.688808 0.229599 -0.100000
v -0.699494 0.223332 0.100000
v -0.699494 0.223332 -0.100000
v -0.708633 0.215560 0.100000
v -0.708633 0.215560 -0.100000
v -0.716302 0.206413 0.100000
v -0.716302 0.206413 -0.100000
v -0.722579 0.196018 0.100000
v -0.722579 0.196018 -0.100000
v -0.727542 0.184502 0.100000
v -0.727542 0.184502 -0.100000
v -0.731267 0.171995 0.100000
v -0.731267 0.171995 -0.100000
v -0.733832 0.158624 0.100000
v -0.733832 0.158624 -0.100000
v -0.735314 0.144516 0.100000
v -0.735314 0.144516 -0.100000
v -0.735791 0.129800 0.100000
v -0.735791 0.129800 -0.100000
v -0.732920 0.114457 0.100000
v -0.732920 0.114457 -0.100000
v -0.724853 0.094865 0.100000
v -0.724853 0.094865 -0.100000
v -0.712414 0.072089 0.100000
v -0.712414 0.072089 -0.100000
v -0.696421 0.047192 0.100000
v -0.696421 0.047192 -0.100000
v -0.677698 0.021240 0.100000
v -0.677698 0.021240 -0.100000
v -0.657066 -0.004704 0.100000
v -0.657066 -0.004704 -0.100000
v -0.635346 -0.029577 0.100000
v -0.635346 -0.029577 -0.100000
v -0.613358 -0.052313 0.100000
v -0.613358 -0.052313 -0.100000
v -0.591926 -0.071849 0.100000
v -0.591926 -0.071849 -0.100000
v -0.571869 -0.087120 0.100000
v -0.571869 -0.087120 -0.100000
v -0.554011 -0.097064 0.100000
v -0.554011 -0.097064 -0.100000
v -0.539171 -0.100614 0.100000
v -0.539171 -0.100614 -0.100000
v -0.531725 -0.099691 0.100000
v -0.531725 -0.099691 -0.100000
v -0.523066 -0.097066 0.100000
v -0.523066 -0.097066 -0.100000
v -0.513549 -0.092958 0.100000
v -0.513549 -0.092958 -0.100000
v -0.503527 -0.087586 0.100000
v -0.503527 -0.087586 -0.100000
v -0.493356 -0.081169 0.100000
v -0.493356 -0.081169 -0.100000
v -0.483391 -0.073925 0.100000
v -0.483391 -0.073925 -0.100000
v -0.473985 -0.066073 0.100000
v -0.473985 -0.066073 -0.100000
v -0.465495 -0.057831 0.100000
v -0.465495 -0.057831 -0.100000
v -0.458273 -0.049419 0.100000
v -0.458273 -0.049419 -0.100000
v -0.452676 -0.041055 0.100000
v -0.452676 -0.041055 -0.100000
v -0.449058 -0.032958 0.100000
v -0.449058 -0.032958 -0.100000
v -0.447773 -0.025346 0.100000
v -0.447773 -0.025346 -0.100000
v -0.449091 -0.015221 0.100000
v -0.449091 -0.015221 -0.100000
v -0.452751 -0.005533 0.100000
v -0.452751 -0.005533 -0.100000
v -0.458309 0.003792 0.100000
v -0.458309 0.003792 -0.100000
v -0.465324 0.012829 0.100000
v -0.465324 0.012829 -0.100000
v -0.473352 0.021653 0.100000
v -0.473352 0.021653 -0.100000
v -0.481951 0.030338 0.100000
v -0.481951 0.030338 -0.100000
v -0.490678 0.038959 0.100000
v -0.490678 0.038959 -0.100000
v -0.499090 0.047591 0.100000
v -0.499090 0.047591 -0.100000
v -0.506744 0.056308 0.100000
v -0.506744 0.056308 -0.100000
v -0.513199 0.065185 0.100000
v -0.513199 0.065185 -0.100000
v -0.518011 0.074296 0.100000
v -0.518011 0.074296 -0.100000
v -0.520737 0.083717 0.100000
v -0.520737 0.083717 -0.100000
v -0.516129 0.083717 0.100000
v -0.516129 0.083717 -0.100000
v -0.507815 0.083559 0.100000
v -0.507815 0.083559 -0.100000
v -0.497045 0.083088 0.100000
v -0.497045 0.083088 -0.100000
v -0.484339 0.082313 0.100000
v -0.484339 0.082313 -0.100000
v -0.470217 0.081243 0.100000
v -0.470217 0.081243 -0.100000
v -0.455198 0.079884 0.100000
v -0.455198 0.079884 -0.100000
v -0.439804 0.078245 0.100000
v -0.439804 0.078245 -0.100000
v -0.424554 0.076334 0.100000
v -0.424554 0.076334 -0.100000
v -0.409968 0.074159 0.100000
v -0.409968 0.074159 -0.100000
v -0.396565 0.071729 0.100000
v -0.396565 0.071729 -0.100000
v -0.384867 0.069050 0.100000
v -0.384867 0.069050 -0.100000
v -0.375393 0.066131 0.100000
v -0.375393 0.066131 -0.100000
v -0.368664 0.062980 0.100000
v -0.368664 0.062980 -0.100000
v -0.363017 0.058484 0.100000
v -0.363017 0.058484 -0.100000
v -0.358309 0.052807 0.100000
v -0.358309 0.052807 -0.100000
v -0.354455 0.046143 0.100000
v -0.354455 0.046143 -0.100000
v -0.351368 0.038687 0.100000
v -0.351368 0.038687 -0.100000
v -0.348965 0.030634 0.100000
v -0.348965 0.030634 -0.100000
v -0.347158 0.022177 0.100000
v -0.347158 0.022177 -0.100000
v -0.345864 0.013513 0.100000
v -0.345864 0.013513 -0.100000
v -0.344996 0.004836 0.100000
v -0.344996 0.004836 -0.100000
v -0.344470 -0.003660 0.100000
v -0.344470 -0.003660 -0.100000
v -0.344200 -0.011780 0.100000
v -0.344200 -0.011780 -0.100000
v -0.344100 -0.019330 0.100000
v -0.344100 -0.019330 -0.100000
v -0.344086 -0.026114 0.100000
v -0.344086 -0.026114 -0.100000
v -0.344119 -0.034385 0.100000
v -0.344119 -0.034385 -0.100000
v -0.344221 -0.042684 0.100000
v -0.344221 -0.042684 -0.100000
v -0.344398 -0.051003 0.100000
v -0.344398 -0.051003 -0.100000
v -0.344655 -0.059339 0.100000
v -0.344655 -0.059339 -0.100000
v -0.344997 -0.067685 0.100000
v -0.344997 -0.067685 -0.100000
v -0.345430 -0.076037 0.100000
v -0.345430 -0.076037 -0.100000
v -0.345959 -0.084389 0.100000
v -0.345959 -0.084389 -0.100000
v -0.346589 -0.092735 0.100000
v -0.346589 -0.092735 -0.100000
v -0.347326 -0.101070 0.100000
v -0.347326 -0.101070 -0.100000
v -0.348175 -0.109390 0.100000
v -0.348175 -0.109390 -0.100000
v -0.349141 -0.117688 0.100000
v -0.349141 -0.117688 -0.100000
v -0.350230 -0.125960 0.100000
v -0.350230 -0.125960 -0.100000
v -0.350230 -0.125192 0.100000
v -0.350230 -0.125192 -0.100000
v -0.869190 0.072016 0.100000
v -0.869190 0.072016 -0.100000
v -0.868653 0.091167 0.100000
v -0.868653 0.091167 -0.100000
v -0.868100 0.111571 0.100000
v -0.868100 0.111571 -0.100000
v -0.867810 0.132816 0.100000
v -0.867810 0.132816 -0.100000
v -0.868065 0.154487 0.100000
v -0.868065 0.154487 -0.100000
v -0.869144 0.176171 0.100000
v -0.869144 0.176171 -0.100000
v -0.871326 0.197456 0.100000
v -0.871326 0.197456 -0.100000
v -0.874893 0.217927 0.100000
v -0.874893 0.217927 -0.100000
v -0.880124 0.237171 0.100000
v -0.880124 0.237171 -0.100000
v -0.887300 0.254775 0.100000
v -0.887300 0.254775 -0.100000
v -0.896699 0.270326 0.100000
v -0.896699 0.270326 -0.100000
v -0.908602 0.283410 0.100000
v -0.908602 0.283410 -0.100000
v -0.914020 0.287484 0.100000
v -0.914020 0.287484 -0.100000
v -0.920201 0.290909 0.100000
v -0.920201 0.290909 -0.100000
v -0.927011 0.293743 0.100000
v -0.927011 0.293743 -0.100000
v -0.934318 0.296040 0.100000
v -0.934318 0.296040 -0.100000
v -0.941987 0.297858 0.100000
v -0.941987 0.297858 -0.100000
v -0.949885 0.299251 0.100000
v -0.949885 0.299251 -0.100000
v -0.957879 0.300277 0.100000
v -0.957879 0.300277 -0.100000
v -0.965836 0.300990 0.100000
v -0.965836 0.300990 -0.100000
v -0.973622 0.301447 0.100000
v -0.973622 0.301447 -0.100000
v -0.981105 0.301705 0.100000
v -0.981105 0.301705 -0.100000
v -0.988150 0.301818 0.100000
v -0.988150 0.301818 -0.100000
v -0.994624 0.301843 0.100000
v -0.994624 0.301843 -0.100000
v -1.005670 0.300900 0.100000
v -1.005670 0.300900 -0.100000
v -1.015084 0.298202 0.100000
v -1.015084 0.298202 -0.100000
v -1.022993 0.293947 0.100000
v -1.022993 0.293947 -0.100000
v -1.029527 0.288331 0.100000
v -1.029527 0.288331 -0.100000
v -1.034813 0.281553 0.100000
v -1.034813 0.281553 -0.100000
v -1.038978 0.273810 0.100000
v -1.038978 0.273810 -0.100000
v -1.042152 0.265298 0.100000
v -1.042152 0.265298 -0.100000
v -1.044461 0.256216 0.100000
v -1.044461 0.256216 -0.100000
v -1.046035 0.246760 0.100000
v -1.046035 0.246760 -0.100000
v -1.047000 0.237128 0.100000
v -1.047000 0.237128 -0.100000
v -1.047486 0.227518 0.100000
v -1.047486 0.227518 -0.100000
v -1.047619 0.218126 0.100000
v -1.047619 0.218126 -0.100000
v -1.047589 0.199486 0.100000
v -1.047589 0.199486 -0.100000
v -1.047505 0.180819 0.100000
v -1.047505 0.180819 -0.100000
v -1.047379 0.162130 0.100000
v -1.047379 0.162130 -0.100000
v -1.047221 0.143426 0.100000
v -1.047221 0.143426 -0.100000
v -1.047041 0.124711 0.100000
v -1.047041 0.124711 -0.100000
v -1.046851 0.105991 0.100000
v -1.046851 0.105991 -0.100000
v -1.046661 0.087270 0.100000
v -1.046661 0.087270 -0.100000
v -1.046481 0.068556 0.100000
v -1.046481 0.068556 -0.100000
v -1.046323 0.049851 0.100000
v -1.046323 0.049851 -0.100000
v -1.046197 0.031163 0.100000
v -1.046197 0.031163 -0.100000
v -1.046113 0.012496 0.100000
v -1.046113 0.012496 -0.100000
v -1.046083 -0.006144 0.100000
v -1.046083 -0.006144 -0.100000
v -1.046077 -0.014703 0.100000
v -1.046077 -0.014703 -0.100000
v -1.046165 -0.026099 0.100000
v -1.046165 -0.026099 -0.100000
v -1.046503 -0.039651 0.100000
v -1.046503 -0.039651 -0.100000
v -1.047249 -0.054674 0.100000
v -1.047249 -0.054674 -0.100000
v -1.048561 -0.070486 0.100000
v -1.048561 -0.070486 -0.100000
v -1.050595 -0.086406 0.100000
v -1.050595 -0.086406 -0.100000
v -1.053510 -0.101749 0.100000
v -1.053510 -0.101749 -0.100000
v -1.057462 -0.115833 0.100000
v -1.057462 -0.115833 -0.100000
v -1.062608 -0.127976 0.100000
v -1.062608 -0.127976 -0.100000
v -1.069107 -0.137495 0.100000
v -1.069107 -0.137495 -0.100000
v -1.077115 -0.143707 0.100000
v -1.077115 -0.143707 -0.100000
v -1.086790 -0.145929 0.100000
v -1.086790 -0.145929 -0.100000
v -1.108473 -0.144303 0.100000
v -1.108473 -0.144303 -0.100000
v -1.129690 -0.139643 0.100000
v -1.129690 -0.139643 -0.100000
v -1.150358 -0.132272 0.100000
v -1.150358 -0.132272 -0.100000
v -1.170393 -0.122518 0.100000
v -1.170393 -0.122518 -0.100000
v -1.189714 -0.110705 0.100000
v -1.189714 -0.110705 -0.100000
v -1.208238 -0.097158 0.100000
v -1.208238 -0.097158 -0.100000
v -1.225881 -0.082203 0.100000
v -1.225881 -0.082203 -0.100000
v -1.242561 -0.066166 0.100000
v -1.242561 -0.066166 -0.100000
v -1.258197 -0.049371 0.100000
v -1.258197 -0.049371 -0.100000
v -1.272704 -0.032144 0.100000
v -1.272704 -0.032144 -0.100000
v -1.286000 -0.014811 0.100000
v -1.286000 -0.014811 -0.100000
v -1.298003 0.002304 0.100000
v -1.298003 0.002304 -0.100000
v -1.299909 0.005744 0.100000
v -1.299909 0.005744 -0.100000
v -1.301790 0.009149 0.100000
v -1.301790 0.009149 -0.100000
v -1.303656 0.012517 0.100000
v -1.303656 0.012517 -0.100000
v -1.305513 0.015845 0.100000
v -1.305513 0.015845 -0.100000
v -1.307370 0.019130 0.100000
v -1.307370 0.019130 -0.100000
v -1.309236 0.022369 0.100000
v -1.309236 0.022369 -0.100000
v -1.311117 0.025561 0.100000
v -1.311117 0.025561 -0.100000
v -1.313023 0.028702 0.100000
v -1.313023 0.028702 -0.100000
v -1.314960 0.031790 0.100000
v -1.314960 0.031790 -0.100000
v -1.316938 0.034822 0.100000
v -1.316938 0.034822 -0.100000
v -1.318963 0.037795 0.100000
v -1.318963 0.037795 -0.100000
v -1.321045 0.040707 0.100000
v -1.321045 0.040707 -0.100000
v -1.323704 0.045863 0.100000
v -1.323704 0.045863 -0.100000
v -1.327025 0.051943 0.100000
v -1.327025 0.051943 -0.100000
v -1.330933 0.058684 0.100000
v -1.330933 0.058684 -0.100000
v -1.335353 0.065825 0.100000
v -1.335353 0.065825 -0.100000
v -1.340210 0.073104 0.100000
v -1.340210 0.073104 -0.100000
v -1.345430 0.080261 0.100000
v -1.345430 0.080261 -0.100000
v -1.350938 0.087034 0.100000
v -1.350938 0.087034 -0.100000
v -1.356659 0.093162 0.100000
v -1.356659 0.093162 -0.100000
v -1.362519 0.098382 0.100000
v -1.362519 0.098382 -0.100000
v -1.368443 0.102435 0.100000
v -1.368443 0.102435 -0.100000
v -1.374357 0.105058 0.100000
v -1.374357 0.105058 -0.100000
v -1.380184 0.105991 0.100000
v -1.380184 0.105991 -0.100000
v -1.389989 0.105421 0.100000
v -1.389989 0.105421 -0.100000
v -1.401082 0.103740 0.100000
v -1.401082 0.103740 -0.100000
v -1.413054 0.100986 0.100000
v -1.413054 0.100986 -0.100000
v -1.425499 0.097201 0.100000
v -1.425499 0.097201 -0.100000
v -1.438008 0.092423 0.100000
v -1.438008 0.092423 -0.100000
v -1.450173 0.086694 0.100000
v -1.450173 0.086694 -0.100000
v -1.461586 0.080052 0.100000
v -1.461586 0.080052 -0.100000
v -1.471838 0.072538 0.100000
v -1.471838 0.072538 -0.100000
v -1.480523 0.064192 0.100000
v -1.480523 0.064192 -0.100000
v -1.487231 0.055054 0.100000
v -1.487231 0.055054 -0.100000
v -1.491556 0.045164 0.100000
v -1.491556 0.045164 -0.100000
v -1.493088 0.034562 0.100000
v -1.493088 0.034562 -0.100000
v -1.492294 0.027859 0.100000
v -1.492294 0.027859 -0.100000
v -1.490065 0.019852 0.100000
v -1.490065 0.019852 -0.100000
v -1.486631 0.010837 0.100000
v -1.486631 0.010837 -0.100000
v -1.482221 0.001109 0.100000
v -1.482221 0.001109 -0.100000
v -1.477064 -0.009034 0.100000
v -1.477064 -0.009034 -0.100000
v -1.471390 -0.019297 0.100000
v -1.471390 -0.019297 -0.100000
v -1.465428 -0.029385 0.100000
v -1.465428 -0.029385 -0.100000
v -1.459407 -0.039000 0.100000
v -1.459407 -0.039000 -0.100000
v -1.453557 -0.047847 0.100000
v -1.453557 -0.047847 -0.100000
v -1.448107 -0.055630 0.100000
v -1.448107 -0.055630 -0.100000
v -1.443286 -0.062053 0.100000
v -1.443286 -0.062053 -0.100000
v -1.439324 -0.066820 0.100000
v -1.439324 -0.066820 -0.100000
v -1.404762 -0.115207 0.100000
v -1.404762 -0.115207 -0.100000
v -1.379678 -0.145955 0.100000
v -1.379678 -0.145955 -0.100000
v -1.352197 -0.173721 0.100000
v -1.352197 -0.173721 -0.100000
v -1.322545 -0.198565 0.100000
v -1.322545 -0.198565 -0.100000
v -1.290949 -0.220544 0.100000
v -1.290949 -0.220544 -0.100000
v -1.257635 -0.239718 0.100000
v -1.257635 -0.239718 -0.100000
v -1.222830 -0.256144 0.100000
v -1.222830 -0.256144 -0.100000
v -1.186762 -0.269883 0.100000
v -1.186762 -0.269883 -0.100000
v -1.149656 -0.280992 0.100000
v -1.149656 -0.280992 -0.100000
v -1.111739 -0.289531 0.100000
v -1.111739 -0.289531 -0.100000
v -1.073239 -0.295557 0.100000
v -1.073239 -0.295557 -0.100000
v -1.034381 -0.299129 0.100000
v -1.034381 -0.299129 -0.100000
v -0.995392 -0.300307 0.100000
v -0.995392 -0.300307 -0.100000
v -0.990001 -0.300305 0.100000
v -0.990001 -0.300305 -0.100000
v -0.984586 -0.300289 0.100000
v -0.984586 -0.300289 -0.100000
v -0.979155 -0.300247 0.100000
v -0.979155 -0.300247 -0.100000
v -0.973716 -0.300165 0.100000
v -0.973716 -0.300165 -0.100000
v -0.968277 -0.300029 0.100000
v -0.968277 -0.300029 -0.100000
v -0.962846 -0.299827 0.100000
v -0.962846 -0.299827 -0.100000
v -0.957431 -0.299545 0.100000
v -0.957431 -0.299545 -0.100000
v -0.952040 -0.299169 0.100000
v -0.952040 -0.299169 -0.100000
v -0.946681 -0.298687 0.100000
v -0.946681 -0.298687 -0.100000
v -0.941362 -0.298085 0.100000
v -0.941362 -0.298085 -0.100000
v -0.936091 -0.297349 0.100000
v -0.936091 -0.297349 -0.100000
v -0.930876 -0.296467 0.100000
v -0.930876 -0.296467 -0.100000
v -0.917243 -0.290579 0.100000
v -0.917243 -0.290579 -0.100000
v -0.905790 -0.278617 0.100000
v -0.905790 -0.278617 -0.100000
v -0.896325 -0.261641 0.100000
v -0.896325 -0.261641 -0.100000
v -0.888661 -0.240712 0.100000
v -0.888661 -0.240712 -0.100000
v -0.882608 -0.216893 0.100000
v -0.882608 -0.216893 -0.100000
v -0.877976 -0.191244 0.100000
v -0.877976 -0.191244 -0.100000
v -0.874577 -0.164827 0.100000
v -0.874577 -0.164827 -0.100000
v -0.872219 -0.138704 0.100000
v -0.872219 -0.138704 -0.100000
v -0.870716 -0.113935 0.100000
v -0.870716 -0.113935 -0.100000
v -0.869876 -0.091583 0.100000
v -0.869876 -0.091583 -0.100000
v -0.869511 -0.072708 0.100000
v -0.869511 -0.072708 -0.100000
v -0.869432 -0.058372 0.100000
v -0.869432 -0.058372 -0.100000
v -0.869432 0.054531 0.100000
v -0.869432 0.054531 -0.100000
v -1.688748 0.155722 0.100000
v -1.688748 0.155722 -0.100000
v -1.690857 0.159374 0.100000
v -1.690857 0.159374 -0.100000
v -1.692960 0.163030 0.100000
v -1.692960 0.163030 -0.100000
v -1.695056 0.166695 0.100000
v -1.695056 0.166695 -0.100000
v -1.697141 0.170370 0.100000
v -1.697141 0.170370 -0.100000
v -1.699213 0.174059 0.100000
v -1.699213 0.174059 -0.100000
v -1.701268 0.177764 0.100000
v -1.701268 0.177764 -0.100000
v -1.703305 0.181487 0.100000
v -1.703305 0.181487 -0.100000
v -1.705321 0.185232 0.100000
v -1.705321 0.185232 -0.100000
v -1.707313 0.189001 0.100000
v -1.707313 0.189001 -0.100000
v -1.709278 0.192796 0.100000
v -1.709278 0.192796 -0.100000
v -1.711213 0.196621 0.100000
v -1.711213 0.196621 -0.100000
v -1.713102 0.200461 0.100000
v -1.713102 0.200461 -0.100000
v -1.714929 0.204305 0.100000
v -1.714929 0.204305 -0.100000
v -1.716698 0.208153 0.100000
v -1.716698 0.208153 -0.100000
v -1.718410 0.212010 0.100000
v -1.718410 0.212010 -0.100000
v -1.720070 0.215877 0.100000
v -1.720070 0.215877 -0.100000
v -1.721678 0.219758 0.100000
v -1.721678 0.219758 -0.100000
v -1.723239 0.223655 0.100000
v -1.723239 0.223655 -0.100000
v -1.724754 0.227570 0.100000
v -1.724754 0.227570 -0.100000
v -1.726226 0.231507 0.100000
v -1.726226 0.231507 -0.100000
v -1.727659 0.235468 0.100000
v -1.727659 0.235468 -0.100000
v -1.729054 0.239455 0.100000
v -1.729054 0.239455 -0.100000
v -1.730415 0.243472 0.100000
v -1.730415 0.243472 -0.100000
v -1.732032 0.248510 0.100000
v -1.732032 0.248510 -0.100000
v -1.733817 0.253950 0.100000
v -1.733817 0.253950 -0.100000
v -1.735779 0.259685 0.100000
v -1.735779 0.259685 -0.100000
v -1.737924 0.265603 0.100000
v -1.737924 0.265603 -0.100000
v -1.740262 0.271596 0.100000
v -1.740262 0.271596 -0.100000
v -1.742799 0.277554 0.100000
v -1.742799 0.277554 -0.100000
v -1.745545 0.283368 0.100000
v -1.745545 0.283368 -0.100000
v -1.748506 0.288929 0.100000
v -1.748506 0.288929 -0.100000
v -1.751692 0.294127 0.100000
v -1.751692 0.294127 -0.100000
v -1.755110 0.298853 0.100000
v -1.755110 0.298853 -0.100000
v -1.758767 0.302998 0.100000
v -1.758767 0.302998 -0.100000
v -1.762673 0.306452 0.100000
v -1.762673 0.306452 -0.100000
v -1.764624 0.307925 0.100000
v -1.764624 0.307925 -0.100000
v -1.766634 0.309275 0.100000
v -1.766634 0.309275 -0.100000
v -1.768697 0.310508 0.100000
v -1.768697 0.310508 -0.100000
v -1.770808 0.311629 0.100000
v -1.770808 0.311629 -0.100000
v -1.772962 0.312643 0.100000
v -1.772962 0.312643 -0.100000
v -1.775154 0.313556 0.100000
v -1.775154 0.313556 -0.100000
v -1.777377 0.314373 0.100000
v -1.777377 0.314373 -0.100000
v -1.779627 0.315099 0.100000
v -1.779627 0.315099 -0.100000
v -1.781898 0.315740 0.100000
v -1.781898 0.315740 -0.100000
v -1.784185 0.316301 0.100000
v -1.784185 0.316301 -0.100000
v -1.786483 0.316787 0.100000
v -1.786483 0.316787 -0.100000
v -1.788786 0.317204 0.100000
v -1.788786 0.317204 -0.100000
v -1.794622 0.318218 0.100000
v -1.794622 0.318218 -0.100000
v -1.800592 0.318975 0.100000
v -1.800592 0.318975 -0.100000
v -1.806668 0.319508 0.100000
v -1.806668 0.319508 -0.100000
v -1.812824 0.319850 0.100000
v -1.812824 0.319850 -0.100000
v -1.819033 0.320031 0.100000
v -1.819033 0.320031 -0.100000
v -1.825269 0.320084 0.100000
v -1.825269 0.320084 -0.100000
v -1.831505 0.320042 0.100000
v -1.831505 0.320042 -0.100000
v -1.837714 0.319935 0.100000
v -1.837714 0.319935 -0.100000
v -1.843870 0.319796 0.100000
v -1.843870 0.319796 -0.100000
v -1.849946 0.319658 0.100000
v -1.849946 0.319658 -0.100000
v -1.855915 0.319551 0.100000
v -1.855915 0.319551 -0.100000
v -1.861751 0.319508 0.100000
v -1.861751 0.319508 -0.100000
v -1.868739 0.319071 0.100000
v -1.868739 0.319071 -0.100000
v -1.874769 0.317798 0.100000
v -1.874769 0.317798 -0.100000
v -1.879908 0.315752 0.100000
v -1.879908 0.315752 -0.100000
v -1.884224 0.312994 0.100000
v -1.884224 0.312994 -0.100000
v -1.887782 0.309586 0.100000
v -1.887782 0.309586 -0.100000
v -1.890649 0.305588 0.100000
v -1.890649 0.305588 -0.100000
v -1.892892 0.301062 0.100000
v -1.892892 0.301062 -0.100000
v -1.894578 0.296069 0.100000
v -1.894578 0.296069 -0.100000
v -1.895773 0.290671 0.100000
v -1.895773 0.290671 -0.100000
v -1.896544 0.284928 0.100000
v -1.896544 0.284928 -0.100000
v -1.896958 0.278904 0.100000
v -1.896958 0.278904 -0.100000
v -1.897081 0.272657 0.100000
v -1.897081 0.272657 -0.100000
v -1.897160 0.271199 0.100000
v -1.897160 0.271199 -0.100000
v -1.897387 0.269888 0.100000
v -1.897387 0.269888 -0.100000
v -1.897753 0.268709 0.100000
v -1.897753 0.268709 -0.100000
v -1.898248 0.267651 0.100000
v -1.898248 0.267651 -0.100000
v -1.898859 0.266699 0.100000
v -1.898859 0.266699 -0.100000
v -1.899577 0.265841 0.100000
v -1.899577 0.265841 -0.100000
v -1.900392 0.265063 0.100000
v -1.900392 0.265063 -0.100000
v -1.901291 0.264351 0.100000
v -1.901291 0.264351 -0.100000
v -1.902266 0.263693 0.100000
v -1.902266 0.263693 -0.100000
v -1.903304 0.263075 0.100000
v -1.903304 0.263075 -0.100000
v -1.904396 0.262483 0.100000
v -1.904396 0.262483 -0.100000
v -1.905530 0.261905 0.100000
v -1.905530 0.261905 -0.100000
v -1.908412 0.260846 0.100000
v -1.908412 0.260846 -0.100000
v -1.911820 0.259963 0.100000
v -1.911820 0.259963 -0.100000
v -1.915959 0.259241 0.100000
v -1.915959 0.259241 -0.100000
v -1.921033 0.258662 0.100000
v -1.921033 0.258662 -0.100000
v -1.927249 0.258211 0.100000
v -1.927249 0.258211 -0.100000
v -1.934812 0.257872 0.100000
v -1.934812 0.257872 -0.100000
v -1.943927 0.257630 0.100000
v -1.943927 0.257630 -0.100000
v -1.954799 0.257467 0.100000
v -1.954799 0.257467 -0.100000
v -1.967634 0.257368 0.100000
v -1.967634 0.257368 -0.100000
v -1.982637 0.257318 0.100000
v -1.982637 0.257318 -0.100000
v -2.000014 0.257299 0.100000
v -2.000014 0.257299 -0.100000
v -2.019969 0.257296 0.100000
v -2.019969 0.257296 -0.100000
v -2.030988 0.257296 0.100000
v -2.030988 0.257296 -0.100000
v -2.044814 0.257229 0.100000
v -2.044814 0.257229 -0.100000
v -2.060832 0.256996 0.100000
v -2.060832 0.256996 -0.100000
v -2.078426 0.256500 0.100000
v -2.078426 0.256500 -0.100000
v -2.096981 0.255641 0.100000
v -2.096981 0.255641 -0.100000
v -2.115879 0.254320 0.100000
v -2.115879 0.254320 -0.100000
v -2.134506 0.252440 0.100000
v -2.134506 0.252440 -0.100000
v -2.152244 0.249900 0.100000
v -2.152244 0.249900 -0.100000
v -2.168479 0.246604 0.100000
v -2.168479 0.246604 -0.100000
v -2.182593 0.242451 0.100000
v -2.182593 0.242451 -0.100000
v -2.193971 0.237344 0.100000
v -2.193971 0.237344 -0.100000
v -2.201997 0.231183 0.100000
v -2.201997 0.231183 -0.100000
v -2.206408 0.225652 0.100000
v -2.206408 0.225652 -0.100000
v -2.210086 0.219836 0.100000
v -2.210086 0.219836 -0.100000
v -2.213098 0.213770 0.100000
v -2.213098 0.213770 -0.100000
v -2.215509 0.207487 0.100000
v -2.215509 0.207487 -0.100000
v -2.217387 0.201023 0.100000
v -2.217387 0.201023 -0.100000
v -2.218798 0.194412 0.100000
v -2.218798 0.194412 -0.100000
v -2.219809 0.187690 0.100000
v -2.219809 0.187690 -0.100000
v -2.220487 0.180890 0.100000
v -2.220487 0.180890 -0.100000
v -2.220898 0.174047 0.100000
v -2.220898 0.174047 -0.100000
v -2.221109 0.167196 0.100000
v -2.221109 0.167196 -0.100000
v -2.221187 0.160372 0.100000
v -2.221187 0.160372 -0.100000
v -2.221198 0.153610 0.100000
v -2.221198 0.153610 -0.100000
v -2.219200 0.095322 0.100000
v -2.219200 0.095322 -0.100000
v -2.213027 0.040991 0.100000
v -2.213027 0.040991 -0.100000
v -2.202405 -0.009457 0.100000
v -2.202405 -0.009457 -0.100000
v -2.187063 -0.056096 0.100000
v -2.187063 -0.056096 -0.100000
v -2.166728 -0.099002 0.100000
v -2.166728 -0.099002 -0.100000
v -2.141129 -0.138249 0.100000
v -2.141129 -0.138249 -0.100000
v -2.109993 -0.173912 0.100000
v -2.109993 -0.173912 -0.100000
v -2.073050 -0.206065 0.100000
v -2.073050 -0.206065 -0.100000
v -2.030026 -0.234783 0.100000
v -2.030026 -0.234783 -0.100000
v -1.980649 -0.260141 0.100000
v -1.980649 -0.260141 -0.100000
v -1.924648 -0.282214 0.100000
v -1.924648 -0.282214 -0.100000
v -1.861751 -0.301075 0.100000
v -1.861751 -0.301075 -0.100000
v -1.853369 -0.303228 0.100000
v -1.853369 -0.303228 -0.100000
v -1.844424 -0.305431 0.100000
v -1.844424 -0.305431 -0.100000
v -1.835025 -0.307640 0.100000
v -1.835025 -0.307640 -0.100000
v -1.825283 -0.309808 0.100000
v -1.825283 -0.309808 -0.100000
v -1.815306 -0.311892 0.100000
v -1.815306 -0.311892 -0.100000
v -1.805203 -0.313844 0.100000
v -1.805203 -0.313844 -0.100000
v -1.795085 -0.315621 0.100000
v -1.795085 -0.315621 -0.100000
v -1.785060 -0.317176 0.100000
v -1.785060 -0.317176 -0.100000
v -1.775237 -0.318464 0.100000
v -1.775237 -0.318464 -0.100000
v -1.765727 -0.319441 0.100000
v -1.765727 -0.319441 -0.100000
v -1.756638 -0.320060 0.100000
v -1.756638 -0.320060 -0.100000
v -1.748080 -0.320276 0.100000
v -1.748080 -0.320276 -0.100000
v -1.734761 -0.319055 0.100000
v -1.734761 -0.319055 -0.100000
v -1.722492 -0.315558 0.100000
v -1.722492 -0.315558 -0.100000
v -1.711333 -0.310040 0.100000
v -1.711333 -0.310040 -0.100000
v -1.701343 -0.302754 0.100000
v -1.701343 -0.302754 -0.100000
v -1.692578 -0.293953 0.100000
v -1.692578 -0.293953 -0.100000
v -1.685100 -0.283890 0.100000
v -1.685100 -0.283890 -0.100000
v -1.678965 -0.272820 0.100000
v -1.678965 -0.272820 -0.100000
v -1.674233 -0.260994 0.100000
v -1.674233 -0.260994 -0.100000
v -1.670963 -0.248668 0.100000
v -1.670963 -0.248668 -0.100000
v -1.669212 -0.236093 0.100000
v -1.669212 -0.236093 -0.100000
v -1.669041 -0.223524 0.100000
v -1.669041 -0.223524 -0.100000
v -1.670507 -0.211214 0.100000
v -1.670507 -0.211214 -0.100000
v -1.672678 -0.202384 0.100000
v -1.672678 -0.202384 -0.100000
v -1.675656 -0.194658 0.100000
v -1.675656 -0.194658 -0.100000
v -1.679315 -0.187956 0.100000
v -1.679315 -0.187956 -0.100000
v -1.683535 -0.182198 0.100000
v -1.683535 -0.182198 -0.100000
v -1.688192 -0.177305 0.100000
v -1.688192 -0.177305 -0.100000
v -1.693164 -0.173195 0.100000
v -1.693164 -0.173195 -0.100000
v -1.698328 -0.169790 0.100000
v -1.698328 -0.169790 -0.100000
v -1.703561 -0.167008 0.100000
v -1.703561 -0.167008 -0.100000
v -1.708741 -0.164771 0.100000
v -1.708741 -0.164771 -0.100000
v -1.713745 -0.162997 0.100000
v -1.713745 -0.162997 -0.100000
v -1.718450 -0.161608 0.100000
v -1.718450 -0.161608 -0.100000
v -1.722734 -0.160522 0.100000
v -1.722734 -0.160522 -0.100000
v -1.758469 -0.152310 0.100000
v -1.758469 -0.152310 -0.100000
v -1.792662 -0.144557 0.100000
v -1.792662 -0.144557 -0.100000
v -1.825245 -0.136665 0.100000
v -1.825245 -0.136665 -0.100000
v -1.856147 -0.128037 0.100000
v -1.856147 -0.128037 -0.100000
v -1.885300 -0.118075 0.100000
v -1.885300 -0.118075 -0.100000
v -1.912634 -0.106183 0.100000
v -1.912634 -0.106183 -0.100000
v -1.938080 -0.091762 0.100000
v -1.938080 -0.091762 -0.100000
v -1.961569 -0.074216 0.100000
v -1.961569 -0.074216 -0.100000
v -1.983031 -0.052947 0.100000
v -1.983031 -0.052947 -0.100000
v -2.002397 -0.027358 0.100000
v -2.002397 -0.027358 -0.100000
v -2.019597 0.003149 0.100000
v -2.019597 0.003149 -0.100000
v -2.034562 0.039171 0.100000
v -2.034562 0.039171 -0.100000
v -2.035873 0.043188 0.100000
v -2.035873 0.043188 -0.100000
v -2.037112 0.047182 0.100000
v -2.037112 0.047182 -0.100000
v -2.038270 0.051159 0.100000
v -2.038270 0.051159 -0.100000
v -2.039341 0.055129 0.100000
v -2.039341 0.055129 -0.100000
v -2.040316 0.059098 0.100000
v -2.040316 0.059098 -0.100000
v -2.041186 0.063076 0.100000
v -2.041186 0.063076 -0.100000
v -2.041945 0.067070 0.100000
v -2.041945 0.067070 -0.100000
v -2.042584 0.071087 0.100000
v -2.042584 0.071087 -0.100000
v -2.043094 0.075137 0.100000
v -2.043094 0.075137 -0.100000
v -2.043469 0.079226 0.100000
v -2.043469 0.079226 -0.100000
v -2.043700 0.083364 0.100000
v -2.043700 0.083364 -0.100000
v -2.043779 0.087558 0.100000
v -2.043779 0.087558 -0.100000
v -2.043593 0.089960 0.100000
v -2.043593 0.089960 -0.100000
v -2.043064 0.092184 0.100000
v -2.043064 0.092184 -0.100000
v -2.042231 0.094242 0.100000
v -2.042231 0.094242 -0.100000
v -2.041133 0.096148 0.100000
v -2.041133 0.096148 -0.100000
v -2.039812 0.097916 0.100000
v -2.039812 0.097916 -0.100000
v -2.038306 0.099558 0.100000
v -2.038306 0.099558 -0.100000
v -2.036657 0.101089 0.100000
v -2.036657 0.101089 -0.100000
v -2.034904 0.102520 0.100000
v -2.034904 0.102520 -0.100000
v -2.033086 0.103867 0.100000
v -2.033086 0.103867 -0.100000
v -2.031245 0.105141 0.100000
v -2.031245 0.105141 -0.100000
v -2.029419 0.106357 0.100000
v -2.029419 0.106357 -0.100000
v -2.027650 0.107527 0.100000
v -2.027650 0.107527 -0.100000
v -2.020135 0.111848 0.100000
v -2.020135 0.111848 -0.100000
v -2.011890 0.115275 0.100000
v -2.011890 0.115275 -0.100000
v -2.003048 0.117908 0.100000
v -2.003048 0.117908 -0.100000
v -1.993742 0.119844 0.100000
v -1.993742 0.119844 -0.100000
v -1.984105 0.121183 0.100000
v -1.984105 0.121183 -0.100000
v -1.974270 0.122024 0.100000
v -1.974270 0.122024 -0.100000
v -1.964372 0.122464 0.100000
v -1.964372 0.122464 -0.100000
v -1.954543 0.122603 0.100000
v -1.954543 0.122603 -0.100000
v -1.944916 0.122540 0.100000
v -1.944916 0.122540 -0.100000
v -1.935626 0.122372 0.100000
v -1.935626 0.122372 -0.100000
v -1.926805 0.122199 0.100000
v -1.926805 0.122199 -0.100000
v -1.918587 0.122120 0.100000
v -1.918587 0.122120 -0.100000
v -1.914954 0.122086 0.100000
v -1.914954 0.122086 -0.100000
v -1.911351 0.121981 0.100000
v -1.911351 0.121981 -0.100000
v -1.907774 0.121796 0.100000
v -1.907774 0.121796 -0.100000
v -1.904221 0.121522 0.100000
v -1.904221 0.121522 -0.100000
v -1.900690 0.121153 0.100000
v -1.900690 0.121153 -0.100000
v -1.897177 0.120680 0.100000
v -1.897177 0.120680 -0.100000
v -1.893681 0.120094 0.100000
v -1.893681 0.120094 -0.100000
v -1.890197 0.119389 0.100000
v -1.890197 0.119389 -0.100000
v -1.886725 0.118556 0.100000
v -1.886725 0.118556 -0.100000
v -1.883260 0.117586 0.100000
v -1.883260 0.117586 -0.100000
v -1.879801 0.116473 0.100000
v -1.879801 0.116473 -0.100000
v -1.876344 0.115207 0.100000
v -1.876344 0.115207 -0.100000
v -1.862178 0.106948 0.100000
v -1.862178 0.106948 -0.100000
v -1.849740 0.094001 0.100000
v -1.849740 0.094001 -0.100000
v -1.838614 0.077405 0.100000
v -1.838614 0.077405 -0.100000
v -1.828384 0.058201 0.100000
v -1.828384 0.058201 -0.100000
v -1.818634 0.037429 0.100000
v -1.818634 0.037429 -0.100000
v -1.808948 0.016129 0.100000
v -1.808948 0.016129 -0.100000
v -1.798910 -0.004659 0.100000
v -1.798910 -0.004659 -0.100000
v -1.788104 -0.023895 0.100000
v -1.788104 -0.023895 -0.100000
v -1.776114 -0.040539 0.100000
v -1.776114 -0.040539 -0.100000
v -1.762523 -0.053550 0.100000
v -1.762523 -0.053550 -0.100000
v -1.746917 -0.061889 0.100000
v -1.746917 -0.061889 -0.100000
v -1.728879 -0.064516 0.100000
v -1.728879 -0.064516 -0.100000
v -1.720910 -0.063814 0.100000
v -1.720910 -0.063814 -0.100000
v -1.709805 -0.062102 0.100000
v -1.709805 -0.062102 -0.100000
v -1.696332 -0.059392 0.100000
v -1.696332 -0.059392 -0.100000
v -1.681260 -0.055698 0.100000
v -1.681260 -0.055698 -0.100000
v -1.665354 -0.051033 0.100000
v -1.665354 -0.051033 -0.100000
v -1.649385 -0.045411 0.100000
v -1.649385 -0.045411 -0.100000
v -1.634120 -0.038845 0.100000
v -1.634120 -0.038845 -0.100000
v -1.620328 -0.031348 0.100000
v -1.620328 -0.031348 -0.100000
v -1.608775 -0.022933 0.100000
v -1.608775 -0.022933 -0.100000
v -1.600230 -0.013615 0.100000
v -1.600230 -0.013615 -0.100000
v -1.595462 -0.003406 0.100000
v -1.595462 -0.003406 -0.100000
v -1.595238 0.007681 0.100000
v -1.595238 0.007681 -0.100000
v -1.598415 0.018603 0.100000
v -1.598415 0.018603 -0.100000
v -1.603822 0.031124 0.100000
v -1.603822 0.031124 -0.100000
v -1.611031 0.044823 0.100000
v -1.611031 0.044823 -0.100000
v -1.619616 0.059282 0.100000
v -1.619616 0.059282 -0.100000
v -1.629151 0.074083 0.100000
v -1.629151 0.074083 -0.100000
v -1.639209 0.088806 0.100000
v -1.639209 0.088806 -0.100000
v -1.649362 0.103033 0.100000
v -1.649362 0.103033 -0.100000
v -1.659185 0.116345 0.100000
v -1.659185 0.116345 -0.100000
v -1.668251 0.128324 0.100000
v -1.668251 0.128324 -0.100000
v -1.676132 0.138551 0.100000
v -1.676132 0.138551 -0.100000
v -1.682403 0.146607 0.100000
v -1.682403 0.146607 -0.100000
v -1.686636 0.152074 0.100000
v -1.686636 0.152074 -0.100000
v -2.779643 0.077045 0.100000
v -2.779643 0.077045 -0.100000
v -2.799159 0.073480 0.100000
v -2.799159 0.073480 -0.100000
v -2.820025 0.069856 0.100000
v -2.820025 0.069856 -0.100000
v -2.841810 0.066081 0.100000
v -2.841810 0.066081 -0.100000
v -2.864087 0.062060 0.100000
v -2.864087 0.062060 -0.100000
v -2.886425 0.057700 0.100000
v -2.886425 0.057700 -0.100000
v -2.908395 0.052908 0.100000
v -2.908395 0.052908 -0.100000
v -2.929567 0.047591 0.100000
v -2.929567 0.047591 -0.100000
v -2.949513 0.041655 0.100000
v -2.949513 0.041655 -0.100000
v -2.967803 0.035007 0.100000
v -2.967803 0.035007 -0.100000
v -2.984007 0.027553 0.100000
v -2.984007 0.027553 -0.100000
v -2.997696 0.019201 0.100000
v -2.997696 0.019201 -0.100000
v -3.002622 0.015225 0.100000
v -3.002622 0.015225 -0.100000
v -3.006700 0.011005 0.100000
v -3.006700 0.011005 -0.100000
v -3.010009 0.006588 0.100000
v -3.010009 0.006588 -0.100000
v -3.012630 0.002020 0.100000
v -3.012630 0.002020 -0.100000
v -3.014644 -0.002656 0.100000
v -3.014644 -0.002656 -0.100000
v -3.016129 -0.007392 0.100000
v -3.016129 -0.007392 -0.100000
v -3.017167 -0.012145 0.100000
v -3.017167 -0.012145 -0.100000
v -3.017836 -0.016869 0.100000
v -3.017836 -0.016869 -0.100000
v -3.018217 -0.021517 0.100000
v -3.018217 -0.021517 -0.100000
v -3.018390 -0.026046 0.100000
v -3.018390 -0.026046 -0.100000
v -3.018436 -0.030410 0.100000
v -3.018436 -0.030410 -0.100000
v -3.018433 -0.034562 0.100000
v -3.018433 -0.034562 -0.100000
v -3.017937 -0.045322 0.100000
v -3.017937 -0.045322 -0.100000
v -3.016445 -0.055996 0.100000
v -3.016445 -0.055996 -0.100000
v -3.013957 -0.066436 0.100000
v -3.013957 -0.066436 -0.100000
v -3.010468 -0.076492 0.100000
v -3.010468 -0.076492 -0.100000
v -3.005977 -0.086014 0.100000
v -3.005977 -0.086014 -0.100000
v -3.000480 -0.094854 0.100000
v -3.000480 -0.094854 -0.100000
v -2.993975 -0.102862 0.100000
v -2.993975 -0.102862 -0.100000
v -2.986460 -0.109888 0.100000
v -2.986460 -0.109888 -0.100000
v -2.977931 -0.115783 0.100000
v -2.977931 -0.115783 -0.100000
v -2.968386 -0.120399 0.100000
v -2.968386 -0.120399 -0.100000
v -2.957822 -0.123585 0.100000
v -2.957822 -0.123585 -0.100000
v -2.946237 -0.125192 0.100000
v -2.946237 -0.125192 -0.100000
v -2.921632 -0.123907 0.100000
v -2.921632 -0.123907 -0.100000
v -2.897313 -0.120356 0.100000
v -2.897313 -0.120356 -0.100000
v -2.873212 -0.114991 0.100000
v -2.873212 -0.114991 -0.100000
v -2.849263 -0.108266 0.100000
v -2.849263 -0.108266 -0.100000
v -2.825400 -0.100635 0.100000
v -2.825400 -0.100635 -0.100000
v -2.801555 -0.092550 0.100000
v -2.801555 -0.092550 -0.100000
v -2.777663 -0.084465 0.100000
v -2.777663 -0.084465 -0.100000
v -2.753655 -0.076833 0.100000
v -2.753655 -0.076833 -0.100000
v -2.729467 -0.070108 0.100000
v -2.729467 -0.070108 -0.100000
v -2.705030 -0.064744 0.100000
v -2.705030 -0.064744 -0.100000
v -2.680279 -0.061192 0.100000
v -2.680279 -0.061192 -0.100000
v -2.655146 -0.059908 0.100000
v -2.655146 -0.059908 -0.100000
v -2.646308 -0.061538 0.100000
v -2.646308 -0.061538 -0.100000
v -2.638911 -0.066102 0.100000
v -2.638911 -0.066102 -0.100000
v -2.632825 -0.073109 0.100000
v -2.632825 -0.073109 -0.100000
v -2.627923 -0.082067 0.100000
v -2.627923 -0.082067 -0.100000
v -2.624078 -0.092488 0.100000
v -2.624078 -0.092488 -0.100000
v -2.621160 -0.103879 0.100000
v -2.621160 -0.103879 -0.100000
v -2.619043 -0.115750 0.100000
v -2.619043 -0.115750 -0.100000
v -2.617597 -0.127610 0.100000
v -2.617597 -0.127610 -0.100000
v -2.616696 -0.138969 0.100000
v -2.616696 -0.138969 -0.100000
v -2.616210 -0.149336 0.100000
v -2.616210 -0.149336 -0.100000
v -2.616013 -0.158220 0.100000
v -2.616013 -0.158220 -0.100000
v -2.615975 -0.165131 0.100000
v -2.615975 -0.165131 -0.100000
v -2.616051 -0.172796 0.100000
v -2.616051 -0.172796 -0.100000
v -2.616260 -0.180435 0.100000
v -2.616260 -0.180435 -0.100000
v -2.616575 -0.188052 0.100000
v -2.616575 -0.188052 -0.100000
v -2.616971 -0.195653 0.100000
v -2.616971 -0.195653 -0.100000
v -2.617420 -0.203244 0.100000
v -2.617420 -0.203244 -0.100000
v -2.617895 -0.210829 0.100000
v -2.617895 -0.210829 -0.100000
v -2.618371 -0.218415 0.100000
v -2.618371 -0.218415 -0.100000
v -2.618820 -0.226006 0.100000
v -2.618820 -0.226006 -0.100000
v -2.619215 -0.233607 0.100000
v -2.619215 -0.233607 -0.100000
v -2.619531 -0.241224 0.100000
v -2.619531 -0.241224 -0.100000
v -2.619740 -0.248863 0.100000
v -2.619740 -0.248863 -0.100000
v -2.619816 -0.256528 0.100000
v -2.619816 -0.256528 -0.100000
v -2.619339 -0.266460 0.100000
v -2.619339 -0.266460 -0.100000
v -2.617927 -0.275178 0.100000
v -2.617927 -0.275178 -0.100000
v -2.615603 -0.282750 0.100000
v -2.615603 -0.282750 -0.100000
v -2.612391 -0.289242 0.100000
v -2.612391 -0.289242 -0.100000
v -2.608315 -0.294720 0.100000
v -2.608315 -0.294720 -0.100000
v -2.603398 -0.299251 0.100000
v -2.603398 -0.299251 -0.100000
v -2.597666 -0.302902 0.100000
v -2.597666 -0.302902 -0.100000
v -2.591142 -0.305740 0.100000
v -2.591142 -0.305740 -0.100000
v -2.583849 -0.307832 0.100000
v -2.583849 -0.307832 -0.100000
v -2.575813 -0.309243 0.100000
v -2.575813 -0.309243 -0.100000
v -2.567056 -0.310041 0.100000
v -2.567056 -0.310041 -0.100000
v -2.557604 -0.310292 0.100000
v -2.557604 -0.310292 -0.100000
v -2.550682 -0.310284 0.100000
v -2.550682 -0.310284 -0.100000
v -2.543768 -0.310228 0.100000
v -2.543768 -0.310228 -0.100000
v -2.536902 -0.310076 0.100000
v -2.536902 -0.310076 -0.100000
v -2.530125 -0.309780 0.100000
v -2.530125 -0.309780 -0.100000
v -2.523475 -0.309292 0.100000
v -2.523475 -0.309292 -0.100000
v -2.516993 -0.308564 0.100000
v -2.516993 -0.308564 -0.100000
v -2.510720 -0.307548 0.100000
v -2.510720 -0.307548 -0.100000
v -2.504694 -0.306196 0.100000
v -2.504694 -0.306196 -0.100000
v -2.498956 -0.304460 0.100000
v -2.498956 -0.304460 -0.100000
v -2.493546 -0.302291 0.100000
v -2.493546 -0.302291 -0.100000
v -2.488505 -0.299643 0.100000
v -2.488505 -0.299643 -0.100000
v -2.483871 -0.296467 0.100000
v -2.483871 -0.296467 -0.100000
v -2.472154 -0.283365 0.100000
v -2.472154 -0.283365 -0.100000
v -2.462590 -0.265386 0.100000
v -2.462590 -0.265386 -0.100000
v -2.454961 -0.243412 0.100000
v -2.454961 -0.243412 -0.100000
v -2.449053 -0.218325 0.100000
v -2.449053 -0.218325 -0.100000
v -2.444649 -0.191009 0.100000
v -2.444649 -0.191009 -0.100000
v -2.441532 -0.162346 0.100000
v -2.441532 -0.162346 -0.100000
v -2.439488 -0.133220 0.100000
v -2.439488 -0.133220 -0.100000
v -2.438300 -0.104512 0.100000
v -2.438300 -0.104512 -0.100000
v -2.437752 -0.077105 0.100000
v -2.437752 -0.077105 -0.100000
v -2.437628 -0.051882 0.100000
v -2.437628 -0.051882 -0.100000
v -2.437712 -0.029727 0.100000
v -2.437712 -0.029727 -0.100000
v -2.437788 -0.011521 0.100000
v -2.437788 -0.011521 -0.100000
v -2.437618 0.006958 0.100000
v -2.437618 0.006958 -0.100000
v -2.437262 0.029872 0.100000
v -2.437262 0.029872 -0.100000
v -2.436948 0.056248 0.100000
v -2.436948 0.056248 -0.100000
v -2.436906 0.085111 0.100000
v -2.436906 0.085111 -0.100000
v -2.437366 0.115490 0.100000
v -2.437366 0.115490 -0.100000
v -2.438556 0.146409 0.100000
v -2.438556 0.146409 -0.100000
v -2.440706 0.176897 0.100000
v -2.440706 0.176897 -0.100000
v -2.444046 0.205979 0.100000
v -2.444046 0.205979 -0.100000
v -2.448805 0.232683 0.100000
v -2.448805 0.232683 -0.100000
v -2.455211 0.256034 0.100000
v -2.455211 0.256034 -0.100000
v -2.463495 0.275060 0.100000
v -2.463495 0.275060 -0.100000
v -2.473886 0.288787 0.100000
v -2.473886 0.288787 -0.100000
v -2.480047 0.293727 0.100000
v -2.480047 0.293727 -0.100000
v -2.486947 0.297847 0.100000
v -2.486947 0.297847 -0.100000
v -2.494492 0.301219 0.100000
v -2.494492 0.301219 -0.100000
v -2.502589 0.303920 0.100000
v -2.502589 0.303920 -0.100000
v -2.511144 0.306023 0.100000
v -2.511144 0.306023 -0.100000
v -2.520065 0.307604 0.100000
v -2.520065 0.307604 -0.100000
v -2.529258 0.308736 0.100000
v -2.529258 0.308736 -0.100000
v -2.538630 0.309495 0.100000
v -2.538630 0.309495 -0.100000
v -2.548087 0.309956 0.100000
v -2.548087 0.309956 -0.100000
v -2.557536 0.310192 0.100000
v -2.557536 0.310192 -0.100000
v -2.566884 0.310279 0.100000
v -2.566884 0.310279 -0.100000
v -2.576037 0.310292 0.100000
v -2.576037 0.310292 -0.100000
v -2.585011 0.309699 0.100000
v -2.585011 0.309699 -0.100000
v -2.592784 0.307981 0.100000
v -2.592784 0.307981 -0.100000
v -2.599438 0.305228 0.100000
v -2.599438 0.305228 -0.100000
v -2.605052 0.301530 0.100000
v -2.605052 0.301530 -0.100000
v -2.609706 0.296980 0.100000
v -2.609706 0.296980 -0.100000
v -2.613479 0.291667 0.100000
v -2.613479 0.291667 -0.100000
v -2.616453 0.285681 0.100000
v -2.616453 0.285681 -0.100000
v -2.618706 0.279115 0.100000
v -2.618706 0.279115 -0.100000
v -2.620320 0.272057 0.100000
v -2.620320 0.272057 -0.100000
v -2.621373 0.264600 0.100000
v -2.621373 0.264600 -0.100000
v -2.621947 0.256833 0.100000
v -2.621947 0.256833 -0.100000
v -2.622120 0.248848 0.100000
v -2.622120 0.248848 -0.100000
v -2.622044 0.243487 0.100000
v -2.622044 0.243487 -0.100000
v -2.621835 0.238156 0.100000
v -2.621835 0.238156 -0.100000
v -2.621520 0.232851 0.100000
v -2.621520 0.232851 -0.100000
v -2.621124 0.227570 0.100000
v -2.621124 0.227570 -0.100000
v -2.620675 0.222311 0.100000
v -2.620675 0.222311 -0.100000
v -2.620200 0.217070 0.100000
v -2.620200 0.217070 -0.100000
v -2.619724 0.211845 0.100000
v -2.619724 0.211845 -0.100000
v -2.619275 0.206634 0.100000
v -2.619275 0.206634 -0.100000
v -2.618880 0.201433 0.100000
v -2.618880 0.201433 -0.100000
v -2.618564 0.196240 0.100000
v -2.618564 0.196240 -0.100000
v -2.618355 0.191053 0.100000
v -2.618355 0.191053 -0.100000
v -2.618279 0.185868 0.100000
v -2.618279 0.185868 -0.100000
v -2.619961 0.166431 0.100000
v -2.619961 0.166431 -0.100000
v -2.624758 0.150125 0.100000
v -2.624758 0.150125 -0.100000
v -2.632296 0.136593 0.100000
v -2.632296 0.136593 -0.100000
v -2.642203 0.125476 0.100000
v -2.642203 0.125476 -0.100000
v -2.654104 0.116419 0.100000
v -2.654104 0.116419 -0.100000
v -2.667627 0.109063 0.100000
v -2.667627 0.109063 -0.100000
v -2.682397 0.103051 0.100000
v -2.682397 0.103051 -0.100000
v -2.698043 0.098026 0.100000
v -2.698043 0.098026 -0.100000
v -2.714190 0.093630 0.100000
v -2.714190 0.093630 -0.100000
v -2.730465 0.089506 0.100000
v -2.730465 0.089506 -0.100000
v -2.746494 0.085297 0.100000
v -2.746494 0.085297 -0.100000
v -2.761905 0.080645 0.100000
v -2.761905 0.080645 -0.100000
vn -0.0000 -0.0000 -1.0000
vn 0.0001 -0.0000 -1.0000
vn -0.0000 -0.0000 1.0000
vn 0.0001 -0.0000 1.0000
vn -0.0231 0.9997 -0.0000
vn -0.0100 0.9999 -0.0000
vn -0.0400 0.9992 -0.0000
vn -0.0612 0.9981 -0.0000
vn -0.0881 0.9961 -0.0000
vn -0.1226 0.9925 -0.0000
vn -0.1681 0.9858 -0.0000
vn -0.2303 0.9731 -0.0000
vn -0.3186 0.9479 -0.0000
vn -0.4486 0.8938 -0.0000
vn -0.6391 0.7692 -0.0000
vn -0.8242 0.5662 -0.0000
vn -0.6391 0.7691 -0.0000
vn -0.9096 0.4155 -0.0000
vn -0.8243 0.5662 -0.0000
vn -0.9362 0.3515 -0.0000
vn -0.9533 0.3020 -0.0000
vn -0.9651 0.2618 -0.0000
vn -0.9737 0.2279 -0.0000
vn -0.9802 0.1978 -0.0000
vn -0.9855 0.1699 -0.0000
vn -0.9802 0.1979 -0.0000
vn -0.9898 0.1427 -0.0000
vn -0.9854 0.1700 -0.0000
vn -0.9934 0.1145 -0.0000
vn -0.9898 0.1428 -0.0000
vn -0.9965 0.0833 -0.0000
vn -0.9989 0.0460 -0.0000
vn -0.9965 0.0834 -0.0000
vn -0.9995 -0.0302 -0.0000
vn -0.9989 0.0461 -0.0000
vn -0.9864 -0.1641 -0.0000
vn -0.9995 -0.0301 -0.0000
vn -0.9524 -0.3047 -0.0000
vn -0.9865 -0.1641 -0.0000
vn -0.9102 -0.4142 -0.0000
vn -0.8694 -0.4940 -0.0000
vn -0.8363 -0.5482 -0.0000
vn -0.8146 -0.5800 -0.0000
vn -0.8069 -0.5907 -0.0000
vn -0.8158 -0.5783 -0.0000
vn -0.8448 -0.5351 -0.0000
vn -0.8960 -0.4440 -0.0000
vn -0.9623 -0.2721 -0.0000
vn -1.0000 -0.0033 -0.0000
vn -0.9603 0.2789 -0.0000
vn -1.0000 -0.0034 -0.0000
vn -0.8750 0.4842 -0.0000
vn -0.9603 0.2788 -0.0000
vn -0.7897 0.6135 -0.0000
vn -0.8749 0.4842 -0.0000
vn -0.7231 0.6908 -0.0000
vn -0.6783 0.7348 -0.0000
vn -0.6545 0.7560 -0.0000
vn -0.6515 0.7586 -0.0000
vn -0.6714 0.7411 -0.0000
vn -0.7199 0.6941 -0.0000
vn -0.8058 0.5922 -0.0000
vn -0.9262 0.3769 -0.0000
vn -0.8058 0.5923 -0.0000
vn -0.9997 0.0247 -0.0000
vn -0.9560 -0.2934 -0.0000
vn -0.8812 -0.4728 -0.0000
vn -0.8156 -0.5786 -0.0000
vn -0.7612 -0.6485 -0.0000
vn -0.7138 -0.7003 -0.0000
vn -0.6693 -0.7430 -0.0000
vn -0.6236 -0.7817 -0.0000
vn -0.6693 -0.7429 -0.0000
vn -0.5716 -0.8205 -0.0000
vn -0.5056 -0.8628 -0.0000
vn -0.4109 -0.9117 -0.0000
vn -0.2554 -0.9668 -0.0000
vn 0.0206 -0.9998 -0.0000
vn 0.3289 -0.9444 -0.0000
vn 0.5234 -0.8521 -0.0000
vn 0.6219 -0.7831 -0.0000
vn 0.6705 -0.7419 -0.0000
vn 0.6908 -0.7231 -0.0000
vn 0.6706 -0.7419 -0.0000
vn 0.6910 -0.7229 -0.0000
vn 0.6730 -0.7396 -0.0000
vn 0.6337 -0.7736 -0.0000
vn 0.5645 -0.8255 -0.0000
vn 0.4488 -0.8936 -0.0000
vn 0.5644 -0.8255 -0.0000
vn 0.2624 -0.9650 -0.0000
vn -0.0050 -1.0000 -0.0000
vn -0.2559 -0.9667 -0.0000
vn -0.4048 -0.9144 -0.0000
vn -0.4833 -0.8754 -0.0000
vn -0.5247 -0.8513 -0.0000
vn -0.4833 -0.8755 -0.0000
vn -0.5436 -0.8394 -0.0000
vn -0.5460 -0.8378 -0.0000
vn -0.5336 -0.8458 -0.0000
vn -0.5044 -0.8635 -0.0000
vn -0.4526 -0.8917 -0.0000
vn -0.3658 -0.9307 -0.0000
vn -0.2208 -0.9753 -0.0000
vn -0.0012 -1.0000 -0.0000
vn 0.2222 -0.9750 -0.0000
vn 0.3807 -0.9247 -0.0000
vn 0.4904 -0.8715 -0.0000
vn 0.5719 -0.8203 -0.0000
vn 0.6375 -0.7705 -0.0000
vn 0.6945 -0.7195 -0.0000
vn 0.7479 -0.6638 -0.0000
vn 0.8013 -0.5983 -0.0000
vn 0.8571 -0.5151 -0.0000
vn 0.9161 -0.4010 -0.0000
vn 0.9722 -0.2342 -0.0000
vn 0.9995 0.0328 -0.0000
vn 0.9431 0.3324 -0.0000
vn 0.8460 0.5332 -0.0000
vn 0.9432 0.3323 -0.0000
vn 0.7656 0.6434 -0.0000
vn 0.8461 0.5331 -0.0000
vn 0.7056 0.7086 -0.0000
vn 0.7656 0.6433 -0.0000
vn 0.6608 0.7505 -0.0000
vn 0.6267 0.7793 -0.0000
vn 0.6000 0.8000 -0.0000
vn 0.5785 0.8157 -0.0000
vn 0.5609 0.8279 -0.0000
vn 0.5461 0.8377 -0.0000
vn 0.5333 0.8459 -0.0000
vn -0.4861 0.8739 -0.0000
vn 0.5334 0.8459 -0.0000
vn -0.4726 0.8813 -0.0000
vn 0.5655 0.8247 -0.0000
vn 0.5857 0.8106 -0.0000
vn 0.6008 0.7994 -0.0000
vn 0.6150 0.7885 -0.0000
vn 0.6303 0.7763 -0.0000
vn 0.6482 0.7614 -0.0000
vn 0.6707 0.7417 -0.0000
vn 0.7007 0.7135 -0.0000
vn 0.7435 0.6687 -0.0000
vn 0.8095 0.5871 -0.0000
vn 0.9145 0.4046 -0.0000
vn 0.9993 0.0374 -0.0000
vn 0.9229 -0.3851 -0.0000
vn 0.7336 -0.6795 -0.0000
vn 0.5350 -0.8448 -0.0000
vn 0.3800 -0.9250 -0.0000
vn 0.5350 -0.8449 -0.0000
vn 0.2684 -0.9633 -0.0000
vn 0.1881 -0.9822 -0.0000
vn 0.1291 -0.9916 -0.0000
vn 0.0849 -0.9964 -0.0000
vn 0.0514 -0.9987 -0.0000
vn 0.0264 -0.9997 -0.0000
vn 0.0093 -1.0000 -0.0000
vn -0.0026 -1.0000 -0.0000
vn -0.0153 -0.9999 -0.0000
vn -0.0282 -0.9996 -0.0000
vn -0.0383 -0.9993 -0.0000
vn -0.0456 -0.9990 -0.0000
vn -0.0499 -0.9988 -0.0000
vn -0.0514 -0.9987 -0.0000
vn 0.0028 -1.0000 -0.0000
vn 0.0305 -0.9995 -0.0000
vn 0.0693 -0.9976 -0.0000
vn 0.1195 -0.9928 -0.0000
vn 0.1834 -0.9830 -0.0000
vn 0.2640 -0.9645 -0.0000
vn 0.3647 -0.9311 -0.0000
vn 0.4876 -0.8731 -0.0000
vn 0.6293 -0.7772 -0.0000
vn 0.7754 -0.6315 -0.0000
vn 0.8996 -0.4368 -0.0000
vn 0.9764 -0.2160 -0.0000
vn 0.9990 -0.0443 -0.0000
vn 0.9995 0.0307 -0.0000
vn 0.9978 0.0664 -0.0000
vn 0.9941 0.1084 -0.0000
vn 0.9876 0.1573 -0.0000
vn 0.9770 0.2134 -0.0000
vn 0.9608 0.2773 -0.0000
vn 0.9372 0.3488 -0.0000
vn 0.9608 0.2772 -0.0000
vn 0.9041 0.4273 -0.0000
vn 0.9372 0.3487 -0.0000
vn 0.8593 0.5115 -0.0000
vn 0.8010 0.5986 -0.0000
vn 0.8593 0.5114 -0.0000
vn 0.7285 0.6850 -0.0000
vn 0.8011 0.5986 -0.0000
vn 0.6071 0.7947 -0.0000
vn 0.7286 0.6850 -0.0000
vn 0.4377 0.8991 -0.0000
vn 0.3027 0.9531 -0.0000
vn 0.2214 0.9752 -0.0000
vn 0.1680 0.9858 -0.0000
vn 0.1304 0.9915 -0.0000
vn 0.1023 0.9948 -0.0000
vn 0.0803 0.9968 -0.0000
vn 0.0623 0.9981 -0.0000
vn 0.0468 0.9989 -0.0000
vn 0.0325 0.9995 -0.0000
vn 0.0178 0.9998 -0.0000
vn 0.0050 1.0000 -0.0000
vn -0.0022 1.0000 -0.0000
vn -0.0291 0.9996 -0.0000
vn -0.0156 0.9999 -0.0000
vn -0.0428 0.9991 -0.0000
vn -0.0583 0.9983 -0.0000
vn -0.0767 0.9971 -0.0000
vn -0.0996 0.9950 -0.0000
vn -0.1294 0.9916 -0.0000
vn -0.1702 0.9854 -0.0000
vn -0.2291 0.9734 -0.0000
vn -0.3213 0.9470 -0.0000
vn -0.4791 0.8778 -0.0000
vn -0.6675 0.7446 -0.0000
vn -0.7801 0.6257 -0.0000
vn -0.8341 0.5516 -0.0000
vn -0.8814 0.4725 -0.0000
vn -0.9201 0.3917 -0.0000
vn -0.8814 0.4724 -0.0000
vn -0.9497 0.3131 -0.0000
vn -0.9708 0.2401 -0.0000
vn -0.9846 0.1751 -0.0000
vn -0.9928 0.1198 -0.0000
vn -0.9845 0.1752 -0.0000
vn -0.9972 0.0749 -0.0000
vn -0.9928 0.1199 -0.0000
vn -0.9992 0.0406 -0.0000
vn -0.9972 0.0750 -0.0000
vn -0.9999 0.0162 -0.0000
vn -0.9992 0.0405 -0.0000
vn -0.9986 -0.0523 -0.0000
vn -0.9729 -0.2312 -0.0000
vn -0.8872 -0.4613 -0.0000
vn -0.7549 -0.6558 -0.0000
vn -0.6063 -0.7952 -0.0000
vn -0.4675 -0.8840 -0.0000
vn -0.3499 -0.9368 -0.0000
vn -0.2546 -0.9671 -0.0000
vn -0.1785 -0.9839 -0.0000
vn -0.1178 -0.9930 -0.0000
vn -0.0696 -0.9976 -0.0000
vn -0.1179 -0.9930 -0.0000
vn -0.0313 -0.9995 -0.0000
vn -0.0072 -1.0000 -0.0000
vn 0.0033 -1.0000 -0.0000
vn 0.0176 -0.9998 -0.0000
vn 0.0464 -0.9989 -0.0000
vn 0.0890 -0.9960 -0.0000
vn 0.1469 -0.9891 -0.0000
vn 0.2234 -0.9747 -0.0000
vn 0.3225 -0.9466 -0.0000
vn 0.4473 -0.8944 -0.0000
vn 0.5958 -0.8031 -0.0000
vn 0.7535 -0.6575 -0.0000
vn 0.8898 -0.4563 -0.0000
vn 0.9743 -0.2250 -0.0000
vn 0.9987 -0.0509 -0.0000
vn 0.9743 -0.2251 -0.0000
vn 0.9999 0.0112 -0.0000
vn 0.9987 -0.0510 -0.0000
vn 0.9996 0.0268 -0.0000
vn 0.9999 0.0111 -0.0000
vn 0.9989 0.0478 -0.0000
vn 0.9972 0.0743 -0.0000
vn 0.9989 0.0479 -0.0000
vn 0.9943 0.1063 -0.0000
vn 0.9972 0.0742 -0.0000
vn 0.9896 0.1440 -0.0000
vn 0.9943 0.1062 -0.0000
vn 0.9823 0.1875 -0.0000
vn 0.9896 0.1439 -0.0000
vn 0.9716 0.2367 -0.0000
vn 0.9823 0.1873 -0.0000
vn 0.9566 0.2914 -0.0000
vn 0.9716 0.2366 -0.0000
vn 0.9363 0.3512 -0.0000
vn 0.9096 0.4154 -0.0000
vn 0.9362 0.3514 -0.0000
vn 0.8317 0.5552 -0.0000
vn 0.9096 0.4156 -0.0000
vn 0.6536 0.7569 -0.0000
vn 0.4605 0.8877 -0.0000
vn 0.3293 0.9442 -0.0000
vn 0.2407 0.9706 -0.0000
vn 0.1784 0.9840 -0.0000
vn 0.1328 0.9911 -0.0000
vn 0.0980 0.9952 -0.0000
vn 0.0707 0.9975 -0.0000
vn 0.0486 0.9988 -0.0000
vn 0.0303 0.9995 -0.0000
vn 0.0146 0.9999 -0.0000
vn 0.0037 1.0000 -0.0000
vn -0.0043 1.0000 -0.0000
vn -0.0230 0.9997 -0.0000
vn -0.0090 1.0000 -0.0000
vn -0.0424 0.9991 -0.0000
vn -0.0675 0.9977 -0.0000
vn -0.0997 0.9950 -0.0000
vn -0.1412 0.9900 -0.0000
vn -0.1957 0.9807 -0.0000
vn -0.2688 0.9632 -0.0000
vn -0.3695 0.9292 -0.0000
vn -0.5093 0.8606 -0.0000
vn -0.6939 0.7200 -0.0000
vn -0.8468 0.5318 -0.0000
vn -0.9097 0.4152 -0.0000
vn -0.8468 0.5319 -0.0000
vn -0.9326 0.3609 -0.0000
vn -0.9098 0.4151 -0.0000
vn -0.9526 0.3043 -0.0000
vn -0.9689 0.2475 -0.0000
vn -0.9812 0.1928 -0.0000
vn -0.9898 0.1425 -0.0000
vn -0.9951 0.0987 -0.0000
vn -0.9980 0.0626 -0.0000
vn -0.9994 0.0349 -0.0000
vn -0.9999 0.0157 -0.0000
vn -1.0000 0.0047 -0.0000
vn -1.0000 -0.0049 -0.0000
vn -1.0000 0.0046 -0.0000
vn -0.9997 -0.0243 -0.0000
vn -1.0000 -0.0050 -0.0000
vn -0.9985 -0.0548 -0.0000
vn -0.9957 -0.0929 -0.0000
vn -0.9903 -0.1392 -0.0000
vn -0.9809 -0.1943 -0.0000
vn -0.9660 -0.2584 -0.0000
vn -0.9435 -0.3315 -0.0000
vn -0.9108 -0.4128 -0.0000
vn -0.9434 -0.3316 -0.0000
vn -0.8658 -0.5004 -0.0000
vn -0.9108 -0.4129 -0.0000
vn -0.8065 -0.5912 -0.0000
vn -0.8657 -0.5005 -0.0000
vn -0.7326 -0.6806 -0.0000
vn -0.6478 -0.7618 -0.0000
vn -0.5471 -0.8371 -0.0000
vn -0.4381 -0.8989 -0.0000
vn -0.3416 -0.9398 -0.0000
vn -0.2593 -0.9658 -0.0000
vn -0.1908 -0.9816 -0.0000
vn -0.1349 -0.9909 -0.0000
vn -0.0900 -0.9959 -0.0000
vn -0.0548 -0.9985 -0.0000
vn -0.0286 -0.9996 -0.0000
vn -0.0108 -0.9999 -0.0000
vn -0.0016 -1.0000 -0.0000
vn -0.0006 -1.0000 -0.0000
vn -0.0075 -1.0000 -0.0000
vn -0.0234 -0.9997 -0.0000
vn -0.0486 -0.9988 -0.0000
vn -0.0833 -0.9965 -0.0000
vn -0.1285 -0.9917 -0.0000
vn -0.1856 -0.9826 -0.0000
vn -0.2566 -0.9665 -0.0000
vn -0.3437 -0.9391 -0.0000
vn -0.4479 -0.8941 -0.0000
vn -0.5677 -0.8232 -0.0000
vn -0.6959 -0.7182 -0.0000
vn -0.9092 0.4164 -0.0000
vn -0.8674 0.4976 -0.0000
vn -0.8648 -0.5021 -0.0000
vn -0.8674 0.4975 -0.0000
vn -0.8671 -0.4981 -0.0000
vn -0.8676 -0.4972 -0.0000
vn -0.8663 -0.4995 -0.0000
vn -0.8631 -0.5050 -0.0000
vn -0.8581 -0.5136 -0.0000
vn -0.8509 -0.5253 -0.0000
vn -0.8580 -0.5136 -0.0000
vn -0.8417 -0.5399 -0.0000
vn -0.8302 -0.5575 -0.0000
vn -0.8163 -0.5777 -0.0000
vn -0.7998 -0.6003 -0.0000
vn -0.7819 -0.6234 -0.0000
vn -0.7636 -0.6457 -0.0000
vn -0.7449 -0.6672 -0.0000
vn -0.7254 -0.6883 -0.0000
vn -0.7036 -0.7106 -0.0000
vn -0.6779 -0.7351 -0.0000
vn -0.6463 -0.7631 -0.0000
vn -0.6059 -0.7955 -0.0000
vn -0.5522 -0.8337 -0.0000
vn -0.4780 -0.8784 -0.0000
vn -0.3715 -0.9284 -0.0000
vn -0.2150 -0.9766 -0.0000
vn -0.0074 -1.0000 -0.0000
vn 0.1980 -0.9802 -0.0000
vn 0.3610 -0.9326 -0.0000
vn 0.4883 -0.8727 -0.0000
vn 0.3610 -0.9325 -0.0000
vn 0.5887 -0.8084 -0.0000
vn 0.6701 -0.7423 -0.0000
vn 0.7388 -0.6739 -0.0000
vn 0.7990 -0.6013 -0.0000
vn 0.8536 -0.5209 -0.0000
vn 0.9039 -0.4278 -0.0000
vn 0.9491 -0.3150 -0.0000
vn 0.9848 -0.1734 -0.0000
vn 0.9947 0.1031 -0.0000
vn 0.8598 0.5107 -0.0000
vn 0.6282 0.7780 -0.0000
vn 0.4843 0.8749 -0.0000
vn 0.4203 0.9074 -0.0000
vn 0.4087 0.9127 -0.0000
vn 0.4364 0.8997 -0.0000
vn 0.4994 0.8664 -0.0000
vn 0.5968 0.8024 -0.0000
vn 0.7239 0.6899 -0.0000
vn 0.8599 0.5104 -0.0000
vn 0.9636 0.2673 -0.0000
vn 0.9986 -0.0524 -0.0000
vn 0.8955 -0.4450 -0.0000
vn 0.6660 -0.7460 -0.0000
vn 0.4577 -0.8891 -0.0000
vn 0.3117 -0.9502 -0.0000
vn 0.2127 -0.9771 -0.0000
vn 0.1438 -0.9896 -0.0000
vn 0.0943 -0.9955 -0.0000
vn 0.0578 -0.9983 -0.0000
vn 0.0308 -0.9995 -0.0000
vn 0.0116 -0.9999 -0.0000
vn 0.0008 -1.0000 -0.0000
vn -0.0029 -1.0000 -0.0000
vn -0.0069 -1.0000 -0.0000
vn -0.0126 -0.9999 -0.0000
vn -0.0171 -0.9999 -0.0000
vn -0.0202 -0.9998 -0.0000
vn -0.0221 -0.9998 -0.0000
vn -0.0228 -0.9997 -0.0000
vn 0.0023 -1.0000 -0.0000
vn 0.0186 -0.9998 -0.0000
vn 0.0420 -0.9991 -0.0000
vn 0.0715 -0.9974 -0.0000
vn 0.1071 -0.9942 -0.0000
vn 0.1490 -0.9888 -0.0000
vn 0.1972 -0.9804 -0.0000
vn 0.2514 -0.9679 -0.0000
vn 0.3112 -0.9504 -0.0000
vn 0.3756 -0.9268 -0.0000
vn 0.4433 -0.8964 -0.0000
vn 0.5127 -0.8586 -0.0000
vn 0.5839 -0.8118 -0.0000
vn 0.6658 -0.7461 -0.0000
vn 0.7518 -0.6594 -0.0000
vn 0.8267 -0.5626 -0.0000
vn 0.8869 -0.4619 -0.0000
vn 0.9315 -0.3638 -0.0000
vn 0.9618 -0.2737 -0.0000
vn 0.9807 -0.1954 -0.0000
vn 0.9915 -0.1302 -0.0000
vn 0.9807 -0.1953 -0.0000
vn 0.9969 -0.0788 -0.0000
vn 0.9915 -0.1303 -0.0000
vn 0.9992 -0.0407 -0.0000
vn 0.9969 -0.0790 -0.0000
vn 0.9999 -0.0154 -0.0000
vn 0.9992 -0.0409 -0.0000
vn 1.0000 0.0017 -0.0000
vn 0.9999 -0.0153 -0.0000
vn 0.9998 0.0210 -0.0000
vn 0.9988 0.0485 -0.0000
vn 0.9998 0.0209 -0.0000
vn 0.9964 0.0842 -0.0000
vn 0.9917 0.1282 -0.0000
vn 0.9965 0.0841 -0.0000
vn 0.9836 0.1805 -0.0000
vn 0.9918 0.1281 -0.0000
vn 0.9706 0.2409 -0.0000
vn 0.9512 0.3086 -0.0000
vn 0.9705 0.2410 -0.0000
vn 0.9241 0.3821 -0.0000
vn 0.9512 0.3087 -0.0000
vn 0.8883 0.4593 -0.0000
vn 0.8434 0.5373 -0.0000
vn 0.8883 0.4592 -0.0000
vn 0.7900 0.6131 -0.0000
vn 0.8434 0.5372 -0.0000
vn 0.6823 0.7311 -0.0000
vn 0.4970 0.8677 -0.0000
vn 0.3315 0.9435 -0.0000
vn 0.2315 0.9728 -0.0000
vn 0.1669 0.9860 -0.0000
vn 0.1222 0.9925 -0.0000
vn 0.0896 0.9960 -0.0000
vn 0.0650 0.9979 -0.0000
vn 0.0458 0.9990 -0.0000
vn 0.0304 0.9995 -0.0000
vn 0.0181 0.9998 -0.0000
vn 0.0081 1.0000 -0.0000
vn 0.0019 1.0000 -0.0000
vn -0.0017 1.0000 -0.0000
vn 0.0149 0.9999 -0.0000
vn 0.0202 0.9998 -0.0000
vn 0.0238 0.9997 -0.0000
vn 0.0260 0.9997 -0.0000
vn 0.0268 0.9996 -0.0000
vn -0.0011 1.0000 -0.0000
vn -0.0131 0.9999 -0.0000
vn -0.0261 0.9997 -0.0000
vn -0.0391 0.9992 -0.0000
vn -0.0520 0.9986 -0.0000
vn -0.0648 0.9979 -0.0000
vn -0.0777 0.9970 -0.0000
vn -0.0906 0.9959 -0.0000
vn -0.1035 0.9946 -0.0000
vn -0.1165 0.9932 -0.0000
vn -0.1295 0.9916 -0.0000
vn -0.1427 0.9898 -0.0000
vn -0.1555 0.9878 -0.0000
vn -0.1837 0.9830 -0.0000
vn -0.2313 0.9729 -0.0000
vn -0.2870 0.9579 -0.0000
vn -0.3524 0.9358 -0.0000
vn -0.4293 0.9031 -0.0000
vn -0.5188 0.8549 -0.0000
vn -0.4294 0.9031 -0.0000
vn -0.6203 0.7844 -0.0000
vn -0.7294 0.6841 -0.0000
vn -0.8360 0.5487 -0.0000
vn -0.9250 0.3799 -0.0000
vn -0.9816 0.1908 -0.0000
vn -0.9992 -0.0389 -0.0000
vn -0.9401 -0.3409 -0.0000
vn -0.7806 -0.6251 -0.0000
vn -0.5931 -0.8051 -0.0000
vn -0.4329 -0.9014 -0.0000
vn -0.3111 -0.9504 -0.0000
vn -0.2209 -0.9753 -0.0000
vn -0.1535 -0.9881 -0.0000
vn -0.1026 -0.9947 -0.0000
vn -0.0636 -0.9980 -0.0000
vn -0.0342 -0.9994 -0.0000
vn -0.0133 -0.9999 -0.0000
vn 0.0002 -1.0000 -0.0000
vn 0.0102 -0.9999 -0.0000
vn 0.0187 -0.9998 -0.0000
vn 0.0252 -0.9997 -0.0000
vn 0.0299 -0.9996 -0.0000
vn 0.0326 -0.9995 -0.0000
vn 0.0336 -0.9994 -0.0000
vn 0.0027 -1.0000 -0.0000
vn -0.0024 -1.0000 -0.0000
vn 0.0083 -1.0000 -0.0000
vn 0.0310 -0.9995 -0.0000
vn 0.0643 -0.9979 -0.0000
vn 0.1104 -0.9939 -0.0000
vn 0.1731 -0.9849 -0.0000
vn 0.2596 -0.9657 -0.0000
vn 0.5451 -0.8384 -0.0000
vn 0.7487 -0.6629 -0.0000
vn 0.9304 -0.3666 -0.0000
vn 0.9999 -0.0147 -0.0000
vn 0.9497 0.3132 -0.0000
vn 0.9999 -0.0146 -0.0000
vn 0.8088 0.5881 -0.0000
vn 0.6309 0.7758 -0.0000
vn 0.4691 0.8832 -0.0000
vn 0.3409 0.9401 -0.0000
vn 0.2437 0.9699 -0.0000
vn 0.1702 0.9854 -0.0000
vn 0.1143 0.9934 -0.0000
vn 0.0715 0.9974 -0.0000
vn 0.0390 0.9992 -0.0000
vn 0.0156 0.9999 -0.0000
vn 0.0009 1.0000 -0.0000
vn -0.0082 1.0000 -0.0000
vn -0.0152 0.9999 -0.0000
vn -0.0206 0.9998 -0.0000
vn -0.0244 0.9997 -0.0000
vn -0.0267 0.9996 -0.0000
vn -0.0275 0.9996 -0.0000
vn 0.0022 1.0000 -0.0000
vn -0.8740 -0.4859 -0.0000
vn -0.9650 -0.2621 -0.0000
vn -0.7590 -0.6510 -0.0000
vn -0.6454 -0.7638 -0.0000
vn -0.5438 -0.8392 -0.0000
vn -0.4554 -0.8903 -0.0000
vn -0.3778 -0.9259 -0.0000
vn -0.3074 -0.9516 -0.0000
vn -0.2401 -0.9708 -0.0000
vn -0.1711 -0.9853 -0.0000
vn -0.0933 -0.9956 -0.0000
vn -0.1710 -0.9853 -0.0000
vn 0.1068 -0.9943 -0.0000
vn 0.3982 -0.9173 -0.0000
vn 0.1069 -0.9943 -0.0000
vn 0.5844 -0.8115 -0.0000
vn 0.6716 -0.7409 -0.0000
vn 0.7225 -0.6914 -0.0000
vn 0.7575 -0.6529 -0.0000
vn 0.7851 -0.6194 -0.0000
vn 0.8099 -0.5866 -0.0000
vn 0.7851 -0.6193 -0.0000
vn 0.8351 -0.5501 -0.0000
vn 0.8641 -0.5033 -0.0000
vn 0.9021 -0.4316 -0.0000
vn 0.9563 -0.2925 -0.0000
vn 0.9991 -0.0426 -0.0000
vn 0.9756 0.2195 -0.0000
vn 0.9092 0.4164 -0.0000
vn 0.8179 0.5753 -0.0000
vn 0.7186 0.6954 -0.0000
vn 0.6213 0.7836 -0.0000
vn 0.5298 0.8481 -0.0000
vn 0.4440 0.8960 -0.0000
vn 0.3622 0.9321 -0.0000
vn 0.2812 0.9597 -0.0000
vn 0.1971 0.9804 -0.0000
vn 0.1048 0.9945 -0.0000
vn -0.1281 0.9918 -0.0000
vn -0.4430 0.8965 -0.0000
vn -0.6199 0.7847 -0.0000
vn -0.6944 0.7196 -0.0000
vn -0.7358 0.6772 -0.0000
vn -0.7636 0.6457 -0.0000
vn -0.7852 0.6193 -0.0000
vn -0.8044 0.5941 -0.0000
vn -0.8240 0.5665 -0.0000
vn -0.8475 0.5308 -0.0000
vn -0.8808 0.4736 -0.0000
vn -0.9385 0.3453 -0.0000
vn -0.9982 0.0592 -0.0000
vn -0.5677 0.8233 -0.0000
vn -0.3624 0.9320 -0.0000
vn -0.6762 0.7367 -0.0000
vn -0.7413 0.6712 -0.0000
vn -0.7856 0.6188 -0.0000
vn -0.8193 0.5733 -0.0000
vn -0.8480 0.5300 -0.0000
vn -0.8194 0.5733 -0.0000
vn -0.8751 0.4840 -0.0000
vn -0.9034 0.4288 -0.0000
vn -0.9360 0.3521 -0.0000
vn -0.9745 0.2244 -0.0000
vn -1.0000 0.0028 -0.0000
vn -0.9654 -0.2608 -0.0000
vn -0.8786 -0.4776 -0.0000
vn -0.7721 -0.6355 -0.0000
vn -0.6678 -0.7444 -0.0000
vn -0.5738 -0.8190 -0.0000
vn -0.4905 -0.8714 -0.0000
vn -0.4154 -0.9096 -0.0000
vn -0.3448 -0.9387 -0.0000
vn -0.2745 -0.9616 -0.0000
vn -0.1990 -0.9800 -0.0000
vn -0.1101 -0.9939 -0.0000
vn 0.1294 -0.9916 -0.0000
vn 0.4614 -0.8872 -0.0000
vn 0.6513 -0.7588 -0.0000
vn 0.7312 -0.6822 -0.0000
vn 0.7751 -0.6318 -0.0000
vn 0.8043 -0.5942 -0.0000
vn 0.8268 -0.5625 -0.0000
vn 0.8465 -0.5324 -0.0000
vn 0.8663 -0.4995 -0.0000
vn 0.8890 -0.4579 -0.0000
vn 0.9187 -0.3948 -0.0000
vn 0.9626 -0.2710 -0.0000
vn 0.9187 -0.3949 -0.0000
vn 0.9996 -0.0281 -0.0000
vn 0.9685 0.2489 -0.0000
vn 0.8885 0.4588 -0.0000
vn 0.7881 0.6156 -0.0000
vn 0.6872 0.7265 -0.0000
vn 0.5940 0.8045 -0.0000
vn 0.5098 0.8603 -0.0000
vn 0.4324 0.9017 -0.0000
vn 0.3588 0.9334 -0.0000
vn 0.2848 0.9586 -0.0000
vn 0.2052 0.9787 -0.0000
vn 0.1125 0.9937 -0.0000
vn -0.0805 0.9968 -0.0000
vn 0.9867 0.1626 -0.0000
vn 0.9960 0.0894 -0.0000
vn 0.9738 0.2273 -0.0000
vn 0.9568 0.2907 -0.0000
vn 0.9338 0.3578 -0.0000
vn 0.9015 0.4328 -0.0000
vn 0.8543 0.5198 -0.0000
vn 0.7830 0.6220 -0.0000
vn 0.6733 0.7393 -0.0000
vn 0.5075 0.8617 -0.0000
vn 0.2759 0.9612 -0.0000
vn 0.0652 0.9979 -0.0000
vn -0.0219 0.9998 -0.0000
vn -0.0417 0.9991 -0.0000
vn -0.0635 0.9980 -0.0000
vn -0.0896 0.9960 -0.0000
vn -0.1222 0.9925 -0.0000
vn -0.1648 0.9863 -0.0000
vn -0.2228 0.9749 -0.0000
vn -0.3060 0.9520 -0.0000
vn -0.4314 0.9022 -0.0000
vn -0.6235 0.7819 -0.0000
vn -0.8696 0.4938 -0.0000
vn -0.6235 0.7818 -0.0000
vn -0.9920 0.1263 -0.0000
vn -0.9987 -0.0510 -0.0000
vn -0.9947 -0.1027 -0.0000
vn -0.9873 -0.1590 -0.0000
vn -0.9748 -0.2232 -0.0000
vn -0.9544 -0.2986 -0.0000
vn -0.9213 -0.3888 -0.0000
vn -0.8679 -0.4968 -0.0000
vn -0.7825 -0.6226 -0.0000
vn -0.6515 -0.7587 -0.0000
vn -0.4666 -0.8845 -0.0000
vn -0.2392 -0.9710 -0.0000
vn -0.0364 -0.9993 -0.0000
vn 0.0649 -0.9979 -0.0000
vn 0.0966 -0.9953 -0.0000
vn 0.1174 -0.9931 -0.0000
vn 0.1360 -0.9907 -0.0000
vn 0.1557 -0.9878 -0.0000
vn 0.1792 -0.9838 -0.0000
vn 0.2100 -0.9777 -0.0000
vn 0.2540 -0.9672 -0.0000
vn 0.3241 -0.9460 -0.0000
vn 0.4534 -0.8913 -0.0000
vn 0.7303 -0.6831 -0.0000
vn 0.9749 -0.2225 -0.0000
vn 0.2924 0.9563 -0.0000
vn 0.3703 0.9289 -0.0000
vn 0.3702 0.9289 -0.0000
vn 0.2453 0.9694 -0.0000
vn 0.2140 0.9768 -0.0000
vn 0.1918 0.9814 -0.0000
vn 0.1755 0.9845 -0.0000
vn 0.1630 0.9866 -0.0000
vn 0.1534 0.9882 -0.0000
vn 0.1461 0.9893 -0.0000
vn 0.1407 0.9900 -0.0000
vn 0.1376 0.9905 -0.0000
vn 0.1460 0.9893 -0.0000
vn 0.1375 0.9905 -0.0000
vn 0.1623 0.9867 -0.0000
vn 0.1789 0.9839 -0.0000
vn 0.2015 0.9795 -0.0000
vn 0.2301 0.9732 -0.0000
vn 0.2644 0.9644 -0.0000
vn 0.3041 0.9526 -0.0000
vn 0.3484 0.9374 -0.0000
vn 0.3963 0.9181 -0.0000
vn 0.4467 0.8947 -0.0000
vn 0.4981 0.8671 -0.0000
vn 0.5492 0.8357 -0.0000
vn 0.5984 0.8012 -0.0000
vn 0.6416 0.7671 -0.0000
vn 0.6804 0.7329 -0.0000
vn 0.7192 0.6948 -0.0000
vn 0.7574 0.6529 -0.0000
vn 0.7942 0.6077 -0.0000
vn 0.8288 0.5596 -0.0000
vn 0.8606 0.5093 -0.0000
vn 0.8891 0.4576 -0.0000
vn 0.9141 0.4055 -0.0000
vn 0.9353 0.3538 -0.0000
vn 0.9529 0.3032 -0.0000
vn 0.9630 0.2695 -0.0000
vn 0.9667 0.2559 -0.0000
vn 0.9630 0.2696 -0.0000
vn 0.9687 0.2484 -0.0000
vn 0.9694 0.2455 -0.0000
vn 0.9690 0.2472 -0.0000
vn 0.9674 0.2533 -0.0000
vn 0.9646 0.2639 -0.0000
vn 0.9603 0.2789 -0.0000
vn 0.9544 0.2984 -0.0000
vn 0.9465 0.3228 -0.0000
vn 0.9359 0.3522 -0.0000
vn 0.9222 0.3868 -0.0000
vn 0.9070 0.4210 -0.0000
vn 0.8767 0.4811 -0.0000
vn 0.8222 0.5692 -0.0000
vn 0.7550 0.6557 -0.0000
vn 0.6762 0.7367 -0.0000
vn 0.5882 0.8087 -0.0000
vn 0.4947 0.8690 -0.0000
vn 0.3998 0.9166 -0.0000
vn 0.4947 0.8691 -0.0000
vn 0.3072 0.9517 -0.0000
vn 0.2196 0.9756 -0.0000
vn 0.1390 0.9903 -0.0000
vn 0.0661 0.9978 -0.0000
vn -0.0442 0.9990 -0.0000
vn -0.0923 0.9957 -0.0000
vn -0.1478 0.9890 -0.0000
vn -0.2134 0.9770 -0.0000
vn -0.2923 0.9563 -0.0000
vn -0.3878 0.9217 -0.0000
vn -0.5022 0.8647 -0.0000
vn -0.6339 0.7734 -0.0000
vn -0.7721 0.6355 -0.0000
vn -0.8944 0.4473 -0.0000
vn -0.9743 0.2254 -0.0000
vn -0.9993 0.0367 -0.0000
vn -0.9976 -0.0696 -0.0000
vn -0.9911 -0.1331 -0.0000
vn -0.9819 -0.1894 -0.0000
vn -0.9711 -0.2387 -0.0000
vn -0.9597 -0.2812 -0.0000
vn -0.9483 -0.3174 -0.0000
vn -0.9376 -0.3477 -0.0000
vn -0.9280 -0.3727 -0.0000
vn -0.9197 -0.3925 -0.0000
vn -0.9132 -0.4076 -0.0000
vn -0.9085 -0.4179 -0.0000
vn -0.8991 -0.4377 -0.0000
vn -0.8769 -0.4807 -0.0000
vn -0.8430 -0.5378 -0.0000
vn -0.8005 -0.5994 -0.0000
vn -0.7486 -0.6630 -0.0000
vn -0.6878 -0.7259 -0.0000
vn -0.6195 -0.7850 -0.0000
vn -0.5464 -0.8375 -0.0000
vn -0.4719 -0.8817 -0.0000
vn -0.3992 -0.9169 -0.0000
vn -0.3311 -0.9436 -0.0000
vn -0.2695 -0.9630 -0.0000
vn -0.2237 -0.9747 -0.0000
vn -0.2019 -0.9794 -0.0000
vn -0.1912 -0.9816 -0.0000
vn -0.1789 -0.9839 -0.0000
vn -0.1651 -0.9863 -0.0000
vn -0.1497 -0.9887 -0.0000
vn -0.1328 -0.9911 -0.0000
vn -0.1143 -0.9934 -0.0000
vn -0.0943 -0.9955 -0.0000
vn -0.0728 -0.9973 -0.0000
vn -0.0498 -0.9988 -0.0000
vn -0.0255 -0.9997 -0.0000
vn 0.0297 -0.9996 -0.0000
vn 0.1471 -0.9891 -0.0000
vn 0.2955 -0.9553 -0.0000
vn 0.4381 -0.8989 -0.0000
vn 0.5681 -0.8230 -0.0000
vn 0.6809 -0.7324 -0.0000
vn 0.7746 -0.6324 -0.0000
vn 0.8495 -0.5276 -0.0000
vn 0.9070 -0.4210 -0.0000
vn 0.9493 -0.3145 -0.0000
vn 0.9780 -0.2088 -0.0000
vn 0.9946 -0.1040 -0.0000
vn 0.9999 -0.0116 -0.0000
vn 0.9982 0.0599 -0.0000
vn 0.9999 -0.0115 -0.0000
vn 0.9921 0.1257 -0.0000
vn 0.9801 0.1983 -0.0000
vn 0.9326 0.3610 -0.0000
vn 0.9608 0.2771 -0.0000
vn 0.8940 0.4480 -0.0000
vn 0.8446 0.5353 -0.0000
vn 0.7847 0.6199 -0.0000
vn 0.7156 0.6985 -0.0000
vn 0.6396 0.7687 -0.0000
vn 0.5600 0.8285 -0.0000
vn 0.6397 0.7686 -0.0000
vn 0.4696 0.8829 -0.0000
vn -0.9898 -0.1423 -0.0000
vn -0.9974 -0.0721 -0.0000
vn -0.9768 -0.2142 -0.0000
vn -0.9567 -0.2912 -0.0000
vn -0.9265 -0.3764 -0.0000
vn -0.8816 -0.4719 -0.0000
vn -0.8154 -0.5788 -0.0000
vn -0.7194 -0.6946 -0.0000
vn -0.5855 -0.8106 -0.0000
vn -0.4120 -0.9112 -0.0000
vn -0.2097 -0.9778 -0.0000
vn -0.0465 -0.9989 -0.0000
vn 0.0205 -0.9998 -0.0000
vn 0.0406 -0.9992 -0.0000
vn 0.0603 -0.9982 -0.0000
vn 0.0796 -0.9968 -0.0000
vn 0.0985 -0.9951 -0.0000
vn 0.1172 -0.9931 -0.0000
vn 0.1355 -0.9908 -0.0000
vn 0.1537 -0.9881 -0.0000
vn 0.1717 -0.9852 -0.0000
vn 0.1895 -0.9819 -0.0000
vn 0.2072 -0.9783 -0.0000
vn 0.2192 -0.9757 -0.0000
vn 0.2201 -0.9755 -0.0000
vn 0.2153 -0.9765 -0.0000
vn 0.2107 -0.9775 -0.0000
vn 0.2062 -0.9785 -0.0000
vn 0.2017 -0.9794 -0.0000
vn 0.1973 -0.9803 -0.0000
vn 0.1930 -0.9812 -0.0000
vn 0.1888 -0.9820 -0.0000
vn 0.1846 -0.9828 -0.0000
vn 0.1805 -0.9836 -0.0000
vn 0.1764 -0.9843 -0.0000
vn 0.1806 -0.9836 -0.0000
vn 0.1907 -0.9817 -0.0000
vn 0.2005 -0.9797 -0.0000
vn 0.2146 -0.9767 -0.0000
vn 0.2006 -0.9797 -0.0000
vn 0.2330 -0.9725 -0.0000
vn 0.2555 -0.9668 -0.0000
vn 0.2819 -0.9594 -0.0000
vn 0.3120 -0.9501 -0.0000
vn 0.3452 -0.9385 -0.0000
vn 0.3810 -0.9246 -0.0000
vn 0.4186 -0.9082 -0.0000
vn 0.4573 -0.8893 -0.0000
vn 0.4973 -0.8676 -0.0000
vn 0.5476 -0.8368 -0.0000
vn 0.4972 -0.8676 -0.0000
vn 0.6099 -0.7925 -0.0000
vn 0.6766 -0.7363 -0.0000
vn 0.7447 -0.6674 -0.0000
vn 0.6767 -0.7363 -0.0000
vn 0.8099 -0.5865 -0.0000
vn 0.8682 -0.4963 -0.0000
vn 0.8682 -0.4962 -0.0000
vn 0.9521 -0.3059 -0.0000
vn 0.9765 -0.2157 -0.0000
vn 0.9910 -0.1339 -0.0000
vn 0.9981 -0.0623 -0.0000
vn 1.0000 0.0054 -0.0000
vn 0.9971 0.0763 -0.0000
vn 0.9892 0.1468 -0.0000
vn 0.9764 0.2157 -0.0000
vn 0.9578 0.2876 -0.0000
vn 0.9764 0.2158 -0.0000
vn 0.9307 0.3659 -0.0000
vn 0.8910 0.4539 -0.0000
vn 0.8325 0.5541 -0.0000
vn 0.8910 0.4540 -0.0000
vn 0.7458 0.6662 -0.0000
vn 0.6199 0.7847 -0.0000
vn 0.4470 0.8945 -0.0000
vn 0.2326 0.9726 -0.0000
vn 0.0476 0.9989 -0.0000
vn -0.0361 0.9993 -0.0000
vn -0.0646 0.9979 -0.0000
vn -0.1232 0.9924 -0.0000
vn -0.1605 0.9870 -0.0000
vn -0.2079 0.9782 -0.0000
vn -0.2711 0.9625 -0.0000
vn -0.3595 0.9332 -0.0000
vn -0.4879 0.8729 -0.0000
vn -0.6733 0.7393 -0.0000
vn -0.8914 0.4532 -0.0000
vn -0.9943 0.1068 -0.0000
vn -0.8753 0.4836 -0.0000
vn -0.9375 0.3481 -0.0000
vn -0.7822 0.6231 -0.0000
vn -0.6610 0.7504 -0.0000
vn -0.5243 0.8515 -0.0000
vn -0.3894 0.9211 -0.0000
vn -0.2703 0.9628 -0.0000
vn -0.1738 0.9848 -0.0000
vn -0.1009 0.9949 -0.0000
vn -0.0497 0.9988 -0.0000
vn -0.0177 0.9998 -0.0000
vn 0.0001 1.0000 -0.0000
vn 0.0125 0.9999 -0.0000
vn 0.0246 0.9997 -0.0000
vn 0.0363 0.9993 -0.0000
vn 0.0474 0.9989 -0.0000
vn 0.0580 0.9983 -0.0000
vn 0.0680 0.9977 -0.0000
vn 0.0776 0.9970 -0.0000
vn 0.0865 0.9962 -0.0000
vn 0.0949 0.9955 -0.0000
vn 0.1028 0.9947 -0.0000
vn 0.1101 0.9939 -0.0000
vn 0.1127 0.9936 -0.0000
vn 0.1069 0.9943 -0.0000
vn 0.0971 0.9953 -0.0000
vn 0.0873 0.9962 -0.0000
vn 0.0775 0.9970 -0.0000
vn 0.0678 0.9977 -0.0000
vn 0.0582 0.9983 -0.0000
vn 0.0485 0.9988 -0.0000
vn 0.0388 0.9992 -0.0000
vn 0.0292 0.9996 -0.0000
vn 0.0195 0.9998 -0.0000
vn 0.0098 1.0000 -0.0000
vn -0.0710 0.9975 -0.0000
vn -0.1655 0.9862 -0.0000
vn -0.2915 0.9566 -0.0000
vn -0.4478 0.8941 -0.0000
vn -0.6185 0.7858 -0.0000
vn -0.7729 0.6345 -0.0000
vn -0.8848 0.4659 -0.0000
vn -0.9502 0.3117 -0.0000
vn -0.9819 0.1893 -0.0000
vn -0.9949 0.1007 -0.0000
vn -1.0000 0.0075 -0.0000
vn -1.0000 -0.0071 -0.0000
vn -0.9997 -0.0226 -0.0000
vn -1.0000 -0.0070 -0.0000
vn -0.9988 -0.0484 -0.0000
vn -0.9964 -0.0846 -0.0000
vn -0.9913 -0.1316 -0.0000
vn -0.9964 -0.0845 -0.0000
vn -0.9818 -0.1900 -0.0000
vn -0.9913 -0.1315 -0.0000
vn -0.9656 -0.2600 -0.0000
vn -0.9818 -0.1899 -0.0000
vn -0.9399 -0.3414 -0.0000
vn -0.9016 -0.4326 -0.0000
vn -0.8478 -0.5303 -0.0000
vn -0.7770 -0.6295 -0.0000
vn -0.6517 -0.7585 -0.0000
vn -0.4683 -0.8836 -0.0000
vn -0.6516 -0.7585 -0.0000
vn -0.3181 -0.9480 -0.0000
vn -0.2278 -0.9737 -0.0000
vn -0.1690 -0.9856 -0.0000
vn -0.1279 -0.9918 -0.0000
vn -0.0976 -0.9952 -0.0000
vn -0.0742 -0.9972 -0.0000
vn -0.0556 -0.9985 -0.0000
vn -0.0400 -0.9992 -0.0000
vn -0.0265 -0.9996 -0.0000
vn -0.0138 -0.9999 -0.0000
vn 0.0109 -0.9999 -0.0000
vn 0.0635 -0.9980 -0.0000
vn 0.1397 -0.9902 -0.0000
vn 0.2323 -0.9727 -0.0000
vn 0.3414 -0.9399 -0.0000
vn 0.4645 -0.8856 -0.0000
vn 0.5939 -0.8045 -0.0000
vn 0.7179 -0.6962 -0.0000
vn 0.8237 -0.5670 -0.0000
vn 0.9033 -0.4291 -0.0000
vn 0.9554 -0.2953 -0.0000
vn 0.9847 -0.1744 -0.0000
vn 0.9960 -0.0893 -0.0000
vn 0.9983 -0.0589 -0.0000
vn 0.9985 -0.0552 -0.0000
vn 0.9987 -0.0511 -0.0000
vn 0.9989 -0.0466 -0.0000
vn 0.9991 -0.0419 -0.0000
vn 0.9993 -0.0368 -0.0000
vn 0.9995 -0.0314 -0.0000
vn 0.9997 -0.0256 -0.0000
vn 0.9998 -0.0196 -0.0000
vn 0.9999 -0.0133 -0.0000
vn 1.0000 -0.0068 -0.0000
vn 1.0000 -0.0018 -0.0000
vn 1.0000 -0.0010 -0.0000
vn 1.0000 -0.0032 -0.0000
vn 1.0000 -0.0069 -0.0000
vn 1.0000 -0.0033 -0.0000
vn 0.9999 -0.0120 -0.0000
vn 0.9998 -0.0185 -0.0000
vn 0.9996 -0.0266 -0.0000
vn 0.9998 -0.0186 -0.0000
vn 0.9993 -0.0361 -0.0000
vn 0.9989 -0.0473 -0.0000
vn 0.9982 -0.0602 -0.0000
vn 0.9972 -0.0750 -0.0000
vn 0.9958 -0.0918 -0.0000
vn 0.9939 -0.1100 -0.0000
vn 0.9902 -0.1400 -0.0000
vn 0.9821 -0.1882 -0.0000
vn 0.9679 -0.2512 -0.0000
vn 0.9438 -0.3305 -0.0000
vn 0.9042 -0.4272 -0.0000
vn 0.8420 -0.5395 -0.0000
vn 0.7502 -0.6612 -0.0000
vn 0.6257 -0.7801 -0.0000
vn 0.4736 -0.8807 -0.0000
vn 0.3081 -0.9513 -0.0000
vn 0.1468 -0.9892 -0.0000
vn 0.0217 -0.9998 -0.0000
vn -0.0902 -0.9959 -0.0000
vn -0.1230 -0.9924 -0.0000
vn -0.1465 -0.9892 -0.0000
vn -0.1606 -0.9870 -0.0000
vn -0.1653 -0.9862 -0.0000
vn 0.0446 -0.9990 -0.0000
vn 0.2362 -0.9717 -0.0000
vn 0.4652 -0.8852 -0.0000
vn 0.6543 -0.7562 -0.0000
vn 0.7889 -0.6145 -0.0000
vn 0.6544 -0.7562 -0.0000
vn 0.8756 -0.4831 -0.0000
vn 0.9286 -0.3710 -0.0000
vn 0.9604 -0.2786 -0.0000
vn 0.9792 -0.2029 -0.0000
vn 0.9901 -0.1404 -0.0000
vn 0.9961 -0.0877 -0.0000
vn 0.9991 -0.0420 -0.0000
vn 0.9973 0.0728 -0.0000
vn 0.9435 0.3314 -0.0000
vn 0.7931 0.6090 -0.0000
vn 0.6161 0.7877 -0.0000
vn 0.4650 0.8853 -0.0000
vn 0.3516 0.9362 -0.0000
vn 0.2704 0.9627 -0.0000
vn 0.2141 0.9768 -0.0000
vn 0.1774 0.9841 -0.0000
vn 0.1579 0.9874 -0.0000
vn 0.1568 0.9876 -0.0000
vn 0.1806 0.9836 -0.0000
vn 0.2249 0.9744 -0.0000
vn 0.2592 0.9658 -0.0000
vn 0.2817 0.9595 -0.0000
vn 0.3111 0.9504 -0.0000
vn 0.3476 0.9376 -0.0000
vn 0.3915 0.9202 -0.0000
vn 0.4430 0.8965 -0.0000
vn 0.5021 0.8648 -0.0000
vn 0.5681 0.8229 -0.0000
vn 0.6399 0.7685 -0.0000
vn 0.7149 0.6992 -0.0000
vn 0.6399 0.7684 -0.0000
vn 0.7893 0.6141 -0.0000
vn 0.8531 0.5218 -0.0000
vn 0.8989 0.4382 -0.0000
vn 0.8530 0.5218 -0.0000
vn 0.9313 0.3641 -0.0000
vn 0.9554 0.2953 -0.0000
vn 0.9314 0.3641 -0.0000
vn 0.9725 0.2330 -0.0000
vn 0.9840 0.1780 -0.0000
vn 0.9914 0.1306 -0.0000
vn 0.9959 0.0909 -0.0000
vn 0.9983 0.0586 -0.0000
vn 0.9994 0.0336 -0.0000
vn 0.9999 0.0157 -0.0000
vn 1.0000 0.0049 -0.0000
vn 0.9992 0.0411 -0.0000
vn 0.9849 0.1729 -0.0000
vn 0.9322 0.3619 -0.0000
vn 0.8360 0.5487 -0.0000
vn 0.7057 0.7085 -0.0000
vn 0.5625 0.8268 -0.0000
vn 0.4265 0.9045 -0.0000
vn 0.3089 0.9511 -0.0000
vn 0.2127 0.9771 -0.0000
vn 0.1364 0.9906 -0.0000
vn 0.0333 0.9994 -0.0000
vn 0.0042 1.0000 -0.0000
vn -0.0129 0.9999 -0.0000
vn -0.0270 0.9996 -0.0000
vn -0.0604 0.9982 -0.0000
vn -0.0799 0.9968 -0.0000
vn -0.1016 0.9948 -0.0000
vn -0.1257 0.9921 -0.0000
vn -0.1526 0.9883 -0.0000
vn -0.1825 0.9832 -0.0000
vn -0.2159 0.9764 -0.0000
vn -0.2532 0.9674 -0.0000
vn -0.3638 0.9315 -0.0000
vn -0.6014 0.7990 -0.0000
vn -0.8327 0.5537 -0.0000
vn -0.9518 0.3068 -0.0000
vn -0.9911 0.1333 -0.0000
vn -0.9518 0.3069 -0.0000
vn -0.9991 0.0422 -0.0000
vn -0.9997 0.0234 -0.0000
vn -0.9970 0.0774 -0.0000
vn -0.9752 0.2214 -0.0000
vn -0.8815 0.4721 -0.0000
vn -0.6427 0.7661 -0.0000
vn -0.3027 0.9531 -0.0000
vn -0.0536 0.9986 -0.0000
vn 0.0409 0.9992 -0.0000
vn 0.0755 0.9971 -0.0000
vn 0.1213 0.9926 -0.0000
vn 0.1327 0.9911 -0.0000
vn 0.1365 0.9906 -0.0000
vn -0.0203 0.9998 -0.0000
vn -0.1320 0.9912 -0.0000
vn -0.2775 0.9607 -0.0000
vn -0.4307 0.9025 -0.0000
vn -0.2776 0.9607 -0.0000
vn -0.5791 0.8153 -0.0000
vn -0.7096 0.7046 -0.0000
vn -0.5790 0.8153 -0.0000
vn -0.8136 0.5814 -0.0000
vn -0.8893 0.4574 -0.0000
vn -0.9400 0.3412 -0.0000
vn -0.9715 0.2372 -0.0000
vn -0.9892 0.1466 -0.0000
vn -0.9977 0.0685 -0.0000
vn -0.9971 -0.0762 -0.0000
vn -0.9589 -0.2838 -0.0000
vn -0.9025 -0.4307 -0.0000
vn -0.8600 -0.5102 -0.0000
vn -0.8265 -0.5630 -0.0000
vn -0.7970 -0.6039 -0.0000
vn -0.7681 -0.6403 -0.0000
vn -0.7363 -0.6767 -0.0000
vn -0.6966 -0.7175 -0.0000
vn -0.6404 -0.7681 -0.0000
vn -0.5475 -0.8368 -0.0000
vn -0.3630 -0.9318 -0.0000
vn -0.0557 -0.9984 -0.0000
vn 0.2074 -0.9783 -0.0000
vn 0.3437 -0.9391 -0.0000
vn 0.4347 -0.9006 -0.0000
vn 0.3438 -0.9391 -0.0000
vn 0.5033 -0.8641 -0.0000
vn 0.5611 -0.8277 -0.0000
vn 0.6148 -0.7887 -0.0000
vn 0.6691 -0.7431 -0.0000
vn 0.7284 -0.6852 -0.0000
vn 0.7963 -0.6048 -0.0000
vn 0.8752 -0.4838 -0.0000
vn 0.9572 -0.2895 -0.0000
vn 0.9998 -0.0189 -0.0000
vn 0.9701 0.2429 -0.0000
vn 0.9007 0.4344 -0.0000
vn 0.8260 0.5637 -0.0000
vn 0.7654 0.6436 -0.0000
vn 0.7253 0.6884 -0.0000
vn 0.7067 0.7075 -0.0000
vn 0.7095 0.7047 -0.0000
vn 0.7340 0.6791 -0.0000
vn 0.7809 0.6246 -0.0000
vn 0.8487 0.5289 -0.0000
vn 0.9273 0.3744 -0.0000
vn 0.7994 -0.6008 -0.0000
vn -0.0095 -1.0000 -0.0000
vn -0.0314 -0.9995 -0.0000
vn -0.0523 -0.9986 -0.0000
vn -0.0682 -0.9977 -0.0000
vn -0.0829 -0.9966 -0.0000
vn -0.0980 -0.9952 -0.0000
vn -0.1151 -0.9934 -0.0000
vn -0.1359 -0.9907 -0.0000
vn -0.1630 -0.9866 -0.0000
vn -0.2009 -0.9796 -0.0000
vn -0.2590 -0.9659 -0.0000
vn -0.3601 -0.9329 -0.0000
vn -0.5271 -0.8498 -0.0000
vn -0.7000 -0.7141 -0.0000
vn -0.8206 -0.5715 -0.0000
vn -0.8967 -0.4425 -0.0000
vn -0.9423 -0.3347 -0.0000
vn -0.8968 -0.4425 -0.0000
vn -0.9688 -0.2477 -0.0000
vn -0.9840 -0.1784 -0.0000
vn -0.9689 -0.2476 -0.0000
vn -0.9923 -0.1237 -0.0000
vn -0.9967 -0.0807 -0.0000
vn -0.9989 -0.0475 -0.0000
vn -0.9997 -0.0232 -0.0000
vn -1.0000 -0.0076 -0.0000
vn -1.0000 0.0009 -0.0000
vn -1.0000 0.0081 -0.0000
vn -0.9999 0.0168 -0.0000
vn -0.9997 0.0260 -0.0000
vn -0.9994 0.0359 -0.0000
vn -0.9989 0.0464 -0.0000
vn -0.9983 0.0575 -0.0000
vn -0.9976 0.0693 -0.0000
vn -0.9967 0.0817 -0.0000
vn -0.9955 0.0948 -0.0000
vn -0.9941 0.1086 -0.0000
vn -0.9924 0.1231 -0.0000
vn 0.0653 0.9979 -0.0000
vn 0.1428 0.9898 -0.0000
vn 0.0654 0.9979 -0.0000
vn 0.1427 0.9898 -0.0000
vn 0.9996 -0.0276 -0.0000
vn 0.9998 -0.0209 -0.0000
vn 0.9998 -0.0204 -0.0000
vn 1.0000 -0.0009 -0.0000
vn 0.9971 0.0759 -0.0000
vn 0.9906 0.1369 -0.0000
vn 0.9761 0.2172 -0.0000
vn 0.9473 0.3205 -0.0000
vn 0.8937 0.4487 -0.0000
vn 0.8015 0.5979 -0.0000
vn 0.6733 0.7394 -0.0000
vn 0.5441 0.8390 -0.0000
vn 0.4351 0.9004 -0.0000
vn 0.5442 0.8390 -0.0000
vn 0.3424 0.9396 -0.0000
vn 0.2655 0.9641 -0.0000
vn 0.2023 0.9793 -0.0000
vn 0.1505 0.9886 -0.0000
vn 0.1083 0.9941 -0.0000
vn 0.0740 0.9973 -0.0000
vn 0.0465 0.9989 -0.0000
vn 0.0252 0.9997 -0.0000
vn 0.0100 0.9999 -0.0000
vn -0.0406 0.9992 -0.0000
vn -0.1811 0.9835 -0.0000
vn -0.3768 0.9263 -0.0000
vn -0.5661 0.8243 -0.0000
vn -0.7237 0.6901 -0.0000
vn -0.8376 0.5463 -0.0000
vn -0.7238 0.6901 -0.0000
vn -0.9109 0.4125 -0.0000
vn -0.9545 0.2983 -0.0000
vn -0.9110 0.4125 -0.0000
vn -0.9787 0.2055 -0.0000
vn -0.9912 0.1320 -0.0000
vn -0.9972 0.0751 -0.0000
vn -0.9913 0.1320 -0.0000
vn -0.9995 0.0323 -0.0000
vn -1.0000 0.0063 -0.0000
vn -1.0000 -0.0030 -0.0000
vn -1.0000 -0.0056 -0.0000
vn -1.0000 -0.0031 -0.0000
vn -1.0000 -0.0090 -0.0000
vn -1.0000 -0.0099 -0.0000
vn -0.9999 -0.0102 -0.0000
vn -1.0000 -0.0011 -0.0000
vn -1.0000 0.0035 -0.0000
vn -0.9999 0.0163 -0.0000
vn -0.9993 0.0373 -0.0000
vn -0.9978 0.0661 -0.0000
vn -0.9945 0.1047 -0.0000
vn -0.9978 0.0662 -0.0000
vn -0.9876 0.1568 -0.0000
vn -0.9735 0.2286 -0.0000
vn -0.9437 0.3309 -0.0000
vn -0.8776 0.4794 -0.0000
vn -0.7283 0.6853 -0.0000
vn -0.4284 0.9036 -0.0000
vn -0.7282 0.6853 -0.0000
vn -0.0754 0.9972 -0.0000
vn 0.1450 0.9894 -0.0000
vn 0.2758 0.9612 -0.0000
vn 0.3874 0.9219 -0.0000
vn 0.4802 0.8771 -0.0000
vn 0.5564 0.8309 -0.0000
vn 0.6188 0.7855 -0.0000
vn 0.5565 0.8309 -0.0000
vn 0.6702 0.7422 -0.0000
vn 0.7128 0.7014 -0.0000
vn 0.7486 0.6630 -0.0000
vn 0.7794 0.6266 -0.0000
vn 0.8063 0.5916 -0.0000
vn 0.8479 0.5301 -0.0000
vn 0.8063 0.5915 -0.0000
vn 0.8750 0.4841 -0.0000
vn 0.8740 0.4860 -0.0000
vn 0.8718 0.4898 -0.0000
vn 0.8740 0.4859 -0.0000
vn 0.8686 0.4956 -0.0000
vn 0.8640 0.5035 -0.0000
vn 0.8582 0.5133 -0.0000
vn 0.8641 0.5034 -0.0000
vn 0.8510 0.5251 -0.0000
vn 0.8583 0.5132 -0.0000
vn 0.8424 0.5389 -0.0000
vn 0.8320 0.5547 -0.0000
vn 0.8200 0.5724 -0.0000
vn 0.8321 0.5547 -0.0000
vn 0.8533 0.5214 -0.0000
vn 0.8200 0.5723 -0.0000
vn 0.8832 0.4689 -0.0000
vn 0.8534 0.5213 -0.0000
vn 0.8714 0.4905 -0.0000
vn 0.8578 0.5140 -0.0000
vn 0.8412 0.5407 -0.0000
vn 0.8201 0.5723 -0.0000
vn 0.7922 0.6103 -0.0000
vn 0.7538 0.6571 -0.0000
vn 0.6988 0.7153 -0.0000
vn 0.6162 0.7876 -0.0000
vn 0.4871 0.8734 -0.0000
vn 0.2841 0.9588 -0.0000
vn 0.4871 0.8733 -0.0000
vn 0.0503 0.9987 -0.0000
vn -0.1040 0.9946 -0.0000
vn -0.1871 0.9823 -0.0000
vn -0.2577 0.9662 -0.0000
vn -0.3241 0.9460 -0.0000
vn -0.3917 0.9201 -0.0000
vn -0.4650 0.8853 -0.0000
vn -0.5478 0.8366 -0.0000
vn -0.6434 0.7655 -0.0000
vn -0.7523 0.6588 -0.0000
vn -0.8665 0.4993 -0.0000
vn -0.9616 0.2743 -0.0000
vn -0.8665 0.4992 -0.0000
vn -0.9999 0.0128 -0.0000
vn -0.9811 -0.1934 -0.0000
vn -0.9500 -0.3124 -0.0000
vn -0.9231 -0.3846 -0.0000
vn -0.9013 -0.4332 -0.0000
vn -0.8834 -0.4686 -0.0000
vn -0.8681 -0.4964 -0.0000
vn -0.8543 -0.5198 -0.0000
vn -0.8409 -0.5412 -0.0000
vn -0.8267 -0.5626 -0.0000
vn -0.8096 -0.5870 -0.0000
vn -0.7847 -0.6199 -0.0000
vn -0.7919 -0.6106 -0.0000
vn -0.7947 -0.6070 -0.0000
vn -0.7437 -0.6686 -0.0000
vn -0.6772 -0.7358 -0.0000
vn -0.6072 -0.7945 -0.0000
vn -0.5354 -0.8446 -0.0000
vn -0.4632 -0.8862 -0.0000
vn -0.3917 -0.9201 -0.0000
vn -0.3216 -0.9469 -0.0000
vn -0.2534 -0.9674 -0.0000
vn -0.1873 -0.9823 -0.0000
vn -0.1232 -0.9924 -0.0000
vn -0.0609 -0.9981 -0.0000
vn -0.0149 -0.9999 -0.0000
vn 0.0016 -1.0000 -0.0000
vn 0.0053 -1.0000 -0.0000
vn 0.0114 -0.9999 -0.0000
vn 0.0200 -0.9998 -0.0000
vn 0.0311 -0.9995 -0.0000
vn 0.0608 -0.9982 -0.0000
vn 0.1011 -0.9949 -0.0000
vn 0.1254 -0.9921 -0.0000
vn 0.1525 -0.9883 -0.0000
vn 0.2837 -0.9589 -0.0000
vn 0.5707 -0.8211 -0.0000
vn 0.8044 -0.5941 -0.0000
vn 0.9090 -0.4167 -0.0000
vn 0.9554 -0.2955 -0.0000
vn 0.9772 -0.2121 -0.0000
vn 0.9883 -0.1527 -0.0000
vn 0.9941 -0.1088 -0.0000
vn 0.9972 -0.0752 -0.0000
vn 0.9988 -0.0491 -0.0000
vn 0.9996 -0.0284 -0.0000
vn 0.9999 -0.0124 -0.0000
vn 1.0000 -0.0028 -0.0000
vn 0.8664 0.4994 -0.0000
vn 0.8657 0.5006 -0.0000
vn 0.8657 0.5005 -0.0000
vn 0.8674 0.4975 -0.0000
vn 0.8689 0.4949 -0.0000
vn 0.8674 0.4976 -0.0000
vn 0.8708 0.4916 -0.0000
vn 0.8731 0.4875 -0.0000
vn 0.8709 0.4915 -0.0000
vn 0.8758 0.4826 -0.0000
vn 0.8732 0.4874 -0.0000
vn 0.8789 0.4770 -0.0000
vn 0.8823 0.4706 -0.0000
vn 0.8861 0.4635 -0.0000
vn 0.8902 0.4557 -0.0000
vn 0.8948 0.4464 -0.0000
vn 0.8901 0.4557 -0.0000
vn 0.9003 0.4353 -0.0000
vn 0.9059 0.4235 -0.0000
vn 0.9003 0.4354 -0.0000
vn 0.9113 0.4117 -0.0000
vn 0.9165 0.4000 -0.0000
vn 0.9214 0.3886 -0.0000
vn 0.9165 0.4001 -0.0000
vn 0.9261 0.3773 -0.0000
vn 0.9305 0.3663 -0.0000
vn 0.9261 0.3774 -0.0000
vn 0.9346 0.3556 -0.0000
vn 0.9385 0.3452 -0.0000
vn 0.9422 0.3352 -0.0000
vn 0.9385 0.3453 -0.0000
vn 0.9455 0.3255 -0.0000
vn 0.9421 0.3353 -0.0000
vn 0.9455 0.3256 -0.0000
vn 0.9497 0.3133 -0.0000
vn 0.9482 0.3177 -0.0000
vn 0.9511 0.3088 -0.0000
vn 0.9359 0.3521 -0.0000
vn 0.9432 0.3322 -0.0000
vn 0.9259 0.3777 -0.0000
vn 0.9360 0.3521 -0.0000
vn 0.9123 0.4095 -0.0000
vn 0.9260 0.3776 -0.0000
vn 0.8680 0.4965 -0.0000
vn 0.7810 0.6246 -0.0000
vn 0.8321 0.5546 -0.0000
vn 0.7075 0.7067 -0.0000
vn 0.6330 0.7742 -0.0000
vn 0.5803 0.8144 -0.0000
vn 0.5355 0.8445 -0.0000
vn 0.4911 0.8711 -0.0000
vn 0.4476 0.8942 -0.0000
vn 0.4054 0.9141 -0.0000
vn 0.3648 0.9311 -0.0000
vn 0.3261 0.9453 -0.0000
vn 0.2894 0.9572 -0.0000
vn 0.2549 0.9670 -0.0000
vn 0.2226 0.9749 -0.0000
vn 0.2550 0.9670 -0.0000
vn 0.1926 0.9813 -0.0000
vn 0.1746 0.9846 -0.0000
vn 0.1485 0.9889 -0.0000
vn 0.1067 0.9943 -0.0000
vn 0.0714 0.9974 -0.0000
vn 0.0423 0.9991 -0.0000
vn 0.0189 0.9998 -0.0000
vn -0.0120 0.9999 -0.0000
vn -0.0198 0.9998 -0.0000
vn -0.0227 0.9997 -0.0000
vn -0.0126 0.9999 -0.0000
vn -0.0349 0.9994 -0.0000
vn -0.1349 0.9909 -0.0000
vn -0.2892 0.9573 -0.0000
vn -0.4562 0.8899 -0.0000
vn -0.6181 0.7861 -0.0000
vn -0.7554 0.6552 -0.0000
vn -0.8571 0.5151 -0.0000
vn -0.7554 0.6553 -0.0000
vn -0.9238 0.3829 -0.0000
vn -0.9633 0.2684 -0.0000
vn -0.9846 0.1748 -0.0000
vn -0.9949 0.1009 -0.0000
vn -0.9990 0.0441 -0.0000
vn -0.9993 0.0366 -0.0000
vn -0.9937 0.1124 -0.0000
vn -0.9722 0.2343 -0.0000
vn -0.9936 0.1125 -0.0000
vn -0.9327 0.3608 -0.0000
vn -0.9721 0.2344 -0.0000
vn -0.8756 0.4830 -0.0000
vn -0.8057 0.5924 -0.0000
vn -0.8757 0.4829 -0.0000
vn -0.7301 0.6834 -0.0000
vn -0.6564 0.7544 -0.0000
vn -0.7300 0.6834 -0.0000
vn -0.5906 0.8069 -0.0000
vn -0.6563 0.7545 -0.0000
vn -0.5360 0.8442 -0.0000
vn -0.5905 0.8071 -0.0000
vn -0.4941 0.8694 -0.0000
vn -0.5359 0.8443 -0.0000
vn -0.4654 0.8851 -0.0000
vn -0.4002 0.9164 -0.0000
vn -0.2981 0.9545 -0.0000
vn -0.2116 0.9774 -0.0000
vn -0.0928 0.9957 -0.0000
vn -0.0585 0.9983 -0.0000
vn -0.0357 0.9994 -0.0000
vn -0.0208 0.9998 -0.0000
vn -0.0113 0.9999 -0.0000
vn -0.0055 1.0000 -0.0000
vn -0.0006 1.0000 -0.0000
vn -0.0001 1.0000 -0.0000
vn -0.0024 1.0000 -0.0000
vn -0.0097 1.0000 -0.0000
vn -0.0214 0.9998 -0.0000
vn -0.0372 0.9993 -0.0000
vn -0.0580 0.9983 -0.0000
vn -0.0851 0.9964 -0.0000
vn -0.1211 0.9926 -0.0000
vn -0.1704 0.9854 -0.0000
vn -0.2409 0.9706 -0.0000
vn -0.3467 0.9380 -0.0000
vn -0.5127 0.8586 -0.0000
vn -0.7005 0.7137 -0.0000
vn -0.8147 0.5799 -0.0000
vn -0.8716 0.4902 -0.0000
vn -0.9157 0.4019 -0.0000
vn -0.9478 0.3189 -0.0000
vn -0.9698 0.2440 -0.0000
vn -0.9839 0.1789 -0.0000
vn -0.9923 0.1240 -0.0000
vn -0.9839 0.1788 -0.0000
vn -0.9968 0.0796 -0.0000
vn -0.9990 0.0454 -0.0000
vn -0.9998 0.0211 -0.0000
vn -1.0000 0.0065 -0.0000
vn -0.9999 -0.0163 -0.0000
vn -0.9973 -0.0736 -0.0000
vn -0.9872 -0.1596 -0.0000
vn -0.9657 -0.2597 -0.0000
vn -0.9872 -0.1597 -0.0000
vn -0.9286 -0.3711 -0.0000
vn -0.8726 -0.4884 -0.0000
vn -0.7974 -0.6035 -0.0000
vn -0.7066 -0.7077 -0.0000
vn -0.6071 -0.7946 -0.0000
vn -0.5068 -0.8620 -0.0000
vn -0.4123 -0.9111 -0.0000
vn -0.3273 -0.9449 -0.0000
vn -0.2680 -0.9634 -0.0000
vn -0.2439 -0.9698 -0.0000
vn -0.2340 -0.9722 -0.0000
vn -0.2230 -0.9748 -0.0000
vn -0.2108 -0.9775 -0.0000
vn -0.1971 -0.9804 -0.0000
vn -0.1814 -0.9834 -0.0000
vn -0.1631 -0.9866 -0.0000
vn -0.1417 -0.9899 -0.0000
vn -0.1161 -0.9932 -0.0000
vn -0.0851 -0.9964 -0.0000
vn -0.0466 -0.9989 -0.0000
vn 0.0331 -0.9995 -0.0000
vn 0.1835 -0.9830 -0.0000
vn 0.3602 -0.9329 -0.0000
vn 0.5181 -0.8553 -0.0000
vn 0.6509 -0.7591 -0.0000
vn 0.7576 -0.6528 -0.0000
vn 0.8405 -0.5418 -0.0000
vn 0.9033 -0.4289 -0.0000
vn 0.9492 -0.3146 -0.0000
vn 0.9803 -0.1975 -0.0000
vn 0.9971 -0.0759 -0.0000
vn 0.9986 0.0524 -0.0000
vn 0.9839 0.1789 -0.0000
vn 0.9540 0.2998 -0.0000
vn 0.9074 0.4203 -0.0000
vn 0.8440 0.5364 -0.0000
vn 0.7670 0.6416 -0.0000
vn 0.6820 0.7314 -0.0000
vn 0.7671 0.6416 -0.0000
vn 0.5947 0.8040 -0.0000
vn 0.5105 0.8599 -0.0000
vn 0.4333 0.9013 -0.0000
vn 0.3655 0.9308 -0.0000
vn 0.3087 0.9511 -0.0000
vn 0.2645 0.9644 -0.0000
vn 0.2348 0.9720 -0.0000
vn 0.2283 0.9736 -0.0000
vn 0.2522 0.9677 -0.0000
vn 0.2963 0.9551 -0.0000
vn 0.3614 0.9324 -0.0000
vn 0.4466 0.8947 -0.0000
vn 0.5468 0.8372 -0.0000
vn 0.6528 0.7576 -0.0000
vn 0.7525 0.6585 -0.0000
vn 0.8361 0.5485 -0.0000
vn 0.9378 0.3471 -0.0000
vn 0.9378 0.3472 -0.0000
vn 0.9576 0.2880 -0.0000
vn 0.9529 0.3033 -0.0000
vn 0.9628 0.2700 -0.0000
vn 0.9684 0.2494 -0.0000
vn 0.9628 0.2701 -0.0000
vn 0.9741 0.2261 -0.0000
vn 0.9684 0.2495 -0.0000
vn 0.9798 0.2002 -0.0000
vn 0.9741 0.2262 -0.0000
vn 0.9851 0.1718 -0.0000
vn 0.9797 0.2003 -0.0000
vn 0.9900 0.1411 -0.0000
vn 0.9941 0.1082 -0.0000
vn 0.9973 0.0735 -0.0000
vn 0.9993 0.0372 -0.0000
vn 0.9996 -0.0292 -0.0000
vn 0.9993 0.0373 -0.0000
vn 0.9879 -0.1548 -0.0000
vn 0.9996 -0.0291 -0.0000
vn 0.9526 -0.3042 -0.0000
vn 0.9880 -0.1547 -0.0000
vn 0.8989 -0.4381 -0.0000
vn 0.9526 -0.3043 -0.0000
vn 0.8353 -0.5498 -0.0000
vn 0.8989 -0.4382 -0.0000
vn 0.7700 -0.6380 -0.0000
vn 0.8353 -0.5497 -0.0000
vn 0.7093 -0.7049 -0.0000
vn 0.6566 -0.7542 -0.0000
vn 0.7092 -0.7050 -0.0000
vn 0.6140 -0.7893 -0.0000
vn 0.6567 -0.7542 -0.0000
vn 0.5823 -0.8130 -0.0000
vn 0.5617 -0.8273 -0.0000
vn 0.5822 -0.8131 -0.0000
vn 0.5529 -0.8332 -0.0000
vn 0.5617 -0.8274 -0.0000
vn 0.5253 -0.8509 -0.0000
vn 0.5530 -0.8332 -0.0000
vn 0.4421 -0.8970 -0.0000
vn 0.3351 -0.9422 -0.0000
vn 0.2448 -0.9696 -0.0000
vn 0.1708 -0.9853 -0.0000
vn 0.1114 -0.9938 -0.0000
vn 0.0648 -0.9979 -0.0000
vn 0.0293 -0.9996 -0.0000
vn 0.0038 -1.0000 -0.0000
vn -0.0123 -0.9999 -0.0000
vn -0.0188 -0.9998 -0.0000
vn -0.0146 -0.9999 -0.0000
vn -0.0094 -1.0000 -0.0000
vn -0.0192 -0.9998 -0.0000
vn -0.0405 -0.9992 -0.0000
vn -0.0642 -0.9979 -0.0000
vn -0.0904 -0.9959 -0.0000
vn -0.1188 -0.9929 -0.0000
vn -0.1493 -0.9888 -0.0000
vn -0.1818 -0.9833 -0.0000
vn -0.1494 -0.9888 -0.0000
vn -0.2160 -0.9764 -0.0000
vn -0.2515 -0.9679 -0.0000
vn -0.2159 -0.9764 -0.0000
vn -0.2880 -0.9576 -0.0000
vn -0.2514 -0.9679 -0.0000
vn -0.3251 -0.9457 -0.0000
vn -0.4254 -0.9050 -0.0000
vn -0.6184 -0.7859 -0.0000
vn -0.7788 -0.6272 -0.0000
vn -0.8577 -0.5142 -0.0000
vn -0.7789 -0.6272 -0.0000
vn -0.8942 -0.4477 -0.0000
vn -0.9078 -0.4194 -0.0000
vn -0.9055 -0.4244 -0.0000
vn -0.8866 -0.4625 -0.0000
vn -0.8429 -0.5380 -0.0000
vn -0.7546 -0.6562 -0.0000
vn -0.8430 -0.5380 -0.0000
vn -0.5869 -0.8097 -0.0000
vn -0.3124 -0.9500 -0.0000
vn -0.0284 -0.9996 -0.0000
vn 0.1201 -0.9928 -0.0000
vn 0.1749 -0.9846 -0.0000
vn 0.2177 -0.9760 -0.0000
vn 0.1748 -0.9846 -0.0000
vn 0.2598 -0.9657 -0.0000
vn 0.3069 -0.9518 -0.0000
vn 0.3638 -0.9315 -0.0000
vn 0.4368 -0.8996 -0.0000
vn 0.5343 -0.8453 -0.0000
vn 0.6662 -0.7458 -0.0000
vn 0.8312 -0.5560 -0.0000
vn 0.9740 -0.2266 -0.0000
vn 0.9914 0.1311 -0.0000
vn 0.9410 0.3385 -0.0000
vn 0.9914 0.1310 -0.0000
vn 0.9022 0.4314 -0.0000
vn 0.8727 0.4883 -0.0000
vn 0.8504 0.5261 -0.0000
vn 0.8333 0.5529 -0.0000
vn 0.8504 0.5262 -0.0000
vn 0.8199 0.5725 -0.0000
vn 0.8093 0.5873 -0.0000
vn 0.7947 0.6070 -0.0000
vn 0.7906 0.6123 -0.0000
vn 0.7948 0.6069 -0.0000
vn 0.7899 0.6132 -0.0000
vn 0.8300 0.5578 -0.0000
vn 0.8299 0.5578 -0.0000
vn -0.1754 0.9845 -0.0000
vn -0.1893 0.9819 -0.0000
vn -0.1709 0.9853 -0.0000
vn -0.1742 0.9847 -0.0000
vn -0.1846 0.9828 -0.0000
vn -0.2023 0.9793 -0.0000
vn -0.2284 0.9736 -0.0000
vn -0.2645 0.9644 -0.0000
vn -0.3136 0.9496 -0.0000
vn -0.3801 0.9250 -0.0000
vn -0.4702 0.8826 -0.0000
vn -0.5757 0.8176 -0.0000
vn -0.6749 0.7379 -0.0000
vn -0.7612 0.6485 -0.0000
vn -0.8354 0.5496 -0.0000
vn -0.7611 0.6486 -0.0000
vn -0.8944 0.4472 -0.0000
vn -0.8353 0.5497 -0.0000
vn -0.9376 0.3478 -0.0000
vn -0.8943 0.4474 -0.0000
vn -0.9666 0.2565 -0.0000
vn -0.9375 0.3479 -0.0000
vn -0.9842 0.1769 -0.0000
vn -0.9938 0.1111 -0.0000
vn -0.9842 0.1768 -0.0000
vn -0.9982 0.0600 -0.0000
vn -0.9938 0.1110 -0.0000
vn -0.9997 0.0243 -0.0000
vn -1.0000 0.0049 -0.0000
vn -0.9997 -0.0233 -0.0000
vn -1.0000 0.0048 -0.0000
vn -0.9957 -0.0923 -0.0000
vn -0.9997 -0.0234 -0.0000
vn -0.9827 -0.1853 -0.0000
vn -0.9600 -0.2802 -0.0000
vn -0.9259 -0.3777 -0.0000
vn -0.8783 -0.4781 -0.0000
vn -0.8143 -0.5804 -0.0000
vn -0.7313 -0.6821 -0.0000
vn -0.6275 -0.7786 -0.0000
vn -0.5035 -0.8640 -0.0000
vn -0.6274 -0.7787 -0.0000
vn -0.3632 -0.9317 -0.0000
vn -0.2137 -0.9769 -0.0000
vn -0.0428 -0.9991 -0.0000
vn 0.0984 -0.9951 -0.0000
vn 0.1810 -0.9835 -0.0000
vn 0.2439 -0.9698 -0.0000
vn 0.2875 -0.9578 -0.0000
vn 0.3129 -0.9498 -0.0000
vn 0.3208 -0.9471 -0.0000
vn 0.3118 -0.9502 -0.0000
vn 0.2854 -0.9584 -0.0000
vn 0.2412 -0.9705 -0.0000
vn 0.2855 -0.9584 -0.0000
vn 0.1783 -0.9840 -0.0000
vn 0.1784 -0.9840 -0.0000
vn -0.0656 -0.9978 -0.0000
vn -0.3594 -0.9332 -0.0000
vn -0.6474 -0.7621 -0.0000
vn -0.8208 -0.5712 -0.0000
vn -0.8209 -0.5711 -0.0000
vn -0.9547 -0.2976 -0.0000
vn -0.9773 -0.2120 -0.0000
vn -0.9889 -0.1483 -0.0000
vn -0.9950 -0.1001 -0.0000
vn -0.9889 -0.1484 -0.0000
vn -0.9980 -0.0630 -0.0000
vn -0.9994 -0.0345 -0.0000
vn -0.9999 -0.0139 -0.0000
vn -1.0000 0.0021 -0.0000
vn -0.9999 -0.0138 -0.0000
vn -0.9998 0.0186 -0.0000
vn -1.0000 0.0023 -0.0000
vn -0.9994 0.0343 -0.0000
vn -0.9989 0.0467 -0.0000
vn -0.9994 0.0344 -0.0000
vn -0.9985 0.0555 -0.0000
vn -0.9981 0.0608 -0.0000
vn -0.9982 0.0608 -0.0000
vn -0.9980 0.0625 -0.0000
vn -0.9998 -0.0191 -0.0000
vn -0.9946 -0.1041 -0.0000
vn -0.9998 -0.0190 -0.0000
vn -0.9739 -0.2272 -0.0000
vn -0.9292 -0.3696 -0.0000
vn -0.9738 -0.2272 -0.0000
vn -0.8527 -0.5223 -0.0000
vn -0.9291 -0.3697 -0.0000
vn -0.7432 -0.6690 -0.0000
vn -0.8527 -0.5224 -0.0000
vn -0.6099 -0.7925 -0.0000
vn -0.4695 -0.8829 -0.0000
vn -0.3380 -0.9411 -0.0000
vn -0.2246 -0.9744 -0.0000
vn -0.1320 -0.9913 -0.0000
vn -0.0587 -0.9983 -0.0000
vn -0.0127 -0.9999 -0.0000
vn 0.0046 -1.0000 -0.0000
vn 0.0151 -0.9999 -0.0000
vn 0.0329 -0.9995 -0.0000
vn 0.0584 -0.9983 -0.0000
vn 0.0924 -0.9957 -0.0000
vn 0.1358 -0.9907 -0.0000
vn 0.2544 -0.9671 -0.0000
vn 0.3311 -0.9436 -0.0000
vn 0.2545 -0.9671 -0.0000
vn 0.4191 -0.9080 -0.0000
vn 0.5161 -0.8565 -0.0000
vn 0.6602 -0.7511 -0.0000
vn 0.8201 -0.5723 -0.0000
vn 0.6601 -0.7511 -0.0000
vn 0.9165 -0.4000 -0.0000
vn 0.9603 -0.2790 -0.0000
vn 0.9809 -0.1943 -0.0000
vn 0.9910 -0.1337 -0.0000
vn 0.9960 -0.0891 -0.0000
vn 0.9984 -0.0557 -0.0000
vn 0.9995 -0.0307 -0.0000
vn 0.9999 -0.0125 -0.0000
vn 1.0000 -0.0006 -0.0000
vn 1.0000 0.0040 -0.0000
vn 1.0000 -0.0025 -0.0000
vn 0.9999 -0.0137 -0.0000
vn 1.0000 -0.0067 -0.0000
vn 1.0000 0.0068 -0.0000
vn 0.9985 0.0544 -0.0000
vn 0.9957 0.0923 -0.0000
vn 0.9895 0.1448 -0.0000
vn 0.9957 0.0922 -0.0000
vn 0.9754 0.2202 -0.0000
vn 0.9430 0.3328 -0.0000
vn 0.8632 0.5049 -0.0000
vn 0.9430 0.3327 -0.0000
vn 0.7169 0.6971 -0.0000
vn 0.5705 0.8213 -0.0000
vn 0.4612 0.8873 -0.0000
vn 0.3627 0.9319 -0.0000
vn 0.2778 0.9606 -0.0000
vn 0.2067 0.9784 -0.0000
vn 0.1484 0.9889 -0.0000
vn 0.1015 0.9948 -0.0000
vn 0.0647 0.9979 -0.0000
vn 0.0368 0.9993 -0.0000
vn 0.0172 0.9999 -0.0000
vn 0.0053 1.0000 -0.0000
vn -0.0323 0.9995 -0.0000
vn -0.1413 0.9900 -0.0000
vn -0.3002 0.9539 -0.0000
vn -0.4683 0.8836 -0.0000
vn -0.6274 0.7787 -0.0000
vn -0.7602 0.6497 -0.0000
vn -0.6275 0.7786 -0.0000
vn -0.8580 0.5136 -0.0000
vn -0.7603 0.6496 -0.0000
vn -0.9227 0.3856 -0.0000
vn -0.8581 0.5135 -0.0000
vn -0.9617 0.2741 -0.0000
vn -0.9834 0.1815 -0.0000
vn -0.9617 0.2742 -0.0000
vn -0.9834 0.1816 -0.0000
vn -0.9989 0.0477 -0.0000
vn -1.0000 0.0038 -0.0000
vn -0.9996 -0.0266 -0.0000
vn -0.9988 -0.0492 -0.0000
vn -0.9996 -0.0267 -0.0000
vn -0.9978 -0.0670 -0.0000
vn -0.9988 -0.0493 -0.0000
vn -0.9968 -0.0799 -0.0000
vn -0.9977 -0.0671 -0.0000
vn -0.9961 -0.0877 -0.0000
vn -0.9959 -0.0905 -0.0000
vn -0.9961 -0.0878 -0.0000
vn -0.9961 -0.0882 -0.0000
vn -0.9959 -0.0906 -0.0000
vn -0.9967 -0.0808 -0.0000
vn -0.9961 -0.0883 -0.0000
vn -0.9977 -0.0683 -0.0000
vn -0.9987 -0.0505 -0.0000
vn -0.9977 -0.0682 -0.0000
vn -0.9996 -0.0274 -0.0000
vn -0.9987 -0.0504 -0.0000
vn -0.9827 0.1851 -0.0000
vn -0.9994 0.0358 -0.0000
vn -0.9222 0.3868 -0.0000
vn -0.8150 0.5795 -0.0000
vn -0.6792 0.7339 -0.0000
vn -0.5433 0.8395 -0.0000
vn -0.4281 0.9037 -0.0000
vn -0.3416 0.9398 -0.0000
vn -0.2843 0.9587 -0.0000
vn -0.2542 0.9672 -0.0000
vn -0.2498 0.9683 -0.0000
vn -0.2715 0.9624 -0.0000
vn -0.2442 0.9697 -0.0000
vt 0.778443 0.000000
vt 0.790419 0.000000
vt 0.784431 0.000000
vt 0.772455 0.000000
vt 0.766467 0.000000
vt 0.760479 0.000000
vt 0.796407 0.000000
vt 0.754491 0.000000
vt 0.748503 0.000000
vt 0.802395 0.000000
vt 0.742515 0.000000
vt 0.736527 0.000000
vt 0.808383 0.000000
vt 0.730539 0.000000
vt 0.814371 0.000000
vt 0.724551 0.000000
vt 0.718563 0.000000
vt 0.820359 0.000000
vt 0.712575 0.000000
vt 0.826347 0.000000
vt 0.706587 0.000000
vt 0.832335 0.000000
vt 0.838323 0.000000
vt 0.700599 0.000000
vt 0.844311 0.000000
vt 0.850299 0.000000
vt 0.856287 0.000000
vt 0.694611 0.000000
vt 0.862275 0.000000
vt 0.868263 0.000000
vt 0.874251 0.000000
vt 0.880240 0.000000
vt 0.688623 0.000000
vt 0.886228 0.000000
vt 0.892216 0.000000
vt 0.898204 0.000000
vt 0.904192 0.000000
vt 0.910180 0.000000
vt 0.682635 0.000000
vt 0.916168 0.000000
vt 0.922156 0.000000
vt 0.928144 0.000000
vt 0.934132 0.000000
vt 0.676647 0.000000
vt 0.940120 0.000000
vt 0.946108 0.000000
vt 0.670659 0.000000
vt 0.952096 0.000000
vt 0.958084 0.000000
vt 0.964072 0.000000
vt 0.664671 0.000000
vt 0.970060 0.000000
vt 0.976048 0.000000
vt 0.982036 0.000000
vt 0.988024 0.000000
vt 0.994012 0.000000
vt 1.000000 0.000000
vt 0.658683 0.000000
vt 0.000000 0.000000
vt 0.005988 0.000000
vt 0.011976 0.000000
vt 0.017964 0.000000
vt 0.023952 0.000000
vt 0.029940 0.000000
vt 0.035928 0.000000
vt 0.652695 0.000000
vt 0.041916 0.000000
vt 0.047904 0.000000
vt 0.053892 0.000000
vt 0.059880 0.000000
vt 0.646707 0.000000
vt 0.065868 0.000000
vt 0.071856 0.000000
vt 0.077844 0.000000
vt 0.083832 0.000000
vt 0.640719 0.000000
vt 0.089820 0.000000
vt 0.095808 0.000000
vt 0.101796 0.000000
vt 0.107784 0.000000
vt 0.634731 0.000000
vt 0.113772 0.000000
vt 0.119760 0.000000
vt 0.125749 0.000000
vt 0.131737 0.000000
vt 0.628743 0.000000
vt 0.137725 0.000000
vt 0.143713 0.000000
vt 0.149701 0.000000
vt 0.622755 0.000000
vt 0.281437 0.000000
vt 0.155689 0.000000
vt 0.287425 0.000000
vt 0.275449 0.000000
vt 0.269461 0.000000
vt 0.293413 0.000000
vt 0.263473 0.000000
vt 0.299401 0.000000
vt 0.161677 0.000000
vt 0.257485 0.000000
vt 0.305389 0.000000
vt 0.167665 0.000000
vt 0.251497 0.000000
vt 0.616766 0.000000
vt 0.311377 0.000000
vt 0.245509 0.000000
vt 0.173653 0.000000
vt 0.317365 0.000000
vt 0.239521 0.000000
vt 0.179641 0.000000
vt 0.233533 0.000000
vt 0.185629 0.000000
vt 0.323353 0.000000
vt 0.610778 0.000000
vt 0.227545 0.000000
vt 0.191617 0.000000
vt 0.221557 0.000000
vt 0.329341 0.000000
vt 0.197605 0.000000
vt 0.215569 0.000000
vt 0.203593 0.000000
vt 0.209581 0.000000
vt 0.335329 0.000000
vt 0.604790 0.000000
vt 0.341317 0.000000
vt 0.347305 0.000000
vt 0.353293 0.000000
vt 0.598802 0.000000
vt 0.359281 0.000000
vt 0.365269 0.000000
vt 0.371257 0.000000
vt 0.377246 0.000000
vt 0.592814 0.000000
vt 0.383234 0.000000
vt 0.389222 0.000000
vt 0.395210 0.000000
vt 0.586826 0.000000
vt 0.401198 0.000000
vt 0.407186 0.000000
vt 0.413174 0.000000
vt 0.419162 0.000000
vt 0.580838 0.000000
vt 0.425150 0.000000
vt 0.431138 0.000000
vt 0.574850 0.000000
vt 0.437126 0.000000
vt 0.443114 0.000000
vt 0.449102 0.000000
vt 0.568862 0.000000
vt 0.455090 0.000000
vt 0.461078 0.000000
vt 0.562874 0.000000
vt 0.467066 0.000000
vt 0.556886 0.000000
vt 0.550898 0.000000
vt 0.473054 0.000000
vt 0.544910 0.000000
vt 0.479042 0.000000
vt 0.538922 0.000000
vt 0.532934 0.000000
vt 0.485030 0.000000
vt 0.526946 0.000000
vt 0.491018 0.000000
vt 0.520958 0.000000
vt 0.514970 0.000000
vt 0.497006 0.000000
vt 0.508982 0.000000
vt 0.502994 0.000000
vt 0.197719 0.000000
vt 0.205323 0.000000
vt 0.201521 0.000000
vt 0.209125 0.000000
vt 0.193916 0.000000
vt 0.212928 0.000000
vt 0.190114 0.000000
vt 0.216730 0.000000
vt 0.220532 0.000000
vt 0.224335 0.000000
vt 0.228137 0.000000
vt 0.186312 0.000000
vt 0.231939 0.000000
vt 0.182510 0.000000
vt 0.178707 0.000000
vt 0.235741 0.000000
vt 0.174905 0.000000
vt 0.171103 0.000000
vt 0.167300 0.000000
vt 0.239544 0.000000
vt 0.163498 0.000000
vt 0.159696 0.000000
vt 0.155894 0.000000
vt 0.152091 0.000000
vt 0.243346 0.000000
vt 0.148289 0.000000
vt 0.144487 0.000000
vt 0.140684 0.000000
vt 0.247148 0.000000
vt 0.136882 0.000000
vt 0.133080 0.000000
vt 0.129278 0.000000
vt 0.250951 0.000000
vt 0.125475 0.000000
vt 0.254753 0.000000
vt 0.121673 0.000000
vt 0.258555 0.000000
vt 0.117871 0.000000
vt 0.262357 0.000000
vt 0.114068 0.000000
vt 0.266160 0.000000
vt 0.110266 0.000000
vt 0.269962 0.000000
vt 0.106464 0.000000
vt 0.273764 0.000000
vt 0.102662 0.000000
vt 0.277567 0.000000
vt 0.281369 0.000000
vt 0.285171 0.000000
vt 0.288973 0.000000
vt 0.292776 0.000000
vt 0.296578 0.000000
vt 0.098859 0.000000
vt 0.300380 0.000000
vt 0.304182 0.000000
vt 0.307985 0.000000
vt 0.311787 0.000000
vt 0.315589 0.000000
vt 0.319392 0.000000
vt 0.323194 0.000000
vt 0.326996 0.000000
vt 0.095057 0.000000
vt 0.330798 0.000000
vt 0.334601 0.000000
vt 0.338403 0.000000
vt 0.342205 0.000000
vt 0.346008 0.000000
vt 0.349810 0.000000
vt 0.353612 0.000000
vt 0.357414 0.000000
vt 0.361217 0.000000
vt 0.365019 0.000000
vt 0.368821 0.000000
vt 0.372624 0.000000
vt 0.376426 0.000000
vt 0.380228 0.000000
vt 0.384030 0.000000
vt 0.387833 0.000000
vt 0.091255 0.000000
vt 0.391635 0.000000
vt 0.395437 0.000000
vt 0.087452 0.000000
vt 0.399240 0.000000
vt 0.083650 0.000000
vt 0.403042 0.000000
vt 0.079848 0.000000
vt 0.406844 0.000000
vt 0.076046 0.000000
vt 0.072243 0.000000
vt 0.410646 0.000000
vt 0.068441 0.000000
vt 0.414449 0.000000
vt 0.064639 0.000000
vt 0.418251 0.000000
vt 0.060837 0.000000
vt 0.057034 0.000000
vt 0.422053 0.000000
vt 0.053232 0.000000
vt 0.049430 0.000000
vt 0.425856 0.000000
vt 0.045627 0.000000
vt 0.429658 0.000000
vt 0.041825 0.000000
vt 0.038023 0.000000
vt 0.433460 0.000000
vt 0.034221 0.000000
vt 0.030418 0.000000
vt 0.437262 0.000000
vt 0.026616 0.000000
vt 0.022814 0.000000
vt 0.441065 0.000000
vt 0.019011 0.000000
vt 0.015209 0.000000
vt 0.444867 0.000000
vt 0.011407 0.000000
vt 0.448669 0.000000
vt 0.007605 0.000000
vt 0.003802 0.000000
vt 0.452471 0.000000
vt 0.790875 0.000000
vt 0.456274 0.000000
vt 0.996198 0.000000
vt 0.794677 0.000000
vt 0.992395 0.000000
vt 0.988593 0.000000
vt 0.798479 0.000000
vt 0.984791 0.000000
vt 0.821293 0.000000
vt 0.806084 0.000000
vt 0.802281 0.000000
vt 0.809886 0.000000
vt 0.813688 0.000000
vt 0.817491 0.000000
vt 0.825095 0.000000
vt 0.828897 0.000000
vt 0.832700 0.000000
vt 0.836502 0.000000
vt 0.787072 0.000000
vt 0.840304 0.000000
vt 0.844106 0.000000
vt 0.847909 0.000000
vt 0.783270 0.000000
vt 0.851711 0.000000
vt 0.855513 0.000000
vt 0.779468 0.000000
vt 0.859316 0.000000
vt 0.863118 0.000000
vt 0.980989 0.000000
vt 0.775665 0.000000
vt 0.866920 0.000000
vt 0.771863 0.000000
vt 0.768061 0.000000
vt 0.870722 0.000000
vt 0.764259 0.000000
vt 0.760456 0.000000
vt 0.756654 0.000000
vt 0.977186 0.000000
vt 0.752852 0.000000
vt 0.749049 0.000000
vt 0.745247 0.000000
vt 0.741445 0.000000
vt 0.737643 0.000000
vt 0.460076 0.000000
vt 0.733840 0.000000
vt 0.874525 0.000000
vt 0.730038 0.000000
vt 0.726236 0.000000
vt 0.973384 0.000000
vt 0.722433 0.000000
vt 0.718631 0.000000
vt 0.714829 0.000000
vt 0.878327 0.000000
vt 0.711027 0.000000
vt 0.969582 0.000000
vt 0.707224 0.000000
vt 0.703422 0.000000
vt 0.699620 0.000000
vt 0.965779 0.000000
vt 0.695817 0.000000
vt 0.882129 0.000000
vt 0.692015 0.000000
vt 0.688213 0.000000
vt 0.684411 0.000000
vt 0.961977 0.000000
vt 0.680608 0.000000
vt 0.463878 0.000000
vt 0.676806 0.000000
vt 0.885932 0.000000
vt 0.958175 0.000000
vt 0.954373 0.000000
vt 0.889734 0.000000
vt 0.950570 0.000000
vt 0.673004 0.000000
vt 0.946768 0.000000
vt 0.893536 0.000000
vt 0.467681 0.000000
vt 0.942966 0.000000
vt 0.939164 0.000000
vt 0.897338 0.000000
vt 0.669201 0.000000
vt 0.935361 0.000000
vt 0.931559 0.000000
vt 0.901141 0.000000
vt 0.927757 0.000000
vt 0.923954 0.000000
vt 0.665399 0.000000
vt 0.904943 0.000000
vt 0.920152 0.000000
vt 0.471483 0.000000
vt 0.916350 0.000000
vt 0.908745 0.000000
vt 0.912548 0.000000
vt 0.661597 0.000000
vt 0.657795 0.000000
vt 0.475285 0.000000
vt 0.653992 0.000000
vt 0.650190 0.000000
vt 0.646388 0.000000
vt 0.642586 0.000000
vt 0.479087 0.000000
vt 0.638783 0.000000
vt 0.634981 0.000000
vt 0.631179 0.000000
vt 0.627376 0.000000
vt 0.623574 0.000000
vt 0.619772 0.000000
vt 0.615970 0.000000
vt 0.612167 0.000000
vt 0.608365 0.000000
vt 0.482890 0.000000
vt 0.604563 0.000000
vt 0.600760 0.000000
vt 0.596958 0.000000
vt 0.593156 0.000000
vt 0.589354 0.000000
vt 0.486692 0.000000
vt 0.585551 0.000000
vt 0.581749 0.000000
vt 0.490494 0.000000
vt 0.577947 0.000000
vt 0.574144 0.000000
vt 0.494297 0.000000
vt 0.570342 0.000000
vt 0.566540 0.000000
vt 0.498099 0.000000
vt 0.562738 0.000000
vt 0.558935 0.000000
vt 0.501901 0.000000
vt 0.555133 0.000000
vt 0.505703 0.000000
vt 0.509506 0.000000
vt 0.513308 0.000000
vt 0.517110 0.000000
vt 0.551331 0.000000
vt 0.520913 0.000000
vt 0.524715 0.000000
vt 0.547529 0.000000
vt 0.528517 0.000000
vt 0.532319 0.000000
vt 0.536122 0.000000
vt 0.543726 0.000000
vt 0.539924 0.000000
vt 0.140127 0.000000
vt 0.152866 0.000000
vt 0.146497 0.000000
vt 0.133758 0.000000
vt 0.127389 0.000000
vt 0.121019 0.000000
vt 0.114650 0.000000
vt 0.159236 0.000000
vt 0.108280 0.000000
vt 0.101911 0.000000
vt 0.165605 0.000000
vt 0.095541 0.000000
vt 0.089172 0.000000
vt 0.171975 0.000000
vt 0.082803 0.000000
vt 0.076433 0.000000
vt 0.178344 0.000000
vt 0.070064 0.000000
vt 0.063694 0.000000
vt 0.184713 0.000000
vt 0.191083 0.000000
vt 0.057325 0.000000
vt 0.197452 0.000000
vt 0.203822 0.000000
vt 0.050955 0.000000
vt 0.210191 0.000000
vt 0.044586 0.000000
vt 0.216561 0.000000
vt 0.222930 0.000000
vt 0.229299 0.000000
vt 0.038217 0.000000
vt 0.235669 0.000000
vt 0.031847 0.000000
vt 0.242038 0.000000
vt 0.025478 0.000000
vt 0.248408 0.000000
vt 0.019108 0.000000
vt 0.254777 0.000000
vt 0.012739 0.000000
vt 0.261146 0.000000
vt 0.006369 0.000000
vt 0.267516 0.000000
vt 0.598726 0.000000
vt 0.611465 0.000000
vt 0.605096 0.000000
vt 0.617834 0.000000
vt 0.592357 0.000000
vt 0.624204 0.000000
vt 0.585987 0.000000
vt 0.630573 0.000000
vt 0.579618 0.000000
vt 0.636943 0.000000
vt 0.573248 0.000000
vt 0.643312 0.000000
vt 0.273885 0.000000
vt 0.566879 0.000000
vt 0.649682 0.000000
vt 0.560510 0.000000
vt 0.656051 0.000000
vt 0.554140 0.000000
vt 0.662420 0.000000
vt 0.280255 0.000000
vt 0.547771 0.000000
vt 0.668790 0.000000
vt 0.541401 0.000000
vt 0.675159 0.000000
vt 0.993631 0.000000
vt 0.535032 0.000000
vt 0.286624 0.000000
vt 0.528662 0.000000
vt 0.681529 0.000000
vt 0.522293 0.000000
vt 0.515924 0.000000
vt 0.509554 0.000000
vt 0.687898 0.000000
vt 0.503185 0.000000
vt 0.292994 0.000000
vt 0.496815 0.000000
vt 0.694268 0.000000
vt 0.490446 0.000000
vt 0.484076 0.000000
vt 0.700637 0.000000
vt 0.477707 0.000000
vt 0.471338 0.000000
vt 0.464968 0.000000
vt 0.299363 0.000000
vt 0.707006 0.000000
vt 0.458599 0.000000
vt 0.452229 0.000000
vt 0.445860 0.000000
vt 0.713376 0.000000
vt 0.305732 0.000000
vt 0.719745 0.000000
vt 0.312102 0.000000
vt 0.439490 0.000000
vt 0.726115 0.000000
vt 0.318471 0.000000
vt 0.732484 0.000000
vt 0.433121 0.000000
vt 0.738854 0.000000
vt 0.324841 0.000000
vt 0.745223 0.000000
vt 0.426752 0.000000
vt 0.331210 0.000000
vt 0.751592 0.000000
vt 0.987261 0.000000
vt 0.757962 0.000000
vt 0.420382 0.000000
vt 0.764331 0.000000
vt 0.337580 0.000000
vt 0.980892 0.000000
vt 0.414013 0.000000
vt 0.343949 0.000000
vt 0.974522 0.000000
vt 0.407643 0.000000
vt 0.350318 0.000000
vt 0.401274 0.000000
vt 0.968153 0.000000
vt 0.770701 0.000000
vt 0.356688 0.000000
vt 0.394904 0.000000
vt 0.363057 0.000000
vt 0.388535 0.000000
vt 0.369427 0.000000
vt 0.961783 0.000000
vt 0.382166 0.000000
vt 0.375796 0.000000
vt 0.777070 0.000000
vt 0.955414 0.000000
vt 0.783440 0.000000
vt 0.949045 0.000000
vt 0.789809 0.000000
vt 0.942675 0.000000
vt 0.796178 0.000000
vt 0.802548 0.000000
vt 0.936306 0.000000
vt 0.808917 0.000000
vt 0.929936 0.000000
vt 0.815287 0.000000
vt 0.923567 0.000000
vt 0.821656 0.000000
vt 0.828025 0.000000
vt 0.917197 0.000000
vt 0.834395 0.000000
vt 0.910828 0.000000
vt 0.904459 0.000000
vt 0.898089 0.000000
vt 0.891720 0.000000
vt 0.840764 0.000000
vt 0.885350 0.000000
vt 0.878981 0.000000
vt 0.872611 0.000000
vt 0.866242 0.000000
vt 0.859873 0.000000
vt 0.853503 0.000000
vt 0.847134 0.000000
vt 0.607029 0.000000
vt 0.613419 0.000000
vt 0.610224 0.000000
vt 0.616613 0.000000
vt 0.619808 0.000000
vt 0.623003 0.000000
vt 0.603834 0.000000
vt 0.626198 0.000000
vt 0.629393 0.000000
vt 0.632588 0.000000
vt 0.600639 0.000000
vt 0.635783 0.000000
vt 0.638978 0.000000
vt 0.642173 0.000000
vt 0.597444 0.000000
vt 0.645367 0.000000
vt 0.648562 0.000000
vt 0.651757 0.000000
vt 0.594249 0.000000
vt 0.591054 0.000000
vt 0.654952 0.000000
vt 0.587859 0.000000
vt 0.584665 0.000000
vt 0.658147 0.000000
vt 0.581470 0.000000
vt 0.661342 0.000000
vt 0.578275 0.000000
vt 0.664537 0.000000
vt 0.575080 0.000000
vt 0.667732 0.000000
vt 0.571885 0.000000
vt 0.670927 0.000000
vt 0.568690 0.000000
vt 0.565495 0.000000
vt 0.674121 0.000000
vt 0.562300 0.000000
vt 0.559105 0.000000
vt 0.722045 0.000000
vt 0.728435 0.000000
vt 0.725240 0.000000
vt 0.718850 0.000000
vt 0.731629 0.000000
vt 0.677316 0.000000
vt 0.715655 0.000000
vt 0.555911 0.000000
vt 0.712460 0.000000
vt 0.734824 0.000000
vt 0.709265 0.000000
vt 0.738019 0.000000
vt 0.552716 0.000000
vt 0.706070 0.000000
vt 0.680511 0.000000
vt 0.702875 0.000000
vt 0.549521 0.000000
vt 0.741214 0.000000
vt 0.699681 0.000000
vt 0.683706 0.000000
vt 0.696486 0.000000
vt 0.546326 0.000000
vt 0.693291 0.000000
vt 0.744409 0.000000
vt 0.690096 0.000000
vt 0.686901 0.000000
vt 0.543131 0.000000
vt 0.539936 0.000000
vt 0.747604 0.000000
vt 0.536741 0.000000
vt 0.533546 0.000000
vt 0.750799 0.000000
vt 0.530351 0.000000
vt 0.527157 0.000000
vt 0.523962 0.000000
vt 0.520767 0.000000
vt 0.753994 0.000000
vt 0.517572 0.000000
vt 0.514377 0.000000
vt 0.511182 0.000000
vt 0.507987 0.000000
vt 0.504792 0.000000
vt 0.501597 0.000000
vt 0.498403 0.000000
vt 0.495208 0.000000
vt 0.492013 0.000000
vt 0.757188 0.000000
vt 0.488818 0.000000
vt 0.485623 0.000000
vt 0.482428 0.000000
vt 0.479233 0.000000
vt 0.476038 0.000000
vt 0.472843 0.000000
vt 0.760383 0.000000
vt 0.469649 0.000000
vt 0.466454 0.000000
vt 0.763578 0.000000
vt 0.463259 0.000000
vt 0.460064 0.000000
vt 0.766773 0.000000
vt 0.456869 0.000000
vt 0.453674 0.000000
vt 0.769968 0.000000
vt 0.450479 0.000000
vt 0.447284 0.000000
vt 0.878594 0.000000
vt 0.773163 0.000000
vt 0.444089 0.000000
vt 0.881789 0.000000
vt 0.884984 0.000000
vt 0.875399 0.000000
vt 0.888179 0.000000
vt 0.891374 0.000000
vt 0.894569 0.000000
vt 0.897764 0.000000
vt 0.900958 0.000000
vt 0.440895 0.000000
vt 0.904153 0.000000
vt 0.907348 0.000000
vt 0.872204 0.000000
vt 0.910543 0.000000
vt 0.776358 0.000000
vt 0.913738 0.000000
vt 0.437700 0.000000
vt 0.916933 0.000000
vt 0.920128 0.000000
vt 0.869010 0.000000
vt 0.923323 0.000000
vt 0.434505 0.000000
vt 0.926518 0.000000
vt 0.865815 0.000000
vt 0.929712 0.000000
vt 0.431310 0.000000
vt 0.862620 0.000000
vt 0.779553 0.000000
vt 0.932907 0.000000
vt 0.428115 0.000000
vt 0.859425 0.000000
vt 0.380192 0.000000
vt 0.936102 0.000000
vt 0.424920 0.000000
vt 0.383387 0.000000
vt 0.376997 0.000000
vt 0.386581 0.000000
vt 0.373802 0.000000
vt 0.389776 0.000000
vt 0.392971 0.000000
vt 0.370607 0.000000
vt 0.396166 0.000000
vt 0.399361 0.000000
vt 0.367412 0.000000
vt 0.421725 0.000000
vt 0.402556 0.000000
vt 0.405751 0.000000
vt 0.939297 0.000000
vt 0.856230 0.000000
vt 0.408946 0.000000
vt 0.364217 0.000000
vt 0.412141 0.000000
vt 0.418530 0.000000
vt 0.415335 0.000000
vt 0.361022 0.000000
vt 0.357827 0.000000
vt 0.942492 0.000000
vt 0.853035 0.000000
vt 0.782748 0.000000
vt 0.354633 0.000000
vt 0.351438 0.000000
vt 0.945687 0.000000
vt 0.849840 0.000000
vt 0.348243 0.000000
vt 0.948882 0.000000
vt 0.846645 0.000000
vt 0.345048 0.000000
vt 0.341853 0.000000
vt 0.952077 0.000000
vt 0.785942 0.000000
vt 0.843450 0.000000
vt 0.338658 0.000000
vt 0.335463 0.000000
vt 0.332268 0.000000
vt 0.955272 0.000000
vt 0.329073 0.000000
vt 0.325879 0.000000
vt 0.840256 0.000000
vt 0.322684 0.000000
vt 0.319489 0.000000
vt 0.958466 0.000000
vt 0.316294 0.000000
vt 0.313099 0.000000
vt 0.309904 0.000000
vt 0.837061 0.000000
vt 0.306709 0.000000
vt 0.961661 0.000000
vt 0.303514 0.000000
vt 0.300319 0.000000
vt 0.789137 0.000000
vt 0.833866 0.000000
vt 0.964856 0.000000
vt 0.297125 0.000000
vt 0.830671 0.000000
vt 0.968051 0.000000
vt 0.293930 0.000000
vt 0.827476 0.000000
vt 0.971246 0.000000
vt 0.792332 0.000000
vt 0.290735 0.000000
vt 0.824281 0.000000
vt 0.974441 0.000000
vt 0.287540 0.000000
vt 0.821086 0.000000
vt 0.977636 0.000000
vt 0.795527 0.000000
vt 0.817891 0.000000
vt 0.284345 0.000000
vt 0.980831 0.000000
vt 0.814696 0.000000
vt 0.281150 0.000000
vt 0.984026 0.000000
vt 0.798722 0.000000
vt 0.811502 0.000000
vt 0.987220 0.000000
vt 0.808307 0.000000
vt 0.277955 0.000000
vt 0.801917 0.000000
vt 0.805112 0.000000
vt 0.990415 0.000000
vt 0.274760 0.000000
vt 0.993610 0.000000
vt 0.271565 0.000000
vt 0.996805 0.000000
vt 0.268371 0.000000
vt 0.265176 0.000000
vt 0.003195 0.000000
vt 0.261981 0.000000
vt 0.006390 0.000000
vt 0.009585 0.000000
vt 0.108626 0.000000
vt 0.115016 0.000000
vt 0.111821 0.000000
vt 0.105431 0.000000
vt 0.102236 0.000000
vt 0.118211 0.000000
vt 0.099042 0.000000
vt 0.095847 0.000000
vt 0.121406 0.000000
vt 0.092652 0.000000
vt 0.012780 0.000000
vt 0.089457 0.000000
vt 0.124601 0.000000
vt 0.086262 0.000000
vt 0.083067 0.000000
vt 0.079872 0.000000
vt 0.127796 0.000000
vt 0.076677 0.000000
vt 0.015974 0.000000
vt 0.073482 0.000000
vt 0.130990 0.000000
vt 0.070288 0.000000
vt 0.067093 0.000000
vt 0.019169 0.000000
vt 0.063898 0.000000
vt 0.134185 0.000000
vt 0.060703 0.000000
vt 0.057508 0.000000
vt 0.022364 0.000000
vt 0.054313 0.000000
vt 0.051118 0.000000
vt 0.025559 0.000000
vt 0.047923 0.000000
vt 0.137380 0.000000
vt 0.044728 0.000000
vt 0.028754 0.000000
vt 0.041534 0.000000
vt 0.031949 0.000000
vt 0.038339 0.000000
vt 0.035144 0.000000
vt 0.258786 0.000000
vt 0.140575 0.000000
vt 0.143770 0.000000
vt 0.146965 0.000000
vt 0.150160 0.000000
vt 0.255591 0.000000
vt 0.153355 0.000000
vt 0.156550 0.000000
vt 0.159744 0.000000
vt 0.162939 0.000000
vt 0.252396 0.000000
vt 0.166134 0.000000
vt 0.169329 0.000000
vt 0.172524 0.000000
vt 0.175719 0.000000
vt 0.249201 0.000000
vt 0.178914 0.000000
vt 0.182109 0.000000
vt 0.185304 0.000000
vt 0.246006 0.000000
vt 0.188498 0.000000
vt 0.191693 0.000000
vt 0.242812 0.000000
vt 0.194888 0.000000
vt 0.198083 0.000000
vt 0.239617 0.000000
vt 0.201278 0.000000
vt 0.204473 0.000000
vt 0.236422 0.000000
vt 0.207668 0.000000
vt 0.233227 0.000000
vt 0.210863 0.000000
vt 0.214058 0.000000
vt 0.230032 0.000000
vt 0.217252 0.000000
vt 0.220447 0.000000
vt 0.226837 0.000000
vt 0.223642 0.000000
vt 0.830084 0.000000
vt 0.835655 0.000000
vt 0.832869 0.000000
vt 0.827298 0.000000
vt 0.824513 0.000000
vt 0.838440 0.000000
vt 0.821727 0.000000
vt 0.997214 0.000000
vt 0.869081 0.000000
vt 0.818942 0.000000
vt 0.994429 0.000000
vt 0.991643 0.000000
vt 0.871866 0.000000
vt 0.841226 0.000000
vt 0.816156 0.000000
vt 0.988858 0.000000
vt 0.986072 0.000000
vt 0.874652 0.000000
vt 0.813370 0.000000
vt 0.983287 0.000000
vt 0.844011 0.000000
vt 0.810585 0.000000
vt 0.980501 0.000000
vt 0.877437 0.000000
vt 0.807799 0.000000
vt 0.977716 0.000000
vt 0.846797 0.000000
vt 0.805014 0.000000
vt 0.974930 0.000000
vt 0.880223 0.000000
vt 0.972145 0.000000
vt 0.802228 0.000000
vt 0.969359 0.000000
vt 0.849582 0.000000
vt 0.799443 0.000000
vt 0.883008 0.000000
vt 0.966574 0.000000
vt 0.796657 0.000000
vt 0.963788 0.000000
vt 0.852368 0.000000
vt 0.885794 0.000000
vt 0.793872 0.000000
vt 0.961003 0.000000
vt 0.791086 0.000000
vt 0.888579 0.000000
vt 0.855153 0.000000
vt 0.958217 0.000000
vt 0.788301 0.000000
vt 0.955432 0.000000
vt 0.891365 0.000000
vt 0.857939 0.000000
vt 0.785515 0.000000
vt 0.952646 0.000000
vt 0.894150 0.000000
vt 0.860724 0.000000
vt 0.782730 0.000000
vt 0.896936 0.000000
vt 0.863510 0.000000
vt 0.949861 0.000000
vt 0.779944 0.000000
vt 0.866295 0.000000
vt 0.899721 0.000000
vt 0.947075 0.000000
vt 0.735376 0.000000
vt 0.902507 0.000000
vt 0.777159 0.000000
vt 0.738162 0.000000
vt 0.905292 0.000000
vt 0.944290 0.000000
vt 0.740947 0.000000
vt 0.908078 0.000000
vt 0.774373 0.000000
vt 0.743733 0.000000
vt 0.910864 0.000000
vt 0.746518 0.000000
vt 0.941504 0.000000
vt 0.913649 0.000000
vt 0.749304 0.000000
vt 0.771588 0.000000
vt 0.752089 0.000000
vt 0.916435 0.000000
vt 0.938719 0.000000
vt 0.754875 0.000000
vt 0.768802 0.000000
vt 0.919220 0.000000
vt 0.757660 0.000000
vt 0.760446 0.000000
vt 0.922006 0.000000
vt 0.766017 0.000000
vt 0.763231 0.000000
vt 0.935933 0.000000
vt 0.924791 0.000000
vt 0.927577 0.000000
vt 0.933148 0.000000
vt 0.930362 0.000000
vt 0.027855 0.000000
vt 0.033426 0.000000
vt 0.030641 0.000000
vt 0.036212 0.000000
vt 0.038997 0.000000
vt 0.025070 0.000000
vt 0.041783 0.000000
vt 0.044568 0.000000
vt 0.022284 0.000000
vt 0.047354 0.000000
vt 0.050139 0.000000
vt 0.019499 0.000000
vt 0.052925 0.000000
vt 0.016713 0.000000
vt 0.055710 0.000000
vt 0.013928 0.000000
vt 0.058496 0.000000
vt 0.011142 0.000000
vt 0.061281 0.000000
vt 0.008357 0.000000
vt 0.064067 0.000000
vt 0.005571 0.000000
vt 0.066852 0.000000
vt 0.002786 0.000000
vt 0.069638 0.000000
vt 0.072423 0.000000
vt 0.130919 0.000000
vt 0.075209 0.000000
vt 0.128134 0.000000
vt 0.077994 0.000000
vt 0.125348 0.000000
vt 0.080780 0.000000
vt 0.122563 0.000000
vt 0.119777 0.000000
vt 0.083565 0.000000
vt 0.295265 0.000000
vt 0.300836 0.000000
vt 0.298050 0.000000
vt 0.292479 0.000000
vt 0.303621 0.000000
vt 0.289694 0.000000
vt 0.306407 0.000000
vt 0.286908 0.000000
vt 0.116992 0.000000
vt 0.309192 0.000000
vt 0.284123 0.000000
vt 0.311978 0.000000
vt 0.281337 0.000000
vt 0.086351 0.000000
vt 0.278552 0.000000
vt 0.314763 0.000000
vt 0.114206 0.000000
vt 0.275766 0.000000
vt 0.317549 0.000000
vt 0.272981 0.000000
vt 0.089136 0.000000
vt 0.111421 0.000000
vt 0.270195 0.000000
vt 0.320334 0.000000
vt 0.108635 0.000000
vt 0.091922 0.000000
vt 0.267409 0.000000
vt 0.105850 0.000000
vt 0.323120 0.000000
vt 0.094708 0.000000
vt 0.264624 0.000000
vt 0.103064 0.000000
vt 0.100279 0.000000
vt 0.097493 0.000000
vt 0.261838 0.000000
vt 0.325905 0.000000
vt 0.259053 0.000000
vt 0.256267 0.000000
vt 0.328691 0.000000
vt 0.253482 0.000000
vt 0.250696 0.000000
vt 0.247911 0.000000
vt 0.696379 0.000000
vt 0.701950 0.000000
vt 0.699164 0.000000
vt 0.704735 0.000000
vt 0.331476 0.000000
vt 0.693593 0.000000
vt 0.707521 0.000000
vt 0.245125 0.000000
vt 0.710306 0.000000
vt 0.690808 0.000000
vt 0.713092 0.000000
vt 0.242340 0.000000
vt 0.688022 0.000000
vt 0.715877 0.000000
vt 0.239554 0.000000
vt 0.334262 0.000000
vt 0.236769 0.000000
vt 0.718663 0.000000
vt 0.685237 0.000000
vt 0.233983 0.000000
vt 0.337047 0.000000
vt 0.231198 0.000000
vt 0.721448 0.000000
vt 0.682451 0.000000
vt 0.228412 0.000000
vt 0.339833 0.000000
vt 0.724234 0.000000
vt 0.679666 0.000000
vt 0.342618 0.000000
vt 0.727019 0.000000
vt 0.676880 0.000000
vt 0.345404 0.000000
vt 0.225627 0.000000
vt 0.348189 0.000000
vt 0.674095 0.000000
vt 0.729805 0.000000
vt 0.350975 0.000000
vt 0.671309 0.000000
vt 0.222841 0.000000
vt 0.732591 0.000000
vt 0.353760 0.000000
vt 0.668524 0.000000
vt 0.356546 0.000000
vt 0.359331 0.000000
vt 0.665738 0.000000
vt 0.501393 0.000000
vt 0.220056 0.000000
vt 0.362117 0.000000
vt 0.662953 0.000000
vt 0.504178 0.000000
vt 0.660167 0.000000
vt 0.364902 0.000000
vt 0.657382 0.000000
vt 0.506964 0.000000
vt 0.654596 0.000000
vt 0.367688 0.000000
vt 0.217270 0.000000
vt 0.651811 0.000000
vt 0.649025 0.000000
vt 0.646240 0.000000
vt 0.509749 0.000000
vt 0.643454 0.000000
vt 0.640669 0.000000
vt 0.637883 0.000000
vt 0.635098 0.000000
vt 0.512535 0.000000
vt 0.214485 0.000000
vt 0.632312 0.000000
vt 0.629526 0.000000
vt 0.626741 0.000000
vt 0.623955 0.000000
vt 0.621170 0.000000
vt 0.618384 0.000000
vt 0.515320 0.000000
vt 0.615599 0.000000
vt 0.612813 0.000000
vt 0.610028 0.000000
vt 0.607242 0.000000
vt 0.604457 0.000000
vt 0.601671 0.000000
vt 0.598886 0.000000
vt 0.596100 0.000000
vt 0.593315 0.000000
vt 0.211699 0.000000
vt 0.518106 0.000000
vt 0.590529 0.000000
vt 0.587744 0.000000
vt 0.584958 0.000000
vt 0.582173 0.000000
vt 0.579387 0.000000
vt 0.520891 0.000000
vt 0.576602 0.000000
vt 0.573816 0.000000
vt 0.571031 0.000000
vt 0.568245 0.000000
vt 0.370474 0.000000
vt 0.523677 0.000000
vt 0.565460 0.000000
vt 0.208914 0.000000
vt 0.562674 0.000000
vt 0.559889 0.000000
vt 0.526462 0.000000
vt 0.557103 0.000000
vt 0.554318 0.000000
vt 0.551532 0.000000
vt 0.548747 0.000000
vt 0.529248 0.000000
vt 0.545961 0.000000
vt 0.543175 0.000000
vt 0.540390 0.000000
vt 0.532033 0.000000
vt 0.537604 0.000000
vt 0.534819 0.000000
vt 0.206128 0.000000
vt 0.203343 0.000000
vt 0.200557 0.000000
vt 0.373259 0.000000
vt 0.197772 0.000000
vt 0.194986 0.000000
vt 0.192201 0.000000
vt 0.376045 0.000000
vt 0.189415 0.000000
vt 0.186630 0.000000
vt 0.183844 0.000000
vt 0.181058 0.000000
vt 0.378830 0.000000
vt 0.178273 0.000000
vt 0.175487 0.000000
vt 0.172702 0.000000
vt 0.169916 0.000000
vt 0.167131 0.000000
vt 0.164345 0.000000
vt 0.161560 0.000000
vt 0.158774 0.000000
vt 0.155989 0.000000
vt 0.381616 0.000000
vt 0.153203 0.000000
vt 0.150418 0.000000
vt 0.147632 0.000000
vt 0.144847 0.000000
vt 0.142061 0.000000
vt 0.139276 0.000000
vt 0.136490 0.000000
vt 0.133705 0.000000
vt 0.498607 0.000000
vt 0.495822 0.000000
vt 0.493036 0.000000
vt 0.490251 0.000000
vt 0.487465 0.000000
vt 0.484680 0.000000
vt 0.481894 0.000000
vt 0.479109 0.000000
vt 0.384401 0.000000
vt 0.476323 0.000000
vt 0.473538 0.000000
vt 0.470752 0.000000
vt 0.467967 0.000000
vt 0.465181 0.000000
vt 0.462396 0.000000
vt 0.387187 0.000000
vt 0.459610 0.000000
vt 0.456825 0.000000
vt 0.389972 0.000000
vt 0.454039 0.000000
vt 0.451253 0.000000
vt 0.392758 0.000000
vt 0.448468 0.000000
vt 0.395543 0.000000
vt 0.445682 0.000000
vt 0.442897 0.000000
vt 0.398329 0.000000
vt 0.440111 0.000000
vt 0.401114 0.000000
vt 0.403900 0.000000
vt 0.437326 0.000000
vt 0.406685 0.000000
vt 0.409471 0.000000
vt 0.412256 0.000000
vt 0.434540 0.000000
vt 0.415042 0.000000
vt 0.417827 0.000000
vt 0.420613 0.000000
vt 0.423398 0.000000
vt 0.431755 0.000000
vt 0.426184 0.000000
vt 0.428969 0.000000
vt 0.855670 0.000000
vt 0.876289 0.000000
vt 0.865979 0.000000
vt 0.103093 0.000000
vt 0.123711 0.000000
vt 0.113402 0.000000
vt 0.886598 0.000000
vt 0.092784 0.000000
vt 0.134021 0.000000
vt 0.896907 0.000000
vt 0.082474 0.000000
vt 0.845361 0.000000
vt 0.907216 0.000000
vt 0.072165 0.000000
vt 0.144330 0.000000
vt 0.917526 0.000000
vt 0.061856 0.000000
vt 0.927835 0.000000
vt 0.051546 0.000000
vt 0.938144 0.000000
vt 0.041237 0.000000
vt 0.154639 0.000000
vt 0.948454 0.000000
vt 0.030928 0.000000
vt 0.835052 0.000000
vt 0.958763 0.000000
vt 0.020619 0.000000
vt 0.969072 0.000000
vt 0.010309 0.000000
vt 0.979381 0.000000
vt 0.989691 0.000000
vt 0.164948 0.000000
vt 0.175258 0.000000
vt 0.824742 0.000000
vt 0.185567 0.000000
vt 0.195876 0.000000
vt 0.206186 0.000000
vt 0.814433 0.000000
vt 0.216495 0.000000
vt 0.226804 0.000000
vt 0.237113 0.000000
vt 0.804124 0.000000
vt 0.247423 0.000000
vt 0.257732 0.000000
vt 0.793814 0.000000
vt 0.268041 0.000000
vt 0.278351 0.000000
vt 0.783505 0.000000
vt 0.288660 0.000000
vt 0.298969 0.000000
vt 0.773196 0.000000
vt 0.309278 0.000000
vt 0.319588 0.000000
vt 0.762887 0.000000
vt 0.329897 0.000000
vt 0.752577 0.000000
vt 0.340206 0.000000
vt 0.350515 0.000000
vt 0.742268 0.000000
vt 0.360825 0.000000
vt 0.731959 0.000000
vt 0.371134 0.000000
vt 0.381443 0.000000
vt 0.721649 0.000000
vt 0.391753 0.000000
vt 0.711340 0.000000
vt 0.402062 0.000000
vt 0.701031 0.000000
vt 0.412371 0.000000
vt 0.690722 0.000000
vt 0.422680 0.000000
vt 0.680412 0.000000
vt 0.432990 0.000000
vt 0.670103 0.000000
vt 0.443299 0.000000
vt 0.659794 0.000000
vt 0.453608 0.000000
vt 0.649485 0.000000
vt 0.639175 0.000000
vt 0.618557 0.000000
vt 0.608247 0.000000
vt 0.628866 0.000000
vt 0.597938 0.000000
vt 0.587629 0.000000
vt 0.577320 0.000000
vt 0.463918 0.000000
vt 0.567010 0.000000
vt 0.556701 0.000000
vt 0.546392 0.000000
vt 0.536082 0.000000
vt 0.525773 0.000000
vt 0.474227 0.000000
vt 0.515464 0.000000
vt 0.505155 0.000000
vt 0.494845 0.000000
vt 0.484536 0.000000
vt 0.992157 0.000000
vt 0.996078 0.000000
vt 0.713726 0.000000
vt 0.988235 0.000000
vt 0.717647 0.000000
vt 0.984314 0.000000
vt 0.721569 0.000000
vt 0.725490 0.000000
vt 0.980392 0.000000
vt 0.729412 0.000000
vt 0.976471 0.000000
vt 0.733333 0.000000
vt 0.972549 0.000000
vt 0.737255 0.000000
vt 0.968627 0.000000
vt 0.741176 0.000000
vt 0.964706 0.000000
vt 0.745098 0.000000
vt 0.960784 0.000000
vt 0.749020 0.000000
vt 0.752941 0.000000
vt 0.956863 0.000000
vt 0.756863 0.000000
vt 0.952941 0.000000
vt 0.760784 0.000000
vt 0.949020 0.000000
vt 0.764706 0.000000
vt 0.768627 0.000000
vt 0.945098 0.000000
vt 0.772549 0.000000
vt 0.941176 0.000000
vt 0.937255 0.000000
vt 0.776471 0.000000
vt 0.933333 0.000000
vt 0.780392 0.000000
vt 0.929412 0.000000
vt 0.784314 0.000000
vt 0.925490 0.000000
vt 0.788235 0.000000
vt 0.921569 0.000000
vt 0.917647 0.000000
vt 0.792157 0.000000
vt 0.913725 0.000000
vt 0.796078 0.000000
vt 0.909804 0.000000
vt 0.905882 0.000000
vt 0.800000 0.000000
vt 0.901961 0.000000
vt 0.803922 0.000000
vt 0.898039 0.000000
vt 0.807843 0.000000
vt 0.894118 0.000000
vt 0.811765 0.000000
vt 0.890196 0.000000
vt 0.815686 0.000000
vt 0.886275 0.000000
vt 0.819608 0.000000
vt 0.823529 0.000000
vt 0.882353 0.000000
vt 0.827451 0.000000
vt 0.878431 0.000000
vt 0.831373 0.000000
vt 0.874510 0.000000
vt 0.835294 0.000000
vt 0.870588 0.000000
vt 0.839216 0.000000
vt 0.866667 0.000000
vt 0.843137 0.000000
vt 0.862745 0.000000
vt 0.847059 0.000000
vt 0.858824 0.000000
vt 0.850980 0.000000
vt 0.854902 0.000000
vt 0.701961 0.000000
vt 0.709804 0.000000
vt 0.705882 0.000000
vt 0.003922 0.000000
vt 0.698039 0.000000
vt 0.007843 0.000000
vt 0.694118 0.000000
vt 0.690196 0.000000
vt 0.011765 0.000000
vt 0.686275 0.000000
vt 0.015686 0.000000
vt 0.682353 0.000000
vt 0.019608 0.000000
vt 0.678431 0.000000
vt 0.023529 0.000000
vt 0.674510 0.000000
vt 0.027451 0.000000
vt 0.670588 0.000000
vt 0.031373 0.000000
vt 0.666667 0.000000
vt 0.035294 0.000000
vt 0.662745 0.000000
vt 0.039216 0.000000
vt 0.658824 0.000000
vt 0.043137 0.000000
vt 0.654902 0.000000
vt 0.650980 0.000000
vt 0.647059 0.000000
vt 0.047059 0.000000
vt 0.643137 0.000000
vt 0.050980 0.000000
vt 0.639216 0.000000
vt 0.054902 0.000000
vt 0.635294 0.000000
vt 0.058824 0.000000
vt 0.631373 0.000000
vt 0.062745 0.000000
vt 0.627451 0.000000
vt 0.066667 0.000000
vt 0.623529 0.000000
vt 0.070588 0.000000
vt 0.619608 0.000000
vt 0.074510 0.000000
vt 0.615686 0.000000
vt 0.078431 0.000000
vt 0.082353 0.000000
vt 0.611765 0.000000
vt 0.086275 0.000000
vt 0.607843 0.000000
vt 0.090196 0.000000
vt 0.603922 0.000000
vt 0.094118 0.000000
vt 0.600000 0.000000
vt 0.098039 0.000000
vt 0.596078 0.000000
vt 0.101961 0.000000
vt 0.592157 0.000000
vt 0.105882 0.000000
vt 0.109804 0.000000
vt 0.588235 0.000000
vt 0.113725 0.000000
vt 0.584314 0.000000
vt 0.117647 0.000000
vt 0.580392 0.000000
vt 0.121569 0.000000
vt 0.576471 0.000000
vt 0.125490 0.000000
vt 0.572549 0.000000
vt 0.129412 0.000000
vt 0.133333 0.000000
vt 0.568627 0.000000
vt 0.137255 0.000000
vt 0.564706 0.000000
vt 0.141176 0.000000
vt 0.560784 0.000000
vt 0.145098 0.000000
vt 0.556863 0.000000
vt 0.149020 0.000000
vt 0.552941 0.000000
vt 0.152941 0.000000
vt 0.549020 0.000000
vt 0.156863 0.000000
vt 0.545098 0.000000
vt 0.160784 0.000000
vt 0.164706 0.000000
vt 0.541176 0.000000
vt 0.168627 0.000000
vt 0.172549 0.000000
vt 0.176471 0.000000
vt 0.184314 0.000000
vt 0.180392 0.000000
vt 0.188235 0.000000
vt 0.537255 0.000000
vt 0.192157 0.000000
vt 0.196078 0.000000
vt 0.200000 0.000000
vt 0.533333 0.000000
vt 0.470588 0.000000
vt 0.466667 0.000000
vt 0.203922 0.000000
vt 0.462745 0.000000
vt 0.474510 0.000000
vt 0.458824 0.000000
vt 0.478431 0.000000
vt 0.482353 0.000000
vt 0.454902 0.000000
vt 0.486275 0.000000
vt 0.529412 0.000000
vt 0.490196 0.000000
vt 0.494118 0.000000
vt 0.450980 0.000000
vt 0.207843 0.000000
vt 0.498039 0.000000
vt 0.525490 0.000000
vt 0.501961 0.000000
vt 0.505882 0.000000
vt 0.521569 0.000000
vt 0.509804 0.000000
vt 0.513726 0.000000
vt 0.447059 0.000000
vt 0.517647 0.000000
vt 0.211765 0.000000
vt 0.443137 0.000000
vt 0.439216 0.000000
vt 0.215686 0.000000
vt 0.435294 0.000000
vt 0.219608 0.000000
vt 0.431373 0.000000
vt 0.223529 0.000000
vt 0.427451 0.000000
vt 0.227451 0.000000
vt 0.423529 0.000000
vt 0.231373 0.000000
vt 0.419608 0.000000
vt 0.235294 0.000000
vt 0.239216 0.000000
vt 0.243137 0.000000
vt 0.247059 0.000000
vt 0.415686 0.000000
vt 0.250980 0.000000
vt 0.254902 0.000000
vt 0.258824 0.000000
vt 0.411765 0.000000
vt 0.262745 0.000000
vt 0.266667 0.000000
vt 0.407843 0.000000
vt 0.270588 0.000000
vt 0.403922 0.000000
vt 0.274510 0.000000
vt 0.278431 0.000000
vt 0.400000 0.000000
vt 0.282353 0.000000
vt 0.396078 0.000000
vt 0.286275 0.000000
vt 0.392157 0.000000
vt 0.290196 0.000000
vt 0.388235 0.000000
vt 0.384314 0.000000
vt 0.294118 0.000000
vt 0.380392 0.000000
vt 0.376471 0.000000
vt 0.298039 0.000000
vt 0.372549 0.000000
vt 0.368627 0.000000
vt 0.301961 0.000000
vt 0.364706 0.000000
vt 0.305882 0.000000
vt 0.360784 0.000000
vt 0.309804 0.000000
vt 0.356863 0.000000
vt 0.352941 0.000000
vt 0.313726 0.000000
vt 0.349020 0.000000
vt 0.317647 0.000000
vt 0.345098 0.000000
vt 0.341176 0.000000
vt 0.321569 0.000000
vt 0.337255 0.000000
vt 0.325490 0.000000
vt 0.333333 0.000000
vt 0.329412 0.000000
vt 0.988950 0.000000
vt 0.994475 0.000000
vt 0.005525 0.000000
vt 0.983425 0.000000
vt 0.011050 0.000000
vt 0.977901 0.000000
vt 0.016575 0.000000
vt 0.972376 0.000000
vt 0.022099 0.000000
vt 0.966851 0.000000
vt 0.027624 0.000000
vt 0.961326 0.000000
vt 0.955801 0.000000
vt 0.033149 0.000000
vt 0.950276 0.000000
vt 0.038674 0.000000
vt 0.944751 0.000000
vt 0.044199 0.000000
vt 0.939227 0.000000
vt 0.933702 0.000000
vt 0.049724 0.000000
vt 0.928177 0.000000
vt 0.055249 0.000000
vt 0.922652 0.000000
vt 0.060773 0.000000
vt 0.917127 0.000000
vt 0.911602 0.000000
vt 0.066298 0.000000
vt 0.906077 0.000000
vt 0.071823 0.000000
vt 0.900553 0.000000
vt 0.077348 0.000000
vt 0.895028 0.000000
vt 0.082873 0.000000
vt 0.889503 0.000000
vt 0.088398 0.000000
vt 0.883978 0.000000
vt 0.093923 0.000000
vt 0.878453 0.000000
vt 0.099448 0.000000
vt 0.872928 0.000000
vt 0.104972 0.000000
vt 0.867403 0.000000
vt 0.110497 0.000000
vt 0.861878 0.000000
vt 0.116022 0.000000
vt 0.856354 0.000000
vt 0.121547 0.000000
vt 0.850829 0.000000
vt 0.127072 0.000000
vt 0.132597 0.000000
vt 0.845304 0.000000
vt 0.839779 0.000000
vt 0.834254 0.000000
vt 0.828729 0.000000
vt 0.718232 0.000000
vt 0.712707 0.000000
vt 0.138122 0.000000
vt 0.823204 0.000000
vt 0.723757 0.000000
vt 0.817680 0.000000
vt 0.729282 0.000000
vt 0.734807 0.000000
vt 0.740331 0.000000
vt 0.745856 0.000000
vt 0.812155 0.000000
vt 0.751381 0.000000
vt 0.707182 0.000000
vt 0.756906 0.000000
vt 0.762431 0.000000
vt 0.767956 0.000000
vt 0.701657 0.000000
vt 0.806630 0.000000
vt 0.773481 0.000000
vt 0.779006 0.000000
vt 0.801105 0.000000
vt 0.784530 0.000000
vt 0.790055 0.000000
vt 0.795580 0.000000
vt 0.696133 0.000000
vt 0.690608 0.000000
vt 0.685083 0.000000
vt 0.679558 0.000000
vt 0.143646 0.000000
vt 0.674033 0.000000
vt 0.668508 0.000000
vt 0.662983 0.000000
vt 0.149171 0.000000
vt 0.657459 0.000000
vt 0.154696 0.000000
vt 0.651934 0.000000
vt 0.160221 0.000000
vt 0.646409 0.000000
vt 0.165746 0.000000
vt 0.640884 0.000000
vt 0.171271 0.000000
vt 0.176796 0.000000
vt 0.635359 0.000000
vt 0.182320 0.000000
vt 0.187845 0.000000
vt 0.629834 0.000000
vt 0.193370 0.000000
vt 0.198895 0.000000
vt 0.624309 0.000000
vt 0.204420 0.000000
vt 0.209945 0.000000
vt 0.618785 0.000000
vt 0.215470 0.000000
vt 0.613260 0.000000
vt 0.220994 0.000000
vt 0.226519 0.000000
vt 0.607735 0.000000
vt 0.232044 0.000000
vt 0.602210 0.000000
vt 0.237569 0.000000
vt 0.596685 0.000000
vt 0.243094 0.000000
vt 0.585635 0.000000
vt 0.591160 0.000000
vt 0.580110 0.000000
vt 0.574586 0.000000
vt 0.392265 0.000000
vt 0.248619 0.000000
vt 0.397790 0.000000
vt 0.386740 0.000000
vt 0.569061 0.000000
vt 0.381215 0.000000
vt 0.403315 0.000000
vt 0.563536 0.000000
vt 0.375691 0.000000
vt 0.408840 0.000000
vt 0.558011 0.000000
vt 0.254144 0.000000
vt 0.552486 0.000000
vt 0.370166 0.000000
vt 0.414365 0.000000
vt 0.546961 0.000000
vt 0.259668 0.000000
vt 0.541436 0.000000
vt 0.535912 0.000000
vt 0.364641 0.000000
vt 0.419890 0.000000
vt 0.265193 0.000000
vt 0.530387 0.000000
vt 0.524862 0.000000
vt 0.270718 0.000000
vt 0.519337 0.000000
vt 0.359116 0.000000
vt 0.425414 0.000000
vt 0.276243 0.000000
vt 0.513812 0.000000
vt 0.281768 0.000000
vt 0.353591 0.000000
vt 0.508287 0.000000
vt 0.430939 0.000000
vt 0.502762 0.000000
vt 0.287293 0.000000
vt 0.348066 0.000000
vt 0.436464 0.000000
vt 0.497238 0.000000
vt 0.292818 0.000000
vt 0.491713 0.000000
vt 0.298343 0.000000
vt 0.342541 0.000000
vt 0.441989 0.000000
vt 0.486188 0.000000
vt 0.303867 0.000000
vt 0.337017 0.000000
vt 0.480663 0.000000
vt 0.447514 0.000000
vt 0.309392 0.000000
vt 0.475138 0.000000
vt 0.314917 0.000000
vt 0.331492 0.000000
vt 0.453039 0.000000
vt 0.469613 0.000000
vt 0.320442 0.000000
vt 0.325967 0.000000
vt 0.464088 0.000000
vt 0.458564 0.000000
vt 0.005495 1.000000
vt 0.000000 1.000000
vt 0.010989 1.000000
vt 0.005495 0.000000
vt 0.016484 1.000000
vt 0.010989 0.000000
vt 0.021978 1.000000
vt 0.016484 0.000000
vt 0.027473 1.000000
vt 0.021978 0.000000
vt 0.032967 1.000000
vt 0.027473 0.000000
vt 0.038462 1.000000
vt 0.032967 0.000000
vt 0.043956 1.000000
vt 0.038462 0.000000
vt 0.049451 1.000000
vt 0.043956 0.000000
vt 0.054945 1.000000
vt 0.049451 0.000000
vt 0.060440 1.000000
vt 0.054945 0.000000
vt 0.065934 1.000000
vt 0.060440 0.000000
vt 0.071429 1.000000
vt 0.065934 0.000000
vt 0.076923 1.000000
vt 0.071429 0.000000
vt 0.082418 1.000000
vt 0.076923 0.000000
vt 0.087912 1.000000
vt 0.082418 0.000000
vt 0.093407 1.000000
vt 0.087912 0.000000
vt 0.098901 1.000000
vt 0.093407 0.000000
vt 0.104396 1.000000
vt 0.098901 0.000000
vt 0.109890 1.000000
vt 0.104396 0.000000
vt 0.115385 1.000000
vt 0.109890 0.000000
vt 0.120879 1.000000
vt 0.115385 0.000000
vt 0.126374 1.000000
vt 0.120879 0.000000
vt 0.131868 1.000000
vt 0.126374 0.000000
vt 0.137363 1.000000
vt 0.131868 0.000000
vt 0.142857 1.000000
vt 0.137363 0.000000
vt 0.148352 1.000000
vt 0.142857 0.000000
vt 0.153846 1.000000
vt 0.148352 0.000000
vt 0.159341 1.000000
vt 0.153846 0.000000
vt 0.164835 1.000000
vt 0.159341 0.000000
vt 0.170330 1.000000
vt 0.164835 0.000000
vt 0.175824 1.000000
vt 0.170330 0.000000
vt 0.181319 1.000000
vt 0.175824 0.000000
vt 0.186813 1.000000
vt 0.181319 0.000000
vt 0.192308 1.000000
vt 0.186813 0.000000
vt 0.197802 1.000000
vt 0.192308 0.000000
vt 0.203297 1.000000
vt 0.197802 0.000000
vt 0.208791 1.000000
vt 0.203297 0.000000
vt 0.214286 1.000000
vt 0.208791 0.000000
vt 0.219780 1.000000
vt 0.214286 0.000000
vt 0.225275 1.000000
vt 0.219780 0.000000
vt 0.230769 1.000000
vt 0.225275 0.000000
vt 0.236264 1.000000
vt 0.230769 0.000000
vt 0.241758 1.000000
vt 0.236264 0.000000
vt 0.247253 1.000000
vt 0.241758 0.000000
vt 0.252747 1.000000
vt 0.247253 0.000000
vt 0.258242 1.000000
vt 0.252747 0.000000
vt 0.263736 1.000000
vt 0.258242 0.000000
vt 0.269231 1.000000
vt 0.263736 0.000000
vt 0.274725 1.000000
vt 0.269231 0.000000
vt 0.280220 1.000000
vt 0.274725 0.000000
vt 0.285714 1.000000
vt 0.280220 0.000000
vt 0.291209 1.000000
vt 0.285714 0.000000
vt 0.296703 1.000000
vt 0.291209 0.000000
vt 0.302198 1.000000
vt 0.296703 0.000000
vt 0.307692 1.000000
vt 0.302198 0.000000
vt 0.313187 1.000000
vt 0.307692 0.000000
vt 0.318681 1.000000
vt 0.313187 0.000000
vt 0.324176 1.000000
vt 0.318681 0.000000
vt 0.329670 1.000000
vt 0.324176 0.000000
vt 0.335165 1.000000
vt 0.329670 0.000000
vt 0.340659 1.000000
vt 0.335165 0.000000
vt 0.346154 1.000000
vt 0.340659 0.000000
vt 0.351648 1.000000
vt 0.346154 0.000000
vt 0.357143 1.000000
vt 0.351648 0.000000
vt 0.362637 1.000000
vt 0.357143 0.000000
vt 0.368132 1.000000
vt 0.362637 0.000000
vt 0.373626 1.000000
vt 0.368132 0.000000
vt 0.379121 1.000000
vt 0.373626 0.000000
vt 0.384615 1.000000
vt 0.379121 0.000000
vt 0.390110 1.000000
vt 0.384615 0.000000
vt 0.395604 1.000000
vt 0.390110 0.000000
vt 0.401099 1.000000
vt 0.395604 0.000000
vt 0.406593 1.000000
vt 0.401099 0.000000
vt 0.412088 1.000000
vt 0.406593 0.000000
vt 0.417582 1.000000
vt 0.412088 0.000000
vt 0.423077 1.000000
vt 0.417582 0.000000
vt 0.428571 1.000000
vt 0.423077 0.000000
vt 0.434066 1.000000
vt 0.428571 0.000000
vt 0.439560 1.000000
vt 0.434066 0.000000
vt 0.445055 1.000000
vt 0.439560 0.000000
vt 0.450549 1.000000
vt 0.445055 0.000000
vt 0.456044 1.000000
vt 0.450549 0.000000
vt 0.461538 1.000000
vt 0.456044 0.000000
vt 0.467033 1.000000
vt 0.461538 0.000000
vt 0.472527 1.000000
vt 0.467033 0.000000
vt 0.478022 1.000000
vt 0.472527 0.000000
vt 0.483516 1.000000
vt 0.478022 0.000000
vt 0.489011 1.000000
vt 0.483516 0.000000
vt 0.494505 1.000000
vt 0.489011 0.000000
vt 0.500000 1.000000
vt 0.494505 0.000000
vt 0.505495 1.000000
vt 0.500000 0.000000
vt 0.510989 1.000000
vt 0.505495 0.000000
vt 0.516484 1.000000
vt 0.510989 0.000000
vt 0.521978 1.000000
vt 0.516484 0.000000
vt 0.527473 1.000000
vt 0.521978 0.000000
vt 0.532967 1.000000
vt 0.527473 0.000000
vt 0.538462 1.000000
vt 0.532967 0.000000
vt 0.543956 1.000000
vt 0.538462 0.000000
vt 0.549451 1.000000
vt 0.543956 0.000000
vt 0.554945 1.000000
vt 0.549451 0.000000
vt 0.560440 1.000000
vt 0.554945 0.000000
vt 0.565934 1.000000
vt 0.560440 0.000000
vt 0.571429 1.000000
vt 0.565934 0.000000
vt 0.576923 1.000000
vt 0.571429 0.000000
vt 0.582418 1.000000
vt 0.576923 0.000000
vt 0.587912 1.000000
vt 0.582418 0.000000
vt 0.593407 1.000000
vt 0.587912 0.000000
vt 0.598901 1.000000
vt 0.593407 0.000000
vt 0.604396 1.000000
vt 0.598901 0.000000
vt 0.609890 1.000000
vt 0.604396 0.000000
vt 0.615385 1.000000
vt 0.609890 0.000000
vt 0.620879 1.000000
vt 0.615385 0.000000
vt 0.626374 1.000000
vt 0.620879 0.000000
vt 0.631868 1.000000
vt 0.626374 0.000000
vt 0.637363 1.000000
vt 0.631868 0.000000
vt 0.642857 1.000000
vt 0.637363 0.000000
vt 0.648352 1.000000
vt 0.642857 0.000000
vt 0.653846 1.000000
vt 0.648352 0.000000
vt 0.659341 1.000000
vt 0.653846 0.000000
vt 0.664835 1.000000
vt 0.659341 0.000000
vt 0.670330 1.000000
vt 0.664835 0.000000
vt 0.675824 1.000000
vt 0.670330 0.000000
vt 0.681319 1.000000
vt 0.675824 0.000000
vt 0.686813 1.000000
vt 0.681319 0.000000
vt 0.692308 1.000000
vt 0.686813 0.000000
vt 0.697802 1.000000
vt 0.692308 0.000000
vt 0.703297 1.000000
vt 0.697802 0.000000
vt 0.708791 1.000000
vt 0.703297 0.000000
vt 0.714286 1.000000
vt 0.708791 0.000000
vt 0.719780 1.000000
vt 0.714286 0.000000
vt 0.725275 1.000000
vt 0.719780 0.000000
vt 0.730769 1.000000
vt 0.725275 0.000000
vt 0.736264 1.000000
vt 0.730769 0.000000
vt 0.741758 1.000000
vt 0.736264 0.000000
vt 0.747253 1.000000
vt 0.741758 0.000000
vt 0.752747 1.000000
vt 0.747253 0.000000
vt 0.758242 1.000000
vt 0.752747 0.000000
vt 0.763736 1.000000
vt 0.758242 0.000000
vt 0.769231 1.000000
vt 0.763736 0.000000
vt 0.774725 1.000000
vt 0.769231 0.000000
vt 0.780220 1.000000
vt 0.774725 0.000000
vt 0.785714 1.000000
vt 0.780220 0.000000
vt 0.791209 1.000000
vt 0.785714 0.000000
vt 0.796703 1.000000
vt 0.791209 0.000000
vt 0.802198 1.000000
vt 0.796703 0.000000
vt 0.807692 1.000000
vt 0.802198 0.000000
vt 0.813187 1.000000
vt 0.807692 0.000000
vt 0.818681 1.000000
vt 0.813187 0.000000
vt 0.824176 1.000000
vt 0.818681 0.000000
vt 0.829670 1.000000
vt 0.824176 0.000000
vt 0.835165 1.000000
vt 0.829670 0.000000
vt 0.840659 1.000000
vt 0.835165 0.000000
vt 0.846154 1.000000
vt 0.840659 0.000000
vt 0.851648 1.000000
vt 0.846154 0.000000
vt 0.857143 1.000000
vt 0.851648 0.000000
vt 0.862637 1.000000
vt 0.857143 0.000000
vt 0.868132 1.000000
vt 0.862637 0.000000
vt 0.873626 1.000000
vt 0.868132 0.000000
vt 0.879121 1.000000
vt 0.873626 0.000000
vt 0.884615 1.000000
vt 0.879121 0.000000
vt 0.890110 1.000000
vt 0.884615 0.000000
vt 0.895604 1.000000
vt 0.890110 0.000000
vt 0.901099 1.000000
vt 0.895604 0.000000
vt 0.906593 1.000000
vt 0.901099 0.000000
vt 0.912088 1.000000
vt 0.906593 0.000000
vt 0.917582 1.000000
vt 0.912088 0.000000
vt 0.923077 1.000000
vt 0.917582 0.000000
vt 0.928571 1.000000
vt 0.923077 0.000000
vt 0.934066 1.000000
vt 0.928571 0.000000
vt 0.939560 1.000000
vt 0.934066 0.000000
vt 0.945055 1.000000
vt 0.939560 0.000000
vt 0.950549 1.000000
vt 0.945055 0.000000
vt 0.956044 1.000000
vt 0.950549 0.000000
vt 0.961538 1.000000
vt 0.956044 0.000000
vt 0.967033 1.000000
vt 0.961538 0.000000
vt 0.972527 1.000000
vt 0.967033 0.000000
vt 0.978022 1.000000
vt 0.972527 0.000000
vt 0.983516 1.000000
vt 0.978022 0.000000
vt 0.989011 1.000000
vt 0.983516 0.000000
vt 0.994505 1.000000
vt 0.989011 0.000000
vt 1.000000 1.000000
vt 0.994505 0.000000
vt 0.013514 1.000000
vt 0.027027 1.000000
vt 0.013514 0.000000
vt 0.040541 1.000000
vt 0.027027 0.000000
vt 0.054054 1.000000
vt 0.040541 0.000000
vt 0.067568 1.000000
vt 0.054054 0.000000
vt 0.081081 1.000000
vt 0.067568 0.000000
vt 0.094595 1.000000
vt 0.081081 0.000000
vt 0.108108 1.000000
vt 0.094595 0.000000
vt 0.121622 1.000000
vt 0.108108 0.000000
vt 0.135135 1.000000
vt 0.121622 0.000000
vt 0.148649 1.000000
vt 0.135135 0.000000
vt 0.162162 1.000000
vt 0.148649 0.000000
vt 0.175676 1.000000
vt 0.162162 0.000000
vt 0.189189 1.000000
vt 0.175676 0.000000
vt 0.202703 1.000000
vt 0.189189 0.000000
vt 0.216216 1.000000
vt 0.202703 0.000000
vt 0.229730 1.000000
vt 0.216216 0.000000
vt 0.243243 1.000000
vt 0.229730 0.000000
vt 0.256757 1.000000
vt 0.243243 0.000000
vt 0.270270 1.000000
vt 0.256757 0.000000
vt 0.283784 1.000000
vt 0.270270 0.000000
vt 0.297297 1.000000
vt 0.283784 0.000000
vt 0.310811 1.000000
vt 0.297297 0.000000
vt 0.324324 1.000000
vt 0.310811 0.000000
vt 0.337838 1.000000
vt 0.324324 0.000000
vt 0.351351 1.000000
vt 0.337838 0.000000
vt 0.364865 1.000000
vt 0.351351 0.000000
vt 0.378378 1.000000
vt 0.364865 0.000000
vt 0.391892 1.000000
vt 0.378378 0.000000
vt 0.405405 1.000000
vt 0.391892 0.000000
vt 0.418919 1.000000
vt 0.405405 0.000000
vt 0.432432 1.000000
vt 0.418919 0.000000
vt 0.445946 1.000000
vt 0.432432 0.000000
vt 0.459459 1.000000
vt 0.445946 0.000000
vt 0.472973 1.000000
vt 0.459459 0.000000
vt 0.486486 1.000000
vt 0.472973 0.000000
vt 0.486486 0.000000
vt 0.513514 1.000000
vt 0.527027 1.000000
vt 0.513514 0.000000
vt 0.540541 1.000000
vt 0.527027 0.000000
vt 0.554054 1.000000
vt 0.540541 0.000000
vt 0.567568 1.000000
vt 0.554054 0.000000
vt 0.581081 1.000000
vt 0.567568 0.000000
vt 0.594595 1.000000
vt 0.581081 0.000000
vt 0.608108 1.000000
vt 0.594595 0.000000
vt 0.621622 1.000000
vt 0.608108 0.000000
vt 0.635135 1.000000
vt 0.621622 0.000000
vt 0.648649 1.000000
vt 0.635135 0.000000
vt 0.662162 1.000000
vt 0.648649 0.000000
vt 0.675676 1.000000
vt 0.662162 0.000000
vt 0.689189 1.000000
vt 0.675676 0.000000
vt 0.702703 1.000000
vt 0.689189 0.000000
vt 0.716216 1.000000
vt 0.702703 0.000000
vt 0.729730 1.000000
vt 0.716216 0.000000
vt 0.743243 1.000000
vt 0.729730 0.000000
vt 0.756757 1.000000
vt 0.743243 0.000000
vt 0.770270 1.000000
vt 0.756757 0.000000
vt 0.783784 1.000000
vt 0.770270 0.000000
vt 0.797297 1.000000
vt 0.783784 0.000000
vt 0.810811 1.000000
vt 0.797297 0.000000
vt 0.824324 1.000000
vt 0.810811 0.000000
vt 0.837838 1.000000
vt 0.824324 0.000000
vt 0.851351 1.000000
vt 0.837838 0.000000
vt 0.864865 1.000000
vt 0.851351 0.000000
vt 0.878378 1.000000
vt 0.864865 0.000000
vt 0.891892 1.000000
vt 0.878378 0.000000
vt 0.905405 1.000000
vt 0.891892 0.000000
vt 0.918919 1.000000
vt 0.905405 0.000000
vt 0.932432 1.000000
vt 0.918919 0.000000
vt 0.945946 1.000000
vt 0.932432 0.000000
vt 0.959459 1.000000
vt 0.945946 0.000000
vt 0.972973 1.000000
vt 0.959459 0.000000
vt 0.986486 1.000000
vt 0.972973 0.000000
vt 0.986486 0.000000
vt 0.010204 1.000000
vt 0.020408 1.000000
vt 0.010204 0.000000
vt 0.030612 1.000000
vt 0.020408 0.000000
vt 0.040816 1.000000
vt 0.030612 0.000000
vt 0.051020 1.000000
vt 0.040816 0.000000
vt 0.061224 1.000000
vt 0.051020 0.000000
vt 0.061224 0.000000
vt 0.081633 1.000000
vt 0.091837 1.000000
vt 0.081633 0.000000
vt 0.102041 1.000000
vt 0.091837 0.000000
vt 0.112245 1.000000
vt 0.102041 0.000000
vt 0.122449 1.000000
vt 0.112245 0.000000
vt 0.132653 1.000000
vt 0.122449 0.000000
vt 0.132653 0.000000
vt 0.153061 1.000000
vt 0.163265 1.000000
vt 0.153061 0.000000
vt 0.173469 1.000000
vt 0.163265 0.000000
vt 0.183673 1.000000
vt 0.173469 0.000000
vt 0.193878 1.000000
vt 0.183673 0.000000
vt 0.204082 1.000000
vt 0.193878 0.000000
vt 0.204082 0.000000
vt 0.224490 1.000000
vt 0.234694 1.000000
vt 0.224490 0.000000
vt 0.244898 1.000000
vt 0.234694 0.000000
vt 0.255102 1.000000
vt 0.244898 0.000000
vt 0.265306 1.000000
vt 0.255102 0.000000
vt 0.275510 1.000000
vt 0.265306 0.000000
vt 0.275510 0.000000
vt 0.295918 1.000000
vt 0.306122 1.000000
vt 0.295918 0.000000
vt 0.316327 1.000000
vt 0.306122 0.000000
vt 0.326531 1.000000
vt 0.316327 0.000000
vt 0.336735 1.000000
vt 0.326531 0.000000
vt 0.346939 1.000000
vt 0.336735 0.000000
vt 0.346939 0.000000
vt 0.367347 1.000000
vt 0.377551 1.000000
vt 0.367347 0.000000
vt 0.387755 1.000000
vt 0.377551 0.000000
vt 0.397959 1.000000
vt 0.387755 0.000000
vt 0.408163 1.000000
vt 0.397959 0.000000
vt 0.418367 1.000000
vt 0.408163 0.000000
vt 0.418367 0.000000
vt 0.438776 1.000000
vt 0.448980 1.000000
vt 0.438776 0.000000
vt 0.459184 1.000000
vt 0.448980 0.000000
vt 0.469388 1.000000
vt 0.459184 0.000000
vt 0.479592 1.000000
vt 0.469388 0.000000
vt 0.489796 1.000000
vt 0.479592 0.000000
vt 0.489796 0.000000
vt 0.510204 1.000000
vt 0.520408 1.000000
vt 0.510204 0.000000
vt 0.530612 1.000000
vt 0.520408 0.000000
vt 0.540816 1.000000
vt 0.530612 0.000000
vt 0.551020 1.000000
vt 0.540816 0.000000
vt 0.561224 1.000000
vt 0.551020 0.000000
vt 0.561224 0.000000
vt 0.581633 1.000000
vt 0.591837 1.000000
vt 0.581633 0.000000
vt 0.602041 1.000000
vt 0.591837 0.000000
vt 0.612245 1.000000
vt 0.602041 0.000000
vt 0.622449 1.000000
vt 0.612245 0.000000
vt 0.632653 1.000000
vt 0.622449 0.000000
vt 0.632653 0.000000
vt 0.653061 1.000000
vt 0.663265 1.000000
vt 0.653061 0.000000
vt 0.673469 1.000000
vt 0.663265 0.000000
vt 0.683673 1.000000
vt 0.673469 0.000000
vt 0.693878 1.000000
vt 0.683673 0.000000
vt 0.704082 1.000000
vt 0.693878 0.000000
vt 0.704082 0.000000
vt 0.724490 1.000000
vt 0.734694 1.000000
vt 0.724490 0.000000
vt 0.744898 1.000000
vt 0.734694 0.000000
vt 0.755102 1.000000
vt 0.744898 0.000000
vt 0.765306 1.000000
vt 0.755102 0.000000
vt 0.775510 1.000000
vt 0.765306 0.000000
vt 0.775510 0.000000
vt 0.795918 1.000000
vt 0.806122 1.000000
vt 0.795918 0.000000
vt 0.816327 1.000000
vt 0.806122 0.000000
vt 0.826531 1.000000
vt 0.816327 0.000000
vt 0.836735 1.000000
vt 0.826531 0.000000
vt 0.846939 1.000000
vt 0.836735 0.000000
vt 0.846939 0.000000
vt 0.867347 1.000000
vt 0.877551 1.000000
vt 0.867347 0.000000
vt 0.887755 1.000000
vt 0.877551 0.000000
vt 0.897959 1.000000
vt 0.887755 0.000000
vt 0.908163 1.000000
vt 0.897959 0.000000
vt 0.918367 1.000000
vt 0.908163 0.000000
vt 0.918367 0.000000
vt 0.938776 1.000000
vt 0.948980 1.000000
vt 0.938776 0.000000
vt 0.959184 1.000000
vt 0.948980 0.000000
vt 0.969388 1.000000
vt 0.959184 0.000000
vt 0.979592 1.000000
vt 0.969388 0.000000
vt 0.989796 1.000000
vt 0.979592 0.000000
vt 0.989796 0.000000
vt 0.020833 1.000000
vt 0.041667 1.000000
vt 0.020833 0.000000
vt 0.062500 1.000000
vt 0.041667 0.000000
vt 0.083333 1.000000
vt 0.062500 0.000000
vt 0.104167 1.000000
vt 0.083333 0.000000
vt 0.125000 1.000000
vt 0.104167 0.000000
vt 0.145833 1.000000
vt 0.125000 0.000000
vt 0.166667 1.000000
vt 0.145833 0.000000
vt 0.187500 1.000000
vt 0.166667 0.000000
vt 0.208333 1.000000
vt 0.187500 0.000000
vt 0.229167 1.000000
vt 0.208333 0.000000
vt 0.250000 1.000000
vt 0.229167 0.000000
vt 0.270833 1.000000
vt 0.250000 0.000000
vt 0.291667 1.000000
vt 0.270833 0.000000
vt 0.312500 1.000000
vt 0.291667 0.000000
vt 0.333333 1.000000
vt 0.312500 0.000000
vt 0.354167 1.000000
vt 0.375000 1.000000
vt 0.354167 0.000000
vt 0.395833 1.000000
vt 0.375000 0.000000
vt 0.416667 1.000000
vt 0.395833 0.000000
vt 0.437500 1.000000
vt 0.416667 0.000000
vt 0.458333 1.000000
vt 0.437500 0.000000
vt 0.479167 1.000000
vt 0.458333 0.000000
vt 0.479167 0.000000
vt 0.520833 1.000000
vt 0.541667 1.000000
vt 0.520833 0.000000
vt 0.562500 1.000000
vt 0.541667 0.000000
vt 0.583333 1.000000
vt 0.562500 0.000000
vt 0.604167 1.000000
vt 0.583333 0.000000
vt 0.625000 1.000000
vt 0.604167 0.000000
vt 0.645833 1.000000
vt 0.625000 0.000000
vt 0.666667 1.000000
vt 0.645833 0.000000
vt 0.687500 1.000000
vt 0.708333 1.000000
vt 0.687500 0.000000
vt 0.729167 1.000000
vt 0.708333 0.000000
vt 0.750000 1.000000
vt 0.729167 0.000000
vt 0.770833 1.000000
vt 0.750000 0.000000
vt 0.791667 1.000000
vt 0.770833 0.000000
vt 0.812500 1.000000
vt 0.791667 0.000000
vt 0.833333 1.000000
vt 0.812500 0.000000
vt 0.854167 1.000000
vt 0.833333 0.000000
vt 0.875000 1.000000
vt 0.854167 0.000000
vt 0.895833 1.000000
vt 0.875000 0.000000
vt 0.916667 1.000000
vt 0.895833 0.000000
vt 0.937500 1.000000
vt 0.916667 0.000000
vt 0.958333 1.000000
vt 0.937500 0.000000
vt 0.979167 1.000000
vt 0.958333 0.000000
vt 0.979167 0.000000
vt 0.007576 1.000000
vt 0.015152 1.000000
vt 0.007576 0.000000
vt 0.022727 1.000000
vt 0.015152 0.000000
vt 0.030303 1.000000
vt 0.022727 0.000000
vt 0.037879 1.000000
vt 0.030303 0.000000
vt 0.045455 1.000000
vt 0.037879 0.000000
vt 0.053030 1.000000
vt 0.045455 0.000000
vt 0.060606 1.000000
vt 0.053030 0.000000
vt 0.068182 1.000000
vt 0.060606 0.000000
vt 0.075758 1.000000
vt 0.068182 0.000000
vt 0.075758 0.000000
vt 0.090909 1.000000
vt 0.098485 1.000000
vt 0.090909 0.000000
vt 0.106061 1.000000
vt 0.098485 0.000000
vt 0.113636 1.000000
vt 0.106061 0.000000
vt 0.121212 1.000000
vt 0.113636 0.000000
vt 0.128788 1.000000
vt 0.121212 0.000000
vt 0.136364 1.000000
vt 0.128788 0.000000
vt 0.143939 1.000000
vt 0.136364 0.000000
vt 0.151515 1.000000
vt 0.143939 0.000000
vt 0.159091 1.000000
vt 0.151515 0.000000
vt 0.159091 0.000000
vt 0.174242 1.000000
vt 0.181818 1.000000
vt 0.174242 0.000000
vt 0.189394 1.000000
vt 0.181818 0.000000
vt 0.196970 1.000000
vt 0.189394 0.000000
vt 0.204545 1.000000
vt 0.196970 0.000000
vt 0.212121 1.000000
vt 0.204545 0.000000
vt 0.219697 1.000000
vt 0.212121 0.000000
vt 0.227273 1.000000
vt 0.219697 0.000000
vt 0.234848 1.000000
vt 0.227273 0.000000
vt 0.242424 1.000000
vt 0.234848 0.000000
vt 0.242424 0.000000
vt 0.257576 1.000000
vt 0.265152 1.000000
vt 0.257576 0.000000
vt 0.272727 1.000000
vt 0.265152 0.000000
vt 0.280303 1.000000
vt 0.272727 0.000000
vt 0.287879 1.000000
vt 0.280303 0.000000
vt 0.295455 1.000000
vt 0.287879 0.000000
vt 0.303030 1.000000
vt 0.295455 0.000000
vt 0.310606 1.000000
vt 0.303030 0.000000
vt 0.318182 1.000000
vt 0.310606 0.000000
vt 0.325758 1.000000
vt 0.318182 0.000000
vt 0.325758 0.000000
vt 0.340909 1.000000
vt 0.348485 1.000000
vt 0.340909 0.000000
vt 0.356061 1.000000
vt 0.348485 0.000000
vt 0.363636 1.000000
vt 0.356061 0.000000
vt 0.371212 1.000000
vt 0.363636 0.000000
vt 0.378788 1.000000
vt 0.371212 0.000000
vt 0.386364 1.000000
vt 0.378788 0.000000
vt 0.393939 1.000000
vt 0.386364 0.000000
vt 0.401515 1.000000
vt 0.393939 0.000000
vt 0.409091 1.000000
vt 0.401515 0.000000
vt 0.409091 0.000000
vt 0.424242 1.000000
vt 0.431818 1.000000
vt 0.424242 0.000000
vt 0.439394 1.000000
vt 0.431818 0.000000
vt 0.446970 1.000000
vt 0.439394 0.000000
vt 0.454545 1.000000
vt 0.446970 0.000000
vt 0.462121 1.000000
vt 0.454545 0.000000
vt 0.469697 1.000000
vt 0.462121 0.000000
vt 0.477273 1.000000
vt 0.469697 0.000000
vt 0.484848 1.000000
vt 0.477273 0.000000
vt 0.492424 1.000000
vt 0.484848 0.000000
vt 0.492424 0.000000
vt 0.507576 1.000000
vt 0.515152 1.000000
vt 0.507576 0.000000
vt 0.522727 1.000000
vt 0.515152 0.000000
vt 0.530303 1.000000
vt 0.522727 0.000000
vt 0.537879 1.000000
vt 0.530303 0.000000
vt 0.545455 1.000000
vt 0.537879 0.000000
vt 0.553030 1.000000
vt 0.545455 0.000000
vt 0.560606 1.000000
vt 0.553030 0.000000
vt 0.568182 1.000000
vt 0.560606 0.000000
vt 0.575758 1.000000
vt 0.568182 0.000000
vt 0.575758 0.000000
vt 0.590909 1.000000
vt 0.598485 1.000000
vt 0.590909 0.000000
vt 0.606061 1.000000
vt 0.598485 0.000000
vt 0.613636 1.000000
vt 0.606061 0.000000
vt 0.621212 1.000000
vt 0.613636 0.000000
vt 0.628788 1.000000
vt 0.621212 0.000000
vt 0.636364 1.000000
vt 0.628788 0.000000
vt 0.643939 1.000000
vt 0.636364 0.000000
vt 0.651515 1.000000
vt 0.643939 0.000000
vt 0.659091 1.000000
vt 0.651515 0.000000
vt 0.659091 0.000000
vt 0.674242 1.000000
vt 0.681818 1.000000
vt 0.674242 0.000000
vt 0.689394 1.000000
vt 0.681818 0.000000
vt 0.696970 1.000000
vt 0.689394 0.000000
vt 0.704545 1.000000
vt 0.696970 0.000000
vt 0.712121 1.000000
vt 0.704545 0.000000
vt 0.719697 1.000000
vt 0.712121 0.000000
vt 0.727273 1.000000
vt 0.719697 0.000000
vt 0.734848 1.000000
vt 0.727273 0.000000
vt 0.742424 1.000000
vt 0.734848 0.000000
vt 0.742424 0.000000
vt 0.757576 1.000000
vt 0.765152 1.000000
vt 0.757576 0.000000
vt 0.772727 1.000000
vt 0.765152 0.000000
vt 0.780303 1.000000
vt 0.772727 0.000000
vt 0.787879 1.000000
vt 0.780303 0.000000
vt 0.795455 1.000000
vt 0.787879 0.000000
vt 0.803030 1.000000
vt 0.795455 0.000000
vt 0.810606 1.000000
vt 0.803030 0.000000
vt 0.818182 1.000000
vt 0.810606 0.000000
vt 0.825758 1.000000
vt 0.818182 0.000000
vt 0.825758 0.000000
vt 0.840909 1.000000
vt 0.848485 1.000000
vt 0.840909 0.000000
vt 0.856061 1.000000
vt 0.848485 0.000000
vt 0.863636 1.000000
vt 0.856061 0.000000
vt 0.871212 1.000000
vt 0.863636 0.000000
vt 0.878788 1.000000
vt 0.871212 0.000000
vt 0.886364 1.000000
vt 0.878788 0.000000
vt 0.893939 1.000000
vt 0.886364 0.000000
vt 0.901515 1.000000
vt 0.893939 0.000000
vt 0.909091 1.000000
vt 0.901515 0.000000
vt 0.909091 0.000000
vt 0.924242 1.000000
vt 0.931818 1.000000
vt 0.924242 0.000000
vt 0.939394 1.000000
vt 0.931818 0.000000
vt 0.946970 1.000000
vt 0.939394 0.000000
vt 0.954545 1.000000
vt 0.946970 0.000000
vt 0.962121 1.000000
vt 0.954545 0.000000
vt 0.969697 1.000000
vt 0.962121 0.000000
vt 0.977273 1.000000
vt 0.969697 0.000000
vt 0.984848 1.000000
vt 0.977273 0.000000
vt 0.992424 1.000000
vt 0.984848 0.000000
vt 0.992424 0.000000
vt 0.011905 1.000000
vt 0.023810 1.000000
vt 0.011905 0.000000
vt 0.035714 1.000000
vt 0.023810 0.000000
vt 0.047619 1.000000
vt 0.035714 0.000000
vt 0.059524 1.000000
vt 0.047619 0.000000
vt 0.059524 0.000000
vt 0.095238 1.000000
vt 0.107143 1.000000
vt 0.095238 0.000000
vt 0.119048 1.000000
vt 0.107143 0.000000
vt 0.130952 1.000000
vt 0.119048 0.000000
vt 0.130952 0.000000
vt 0.154762 1.000000
vt 0.154762 0.000000
vt 0.178571 1.000000
vt 0.190476 1.000000
vt 0.178571 0.000000
vt 0.202381 1.000000
vt 0.190476 0.000000
vt 0.202381 0.000000
vt 0.226190 1.000000
vt 0.238095 1.000000
vt 0.226190 0.000000
vt 0.238095 0.000000
vt 0.261905 1.000000
vt 0.273810 1.000000
vt 0.261905 0.000000
vt 0.273810 0.000000
vt 0.297619 1.000000
vt 0.309524 1.000000
vt 0.297619 0.000000
vt 0.321429 1.000000
vt 0.309524 0.000000
vt 0.321429 0.000000
vt 0.345238 1.000000
vt 0.345238 0.000000
vt 0.369048 1.000000
vt 0.380952 1.000000
vt 0.369048 0.000000
vt 0.392857 1.000000
vt 0.380952 0.000000
vt 0.404762 1.000000
vt 0.392857 0.000000
vt 0.404762 0.000000
vt 0.440476 1.000000
vt 0.452381 1.000000
vt 0.440476 0.000000
vt 0.464286 1.000000
vt 0.452381 0.000000
vt 0.476190 1.000000
vt 0.464286 0.000000
vt 0.488095 1.000000
vt 0.476190 0.000000
vt 0.488095 0.000000
vt 0.511905 1.000000
vt 0.523810 1.000000
vt 0.511905 0.000000
vt 0.535714 1.000000
vt 0.523810 0.000000
vt 0.547619 1.000000
vt 0.535714 0.000000
vt 0.559524 1.000000
vt 0.547619 0.000000
vt 0.559524 0.000000
vt 0.595238 1.000000
vt 0.607143 1.000000
vt 0.595238 0.000000
vt 0.619048 1.000000
vt 0.607143 0.000000
vt 0.630952 1.000000
vt 0.619048 0.000000
vt 0.630952 0.000000
vt 0.654762 1.000000
vt 0.654762 0.000000
vt 0.678571 1.000000
vt 0.690476 1.000000
vt 0.678571 0.000000
vt 0.702381 1.000000
vt 0.690476 0.000000
vt 0.702381 0.000000
vt 0.726190 1.000000
vt 0.738095 1.000000
vt 0.726190 0.000000
vt 0.738095 0.000000
vt 0.761905 1.000000
vt 0.773810 1.000000
vt 0.761905 0.000000
vt 0.773810 0.000000
vt 0.797619 1.000000
vt 0.809524 1.000000
vt 0.797619 0.000000
vt 0.821429 1.000000
vt 0.809524 0.000000
vt 0.821429 0.000000
vt 0.845238 1.000000
vt 0.845238 0.000000
vt 0.869048 1.000000
vt 0.880952 1.000000
vt 0.869048 0.000000
vt 0.892857 1.000000
vt 0.880952 0.000000
vt 0.904762 1.000000
vt 0.892857 0.000000
vt 0.904762 0.000000
vt 0.940476 1.000000
vt 0.952381 1.000000
vt 0.940476 0.000000
vt 0.964286 1.000000
vt 0.952381 0.000000
vt 0.976190 1.000000
vt 0.964286 0.000000
vt 0.988095 1.000000
vt 0.976190 0.000000
vt 0.988095 0.000000
vt 0.003185 1.000000
vt 0.006369 1.000000
vt 0.003185 0.000000
vt 0.009554 1.000000
vt 0.012739 1.000000
vt 0.009554 0.000000
vt 0.015924 1.000000
vt 0.019108 1.000000
vt 0.015924 0.000000
vt 0.022293 1.000000
vt 0.025478 1.000000
vt 0.022293 0.000000
vt 0.028662 1.000000
vt 0.031847 1.000000
vt 0.028662 0.000000
vt 0.035032 1.000000
vt 0.038217 1.000000
vt 0.035032 0.000000
vt 0.041401 1.000000
vt 0.044586 1.000000
vt 0.041401 0.000000
vt 0.047771 1.000000
vt 0.050955 1.000000
vt 0.047771 0.000000
vt 0.054140 1.000000
vt 0.057325 1.000000
vt 0.054140 0.000000
vt 0.060510 1.000000
vt 0.063694 1.000000
vt 0.060510 0.000000
vt 0.066879 1.000000
vt 0.070064 1.000000
vt 0.066879 0.000000
vt 0.073248 1.000000
vt 0.076433 1.000000
vt 0.073248 0.000000
vt 0.079618 1.000000
vt 0.082803 1.000000
vt 0.079618 0.000000
vt 0.085987 1.000000
vt 0.089172 1.000000
vt 0.085987 0.000000
vt 0.092357 1.000000
vt 0.095541 1.000000
vt 0.092357 0.000000
vt 0.098726 1.000000
vt 0.101911 1.000000
vt 0.098726 0.000000
vt 0.105096 1.000000
vt 0.108280 1.000000
vt 0.105096 0.000000
vt 0.111465 1.000000
vt 0.114650 1.000000
vt 0.111465 0.000000
vt 0.117834 1.000000
vt 0.121019 1.000000
vt 0.117834 0.000000
vt 0.124204 1.000000
vt 0.127389 1.000000
vt 0.124204 0.000000
vt 0.130573 1.000000
vt 0.133758 1.000000
vt 0.130573 0.000000
vt 0.136943 1.000000
vt 0.140127 1.000000
vt 0.136943 0.000000
vt 0.143312 1.000000
vt 0.146497 1.000000
vt 0.143312 0.000000
vt 0.149682 1.000000
vt 0.152866 1.000000
vt 0.149682 0.000000
vt 0.156051 1.000000
vt 0.159236 1.000000
vt 0.156051 0.000000
vt 0.162420 1.000000
vt 0.165605 1.000000
vt 0.162420 0.000000
vt 0.168790 1.000000
vt 0.171975 1.000000
vt 0.168790 0.000000
vt 0.175159 1.000000
vt 0.178344 1.000000
vt 0.175159 0.000000
vt 0.181529 1.000000
vt 0.184713 1.000000
vt 0.181529 0.000000
vt 0.187898 1.000000
vt 0.191083 1.000000
vt 0.187898 0.000000
vt 0.194268 1.000000
vt 0.197452 1.000000
vt 0.194268 0.000000
vt 0.200637 1.000000
vt 0.203822 1.000000
vt 0.200637 0.000000
vt 0.207006 1.000000
vt 0.210191 1.000000
vt 0.207006 0.000000
vt 0.213376 1.000000
vt 0.216561 1.000000
vt 0.213376 0.000000
vt 0.219745 1.000000
vt 0.222930 1.000000
vt 0.219745 0.000000
vt 0.226115 1.000000
vt 0.229299 1.000000
vt 0.226115 0.000000
vt 0.232484 1.000000
vt 0.235669 1.000000
vt 0.232484 0.000000
vt 0.238853 1.000000
vt 0.242038 1.000000
vt 0.238853 0.000000
vt 0.245223 1.000000
vt 0.248408 1.000000
vt 0.245223 0.000000
vt 0.251592 1.000000
vt 0.254777 1.000000
vt 0.251592 0.000000
vt 0.257962 1.000000
vt 0.261146 1.000000
vt 0.257962 0.000000
vt 0.264331 1.000000
vt 0.267516 1.000000
vt 0.264331 0.000000
vt 0.270701 1.000000
vt 0.273885 1.000000
vt 0.270701 0.000000
vt 0.277070 1.000000
vt 0.280255 1.000000
vt 0.277070 0.000000
vt 0.283439 1.000000
vt 0.286624 1.000000
vt 0.283439 0.000000
vt 0.289809 1.000000
vt 0.292994 1.000000
vt 0.289809 0.000000
vt 0.296178 1.000000
vt 0.299363 1.000000
vt 0.296178 0.000000
vt 0.302548 1.000000
vt 0.305732 1.000000
vt 0.302548 0.000000
vt 0.308917 1.000000
vt 0.312102 1.000000
vt 0.308917 0.000000
vt 0.315287 1.000000
vt 0.318471 1.000000
vt 0.315287 0.000000
vt 0.321656 1.000000
vt 0.324841 1.000000
vt 0.321656 0.000000
vt 0.328025 1.000000
vt 0.331210 1.000000
vt 0.328025 0.000000
vt 0.334395 1.000000
vt 0.337580 1.000000
vt 0.334395 0.000000
vt 0.340764 1.000000
vt 0.343949 1.000000
vt 0.340764 0.000000
vt 0.347134 1.000000
vt 0.350318 1.000000
vt 0.347134 0.000000
vt 0.353503 1.000000
vt 0.356688 1.000000
vt 0.353503 0.000000
vt 0.359873 1.000000
vt 0.363057 1.000000
vt 0.359873 0.000000
vt 0.366242 1.000000
vt 0.369427 1.000000
vt 0.366242 0.000000
vt 0.372611 1.000000
vt 0.375796 1.000000
vt 0.372611 0.000000
vt 0.378981 1.000000
vt 0.382166 1.000000
vt 0.378981 0.000000
vt 0.385350 1.000000
vt 0.388535 1.000000
vt 0.385350 0.000000
vt 0.391720 1.000000
vt 0.394904 1.000000
vt 0.391720 0.000000
vt 0.398089 1.000000
vt 0.401274 1.000000
vt 0.398089 0.000000
vt 0.404459 1.000000
vt 0.407643 1.000000
vt 0.404459 0.000000
vt 0.410828 1.000000
vt 0.414013 1.000000
vt 0.410828 0.000000
vt 0.417197 1.000000
vt 0.420382 1.000000
vt 0.417197 0.000000
vt 0.423567 1.000000
vt 0.426752 1.000000
vt 0.423567 0.000000
vt 0.429936 1.000000
vt 0.433121 1.000000
vt 0.429936 0.000000
vt 0.436306 1.000000
vt 0.439490 1.000000
vt 0.436306 0.000000
vt 0.442675 1.000000
vt 0.445860 1.000000
vt 0.442675 0.000000
vt 0.449045 1.000000
vt 0.452229 1.000000
vt 0.449045 0.000000
vt 0.455414 1.000000
vt 0.458599 1.000000
vt 0.455414 0.000000
vt 0.461783 1.000000
vt 0.464968 1.000000
vt 0.461783 0.000000
vt 0.468153 1.000000
vt 0.471338 1.000000
vt 0.468153 0.000000
vt 0.474522 1.000000
vt 0.477707 1.000000
vt 0.474522 0.000000
vt 0.480892 1.000000
vt 0.484076 1.000000
vt 0.480892 0.000000
vt 0.487261 1.000000
vt 0.490446 1.000000
vt 0.487261 0.000000
vt 0.493631 1.000000
vt 0.496815 1.000000
vt 0.493631 0.000000
vt 0.503185 1.000000
vt 0.506369 1.000000
vt 0.509554 1.000000
vt 0.506369 0.000000
vt 0.512739 1.000000
vt 0.515924 1.000000
vt 0.512739 0.000000
vt 0.519108 1.000000
vt 0.522293 1.000000
vt 0.519108 0.000000
vt 0.525478 1.000000
vt 0.528662 1.000000
vt 0.525478 0.000000
vt 0.531847 1.000000
vt 0.535032 1.000000
vt 0.531847 0.000000
vt 0.538217 1.000000
vt 0.541401 1.000000
vt 0.538217 0.000000
vt 0.544586 1.000000
vt 0.547771 1.000000
vt 0.544586 0.000000
vt 0.550955 1.000000
vt 0.554140 1.000000
vt 0.550955 0.000000
vt 0.557325 1.000000
vt 0.560510 1.000000
vt 0.557325 0.000000
vt 0.563694 1.000000
vt 0.566879 1.000000
vt 0.563694 0.000000
vt 0.570064 1.000000
vt 0.573248 1.000000
vt 0.570064 0.000000
vt 0.576433 1.000000
vt 0.579618 1.000000
vt 0.576433 0.000000
vt 0.582803 1.000000
vt 0.585987 1.000000
vt 0.582803 0.000000
vt 0.589172 1.000000
vt 0.592357 1.000000
vt 0.589172 0.000000
vt 0.595541 1.000000
vt 0.598726 1.000000
vt 0.595541 0.000000
vt 0.601911 1.000000
vt 0.605096 1.000000
vt 0.601911 0.000000
vt 0.608280 1.000000
vt 0.611465 1.000000
vt 0.608280 0.000000
vt 0.614650 1.000000
vt 0.617834 1.000000
vt 0.614650 0.000000
vt 0.621019 1.000000
vt 0.624204 1.000000
vt 0.621019 0.000000
vt 0.627389 1.000000
vt 0.630573 1.000000
vt 0.627389 0.000000
vt 0.633758 1.000000
vt 0.636943 1.000000
vt 0.633758 0.000000
vt 0.640127 1.000000
vt 0.643312 1.000000
vt 0.640127 0.000000
vt 0.646497 1.000000
vt 0.649682 1.000000
vt 0.646497 0.000000
vt 0.652866 1.000000
vt 0.656051 1.000000
vt 0.652866 0.000000
vt 0.659236 1.000000
vt 0.662420 1.000000
vt 0.659236 0.000000
vt 0.665605 1.000000
vt 0.668790 1.000000
vt 0.665605 0.000000
vt 0.671975 1.000000
vt 0.675159 1.000000
vt 0.671975 0.000000
vt 0.678344 1.000000
vt 0.681529 1.000000
vt 0.678344 0.000000
vt 0.684713 1.000000
vt 0.687898 1.000000
vt 0.684713 0.000000
vt 0.691083 1.000000
vt 0.694268 1.000000
vt 0.691083 0.000000
vt 0.697452 1.000000
vt 0.700637 1.000000
vt 0.697452 0.000000
vt 0.703822 1.000000
vt 0.707006 1.000000
vt 0.703822 0.000000
vt 0.710191 1.000000
vt 0.713376 1.000000
vt 0.710191 0.000000
vt 0.716560 1.000000
vt 0.719745 1.000000
vt 0.716560 0.000000
vt 0.722930 1.000000
vt 0.726115 1.000000
vt 0.722930 0.000000
vt 0.729299 1.000000
vt 0.732484 1.000000
vt 0.729299 0.000000
vt 0.735669 1.000000
vt 0.738854 1.000000
vt 0.735669 0.000000
vt 0.742038 1.000000
vt 0.745223 1.000000
vt 0.742038 0.000000
vt 0.748408 1.000000
vt 0.751592 1.000000
vt 0.748408 0.000000
vt 0.754777 1.000000
vt 0.757962 1.000000
vt 0.754777 0.000000
vt 0.761146 1.000000
vt 0.764331 1.000000
vt 0.761146 0.000000
vt 0.767516 1.000000
vt 0.770701 1.000000
vt 0.767516 0.000000
vt 0.773885 1.000000
vt 0.777070 1.000000
vt 0.773885 0.000000
vt 0.780255 1.000000
vt 0.783440 1.000000
vt 0.780255 0.000000
vt 0.786624 1.000000
vt 0.789809 1.000000
vt 0.786624 0.000000
vt 0.792994 1.000000
vt 0.796178 1.000000
vt 0.792994 0.000000
vt 0.799363 1.000000
vt 0.802548 1.000000
vt 0.799363 0.000000
vt 0.805732 1.000000
vt 0.808917 1.000000
vt 0.805732 0.000000
vt 0.812102 1.000000
vt 0.815287 1.000000
vt 0.812102 0.000000
vt 0.818471 1.000000
vt 0.821656 1.000000
vt 0.818471 0.000000
vt 0.824841 1.000000
vt 0.828025 1.000000
vt 0.824841 0.000000
vt 0.831210 1.000000
vt 0.834395 1.000000
vt 0.831210 0.000000
vt 0.837580 1.000000
vt 0.840764 1.000000
vt 0.837580 0.000000
vt 0.843949 1.000000
vt 0.847134 1.000000
vt 0.843949 0.000000
vt 0.850318 1.000000
vt 0.853503 1.000000
vt 0.850318 0.000000
vt 0.856688 1.000000
vt 0.859873 1.000000
vt 0.856688 0.000000
vt 0.863057 1.000000
vt 0.866242 1.000000
vt 0.863057 0.000000
vt 0.869427 1.000000
vt 0.872611 1.000000
vt 0.869427 0.000000
vt 0.875796 1.000000
vt 0.878981 1.000000
vt 0.875796 0.000000
vt 0.882166 1.000000
vt 0.885350 1.000000
vt 0.882166 0.000000
vt 0.888535 1.000000
vt 0.891720 1.000000
vt 0.888535 0.000000
vt 0.894904 1.000000
vt 0.898089 1.000000
vt 0.894904 0.000000
vt 0.901274 1.000000
vt 0.904459 1.000000
vt 0.901274 0.000000
vt 0.907643 1.000000
vt 0.910828 1.000000
vt 0.907643 0.000000
vt 0.914013 1.000000
vt 0.917197 1.000000
vt 0.914013 0.000000
vt 0.920382 1.000000
vt 0.923567 1.000000
vt 0.920382 0.000000
vt 0.926752 1.000000
vt 0.929936 1.000000
vt 0.926752 0.000000
vt 0.933121 1.000000
vt 0.936306 1.000000
vt 0.933121 0.000000
vt 0.939490 1.000000
vt 0.942675 1.000000
vt 0.939490 0.000000
vt 0.945860 1.000000
vt 0.949045 1.000000
vt 0.945860 0.000000
vt 0.952229 1.000000
vt 0.955414 1.000000
vt 0.952229 0.000000
vt 0.958599 1.000000
vt 0.961783 1.000000
vt 0.958599 0.000000
vt 0.964968 1.000000
vt 0.968153 1.000000
vt 0.964968 0.000000
vt 0.971338 1.000000
vt 0.974522 1.000000
vt 0.971338 0.000000
vt 0.977707 1.000000
vt 0.980892 1.000000
vt 0.977707 0.000000
vt 0.984076 1.000000
vt 0.987261 1.000000
vt 0.984076 0.000000
vt 0.990446 1.000000
vt 0.993631 1.000000
vt 0.990446 0.000000
vt 0.996815 1.000000
vt 0.996815 0.000000
vt 0.006329 1.000000
vt 0.012658 1.000000
vt 0.006329 0.000000
vt 0.018987 1.000000
vt 0.012658 0.000000
vt 0.025316 1.000000
vt 0.018987 0.000000
vt 0.031646 1.000000
vt 0.025316 0.000000
vt 0.037975 1.000000
vt 0.031646 0.000000
vt 0.044304 1.000000
vt 0.037975 0.000000
vt 0.050633 1.000000
vt 0.044304 0.000000
vt 0.056962 1.000000
vt 0.050633 0.000000
vt 0.063291 1.000000
vt 0.056962 0.000000
vt 0.069620 1.000000
vt 0.063291 0.000000
vt 0.075949 1.000000
vt 0.069620 0.000000
vt 0.082278 1.000000
vt 0.075949 0.000000
vt 0.088608 1.000000
vt 0.082278 0.000000
vt 0.094937 1.000000
vt 0.088608 0.000000
vt 0.101266 1.000000
vt 0.094937 0.000000
vt 0.107595 1.000000
vt 0.101266 0.000000
vt 0.113924 1.000000
vt 0.107595 0.000000
vt 0.120253 1.000000
vt 0.113924 0.000000
vt 0.126582 1.000000
vt 0.120253 0.000000
vt 0.132911 1.000000
vt 0.126582 0.000000
vt 0.139241 1.000000
vt 0.132911 0.000000
vt 0.145570 1.000000
vt 0.139241 0.000000
vt 0.151899 1.000000
vt 0.145570 0.000000
vt 0.158228 1.000000
vt 0.151899 0.000000
vt 0.164557 1.000000
vt 0.158228 0.000000
vt 0.170886 1.000000
vt 0.164557 0.000000
vt 0.177215 1.000000
vt 0.170886 0.000000
vt 0.183544 1.000000
vt 0.177215 0.000000
vt 0.189873 1.000000
vt 0.183544 0.000000
vt 0.196203 1.000000
vt 0.189873 0.000000
vt 0.202532 1.000000
vt 0.196203 0.000000
vt 0.208861 1.000000
vt 0.202532 0.000000
vt 0.215190 1.000000
vt 0.208861 0.000000
vt 0.221519 1.000000
vt 0.215190 0.000000
vt 0.227848 1.000000
vt 0.221519 0.000000
vt 0.234177 1.000000
vt 0.227848 0.000000
vt 0.240506 1.000000
vt 0.234177 0.000000
vt 0.246835 1.000000
vt 0.240506 0.000000
vt 0.253165 1.000000
vt 0.246835 0.000000
vt 0.259494 1.000000
vt 0.253165 0.000000
vt 0.265823 1.000000
vt 0.259494 0.000000
vt 0.272152 1.000000
vt 0.265823 0.000000
vt 0.278481 1.000000
vt 0.272152 0.000000
vt 0.284810 1.000000
vt 0.278481 0.000000
vt 0.291139 1.000000
vt 0.284810 0.000000
vt 0.297468 1.000000
vt 0.291139 0.000000
vt 0.303797 1.000000
vt 0.297468 0.000000
vt 0.310127 1.000000
vt 0.303797 0.000000
vt 0.316456 1.000000
vt 0.310127 0.000000
vt 0.322785 1.000000
vt 0.316456 0.000000
vt 0.329114 1.000000
vt 0.322785 0.000000
vt 0.335443 1.000000
vt 0.329114 0.000000
vt 0.341772 1.000000
vt 0.335443 0.000000
vt 0.348101 1.000000
vt 0.341772 0.000000
vt 0.354430 1.000000
vt 0.348101 0.000000
vt 0.360759 1.000000
vt 0.354430 0.000000
vt 0.367089 1.000000
vt 0.360759 0.000000
vt 0.373418 1.000000
vt 0.367089 0.000000
vt 0.379747 1.000000
vt 0.373418 0.000000
vt 0.386076 1.000000
vt 0.379747 0.000000
vt 0.392405 1.000000
vt 0.386076 0.000000
vt 0.398734 1.000000
vt 0.392405 0.000000
vt 0.405063 1.000000
vt 0.398734 0.000000
vt 0.411392 1.000000
vt 0.405063 0.000000
vt 0.417722 1.000000
vt 0.411392 0.000000
vt 0.424051 1.000000
vt 0.417722 0.000000
vt 0.430380 1.000000
vt 0.424051 0.000000
vt 0.436709 1.000000
vt 0.430380 0.000000
vt 0.443038 1.000000
vt 0.436709 0.000000
vt 0.449367 1.000000
vt 0.443038 0.000000
vt 0.455696 1.000000
vt 0.449367 0.000000
vt 0.462025 1.000000
vt 0.455696 0.000000
vt 0.468354 1.000000
vt 0.462025 0.000000
vt 0.474684 1.000000
vt 0.468354 0.000000
vt 0.481013 1.000000
vt 0.474684 0.000000
vt 0.487342 1.000000
vt 0.481013 0.000000
vt 0.493671 1.000000
vt 0.487342 0.000000
vt 0.493671 0.000000
vt 0.506329 1.000000
vt 0.512658 1.000000
vt 0.506329 0.000000
vt 0.518987 1.000000
vt 0.512658 0.000000
vt 0.525316 1.000000
vt 0.518987 0.000000
vt 0.531646 1.000000
vt 0.525316 0.000000
vt 0.537975 1.000000
vt 0.531646 0.000000
vt 0.544304 1.000000
vt 0.537975 0.000000
vt 0.550633 1.000000
vt 0.544304 0.000000
vt 0.556962 1.000000
vt 0.550633 0.000000
vt 0.563291 1.000000
vt 0.556962 0.000000
vt 0.569620 1.000000
vt 0.563291 0.000000
vt 0.575949 1.000000
vt 0.569620 0.000000
vt 0.582278 1.000000
vt 0.575949 0.000000
vt 0.588608 1.000000
vt 0.582278 0.000000
vt 0.594937 1.000000
vt 0.588608 0.000000
vt 0.601266 1.000000
vt 0.594937 0.000000
vt 0.607595 1.000000
vt 0.601266 0.000000
vt 0.613924 1.000000
vt 0.607595 0.000000
vt 0.620253 1.000000
vt 0.613924 0.000000
vt 0.626582 1.000000
vt 0.620253 0.000000
vt 0.632911 1.000000
vt 0.626582 0.000000
vt 0.639241 1.000000
vt 0.632911 0.000000
vt 0.645570 1.000000
vt 0.639241 0.000000
vt 0.651899 1.000000
vt 0.645570 0.000000
vt 0.658228 1.000000
vt 0.651899 0.000000
vt 0.664557 1.000000
vt 0.658228 0.000000
vt 0.670886 1.000000
vt 0.664557 0.000000
vt 0.677215 1.000000
vt 0.670886 0.000000
vt 0.683544 1.000000
vt 0.677215 0.000000
vt 0.689873 1.000000
vt 0.683544 0.000000
vt 0.696203 1.000000
vt 0.689873 0.000000
vt 0.702532 1.000000
vt 0.696203 0.000000
vt 0.708861 1.000000
vt 0.702532 0.000000
vt 0.715190 1.000000
vt 0.708861 0.000000
vt 0.721519 1.000000
vt 0.715190 0.000000
vt 0.727848 1.000000
vt 0.721519 0.000000
vt 0.734177 1.000000
vt 0.727848 0.000000
vt 0.740506 1.000000
vt 0.734177 0.000000
vt 0.746835 1.000000
vt 0.740506 0.000000
vt 0.753165 1.000000
vt 0.746835 0.000000
vt 0.759494 1.000000
vt 0.753165 0.000000
vt 0.765823 1.000000
vt 0.759494 0.000000
vt 0.772152 1.000000
vt 0.765823 0.000000
vt 0.778481 1.000000
vt 0.772152 0.000000
vt 0.784810 1.000000
vt 0.778481 0.000000
vt 0.791139 1.000000
vt 0.784810 0.000000
vt 0.797468 1.000000
vt 0.791139 0.000000
vt 0.803797 1.000000
vt 0.797468 0.000000
vt 0.810127 1.000000
vt 0.803797 0.000000
vt 0.816456 1.000000
vt 0.810127 0.000000
vt 0.822785 1.000000
vt 0.816456 0.000000
vt 0.829114 1.000000
vt 0.822785 0.000000
vt 0.835443 1.000000
vt 0.829114 0.000000
vt 0.841772 1.000000
vt 0.835443 0.000000
vt 0.848101 1.000000
vt 0.841772 0.000000
vt 0.854430 1.000000
vt 0.848101 0.000000
vt 0.860759 1.000000
vt 0.854430 0.000000
vt 0.867089 1.000000
vt 0.860759 0.000000
vt 0.873418 1.000000
vt 0.867089 0.000000
vt 0.879747 1.000000
vt 0.873418 0.000000
vt 0.886076 1.000000
vt 0.879747 0.000000
vt 0.892405 1.000000
vt 0.886076 0.000000
vt 0.898734 1.000000
vt 0.892405 0.000000
vt 0.905063 1.000000
vt 0.898734 0.000000
vt 0.911392 1.000000
vt 0.905063 0.000000
vt 0.917722 1.000000
vt 0.911392 0.000000
vt 0.924051 1.000000
vt 0.917722 0.000000
vt 0.930380 1.000000
vt 0.924051 0.000000
vt 0.936709 1.000000
vt 0.930380 0.000000
vt 0.943038 1.000000
vt 0.936709 0.000000
vt 0.949367 1.000000
vt 0.943038 0.000000
vt 0.955696 1.000000
vt 0.949367 0.000000
vt 0.962025 1.000000
vt 0.955696 0.000000
vt 0.968354 1.000000
vt 0.962025 0.000000
vt 0.974684 1.000000
vt 0.968354 0.000000
vt 0.981013 1.000000
vt 0.974684 0.000000
vt 0.987342 1.000000
vt 0.981013 0.000000
vt 0.993671 1.000000
vt 0.987342 0.000000
vt 0.993671 0.000000
vt 0.003788 1.000000
vt 0.003788 0.000000
vt 0.011364 1.000000
vt 0.011364 0.000000
vt 0.018939 1.000000
vt 0.018939 0.000000
vt 0.026515 1.000000
vt 0.026515 0.000000
vt 0.034091 1.000000
vt 0.034091 0.000000
vt 0.049242 1.000000
vt 0.049242 0.000000
vt 0.056818 1.000000
vt 0.056818 0.000000
vt 0.064394 1.000000
vt 0.064394 0.000000
vt 0.071970 1.000000
vt 0.071970 0.000000
vt 0.079545 1.000000
vt 0.079545 0.000000
vt 0.087121 1.000000
vt 0.087121 0.000000
vt 0.094697 1.000000
vt 0.094697 0.000000
vt 0.102273 1.000000
vt 0.102273 0.000000
vt 0.109848 1.000000
vt 0.109848 0.000000
vt 0.117424 1.000000
vt 0.117424 0.000000
vt 0.132576 1.000000
vt 0.132576 0.000000
vt 0.140152 1.000000
vt 0.140152 0.000000
vt 0.147727 1.000000
vt 0.147727 0.000000
vt 0.155303 1.000000
vt 0.155303 0.000000
vt 0.162879 1.000000
vt 0.162879 0.000000
vt 0.170455 1.000000
vt 0.170455 0.000000
vt 0.178030 1.000000
vt 0.178030 0.000000
vt 0.185606 1.000000
vt 0.185606 0.000000
vt 0.193182 1.000000
vt 0.193182 0.000000
vt 0.200758 1.000000
vt 0.200758 0.000000
vt 0.215909 1.000000
vt 0.215909 0.000000
vt 0.223485 1.000000
vt 0.223485 0.000000
vt 0.231061 1.000000
vt 0.231061 0.000000
vt 0.238636 1.000000
vt 0.238636 0.000000
vt 0.246212 1.000000
vt 0.246212 0.000000
vt 0.253788 1.000000
vt 0.253788 0.000000
vt 0.261364 1.000000
vt 0.261364 0.000000
vt 0.268939 1.000000
vt 0.268939 0.000000
vt 0.276515 1.000000
vt 0.276515 0.000000
vt 0.284091 1.000000
vt 0.284091 0.000000
vt 0.299242 1.000000
vt 0.299242 0.000000
vt 0.306818 1.000000
vt 0.306818 0.000000
vt 0.314394 1.000000
vt 0.314394 0.000000
vt 0.321970 1.000000
vt 0.321970 0.000000
vt 0.329545 1.000000
vt 0.329545 0.000000
vt 0.337121 1.000000
vt 0.337121 0.000000
vt 0.344697 1.000000
vt 0.344697 0.000000
vt 0.352273 1.000000
vt 0.352273 0.000000
vt 0.359848 1.000000
vt 0.359848 0.000000
vt 0.367424 1.000000
vt 0.367424 0.000000
vt 0.382576 1.000000
vt 0.382576 0.000000
vt 0.390152 1.000000
vt 0.390152 0.000000
vt 0.397727 1.000000
vt 0.397727 0.000000
vt 0.405303 1.000000
vt 0.405303 0.000000
vt 0.412879 1.000000
vt 0.412879 0.000000
vt 0.420455 1.000000
vt 0.420455 0.000000
vt 0.428030 1.000000
vt 0.428030 0.000000
vt 0.435606 1.000000
vt 0.435606 0.000000
vt 0.443182 1.000000
vt 0.443182 0.000000
vt 0.450758 1.000000
vt 0.450758 0.000000
vt 0.465909 1.000000
vt 0.465909 0.000000
vt 0.473485 1.000000
vt 0.473485 0.000000
vt 0.481061 1.000000
vt 0.481061 0.000000
vt 0.488636 1.000000
vt 0.488636 0.000000
vt 0.496212 1.000000
vt 0.496212 0.000000
vt 0.503788 1.000000
vt 0.503788 0.000000
vt 0.511364 1.000000
vt 0.511364 0.000000
vt 0.518939 1.000000
vt 0.518939 0.000000
vt 0.526515 1.000000
vt 0.526515 0.000000
vt 0.534091 1.000000
vt 0.534091 0.000000
vt 0.549242 1.000000
vt 0.549242 0.000000
vt 0.556818 1.000000
vt 0.556818 0.000000
vt 0.564394 1.000000
vt 0.564394 0.000000
vt 0.571970 1.000000
vt 0.571970 0.000000
vt 0.579545 1.000000
vt 0.579545 0.000000
vt 0.587121 1.000000
vt 0.587121 0.000000
vt 0.594697 1.000000
vt 0.594697 0.000000
vt 0.602273 1.000000
vt 0.602273 0.000000
vt 0.609848 1.000000
vt 0.609848 0.000000
vt 0.617424 1.000000
vt 0.617424 0.000000
vt 0.632576 1.000000
vt 0.632576 0.000000
vt 0.640152 1.000000
vt 0.640152 0.000000
vt 0.647727 1.000000
vt 0.647727 0.000000
vt 0.655303 1.000000
vt 0.655303 0.000000
vt 0.662879 1.000000
vt 0.662879 0.000000
vt 0.670455 1.000000
vt 0.670455 0.000000
vt 0.678030 1.000000
vt 0.678030 0.000000
vt 0.685606 1.000000
vt 0.685606 0.000000
vt 0.693182 1.000000
vt 0.693182 0.000000
vt 0.700758 1.000000
vt 0.700758 0.000000
vt 0.715909 1.000000
vt 0.715909 0.000000
vt 0.723485 1.000000
vt 0.723485 0.000000
vt 0.731061 1.000000
vt 0.731061 0.000000
vt 0.738636 1.000000
vt 0.738636 0.000000
vt 0.746212 1.000000
vt 0.746212 0.000000
vt 0.753788 1.000000
vt 0.753788 0.000000
vt 0.761364 1.000000
vt 0.761364 0.000000
vt 0.768939 1.000000
vt 0.768939 0.000000
vt 0.776515 1.000000
vt 0.776515 0.000000
vt 0.784091 1.000000
vt 0.784091 0.000000
vt 0.799242 1.000000
vt 0.799242 0.000000
vt 0.806818 1.000000
vt 0.806818 0.000000
vt 0.814394 1.000000
vt 0.814394 0.000000
vt 0.821970 1.000000
vt 0.821970 0.000000
vt 0.829545 1.000000
vt 0.829545 0.000000
vt 0.837121 1.000000
vt 0.837121 0.000000
vt 0.844697 1.000000
vt 0.844697 0.000000
vt 0.852273 1.000000
vt 0.852273 0.000000
vt 0.859848 1.000000
vt 0.859848 0.000000
vt 0.867424 1.000000
vt 0.867424 0.000000
vt 0.882576 1.000000
vt 0.882576 0.000000
vt 0.890152 1.000000
vt 0.890152 0.000000
vt 0.897727 1.000000
vt 0.897727 0.000000
vt 0.905303 1.000000
vt 0.905303 0.000000
vt 0.912879 1.000000
vt 0.912879 0.000000
vt 0.920455 1.000000
vt 0.920455 0.000000
vt 0.928030 1.000000
vt 0.928030 0.000000
vt 0.935606 1.000000
vt 0.935606 0.000000
vt 0.943182 1.000000
vt 0.943182 0.000000
vt 0.950758 1.000000
vt 0.950758 0.000000
vt 0.965909 1.000000
vt 0.965909 0.000000
vt 0.973485 1.000000
vt 0.973485 0.000000
vt 0.981061 1.000000
vt 0.981061 0.000000
vt 0.988636 1.000000
vt 0.988636 0.000000
vt 0.996212 1.000000
vt 0.996212 0.000000
vt 0.005952 1.000000
vt 0.005952 0.000000
vt 0.017857 1.000000
vt 0.017857 0.000000
vt 0.029762 1.000000
vt 0.029762 0.000000
vt 0.053571 1.000000
vt 0.053571 0.000000
vt 0.065476 1.000000
vt 0.065476 0.000000
vt 0.077381 1.000000
vt 0.077381 0.000000
vt 0.089286 1.000000
vt 0.089286 0.000000
vt 0.101190 1.000000
vt 0.101190 0.000000
vt 0.113095 1.000000
vt 0.113095 0.000000
vt 0.136905 1.000000
vt 0.136905 0.000000
vt 0.148810 1.000000
vt 0.148810 0.000000
vt 0.160714 1.000000
vt 0.160714 0.000000
vt 0.172619 1.000000
vt 0.172619 0.000000
vt 0.184524 1.000000
vt 0.184524 0.000000
vt 0.196429 1.000000
vt 0.196429 0.000000
vt 0.220238 1.000000
vt 0.220238 0.000000
vt 0.232143 1.000000
vt 0.232143 0.000000
vt 0.244048 1.000000
vt 0.244048 0.000000
vt 0.255952 1.000000
vt 0.255952 0.000000
vt 0.267857 1.000000
vt 0.267857 0.000000
vt 0.279762 1.000000
vt 0.279762 0.000000
vt 0.303571 1.000000
vt 0.303571 0.000000
vt 0.315476 1.000000
vt 0.315476 0.000000
vt 0.327381 1.000000
vt 0.327381 0.000000
vt 0.339286 1.000000
vt 0.339286 0.000000
vt 0.351190 1.000000
vt 0.351190 0.000000
vt 0.363095 1.000000
vt 0.363095 0.000000
vt 0.386905 1.000000
vt 0.386905 0.000000
vt 0.398810 1.000000
vt 0.398810 0.000000
vt 0.410714 1.000000
vt 0.410714 0.000000
vt 0.422619 1.000000
vt 0.422619 0.000000
vt 0.434524 1.000000
vt 0.434524 0.000000
vt 0.446429 1.000000
vt 0.446429 0.000000
vt 0.470238 1.000000
vt 0.470238 0.000000
vt 0.482143 1.000000
vt 0.482143 0.000000
vt 0.494048 1.000000
vt 0.494048 0.000000
vt 0.505952 1.000000
vt 0.505952 0.000000
vt 0.517857 1.000000
vt 0.517857 0.000000
vt 0.529762 1.000000
vt 0.529762 0.000000
vt 0.553571 1.000000
vt 0.553571 0.000000
vt 0.565476 1.000000
vt 0.565476 0.000000
vt 0.577381 1.000000
vt 0.577381 0.000000
vt 0.589286 1.000000
vt 0.589286 0.000000
vt 0.601190 1.000000
vt 0.601190 0.000000
vt 0.613095 1.000000
vt 0.613095 0.000000
vt 0.636905 1.000000
vt 0.636905 0.000000
vt 0.648810 1.000000
vt 0.648810 0.000000
vt 0.660714 1.000000
vt 0.660714 0.000000
vt 0.672619 1.000000
vt 0.672619 0.000000
vt 0.684524 1.000000
vt 0.684524 0.000000
vt 0.696429 1.000000
vt 0.696429 0.000000
vt 0.720238 1.000000
vt 0.720238 0.000000
vt 0.732143 1.000000
vt 0.732143 0.000000
vt 0.744048 1.000000
vt 0.744048 0.000000
vt 0.755952 1.000000
vt 0.755952 0.000000
vt 0.767857 1.000000
vt 0.767857 0.000000
vt 0.779762 1.000000
vt 0.779762 0.000000
vt 0.803571 1.000000
vt 0.803571 0.000000
vt 0.815476 1.000000
vt 0.815476 0.000000
vt 0.827381 1.000000
vt 0.827381 0.000000
vt 0.839286 1.000000
vt 0.839286 0.000000
vt 0.851190 1.000000
vt 0.851190 0.000000
vt 0.863095 1.000000
vt 0.863095 0.000000
vt 0.886905 1.000000
vt 0.886905 0.000000
vt 0.898810 1.000000
vt 0.898810 0.000000
vt 0.910714 1.000000
vt 0.910714 0.000000
vt 0.922619 1.000000
vt 0.922619 0.000000
vt 0.934524 1.000000
vt 0.934524 0.000000
vt 0.946429 1.000000
vt 0.946429 0.000000
vt 0.970238 1.000000
vt 0.970238 0.000000
vt 0.982143 1.000000
vt 0.982143 0.000000
vt 0.994048 1.000000
vt 0.994048 0.000000
s 0
usemtl マテリアル.009
f 131/1/1 133/2/1 132/3/1
f 130/4/1 133/2/1 131/1/1
f 129/5/1 133/2/1 130/4/1
f 128/6/1 133/2/1 129/5/1
f 128/6/1 134/7/1 133/2/1
f 127/8/1 134/7/1 128/6/1
f 126/9/1 134/7/1 127/8/1
f 126/9/1 135/10/1 134/7/1
f 125/11/1 135/10/1 126/9/1
f 124/12/1 135/10/1 125/11/1
f 124/12/1 136/13/1 135/10/1
f 123/14/1 136/13/1 124/12/1
f 123/14/1 137/15/1 136/13/1
f 122/16/1 137/15/1 123/14/1
f 121/17/1 137/15/1 122/16/1
f 121/17/1 138/18/1 137/15/1
f 120/19/1 138/18/1 121/17/1
f 120/19/1 139/20/1 138/18/1
f 119/21/1 139/20/1 120/19/1
f 119/21/1 140/22/1 139/20/1
f 119/21/1 141/23/1 140/22/1
f 118/24/1 141/23/1 119/21/1
f 118/24/1 142/25/1 141/23/1
f 118/24/1 143/26/1 142/25/1
f 118/24/1 144/27/1 143/26/1
f 117/28/1 144/27/1 118/24/1
f 117/28/1 145/29/1 144/27/1
f 117/28/1 146/30/1 145/29/1
f 117/28/1 147/31/1 146/30/1
f 117/28/1 148/32/1 147/31/1
f 116/33/1 148/32/1 117/28/1
f 116/33/1 149/34/1 148/32/1
f 116/33/1 150/35/1 149/34/1
f 116/33/1 151/36/1 150/35/1
f 116/33/1 152/37/1 151/36/1
f 116/33/1 153/38/1 152/37/1
f 115/39/1 153/38/1 116/33/1
f 115/39/1 154/40/1 153/38/1
f 115/39/1 155/41/1 154/40/1
f 115/39/1 156/42/1 155/41/1
f 115/39/1 157/43/1 156/42/1
f 114/44/1 157/43/1 115/39/1
f 114/44/1 158/45/1 157/43/1
f 114/44/1 159/46/1 158/45/1
f 113/47/1 159/46/1 114/44/1
f 113/47/1 160/48/1 159/46/1
f 113/47/1 161/49/1 160/48/1
f 113/47/1 162/50/1 161/49/1
f 112/51/1 162/50/1 113/47/1
f 112/51/1 163/52/1 162/50/1
f 112/51/1 164/53/1 163/52/1
f 112/51/1 165/54/1 164/53/1
f 112/51/1 166/55/1 165/54/1
f 112/51/1 167/56/1 166/55/1
f 112/51/1 168/57/1 167/56/1
f 111/58/1 168/57/1 112/51/1
f 111/58/1 1/59/1 168/57/1
f 111/58/1 2/60/1 1/59/1
f 111/58/1 3/61/1 2/60/1
f 111/58/1 4/62/1 3/61/1
f 111/58/1 5/63/1 4/62/1
f 111/58/1 6/64/1 5/63/1
f 111/58/1 7/65/1 6/64/1
f 110/66/1 7/65/1 111/58/1
f 110/66/1 8/67/1 7/65/1
f 110/66/1 9/68/1 8/67/1
f 110/66/1 10/69/1 9/68/1
f 110/66/1 11/70/1 10/69/1
f 109/71/1 11/70/1 110/66/1
f 109/71/1 12/72/1 11/70/1
f 109/71/1 13/73/1 12/72/1
f 109/71/1 14/74/1 13/73/1
f 109/71/1 15/75/1 14/74/1
f 108/76/1 15/75/1 109/71/1
f 108/76/1 16/77/1 15/75/1
f 108/76/1 17/78/1 16/77/1
f 108/76/1 18/79/1 17/78/1
f 108/76/1 19/80/1 18/79/1
f 107/81/1 19/80/1 108/76/1
f 107/81/1 20/82/1 19/80/1
f 107/81/1 21/83/1 20/82/1
f 107/81/1 22/84/1 21/83/1
f 107/81/1 23/85/1 22/84/1
f 106/86/1 23/85/1 107/81/1
f 106/86/1 24/87/1 23/85/1
f 106/86/1 25/88/1 24/87/1
f 106/86/1 26/89/1 25/88/1
f 105/90/1 48/91/1 106/86/1
f 48/91/1 26/89/1 106/86/1
f 48/91/1 27/92/1 26/89/1
f 105/90/1 49/93/1 48/91/1
f 47/94/1 27/92/1 48/91/1
f 46/95/1 27/92/1 47/94/1
f 105/90/1 50/96/1 49/93/1
f 45/97/1 27/92/1 46/95/1
f 105/90/1 51/98/1 50/96/1
f 45/97/1 28/99/1 27/92/1
f 44/100/1 28/99/1 45/97/1
f 105/90/1 52/101/1 51/98/1
f 44/100/1 29/102/1 28/99/1
f 43/103/1 29/102/1 44/100/1
f 104/104/1 52/101/1 105/90/1
f 104/104/1 53/105/1 52/101/1
f 42/106/1 29/102/1 43/103/1
f 42/106/1 30/107/1 29/102/1
f 104/104/1 54/108/1 53/105/1
f 41/109/1 30/107/1 42/106/1
f 41/109/1 31/110/1 30/107/1
f 40/111/1 31/110/1 41/109/1
f 40/111/1 32/112/1 31/110/1
f 104/104/1 55/113/1 54/108/1
f 103/114/1 55/113/1 104/104/1
f 39/115/1 32/112/1 40/111/1
f 39/115/1 33/116/1 32/112/1
f 38/117/1 33/116/1 39/115/1
f 103/114/1 56/118/1 55/113/1
f 38/117/1 34/119/1 33/116/1
f 37/120/1 34/119/1 38/117/1
f 37/120/1 35/121/1 34/119/1
f 37/120/1 36/122/1 35/121/1
f 103/114/1 57/123/1 56/118/1
f 102/124/1 57/123/1 103/114/1
f 102/124/1 58/125/1 57/123/1
f 102/124/1 59/126/1 58/125/1
f 102/124/1 60/127/1 59/126/1
f 101/128/1 60/127/1 102/124/1
f 101/128/1 61/129/1 60/127/1
f 101/128/1 62/130/1 61/129/1
f 101/128/1 63/131/1 62/130/1
f 101/128/1 64/132/1 63/131/1
f 100/133/1 64/132/1 101/128/1
f 100/133/1 65/134/1 64/132/1
f 100/133/1 66/135/1 65/134/1
f 100/133/1 67/136/1 66/135/1
f 99/137/1 67/136/1 100/133/1
f 99/137/1 68/138/1 67/136/1
f 99/137/1 69/139/1 68/138/1
f 99/137/1 70/140/1 69/139/1
f 99/137/1 71/141/1 70/140/1
f 98/142/1 71/141/1 99/137/1
f 98/142/1 72/143/1 71/141/1
f 98/142/1 73/144/1 72/143/1
f 97/145/1 73/144/1 98/142/1
f 97/145/1 74/146/1 73/144/1
f 97/145/1 75/147/1 74/146/1
f 97/145/1 76/148/1 75/147/1
f 96/149/1 76/148/1 97/145/1
f 96/149/1 77/150/1 76/148/1
f 96/149/1 78/151/1 77/150/1
f 95/152/1 78/151/1 96/149/1
f 95/152/1 79/153/1 78/151/1
f 94/154/1 79/153/1 95/152/1
f 93/155/1 79/153/1 94/154/1
f 93/155/1 80/156/1 79/153/1
f 92/157/1 80/156/1 93/155/1
f 92/157/1 81/158/1 80/156/1
f 91/159/1 81/158/1 92/157/1
f 90/160/1 81/158/1 91/159/1
f 90/160/1 82/161/1 81/158/1
f 89/162/1 82/161/1 90/160/1
f 89/162/1 83/163/1 82/161/1
f 88/164/1 83/163/1 89/162/1
f 87/165/1 83/163/1 88/164/1
f 87/165/1 84/166/1 83/163/1
f 86/167/1 84/166/1 87/165/1
f 85/168/1 84/166/1 86/167/1
f 221/169/1 223/170/1 222/171/1
f 221/169/1 224/172/1 223/170/1
f 220/173/1 224/172/1 221/169/1
f 220/173/1 225/174/1 224/172/1
f 219/175/1 225/174/1 220/173/1
f 219/175/1 226/176/1 225/174/1
f 219/175/1 227/177/1 226/176/1
f 219/175/1 228/178/1 227/177/1
f 219/175/1 229/179/1 228/178/1
f 218/180/1 229/179/1 219/175/1
f 218/180/1 230/181/1 229/179/1
f 217/182/1 230/181/1 218/180/1
f 216/183/1 230/181/1 217/182/1
f 216/183/1 231/184/1 230/181/1
f 215/185/1 231/184/1 216/183/1
f 214/186/1 231/184/1 215/185/1
f 213/187/1 231/184/1 214/186/1
f 213/187/1 232/188/1 231/184/1
f 212/189/1 232/188/1 213/187/1
f 211/190/1 232/188/1 212/189/1
f 210/191/1 232/188/1 211/190/1
f 209/192/1 232/188/1 210/191/1
f 209/192/1 233/193/1 232/188/1
f 208/194/1 233/193/1 209/192/1
f 207/195/1 233/193/1 208/194/1
f 206/196/1 233/193/1 207/195/1
f 206/196/1 234/197/1 233/193/1
f 205/198/1 234/197/1 206/196/1
f 204/199/1 234/197/1 205/198/1
f 203/200/1 234/197/1 204/199/1
f 203/200/1 235/201/1 234/197/1
f 202/202/1 235/201/1 203/200/1
f 202/202/1 236/203/1 235/201/1
f 201/204/1 236/203/1 202/202/1
f 201/204/1 237/205/1 236/203/1
f 200/206/1 237/205/1 201/204/1
f 200/206/1 238/207/1 237/205/1
f 199/208/1 238/207/1 200/206/1
f 199/208/1 239/209/1 238/207/1
f 198/210/1 239/209/1 199/208/1
f 198/210/1 240/211/1 239/209/1
f 197/212/1 240/211/1 198/210/1
f 197/212/1 241/213/1 240/211/1
f 196/214/1 241/213/1 197/212/1
f 196/214/1 242/215/1 241/213/1
f 196/214/1 243/216/1 242/215/1
f 196/214/1 244/217/1 243/216/1
f 196/214/1 245/218/1 244/217/1
f 196/214/1 246/219/1 245/218/1
f 196/214/1 247/220/1 246/219/1
f 195/221/1 247/220/1 196/214/1
f 195/221/1 248/222/1 247/220/1
f 195/221/1 249/223/1 248/222/1
f 195/221/1 250/224/1 249/223/1
f 195/221/1 251/225/1 250/224/1
f 195/221/1 252/226/1 251/225/1
f 195/221/1 253/227/1 252/226/1
f 195/221/1 254/228/1 253/227/1
f 195/221/1 255/229/1 254/228/1
f 194/230/1 255/229/1 195/221/1
f 194/230/1 256/231/1 255/229/1
f 194/230/1 257/232/1 256/231/1
f 194/230/1 258/233/1 257/232/1
f 194/230/1 259/234/1 258/233/1
f 194/230/1 260/235/1 259/234/1
f 194/230/1 261/236/1 260/235/1
f 194/230/1 262/237/1 261/236/1
f 194/230/1 263/238/1 262/237/1
f 194/230/1 264/239/1 263/238/1
f 194/230/1 265/240/1 264/239/1
f 194/230/1 266/241/1 265/240/1
f 194/230/1 267/242/1 266/241/1
f 194/230/1 268/243/1 267/242/1
f 194/230/1 269/244/1 268/243/1
f 194/230/1 270/245/1 269/244/1
f 194/230/1 271/246/1 270/245/1
f 193/247/1 271/246/1 194/230/1
f 193/247/1 272/248/1 271/246/1
f 193/247/1 273/249/1 272/248/1
f 192/250/1 273/249/1 193/247/1
f 192/250/1 274/251/1 273/249/1
f 191/252/1 274/251/1 192/250/1
f 191/252/1 275/253/1 274/251/1
f 190/254/1 275/253/1 191/252/1
f 190/254/1 276/255/1 275/253/1
f 189/256/1 276/255/1 190/254/1
f 188/257/1 276/255/1 189/256/1
f 188/257/1 277/258/1 276/255/1
f 187/259/1 277/258/1 188/257/1
f 187/259/1 278/260/1 277/258/1
f 186/261/1 278/260/1 187/259/1
f 186/261/1 279/262/1 278/260/1
f 185/263/1 279/262/1 186/261/1
f 184/264/1 279/262/1 185/263/1
f 184/264/1 280/265/1 279/262/1
f 183/266/1 280/265/1 184/264/1
f 182/267/1 280/265/1 183/266/1
f 182/267/1 281/268/1 280/265/1
f 181/269/1 281/268/1 182/267/1
f 181/269/1 282/270/1 281/268/1
f 180/271/1 282/270/1 181/269/1
f 179/272/1 282/270/1 180/271/1
f 179/272/1 283/273/1 282/270/1
f 178/274/1 283/273/1 179/272/1
f 177/275/1 283/273/1 178/274/1
f 177/275/1 284/276/1 283/273/1
f 176/277/1 284/276/1 177/275/1
f 175/278/1 284/276/1 176/277/1
f 175/278/1 285/279/1 284/276/1
f 174/280/1 285/279/1 175/278/1
f 173/281/1 285/279/1 174/280/1
f 173/281/1 286/282/1 285/279/1
f 172/283/1 286/282/1 173/281/1
f 172/283/1 287/284/1 286/282/1
f 171/285/1 287/284/1 172/283/1
f 170/286/1 287/284/1 171/285/1
f 170/286/1 288/287/1 287/284/1
f 169/59/1 288/287/1 170/286/1
f 432/57/1 288/287/1 169/59/1
f 432/57/1 377/288/1 288/287/1
f 377/288/1 289/289/1 288/287/1
f 431/290/1 378/291/1 432/57/1
f 378/291/1 377/288/1 432/57/1
f 430/292/1 378/291/1 431/290/1
f 429/293/1 379/294/1 430/292/1
f 379/294/1 378/291/1 430/292/1
f 428/295/1 385/296/1 429/293/1
f 385/296/1 381/297/1 429/293/1
f 381/297/1 380/298/1 429/293/1
f 380/298/1 379/294/1 429/293/1
f 385/296/1 382/299/1 381/297/1
f 385/296/1 383/300/1 382/299/1
f 385/296/2 384/301/2 383/300/2
f 428/295/1 386/302/1 385/296/1
f 428/295/1 387/303/1 386/302/1
f 428/295/1 388/304/1 387/303/1
f 428/295/1 389/305/1 388/304/1
f 376/306/1 289/289/1 377/288/1
f 428/295/1 390/307/1 389/305/1
f 428/295/1 391/308/1 390/307/1
f 428/295/1 392/309/1 391/308/1
f 375/310/1 289/289/1 376/306/1
f 428/295/1 393/311/1 392/309/1
f 428/295/1 394/312/1 393/311/1
f 374/313/1 289/289/1 375/310/1
f 428/295/1 395/314/1 394/312/1
f 428/295/1 396/315/1 395/314/1
f 427/316/1 396/315/1 428/295/1
f 373/317/1 289/289/1 374/313/1
f 427/316/1 397/318/1 396/315/1
f 372/319/1 289/289/1 373/317/1
f 371/320/1 289/289/1 372/319/1
f 427/316/1 398/321/1 397/318/1
f 370/322/1 289/289/1 371/320/1
f 369/323/1 289/289/1 370/322/1
f 368/324/1 289/289/1 369/323/1
f 426/325/1 398/321/1 427/316/1
f 367/326/1 289/289/1 368/324/1
f 366/327/1 289/289/1 367/326/1
f 365/328/1 289/289/1 366/327/1
f 364/329/1 289/289/1 365/328/1
f 363/330/1 289/289/1 364/329/1
f 363/330/1 290/331/1 289/289/1
f 362/332/1 290/331/1 363/330/1
f 426/325/1 399/333/1 398/321/1
f 361/334/1 290/331/1 362/332/1
f 360/335/1 290/331/1 361/334/1
f 425/336/1 399/333/1 426/325/1
f 359/337/1 290/331/1 360/335/1
f 358/338/1 290/331/1 359/337/1
f 357/339/1 290/331/1 358/338/1
f 425/336/1 400/340/1 399/333/1
f 356/341/1 290/331/1 357/339/1
f 424/342/1 400/340/1 425/336/1
f 355/343/1 290/331/1 356/341/1
f 354/344/1 290/331/1 355/343/1
f 353/345/1 290/331/1 354/344/1
f 423/346/1 400/340/1 424/342/1
f 352/347/1 290/331/1 353/345/1
f 423/346/1 401/348/1 400/340/1
f 351/349/1 290/331/1 352/347/1
f 350/350/1 290/331/1 351/349/1
f 349/351/1 290/331/1 350/350/1
f 422/352/1 401/348/1 423/346/1
f 348/353/1 290/331/1 349/351/1
f 348/353/1 291/354/1 290/331/1
f 347/355/1 291/354/1 348/353/1
f 422/352/1 402/356/1 401/348/1
f 421/357/1 402/356/1 422/352/1
f 420/358/1 402/356/1 421/357/1
f 420/358/1 403/359/1 402/356/1
f 419/360/1 403/359/1 420/358/1
f 346/361/1 291/354/1 347/355/1
f 418/362/1 403/359/1 419/360/1
f 418/362/1 404/363/1 403/359/1
f 346/361/1 292/364/1 291/354/1
f 417/365/1 404/363/1 418/362/1
f 416/366/1 404/363/1 417/365/1
f 416/366/1 405/367/1 404/363/1
f 345/368/1 292/364/1 346/361/1
f 415/369/1 405/367/1 416/366/1
f 414/370/1 405/367/1 415/369/1
f 414/370/1 406/371/1 405/367/1
f 413/372/1 406/371/1 414/370/1
f 412/373/1 406/371/1 413/372/1
f 344/374/1 292/364/1 345/368/1
f 412/373/1 407/375/1 406/371/1
f 411/376/1 407/375/1 412/373/1
f 344/374/1 293/377/1 292/364/1
f 410/378/1 407/375/1 411/376/1
f 410/378/1 408/379/1 407/375/1
f 409/380/1 408/379/1 410/378/1
f 343/381/1 293/377/1 344/374/1
f 342/382/1 293/377/1 343/381/1
f 342/382/1 294/383/1 293/377/1
f 341/384/1 294/383/1 342/382/1
f 340/385/1 294/383/1 341/384/1
f 339/386/1 294/383/1 340/385/1
f 338/387/1 294/383/1 339/386/1
f 338/387/1 295/388/1 294/383/1
f 337/389/1 295/388/1 338/387/1
f 336/390/1 295/388/1 337/389/1
f 335/391/1 295/388/1 336/390/1
f 334/392/1 295/388/1 335/391/1
f 333/393/1 295/388/1 334/392/1
f 332/394/1 295/388/1 333/393/1
f 331/395/1 295/388/1 332/394/1
f 330/396/1 295/388/1 331/395/1
f 329/397/1 295/388/1 330/396/1
f 329/397/1 296/398/1 295/388/1
f 328/399/1 296/398/1 329/397/1
f 327/400/1 296/398/1 328/399/1
f 326/401/1 296/398/1 327/400/1
f 325/402/1 296/398/1 326/401/1
f 324/403/1 296/398/1 325/402/1
f 324/403/1 297/404/1 296/398/1
f 323/405/1 297/404/1 324/403/1
f 322/406/1 297/404/1 323/405/1
f 322/406/1 298/407/1 297/404/1
f 321/408/1 298/407/1 322/406/1
f 320/409/1 298/407/1 321/408/1
f 320/409/1 299/410/1 298/407/1
f 319/411/1 299/410/1 320/409/1
f 318/412/1 299/410/1 319/411/1
f 318/412/1 300/413/1 299/410/1
f 317/414/1 300/413/1 318/412/1
f 316/415/1 300/413/1 317/414/1
f 316/415/1 301/416/1 300/413/1
f 315/417/1 301/416/1 316/415/1
f 315/417/1 302/418/1 301/416/1
f 315/417/1 303/419/1 302/418/1
f 315/417/1 304/420/1 303/419/1
f 315/417/1 305/421/1 304/420/1
f 314/422/1 305/421/1 315/417/1
f 314/422/1 306/423/1 305/421/1
f 314/422/1 307/424/1 306/423/1
f 313/425/1 307/424/1 314/422/1
f 313/425/1 308/426/1 307/424/1
f 313/425/1 309/427/1 308/426/1
f 313/425/1 310/428/1 309/427/1
f 312/429/1 310/428/1 313/425/1
f 312/429/1 311/430/1 310/428/1
f 455/431/1 457/432/1 456/433/1
f 454/434/1 457/432/1 455/431/1
f 453/435/1 457/432/1 454/434/1
f 452/436/1 457/432/1 453/435/1
f 451/437/1 457/432/1 452/436/1
f 451/437/1 458/438/1 457/432/1
f 450/439/1 458/438/1 451/437/1
f 449/440/1 458/438/1 450/439/1
f 449/440/1 459/441/1 458/438/1
f 448/442/1 459/441/1 449/440/1
f 447/443/1 459/441/1 448/442/1
f 447/443/1 460/444/1 459/441/1
f 446/445/1 460/444/1 447/443/1
f 445/446/1 460/444/1 446/445/1
f 445/446/1 461/447/1 460/444/1
f 444/448/1 461/447/1 445/446/1
f 443/449/1 461/447/1 444/448/1
f 443/449/1 462/450/1 461/447/1
f 443/449/1 463/451/1 462/450/1
f 442/452/1 463/451/1 443/449/1
f 442/452/1 464/453/1 463/451/1
f 442/452/1 465/454/1 464/453/1
f 441/455/1 465/454/1 442/452/1
f 441/455/1 466/456/1 465/454/1
f 440/457/1 466/456/1 441/455/1
f 440/457/1 467/458/1 466/456/1
f 440/457/1 468/459/1 467/458/1
f 440/457/1 469/460/1 468/459/1
f 439/461/1 469/460/1 440/457/1
f 439/461/1 470/462/1 469/460/1
f 438/463/1 470/462/1 439/461/1
f 438/463/1 471/464/1 470/462/1
f 437/465/1 471/464/1 438/463/1
f 437/465/1 472/466/1 471/464/1
f 436/467/1 472/466/1 437/465/1
f 436/467/1 473/468/1 472/466/1
f 435/469/1 473/468/1 436/467/1
f 435/469/1 474/470/1 473/468/1
f 434/471/1 474/470/1 435/469/1
f 434/471/1 475/472/1 474/470/1
f 527/473/1 529/474/1 528/475/1
f 527/473/1 530/476/1 529/474/1
f 526/477/1 530/476/1 527/473/1
f 526/477/1 531/478/1 530/476/1
f 525/479/1 531/478/1 526/477/1
f 525/479/1 532/480/1 531/478/1
f 524/481/1 532/480/1 525/479/1
f 524/481/1 533/482/1 532/480/1
f 523/483/1 533/482/1 524/481/1
f 523/483/1 534/484/1 533/482/1
f 433/59/1 475/472/1 434/471/1
f 433/59/1 476/485/1 475/472/1
f 522/486/1 534/484/1 523/483/1
f 522/486/1 535/487/1 534/484/1
f 521/488/1 535/487/1 522/486/1
f 521/488/1 536/489/1 535/487/1
f 520/490/1 536/489/1 521/488/1
f 520/490/1 537/491/1 536/489/1
f 590/57/1 476/485/1 433/59/1
f 590/57/1 477/492/1 476/485/1
f 519/493/1 537/491/1 520/490/1
f 519/493/1 538/494/1 537/491/1
f 518/495/1 538/494/1 519/493/1
f 518/495/1 539/496/1 538/494/1
f 589/497/1 477/492/1 590/57/1
f 517/498/1 539/496/1 518/495/1
f 589/497/1 478/499/1 477/492/1
f 516/500/1 539/496/1 517/498/1
f 516/500/1 540/501/1 539/496/1
f 515/502/1 540/501/1 516/500/1
f 514/503/1 540/501/1 515/502/1
f 513/504/1 540/501/1 514/503/1
f 513/504/1 541/505/1 540/501/1
f 512/506/1 541/505/1 513/504/1
f 589/497/1 479/507/1 478/499/1
f 511/508/1 541/505/1 512/506/1
f 511/508/1 542/509/1 541/505/1
f 510/510/1 542/509/1 511/508/1
f 509/511/1 542/509/1 510/510/1
f 509/511/1 543/512/1 542/509/1
f 508/513/1 543/512/1 509/511/1
f 507/514/1 543/512/1 508/513/1
f 506/515/1 543/512/1 507/514/1
f 589/497/1 480/516/1 479/507/1
f 506/515/1 544/517/1 543/512/1
f 505/518/1 544/517/1 506/515/1
f 504/519/1 544/517/1 505/518/1
f 503/520/1 544/517/1 504/519/1
f 503/520/1 545/521/1 544/517/1
f 589/497/1 481/522/1 480/516/1
f 503/520/1 546/523/1 545/521/1
f 589/497/1 482/524/1 481/522/1
f 502/525/1 546/523/1 503/520/1
f 502/525/1 547/526/1 546/523/1
f 589/497/1 483/527/1 482/524/1
f 502/525/1 548/528/1 547/526/1
f 501/529/1 548/528/1 502/525/1
f 501/529/1 549/530/1 548/528/1
f 589/497/1 484/531/1 483/527/1
f 501/529/1 550/532/1 549/530/1
f 500/533/1 550/532/1 501/529/1
f 589/497/1 485/534/1 484/531/1
f 500/533/1 551/535/1 550/532/1
f 588/536/1 485/534/1 589/497/1
f 500/533/1 552/537/1 551/535/1
f 499/538/1 552/537/1 500/533/1
f 499/538/1 553/539/1 552/537/1
f 588/536/1 486/540/1 485/534/1
f 587/541/1 486/540/1 588/536/1
f 498/542/1 553/539/1 499/538/1
f 587/541/1 487/543/1 486/540/1
f 586/544/1 487/543/1 587/541/1
f 497/545/1 553/539/1 498/542/1
f 586/544/1 488/546/1 487/543/1
f 496/547/1 553/539/1 497/545/1
f 585/548/1 488/546/1 586/544/1
f 496/547/1 554/549/1 553/539/1
f 585/548/1 489/550/1 488/546/1
f 495/551/1 554/549/1 496/547/1
f 585/548/1 490/552/1 489/550/1
f 494/553/1 554/549/1 495/551/1
f 585/548/1 491/554/1 490/552/1
f 584/555/1 491/554/1 585/548/1
f 493/556/1 554/549/1 494/553/1
f 584/555/1 492/557/1 491/554/1
f 492/557/1 554/549/1 493/556/1
f 584/555/1 554/549/1 492/557/1
f 584/555/1 555/558/1 554/549/1
f 583/559/1 555/558/1 584/555/1
f 583/559/1 556/560/1 555/558/1
f 582/561/1 556/560/1 583/559/1
f 582/561/1 557/562/1 556/560/1
f 581/563/1 557/562/1 582/561/1
f 581/563/1 558/564/1 557/562/1
f 581/563/1 559/565/1 558/564/1
f 580/566/1 559/565/1 581/563/1
f 580/566/1 560/567/1 559/565/1
f 579/568/1 560/567/1 580/566/1
f 579/568/1 561/569/1 560/567/1
f 578/570/1 561/569/1 579/568/1
f 578/570/1 562/571/1 561/569/1
f 578/570/1 563/572/1 562/571/1
f 577/573/1 563/572/1 578/570/1
f 577/573/1 564/574/1 563/572/1
f 576/575/1 564/574/1 577/573/1
f 575/576/1 564/574/1 576/575/1
f 574/577/1 564/574/1 575/576/1
f 573/578/1 564/574/1 574/577/1
f 573/578/1 565/579/1 564/574/1
f 572/580/1 565/579/1 573/578/1
f 571/581/1 565/579/1 572/580/1
f 570/582/1 565/579/1 571/581/1
f 569/583/1 565/579/1 570/582/1
f 568/584/1 565/579/1 569/583/1
f 567/585/1 565/579/1 568/584/1
f 566/586/1 565/579/1 567/585/1
f 781/587/1 783/588/1 782/589/1
f 781/587/1 784/590/1 783/588/1
f 781/587/1 785/591/1 784/590/1
f 781/587/1 786/592/1 785/591/1
f 780/593/1 786/592/1 781/587/1
f 780/593/1 787/594/1 786/592/1
f 780/593/1 788/595/1 787/594/1
f 780/593/1 789/596/1 788/595/1
f 779/597/1 789/596/1 780/593/1
f 779/597/1 790/598/1 789/596/1
f 779/597/1 791/599/1 790/598/1
f 779/597/1 792/600/1 791/599/1
f 778/601/1 792/600/1 779/597/1
f 778/601/1 793/602/1 792/600/1
f 778/601/1 794/603/1 793/602/1
f 778/601/1 795/604/1 794/603/1
f 777/605/1 795/604/1 778/601/1
f 776/606/1 795/604/1 777/605/1
f 776/606/1 796/607/1 795/604/1
f 775/608/1 796/607/1 776/606/1
f 774/609/1 796/607/1 775/608/1
f 774/609/1 797/610/1 796/607/1
f 773/611/1 797/610/1 774/609/1
f 773/611/1 798/612/1 797/610/1
f 772/613/1 798/612/1 773/611/1
f 772/613/1 799/614/1 798/612/1
f 771/615/1 799/614/1 772/613/1
f 771/615/1 800/616/1 799/614/1
f 770/617/1 800/616/1 771/615/1
f 770/617/1 801/618/1 800/616/1
f 769/619/1 801/618/1 770/617/1
f 768/620/1 801/618/1 769/619/1
f 768/620/1 802/621/1 801/618/1
f 767/622/1 802/621/1 768/620/1
f 766/623/1 802/621/1 767/622/1
f 817/624/1 819/625/1 818/626/1
f 816/627/1 819/625/1 817/624/1
f 816/627/1 820/628/1 819/625/1
f 766/623/1 803/629/1 802/621/1
f 815/630/1 820/628/1 816/627/1
f 765/631/1 803/629/1 766/623/1
f 814/632/1 820/628/1 815/630/1
f 814/632/1 821/633/1 820/628/1
f 813/634/1 821/633/1 814/632/1
f 813/634/1 822/635/1 821/633/1
f 764/636/1 803/629/1 765/631/1
f 812/637/1 822/635/1 813/634/1
f 764/636/1 804/638/1 803/629/1
f 811/639/1 822/635/1 812/637/1
f 763/640/1 804/638/1 764/636/1
f 811/639/1 823/641/1 822/635/1
f 810/642/1 823/641/1 811/639/1
f 763/640/1 805/643/1 804/638/1
f 809/644/1 823/641/1 810/642/1
f 762/645/1 805/643/1 763/640/1
f 808/646/1 823/641/1 809/644/1
f 808/646/1 824/647/1 823/641/1
f 807/648/1 824/647/1 808/646/1
f 762/645/1 806/649/1 805/643/1
f 806/649/1 824/647/1 807/648/1
f 762/645/1 824/647/1 806/649/1
f 761/650/1 824/647/1 762/645/1
f 760/651/1 824/647/1 761/650/1
f 760/651/1 825/652/1 824/647/1
f 759/653/1 825/652/1 760/651/1
f 758/654/1 825/652/1 759/653/1
f 758/654/1 826/655/1 825/652/1
f 757/656/1 826/655/1 758/654/1
f 756/657/1 826/655/1 757/656/1
f 755/658/1 826/655/1 756/657/1
f 754/659/1 826/655/1 755/658/1
f 754/659/1 827/660/1 826/655/1
f 753/661/1 827/660/1 754/659/1
f 752/662/1 827/660/1 753/661/1
f 751/663/1 827/660/1 752/662/1
f 750/664/1 827/660/1 751/663/1
f 749/665/1 827/660/1 750/664/1
f 748/666/1 827/660/1 749/665/1
f 747/667/1 827/660/1 748/666/1
f 746/668/1 827/660/1 747/667/1
f 745/669/1 827/660/1 746/668/1
f 745/669/1 828/670/1 827/660/1
f 744/671/1 828/670/1 745/669/1
f 743/672/1 828/670/1 744/671/1
f 742/673/1 828/670/1 743/672/1
f 741/674/1 828/670/1 742/673/1
f 740/675/1 828/670/1 741/674/1
f 739/676/1 828/670/1 740/675/1
f 739/676/1 829/677/1 828/670/1
f 738/678/1 829/677/1 739/676/1
f 737/679/1 829/677/1 738/678/1
f 737/679/1 830/680/1 829/677/1
f 736/681/1 830/680/1 737/679/1
f 735/682/1 830/680/1 736/681/1
f 735/682/1 831/683/1 830/680/1
f 734/684/1 831/683/1 735/682/1
f 733/685/1 831/683/1 734/684/1
f 733/685/1 832/686/1 831/683/1
f 732/687/1 832/686/1 733/685/1
f 731/688/1 832/686/1 732/687/1
f 731/688/1 866/689/1 832/686/1
f 866/689/1 833/690/1 832/686/1
f 730/691/1 867/692/1 731/688/1
f 867/692/1 866/689/1 731/688/1
f 730/691/1 868/693/1 867/692/1
f 865/694/1 833/690/1 866/689/1
f 730/691/1 869/695/1 868/693/1
f 730/691/1 870/696/1 869/695/1
f 730/691/1 871/697/1 870/696/1
f 730/691/1 872/698/1 871/697/1
f 730/691/1 873/699/1 872/698/1
f 729/700/1 873/699/1 730/691/1
f 729/700/1 874/701/1 873/699/1
f 729/700/1 875/702/1 874/701/1
f 864/703/1 833/690/1 865/694/1
f 729/700/1 876/704/1 875/702/1
f 864/703/1 834/705/1 833/690/1
f 729/700/1 877/706/1 876/704/1
f 728/707/1 877/706/1 729/700/1
f 728/707/1 878/708/1 877/706/1
f 728/707/1 879/709/1 878/708/1
f 863/710/1 834/705/1 864/703/1
f 728/707/1 880/711/1 879/709/1
f 727/712/1 880/711/1 728/707/1
f 727/712/1 881/713/1 880/711/1
f 862/714/1 834/705/1 863/710/1
f 727/712/1 882/715/1 881/713/1
f 726/716/1 882/715/1 727/712/1
f 861/717/1 834/705/1 862/714/1
f 861/717/1 835/718/1 834/705/1
f 726/716/1 883/719/1 882/715/1
f 725/720/1 883/719/1 726/716/1
f 860/721/1 835/718/1 861/717/1
f 725/720/1 710/722/1 883/719/1
f 710/722/1 884/723/1 883/719/1
f 724/724/1 711/725/1 725/720/1
f 711/725/1 710/722/1 725/720/1
f 709/726/1 884/723/1 710/722/1
f 724/724/1 712/727/1 711/725/1
f 708/728/1 884/723/1 709/726/1
f 724/724/1 713/729/1 712/727/1
f 724/724/1 714/730/1 713/729/1
f 707/731/1 884/723/1 708/728/1
f 724/724/1 715/732/1 714/730/1
f 724/724/1 716/733/1 715/732/1
f 706/734/1 884/723/1 707/731/1
f 723/735/1 716/733/1 724/724/1
f 723/735/1 717/736/1 716/733/1
f 723/735/1 718/737/1 717/736/1
f 706/734/1 885/738/1 884/723/1
f 859/739/1 835/718/1 860/721/1
f 723/735/1 719/740/1 718/737/1
f 705/741/1 885/738/1 706/734/1
f 723/735/1 720/742/1 719/740/1
f 722/743/1 720/742/1 723/735/1
f 722/743/1 721/744/1 720/742/1
f 704/745/1 885/738/1 705/741/1
f 703/746/1 885/738/1 704/745/1
f 703/746/1 886/747/1 885/738/1
f 858/748/1 835/718/1 859/739/1
f 858/748/1 836/749/1 835/718/1
f 702/750/1 886/747/1 703/746/1
f 701/751/1 886/747/1 702/750/1
f 701/751/1 887/752/1 886/747/1
f 857/753/1 836/749/1 858/748/1
f 700/754/1 887/752/1 701/751/1
f 700/754/1 888/755/1 887/752/1
f 856/756/1 836/749/1 857/753/1
f 699/757/1 888/755/1 700/754/1
f 698/758/1 888/755/1 699/757/1
f 698/758/1 889/759/1 888/755/1
f 856/756/1 837/760/1 836/749/1
f 855/761/1 837/760/1 856/756/1
f 697/762/1 889/759/1 698/758/1
f 696/763/1 889/759/1 697/762/1
f 695/764/1 889/759/1 696/763/1
f 695/764/1 890/765/1 889/759/1
f 694/766/1 890/765/1 695/764/1
f 693/767/1 890/765/1 694/766/1
f 854/768/1 837/760/1 855/761/1
f 692/769/1 890/765/1 693/767/1
f 691/770/1 890/765/1 692/769/1
f 691/770/1 891/771/1 890/765/1
f 690/772/1 891/771/1 691/770/1
f 689/773/1 891/771/1 690/772/1
f 688/774/1 891/771/1 689/773/1
f 853/775/1 837/760/1 854/768/1
f 687/776/1 891/771/1 688/774/1
f 687/776/1 892/777/1 891/771/1
f 686/778/1 892/777/1 687/776/1
f 685/779/1 892/777/1 686/778/1
f 853/775/1 838/780/1 837/760/1
f 852/781/1 838/780/1 853/775/1
f 685/779/1 893/782/1 892/777/1
f 684/783/1 893/782/1 685/779/1
f 851/784/1 838/780/1 852/781/1
f 684/783/1 894/785/1 893/782/1
f 683/786/1 894/785/1 684/783/1
f 850/787/1 838/780/1 851/784/1
f 683/786/1 895/788/1 894/785/1
f 850/787/1 839/789/1 838/780/1
f 682/790/1 895/788/1 683/786/1
f 849/791/1 839/789/1 850/787/1
f 682/790/1 896/792/1 895/788/1
f 681/793/1 896/792/1 682/790/1
f 848/794/1 839/789/1 849/791/1
f 681/793/1 897/795/1 896/792/1
f 848/794/1 840/796/1 839/789/1
f 847/797/1 840/796/1 848/794/1
f 680/798/1 897/795/1 681/793/1
f 680/798/1 898/799/1 897/795/1
f 846/800/1 840/796/1 847/797/1
f 679/801/1 898/799/1 680/798/1
f 679/801/1 899/802/1 898/799/1
f 846/800/1 841/803/1 840/796/1
f 845/804/1 841/803/1 846/800/1
f 679/801/1 900/805/1 899/802/1
f 844/806/1 841/803/1 845/804/1
f 678/807/1 900/805/1 679/801/1
f 844/806/1 842/808/1 841/803/1
f 843/809/1 842/808/1 844/806/1
f 678/807/1 901/810/1 900/805/1
f 677/811/1 901/810/1 678/807/1
f 677/811/1 902/812/1 901/810/1
f 676/813/1 902/812/1 677/811/1
f 676/813/1 903/814/1 902/812/1
f 675/815/1 903/814/1 676/813/1
f 903/814/1 591/59/1 904/57/1
f 675/815/1 591/59/1 903/814/1
f 674/816/1 591/59/1 675/815/1
f 674/816/1 592/817/1 591/59/1
f 673/818/1 592/817/1 674/816/1
f 673/818/1 593/819/1 592/817/1
f 673/818/1 594/820/1 593/819/1
f 625/821/1 627/822/1 626/823/1
f 624/824/1 627/822/1 625/821/1
f 623/825/1 627/822/1 624/824/1
f 623/825/1 628/826/1 627/822/1
f 622/827/1 628/826/1 623/825/1
f 621/828/1 628/826/1 622/827/1
f 621/828/1 629/829/1 628/826/1
f 620/830/1 629/829/1 621/828/1
f 673/818/1 595/831/1 594/820/1
f 619/832/1 629/829/1 620/830/1
f 619/832/1 630/833/1 629/829/1
f 618/834/1 630/833/1 619/832/1
f 617/835/1 630/833/1 618/834/1
f 616/836/1 630/833/1 617/835/1
f 616/836/1 631/837/1 630/833/1
f 615/838/1 631/837/1 616/836/1
f 673/818/1 596/839/1 595/831/1
f 614/840/1 631/837/1 615/838/1
f 614/840/1 632/841/1 631/837/1
f 613/842/1 632/841/1 614/840/1
f 612/843/1 632/841/1 613/842/1
f 673/818/1 597/844/1 596/839/1
f 611/845/1 632/841/1 612/843/1
f 611/845/1 633/846/1 632/841/1
f 610/847/1 633/846/1 611/845/1
f 609/848/1 633/846/1 610/847/1
f 673/818/1 598/849/1 597/844/1
f 608/850/1 633/846/1 609/848/1
f 607/851/1 633/846/1 608/850/1
f 673/818/1 599/852/1 598/849/1
f 606/853/1 633/846/1 607/851/1
f 606/853/1 634/854/1 633/846/1
f 605/855/1 634/854/1 606/853/1
f 673/818/1 600/856/1 599/852/1
f 604/857/1 634/854/1 605/855/1
f 673/818/1 601/858/1 600/856/1
f 603/859/1 634/854/1 604/857/1
f 602/860/1 634/854/1 603/859/1
f 673/818/1 602/860/1 601/858/1
f 673/818/1 634/854/1 602/860/1
f 672/861/1 634/854/1 673/818/1
f 672/861/1 635/862/1 634/854/1
f 672/861/1 636/863/1 635/862/1
f 672/861/1 637/864/1 636/863/1
f 672/861/1 638/865/1 637/864/1
f 671/866/1 638/865/1 672/861/1
f 671/866/1 639/867/1 638/865/1
f 671/866/1 640/868/1 639/867/1
f 671/866/1 641/869/1 640/868/1
f 671/866/1 642/870/1 641/869/1
f 670/871/1 642/870/1 671/866/1
f 670/871/1 643/872/1 642/870/1
f 670/871/1 644/873/1 643/872/1
f 670/871/1 645/874/1 644/873/1
f 670/871/1 646/875/1 645/874/1
f 669/876/1 646/875/1 670/871/1
f 669/876/1 647/877/1 646/875/1
f 669/876/1 648/878/1 647/877/1
f 669/876/1 649/879/1 648/878/1
f 668/880/1 649/879/1 669/876/1
f 668/880/1 650/881/1 649/879/1
f 668/880/1 651/882/1 650/881/1
f 667/883/1 651/882/1 668/880/1
f 667/883/1 652/884/1 651/882/1
f 667/883/1 653/885/1 652/884/1
f 666/886/1 653/885/1 667/883/1
f 666/886/1 654/887/1 653/885/1
f 666/886/1 655/888/1 654/887/1
f 665/889/1 655/888/1 666/886/1
f 665/889/1 656/890/1 655/888/1
f 664/891/1 656/890/1 665/889/1
f 664/891/1 657/892/1 656/890/1
f 664/891/1 658/893/1 657/892/1
f 663/894/1 658/893/1 664/891/1
f 663/894/1 659/895/1 658/893/1
f 663/894/1 660/896/1 659/895/1
f 662/897/1 660/896/1 663/894/1
f 662/897/1 661/898/1 660/896/1
f 1203/899/1 1205/900/1 1204/901/1
f 1202/902/1 1205/900/1 1203/899/1
f 1201/903/1 1205/900/1 1202/902/1
f 1201/903/1 1206/904/1 1205/900/1
f 1200/905/1 1206/904/1 1201/903/1
f 1263/906/1 1217/907/1 1264/57/1
f 1199/908/1 1206/904/1 1200/905/1
f 1262/909/1 1217/907/1 1263/906/1
f 1261/910/1 1217/907/1 1262/909/1
f 1261/910/1 1218/911/1 1217/907/1
f 1199/908/1 1207/912/1 1206/904/1
f 1198/913/1 1207/912/1 1199/908/1
f 1260/914/1 1218/911/1 1261/910/1
f 1259/915/1 1218/911/1 1260/914/1
f 1259/915/1 1219/916/1 1218/911/1
f 1197/917/1 1207/912/1 1198/913/1
f 1258/918/1 1219/916/1 1259/915/1
f 1197/917/1 1208/919/1 1207/912/1
f 1196/920/1 1208/919/1 1197/917/1
f 1257/921/1 1219/916/1 1258/918/1
f 1257/921/1 1220/922/1 1219/916/1
f 1195/923/1 1208/919/1 1196/920/1
f 1256/924/1 1220/922/1 1257/921/1
f 1195/923/1 1209/925/1 1208/919/1
f 1194/926/1 1209/925/1 1195/923/1
f 1255/927/1 1220/922/1 1256/924/1
f 1255/927/1 1221/928/1 1220/922/1
f 1254/929/1 1221/928/1 1255/927/1
f 1193/930/1 1209/925/1 1194/926/1
f 1253/931/1 1221/928/1 1254/929/1
f 1193/930/1 1210/932/1 1209/925/1
f 1192/933/1 1210/932/1 1193/930/1
f 1253/931/1 1222/934/1 1221/928/1
f 1252/935/1 1222/934/1 1253/931/1
f 1191/936/1 1210/932/1 1192/933/1
f 1251/937/1 1222/934/1 1252/935/1
f 1191/936/1 1211/938/1 1210/932/1
f 1251/937/1 1223/939/1 1222/934/1
f 1190/940/1 1211/938/1 1191/936/1
f 1250/941/1 1223/939/1 1251/937/1
f 1189/942/1 1211/938/1 1190/940/1
f 1250/941/1 1224/943/1 1223/939/1
f 1189/942/1 1212/944/1 1211/938/1
f 1249/945/1 1224/943/1 1250/941/1
f 1188/946/1 1212/944/1 1189/942/1
f 1248/947/1 1224/943/1 1249/945/1
f 1248/947/1 1225/948/1 1224/943/1
f 1188/946/1 1213/949/1 1212/944/1
f 1187/950/1 1213/949/1 1188/946/1
f 1247/951/1 1225/948/1 1248/947/1
f 1247/951/1 1226/952/1 1225/948/1
f 1187/950/1 1214/953/1 1213/949/1
f 1186/954/1 1214/953/1 1187/950/1
f 1247/951/1 1227/955/1 1226/952/1
f 1186/954/1 1215/956/1 1214/953/1
f 1246/957/1 1227/955/1 1247/951/1
f 1185/958/1 1215/956/1 1186/954/1
f 1185/958/1 1216/959/1 1215/956/1
f 1246/957/1 1228/960/1 1227/955/1
f 1245/961/1 1228/960/1 1246/957/1
f 1185/958/1 1169/962/1 1216/959/1
f 1245/961/1 1229/963/1 1228/960/1
f 1184/964/1 1169/962/1 1185/958/1
f 1184/964/1 1170/965/1 1169/962/1
f 1245/961/1 1230/966/1 1229/963/1
f 1244/967/1 1230/966/1 1245/961/1
f 1184/964/1 1171/968/1 1170/965/1
f 1244/967/1 1231/969/1 1230/966/1
f 1183/970/1 1171/968/1 1184/964/1
f 1183/970/1 1172/971/1 1171/968/1
f 1244/967/1 1232/972/1 1231/969/1
f 1183/970/1 1173/973/1 1172/971/1
f 1243/974/1 1232/972/1 1244/967/1
f 1243/974/1 1233/975/1 1232/972/1
f 1183/970/1 1174/976/1 1173/973/1
f 1182/977/1 1174/976/1 1183/970/1
f 1182/977/1 1175/978/1 1174/976/1
f 1243/974/1 1234/979/1 1233/975/1
f 1242/980/1 1234/979/1 1243/974/1
f 1182/977/1 1176/981/1 1175/978/1
f 1181/982/1 1176/981/1 1182/977/1
f 1242/980/1 1235/983/1 1234/979/1
f 1181/982/1 1177/984/1 1176/981/1
f 1181/982/1 1178/985/1 1177/984/1
f 1242/980/1 1236/986/1 1235/983/1
f 1180/987/1 1178/985/1 1181/982/1
f 1180/987/1 1179/988/1 1178/985/1
f 1241/989/1 1236/986/1 1242/980/1
f 1241/989/1 1237/990/1 1236/986/1
f 1241/989/1 1238/991/1 1237/990/1
f 1240/992/1 1238/991/1 1241/989/1
f 1240/992/1 1239/993/1 1238/991/1
f 915/994/1 917/995/1 916/996/1
f 915/994/1 918/997/1 917/995/1
f 915/994/1 919/998/1 918/997/1
f 914/999/1 919/998/1 915/994/1
f 914/999/1 920/1000/1 919/998/1
f 914/999/1 921/1001/1 920/1000/1
f 913/1002/1 921/1001/1 914/999/1
f 913/1002/1 922/1003/1 921/1001/1
f 913/1002/1 923/1004/1 922/1003/1
f 912/1005/1 923/1004/1 913/1002/1
f 912/1005/1 924/1006/1 923/1004/1
f 911/1007/1 924/1006/1 912/1005/1
f 911/1007/1 925/1008/1 924/1006/1
f 910/1009/1 925/1008/1 911/1007/1
f 910/1009/1 926/1010/1 925/1008/1
f 909/1011/1 926/1010/1 910/1009/1
f 909/1011/1 927/1012/1 926/1010/1
f 908/1013/1 927/1012/1 909/1011/1
f 908/1013/1 928/1014/1 927/1012/1
f 907/1015/1 928/1014/1 908/1013/1
f 907/1015/1 929/1016/1 928/1014/1
f 906/1017/1 929/1016/1 907/1015/1
f 906/1017/1 930/1018/1 929/1016/1
f 906/1017/1 931/1019/1 930/1018/1
f 905/59/1 931/1019/1 906/1017/1
f 952/1020/1 931/1019/1 905/59/1
f 952/1020/1 932/1021/1 931/1019/1
f 951/1022/1 932/1021/1 952/1020/1
f 951/1022/1 933/1023/1 932/1021/1
f 950/1024/1 933/1023/1 951/1022/1
f 950/1024/1 934/1025/1 933/1023/1
f 949/1026/1 934/1025/1 950/1024/1
f 948/1027/1 934/1025/1 949/1026/1
f 948/1027/1 935/1028/1 934/1025/1
f 1011/1029/1 1013/1030/1 1012/1031/1
f 1010/1032/1 1013/1030/1 1011/1029/1
f 1010/1032/1 1014/1033/1 1013/1030/1
f 1009/1034/1 1014/1033/1 1010/1032/1
f 1009/1034/1 1015/1035/1 1014/1033/1
f 1008/1036/1 1015/1035/1 1009/1034/1
f 947/1037/1 935/1028/1 948/1027/1
f 1008/1036/1 1016/1038/1 1015/1035/1
f 1007/1039/1 1016/1038/1 1008/1036/1
f 1007/1039/1 1017/1040/1 1016/1038/1
f 1006/1041/1 1017/1040/1 1007/1039/1
f 947/1037/1 936/1042/1 935/1028/1
f 1005/1043/1 1017/1040/1 1006/1041/1
f 1005/1043/1 1018/1044/1 1017/1040/1
f 946/1045/1 936/1042/1 947/1037/1
f 1004/1046/1 1018/1044/1 1005/1043/1
f 1004/1046/1 1019/1047/1 1018/1044/1
f 1003/1048/1 1019/1047/1 1004/1046/1
f 946/1045/1 937/1049/1 936/1042/1
f 945/1050/1 937/1049/1 946/1045/1
f 1002/1051/1 1019/1047/1 1003/1048/1
f 1002/1051/1 1020/1052/1 1019/1047/1
f 944/1053/1 937/1049/1 945/1050/1
f 944/1053/1 938/1054/1 937/1049/1
f 1001/1055/1 1020/1052/1 1002/1051/1
f 943/1056/1 938/1054/1 944/1053/1
f 1001/1055/1 1021/1057/1 1020/1052/1
f 943/1056/1 939/1058/1 938/1054/1
f 1000/1059/1 1021/1057/1 1001/1055/1
f 942/1060/1 939/1058/1 943/1056/1
f 941/1061/1 939/1058/1 942/1060/1
f 941/1061/1 940/1062/1 939/1058/1
f 999/1063/1 1021/1057/1 1000/1059/1
f 999/1063/1 1022/1064/1 1021/1057/1
f 998/1065/1 1022/1064/1 999/1063/1
f 997/1066/1 1022/1064/1 998/1065/1
f 997/1066/1 1023/1067/1 1022/1064/1
f 996/1068/1 1023/1067/1 997/1066/1
f 995/1069/1 1023/1067/1 996/1068/1
f 994/1070/1 1023/1067/1 995/1069/1
f 1155/1071/1 1157/1072/1 1156/1073/1
f 1155/1071/1 1158/1074/1 1157/1072/1
f 994/1070/1 1024/1075/1 1023/1067/1
f 1154/1076/1 1158/1074/1 1155/1071/1
f 1154/1076/1 1159/1077/1 1158/1074/1
f 993/1078/1 1024/1075/1 994/1070/1
f 1154/1076/1 1160/1079/1 1159/1077/1
f 1153/1080/1 1160/1079/1 1154/1076/1
f 1153/1080/1 1161/1081/1 1160/1079/1
f 992/1082/1 1024/1075/1 993/1078/1
f 1152/1083/1 1161/1081/1 1153/1080/1
f 1152/1083/1 1162/1084/1 1161/1081/1
f 991/1085/1 1024/1075/1 992/1082/1
f 991/1085/1 1025/1086/1 1024/1075/1
f 990/1087/1 1025/1086/1 991/1085/1
f 1152/1083/1 1163/1088/1 1162/1084/1
f 1151/1089/1 1163/1088/1 1152/1083/1
f 989/1090/1 1025/1086/1 990/1087/1
f 989/1090/1 1026/1091/1 1025/1086/1
f 988/1092/1 1026/1091/1 989/1090/1
f 1151/1089/1 1164/1093/1 1163/1088/1
f 1150/1094/1 1164/1093/1 1151/1089/1
f 987/1095/1 1026/1091/1 988/1092/1
f 987/1095/1 1027/1096/1 1026/1091/1
f 1150/1094/1 1165/1097/1 1164/1093/1
f 1149/1098/1 1165/1097/1 1150/1094/1
f 987/1095/1 1028/1099/1 1027/1096/1
f 1149/1098/1 1166/1100/1 1165/1097/1
f 1148/1101/1 1166/1100/1 1149/1098/1
f 987/1095/1 1029/1102/1 1028/1099/1
f 986/1103/1 1029/1102/1 987/1095/1
f 986/1103/1 1030/1104/1 1029/1102/1
f 1147/1105/1 1166/1100/1 1148/1101/1
f 1147/1105/1 1167/1106/1 1166/1100/1
f 986/1103/1 1031/1107/1 1030/1104/1
f 1146/1108/1 1167/1106/1 1147/1105/1
f 985/1109/1 1031/1107/1 986/1103/1
f 1146/1108/1 1168/1110/1 1167/1106/1
f 985/1109/1 1032/1111/1 1031/1107/1
f 1145/1112/1 1168/1110/1 1146/1108/1
f 985/1109/1 1033/1113/1 1032/1111/1
f 985/1109/1 1034/1114/1 1033/1113/1
f 1144/1115/1 1168/1110/1 1145/1112/1
f 1144/1115/1 1085/1116/1 1168/1110/1
f 984/1117/1 1034/1114/1 985/1109/1
f 984/1117/1 1035/1118/1 1034/1114/1
f 1143/1119/1 1085/1116/1 1144/1115/1
f 1143/1119/1 1086/1120/1 1085/1116/1
f 1142/1121/1 1086/1120/1 1143/1119/1
f 984/1117/1 1036/1122/1 1035/1118/1
f 1141/1123/1 1086/1120/1 1142/1121/1
f 1141/1123/1 1087/1124/1 1086/1120/1
f 1140/1125/1 1087/1124/1 1141/1123/1
f 984/1117/1 1037/1126/1 1036/1122/1
f 983/1127/1 1037/1126/1 984/1117/1
f 1139/1128/1 1087/1124/1 1140/1125/1
f 1138/1129/1 1087/1124/1 1139/1128/1
f 1137/1130/1 1087/1124/1 1138/1129/1
f 1137/1130/1 1088/1131/1 1087/1124/1
f 1136/1132/1 1088/1131/1 1137/1130/1
f 1135/1133/1 1088/1131/1 1136/1132/1
f 1134/1134/1 1088/1131/1 1135/1133/1
f 1133/1135/1 1088/1131/1 1134/1134/1
f 1133/1135/1 1089/1136/1 1088/1131/1
f 982/1137/1 1037/1126/1 983/1127/1
f 1132/1138/1 1089/1136/1 1133/1135/1
f 1131/1139/1 1089/1136/1 1132/1138/1
f 1130/1140/1 1089/1136/1 1131/1139/1
f 1129/1141/1 1089/1136/1 1130/1140/1
f 1128/1142/1 1089/1136/1 1129/1141/1
f 1127/1143/1 1089/1136/1 1128/1142/1
f 1127/1143/1 1090/1144/1 1089/1136/1
f 1126/1145/1 1090/1144/1 1127/1143/1
f 1125/1146/1 1090/1144/1 1126/1145/1
f 1124/1147/1 1090/1144/1 1125/1146/1
f 1123/1148/1 1090/1144/1 1124/1147/1
f 1122/1149/1 1090/1144/1 1123/1148/1
f 1121/1150/1 1090/1144/1 1122/1149/1
f 1120/1151/1 1090/1144/1 1121/1150/1
f 1119/1152/1 1090/1144/1 1120/1151/1
f 1118/1153/1 1090/1144/1 1119/1152/1
f 981/1154/1 1037/1126/1 982/1137/1
f 1118/1153/1 1091/1155/1 1090/1144/1
f 1117/1156/1 1091/1155/1 1118/1153/1
f 1116/1157/1 1091/1155/1 1117/1156/1
f 1115/1158/1 1091/1155/1 1116/1157/1
f 1114/1159/1 1091/1155/1 1115/1158/1
f 1113/1160/1 1091/1155/1 1114/1159/1
f 1113/1160/1 1092/1161/1 1091/1155/1
f 1112/1162/1 1092/1161/1 1113/1160/1
f 1111/1163/1 1092/1161/1 1112/1162/1
f 1110/1164/1 1092/1161/1 1111/1163/1
f 1109/1165/1 1092/1161/1 1110/1164/1
f 981/1154/1 1038/1166/1 1037/1126/1
f 1109/1165/1 1093/1167/1 1092/1161/1
f 1108/1168/1 1093/1167/1 1109/1165/1
f 980/1169/1 1038/1166/1 981/1154/1
f 1107/1170/1 1093/1167/1 1108/1168/1
f 1106/1171/1 1093/1167/1 1107/1170/1
f 1106/1171/1 1094/1172/1 1093/1167/1
f 1105/1173/1 1094/1172/1 1106/1171/1
f 1104/1174/1 1094/1172/1 1105/1173/1
f 1103/1175/1 1094/1172/1 1104/1174/1
f 1102/1176/1 1094/1172/1 1103/1175/1
f 1102/1176/1 1095/1177/1 1094/1172/1
f 1101/1178/1 1095/1177/1 1102/1176/1
f 1100/1179/1 1095/1177/1 1101/1178/1
f 1099/1180/1 1095/1177/1 1100/1179/1
f 1099/1180/1 1096/1181/1 1095/1177/1
f 1098/1182/1 1096/1181/1 1099/1180/1
f 1097/1183/1 1096/1181/1 1098/1182/1
f 979/1184/1 1038/1166/1 980/1169/1
f 978/1185/1 1038/1166/1 979/1184/1
f 977/1186/1 1038/1166/1 978/1185/1
f 977/1186/1 1039/1187/1 1038/1166/1
f 976/1188/1 1039/1187/1 977/1186/1
f 975/1189/1 1039/1187/1 976/1188/1
f 974/1190/1 1039/1187/1 975/1189/1
f 974/1190/1 1040/1191/1 1039/1187/1
f 973/1192/1 1040/1191/1 974/1190/1
f 972/1193/1 1040/1191/1 973/1192/1
f 971/1194/1 1040/1191/1 972/1193/1
f 970/1195/1 1040/1191/1 971/1194/1
f 970/1195/1 1041/1196/1 1040/1191/1
f 969/1197/1 1041/1196/1 970/1195/1
f 968/1198/1 1041/1196/1 969/1197/1
f 967/1199/1 1041/1196/1 968/1198/1
f 966/1200/1 1041/1196/1 967/1199/1
f 965/1201/1 1041/1196/1 966/1200/1
f 964/1202/1 1041/1196/1 965/1201/1
f 963/1203/1 1041/1196/1 964/1202/1
f 962/1204/1 1041/1196/1 963/1203/1
f 961/1205/1 1041/1196/1 962/1204/1
f 961/1205/1 1042/1206/1 1041/1196/1
f 960/1207/1 1042/1206/1 961/1205/1
f 959/1208/1 1042/1206/1 960/1207/1
f 958/1209/1 1042/1206/1 959/1208/1
f 957/1210/1 1042/1206/1 958/1209/1
f 956/1211/1 1042/1206/1 957/1210/1
f 955/1212/1 1042/1206/1 956/1211/1
f 954/1213/1 1042/1206/1 955/1212/1
f 953/1214/1 1042/1206/1 954/1213/1
f 1084/1215/1 1042/1206/1 953/1214/1
f 1083/1216/1 1042/1206/1 1084/1215/1
f 1082/1217/1 1042/1206/1 1083/1216/1
f 1081/1218/1 1042/1206/1 1082/1217/1
f 1080/1219/1 1042/1206/1 1081/1218/1
f 1079/1220/1 1042/1206/1 1080/1219/1
f 1078/1221/1 1042/1206/1 1079/1220/1
f 1077/1222/1 1042/1206/1 1078/1221/1
f 1077/1222/1 1043/1223/1 1042/1206/1
f 1076/1224/1 1043/1223/1 1077/1222/1
f 1075/1225/1 1043/1223/1 1076/1224/1
f 1074/1226/1 1043/1223/1 1075/1225/1
f 1073/1227/1 1043/1223/1 1074/1226/1
f 1072/1228/1 1043/1223/1 1073/1227/1
f 1071/1229/1 1043/1223/1 1072/1228/1
f 1071/1229/1 1044/1230/1 1043/1223/1
f 1070/1231/1 1044/1230/1 1071/1229/1
f 1069/1232/1 1044/1230/1 1070/1231/1
f 1069/1232/1 1045/1233/1 1044/1230/1
f 1068/1234/1 1045/1233/1 1069/1232/1
f 1067/1235/1 1045/1233/1 1068/1234/1
f 1067/1235/1 1046/1236/1 1045/1233/1
f 1066/1237/1 1046/1236/1 1067/1235/1
f 1066/1237/1 1047/1238/1 1046/1236/1
f 1065/1239/1 1047/1238/1 1066/1237/1
f 1064/1240/1 1047/1238/1 1065/1239/1
f 1064/1240/1 1048/1241/1 1047/1238/1
f 1063/1242/1 1048/1241/1 1064/1240/1
f 1063/1242/1 1049/1243/1 1048/1241/1
f 1063/1242/1 1050/1244/1 1049/1243/1
f 1062/1245/1 1050/1244/1 1063/1242/1
f 1062/1245/1 1051/1246/1 1050/1244/1
f 1062/1245/1 1052/1247/1 1051/1246/1
f 1062/1245/1 1053/1248/1 1052/1247/1
f 1061/1249/1 1053/1248/1 1062/1245/1
f 1061/1249/1 1054/1250/1 1053/1248/1
f 1061/1249/1 1055/1251/1 1054/1250/1
f 1061/1249/1 1056/1252/1 1055/1251/1
f 1061/1249/1 1057/1253/1 1056/1252/1
f 1060/1254/1 1057/1253/1 1061/1249/1
f 1060/1254/1 1058/1255/1 1057/1253/1
f 1060/1254/1 1059/1256/1 1058/1255/1
f 1348/1257/1 1350/1258/1 1349/1259/1
f 1275/1260/1 1277/1261/1 1276/1262/1
f 1348/1257/1 1351/1263/1 1350/1258/1
f 1274/1264/1 1277/1261/1 1275/1260/1
f 1274/1264/1 1278/1265/1 1277/1261/1
f 1348/1257/1 1352/1266/1 1351/1263/1
f 1273/1267/1 1278/1265/1 1274/1264/1
f 1347/1268/1 1352/1266/1 1348/1257/1
f 1347/1268/1 1353/1269/1 1352/1266/1
f 1272/1270/1 1278/1265/1 1273/1267/1
f 1272/1270/1 1279/1271/1 1278/1265/1
f 1347/1268/1 1354/1272/1 1353/1269/1
f 1271/1273/1 1279/1271/1 1272/1270/1
f 1347/1268/1 1355/1274/1 1354/1272/1
f 1270/1275/1 1279/1271/1 1271/1273/1
f 1347/1268/1 1356/1276/1 1355/1274/1
f 1269/1277/1 1279/1271/1 1270/1275/1
f 1269/1277/1 1280/1278/1 1279/1271/1
f 1347/1268/1 1357/1279/1 1356/1276/1
f 1268/1280/1 1280/1278/1 1269/1277/1
f 1346/1281/1 1357/1279/1 1347/1268/1
f 1346/1281/1 1358/1282/1 1357/1279/1
f 1267/1283/1 1280/1278/1 1268/1280/1
f 1346/1281/1 1359/1284/1 1358/1282/1
f 1266/1285/1 1280/1278/1 1267/1283/1
f 1346/1281/1 1360/1286/1 1359/1284/1
f 1265/59/1 1280/1278/1 1266/1285/1
f 1346/1281/1 1361/1287/1 1360/1286/1
f 1362/57/1 1280/1278/1 1265/59/1
f 1346/1281/1 1362/57/1 1361/1287/1
f 1346/1281/1 1280/1278/1 1362/57/1
f 1346/1281/1 1281/1288/1 1280/1278/1
f 1346/1281/1 1282/1289/1 1281/1288/1
f 1345/1290/1 1282/1289/1 1346/1281/1
f 1345/1290/1 1283/1291/1 1282/1289/1
f 1345/1290/1 1284/1292/1 1283/1291/1
f 1345/1290/1 1285/1293/1 1284/1292/1
f 1344/1294/1 1285/1293/1 1345/1290/1
f 1344/1294/1 1286/1295/1 1285/1293/1
f 1344/1294/1 1287/1296/1 1286/1295/1
f 1344/1294/1 1288/1297/1 1287/1296/1
f 1343/1298/1 1288/1297/1 1344/1294/1
f 1343/1298/1 1289/1299/1 1288/1297/1
f 1343/1298/1 1290/1300/1 1289/1299/1
f 1342/1301/1 1290/1300/1 1343/1298/1
f 1342/1301/1 1291/1302/1 1290/1300/1
f 1342/1301/1 1292/1303/1 1291/1302/1
f 1341/1304/1 1292/1303/1 1342/1301/1
f 1341/1304/1 1293/1305/1 1292/1303/1
f 1341/1304/1 1294/1306/1 1293/1305/1
f 1340/1307/1 1294/1306/1 1341/1304/1
f 1340/1307/1 1295/1308/1 1294/1306/1
f 1340/1307/1 1296/1309/1 1295/1308/1
f 1339/1310/1 1296/1309/1 1340/1307/1
f 1339/1310/1 1297/1311/1 1296/1309/1
f 1338/1312/1 1297/1311/1 1339/1310/1
f 1338/1312/1 1298/1313/1 1297/1311/1
f 1338/1312/1 1299/1314/1 1298/1313/1
f 1337/1315/1 1299/1314/1 1338/1312/1
f 1337/1315/1 1300/1316/1 1299/1314/1
f 1336/1317/1 1300/1316/1 1337/1315/1
f 1336/1317/1 1301/1318/1 1300/1316/1
f 1336/1317/1 1302/1319/1 1301/1318/1
f 1335/1320/1 1302/1319/1 1336/1317/1
f 1335/1320/1 1303/1321/1 1302/1319/1
f 1334/1322/1 1303/1321/1 1335/1320/1
f 1334/1322/1 1304/1323/1 1303/1321/1
f 1333/1324/1 1304/1323/1 1334/1322/1
f 1333/1324/1 1305/1325/1 1304/1323/1
f 1332/1326/1 1305/1325/1 1333/1324/1
f 1332/1326/1 1306/1327/1 1305/1325/1
f 1331/1328/1 1306/1327/1 1332/1326/1
f 1331/1328/1 1307/1329/1 1306/1327/1
f 1330/1330/1 1307/1329/1 1331/1328/1
f 1330/1330/1 1308/1331/1 1307/1329/1
f 1329/1332/1 1308/1331/1 1330/1330/1
f 1329/1332/1 1309/1333/1 1308/1331/1
f 1328/1334/1 1309/1333/1 1329/1332/1
f 1327/1335/1 1325/1336/1 1328/1334/1
f 1325/1336/1 1324/1337/1 1328/1334/1
f 1324/1337/1 1309/1333/1 1328/1334/1
f 1327/1335/1 1326/1338/1 1325/1336/1
f 1323/1339/1 1309/1333/1 1324/1337/1
f 1322/1340/1 1309/1333/1 1323/1339/1
f 1321/1341/1 1309/1333/1 1322/1340/1
f 1321/1341/1 1310/1342/1 1309/1333/1
f 1320/1343/1 1310/1342/1 1321/1341/1
f 1319/1344/1 1310/1342/1 1320/1343/1
f 1318/1345/1 1310/1342/1 1319/1344/1
f 1317/1346/1 1310/1342/1 1318/1345/1
f 1316/1347/1 1310/1342/1 1317/1346/1
f 1316/1347/1 1311/1348/1 1310/1342/1
f 1315/1349/1 1311/1348/1 1316/1347/1
f 1314/1350/1 1311/1348/1 1315/1349/1
f 1313/1351/1 1311/1348/1 1314/1350/1
f 1313/1351/1 1312/1352/1 1311/1348/1
f 1616/1353/1 1618/57/1 1617/1354/1
f 1616/1353/1 1545/1355/1 1618/57/1
f 1615/1356/1 1545/1355/1 1616/1353/1
f 1615/1356/1 1546/1357/1 1545/1355/1
f 1614/1358/1 1546/1357/1 1615/1356/1
f 1614/1358/1 1547/1359/1 1546/1357/1
f 1614/1358/1 1548/1360/1 1547/1359/1
f 1613/1361/1 1548/1360/1 1614/1358/1
f 1613/1361/1 1549/1362/1 1548/1360/1
f 1612/1363/1 1549/1362/1 1613/1361/1
f 1612/1363/1 1550/1364/1 1549/1362/1
f 1611/1365/1 1550/1364/1 1612/1363/1
f 1611/1365/1 1551/1366/1 1550/1364/1
f 1610/1367/1 1551/1366/1 1611/1365/1
f 1610/1367/1 1552/1368/1 1551/1366/1
f 1609/1369/1 1552/1368/1 1610/1367/1
f 1609/1369/1 1553/1370/1 1552/1368/1
f 1608/1371/1 1553/1370/1 1609/1369/1
f 1608/1371/1 1554/1372/1 1553/1370/1
f 1608/1371/1 1555/1373/1 1554/1372/1
f 1607/1374/1 1555/1373/1 1608/1371/1
f 1607/1374/1 1556/1375/1 1555/1373/1
f 1606/1376/1 1556/1375/1 1607/1374/1
f 1606/1376/1 1557/1377/1 1556/1375/1
f 1605/1378/1 1557/1377/1 1606/1376/1
f 1605/1378/1 1558/1379/1 1557/1377/1
f 1605/1378/1 1559/1380/1 1558/1379/1
f 1604/1381/1 1559/1380/1 1605/1378/1
f 1604/1381/1 1560/1382/1 1559/1380/1
f 1603/1383/1 1560/1382/1 1604/1381/1
f 1602/1384/1 1560/1382/1 1603/1383/1
f 1602/1384/1 1561/1385/1 1560/1382/1
f 1601/1386/1 1561/1385/1 1602/1384/1
f 1601/1386/1 1562/1387/1 1561/1385/1
f 1600/1388/1 1562/1387/1 1601/1386/1
f 1600/1388/1 1563/1389/1 1562/1387/1
f 1599/1390/1 1563/1389/1 1600/1388/1
f 1599/1390/1 1564/1391/1 1563/1389/1
f 1598/1392/1 1564/1391/1 1599/1390/1
f 1597/1393/1 1564/1391/1 1598/1392/1
f 1597/1393/1 1565/1394/1 1564/1391/1
f 1596/1395/1 1565/1394/1 1597/1393/1
f 1596/1395/1 1566/1396/1 1565/1394/1
f 1595/1397/1 1566/1396/1 1596/1395/1
f 1594/1398/1 1566/1396/1 1595/1397/1
f 1594/1398/1 1567/1399/1 1566/1396/1
f 1593/1400/1 1567/1399/1 1594/1398/1
f 1593/1400/1 1568/1401/1 1567/1399/1
f 1592/1402/1 1568/1401/1 1593/1400/1
f 1592/1402/1 1569/1403/1 1568/1401/1
f 1591/1404/1 1569/1403/1 1592/1402/1
f 1591/1404/1 1570/1405/1 1569/1403/1
f 1590/1406/1 1570/1405/1 1591/1404/1
f 1590/1406/1 1571/1407/1 1570/1405/1
f 1589/1408/1 1571/1407/1 1590/1406/1
f 1589/1408/1 1572/1409/1 1571/1407/1
f 1589/1408/1 1573/1410/1 1572/1409/1
f 1588/1411/1 1573/1410/1 1589/1408/1
f 1588/1411/1 1574/1412/1 1573/1410/1
f 1587/1413/1 1574/1412/1 1588/1411/1
f 1587/1413/1 1575/1414/1 1574/1412/1
f 1586/1415/1 1575/1414/1 1587/1413/1
f 1586/1415/1 1576/1416/1 1575/1414/1
f 1585/1417/1 1576/1416/1 1586/1415/1
f 1585/1417/1 1577/1418/1 1576/1416/1
f 1584/1419/1 1577/1418/1 1585/1417/1
f 1584/1419/1 1578/1420/1 1577/1418/1
f 1583/1421/1 1578/1420/1 1584/1419/1
f 1583/1421/1 1579/1422/1 1578/1420/1
f 1582/1423/1 1579/1422/1 1583/1421/1
f 1582/1423/1 1580/1424/1 1579/1422/1
f 1581/1425/1 1580/1424/1 1582/1423/1
f 1542/1426/1 1544/1427/1 1543/1428/1
f 1542/1426/1 1363/59/1 1544/1427/1
f 1542/1426/1 1364/1429/1 1363/59/1
f 1541/1430/1 1364/1429/1 1542/1426/1
f 1541/1430/1 1365/1431/1 1364/1429/1
f 1540/1432/1 1365/1431/1 1541/1430/1
f 1539/1433/1 1365/1431/1 1540/1432/1
f 1539/1433/1 1366/1434/1 1365/1431/1
f 1538/1435/1 1366/1434/1 1539/1433/1
f 1538/1435/1 1367/1436/1 1366/1434/1
f 1537/1437/1 1367/1436/1 1538/1435/1
f 1537/1437/1 1368/1438/1 1367/1436/1
f 1536/1439/1 1368/1438/1 1537/1437/1
f 1536/1439/1 1369/1440/1 1368/1438/1
f 1535/1441/1 1369/1440/1 1536/1439/1
f 1535/1441/1 1370/1442/1 1369/1440/1
f 1534/1443/1 1370/1442/1 1535/1441/1
f 1534/1443/1 1371/1444/1 1370/1442/1
f 1533/1445/1 1371/1444/1 1534/1443/1
f 1533/1445/1 1372/1446/1 1371/1444/1
f 1532/1447/1 1372/1446/1 1533/1445/1
f 1532/1447/1 1373/1448/1 1372/1446/1
f 1531/1449/1 1373/1448/1 1532/1447/1
f 1531/1449/1 1374/1450/1 1373/1448/1
f 1530/1451/1 1374/1450/1 1531/1449/1
f 1529/1452/1 1374/1450/1 1530/1451/1
f 1528/1453/1 1374/1450/1 1529/1452/1
f 1528/1453/1 1375/1454/1 1374/1450/1
f 1527/1455/1 1375/1454/1 1528/1453/1
f 1527/1455/1 1376/1456/1 1375/1454/1
f 1526/1457/1 1376/1456/1 1527/1455/1
f 1526/1457/1 1377/1458/1 1376/1456/1
f 1525/1459/1 1377/1458/1 1526/1457/1
f 1525/1459/1 1378/1460/1 1377/1458/1
f 1524/1461/1 1378/1460/1 1525/1459/1
f 1524/1461/1 1379/1462/1 1378/1460/1
f 1523/1463/1 1379/1462/1 1524/1461/1
f 1523/1463/1 1380/1464/1 1379/1462/1
f 1522/1465/1 1380/1464/1 1523/1463/1
f 1522/1465/1 1381/1466/1 1380/1464/1
f 1521/1467/1 1381/1466/1 1522/1465/1
f 1521/1467/1 1382/1468/1 1381/1466/1
f 1520/1469/1 1382/1468/1 1521/1467/1
f 1520/1469/1 1383/1470/1 1382/1468/1
f 1520/1469/1 1384/1471/1 1383/1470/1
f 1519/1472/1 1384/1471/1 1520/1469/1
f 1519/1472/1 1385/1473/1 1384/1471/1
f 1518/1474/1 1385/1473/1 1519/1472/1
f 1518/1474/1 1386/1475/1 1385/1473/1
f 1517/1476/1 1386/1475/1 1518/1474/1
f 1517/1476/1 1387/1477/1 1386/1475/1
f 1516/1478/1 1387/1477/1 1517/1476/1
f 1516/1478/1 1388/1479/1 1387/1477/1
f 1515/1480/1 1388/1479/1 1516/1478/1
f 1515/1480/1 1389/1481/1 1388/1479/1
f 1514/1482/1 1389/1481/1 1515/1480/1
f 1514/1482/1 1390/1483/1 1389/1481/1
f 1514/1482/1 1391/1484/1 1390/1483/1
f 1513/1485/1 1391/1484/1 1514/1482/1
f 1513/1485/1 1392/1486/1 1391/1484/1
f 1512/1487/1 1392/1486/1 1513/1485/1
f 1512/1487/1 1393/1488/1 1392/1486/1
f 1511/1489/1 1393/1488/1 1512/1487/1
f 1511/1489/1 1394/1490/1 1393/1488/1
f 1510/1491/1 1394/1490/1 1511/1489/1
f 1510/1491/1 1395/1492/1 1394/1490/1
f 1509/1493/1 1395/1492/1 1510/1491/1
f 1509/1493/1 1396/1494/1 1395/1492/1
f 1509/1493/1 1397/1495/1 1396/1494/1
f 1508/1496/1 1397/1495/1 1509/1493/1
f 1508/1496/1 1398/1497/1 1397/1495/1
f 1507/1498/1 1398/1497/1 1508/1496/1
f 1507/1498/1 1399/1499/1 1398/1497/1
f 1506/1500/1 1399/1499/1 1507/1498/1
f 1506/1500/1 1400/1501/1 1399/1499/1
f 1505/1502/1 1400/1501/1 1506/1500/1
f 1505/1502/1 1401/1503/1 1400/1501/1
f 1504/1504/1 1401/1503/1 1505/1502/1
f 1504/1504/1 1402/1505/1 1401/1503/1
f 1503/1506/1 1402/1505/1 1504/1504/1
f 1503/1506/1 1403/1507/1 1402/1505/1
f 1502/1508/1 1403/1507/1 1503/1506/1
f 1502/1508/1 1404/1509/1 1403/1507/1
f 1502/1508/1 1405/1510/1 1404/1509/1
f 1501/1511/1 1405/1510/1 1502/1508/1
f 1501/1511/1 1406/1512/1 1405/1510/1
f 1501/1511/1 1407/1513/1 1406/1512/1
f 1501/1511/1 1408/1514/1 1407/1513/1
f 1501/1511/1 1410/1515/1 1408/1514/1
f 1410/1515/1 1409/1516/1 1408/1514/1
f 1501/1511/1 1411/1517/1 1410/1515/1
f 1500/1518/1 1411/1517/1 1501/1511/1
f 1500/1518/1 1412/1519/1 1411/1517/1
f 1500/1518/1 1413/1520/1 1412/1519/1
f 1500/1518/1 1414/1521/1 1413/1520/1
f 1499/1522/1 1483/1523/1 1500/1518/1
f 1483/1523/1 1482/1524/1 1500/1518/1
f 1482/1524/1 1414/1521/1 1500/1518/1
f 1482/1524/1 1415/1525/1 1414/1521/1
f 1481/1526/1 1415/1525/1 1482/1524/1
f 1499/1522/1 1484/1527/1 1483/1523/1
f 1480/1528/1 1415/1525/1 1481/1526/1
f 1499/1522/1 1485/1529/1 1484/1527/1
f 1499/1522/1 1486/1530/1 1485/1529/1
f 1479/1531/1 1415/1525/1 1480/1528/1
f 1499/1522/1 1487/1532/1 1486/1530/1
f 1498/1533/1 1487/1532/1 1499/1522/1
f 1498/1533/1 1488/1534/1 1487/1532/1
f 1498/1533/1 1489/1535/1 1488/1534/1
f 1478/1536/1 1415/1525/1 1479/1531/1
f 1478/1536/1 1416/1537/1 1415/1525/1
f 1498/1533/1 1490/1538/1 1489/1535/1
f 1497/1539/1 1490/1538/1 1498/1533/1
f 1497/1539/1 1491/1540/1 1490/1538/1
f 1497/1539/1 1492/1541/1 1491/1540/1
f 1496/1542/1 1492/1541/1 1497/1539/1
f 1496/1542/1 1493/1543/1 1492/1541/1
f 1496/1542/1 1494/1544/1 1493/1543/1
f 1477/1545/1 1416/1537/1 1478/1536/1
f 1495/1546/1 1494/1544/1 1496/1542/1
f 1477/1545/1 1417/1547/1 1416/1537/1
f 1476/1548/1 1417/1547/1 1477/1545/1
f 1475/1549/1 1417/1547/1 1476/1548/1
f 1475/1549/1 1418/1550/1 1417/1547/1
f 1474/1551/1 1418/1550/1 1475/1549/1
f 1474/1551/1 1419/1552/1 1418/1550/1
f 1473/1553/1 1419/1552/1 1474/1551/1
f 1473/1553/1 1420/1554/1 1419/1552/1
f 1472/1555/1 1420/1554/1 1473/1553/1
f 1472/1555/1 1421/1556/1 1420/1554/1
f 1471/1557/1 1421/1556/1 1472/1555/1
f 1471/1557/1 1422/1558/1 1421/1556/1
f 1470/1559/1 1422/1558/1 1471/1557/1
f 1470/1559/1 1423/1560/1 1422/1558/1
f 1470/1559/1 1424/1561/1 1423/1560/1
f 1470/1559/1 1425/1562/1 1424/1561/1
f 1470/1559/1 1426/1563/1 1425/1562/1
f 1469/1564/1 1426/1563/1 1470/1559/1
f 1469/1564/1 1427/1565/1 1426/1563/1
f 1469/1564/1 1428/1566/1 1427/1565/1
f 1469/1564/1 1429/1567/1 1428/1566/1
f 1468/1568/1 1429/1567/1 1469/1564/1
f 1468/1568/1 1430/1569/1 1429/1567/1
f 1468/1568/1 1431/1570/1 1430/1569/1
f 1467/1571/1 1431/1570/1 1468/1568/1
f 1467/1571/1 1432/1572/1 1431/1570/1
f 1466/1573/1 1432/1572/1 1467/1571/1
f 1466/1573/1 1433/1574/1 1432/1572/1
f 1466/1573/1 1434/1575/1 1433/1574/1
f 1465/1576/1 1434/1575/1 1466/1573/1
f 1465/1576/1 1435/1577/1 1434/1575/1
f 1464/1578/1 1435/1577/1 1465/1576/1
f 1464/1578/1 1436/1579/1 1435/1577/1
f 1463/1580/1 1436/1579/1 1464/1578/1
f 1463/1580/1 1437/1581/1 1436/1579/1
f 1462/1582/1 1437/1581/1 1463/1580/1
f 1461/1583/1 1437/1581/1 1462/1582/1
f 1461/1583/1 1438/1584/1 1437/1581/1
f 1460/1585/1 1438/1584/1 1461/1583/1
f 1459/1586/1 1438/1584/1 1460/1585/1
f 1459/1586/1 1439/1587/1 1438/1584/1
f 1458/1588/1 1439/1587/1 1459/1586/1
f 1457/1589/1 1439/1587/1 1458/1588/1
f 1457/1589/1 1440/1590/1 1439/1587/1
f 1456/1591/1 1440/1590/1 1457/1589/1
f 1456/1591/1 1441/1592/1 1440/1590/1
f 1455/1593/1 1441/1592/1 1456/1591/1
f 1455/1593/1 1442/1594/1 1441/1592/1
f 1454/1595/1 1442/1594/1 1455/1593/1
f 1453/1596/1 1442/1594/1 1454/1595/1
f 1453/1596/1 1443/1597/1 1442/1594/1
f 1452/1598/1 1443/1597/1 1453/1596/1
f 1452/1598/1 1444/1599/1 1443/1597/1
f 1451/1600/1 1444/1599/1 1452/1598/1
f 1450/1601/1 1444/1599/1 1451/1600/1
f 1450/1601/1 1445/1602/1 1444/1599/1
f 1449/1603/1 1445/1602/1 1450/1601/1
f 1449/1603/1 1446/1604/1 1445/1602/1
f 1448/1605/1 1446/1604/1 1449/1603/1
f 1448/1605/1 1447/1606/1 1446/1604/1
f 1798/1607/1 1800/57/1 1799/1608/1
f 1798/1607/1 1619/59/1 1800/57/1
f 1798/1607/1 1620/1609/1 1619/59/1
f 1797/1610/1 1620/1609/1 1798/1607/1
f 1797/1610/1 1621/1611/1 1620/1609/1
f 1796/1612/1 1621/1611/1 1797/1610/1
f 1796/1612/1 1622/1613/1 1621/1611/1
f 1795/1614/1 1622/1613/1 1796/1612/1
f 1795/1614/1 1623/1615/1 1622/1613/1
f 1794/1616/1 1623/1615/1 1795/1614/1
f 1794/1616/1 1624/1617/1 1623/1615/1
f 1793/1618/1 1624/1617/1 1794/1616/1
f 1792/1619/1 1624/1617/1 1793/1618/1
f 1792/1619/1 1625/1620/1 1624/1617/1
f 1791/1621/1 1625/1620/1 1792/1619/1
f 1791/1621/1 1626/1622/1 1625/1620/1
f 1790/1623/1 1626/1622/1 1791/1621/1
f 1790/1623/1 1627/1624/1 1626/1622/1
f 1789/1625/1 1627/1624/1 1790/1623/1
f 1788/1626/1 1627/1624/1 1789/1625/1
f 1788/1626/1 1628/1627/1 1627/1624/1
f 1787/1628/1 1628/1627/1 1788/1626/1
f 1787/1628/1 1629/1629/1 1628/1627/1
f 1786/1630/1 1629/1629/1 1787/1628/1
f 1786/1630/1 1630/1631/1 1629/1629/1
f 1785/1632/1 1630/1631/1 1786/1630/1
f 1784/1633/1 1630/1631/1 1785/1632/1
f 1784/1633/1 1631/1634/1 1630/1631/1
f 1783/1635/1 1631/1634/1 1784/1633/1
f 1783/1635/1 1632/1636/1 1631/1634/1
f 1782/1637/1 1632/1636/1 1783/1635/1
f 1782/1637/1 1633/1638/1 1632/1636/1
f 1781/1639/1 1633/1638/1 1782/1637/1
f 1781/1639/1 1634/1640/1 1633/1638/1
f 1780/1641/1 1634/1640/1 1781/1639/1
f 1780/1641/1 1635/1642/1 1634/1640/1
f 1779/1643/1 1635/1642/1 1780/1641/1
f 1779/1643/1 1636/1644/1 1635/1642/1
f 1778/1645/1 1636/1644/1 1779/1643/1
f 1778/1645/1 1637/1646/1 1636/1644/1
f 1777/1647/1 1637/1646/1 1778/1645/1
f 1777/1647/1 1638/1648/1 1637/1646/1
f 1776/1649/1 1638/1648/1 1777/1647/1
f 1776/1649/1 1639/1650/1 1638/1648/1
f 1775/1651/1 1639/1650/1 1776/1649/1
f 1775/1651/1 1640/1652/1 1639/1650/1
f 1774/1653/1 1640/1652/1 1775/1651/1
f 1774/1653/1 1641/1654/1 1640/1652/1
f 1773/1655/1 1641/1654/1 1774/1653/1
f 1773/1655/1 1642/1656/1 1641/1654/1
f 1773/1655/1 1643/1657/1 1642/1656/1
f 1772/1658/1 1643/1657/1 1773/1655/1
f 1771/1659/1 1643/1657/1 1772/1658/1
f 1770/1660/1 1643/1657/1 1771/1659/1
f 1769/1661/1 1643/1657/1 1770/1660/1
f 1769/1661/1 1749/1662/1 1643/1657/1
f 1749/1662/1 1748/1663/1 1643/1657/1
f 1748/1663/1 1644/1664/1 1643/1657/1
f 1768/1665/1 1750/1666/1 1769/1661/1
f 1750/1666/1 1749/1662/1 1769/1661/1
f 1767/1667/1 1751/1668/1 1768/1665/1
f 1751/1668/1 1750/1666/1 1768/1665/1
f 1767/1667/1 1752/1669/1 1751/1668/1
f 1767/1667/1 1753/1670/1 1752/1669/1
f 1767/1667/1 1754/1671/1 1753/1670/1
f 1766/1672/1 1754/1671/1 1767/1667/1
f 1766/1672/1 1755/1673/1 1754/1671/1
f 1747/1674/1 1644/1664/1 1748/1663/1
f 1766/1672/1 1756/1675/1 1755/1673/1
f 1766/1672/1 1757/1676/1 1756/1675/1
f 1766/1672/1 1758/1677/1 1757/1676/1
f 1746/1678/1 1644/1664/1 1747/1674/1
f 1765/1679/1 1758/1677/1 1766/1672/1
f 1765/1679/1 1759/1680/1 1758/1677/1
f 1765/1679/1 1760/1681/1 1759/1680/1
f 1764/1682/1 1760/1681/1 1765/1679/1
f 1764/1682/1 1761/1683/1 1760/1681/1
f 1764/1682/1 1762/1684/1 1761/1683/1
f 1763/1685/1 1762/1684/1 1764/1682/1
f 1745/1686/1 1644/1664/1 1746/1678/1
f 1744/1687/1 1644/1664/1 1745/1686/1
f 1743/1688/1 1644/1664/1 1744/1687/1
f 1742/1689/1 1644/1664/1 1743/1688/1
f 1742/1689/1 1645/1690/1 1644/1664/1
f 1741/1691/1 1645/1690/1 1742/1689/1
f 1740/1692/1 1645/1690/1 1741/1691/1
f 1739/1693/1 1645/1690/1 1740/1692/1
f 1739/1693/1 1646/1694/1 1645/1690/1
f 1738/1695/1 1646/1694/1 1739/1693/1
f 1738/1695/1 1647/1696/1 1646/1694/1
f 1737/1697/1 1647/1696/1 1738/1695/1
f 1737/1697/1 1648/1698/1 1647/1696/1
f 1736/1699/1 1648/1698/1 1737/1697/1
f 1736/1699/1 1649/1700/1 1648/1698/1
f 1735/1701/1 1649/1700/1 1736/1699/1
f 1735/1701/1 1650/1702/1 1649/1700/1
f 1735/1701/1 1651/1703/1 1650/1702/1
f 1734/1704/1 1651/1703/1 1735/1701/1
f 1734/1704/1 1652/1705/1 1651/1703/1
f 1734/1704/1 1653/1706/1 1652/1705/1
f 1733/1707/1 1653/1706/1 1734/1704/1
f 1733/1707/1 1654/1708/1 1653/1706/1
f 1733/1707/1 1655/1709/1 1654/1708/1
f 1732/1710/1 1655/1709/1 1733/1707/1
f 1732/1710/1 1656/1711/1 1655/1709/1
f 1732/1710/1 1657/1712/1 1656/1711/1
f 1731/1713/1 1657/1712/1 1732/1710/1
f 1731/1713/1 1658/1714/1 1657/1712/1
f 1730/1715/1 1658/1714/1 1731/1713/1
f 1730/1715/1 1659/1716/1 1658/1714/1
f 1730/1715/1 1660/1717/1 1659/1716/1
f 1729/1718/1 1660/1717/1 1730/1715/1
f 1729/1718/1 1661/1719/1 1660/1717/1
f 1728/1720/1 1661/1719/1 1729/1718/1
f 1728/1720/1 1662/1721/1 1661/1719/1
f 1727/1722/1 1662/1721/1 1728/1720/1
f 1727/1722/1 1663/1723/1 1662/1721/1
f 1725/1724/1 1727/1722/1 1726/1725/1
f 1725/1724/1 1663/1723/1 1727/1722/1
f 1724/1726/1 1663/1723/1 1725/1724/1
f 1723/1727/1 1663/1723/1 1724/1726/1
f 1723/1727/1 1690/1728/1 1663/1723/1
f 1690/1728/1 1664/1729/1 1663/1723/1
f 1723/1727/1 1691/1730/1 1690/1728/1
f 1689/1731/1 1664/1729/1 1690/1728/1
f 1722/1732/1 1691/1730/1 1723/1727/1
f 1688/1733/1 1664/1729/1 1689/1731/1
f 1722/1732/1 1692/1734/1 1691/1730/1
f 1721/1735/1 1692/1734/1 1722/1732/1
f 1687/1736/1 1664/1729/1 1688/1733/1
f 1721/1735/1 1693/1737/1 1692/1734/1
f 1720/1738/1 1693/1737/1 1721/1735/1
f 1687/1736/1 1665/1739/1 1664/1729/1
f 1719/1740/1 1693/1737/1 1720/1738/1
f 1686/1741/1 1665/1739/1 1687/1736/1
f 1719/1740/1 1694/1742/1 1693/1737/1
f 1718/1743/1 1694/1742/1 1719/1740/1
f 1686/1741/1 1666/1744/1 1665/1739/1
f 1717/1745/1 1694/1742/1 1718/1743/1
f 1716/1746/1 1694/1742/1 1717/1745/1
f 1685/1747/1 1666/1744/1 1686/1741/1
f 1716/1746/1 1695/1748/1 1694/1742/1
f 1685/1747/1 1667/1749/1 1666/1744/1
f 1715/1750/1 1695/1748/1 1716/1746/1
f 1714/1751/1 1695/1748/1 1715/1750/1
f 1685/1747/1 1668/1752/1 1667/1749/1
f 1713/1753/1 1695/1748/1 1714/1751/1
f 1684/1754/1 1668/1752/1 1685/1747/1
f 1713/1753/1 1696/1755/1 1695/1748/1
f 1684/1754/1 1669/1756/1 1668/1752/1
f 1712/1757/1 1696/1755/1 1713/1753/1
f 1684/1754/1 1670/1758/1 1669/1756/1
f 1683/1759/1 1670/1758/1 1684/1754/1
f 1711/1760/1 1696/1755/1 1712/1757/1
f 1711/1760/1 1697/1761/1 1696/1755/1
f 1710/1762/1 1697/1761/1 1711/1760/1
f 1683/1759/1 1671/1763/1 1670/1758/1
f 1682/1764/1 1671/1763/1 1683/1759/1
f 1710/1762/1 1698/1765/1 1697/1761/1
f 1709/1766/1 1698/1765/1 1710/1762/1
f 1682/1764/1 1672/1767/1 1671/1763/1
f 1708/1768/1 1698/1765/1 1709/1766/1
f 1682/1764/1 1673/1769/1 1672/1767/1
f 1681/1770/1 1673/1769/1 1682/1764/1
f 1708/1768/1 1699/1771/1 1698/1765/1
f 1707/1772/1 1699/1771/1 1708/1768/1
f 1681/1770/1 1674/1773/1 1673/1769/1
f 1680/1774/1 1674/1773/1 1681/1770/1
f 1706/1775/1 1699/1771/1 1707/1772/1
f 1706/1775/1 1700/1776/1 1699/1771/1
f 1680/1774/1 1675/1777/1 1674/1773/1
f 1705/1778/1 1700/1776/1 1706/1775/1
f 1680/1774/1 1676/1779/1 1675/1777/1
f 1679/1780/1 1676/1779/1 1680/1774/1
f 1705/1778/1 1701/1781/1 1700/1776/1
f 1704/1782/1 1701/1781/1 1705/1778/1
f 1679/1780/1 1677/1783/1 1676/1779/1
f 1678/1784/1 1677/1783/1 1679/1780/1
f 1703/1785/1 1701/1781/1 1704/1782/1
f 1703/1785/1 1702/1786/1 1701/1781/1
f 1931/1/3 1932/3/3 1933/2/3
f 1930/4/3 1931/1/3 1933/2/3
f 1929/5/3 1930/4/3 1933/2/3
f 1928/6/3 1929/5/3 1933/2/3
f 1928/6/3 1933/2/3 1934/7/3
f 1927/8/3 1928/6/3 1934/7/3
f 1926/9/3 1927/8/3 1934/7/3
f 1926/9/3 1934/7/3 1935/10/3
f 1925/11/3 1926/9/3 1935/10/3
f 1924/12/3 1925/11/3 1935/10/3
f 1924/12/3 1935/10/3 1936/13/3
f 1923/14/3 1924/12/3 1936/13/3
f 1923/14/3 1936/13/3 1937/15/3
f 1922/16/3 1923/14/3 1937/15/3
f 1921/17/3 1922/16/3 1937/15/3
f 1921/17/3 1937/15/3 1938/18/3
f 1920/19/3 1921/17/3 1938/18/3
f 1920/19/3 1938/18/3 1939/20/3
f 1919/21/3 1920/19/3 1939/20/3
f 1919/21/3 1939/20/3 1940/22/3
f 1919/21/3 1940/22/3 1941/23/3
f 1918/24/3 1919/21/3 1941/23/3
f 1918/24/3 1941/23/3 1942/25/3
f 1918/24/3 1942/25/3 1943/26/3
f 1918/24/3 1943/26/3 1944/27/3
f 1917/28/3 1918/24/3 1944/27/3
f 1917/28/3 1944/27/3 1945/29/3
f 1917/28/3 1945/29/3 1946/30/3
f 1917/28/3 1946/30/3 1947/31/3
f 1917/28/3 1947/31/3 1948/32/3
f 1916/33/3 1917/28/3 1948/32/3
f 1916/33/3 1948/32/3 1949/34/3
f 1916/33/3 1949/34/3 1950/35/3
f 1916/33/3 1950/35/3 1951/36/3
f 1916/33/3 1951/36/3 1952/37/3
f 1916/33/3 1952/37/3 1953/38/3
f 1915/39/3 1916/33/3 1953/38/3
f 1915/39/3 1953/38/3 1954/40/3
f 1915/39/3 1954/40/3 1955/41/3
f 1915/39/3 1955/41/3 1956/42/3
f 1915/39/3 1956/42/3 1957/43/3
f 1914/44/3 1915/39/3 1957/43/3
f 1914/44/3 1957/43/3 1958/45/3
f 1914/44/3 1958/45/3 1959/46/3
f 1913/47/3 1914/44/3 1959/46/3
f 1913/47/3 1959/46/3 1960/48/3
f 1913/47/3 1960/48/3 1961/49/3
f 1913/47/3 1961/49/3 1962/50/3
f 1912/51/3 1913/47/3 1962/50/3
f 1912/51/3 1962/50/3 1963/52/3
f 1912/51/3 1963/52/3 1964/53/3
f 1912/51/3 1964/53/3 1965/54/3
f 1912/51/3 1965/54/3 1966/55/3
f 1912/51/3 1966/55/3 1967/56/3
f 1912/51/3 1967/56/3 1968/57/3
f 1911/58/3 1912/51/3 1968/57/3
f 1911/58/3 1968/57/3 1801/59/3
f 1911/58/3 1801/59/3 1802/60/3
f 1911/58/3 1802/60/3 1803/61/3
f 1911/58/3 1803/61/3 1804/62/3
f 1911/58/3 1804/62/3 1805/63/3
f 1911/58/3 1805/63/3 1806/64/3
f 1911/58/3 1806/64/3 1807/65/3
f 1910/66/3 1911/58/3 1807/65/3
f 1910/66/3 1807/65/3 1808/67/3
f 1910/66/3 1808/67/3 1809/68/3
f 1910/66/3 1809/68/3 1810/69/3
f 1910/66/3 1810/69/3 1811/70/3
f 1909/71/3 1910/66/3 1811/70/3
f 1909/71/3 1811/70/3 1812/72/3
f 1909/71/3 1812/72/3 1813/73/3
f 1909/71/3 1813/73/3 1814/74/3
f 1909/71/3 1814/74/3 1815/75/3
f 1908/76/3 1909/71/3 1815/75/3
f 1908/76/3 1815/75/3 1816/77/3
f 1908/76/3 1816/77/3 1817/78/3
f 1908/76/3 1817/78/3 1818/79/3
f 1908/76/3 1818/79/3 1819/80/3
f 1907/81/3 1908/76/3 1819/80/3
f 1907/81/3 1819/80/3 1820/82/3
f 1907/81/3 1820/82/3 1821/83/3
f 1907/81/3 1821/83/3 1822/84/3
f 1907/81/3 1822/84/3 1823/85/3
f 1906/86/3 1907/81/3 1823/85/3
f 1906/86/3 1823/85/3 1824/87/3
f 1906/86/3 1824/87/3 1825/88/3
f 1906/86/3 1825/88/3 1826/89/3
f 1905/90/3 1906/86/3 1848/91/3
f 1848/91/3 1906/86/3 1826/89/3
f 1848/91/3 1826/89/3 1827/92/3
f 1905/90/3 1848/91/3 1849/93/3
f 1847/94/3 1848/91/3 1827/92/3
f 1846/95/3 1847/94/3 1827/92/3
f 1905/90/3 1849/93/3 1850/96/3
f 1845/97/3 1846/95/3 1827/92/3
f 1905/90/3 1850/96/3 1851/98/3
f 1845/97/3 1827/92/3 1828/99/3
f 1844/100/3 1845/97/3 1828/99/3
f 1905/90/3 1851/98/3 1852/101/3
f 1844/100/3 1828/99/3 1829/102/3
f 1843/103/3 1844/100/3 1829/102/3
f 1904/104/3 1905/90/3 1852/101/3
f 1904/104/3 1852/101/3 1853/105/3
f 1842/106/3 1843/103/3 1829/102/3
f 1842/106/3 1829/102/3 1830/107/3
f 1904/104/3 1853/105/3 1854/108/3
f 1841/109/3 1842/106/3 1830/107/3
f 1841/109/3 1830/107/3 1831/110/3
f 1840/111/3 1841/109/3 1831/110/3
f 1840/111/3 1831/110/3 1832/112/3
f 1904/104/3 1854/108/3 1855/113/3
f 1903/114/3 1904/104/3 1855/113/3
f 1839/115/3 1840/111/3 1832/112/3
f 1839/115/3 1832/112/3 1833/116/3
f 1838/117/3 1839/115/3 1833/116/3
f 1903/114/3 1855/113/3 1856/118/3
f 1838/117/3 1833/116/3 1834/119/3
f 1837/120/3 1838/117/3 1834/119/3
f 1837/120/3 1834/119/3 1835/121/3
f 1837/120/3 1835/121/3 1836/122/3
f 1903/114/3 1856/118/3 1857/123/3
f 1902/124/3 1903/114/3 1857/123/3
f 1902/124/3 1857/123/3 1858/125/3
f 1902/124/3 1858/125/3 1859/126/3
f 1902/124/3 1859/126/3 1860/127/3
f 1901/128/3 1902/124/3 1860/127/3
f 1901/128/3 1860/127/3 1861/129/3
f 1901/128/3 1861/129/3 1862/130/3
f 1901/128/3 1862/130/3 1863/131/3
f 1901/128/3 1863/131/3 1864/132/3
f 1900/133/3 1901/128/3 1864/132/3
f 1900/133/3 1864/132/3 1865/134/3
f 1900/133/3 1865/134/3 1866/135/3
f 1900/133/3 1866/135/3 1867/136/3
f 1899/137/3 1900/133/3 1867/136/3
f 1899/137/3 1867/136/3 1868/138/3
f 1899/137/3 1868/138/3 1869/139/3
f 1899/137/3 1869/139/3 1870/140/3
f 1899/137/3 1870/140/3 1871/141/3
f 1898/142/3 1899/137/3 1871/141/3
f 1898/142/3 1871/141/3 1872/143/3
f 1898/142/3 1872/143/3 1873/144/3
f 1897/145/3 1898/142/3 1873/144/3
f 1897/145/3 1873/144/3 1874/146/3
f 1897/145/3 1874/146/3 1875/147/3
f 1897/145/3 1875/147/3 1876/148/3
f 1896/149/3 1897/145/3 1876/148/3
f 1896/149/3 1876/148/3 1877/150/3
f 1896/149/3 1877/150/3 1878/151/3
f 1895/152/3 1896/149/3 1878/151/3
f 1895/152/3 1878/151/3 1879/153/3
f 1894/154/3 1895/152/3 1879/153/3
f 1893/155/3 1894/154/3 1879/153/3
f 1893/155/3 1879/153/3 1880/156/3
f 1892/157/3 1893/155/3 1880/156/3
f 1892/157/3 1880/156/3 1881/158/3
f 1891/159/3 1892/157/3 1881/158/3
f 1890/160/3 1891/159/3 1881/158/3
f 1890/160/3 1881/158/3 1882/161/3
f 1889/162/3 1890/160/3 1882/161/3
f 1889/162/3 1882/161/3 1883/163/3
f 1888/164/3 1889/162/3 1883/163/3
f 1887/165/3 1888/164/3 1883/163/3
f 1887/165/3 1883/163/3 1884/166/3
f 1886/167/3 1887/165/3 1884/166/3
f 1885/168/3 1886/167/3 1884/166/3
f 2021/169/3 2022/171/3 2023/170/3
f 2021/169/3 2023/170/3 2024/172/3
f 2020/173/3 2021/169/3 2024/172/3
f 2020/173/3 2024/172/3 2025/174/3
f 2019/175/3 2020/173/3 2025/174/3
f 2019/175/3 2025/174/3 2026/176/3
f 2019/175/3 2026/176/3 2027/177/3
f 2019/175/3 2027/177/3 2028/178/3
f 2019/175/3 2028/178/3 2029/179/3
f 2018/180/3 2019/175/3 2029/179/3
f 2018/180/3 2029/179/3 2030/181/3
f 2017/182/3 2018/180/3 2030/181/3
f 2016/183/3 2017/182/3 2030/181/3
f 2016/183/3 2030/181/3 2031/184/3
f 2015/185/3 2016/183/3 2031/184/3
f 2014/186/3 2015/185/3 2031/184/3
f 2013/187/3 2014/186/3 2031/184/3
f 2013/187/3 2031/184/3 2032/188/3
f 2012/189/3 2013/187/3 2032/188/3
f 2011/190/3 2012/189/3 2032/188/3
f 2010/191/3 2011/190/3 2032/188/3
f 2009/192/3 2010/191/3 2032/188/3
f 2009/192/3 2032/188/3 2033/193/3
f 2008/194/3 2009/192/3 2033/193/3
f 2007/195/3 2008/194/3 2033/193/3
f 2006/196/3 2007/195/3 2033/193/3
f 2006/196/3 2033/193/3 2034/197/3
f 2005/198/3 2006/196/3 2034/197/3
f 2004/199/3 2005/198/3 2034/197/3
f 2003/200/3 2004/199/3 2034/197/3
f 2003/200/3 2034/197/3 2035/201/3
f 2002/202/3 2003/200/3 2035/201/3
f 2002/202/3 2035/201/3 2036/203/3
f 2001/204/3 2002/202/3 2036/203/3
f 2001/204/3 2036/203/3 2037/205/3
f 2000/206/3 2001/204/3 2037/205/3
f 2000/206/3 2037/205/3 2038/207/3
f 1999/208/3 2000/206/3 2038/207/3
f 1999/208/3 2038/207/3 2039/209/3
f 1998/210/3 1999/208/3 2039/209/3
f 1998/210/3 2039/209/3 2040/211/3
f 1997/212/3 1998/210/3 2040/211/3
f 1997/212/3 2040/211/3 2041/213/3
f 1996/214/3 1997/212/3 2041/213/3
f 1996/214/3 2041/213/3 2042/215/3
f 1996/214/3 2042/215/3 2043/216/3
f 1996/214/3 2043/216/3 2044/217/3
f 1996/214/3 2044/217/3 2045/218/3
f 1996/214/3 2045/218/3 2046/219/3
f 1996/214/3 2046/219/3 2047/220/3
f 1995/221/3 1996/214/3 2047/220/3
f 1995/221/3 2047/220/3 2048/222/3
f 1995/221/3 2048/222/3 2049/223/3
f 1995/221/3 2049/223/3 2050/224/3
f 1995/221/3 2050/224/3 2051/225/3
f 1995/221/3 2051/225/3 2052/226/3
f 1995/221/3 2052/226/3 2053/227/3
f 1995/221/3 2053/227/3 2054/228/3
f 1995/221/3 2054/228/3 2055/229/3
f 1994/230/3 1995/221/3 2055/229/3
f 1994/230/3 2055/229/3 2056/231/3
f 1994/230/3 2056/231/3 2057/232/3
f 1994/230/3 2057/232/3 2058/233/3
f 1994/230/3 2058/233/3 2059/234/3
f 1994/230/3 2059/234/3 2060/235/3
f 1994/230/3 2060/235/3 2061/236/3
f 1994/230/3 2061/236/3 2062/237/3
f 1994/230/3 2062/237/3 2063/238/3
f 1994/230/3 2063/238/3 2064/239/3
f 1994/230/3 2064/239/3 2065/240/3
f 1994/230/3 2065/240/3 2066/241/3
f 1994/230/3 2066/241/3 2067/242/3
f 1994/230/3 2067/242/3 2068/243/3
f 1994/230/3 2068/243/3 2069/244/3
f 1994/230/3 2069/244/3 2070/245/3
f 1994/230/3 2070/245/3 2071/246/3
f 1993/247/3 1994/230/3 2071/246/3
f 1993/247/3 2071/246/3 2072/248/3
f 1993/247/3 2072/248/3 2073/249/3
f 1992/250/3 1993/247/3 2073/249/3
f 1992/250/3 2073/249/3 2074/251/3
f 1991/252/3 1992/250/3 2074/251/3
f 1991/252/3 2074/251/3 2075/253/3
f 1990/254/3 1991/252/3 2075/253/3
f 1990/254/3 2075/253/3 2076/255/3
f 1989/256/3 1990/254/3 2076/255/3
f 1988/257/3 1989/256/3 2076/255/3
f 1988/257/3 2076/255/3 2077/258/3
f 1987/259/3 1988/257/3 2077/258/3
f 1987/259/3 2077/258/3 2078/260/3
f 1986/261/3 1987/259/3 2078/260/3
f 1986/261/3 2078/260/3 2079/262/3
f 1985/263/3 1986/261/3 2079/262/3
f 1984/264/3 1985/263/3 2079/262/3
f 1984/264/3 2079/262/3 2080/265/3
f 1983/266/3 1984/264/3 2080/265/3
f 1982/267/3 1983/266/3 2080/265/3
f 1982/267/3 2080/265/3 2081/268/3
f 1981/269/3 1982/267/3 2081/268/3
f 1981/269/3 2081/268/3 2082/270/3
f 1980/271/3 1981/269/3 2082/270/3
f 1979/272/3 1980/271/3 2082/270/3
f 1979/272/3 2082/270/3 2083/273/3
f 1978/274/3 1979/272/3 2083/273/3
f 1977/275/3 1978/274/3 2083/273/3
f 1977/275/3 2083/273/3 2084/276/3
f 1976/277/3 1977/275/3 2084/276/3
f 1975/278/3 1976/277/3 2084/276/3
f 1975/278/3 2084/276/3 2085/279/3
f 1974/280/3 1975/278/3 2085/279/3
f 1973/281/3 1974/280/3 2085/279/3
f 1973/281/3 2085/279/3 2086/282/3
f 1972/283/3 1973/281/3 2086/282/3
f 1972/283/3 2086/282/3 2087/284/3
f 1971/285/3 1972/283/3 2087/284/3
f 1970/286/3 1971/285/3 2087/284/3
f 1970/286/3 2087/284/3 2088/287/3
f 1969/59/3 1970/286/3 2088/287/3
f 2232/57/3 1969/59/3 2088/287/3
f 2232/57/3 2088/287/3 2177/288/3
f 2177/288/3 2088/287/3 2089/289/3
f 2231/290/3 2232/57/3 2178/291/3
f 2178/291/3 2232/57/3 2177/288/3
f 2230/292/3 2231/290/3 2178/291/3
f 2229/293/3 2230/292/3 2179/294/3
f 2179/294/3 2230/292/3 2178/291/3
f 2228/295/3 2229/293/3 2185/296/3
f 2185/296/3 2229/293/3 2181/297/3
f 2181/297/3 2229/293/3 2180/298/3
f 2180/298/3 2229/293/3 2179/294/3
f 2185/296/3 2181/297/3 2182/299/3
f 2185/296/3 2182/299/3 2183/300/3
f 2185/296/4 2183/300/4 2184/301/4
f 2228/295/3 2185/296/3 2186/302/3
f 2228/295/3 2186/302/3 2187/303/3
f 2228/295/3 2187/303/3 2188/304/3
f 2228/295/3 2188/304/3 2189/305/3
f 2176/306/3 2177/288/3 2089/289/3
f 2228/295/3 2189/305/3 2190/307/3
f 2228/295/3 2190/307/3 2191/308/3
f 2228/295/3 2191/308/3 2192/309/3
f 2175/310/3 2176/306/3 2089/289/3
f 2228/295/3 2192/309/3 2193/311/3
f 2228/295/3 2193/311/3 2194/312/3
f 2174/313/3 2175/310/3 2089/289/3
f 2228/295/3 2194/312/3 2195/314/3
f 2228/295/3 2195/314/3 2196/315/3
f 2227/316/3 2228/295/3 2196/315/3
f 2173/317/3 2174/313/3 2089/289/3
f 2227/316/3 2196/315/3 2197/318/3
f 2172/319/3 2173/317/3 2089/289/3
f 2171/320/3 2172/319/3 2089/289/3
f 2227/316/3 2197/318/3 2198/321/3
f 2170/322/3 2171/320/3 2089/289/3
f 2169/323/3 2170/322/3 2089/289/3
f 2168/324/3 2169/323/3 2089/289/3
f 2226/325/3 2227/316/3 2198/321/3
f 2167/326/3 2168/324/3 2089/289/3
f 2166/327/3 2167/326/3 2089/289/3
f 2165/328/3 2166/327/3 2089/289/3
f 2164/329/3 2165/328/3 2089/289/3
f 2163/330/3 2164/329/3 2089/289/3
f 2163/330/3 2089/289/3 2090/331/3
f 2162/332/3 2163/330/3 2090/331/3
f 2226/325/3 2198/321/3 2199/333/3
f 2161/334/3 2162/332/3 2090/331/3
f 2160/335/3 2161/334/3 2090/331/3
f 2225/336/3 2226/325/3 2199/333/3
f 2159/337/3 2160/335/3 2090/331/3
f 2158/338/3 2159/337/3 2090/331/3
f 2157/339/3 2158/338/3 2090/331/3
f 2225/336/3 2199/333/3 2200/340/3
f 2156/341/3 2157/339/3 2090/331/3
f 2224/342/3 2225/336/3 2200/340/3
f 2155/343/3 2156/341/3 2090/331/3
f 2154/344/3 2155/343/3 2090/331/3
f 2153/345/3 2154/344/3 2090/331/3
f 2223/346/3 2224/342/3 2200/340/3
f 2152/347/3 2153/345/3 2090/331/3
f 2223/346/3 2200/340/3 2201/348/3
f 2151/349/3 2152/347/3 2090/331/3
f 2150/350/3 2151/349/3 2090/331/3
f 2149/351/3 2150/350/3 2090/331/3
f 2222/352/3 2223/346/3 2201/348/3
f 2148/353/3 2149/351/3 2090/331/3
f 2148/353/3 2090/331/3 2091/354/3
f 2147/355/3 2148/353/3 2091/354/3
f 2222/352/3 2201/348/3 2202/356/3
f 2221/357/3 2222/352/3 2202/356/3
f 2220/358/3 2221/357/3 2202/356/3
f 2220/358/3 2202/356/3 2203/359/3
f 2219/360/3 2220/358/3 2203/359/3
f 2146/361/3 2147/355/3 2091/354/3
f 2218/362/3 2219/360/3 2203/359/3
f 2218/362/3 2203/359/3 2204/363/3
f 2146/361/3 2091/354/3 2092/364/3
f 2217/365/3 2218/362/3 2204/363/3
f 2216/366/3 2217/365/3 2204/363/3
f 2216/366/3 2204/363/3 2205/367/3
f 2145/368/3 2146/361/3 2092/364/3
f 2215/369/3 2216/366/3 2205/367/3
f 2214/370/3 2215/369/3 2205/367/3
f 2214/370/3 2205/367/3 2206/371/3
f 2213/372/3 2214/370/3 2206/371/3
f 2212/373/3 2213/372/3 2206/371/3
f 2144/374/3 2145/368/3 2092/364/3
f 2212/373/3 2206/371/3 2207/375/3
f 2211/376/3 2212/373/3 2207/375/3
f 2144/374/3 2092/364/3 2093/377/3
f 2210/378/3 2211/376/3 2207/375/3
f 2210/378/3 2207/375/3 2208/379/3
f 2209/380/3 2210/378/3 2208/379/3
f 2143/381/3 2144/374/3 2093/377/3
f 2142/382/3 2143/381/3 2093/377/3
f 2142/382/3 2093/377/3 2094/383/3
f 2141/384/3 2142/382/3 2094/383/3
f 2140/385/3 2141/384/3 2094/383/3
f 2139/386/3 2140/385/3 2094/383/3
f 2138/387/3 2139/386/3 2094/383/3
f 2138/387/3 2094/383/3 2095/388/3
f 2137/389/3 2138/387/3 2095/388/3
f 2136/390/3 2137/389/3 2095/388/3
f 2135/391/3 2136/390/3 2095/388/3
f 2134/392/3 2135/391/3 2095/388/3
f 2133/393/3 2134/392/3 2095/388/3
f 2132/394/3 2133/393/3 2095/388/3
f 2131/395/3 2132/394/3 2095/388/3
f 2130/396/3 2131/395/3 2095/388/3
f 2129/397/3 2130/396/3 2095/388/3
f 2129/397/3 2095/388/3 2096/398/3
f 2128/399/3 2129/397/3 2096/398/3
f 2127/400/3 2128/399/3 2096/398/3
f 2126/401/3 2127/400/3 2096/398/3
f 2125/402/3 2126/401/3 2096/398/3
f 2124/403/3 2125/402/3 2096/398/3
f 2124/403/3 2096/398/3 2097/404/3
f 2123/405/3 2124/403/3 2097/404/3
f 2122/406/3 2123/405/3 2097/404/3
f 2122/406/3 2097/404/3 2098/407/3
f 2121/408/3 2122/406/3 2098/407/3
f 2120/409/3 2121/408/3 2098/407/3
f 2120/409/3 2098/407/3 2099/410/3
f 2119/411/3 2120/409/3 2099/410/3
f 2118/412/3 2119/411/3 2099/410/3
f 2118/412/3 2099/410/3 2100/413/3
f 2117/414/3 2118/412/3 2100/413/3
f 2116/415/3 2117/414/3 2100/413/3
f 2116/415/3 2100/413/3 2101/416/3
f 2115/417/3 2116/415/3 2101/416/3
f 2115/417/3 2101/416/3 2102/418/3
f 2115/417/3 2102/418/3 2103/419/3
f 2115/417/3 2103/419/3 2104/420/3
f 2115/417/3 2104/420/3 2105/421/3
f 2114/422/3 2115/417/3 2105/421/3
f 2114/422/3 2105/421/3 2106/423/3
f 2114/422/3 2106/423/3 2107/424/3
f 2113/425/3 2114/422/3 2107/424/3
f 2113/425/3 2107/424/3 2108/426/3
f 2113/425/3 2108/426/3 2109/427/3
f 2113/425/3 2109/427/3 2110/428/3
f 2112/429/3 2113/425/3 2110/428/3
f 2112/429/3 2110/428/3 2111/430/3
f 2255/431/3 2256/433/3 2257/432/3
f 2254/434/3 2255/431/3 2257/432/3
f 2253/435/3 2254/434/3 2257/432/3
f 2252/436/3 2253/435/3 2257/432/3
f 2251/437/3 2252/436/3 2257/432/3
f 2251/437/3 2257/432/3 2258/438/3
f 2250/439/3 2251/437/3 2258/438/3
f 2249/440/3 2250/439/3 2258/438/3
f 2249/440/3 2258/438/3 2259/441/3
f 2248/442/3 2249/440/3 2259/441/3
f 2247/443/3 2248/442/3 2259/441/3
f 2247/443/3 2259/441/3 2260/444/3
f 2246/445/3 2247/443/3 2260/444/3
f 2245/446/3 2246/445/3 2260/444/3
f 2245/446/3 2260/444/3 2261/447/3
f 2244/448/3 2245/446/3 2261/447/3
f 2243/449/3 2244/448/3 2261/447/3
f 2243/449/3 2261/447/3 2262/450/3
f 2243/449/3 2262/450/3 2263/451/3
f 2242/452/3 2243/449/3 2263/451/3
f 2242/452/3 2263/451/3 2264/453/3
f 2242/452/3 2264/453/3 2265/454/3
f 2241/455/3 2242/452/3 2265/454/3
f 2241/455/3 2265/454/3 2266/456/3
f 2240/457/3 2241/455/3 2266/456/3
f 2240/457/3 2266/456/3 2267/458/3
f 2240/457/3 2267/458/3 2268/459/3
f 2240/457/3 2268/459/3 2269/460/3
f 2239/461/3 2240/457/3 2269/460/3
f 2239/461/3 2269/460/3 2270/462/3
f 2238/463/3 2239/461/3 2270/462/3
f 2238/463/3 2270/462/3 2271/464/3
f 2237/465/3 2238/463/3 2271/464/3
f 2237/465/3 2271/464/3 2272/466/3
f 2236/467/3 2237/465/3 2272/466/3
f 2236/467/3 2272/466/3 2273/468/3
f 2235/469/3 2236/467/3 2273/468/3
f 2235/469/3 2273/468/3 2274/470/3
f 2234/471/3 2235/469/3 2274/470/3
f 2234/471/3 2274/470/3 2275/472/3
f 2327/473/3 2328/475/3 2329/474/3
f 2327/473/3 2329/474/3 2330/476/3
f 2326/477/3 2327/473/3 2330/476/3
f 2326/477/3 2330/476/3 2331/478/3
f 2325/479/3 2326/477/3 2331/478/3
f 2325/479/3 2331/478/3 2332/480/3
f 2324/481/3 2325/479/3 2332/480/3
f 2324/481/3 2332/480/3 2333/482/3
f 2323/483/3 2324/481/3 2333/482/3
f 2323/483/3 2333/482/3 2334/484/3
f 2233/59/3 2234/471/3 2275/472/3
f 2233/59/3 2275/472/3 2276/485/3
f 2322/486/3 2323/483/3 2334/484/3
f 2322/486/3 2334/484/3 2335/487/3
f 2321/488/3 2322/486/3 2335/487/3
f 2321/488/3 2335/487/3 2336/489/3
f 2320/490/3 2321/488/3 2336/489/3
f 2320/490/3 2336/489/3 2337/491/3
f 2390/57/3 2233/59/3 2276/485/3
f 2390/57/3 2276/485/3 2277/492/3
f 2319/493/3 2320/490/3 2337/491/3
f 2319/493/3 2337/491/3 2338/494/3
f 2318/495/3 2319/493/3 2338/494/3
f 2318/495/3 2338/494/3 2339/496/3
f 2389/497/3 2390/57/3 2277/492/3
f 2317/498/3 2318/495/3 2339/496/3
f 2389/497/3 2277/492/3 2278/499/3
f 2316/500/3 2317/498/3 2339/496/3
f 2316/500/3 2339/496/3 2340/501/3
f 2315/502/3 2316/500/3 2340/501/3
f 2314/503/3 2315/502/3 2340/501/3
f 2313/504/3 2314/503/3 2340/501/3
f 2313/504/3 2340/501/3 2341/505/3
f 2312/506/3 2313/504/3 2341/505/3
f 2389/497/3 2278/499/3 2279/507/3
f 2311/508/3 2312/506/3 2341/505/3
f 2311/508/3 2341/505/3 2342/509/3
f 2310/510/3 2311/508/3 2342/509/3
f 2309/511/3 2310/510/3 2342/509/3
f 2309/511/3 2342/509/3 2343/512/3
f 2308/513/3 2309/511/3 2343/512/3
f 2307/514/3 2308/513/3 2343/512/3
f 2306/515/3 2307/514/3 2343/512/3
f 2389/497/3 2279/507/3 2280/516/3
f 2306/515/3 2343/512/3 2344/517/3
f 2305/518/3 2306/515/3 2344/517/3
f 2304/519/3 2305/518/3 2344/517/3
f 2303/520/3 2304/519/3 2344/517/3
f 2303/520/3 2344/517/3 2345/521/3
f 2389/497/3 2280/516/3 2281/522/3
f 2303/520/3 2345/521/3 2346/523/3
f 2389/497/3 2281/522/3 2282/524/3
f 2302/525/3 2303/520/3 2346/523/3
f 2302/525/3 2346/523/3 2347/526/3
f 2389/497/3 2282/524/3 2283/527/3
f 2302/525/3 2347/526/3 2348/528/3
f 2301/529/3 2302/525/3 2348/528/3
f 2301/529/3 2348/528/3 2349/530/3
f 2389/497/3 2283/527/3 2284/531/3
f 2301/529/3 2349/530/3 2350/532/3
f 2300/533/3 2301/529/3 2350/532/3
f 2389/497/3 2284/531/3 2285/534/3
f 2300/533/3 2350/532/3 2351/535/3
f 2388/536/3 2389/497/3 2285/534/3
f 2300/533/3 2351/535/3 2352/537/3
f 2299/538/3 2300/533/3 2352/537/3
f 2299/538/3 2352/537/3 2353/539/3
f 2388/536/3 2285/534/3 2286/540/3
f 2387/541/3 2388/536/3 2286/540/3
f 2298/542/3 2299/538/3 2353/539/3
f 2387/541/3 2286/540/3 2287/543/3
f 2386/544/3 2387/541/3 2287/543/3
f 2297/545/3 2298/542/3 2353/539/3
f 2386/544/3 2287/543/3 2288/546/3
f 2296/547/3 2297/545/3 2353/539/3
f 2385/548/3 2386/544/3 2288/546/3
f 2296/547/3 2353/539/3 2354/549/3
f 2385/548/3 2288/546/3 2289/550/3
f 2295/551/3 2296/547/3 2354/549/3
f 2385/548/3 2289/550/3 2290/552/3
f 2294/553/3 2295/551/3 2354/549/3
f 2385/548/3 2290/552/3 2291/554/3
f 2384/555/3 2385/548/3 2291/554/3
f 2293/556/3 2294/553/3 2354/549/3
f 2384/555/3 2291/554/3 2292/557/3
f 2292/557/3 2293/556/3 2354/549/3
f 2384/555/3 2292/557/3 2354/549/3
f 2384/555/3 2354/549/3 2355/558/3
f 2383/559/3 2384/555/3 2355/558/3
f 2383/559/3 2355/558/3 2356/560/3
f 2382/561/3 2383/559/3 2356/560/3
f 2382/561/3 2356/560/3 2357/562/3
f 2381/563/3 2382/561/3 2357/562/3
f 2381/563/3 2357/562/3 2358/564/3
f 2381/563/3 2358/564/3 2359/565/3
f 2380/566/3 2381/563/3 2359/565/3
f 2380/566/3 2359/565/3 2360/567/3
f 2379/568/3 2380/566/3 2360/567/3
f 2379/568/3 2360/567/3 2361/569/3
f 2378/570/3 2379/568/3 2361/569/3
f 2378/570/3 2361/569/3 2362/571/3
f 2378/570/3 2362/571/3 2363/572/3
f 2377/573/3 2378/570/3 2363/572/3
f 2377/573/3 2363/572/3 2364/574/3
f 2376/575/3 2377/573/3 2364/574/3
f 2375/576/3 2376/575/3 2364/574/3
f 2374/577/3 2375/576/3 2364/574/3
f 2373/578/3 2374/577/3 2364/574/3
f 2373/578/3 2364/574/3 2365/579/3
f 2372/580/3 2373/578/3 2365/579/3
f 2371/581/3 2372/580/3 2365/579/3
f 2370/582/3 2371/581/3 2365/579/3
f 2369/583/3 2370/582/3 2365/579/3
f 2368/584/3 2369/583/3 2365/579/3
f 2367/585/3 2368/584/3 2365/579/3
f 2366/586/3 2367/585/3 2365/579/3
f 2581/587/3 2582/589/3 2583/588/3
f 2581/587/3 2583/588/3 2584/590/3
f 2581/587/3 2584/590/3 2585/591/3
f 2581/587/3 2585/591/3 2586/592/3
f 2580/593/3 2581/587/3 2586/592/3
f 2580/593/3 2586/592/3 2587/594/3
f 2580/593/3 2587/594/3 2588/595/3
f 2580/593/3 2588/595/3 2589/596/3
f 2579/597/3 2580/593/3 2589/596/3
f 2579/597/3 2589/596/3 2590/598/3
f 2579/597/3 2590/598/3 2591/599/3
f 2579/597/3 2591/599/3 2592/600/3
f 2578/601/3 2579/597/3 2592/600/3
f 2578/601/3 2592/600/3 2593/602/3
f 2578/601/3 2593/602/3 2594/603/3
f 2578/601/3 2594/603/3 2595/604/3
f 2577/605/3 2578/601/3 2595/604/3
f 2576/606/3 2577/605/3 2595/604/3
f 2576/606/3 2595/604/3 2596/607/3
f 2575/608/3 2576/606/3 2596/607/3
f 2574/609/3 2575/608/3 2596/607/3
f 2574/609/3 2596/607/3 2597/610/3
f 2573/611/3 2574/609/3 2597/610/3
f 2573/611/3 2597/610/3 2598/612/3
f 2572/613/3 2573/611/3 2598/612/3
f 2572/613/3 2598/612/3 2599/614/3
f 2571/615/3 2572/613/3 2599/614/3
f 2571/615/3 2599/614/3 2600/616/3
f 2570/617/3 2571/615/3 2600/616/3
f 2570/617/3 2600/616/3 2601/618/3
f 2569/619/3 2570/617/3 2601/618/3
f 2568/620/3 2569/619/3 2601/618/3
f 2568/620/3 2601/618/3 2602/621/3
f 2567/622/3 2568/620/3 2602/621/3
f 2566/623/3 2567/622/3 2602/621/3
f 2617/624/3 2618/626/3 2619/625/3
f 2616/627/3 2617/624/3 2619/625/3
f 2616/627/3 2619/625/3 2620/628/3
f 2566/623/3 2602/621/3 2603/629/3
f 2615/630/3 2616/627/3 2620/628/3
f 2565/631/3 2566/623/3 2603/629/3
f 2614/632/3 2615/630/3 2620/628/3
f 2614/632/3 2620/628/3 2621/633/3
f 2613/634/3 2614/632/3 2621/633/3
f 2613/634/3 2621/633/3 2622/635/3
f 2564/636/3 2565/631/3 2603/629/3
f 2612/637/3 2613/634/3 2622/635/3
f 2564/636/3 2603/629/3 2604/638/3
f 2611/639/3 2612/637/3 2622/635/3
f 2563/640/3 2564/636/3 2604/638/3
f 2611/639/3 2622/635/3 2623/641/3
f 2610/642/3 2611/639/3 2623/641/3
f 2563/640/3 2604/638/3 2605/643/3
f 2609/644/3 2610/642/3 2623/641/3
f 2562/645/3 2563/640/3 2605/643/3
f 2608/646/3 2609/644/3 2623/641/3
f 2608/646/3 2623/641/3 2624/647/3
f 2607/648/3 2608/646/3 2624/647/3
f 2562/645/3 2605/643/3 2606/649/3
f 2606/649/3 2607/648/3 2624/647/3
f 2562/645/3 2606/649/3 2624/647/3
f 2561/650/3 2562/645/3 2624/647/3
f 2560/651/3 2561/650/3 2624/647/3
f 2560/651/3 2624/647/3 2625/652/3
f 2559/653/3 2560/651/3 2625/652/3
f 2558/654/3 2559/653/3 2625/652/3
f 2558/654/3 2625/652/3 2626/655/3
f 2557/656/3 2558/654/3 2626/655/3
f 2556/657/3 2557/656/3 2626/655/3
f 2555/658/3 2556/657/3 2626/655/3
f 2554/659/3 2555/658/3 2626/655/3
f 2554/659/3 2626/655/3 2627/660/3
f 2553/661/3 2554/659/3 2627/660/3
f 2552/662/3 2553/661/3 2627/660/3
f 2551/663/3 2552/662/3 2627/660/3
f 2550/664/3 2551/663/3 2627/660/3
f 2549/665/3 2550/664/3 2627/660/3
f 2548/666/3 2549/665/3 2627/660/3
f 2547/667/3 2548/666/3 2627/660/3
f 2546/668/3 2547/667/3 2627/660/3
f 2545/669/3 2546/668/3 2627/660/3
f 2545/669/3 2627/660/3 2628/670/3
f 2544/671/3 2545/669/3 2628/670/3
f 2543/672/3 2544/671/3 2628/670/3
f 2542/673/3 2543/672/3 2628/670/3
f 2541/674/3 2542/673/3 2628/670/3
f 2540/675/3 2541/674/3 2628/670/3
f 2539/676/3 2540/675/3 2628/670/3
f 2539/676/3 2628/670/3 2629/677/3
f 2538/678/3 2539/676/3 2629/677/3
f 2537/679/3 2538/678/3 2629/677/3
f 2537/679/3 2629/677/3 2630/680/3
f 2536/681/3 2537/679/3 2630/680/3
f 2535/682/3 2536/681/3 2630/680/3
f 2535/682/3 2630/680/3 2631/683/3
f 2534/684/3 2535/682/3 2631/683/3
f 2533/685/3 2534/684/3 2631/683/3
f 2533/685/3 2631/683/3 2632/686/3
f 2532/687/3 2533/685/3 2632/686/3
f 2531/688/3 2532/687/3 2632/686/3
f 2531/688/3 2632/686/3 2666/689/3
f 2666/689/3 2632/686/3 2633/690/3
f 2530/691/3 2531/688/3 2667/692/3
f 2667/692/3 2531/688/3 2666/689/3
f 2530/691/3 2667/692/3 2668/693/3
f 2665/694/3 2666/689/3 2633/690/3
f 2530/691/3 2668/693/3 2669/695/3
f 2530/691/3 2669/695/3 2670/696/3
f 2530/691/3 2670/696/3 2671/697/3
f 2530/691/3 2671/697/3 2672/698/3
f 2530/691/3 2672/698/3 2673/699/3
f 2529/700/3 2530/691/3 2673/699/3
f 2529/700/3 2673/699/3 2674/701/3
f 2529/700/3 2674/701/3 2675/702/3
f 2664/703/3 2665/694/3 2633/690/3
f 2529/700/3 2675/702/3 2676/704/3
f 2664/703/3 2633/690/3 2634/705/3
f 2529/700/3 2676/704/3 2677/706/3
f 2528/707/3 2529/700/3 2677/706/3
f 2528/707/3 2677/706/3 2678/708/3
f 2528/707/3 2678/708/3 2679/709/3
f 2663/710/3 2664/703/3 2634/705/3
f 2528/707/3 2679/709/3 2680/711/3
f 2527/712/3 2528/707/3 2680/711/3
f 2527/712/3 2680/711/3 2681/713/3
f 2662/714/3 2663/710/3 2634/705/3
f 2527/712/3 2681/713/3 2682/715/3
f 2526/716/3 2527/712/3 2682/715/3
f 2661/717/3 2662/714/3 2634/705/3
f 2661/717/3 2634/705/3 2635/718/3
f 2526/716/3 2682/715/3 2683/719/3
f 2525/720/3 2526/716/3 2683/719/3
f 2660/721/3 2661/717/3 2635/718/3
f 2525/720/3 2683/719/3 2510/722/3
f 2510/722/3 2683/719/3 2684/723/3
f 2524/724/3 2525/720/3 2511/725/3
f 2511/725/3 2525/720/3 2510/722/3
f 2509/726/3 2510/722/3 2684/723/3
f 2524/724/3 2511/725/3 2512/727/3
f 2508/728/3 2509/726/3 2684/723/3
f 2524/724/3 2512/727/3 2513/729/3
f 2524/724/3 2513/729/3 2514/730/3
f 2507/731/3 2508/728/3 2684/723/3
f 2524/724/3 2514/730/3 2515/732/3
f 2524/724/3 2515/732/3 2516/733/3
f 2506/734/3 2507/731/3 2684/723/3
f 2523/735/3 2524/724/3 2516/733/3
f 2523/735/3 2516/733/3 2517/736/3
f 2523/735/3 2517/736/3 2518/737/3
f 2506/734/3 2684/723/3 2685/738/3
f 2659/739/3 2660/721/3 2635/718/3
f 2523/735/3 2518/737/3 2519/740/3
f 2505/741/3 2506/734/3 2685/738/3
f 2523/735/3 2519/740/3 2520/742/3
f 2522/743/3 2523/735/3 2520/742/3
f 2522/743/3 2520/742/3 2521/744/3
f 2504/745/3 2505/741/3 2685/738/3
f 2503/746/3 2504/745/3 2685/738/3
f 2503/746/3 2685/738/3 2686/747/3
f 2658/748/3 2659/739/3 2635/718/3
f 2658/748/3 2635/718/3 2636/749/3
f 2502/750/3 2503/746/3 2686/747/3
f 2501/751/3 2502/750/3 2686/747/3
f 2501/751/3 2686/747/3 2687/752/3
f 2657/753/3 2658/748/3 2636/749/3
f 2500/754/3 2501/751/3 2687/752/3
f 2500/754/3 2687/752/3 2688/755/3
f 2656/756/3 2657/753/3 2636/749/3
f 2499/757/3 2500/754/3 2688/755/3
f 2498/758/3 2499/757/3 2688/755/3
f 2498/758/3 2688/755/3 2689/759/3
f 2656/756/3 2636/749/3 2637/760/3
f 2655/761/3 2656/756/3 2637/760/3
f 2497/762/3 2498/758/3 2689/759/3
f 2496/763/3 2497/762/3 2689/759/3
f 2495/764/3 2496/763/3 2689/759/3
f 2495/764/3 2689/759/3 2690/765/3
f 2494/766/3 2495/764/3 2690/765/3
f 2493/767/3 2494/766/3 2690/765/3
f 2654/768/3 2655/761/3 2637/760/3
f 2492/769/3 2493/767/3 2690/765/3
f 2491/770/3 2492/769/3 2690/765/3
f 2491/770/3 2690/765/3 2691/771/3
f 2490/772/3 2491/770/3 2691/771/3
f 2489/773/3 2490/772/3 2691/771/3
f 2488/774/3 2489/773/3 2691/771/3
f 2653/775/3 2654/768/3 2637/760/3
f 2487/776/3 2488/774/3 2691/771/3
f 2487/776/3 2691/771/3 2692/777/3
f 2486/778/3 2487/776/3 2692/777/3
f 2485/779/3 2486/778/3 2692/777/3
f 2653/775/3 2637/760/3 2638/780/3
f 2652/781/3 2653/775/3 2638/780/3
f 2485/779/3 2692/777/3 2693/782/3
f 2484/783/3 2485/779/3 2693/782/3
f 2651/784/3 2652/781/3 2638/780/3
f 2484/783/3 2693/782/3 2694/785/3
f 2483/786/3 2484/783/3 2694/785/3
f 2650/787/3 2651/784/3 2638/780/3
f 2483/786/3 2694/785/3 2695/788/3
f 2650/787/3 2638/780/3 2639/789/3
f 2482/790/3 2483/786/3 2695/788/3
f 2649/791/3 2650/787/3 2639/789/3
f 2482/790/3 2695/788/3 2696/792/3
f 2481/793/3 2482/790/3 2696/792/3
f 2648/794/3 2649/791/3 2639/789/3
f 2481/793/3 2696/792/3 2697/795/3
f 2648/794/3 2639/789/3 2640/796/3
f 2647/797/3 2648/794/3 2640/796/3
f 2480/798/3 2481/793/3 2697/795/3
f 2480/798/3 2697/795/3 2698/799/3
f 2646/800/3 2647/797/3 2640/796/3
f 2479/801/3 2480/798/3 2698/799/3
f 2479/801/3 2698/799/3 2699/802/3
f 2646/800/3 2640/796/3 2641/803/3
f 2645/804/3 2646/800/3 2641/803/3
f 2479/801/3 2699/802/3 2700/805/3
f 2644/806/3 2645/804/3 2641/803/3
f 2478/807/3 2479/801/3 2700/805/3
f 2644/806/3 2641/803/3 2642/808/3
f 2643/809/3 2644/806/3 2642/808/3
f 2478/807/3 2700/805/3 2701/810/3
f 2477/811/3 2478/807/3 2701/810/3
f 2477/811/3 2701/810/3 2702/812/3
f 2476/813/3 2477/811/3 2702/812/3
f 2476/813/3 2702/812/3 2703/814/3
f 2475/815/3 2476/813/3 2703/814/3
f 2703/814/3 2704/57/3 2391/59/3
f 2475/815/3 2703/814/3 2391/59/3
f 2474/816/3 2475/815/3 2391/59/3
f 2474/816/3 2391/59/3 2392/817/3
f 2473/818/3 2474/816/3 2392/817/3
f 2473/818/3 2392/817/3 2393/819/3
f 2473/818/3 2393/819/3 2394/820/3
f 2425/821/3 2426/823/3 2427/822/3
f 2424/824/3 2425/821/3 2427/822/3
f 2423/825/3 2424/824/3 2427/822/3
f 2423/825/3 2427/822/3 2428/826/3
f 2422/827/3 2423/825/3 2428/826/3
f 2421/828/3 2422/827/3 2428/826/3
f 2421/828/3 2428/826/3 2429/829/3
f 2420/830/3 2421/828/3 2429/829/3
f 2473/818/3 2394/820/3 2395/831/3
f 2419/832/3 2420/830/3 2429/829/3
f 2419/832/3 2429/829/3 2430/833/3
f 2418/834/3 2419/832/3 2430/833/3
f 2417/835/3 2418/834/3 2430/833/3
f 2416/836/3 2417/835/3 2430/833/3
f 2416/836/3 2430/833/3 2431/837/3
f 2415/838/3 2416/836/3 2431/837/3
f 2473/818/3 2395/831/3 2396/839/3
f 2414/840/3 2415/838/3 2431/837/3
f 2414/840/3 2431/837/3 2432/841/3
f 2413/842/3 2414/840/3 2432/841/3
f 2412/843/3 2413/842/3 2432/841/3
f 2473/818/3 2396/839/3 2397/844/3
f 2411/845/3 2412/843/3 2432/841/3
f 2411/845/3 2432/841/3 2433/846/3
f 2410/847/3 2411/845/3 2433/846/3
f 2409/848/3 2410/847/3 2433/846/3
f 2473/818/3 2397/844/3 2398/849/3
f 2408/850/3 2409/848/3 2433/846/3
f 2407/851/3 2408/850/3 2433/846/3
f 2473/818/3 2398/849/3 2399/852/3
f 2406/853/3 2407/851/3 2433/846/3
f 2406/853/3 2433/846/3 2434/854/3
f 2405/855/3 2406/853/3 2434/854/3
f 2473/818/3 2399/852/3 2400/856/3
f 2404/857/3 2405/855/3 2434/854/3
f 2473/818/3 2400/856/3 2401/858/3
f 2403/859/3 2404/857/3 2434/854/3
f 2402/860/3 2403/859/3 2434/854/3
f 2473/818/3 2401/858/3 2402/860/3
f 2473/818/3 2402/860/3 2434/854/3
f 2472/861/3 2473/818/3 2434/854/3
f 2472/861/3 2434/854/3 2435/862/3
f 2472/861/3 2435/862/3 2436/863/3
f 2472/861/3 2436/863/3 2437/864/3
f 2472/861/3 2437/864/3 2438/865/3
f 2471/866/3 2472/861/3 2438/865/3
f 2471/866/3 2438/865/3 2439/867/3
f 2471/866/3 2439/867/3 2440/868/3
f 2471/866/3 2440/868/3 2441/869/3
f 2471/866/3 2441/869/3 2442/870/3
f 2470/871/3 2471/866/3 2442/870/3
f 2470/871/3 2442/870/3 2443/872/3
f 2470/871/3 2443/872/3 2444/873/3
f 2470/871/3 2444/873/3 2445/874/3
f 2470/871/3 2445/874/3 2446/875/3
f 2469/876/3 2470/871/3 2446/875/3
f 2469/876/3 2446/875/3 2447/877/3
f 2469/876/3 2447/877/3 2448/878/3
f 2469/876/3 2448/878/3 2449/879/3
f 2468/880/3 2469/876/3 2449/879/3
f 2468/880/3 2449/879/3 2450/881/3
f 2468/880/3 2450/881/3 2451/882/3
f 2467/883/3 2468/880/3 2451/882/3
f 2467/883/3 2451/882/3 2452/884/3
f 2467/883/3 2452/884/3 2453/885/3
f 2466/886/3 2467/883/3 2453/885/3
f 2466/886/3 2453/885/3 2454/887/3
f 2466/886/3 2454/887/3 2455/888/3
f 2465/889/3 2466/886/3 2455/888/3
f 2465/889/3 2455/888/3 2456/890/3
f 2464/891/3 2465/889/3 2456/890/3
f 2464/891/3 2456/890/3 2457/892/3
f 2464/891/3 2457/892/3 2458/893/3
f 2463/894/3 2464/891/3 2458/893/3
f 2463/894/3 2458/893/3 2459/895/3
f 2463/894/3 2459/895/3 2460/896/3
f 2462/897/3 2463/894/3 2460/896/3
f 2462/897/3 2460/896/3 2461/898/3
f 3003/899/3 3004/901/3 3005/900/3
f 3002/902/3 3003/899/3 3005/900/3
f 3001/903/3 3002/902/3 3005/900/3
f 3001/903/3 3005/900/3 3006/904/3
f 3000/905/3 3001/903/3 3006/904/3
f 3063/906/3 3064/57/3 3017/907/3
f 2999/908/3 3000/905/3 3006/904/3
f 3062/909/3 3063/906/3 3017/907/3
f 3061/910/3 3062/909/3 3017/907/3
f 3061/910/3 3017/907/3 3018/911/3
f 2999/908/3 3006/904/3 3007/912/3
f 2998/913/3 2999/908/3 3007/912/3
f 3060/914/3 3061/910/3 3018/911/3
f 3059/915/3 3060/914/3 3018/911/3
f 3059/915/3 3018/911/3 3019/916/3
f 2997/917/3 2998/913/3 3007/912/3
f 3058/918/3 3059/915/3 3019/916/3
f 2997/917/3 3007/912/3 3008/919/3
f 2996/920/3 2997/917/3 3008/919/3
f 3057/921/3 3058/918/3 3019/916/3
f 3057/921/3 3019/916/3 3020/922/3
f 2995/923/3 2996/920/3 3008/919/3
f 3056/924/3 3057/921/3 3020/922/3
f 2995/923/3 3008/919/3 3009/925/3
f 2994/926/3 2995/923/3 3009/925/3
f 3055/927/3 3056/924/3 3020/922/3
f 3055/927/3 3020/922/3 3021/928/3
f 3054/929/3 3055/927/3 3021/928/3
f 2993/930/3 2994/926/3 3009/925/3
f 3053/931/3 3054/929/3 3021/928/3
f 2993/930/3 3009/925/3 3010/932/3
f 2992/933/3 2993/930/3 3010/932/3
f 3053/931/3 3021/928/3 3022/934/3
f 3052/935/3 3053/931/3 3022/934/3
f 2991/936/3 2992/933/3 3010/932/3
f 3051/937/3 3052/935/3 3022/934/3
f 2991/936/3 3010/932/3 3011/938/3
f 3051/937/3 3022/934/3 3023/939/3
f 2990/940/3 2991/936/3 3011/938/3
f 3050/941/3 3051/937/3 3023/939/3
f 2989/942/3 2990/940/3 3011/938/3
f 3050/941/3 3023/939/3 3024/943/3
f 2989/942/3 3011/938/3 3012/944/3
f 3049/945/3 3050/941/3 3024/943/3
f 2988/946/3 2989/942/3 3012/944/3
f 3048/947/3 3049/945/3 3024/943/3
f 3048/947/3 3024/943/3 3025/948/3
f 2988/946/3 3012/944/3 3013/949/3
f 2987/950/3 2988/946/3 3013/949/3
f 3047/951/3 3048/947/3 3025/948/3
f 3047/951/3 3025/948/3 3026/952/3
f 2987/950/3 3013/949/3 3014/953/3
f 2986/954/3 2987/950/3 3014/953/3
f 3047/951/3 3026/952/3 3027/955/3
f 2986/954/3 3014/953/3 3015/956/3
f 3046/957/3 3047/951/3 3027/955/3
f 2985/958/3 2986/954/3 3015/956/3
f 2985/958/3 3015/956/3 3016/959/3
f 3046/957/3 3027/955/3 3028/960/3
f 3045/961/3 3046/957/3 3028/960/3
f 2985/958/3 3016/959/3 2969/962/3
f 3045/961/3 3028/960/3 3029/963/3
f 2984/964/3 2985/958/3 2969/962/3
f 2984/964/3 2969/962/3 2970/965/3
f 3045/961/3 3029/963/3 3030/966/3
f 3044/967/3 3045/961/3 3030/966/3
f 2984/964/3 2970/965/3 2971/968/3
f 3044/967/3 3030/966/3 3031/969/3
f 2983/970/3 2984/964/3 2971/968/3
f 2983/970/3 2971/968/3 2972/971/3
f 3044/967/3 3031/969/3 3032/972/3
f 2983/970/3 2972/971/3 2973/973/3
f 3043/974/3 3044/967/3 3032/972/3
f 3043/974/3 3032/972/3 3033/975/3
f 2983/970/3 2973/973/3 2974/976/3
f 2982/977/3 2983/970/3 2974/976/3
f 2982/977/3 2974/976/3 2975/978/3
f 3043/974/3 3033/975/3 3034/979/3
f 3042/980/3 3043/974/3 3034/979/3
f 2982/977/3 2975/978/3 2976/981/3
f 2981/982/3 2982/977/3 2976/981/3
f 3042/980/3 3034/979/3 3035/983/3
f 2981/982/3 2976/981/3 2977/984/3
f 2981/982/3 2977/984/3 2978/985/3
f 3042/980/3 3035/983/3 3036/986/3
f 2980/987/3 2981/982/3 2978/985/3
f 2980/987/3 2978/985/3 2979/988/3
f 3041/989/3 3042/980/3 3036/986/3
f 3041/989/3 3036/986/3 3037/990/3
f 3041/989/3 3037/990/3 3038/991/3
f 3040/992/3 3041/989/3 3038/991/3
f 3040/992/3 3038/991/3 3039/993/3
f 2715/994/3 2716/996/3 2717/995/3
f 2715/994/3 2717/995/3 2718/997/3
f 2715/994/3 2718/997/3 2719/998/3
f 2714/999/3 2715/994/3 2719/998/3
f 2714/999/3 2719/998/3 2720/1000/3
f 2714/999/3 2720/1000/3 2721/1001/3
f 2713/1002/3 2714/999/3 2721/1001/3
f 2713/1002/3 2721/1001/3 2722/1003/3
f 2713/1002/3 2722/1003/3 2723/1004/3
f 2712/1005/3 2713/1002/3 2723/1004/3
f 2712/1005/3 2723/1004/3 2724/1006/3
f 2711/1007/3 2712/1005/3 2724/1006/3
f 2711/1007/3 2724/1006/3 2725/1008/3
f 2710/1009/3 2711/1007/3 2725/1008/3
f 2710/1009/3 2725/1008/3 2726/1010/3
f 2709/1011/3 2710/1009/3 2726/1010/3
f 2709/1011/3 2726/1010/3 2727/1012/3
f 2708/1013/3 2709/1011/3 2727/1012/3
f 2708/1013/3 2727/1012/3 2728/1014/3
f 2707/1015/3 2708/1013/3 2728/1014/3
f 2707/1015/3 2728/1014/3 2729/1016/3
f 2706/1017/3 2707/1015/3 2729/1016/3
f 2706/1017/3 2729/1016/3 2730/1018/3
f 2706/1017/3 2730/1018/3 2731/1019/3
f 2705/59/3 2706/1017/3 2731/1019/3
f 2752/1020/3 2705/59/3 2731/1019/3
f 2752/1020/3 2731/1019/3 2732/1021/3
f 2751/1022/3 2752/1020/3 2732/1021/3
f 2751/1022/3 2732/1021/3 2733/1023/3
f 2750/1024/3 2751/1022/3 2733/1023/3
f 2750/1024/3 2733/1023/3 2734/1025/3
f 2749/1026/3 2750/1024/3 2734/1025/3
f 2748/1027/3 2749/1026/3 2734/1025/3
f 2748/1027/3 2734/1025/3 2735/1028/3
f 2811/1029/3 2812/1031/3 2813/1030/3
f 2810/1032/3 2811/1029/3 2813/1030/3
f 2810/1032/3 2813/1030/3 2814/1033/3
f 2809/1034/3 2810/1032/3 2814/1033/3
f 2809/1034/3 2814/1033/3 2815/1035/3
f 2808/1036/3 2809/1034/3 2815/1035/3
f 2747/1037/3 2748/1027/3 2735/1028/3
f 2808/1036/3 2815/1035/3 2816/1038/3
f 2807/1039/3 2808/1036/3 2816/1038/3
f 2807/1039/3 2816/1038/3 2817/1040/3
f 2806/1041/3 2807/1039/3 2817/1040/3
f 2747/1037/3 2735/1028/3 2736/1042/3
f 2805/1043/3 2806/1041/3 2817/1040/3
f 2805/1043/3 2817/1040/3 2818/1044/3
f 2746/1045/3 2747/1037/3 2736/1042/3
f 2804/1046/3 2805/1043/3 2818/1044/3
f 2804/1046/3 2818/1044/3 2819/1047/3
f 2803/1048/3 2804/1046/3 2819/1047/3
f 2746/1045/3 2736/1042/3 2737/1049/3
f 2745/1050/3 2746/1045/3 2737/1049/3
f 2802/1051/3 2803/1048/3 2819/1047/3
f 2802/1051/3 2819/1047/3 2820/1052/3
f 2744/1053/3 2745/1050/3 2737/1049/3
f 2744/1053/3 2737/1049/3 2738/1054/3
f 2801/1055/3 2802/1051/3 2820/1052/3
f 2743/1056/3 2744/1053/3 2738/1054/3
f 2801/1055/3 2820/1052/3 2821/1057/3
f 2743/1056/3 2738/1054/3 2739/1058/3
f 2800/1059/3 2801/1055/3 2821/1057/3
f 2742/1060/3 2743/1056/3 2739/1058/3
f 2741/1061/3 2742/1060/3 2739/1058/3
f 2741/1061/3 2739/1058/3 2740/1062/3
f 2799/1063/3 2800/1059/3 2821/1057/3
f 2799/1063/3 2821/1057/3 2822/1064/3
f 2798/1065/3 2799/1063/3 2822/1064/3
f 2797/1066/3 2798/1065/3 2822/1064/3
f 2797/1066/3 2822/1064/3 2823/1067/3
f 2796/1068/3 2797/1066/3 2823/1067/3
f 2795/1069/3 2796/1068/3 2823/1067/3
f 2794/1070/3 2795/1069/3 2823/1067/3
f 2955/1071/3 2956/1073/3 2957/1072/3
f 2955/1071/3 2957/1072/3 2958/1074/3
f 2794/1070/3 2823/1067/3 2824/1075/3
f 2954/1076/3 2955/1071/3 2958/1074/3
f 2954/1076/3 2958/1074/3 2959/1077/3
f 2793/1078/3 2794/1070/3 2824/1075/3
f 2954/1076/3 2959/1077/3 2960/1079/3
f 2953/1080/3 2954/1076/3 2960/1079/3
f 2953/1080/3 2960/1079/3 2961/1081/3
f 2792/1082/3 2793/1078/3 2824/1075/3
f 2952/1083/3 2953/1080/3 2961/1081/3
f 2952/1083/3 2961/1081/3 2962/1084/3
f 2791/1085/3 2792/1082/3 2824/1075/3
f 2791/1085/3 2824/1075/3 2825/1086/3
f 2790/1087/3 2791/1085/3 2825/1086/3
f 2952/1083/3 2962/1084/3 2963/1088/3
f 2951/1089/3 2952/1083/3 2963/1088/3
f 2789/1090/3 2790/1087/3 2825/1086/3
f 2789/1090/3 2825/1086/3 2826/1091/3
f 2788/1092/3 2789/1090/3 2826/1091/3
f 2951/1089/3 2963/1088/3 2964/1093/3
f 2950/1094/3 2951/1089/3 2964/1093/3
f 2787/1095/3 2788/1092/3 2826/1091/3
f 2787/1095/3 2826/1091/3 2827/1096/3
f 2950/1094/3 2964/1093/3 2965/1097/3
f 2949/1098/3 2950/1094/3 2965/1097/3
f 2787/1095/3 2827/1096/3 2828/1099/3
f 2949/1098/3 2965/1097/3 2966/1100/3
f 2948/1101/3 2949/1098/3 2966/1100/3
f 2787/1095/3 2828/1099/3 2829/1102/3
f 2786/1103/3 2787/1095/3 2829/1102/3
f 2786/1103/3 2829/1102/3 2830/1104/3
f 2947/1105/3 2948/1101/3 2966/1100/3
f 2947/1105/3 2966/1100/3 2967/1106/3
f 2786/1103/3 2830/1104/3 2831/1107/3
f 2946/1108/3 2947/1105/3 2967/1106/3
f 2785/1109/3 2786/1103/3 2831/1107/3
f 2946/1108/3 2967/1106/3 2968/1110/3
f 2785/1109/3 2831/1107/3 2832/1111/3
f 2945/1112/3 2946/1108/3 2968/1110/3
f 2785/1109/3 2832/1111/3 2833/1113/3
f 2785/1109/3 2833/1113/3 2834/1114/3
f 2944/1115/3 2945/1112/3 2968/1110/3
f 2944/1115/3 2968/1110/3 2885/1116/3
f 2784/1117/3 2785/1109/3 2834/1114/3
f 2784/1117/3 2834/1114/3 2835/1118/3
f 2943/1119/3 2944/1115/3 2885/1116/3
f 2943/1119/3 2885/1116/3 2886/1120/3
f 2942/1121/3 2943/1119/3 2886/1120/3
f 2784/1117/3 2835/1118/3 2836/1122/3
f 2941/1123/3 2942/1121/3 2886/1120/3
f 2941/1123/3 2886/1120/3 2887/1124/3
f 2940/1125/3 2941/1123/3 2887/1124/3
f 2784/1117/3 2836/1122/3 2837/1126/3
f 2783/1127/3 2784/1117/3 2837/1126/3
f 2939/1128/3 2940/1125/3 2887/1124/3
f 2938/1129/3 2939/1128/3 2887/1124/3
f 2937/1130/3 2938/1129/3 2887/1124/3
f 2937/1130/3 2887/1124/3 2888/1131/3
f 2936/1132/3 2937/1130/3 2888/1131/3
f 2935/1133/3 2936/1132/3 2888/1131/3
f 2934/1134/3 2935/1133/3 2888/1131/3
f 2933/1135/3 2934/1134/3 2888/1131/3
f 2933/1135/3 2888/1131/3 2889/1136/3
f 2782/1137/3 2783/1127/3 2837/1126/3
f 2932/1138/3 2933/1135/3 2889/1136/3
f 2931/1139/3 2932/1138/3 2889/1136/3
f 2930/1140/3 2931/1139/3 2889/1136/3
f 2929/1141/3 2930/1140/3 2889/1136/3
f 2928/1142/3 2929/1141/3 2889/1136/3
f 2927/1143/3 2928/1142/3 2889/1136/3
f 2927/1143/3 2889/1136/3 2890/1144/3
f 2926/1145/3 2927/1143/3 2890/1144/3
f 2925/1146/3 2926/1145/3 2890/1144/3
f 2924/1147/3 2925/1146/3 2890/1144/3
f 2923/1148/3 2924/1147/3 2890/1144/3
f 2922/1149/3 2923/1148/3 2890/1144/3
f 2921/1150/3 2922/1149/3 2890/1144/3
f 2920/1151/3 2921/1150/3 2890/1144/3
f 2919/1152/3 2920/1151/3 2890/1144/3
f 2918/1153/3 2919/1152/3 2890/1144/3
f 2781/1154/3 2782/1137/3 2837/1126/3
f 2918/1153/3 2890/1144/3 2891/1155/3
f 2917/1156/3 2918/1153/3 2891/1155/3
f 2916/1157/3 2917/1156/3 2891/1155/3
f 2915/1158/3 2916/1157/3 2891/1155/3
f 2914/1159/3 2915/1158/3 2891/1155/3
f 2913/1160/3 2914/1159/3 2891/1155/3
f 2913/1160/3 2891/1155/3 2892/1161/3
f 2912/1162/3 2913/1160/3 2892/1161/3
f 2911/1163/3 2912/1162/3 2892/1161/3
f 2910/1164/3 2911/1163/3 2892/1161/3
f 2909/1165/3 2910/1164/3 2892/1161/3
f 2781/1154/3 2837/1126/3 2838/1166/3
f 2909/1165/3 2892/1161/3 2893/1167/3
f 2908/1168/3 2909/1165/3 2893/1167/3
f 2780/1169/3 2781/1154/3 2838/1166/3
f 2907/1170/3 2908/1168/3 2893/1167/3
f 2906/1171/3 2907/1170/3 2893/1167/3
f 2906/1171/3 2893/1167/3 2894/1172/3
f 2905/1173/3 2906/1171/3 2894/1172/3
f 2904/1174/3 2905/1173/3 2894/1172/3
f 2903/1175/3 2904/1174/3 2894/1172/3
f 2902/1176/3 2903/1175/3 2894/1172/3
f 2902/1176/3 2894/1172/3 2895/1177/3
f 2901/1178/3 2902/1176/3 2895/1177/3
f 2900/1179/3 2901/1178/3 2895/1177/3
f 2899/1180/3 2900/1179/3 2895/1177/3
f 2899/1180/3 2895/1177/3 2896/1181/3
f 2898/1182/3 2899/1180/3 2896/1181/3
f 2897/1183/3 2898/1182/3 2896/1181/3
f 2779/1184/3 2780/1169/3 2838/1166/3
f 2778/1185/3 2779/1184/3 2838/1166/3
f 2777/1186/3 2778/1185/3 2838/1166/3
f 2777/1186/3 2838/1166/3 2839/1187/3
f 2776/1188/3 2777/1186/3 2839/1187/3
f 2775/1189/3 2776/1188/3 2839/1187/3
f 2774/1190/3 2775/1189/3 2839/1187/3
f 2774/1190/3 2839/1187/3 2840/1191/3
f 2773/1192/3 2774/1190/3 2840/1191/3
f 2772/1193/3 2773/1192/3 2840/1191/3
f 2771/1194/3 2772/1193/3 2840/1191/3
f 2770/1195/3 2771/1194/3 2840/1191/3
f 2770/1195/3 2840/1191/3 2841/1196/3
f 2769/1197/3 2770/1195/3 2841/1196/3
f 2768/1198/3 2769/1197/3 2841/1196/3
f 2767/1199/3 2768/1198/3 2841/1196/3
f 2766/1200/3 2767/1199/3 2841/1196/3
f 2765/1201/3 2766/1200/3 2841/1196/3
f 2764/1202/3 2765/1201/3 2841/1196/3
f 2763/1203/3 2764/1202/3 2841/1196/3
f 2762/1204/3 2763/1203/3 2841/1196/3
f 2761/1205/3 2762/1204/3 2841/1196/3
f 2761/1205/3 2841/1196/3 2842/1206/3
f 2760/1207/3 2761/1205/3 2842/1206/3
f 2759/1208/3 2760/1207/3 2842/1206/3
f 2758/1209/3 2759/1208/3 2842/1206/3
f 2757/1210/3 2758/1209/3 2842/1206/3
f 2756/1211/3 2757/1210/3 2842/1206/3
f 2755/1212/3 2756/1211/3 2842/1206/3
f 2754/1213/3 2755/1212/3 2842/1206/3
f 2753/1214/3 2754/1213/3 2842/1206/3
f 2884/1215/3 2753/1214/3 2842/1206/3
f 2883/1216/3 2884/1215/3 2842/1206/3
f 2882/1217/3 2883/1216/3 2842/1206/3
f 2881/1218/3 2882/1217/3 2842/1206/3
f 2880/1219/3 2881/1218/3 2842/1206/3
f 2879/1220/3 2880/1219/3 2842/1206/3
f 2878/1221/3 2879/1220/3 2842/1206/3
f 2877/1222/3 2878/1221/3 2842/1206/3
f 2877/1222/3 2842/1206/3 2843/1223/3
f 2876/1224/3 2877/1222/3 2843/1223/3
f 2875/1225/3 2876/1224/3 2843/1223/3
f 2874/1226/3 2875/1225/3 2843/1223/3
f 2873/1227/3 2874/1226/3 2843/1223/3
f 2872/1228/3 2873/1227/3 2843/1223/3
f 2871/1229/3 2872/1228/3 2843/1223/3
f 2871/1229/3 2843/1223/3 2844/1230/3
f 2870/1231/3 2871/1229/3 2844/1230/3
f 2869/1232/3 2870/1231/3 2844/1230/3
f 2869/1232/3 2844/1230/3 2845/1233/3
f 2868/1234/3 2869/1232/3 2845/1233/3
f 2867/1235/3 2868/1234/3 2845/1233/3
f 2867/1235/3 2845/1233/3 2846/1236/3
f 2866/1237/3 2867/1235/3 2846/1236/3
f 2866/1237/3 2846/1236/3 2847/1238/3
f 2865/1239/3 2866/1237/3 2847/1238/3
f 2864/1240/3 2865/1239/3 2847/1238/3
f 2864/1240/3 2847/1238/3 2848/1241/3
f 2863/1242/3 2864/1240/3 2848/1241/3
f 2863/1242/3 2848/1241/3 2849/1243/3
f 2863/1242/3 2849/1243/3 2850/1244/3
f 2862/1245/3 2863/1242/3 2850/1244/3
f 2862/1245/3 2850/1244/3 2851/1246/3
f 2862/1245/3 2851/1246/3 2852/1247/3
f 2862/1245/3 2852/1247/3 2853/1248/3
f 2861/1249/3 2862/1245/3 2853/1248/3
f 2861/1249/3 2853/1248/3 2854/1250/3
f 2861/1249/3 2854/1250/3 2855/1251/3
f 2861/1249/3 2855/1251/3 2856/1252/3
f 2861/1249/3 2856/1252/3 2857/1253/3
f 2860/1254/3 2861/1249/3 2857/1253/3
f 2860/1254/3 2857/1253/3 2858/1255/3
f 2860/1254/3 2858/1255/3 2859/1256/3
f 3148/1257/3 3149/1259/3 3150/1258/3
f 3075/1260/3 3076/1262/3 3077/1261/3
f 3148/1257/3 3150/1258/3 3151/1263/3
f 3074/1264/3 3075/1260/3 3077/1261/3
f 3074/1264/3 3077/1261/3 3078/1265/3
f 3148/1257/3 3151/1263/3 3152/1266/3
f 3073/1267/3 3074/1264/3 3078/1265/3
f 3147/1268/3 3148/1257/3 3152/1266/3
f 3147/1268/3 3152/1266/3 3153/1269/3
f 3072/1270/3 3073/1267/3 3078/1265/3
f 3072/1270/3 3078/1265/3 3079/1271/3
f 3147/1268/3 3153/1269/3 3154/1272/3
f 3071/1273/3 3072/1270/3 3079/1271/3
f 3147/1268/3 3154/1272/3 3155/1274/3
f 3070/1275/3 3071/1273/3 3079/1271/3
f 3147/1268/3 3155/1274/3 3156/1276/3
f 3069/1277/3 3070/1275/3 3079/1271/3
f 3069/1277/3 3079/1271/3 3080/1278/3
f 3147/1268/3 3156/1276/3 3157/1279/3
f 3068/1280/3 3069/1277/3 3080/1278/3
f 3146/1281/3 3147/1268/3 3157/1279/3
f 3146/1281/3 3157/1279/3 3158/1282/3
f 3067/1283/3 3068/1280/3 3080/1278/3
f 3146/1281/3 3158/1282/3 3159/1284/3
f 3066/1285/3 3067/1283/3 3080/1278/3
f 3146/1281/3 3159/1284/3 3160/1286/3
f 3065/59/3 3066/1285/3 3080/1278/3
f 3146/1281/3 3160/1286/3 3161/1287/3
f 3162/57/3 3065/59/3 3080/1278/3
f 3146/1281/3 3161/1287/3 3162/57/3
f 3146/1281/3 3162/57/3 3080/1278/3
f 3146/1281/3 3080/1278/3 3081/1288/3
f 3146/1281/3 3081/1288/3 3082/1289/3
f 3145/1290/3 3146/1281/3 3082/1289/3
f 3145/1290/3 3082/1289/3 3083/1291/3
f 3145/1290/3 3083/1291/3 3084/1292/3
f 3145/1290/3 3084/1292/3 3085/1293/3
f 3144/1294/3 3145/1290/3 3085/1293/3
f 3144/1294/3 3085/1293/3 3086/1295/3
f 3144/1294/3 3086/1295/3 3087/1296/3
f 3144/1294/3 3087/1296/3 3088/1297/3
f 3143/1298/3 3144/1294/3 3088/1297/3
f 3143/1298/3 3088/1297/3 3089/1299/3
f 3143/1298/3 3089/1299/3 3090/1300/3
f 3142/1301/3 3143/1298/3 3090/1300/3
f 3142/1301/3 3090/1300/3 3091/1302/3
f 3142/1301/3 3091/1302/3 3092/1303/3
f 3141/1304/3 3142/1301/3 3092/1303/3
f 3141/1304/3 3092/1303/3 3093/1305/3
f 3141/1304/3 3093/1305/3 3094/1306/3
f 3140/1307/3 3141/1304/3 3094/1306/3
f 3140/1307/3 3094/1306/3 3095/1308/3
f 3140/1307/3 3095/1308/3 3096/1309/3
f 3139/1310/3 3140/1307/3 3096/1309/3
f 3139/1310/3 3096/1309/3 3097/1311/3
f 3138/1312/3 3139/1310/3 3097/1311/3
f 3138/1312/3 3097/1311/3 3098/1313/3
f 3138/1312/3 3098/1313/3 3099/1314/3
f 3137/1315/3 3138/1312/3 3099/1314/3
f 3137/1315/3 3099/1314/3 3100/1316/3
f 3136/1317/3 3137/1315/3 3100/1316/3
f 3136/1317/3 3100/1316/3 3101/1318/3
f 3136/1317/3 3101/1318/3 3102/1319/3
f 3135/1320/3 3136/1317/3 3102/1319/3
f 3135/1320/3 3102/1319/3 3103/1321/3
f 3134/1322/3 3135/1320/3 3103/1321/3
f 3134/1322/3 3103/1321/3 3104/1323/3
f 3133/1324/3 3134/1322/3 3104/1323/3
f 3133/1324/3 3104/1323/3 3105/1325/3
f 3132/1326/3 3133/1324/3 3105/1325/3
f 3132/1326/3 3105/1325/3 3106/1327/3
f 3131/1328/3 3132/1326/3 3106/1327/3
f 3131/1328/3 3106/1327/3 3107/1329/3
f 3130/1330/3 3131/1328/3 3107/1329/3
f 3130/1330/3 3107/1329/3 3108/1331/3
f 3129/1332/3 3130/1330/3 3108/1331/3
f 3129/1332/3 3108/1331/3 3109/1333/3
f 3128/1334/3 3129/1332/3 3109/1333/3
f 3127/1335/3 3128/1334/3 3125/1336/3
f 3125/1336/3 3128/1334/3 3124/1337/3
f 3124/1337/3 3128/1334/3 3109/1333/3
f 3127/1335/3 3125/1336/3 3126/1338/3
f 3123/1339/3 3124/1337/3 3109/1333/3
f 3122/1340/3 3123/1339/3 3109/1333/3
f 3121/1341/3 3122/1340/3 3109/1333/3
f 3121/1341/3 3109/1333/3 3110/1342/3
f 3120/1343/3 3121/1341/3 3110/1342/3
f 3119/1344/3 3120/1343/3 3110/1342/3
f 3118/1345/3 3119/1344/3 3110/1342/3
f 3117/1346/3 3118/1345/3 3110/1342/3
f 3116/1347/3 3117/1346/3 3110/1342/3
f 3116/1347/3 3110/1342/3 3111/1348/3
f 3115/1349/3 3116/1347/3 3111/1348/3
f 3114/1350/3 3115/1349/3 3111/1348/3
f 3113/1351/3 3114/1350/3 3111/1348/3
f 3113/1351/3 3111/1348/3 3112/1352/3
f 3416/1353/3 3417/1354/3 3418/57/3
f 3416/1353/3 3418/57/3 3345/1355/3
f 3415/1356/3 3416/1353/3 3345/1355/3
f 3415/1356/3 3345/1355/3 3346/1357/3
f 3414/1358/3 3415/1356/3 3346/1357/3
f 3414/1358/3 3346/1357/3 3347/1359/3
f 3414/1358/3 3347/1359/3 3348/1360/3
f 3413/1361/3 3414/1358/3 3348/1360/3
f 3413/1361/3 3348/1360/3 3349/1362/3
f 3412/1363/3 3413/1361/3 3349/1362/3
f 3412/1363/3 3349/1362/3 3350/1364/3
f 3411/1365/3 3412/1363/3 3350/1364/3
f 3411/1365/3 3350/1364/3 3351/1366/3
f 3410/1367/3 3411/1365/3 3351/1366/3
f 3410/1367/3 3351/1366/3 3352/1368/3
f 3409/1369/3 3410/1367/3 3352/1368/3
f 3409/1369/3 3352/1368/3 3353/1370/3
f 3408/1371/3 3409/1369/3 3353/1370/3
f 3408/1371/3 3353/1370/3 3354/1372/3
f 3408/1371/3 3354/1372/3 3355/1373/3
f 3407/1374/3 3408/1371/3 3355/1373/3
f 3407/1374/3 3355/1373/3 3356/1375/3
f 3406/1376/3 3407/1374/3 3356/1375/3
f 3406/1376/3 3356/1375/3 3357/1377/3
f 3405/1378/3 3406/1376/3 3357/1377/3
f 3405/1378/3 3357/1377/3 3358/1379/3
f 3405/1378/3 3358/1379/3 3359/1380/3
f 3404/1381/3 3405/1378/3 3359/1380/3
f 3404/1381/3 3359/1380/3 3360/1382/3
f 3403/1383/3 3404/1381/3 3360/1382/3
f 3402/1384/3 3403/1383/3 3360/1382/3
f 3402/1384/3 3360/1382/3 3361/1385/3
f 3401/1386/3 3402/1384/3 3361/1385/3
f 3401/1386/3 3361/1385/3 3362/1387/3
f 3400/1388/3 3401/1386/3 3362/1387/3
f 3400/1388/3 3362/1387/3 3363/1389/3
f 3399/1390/3 3400/1388/3 3363/1389/3
f 3399/1390/3 3363/1389/3 3364/1391/3
f 3398/1392/3 3399/1390/3 3364/1391/3
f 3397/1393/3 3398/1392/3 3364/1391/3
f 3397/1393/3 3364/1391/3 3365/1394/3
f 3396/1395/3 3397/1393/3 3365/1394/3
f 3396/1395/3 3365/1394/3 3366/1396/3
f 3395/1397/3 3396/1395/3 3366/1396/3
f 3394/1398/3 3395/1397/3 3366/1396/3
f 3394/1398/3 3366/1396/3 3367/1399/3
f 3393/1400/3 3394/1398/3 3367/1399/3
f 3393/1400/3 3367/1399/3 3368/1401/3
f 3392/1402/3 3393/1400/3 3368/1401/3
f 3392/1402/3 3368/1401/3 3369/1403/3
f 3391/1404/3 3392/1402/3 3369/1403/3
f 3391/1404/3 3369/1403/3 3370/1405/3
f 3390/1406/3 3391/1404/3 3370/1405/3
f 3390/1406/3 3370/1405/3 3371/1407/3
f 3389/1408/3 3390/1406/3 3371/1407/3
f 3389/1408/3 3371/1407/3 3372/1409/3
f 3389/1408/3 3372/1409/3 3373/1410/3
f 3388/1411/3 3389/1408/3 3373/1410/3
f 3388/1411/3 3373/1410/3 3374/1412/3
f 3387/1413/3 3388/1411/3 3374/1412/3
f 3387/1413/3 3374/1412/3 3375/1414/3
f 3386/1415/3 3387/1413/3 3375/1414/3
f 3386/1415/3 3375/1414/3 3376/1416/3
f 3385/1417/3 3386/1415/3 3376/1416/3
f 3385/1417/3 3376/1416/3 3377/1418/3
f 3384/1419/3 3385/1417/3 3377/1418/3
f 3384/1419/3 3377/1418/3 3378/1420/3
f 3383/1421/3 3384/1419/3 3378/1420/3
f 3383/1421/3 3378/1420/3 3379/1422/3
f 3382/1423/3 3383/1421/3 3379/1422/3
f 3382/1423/3 3379/1422/3 3380/1424/3
f 3381/1425/3 3382/1423/3 3380/1424/3
f 3342/1426/3 3343/1428/3 3344/1427/3
f 3342/1426/3 3344/1427/3 3163/59/3
f 3342/1426/3 3163/59/3 3164/1429/3
f 3341/1430/3 3342/1426/3 3164/1429/3
f 3341/1430/3 3164/1429/3 3165/1431/3
f 3340/1432/3 3341/1430/3 3165/1431/3
f 3339/1433/3 3340/1432/3 3165/1431/3
f 3339/1433/3 3165/1431/3 3166/1434/3
f 3338/1435/3 3339/1433/3 3166/1434/3
f 3338/1435/3 3166/1434/3 3167/1436/3
f 3337/1437/3 3338/1435/3 3167/1436/3
f 3337/1437/3 3167/1436/3 3168/1438/3
f 3336/1439/3 3337/1437/3 3168/1438/3
f 3336/1439/3 3168/1438/3 3169/1440/3
f 3335/1441/3 3336/1439/3 3169/1440/3
f 3335/1441/3 3169/1440/3 3170/1442/3
f 3334/1443/3 3335/1441/3 3170/1442/3
f 3334/1443/3 3170/1442/3 3171/1444/3
f 3333/1445/3 3334/1443/3 3171/1444/3
f 3333/1445/3 3171/1444/3 3172/1446/3
f 3332/1447/3 3333/1445/3 3172/1446/3
f 3332/1447/3 3172/1446/3 3173/1448/3
f 3331/1449/3 3332/1447/3 3173/1448/3
f 3331/1449/3 3173/1448/3 3174/1450/3
f 3330/1451/3 3331/1449/3 3174/1450/3
f 3329/1452/3 3330/1451/3 3174/1450/3
f 3328/1453/3 3329/1452/3 3174/1450/3
f 3328/1453/3 3174/1450/3 3175/1454/3
f 3327/1455/3 3328/1453/3 3175/1454/3
f 3327/1455/3 3175/1454/3 3176/1456/3
f 3326/1457/3 3327/1455/3 3176/1456/3
f 3326/1457/3 3176/1456/3 3177/1458/3
f 3325/1459/3 3326/1457/3 3177/1458/3
f 3325/1459/3 3177/1458/3 3178/1460/3
f 3324/1461/3 3325/1459/3 3178/1460/3
f 3324/1461/3 3178/1460/3 3179/1462/3
f 3323/1463/3 3324/1461/3 3179/1462/3
f 3323/1463/3 3179/1462/3 3180/1464/3
f 3322/1465/3 3323/1463/3 3180/1464/3
f 3322/1465/3 3180/1464/3 3181/1466/3
f 3321/1467/3 3322/1465/3 3181/1466/3
f 3321/1467/3 3181/1466/3 3182/1468/3
f 3320/1469/3 3321/1467/3 3182/1468/3
f 3320/1469/3 3182/1468/3 3183/1470/3
f 3320/1469/3 3183/1470/3 3184/1471/3
f 3319/1472/3 3320/1469/3 3184/1471/3
f 3319/1472/3 3184/1471/3 3185/1473/3
f 3318/1474/3 3319/1472/3 3185/1473/3
f 3318/1474/3 3185/1473/3 3186/1475/3
f 3317/1476/3 3318/1474/3 3186/1475/3
f 3317/1476/3 3186/1475/3 3187/1477/3
f 3316/1478/3 3317/1476/3 3187/1477/3
f 3316/1478/3 3187/1477/3 3188/1479/3
f 3315/1480/3 3316/1478/3 3188/1479/3
f 3315/1480/3 3188/1479/3 3189/1481/3
f 3314/1482/3 3315/1480/3 3189/1481/3
f 3314/1482/3 3189/1481/3 3190/1483/3
f 3314/1482/3 3190/1483/3 3191/1484/3
f 3313/1485/3 3314/1482/3 3191/1484/3
f 3313/1485/3 3191/1484/3 3192/1486/3
f 3312/1487/3 3313/1485/3 3192/1486/3
f 3312/1487/3 3192/1486/3 3193/1488/3
f 3311/1489/3 3312/1487/3 3193/1488/3
f 3311/1489/3 3193/1488/3 3194/1490/3
f 3310/1491/3 3311/1489/3 3194/1490/3
f 3310/1491/3 3194/1490/3 3195/1492/3
f 3309/1493/3 3310/1491/3 3195/1492/3
f 3309/1493/3 3195/1492/3 3196/1494/3
f 3309/1493/3 3196/1494/3 3197/1495/3
f 3308/1496/3 3309/1493/3 3197/1495/3
f 3308/1496/3 3197/1495/3 3198/1497/3
f 3307/1498/3 3308/1496/3 3198/1497/3
f 3307/1498/3 3198/1497/3 3199/1499/3
f 3306/1500/3 3307/1498/3 3199/1499/3
f 3306/1500/3 3199/1499/3 3200/1501/3
f 3305/1502/3 3306/1500/3 3200/1501/3
f 3305/1502/3 3200/1501/3 3201/1503/3
f 3304/1504/3 3305/1502/3 3201/1503/3
f 3304/1504/3 3201/1503/3 3202/1505/3
f 3303/1506/3 3304/1504/3 3202/1505/3
f 3303/1506/3 3202/1505/3 3203/1507/3
f 3302/1508/3 3303/1506/3 3203/1507/3
f 3302/1508/3 3203/1507/3 3204/1509/3
f 3302/1508/3 3204/1509/3 3205/1510/3
f 3301/1511/3 3302/1508/3 3205/1510/3
f 3301/1511/3 3205/1510/3 3206/1512/3
f 3301/1511/3 3206/1512/3 3207/1513/3
f 3301/1511/3 3207/1513/3 3208/1514/3
f 3301/1511/3 3208/1514/3 3210/1515/3
f 3210/1515/3 3208/1514/3 3209/1516/3
f 3301/1511/3 3210/1515/3 3211/1517/3
f 3300/1518/3 3301/1511/3 3211/1517/3
f 3300/1518/3 3211/1517/3 3212/1519/3
f 3300/1518/3 3212/1519/3 3213/1520/3
f 3300/1518/3 3213/1520/3 3214/1521/3
f 3299/1522/3 3300/1518/3 3283/1523/3
f 3283/1523/3 3300/1518/3 3282/1524/3
f 3282/1524/3 3300/1518/3 3214/1521/3
f 3282/1524/3 3214/1521/3 3215/1525/3
f 3281/1526/3 3282/1524/3 3215/1525/3
f 3299/1522/3 3283/1523/3 3284/1527/3
f 3280/1528/3 3281/1526/3 3215/1525/3
f 3299/1522/3 3284/1527/3 3285/1529/3
f 3299/1522/3 3285/1529/3 3286/1530/3
f 3279/1531/3 3280/1528/3 3215/1525/3
f 3299/1522/3 3286/1530/3 3287/1532/3
f 3298/1533/3 3299/1522/3 3287/1532/3
f 3298/1533/3 3287/1532/3 3288/1534/3
f 3298/1533/3 3288/1534/3 3289/1535/3
f 3278/1536/3 3279/1531/3 3215/1525/3
f 3278/1536/3 3215/1525/3 3216/1537/3
f 3298/1533/3 3289/1535/3 3290/1538/3
f 3297/1539/3 3298/1533/3 3290/1538/3
f 3297/1539/3 3290/1538/3 3291/1540/3
f 3297/1539/3 3291/1540/3 3292/1541/3
f 3296/1542/3 3297/1539/3 3292/1541/3
f 3296/1542/3 3292/1541/3 3293/1543/3
f 3296/1542/3 3293/1543/3 3294/1544/3
f 3277/1545/3 3278/1536/3 3216/1537/3
f 3295/1546/3 3296/1542/3 3294/1544/3
f 3277/1545/3 3216/1537/3 3217/1547/3
f 3276/1548/3 3277/1545/3 3217/1547/3
f 3275/1549/3 3276/1548/3 3217/1547/3
f 3275/1549/3 3217/1547/3 3218/1550/3
f 3274/1551/3 3275/1549/3 3218/1550/3
f 3274/1551/3 3218/1550/3 3219/1552/3
f 3273/1553/3 3274/1551/3 3219/1552/3
f 3273/1553/3 3219/1552/3 3220/1554/3
f 3272/1555/3 3273/1553/3 3220/1554/3
f 3272/1555/3 3220/1554/3 3221/1556/3
f 3271/1557/3 3272/1555/3 3221/1556/3
f 3271/1557/3 3221/1556/3 3222/1558/3
f 3270/1559/3 3271/1557/3 3222/1558/3
f 3270/1559/3 3222/1558/3 3223/1560/3
f 3270/1559/3 3223/1560/3 3224/1561/3
f 3270/1559/3 3224/1561/3 3225/1562/3
f 3270/1559/3 3225/1562/3 3226/1563/3
f 3269/1564/3 3270/1559/3 3226/1563/3
f 3269/1564/3 3226/1563/3 3227/1565/3
f 3269/1564/3 3227/1565/3 3228/1566/3
f 3269/1564/3 3228/1566/3 3229/1567/3
f 3268/1568/3 3269/1564/3 3229/1567/3
f 3268/1568/3 3229/1567/3 3230/1569/3
f 3268/1568/3 3230/1569/3 3231/1570/3
f 3267/1571/3 3268/1568/3 3231/1570/3
f 3267/1571/3 3231/1570/3 3232/1572/3
f 3266/1573/3 3267/1571/3 3232/1572/3
f 3266/1573/3 3232/1572/3 3233/1574/3
f 3266/1573/3 3233/1574/3 3234/1575/3
f 3265/1576/3 3266/1573/3 3234/1575/3
f 3265/1576/3 3234/1575/3 3235/1577/3
f 3264/1578/3 3265/1576/3 3235/1577/3
f 3264/1578/3 3235/1577/3 3236/1579/3
f 3263/1580/3 3264/1578/3 3236/1579/3
f 3263/1580/3 3236/1579/3 3237/1581/3
f 3262/1582/3 3263/1580/3 3237/1581/3
f 3261/1583/3 3262/1582/3 3237/1581/3
f 3261/1583/3 3237/1581/3 3238/1584/3
f 3260/1585/3 3261/1583/3 3238/1584/3
f 3259/1586/3 3260/1585/3 3238/1584/3
f 3259/1586/3 3238/1584/3 3239/1587/3
f 3258/1588/3 3259/1586/3 3239/1587/3
f 3257/1589/3 3258/1588/3 3239/1587/3
f 3257/1589/3 3239/1587/3 3240/1590/3
f 3256/1591/3 3257/1589/3 3240/1590/3
f 3256/1591/3 3240/1590/3 3241/1592/3
f 3255/1593/3 3256/1591/3 3241/1592/3
f 3255/1593/3 3241/1592/3 3242/1594/3
f 3254/1595/3 3255/1593/3 3242/1594/3
f 3253/1596/3 3254/1595/3 3242/1594/3
f 3253/1596/3 3242/1594/3 3243/1597/3
f 3252/1598/3 3253/1596/3 3243/1597/3
f 3252/1598/3 3243/1597/3 3244/1599/3
f 3251/1600/3 3252/1598/3 3244/1599/3
f 3250/1601/3 3251/1600/3 3244/1599/3
f 3250/1601/3 3244/1599/3 3245/1602/3
f 3249/1603/3 3250/1601/3 3245/1602/3
f 3249/1603/3 3245/1602/3 3246/1604/3
f 3248/1605/3 3249/1603/3 3246/1604/3
f 3248/1605/3 3246/1604/3 3247/1606/3
f 3598/1607/3 3599/1608/3 3600/57/3
f 3598/1607/3 3600/57/3 3419/59/3
f 3598/1607/3 3419/59/3 3420/1609/3
f 3597/1610/3 3598/1607/3 3420/1609/3
f 3597/1610/3 3420/1609/3 3421/1611/3
f 3596/1612/3 3597/1610/3 3421/1611/3
f 3596/1612/3 3421/1611/3 3422/1613/3
f 3595/1614/3 3596/1612/3 3422/1613/3
f 3595/1614/3 3422/1613/3 3423/1615/3
f 3594/1616/3 3595/1614/3 3423/1615/3
f 3594/1616/3 3423/1615/3 3424/1617/3
f 3593/1618/3 3594/1616/3 3424/1617/3
f 3592/1619/3 3593/1618/3 3424/1617/3
f 3592/1619/3 3424/1617/3 3425/1620/3
f 3591/1621/3 3592/1619/3 3425/1620/3
f 3591/1621/3 3425/1620/3 3426/1622/3
f 3590/1623/3 3591/1621/3 3426/1622/3
f 3590/1623/3 3426/1622/3 3427/1624/3
f 3589/1625/3 3590/1623/3 3427/1624/3
f 3588/1626/3 3589/1625/3 3427/1624/3
f 3588/1626/3 3427/1624/3 3428/1627/3
f 3587/1628/3 3588/1626/3 3428/1627/3
f 3587/1628/3 3428/1627/3 3429/1629/3
f 3586/1630/3 3587/1628/3 3429/1629/3
f 3586/1630/3 3429/1629/3 3430/1631/3
f 3585/1632/3 3586/1630/3 3430/1631/3
f 3584/1633/3 3585/1632/3 3430/1631/3
f 3584/1633/3 3430/1631/3 3431/1634/3
f 3583/1635/3 3584/1633/3 3431/1634/3
f 3583/1635/3 3431/1634/3 3432/1636/3
f 3582/1637/3 3583/1635/3 3432/1636/3
f 3582/1637/3 3432/1636/3 3433/1638/3
f 3581/1639/3 3582/1637/3 3433/1638/3
f 3581/1639/3 3433/1638/3 3434/1640/3
f 3580/1641/3 3581/1639/3 3434/1640/3
f 3580/1641/3 3434/1640/3 3435/1642/3
f 3579/1643/3 3580/1641/3 3435/1642/3
f 3579/1643/3 3435/1642/3 3436/1644/3
f 3578/1645/3 3579/1643/3 3436/1644/3
f 3578/1645/3 3436/1644/3 3437/1646/3
f 3577/1647/3 3578/1645/3 3437/1646/3
f 3577/1647/3 3437/1646/3 3438/1648/3
f 3576/1649/3 3577/1647/3 3438/1648/3
f 3576/1649/3 3438/1648/3 3439/1650/3
f 3575/1651/3 3576/1649/3 3439/1650/3
f 3575/1651/3 3439/1650/3 3440/1652/3
f 3574/1653/3 3575/1651/3 3440/1652/3
f 3574/1653/3 3440/1652/3 3441/1654/3
f 3573/1655/3 3574/1653/3 3441/1654/3
f 3573/1655/3 3441/1654/3 3442/1656/3
f 3573/1655/3 3442/1656/3 3443/1657/3
f 3572/1658/3 3573/1655/3 3443/1657/3
f 3571/1659/3 3572/1658/3 3443/1657/3
f 3570/1660/3 3571/1659/3 3443/1657/3
f 3569/1661/3 3570/1660/3 3443/1657/3
f 3569/1661/3 3443/1657/3 3549/1662/3
f 3549/1662/3 3443/1657/3 3548/1663/3
f 3548/1663/3 3443/1657/3 3444/1664/3
f 3568/1665/3 3569/1661/3 3550/1666/3
f 3550/1666/3 3569/1661/3 3549/1662/3
f 3567/1667/3 3568/1665/3 3551/1668/3
f 3551/1668/3 3568/1665/3 3550/1666/3
f 3567/1667/3 3551/1668/3 3552/1669/3
f 3567/1667/3 3552/1669/3 3553/1670/3
f 3567/1667/3 3553/1670/3 3554/1671/3
f 3566/1672/3 3567/1667/3 3554/1671/3
f 3566/1672/3 3554/1671/3 3555/1673/3
f 3547/1674/3 3548/1663/3 3444/1664/3
f 3566/1672/3 3555/1673/3 3556/1675/3
f 3566/1672/3 3556/1675/3 3557/1676/3
f 3566/1672/3 3557/1676/3 3558/1677/3
f 3546/1678/3 3547/1674/3 3444/1664/3
f 3565/1679/3 3566/1672/3 3558/1677/3
f 3565/1679/3 3558/1677/3 3559/1680/3
f 3565/1679/3 3559/1680/3 3560/1681/3
f 3564/1682/3 3565/1679/3 3560/1681/3
f 3564/1682/3 3560/1681/3 3561/1683/3
f 3564/1682/3 3561/1683/3 3562/1684/3
f 3563/1685/3 3564/1682/3 3562/1684/3
f 3545/1686/3 3546/1678/3 3444/1664/3
f 3544/1687/3 3545/1686/3 3444/1664/3
f 3543/1688/3 3544/1687/3 3444/1664/3
f 3542/1689/3 3543/1688/3 3444/1664/3
f 3542/1689/3 3444/1664/3 3445/1690/3
f 3541/1691/3 3542/1689/3 3445/1690/3
f 3540/1692/3 3541/1691/3 3445/1690/3
f 3539/1693/3 3540/1692/3 3445/1690/3
f 3539/1693/3 3445/1690/3 3446/1694/3
f 3538/1695/3 3539/1693/3 3446/1694/3
f 3538/1695/3 3446/1694/3 3447/1696/3
f 3537/1697/3 3538/1695/3 3447/1696/3
f 3537/1697/3 3447/1696/3 3448/1698/3
f 3536/1699/3 3537/1697/3 3448/1698/3
f 3536/1699/3 3448/1698/3 3449/1700/3
f 3535/1701/3 3536/1699/3 3449/1700/3
f 3535/1701/3 3449/1700/3 3450/1702/3
f 3535/1701/3 3450/1702/3 3451/1703/3
f 3534/1704/3 3535/1701/3 3451/1703/3
f 3534/1704/3 3451/1703/3 3452/1705/3
f 3534/1704/3 3452/1705/3 3453/1706/3
f 3533/1707/3 3534/1704/3 3453/1706/3
f 3533/1707/3 3453/1706/3 3454/1708/3
f 3533/1707/3 3454/1708/3 3455/1709/3
f 3532/1710/3 3533/1707/3 3455/1709/3
f 3532/1710/3 3455/1709/3 3456/1711/3
f 3532/1710/3 3456/1711/3 3457/1712/3
f 3531/1713/3 3532/1710/3 3457/1712/3
f 3531/1713/3 3457/1712/3 3458/1714/3
f 3530/1715/3 3531/1713/3 3458/1714/3
f 3530/1715/3 3458/1714/3 3459/1716/3
f 3530/1715/3 3459/1716/3 3460/1717/3
f 3529/1718/3 3530/1715/3 3460/1717/3
f 3529/1718/3 3460/1717/3 3461/1719/3
f 3528/1720/3 3529/1718/3 3461/1719/3
f 3528/1720/3 3461/1719/3 3462/1721/3
f 3527/1722/3 3528/1720/3 3462/1721/3
f 3527/1722/3 3462/1721/3 3463/1723/3
f 3525/1724/3 3526/1725/3 3527/1722/3
f 3525/1724/3 3527/1722/3 3463/1723/3
f 3524/1726/3 3525/1724/3 3463/1723/3
f 3523/1727/3 3524/1726/3 3463/1723/3
f 3523/1727/3 3463/1723/3 3490/1728/3
f 3490/1728/3 3463/1723/3 3464/1729/3
f 3523/1727/3 3490/1728/3 3491/1730/3
f 3489/1731/3 3490/1728/3 3464/1729/3
f 3522/1732/3 3523/1727/3 3491/1730/3
f 3488/1733/3 3489/1731/3 3464/1729/3
f 3522/1732/3 3491/1730/3 3492/1734/3
f 3521/1735/3 3522/1732/3 3492/1734/3
f 3487/1736/3 3488/1733/3 3464/1729/3
f 3521/1735/3 3492/1734/3 3493/1737/3
f 3520/1738/3 3521/1735/3 3493/1737/3
f 3487/1736/3 3464/1729/3 3465/1739/3
f 3519/1740/3 3520/1738/3 3493/1737/3
f 3486/1741/3 3487/1736/3 3465/1739/3
f 3519/1740/3 3493/1737/3 3494/1742/3
f 3518/1743/3 3519/1740/3 3494/1742/3
f 3486/1741/3 3465/1739/3 3466/1744/3
f 3517/1745/3 3518/1743/3 3494/1742/3
f 3516/1746/3 3517/1745/3 3494/1742/3
f 3485/1747/3 3486/1741/3 3466/1744/3
f 3516/1746/3 3494/1742/3 3495/1748/3
f 3485/1747/3 3466/1744/3 3467/1749/3
f 3515/1750/3 3516/1746/3 3495/1748/3
f 3514/1751/3 3515/1750/3 3495/1748/3
f 3485/1747/3 3467/1749/3 3468/1752/3
f 3513/1753/3 3514/1751/3 3495/1748/3
f 3484/1754/3 3485/1747/3 3468/1752/3
f 3513/1753/3 3495/1748/3 3496/1755/3
f 3484/1754/3 3468/1752/3 3469/1756/3
f 3512/1757/3 3513/1753/3 3496/1755/3
f 3484/1754/3 3469/1756/3 3470/1758/3
f 3483/1759/3 3484/1754/3 3470/1758/3
f 3511/1760/3 3512/1757/3 3496/1755/3
f 3511/1760/3 3496/1755/3 3497/1761/3
f 3510/1762/3 3511/1760/3 3497/1761/3
f 3483/1759/3 3470/1758/3 3471/1763/3
f 3482/1764/3 3483/1759/3 3471/1763/3
f 3510/1762/3 3497/1761/3 3498/1765/3
f 3509/1766/3 3510/1762/3 3498/1765/3
f 3482/1764/3 3471/1763/3 3472/1767/3
f 3508/1768/3 3509/1766/3 3498/1765/3
f 3482/1764/3 3472/1767/3 3473/1769/3
f 3481/1770/3 3482/1764/3 3473/1769/3
f 3508/1768/3 3498/1765/3 3499/1771/3
f 3507/1772/3 3508/1768/3 3499/1771/3
f 3481/1770/3 3473/1769/3 3474/1773/3
f 3480/1774/3 3481/1770/3 3474/1773/3
f 3506/1775/3 3507/1772/3 3499/1771/3
f 3506/1775/3 3499/1771/3 3500/1776/3
f 3480/1774/3 3474/1773/3 3475/1777/3
f 3505/1778/3 3506/1775/3 3500/1776/3
f 3480/1774/3 3475/1777/3 3476/1779/3
f 3479/1780/3 3480/1774/3 3476/1779/3
f 3505/1778/3 3500/1776/3 3501/1781/3
f 3504/1782/3 3505/1778/3 3501/1781/3
f 3479/1780/3 3476/1779/3 3477/1783/3
f 3478/1784/3 3479/1780/3 3477/1783/3
f 3503/1785/3 3504/1782/3 3501/1781/3
f 3503/1785/3 3501/1781/3 3502/1786/3
s 1
f 3604/1787/5 3601/59/6 3602/1788/6
f 3606/1789/7 3603/1790/5 3604/1787/5
f 3608/1791/8 3605/1792/7 3606/1789/7
f 3610/1793/9 3607/1794/8 3608/1791/8
f 3612/1795/10 3609/1796/9 3610/1793/9
f 3614/1797/11 3611/1798/10 3612/1795/10
f 3616/1799/12 3613/1800/11 3614/1797/11
f 3618/1801/13 3615/1802/12 3616/1799/12
f 3620/1803/14 3617/1804/13 3618/1801/13
f 3622/1805/15 3619/1806/14 3620/1803/14
f 3624/1807/16 3621/1808/17 3622/1805/15
f 3626/1809/18 3623/1810/19 3624/1807/16
f 3628/1811/20 3625/1812/18 3626/1809/18
f 3630/1813/21 3627/1814/20 3628/1811/20
f 3632/1815/22 3629/1816/21 3630/1813/21
f 3634/1817/23 3631/1818/22 3632/1815/22
f 3636/1819/24 3633/1820/23 3634/1817/23
f 3638/1821/25 3635/1822/26 3636/1819/24
f 3640/1823/27 3637/1824/28 3638/1821/25
f 3642/1825/29 3639/1826/30 3640/1823/27
f 3644/1827/31 3641/1828/29 3642/1825/29
f 3646/1829/32 3643/1830/33 3644/1827/31
f 3648/1831/34 3645/1832/35 3646/1829/32
f 3650/1833/36 3647/1834/37 3648/1831/34
f 3652/1835/38 3649/1836/39 3650/1833/36
f 3654/1837/40 3651/1838/38 3652/1835/38
f 3656/1839/41 3653/1840/40 3654/1837/40
f 3658/1841/42 3655/1842/41 3656/1839/41
f 3660/1843/43 3657/1844/42 3658/1841/42
f 3662/1845/44 3659/1846/43 3660/1843/43
f 3664/1847/45 3661/1848/44 3662/1845/44
f 3666/1849/46 3663/1850/45 3664/1847/45
f 3668/1851/47 3665/1852/46 3666/1849/46
f 3670/1853/48 3667/1854/47 3668/1851/47
f 3672/1855/49 3669/1856/48 3670/1853/48
f 3674/1857/50 3671/1858/51 3672/1855/49
f 3676/1859/52 3673/1860/53 3674/1857/50
f 3678/1861/54 3675/1862/55 3676/1859/52
f 3680/1863/56 3677/1864/54 3678/1861/54
f 3682/1865/57 3679/1866/56 3680/1863/56
f 3684/1867/58 3681/1868/57 3682/1865/57
f 3686/1869/59 3683/1870/58 3684/1867/58
f 3688/1871/60 3685/1872/59 3686/1869/59
f 3690/1873/61 3687/1874/60 3688/1871/60
f 3692/1875/62 3689/1876/61 3690/1873/61
f 3694/1877/63 3691/1878/64 3692/1875/62
f 3696/1879/65 3693/1880/63 3694/1877/63
f 3698/1881/66 3695/1882/65 3696/1879/65
f 3700/1883/67 3697/1884/66 3698/1881/66
f 3702/1885/68 3699/1886/67 3700/1883/67
f 3704/1887/69 3701/1888/68 3702/1885/68
f 3706/1889/70 3703/1890/69 3704/1887/69
f 3708/1891/71 3705/1892/70 3706/1889/70
f 3710/1893/72 3707/1894/73 3708/1891/71
f 3712/1895/74 3709/1896/72 3710/1893/72
f 3714/1897/75 3711/1898/74 3712/1895/74
f 3716/1899/76 3713/1900/75 3714/1897/75
f 3718/1901/77 3715/1902/76 3716/1899/76
f 3720/1903/78 3717/1904/77 3718/1901/77
f 3722/1905/79 3719/1906/78 3720/1903/78
f 3724/1907/80 3721/1908/79 3722/1905/79
f 3726/1909/81 3723/1910/80 3724/1907/80
f 3728/1911/82 3725/1912/81 3726/1909/81
f 3730/1913/83 3727/1914/84 3728/1911/82
f 3732/1915/85 3729/1916/83 3730/1913/83
f 3734/1917/86 3731/1918/85 3732/1915/85
f 3736/1919/87 3733/1920/86 3734/1917/86
f 3738/1921/88 3735/1922/87 3736/1919/87
f 3740/1923/89 3737/1924/90 3738/1921/88
f 3742/1925/91 3739/1926/89 3740/1923/89
f 3744/1927/92 3741/1928/91 3742/1925/91
f 3746/1929/93 3743/1930/92 3744/1927/92
f 3748/1931/94 3745/1932/93 3746/1929/93
f 3750/1933/95 3747/1934/94 3748/1931/94
f 3752/1935/96 3749/1936/97 3750/1933/95
f 3754/1937/98 3751/1938/96 3752/1935/96
f 3756/1939/99 3753/1940/98 3754/1937/98
f 3758/1941/100 3755/1942/99 3756/1939/99
f 3760/1943/101 3757/1944/100 3758/1941/100
f 3762/1945/102 3759/1946/101 3760/1943/101
f 3764/1947/103 3761/1948/102 3762/1945/102
f 3766/1949/104 3763/1950/103 3764/1947/103
f 3768/1951/105 3765/1952/104 3766/1949/104
f 3770/1953/106 3767/1954/105 3768/1951/105
f 3772/1955/107 3769/1956/106 3770/1953/106
f 3774/1957/108 3771/1958/107 3772/1955/107
f 3776/1959/109 3773/1960/108 3774/1957/108
f 3778/1961/110 3775/1962/109 3776/1959/109
f 3780/1963/111 3777/1964/110 3778/1961/110
f 3782/1965/112 3779/1966/111 3780/1963/111
f 3784/1967/113 3781/1968/112 3782/1965/112
f 3786/1969/114 3783/1970/113 3784/1967/113
f 3788/1971/115 3785/1972/114 3786/1969/114
f 3790/1973/116 3787/1974/115 3788/1971/115
f 3792/1975/117 3789/1976/116 3790/1973/116
f 3794/1977/118 3791/1978/117 3792/1975/117
f 3796/1979/119 3793/1980/120 3794/1977/118
f 3798/1981/121 3795/1982/122 3796/1979/119
f 3800/1983/123 3797/1984/124 3798/1981/121
f 3802/1985/125 3799/1986/123 3800/1983/123
f 3804/1987/126 3801/1988/125 3802/1985/125
f 3806/1989/127 3803/1990/126 3804/1987/126
f 3808/1991/128 3805/1992/127 3806/1989/127
f 3810/1993/129 3807/1994/128 3808/1991/128
f 3812/1995/130 3809/1996/129 3810/1993/129
f 3814/1997/131 3811/1998/130 3812/1995/130
f 3816/1999/132 3813/2000/133 3814/1997/131
f 3818/2001/134 3815/2002/132 3816/1999/132
f 3820/2003/135 3817/2004/134 3818/2001/134
f 3822/2005/136 3819/2006/135 3820/2003/135
f 3824/2007/137 3821/2008/136 3822/2005/136
f 3826/2009/138 3823/2010/137 3824/2007/137
f 3828/2011/139 3825/2012/138 3826/2009/138
f 3830/2013/140 3827/2014/139 3828/2011/139
f 3832/2015/141 3829/2016/140 3830/2013/140
f 3834/2017/142 3831/2018/141 3832/2015/141
f 3836/2019/143 3833/2020/142 3834/2017/142
f 3838/2021/144 3835/2022/143 3836/2019/143
f 3840/2023/145 3837/2024/144 3838/2021/144
f 3842/2025/146 3839/2026/145 3840/2023/145
f 3844/2027/147 3841/2028/146 3842/2025/146
f 3846/2029/148 3843/2030/147 3844/2027/147
f 3848/2031/149 3845/2032/148 3846/2029/148
f 3850/2033/150 3847/2034/151 3848/2031/149
f 3852/2035/152 3849/2036/150 3850/2033/150
f 3854/2037/153 3851/2038/152 3852/2035/152
f 3856/2039/154 3853/2040/153 3854/2037/153
f 3858/2041/155 3855/2042/154 3856/2039/154
f 3860/2043/156 3857/2044/155 3858/2041/155
f 3862/2045/157 3859/2046/156 3860/2043/156
f 3864/2047/158 3861/2048/157 3862/2045/157
f 3866/2049/159 3863/2050/158 3864/2047/158
f 3868/2051/160 3865/2052/159 3866/2049/159
f 3870/2053/161 3867/2054/160 3868/2051/160
f 3872/2055/162 3869/2056/161 3870/2053/161
f 3874/2057/163 3871/2058/162 3872/2055/162
f 3876/2059/164 3873/2060/163 3874/2057/163
f 3878/2061/165 3875/2062/164 3876/2059/164
f 3880/2063/164 3877/2064/165 3878/2061/165
f 3882/2065/163 3879/2066/164 3880/2063/164
f 3884/2067/162 3881/2068/163 3882/2065/163
f 3886/2069/161 3883/2070/162 3884/2067/162
f 3888/2071/160 3885/2072/161 3886/2069/161
f 3890/2073/166 3887/2074/160 3888/2071/160
f 3892/2075/167 3889/2076/166 3890/2073/166
f 3894/2077/168 3891/2078/167 3892/2075/167
f 3896/2079/169 3893/2080/168 3894/2077/168
f 3898/2081/170 3895/2082/169 3896/2079/169
f 3900/2083/171 3897/2084/170 3898/2081/170
f 3902/2085/172 3899/2086/171 3900/2083/171
f 3904/2087/173 3901/2088/172 3902/2085/172
f 3906/2089/174 3903/2090/173 3904/2087/173
f 3908/2091/175 3905/2092/174 3906/2089/174
f 3910/2093/176 3907/2094/175 3908/2091/175
f 3912/2095/177 3909/2096/176 3910/2093/176
f 3914/2097/178 3911/2098/177 3912/2095/177
f 3916/2099/179 3913/2100/178 3914/2097/178
f 3918/2101/180 3915/2102/179 3916/2099/179
f 3920/2103/181 3917/2104/180 3918/2101/180
f 3922/2105/182 3919/2106/181 3920/2103/181
f 3924/2107/183 3921/2108/182 3922/2105/182
f 3926/2109/184 3923/2110/183 3924/2107/183
f 3928/2111/185 3925/2112/186 3926/2109/184
f 3930/2113/187 3927/2114/188 3928/2111/185
f 3932/2115/189 3929/2116/187 3930/2113/187
f 3934/2117/190 3931/2118/191 3932/2115/189
f 3936/2119/192 3933/2120/193 3934/2117/190
f 3938/2121/194 3935/2122/195 3936/2119/192
f 3940/2123/196 3937/2124/194 3938/2121/194
f 3942/2125/197 3939/2126/196 3940/2123/196
f 3944/2127/198 3941/2128/197 3942/2125/197
f 3946/2129/199 3943/2130/198 3944/2127/198
f 3948/2131/200 3945/2132/199 3946/2129/199
f 3950/2133/201 3947/2134/200 3948/2131/200
f 3952/2135/202 3949/2136/201 3950/2133/201
f 3954/2137/203 3951/2138/202 3952/2135/202
f 3956/2139/204 3953/2140/203 3954/2137/203
f 3958/2141/205 3955/2142/204 3956/2139/204
f 3960/2143/206 3957/2144/205 3958/2141/205
f 3962/2145/207 3959/2146/206 3960/2143/206
f 3964/2147/208 3961/2148/207 3962/2145/207
f 3602/2149/6 3963/2150/208 3964/2147/208
f 3968/2151/209 3965/59/210 3966/1788/210
f 3970/2152/211 3967/2153/209 3968/2151/209
f 3972/2154/212 3969/2155/211 3970/2152/211
f 3974/2156/213 3971/2157/212 3972/2154/212
f 3976/2158/214 3973/2159/213 3974/2156/213
f 3978/2160/215 3975/2161/214 3976/2158/214
f 3980/2162/216 3977/2163/215 3978/2160/215
f 3982/2164/217 3979/2165/216 3980/2162/216
f 3984/2166/218 3981/2167/217 3982/2164/217
f 3986/2168/219 3983/2169/218 3984/2166/218
f 3988/2170/220 3985/2171/219 3986/2168/219
f 3990/2172/221 3987/2173/220 3988/2170/220
f 3992/2174/222 3989/2175/221 3990/2172/221
f 3994/2176/223 3991/2177/222 3992/2174/222
f 3996/2178/224 3993/2179/225 3994/2176/223
f 3998/2180/226 3995/2181/224 3996/2178/224
f 4000/2182/227 3997/2183/226 3998/2180/226
f 4002/2184/228 3999/2185/227 4000/2182/227
f 4004/2186/229 4001/2187/230 4002/2184/228
f 4006/2188/231 4003/2189/232 4004/2186/229
f 4008/2190/233 4005/2191/234 4006/2188/231
f 4010/2192/235 4007/2193/236 4008/2190/233
f 4012/2194/237 4009/2195/235 4010/2192/235
f 4014/2196/238 4011/2197/237 4012/2194/237
f 4016/2198/239 4013/2199/238 4014/2196/238
f 4018/2200/240 4015/2201/239 4016/2198/239
f 4020/2202/241 4017/2203/240 4018/2200/240
f 4022/2204/242 4019/2205/241 4020/2202/241
f 4024/2206/243 4021/2207/242 4022/2204/242
f 4026/2208/244 4023/2209/243 4024/2206/243
f 4028/2210/245 4025/2211/244 4026/2208/244
f 4030/2212/246 4027/2213/245 4028/2210/245
f 4032/2214/247 4029/2215/248 4030/2212/246
f 4034/2216/249 4031/2217/247 4032/2214/247
f 4036/2218/250 4033/2219/249 4034/2216/249
f 4038/2220/251 4035/2221/250 4036/2218/250
f 4040/1967/252 4037/2222/251 4038/2220/251
f 4042/2223/253 4039/1970/252 4040/1967/252
f 4044/2224/254 4041/2225/253 4042/2223/253
f 4046/2226/255 4043/2227/254 4044/2224/254
f 4048/2228/256 4045/2229/255 4046/2226/255
f 4050/2230/257 4047/2231/256 4048/2228/256
f 4052/2232/258 4049/2233/257 4050/2230/257
f 4054/2234/259 4051/2235/258 4052/2232/258
f 4056/2236/260 4053/2237/259 4054/2234/259
f 4058/2238/261 4055/2239/260 4056/2236/260
f 4060/2240/262 4057/2241/261 4058/2238/261
f 4062/2242/263 4059/2243/264 4060/2240/262
f 4064/2244/265 4061/2245/266 4062/2242/263
f 4066/2246/267 4063/2247/268 4064/2244/265
f 4068/2248/269 4065/2249/267 4066/2246/267
f 4070/2250/270 4067/2251/271 4068/2248/269
f 4072/2252/272 4069/2253/273 4070/2250/270
f 4074/2254/274 4071/2255/275 4072/2252/272
f 4076/2256/276 4073/2257/277 4074/2254/274
f 4078/2258/278 4075/2259/279 4076/2256/276
f 4080/2260/280 4077/2261/281 4078/2258/278
f 4082/2262/282 4079/2263/280 4080/2260/280
f 4084/2264/283 4081/2265/284 4082/2262/282
f 4086/2266/285 4083/2267/286 4084/2264/283
f 4088/2268/287 4085/2269/285 4086/2266/285
f 4090/2270/288 4087/2271/287 4088/2268/287
f 4092/2272/289 4089/2273/288 4090/2270/288
f 4094/2274/290 4091/2275/289 4092/2272/289
f 4096/2276/291 4093/2277/290 4094/2274/290
f 4098/2278/292 4095/2279/291 4096/2276/291
f 4100/2280/293 4097/2281/292 4098/2278/292
f 4102/2282/294 4099/2283/293 4100/2280/293
f 4104/2284/295 4101/2285/294 4102/2282/294
f 4106/2286/296 4103/2287/295 4104/2284/295
f 4108/2288/297 4105/2289/296 4106/2286/296
f 4110/2290/298 4107/2291/297 4108/2288/297
f 4112/2292/299 4109/2293/298 4110/2290/298
f 3966/2149/210 4111/2294/299 4112/2292/299
f 4116/1787/300 4113/59/301 4114/1788/301
f 4118/1789/302 4115/1790/300 4116/1787/300
f 4120/1791/303 4117/1792/302 4118/1789/302
f 4122/1793/304 4119/1794/303 4120/1791/303
f 4124/1795/305 4121/1796/304 4122/1793/304
f 4126/1797/306 4123/1798/305 4124/1795/305
f 4128/1799/307 4125/1800/306 4126/1797/306
f 4130/1801/308 4127/1802/307 4128/1799/307
f 4132/1803/309 4129/1804/308 4130/1801/308
f 4134/1805/310 4131/1806/309 4132/1803/309
f 4136/1807/311 4133/1808/310 4134/1805/310
f 4138/1809/312 4135/1810/313 4136/1807/311
f 4140/1811/314 4137/1812/315 4138/1809/312
f 4142/1813/316 4139/1814/314 4140/1811/314
f 4144/1815/317 4141/1816/316 4142/1813/316
f 4146/1817/318 4143/1818/317 4144/1815/317
f 4148/1819/319 4145/1820/318 4146/1817/318
f 4150/1821/320 4147/1822/319 4148/1819/319
f 4152/1823/321 4149/1824/320 4150/1821/320
f 4154/1825/322 4151/1826/321 4152/1823/321
f 4156/1827/323 4153/1828/322 4154/1825/322
f 4158/1829/324 4155/1830/323 4156/1827/323
f 4160/1831/325 4157/1832/326 4158/1829/324
f 4162/1833/327 4159/1834/328 4160/1831/325
f 4164/1835/329 4161/1836/327 4162/1833/327
f 4166/1837/330 4163/1838/329 4164/1835/329
f 4168/1839/331 4165/1840/330 4166/1837/330
f 4170/1841/332 4167/1842/331 4168/1839/331
f 4172/1843/333 4169/1844/332 4170/1841/332
f 4174/1845/334 4171/1846/333 4172/1843/333
f 4176/1847/335 4173/1848/336 4174/1845/334
f 4178/1849/337 4175/1850/338 4176/1847/335
f 4180/1851/339 4177/1852/340 4178/1849/337
f 4182/1853/341 4179/1854/339 4180/1851/339
f 4184/1855/342 4181/1856/341 4182/1853/341
f 4186/1857/343 4183/1858/342 4184/1855/342
f 4188/1859/344 4185/1860/343 4186/1857/343
f 4190/1861/345 4187/1862/344 4188/1859/344
f 4192/1863/346 4189/1864/345 4190/1861/345
f 4194/1865/347 4191/1866/346 4192/1863/346
f 4196/1867/348 4193/1868/347 4194/1865/347
f 4198/1869/349 4195/1870/348 4196/1867/348
f 4200/1871/350 4197/1872/349 4198/1869/349
f 4202/1873/351 4199/1874/350 4200/1871/350
f 4204/1875/352 4201/1876/351 4202/1873/351
f 4206/1877/353 4203/1878/352 4204/1875/352
f 4208/1879/354 4205/1880/353 4206/1877/353
f 4210/1881/355 4207/1882/354 4208/1879/354
f 4212/1883/356 4209/1884/355 4210/1881/355
f 4214/1885/357 4211/1886/356 4212/1883/356
f 4216/1887/358 4213/1888/357 4214/1885/357
f 4218/1889/359 4215/1890/358 4216/1887/358
f 4220/1891/360 4217/1892/359 4218/1889/359
f 4222/1893/361 4219/1894/360 4220/1891/360
f 4224/1895/362 4221/1896/361 4222/1893/361
f 4226/1897/363 4223/1898/362 4224/1895/362
f 4228/1899/364 4225/1900/363 4226/1897/363
f 4230/1901/365 4227/1902/364 4228/1899/364
f 4232/1903/366 4229/1904/365 4230/1901/365
f 4234/1905/367 4231/1906/366 4232/1903/366
f 4236/1907/368 4233/1908/369 4234/1905/367
f 4238/1909/370 4235/1910/368 4236/1907/368
f 4240/1911/371 4237/1912/370 4238/1909/370
f 4242/1913/372 4239/1914/371 4240/1911/371
f 4244/1915/373 4241/1916/372 4242/1913/372
f 4246/1917/374 4243/1918/373 4244/1915/373
f 4248/1919/375 4245/1920/376 4246/1917/374
f 4250/1921/377 4247/1922/375 4248/1919/375
f 4252/1923/378 4249/1924/377 4250/1921/377
f 4254/1925/379 4251/1926/378 4252/1923/378
f 4256/1927/380 4253/1928/379 4254/1925/379
f 4258/1929/381 4255/1930/380 4256/1927/380
f 4260/1931/382 4257/1932/381 4258/1929/381
f 4262/1933/383 4259/1934/382 4260/1931/382
f 4264/1935/384 4261/1936/383 4262/1933/383
f 4266/1937/385 4263/1938/384 4264/1935/384
f 4268/1939/386 4265/1940/385 4266/1937/385
f 4270/1941/387 4267/1942/386 4268/1939/386
f 4272/1943/388 4269/1944/387 4270/1941/387
f 4274/1945/389 4271/1946/388 4272/1943/388
f 4276/1947/390 4273/1948/389 4274/1945/389
f 4278/1949/391 4275/1950/390 4276/1947/390
f 4280/1951/392 4277/1952/391 4278/1949/391
f 4282/1953/393 4279/1954/392 4280/1951/392
f 4284/1955/394 4281/1956/393 4282/1953/393
f 4286/1957/395 4283/1958/394 4284/1955/394
f 4288/1959/396 4285/1960/397 4286/1957/395
f 4290/1961/398 4287/1962/396 4288/1959/396
f 4292/1963/399 4289/1964/398 4290/1961/398
f 4294/1965/400 4291/1966/399 4292/1963/399
f 4296/1967/401 4293/1968/400 4294/1965/400
f 4298/1969/402 4295/1970/401 4296/1967/401
f 4300/1971/403 4297/1972/402 4298/1969/402
f 4302/1973/404 4299/1974/403 4300/1971/403
f 4304/1975/405 4301/1976/404 4302/1973/404
f 4306/1977/406 4303/1978/405 4304/1975/405
f 4308/1979/407 4305/1980/406 4306/1977/406
f 4310/1981/408 4307/1982/407 4308/1979/407
f 4312/1983/409 4309/1984/408 4310/1981/408
f 4314/1985/410 4311/1986/409 4312/1983/409
f 4316/1987/411 4313/1988/410 4314/1985/410
f 4318/1989/412 4315/1990/411 4316/1987/411
f 4320/1991/413 4317/1992/412 4318/1989/412
f 4322/1993/414 4319/1994/413 4320/1991/413
f 4324/1995/415 4321/1996/414 4322/1993/414
f 4326/1997/416 4323/1998/415 4324/1995/415
f 4328/1999/417 4325/2000/416 4326/1997/416
f 4330/2001/418 4327/2002/417 4328/1999/417
f 4332/2003/419 4329/2004/418 4330/2001/418
f 4334/2005/420 4331/2006/419 4332/2003/419
f 4336/2007/421 4333/2008/420 4334/2005/420
f 4338/2009/422 4335/2010/421 4336/2007/421
f 4340/2011/423 4337/2012/422 4338/2009/422
f 4342/2013/424 4339/2014/423 4340/2011/423
f 4344/2015/425 4341/2016/424 4342/2013/424
f 4346/2017/426 4343/2018/425 4344/2015/425
f 4348/2019/427 4345/2020/426 4346/2017/426
f 4350/2021/428 4347/2022/427 4348/2019/427
f 4352/2023/429 4349/2024/428 4350/2021/428
f 4354/2025/430 4351/2026/429 4352/2023/429
f 4356/2027/431 4353/2028/430 4354/2025/430
f 4358/2029/432 4355/2030/431 4356/2027/431
f 4360/2031/433 4357/2032/432 4358/2029/432
f 4362/2033/434 4359/2034/433 4360/2031/433
f 4364/2035/435 4361/2036/434 4362/2033/434
f 4366/2037/436 4363/2038/435 4364/2035/435
f 4368/2039/435 4365/2040/436 4366/2037/436
f 4370/2041/434 4367/2042/435 4368/2039/435
f 4372/2043/433 4369/2044/434 4370/2041/434
f 4374/2045/432 4371/2046/433 4372/2043/433
f 4376/2047/431 4373/2048/432 4374/2045/432
f 4378/2049/437 4375/2050/431 4376/2047/431
f 4380/2051/438 4377/2052/437 4378/2049/437
f 4382/2053/439 4379/2054/438 4380/2051/438
f 4384/2055/440 4381/2056/439 4382/2053/439
f 4386/2057/441 4383/2058/440 4384/2055/440
f 4388/2059/442 4385/2060/441 4386/2057/441
f 4390/2061/443 4387/2062/442 4388/2059/442
f 4392/2063/444 4389/2064/443 4390/2061/443
f 4394/2065/445 4391/2066/444 4392/2063/444
f 4396/2067/446 4393/2068/445 4394/2065/445
f 4398/2069/447 4395/2070/446 4396/2067/446
f 4400/2071/448 4397/2072/447 4398/2069/447
f 4402/2073/449 4399/2074/448 4400/2071/448
f 4404/2075/450 4401/2076/449 4402/2073/449
f 4406/2077/451 4403/2078/450 4404/2075/450
f 4408/2079/452 4405/2080/451 4406/2077/451
f 4410/2081/453 4407/2082/452 4408/2079/452
f 4412/2083/454 4409/2084/453 4410/2081/453
f 4414/2085/455 4411/2086/454 4412/2083/454
f 4416/2087/456 4413/2088/455 4414/2085/455
f 4418/2089/457 4415/2090/458 4416/2087/456
f 4420/2091/459 4417/2092/460 4418/2089/457
f 4422/2093/461 4419/2094/462 4420/2091/459
f 4424/2095/463 4421/2096/464 4422/2093/461
f 4426/2097/465 4423/2098/466 4424/2095/463
f 4428/2099/467 4425/2100/465 4426/2097/465
f 4430/2101/468 4427/2102/469 4428/2099/467
f 4432/2103/470 4429/2104/468 4430/2101/468
f 4434/2105/471 4431/2106/472 4432/2103/470
f 4436/2107/473 4433/2108/474 4434/2105/471
f 4438/2109/475 4435/2110/473 4436/2107/473
f 4440/2111/476 4437/2112/477 4438/2109/475
f 4442/2113/478 4439/2114/479 4440/2111/476
f 4444/2115/480 4441/2116/478 4442/2113/478
f 4446/2117/481 4443/2118/482 4444/2115/480
f 4448/2119/483 4445/2120/484 4446/2117/481
f 4450/2121/485 4447/2122/483 4448/2119/483
f 4452/2123/486 4449/2124/485 4450/2121/485
f 4454/2125/487 4451/2126/486 4452/2123/486
f 4456/2127/488 4453/2128/487 4454/2125/487
f 4458/2129/489 4455/2130/488 4456/2127/488
f 4460/2131/490 4457/2132/489 4458/2129/489
f 4462/2133/491 4459/2134/490 4460/2131/490
f 4464/2135/492 4461/2136/491 4462/2133/491
f 4466/2137/493 4463/2138/492 4464/2135/492
f 4468/2139/494 4465/2140/493 4466/2137/493
f 4470/2141/495 4467/2142/494 4468/2139/494
f 4472/2143/496 4469/2144/495 4470/2141/495
f 4474/2145/497 4471/2146/496 4472/2143/496
f 4476/2147/498 4473/2148/497 4474/2145/497
f 4114/2149/301 4475/2150/498 4476/2147/498
f 4480/2295/499 4477/59/496 4478/1788/496
f 4482/2296/500 4479/2297/499 4480/2295/499
f 4484/2298/501 4481/2299/500 4482/2296/500
f 4486/2300/502 4483/2301/501 4484/2298/501
f 4488/2302/503 4485/2303/502 4486/2300/502
f 4490/2304/502 4487/2305/503 4488/2302/503
f 4492/1811/501 4489/2306/502 4490/2304/502
f 4494/2307/500 4491/1814/501 4492/1811/501
f 4496/2308/499 4493/2309/500 4494/2307/500
f 4498/2310/496 4495/2311/499 4496/2308/499
f 4500/2312/504 4497/2313/496 4498/2310/496
f 4502/2314/505 4499/2315/504 4500/2312/504
f 4504/2316/506 4501/2317/505 4502/2314/505
f 4506/1837/507 4503/2318/506 4504/2316/506
f 4508/2319/508 4505/1840/507 4506/1837/507
f 4510/2320/509 4507/2321/508 4508/2319/508
f 4512/2322/510 4509/2323/509 4510/2320/509
f 4514/2324/511 4511/2325/510 4512/2322/510
f 4516/2326/512 4513/2327/511 4514/2324/511
f 4518/2328/513 4515/2329/512 4516/2326/512
f 4520/1863/514 4517/2330/513 4518/2328/513
f 4522/2331/515 4519/1866/514 4520/1863/514
f 4524/2332/516 4521/2333/515 4522/2331/515
f 4526/2334/517 4523/2335/516 4524/2332/516
f 4528/2336/518 4525/2337/517 4526/2334/517
f 4530/2338/519 4527/2339/518 4528/2336/518
f 4532/2340/520 4529/2341/519 4530/2338/519
f 4534/1889/521 4531/2342/520 4532/2340/520
f 4536/2343/522 4533/1892/523 4534/1889/521
f 4538/2344/524 4535/2345/522 4536/2343/522
f 4540/2346/525 4537/2347/524 4538/2344/524
f 4542/2348/526 4539/2349/525 4540/2346/525
f 4544/2350/527 4541/2351/526 4542/2348/526
f 4546/2352/528 4543/2353/527 4544/2350/527
f 4548/1915/529 4545/2354/528 4546/2352/528
f 4550/2355/530 4547/1918/529 4548/1915/529
f 4552/2356/531 4549/2357/530 4550/2355/530
f 4554/2358/532 4551/2359/531 4552/2356/531
f 4556/2360/533 4553/2361/532 4554/2358/532
f 4558/2362/534 4555/2363/533 4556/2360/533
f 4560/2364/535 4557/2365/534 4558/2362/534
f 4562/1941/536 4559/2366/535 4560/2364/535
f 4564/2367/537 4561/1944/536 4562/1941/536
f 4566/2368/538 4563/2369/537 4564/2367/537
f 4568/2370/539 4565/2371/538 4566/2368/538
f 4570/2372/540 4567/2373/539 4568/2370/539
f 4572/2374/541 4569/2375/540 4570/2372/540
f 4574/2376/542 4571/2377/541 4572/2374/541
f 4576/1967/543 4573/2378/542 4574/2376/542
f 4578/2379/544 4575/1970/543 4576/1967/543
f 4580/2380/545 4577/2381/544 4578/2379/544
f 4582/2382/546 4579/2383/545 4580/2380/545
f 4584/2384/547 4581/2385/546 4582/2382/546
f 4586/2386/546 4583/2387/547 4584/2384/547
f 4588/2388/545 4585/2389/546 4586/2386/546
f 4590/1993/544 4587/2390/545 4588/2388/545
f 4592/2391/543 4589/1996/544 4590/1993/544
f 4594/2392/542 4591/2393/543 4592/2391/543
f 4596/2394/548 4593/2395/542 4594/2392/542
f 4598/2396/549 4595/2397/548 4596/2394/548
f 4600/2398/159 4597/2399/549 4598/2396/549
f 4602/2400/550 4599/2401/159 4600/2398/159
f 4604/2019/551 4601/2402/550 4602/2400/550
f 4606/2403/552 4603/2022/551 4604/2019/551
f 4608/2404/553 4605/2405/552 4606/2403/552
f 4610/2406/554 4607/2407/553 4608/2404/553
f 4612/2408/555 4609/2409/554 4610/2406/554
f 4614/2410/150 4611/2411/555 4612/2408/555
f 4616/2412/556 4613/2413/150 4614/2410/150
f 4618/2045/557 4615/2414/556 4616/2412/556
f 4620/2415/558 4617/2048/557 4618/2045/557
f 4622/2416/559 4619/2417/558 4620/2415/558
f 4624/2418/560 4621/2419/561 4622/2416/559
f 4626/2420/562 4623/2421/560 4624/2418/560
f 4628/2422/563 4625/2423/562 4626/2420/562
f 4630/2424/564 4627/2425/563 4628/2422/563
f 4632/2071/565 4629/2426/564 4630/2424/564
f 4634/2427/566 4631/2074/565 4632/2071/565
f 4636/2428/567 4633/2429/566 4634/2427/566
f 4638/2430/568 4635/2431/567 4636/2428/567
f 4640/2432/569 4637/2433/568 4638/2430/568
f 4642/2434/570 4639/2435/569 4640/2432/569
f 4644/2436/571 4641/2437/570 4642/2434/570
f 4646/2097/572 4643/2438/571 4644/2436/571
f 4648/2439/573 4645/2100/572 4646/2097/572
f 4650/2440/574 4647/2441/573 4648/2439/573
f 4652/2442/575 4649/2443/574 4650/2440/574
f 4654/2444/576 4651/2445/575 4652/2442/575
f 4656/2446/577 4653/2447/576 4654/2444/576
f 4658/2448/578 4655/2449/577 4656/2446/577
f 4660/2123/577 4657/2450/578 4658/2448/578
f 4662/2451/576 4659/2126/577 4660/2123/577
f 4664/2452/575 4661/2453/576 4662/2451/576
f 4666/2454/574 4663/2455/575 4664/2452/575
f 4668/2456/573 4665/2457/574 4666/2454/574
f 4670/2458/208 4667/2459/573 4668/2456/573
f 4672/2460/579 4669/2461/208 4670/2458/208
f 4478/2149/496 4671/2462/579 4672/2460/579
f 4676/2463/580 4673/59/581 4674/1788/581
f 4678/2464/582 4675/2465/580 4676/2463/580
f 4680/2466/583 4677/2467/582 4678/2464/582
f 4682/2468/584 4679/2469/583 4680/2466/583
f 4684/2470/585 4681/2471/584 4682/2468/584
f 4686/2472/586 4683/2473/585 4684/2470/585
f 4688/2474/587 4685/2475/586 4686/2472/586
f 4690/2476/588 4687/2477/587 4688/2474/587
f 4692/2478/589 4689/2479/588 4690/2476/588
f 4694/2480/590 4691/2481/591 4692/2478/589
f 4696/2482/592 4693/2483/590 4694/2480/590
f 4698/2484/593 4695/2485/594 4696/2482/592
f 4700/2486/595 4697/2487/593 4698/2484/593
f 4702/2488/596 4699/2489/595 4700/2486/595
f 4704/2490/597 4701/2491/596 4702/2488/596
f 4706/2492/598 4703/2493/597 4704/2490/597
f 4708/2494/599 4705/1605/598 4706/2492/598
f 4710/2495/600 4707/2496/601 4708/2494/599
f 4712/2497/602 4709/2498/600 4710/2495/600
f 4714/2499/603 4711/2500/602 4712/2497/602
f 4716/2501/604 4713/2502/603 4714/2499/603
f 4718/2503/605 4715/2504/604 4716/2501/604
f 4720/2505/606 4717/2506/605 4718/2503/605
f 4722/1967/607 4719/2507/606 4720/2505/606
f 4724/2508/608 4721/1970/607 4722/1967/607
f 4726/2509/609 4723/2510/608 4724/2508/608
f 4728/2511/610 4725/2512/609 4726/2509/609
f 4730/2513/611 4727/2514/610 4728/2511/610
f 4732/2515/612 4729/2516/611 4730/2513/611
f 4734/2517/613 4731/2518/612 4732/2515/612
f 4736/2519/614 4733/2520/613 4734/2517/613
f 4738/2521/615 4735/2522/614 4736/2519/614
f 4740/2523/616 4737/1445/615 4738/2521/615
f 4742/2524/617 4739/2525/616 4740/2523/616
f 4744/2526/618 4741/2527/617 4742/2524/617
f 4746/2528/619 4743/2529/618 4744/2526/618
f 4748/2530/620 4745/2531/619 4746/2528/619
f 4750/2532/621 4747/2533/620 4748/2530/620
f 4752/2534/622 4749/2535/621 4750/2532/621
f 4754/2536/623 4751/2537/622 4752/2534/622
f 4756/2538/624 4753/2539/623 4754/2536/623
f 4758/2540/625 4755/2541/624 4756/2538/624
f 4760/2542/626 4757/2543/625 4758/2540/625
f 4762/2544/627 4759/2545/626 4760/2542/626
f 4764/2546/628 4761/2547/627 4762/2544/627
f 4766/2548/629 4763/2549/628 4764/2546/628
f 4768/2550/630 4765/2551/629 4766/2548/629
f 4674/2149/581 4767/2552/630 4768/2550/630
f 4772/2463/631 4769/59/632 4770/1788/632
f 4774/2464/633 4771/2465/631 4772/2463/631
f 4776/2466/634 4773/2467/633 4774/2464/633
f 4778/2468/635 4775/2469/634 4776/2466/634
f 4780/2470/636 4777/2471/635 4778/2468/635
f 4782/2472/637 4779/2473/638 4780/2470/636
f 4784/2474/639 4781/2475/637 4782/2472/637
f 4786/2476/640 4783/2477/639 4784/2474/639
f 4788/2478/641 4785/2479/640 4786/2476/640
f 4790/2480/642 4787/2481/641 4788/2478/641
f 4792/2482/643 4789/2483/642 4790/2480/642
f 4794/2484/644 4791/2485/643 4792/2482/643
f 4796/2486/645 4793/2487/644 4794/2484/644
f 4798/2488/646 4795/2489/645 4796/2486/645
f 4800/2490/647 4797/2491/646 4798/2488/646
f 4802/2492/648 4799/2493/647 4800/2490/647
f 4804/2494/649 4801/1605/648 4802/2492/648
f 4806/2495/650 4803/2496/649 4804/2494/649
f 4808/2497/651 4805/2498/650 4806/2495/650
f 4810/2499/652 4807/2500/651 4808/2497/651
f 4812/2501/653 4809/2502/652 4810/2499/652
f 4814/2503/654 4811/2504/653 4812/2501/653
f 4816/2505/655 4813/2506/654 4814/2503/654
f 4818/1967/656 4815/2507/655 4816/2505/655
f 4820/2508/657 4817/1970/656 4818/1967/656
f 4822/2509/658 4819/2510/657 4820/2508/657
f 4824/2511/659 4821/2512/658 4822/2509/658
f 4826/2513/660 4823/2514/659 4824/2511/659
f 4828/2515/661 4825/2516/660 4826/2513/660
f 4830/2517/662 4827/2518/661 4828/2515/661
f 4832/2519/663 4829/2520/662 4830/2517/662
f 4834/2521/664 4831/2522/663 4832/2519/663
f 4836/2523/665 4833/1445/664 4834/2521/664
f 4838/2524/666 4835/2525/667 4836/2523/665
f 4840/2526/668 4837/2527/666 4838/2524/666
f 4842/2528/669 4839/2529/668 4840/2526/668
f 4844/2530/670 4841/2531/669 4842/2528/669
f 4846/2532/671 4843/2533/670 4844/2530/670
f 4848/2534/672 4845/2535/671 4846/2532/671
f 4850/2536/673 4847/2537/672 4848/2534/672
f 4852/2538/674 4849/2539/673 4850/2536/673
f 4854/2540/675 4851/2541/674 4852/2538/674
f 4856/2542/676 4853/2543/675 4854/2540/675
f 4858/2544/677 4855/2545/676 4856/2542/676
f 4860/2546/678 4857/2547/677 4858/2544/677
f 4862/2548/679 4859/2549/678 4860/2546/678
f 4864/2550/680 4861/2551/679 4862/2548/679
f 4770/2149/632 4863/2552/680 4864/2550/680
f 4868/2463/681 4865/59/682 4866/1788/682
f 4870/2464/683 4867/2465/681 4868/2463/681
f 4872/2466/684 4869/2467/683 4870/2464/683
f 4874/2468/685 4871/2469/684 4872/2466/684
f 4876/2470/686 4873/2471/685 4874/2468/685
f 4878/2472/687 4875/2473/686 4876/2470/686
f 4880/2474/688 4877/2475/687 4878/2472/687
f 4882/2476/689 4879/2477/688 4880/2474/688
f 4884/2478/690 4881/2479/689 4882/2476/689
f 4886/2480/691 4883/2481/690 4884/2478/690
f 4888/2482/692 4885/2483/691 4886/2480/691
f 4890/2484/693 4887/2485/692 4888/2482/692
f 4892/2486/694 4889/2487/693 4890/2484/693
f 4894/2488/695 4891/2489/694 4892/2486/694
f 4896/2490/696 4893/2491/695 4894/2488/695
f 4898/2492/697 4895/2493/696 4896/2490/696
f 4900/2494/698 4897/1605/697 4898/2492/697
f 4902/2495/699 4899/2496/698 4900/2494/698
f 4904/2497/700 4901/2498/699 4902/2495/699
f 4906/2499/701 4903/2500/700 4904/2497/700
f 4908/2501/702 4905/2502/701 4906/2499/701
f 4910/2503/703 4907/2504/704 4908/2501/702
f 4912/2505/705 4909/2506/703 4910/2503/703
f 4914/1967/706 4911/2507/705 4912/2505/705
f 4916/2508/707 4913/1970/706 4914/1967/706
f 4918/2509/708 4915/2510/707 4916/2508/707
f 4920/2511/709 4917/2512/708 4918/2509/708
f 4922/2513/710 4919/2514/709 4920/2511/709
f 4924/2515/711 4921/2516/710 4922/2513/710
f 4926/2517/712 4923/2518/711 4924/2515/711
f 4928/2519/713 4925/2520/712 4926/2517/712
f 4930/2521/714 4927/2522/713 4928/2519/713
f 4932/2523/715 4929/1445/714 4930/2521/714
f 4934/2524/716 4931/2525/715 4932/2523/715
f 4936/2526/717 4933/2527/716 4934/2524/716
f 4938/2528/718 4935/2529/717 4936/2526/717
f 4940/2530/719 4937/2531/718 4938/2528/718
f 4942/2532/720 4939/2533/719 4940/2530/719
f 4944/2534/721 4941/2535/720 4942/2532/720
f 4946/2536/722 4943/2537/721 4944/2534/721
f 4948/2538/723 4945/2539/722 4946/2536/722
f 4950/2540/724 4947/2541/723 4948/2538/723
f 4952/2542/725 4949/2543/724 4950/2540/724
f 4954/2544/726 4951/2545/725 4952/2542/725
f 4956/2546/727 4953/2547/726 4954/2544/726
f 4958/2548/728 4955/2549/727 4956/2546/727
f 4960/2550/729 4957/2551/728 4958/2548/728
f 4866/2149/682 4959/2552/729 4960/2550/729
f 4964/2553/730 4961/59/731 4962/1788/732
f 4966/2554/733 4963/2555/730 4964/2553/730
f 4968/2556/734 4965/2557/733 4966/2554/733
f 4970/2558/735 4967/2559/734 4968/2556/734
f 4972/2560/736 4969/2561/735 4970/2558/735
f 4974/2562/737 4971/2563/736 4972/2560/736
f 4976/2564/738 4973/2565/737 4974/2562/737
f 4978/2566/739 4975/2567/738 4976/2564/738
f 4980/2568/740 4977/2569/739 4978/2566/739
f 4982/2570/741 4979/2571/740 4980/2568/740
f 4984/2468/742 4981/2572/743 4982/2570/741
f 4986/2573/744 4983/2471/742 4984/2468/742
f 4988/2574/745 4985/2575/744 4986/2573/744
f 4990/2576/746 4987/2577/745 4988/2574/745
f 4992/2578/747 4989/2579/746 4990/2576/746
f 4994/2580/748 4991/2581/747 4992/2578/747
f 4996/2582/749 4993/2583/748 4994/2580/748
f 4998/2584/750 4995/2585/749 4996/2582/749
f 5000/2586/751 4997/2587/750 4998/2584/750
f 5002/2588/752 4999/2589/751 5000/2586/751
f 5004/2590/753 5001/2591/752 5002/2588/752
f 5006/2476/754 5003/2592/753 5004/2590/753
f 5008/2593/755 5005/2479/754 5006/2476/754
f 5010/2594/756 5007/2595/755 5008/2593/755
f 5012/2596/757 5009/2597/756 5010/2594/756
f 5014/2598/758 5011/2599/757 5012/2596/757
f 5016/2600/759 5013/2601/758 5014/2598/758
f 5018/2602/760 5015/2603/759 5016/2600/759
f 5020/2604/761 5017/2605/760 5018/2602/760
f 5022/2606/762 5019/2607/761 5020/2604/761
f 5024/2608/763 5021/2609/762 5022/2606/762
f 5026/2610/764 5023/2611/763 5024/2608/763
f 5028/2484/765 5025/2612/764 5026/2610/764
f 5030/2613/766 5027/2487/765 5028/2484/765
f 5032/2614/767 5029/2615/766 5030/2613/766
f 5034/2616/768 5031/2617/769 5032/2614/767
f 5036/2618/770 5033/2619/768 5034/2616/768
f 5038/2620/771 5035/2621/770 5036/2618/770
f 5040/2622/772 5037/2623/771 5038/2620/771
f 5042/2624/773 5039/2625/772 5040/2622/772
f 5044/2626/774 5041/2627/773 5042/2624/773
f 5046/2628/775 5043/2629/774 5044/2626/774
f 5048/2630/776 5045/2631/775 5046/2628/775
f 5050/2492/777 5047/2632/776 5048/2630/776
f 5052/2633/778 5049/1605/777 5050/2492/777
f 5054/2634/779 5051/2635/778 5052/2633/778
f 5056/2636/780 5053/2637/779 5054/2634/779
f 5058/2638/781 5055/2639/780 5056/2636/780
f 5060/2640/782 5057/2641/781 5058/2638/781
f 5062/2642/783 5059/2643/782 5060/2640/782
f 5064/2644/784 5061/2645/783 5062/2642/783
f 5066/2646/785 5063/2647/784 5064/2644/784
f 5068/2648/786 5065/2649/785 5066/2646/785
f 5070/2650/787 5067/2651/788 5068/2648/786
f 5072/2499/789 5069/2652/787 5070/2650/787
f 5074/2653/790 5071/2502/789 5072/2499/789
f 5076/2654/791 5073/2655/790 5074/2653/790
f 5078/2656/792 5075/2657/791 5076/2654/791
f 5080/2658/207 5077/2659/792 5078/2656/792
f 5082/2660/793 5079/2661/207 5080/2658/207
f 5084/2662/794 5081/2663/793 5082/2660/793
f 5086/2664/795 5083/2665/794 5084/2662/794
f 5088/2666/796 5085/2667/795 5086/2664/795
f 5090/2668/797 5087/2669/796 5088/2666/796
f 5092/2670/798 5089/2671/797 5090/2668/797
f 5094/1967/799 5091/2672/798 5092/2670/798
f 5096/2673/800 5093/1970/799 5094/1967/799
f 5098/2674/801 5095/2675/800 5096/2673/800
f 5100/2676/802 5097/2677/801 5098/2674/801
f 5102/2678/803 5099/2679/802 5100/2676/802
f 5104/2680/804 5101/2681/803 5102/2678/803
f 5106/2682/805 5103/2683/804 5104/2680/804
f 5108/2684/806 5105/2685/805 5106/2682/805
f 5110/2686/807 5107/2687/806 5108/2684/806
f 5112/2688/808 5109/2689/807 5110/2686/807
f 5114/2690/809 5111/2691/808 5112/2688/808
f 5116/2513/810 5113/2692/809 5114/2690/809
f 5118/2693/811 5115/2516/810 5116/2513/810
f 5120/2694/812 5117/2695/811 5118/2693/811
f 5122/2696/813 5119/2697/812 5120/2694/812
f 5124/2698/814 5121/2699/813 5122/2696/813
f 5126/2700/815 5123/2701/814 5124/2698/814
f 5128/2702/816 5125/2703/815 5126/2700/815
f 5130/2704/817 5127/2705/816 5128/2702/816
f 5132/2706/818 5129/2707/817 5130/2704/817
f 5134/2708/819 5131/2709/818 5132/2706/818
f 5136/2710/820 5133/2711/819 5134/2708/819
f 5138/2521/821 5135/2712/820 5136/2710/820
f 5140/2713/822 5137/1445/821 5138/2521/821
f 5142/2714/823 5139/2715/822 5140/2713/822
f 5144/2716/824 5141/2717/823 5142/2714/823
f 5146/2718/825 5143/2719/824 5144/2716/824
f 5148/2720/826 5145/2721/825 5146/2718/825
f 5150/2722/827 5147/2723/826 5148/2720/826
f 5152/2724/828 5149/2725/827 5150/2722/827
f 5154/2726/829 5151/2727/828 5152/2724/828
f 5156/2728/830 5153/2729/829 5154/2726/829
f 5158/2730/831 5155/2731/830 5156/2728/830
f 5160/2528/832 5157/2732/831 5158/2730/831
f 5162/2733/833 5159/2531/832 5160/2528/832
f 5164/2734/834 5161/2735/833 5162/2733/833
f 5166/2736/835 5163/2737/834 5164/2734/834
f 5168/2738/836 5165/2739/835 5166/2736/835
f 5170/2740/837 5167/2741/836 5168/2738/836
f 5172/2742/838 5169/2743/837 5170/2740/837
f 5174/2744/839 5171/2745/838 5172/2742/838
f 5176/2746/840 5173/2747/839 5174/2744/839
f 5178/2748/841 5175/2749/840 5176/2746/840
f 5180/2750/842 5177/2751/841 5178/2748/841
f 5182/2536/843 5179/2752/842 5180/2750/842
f 5184/2753/844 5181/2539/843 5182/2536/843
f 5186/2754/845 5183/2755/844 5184/2753/844
f 5188/2756/846 5185/2757/845 5186/2754/845
f 5190/2758/847 5187/2759/846 5188/2756/846
f 5192/2760/848 5189/2761/847 5190/2758/847
f 5194/2762/849 5191/2763/848 5192/2760/848
f 5196/2764/850 5193/2765/849 5194/2762/849
f 5198/2766/851 5195/2767/850 5196/2764/850
f 5200/2768/852 5197/2769/851 5198/2766/851
f 5202/2770/853 5199/2771/854 5200/2768/852
f 5204/2544/855 5201/2772/853 5202/2770/853
f 5206/2773/856 5203/2547/855 5204/2544/855
f 5208/2774/186 5205/2775/856 5206/2773/856
f 5210/2776/857 5207/2777/858 5208/2774/186
f 5212/2778/859 5209/2779/857 5210/2776/857
f 5214/2780/860 5211/2781/859 5212/2778/859
f 5216/2782/861 5213/2783/860 5214/2780/860
f 5218/2784/862 5215/2785/861 5216/2782/861
f 5220/2786/863 5217/2787/862 5218/2784/862
f 5222/2788/864 5219/2789/865 5220/2786/863
f 5224/2790/866 5221/2791/864 5222/2788/864
f 4962/2149/732 5223/2792/866 5224/2790/866
f 5228/2793/867 5225/59/868 5226/1788/868
f 5230/2794/869 5227/2795/867 5228/2793/867
f 5232/2796/870 5229/2797/869 5230/2794/869
f 5234/2798/871 5231/2799/870 5232/2796/870
f 5236/2800/872 5233/2801/871 5234/2798/871
f 5238/1811/873 5235/2802/872 5236/2800/872
f 5240/2468/874 5237/1814/873 5238/1811/873
f 5242/2803/875 5239/2471/874 5240/2468/874
f 5244/2804/876 5241/2805/875 5242/2803/875
f 5246/2806/877 5243/2807/876 5244/2804/876
f 5248/2808/878 5245/2809/877 5246/2806/877
f 5250/1837/879 5247/2810/878 5248/2808/878
f 5252/2811/880 5249/1840/879 5250/1837/879
f 5254/2476/881 5251/2812/880 5252/2811/880
f 5256/2813/882 5253/2479/881 5254/2476/881
f 5258/2814/883 5255/2815/882 5256/2813/882
f 5260/2816/884 5257/2817/883 5258/2814/883
f 5262/1863/885 5259/2818/884 5260/2816/884
f 5264/2819/886 5261/1866/885 5262/1863/885
f 5266/2820/887 5263/2821/886 5264/2819/886
f 5268/2484/888 5265/2822/887 5266/2820/887
f 5270/2823/889 5267/2487/888 5268/2484/888
f 5272/2824/890 5269/2825/889 5270/2823/889
f 5274/1889/891 5271/2826/890 5272/2824/890
f 5276/2827/892 5273/1892/891 5274/1889/891
f 5278/2828/893 5275/2829/892 5276/2827/892
f 5280/2830/894 5277/2831/893 5278/2828/893
f 5282/2492/895 5279/2832/894 5280/2830/894
f 5284/2833/896 5281/1605/895 5282/2492/895
f 5286/1915/897 5283/2834/896 5284/2833/896
f 5288/2835/898 5285/1918/897 5286/1915/897
f 5290/2836/899 5287/2837/898 5288/2835/898
f 5292/2838/900 5289/2839/899 5290/2836/899
f 5294/2840/901 5291/2841/900 5292/2838/900
f 5296/2499/902 5293/2842/901 5294/2840/901
f 5298/1941/903 5295/2502/902 5296/2499/902
f 5300/2843/904 5297/1944/903 5298/1941/903
f 5302/2844/905 5299/2845/906 5300/2843/904
f 5304/2846/907 5301/2847/905 5302/2844/905
f 5306/2848/908 5303/2849/907 5304/2846/907
f 5308/2850/909 5305/2851/908 5306/2848/908
f 5310/1967/910 5307/2852/909 5308/2850/909
f 5312/2853/911 5309/1970/910 5310/1967/910
f 5314/2854/912 5311/2855/911 5312/2853/911
f 5316/2856/913 5313/2857/912 5314/2854/912
f 5318/2858/914 5315/2859/913 5316/2856/913
f 5320/2860/915 5317/2861/914 5318/2858/914
f 5322/1993/916 5319/2862/917 5320/2860/915
f 5324/2513/918 5321/1996/916 5322/1993/916
f 5326/2863/919 5323/2516/918 5324/2513/918
f 5328/2864/920 5325/2865/921 5326/2863/919
f 5330/2866/922 5327/2867/920 5328/2864/920
f 5332/2868/923 5329/2869/922 5330/2866/922
f 5334/2019/115 5331/2870/924 5332/2868/923
f 5336/2871/925 5333/2022/115 5334/2019/115
f 5338/2521/926 5335/2872/925 5336/2871/925
f 5340/2873/927 5337/1445/926 5338/2521/926
f 5342/2874/928 5339/2875/927 5340/2873/927
f 5344/2876/929 5341/2877/928 5342/2874/928
f 5346/2045/930 5343/2878/929 5344/2876/929
f 5348/2879/931 5345/2048/930 5346/2045/930
f 5350/2880/932 5347/2881/931 5348/2879/931
f 5352/2528/933 5349/2882/934 5350/2880/932
f 5354/2883/935 5351/2531/933 5352/2528/933
f 5356/2884/936 5353/2885/935 5354/2883/935
f 5358/2071/937 5355/2886/938 5356/2884/936
f 5360/2887/939 5357/2074/937 5358/2071/937
f 5362/2888/940 5359/2889/939 5360/2887/939
f 5364/2890/941 5361/2891/940 5362/2888/940
f 5366/2536/942 5363/2892/941 5364/2890/941
f 5368/2893/943 5365/2539/942 5366/2536/942
f 5370/2097/944 5367/2894/943 5368/2893/943
f 5372/2895/945 5369/2100/944 5370/2097/944
f 5374/2896/794 5371/2897/945 5372/2895/945
f 5376/2898/946 5373/2899/794 5374/2896/794
f 5378/2900/947 5375/2901/946 5376/2898/946
f 5380/2544/948 5377/2902/947 5378/2900/947
f 5382/2123/949 5379/2547/948 5380/2544/948
f 5384/2903/950 5381/2126/949 5382/2123/949
f 5386/2904/951 5383/2905/950 5384/2903/950
f 5388/2906/952 5385/2907/951 5386/2904/951
f 5390/2908/953 5387/2909/952 5388/2906/952
f 5392/2910/954 5389/2911/953 5390/2908/953
f 5226/2149/868 5391/2912/954 5392/2910/954
f 5396/2913/955 5393/59/956 5394/1788/956
f 5398/2914/957 5395/2915/955 5396/2913/955
f 5400/2916/958 5397/471/957 5398/2914/957
f 5402/2917/959 5399/2918/958 5400/2916/958
f 5404/2919/960 5401/469/959 5402/2917/959
f 5406/2920/961 5403/2921/960 5404/2919/960
f 5408/2922/962 5405/467/961 5406/2920/961
f 5410/2923/963 5407/2924/962 5408/2922/962
f 5412/2925/964 5409/465/963 5410/2923/963
f 5414/2926/965 5411/2927/964 5412/2925/964
f 5416/2928/966 5413/463/965 5414/2926/965
f 5418/2929/967 5415/2930/966 5416/2928/966
f 5420/2931/968 5417/461/967 5418/2929/967
f 5422/2932/969 5419/2933/968 5420/2931/968
f 5424/2934/970 5421/457/969 5422/2932/969
f 5426/2935/971 5423/2936/970 5424/2934/970
f 5428/2937/972 5425/455/971 5426/2935/971
f 5430/2938/973 5427/2939/972 5428/2937/972
f 5432/2940/974 5429/452/973 5430/2938/973
f 5434/2941/975 5431/2942/974 5432/2940/974
f 5436/2943/976 5433/449/975 5434/2941/975
f 5438/2944/977 5435/2945/976 5436/2943/976
f 5440/2946/978 5437/448/977 5438/2944/977
f 5442/2947/979 5439/2948/978 5440/2946/978
f 5444/2949/980 5441/446/979 5442/2947/979
f 5446/2950/981 5443/2951/980 5444/2949/980
f 5448/2952/982 5445/445/981 5446/2950/981
f 5450/2953/983 5447/2954/982 5448/2952/982
f 5452/2955/984 5449/443/983 5450/2953/983
f 5454/2956/985 5451/2957/984 5452/2955/984
f 5456/2958/986 5453/442/985 5454/2956/985
f 5458/2959/987 5455/2960/986 5456/2958/986
f 5460/2961/988 5457/440/987 5458/2959/987
f 5462/2962/989 5459/2963/988 5460/2961/988
f 5464/2964/505 5461/439/989 5462/2962/989
f 5466/2965/990 5463/2966/505 5464/2964/505
f 5468/2967/991 5465/437/990 5466/2965/990
f 5470/2968/992 5467/2969/991 5468/2967/991
f 5472/2970/993 5469/436/992 5470/2968/992
f 5474/2971/994 5471/2972/993 5472/2970/993
f 5476/2973/995 5473/435/994 5474/2971/994
f 5478/2974/996 5475/2975/995 5476/2973/995
f 5480/2976/997 5477/434/996 5478/2974/996
f 5482/2977/998 5479/2978/997 5480/2976/997
f 5484/2979/999 5481/431/998 5482/2977/998
f 5486/2980/233 5483/2981/999 5484/2979/999
f 5488/2982/1000 5485/433/233 5486/2980/233
f 5490/2983/1001 5487/2984/1000 5488/2982/1000
f 5492/2985/1002 5489/432/1003 5490/2983/1001
f 5494/2986/1004 5491/2987/1002 5492/2985/1002
f 5496/2988/1005 5493/438/1004 5494/2986/1004
f 5498/2989/1006 5495/2990/1007 5496/2988/1005
f 5500/2991/1008 5497/441/1009 5498/2989/1006
f 5502/2992/1010 5499/2993/1011 5500/2991/1008
f 5504/2994/1012 5501/444/1010 5502/2992/1010
f 5506/2995/1013 5503/2996/1012 5504/2994/1012
f 5508/2997/1014 5505/447/1013 5506/2995/1013
f 5510/2998/1015 5507/2999/1014 5508/2997/1014
f 5512/3000/1016 5509/450/1015 5510/2998/1015
f 5514/3001/1017 5511/3002/1018 5512/3000/1016
f 5516/3003/1019 5513/451/1017 5514/3001/1017
f 5518/3004/1020 5515/3005/1019 5516/3003/1019
f 5520/3006/1021 5517/453/1020 5518/3004/1020
f 5522/3007/1022 5519/3008/1021 5520/3006/1021
f 5524/3009/1023 5521/454/1022 5522/3007/1022
f 5526/3010/1024 5523/3011/1023 5524/3009/1023
f 5528/3012/1025 5525/456/1024 5526/3010/1024
f 5530/3013/1026 5527/3014/1025 5528/3012/1025
f 5532/3015/1027 5529/458/1026 5530/3013/1026
f 5534/3016/1028 5531/3017/1027 5532/3015/1027
f 5536/3018/1029 5533/459/1028 5534/3016/1028
f 5538/3019/1030 5535/3020/1029 5536/3018/1029
f 5540/3021/1031 5537/460/1030 5538/3019/1030
f 5542/3022/1032 5539/3023/1031 5540/3021/1031
f 5544/3024/1033 5541/462/1032 5542/3022/1032
f 5546/3025/1034 5543/3026/1033 5544/3024/1033
f 5548/3027/1035 5545/464/1034 5546/3025/1034
f 5550/3028/1036 5547/3029/1035 5548/3027/1035
f 5552/3030/1037 5549/466/1036 5550/3028/1036
f 5554/3031/1038 5551/3032/1037 5552/3030/1037
f 5556/3033/1039 5553/468/1038 5554/3031/1038
f 5558/3034/1040 5555/3035/1039 5556/3033/1039
f 5560/3036/1041 5557/470/1040 5558/3034/1040
f 5562/3037/1042 5559/3038/1041 5560/3036/1041
f 5564/3039/1043 5561/472/1042 5562/3037/1042
f 5566/3040/1044 5563/3041/1043 5564/3039/1043
f 5568/3042/1045 5565/485/1044 5566/3040/1044
f 5570/3043/1046 5567/3044/1045 5568/3042/1045
f 5572/3045/1047 5569/492/1046 5570/3043/1046
f 5574/3046/1048 5571/3047/1047 5572/3045/1047
f 5576/3048/1049 5573/499/1048 5574/3046/1048
f 5578/3049/1050 5575/3050/1049 5576/3048/1049
f 5580/3051/1051 5577/507/1050 5578/3049/1050
f 5582/3052/1052 5579/3053/1051 5580/3051/1051
f 5584/3054/1053 5581/516/1052 5582/3052/1052
f 5586/3055/1054 5583/3056/1053 5584/3054/1053
f 5588/3057/1055 5585/522/1054 5586/3055/1054
f 5590/3058/1056 5587/3059/1057 5588/3057/1055
f 5592/3060/1058 5589/524/1056 5590/3058/1056
f 5594/3061/1059 5591/3062/1058 5592/3060/1058
f 5596/3063/1060 5593/527/1061 5594/3061/1059
f 5598/3064/1062 5595/3065/1060 5596/3063/1060
f 5600/3066/1063 5597/531/1062 5598/3064/1062
f 5602/3067/1064 5599/3068/1063 5600/3066/1063
f 5604/3069/1065 5601/534/1064 5602/3067/1064
f 5606/3070/1066 5603/3071/1065 5604/3069/1065
f 5608/3072/1067 5605/540/1066 5606/3070/1066
f 5610/3073/1068 5607/3074/1067 5608/3072/1067
f 5612/3075/1069 5609/543/1068 5610/3073/1068
f 5614/3076/1070 5611/3077/1069 5612/3075/1069
f 5616/3078/1071 5613/546/1070 5614/3076/1070
f 5618/3079/1072 5615/3080/1071 5616/3078/1071
f 5620/3081/1073 5617/550/1072 5618/3079/1072
f 5622/3082/1074 5619/3083/1073 5620/3081/1073
f 5624/3084/1075 5621/552/1074 5622/3082/1074
f 5626/3085/1076 5623/3086/1075 5624/3084/1075
f 5628/3087/1077 5625/554/1076 5626/3085/1076
f 5630/3088/1078 5627/3089/1077 5628/3087/1077
f 5632/3090/1079 5629/557/1078 5630/3088/1078
f 5634/3091/357 5631/3092/1079 5632/3090/1079
f 5636/3093/1080 5633/556/357 5634/3091/357
f 5638/3094/1081 5635/3095/1080 5636/3093/1080
f 5640/3096/1082 5637/553/1081 5638/3094/1081
f 5642/3097/1083 5639/3098/1082 5640/3096/1082
f 5644/3099/1084 5641/551/1083 5642/3097/1083
f 5646/3100/1083 5643/3101/1084 5644/3099/1084
f 5648/3102/1082 5645/547/1083 5646/3100/1083
f 5650/3103/1081 5647/3104/1082 5648/3102/1082
f 5652/3105/1080 5649/545/1081 5650/3103/1081
f 5654/3106/357 5651/3107/1080 5652/3105/1080
f 5656/3108/1085 5653/542/357 5654/3106/357
f 5658/3109/1086 5655/3110/1085 5656/3108/1085
f 5660/3111/1087 5657/538/1086 5658/3109/1086
f 5662/3112/1088 5659/3113/1087 5660/3111/1087
f 5664/3114/1089 5661/533/1090 5662/3112/1088
f 5666/3115/1091 5663/3116/1089 5664/3114/1089
f 5668/3117/1092 5665/529/1091 5666/3115/1091
f 5670/3118/1093 5667/3119/1092 5668/3117/1092
f 5672/3120/1094 5669/525/1093 5670/3118/1093
f 5674/3121/1095 5671/3122/1094 5672/3120/1094
f 5676/3123/1096 5673/520/1095 5674/3121/1095
f 5678/3124/1097 5675/3125/1096 5676/3123/1096
f 5680/3126/1098 5677/519/1097 5678/3124/1097
f 5682/3127/1099 5679/3128/1098 5680/3126/1098
f 5684/3129/1100 5681/518/1099 5682/3127/1099
f 5686/3130/1101 5683/3131/1100 5684/3129/1100
f 5688/3132/1102 5685/515/1101 5686/3130/1101
f 5690/3133/1103 5687/3134/1102 5688/3132/1102
f 5692/3135/1104 5689/514/1103 5690/3133/1103
f 5694/3136/1105 5691/3137/1104 5692/3135/1104
f 5696/3138/1106 5693/513/1105 5694/3136/1105
f 5698/3139/1107 5695/3140/1106 5696/3138/1106
f 5700/3141/1108 5697/511/1107 5698/3139/1107
f 5702/3142/1109 5699/3143/1108 5700/3141/1108
f 5704/3144/1110 5701/510/1109 5702/3142/1109
f 5706/3145/1111 5703/3146/1110 5704/3144/1110
f 5708/1967/1112 5705/508/1111 5706/3145/1111
f 5710/3147/1113 5707/1970/1112 5708/1967/1112
f 5712/3148/1114 5709/506/1113 5710/3147/1113
f 5714/3149/1115 5711/3150/1114 5712/3148/1114
f 5716/3151/1116 5713/504/1115 5714/3149/1115
f 5718/3152/1117 5715/3153/1116 5716/3151/1116
f 5720/3154/1118 5717/503/1117 5718/3152/1117
f 5722/3155/1119 5719/3156/1118 5720/3154/1118
f 5724/3157/1120 5721/502/1121 5722/3155/1119
f 5726/3158/1122 5723/3159/1120 5724/3157/1120
f 5728/3160/1123 5725/500/1122 5726/3158/1122
f 5730/3161/1124 5727/3162/1125 5728/3160/1123
f 5732/3163/1126 5729/498/1124 5730/3161/1124
f 5734/3164/1127 5731/3165/1128 5732/3163/1126
f 5736/3166/1129 5733/495/1127 5734/3164/1127
f 5738/3167/1130 5735/3168/1129 5736/3166/1129
f 5740/3169/1131 5737/493/1130 5738/3167/1130
f 5742/3170/1132 5739/3171/1131 5740/3169/1131
f 5744/3172/1133 5741/490/1132 5742/3170/1132
f 5746/3173/1134 5743/3174/1133 5744/3172/1133
f 5748/3175/1135 5745/488/1134 5746/3173/1134
f 5750/3176/1136 5747/3177/1135 5748/3175/1135
f 5752/3178/1137 5749/486/1136 5750/3176/1136
f 5754/3179/1138 5751/3180/1137 5752/3178/1137
f 5756/3181/1139 5753/483/1138 5754/3179/1138
f 5758/3182/1140 5755/3183/1139 5756/3181/1139
f 5760/3184/1141 5757/481/1140 5758/3182/1140
f 5762/3185/1142 5759/3186/1141 5760/3184/1141
f 5764/3187/1143 5761/479/1142 5762/3185/1142
f 5766/3188/1144 5763/3189/1143 5764/3187/1143
f 5768/3190/1145 5765/477/1144 5766/3188/1144
f 5770/3191/1146 5767/3192/1145 5768/3190/1145
f 5772/3193/982 5769/473/1146 5770/3191/1146
f 5774/3194/1147 5771/3195/982 5772/3193/982
f 5776/3196/1148 5773/475/1147 5774/3194/1147
f 5778/3197/1149 5775/3198/1148 5776/3196/1148
f 5780/3199/1150 5777/474/1149 5778/3197/1149
f 5782/3200/211 5779/3201/1150 5780/3199/1150
f 5784/3202/1151 5781/476/211 5782/3200/211
f 5786/3203/1152 5783/3204/1151 5784/3202/1151
f 5788/3205/1153 5785/478/1152 5786/3203/1152
f 5790/3206/1154 5787/3207/1153 5788/3205/1153
f 5792/3208/1155 5789/480/1154 5790/3206/1154
f 5794/3209/1156 5791/3210/1155 5792/3208/1155
f 5796/3211/1157 5793/482/1156 5794/3209/1156
f 5798/3212/1158 5795/3213/1157 5796/3211/1157
f 5800/3214/1159 5797/484/1158 5798/3212/1158
f 5802/3215/1160 5799/3216/1159 5800/3214/1159
f 5804/3217/1161 5801/487/1160 5802/3215/1160
f 5806/3218/1162 5803/3219/1161 5804/3217/1161
f 5808/3220/1163 5805/489/1164 5806/3218/1162
f 5810/3221/1165 5807/3222/1163 5808/3220/1163
f 5812/3223/1166 5809/491/1165 5810/3221/1165
f 5814/3224/1167 5811/3225/1166 5812/3223/1166
f 5816/3226/1168 5813/494/1167 5814/3224/1167
f 5818/3227/1169 5815/3228/1168 5816/3226/1168
f 5820/3229/1170 5817/496/1169 5818/3227/1169
f 5822/3230/1171 5819/3231/1170 5820/3229/1170
f 5824/3232/1172 5821/501/1171 5822/3230/1171
f 5826/3233/1173 5823/3234/1172 5824/3232/1172
f 5828/3235/1174 5825/505/1173 5826/3233/1173
f 5830/3236/201 5827/3237/1174 5828/3235/1174
f 5832/3238/1175 5829/509/201 5830/3236/201
f 5834/3239/1176 5831/3240/1175 5832/3238/1175
f 5836/3241/1177 5833/512/1176 5834/3239/1176
f 5838/3242/1176 5835/3243/1177 5836/3241/1177
f 5840/3244/1175 5837/517/1176 5838/3242/1176
f 5842/3245/201 5839/3246/1175 5840/3244/1175
f 5844/3247/1174 5841/521/201 5842/3245/201
f 5846/3248/1173 5843/3249/1174 5844/3247/1174
f 5848/3250/1178 5845/523/1173 5846/3248/1173
f 5850/3251/1179 5847/3252/1178 5848/3250/1178
f 5852/3253/1180 5849/526/1179 5850/3251/1179
f 5854/3254/1181 5851/3255/1182 5852/3253/1180
f 5856/3256/1183 5853/528/1181 5854/3254/1181
f 5858/3257/1184 5855/3258/1185 5856/3256/1183
f 5860/3259/1186 5857/530/1184 5858/3257/1184
f 5862/3260/1187 5859/3261/1186 5860/3259/1186
f 5864/3262/1188 5861/532/1187 5862/3260/1187
f 5866/3263/1189 5863/3264/1188 5864/3262/1188
f 5868/3265/1190 5865/535/1189 5866/3263/1189
f 5870/3266/1191 5867/3267/1190 5868/3265/1190
f 5872/3268/1192 5869/537/1191 5870/3266/1191
f 5874/3269/1193 5871/3270/1192 5872/3268/1192
f 5876/3271/1194 5873/539/1193 5874/3269/1193
f 5878/3272/1195 5875/3273/1194 5876/3271/1194
f 5880/3274/1196 5877/549/1195 5878/3272/1195
f 5882/3275/1197 5879/3276/1196 5880/3274/1196
f 5884/3277/1198 5881/558/1197 5882/3275/1197
f 5886/3278/1199 5883/3279/1198 5884/3277/1198
f 5888/3280/1200 5885/560/1199 5886/3278/1199
f 5890/3281/1201 5887/3282/1200 5888/3280/1200
f 5892/3283/1202 5889/562/1201 5890/3281/1201
f 5894/3284/1203 5891/3285/1202 5892/3283/1202
f 5896/3286/1204 5893/564/1203 5894/3284/1203
f 5898/3287/1205 5895/3288/1204 5896/3286/1204
f 5900/3289/1206 5897/565/1205 5898/3287/1205
f 5902/3290/1207 5899/3291/1208 5900/3289/1206
f 5904/3292/1209 5901/567/1207 5902/3290/1207
f 5906/3293/1210 5903/3294/1209 5904/3292/1209
f 5908/3295/1211 5905/569/1210 5906/3293/1210
f 5910/3296/1212 5907/3297/1211 5908/3295/1211
f 5912/3298/1213 5909/571/1212 5910/3296/1212
f 5914/3299/1214 5911/3300/1213 5912/3298/1213
f 5916/3301/1215 5913/572/1214 5914/3299/1214
f 5918/3302/1216 5915/3303/1215 5916/3301/1215
f 5920/3304/1217 5917/574/1216 5918/3302/1216
f 5922/3305/1218 5919/3306/1217 5920/3304/1217
f 5924/3307/1219 5921/579/1218 5922/3305/1218
f 5926/3308/1220 5923/3309/1219 5924/3307/1219
f 5928/3310/1221 5925/586/1220 5926/3308/1220
f 5930/3311/1222 5927/3312/1221 5928/3310/1221
f 5932/3313/1223 5929/585/1222 5930/3311/1222
f 5934/3314/1224 5931/3315/1223 5932/3313/1223
f 5936/3316/1225 5933/584/1224 5934/3314/1224
f 5938/3317/1226 5935/3318/1225 5936/3316/1225
f 5940/3319/1227 5937/583/1226 5938/3317/1226
f 5942/3320/1228 5939/3321/1227 5940/3319/1227
f 5944/3322/1229 5941/582/1228 5942/3320/1228
f 5946/3323/1230 5943/3324/1229 5944/3322/1229
f 5948/3325/1231 5945/581/1230 5946/3323/1230
f 5950/3326/1232 5947/3327/1231 5948/3325/1231
f 5952/3328/1233 5949/580/1232 5950/3326/1232
f 5954/3329/1234 5951/3330/1233 5952/3328/1233
f 5956/3331/1235 5953/578/1234 5954/3329/1234
f 5958/3332/1236 5955/3333/1235 5956/3331/1235
f 5960/3334/1237 5957/577/1236 5958/3332/1236
f 5962/3335/1238 5959/3336/1237 5960/3334/1237
f 5964/3337/1239 5961/576/1238 5962/3335/1238
f 5966/3338/1240 5963/3339/1239 5964/3337/1239
f 5968/3340/1241 5965/575/1240 5966/3338/1240
f 5970/3341/1242 5967/3342/1241 5968/3340/1241
f 5972/3343/1243 5969/573/1242 5970/3341/1242
f 5974/3344/1244 5971/3345/1243 5972/3343/1243
f 5976/3346/1245 5973/570/1244 5974/3344/1244
f 5978/3347/1246 5975/3348/1247 5976/3346/1245
f 5980/3349/1248 5977/568/1246 5978/3347/1246
f 5982/3350/1249 5979/3351/1250 5980/3349/1248
f 5984/3352/1251 5981/566/1249 5982/3350/1249
f 5986/3353/1252 5983/3354/1251 5984/3352/1251
f 5988/3355/1253 5985/563/1252 5986/3353/1252
f 5990/3356/1254 5987/3357/1253 5988/3355/1253
f 5992/3358/1255 5989/561/1254 5990/3356/1254
f 5994/3359/1256 5991/3360/1255 5992/3358/1255
f 5996/3361/1257 5993/559/1256 5994/3359/1256
f 5998/3362/1258 5995/3363/1257 5996/3361/1257
f 6000/3364/1259 5997/555/1258 5998/3362/1258
f 6002/3365/1260 5999/3366/1259 6000/3364/1259
f 6004/3367/1261 6001/548/1260 6002/3365/1260
f 6006/3368/1262 6003/3369/1261 6004/3367/1261
f 6008/3370/1263 6005/544/1262 6006/3368/1262
f 6010/3371/1264 6007/3372/1263 6008/3370/1263
f 6012/3373/1265 6009/541/1264 6010/3371/1264
f 6014/3374/1266 6011/3375/1265 6012/3373/1265
f 6016/3376/1267 6013/536/1266 6014/3374/1266
f 6018/3377/1268 6015/3378/1267 6016/3376/1267
f 6020/3379/1269 6017/497/1270 6018/3377/1268
f 5394/2149/956 6019/3380/1271 6020/3379/1269
f 6024/3381/1272 6021/59/1273 6022/1788/1273
f 6026/3382/1274 6023/3383/1272 6024/3381/1272
f 6028/3384/1275 6025/3385/1274 6026/3382/1274
f 6030/3386/179 6027/3387/1275 6028/3384/1275
f 6032/3388/1276 6029/3389/179 6030/3386/179
f 6034/3390/1277 6031/3391/1276 6032/3388/1276
f 6036/3392/1278 6033/3393/1277 6034/3390/1277
f 6038/3394/1279 6035/3395/1278 6036/3392/1278
f 6040/3396/1280 6037/3397/1279 6038/3394/1279
f 6042/3398/1281 6039/3399/1280 6040/3396/1280
f 6044/3400/1282 6041/3401/1281 6042/3398/1281
f 6046/3402/1283 6043/3403/1282 6044/3400/1282
f 6048/3404/1284 6045/3405/1285 6046/3402/1283
f 6050/3406/1286 6047/3407/1284 6048/3404/1284
f 6052/3408/1287 6049/3409/1286 6050/3406/1286
f 6054/3410/1288 6051/3411/1287 6052/3408/1287
f 6056/3412/1289 6053/3413/1288 6054/3410/1288
f 6058/3414/1290 6055/3415/1289 6056/3412/1289
f 6060/3416/1291 6057/3417/1290 6058/3414/1290
f 6062/3418/1292 6059/3419/1291 6060/3416/1291
f 6064/3420/1293 6061/3421/1292 6062/3418/1292
f 6066/3422/1294 6063/3423/1293 6064/3420/1293
f 6068/3424/1295 6065/3425/1294 6066/3422/1294
f 6070/3426/1296 6067/3427/1295 6068/3424/1295
f 6072/3428/1297 6069/3429/1296 6070/3426/1296
f 6074/3430/1298 6071/3431/1297 6072/3428/1297
f 6076/3432/1299 6073/3433/1298 6074/3430/1298
f 6078/3434/1300 6075/3435/1301 6076/3432/1299
f 6080/3436/1302 6077/3437/1300 6078/3434/1300
f 6082/3438/1303 6079/3439/1304 6080/3436/1302
f 6084/3440/1305 6081/3441/1303 6082/3438/1303
f 6086/3442/1306 6083/3443/1305 6084/3440/1305
f 6088/3444/1307 6085/3445/1308 6086/3442/1306
f 6090/3446/1309 6087/3447/1307 6088/3444/1307
f 6092/3448/1310 6089/3449/1309 6090/3446/1309
f 6094/3450/1311 6091/3451/1310 6092/3448/1310
f 6096/3452/1312 6093/3453/1313 6094/3450/1311
f 6098/3454/1255 6095/3455/1312 6096/3452/1312
f 6100/3456/1314 6097/3457/1255 6098/3454/1255
f 6102/3458/1315 6099/3459/1314 6100/3456/1314
f 6104/3460/1316 6101/3461/1315 6102/3458/1315
f 6106/3462/1315 6103/3463/1316 6104/3460/1316
f 6108/3464/1314 6105/3465/1315 6106/3462/1315
f 6110/3466/1255 6107/3467/1314 6108/3464/1314
f 6112/3468/1312 6109/3469/1255 6110/3466/1255
f 6114/3470/1313 6111/3471/1312 6112/3468/1312
f 6116/3472/1317 6113/3473/1311 6114/3470/1313
f 6118/3474/1318 6115/3475/1317 6116/3472/1317
f 6120/3476/1319 6117/3477/1318 6118/3474/1318
f 6122/3478/1320 6119/3479/1319 6120/3476/1319
f 6124/3480/1321 6121/3481/1320 6122/3478/1320
f 6126/3482/1322 6123/3483/1323 6124/3480/1321
f 6128/3484/1324 6125/3485/1322 6126/3482/1322
f 6130/3486/1325 6127/3487/1324 6128/3484/1324
f 6132/3488/1326 6129/3489/1325 6130/3486/1325
f 6134/3490/1327 6131/3491/1326 6132/3488/1326
f 6136/3492/1328 6133/3493/1327 6134/3490/1327
f 6138/3494/1329 6135/3495/1330 6136/3492/1328
f 6140/3496/1331 6137/3497/1329 6138/3494/1329
f 6142/3498/1332 6139/3499/1331 6140/3496/1331
f 6144/3500/1333 6141/3501/1332 6142/3498/1332
f 6146/3502/1334 6143/3503/1333 6144/3500/1333
f 6148/3504/1335 6145/3505/1334 6146/3502/1334
f 6150/3506/1336 6147/3507/1335 6148/3504/1335
f 6152/3508/1337 6149/3509/1338 6150/3506/1336
f 6154/3510/1339 6151/3511/1337 6152/3508/1337
f 6156/3512/1340 6153/3513/1339 6154/3510/1339
f 6158/3514/1341 6155/3515/1340 6156/3512/1340
f 6160/3516/1342 6157/3517/1341 6158/3514/1341
f 6162/3518/1343 6159/3519/1342 6160/3516/1342
f 6164/3520/1344 6161/3521/1345 6162/3518/1343
f 6166/3522/1346 6163/3523/1344 6164/3520/1344
f 6168/3524/1346 6165/3525/1346 6166/3522/1346
f 6170/3526/1347 6167/3527/1346 6168/3524/1346
f 6172/3528/1348 6169/3529/1349 6170/3526/1347
f 6174/3530/1350 6171/3531/1348 6172/3528/1348
f 6176/3532/1351 6173/3533/1350 6174/3530/1350
f 6178/3534/1352 6175/3535/1353 6176/3532/1351
f 6180/1967/1354 6177/3536/1355 6178/3534/1352
f 6182/3537/1356 6179/1970/1354 6180/1967/1354
f 6184/3538/1357 6181/3539/1356 6182/3537/1356
f 6186/3540/1358 6183/3541/1359 6184/3538/1357
f 6188/3542/1360 6185/3543/1361 6186/3540/1358
f 6190/3544/1362 6187/3545/1363 6188/3542/1360
f 6192/3546/1364 6189/3547/1362 6190/3544/1362
f 6194/3548/1365 6191/3549/1364 6192/3546/1364
f 6196/3550/1366 6193/3551/1365 6194/3548/1365
f 6198/3552/1367 6195/3553/1366 6196/3550/1366
f 6200/3554/1368 6197/3555/1367 6198/3552/1367
f 6202/3556/1369 6199/3557/1368 6200/3554/1368
f 6204/3558/1370 6201/3559/1369 6202/3556/1369
f 6206/3560/1371 6203/3561/1370 6204/3558/1370
f 6208/3562/1372 6205/3563/1371 6206/3560/1371
f 6210/3564/1373 6207/3565/1374 6208/3562/1372
f 6212/3566/1375 6209/3567/1373 6210/3564/1373
f 6214/3568/1376 6211/3569/1375 6212/3566/1375
f 6216/3570/1377 6213/3571/1376 6214/3568/1376
f 6218/3572/1378 6215/3573/1377 6216/3570/1377
f 6220/3574/1379 6217/3575/1378 6218/3572/1378
f 6222/3576/1380 6219/3577/1379 6220/3574/1379
f 6224/3578/1381 6221/3579/1380 6222/3576/1380
f 6226/3580/1382 6223/3581/1381 6224/3578/1381
f 6228/3582/1383 6225/3583/1382 6226/3580/1382
f 6230/3584/1384 6227/3585/1383 6228/3582/1383
f 6232/3586/1385 6229/3587/1384 6230/3584/1384
f 6234/3588/1386 6231/3589/1387 6232/3586/1385
f 6236/3590/1388 6233/3591/1386 6234/3588/1386
f 6238/3592/1389 6235/3593/1388 6236/3590/1388
f 6240/3594/1390 6237/3595/1389 6238/3592/1389
f 6242/3596/1391 6239/3597/1390 6240/3594/1390
f 6244/3598/1392 6241/3599/1391 6242/3596/1391
f 6246/3600/1393 6243/3601/1392 6244/3598/1392
f 6248/3602/1394 6245/3603/1393 6246/3600/1393
f 6250/3604/1395 6247/3605/1394 6248/3602/1394
f 6252/3606/1396 6249/3607/1395 6250/3604/1395
f 6254/3608/1397 6251/3609/1396 6252/3606/1396
f 6256/3610/1398 6253/3611/1397 6254/3608/1397
f 6258/3612/1399 6255/3613/1398 6256/3610/1398
f 6260/3614/1400 6257/3615/1399 6258/3612/1399
f 6262/3616/1401 6259/3617/1400 6260/3614/1400
f 6264/3618/1402 6261/3619/1401 6262/3616/1401
f 6266/3620/1403 6263/3621/1402 6264/3618/1402
f 6268/3622/1404 6265/3623/1403 6266/3620/1403
f 6270/3624/1405 6267/3625/1404 6268/3622/1404
f 6272/3626/1406 6269/3627/1405 6270/3624/1405
f 6274/3628/1407 6271/3629/1406 6272/3626/1406
f 6276/3630/1408 6273/3631/1407 6274/3628/1407
f 6278/3632/1409 6275/3633/1408 6276/3630/1408
f 6280/3634/1410 6277/3635/1409 6278/3632/1409
f 6282/3636/1411 6279/3637/1410 6280/3634/1410
f 6284/3638/1412 6281/3639/1411 6282/3636/1411
f 6286/3640/1413 6283/3641/1412 6284/3638/1412
f 6288/3642/1414 6285/3643/1413 6286/3640/1413
f 6290/3644/1415 6287/3645/1414 6288/3642/1414
f 6292/3646/1416 6289/3647/1415 6290/3644/1415
f 6294/3648/1417 6291/3649/1416 6292/3646/1416
f 6296/3650/1418 6293/3651/1417 6294/3648/1417
f 6298/3652/1085 6295/3653/1418 6296/3650/1418
f 6300/3654/1419 6297/3655/1085 6298/3652/1085
f 6302/3656/882 6299/3657/1419 6300/3654/1419
f 6304/3658/1420 6301/3659/882 6302/3656/882
f 6306/3660/1421 6303/3661/1420 6304/3658/1420
f 6308/3662/1422 6305/3663/1421 6306/3660/1421
f 6310/3664/1423 6307/3665/1422 6308/3662/1422
f 6312/3666/1424 6309/3667/1423 6310/3664/1423
f 6314/3668/1425 6311/3669/1424 6312/3666/1424
f 6316/3670/1426 6313/3671/1425 6314/3668/1425
f 6318/3672/1427 6315/3673/1426 6316/3670/1426
f 6320/3674/1428 6317/3675/1427 6318/3672/1427
f 6322/3676/1429 6319/3677/1428 6320/3674/1428
f 6324/3678/1430 6321/3679/1429 6322/3676/1429
f 6326/3680/1431 6323/3681/1430 6324/3678/1430
f 6328/3682/1432 6325/3683/1431 6326/3680/1431
f 6330/3684/1433 6327/3685/1432 6328/3682/1432
f 6332/3686/1434 6329/3687/1433 6330/3684/1433
f 6334/3688/1435 6331/3689/1434 6332/3686/1434
f 6336/3690/1056 6333/3691/1435 6334/3688/1435
f 6022/2149/1273 6335/3692/1056 6336/3690/1056
f 6340/3693/1436 6337/59/1437 6338/1788/1438
f 6342/2553/1439 6339/3694/1436 6340/3693/1436
f 6344/3695/1440 6341/2555/1441 6342/2553/1439
f 6346/2554/1442 6343/3696/1440 6344/3695/1440
f 6348/3697/1443 6345/2557/1444 6346/2554/1442
f 6350/2556/1445 6347/3698/1446 6348/3697/1443
f 6352/3699/1447 6349/2559/1445 6350/2556/1445
f 6354/2558/1448 6351/3700/1447 6352/3699/1447
f 6356/3701/1449 6353/2561/1448 6354/2558/1448
f 6358/2560/1450 6355/3702/1449 6356/3701/1449
f 6360/2464/1451 6357/2563/1452 6358/2560/1450
f 6362/2562/1453 6359/2467/1451 6360/2464/1451
f 6364/3703/1454 6361/2565/1455 6362/2562/1453
f 6366/2564/1456 6363/3704/1454 6364/3703/1454
f 6368/3705/1457 6365/2567/1456 6366/2564/1456
f 6370/2566/1458 6367/3706/1459 6368/3705/1457
f 6372/3707/1460 6369/2569/1458 6370/2566/1458
f 6374/2568/1461 6371/3708/1462 6372/3707/1460
f 6376/3709/1463 6373/2571/1461 6374/2568/1461
f 6378/2570/1464 6375/3710/1463 6376/3709/1463
f 6380/3711/1465 6377/2572/1466 6378/2570/1464
f 6382/2468/1467 6379/3712/1468 6380/3711/1465
f 6384/3713/560 6381/2471/1469 6382/2468/1467
f 6386/2573/479 6383/3714/1470 6384/3713/560
f 6388/3715/1471 6385/2575/1472 6386/2573/479
f 6390/2574/120 6387/3716/1471 6388/3715/1471
f 6392/3717/1473 6389/2577/1474 6390/2574/120
f 6394/2576/1475 6391/3718/1476 6392/3717/1473
f 6396/3719/1477 6393/2579/1478 6394/2576/1475
f 6398/2578/1280 6395/3720/1477 6396/3719/1477
f 6400/3721/1479 6397/2581/1280 6398/2578/1280
f 6402/2580/1359 6399/3722/1479 6400/3721/1479
f 6404/2472/1480 6401/2583/1481 6402/2580/1359
f 6406/2582/1482 6403/2475/1480 6404/2472/1480
f 6408/3723/1483 6405/2585/1482 6406/2582/1482
f 6410/2584/1484 6407/3724/1483 6408/3723/1483
f 6412/3725/1485 6409/2587/1484 6410/2584/1484
f 6414/2586/1486 6411/3726/1485 6412/3725/1485
f 6416/3727/1487 6413/2589/1486 6414/2586/1486
f 6418/2588/1488 6415/3728/1487 6416/3727/1487
f 6420/3729/1489 6417/2591/1488 6418/2588/1488
f 6422/2590/1490 6419/3730/1489 6420/3729/1489
f 6424/3731/1491 6421/2592/1490 6422/2590/1490
f 6426/2476/1492 6423/3732/1491 6424/3731/1491
f 6428/3733/1493 6425/2479/1494 6426/2476/1492
f 6430/2593/1495 6427/3734/1493 6428/3733/1493
f 6432/3735/1496 6429/2595/1495 6430/2593/1495
f 6434/2594/1497 6431/3736/1496 6432/3735/1496
f 6436/3737/1498 6433/2597/1497 6434/2594/1497
f 6438/2596/1499 6435/3738/1498 6436/3737/1498
f 6440/3739/1500 6437/2599/1499 6438/2596/1499
f 6442/2598/1501 6439/3740/1500 6440/3739/1500
f 6444/3741/572 6441/2601/1501 6442/2598/1501
f 6446/2600/1502 6443/3742/572 6444/3741/572
f 6448/2480/1503 6445/2603/1502 6446/2600/1502
f 6450/2602/1504 6447/2483/1503 6448/2480/1503
f 6452/3743/1178 6449/2605/1504 6450/2602/1504
f 6454/2604/1505 6451/3744/1178 6452/3743/1178
f 6456/3745/1506 6453/2607/1505 6454/2604/1505
f 6458/2606/1507 6455/3746/1506 6456/3745/1506
f 6460/3747/1508 6457/2609/1507 6458/2606/1507
f 6462/2608/1509 6459/3748/1508 6460/3747/1508
f 6464/3749/1510 6461/2611/1509 6462/2608/1509
f 6466/2610/1511 6463/3750/1510 6464/3749/1510
f 6468/3751/1512 6465/2612/1513 6466/2610/1511
f 6470/2484/1514 6467/3752/1512 6468/3751/1512
f 6472/3753/1515 6469/2487/1514 6470/2484/1514
f 6474/2613/1516 6471/3754/1515 6472/3753/1515
f 6476/3755/1517 6473/2615/1516 6474/2613/1516
f 6478/2614/1518 6475/3756/1517 6476/3755/1517
f 6480/3757/1519 6477/2617/1518 6478/2614/1518
f 6482/2616/1520 6479/3758/804 6480/3757/1519
f 6484/3759/1521 6481/2619/1522 6482/2616/1520
f 6486/2618/1523 6483/3760/1524 6484/3759/1521
f 6488/3761/1525 6485/2621/1523 6486/2618/1523
f 6490/2620/1526 6487/3762/1527 6488/3761/1525
f 6492/2488/1528 6489/2623/1526 6490/2620/1526
f 6494/2622/1529 6491/2491/1530 6492/2488/1528
f 6496/3763/1531 6493/2625/1532 6494/2622/1529
f 6498/2624/1533 6495/3764/1534 6496/3763/1531
f 6500/3765/1535 6497/2627/1536 6498/2624/1533
f 6502/2626/1537 6499/3766/1535 6500/3765/1535
f 6504/3767/1538 6501/2629/1537 6502/2626/1537
f 6506/2628/1539 6503/3768/1538 6504/3767/1538
f 6508/3769/1540 6505/2631/1539 6506/2628/1539
f 6510/2630/515 6507/3770/1540 6508/3769/1540
f 6512/3771/1541 6509/2632/515 6510/2630/515
f 6514/2492/1542 6511/3772/1541 6512/3771/1541
f 6516/3773/1543 6513/1605/1542 6514/2492/1542
f 6518/2633/1544 6515/3774/1543 6516/3773/1543
f 6520/3775/1545 6517/2635/1544 6518/2633/1544
f 6522/2634/1546 6519/3776/1545 6520/3775/1545
f 6524/3777/208 6521/2637/1546 6522/2634/1546
f 6526/2636/1547 6523/3778/208 6524/3777/208
f 6528/3779/1548 6525/2639/1547 6526/2636/1547
f 6530/2638/1549 6527/3780/1548 6528/3779/1548
f 6532/3781/1550 6529/2641/1549 6530/2638/1549
f 6534/2640/1551 6531/3782/1550 6532/3781/1550
f 6536/2495/1552 6533/2643/1551 6534/2640/1551
f 6538/2642/1553 6535/2498/1552 6536/2495/1552
f 6540/3783/1554 6537/2645/1553 6538/2642/1553
f 6542/2644/1555 6539/3784/1554 6540/3783/1554
f 6544/3785/1556 6541/2647/1555 6542/2644/1555
f 6546/2646/1557 6543/3786/1556 6544/3785/1556
f 6548/3787/1558 6545/2649/1557 6546/2646/1557
f 6550/2648/1559 6547/3788/1558 6548/3787/1558
f 6552/3789/1560 6549/2651/1559 6550/2648/1559
f 6554/2650/1561 6551/3790/1560 6552/3789/1560
f 6556/3791/1562 6553/2652/1561 6554/2650/1561
f 6558/2499/1563 6555/3792/1562 6556/3791/1562
f 6560/3793/1564 6557/2502/1563 6558/2499/1563
f 6562/2653/1565 6559/3794/1564 6560/3793/1564
f 6564/3795/1566 6561/2655/1565 6562/2653/1565
f 6566/2654/1567 6563/3796/1568 6564/3795/1566
f 6568/3797/1569 6565/2657/1567 6566/2654/1567
f 6570/2656/1570 6567/3798/1569 6568/3797/1569
f 6572/3799/1571 6569/2659/1570 6570/2656/1570
f 6574/2658/1572 6571/3800/1571 6572/3799/1571
f 6576/3801/1573 6573/2661/1572 6574/2658/1572
f 6578/2660/1574 6575/3802/1573 6576/3801/1573
f 6580/2503/1575 6577/2663/1574 6578/2660/1574
f 6582/2662/1576 6579/2506/1577 6580/2503/1575
f 6584/3803/1578 6581/2665/1576 6582/2662/1576
f 6586/2664/1579 6583/3804/1578 6584/3803/1578
f 6588/3805/1580 6585/2667/1579 6586/2664/1579
f 6590/2666/1581 6587/3806/1580 6588/3805/1580
f 6592/3807/1582 6589/2669/1581 6590/2666/1581
f 6594/2668/1583 6591/3808/1582 6592/3807/1582
f 6596/3809/1584 6593/2671/1583 6594/2668/1583
f 6598/2670/1585 6595/3810/1584 6596/3809/1584
f 6600/3811/1586 6597/2672/1585 6598/2670/1585
f 6602/1967/1587 6599/3812/1586 6600/3811/1586
f 6604/3813/1588 6601/1970/1587 6602/1967/1587
f 6606/2673/1589 6603/3814/1588 6604/3813/1588
f 6608/3815/1590 6605/2675/1589 6606/2673/1589
f 6610/2674/1591 6607/3816/1590 6608/3815/1590
f 6612/3817/1592 6609/2677/1591 6610/2674/1591
f 6614/2676/1593 6611/3818/1592 6612/3817/1592
f 6616/3819/1594 6613/2679/1593 6614/2676/1593
f 6618/2678/1595 6615/3820/1594 6616/3819/1594
f 6620/3821/1596 6617/2681/1595 6618/2678/1595
f 6622/2680/1597 6619/3822/1596 6620/3821/1596
f 6624/2509/1598 6621/2683/1597 6622/2680/1597
f 6626/2682/1599 6623/2512/1598 6624/2509/1598
f 6628/3823/1600 6625/2685/1599 6626/2682/1599
f 6630/2684/1601 6627/3824/1600 6628/3823/1600
f 6632/3825/1602 6629/2687/1601 6630/2684/1601
f 6634/2686/1603 6631/3826/1602 6632/3825/1602
f 6636/3827/1604 6633/2689/1603 6634/2686/1603
f 6638/2688/1605 6635/3828/1604 6636/3827/1604
f 6640/3829/1606 6637/2691/1605 6638/2688/1605
f 6642/2690/1607 6639/3830/1606 6640/3829/1606
f 6644/3831/1608 6641/2692/1607 6642/2690/1607
f 6646/2513/1609 6643/3832/1608 6644/3831/1608
f 6648/3833/1610 6645/2516/1609 6646/2513/1609
f 6650/2693/1611 6647/3834/1610 6648/3833/1610
f 6652/3835/1612 6649/2695/1611 6650/2693/1611
f 6654/2694/1613 6651/3836/1612 6652/3835/1612
f 6656/3837/1614 6653/2697/1613 6654/2694/1613
f 6658/2696/1615 6655/3838/1616 6656/3837/1614
f 6660/3839/1617 6657/2699/1615 6658/2696/1615
f 6662/2698/1618 6659/3840/1617 6660/3839/1617
f 6664/3841/1619 6661/2701/1618 6662/2698/1618
f 6666/2700/1620 6663/3842/1619 6664/3841/1619
f 6668/2517/1621 6665/2703/1620 6666/2700/1620
f 6670/2702/1622 6667/2520/1621 6668/2517/1621
f 6672/3843/1623 6669/2705/1622 6670/2702/1622
f 6674/2704/1493 6671/3844/1623 6672/3843/1623
f 6676/3845/1624 6673/2707/1493 6674/2704/1493
f 6678/2706/1625 6675/3846/1624 6676/3845/1624
f 6680/3847/1626 6677/2709/1625 6678/2706/1625
f 6682/2708/1627 6679/3848/1626 6680/3847/1626
f 6684/3849/1628 6681/2711/1627 6682/2708/1627
f 6686/2710/1629 6683/3850/1628 6684/3849/1628
f 6688/3851/1630 6685/2712/1629 6686/2710/1629
f 6690/2521/1631 6687/3852/1630 6688/3851/1630
f 6692/3853/1632 6689/1445/1631 6690/2521/1631
f 6694/2713/1124 6691/3854/1632 6692/3853/1632
f 6696/3855/1633 6693/2715/1124 6694/2713/1124
f 6698/2714/766 6695/3856/1634 6696/3855/1633
f 6700/3857/1635 6697/2717/1636 6698/2714/766
f 6702/2716/1637 6699/3858/1635 6700/3857/1635
f 6704/3859/1638 6701/2719/1639 6702/2716/1637
f 6706/2718/1640 6703/3860/1641 6704/3859/1638
f 6708/3861/1642 6705/2721/1643 6706/2718/1640
f 6710/2720/1644 6707/3862/1645 6708/3861/1642
f 6712/2524/1646 6709/2723/1644 6710/2720/1644
f 6714/2722/1647 6711/2527/1646 6712/2524/1646
f 6716/3863/1648 6713/2725/1647 6714/2722/1647
f 6718/2724/1649 6715/3864/1648 6716/3863/1648
f 6720/3865/1650 6717/2727/1651 6718/2724/1649
f 6722/2726/1652 6719/3866/1653 6720/3865/1650
f 6724/3867/1654 6721/2729/1655 6722/2726/1652
f 6726/2728/1656 6723/3868/1657 6724/3867/1654
f 6728/3869/1658 6725/2731/1659 6726/2728/1656
f 6730/2730/1660 6727/3870/1661 6728/3869/1658
f 6732/3871/1662 6729/2732/1660 6730/2730/1660
f 6734/2528/1663 6731/3872/1664 6732/3871/1662
f 6736/3873/1665 6733/2531/1666 6734/2528/1663
f 6738/2733/1667 6735/3874/1665 6736/3873/1665
f 6740/3875/1668 6737/2735/1669 6738/2733/1667
f 6742/2734/1670 6739/3876/1671 6740/3875/1668
f 6744/3877/1672 6741/2737/1673 6742/2734/1670
f 6746/2736/1674 6743/3878/1672 6744/3877/1672
f 6748/3879/1675 6745/2739/1674 6746/2736/1674
f 6750/2738/1676 6747/3880/1675 6748/3879/1675
f 6752/3881/1677 6749/2741/1676 6750/2738/1676
f 6754/2740/1678 6751/3882/1677 6752/3881/1677
f 6756/2532/1679 6753/2743/1678 6754/2740/1678
f 6758/2742/1680 6755/2535/1679 6756/2532/1679
f 6760/3883/1681 6757/2745/1680 6758/2742/1680
f 6762/2744/1682 6759/3884/1681 6760/3883/1681
f 6764/3885/1683 6761/2747/1682 6762/2744/1682
f 6766/2746/1684 6763/3886/1683 6764/3885/1683
f 6768/3887/1685 6765/2749/1684 6766/2746/1684
f 6770/2748/1686 6767/3888/1685 6768/3887/1685
f 6772/3889/1687 6769/2751/1686 6770/2748/1686
f 6774/2750/1688 6771/3890/1687 6772/3889/1687
f 6776/3891/1689 6773/2752/1688 6774/2750/1688
f 6778/2536/1690 6775/3892/1689 6776/3891/1689
f 6780/3893/1691 6777/2539/1690 6778/2536/1690
f 6782/2753/1692 6779/3894/1693 6780/3893/1691
f 6784/3895/1694 6781/2755/1692 6782/2753/1692
f 6786/2754/1695 6783/3896/1696 6784/3895/1694
f 6788/3897/1697 6785/2757/1698 6786/2754/1695
f 6790/2756/1699 6787/3898/1697 6788/3897/1697
f 6792/3899/1700 6789/2759/1699 6790/2756/1699
f 6794/2758/1701 6791/3900/1700 6792/3899/1700
f 6796/3901/1702 6793/2761/1701 6794/2758/1701
f 6798/2760/1703 6795/3902/1704 6796/3901/1702
f 6800/2540/1705 6797/2763/1703 6798/2760/1703
f 6802/2762/1706 6799/2543/1705 6800/2540/1705
f 6804/3903/1707 6801/2765/1706 6802/2762/1706
f 6806/2764/1708 6803/3904/1707 6804/3903/1707
f 6808/3905/1709 6805/2767/1708 6806/2764/1708
f 6810/2766/1710 6807/3906/1711 6808/3905/1709
f 6812/3907/1712 6809/2769/1710 6810/2766/1710
f 6814/2768/1713 6811/3908/1712 6812/3907/1712
f 6816/3909/1714 6813/2771/1713 6814/2768/1713
f 6818/2770/1715 6815/3910/1714 6816/3909/1714
f 6820/3911/1716 6817/2772/1715 6818/2770/1715
f 6822/2544/1717 6819/3912/1718 6820/3911/1716
f 6824/3913/1719 6821/2547/1717 6822/2544/1717
f 6826/2773/1720 6823/3914/1719 6824/3913/1719
f 6828/3915/1721 6825/2775/1720 6826/2773/1720
f 6830/2774/1722 6827/3916/1721 6828/3915/1721
f 6832/3917/1723 6829/2777/1722 6830/2774/1722
f 6834/2776/1724 6831/3918/1723 6832/3917/1723
f 6836/3919/1725 6833/2779/1724 6834/2776/1724
f 6838/2778/1726 6835/3920/1725 6836/3919/1725
f 6840/3921/1727 6837/2781/1726 6838/2778/1726
f 6842/2780/1728 6839/3922/1729 6840/3921/1727
f 6844/2548/1730 6841/2783/1728 6842/2780/1728
f 6846/2782/1731 6843/2551/1730 6844/2548/1730
f 6848/3923/1732 6845/2785/1731 6846/2782/1731
f 6850/2784/1733 6847/3924/1734 6848/3923/1732
f 6852/3925/1735 6849/2787/1733 6850/2784/1733
f 6854/2786/1736 6851/3926/1735 6852/3925/1735
f 6856/3927/190 6853/2789/1736 6854/2786/1736
f 6858/2788/1737 6855/3928/190 6856/3927/190
f 6860/3929/1738 6857/2791/1739 6858/2788/1737
f 6862/2790/1740 6859/3930/1738 6860/3929/1738
f 6864/3931/1741 6861/2792/1740 6862/2790/1740
f 6338/2149/1438 6863/3932/1742 6864/3931/1741
f 6868/3933/1743 6865/59/1744 6866/1788/1744
f 6870/2793/1745 6867/3934/1743 6868/3933/1743
f 6872/3935/1746 6869/2795/1745 6870/2793/1745
f 6874/2794/1747 6871/3936/1746 6872/3935/1746
f 6876/3937/1748 6873/2797/1747 6874/2794/1747
f 6878/2796/1749 6875/3938/1748 6876/3937/1748
f 6880/2464/1750 6877/2799/1749 6878/2796/1749
f 6882/2798/1751 6879/2467/1750 6880/2464/1750
f 6884/3939/1752 6881/2801/1751 6882/2798/1751
f 6886/2800/1753 6883/3940/1752 6884/3939/1752
f 6888/3941/1754 6885/2802/1753 6886/2800/1753
f 6890/1811/1755 6887/3942/1754 6888/3941/1754
f 6892/3943/1756 6889/1814/1755 6890/1811/1755
f 6894/2468/1757 6891/3944/1758 6892/3943/1756
f 6896/3945/1759 6893/2471/1760 6894/2468/1757
f 6898/2803/1761 6895/3946/1762 6896/3945/1759
f 6900/3947/1763 6897/2805/1764 6898/2803/1761
f 6902/2804/1765 6899/3948/1763 6900/3947/1763
f 6904/3949/1766 6901/2807/1767 6902/2804/1765
f 6906/2806/1768 6903/3950/1769 6904/3949/1766
f 6908/2472/1770 6905/2809/1768 6906/2806/1768
f 6910/2808/1771 6907/2475/1770 6908/2472/1770
f 6912/3951/1772 6909/2810/1773 6910/2808/1771
f 6914/1837/1774 6911/3952/1775 6912/3951/1772
f 6916/3953/1776 6913/1840/1774 6914/1837/1774
f 6918/2811/1777 6915/3954/1776 6916/3953/1776
f 6920/3955/1778 6917/2812/1777 6918/2811/1777
f 6922/2476/1779 6919/3956/1778 6920/3955/1778
f 6924/3957/1780 6921/2479/1779 6922/2476/1779
f 6926/2813/1781 6923/3958/1780 6924/3957/1780
f 6928/3959/1782 6925/2815/1781 6926/2813/1781
f 6930/2814/1783 6927/3960/1784 6928/3959/1782
f 6932/3961/1785 6929/2817/1783 6930/2814/1783
f 6934/2816/1786 6931/3962/1785 6932/3961/1785
f 6936/2480/1787 6933/2818/1786 6934/2816/1786
f 6938/1863/1788 6935/2483/1787 6936/2480/1787
f 6940/3963/1789 6937/1866/1788 6938/1863/1788
f 6942/2819/1790 6939/3964/1789 6940/3963/1789
f 6944/3965/1791 6941/2821/1790 6942/2819/1790
f 6946/2820/1792 6943/3966/1791 6944/3965/1791
f 6948/3967/1793 6945/2822/1792 6946/2820/1792
f 6950/2484/1794 6947/3968/1793 6948/3967/1793
f 6952/3969/1795 6949/2487/1794 6950/2484/1794
f 6954/2823/1796 6951/3970/1797 6952/3969/1795
f 6956/3971/1798 6953/2825/1796 6954/2823/1796
f 6958/2824/719 6955/3972/1799 6956/3971/1798
f 6960/3973/1800 6957/2826/719 6958/2824/719
f 6962/1889/1801 6959/3974/1800 6960/3973/1800
f 6964/2488/1802 6961/1892/1801 6962/1889/1801
f 6966/2827/1803 6963/2491/1802 6964/2488/1802
f 6968/3975/40 6965/2829/1804 6966/2827/1803
f 6970/2828/1805 6967/3976/40 6968/3975/40
f 6972/3977/1806 6969/2831/1805 6970/2828/1805
f 6974/2830/1807 6971/3978/1806 6972/3977/1806
f 6976/3979/1808 6973/2832/1809 6974/2830/1807
f 6978/2492/1810 6975/3980/1808 6976/3979/1808
f 6980/3981/1811 6977/1605/1810 6978/2492/1810
f 6982/2833/1812 6979/3982/1811 6980/3981/1811
f 6984/3983/1813 6981/2834/1814 6982/2833/1812
f 6986/1915/1815 6983/3984/1816 6984/3983/1813
f 6988/3985/1817 6985/1918/1815 6986/1915/1815
f 6990/2835/1818 6987/3986/1819 6988/3985/1817
f 6992/2495/1820 6989/2837/1818 6990/2835/1818
f 6994/2836/1821 6991/2498/1820 6992/2495/1820
f 6996/3987/321 6993/2839/1822 6994/2836/1821
f 6998/2838/1821 6995/3988/1823 6996/3987/321
f 7000/3989/1820 6997/2841/1821 6998/2838/1821
f 7002/2840/1818 6999/3990/1820 7000/3989/1820
f 7004/3991/1819 7001/2842/1818 7002/2840/1818
f 7006/2499/1815 7003/3992/1817 7004/3991/1819
f 7008/3993/1824 7005/2502/1815 7006/2499/1815
f 7010/1941/1825 7007/3994/1826 7008/3993/1824
f 7012/3995/1827 7009/1944/1825 7010/1941/1825
f 7014/2843/1828 7011/3996/1829 7012/3995/1827
f 7016/3997/1830 7013/2845/1831 7014/2843/1828
f 7018/2844/1832 7015/3998/1833 7016/3997/1830
f 7020/2503/1834 7017/2847/1832 7018/2844/1832
f 7022/2846/1835 7019/2506/1834 7020/2503/1834
f 7024/3999/1836 7021/2849/1835 7022/2846/1835
f 7026/2848/1837 7023/4000/1836 7024/3999/1836
f 7028/4001/1838 7025/2851/1837 7026/2848/1837
f 7030/2850/1839 7027/4002/1838 7028/4001/1838
f 7032/4003/1840 7029/2852/1839 7030/2850/1839
f 7034/1967/1841 7031/4004/1840 7032/4003/1840
f 7036/4005/1842 7033/1970/1841 7034/1967/1841
f 7038/2853/1843 7035/4006/1842 7036/4005/1842
f 7040/4007/1844 7037/2855/1843 7038/2853/1843
f 7042/2854/1845 7039/4008/1844 7040/4007/1844
f 7044/4009/1846 7041/2857/1845 7042/2854/1845
f 7046/2856/888 7043/4010/1846 7044/4009/1846
f 7048/2509/1847 7045/2859/888 7046/2856/888
f 7050/2858/1848 7047/2512/1849 7048/2509/1847
f 7052/4011/1850 7049/2861/1848 7050/2858/1848
f 7054/2860/1851 7051/4012/1850 7052/4011/1850
f 7056/4013/1852 7053/2862/1851 7054/2860/1851
f 7058/1993/1853 7055/4014/1854 7056/4013/1852
f 7060/4015/1855 7057/1996/1853 7058/1993/1853
f 7062/2513/1856 7059/4016/1855 7060/4015/1855
f 7064/4017/1857 7061/2516/1856 7062/2513/1856
f 7066/2863/1858 7063/4018/1857 7064/4017/1857
f 7068/4019/1859 7065/2865/1858 7066/2863/1858
f 7070/2864/1860 7067/4020/1859 7068/4019/1859
f 7072/4021/1861 7069/2867/1860 7070/2864/1860
f 7074/2866/1862 7071/4022/1861 7072/4021/1861
f 7076/2517/1863 7073/2869/1434 7074/2866/1862
f 7078/2868/1864 7075/2520/1863 7076/2517/1863
f 7080/4023/1865 7077/2870/1864 7078/2868/1864
f 7082/2019/1434 7079/4024/1865 7080/4023/1865
f 7084/4025/1866 7081/2022/1434 7082/2019/1434
f 7086/2871/1867 7083/4026/1866 7084/4025/1866
f 7088/4027/1868 7085/2872/1867 7086/2871/1867
f 7090/2521/267 7087/4028/1868 7088/4027/1868
f 7092/4029/1869 7089/1445/267 7090/2521/267
f 7094/2873/1870 7091/4030/1869 7092/4029/1869
f 7096/4031/1871 7093/2875/1872 7094/2873/1870
f 7098/2874/1873 7095/4032/1871 7096/4031/1871
f 7100/4033/1874 7097/2877/1873 7098/2874/1873
f 7102/2876/1875 7099/4034/1876 7100/4033/1874
f 7104/2524/1877 7101/2878/1875 7102/2876/1875
f 7106/2045/1878 7103/2527/1877 7104/2524/1877
f 7108/4035/1879 7105/2048/1878 7106/2045/1878
f 7110/2879/1880 7107/4036/1879 7108/4035/1879
f 7112/4037/1881 7109/2881/1880 7110/2879/1880
f 7114/2880/1882 7111/4038/1881 7112/4037/1881
f 7116/4039/1883 7113/2882/1882 7114/2880/1882
f 7118/2528/1884 7115/4040/1883 7116/4039/1883
f 7120/4041/1885 7117/2531/1884 7118/2528/1884
f 7122/2883/1886 7119/4042/1885 7120/4041/1885
f 7124/4043/1887 7121/2885/1886 7122/2883/1886
f 7126/2884/1888 7123/4044/1887 7124/4043/1887
f 7128/4045/1889 7125/2886/1888 7126/2884/1888
f 7130/2071/1890 7127/4046/1889 7128/4045/1889
f 7132/2532/1891 7129/2074/1890 7130/2071/1890
f 7134/2887/1892 7131/2535/1891 7132/2532/1891
f 7136/4047/1893 7133/2889/1892 7134/2887/1892
f 7138/2888/1894 7135/4048/1895 7136/4047/1893
f 7140/4049/1896 7137/2891/1897 7138/2888/1894
f 7142/2890/1898 7139/4050/1899 7140/4049/1896
f 7144/4051/1900 7141/2892/1898 7142/2890/1898
f 7146/2536/1901 7143/4052/1902 7144/4051/1900
f 7148/4053/954 7145/2539/1903 7146/2536/1901
f 7150/2893/1904 7147/4054/954 7148/4053/954
f 7152/4055/1905 7149/2894/1904 7150/2893/1904
f 7154/2097/1906 7151/4056/1905 7152/4055/1905
f 7156/4057/1907 7153/2100/1908 7154/2097/1906
f 7158/2895/1909 7155/4058/1910 7156/4057/1907
f 7160/2540/1911 7157/2897/1912 7158/2895/1909
f 7162/2896/1913 7159/2543/1911 7160/2540/1911
f 7164/4059/1914 7161/2899/1915 7162/2896/1913
f 7166/2898/1916 7163/4060/1917 7164/4059/1914
f 7168/4061/1918 7165/2901/1919 7166/2898/1916
f 7170/2900/1920 7167/4062/1918 7168/4061/1918
f 7172/4063/1921 7169/2902/1922 7170/2900/1920
f 7174/2544/1923 7171/4064/1924 7172/4063/1921
f 7176/4065/1260 7173/2547/1923 7174/2544/1923
f 7178/2123/1925 7175/4066/1926 7176/4065/1260
f 7180/4067/1927 7177/2126/1925 7178/2123/1925
f 7182/2903/1928 7179/4068/1927 7180/4067/1927
f 7184/4069/1929 7181/2905/1928 7182/2903/1928
f 7186/2904/1930 7183/4070/1929 7184/4069/1929
f 7188/2548/1931 7185/2907/1930 7186/2904/1930
f 7190/2906/1932 7187/2551/1931 7188/2548/1931
f 7192/4071/1933 7189/2909/1932 7190/2906/1932
f 7194/2908/1934 7191/4072/1933 7192/4071/1933
f 7196/4073/1935 7193/2911/1934 7194/2908/1934
f 7198/2910/1936 7195/4074/1935 7196/4073/1935
f 7200/4075/1937 7197/2912/1936 7198/2910/1936
f 6866/2149/1744 7199/4076/1937 7200/4075/1937
f 3604/1787/5 3603/1790/5 3601/59/6
f 3606/1789/7 3605/1792/7 3603/1790/5
f 3608/1791/8 3607/1794/8 3605/1792/7
f 3610/1793/9 3609/1796/9 3607/1794/8
f 3612/1795/10 3611/1798/10 3609/1796/9
f 3614/1797/11 3613/1800/11 3611/1798/10
f 3616/1799/12 3615/1802/12 3613/1800/11
f 3618/1801/13 3617/1804/13 3615/1802/12
f 3620/1803/14 3619/1806/14 3617/1804/13
f 3622/1805/15 3621/1808/17 3619/1806/14
f 3624/1807/16 3623/1810/19 3621/1808/17
f 3626/1809/18 3625/1812/18 3623/1810/19
f 3628/1811/20 3627/1814/20 3625/1812/18
f 3630/1813/21 3629/1816/21 3627/1814/20
f 3632/1815/22 3631/1818/22 3629/1816/21
f 3634/1817/23 3633/1820/23 3631/1818/22
f 3636/1819/24 3635/1822/26 3633/1820/23
f 3638/1821/25 3637/1824/28 3635/1822/26
f 3640/1823/27 3639/1826/30 3637/1824/28
f 3642/1825/29 3641/1828/29 3639/1826/30
f 3644/1827/31 3643/1830/33 3641/1828/29
f 3646/1829/32 3645/1832/35 3643/1830/33
f 3648/1831/34 3647/1834/37 3645/1832/35
f 3650/1833/36 3649/1836/39 3647/1834/37
f 3652/1835/38 3651/1838/38 3649/1836/39
f 3654/1837/40 3653/1840/40 3651/1838/38
f 3656/1839/41 3655/1842/41 3653/1840/40
f 3658/1841/42 3657/1844/42 3655/1842/41
f 3660/1843/43 3659/1846/43 3657/1844/42
f 3662/1845/44 3661/1848/44 3659/1846/43
f 3664/1847/45 3663/1850/45 3661/1848/44
f 3666/1849/46 3665/1852/46 3663/1850/45
f 3668/1851/47 3667/1854/47 3665/1852/46
f 3670/1853/48 3669/1856/48 3667/1854/47
f 3672/1855/49 3671/1858/51 3669/1856/48
f 3674/1857/50 3673/1860/53 3671/1858/51
f 3676/1859/52 3675/1862/55 3673/1860/53
f 3678/1861/54 3677/1864/54 3675/1862/55
f 3680/1863/56 3679/1866/56 3677/1864/54
f 3682/1865/57 3681/1868/57 3679/1866/56
f 3684/1867/58 3683/1870/58 3681/1868/57
f 3686/1869/59 3685/1872/59 3683/1870/58
f 3688/1871/60 3687/1874/60 3685/1872/59
f 3690/1873/61 3689/1876/61 3687/1874/60
f 3692/1875/62 3691/1878/64 3689/1876/61
f 3694/1877/63 3693/1880/63 3691/1878/64
f 3696/1879/65 3695/1882/65 3693/1880/63
f 3698/1881/66 3697/1884/66 3695/1882/65
f 3700/1883/67 3699/1886/67 3697/1884/66
f 3702/1885/68 3701/1888/68 3699/1886/67
f 3704/1887/69 3703/1890/69 3701/1888/68
f 3706/1889/70 3705/1892/70 3703/1890/69
f 3708/1891/71 3707/1894/73 3705/1892/70
f 3710/1893/72 3709/1896/72 3707/1894/73
f 3712/1895/74 3711/1898/74 3709/1896/72
f 3714/1897/75 3713/1900/75 3711/1898/74
f 3716/1899/76 3715/1902/76 3713/1900/75
f 3718/1901/77 3717/1904/77 3715/1902/76
f 3720/1903/78 3719/1906/78 3717/1904/77
f 3722/1905/79 3721/1908/79 3719/1906/78
f 3724/1907/80 3723/1910/80 3721/1908/79
f 3726/1909/81 3725/1912/81 3723/1910/80
f 3728/1911/82 3727/1914/84 3725/1912/81
f 3730/1913/83 3729/1916/83 3727/1914/84
f 3732/1915/85 3731/1918/85 3729/1916/83
f 3734/1917/86 3733/1920/86 3731/1918/85
f 3736/1919/87 3735/1922/87 3733/1920/86
f 3738/1921/88 3737/1924/90 3735/1922/87
f 3740/1923/89 3739/1926/89 3737/1924/90
f 3742/1925/91 3741/1928/91 3739/1926/89
f 3744/1927/92 3743/1930/92 3741/1928/91
f 3746/1929/93 3745/1932/93 3743/1930/92
f 3748/1931/94 3747/1934/94 3745/1932/93
f 3750/1933/95 3749/1936/97 3747/1934/94
f 3752/1935/96 3751/1938/96 3749/1936/97
f 3754/1937/98 3753/1940/98 3751/1938/96
f 3756/1939/99 3755/1942/99 3753/1940/98
f 3758/1941/100 3757/1944/100 3755/1942/99
f 3760/1943/101 3759/1946/101 3757/1944/100
f 3762/1945/102 3761/1948/102 3759/1946/101
f 3764/1947/103 3763/1950/103 3761/1948/102
f 3766/1949/104 3765/1952/104 3763/1950/103
f 3768/1951/105 3767/1954/105 3765/1952/104
f 3770/1953/106 3769/1956/106 3767/1954/105
f 3772/1955/107 3771/1958/107 3769/1956/106
f 3774/1957/108 3773/1960/108 3771/1958/107
f 3776/1959/109 3775/1962/109 3773/1960/108
f 3778/1961/110 3777/1964/110 3775/1962/109
f 3780/1963/111 3779/1966/111 3777/1964/110
f 3782/1965/112 3781/1968/112 3779/1966/111
f 3784/1967/113 3783/1970/113 3781/1968/112
f 3786/1969/114 3785/1972/114 3783/1970/113
f 3788/1971/115 3787/1974/115 3785/1972/114
f 3790/1973/116 3789/1976/116 3787/1974/115
f 3792/1975/117 3791/1978/117 3789/1976/116
f 3794/1977/118 3793/1980/120 3791/1978/117
f 3796/1979/119 3795/1982/122 3793/1980/120
f 3798/1981/121 3797/1984/124 3795/1982/122
f 3800/1983/123 3799/1986/123 3797/1984/124
f 3802/1985/125 3801/1988/125 3799/1986/123
f 3804/1987/126 3803/1990/126 3801/1988/125
f 3806/1989/127 3805/1992/127 3803/1990/126
f 3808/1991/128 3807/1994/128 3805/1992/127
f 3810/1993/129 3809/1996/129 3807/1994/128
f 3812/1995/130 3811/1998/130 3809/1996/129
f 3814/1997/131 3813/2000/133 3811/1998/130
f 3816/1999/132 3815/2002/132 3813/2000/133
f 3818/2001/134 3817/2004/134 3815/2002/132
f 3820/2003/135 3819/2006/135 3817/2004/134
f 3822/2005/136 3821/2008/136 3819/2006/135
f 3824/2007/137 3823/2010/137 3821/2008/136
f 3826/2009/138 3825/2012/138 3823/2010/137
f 3828/2011/139 3827/2014/139 3825/2012/138
f 3830/2013/140 3829/2016/140 3827/2014/139
f 3832/2015/141 3831/2018/141 3829/2016/140
f 3834/2017/142 3833/2020/142 3831/2018/141
f 3836/2019/143 3835/2022/143 3833/2020/142
f 3838/2021/144 3837/2024/144 3835/2022/143
f 3840/2023/145 3839/2026/145 3837/2024/144
f 3842/2025/146 3841/2028/146 3839/2026/145
f 3844/2027/147 3843/2030/147 3841/2028/146
f 3846/2029/148 3845/2032/148 3843/2030/147
f 3848/2031/149 3847/2034/151 3845/2032/148
f 3850/2033/150 3849/2036/150 3847/2034/151
f 3852/2035/152 3851/2038/152 3849/2036/150
f 3854/2037/153 3853/2040/153 3851/2038/152
f 3856/2039/154 3855/2042/154 3853/2040/153
f 3858/2041/155 3857/2044/155 3855/2042/154
f 3860/2043/156 3859/2046/156 3857/2044/155
f 3862/2045/157 3861/2048/157 3859/2046/156
f 3864/2047/158 3863/2050/158 3861/2048/157
f 3866/2049/159 3865/2052/159 3863/2050/158
f 3868/2051/160 3867/2054/160 3865/2052/159
f 3870/2053/161 3869/2056/161 3867/2054/160
f 3872/2055/162 3871/2058/162 3869/2056/161
f 3874/2057/163 3873/2060/163 3871/2058/162
f 3876/2059/164 3875/2062/164 3873/2060/163
f 3878/2061/165 3877/2064/165 3875/2062/164
f 3880/2063/164 3879/2066/164 3877/2064/165
f 3882/2065/163 3881/2068/163 3879/2066/164
f 3884/2067/162 3883/2070/162 3881/2068/163
f 3886/2069/161 3885/2072/161 3883/2070/162
f 3888/2071/160 3887/2074/160 3885/2072/161
f 3890/2073/166 3889/2076/166 3887/2074/160
f 3892/2075/167 3891/2078/167 3889/2076/166
f 3894/2077/168 3893/2080/168 3891/2078/167
f 3896/2079/169 3895/2082/169 3893/2080/168
f 3898/2081/170 3897/2084/170 3895/2082/169
f 3900/2083/171 3899/2086/171 3897/2084/170
f 3902/2085/172 3901/2088/172 3899/2086/171
f 3904/2087/173 3903/2090/173 3901/2088/172
f 3906/2089/174 3905/2092/174 3903/2090/173
f 3908/2091/175 3907/2094/175 3905/2092/174
f 3910/2093/176 3909/2096/176 3907/2094/175
f 3912/2095/177 3911/2098/177 3909/2096/176
f 3914/2097/178 3913/2100/178 3911/2098/177
f 3916/2099/179 3915/2102/179 3913/2100/178
f 3918/2101/180 3917/2104/180 3915/2102/179
f 3920/2103/181 3919/2106/181 3917/2104/180
f 3922/2105/182 3921/2108/182 3919/2106/181
f 3924/2107/183 3923/2110/183 3921/2108/182
f 3926/2109/184 3925/2112/186 3923/2110/183
f 3928/2111/185 3927/2114/188 3925/2112/186
f 3930/2113/187 3929/2116/187 3927/2114/188
f 3932/2115/189 3931/2118/191 3929/2116/187
f 3934/2117/190 3933/2120/193 3931/2118/191
f 3936/2119/192 3935/2122/195 3933/2120/193
f 3938/2121/194 3937/2124/194 3935/2122/195
f 3940/2123/196 3939/2126/196 3937/2124/194
f 3942/2125/197 3941/2128/197 3939/2126/196
f 3944/2127/198 3943/2130/198 3941/2128/197
f 3946/2129/199 3945/2132/199 3943/2130/198
f 3948/2131/200 3947/2134/200 3945/2132/199
f 3950/2133/201 3949/2136/201 3947/2134/200
f 3952/2135/202 3951/2138/202 3949/2136/201
f 3954/2137/203 3953/2140/203 3951/2138/202
f 3956/2139/204 3955/2142/204 3953/2140/203
f 3958/2141/205 3957/2144/205 3955/2142/204
f 3960/2143/206 3959/2146/206 3957/2144/205
f 3962/2145/207 3961/2148/207 3959/2146/206
f 3964/2147/208 3963/2150/208 3961/2148/207
f 3602/2149/6 3601/57/6 3963/2150/208
f 3968/2151/209 3967/2153/209 3965/59/210
f 3970/2152/211 3969/2155/211 3967/2153/209
f 3972/2154/212 3971/2157/212 3969/2155/211
f 3974/2156/213 3973/2159/213 3971/2157/212
f 3976/2158/214 3975/2161/214 3973/2159/213
f 3978/2160/215 3977/2163/215 3975/2161/214
f 3980/2162/216 3979/2165/216 3977/2163/215
f 3982/2164/217 3981/2167/217 3979/2165/216
f 3984/2166/218 3983/2169/218 3981/2167/217
f 3986/2168/219 3985/2171/219 3983/2169/218
f 3988/2170/220 3987/2173/220 3985/2171/219
f 3990/2172/221 3989/2175/221 3987/2173/220
f 3992/2174/222 3991/2177/222 3989/2175/221
f 3994/2176/223 3993/2179/225 3991/2177/222
f 3996/2178/224 3995/2181/224 3993/2179/225
f 3998/2180/226 3997/2183/226 3995/2181/224
f 4000/2182/227 3999/2185/227 3997/2183/226
f 4002/2184/228 4001/2187/230 3999/2185/227
f 4004/2186/229 4003/2189/232 4001/2187/230
f 4006/2188/231 4005/2191/234 4003/2189/232
f 4008/2190/233 4007/2193/236 4005/2191/234
f 4010/2192/235 4009/2195/235 4007/2193/236
f 4012/2194/237 4011/2197/237 4009/2195/235
f 4014/2196/238 4013/2199/238 4011/2197/237
f 4016/2198/239 4015/2201/239 4013/2199/238
f 4018/2200/240 4017/2203/240 4015/2201/239
f 4020/2202/241 4019/2205/241 4017/2203/240
f 4022/2204/242 4021/2207/242 4019/2205/241
f 4024/2206/243 4023/2209/243 4021/2207/242
f 4026/2208/244 4025/2211/244 4023/2209/243
f 4028/2210/245 4027/2213/245 4025/2211/244
f 4030/2212/246 4029/2215/248 4027/2213/245
f 4032/2214/247 4031/2217/247 4029/2215/248
f 4034/2216/249 4033/2219/249 4031/2217/247
f 4036/2218/250 4035/2221/250 4033/2219/249
f 4038/2220/251 4037/2222/251 4035/2221/250
f 4040/1967/252 4039/1970/252 4037/2222/251
f 4042/2223/253 4041/2225/253 4039/1970/252
f 4044/2224/254 4043/2227/254 4041/2225/253
f 4046/2226/255 4045/2229/255 4043/2227/254
f 4048/2228/256 4047/2231/256 4045/2229/255
f 4050/2230/257 4049/2233/257 4047/2231/256
f 4052/2232/258 4051/2235/258 4049/2233/257
f 4054/2234/259 4053/2237/259 4051/2235/258
f 4056/2236/260 4055/2239/260 4053/2237/259
f 4058/2238/261 4057/2241/261 4055/2239/260
f 4060/2240/262 4059/2243/264 4057/2241/261
f 4062/2242/263 4061/2245/266 4059/2243/264
f 4064/2244/265 4063/2247/268 4061/2245/266
f 4066/2246/267 4065/2249/267 4063/2247/268
f 4068/2248/269 4067/2251/271 4065/2249/267
f 4070/2250/270 4069/2253/273 4067/2251/271
f 4072/2252/272 4071/2255/275 4069/2253/273
f 4074/2254/274 4073/2257/277 4071/2255/275
f 4076/2256/276 4075/2259/279 4073/2257/277
f 4078/2258/278 4077/2261/281 4075/2259/279
f 4080/2260/280 4079/2263/280 4077/2261/281
f 4082/2262/282 4081/2265/284 4079/2263/280
f 4084/2264/283 4083/2267/286 4081/2265/284
f 4086/2266/285 4085/2269/285 4083/2267/286
f 4088/2268/287 4087/2271/287 4085/2269/285
f 4090/2270/288 4089/2273/288 4087/2271/287
f 4092/2272/289 4091/2275/289 4089/2273/288
f 4094/2274/290 4093/2277/290 4091/2275/289
f 4096/2276/291 4095/2279/291 4093/2277/290
f 4098/2278/292 4097/2281/292 4095/2279/291
f 4100/2280/293 4099/2283/293 4097/2281/292
f 4102/2282/294 4101/2285/294 4099/2283/293
f 4104/2284/295 4103/2287/295 4101/2285/294
f 4106/2286/296 4105/2289/296 4103/2287/295
f 4108/2288/297 4107/2291/297 4105/2289/296
f 4110/2290/298 4109/2293/298 4107/2291/297
f 4112/2292/299 4111/2294/299 4109/2293/298
f 3966/2149/210 3965/57/210 4111/2294/299
f 4116/1787/300 4115/1790/300 4113/59/301
f 4118/1789/302 4117/1792/302 4115/1790/300
f 4120/1791/303 4119/1794/303 4117/1792/302
f 4122/1793/304 4121/1796/304 4119/1794/303
f 4124/1795/305 4123/1798/305 4121/1796/304
f 4126/1797/306 4125/1800/306 4123/1798/305
f 4128/1799/307 4127/1802/307 4125/1800/306
f 4130/1801/308 4129/1804/308 4127/1802/307
f 4132/1803/309 4131/1806/309 4129/1804/308
f 4134/1805/310 4133/1808/310 4131/1806/309
f 4136/1807/311 4135/1810/313 4133/1808/310
f 4138/1809/312 4137/1812/315 4135/1810/313
f 4140/1811/314 4139/1814/314 4137/1812/315
f 4142/1813/316 4141/1816/316 4139/1814/314
f 4144/1815/317 4143/1818/317 4141/1816/316
f 4146/1817/318 4145/1820/318 4143/1818/317
f 4148/1819/319 4147/1822/319 4145/1820/318
f 4150/1821/320 4149/1824/320 4147/1822/319
f 4152/1823/321 4151/1826/321 4149/1824/320
f 4154/1825/322 4153/1828/322 4151/1826/321
f 4156/1827/323 4155/1830/323 4153/1828/322
f 4158/1829/324 4157/1832/326 4155/1830/323
f 4160/1831/325 4159/1834/328 4157/1832/326
f 4162/1833/327 4161/1836/327 4159/1834/328
f 4164/1835/329 4163/1838/329 4161/1836/327
f 4166/1837/330 4165/1840/330 4163/1838/329
f 4168/1839/331 4167/1842/331 4165/1840/330
f 4170/1841/332 4169/1844/332 4167/1842/331
f 4172/1843/333 4171/1846/333 4169/1844/332
f 4174/1845/334 4173/1848/336 4171/1846/333
f 4176/1847/335 4175/1850/338 4173/1848/336
f 4178/1849/337 4177/1852/340 4175/1850/338
f 4180/1851/339 4179/1854/339 4177/1852/340
f 4182/1853/341 4181/1856/341 4179/1854/339
f 4184/1855/342 4183/1858/342 4181/1856/341
f 4186/1857/343 4185/1860/343 4183/1858/342
f 4188/1859/344 4187/1862/344 4185/1860/343
f 4190/1861/345 4189/1864/345 4187/1862/344
f 4192/1863/346 4191/1866/346 4189/1864/345
f 4194/1865/347 4193/1868/347 4191/1866/346
f 4196/1867/348 4195/1870/348 4193/1868/347
f 4198/1869/349 4197/1872/349 4195/1870/348
f 4200/1871/350 4199/1874/350 4197/1872/349
f 4202/1873/351 4201/1876/351 4199/1874/350
f 4204/1875/352 4203/1878/352 4201/1876/351
f 4206/1877/353 4205/1880/353 4203/1878/352
f 4208/1879/354 4207/1882/354 4205/1880/353
f 4210/1881/355 4209/1884/355 4207/1882/354
f 4212/1883/356 4211/1886/356 4209/1884/355
f 4214/1885/357 4213/1888/357 4211/1886/356
f 4216/1887/358 4215/1890/358 4213/1888/357
f 4218/1889/359 4217/1892/359 4215/1890/358
f 4220/1891/360 4219/1894/360 4217/1892/359
f 4222/1893/361 4221/1896/361 4219/1894/360
f 4224/1895/362 4223/1898/362 4221/1896/361
f 4226/1897/363 4225/1900/363 4223/1898/362
f 4228/1899/364 4227/1902/364 4225/1900/363
f 4230/1901/365 4229/1904/365 4227/1902/364
f 4232/1903/366 4231/1906/366 4229/1904/365
f 4234/1905/367 4233/1908/369 4231/1906/366
f 4236/1907/368 4235/1910/368 4233/1908/369
f 4238/1909/370 4237/1912/370 4235/1910/368
f 4240/1911/371 4239/1914/371 4237/1912/370
f 4242/1913/372 4241/1916/372 4239/1914/371
f 4244/1915/373 4243/1918/373 4241/1916/372
f 4246/1917/374 4245/1920/376 4243/1918/373
f 4248/1919/375 4247/1922/375 4245/1920/376
f 4250/1921/377 4249/1924/377 4247/1922/375
f 4252/1923/378 4251/1926/378 4249/1924/377
f 4254/1925/379 4253/1928/379 4251/1926/378
f 4256/1927/380 4255/1930/380 4253/1928/379
f 4258/1929/381 4257/1932/381 4255/1930/380
f 4260/1931/382 4259/1934/382 4257/1932/381
f 4262/1933/383 4261/1936/383 4259/1934/382
f 4264/1935/384 4263/1938/384 4261/1936/383
f 4266/1937/385 4265/1940/385 4263/1938/384
f 4268/1939/386 4267/1942/386 4265/1940/385
f 4270/1941/387 4269/1944/387 4267/1942/386
f 4272/1943/388 4271/1946/388 4269/1944/387
f 4274/1945/389 4273/1948/389 4271/1946/388
f 4276/1947/390 4275/1950/390 4273/1948/389
f 4278/1949/391 4277/1952/391 4275/1950/390
f 4280/1951/392 4279/1954/392 4277/1952/391
f 4282/1953/393 4281/1956/393 4279/1954/392
f 4284/1955/394 4283/1958/394 4281/1956/393
f 4286/1957/395 4285/1960/397 4283/1958/394
f 4288/1959/396 4287/1962/396 4285/1960/397
f 4290/1961/398 4289/1964/398 4287/1962/396
f 4292/1963/399 4291/1966/399 4289/1964/398
f 4294/1965/400 4293/1968/400 4291/1966/399
f 4296/1967/401 4295/1970/401 4293/1968/400
f 4298/1969/402 4297/1972/402 4295/1970/401
f 4300/1971/403 4299/1974/403 4297/1972/402
f 4302/1973/404 4301/1976/404 4299/1974/403
f 4304/1975/405 4303/1978/405 4301/1976/404
f 4306/1977/406 4305/1980/406 4303/1978/405
f 4308/1979/407 4307/1982/407 4305/1980/406
f 4310/1981/408 4309/1984/408 4307/1982/407
f 4312/1983/409 4311/1986/409 4309/1984/408
f 4314/1985/410 4313/1988/410 4311/1986/409
f 4316/1987/411 4315/1990/411 4313/1988/410
f 4318/1989/412 4317/1992/412 4315/1990/411
f 4320/1991/413 4319/1994/413 4317/1992/412
f 4322/1993/414 4321/1996/414 4319/1994/413
f 4324/1995/415 4323/1998/415 4321/1996/414
f 4326/1997/416 4325/2000/416 4323/1998/415
f 4328/1999/417 4327/2002/417 4325/2000/416
f 4330/2001/418 4329/2004/418 4327/2002/417
f 4332/2003/419 4331/2006/419 4329/2004/418
f 4334/2005/420 4333/2008/420 4331/2006/419
f 4336/2007/421 4335/2010/421 4333/2008/420
f 4338/2009/422 4337/2012/422 4335/2010/421
f 4340/2011/423 4339/2014/423 4337/2012/422
f 4342/2013/424 4341/2016/424 4339/2014/423
f 4344/2015/425 4343/2018/425 4341/2016/424
f 4346/2017/426 4345/2020/426 4343/2018/425
f 4348/2019/427 4347/2022/427 4345/2020/426
f 4350/2021/428 4349/2024/428 4347/2022/427
f 4352/2023/429 4351/2026/429 4349/2024/428
f 4354/2025/430 4353/2028/430 4351/2026/429
f 4356/2027/431 4355/2030/431 4353/2028/430
f 4358/2029/432 4357/2032/432 4355/2030/431
f 4360/2031/433 4359/2034/433 4357/2032/432
f 4362/2033/434 4361/2036/434 4359/2034/433
f 4364/2035/435 4363/2038/435 4361/2036/434
f 4366/2037/436 4365/2040/436 4363/2038/435
f 4368/2039/435 4367/2042/435 4365/2040/436
f 4370/2041/434 4369/2044/434 4367/2042/435
f 4372/2043/433 4371/2046/433 4369/2044/434
f 4374/2045/432 4373/2048/432 4371/2046/433
f 4376/2047/431 4375/2050/431 4373/2048/432
f 4378/2049/437 4377/2052/437 4375/2050/431
f 4380/2051/438 4379/2054/438 4377/2052/437
f 4382/2053/439 4381/2056/439 4379/2054/438
f 4384/2055/440 4383/2058/440 4381/2056/439
f 4386/2057/441 4385/2060/441 4383/2058/440
f 4388/2059/442 4387/2062/442 4385/2060/441
f 4390/2061/443 4389/2064/443 4387/2062/442
f 4392/2063/444 4391/2066/444 4389/2064/443
f 4394/2065/445 4393/2068/445 4391/2066/444
f 4396/2067/446 4395/2070/446 4393/2068/445
f 4398/2069/447 4397/2072/447 4395/2070/446
f 4400/2071/448 4399/2074/448 4397/2072/447
f 4402/2073/449 4401/2076/449 4399/2074/448
f 4404/2075/450 4403/2078/450 4401/2076/449
f 4406/2077/451 4405/2080/451 4403/2078/450
f 4408/2079/452 4407/2082/452 4405/2080/451
f 4410/2081/453 4409/2084/453 4407/2082/452
f 4412/2083/454 4411/2086/454 4409/2084/453
f 4414/2085/455 4413/2088/455 4411/2086/454
f 4416/2087/456 4415/2090/458 4413/2088/455
f 4418/2089/457 4417/2092/460 4415/2090/458
f 4420/2091/459 4419/2094/462 4417/2092/460
f 4422/2093/461 4421/2096/464 4419/2094/462
f 4424/2095/463 4423/2098/466 4421/2096/464
f 4426/2097/465 4425/2100/465 4423/2098/466
f 4428/2099/467 4427/2102/469 4425/2100/465
f 4430/2101/468 4429/2104/468 4427/2102/469
f 4432/2103/470 4431/2106/472 4429/2104/468
f 4434/2105/471 4433/2108/474 4431/2106/472
f 4436/2107/473 4435/2110/473 4433/2108/474
f 4438/2109/475 4437/2112/477 4435/2110/473
f 4440/2111/476 4439/2114/479 4437/2112/477
f 4442/2113/478 4441/2116/478 4439/2114/479
f 4444/2115/480 4443/2118/482 4441/2116/478
f 4446/2117/481 4445/2120/484 4443/2118/482
f 4448/2119/483 4447/2122/483 4445/2120/484
f 4450/2121/485 4449/2124/485 4447/2122/483
f 4452/2123/486 4451/2126/486 4449/2124/485
f 4454/2125/487 4453/2128/487 4451/2126/486
f 4456/2127/488 4455/2130/488 4453/2128/487
f 4458/2129/489 4457/2132/489 4455/2130/488
f 4460/2131/490 4459/2134/490 4457/2132/489
f 4462/2133/491 4461/2136/491 4459/2134/490
f 4464/2135/492 4463/2138/492 4461/2136/491
f 4466/2137/493 4465/2140/493 4463/2138/492
f 4468/2139/494 4467/2142/494 4465/2140/493
f 4470/2141/495 4469/2144/495 4467/2142/494
f 4472/2143/496 4471/2146/496 4469/2144/495
f 4474/2145/497 4473/2148/497 4471/2146/496
f 4476/2147/498 4475/2150/498 4473/2148/497
f 4114/2149/301 4113/57/301 4475/2150/498
f 4480/2295/499 4479/2297/499 4477/59/496
f 4482/2296/500 4481/2299/500 4479/2297/499
f 4484/2298/501 4483/2301/501 4481/2299/500
f 4486/2300/502 4485/2303/502 4483/2301/501
f 4488/2302/503 4487/2305/503 4485/2303/502
f 4490/2304/502 4489/2306/502 4487/2305/503
f 4492/1811/501 4491/1814/501 4489/2306/502
f 4494/2307/500 4493/2309/500 4491/1814/501
f 4496/2308/499 4495/2311/499 4493/2309/500
f 4498/2310/496 4497/2313/496 4495/2311/499
f 4500/2312/504 4499/2315/504 4497/2313/496
f 4502/2314/505 4501/2317/505 4499/2315/504
f 4504/2316/506 4503/2318/506 4501/2317/505
f 4506/1837/507 4505/1840/507 4503/2318/506
f 4508/2319/508 4507/2321/508 4505/1840/507
f 4510/2320/509 4509/2323/509 4507/2321/508
f 4512/2322/510 4511/2325/510 4509/2323/509
f 4514/2324/511 4513/2327/511 4511/2325/510
f 4516/2326/512 4515/2329/512 4513/2327/511
f 4518/2328/513 4517/2330/513 4515/2329/512
f 4520/1863/514 4519/1866/514 4517/2330/513
f 4522/2331/515 4521/2333/515 4519/1866/514
f 4524/2332/516 4523/2335/516 4521/2333/515
f 4526/2334/517 4525/2337/517 4523/2335/516
f 4528/2336/518 4527/2339/518 4525/2337/517
f 4530/2338/519 4529/2341/519 4527/2339/518
f 4532/2340/520 4531/2342/520 4529/2341/519
f 4534/1889/521 4533/1892/523 4531/2342/520
f 4536/2343/522 4535/2345/522 4533/1892/523
f 4538/2344/524 4537/2347/524 4535/2345/522
f 4540/2346/525 4539/2349/525 4537/2347/524
f 4542/2348/526 4541/2351/526 4539/2349/525
f 4544/2350/527 4543/2353/527 4541/2351/526
f 4546/2352/528 4545/2354/528 4543/2353/527
f 4548/1915/529 4547/1918/529 4545/2354/528
f 4550/2355/530 4549/2357/530 4547/1918/529
f 4552/2356/531 4551/2359/531 4549/2357/530
f 4554/2358/532 4553/2361/532 4551/2359/531
f 4556/2360/533 4555/2363/533 4553/2361/532
f 4558/2362/534 4557/2365/534 4555/2363/533
f 4560/2364/535 4559/2366/535 4557/2365/534
f 4562/1941/536 4561/1944/536 4559/2366/535
f 4564/2367/537 4563/2369/537 4561/1944/536
f 4566/2368/538 4565/2371/538 4563/2369/537
f 4568/2370/539 4567/2373/539 4565/2371/538
f 4570/2372/540 4569/2375/540 4567/2373/539
f 4572/2374/541 4571/2377/541 4569/2375/540
f 4574/2376/542 4573/2378/542 4571/2377/541
f 4576/1967/543 4575/1970/543 4573/2378/542
f 4578/2379/544 4577/2381/544 4575/1970/543
f 4580/2380/545 4579/2383/545 4577/2381/544
f 4582/2382/546 4581/2385/546 4579/2383/545
f 4584/2384/547 4583/2387/547 4581/2385/546
f 4586/2386/546 4585/2389/546 4583/2387/547
f 4588/2388/545 4587/2390/545 4585/2389/546
f 4590/1993/544 4589/1996/544 4587/2390/545
f 4592/2391/543 4591/2393/543 4589/1996/544
f 4594/2392/542 4593/2395/542 4591/2393/543
f 4596/2394/548 4595/2397/548 4593/2395/542
f 4598/2396/549 4597/2399/549 4595/2397/548
f 4600/2398/159 4599/2401/159 4597/2399/549
f 4602/2400/550 4601/2402/550 4599/2401/159
f 4604/2019/551 4603/2022/551 4601/2402/550
f 4606/2403/552 4605/2405/552 4603/2022/551
f 4608/2404/553 4607/2407/553 4605/2405/552
f 4610/2406/554 4609/2409/554 4607/2407/553
f 4612/2408/555 4611/2411/555 4609/2409/554
f 4614/2410/150 4613/2413/150 4611/2411/555
f 4616/2412/556 4615/2414/556 4613/2413/150
f 4618/2045/557 4617/2048/557 4615/2414/556
f 4620/2415/558 4619/2417/558 4617/2048/557
f 4622/2416/559 4621/2419/561 4619/2417/558
f 4624/2418/560 4623/2421/560 4621/2419/561
f 4626/2420/562 4625/2423/562 4623/2421/560
f 4628/2422/563 4627/2425/563 4625/2423/562
f 4630/2424/564 4629/2426/564 4627/2425/563
f 4632/2071/565 4631/2074/565 4629/2426/564
f 4634/2427/566 4633/2429/566 4631/2074/565
f 4636/2428/567 4635/2431/567 4633/2429/566
f 4638/2430/568 4637/2433/568 4635/2431/567
f 4640/2432/569 4639/2435/569 4637/2433/568
f 4642/2434/570 4641/2437/570 4639/2435/569
f 4644/2436/571 4643/2438/571 4641/2437/570
f 4646/2097/572 4645/2100/572 4643/2438/571
f 4648/2439/573 4647/2441/573 4645/2100/572
f 4650/2440/574 4649/2443/574 4647/2441/573
f 4652/2442/575 4651/2445/575 4649/2443/574
f 4654/2444/576 4653/2447/576 4651/2445/575
f 4656/2446/577 4655/2449/577 4653/2447/576
f 4658/2448/578 4657/2450/578 4655/2449/577
f 4660/2123/577 4659/2126/577 4657/2450/578
f 4662/2451/576 4661/2453/576 4659/2126/577
f 4664/2452/575 4663/2455/575 4661/2453/576
f 4666/2454/574 4665/2457/574 4663/2455/575
f 4668/2456/573 4667/2459/573 4665/2457/574
f 4670/2458/208 4669/2461/208 4667/2459/573
f 4672/2460/579 4671/2462/579 4669/2461/208
f 4478/2149/496 4477/57/496 4671/2462/579
f 4676/2463/580 4675/2465/580 4673/59/581
f 4678/2464/582 4677/2467/582 4675/2465/580
f 4680/2466/583 4679/2469/583 4677/2467/582
f 4682/2468/584 4681/2471/584 4679/2469/583
f 4684/2470/585 4683/2473/585 4681/2471/584
f 4686/2472/586 4685/2475/586 4683/2473/585
f 4688/2474/587 4687/2477/587 4685/2475/586
f 4690/2476/588 4689/2479/588 4687/2477/587
f 4692/2478/589 4691/2481/591 4689/2479/588
f 4694/2480/590 4693/2483/590 4691/2481/591
f 4696/2482/592 4695/2485/594 4693/2483/590
f 4698/2484/593 4697/2487/593 4695/2485/594
f 4700/2486/595 4699/2489/595 4697/2487/593
f 4702/2488/596 4701/2491/596 4699/2489/595
f 4704/2490/597 4703/2493/597 4701/2491/596
f 4706/2492/598 4705/1605/598 4703/2493/597
f 4708/2494/599 4707/2496/601 4705/1605/598
f 4710/2495/600 4709/2498/600 4707/2496/601
f 4712/2497/602 4711/2500/602 4709/2498/600
f 4714/2499/603 4713/2502/603 4711/2500/602
f 4716/2501/604 4715/2504/604 4713/2502/603
f 4718/2503/605 4717/2506/605 4715/2504/604
f 4720/2505/606 4719/2507/606 4717/2506/605
f 4722/1967/607 4721/1970/607 4719/2507/606
f 4724/2508/608 4723/2510/608 4721/1970/607
f 4726/2509/609 4725/2512/609 4723/2510/608
f 4728/2511/610 4727/2514/610 4725/2512/609
f 4730/2513/611 4729/2516/611 4727/2514/610
f 4732/2515/612 4731/2518/612 4729/2516/611
f 4734/2517/613 4733/2520/613 4731/2518/612
f 4736/2519/614 4735/2522/614 4733/2520/613
f 4738/2521/615 4737/1445/615 4735/2522/614
f 4740/2523/616 4739/2525/616 4737/1445/615
f 4742/2524/617 4741/2527/617 4739/2525/616
f 4744/2526/618 4743/2529/618 4741/2527/617
f 4746/2528/619 4745/2531/619 4743/2529/618
f 4748/2530/620 4747/2533/620 4745/2531/619
f 4750/2532/621 4749/2535/621 4747/2533/620
f 4752/2534/622 4751/2537/622 4749/2535/621
f 4754/2536/623 4753/2539/623 4751/2537/622
f 4756/2538/624 4755/2541/624 4753/2539/623
f 4758/2540/625 4757/2543/625 4755/2541/624
f 4760/2542/626 4759/2545/626 4757/2543/625
f 4762/2544/627 4761/2547/627 4759/2545/626
f 4764/2546/628 4763/2549/628 4761/2547/627
f 4766/2548/629 4765/2551/629 4763/2549/628
f 4768/2550/630 4767/2552/630 4765/2551/629
f 4674/2149/581 4673/57/581 4767/2552/630
f 4772/2463/631 4771/2465/631 4769/59/632
f 4774/2464/633 4773/2467/633 4771/2465/631
f 4776/2466/634 4775/2469/634 4773/2467/633
f 4778/2468/635 4777/2471/635 4775/2469/634
f 4780/2470/636 4779/2473/638 4777/2471/635
f 4782/2472/637 4781/2475/637 4779/2473/638
f 4784/2474/639 4783/2477/639 4781/2475/637
f 4786/2476/640 4785/2479/640 4783/2477/639
f 4788/2478/641 4787/2481/641 4785/2479/640
f 4790/2480/642 4789/2483/642 4787/2481/641
f 4792/2482/643 4791/2485/643 4789/2483/642
f 4794/2484/644 4793/2487/644 4791/2485/643
f 4796/2486/645 4795/2489/645 4793/2487/644
f 4798/2488/646 4797/2491/646 4795/2489/645
f 4800/2490/647 4799/2493/647 4797/2491/646
f 4802/2492/648 4801/1605/648 4799/2493/647
f 4804/2494/649 4803/2496/649 4801/1605/648
f 4806/2495/650 4805/2498/650 4803/2496/649
f 4808/2497/651 4807/2500/651 4805/2498/650
f 4810/2499/652 4809/2502/652 4807/2500/651
f 4812/2501/653 4811/2504/653 4809/2502/652
f 4814/2503/654 4813/2506/654 4811/2504/653
f 4816/2505/655 4815/2507/655 4813/2506/654
f 4818/1967/656 4817/1970/656 4815/2507/655
f 4820/2508/657 4819/2510/657 4817/1970/656
f 4822/2509/658 4821/2512/658 4819/2510/657
f 4824/2511/659 4823/2514/659 4821/2512/658
f 4826/2513/660 4825/2516/660 4823/2514/659
f 4828/2515/661 4827/2518/661 4825/2516/660
f 4830/2517/662 4829/2520/662 4827/2518/661
f 4832/2519/663 4831/2522/663 4829/2520/662
f 4834/2521/664 4833/1445/664 4831/2522/663
f 4836/2523/665 4835/2525/667 4833/1445/664
f 4838/2524/666 4837/2527/666 4835/2525/667
f 4840/2526/668 4839/2529/668 4837/2527/666
f 4842/2528/669 4841/2531/669 4839/2529/668
f 4844/2530/670 4843/2533/670 4841/2531/669
f 4846/2532/671 4845/2535/671 4843/2533/670
f 4848/2534/672 4847/2537/672 4845/2535/671
f 4850/2536/673 4849/2539/673 4847/2537/672
f 4852/2538/674 4851/2541/674 4849/2539/673
f 4854/2540/675 4853/2543/675 4851/2541/674
f 4856/2542/676 4855/2545/676 4853/2543/675
f 4858/2544/677 4857/2547/677 4855/2545/676
f 4860/2546/678 4859/2549/678 4857/2547/677
f 4862/2548/679 4861/2551/679 4859/2549/678
f 4864/2550/680 4863/2552/680 4861/2551/679
f 4770/2149/632 4769/57/632 4863/2552/680
f 4868/2463/681 4867/2465/681 4865/59/682
f 4870/2464/683 4869/2467/683 4867/2465/681
f 4872/2466/684 4871/2469/684 4869/2467/683
f 4874/2468/685 4873/2471/685 4871/2469/684
f 4876/2470/686 4875/2473/686 4873/2471/685
f 4878/2472/687 4877/2475/687 4875/2473/686
f 4880/2474/688 4879/2477/688 4877/2475/687
f 4882/2476/689 4881/2479/689 4879/2477/688
f 4884/2478/690 4883/2481/690 4881/2479/689
f 4886/2480/691 4885/2483/691 4883/2481/690
f 4888/2482/692 4887/2485/692 4885/2483/691
f 4890/2484/693 4889/2487/693 4887/2485/692
f 4892/2486/694 4891/2489/694 4889/2487/693
f 4894/2488/695 4893/2491/695 4891/2489/694
f 4896/2490/696 4895/2493/696 4893/2491/695
f 4898/2492/697 4897/1605/697 4895/2493/696
f 4900/2494/698 4899/2496/698 4897/1605/697
f 4902/2495/699 4901/2498/699 4899/2496/698
f 4904/2497/700 4903/2500/700 4901/2498/699
f 4906/2499/701 4905/2502/701 4903/2500/700
f 4908/2501/702 4907/2504/704 4905/2502/701
f 4910/2503/703 4909/2506/703 4907/2504/704
f 4912/2505/705 4911/2507/705 4909/2506/703
f 4914/1967/706 4913/1970/706 4911/2507/705
f 4916/2508/707 4915/2510/707 4913/1970/706
f 4918/2509/708 4917/2512/708 4915/2510/707
f 4920/2511/709 4919/2514/709 4917/2512/708
f 4922/2513/710 4921/2516/710 4919/2514/709
f 4924/2515/711 4923/2518/711 4921/2516/710
f 4926/2517/712 4925/2520/712 4923/2518/711
f 4928/2519/713 4927/2522/713 4925/2520/712
f 4930/2521/714 4929/1445/714 4927/2522/713
f 4932/2523/715 4931/2525/715 4929/1445/714
f 4934/2524/716 4933/2527/716 4931/2525/715
f 4936/2526/717 4935/2529/717 4933/2527/716
f 4938/2528/718 4937/2531/718 4935/2529/717
f 4940/2530/719 4939/2533/719 4937/2531/718
f 4942/2532/720 4941/2535/720 4939/2533/719
f 4944/2534/721 4943/2537/721 4941/2535/720
f 4946/2536/722 4945/2539/722 4943/2537/721
f 4948/2538/723 4947/2541/723 4945/2539/722
f 4950/2540/724 4949/2543/724 4947/2541/723
f 4952/2542/725 4951/2545/725 4949/2543/724
f 4954/2544/726 4953/2547/726 4951/2545/725
f 4956/2546/727 4955/2549/727 4953/2547/726
f 4958/2548/728 4957/2551/728 4955/2549/727
f 4960/2550/729 4959/2552/729 4957/2551/728
f 4866/2149/682 4865/57/682 4959/2552/729
f 4964/2553/730 4963/2555/730 4961/59/731
f 4966/2554/733 4965/2557/733 4963/2555/730
f 4968/2556/734 4967/2559/734 4965/2557/733
f 4970/2558/735 4969/2561/735 4967/2559/734
f 4972/2560/736 4971/2563/736 4969/2561/735
f 4974/2562/737 4973/2565/737 4971/2563/736
f 4976/2564/738 4975/2567/738 4973/2565/737
f 4978/2566/739 4977/2569/739 4975/2567/738
f 4980/2568/740 4979/2571/740 4977/2569/739
f 4982/2570/741 4981/2572/743 4979/2571/740
f 4984/2468/742 4983/2471/742 4981/2572/743
f 4986/2573/744 4985/2575/744 4983/2471/742
f 4988/2574/745 4987/2577/745 4985/2575/744
f 4990/2576/746 4989/2579/746 4987/2577/745
f 4992/2578/747 4991/2581/747 4989/2579/746
f 4994/2580/748 4993/2583/748 4991/2581/747
f 4996/2582/749 4995/2585/749 4993/2583/748
f 4998/2584/750 4997/2587/750 4995/2585/749
f 5000/2586/751 4999/2589/751 4997/2587/750
f 5002/2588/752 5001/2591/752 4999/2589/751
f 5004/2590/753 5003/2592/753 5001/2591/752
f 5006/2476/754 5005/2479/754 5003/2592/753
f 5008/2593/755 5007/2595/755 5005/2479/754
f 5010/2594/756 5009/2597/756 5007/2595/755
f 5012/2596/757 5011/2599/757 5009/2597/756
f 5014/2598/758 5013/2601/758 5011/2599/757
f 5016/2600/759 5015/2603/759 5013/2601/758
f 5018/2602/760 5017/2605/760 5015/2603/759
f 5020/2604/761 5019/2607/761 5017/2605/760
f 5022/2606/762 5021/2609/762 5019/2607/761
f 5024/2608/763 5023/2611/763 5021/2609/762
f 5026/2610/764 5025/2612/764 5023/2611/763
f 5028/2484/765 5027/2487/765 5025/2612/764
f 5030/2613/766 5029/2615/766 5027/2487/765
f 5032/2614/767 5031/2617/769 5029/2615/766
f 5034/2616/768 5033/2619/768 5031/2617/769
f 5036/2618/770 5035/2621/770 5033/2619/768
f 5038/2620/771 5037/2623/771 5035/2621/770
f 5040/2622/772 5039/2625/772 5037/2623/771
f 5042/2624/773 5041/2627/773 5039/2625/772
f 5044/2626/774 5043/2629/774 5041/2627/773
f 5046/2628/775 5045/2631/775 5043/2629/774
f 5048/2630/776 5047/2632/776 5045/2631/775
f 5050/2492/777 5049/1605/777 5047/2632/776
f 5052/2633/778 5051/2635/778 5049/1605/777
f 5054/2634/779 5053/2637/779 5051/2635/778
f 5056/2636/780 5055/2639/780 5053/2637/779
f 5058/2638/781 5057/2641/781 5055/2639/780
f 5060/2640/782 5059/2643/782 5057/2641/781
f 5062/2642/783 5061/2645/783 5059/2643/782
f 5064/2644/784 5063/2647/784 5061/2645/783
f 5066/2646/785 5065/2649/785 5063/2647/784
f 5068/2648/786 5067/2651/788 5065/2649/785
f 5070/2650/787 5069/2652/787 5067/2651/788
f 5072/2499/789 5071/2502/789 5069/2652/787
f 5074/2653/790 5073/2655/790 5071/2502/789
f 5076/2654/791 5075/2657/791 5073/2655/790
f 5078/2656/792 5077/2659/792 5075/2657/791
f 5080/2658/207 5079/2661/207 5077/2659/792
f 5082/2660/793 5081/2663/793 5079/2661/207
f 5084/2662/794 5083/2665/794 5081/2663/793
f 5086/2664/795 5085/2667/795 5083/2665/794
f 5088/2666/796 5087/2669/796 5085/2667/795
f 5090/2668/797 5089/2671/797 5087/2669/796
f 5092/2670/798 5091/2672/798 5089/2671/797
f 5094/1967/799 5093/1970/799 5091/2672/798
f 5096/2673/800 5095/2675/800 5093/1970/799
f 5098/2674/801 5097/2677/801 5095/2675/800
f 5100/2676/802 5099/2679/802 5097/2677/801
f 5102/2678/803 5101/2681/803 5099/2679/802
f 5104/2680/804 5103/2683/804 5101/2681/803
f 5106/2682/805 5105/2685/805 5103/2683/804
f 5108/2684/806 5107/2687/806 5105/2685/805
f 5110/2686/807 5109/2689/807 5107/2687/806
f 5112/2688/808 5111/2691/808 5109/2689/807
f 5114/2690/809 5113/2692/809 5111/2691/808
f 5116/2513/810 5115/2516/810 5113/2692/809
f 5118/2693/811 5117/2695/811 5115/2516/810
f 5120/2694/812 5119/2697/812 5117/2695/811
f 5122/2696/813 5121/2699/813 5119/2697/812
f 5124/2698/814 5123/2701/814 5121/2699/813
f 5126/2700/815 5125/2703/815 5123/2701/814
f 5128/2702/816 5127/2705/816 5125/2703/815
f 5130/2704/817 5129/2707/817 5127/2705/816
f 5132/2706/818 5131/2709/818 5129/2707/817
f 5134/2708/819 5133/2711/819 5131/2709/818
f 5136/2710/820 5135/2712/820 5133/2711/819
f 5138/2521/821 5137/1445/821 5135/2712/820
f 5140/2713/822 5139/2715/822 5137/1445/821
f 5142/2714/823 5141/2717/823 5139/2715/822
f 5144/2716/824 5143/2719/824 5141/2717/823
f 5146/2718/825 5145/2721/825 5143/2719/824
f 5148/2720/826 5147/2723/826 5145/2721/825
f 5150/2722/827 5149/2725/827 5147/2723/826
f 5152/2724/828 5151/2727/828 5149/2725/827
f 5154/2726/829 5153/2729/829 5151/2727/828
f 5156/2728/830 5155/2731/830 5153/2729/829
f 5158/2730/831 5157/2732/831 5155/2731/830
f 5160/2528/832 5159/2531/832 5157/2732/831
f 5162/2733/833 5161/2735/833 5159/2531/832
f 5164/2734/834 5163/2737/834 5161/2735/833
f 5166/2736/835 5165/2739/835 5163/2737/834
f 5168/2738/836 5167/2741/836 5165/2739/835
f 5170/2740/837 5169/2743/837 5167/2741/836
f 5172/2742/838 5171/2745/838 5169/2743/837
f 5174/2744/839 5173/2747/839 5171/2745/838
f 5176/2746/840 5175/2749/840 5173/2747/839
f 5178/2748/841 5177/2751/841 5175/2749/840
f 5180/2750/842 5179/2752/842 5177/2751/841
f 5182/2536/843 5181/2539/843 5179/2752/842
f 5184/2753/844 5183/2755/844 5181/2539/843
f 5186/2754/845 5185/2757/845 5183/2755/844
f 5188/2756/846 5187/2759/846 5185/2757/845
f 5190/2758/847 5189/2761/847 5187/2759/846
f 5192/2760/848 5191/2763/848 5189/2761/847
f 5194/2762/849 5193/2765/849 5191/2763/848
f 5196/2764/850 5195/2767/850 5193/2765/849
f 5198/2766/851 5197/2769/851 5195/2767/850
f 5200/2768/852 5199/2771/854 5197/2769/851
f 5202/2770/853 5201/2772/853 5199/2771/854
f 5204/2544/855 5203/2547/855 5201/2772/853
f 5206/2773/856 5205/2775/856 5203/2547/855
f 5208/2774/186 5207/2777/858 5205/2775/856
f 5210/2776/857 5209/2779/857 5207/2777/858
f 5212/2778/859 5211/2781/859 5209/2779/857
f 5214/2780/860 5213/2783/860 5211/2781/859
f 5216/2782/861 5215/2785/861 5213/2783/860
f 5218/2784/862 5217/2787/862 5215/2785/861
f 5220/2786/863 5219/2789/865 5217/2787/862
f 5222/2788/864 5221/2791/864 5219/2789/865
f 5224/2790/866 5223/2792/866 5221/2791/864
f 4962/2149/732 4961/57/731 5223/2792/866
f 5228/2793/867 5227/2795/867 5225/59/868
f 5230/2794/869 5229/2797/869 5227/2795/867
f 5232/2796/870 5231/2799/870 5229/2797/869
f 5234/2798/871 5233/2801/871 5231/2799/870
f 5236/2800/872 5235/2802/872 5233/2801/871
f 5238/1811/873 5237/1814/873 5235/2802/872
f 5240/2468/874 5239/2471/874 5237/1814/873
f 5242/2803/875 5241/2805/875 5239/2471/874
f 5244/2804/876 5243/2807/876 5241/2805/875
f 5246/2806/877 5245/2809/877 5243/2807/876
f 5248/2808/878 5247/2810/878 5245/2809/877
f 5250/1837/879 5249/1840/879 5247/2810/878
f 5252/2811/880 5251/2812/880 5249/1840/879
f 5254/2476/881 5253/2479/881 5251/2812/880
f 5256/2813/882 5255/2815/882 5253/2479/881
f 5258/2814/883 5257/2817/883 5255/2815/882
f 5260/2816/884 5259/2818/884 5257/2817/883
f 5262/1863/885 5261/1866/885 5259/2818/884
f 5264/2819/886 5263/2821/886 5261/1866/885
f 5266/2820/887 5265/2822/887 5263/2821/886
f 5268/2484/888 5267/2487/888 5265/2822/887
f 5270/2823/889 5269/2825/889 5267/2487/888
f 5272/2824/890 5271/2826/890 5269/2825/889
f 5274/1889/891 5273/1892/891 5271/2826/890
f 5276/2827/892 5275/2829/892 5273/1892/891
f 5278/2828/893 5277/2831/893 5275/2829/892
f 5280/2830/894 5279/2832/894 5277/2831/893
f 5282/2492/895 5281/1605/895 5279/2832/894
f 5284/2833/896 5283/2834/896 5281/1605/895
f 5286/1915/897 5285/1918/897 5283/2834/896
f 5288/2835/898 5287/2837/898 5285/1918/897
f 5290/2836/899 5289/2839/899 5287/2837/898
f 5292/2838/900 5291/2841/900 5289/2839/899
f 5294/2840/901 5293/2842/901 5291/2841/900
f 5296/2499/902 5295/2502/902 5293/2842/901
f 5298/1941/903 5297/1944/903 5295/2502/902
f 5300/2843/904 5299/2845/906 5297/1944/903
f 5302/2844/905 5301/2847/905 5299/2845/906
f 5304/2846/907 5303/2849/907 5301/2847/905
f 5306/2848/908 5305/2851/908 5303/2849/907
f 5308/2850/909 5307/2852/909 5305/2851/908
f 5310/1967/910 5309/1970/910 5307/2852/909
f 5312/2853/911 5311/2855/911 5309/1970/910
f 5314/2854/912 5313/2857/912 5311/2855/911
f 5316/2856/913 5315/2859/913 5313/2857/912
f 5318/2858/914 5317/2861/914 5315/2859/913
f 5320/2860/915 5319/2862/917 5317/2861/914
f 5322/1993/916 5321/1996/916 5319/2862/917
f 5324/2513/918 5323/2516/918 5321/1996/916
f 5326/2863/919 5325/2865/921 5323/2516/918
f 5328/2864/920 5327/2867/920 5325/2865/921
f 5330/2866/922 5329/2869/922 5327/2867/920
f 5332/2868/923 5331/2870/924 5329/2869/922
f 5334/2019/115 5333/2022/115 5331/2870/924
f 5336/2871/925 5335/2872/925 5333/2022/115
f 5338/2521/926 5337/1445/926 5335/2872/925
f 5340/2873/927 5339/2875/927 5337/1445/926
f 5342/2874/928 5341/2877/928 5339/2875/927
f 5344/2876/929 5343/2878/929 5341/2877/928
f 5346/2045/930 5345/2048/930 5343/2878/929
f 5348/2879/931 5347/2881/931 5345/2048/930
f 5350/2880/932 5349/2882/934 5347/2881/931
f 5352/2528/933 5351/2531/933 5349/2882/934
f 5354/2883/935 5353/2885/935 5351/2531/933
f 5356/2884/936 5355/2886/938 5353/2885/935
f 5358/2071/937 5357/2074/937 5355/2886/938
f 5360/2887/939 5359/2889/939 5357/2074/937
f 5362/2888/940 5361/2891/940 5359/2889/939
f 5364/2890/941 5363/2892/941 5361/2891/940
f 5366/2536/942 5365/2539/942 5363/2892/941
f 5368/2893/943 5367/2894/943 5365/2539/942
f 5370/2097/944 5369/2100/944 5367/2894/943
f 5372/2895/945 5371/2897/945 5369/2100/944
f 5374/2896/794 5373/2899/794 5371/2897/945
f 5376/2898/946 5375/2901/946 5373/2899/794
f 5378/2900/947 5377/2902/947 5375/2901/946
f 5380/2544/948 5379/2547/948 5377/2902/947
f 5382/2123/949 5381/2126/949 5379/2547/948
f 5384/2903/950 5383/2905/950 5381/2126/949
f 5386/2904/951 5385/2907/951 5383/2905/950
f 5388/2906/952 5387/2909/952 5385/2907/951
f 5390/2908/953 5389/2911/953 5387/2909/952
f 5392/2910/954 5391/2912/954 5389/2911/953
f 5226/2149/868 5225/57/868 5391/2912/954
f 5396/2913/955 5395/2915/955 5393/59/956
f 5398/2914/957 5397/471/957 5395/2915/955
f 5400/2916/958 5399/2918/958 5397/471/957
f 5402/2917/959 5401/469/959 5399/2918/958
f 5404/2919/960 5403/2921/960 5401/469/959
f 5406/2920/961 5405/467/961 5403/2921/960
f 5408/2922/962 5407/2924/962 5405/467/961
f 5410/2923/963 5409/465/963 5407/2924/962
f 5412/2925/964 5411/2927/964 5409/465/963
f 5414/2926/965 5413/463/965 5411/2927/964
f 5416/2928/966 5415/2930/966 5413/463/965
f 5418/2929/967 5417/461/967 5415/2930/966
f 5420/2931/968 5419/2933/968 5417/461/967
f 5422/2932/969 5421/457/969 5419/2933/968
f 5424/2934/970 5423/2936/970 5421/457/969
f 5426/2935/971 5425/455/971 5423/2936/970
f 5428/2937/972 5427/2939/972 5425/455/971
f 5430/2938/973 5429/452/973 5427/2939/972
f 5432/2940/974 5431/2942/974 5429/452/973
f 5434/2941/975 5433/449/975 5431/2942/974
f 5436/2943/976 5435/2945/976 5433/449/975
f 5438/2944/977 5437/448/977 5435/2945/976
f 5440/2946/978 5439/2948/978 5437/448/977
f 5442/2947/979 5441/446/979 5439/2948/978
f 5444/2949/980 5443/2951/980 5441/446/979
f 5446/2950/981 5445/445/981 5443/2951/980
f 5448/2952/982 5447/2954/982 5445/445/981
f 5450/2953/983 5449/443/983 5447/2954/982
f 5452/2955/984 5451/2957/984 5449/443/983
f 5454/2956/985 5453/442/985 5451/2957/984
f 5456/2958/986 5455/2960/986 5453/442/985
f 5458/2959/987 5457/440/987 5455/2960/986
f 5460/2961/988 5459/2963/988 5457/440/987
f 5462/2962/989 5461/439/989 5459/2963/988
f 5464/2964/505 5463/2966/505 5461/439/989
f 5466/2965/990 5465/437/990 5463/2966/505
f 5468/2967/991 5467/2969/991 5465/437/990
f 5470/2968/992 5469/436/992 5467/2969/991
f 5472/2970/993 5471/2972/993 5469/436/992
f 5474/2971/994 5473/435/994 5471/2972/993
f 5476/2973/995 5475/2975/995 5473/435/994
f 5478/2974/996 5477/434/996 5475/2975/995
f 5480/2976/997 5479/2978/997 5477/434/996
f 5482/2977/998 5481/431/998 5479/2978/997
f 5484/2979/999 5483/2981/999 5481/431/998
f 5486/2980/233 5485/433/233 5483/2981/999
f 5488/2982/1000 5487/2984/1000 5485/433/233
f 5490/2983/1001 5489/432/1003 5487/2984/1000
f 5492/2985/1002 5491/2987/1002 5489/432/1003
f 5494/2986/1004 5493/438/1004 5491/2987/1002
f 5496/2988/1005 5495/2990/1007 5493/438/1004
f 5498/2989/1006 5497/441/1009 5495/2990/1007
f 5500/2991/1008 5499/2993/1011 5497/441/1009
f 5502/2992/1010 5501/444/1010 5499/2993/1011
f 5504/2994/1012 5503/2996/1012 5501/444/1010
f 5506/2995/1013 5505/447/1013 5503/2996/1012
f 5508/2997/1014 5507/2999/1014 5505/447/1013
f 5510/2998/1015 5509/450/1015 5507/2999/1014
f 5512/3000/1016 5511/3002/1018 5509/450/1015
f 5514/3001/1017 5513/451/1017 5511/3002/1018
f 5516/3003/1019 5515/3005/1019 5513/451/1017
f 5518/3004/1020 5517/453/1020 5515/3005/1019
f 5520/3006/1021 5519/3008/1021 5517/453/1020
f 5522/3007/1022 5521/454/1022 5519/3008/1021
f 5524/3009/1023 5523/3011/1023 5521/454/1022
f 5526/3010/1024 5525/456/1024 5523/3011/1023
f 5528/3012/1025 5527/3014/1025 5525/456/1024
f 5530/3013/1026 5529/458/1026 5527/3014/1025
f 5532/3015/1027 5531/3017/1027 5529/458/1026
f 5534/3016/1028 5533/459/1028 5531/3017/1027
f 5536/3018/1029 5535/3020/1029 5533/459/1028
f 5538/3019/1030 5537/460/1030 5535/3020/1029
f 5540/3021/1031 5539/3023/1031 5537/460/1030
f 5542/3022/1032 5541/462/1032 5539/3023/1031
f 5544/3024/1033 5543/3026/1033 5541/462/1032
f 5546/3025/1034 5545/464/1034 5543/3026/1033
f 5548/3027/1035 5547/3029/1035 5545/464/1034
f 5550/3028/1036 5549/466/1036 5547/3029/1035
f 5552/3030/1037 5551/3032/1037 5549/466/1036
f 5554/3031/1038 5553/468/1038 5551/3032/1037
f 5556/3033/1039 5555/3035/1039 5553/468/1038
f 5558/3034/1040 5557/470/1040 5555/3035/1039
f 5560/3036/1041 5559/3038/1041 5557/470/1040
f 5562/3037/1042 5561/472/1042 5559/3038/1041
f 5564/3039/1043 5563/3041/1043 5561/472/1042
f 5566/3040/1044 5565/485/1044 5563/3041/1043
f 5568/3042/1045 5567/3044/1045 5565/485/1044
f 5570/3043/1046 5569/492/1046 5567/3044/1045
f 5572/3045/1047 5571/3047/1047 5569/492/1046
f 5574/3046/1048 5573/499/1048 5571/3047/1047
f 5576/3048/1049 5575/3050/1049 5573/499/1048
f 5578/3049/1050 5577/507/1050 5575/3050/1049
f 5580/3051/1051 5579/3053/1051 5577/507/1050
f 5582/3052/1052 5581/516/1052 5579/3053/1051
f 5584/3054/1053 5583/3056/1053 5581/516/1052
f 5586/3055/1054 5585/522/1054 5583/3056/1053
f 5588/3057/1055 5587/3059/1057 5585/522/1054
f 5590/3058/1056 5589/524/1056 5587/3059/1057
f 5592/3060/1058 5591/3062/1058 5589/524/1056
f 5594/3061/1059 5593/527/1061 5591/3062/1058
f 5596/3063/1060 5595/3065/1060 5593/527/1061
f 5598/3064/1062 5597/531/1062 5595/3065/1060
f 5600/3066/1063 5599/3068/1063 5597/531/1062
f 5602/3067/1064 5601/534/1064 5599/3068/1063
f 5604/3069/1065 5603/3071/1065 5601/534/1064
f 5606/3070/1066 5605/540/1066 5603/3071/1065
f 5608/3072/1067 5607/3074/1067 5605/540/1066
f 5610/3073/1068 5609/543/1068 5607/3074/1067
f 5612/3075/1069 5611/3077/1069 5609/543/1068
f 5614/3076/1070 5613/546/1070 5611/3077/1069
f 5616/3078/1071 5615/3080/1071 5613/546/1070
f 5618/3079/1072 5617/550/1072 5615/3080/1071
f 5620/3081/1073 5619/3083/1073 5617/550/1072
f 5622/3082/1074 5621/552/1074 5619/3083/1073
f 5624/3084/1075 5623/3086/1075 5621/552/1074
f 5626/3085/1076 5625/554/1076 5623/3086/1075
f 5628/3087/1077 5627/3089/1077 5625/554/1076
f 5630/3088/1078 5629/557/1078 5627/3089/1077
f 5632/3090/1079 5631/3092/1079 5629/557/1078
f 5634/3091/357 5633/556/357 5631/3092/1079
f 5636/3093/1080 5635/3095/1080 5633/556/357
f 5638/3094/1081 5637/553/1081 5635/3095/1080
f 5640/3096/1082 5639/3098/1082 5637/553/1081
f 5642/3097/1083 5641/551/1083 5639/3098/1082
f 5644/3099/1084 5643/3101/1084 5641/551/1083
f 5646/3100/1083 5645/547/1083 5643/3101/1084
f 5648/3102/1082 5647/3104/1082 5645/547/1083
f 5650/3103/1081 5649/545/1081 5647/3104/1082
f 5652/3105/1080 5651/3107/1080 5649/545/1081
f 5654/3106/357 5653/542/357 5651/3107/1080
f 5656/3108/1085 5655/3110/1085 5653/542/357
f 5658/3109/1086 5657/538/1086 5655/3110/1085
f 5660/3111/1087 5659/3113/1087 5657/538/1086
f 5662/3112/1088 5661/533/1090 5659/3113/1087
f 5664/3114/1089 5663/3116/1089 5661/533/1090
f 5666/3115/1091 5665/529/1091 5663/3116/1089
f 5668/3117/1092 5667/3119/1092 5665/529/1091
f 5670/3118/1093 5669/525/1093 5667/3119/1092
f 5672/3120/1094 5671/3122/1094 5669/525/1093
f 5674/3121/1095 5673/520/1095 5671/3122/1094
f 5676/3123/1096 5675/3125/1096 5673/520/1095
f 5678/3124/1097 5677/519/1097 5675/3125/1096
f 5680/3126/1098 5679/3128/1098 5677/519/1097
f 5682/3127/1099 5681/518/1099 5679/3128/1098
f 5684/3129/1100 5683/3131/1100 5681/518/1099
f 5686/3130/1101 5685/515/1101 5683/3131/1100
f 5688/3132/1102 5687/3134/1102 5685/515/1101
f 5690/3133/1103 5689/514/1103 5687/3134/1102
f 5692/3135/1104 5691/3137/1104 5689/514/1103
f 5694/3136/1105 5693/513/1105 5691/3137/1104
f 5696/3138/1106 5695/3140/1106 5693/513/1105
f 5698/3139/1107 5697/511/1107 5695/3140/1106
f 5700/3141/1108 5699/3143/1108 5697/511/1107
f 5702/3142/1109 5701/510/1109 5699/3143/1108
f 5704/3144/1110 5703/3146/1110 5701/510/1109
f 5706/3145/1111 5705/508/1111 5703/3146/1110
f 5708/1967/1112 5707/1970/1112 5705/508/1111
f 5710/3147/1113 5709/506/1113 5707/1970/1112
f 5712/3148/1114 5711/3150/1114 5709/506/1113
f 5714/3149/1115 5713/504/1115 5711/3150/1114
f 5716/3151/1116 5715/3153/1116 5713/504/1115
f 5718/3152/1117 5717/503/1117 5715/3153/1116
f 5720/3154/1118 5719/3156/1118 5717/503/1117
f 5722/3155/1119 5721/502/1121 5719/3156/1118
f 5724/3157/1120 5723/3159/1120 5721/502/1121
f 5726/3158/1122 5725/500/1122 5723/3159/1120
f 5728/3160/1123 5727/3162/1125 5725/500/1122
f 5730/3161/1124 5729/498/1124 5727/3162/1125
f 5732/3163/1126 5731/3165/1128 5729/498/1124
f 5734/3164/1127 5733/495/1127 5731/3165/1128
f 5736/3166/1129 5735/3168/1129 5733/495/1127
f 5738/3167/1130 5737/493/1130 5735/3168/1129
f 5740/3169/1131 5739/3171/1131 5737/493/1130
f 5742/3170/1132 5741/490/1132 5739/3171/1131
f 5744/3172/1133 5743/3174/1133 5741/490/1132
f 5746/3173/1134 5745/488/1134 5743/3174/1133
f 5748/3175/1135 5747/3177/1135 5745/488/1134
f 5750/3176/1136 5749/486/1136 5747/3177/1135
f 5752/3178/1137 5751/3180/1137 5749/486/1136
f 5754/3179/1138 5753/483/1138 5751/3180/1137
f 5756/3181/1139 5755/3183/1139 5753/483/1138
f 5758/3182/1140 5757/481/1140 5755/3183/1139
f 5760/3184/1141 5759/3186/1141 5757/481/1140
f 5762/3185/1142 5761/479/1142 5759/3186/1141
f 5764/3187/1143 5763/3189/1143 5761/479/1142
f 5766/3188/1144 5765/477/1144 5763/3189/1143
f 5768/3190/1145 5767/3192/1145 5765/477/1144
f 5770/3191/1146 5769/473/1146 5767/3192/1145
f 5772/3193/982 5771/3195/982 5769/473/1146
f 5774/3194/1147 5773/475/1147 5771/3195/982
f 5776/3196/1148 5775/3198/1148 5773/475/1147
f 5778/3197/1149 5777/474/1149 5775/3198/1148
f 5780/3199/1150 5779/3201/1150 5777/474/1149
f 5782/3200/211 5781/476/211 5779/3201/1150
f 5784/3202/1151 5783/3204/1151 5781/476/211
f 5786/3203/1152 5785/478/1152 5783/3204/1151
f 5788/3205/1153 5787/3207/1153 5785/478/1152
f 5790/3206/1154 5789/480/1154 5787/3207/1153
f 5792/3208/1155 5791/3210/1155 5789/480/1154
f 5794/3209/1156 5793/482/1156 5791/3210/1155
f 5796/3211/1157 5795/3213/1157 5793/482/1156
f 5798/3212/1158 5797/484/1158 5795/3213/1157
f 5800/3214/1159 5799/3216/1159 5797/484/1158
f 5802/3215/1160 5801/487/1160 5799/3216/1159
f 5804/3217/1161 5803/3219/1161 5801/487/1160
f 5806/3218/1162 5805/489/1164 5803/3219/1161
f 5808/3220/1163 5807/3222/1163 5805/489/1164
f 5810/3221/1165 5809/491/1165 5807/3222/1163
f 5812/3223/1166 5811/3225/1166 5809/491/1165
f 5814/3224/1167 5813/494/1167 5811/3225/1166
f 5816/3226/1168 5815/3228/1168 5813/494/1167
f 5818/3227/1169 5817/496/1169 5815/3228/1168
f 5820/3229/1170 5819/3231/1170 5817/496/1169
f 5822/3230/1171 5821/501/1171 5819/3231/1170
f 5824/3232/1172 5823/3234/1172 5821/501/1171
f 5826/3233/1173 5825/505/1173 5823/3234/1172
f 5828/3235/1174 5827/3237/1174 5825/505/1173
f 5830/3236/201 5829/509/201 5827/3237/1174
f 5832/3238/1175 5831/3240/1175 5829/509/201
f 5834/3239/1176 5833/512/1176 5831/3240/1175
f 5836/3241/1177 5835/3243/1177 5833/512/1176
f 5838/3242/1176 5837/517/1176 5835/3243/1177
f 5840/3244/1175 5839/3246/1175 5837/517/1176
f 5842/3245/201 5841/521/201 5839/3246/1175
f 5844/3247/1174 5843/3249/1174 5841/521/201
f 5846/3248/1173 5845/523/1173 5843/3249/1174
f 5848/3250/1178 5847/3252/1178 5845/523/1173
f 5850/3251/1179 5849/526/1179 5847/3252/1178
f 5852/3253/1180 5851/3255/1182 5849/526/1179
f 5854/3254/1181 5853/528/1181 5851/3255/1182
f 5856/3256/1183 5855/3258/1185 5853/528/1181
f 5858/3257/1184 5857/530/1184 5855/3258/1185
f 5860/3259/1186 5859/3261/1186 5857/530/1184
f 5862/3260/1187 5861/532/1187 5859/3261/1186
f 5864/3262/1188 5863/3264/1188 5861/532/1187
f 5866/3263/1189 5865/535/1189 5863/3264/1188
f 5868/3265/1190 5867/3267/1190 5865/535/1189
f 5870/3266/1191 5869/537/1191 5867/3267/1190
f 5872/3268/1192 5871/3270/1192 5869/537/1191
f 5874/3269/1193 5873/539/1193 5871/3270/1192
f 5876/3271/1194 5875/3273/1194 5873/539/1193
f 5878/3272/1195 5877/549/1195 5875/3273/1194
f 5880/3274/1196 5879/3276/1196 5877/549/1195
f 5882/3275/1197 5881/558/1197 5879/3276/1196
f 5884/3277/1198 5883/3279/1198 5881/558/1197
f 5886/3278/1199 5885/560/1199 5883/3279/1198
f 5888/3280/1200 5887/3282/1200 5885/560/1199
f 5890/3281/1201 5889/562/1201 5887/3282/1200
f 5892/3283/1202 5891/3285/1202 5889/562/1201
f 5894/3284/1203 5893/564/1203 5891/3285/1202
f 5896/3286/1204 5895/3288/1204 5893/564/1203
f 5898/3287/1205 5897/565/1205 5895/3288/1204
f 5900/3289/1206 5899/3291/1208 5897/565/1205
f 5902/3290/1207 5901/567/1207 5899/3291/1208
f 5904/3292/1209 5903/3294/1209 5901/567/1207
f 5906/3293/1210 5905/569/1210 5903/3294/1209
f 5908/3295/1211 5907/3297/1211 5905/569/1210
f 5910/3296/1212 5909/571/1212 5907/3297/1211
f 5912/3298/1213 5911/3300/1213 5909/571/1212
f 5914/3299/1214 5913/572/1214 5911/3300/1213
f 5916/3301/1215 5915/3303/1215 5913/572/1214
f 5918/3302/1216 5917/574/1216 5915/3303/1215
f 5920/3304/1217 5919/3306/1217 5917/574/1216
f 5922/3305/1218 5921/579/1218 5919/3306/1217
f 5924/3307/1219 5923/3309/1219 5921/579/1218
f 5926/3308/1220 5925/586/1220 5923/3309/1219
f 5928/3310/1221 5927/3312/1221 5925/586/1220
f 5930/3311/1222 5929/585/1222 5927/3312/1221
f 5932/3313/1223 5931/3315/1223 5929/585/1222
f 5934/3314/1224 5933/584/1224 5931/3315/1223
f 5936/3316/1225 5935/3318/1225 5933/584/1224
f 5938/3317/1226 5937/583/1226 5935/3318/1225
f 5940/3319/1227 5939/3321/1227 5937/583/1226
f 5942/3320/1228 5941/582/1228 5939/3321/1227
f 5944/3322/1229 5943/3324/1229 5941/582/1228
f 5946/3323/1230 5945/581/1230 5943/3324/1229
f 5948/3325/1231 5947/3327/1231 5945/581/1230
f 5950/3326/1232 5949/580/1232 5947/3327/1231
f 5952/3328/1233 5951/3330/1233 5949/580/1232
f 5954/3329/1234 5953/578/1234 5951/3330/1233
f 5956/3331/1235 5955/3333/1235 5953/578/1234
f 5958/3332/1236 5957/577/1236 5955/3333/1235
f 5960/3334/1237 5959/3336/1237 5957/577/1236
f 5962/3335/1238 5961/576/1238 5959/3336/1237
f 5964/3337/1239 5963/3339/1239 5961/576/1238
f 5966/3338/1240 5965/575/1240 5963/3339/1239
f 5968/3340/1241 5967/3342/1241 5965/575/1240
f 5970/3341/1242 5969/573/1242 5967/3342/1241
f 5972/3343/1243 5971/3345/1243 5969/573/1242
f 5974/3344/1244 5973/570/1244 5971/3345/1243
f 5976/3346/1245 5975/3348/1247 5973/570/1244
f 5978/3347/1246 5977/568/1246 5975/3348/1247
f 5980/3349/1248 5979/3351/1250 5977/568/1246
f 5982/3350/1249 5981/566/1249 5979/3351/1250
f 5984/3352/1251 5983/3354/1251 5981/566/1249
f 5986/3353/1252 5985/563/1252 5983/3354/1251
f 5988/3355/1253 5987/3357/1253 5985/563/1252
f 5990/3356/1254 5989/561/1254 5987/3357/1253
f 5992/3358/1255 5991/3360/1255 5989/561/1254
f 5994/3359/1256 5993/559/1256 5991/3360/1255
f 5996/3361/1257 5995/3363/1257 5993/559/1256
f 5998/3362/1258 5997/555/1258 5995/3363/1257
f 6000/3364/1259 5999/3366/1259 5997/555/1258
f 6002/3365/1260 6001/548/1260 5999/3366/1259
f 6004/3367/1261 6003/3369/1261 6001/548/1260
f 6006/3368/1262 6005/544/1262 6003/3369/1261
f 6008/3370/1263 6007/3372/1263 6005/544/1262
f 6010/3371/1264 6009/541/1264 6007/3372/1263
f 6012/3373/1265 6011/3375/1265 6009/541/1264
f 6014/3374/1266 6013/536/1266 6011/3375/1265
f 6016/3376/1267 6015/3378/1267 6013/536/1266
f 6018/3377/1268 6017/497/1270 6015/3378/1267
f 6020/3379/1269 6019/3380/1271 6017/497/1270
f 5394/2149/956 5393/57/956 6019/3380/1271
f 6024/3381/1272 6023/3383/1272 6021/59/1273
f 6026/3382/1274 6025/3385/1274 6023/3383/1272
f 6028/3384/1275 6027/3387/1275 6025/3385/1274
f 6030/3386/179 6029/3389/179 6027/3387/1275
f 6032/3388/1276 6031/3391/1276 6029/3389/179
f 6034/3390/1277 6033/3393/1277 6031/3391/1276
f 6036/3392/1278 6035/3395/1278 6033/3393/1277
f 6038/3394/1279 6037/3397/1279 6035/3395/1278
f 6040/3396/1280 6039/3399/1280 6037/3397/1279
f 6042/3398/1281 6041/3401/1281 6039/3399/1280
f 6044/3400/1282 6043/3403/1282 6041/3401/1281
f 6046/3402/1283 6045/3405/1285 6043/3403/1282
f 6048/3404/1284 6047/3407/1284 6045/3405/1285
f 6050/3406/1286 6049/3409/1286 6047/3407/1284
f 6052/3408/1287 6051/3411/1287 6049/3409/1286
f 6054/3410/1288 6053/3413/1288 6051/3411/1287
f 6056/3412/1289 6055/3415/1289 6053/3413/1288
f 6058/3414/1290 6057/3417/1290 6055/3415/1289
f 6060/3416/1291 6059/3419/1291 6057/3417/1290
f 6062/3418/1292 6061/3421/1292 6059/3419/1291
f 6064/3420/1293 6063/3423/1293 6061/3421/1292
f 6066/3422/1294 6065/3425/1294 6063/3423/1293
f 6068/3424/1295 6067/3427/1295 6065/3425/1294
f 6070/3426/1296 6069/3429/1296 6067/3427/1295
f 6072/3428/1297 6071/3431/1297 6069/3429/1296
f 6074/3430/1298 6073/3433/1298 6071/3431/1297
f 6076/3432/1299 6075/3435/1301 6073/3433/1298
f 6078/3434/1300 6077/3437/1300 6075/3435/1301
f 6080/3436/1302 6079/3439/1304 6077/3437/1300
f 6082/3438/1303 6081/3441/1303 6079/3439/1304
f 6084/3440/1305 6083/3443/1305 6081/3441/1303
f 6086/3442/1306 6085/3445/1308 6083/3443/1305
f 6088/3444/1307 6087/3447/1307 6085/3445/1308
f 6090/3446/1309 6089/3449/1309 6087/3447/1307
f 6092/3448/1310 6091/3451/1310 6089/3449/1309
f 6094/3450/1311 6093/3453/1313 6091/3451/1310
f 6096/3452/1312 6095/3455/1312 6093/3453/1313
f 6098/3454/1255 6097/3457/1255 6095/3455/1312
f 6100/3456/1314 6099/3459/1314 6097/3457/1255
f 6102/3458/1315 6101/3461/1315 6099/3459/1314
f 6104/3460/1316 6103/3463/1316 6101/3461/1315
f 6106/3462/1315 6105/3465/1315 6103/3463/1316
f 6108/3464/1314 6107/3467/1314 6105/3465/1315
f 6110/3466/1255 6109/3469/1255 6107/3467/1314
f 6112/3468/1312 6111/3471/1312 6109/3469/1255
f 6114/3470/1313 6113/3473/1311 6111/3471/1312
f 6116/3472/1317 6115/3475/1317 6113/3473/1311
f 6118/3474/1318 6117/3477/1318 6115/3475/1317
f 6120/3476/1319 6119/3479/1319 6117/3477/1318
f 6122/3478/1320 6121/3481/1320 6119/3479/1319
f 6124/3480/1321 6123/3483/1323 6121/3481/1320
f 6126/3482/1322 6125/3485/1322 6123/3483/1323
f 6128/3484/1324 6127/3487/1324 6125/3485/1322
f 6130/3486/1325 6129/3489/1325 6127/3487/1324
f 6132/3488/1326 6131/3491/1326 6129/3489/1325
f 6134/3490/1327 6133/3493/1327 6131/3491/1326
f 6136/3492/1328 6135/3495/1330 6133/3493/1327
f 6138/3494/1329 6137/3497/1329 6135/3495/1330
f 6140/3496/1331 6139/3499/1331 6137/3497/1329
f 6142/3498/1332 6141/3501/1332 6139/3499/1331
f 6144/3500/1333 6143/3503/1333 6141/3501/1332
f 6146/3502/1334 6145/3505/1334 6143/3503/1333
f 6148/3504/1335 6147/3507/1335 6145/3505/1334
f 6150/3506/1336 6149/3509/1338 6147/3507/1335
f 6152/3508/1337 6151/3511/1337 6149/3509/1338
f 6154/3510/1339 6153/3513/1339 6151/3511/1337
f 6156/3512/1340 6155/3515/1340 6153/3513/1339
f 6158/3514/1341 6157/3517/1341 6155/3515/1340
f 6160/3516/1342 6159/3519/1342 6157/3517/1341
f 6162/3518/1343 6161/3521/1345 6159/3519/1342
f 6164/3520/1344 6163/3523/1344 6161/3521/1345
f 6166/3522/1346 6165/3525/1346 6163/3523/1344
f 6168/3524/1346 6167/3527/1346 6165/3525/1346
f 6170/3526/1347 6169/3529/1349 6167/3527/1346
f 6172/3528/1348 6171/3531/1348 6169/3529/1349
f 6174/3530/1350 6173/3533/1350 6171/3531/1348
f 6176/3532/1351 6175/3535/1353 6173/3533/1350
f 6178/3534/1352 6177/3536/1355 6175/3535/1353
f 6180/1967/1354 6179/1970/1354 6177/3536/1355
f 6182/3537/1356 6181/3539/1356 6179/1970/1354
f 6184/3538/1357 6183/3541/1359 6181/3539/1356
f 6186/3540/1358 6185/3543/1361 6183/3541/1359
f 6188/3542/1360 6187/3545/1363 6185/3543/1361
f 6190/3544/1362 6189/3547/1362 6187/3545/1363
f 6192/3546/1364 6191/3549/1364 6189/3547/1362
f 6194/3548/1365 6193/3551/1365 6191/3549/1364
f 6196/3550/1366 6195/3553/1366 6193/3551/1365
f 6198/3552/1367 6197/3555/1367 6195/3553/1366
f 6200/3554/1368 6199/3557/1368 6197/3555/1367
f 6202/3556/1369 6201/3559/1369 6199/3557/1368
f 6204/3558/1370 6203/3561/1370 6201/3559/1369
f 6206/3560/1371 6205/3563/1371 6203/3561/1370
f 6208/3562/1372 6207/3565/1374 6205/3563/1371
f 6210/3564/1373 6209/3567/1373 6207/3565/1374
f 6212/3566/1375 6211/3569/1375 6209/3567/1373
f 6214/3568/1376 6213/3571/1376 6211/3569/1375
f 6216/3570/1377 6215/3573/1377 6213/3571/1376
f 6218/3572/1378 6217/3575/1378 6215/3573/1377
f 6220/3574/1379 6219/3577/1379 6217/3575/1378
f 6222/3576/1380 6221/3579/1380 6219/3577/1379
f 6224/3578/1381 6223/3581/1381 6221/3579/1380
f 6226/3580/1382 6225/3583/1382 6223/3581/1381
f 6228/3582/1383 6227/3585/1383 6225/3583/1382
f 6230/3584/1384 6229/3587/1384 6227/3585/1383
f 6232/3586/1385 6231/3589/1387 6229/3587/1384
f 6234/3588/1386 6233/3591/1386 6231/3589/1387
f 6236/3590/1388 6235/3593/1388 6233/3591/1386
f 6238/3592/1389 6237/3595/1389 6235/3593/1388
f 6240/3594/1390 6239/3597/1390 6237/3595/1389
f 6242/3596/1391 6241/3599/1391 6239/3597/1390
f 6244/3598/1392 6243/3601/1392 6241/3599/1391
f 6246/3600/1393 6245/3603/1393 6243/3601/1392
f 6248/3602/1394 6247/3605/1394 6245/3603/1393
f 6250/3604/1395 6249/3607/1395 6247/3605/1394
f 6252/3606/1396 6251/3609/1396 6249/3607/1395
f 6254/3608/1397 6253/3611/1397 6251/3609/1396
f 6256/3610/1398 6255/3613/1398 6253/3611/1397
f 6258/3612/1399 6257/3615/1399 6255/3613/1398
f 6260/3614/1400 6259/3617/1400 6257/3615/1399
f 6262/3616/1401 6261/3619/1401 6259/3617/1400
f 6264/3618/1402 6263/3621/1402 6261/3619/1401
f 6266/3620/1403 6265/3623/1403 6263/3621/1402
f 6268/3622/1404 6267/3625/1404 6265/3623/1403
f 6270/3624/1405 6269/3627/1405 6267/3625/1404
f 6272/3626/1406 6271/3629/1406 6269/3627/1405
f 6274/3628/1407 6273/3631/1407 6271/3629/1406
f 6276/3630/1408 6275/3633/1408 6273/3631/1407
f 6278/3632/1409 6277/3635/1409 6275/3633/1408
f 6280/3634/1410 6279/3637/1410 6277/3635/1409
f 6282/3636/1411 6281/3639/1411 6279/3637/1410
f 6284/3638/1412 6283/3641/1412 6281/3639/1411
f 6286/3640/1413 6285/3643/1413 6283/3641/1412
f 6288/3642/1414 6287/3645/1414 6285/3643/1413
f 6290/3644/1415 6289/3647/1415 6287/3645/1414
f 6292/3646/1416 6291/3649/1416 6289/3647/1415
f 6294/3648/1417 6293/3651/1417 6291/3649/1416
f 6296/3650/1418 6295/3653/1418 6293/3651/1417
f 6298/3652/1085 6297/3655/1085 6295/3653/1418
f 6300/3654/1419 6299/3657/1419 6297/3655/1085
f 6302/3656/882 6301/3659/882 6299/3657/1419
f 6304/3658/1420 6303/3661/1420 6301/3659/882
f 6306/3660/1421 6305/3663/1421 6303/3661/1420
f 6308/3662/1422 6307/3665/1422 6305/3663/1421
f 6310/3664/1423 6309/3667/1423 6307/3665/1422
f 6312/3666/1424 6311/3669/1424 6309/3667/1423
f 6314/3668/1425 6313/3671/1425 6311/3669/1424
f 6316/3670/1426 6315/3673/1426 6313/3671/1425
f 6318/3672/1427 6317/3675/1427 6315/3673/1426
f 6320/3674/1428 6319/3677/1428 6317/3675/1427
f 6322/3676/1429 6321/3679/1429 6319/3677/1428
f 6324/3678/1430 6323/3681/1430 6321/3679/1429
f 6326/3680/1431 6325/3683/1431 6323/3681/1430
f 6328/3682/1432 6327/3685/1432 6325/3683/1431
f 6330/3684/1433 6329/3687/1433 6327/3685/1432
f 6332/3686/1434 6331/3689/1434 6329/3687/1433
f 6334/3688/1435 6333/3691/1435 6331/3689/1434
f 6336/3690/1056 6335/3692/1056 6333/3691/1435
f 6022/2149/1273 6021/57/1273 6335/3692/1056
f 6340/3693/1436 6339/3694/1436 6337/59/1437
f 6342/2553/1439 6341/2555/1441 6339/3694/1436
f 6344/3695/1440 6343/3696/1440 6341/2555/1441
f 6346/2554/1442 6345/2557/1444 6343/3696/1440
f 6348/3697/1443 6347/3698/1446 6345/2557/1444
f 6350/2556/1445 6349/2559/1445 6347/3698/1446
f 6352/3699/1447 6351/3700/1447 6349/2559/1445
f 6354/2558/1448 6353/2561/1448 6351/3700/1447
f 6356/3701/1449 6355/3702/1449 6353/2561/1448
f 6358/2560/1450 6357/2563/1452 6355/3702/1449
f 6360/2464/1451 6359/2467/1451 6357/2563/1452
f 6362/2562/1453 6361/2565/1455 6359/2467/1451
f 6364/3703/1454 6363/3704/1454 6361/2565/1455
f 6366/2564/1456 6365/2567/1456 6363/3704/1454
f 6368/3705/1457 6367/3706/1459 6365/2567/1456
f 6370/2566/1458 6369/2569/1458 6367/3706/1459
f 6372/3707/1460 6371/3708/1462 6369/2569/1458
f 6374/2568/1461 6373/2571/1461 6371/3708/1462
f 6376/3709/1463 6375/3710/1463 6373/2571/1461
f 6378/2570/1464 6377/2572/1466 6375/3710/1463
f 6380/3711/1465 6379/3712/1468 6377/2572/1466
f 6382/2468/1467 6381/2471/1469 6379/3712/1468
f 6384/3713/560 6383/3714/1470 6381/2471/1469
f 6386/2573/479 6385/2575/1472 6383/3714/1470
f 6388/3715/1471 6387/3716/1471 6385/2575/1472
f 6390/2574/120 6389/2577/1474 6387/3716/1471
f 6392/3717/1473 6391/3718/1476 6389/2577/1474
f 6394/2576/1475 6393/2579/1478 6391/3718/1476
f 6396/3719/1477 6395/3720/1477 6393/2579/1478
f 6398/2578/1280 6397/2581/1280 6395/3720/1477
f 6400/3721/1479 6399/3722/1479 6397/2581/1280
f 6402/2580/1359 6401/2583/1481 6399/3722/1479
f 6404/2472/1480 6403/2475/1480 6401/2583/1481
f 6406/2582/1482 6405/2585/1482 6403/2475/1480
f 6408/3723/1483 6407/3724/1483 6405/2585/1482
f 6410/2584/1484 6409/2587/1484 6407/3724/1483
f 6412/3725/1485 6411/3726/1485 6409/2587/1484
f 6414/2586/1486 6413/2589/1486 6411/3726/1485
f 6416/3727/1487 6415/3728/1487 6413/2589/1486
f 6418/2588/1488 6417/2591/1488 6415/3728/1487
f 6420/3729/1489 6419/3730/1489 6417/2591/1488
f 6422/2590/1490 6421/2592/1490 6419/3730/1489
f 6424/3731/1491 6423/3732/1491 6421/2592/1490
f 6426/2476/1492 6425/2479/1494 6423/3732/1491
f 6428/3733/1493 6427/3734/1493 6425/2479/1494
f 6430/2593/1495 6429/2595/1495 6427/3734/1493
f 6432/3735/1496 6431/3736/1496 6429/2595/1495
f 6434/2594/1497 6433/2597/1497 6431/3736/1496
f 6436/3737/1498 6435/3738/1498 6433/2597/1497
f 6438/2596/1499 6437/2599/1499 6435/3738/1498
f 6440/3739/1500 6439/3740/1500 6437/2599/1499
f 6442/2598/1501 6441/2601/1501 6439/3740/1500
f 6444/3741/572 6443/3742/572 6441/2601/1501
f 6446/2600/1502 6445/2603/1502 6443/3742/572
f 6448/2480/1503 6447/2483/1503 6445/2603/1502
f 6450/2602/1504 6449/2605/1504 6447/2483/1503
f 6452/3743/1178 6451/3744/1178 6449/2605/1504
f 6454/2604/1505 6453/2607/1505 6451/3744/1178
f 6456/3745/1506 6455/3746/1506 6453/2607/1505
f 6458/2606/1507 6457/2609/1507 6455/3746/1506
f 6460/3747/1508 6459/3748/1508 6457/2609/1507
f 6462/2608/1509 6461/2611/1509 6459/3748/1508
f 6464/3749/1510 6463/3750/1510 6461/2611/1509
f 6466/2610/1511 6465/2612/1513 6463/3750/1510
f 6468/3751/1512 6467/3752/1512 6465/2612/1513
f 6470/2484/1514 6469/2487/1514 6467/3752/1512
f 6472/3753/1515 6471/3754/1515 6469/2487/1514
f 6474/2613/1516 6473/2615/1516 6471/3754/1515
f 6476/3755/1517 6475/3756/1517 6473/2615/1516
f 6478/2614/1518 6477/2617/1518 6475/3756/1517
f 6480/3757/1519 6479/3758/804 6477/2617/1518
f 6482/2616/1520 6481/2619/1522 6479/3758/804
f 6484/3759/1521 6483/3760/1524 6481/2619/1522
f 6486/2618/1523 6485/2621/1523 6483/3760/1524
f 6488/3761/1525 6487/3762/1527 6485/2621/1523
f 6490/2620/1526 6489/2623/1526 6487/3762/1527
f 6492/2488/1528 6491/2491/1530 6489/2623/1526
f 6494/2622/1529 6493/2625/1532 6491/2491/1530
f 6496/3763/1531 6495/3764/1534 6493/2625/1532
f 6498/2624/1533 6497/2627/1536 6495/3764/1534
f 6500/3765/1535 6499/3766/1535 6497/2627/1536
f 6502/2626/1537 6501/2629/1537 6499/3766/1535
f 6504/3767/1538 6503/3768/1538 6501/2629/1537
f 6506/2628/1539 6505/2631/1539 6503/3768/1538
f 6508/3769/1540 6507/3770/1540 6505/2631/1539
f 6510/2630/515 6509/2632/515 6507/3770/1540
f 6512/3771/1541 6511/3772/1541 6509/2632/515
f 6514/2492/1542 6513/1605/1542 6511/3772/1541
f 6516/3773/1543 6515/3774/1543 6513/1605/1542
f 6518/2633/1544 6517/2635/1544 6515/3774/1543
f 6520/3775/1545 6519/3776/1545 6517/2635/1544
f 6522/2634/1546 6521/2637/1546 6519/3776/1545
f 6524/3777/208 6523/3778/208 6521/2637/1546
f 6526/2636/1547 6525/2639/1547 6523/3778/208
f 6528/3779/1548 6527/3780/1548 6525/2639/1547
f 6530/2638/1549 6529/2641/1549 6527/3780/1548
f 6532/3781/1550 6531/3782/1550 6529/2641/1549
f 6534/2640/1551 6533/2643/1551 6531/3782/1550
f 6536/2495/1552 6535/2498/1552 6533/2643/1551
f 6538/2642/1553 6537/2645/1553 6535/2498/1552
f 6540/3783/1554 6539/3784/1554 6537/2645/1553
f 6542/2644/1555 6541/2647/1555 6539/3784/1554
f 6544/3785/1556 6543/3786/1556 6541/2647/1555
f 6546/2646/1557 6545/2649/1557 6543/3786/1556
f 6548/3787/1558 6547/3788/1558 6545/2649/1557
f 6550/2648/1559 6549/2651/1559 6547/3788/1558
f 6552/3789/1560 6551/3790/1560 6549/2651/1559
f 6554/2650/1561 6553/2652/1561 6551/3790/1560
f 6556/3791/1562 6555/3792/1562 6553/2652/1561
f 6558/2499/1563 6557/2502/1563 6555/3792/1562
f 6560/3793/1564 6559/3794/1564 6557/2502/1563
f 6562/2653/1565 6561/2655/1565 6559/3794/1564
f 6564/3795/1566 6563/3796/1568 6561/2655/1565
f 6566/2654/1567 6565/2657/1567 6563/3796/1568
f 6568/3797/1569 6567/3798/1569 6565/2657/1567
f 6570/2656/1570 6569/2659/1570 6567/3798/1569
f 6572/3799/1571 6571/3800/1571 6569/2659/1570
f 6574/2658/1572 6573/2661/1572 6571/3800/1571
f 6576/3801/1573 6575/3802/1573 6573/2661/1572
f 6578/2660/1574 6577/2663/1574 6575/3802/1573
f 6580/2503/1575 6579/2506/1577 6577/2663/1574
f 6582/2662/1576 6581/2665/1576 6579/2506/1577
f 6584/3803/1578 6583/3804/1578 6581/2665/1576
f 6586/2664/1579 6585/2667/1579 6583/3804/1578
f 6588/3805/1580 6587/3806/1580 6585/2667/1579
f 6590/2666/1581 6589/2669/1581 6587/3806/1580
f 6592/3807/1582 6591/3808/1582 6589/2669/1581
f 6594/2668/1583 6593/2671/1583 6591/3808/1582
f 6596/3809/1584 6595/3810/1584 6593/2671/1583
f 6598/2670/1585 6597/2672/1585 6595/3810/1584
f 6600/3811/1586 6599/3812/1586 6597/2672/1585
f 6602/1967/1587 6601/1970/1587 6599/3812/1586
f 6604/3813/1588 6603/3814/1588 6601/1970/1587
f 6606/2673/1589 6605/2675/1589 6603/3814/1588
f 6608/3815/1590 6607/3816/1590 6605/2675/1589
f 6610/2674/1591 6609/2677/1591 6607/3816/1590
f 6612/3817/1592 6611/3818/1592 6609/2677/1591
f 6614/2676/1593 6613/2679/1593 6611/3818/1592
f 6616/3819/1594 6615/3820/1594 6613/2679/1593
f 6618/2678/1595 6617/2681/1595 6615/3820/1594
f 6620/3821/1596 6619/3822/1596 6617/2681/1595
f 6622/2680/1597 6621/2683/1597 6619/3822/1596
f 6624/2509/1598 6623/2512/1598 6621/2683/1597
f 6626/2682/1599 6625/2685/1599 6623/2512/1598
f 6628/3823/1600 6627/3824/1600 6625/2685/1599
f 6630/2684/1601 6629/2687/1601 6627/3824/1600
f 6632/3825/1602 6631/3826/1602 6629/2687/1601
f 6634/2686/1603 6633/2689/1603 6631/3826/1602
f 6636/3827/1604 6635/3828/1604 6633/2689/1603
f 6638/2688/1605 6637/2691/1605 6635/3828/1604
f 6640/3829/1606 6639/3830/1606 6637/2691/1605
f 6642/2690/1607 6641/2692/1607 6639/3830/1606
f 6644/3831/1608 6643/3832/1608 6641/2692/1607
f 6646/2513/1609 6645/2516/1609 6643/3832/1608
f 6648/3833/1610 6647/3834/1610 6645/2516/1609
f 6650/2693/1611 6649/2695/1611 6647/3834/1610
f 6652/3835/1612 6651/3836/1612 6649/2695/1611
f 6654/2694/1613 6653/2697/1613 6651/3836/1612
f 6656/3837/1614 6655/3838/1616 6653/2697/1613
f 6658/2696/1615 6657/2699/1615 6655/3838/1616
f 6660/3839/1617 6659/3840/1617 6657/2699/1615
f 6662/2698/1618 6661/2701/1618 6659/3840/1617
f 6664/3841/1619 6663/3842/1619 6661/2701/1618
f 6666/2700/1620 6665/2703/1620 6663/3842/1619
f 6668/2517/1621 6667/2520/1621 6665/2703/1620
f 6670/2702/1622 6669/2705/1622 6667/2520/1621
f 6672/3843/1623 6671/3844/1623 6669/2705/1622
f 6674/2704/1493 6673/2707/1493 6671/3844/1623
f 6676/3845/1624 6675/3846/1624 6673/2707/1493
f 6678/2706/1625 6677/2709/1625 6675/3846/1624
f 6680/3847/1626 6679/3848/1626 6677/2709/1625
f 6682/2708/1627 6681/2711/1627 6679/3848/1626
f 6684/3849/1628 6683/3850/1628 6681/2711/1627
f 6686/2710/1629 6685/2712/1629 6683/3850/1628
f 6688/3851/1630 6687/3852/1630 6685/2712/1629
f 6690/2521/1631 6689/1445/1631 6687/3852/1630
f 6692/3853/1632 6691/3854/1632 6689/1445/1631
f 6694/2713/1124 6693/2715/1124 6691/3854/1632
f 6696/3855/1633 6695/3856/1634 6693/2715/1124
f 6698/2714/766 6697/2717/1636 6695/3856/1634
f 6700/3857/1635 6699/3858/1635 6697/2717/1636
f 6702/2716/1637 6701/2719/1639 6699/3858/1635
f 6704/3859/1638 6703/3860/1641 6701/2719/1639
f 6706/2718/1640 6705/2721/1643 6703/3860/1641
f 6708/3861/1642 6707/3862/1645 6705/2721/1643
f 6710/2720/1644 6709/2723/1644 6707/3862/1645
f 6712/2524/1646 6711/2527/1646 6709/2723/1644
f 6714/2722/1647 6713/2725/1647 6711/2527/1646
f 6716/3863/1648 6715/3864/1648 6713/2725/1647
f 6718/2724/1649 6717/2727/1651 6715/3864/1648
f 6720/3865/1650 6719/3866/1653 6717/2727/1651
f 6722/2726/1652 6721/2729/1655 6719/3866/1653
f 6724/3867/1654 6723/3868/1657 6721/2729/1655
f 6726/2728/1656 6725/2731/1659 6723/3868/1657
f 6728/3869/1658 6727/3870/1661 6725/2731/1659
f 6730/2730/1660 6729/2732/1660 6727/3870/1661
f 6732/3871/1662 6731/3872/1664 6729/2732/1660
f 6734/2528/1663 6733/2531/1666 6731/3872/1664
f 6736/3873/1665 6735/3874/1665 6733/2531/1666
f 6738/2733/1667 6737/2735/1669 6735/3874/1665
f 6740/3875/1668 6739/3876/1671 6737/2735/1669
f 6742/2734/1670 6741/2737/1673 6739/3876/1671
f 6744/3877/1672 6743/3878/1672 6741/2737/1673
f 6746/2736/1674 6745/2739/1674 6743/3878/1672
f 6748/3879/1675 6747/3880/1675 6745/2739/1674
f 6750/2738/1676 6749/2741/1676 6747/3880/1675
f 6752/3881/1677 6751/3882/1677 6749/2741/1676
f 6754/2740/1678 6753/2743/1678 6751/3882/1677
f 6756/2532/1679 6755/2535/1679 6753/2743/1678
f 6758/2742/1680 6757/2745/1680 6755/2535/1679
f 6760/3883/1681 6759/3884/1681 6757/2745/1680
f 6762/2744/1682 6761/2747/1682 6759/3884/1681
f 6764/3885/1683 6763/3886/1683 6761/2747/1682
f 6766/2746/1684 6765/2749/1684 6763/3886/1683
f 6768/3887/1685 6767/3888/1685 6765/2749/1684
f 6770/2748/1686 6769/2751/1686 6767/3888/1685
f 6772/3889/1687 6771/3890/1687 6769/2751/1686
f 6774/2750/1688 6773/2752/1688 6771/3890/1687
f 6776/3891/1689 6775/3892/1689 6773/2752/1688
f 6778/2536/1690 6777/2539/1690 6775/3892/1689
f 6780/3893/1691 6779/3894/1693 6777/2539/1690
f 6782/2753/1692 6781/2755/1692 6779/3894/1693
f 6784/3895/1694 6783/3896/1696 6781/2755/1692
f 6786/2754/1695 6785/2757/1698 6783/3896/1696
f 6788/3897/1697 6787/3898/1697 6785/2757/1698
f 6790/2756/1699 6789/2759/1699 6787/3898/1697
f 6792/3899/1700 6791/3900/1700 6789/2759/1699
f 6794/2758/1701 6793/2761/1701 6791/3900/1700
f 6796/3901/1702 6795/3902/1704 6793/2761/1701
f 6798/2760/1703 6797/2763/1703 6795/3902/1704
f 6800/2540/1705 6799/2543/1705 6797/2763/1703
f 6802/2762/1706 6801/2765/1706 6799/2543/1705
f 6804/3903/1707 6803/3904/1707 6801/2765/1706
f 6806/2764/1708 6805/2767/1708 6803/3904/1707
f 6808/3905/1709 6807/3906/1711 6805/2767/1708
f 6810/2766/1710 6809/2769/1710 6807/3906/1711
f 6812/3907/1712 6811/3908/1712 6809/2769/1710
f 6814/2768/1713 6813/2771/1713 6811/3908/1712
f 6816/3909/1714 6815/3910/1714 6813/2771/1713
f 6818/2770/1715 6817/2772/1715 6815/3910/1714
f 6820/3911/1716 6819/3912/1718 6817/2772/1715
f 6822/2544/1717 6821/2547/1717 6819/3912/1718
f 6824/3913/1719 6823/3914/1719 6821/2547/1717
f 6826/2773/1720 6825/2775/1720 6823/3914/1719
f 6828/3915/1721 6827/3916/1721 6825/2775/1720
f 6830/2774/1722 6829/2777/1722 6827/3916/1721
f 6832/3917/1723 6831/3918/1723 6829/2777/1722
f 6834/2776/1724 6833/2779/1724 6831/3918/1723
f 6836/3919/1725 6835/3920/1725 6833/2779/1724
f 6838/2778/1726 6837/2781/1726 6835/3920/1725
f 6840/3921/1727 6839/3922/1729 6837/2781/1726
f 6842/2780/1728 6841/2783/1728 6839/3922/1729
f 6844/2548/1730 6843/2551/1730 6841/2783/1728
f 6846/2782/1731 6845/2785/1731 6843/2551/1730
f 6848/3923/1732 6847/3924/1734 6845/2785/1731
f 6850/2784/1733 6849/2787/1733 6847/3924/1734
f 6852/3925/1735 6851/3926/1735 6849/2787/1733
f 6854/2786/1736 6853/2789/1736 6851/3926/1735
f 6856/3927/190 6855/3928/190 6853/2789/1736
f 6858/2788/1737 6857/2791/1739 6855/3928/190
f 6860/3929/1738 6859/3930/1738 6857/2791/1739
f 6862/2790/1740 6861/2792/1740 6859/3930/1738
f 6864/3931/1741 6863/3932/1742 6861/2792/1740
f 6338/2149/1438 6337/57/1437 6863/3932/1742
f 6868/3933/1743 6867/3934/1743 6865/59/1744
f 6870/2793/1745 6869/2795/1745 6867/3934/1743
f 6872/3935/1746 6871/3936/1746 6869/2795/1745
f 6874/2794/1747 6873/2797/1747 6871/3936/1746
f 6876/3937/1748 6875/3938/1748 6873/2797/1747
f 6878/2796/1749 6877/2799/1749 6875/3938/1748
f 6880/2464/1750 6879/2467/1750 6877/2799/1749
f 6882/2798/1751 6881/2801/1751 6879/2467/1750
f 6884/3939/1752 6883/3940/1752 6881/2801/1751
f 6886/2800/1753 6885/2802/1753 6883/3940/1752
f 6888/3941/1754 6887/3942/1754 6885/2802/1753
f 6890/1811/1755 6889/1814/1755 6887/3942/1754
f 6892/3943/1756 6891/3944/1758 6889/1814/1755
f 6894/2468/1757 6893/2471/1760 6891/3944/1758
f 6896/3945/1759 6895/3946/1762 6893/2471/1760
f 6898/2803/1761 6897/2805/1764 6895/3946/1762
f 6900/3947/1763 6899/3948/1763 6897/2805/1764
f 6902/2804/1765 6901/2807/1767 6899/3948/1763
f 6904/3949/1766 6903/3950/1769 6901/2807/1767
f 6906/2806/1768 6905/2809/1768 6903/3950/1769
f 6908/2472/1770 6907/2475/1770 6905/2809/1768
f 6910/2808/1771 6909/2810/1773 6907/2475/1770
f 6912/3951/1772 6911/3952/1775 6909/2810/1773
f 6914/1837/1774 6913/1840/1774 6911/3952/1775
f 6916/3953/1776 6915/3954/1776 6913/1840/1774
f 6918/2811/1777 6917/2812/1777 6915/3954/1776
f 6920/3955/1778 6919/3956/1778 6917/2812/1777
f 6922/2476/1779 6921/2479/1779 6919/3956/1778
f 6924/3957/1780 6923/3958/1780 6921/2479/1779
f 6926/2813/1781 6925/2815/1781 6923/3958/1780
f 6928/3959/1782 6927/3960/1784 6925/2815/1781
f 6930/2814/1783 6929/2817/1783 6927/3960/1784
f 6932/3961/1785 6931/3962/1785 6929/2817/1783
f 6934/2816/1786 6933/2818/1786 6931/3962/1785
f 6936/2480/1787 6935/2483/1787 6933/2818/1786
f 6938/1863/1788 6937/1866/1788 6935/2483/1787
f 6940/3963/1789 6939/3964/1789 6937/1866/1788
f 6942/2819/1790 6941/2821/1790 6939/3964/1789
f 6944/3965/1791 6943/3966/1791 6941/2821/1790
f 6946/2820/1792 6945/2822/1792 6943/3966/1791
f 6948/3967/1793 6947/3968/1793 6945/2822/1792
f 6950/2484/1794 6949/2487/1794 6947/3968/1793
f 6952/3969/1795 6951/3970/1797 6949/2487/1794
f 6954/2823/1796 6953/2825/1796 6951/3970/1797
f 6956/3971/1798 6955/3972/1799 6953/2825/1796
f 6958/2824/719 6957/2826/719 6955/3972/1799
f 6960/3973/1800 6959/3974/1800 6957/2826/719
f 6962/1889/1801 6961/1892/1801 6959/3974/1800
f 6964/2488/1802 6963/2491/1802 6961/1892/1801
f 6966/2827/1803 6965/2829/1804 6963/2491/1802
f 6968/3975/40 6967/3976/40 6965/2829/1804
f 6970/2828/1805 6969/2831/1805 6967/3976/40
f 6972/3977/1806 6971/3978/1806 6969/2831/1805
f 6974/2830/1807 6973/2832/1809 6971/3978/1806
f 6976/3979/1808 6975/3980/1808 6973/2832/1809
f 6978/2492/1810 6977/1605/1810 6975/3980/1808
f 6980/3981/1811 6979/3982/1811 6977/1605/1810
f 6982/2833/1812 6981/2834/1814 6979/3982/1811
f 6984/3983/1813 6983/3984/1816 6981/2834/1814
f 6986/1915/1815 6985/1918/1815 6983/3984/1816
f 6988/3985/1817 6987/3986/1819 6985/1918/1815
f 6990/2835/1818 6989/2837/1818 6987/3986/1819
f 6992/2495/1820 6991/2498/1820 6989/2837/1818
f 6994/2836/1821 6993/2839/1822 6991/2498/1820
f 6996/3987/321 6995/3988/1823 6993/2839/1822
f 6998/2838/1821 6997/2841/1821 6995/3988/1823
f 7000/3989/1820 6999/3990/1820 6997/2841/1821
f 7002/2840/1818 7001/2842/1818 6999/3990/1820
f 7004/3991/1819 7003/3992/1817 7001/2842/1818
f 7006/2499/1815 7005/2502/1815 7003/3992/1817
f 7008/3993/1824 7007/3994/1826 7005/2502/1815
f 7010/1941/1825 7009/1944/1825 7007/3994/1826
f 7012/3995/1827 7011/3996/1829 7009/1944/1825
f 7014/2843/1828 7013/2845/1831 7011/3996/1829
f 7016/3997/1830 7015/3998/1833 7013/2845/1831
f 7018/2844/1832 7017/2847/1832 7015/3998/1833
f 7020/2503/1834 7019/2506/1834 7017/2847/1832
f 7022/2846/1835 7021/2849/1835 7019/2506/1834
f 7024/3999/1836 7023/4000/1836 7021/2849/1835
f 7026/2848/1837 7025/2851/1837 7023/4000/1836
f 7028/4001/1838 7027/4002/1838 7025/2851/1837
f 7030/2850/1839 7029/2852/1839 7027/4002/1838
f 7032/4003/1840 7031/4004/1840 7029/2852/1839
f 7034/1967/1841 7033/1970/1841 7031/4004/1840
f 7036/4005/1842 7035/4006/1842 7033/1970/1841
f 7038/2853/1843 7037/2855/1843 7035/4006/1842
f 7040/4007/1844 7039/4008/1844 7037/2855/1843
f 7042/2854/1845 7041/2857/1845 7039/4008/1844
f 7044/4009/1846 7043/4010/1846 7041/2857/1845
f 7046/2856/888 7045/2859/888 7043/4010/1846
f 7048/2509/1847 7047/2512/1849 7045/2859/888
f 7050/2858/1848 7049/2861/1848 7047/2512/1849
f 7052/4011/1850 7051/4012/1850 7049/2861/1848
f 7054/2860/1851 7053/2862/1851 7051/4012/1850
f 7056/4013/1852 7055/4014/1854 7053/2862/1851
f 7058/1993/1853 7057/1996/1853 7055/4014/1854
f 7060/4015/1855 7059/4016/1855 7057/1996/1853
f 7062/2513/1856 7061/2516/1856 7059/4016/1855
f 7064/4017/1857 7063/4018/1857 7061/2516/1856
f 7066/2863/1858 7065/2865/1858 7063/4018/1857
f 7068/4019/1859 7067/4020/1859 7065/2865/1858
f 7070/2864/1860 7069/2867/1860 7067/4020/1859
f 7072/4021/1861 7071/4022/1861 7069/2867/1860
f 7074/2866/1862 7073/2869/1434 7071/4022/1861
f 7076/2517/1863 7075/2520/1863 7073/2869/1434
f 7078/2868/1864 7077/2870/1864 7075/2520/1863
f 7080/4023/1865 7079/4024/1865 7077/2870/1864
f 7082/2019/1434 7081/2022/1434 7079/4024/1865
f 7084/4025/1866 7083/4026/1866 7081/2022/1434
f 7086/2871/1867 7085/2872/1867 7083/4026/1866
f 7088/4027/1868 7087/4028/1868 7085/2872/1867
f 7090/2521/267 7089/1445/267 7087/4028/1868
f 7092/4029/1869 7091/4030/1869 7089/1445/267
f 7094/2873/1870 7093/2875/1872 7091/4030/1869
f 7096/4031/1871 7095/4032/1871 7093/2875/1872
f 7098/2874/1873 7097/2877/1873 7095/4032/1871
f 7100/4033/1874 7099/4034/1876 7097/2877/1873
f 7102/2876/1875 7101/2878/1875 7099/4034/1876
f 7104/2524/1877 7103/2527/1877 7101/2878/1875
f 7106/2045/1878 7105/2048/1878 7103/2527/1877
f 7108/4035/1879 7107/4036/1879 7105/2048/1878
f 7110/2879/1880 7109/2881/1880 7107/4036/1879
f 7112/4037/1881 7111/4038/1881 7109/2881/1880
f 7114/2880/1882 7113/2882/1882 7111/4038/1881
f 7116/4039/1883 7115/4040/1883 7113/2882/1882
f 7118/2528/1884 7117/2531/1884 7115/4040/1883
f 7120/4041/1885 7119/4042/1885 7117/2531/1884
f 7122/2883/1886 7121/2885/1886 7119/4042/1885
f 7124/4043/1887 7123/4044/1887 7121/2885/1886
f 7126/2884/1888 7125/2886/1888 7123/4044/1887
f 7128/4045/1889 7127/4046/1889 7125/2886/1888
f 7130/2071/1890 7129/2074/1890 7127/4046/1889
f 7132/2532/1891 7131/2535/1891 7129/2074/1890
f 7134/2887/1892 7133/2889/1892 7131/2535/1891
f 7136/4047/1893 7135/4048/1895 7133/2889/1892
f 7138/2888/1894 7137/2891/1897 7135/4048/1895
f 7140/4049/1896 7139/4050/1899 7137/2891/1897
f 7142/2890/1898 7141/2892/1898 7139/4050/1899
f 7144/4051/1900 7143/4052/1902 7141/2892/1898
f 7146/2536/1901 7145/2539/1903 7143/4052/1902
f 7148/4053/954 7147/4054/954 7145/2539/1903
f 7150/2893/1904 7149/2894/1904 7147/4054/954
f 7152/4055/1905 7151/4056/1905 7149/2894/1904
f 7154/2097/1906 7153/2100/1908 7151/4056/1905
f 7156/4057/1907 7155/4058/1910 7153/2100/1908
f 7158/2895/1909 7157/2897/1912 7155/4058/1910
f 7160/2540/1911 7159/2543/1911 7157/2897/1912
f 7162/2896/1913 7161/2899/1915 7159/2543/1911
f 7164/4059/1914 7163/4060/1917 7161/2899/1915
f 7166/2898/1916 7165/2901/1919 7163/4060/1917
f 7168/4061/1918 7167/4062/1918 7165/2901/1919
f 7170/2900/1920 7169/2902/1922 7167/4062/1918
f 7172/4063/1921 7171/4064/1924 7169/2902/1922
f 7174/2544/1923 7173/2547/1923 7171/4064/1924
f 7176/4065/1260 7175/4066/1926 7173/2547/1923
f 7178/2123/1925 7177/2126/1925 7175/4066/1926
f 7180/4067/1927 7179/4068/1927 7177/2126/1925
f 7182/2903/1928 7181/2905/1928 7179/4068/1927
f 7184/4069/1929 7183/4070/1929 7181/2905/1928
f 7186/2904/1930 7185/2907/1930 7183/4070/1929
f 7188/2548/1931 7187/2551/1931 7185/2907/1930
f 7190/2906/1932 7189/2909/1932 7187/2551/1931
f 7192/4071/1933 7191/4072/1933 7189/2909/1932
f 7194/2908/1934 7193/2911/1934 7191/4072/1933
f 7196/4073/1935 7195/4074/1935 7193/2911/1934
f 7198/2910/1936 7197/2912/1936 7195/4074/1935
f 7200/4075/1937 7199/4076/1937 7197/2912/1936
f 6866/2149/1744 6865/57/1744 7199/4076/1937
