# Blender 4.1.1
# www.blender.org
mtllib Text_Title.mtl
o テキスト
v -0.699000 0.380000 -0.190000
v -0.908000 0.380000 -0.190000
v -0.908000 0.049000 -0.190000
v -0.966000 0.049000 -0.190000
v -0.966000 -0.020000 -0.190000
v -0.721000 -0.020000 -0.190000
v -0.732564 -0.054569 -0.190000
v -0.745759 -0.087718 -0.190000
v -0.760594 -0.119359 -0.190000
v -0.777074 -0.149407 -0.190000
v -0.795207 -0.177775 -0.190000
v -0.815000 -0.204375 -0.190000
v -0.836460 -0.229121 -0.190000
v -0.859593 -0.251926 -0.190000
v -0.884406 -0.272703 -0.190000
v -0.910907 -0.291366 -0.190000
v -0.939103 -0.307827 -0.190000
v -0.969000 -0.322000 -0.190000
v -0.964675 -0.325778 -0.190000
v -0.960232 -0.330060 -0.190000
v -0.955719 -0.334766 -0.190000
v -0.951185 -0.339815 -0.190000
v -0.946679 -0.345128 -0.190000
v -0.942250 -0.350625 -0.190000
v -0.937946 -0.356226 -0.190000
v -0.933815 -0.361852 -0.190000
v -0.929906 -0.367422 -0.190000
v -0.926269 -0.372856 -0.190000
v -0.922950 -0.378076 -0.190000
v -0.920000 -0.383000 -0.190000
v -0.891058 -0.367298 -0.190000
v -0.863713 -0.349718 -0.190000
v -0.837938 -0.330297 -0.190000
v -0.813704 -0.309074 -0.190000
v -0.790984 -0.286087 -0.190000
v -0.769750 -0.261375 -0.190000
v -0.749975 -0.234975 -0.190000
v -0.731630 -0.206926 -0.190000
v -0.714688 -0.177266 -0.190000
v -0.699120 -0.146032 -0.190000
v -0.684901 -0.113264 -0.190000
v -0.672000 -0.079000 -0.190000
v -0.661782 -0.108449 -0.190000
v -0.649505 -0.137259 -0.190000
v -0.634984 -0.165375 -0.190000
v -0.618037 -0.192741 -0.190000
v -0.598479 -0.219301 -0.190000
v -0.576125 -0.245000 -0.190000
v -0.550792 -0.269782 -0.190000
v -0.522296 -0.293593 -0.190000
v -0.490453 -0.316375 -0.190000
v -0.455079 -0.338074 -0.190000
v -0.415989 -0.358634 -0.190000
v -0.373000 -0.378000 -0.190000
v -0.370280 -0.373785 -0.190000
v -0.367157 -0.369199 -0.190000
v -0.363688 -0.364328 -0.190000
v -0.359926 -0.359259 -0.190000
v -0.355928 -0.354079 -0.190000
v -0.351750 -0.348875 -0.190000
v -0.347447 -0.343733 -0.190000
v -0.343074 -0.338741 -0.190000
v -0.338688 -0.333984 -0.190000
v -0.334343 -0.329551 -0.190000
v -0.330095 -0.325527 -0.190000
v -0.326000 -0.322000 -0.190000
v -0.370415 -0.302403 -0.190000
v -0.410319 -0.281644 -0.190000
v -0.445953 -0.259766 -0.190000
v -0.477556 -0.236815 -0.190000
v -0.505366 -0.212836 -0.190000
v -0.529625 -0.187875 -0.190000
v -0.550571 -0.161976 -0.190000
v -0.568444 -0.135185 -0.190000
v -0.583484 -0.107547 -0.190000
v -0.595931 -0.079106 -0.190000
v -0.606023 -0.049909 -0.190000
v -0.614000 -0.020000 -0.190000
v -0.371000 -0.020000 -0.190000
v -0.371000 0.049000 -0.190000
v -0.438000 0.049000 -0.190000
v -0.438000 0.380000 -0.190000
v -0.630000 0.380000 -0.190000
v -0.630000 0.535000 -0.190000
v -0.699000 0.535000 -0.190000
v -0.625939 0.057521 -0.190000
v -0.626759 0.066083 -0.190000
v -0.627469 0.074688 -0.190000
v -0.628074 0.083333 -0.190000
v -0.628582 0.092021 -0.190000
v -0.629000 0.100750 -0.190000
v -0.629335 0.109521 -0.190000
v -0.629593 0.118333 -0.190000
v -0.629781 0.127188 -0.190000
v -0.629907 0.136083 -0.190000
v -0.629978 0.145021 -0.190000
v -0.630000 0.154000 -0.190000
v -0.630000 0.311000 -0.190000
v -0.506000 0.311000 -0.190000
v -0.506000 0.049000 -0.190000
v -0.625000 0.049000 -0.190000
v -0.699000 0.311000 -0.190000
v -0.699000 0.154000 -0.190000
v -0.698979 0.145021 -0.190000
v -0.698912 0.136083 -0.190000
v -0.698797 0.127188 -0.190000
v -0.698630 0.118333 -0.190000
v -0.698407 0.109521 -0.190000
v -0.698125 0.100750 -0.190000
v -0.697781 0.092021 -0.190000
v -0.697370 0.083333 -0.190000
v -0.696891 0.074687 -0.190000
v -0.696338 0.066083 -0.190000
v -0.695709 0.057521 -0.190000
v -0.695000 0.049000 -0.190000
v -0.838000 0.049000 -0.190000
v -0.838000 0.311000 -0.190000
v -0.145000 -0.122000 -0.190000
v -0.270000 -0.122000 -0.190000
v -0.270000 0.110000 -0.190000
v -0.145000 0.110000 -0.190000
v -0.145000 0.399000 -0.190000
v -0.145000 0.176000 -0.190000
v -0.270000 0.176000 -0.190000
v -0.270000 0.399000 -0.190000
v -0.340000 -0.190000 -0.190000
v -0.145000 -0.190000 -0.190000
v -0.145000 -0.272000 -0.190000
v -0.076000 -0.272000 -0.190000
v -0.076000 0.467000 -0.190000
v -0.340000 0.467000 -0.190000
v 0.078000 0.290000 -0.190000
v 0.155000 0.290000 -0.190000
v 0.155000 0.416000 -0.190000
v 0.847000 0.416000 -0.190000
v 0.847000 0.290000 -0.190000
v 0.922000 0.290000 -0.190000
v 0.922000 0.486000 -0.190000
v 0.078000 0.486000 -0.190000
v 0.342000 -0.158000 -0.190000
v 0.909000 -0.158000 -0.190000
v 0.909000 -0.089000 -0.190000
v 0.342000 -0.089000 -0.190000
v 0.647000 0.280000 -0.190000
v 0.201000 0.280000 -0.190000
v 0.201000 0.214000 -0.190000
v 0.661000 0.214000 -0.190000
v 0.690000 0.087000 -0.190000
v 0.174000 0.087000 -0.190000
v 0.174021 0.086521 -0.190000
v 0.174083 0.085171 -0.190000
v 0.174187 0.083078 -0.190000
v 0.174333 0.080370 -0.190000
v 0.174521 0.077177 -0.190000
v 0.174750 0.073625 -0.190000
v 0.175021 0.069844 -0.190000
v 0.175333 0.065963 -0.190000
v 0.175687 0.062109 -0.190000
v 0.176083 0.058412 -0.190000
v 0.176521 0.054999 -0.190000
v 0.177000 0.052000 -0.190000
v 0.182969 -0.007196 -0.190000
v 0.188921 -0.060486 -0.190000
v 0.194922 -0.108172 -0.190000
v 0.201037 -0.150556 -0.190000
v 0.207333 -0.187939 -0.190000
v 0.213875 -0.220625 -0.190000
v 0.220730 -0.248915 -0.190000
v 0.227963 -0.273111 -0.190000
v 0.235641 -0.293516 -0.190000
v 0.243829 -0.310431 -0.190000
v 0.252593 -0.324158 -0.190000
v 0.262000 -0.335000 -0.190000
v 0.267759 -0.340423 -0.190000
v 0.273569 -0.345218 -0.190000
v 0.279484 -0.349422 -0.190000
v 0.285555 -0.353074 -0.190000
v 0.291835 -0.356212 -0.190000
v 0.298375 -0.358875 -0.190000
v 0.305227 -0.361100 -0.190000
v 0.312444 -0.362926 -0.190000
v 0.320078 -0.364391 -0.190000
v 0.328180 -0.365532 -0.190000
v 0.336804 -0.366389 -0.190000
v 0.346000 -0.367000 -0.190000
v 0.354898 -0.367437 -0.190000
v 0.365018 -0.367750 -0.190000
v 0.376250 -0.367938 -0.190000
v 0.388481 -0.368000 -0.190000
v 0.401602 -0.367938 -0.190000
v 0.415500 -0.367750 -0.190000
v 0.430065 -0.367438 -0.190000
v 0.445185 -0.367000 -0.190000
v 0.460750 -0.366438 -0.190000
v 0.476648 -0.365750 -0.190000
v 0.492768 -0.364938 -0.190000
v 0.509000 -0.364000 -0.190000
v 0.509645 -0.358574 -0.190000
v 0.510574 -0.352838 -0.190000
v 0.511781 -0.346859 -0.190000
v 0.513259 -0.340704 -0.190000
v 0.515001 -0.334437 -0.190000
v 0.517000 -0.328125 -0.190000
v 0.519249 -0.321834 -0.190000
v 0.521741 -0.315630 -0.190000
v 0.524469 -0.309578 -0.190000
v 0.527426 -0.303745 -0.190000
v 0.530605 -0.298197 -0.190000
v 0.534000 -0.293000 -0.190000
v 0.516584 -0.294398 -0.190000
v 0.499426 -0.295602 -0.190000
v 0.482656 -0.296625 -0.190000
v 0.466407 -0.297482 -0.190000
v 0.450811 -0.298185 -0.190000
v 0.436000 -0.298750 -0.190000
v 0.422105 -0.299190 -0.190000
v 0.409259 -0.299519 -0.190000
v 0.397594 -0.299750 -0.190000
v 0.387241 -0.299898 -0.190000
v 0.378332 -0.299977 -0.190000
v 0.371000 -0.300000 -0.190000
v 0.365473 -0.299975 -0.190000
v 0.360370 -0.299880 -0.190000
v 0.355656 -0.299687 -0.190000
v 0.351296 -0.299370 -0.190000
v 0.347256 -0.298900 -0.190000
v 0.343500 -0.298250 -0.190000
v 0.339994 -0.297391 -0.190000
v 0.336704 -0.296296 -0.190000
v 0.333594 -0.294937 -0.190000
v 0.330630 -0.293287 -0.190000
v 0.327777 -0.291317 -0.190000
v 0.325000 -0.289000 -0.190000
v 0.317893 -0.281450 -0.190000
v 0.311065 -0.271185 -0.190000
v 0.304500 -0.258031 -0.190000
v 0.298185 -0.241815 -0.190000
v 0.292106 -0.222362 -0.190000
v 0.286250 -0.199500 -0.190000
v 0.280602 -0.173054 -0.190000
v 0.275148 -0.142852 -0.190000
v 0.269875 -0.108719 -0.190000
v 0.264768 -0.070481 -0.190000
v 0.259815 -0.027966 -0.190000
v 0.255000 0.019000 -0.190000
v 0.785000 0.019000 -0.190000
v 0.778076 0.044331 -0.190000
v 0.770857 0.072065 -0.190000
v 0.763422 0.101813 -0.190000
v 0.755852 0.133185 -0.190000
v 0.748226 0.165794 -0.190000
v 0.740625 0.199250 -0.190000
v 0.733128 0.233164 -0.190000
v 0.725815 0.267148 -0.190000
v 0.718766 0.300813 -0.190000
v 0.712060 0.333769 -0.190000
v 0.705778 0.365627 -0.190000
v 0.700000 0.396000 -0.190000
v 0.625000 0.388000 -0.190000
v -0.699000 0.380000 0.190000
v -0.908000 0.380000 0.190000
v -0.908000 0.049000 0.190000
v -0.966000 0.049000 0.190000
v -0.966000 -0.020000 0.190000
v -0.721000 -0.020000 0.190000
v -0.732564 -0.054569 0.190000
v -0.745759 -0.087718 0.190000
v -0.760594 -0.119359 0.190000
v -0.777074 -0.149407 0.190000
v -0.795207 -0.177775 0.190000
v -0.815000 -0.204375 0.190000
v -0.836460 -0.229121 0.190000
v -0.859593 -0.251926 0.190000
v -0.884406 -0.272703 0.190000
v -0.910907 -0.291366 0.190000
v -0.939103 -0.307827 0.190000
v -0.969000 -0.322000 0.190000
v -0.964675 -0.325778 0.190000
v -0.960232 -0.330060 0.190000
v -0.955719 -0.334766 0.190000
v -0.951185 -0.339815 0.190000
v -0.946679 -0.345128 0.190000
v -0.942250 -0.350625 0.190000
v -0.937946 -0.356226 0.190000
v -0.933815 -0.361852 0.190000
v -0.929906 -0.367422 0.190000
v -0.926269 -0.372856 0.190000
v -0.922950 -0.378076 0.190000
v -0.920000 -0.383000 0.190000
v -0.891058 -0.367298 0.190000
v -0.863713 -0.349718 0.190000
v -0.837938 -0.330297 0.190000
v -0.813704 -0.309074 0.190000
v -0.790984 -0.286087 0.190000
v -0.769750 -0.261375 0.190000
v -0.749975 -0.234975 0.190000
v -0.731630 -0.206926 0.190000
v -0.714688 -0.177266 0.190000
v -0.699120 -0.146032 0.190000
v -0.684901 -0.113264 0.190000
v -0.672000 -0.079000 0.190000
v -0.661782 -0.108449 0.190000
v -0.649505 -0.137259 0.190000
v -0.634984 -0.165375 0.190000
v -0.618037 -0.192741 0.190000
v -0.598479 -0.219301 0.190000
v -0.576125 -0.245000 0.190000
v -0.550792 -0.269782 0.190000
v -0.522296 -0.293593 0.190000
v -0.490453 -0.316375 0.190000
v -0.455079 -0.338074 0.190000
v -0.415989 -0.358634 0.190000
v -0.373000 -0.378000 0.190000
v -0.370280 -0.373785 0.190000
v -0.367157 -0.369199 0.190000
v -0.363688 -0.364328 0.190000
v -0.359926 -0.359259 0.190000
v -0.355928 -0.354079 0.190000
v -0.351750 -0.348875 0.190000
v -0.347447 -0.343733 0.190000
v -0.343074 -0.338741 0.190000
v -0.338688 -0.333984 0.190000
v -0.334343 -0.329551 0.190000
v -0.330095 -0.325527 0.190000
v -0.326000 -0.322000 0.190000
v -0.370415 -0.302403 0.190000
v -0.410319 -0.281644 0.190000
v -0.445953 -0.259766 0.190000
v -0.477556 -0.236815 0.190000
v -0.505366 -0.212836 0.190000
v -0.529625 -0.187875 0.190000
v -0.550571 -0.161976 0.190000
v -0.568444 -0.135185 0.190000
v -0.583484 -0.107547 0.190000
v -0.595931 -0.079106 0.190000
v -0.606023 -0.049909 0.190000
v -0.614000 -0.020000 0.190000
v -0.371000 -0.020000 0.190000
v -0.371000 0.049000 0.190000
v -0.438000 0.049000 0.190000
v -0.438000 0.380000 0.190000
v -0.630000 0.380000 0.190000
v -0.630000 0.535000 0.190000
v -0.699000 0.535000 0.190000
v -0.625939 0.057521 0.190000
v -0.626759 0.066083 0.190000
v -0.627469 0.074688 0.190000
v -0.628074 0.083333 0.190000
v -0.628582 0.092021 0.190000
v -0.629000 0.100750 0.190000
v -0.629335 0.109521 0.190000
v -0.629593 0.118333 0.190000
v -0.629781 0.127188 0.190000
v -0.629907 0.136083 0.190000
v -0.629978 0.145021 0.190000
v -0.630000 0.154000 0.190000
v -0.630000 0.311000 0.190000
v -0.506000 0.311000 0.190000
v -0.506000 0.049000 0.190000
v -0.625000 0.049000 0.190000
v -0.699000 0.311000 0.190000
v -0.699000 0.154000 0.190000
v -0.698979 0.145021 0.190000
v -0.698912 0.136083 0.190000
v -0.698797 0.127188 0.190000
v -0.698630 0.118333 0.190000
v -0.698407 0.109521 0.190000
v -0.698125 0.100750 0.190000
v -0.697781 0.092021 0.190000
v -0.697370 0.083333 0.190000
v -0.696891 0.074687 0.190000
v -0.696338 0.066083 0.190000
v -0.695709 0.057521 0.190000
v -0.695000 0.049000 0.190000
v -0.838000 0.049000 0.190000
v -0.838000 0.311000 0.190000
v -0.145000 -0.122000 0.190000
v -0.270000 -0.122000 0.190000
v -0.270000 0.110000 0.190000
v -0.145000 0.110000 0.190000
v -0.145000 0.399000 0.190000
v -0.145000 0.176000 0.190000
v -0.270000 0.176000 0.190000
v -0.270000 0.399000 0.190000
v -0.340000 -0.190000 0.190000
v -0.145000 -0.190000 0.190000
v -0.145000 -0.272000 0.190000
v -0.076000 -0.272000 0.190000
v -0.076000 0.467000 0.190000
v -0.340000 0.467000 0.190000
v 0.078000 0.290000 0.190000
v 0.155000 0.290000 0.190000
v 0.155000 0.416000 0.190000
v 0.847000 0.416000 0.190000
v 0.847000 0.290000 0.190000
v 0.922000 0.290000 0.190000
v 0.922000 0.486000 0.190000
v 0.078000 0.486000 0.190000
v 0.342000 -0.158000 0.190000
v 0.909000 -0.158000 0.190000
v 0.909000 -0.089000 0.190000
v 0.342000 -0.089000 0.190000
v 0.647000 0.280000 0.190000
v 0.201000 0.280000 0.190000
v 0.201000 0.214000 0.190000
v 0.661000 0.214000 0.190000
v 0.690000 0.087000 0.190000
v 0.174000 0.087000 0.190000
v 0.174021 0.086521 0.190000
v 0.174083 0.085171 0.190000
v 0.174187 0.083078 0.190000
v 0.174333 0.080370 0.190000
v 0.174521 0.077177 0.190000
v 0.174750 0.073625 0.190000
v 0.175021 0.069844 0.190000
v 0.175333 0.065963 0.190000
v 0.175687 0.062109 0.190000
v 0.176083 0.058412 0.190000
v 0.176521 0.054999 0.190000
v 0.177000 0.052000 0.190000
v 0.182969 -0.007196 0.190000
v 0.188921 -0.060486 0.190000
v 0.194922 -0.108172 0.190000
v 0.201037 -0.150556 0.190000
v 0.207333 -0.187939 0.190000
v 0.213875 -0.220625 0.190000
v 0.220730 -0.248915 0.190000
v 0.227963 -0.273111 0.190000
v 0.235641 -0.293516 0.190000
v 0.243829 -0.310431 0.190000
v 0.252593 -0.324158 0.190000
v 0.262000 -0.335000 0.190000
v 0.267759 -0.340423 0.190000
v 0.273569 -0.345218 0.190000
v 0.279484 -0.349422 0.190000
v 0.285555 -0.353074 0.190000
v 0.291835 -0.356212 0.190000
v 0.298375 -0.358875 0.190000
v 0.305227 -0.361100 0.190000
v 0.312444 -0.362926 0.190000
v 0.320078 -0.364391 0.190000
v 0.328180 -0.365532 0.190000
v 0.336804 -0.366389 0.190000
v 0.346000 -0.367000 0.190000
v 0.354898 -0.367437 0.190000
v 0.365018 -0.367750 0.190000
v 0.376250 -0.367938 0.190000
v 0.388481 -0.368000 0.190000
v 0.401602 -0.367938 0.190000
v 0.415500 -0.367750 0.190000
v 0.430065 -0.367438 0.190000
v 0.445185 -0.367000 0.190000
v 0.460750 -0.366438 0.190000
v 0.476648 -0.365750 0.190000
v 0.492768 -0.364938 0.190000
v 0.509000 -0.364000 0.190000
v 0.509645 -0.358574 0.190000
v 0.510574 -0.352838 0.190000
v 0.511781 -0.346859 0.190000
v 0.513259 -0.340704 0.190000
v 0.515001 -0.334437 0.190000
v 0.517000 -0.328125 0.190000
v 0.519249 -0.321834 0.190000
v 0.521741 -0.315630 0.190000
v 0.524469 -0.309578 0.190000
v 0.527426 -0.303745 0.190000
v 0.530605 -0.298197 0.190000
v 0.534000 -0.293000 0.190000
v 0.516584 -0.294398 0.190000
v 0.499426 -0.295602 0.190000
v 0.482656 -0.296625 0.190000
v 0.466407 -0.297482 0.190000
v 0.450811 -0.298185 0.190000
v 0.436000 -0.298750 0.190000
v 0.422105 -0.299190 0.190000
v 0.409259 -0.299519 0.190000
v 0.397594 -0.299750 0.190000
v 0.387241 -0.299898 0.190000
v 0.378332 -0.299977 0.190000
v 0.371000 -0.300000 0.190000
v 0.365473 -0.299975 0.190000
v 0.360370 -0.299880 0.190000
v 0.355656 -0.299687 0.190000
v 0.351296 -0.299370 0.190000
v 0.347256 -0.298900 0.190000
v 0.343500 -0.298250 0.190000
v 0.339994 -0.297391 0.190000
v 0.336704 -0.296296 0.190000
v 0.333594 -0.294937 0.190000
v 0.330630 -0.293287 0.190000
v 0.327777 -0.291317 0.190000
v 0.325000 -0.289000 0.190000
v 0.317893 -0.281450 0.190000
v 0.311065 -0.271185 0.190000
v 0.304500 -0.258031 0.190000
v 0.298185 -0.241815 0.190000
v 0.292106 -0.222362 0.190000
v 0.286250 -0.199500 0.190000
v 0.280602 -0.173054 0.190000
v 0.275148 -0.142852 0.190000
v 0.269875 -0.108719 0.190000
v 0.264768 -0.070481 0.190000
v 0.259815 -0.027966 0.190000
v 0.255000 0.019000 0.190000
v 0.785000 0.019000 0.190000
v 0.778076 0.044331 0.190000
v 0.770857 0.072065 0.190000
v 0.763422 0.101813 0.190000
v 0.755852 0.133185 0.190000
v 0.748226 0.165794 0.190000
v 0.740625 0.199250 0.190000
v 0.733128 0.233164 0.190000
v 0.725815 0.267148 0.190000
v 0.718766 0.300813 0.190000
v 0.712060 0.333769 0.190000
v 0.705778 0.365627 0.190000
v 0.700000 0.396000 0.190000
v 0.625000 0.388000 0.190000
v 0.078000 0.290000 0.190000
v 0.071820 0.283820 0.189021
v 0.066244 0.278244 0.186180
v 0.061820 0.273820 0.181756
v 0.058979 0.270979 0.176180
v 0.058000 0.270000 0.170000
v 0.058000 0.270000 -0.170000
v 0.058979 0.270979 -0.176180
v 0.061820 0.273820 -0.181756
v 0.066244 0.278244 -0.186180
v 0.071820 0.283820 -0.189021
v 0.078000 0.290000 -0.190000
v 0.155000 0.290000 0.190000
v 0.161180 0.283820 0.189021
v 0.166756 0.278244 0.186180
v 0.171180 0.273820 0.181756
v 0.174021 0.270979 0.176180
v 0.175000 0.270000 0.170000
v 0.175000 0.270000 -0.170000
v 0.174021 0.270979 -0.176180
v 0.171180 0.273820 -0.181756
v 0.166756 0.278244 -0.186180
v 0.161180 0.283820 -0.189021
v 0.155000 0.290000 -0.190000
v 0.155000 0.416000 0.190000
v 0.161180 0.409820 0.189021
v 0.166756 0.404244 0.186180
v 0.171180 0.399820 0.181756
v 0.174021 0.396979 0.176180
v 0.175000 0.396000 0.170000
v 0.175000 0.396000 -0.170000
v 0.174021 0.396979 -0.176180
v 0.171180 0.399820 -0.181756
v 0.166756 0.404244 -0.186180
v 0.161180 0.409820 -0.189021
v 0.155000 0.416000 -0.190000
v 0.847000 0.416000 0.190000
v 0.840820 0.409820 0.189021
v 0.835244 0.404244 0.186180
v 0.830820 0.399820 0.181756
v 0.827979 0.396979 0.176180
v 0.827000 0.396000 0.170000
v 0.827000 0.396000 -0.170000
v 0.827979 0.396979 -0.176180
v 0.830820 0.399820 -0.181756
v 0.835244 0.404244 -0.186180
v 0.840820 0.409820 -0.189021
v 0.847000 0.416000 -0.190000
v 0.847000 0.290000 0.190000
v 0.840820 0.283820 0.189021
v 0.835244 0.278244 0.186180
v 0.830820 0.273820 0.181756
v 0.827979 0.270979 0.176180
v 0.827000 0.270000 0.170000
v 0.827000 0.270000 -0.170000
v 0.827979 0.270979 -0.176180
v 0.830820 0.273820 -0.181756
v 0.835244 0.278244 -0.186180
v 0.840820 0.283820 -0.189021
v 0.847000 0.290000 -0.190000
v 0.922000 0.290000 0.190000
v 0.928180 0.283820 0.189021
v 0.933756 0.278244 0.186180
v 0.938180 0.273820 0.181756
v 0.941021 0.270979 0.176180
v 0.942000 0.270000 0.170000
v 0.942000 0.270000 -0.170000
v 0.941021 0.270979 -0.176180
v 0.938180 0.273820 -0.181756
v 0.933756 0.278244 -0.186180
v 0.928180 0.283820 -0.189021
v 0.922000 0.290000 -0.190000
v 0.922000 0.486000 0.190000
v 0.928180 0.492180 0.189021
v 0.933756 0.497756 0.186180
v 0.938180 0.502180 0.181756
v 0.941021 0.505021 0.176180
v 0.942000 0.506000 0.170000
v 0.942000 0.506000 -0.170000
v 0.941021 0.505021 -0.176180
v 0.938180 0.502180 -0.181756
v 0.933756 0.497756 -0.186180
v 0.928180 0.492180 -0.189021
v 0.922000 0.486000 -0.190000
v 0.078000 0.486000 0.190000
v 0.071820 0.492180 0.189021
v 0.066244 0.497756 0.186180
v 0.061820 0.502180 0.181756
v 0.058979 0.505021 0.176180
v 0.058000 0.506000 0.170000
v 0.058000 0.506000 -0.170000
v 0.058979 0.505021 -0.176180
v 0.061820 0.502180 -0.181756
v 0.066244 0.497756 -0.186180
v 0.071820 0.492180 -0.189021
v 0.078000 0.486000 -0.190000
v 0.342000 -0.158000 0.190000
v 0.335820 -0.164180 0.189021
v 0.330244 -0.169756 0.186180
v 0.325820 -0.174180 0.181756
v 0.322979 -0.177021 0.176180
v 0.322000 -0.178000 0.170000
v 0.322000 -0.178000 -0.170000
v 0.322979 -0.177021 -0.176180
v 0.325820 -0.174180 -0.181756
v 0.330244 -0.169756 -0.186180
v 0.335820 -0.164180 -0.189021
v 0.342000 -0.158000 -0.190000
v 0.909000 -0.158000 0.190000
v 0.915180 -0.164180 0.189021
v 0.920756 -0.169756 0.186180
v 0.925180 -0.174180 0.181756
v 0.928021 -0.177021 0.176180
v 0.929000 -0.178000 0.170000
v 0.929000 -0.178000 -0.170000
v 0.928021 -0.177021 -0.176180
v 0.925180 -0.174180 -0.181756
v 0.920756 -0.169756 -0.186180
v 0.915180 -0.164180 -0.189021
v 0.909000 -0.158000 -0.190000
v 0.909000 -0.089000 0.190000
v 0.915180 -0.082820 0.189021
v 0.920756 -0.077244 0.186180
v 0.925180 -0.072820 0.181756
v 0.928021 -0.069979 0.176180
v 0.929000 -0.069000 0.170000
v 0.929000 -0.069000 -0.170000
v 0.928021 -0.069979 -0.176180
v 0.925180 -0.072820 -0.181756
v 0.920756 -0.077244 -0.186180
v 0.915180 -0.082820 -0.189021
v 0.909000 -0.089000 -0.190000
v 0.342000 -0.089000 0.190000
v 0.335820 -0.082820 0.189021
v 0.330244 -0.077244 0.186180
v 0.325820 -0.072820 0.181756
v 0.322979 -0.069979 0.176180
v 0.322000 -0.069000 0.170000
v 0.322000 -0.069000 -0.170000
v 0.322979 -0.069979 -0.176180
v 0.325820 -0.072820 -0.181756
v 0.330244 -0.077244 -0.186180
v 0.335820 -0.082820 -0.189021
v 0.342000 -0.089000 -0.190000
v 0.647000 0.280000 0.190000
v 0.639434 0.286180 0.189021
v 0.632608 0.291756 0.186180
v 0.627191 0.296180 0.181756
v 0.623714 0.299021 0.176180
v 0.622515 0.300000 0.170000
v 0.622515 0.300000 -0.170000
v 0.623714 0.299021 -0.176180
v 0.627191 0.296180 -0.181756
v 0.632608 0.291756 -0.186180
v 0.639434 0.286180 -0.189021
v 0.647000 0.280000 -0.190000
v 0.201000 0.280000 0.190000
v 0.194820 0.286180 0.189021
v 0.189244 0.291756 0.186180
v 0.184820 0.296180 0.181756
v 0.181979 0.299021 0.176180
v 0.181000 0.300000 0.170000
v 0.181000 0.300000 -0.170000
v 0.181979 0.299021 -0.176180
v 0.184820 0.296180 -0.181756
v 0.189244 0.291756 -0.186180
v 0.194820 0.286180 -0.189021
v 0.201000 0.280000 -0.190000
v 0.201000 0.214000 0.190000
v 0.194820 0.207820 0.189021
v 0.189244 0.202244 0.186180
v 0.184820 0.197820 0.181756
v 0.181979 0.194979 0.176180
v 0.181000 0.194000 0.170000
v 0.181000 0.194000 -0.170000
v 0.181979 0.194979 -0.176180
v 0.184820 0.197820 -0.181756
v 0.189244 0.202244 -0.186180
v 0.194820 0.207820 -0.189021
v 0.201000 0.214000 -0.190000
v 0.661000 0.214000 0.190000
v 0.656072 0.207820 0.189021
v 0.651626 0.202244 0.186180
v 0.648098 0.197820 0.181756
v 0.645833 0.194979 0.176180
v 0.645052 0.194000 0.170000
v 0.645052 0.194000 -0.170000
v 0.645833 0.194979 -0.176180
v 0.648098 0.197820 -0.181756
v 0.651626 0.202244 -0.186180
v 0.656072 0.207820 -0.189021
v 0.661000 0.214000 -0.190000
v 0.690000 0.087000 0.190000
v 0.682249 0.093180 0.189021
v 0.675257 0.098756 0.186180
v 0.669708 0.103180 0.181756
v 0.666146 0.106021 0.176180
v 0.664918 0.107000 0.170000
v 0.664918 0.107000 -0.170000
v 0.666146 0.106021 -0.176180
v 0.669708 0.103180 -0.181756
v 0.675257 0.098756 -0.186180
v 0.682249 0.093180 -0.189021
v 0.690000 0.087000 -0.190000
v 0.174000 0.087000 0.190000
v 0.167545 0.093180 0.189021
v 0.161721 0.098756 0.186180
v 0.157100 0.103180 0.181756
v 0.154133 0.106021 0.176180
v 0.153110 0.107000 0.170000
v 0.153110 0.107000 -0.170000
v 0.154133 0.106021 -0.176180
v 0.157100 0.103180 -0.181756
v 0.161721 0.098756 -0.186180
v 0.167545 0.093180 -0.189021
v 0.174000 0.087000 -0.190000
v 0.174021 0.086521 0.190000
v 0.167847 0.086244 0.189021
v 0.162277 0.085994 0.186180
v 0.157857 0.085796 0.181756
v 0.155019 0.085668 0.176180
v 0.154041 0.085624 0.170000
v 0.154041 0.085624 -0.170000
v 0.155019 0.085668 -0.176180
v 0.157857 0.085796 -0.181756
v 0.162277 0.085994 -0.186180
v 0.167847 0.086244 -0.189021
v 0.174021 0.086521 -0.190000
v 0.174083 0.085171 0.190000
v 0.167910 0.084875 0.189021
v 0.162341 0.084607 0.186180
v 0.157922 0.084395 0.181756
v 0.155084 0.084259 0.176180
v 0.154106 0.084212 0.170000
v 0.154106 0.084212 -0.170000
v 0.155084 0.084259 -0.176180
v 0.157922 0.084395 -0.181756
v 0.162341 0.084607 -0.186180
v 0.167910 0.084875 -0.189021
v 0.174083 0.085171 -0.190000
v 0.174187 0.083078 0.190000
v 0.168015 0.082758 0.189021
v 0.162447 0.082470 0.186180
v 0.158029 0.082241 0.181756
v 0.155192 0.082094 0.176180
v 0.154214 0.082043 0.170000
v 0.154214 0.082043 -0.170000
v 0.155192 0.082094 -0.176180
v 0.158029 0.082241 -0.181756
v 0.162447 0.082470 -0.186180
v 0.168015 0.082758 -0.189021
v 0.174187 0.083078 -0.190000
v 0.174333 0.080370 0.190000
v 0.168163 0.080023 0.189021
v 0.162596 0.079710 0.186180
v 0.158178 0.079461 0.181756
v 0.155342 0.079302 0.176180
v 0.154365 0.079247 0.170000
v 0.154365 0.079247 -0.170000
v 0.155342 0.079302 -0.176180
v 0.158178 0.079461 -0.181756
v 0.162596 0.079710 -0.186180
v 0.168163 0.080023 -0.189021
v 0.174333 0.080370 -0.190000
v 0.174521 0.077177 0.190000
v 0.168352 0.076796 0.189021
v 0.162787 0.076454 0.186180
v 0.158371 0.076181 0.181756
v 0.155536 0.076007 0.176180
v 0.154559 0.075947 0.170000
v 0.154559 0.075947 -0.170000
v 0.155536 0.076007 -0.176180
v 0.158371 0.076181 -0.181756
v 0.162787 0.076454 -0.186180
v 0.168352 0.076796 -0.189021
v 0.174521 0.077177 -0.190000
v 0.174750 0.073625 0.190000
v 0.168584 0.073205 0.189021
v 0.163021 0.072827 0.186180
v 0.158607 0.072526 0.181756
v 0.155773 0.072333 0.176180
v 0.154796 0.072267 0.170000
v 0.154796 0.072267 -0.170000
v 0.155773 0.072333 -0.176180
v 0.158607 0.072526 -0.181756
v 0.163021 0.072827 -0.186180
v 0.168584 0.073205 -0.189021
v 0.174750 0.073625 -0.190000
v 0.175021 0.069844 0.190000
v 0.168858 0.069376 0.189021
v 0.163299 0.068953 0.186180
v 0.158887 0.068617 0.181756
v 0.156054 0.068401 0.176180
v 0.155078 0.068327 0.170000
v 0.155078 0.068327 -0.170000
v 0.156054 0.068401 -0.176180
v 0.158887 0.068617 -0.181756
v 0.163299 0.068953 -0.186180
v 0.168858 0.069376 -0.189021
v 0.175021 0.069844 -0.190000
v 0.175333 0.065963 0.190000
v 0.169176 0.065432 0.189021
v 0.163621 0.064953 0.186180
v 0.159212 0.064573 0.181756
v 0.156382 0.064329 0.176180
v 0.155407 0.064245 0.170000
v 0.155407 0.064245 -0.170000
v 0.156382 0.064329 -0.176180
v 0.159212 0.064573 -0.181756
v 0.163621 0.064953 -0.186180
v 0.169176 0.065432 -0.189021
v 0.175333 0.065963 -0.190000
v 0.175687 0.062109 0.190000
v 0.169537 0.061498 0.189021
v 0.163989 0.060946 0.186180
v 0.159586 0.060508 0.181756
v 0.156759 0.060226 0.176180
v 0.155785 0.060130 0.170000
v 0.155785 0.060130 -0.170000
v 0.156759 0.060226 -0.176180
v 0.159586 0.060508 -0.181756
v 0.163989 0.060946 -0.186180
v 0.169537 0.061498 -0.189021
v 0.175687 0.062109 -0.190000
v 0.176083 0.058412 0.190000
v 0.169945 0.057690 0.189021
v 0.164407 0.057039 0.186180
v 0.160013 0.056522 0.181756
v 0.157191 0.056190 0.176180
v 0.156219 0.056076 0.170000
v 0.156219 0.056076 -0.170000
v 0.157191 0.056190 -0.176180
v 0.160013 0.056522 -0.181756
v 0.164407 0.057039 -0.186180
v 0.169945 0.057690 -0.189021
v 0.176083 0.058412 -0.190000
v 0.176521 0.054999 0.190000
v 0.170403 0.054119 0.189021
v 0.164884 0.053324 0.186180
v 0.160504 0.052694 0.181756
v 0.157691 0.052289 0.176180
v 0.156722 0.052150 0.170000
v 0.156722 0.052150 -0.170000
v 0.157691 0.052289 -0.176180
v 0.160504 0.052694 -0.181756
v 0.164884 0.053324 -0.186180
v 0.170403 0.054119 -0.189021
v 0.176521 0.054999 -0.190000
v 0.177000 0.052000 0.190000
v 0.170869 0.051202 0.189021
v 0.165338 0.050482 0.186180
v 0.160948 0.049910 0.181756
v 0.158130 0.049543 0.176180
v 0.157159 0.049417 0.170000
v 0.157159 0.049417 -0.170000
v 0.158130 0.049543 -0.176180
v 0.160948 0.049910 -0.181756
v 0.165338 0.050482 -0.186180
v 0.170869 0.051202 -0.189021
v 0.177000 0.052000 -0.190000
v 0.182969 -0.007196 0.190000
v 0.176823 -0.007849 0.189021
v 0.171279 -0.008438 0.186180
v 0.166879 -0.008906 0.181756
v 0.164054 -0.009206 0.176180
v 0.163081 -0.009310 0.170000
v 0.163081 -0.009310 -0.170000
v 0.164054 -0.009206 -0.176180
v 0.166879 -0.008906 -0.181756
v 0.171279 -0.008438 -0.186180
v 0.176823 -0.007849 -0.189021
v 0.182969 -0.007196 -0.190000
v 0.188921 -0.060486 0.190000
v 0.182784 -0.061215 0.189021
v 0.177247 -0.061872 0.186180
v 0.172853 -0.062394 0.181756
v 0.170032 -0.062729 0.176180
v 0.169060 -0.062845 0.170000
v 0.169060 -0.062845 -0.170000
v 0.170032 -0.062729 -0.176180
v 0.172853 -0.062394 -0.181756
v 0.177247 -0.061872 -0.186180
v 0.182784 -0.061215 -0.189021
v 0.188921 -0.060486 -0.190000
v 0.194922 -0.108172 0.190000
v 0.188797 -0.108999 0.189021
v 0.183271 -0.109745 0.186180
v 0.178886 -0.110337 0.181756
v 0.176071 -0.110718 0.176180
v 0.175101 -0.110849 0.170000
v 0.175101 -0.110849 -0.170000
v 0.176071 -0.110718 -0.176180
v 0.178886 -0.110337 -0.181756
v 0.183271 -0.109745 -0.186180
v 0.188797 -0.108999 -0.189021
v 0.194922 -0.108172 -0.190000
v 0.201037 -0.150556 0.190000
v 0.194930 -0.151510 0.189021
v 0.189422 -0.152371 0.186180
v 0.185050 -0.153055 0.181756
v 0.182243 -0.153494 0.176180
v 0.181276 -0.153645 0.170000
v 0.181276 -0.153645 -0.170000
v 0.182243 -0.153494 -0.176180
v 0.185050 -0.153055 -0.181756
v 0.189422 -0.152371 -0.186180
v 0.194930 -0.151510 -0.189021
v 0.201037 -0.150556 -0.190000
v 0.207333 -0.187939 0.190000
v 0.201254 -0.189059 0.189021
v 0.195770 -0.190069 0.186180
v 0.191418 -0.190871 0.181756
v 0.188624 -0.191386 0.176180
v 0.187661 -0.191563 0.170000
v 0.187661 -0.191563 -0.170000
v 0.188624 -0.191386 -0.176180
v 0.191418 -0.190871 -0.181756
v 0.195770 -0.190069 -0.186180
v 0.201254 -0.189059 -0.189021
v 0.207333 -0.187939 -0.190000
v 0.213875 -0.220625 0.190000
v 0.207839 -0.221960 0.189021
v 0.202394 -0.223164 0.186180
v 0.198073 -0.224119 0.181756
v 0.195299 -0.224733 0.176180
v 0.194343 -0.224944 0.170000
v 0.194343 -0.224944 -0.170000
v 0.195299 -0.224733 -0.176180
v 0.198073 -0.224119 -0.181756
v 0.202394 -0.223164 -0.186180
v 0.207839 -0.221960 -0.189021
v 0.213875 -0.220625 -0.190000
v 0.220730 -0.248915 0.190000
v 0.214762 -0.250529 0.189021
v 0.209378 -0.251985 0.186180
v 0.205105 -0.253140 0.181756
v 0.202362 -0.253882 0.176180
v 0.201416 -0.254138 0.170000
v 0.201416 -0.254138 -0.170000
v 0.202362 -0.253882 -0.176180
v 0.205105 -0.253140 -0.181756
v 0.209378 -0.251985 -0.186180
v 0.214762 -0.250529 -0.189021
v 0.220730 -0.248915 -0.190000
v 0.227963 -0.273111 0.190000
v 0.222103 -0.275087 0.189021
v 0.216817 -0.276869 0.186180
v 0.212621 -0.278284 0.181756
v 0.209928 -0.279192 0.176180
v 0.209000 -0.279505 0.170000
v 0.209000 -0.279505 -0.170000
v 0.209928 -0.279192 -0.176180
v 0.212621 -0.278284 -0.181756
v 0.216817 -0.276869 -0.186180
v 0.222103 -0.275087 -0.189021
v 0.227963 -0.273111 -0.190000
v 0.235641 -0.293516 0.190000
v 0.229955 -0.295955 0.189021
v 0.224826 -0.298156 0.186180
v 0.220756 -0.299903 0.181756
v 0.218143 -0.301024 0.176180
v 0.217242 -0.301411 0.170000
v 0.217242 -0.301411 -0.170000
v 0.218143 -0.301024 -0.176180
v 0.220756 -0.299903 -0.181756
v 0.224826 -0.298156 -0.186180
v 0.229955 -0.295955 -0.189021
v 0.235641 -0.293516 -0.190000
v 0.243829 -0.310431 0.190000
v 0.238424 -0.313450 0.189021
v 0.233549 -0.316174 0.186180
v 0.229679 -0.318336 0.181756
v 0.227195 -0.319724 0.176180
v 0.226339 -0.320203 0.170000
v 0.226339 -0.320203 -0.170000
v 0.227195 -0.319724 -0.176180
v 0.229679 -0.318336 -0.181756
v 0.233549 -0.316174 -0.186180
v 0.238424 -0.313450 -0.189021
v 0.243829 -0.310431 -0.190000
v 0.252593 -0.324158 0.190000
v 0.247628 -0.327866 0.189021
v 0.243149 -0.331211 0.186180
v 0.239594 -0.333865 0.181756
v 0.237312 -0.335570 0.176180
v 0.236525 -0.336157 0.170000
v 0.236525 -0.336157 -0.170000
v 0.237312 -0.335570 -0.176180
v 0.239594 -0.333865 -0.181756
v 0.243149 -0.331211 -0.186180
v 0.247628 -0.327866 -0.189021
v 0.252593 -0.324158 -0.190000
v 0.262000 -0.335000 0.190000
v 0.257536 -0.339286 0.189021
v 0.253509 -0.343152 0.186180
v 0.250313 -0.346220 0.181756
v 0.248261 -0.348190 0.176180
v 0.247554 -0.348869 0.170000
v 0.247554 -0.348869 -0.170000
v 0.248261 -0.348190 -0.176180
v 0.250313 -0.346220 -0.181756
v 0.253509 -0.343152 -0.186180
v 0.257536 -0.339286 -0.189021
v 0.262000 -0.335000 -0.190000
v 0.267759 -0.340423 0.190000
v 0.263669 -0.345061 0.189021
v 0.259980 -0.349245 0.186180
v 0.257052 -0.352566 0.181756
v 0.255172 -0.354698 0.176180
v 0.254524 -0.355432 0.170000
v 0.254524 -0.355432 -0.170000
v 0.255172 -0.354698 -0.176180
v 0.257052 -0.352566 -0.181756
v 0.259980 -0.349245 -0.186180
v 0.263669 -0.345061 -0.189021
v 0.267759 -0.340423 -0.190000
v 0.273569 -0.345218 0.190000
v 0.269808 -0.350126 0.189021
v 0.266414 -0.354554 0.186180
v 0.263721 -0.358069 0.181756
v 0.261992 -0.360325 0.176180
v 0.261396 -0.361102 0.170000
v 0.261396 -0.361102 -0.170000
v 0.261992 -0.360325 -0.176180
v 0.263721 -0.358069 -0.181756
v 0.266414 -0.354554 -0.186180
v 0.269808 -0.350126 -0.189021
v 0.273569 -0.345218 -0.190000
v 0.279484 -0.349422 0.190000
v 0.276096 -0.354596 0.189021
v 0.273040 -0.359264 0.186180
v 0.270614 -0.362968 0.181756
v 0.269057 -0.365347 0.176180
v 0.268520 -0.366166 0.170000
v 0.268520 -0.366166 -0.170000
v 0.269057 -0.365347 -0.176180
v 0.270614 -0.362968 -0.181756
v 0.273040 -0.359264 -0.186180
v 0.276096 -0.354596 -0.189021
v 0.279484 -0.349422 -0.190000
v 0.285555 -0.353074 0.190000
v 0.282577 -0.358494 0.189021
v 0.279889 -0.363384 0.186180
v 0.277757 -0.367265 0.181756
v 0.276387 -0.369756 0.176180
v 0.275916 -0.370615 0.170000
v 0.275916 -0.370615 -0.170000
v 0.276387 -0.369756 -0.176180
v 0.277757 -0.367265 -0.181756
v 0.279889 -0.363384 -0.186180
v 0.282577 -0.358494 -0.189021
v 0.285555 -0.353074 -0.190000
v 0.291835 -0.356212 0.190000
v 0.289285 -0.361847 0.189021
v 0.286984 -0.366930 0.186180
v 0.285158 -0.370964 0.181756
v 0.283986 -0.373554 0.176180
v 0.283582 -0.374446 0.170000
v 0.283582 -0.374446 -0.170000
v 0.283986 -0.373554 -0.176180
v 0.285158 -0.370964 -0.181756
v 0.286984 -0.366930 -0.186180
v 0.289285 -0.361847 -0.189021
v 0.291835 -0.356212 -0.190000
v 0.298375 -0.358875 0.190000
v 0.296253 -0.364684 0.189021
v 0.294338 -0.369924 0.186180
v 0.292818 -0.374083 0.181756
v 0.291843 -0.376753 0.176180
v 0.291507 -0.377673 0.170000
v 0.291507 -0.377673 -0.170000
v 0.291843 -0.376753 -0.176180
v 0.292818 -0.374083 -0.181756
v 0.294338 -0.369924 -0.186180
v 0.296253 -0.364684 -0.189021
v 0.298375 -0.358875 -0.190000
v 0.305227 -0.361100 0.190000
v 0.303513 -0.367042 0.189021
v 0.301967 -0.372401 0.186180
v 0.300740 -0.376655 0.181756
v 0.299952 -0.379386 0.176180
v 0.299680 -0.380327 0.170000
v 0.299680 -0.380327 -0.170000
v 0.299952 -0.379386 -0.176180
v 0.300740 -0.376655 -0.181756
v 0.301967 -0.372401 -0.186180
v 0.303513 -0.367042 -0.189021
v 0.305227 -0.361100 -0.190000
v 0.312444 -0.362926 0.190000
v 0.311103 -0.368962 0.189021
v 0.309893 -0.374407 0.186180
v 0.308933 -0.378728 0.181756
v 0.308316 -0.381502 0.176180
v 0.308104 -0.382458 0.170000
v 0.308104 -0.382458 -0.170000
v 0.308316 -0.381502 -0.176180
v 0.308933 -0.378728 -0.181756
v 0.309893 -0.374407 -0.186180
v 0.311103 -0.368962 -0.189021
v 0.312444 -0.362926 -0.190000
v 0.320078 -0.364391 0.190000
v 0.319064 -0.370489 0.189021
v 0.318149 -0.375991 0.186180
v 0.317423 -0.380357 0.181756
v 0.316957 -0.383160 0.176180
v 0.316796 -0.384126 0.170000
v 0.316796 -0.384126 -0.170000
v 0.316957 -0.383160 -0.176180
v 0.317423 -0.380357 -0.181756
v 0.318149 -0.375991 -0.186180
v 0.319064 -0.370489 -0.189021
v 0.320078 -0.364391 -0.190000
v 0.328180 -0.365532 0.190000
v 0.327443 -0.371670 0.189021
v 0.326778 -0.377207 0.186180
v 0.326251 -0.381601 0.181756
v 0.325912 -0.384422 0.176180
v 0.325795 -0.385394 0.170000
v 0.325795 -0.385394 -0.170000
v 0.325912 -0.384422 -0.176180
v 0.326251 -0.381601 -0.181756
v 0.326778 -0.377207 -0.186180
v 0.327443 -0.371670 -0.189021
v 0.328180 -0.365532 -0.190000
v 0.336804 -0.366389 0.190000
v 0.336293 -0.372550 0.189021
v 0.335833 -0.378107 0.186180
v 0.335467 -0.382517 0.181756
v 0.335233 -0.385348 0.176180
v 0.335152 -0.386324 0.170000
v 0.335152 -0.386324 -0.170000
v 0.335233 -0.385348 -0.176180
v 0.335467 -0.382517 -0.181756
v 0.335833 -0.378107 -0.186180
v 0.336293 -0.372550 -0.189021
v 0.336804 -0.366389 -0.190000
v 0.346000 -0.367000 0.190000
v 0.345643 -0.373170 0.189021
v 0.345322 -0.378737 0.186180
v 0.345067 -0.383154 0.181756
v 0.344903 -0.385990 0.176180
v 0.344846 -0.386967 0.170000
v 0.344846 -0.386967 -0.170000
v 0.344903 -0.385990 -0.176180
v 0.345067 -0.383154 -0.181756
v 0.345322 -0.378737 -0.186180
v 0.345643 -0.373170 -0.189021
v 0.346000 -0.367000 -0.190000
v 0.354898 -0.367437 0.190000
v 0.354651 -0.373613 0.189021
v 0.354428 -0.379184 0.186180
v 0.354251 -0.383606 0.181756
v 0.354138 -0.386444 0.176180
v 0.354098 -0.387422 0.170000
v 0.354098 -0.387422 -0.170000
v 0.354138 -0.386444 -0.176180
v 0.354251 -0.383606 -0.181756
v 0.354428 -0.379184 -0.186180
v 0.354651 -0.373613 -0.189021
v 0.354898 -0.367437 -0.190000
v 0.365018 -0.367750 0.190000
v 0.364872 -0.373929 0.189021
v 0.364739 -0.379503 0.186180
v 0.364634 -0.383926 0.181756
v 0.364566 -0.386766 0.176180
v 0.364543 -0.387745 0.170000
v 0.364543 -0.387745 -0.170000
v 0.364566 -0.386766 -0.176180
v 0.364634 -0.383926 -0.181756
v 0.364739 -0.379503 -0.186180
v 0.364872 -0.373929 -0.189021
v 0.365018 -0.367750 -0.190000
v 0.376250 -0.367938 0.190000
v 0.376183 -0.374118 0.189021
v 0.376122 -0.379693 0.186180
v 0.376074 -0.384117 0.181756
v 0.376043 -0.386958 0.176180
v 0.376032 -0.387937 0.170000
v 0.376032 -0.387937 -0.170000
v 0.376043 -0.386958 -0.176180
v 0.376074 -0.384117 -0.181756
v 0.376122 -0.379693 -0.186180
v 0.376183 -0.374118 -0.189021
v 0.376250 -0.367938 -0.190000
v 0.388481 -0.368000 0.190000
v 0.388480 -0.374180 0.189021
v 0.388479 -0.379756 0.186180
v 0.388479 -0.384181 0.181756
v 0.388478 -0.387021 0.176180
v 0.388478 -0.388000 0.170000
v 0.388478 -0.388000 -0.170000
v 0.388478 -0.387021 -0.176180
v 0.388479 -0.384181 -0.181756
v 0.388479 -0.379756 -0.186180
v 0.388480 -0.374180 -0.189021
v 0.388481 -0.368000 -0.190000
v 0.401602 -0.367938 0.190000
v 0.401658 -0.374118 0.189021
v 0.401709 -0.379693 0.186180
v 0.401749 -0.384117 0.181756
v 0.401775 -0.386958 0.176180
v 0.401784 -0.387937 0.170000
v 0.401784 -0.387937 -0.170000
v 0.401775 -0.386958 -0.176180
v 0.401749 -0.384117 -0.181756
v 0.401709 -0.379693 -0.186180
v 0.401658 -0.374118 -0.189021
v 0.401602 -0.367938 -0.190000
v 0.415500 -0.367750 0.190000
v 0.415608 -0.373929 0.189021
v 0.415705 -0.379504 0.186180
v 0.415783 -0.383928 0.181756
v 0.415832 -0.386768 0.176180
v 0.415849 -0.387747 0.170000
v 0.415849 -0.387747 -0.170000
v 0.415832 -0.386768 -0.176180
v 0.415783 -0.383928 -0.181756
v 0.415705 -0.379504 -0.186180
v 0.415608 -0.373929 -0.189021
v 0.415500 -0.367750 -0.190000
v 0.430065 -0.367438 0.190000
v 0.430220 -0.373616 0.189021
v 0.430361 -0.379190 0.186180
v 0.430472 -0.383613 0.181756
v 0.430544 -0.386453 0.176180
v 0.430569 -0.387431 0.170000
v 0.430569 -0.387431 -0.170000
v 0.430544 -0.386453 -0.176180
v 0.430472 -0.383613 -0.181756
v 0.430361 -0.379190 -0.186180
v 0.430220 -0.373616 -0.189021
v 0.430065 -0.367438 -0.190000
v 0.445185 -0.367000 0.190000
v 0.445386 -0.373177 0.189021
v 0.445567 -0.378750 0.186180
v 0.445711 -0.383172 0.181756
v 0.445804 -0.386011 0.176180
v 0.445836 -0.386990 0.170000
v 0.445836 -0.386990 -0.170000
v 0.445804 -0.386011 -0.176180
v 0.445711 -0.383172 -0.181756
v 0.445567 -0.378750 -0.186180
v 0.445386 -0.373177 -0.189021
v 0.445185 -0.367000 -0.190000
v 0.460750 -0.366438 0.190000
v 0.460995 -0.372613 0.189021
v 0.461216 -0.378184 0.186180
v 0.461392 -0.382605 0.181756
v 0.461504 -0.385444 0.176180
v 0.461543 -0.386422 0.170000
v 0.461543 -0.386422 -0.170000
v 0.461504 -0.385444 -0.176180
v 0.461392 -0.382605 -0.181756
v 0.461216 -0.378184 -0.186180
v 0.460995 -0.372613 -0.189021
v 0.460750 -0.366438 -0.190000
v 0.476648 -0.365750 0.190000
v 0.476937 -0.371924 0.189021
v 0.477198 -0.377493 0.186180
v 0.477405 -0.381913 0.181756
v 0.477538 -0.384750 0.176180
v 0.477584 -0.385728 0.170000
v 0.477584 -0.385728 -0.170000
v 0.477538 -0.384750 -0.176180
v 0.477405 -0.381913 -0.181756
v 0.477198 -0.377493 -0.186180
v 0.476937 -0.371924 -0.189021
v 0.476648 -0.365750 -0.190000
v 0.492768 -0.364938 0.190000
v 0.493102 -0.371109 0.189021
v 0.493403 -0.376676 0.186180
v 0.493642 -0.381094 0.181756
v 0.493796 -0.383931 0.176180
v 0.493848 -0.384908 0.170000
v 0.493848 -0.384908 -0.170000
v 0.493796 -0.383931 -0.176180
v 0.493642 -0.381094 -0.181756
v 0.493403 -0.376676 -0.186180
v 0.493102 -0.371109 -0.189021
v 0.492768 -0.364938 -0.190000
v 0.509000 -0.364000 0.190000
v 0.514526 -0.369871 0.189021
v 0.519511 -0.375168 0.186180
v 0.523468 -0.379372 0.181756
v 0.526008 -0.382071 0.176180
v 0.526883 -0.383000 0.170000
v 0.526883 -0.383000 -0.170000
v 0.526008 -0.382071 -0.176180
v 0.523468 -0.379372 -0.181756
v 0.519511 -0.375168 -0.186180
v 0.514526 -0.369871 -0.189021
v 0.509000 -0.364000 -0.190000
v 0.509645 -0.358574 0.190000
v 0.515766 -0.359433 0.189021
v 0.521289 -0.360208 0.186180
v 0.525672 -0.360823 0.181756
v 0.528485 -0.361218 0.176180
v 0.529455 -0.361354 0.170000
v 0.529455 -0.361354 -0.170000
v 0.528485 -0.361218 -0.176180
v 0.525672 -0.360823 -0.181756
v 0.521289 -0.360208 -0.186180
v 0.515766 -0.359433 -0.189021
v 0.509645 -0.358574 -0.190000
v 0.510574 -0.352838 0.190000
v 0.516656 -0.353944 0.189021
v 0.522142 -0.354942 0.186180
v 0.526496 -0.355734 0.181756
v 0.529292 -0.356243 0.176180
v 0.530255 -0.356418 0.170000
v 0.530255 -0.356418 -0.170000
v 0.529292 -0.356243 -0.176180
v 0.526496 -0.355734 -0.181756
v 0.522142 -0.354942 -0.186180
v 0.516656 -0.353944 -0.189021
v 0.510574 -0.352838 -0.190000
v 0.511781 -0.346859 0.190000
v 0.517817 -0.348193 0.189021
v 0.523262 -0.349396 0.186180
v 0.527583 -0.350351 0.181756
v 0.530358 -0.350964 0.176180
v 0.531314 -0.351175 0.170000
v 0.531314 -0.351175 -0.170000
v 0.530358 -0.350964 -0.176180
v 0.527583 -0.350351 -0.181756
v 0.523262 -0.349396 -0.186180
v 0.517817 -0.348193 -0.189021
v 0.511781 -0.346859 -0.190000
v 0.513259 -0.340704 0.190000
v 0.519243 -0.342253 0.189021
v 0.524642 -0.343651 0.186180
v 0.528926 -0.344760 0.181756
v 0.531676 -0.345473 0.176180
v 0.532624 -0.345718 0.170000
v 0.532624 -0.345718 -0.170000
v 0.531676 -0.345473 -0.176180
v 0.528926 -0.344760 -0.181756
v 0.524642 -0.343651 -0.186180
v 0.519243 -0.342253 -0.189021
v 0.513259 -0.340704 -0.190000
v 0.515001 -0.334437 0.190000
v 0.520926 -0.336198 0.189021
v 0.526272 -0.337787 0.186180
v 0.530513 -0.339047 0.181756
v 0.533237 -0.339857 0.176180
v 0.534175 -0.340136 0.170000
v 0.534175 -0.340136 -0.170000
v 0.533237 -0.339857 -0.176180
v 0.530513 -0.339047 -0.181756
v 0.526272 -0.337787 -0.186180
v 0.520926 -0.336198 -0.189021
v 0.515001 -0.334437 -0.190000
v 0.517000 -0.328125 0.190000
v 0.522858 -0.330099 0.189021
v 0.528142 -0.331879 0.186180
v 0.532336 -0.333292 0.181756
v 0.535029 -0.334200 0.176180
v 0.535956 -0.334512 0.170000
v 0.535956 -0.334512 -0.170000
v 0.535029 -0.334200 -0.176180
v 0.532336 -0.333292 -0.181756
v 0.528142 -0.331879 -0.186180
v 0.522858 -0.330099 -0.189021
v 0.517000 -0.328125 -0.190000
v 0.519249 -0.321834 0.190000
v 0.525028 -0.324027 0.189021
v 0.530242 -0.326005 0.186180
v 0.534380 -0.327574 0.181756
v 0.537036 -0.328582 0.176180
v 0.537952 -0.328930 0.170000
v 0.537952 -0.328930 -0.170000
v 0.537036 -0.328582 -0.176180
v 0.534380 -0.327574 -0.181756
v 0.530242 -0.326005 -0.186180
v 0.525028 -0.324027 -0.189021
v 0.519249 -0.321834 -0.190000
v 0.521741 -0.315630 0.190000
v 0.527428 -0.318052 0.189021
v 0.532558 -0.320238 0.186180
v 0.536630 -0.321972 0.181756
v 0.539244 -0.323086 0.176180
v 0.540145 -0.323470 0.170000
v 0.540145 -0.323470 -0.170000
v 0.539244 -0.323086 -0.176180
v 0.536630 -0.321972 -0.181756
v 0.532558 -0.320238 -0.186180
v 0.527428 -0.318052 -0.189021
v 0.521741 -0.315630 -0.190000
v 0.524469 -0.309578 0.190000
v 0.530045 -0.312247 0.189021
v 0.535075 -0.314654 0.186180
v 0.539068 -0.316565 0.181756
v 0.541631 -0.317792 0.176180
v 0.542514 -0.318214 0.170000
v 0.542514 -0.318214 -0.170000
v 0.541631 -0.317792 -0.176180
v 0.539068 -0.316565 -0.181756
v 0.535075 -0.314654 -0.186180
v 0.530045 -0.312247 -0.189021
v 0.524469 -0.309578 -0.190000
v 0.527426 -0.303745 0.190000
v 0.532867 -0.306681 0.189021
v 0.537775 -0.309330 0.186180
v 0.541670 -0.311431 0.181756
v 0.544171 -0.312781 0.176180
v 0.545033 -0.313246 0.170000
v 0.545033 -0.313246 -0.170000
v 0.544171 -0.312781 -0.176180
v 0.541670 -0.311431 -0.181756
v 0.537775 -0.309330 -0.186180
v 0.532867 -0.306681 -0.189021
v 0.527426 -0.303745 -0.190000
v 0.530605 -0.298197 0.190000
v 0.535878 -0.301426 0.189021
v 0.540635 -0.304339 0.186180
v 0.544410 -0.306651 0.181756
v 0.546833 -0.308135 0.176180
v 0.547668 -0.308647 0.170000
v 0.547668 -0.308647 -0.170000
v 0.546833 -0.308135 -0.176180
v 0.544410 -0.306651 -0.181756
v 0.540635 -0.304339 -0.186180
v 0.535878 -0.301426 -0.189021
v 0.530605 -0.298197 -0.190000
v 0.534000 -0.293000 0.190000
v 0.546064 -0.285831 0.189021
v 0.556947 -0.279364 0.186180
v 0.565584 -0.274232 0.181756
v 0.571130 -0.270937 0.176180
v 0.573040 -0.269801 0.170000
v 0.573040 -0.269801 -0.170000
v 0.571130 -0.270937 -0.176180
v 0.565584 -0.274232 -0.181756
v 0.556947 -0.279364 -0.186180
v 0.546064 -0.285831 -0.189021
v 0.534000 -0.293000 -0.190000
v 0.516584 -0.294398 0.190000
v 0.516121 -0.288235 0.189021
v 0.515703 -0.282675 0.186180
v 0.515371 -0.278263 0.181756
v 0.515158 -0.275430 0.176180
v 0.515084 -0.274454 0.170000
v 0.515084 -0.274454 -0.170000
v 0.515158 -0.275430 -0.176180
v 0.515371 -0.278263 -0.181756
v 0.515703 -0.282675 -0.186180
v 0.516121 -0.288235 -0.189021
v 0.516584 -0.294398 -0.190000
v 0.499426 -0.295602 0.190000
v 0.499021 -0.289435 0.189021
v 0.498657 -0.283871 0.186180
v 0.498367 -0.279456 0.181756
v 0.498181 -0.276621 0.176180
v 0.498117 -0.275645 0.170000
v 0.498117 -0.275645 -0.170000
v 0.498181 -0.276621 -0.176180
v 0.498367 -0.279456 -0.181756
v 0.498657 -0.283871 -0.186180
v 0.499021 -0.289435 -0.189021
v 0.499426 -0.295602 -0.190000
v 0.482656 -0.296625 0.190000
v 0.482305 -0.290455 0.189021
v 0.481989 -0.284888 0.186180
v 0.481738 -0.280471 0.181756
v 0.481576 -0.277634 0.176180
v 0.481521 -0.276657 0.170000
v 0.481521 -0.276657 -0.170000
v 0.481576 -0.277634 -0.176180
v 0.481738 -0.280471 -0.181756
v 0.481989 -0.284888 -0.186180
v 0.482305 -0.290455 -0.189021
v 0.482656 -0.296625 -0.190000
v 0.466407 -0.297482 0.190000
v 0.466105 -0.291308 0.189021
v 0.465833 -0.285740 0.186180
v 0.465617 -0.281320 0.181756
v 0.465478 -0.278483 0.176180
v 0.465430 -0.277505 0.170000
v 0.465430 -0.277505 -0.170000
v 0.465478 -0.278483 -0.176180
v 0.465617 -0.281320 -0.181756
v 0.465833 -0.285740 -0.186180
v 0.466105 -0.291308 -0.189021
v 0.466407 -0.297482 -0.190000
v 0.450811 -0.298185 0.190000
v 0.450554 -0.292010 0.189021
v 0.450322 -0.286440 0.186180
v 0.450138 -0.282019 0.181756
v 0.450020 -0.279180 0.176180
v 0.449980 -0.278202 0.170000
v 0.449980 -0.278202 -0.170000
v 0.450020 -0.279180 -0.176180
v 0.450138 -0.282019 -0.181756
v 0.450322 -0.286440 -0.186180
v 0.450554 -0.292010 -0.189021
v 0.450811 -0.298185 -0.190000
v 0.436000 -0.298750 0.190000
v 0.435784 -0.292573 0.189021
v 0.435590 -0.287001 0.186180
v 0.435436 -0.282579 0.181756
v 0.435337 -0.279740 0.176180
v 0.435303 -0.278762 0.170000
v 0.435303 -0.278762 -0.170000
v 0.435337 -0.279740 -0.176180
v 0.435436 -0.282579 -0.181756
v 0.435590 -0.287001 -0.186180
v 0.435784 -0.292573 -0.189021
v 0.436000 -0.298750 -0.190000
v 0.422105 -0.299190 0.190000
v 0.421928 -0.293012 0.189021
v 0.421769 -0.287439 0.186180
v 0.421642 -0.283016 0.181756
v 0.421561 -0.280176 0.176180
v 0.421533 -0.279198 0.170000
v 0.421533 -0.279198 -0.170000
v 0.421561 -0.280176 -0.176180
v 0.421642 -0.283016 -0.181756
v 0.421769 -0.287439 -0.186180
v 0.421928 -0.293012 -0.189021
v 0.422105 -0.299190 -0.190000
v 0.409259 -0.299519 0.190000
v 0.409119 -0.293340 0.189021
v 0.408992 -0.287766 0.186180
v 0.408892 -0.283342 0.181756
v 0.408827 -0.280502 0.176180
v 0.408805 -0.279524 0.170000
v 0.408805 -0.279524 -0.170000
v 0.408827 -0.280502 -0.176180
v 0.408892 -0.283342 -0.181756
v 0.408992 -0.287766 -0.186180
v 0.409119 -0.293340 -0.189021
v 0.409259 -0.299519 -0.190000
v 0.397594 -0.299750 0.190000
v 0.397488 -0.293571 0.189021
v 0.397393 -0.287996 0.186180
v 0.397317 -0.283572 0.181756
v 0.397269 -0.280732 0.176180
v 0.397252 -0.279753 0.170000
v 0.397252 -0.279753 -0.170000
v 0.397269 -0.280732 -0.176180
v 0.397317 -0.283572 -0.181756
v 0.397393 -0.287996 -0.186180
v 0.397488 -0.293571 -0.189021
v 0.397594 -0.299750 -0.190000
v 0.387241 -0.299898 0.190000
v 0.387169 -0.293718 0.189021
v 0.387105 -0.288143 0.186180
v 0.387054 -0.283719 0.181756
v 0.387021 -0.280878 0.176180
v 0.387009 -0.279899 0.170000
v 0.387009 -0.279899 -0.170000
v 0.387021 -0.280878 -0.176180
v 0.387054 -0.283719 -0.181756
v 0.387105 -0.288143 -0.186180
v 0.387169 -0.293718 -0.189021
v 0.387241 -0.299898 -0.190000
v 0.378332 -0.299977 0.190000
v 0.378295 -0.293797 0.189021
v 0.378262 -0.288221 0.186180
v 0.378235 -0.283797 0.181756
v 0.378218 -0.280956 0.176180
v 0.378212 -0.279977 0.170000
v 0.378212 -0.279977 -0.170000
v 0.378218 -0.280956 -0.176180
v 0.378235 -0.283797 -0.181756
v 0.378262 -0.288221 -0.186180
v 0.378295 -0.293797 -0.189021
v 0.378332 -0.299977 -0.190000
v 0.371000 -0.300000 0.190000
v 0.371004 -0.293820 0.189021
v 0.371009 -0.288244 0.186180
v 0.371012 -0.283820 0.181756
v 0.371014 -0.280979 0.176180
v 0.371015 -0.280000 0.170000
v 0.371015 -0.280000 -0.170000
v 0.371014 -0.280979 -0.176180
v 0.371012 -0.283820 -0.181756
v 0.371009 -0.288244 -0.186180
v 0.371004 -0.293820 -0.189021
v 0.371000 -0.300000 -0.190000
v 0.365473 -0.299975 0.190000
v 0.365545 -0.293794 0.189021
v 0.365610 -0.288219 0.186180
v 0.365661 -0.283795 0.181756
v 0.365694 -0.280954 0.176180
v 0.365705 -0.279975 0.170000
v 0.365705 -0.279975 -0.170000
v 0.365694 -0.280954 -0.176180
v 0.365661 -0.283795 -0.181756
v 0.365610 -0.288219 -0.186180
v 0.365545 -0.293794 -0.189021
v 0.365473 -0.299975 -0.190000
v 0.360370 -0.299880 0.190000
v 0.360554 -0.293702 0.189021
v 0.360719 -0.288128 0.186180
v 0.360850 -0.283705 0.181756
v 0.360935 -0.280866 0.176180
v 0.360964 -0.279887 0.170000
v 0.360964 -0.279887 -0.170000
v 0.360935 -0.280866 -0.176180
v 0.360850 -0.283705 -0.181756
v 0.360719 -0.288128 -0.186180
v 0.360554 -0.293702 -0.189021
v 0.360370 -0.299880 -0.190000
v 0.355656 -0.299687 0.190000
v 0.356006 -0.293516 0.189021
v 0.356322 -0.287949 0.186180
v 0.356573 -0.283531 0.181756
v 0.356734 -0.280694 0.176180
v 0.356789 -0.279717 0.170000
v 0.356789 -0.279717 -0.170000
v 0.356734 -0.280694 -0.176180
v 0.356573 -0.283531 -0.181756
v 0.356322 -0.287949 -0.186180
v 0.356006 -0.293516 -0.189021
v 0.355656 -0.299687 -0.190000
v 0.351296 -0.299370 0.190000
v 0.351878 -0.293216 0.189021
v 0.352402 -0.287664 0.186180
v 0.352818 -0.283258 0.181756
v 0.353086 -0.280429 0.176180
v 0.353178 -0.279454 0.170000
v 0.353178 -0.279454 -0.170000
v 0.353086 -0.280429 -0.176180
v 0.352818 -0.283258 -0.181756
v 0.352402 -0.287664 -0.186180
v 0.351878 -0.293216 -0.189021
v 0.351296 -0.299370 -0.190000
v 0.347256 -0.298900 0.190000
v 0.348141 -0.292781 0.189021
v 0.348939 -0.287261 0.186180
v 0.349573 -0.282881 0.181756
v 0.349979 -0.280068 0.176180
v 0.350120 -0.279099 0.170000
v 0.350120 -0.279099 -0.170000
v 0.349979 -0.280068 -0.176180
v 0.349573 -0.282881 -0.181756
v 0.348939 -0.287261 -0.186180
v 0.348141 -0.292781 -0.189021
v 0.347256 -0.298900 -0.190000
v 0.343500 -0.298250 0.190000
v 0.344764 -0.292197 0.189021
v 0.345904 -0.286736 0.186180
v 0.346809 -0.282402 0.181756
v 0.347390 -0.279619 0.176180
v 0.347591 -0.278661 0.170000
v 0.347591 -0.278661 -0.170000
v 0.347390 -0.279619 -0.176180
v 0.346809 -0.282402 -0.181756
v 0.345904 -0.286736 -0.186180
v 0.344764 -0.292197 -0.189021
v 0.343500 -0.298250 -0.190000
v 0.339994 -0.297391 0.190000
v 0.341708 -0.291448 0.189021
v 0.343254 -0.286086 0.186180
v 0.344481 -0.281832 0.181756
v 0.345268 -0.279100 0.176180
v 0.345540 -0.278158 0.170000
v 0.345540 -0.278158 -0.170000
v 0.345268 -0.279100 -0.176180
v 0.344481 -0.281832 -0.181756
v 0.343254 -0.286086 -0.186180
v 0.341708 -0.291448 -0.189021
v 0.339994 -0.297391 -0.190000
v 0.336704 -0.296296 0.190000
v 0.338921 -0.290521 0.189021
v 0.340921 -0.285310 0.186180
v 0.342509 -0.281175 0.181756
v 0.343528 -0.278521 0.176180
v 0.343879 -0.277606 0.170000
v 0.343879 -0.277606 -0.170000
v 0.343528 -0.278521 -0.176180
v 0.342509 -0.281175 -0.181756
v 0.340921 -0.285310 -0.186180
v 0.338921 -0.290521 -0.189021
v 0.336704 -0.296296 -0.190000
v 0.333594 -0.294937 0.190000
v 0.336341 -0.289393 0.189021
v 0.338819 -0.284392 0.186180
v 0.340785 -0.280422 0.181756
v 0.342048 -0.277874 0.176180
v 0.342483 -0.276996 0.170000
v 0.342483 -0.276996 -0.170000
v 0.342048 -0.277874 -0.176180
v 0.340785 -0.280422 -0.181756
v 0.338819 -0.284392 -0.186180
v 0.336341 -0.289393 -0.189021
v 0.333594 -0.294937 -0.190000
v 0.330630 -0.293287 0.190000
v 0.333896 -0.288032 0.189021
v 0.336843 -0.283292 0.186180
v 0.339182 -0.279529 0.181756
v 0.340683 -0.277114 0.176180
v 0.341201 -0.276282 0.170000
v 0.341201 -0.276282 -0.170000
v 0.340683 -0.277114 -0.176180
v 0.339182 -0.279529 -0.181756
v 0.336843 -0.283292 -0.186180
v 0.333896 -0.288032 -0.189021
v 0.330630 -0.293287 -0.190000
v 0.327777 -0.291317 0.190000
v 0.331520 -0.286391 0.189021
v 0.334897 -0.281948 0.186180
v 0.337577 -0.278422 0.181756
v 0.339298 -0.276157 0.176180
v 0.339891 -0.275377 0.170000
v 0.339891 -0.275377 -0.170000
v 0.339298 -0.276157 -0.176180
v 0.337577 -0.278422 -0.181756
v 0.334897 -0.281948 -0.186180
v 0.331520 -0.286391 -0.189021
v 0.327777 -0.291317 -0.190000
v 0.325000 -0.289000 0.190000
v 0.329245 -0.284493 0.189021
v 0.333075 -0.280427 0.186180
v 0.336115 -0.277201 0.181756
v 0.338066 -0.275129 0.176180
v 0.338738 -0.274416 0.170000
v 0.338738 -0.274416 -0.170000
v 0.338066 -0.275129 -0.176180
v 0.336115 -0.277201 -0.181756
v 0.333075 -0.280427 -0.186180
v 0.329245 -0.284493 -0.189021
v 0.325000 -0.289000 -0.190000
v 0.317893 -0.281450 0.190000
v 0.322751 -0.277593 0.189021
v 0.327133 -0.274114 0.186180
v 0.330610 -0.271353 0.181756
v 0.332843 -0.269580 0.176180
v 0.333612 -0.268969 0.170000
v 0.333612 -0.268969 -0.170000
v 0.332843 -0.269580 -0.176180
v 0.330610 -0.271353 -0.181756
v 0.327133 -0.274114 -0.186180
v 0.322751 -0.277593 -0.189021
v 0.317893 -0.281450 -0.190000
v 0.311065 -0.271185 0.190000
v 0.316423 -0.268082 0.189021
v 0.321257 -0.265282 0.186180
v 0.325093 -0.263060 0.181756
v 0.327556 -0.261634 0.176180
v 0.328405 -0.261142 0.170000
v 0.328405 -0.261142 -0.170000
v 0.327556 -0.261634 -0.176180
v 0.325093 -0.263060 -0.181756
v 0.321257 -0.265282 -0.186180
v 0.316423 -0.268082 -0.189021
v 0.311065 -0.271185 -0.190000
v 0.304500 -0.258031 0.190000
v 0.310156 -0.255525 0.189021
v 0.315259 -0.253264 0.186180
v 0.319308 -0.251469 0.181756
v 0.321908 -0.250317 0.176180
v 0.322804 -0.249920 0.170000
v 0.322804 -0.249920 -0.170000
v 0.321908 -0.250317 -0.176180
v 0.319308 -0.251469 -0.181756
v 0.315259 -0.253264 -0.186180
v 0.310156 -0.255525 -0.189021
v 0.304500 -0.258031 -0.190000
v 0.298185 -0.241815 0.190000
v 0.304021 -0.239769 0.189021
v 0.309286 -0.237924 0.186180
v 0.313464 -0.236460 0.181756
v 0.316146 -0.235520 0.176180
v 0.317071 -0.235196 0.170000
v 0.317071 -0.235196 -0.170000
v 0.316146 -0.235520 -0.176180
v 0.313464 -0.236460 -0.181756
v 0.309286 -0.237924 -0.186180
v 0.304021 -0.239769 -0.189021
v 0.298185 -0.241815 -0.190000
v 0.292106 -0.222362 0.190000
v 0.298054 -0.220673 0.189021
v 0.303418 -0.219148 0.186180
v 0.307676 -0.217939 0.181756
v 0.310410 -0.217162 0.176180
v 0.311352 -0.216894 0.170000
v 0.311352 -0.216894 -0.170000
v 0.310410 -0.217162 -0.176180
v 0.307676 -0.217939 -0.181756
v 0.303418 -0.219148 -0.186180
v 0.298054 -0.220673 -0.189021
v 0.292106 -0.222362 -0.190000
v 0.286250 -0.199500 0.190000
v 0.292268 -0.198087 0.189021
v 0.297697 -0.196813 0.186180
v 0.302005 -0.195801 0.181756
v 0.304771 -0.195152 0.176180
v 0.305725 -0.194928 0.170000
v 0.305725 -0.194928 -0.170000
v 0.304771 -0.195152 -0.176180
v 0.302005 -0.195801 -0.181756
v 0.297697 -0.196813 -0.186180
v 0.292268 -0.198087 -0.189021
v 0.286250 -0.199500 -0.190000
v 0.280602 -0.173054 0.190000
v 0.286666 -0.171860 0.189021
v 0.292137 -0.170782 0.186180
v 0.296479 -0.169926 0.181756
v 0.299267 -0.169377 0.176180
v 0.300227 -0.169188 0.170000
v 0.300227 -0.169188 -0.170000
v 0.299267 -0.169377 -0.176180
v 0.296479 -0.169926 -0.181756
v 0.292137 -0.170782 -0.186180
v 0.286666 -0.171860 -0.189021
v 0.280602 -0.173054 -0.190000
v 0.275148 -0.142852 0.190000
v 0.281244 -0.141831 0.189021
v 0.286743 -0.140910 0.186180
v 0.291107 -0.140179 0.181756
v 0.293909 -0.139709 0.176180
v 0.294875 -0.139548 0.170000
v 0.294875 -0.139548 -0.170000
v 0.293909 -0.139709 -0.176180
v 0.291107 -0.140179 -0.181756
v 0.286743 -0.140910 -0.186180
v 0.281244 -0.141831 -0.189021
v 0.275148 -0.142852 -0.190000
v 0.269875 -0.108719 0.190000
v 0.275993 -0.107838 0.189021
v 0.281511 -0.107043 0.186180
v 0.285891 -0.106412 0.181756
v 0.288703 -0.106007 0.176180
v 0.289672 -0.105868 0.170000
v 0.289672 -0.105868 -0.170000
v 0.288703 -0.106007 -0.176180
v 0.285891 -0.106412 -0.181756
v 0.281511 -0.107043 -0.186180
v 0.275993 -0.107838 -0.189021
v 0.269875 -0.108719 -0.190000
v 0.264768 -0.070481 0.190000
v 0.270901 -0.069715 0.189021
v 0.276434 -0.069023 0.186180
v 0.280824 -0.068474 0.181756
v 0.283643 -0.068122 0.176180
v 0.284615 -0.068000 0.170000
v 0.284615 -0.068000 -0.170000
v 0.283643 -0.068122 -0.176180
v 0.280824 -0.068474 -0.181756
v 0.276434 -0.069023 -0.186180
v 0.270901 -0.069715 -0.189021
v 0.264768 -0.070481 -0.190000
v 0.259815 -0.027966 0.190000
v 0.265959 -0.027294 0.189021
v 0.271501 -0.026687 0.186180
v 0.275899 -0.026205 0.181756
v 0.278723 -0.025896 0.176180
v 0.279696 -0.025789 0.170000
v 0.279696 -0.025789 -0.170000
v 0.278723 -0.025896 -0.176180
v 0.275899 -0.026205 -0.181756
v 0.271501 -0.026687 -0.186180
v 0.265959 -0.027294 -0.189021
v 0.259815 -0.027966 -0.190000
v 0.255000 0.019000 0.190000
v 0.261846 0.012820 0.189021
v 0.268022 0.007244 0.186180
v 0.272924 0.002820 0.181756
v 0.276071 -0.000021 0.176180
v 0.277155 -0.001000 0.170000
v 0.277155 -0.001000 -0.170000
v 0.276071 -0.000021 -0.176180
v 0.272924 0.002820 -0.181756
v 0.268022 0.007244 -0.186180
v 0.261846 0.012820 -0.189021
v 0.255000 0.019000 -0.190000
v 0.785000 0.019000 0.190000
v 0.793096 0.012820 0.189021
v 0.800400 0.007244 0.186180
v 0.806197 0.002820 0.181756
v 0.809918 -0.000021 0.176180
v 0.811201 -0.001000 0.170000
v 0.811201 -0.001000 -0.170000
v 0.809918 -0.000021 -0.176180
v 0.806197 0.002820 -0.181756
v 0.800400 0.007244 -0.186180
v 0.793096 0.012820 -0.189021
v 0.785000 0.019000 -0.190000
v 0.778076 0.044331 0.190000
v 0.784047 0.045924 0.189021
v 0.789434 0.047362 0.186180
v 0.793710 0.048502 0.181756
v 0.796454 0.049235 0.176180
v 0.797400 0.049487 0.170000
v 0.797400 0.049487 -0.170000
v 0.796454 0.049235 -0.176180
v 0.793710 0.048502 -0.181756
v 0.789434 0.047362 -0.186180
v 0.784047 0.045924 -0.189021
v 0.778076 0.044331 -0.190000
v 0.770857 0.072065 0.190000
v 0.776845 0.073593 0.189021
v 0.782248 0.074971 0.186180
v 0.786535 0.076065 0.181756
v 0.789288 0.076767 0.176180
v 0.790236 0.077009 0.170000
v 0.790236 0.077009 -0.170000
v 0.789288 0.076767 -0.176180
v 0.786535 0.076065 -0.181756
v 0.782248 0.074971 -0.186180
v 0.776845 0.073593 -0.189021
v 0.770857 0.072065 -0.190000
v 0.763422 0.101813 0.190000
v 0.769424 0.103287 0.189021
v 0.774838 0.104616 0.186180
v 0.779135 0.105672 0.181756
v 0.781894 0.106349 0.176180
v 0.782845 0.106583 0.170000
v 0.782845 0.106583 -0.170000
v 0.781894 0.106349 -0.176180
v 0.779135 0.105672 -0.181756
v 0.774838 0.104616 -0.186180
v 0.769424 0.103287 -0.189021
v 0.763422 0.101813 -0.190000
v 0.755852 0.133185 0.190000
v 0.761865 0.134614 0.189021
v 0.767289 0.135902 0.186180
v 0.771594 0.136925 0.181756
v 0.774358 0.137582 0.176180
v 0.775310 0.137808 0.170000
v 0.775310 0.137808 -0.170000
v 0.774358 0.137582 -0.176180
v 0.771594 0.136925 -0.181756
v 0.767289 0.135902 -0.186180
v 0.761865 0.134614 -0.189021
v 0.755852 0.133185 -0.190000
v 0.748226 0.165794 0.190000
v 0.754249 0.167182 0.189021
v 0.759682 0.168435 0.186180
v 0.763993 0.169429 0.181756
v 0.766761 0.170067 0.176180
v 0.767715 0.170287 0.170000
v 0.767715 0.170287 -0.170000
v 0.766761 0.170067 -0.176180
v 0.763993 0.169429 -0.181756
v 0.759682 0.168435 -0.186180
v 0.754249 0.167182 -0.189021
v 0.748226 0.165794 -0.190000
v 0.740625 0.199250 0.190000
v 0.746656 0.200602 0.189021
v 0.752096 0.201821 0.186180
v 0.756414 0.202789 0.181756
v 0.759186 0.203410 0.176180
v 0.760141 0.203624 0.170000
v 0.760141 0.203624 -0.170000
v 0.759186 0.203410 -0.176180
v 0.756414 0.202789 -0.181756
v 0.752096 0.201821 -0.186180
v 0.746656 0.200602 -0.189021
v 0.740625 0.199250 -0.190000
v 0.733128 0.233164 0.190000
v 0.739166 0.234481 0.189021
v 0.744614 0.235670 0.186180
v 0.748937 0.236613 0.181756
v 0.751712 0.237218 0.176180
v 0.752669 0.237427 0.170000
v 0.752669 0.237427 -0.170000
v 0.751712 0.237218 -0.176180
v 0.748937 0.236613 -0.181756
v 0.744614 0.235670 -0.186180
v 0.739166 0.234481 -0.189021
v 0.733128 0.233164 -0.190000
v 0.725815 0.267148 0.190000
v 0.731861 0.268432 0.189021
v 0.737314 0.269589 0.186180
v 0.741643 0.270508 0.181756
v 0.744421 0.271098 0.176180
v 0.745379 0.271301 0.170000
v 0.745379 0.271301 -0.170000
v 0.744421 0.271098 -0.176180
v 0.741643 0.270508 -0.181756
v 0.737314 0.269589 -0.186180
v 0.731861 0.268432 -0.189021
v 0.725815 0.267148 -0.190000
v 0.718766 0.300813 0.190000
v 0.724818 0.302062 0.189021
v 0.730279 0.303189 0.186180
v 0.734612 0.304084 0.181756
v 0.737394 0.304658 0.176180
v 0.738353 0.304856 0.170000
v 0.738353 0.304856 -0.170000
v 0.737394 0.304658 -0.176180
v 0.734612 0.304084 -0.181756
v 0.730279 0.303189 -0.186180
v 0.724818 0.302062 -0.189021
v 0.718766 0.300813 -0.190000
v 0.712060 0.333769 0.190000
v 0.718120 0.334982 0.189021
v 0.723587 0.336078 0.186180
v 0.727925 0.336947 0.181756
v 0.730711 0.337505 0.176180
v 0.731671 0.337697 0.170000
v 0.731671 0.337697 -0.170000
v 0.730711 0.337505 -0.176180
v 0.727925 0.336947 -0.181756
v 0.723587 0.336078 -0.186180
v 0.718120 0.334982 -0.189021
v 0.712060 0.333769 -0.190000
v 0.705778 0.365627 0.190000
v 0.711846 0.366803 0.189021
v 0.717320 0.367863 0.186180
v 0.721663 0.368704 0.181756
v 0.724452 0.369245 0.176180
v 0.725413 0.369431 0.170000
v 0.725413 0.369431 -0.170000
v 0.724452 0.369245 -0.176180
v 0.721663 0.368704 -0.181756
v 0.717320 0.367863 -0.186180
v 0.711846 0.366803 -0.189021
v 0.705778 0.365627 -0.190000
v 0.700000 0.396000 0.190000
v 0.705007 0.402750 0.189021
v 0.709524 0.408838 0.186180
v 0.713109 0.413670 0.181756
v 0.715410 0.416773 0.176180
v 0.716203 0.417842 0.170000
v 0.716203 0.417842 -0.170000
v 0.715410 0.416773 -0.176180
v 0.713109 0.413670 -0.181756
v 0.709524 0.408838 -0.186180
v 0.705007 0.402750 -0.189021
v 0.700000 0.396000 -0.190000
v 0.625000 0.388000 0.190000
v 0.617588 0.393425 0.189021
v 0.610901 0.398318 0.186180
v 0.605594 0.402202 0.181756
v 0.602187 0.404696 0.176180
v 0.601013 0.405555 0.170000
v 0.601013 0.405555 -0.170000
v 0.602187 0.404696 -0.176180
v 0.605594 0.402202 -0.181756
v 0.610901 0.398318 -0.186180
v 0.617588 0.393425 -0.189021
v 0.625000 0.388000 -0.190000
v -0.699000 0.380000 0.190000
v -0.705180 0.386180 0.189021
v -0.710756 0.391756 0.186180
v -0.715180 0.396180 0.181756
v -0.718021 0.399021 0.176180
v -0.719000 0.400000 0.170000
v -0.719000 0.400000 -0.170000
v -0.718021 0.399021 -0.176180
v -0.715180 0.396180 -0.181756
v -0.710756 0.391756 -0.186180
v -0.705180 0.386180 -0.189021
v -0.699000 0.380000 -0.190000
v -0.908000 0.380000 0.190000
v -0.914180 0.386180 0.189021
v -0.919756 0.391756 0.186180
v -0.924180 0.396180 0.181756
v -0.927021 0.399021 0.176180
v -0.928000 0.400000 0.170000
v -0.928000 0.400000 -0.170000
v -0.927021 0.399021 -0.176180
v -0.924180 0.396180 -0.181756
v -0.919756 0.391756 -0.186180
v -0.914180 0.386180 -0.189021
v -0.908000 0.380000 -0.190000
v -0.908000 0.049000 0.190000
v -0.914180 0.055180 0.189021
v -0.919756 0.060756 0.186180
v -0.924180 0.065180 0.181756
v -0.927021 0.068021 0.176180
v -0.928000 0.069000 0.170000
v -0.928000 0.069000 -0.170000
v -0.927021 0.068021 -0.176180
v -0.924180 0.065180 -0.181756
v -0.919756 0.060756 -0.186180
v -0.914180 0.055180 -0.189021
v -0.908000 0.049000 -0.190000
v -0.966000 0.049000 0.190000
v -0.972180 0.055180 0.189021
v -0.977756 0.060756 0.186180
v -0.982180 0.065180 0.181756
v -0.985021 0.068021 0.176180
v -0.986000 0.069000 0.170000
v -0.986000 0.069000 -0.170000
v -0.985021 0.068021 -0.176180
v -0.982180 0.065180 -0.181756
v -0.977756 0.060756 -0.186180
v -0.972180 0.055180 -0.189021
v -0.966000 0.049000 -0.190000
v -0.966000 -0.020000 0.190000
v -0.972180 -0.026180 0.189021
v -0.977756 -0.031756 0.186180
v -0.982180 -0.036180 0.181756
v -0.985021 -0.039021 0.176180
v -0.986000 -0.040000 0.170000
v -0.986000 -0.040000 -0.170000
v -0.985021 -0.039021 -0.176180
v -0.982180 -0.036180 -0.181756
v -0.977756 -0.031756 -0.186180
v -0.972180 -0.026180 -0.189021
v -0.966000 -0.020000 -0.190000
v -0.721000 -0.020000 0.190000
v -0.729584 -0.026180 0.189021
v -0.737328 -0.031756 0.186180
v -0.743474 -0.036180 0.181756
v -0.747420 -0.039021 0.176180
v -0.748780 -0.040000 0.170000
v -0.748780 -0.040000 -0.170000
v -0.747420 -0.039021 -0.176180
v -0.743474 -0.036180 -0.181756
v -0.737328 -0.031756 -0.186180
v -0.729584 -0.026180 -0.189021
v -0.721000 -0.020000 -0.190000
v -0.732564 -0.054569 0.190000
v -0.738370 -0.052444 0.189021
v -0.743608 -0.050527 0.186180
v -0.747764 -0.049006 0.181756
v -0.750433 -0.048029 0.176180
v -0.751353 -0.047693 0.170000
v -0.751353 -0.047693 -0.170000
v -0.750433 -0.048029 -0.176180
v -0.747764 -0.049006 -0.181756
v -0.743608 -0.050527 -0.186180
v -0.738370 -0.052444 -0.189021
v -0.732564 -0.054569 -0.190000
v -0.745759 -0.087718 0.190000
v -0.751433 -0.085261 0.189021
v -0.756552 -0.083044 0.186180
v -0.760614 -0.081286 0.181756
v -0.763222 -0.080156 0.176180
v -0.764121 -0.079767 0.170000
v -0.764121 -0.079767 -0.170000
v -0.763222 -0.080156 -0.176180
v -0.760614 -0.081286 -0.181756
v -0.756552 -0.083044 -0.186180
v -0.751433 -0.085261 -0.189021
v -0.745759 -0.087718 -0.190000
v -0.760594 -0.119359 0.190000
v -0.766107 -0.116559 0.189021
v -0.771080 -0.114032 0.186180
v -0.775027 -0.112027 0.181756
v -0.777561 -0.110740 0.176180
v -0.778434 -0.110297 0.170000
v -0.778434 -0.110297 -0.170000
v -0.777561 -0.110740 -0.176180
v -0.775027 -0.112027 -0.181756
v -0.771080 -0.114032 -0.186180
v -0.766107 -0.116559 -0.189021
v -0.760594 -0.119359 -0.190000
v -0.777074 -0.149407 0.190000
v -0.782393 -0.146254 0.189021
v -0.787192 -0.143408 0.186180
v -0.791000 -0.141150 0.181756
v -0.793445 -0.139701 0.176180
v -0.794287 -0.139201 0.170000
v -0.794287 -0.139201 -0.170000
v -0.793445 -0.139701 -0.176180
v -0.791000 -0.141150 -0.181756
v -0.787192 -0.143408 -0.186180
v -0.782393 -0.146254 -0.189021
v -0.777074 -0.149407 -0.190000
v -0.795207 -0.177775 0.190000
v -0.800296 -0.174261 0.189021
v -0.804888 -0.171092 0.186180
v -0.808531 -0.168577 0.181756
v -0.810870 -0.166962 0.176180
v -0.811676 -0.166405 0.170000
v -0.811676 -0.166405 -0.170000
v -0.810870 -0.166962 -0.176180
v -0.808531 -0.168577 -0.181756
v -0.804888 -0.171092 -0.186180
v -0.800296 -0.174261 -0.189021
v -0.795207 -0.177775 -0.190000
v -0.815000 -0.204375 0.190000
v -0.819821 -0.200500 0.189021
v -0.824169 -0.197005 0.186180
v -0.827620 -0.194231 0.181756
v -0.829836 -0.192450 0.176180
v -0.830599 -0.191836 0.170000
v -0.830599 -0.191836 -0.170000
v -0.829836 -0.192450 -0.176180
v -0.827620 -0.194231 -0.181756
v -0.824169 -0.197005 -0.186180
v -0.819821 -0.200500 -0.189021
v -0.815000 -0.204375 -0.190000
v -0.836460 -0.229121 0.190000
v -0.840970 -0.224889 0.189021
v -0.845040 -0.221072 0.186180
v -0.848269 -0.218042 0.181756
v -0.850343 -0.216097 0.176180
v -0.851057 -0.215427 0.170000
v -0.851057 -0.215427 -0.170000
v -0.850343 -0.216097 -0.176180
v -0.848269 -0.218042 -0.181756
v -0.845040 -0.221072 -0.186180
v -0.840970 -0.224889 -0.189021
v -0.836460 -0.229121 -0.190000
v -0.859593 -0.251926 0.190000
v -0.863753 -0.247349 0.189021
v -0.867506 -0.243219 0.186180
v -0.870484 -0.239942 0.181756
v -0.872396 -0.237838 0.176180
v -0.873055 -0.237113 0.170000
v -0.873055 -0.237113 -0.170000
v -0.872396 -0.237838 -0.176180
v -0.870484 -0.239942 -0.181756
v -0.867506 -0.243219 -0.186180
v -0.863753 -0.247349 -0.189021
v -0.859593 -0.251926 -0.190000
v -0.884406 -0.272703 0.190000
v -0.888176 -0.267799 0.189021
v -0.891577 -0.263374 0.186180
v -0.894275 -0.259863 0.181756
v -0.896008 -0.257609 0.176180
v -0.896605 -0.256832 0.170000
v -0.896605 -0.256832 -0.170000
v -0.896008 -0.257609 -0.176180
v -0.894275 -0.259863 -0.181756
v -0.891577 -0.263374 -0.186180
v -0.888176 -0.267799 -0.189021
v -0.884406 -0.272703 -0.190000
v -0.910907 -0.291366 0.190000
v -0.914251 -0.286161 0.189021
v -0.917267 -0.281466 0.186180
v -0.919660 -0.277740 0.181756
v -0.921197 -0.275348 0.176180
v -0.921727 -0.274523 0.170000
v -0.921727 -0.274523 -0.170000
v -0.921197 -0.275348 -0.176180
v -0.919660 -0.277740 -0.181756
v -0.917267 -0.281466 -0.186180
v -0.914251 -0.286161 -0.189021
v -0.910907 -0.291366 -0.190000
v -0.939103 -0.307827 0.190000
v -0.941990 -0.302356 0.189021
v -0.944595 -0.297421 0.186180
v -0.946661 -0.293504 0.181756
v -0.947989 -0.290989 0.176180
v -0.948446 -0.290122 0.170000
v -0.948446 -0.290122 -0.170000
v -0.947989 -0.290989 -0.176180
v -0.946661 -0.293504 -0.181756
v -0.944595 -0.297421 -0.186180
v -0.941990 -0.302356 -0.189021
v -0.939103 -0.307827 -0.190000
v -0.969000 -0.322000 0.190000
v -0.980165 -0.320453 0.189021
v -0.990237 -0.319058 0.186180
v -0.998230 -0.317950 0.181756
v -1.003361 -0.317239 0.176180
v -1.005130 -0.316994 0.170000
v -1.005130 -0.316994 -0.170000
v -1.003361 -0.317239 -0.176180
v -0.998230 -0.317950 -0.181756
v -0.990237 -0.319058 -0.186180
v -0.980165 -0.320453 -0.189021
v -0.969000 -0.322000 -0.190000
v -0.964675 -0.325778 0.190000
v -0.968855 -0.330334 0.189021
v -0.972625 -0.334443 0.186180
v -0.975618 -0.337704 0.181756
v -0.977539 -0.339797 0.176180
v -0.978201 -0.340519 0.170000
v -0.978201 -0.340519 -0.170000
v -0.977539 -0.339797 -0.176180
v -0.975618 -0.337704 -0.181756
v -0.972625 -0.334443 -0.186180
v -0.968855 -0.330334 -0.189021
v -0.964675 -0.325778 -0.190000
v -0.960232 -0.330060 0.190000
v -0.964608 -0.334426 0.189021
v -0.968556 -0.338364 0.186180
v -0.971689 -0.341490 0.181756
v -0.973700 -0.343497 0.176180
v -0.974393 -0.344188 0.170000
v -0.974393 -0.344188 -0.170000
v -0.973700 -0.343497 -0.176180
v -0.971689 -0.341490 -0.181756
v -0.968556 -0.338364 -0.186180
v -0.964608 -0.334426 -0.189021
v -0.960232 -0.330060 -0.190000
v -0.955719 -0.334766 0.190000
v -0.960250 -0.338970 0.189021
v -0.964337 -0.342763 0.186180
v -0.967581 -0.345773 0.181756
v -0.969663 -0.347706 0.176180
v -0.970381 -0.348372 0.170000
v -0.970381 -0.348372 -0.170000
v -0.969663 -0.347706 -0.176180
v -0.967581 -0.345773 -0.181756
v -0.964337 -0.342763 -0.186180
v -0.960250 -0.338970 -0.189021
v -0.955719 -0.334766 -0.190000
v -0.951185 -0.339815 0.190000
v -0.955842 -0.343879 0.189021
v -0.960043 -0.347545 0.186180
v -0.963378 -0.350455 0.181756
v -0.965518 -0.352323 0.176180
v -0.966256 -0.352966 0.170000
v -0.966256 -0.352966 -0.170000
v -0.965518 -0.352323 -0.176180
v -0.963378 -0.350455 -0.181756
v -0.960043 -0.347545 -0.186180
v -0.955842 -0.343879 -0.189021
v -0.951185 -0.339815 -0.190000
v -0.946679 -0.345128 0.190000
v -0.951443 -0.349066 0.189021
v -0.955741 -0.352619 0.186180
v -0.959151 -0.355438 0.181756
v -0.961341 -0.357248 0.176180
v -0.962095 -0.357872 0.170000
v -0.962095 -0.357872 -0.170000
v -0.961341 -0.357248 -0.176180
v -0.959151 -0.355438 -0.181756
v -0.955741 -0.352619 -0.186180
v -0.951443 -0.349066 -0.189021
v -0.946679 -0.345128 -0.190000
v -0.942250 -0.350625 0.190000
v -0.947107 -0.354447 0.189021
v -0.951489 -0.357896 0.186180
v -0.954966 -0.360632 0.181756
v -0.957199 -0.362389 0.176180
v -0.957968 -0.362994 0.170000
v -0.957968 -0.362994 -0.170000
v -0.957199 -0.362389 -0.176180
v -0.954966 -0.360632 -0.181756
v -0.951489 -0.357896 -0.186180
v -0.947107 -0.354447 -0.189021
v -0.942250 -0.350625 -0.190000
v -0.937946 -0.356226 0.190000
v -0.942887 -0.359939 0.189021
v -0.947345 -0.363288 0.186180
v -0.950883 -0.365945 0.181756
v -0.953154 -0.367652 0.176180
v -0.953937 -0.368240 0.170000
v -0.953937 -0.368240 -0.170000
v -0.953154 -0.367652 -0.176180
v -0.950883 -0.365945 -0.181756
v -0.947345 -0.363288 -0.186180
v -0.942887 -0.359939 -0.189021
v -0.937946 -0.356226 -0.190000
v -0.933815 -0.361852 0.190000
v -0.938836 -0.365456 0.189021
v -0.943365 -0.368708 0.186180
v -0.946960 -0.371288 0.181756
v -0.949268 -0.372945 0.176180
v -0.950063 -0.373516 0.170000
v -0.950063 -0.373516 -0.170000
v -0.949268 -0.372945 -0.176180
v -0.946960 -0.371288 -0.181756
v -0.943365 -0.368708 -0.186180
v -0.938836 -0.365456 -0.189021
v -0.933815 -0.361852 -0.190000
v -0.929906 -0.367422 0.190000
v -0.935004 -0.370916 0.189021
v -0.939604 -0.374069 0.186180
v -0.943253 -0.376570 0.181756
v -0.945597 -0.378176 0.176180
v -0.946404 -0.378730 0.170000
v -0.946404 -0.378730 -0.170000
v -0.945597 -0.378176 -0.176180
v -0.943253 -0.376570 -0.181756
v -0.939604 -0.374069 -0.186180
v -0.935004 -0.370916 -0.189021
v -0.929906 -0.367422 -0.190000
v -0.926269 -0.372856 0.190000
v -0.931445 -0.376234 0.189021
v -0.936115 -0.379281 0.186180
v -0.939821 -0.381698 0.181756
v -0.942200 -0.383251 0.176180
v -0.943020 -0.383786 0.170000
v -0.943020 -0.383786 -0.170000
v -0.942200 -0.383251 -0.176180
v -0.939821 -0.381698 -0.181756
v -0.936115 -0.379281 -0.186180
v -0.931445 -0.376234 -0.189021
v -0.926269 -0.372856 -0.190000
v -0.922950 -0.378076 0.190000
v -0.928210 -0.381323 0.189021
v -0.932954 -0.384251 0.186180
v -0.936720 -0.386576 0.181756
v -0.939137 -0.388068 0.176180
v -0.939970 -0.388582 0.170000
v -0.939970 -0.388582 -0.170000
v -0.939137 -0.388068 -0.176180
v -0.936720 -0.386576 -0.181756
v -0.932954 -0.384251 -0.186180
v -0.928210 -0.381323 -0.189021
v -0.922950 -0.378076 -0.190000
v -0.920000 -0.383000 0.190000
v -0.922258 -0.391256 0.189021
v -0.924295 -0.398705 0.186180
v -0.925912 -0.404615 0.181756
v -0.926950 -0.408410 0.176180
v -0.927307 -0.409718 0.170000
v -0.927307 -0.409718 -0.170000
v -0.926950 -0.408410 -0.176180
v -0.925912 -0.404615 -0.181756
v -0.924295 -0.398705 -0.186180
v -0.922258 -0.391256 -0.189021
v -0.920000 -0.383000 -0.190000
v -0.891058 -0.367298 0.190000
v -0.887909 -0.372621 0.189021
v -0.885068 -0.377423 0.186180
v -0.882813 -0.381233 0.181756
v -0.881366 -0.383680 0.176180
v -0.880867 -0.384523 0.170000
v -0.880867 -0.384523 -0.170000
v -0.881366 -0.383680 -0.176180
v -0.882813 -0.381233 -0.181756
v -0.885068 -0.377423 -0.186180
v -0.887909 -0.372621 -0.189021
v -0.891058 -0.367298 -0.190000
v -0.863713 -0.349718 0.190000
v -0.860177 -0.354792 0.189021
v -0.856988 -0.359370 0.186180
v -0.854457 -0.363002 0.181756
v -0.852832 -0.365335 0.176180
v -0.852272 -0.366139 0.170000
v -0.852272 -0.366139 -0.170000
v -0.852832 -0.365335 -0.176180
v -0.854457 -0.363002 -0.181756
v -0.856988 -0.359370 -0.186180
v -0.860177 -0.354792 -0.189021
v -0.863713 -0.349718 -0.190000
v -0.837938 -0.330297 0.190000
v -0.834037 -0.335096 0.189021
v -0.830518 -0.339426 0.186180
v -0.827725 -0.342861 0.181756
v -0.825932 -0.345067 0.176180
v -0.825315 -0.345828 0.170000
v -0.825315 -0.345828 -0.170000
v -0.825932 -0.345067 -0.176180
v -0.827725 -0.342861 -0.181756
v -0.830518 -0.339426 -0.186180
v -0.834037 -0.335096 -0.189021
v -0.837938 -0.330297 -0.190000
v -0.813704 -0.309074 0.190000
v -0.809465 -0.313577 0.189021
v -0.805640 -0.317639 0.186180
v -0.802605 -0.320863 0.181756
v -0.800657 -0.322932 0.176180
v -0.799985 -0.323646 0.170000
v -0.799985 -0.323646 -0.170000
v -0.800657 -0.322932 -0.176180
v -0.802605 -0.320863 -0.181756
v -0.805640 -0.317639 -0.186180
v -0.809465 -0.313577 -0.189021
v -0.813704 -0.309074 -0.190000
v -0.790984 -0.286087 0.190000
v -0.786437 -0.290279 0.189021
v -0.782335 -0.294060 0.186180
v -0.779079 -0.297060 0.181756
v -0.776989 -0.298987 0.176180
v -0.776269 -0.299651 0.170000
v -0.776269 -0.299651 -0.170000
v -0.776989 -0.298987 -0.176180
v -0.779079 -0.297060 -0.181756
v -0.782335 -0.294060 -0.186180
v -0.786437 -0.290279 -0.189021
v -0.790984 -0.286087 -0.190000
v -0.769750 -0.261375 0.190000
v -0.764928 -0.265246 0.189021
v -0.760577 -0.268738 0.186180
v -0.757125 -0.271509 0.181756
v -0.754908 -0.273288 0.176180
v -0.754144 -0.273901 0.170000
v -0.754144 -0.273901 -0.170000
v -0.754908 -0.273288 -0.176180
v -0.757125 -0.271509 -0.181756
v -0.760577 -0.268738 -0.186180
v -0.764928 -0.265246 -0.189021
v -0.769750 -0.261375 -0.190000
v -0.749975 -0.234975 0.190000
v -0.744910 -0.238523 0.189021
v -0.740341 -0.241723 0.186180
v -0.736715 -0.244263 0.181756
v -0.734388 -0.245894 0.176180
v -0.733585 -0.246456 0.170000
v -0.733585 -0.246456 -0.170000
v -0.734388 -0.245894 -0.176180
v -0.736715 -0.244263 -0.181756
v -0.740341 -0.241723 -0.186180
v -0.744910 -0.238523 -0.189021
v -0.749975 -0.234975 -0.190000
v -0.731630 -0.206926 0.190000
v -0.726355 -0.210153 0.189021
v -0.721597 -0.213064 0.186180
v -0.717822 -0.215374 0.181756
v -0.715397 -0.216858 0.176180
v -0.714562 -0.217369 0.170000
v -0.714562 -0.217369 -0.170000
v -0.715397 -0.216858 -0.176180
v -0.717822 -0.215374 -0.181756
v -0.721597 -0.213064 -0.186180
v -0.726355 -0.210153 -0.189021
v -0.731630 -0.206926 -0.190000
v -0.714688 -0.177266 0.190000
v -0.709234 -0.180179 0.189021
v -0.704315 -0.182807 0.186180
v -0.700411 -0.184893 0.181756
v -0.697904 -0.186232 0.176180
v -0.697040 -0.186694 0.170000
v -0.697040 -0.186694 -0.170000
v -0.697904 -0.186232 -0.176180
v -0.700411 -0.184893 -0.181756
v -0.704315 -0.182807 -0.186180
v -0.709234 -0.180179 -0.189021
v -0.714688 -0.177266 -0.190000
v -0.699120 -0.146032 0.190000
v -0.693516 -0.148643 0.189021
v -0.688460 -0.150998 0.186180
v -0.684448 -0.152867 0.181756
v -0.681872 -0.154067 0.176180
v -0.680984 -0.154480 0.170000
v -0.680984 -0.154480 -0.170000
v -0.681872 -0.154067 -0.176180
v -0.684448 -0.152867 -0.181756
v -0.688460 -0.150998 -0.186180
v -0.693516 -0.148643 -0.189021
v -0.699120 -0.146032 -0.190000
v -0.684901 -0.113264 0.190000
v -0.679170 -0.115585 0.189021
v -0.674001 -0.117678 0.186180
v -0.669899 -0.119339 0.181756
v -0.667265 -0.120406 0.176180
v -0.666357 -0.120773 0.170000
v -0.666357 -0.120773 -0.170000
v -0.667265 -0.120406 -0.176180
v -0.669899 -0.119339 -0.181756
v -0.674001 -0.117678 -0.186180
v -0.679170 -0.115585 -0.189021
v -0.684901 -0.113264 -0.190000
v -0.672000 -0.079000 0.190000
v -0.672237 -0.097170 0.189021
v -0.672451 -0.113562 0.186180
v -0.672621 -0.126570 0.181756
v -0.672730 -0.134922 0.176180
v -0.672767 -0.137800 0.170000
v -0.672767 -0.137800 -0.170000
v -0.672730 -0.134922 -0.176180
v -0.672621 -0.126570 -0.181756
v -0.672451 -0.113562 -0.186180
v -0.672237 -0.097170 -0.189021
v -0.672000 -0.079000 -0.190000
v -0.661782 -0.108449 0.190000
v -0.667551 -0.110676 0.189021
v -0.672755 -0.112685 0.186180
v -0.676885 -0.114280 0.181756
v -0.679537 -0.115303 0.176180
v -0.680451 -0.115656 0.170000
v -0.680451 -0.115656 -0.170000
v -0.679537 -0.115303 -0.176180
v -0.676885 -0.114280 -0.181756
v -0.672755 -0.112685 -0.186180
v -0.667551 -0.110676 -0.189021
v -0.661782 -0.108449 -0.190000
v -0.649505 -0.137259 0.190000
v -0.655101 -0.139892 0.189021
v -0.660149 -0.142268 0.186180
v -0.664155 -0.144153 0.181756
v -0.666728 -0.145363 0.176180
v -0.667614 -0.145780 0.170000
v -0.667614 -0.145780 -0.170000
v -0.666728 -0.145363 -0.176180
v -0.664155 -0.144153 -0.181756
v -0.660149 -0.142268 -0.186180
v -0.655101 -0.139892 -0.189021
v -0.649505 -0.137259 -0.190000
v -0.634984 -0.165375 0.190000
v -0.640365 -0.168425 0.189021
v -0.645220 -0.171176 0.186180
v -0.649072 -0.173359 0.181756
v -0.651545 -0.174761 0.176180
v -0.652398 -0.175244 0.170000
v -0.652398 -0.175244 -0.170000
v -0.651545 -0.174761 -0.176180
v -0.649072 -0.173359 -0.181756
v -0.645220 -0.171176 -0.186180
v -0.640365 -0.168425 -0.189021
v -0.634984 -0.165375 -0.190000
v -0.618037 -0.192741 0.190000
v -0.623161 -0.196206 0.189021
v -0.627783 -0.199331 0.186180
v -0.631451 -0.201812 0.181756
v -0.633806 -0.203405 0.176180
v -0.634618 -0.203953 0.170000
v -0.634618 -0.203953 -0.170000
v -0.633806 -0.203405 -0.176180
v -0.631451 -0.201812 -0.181756
v -0.627783 -0.199331 -0.186180
v -0.623161 -0.196206 -0.189021
v -0.618037 -0.192741 -0.190000
v -0.598479 -0.219301 0.190000
v -0.603306 -0.223168 0.189021
v -0.607662 -0.226656 0.186180
v -0.611118 -0.229424 0.181756
v -0.613337 -0.231202 0.176180
v -0.614102 -0.231814 0.170000
v -0.614102 -0.231814 -0.170000
v -0.613337 -0.231202 -0.176180
v -0.611118 -0.229424 -0.181756
v -0.607662 -0.226656 -0.186180
v -0.603306 -0.223168 -0.189021
v -0.598479 -0.219301 -0.190000
v -0.576125 -0.245000 0.190000
v -0.580625 -0.249244 0.189021
v -0.584684 -0.253072 0.186180
v -0.587906 -0.256111 0.181756
v -0.589974 -0.258061 0.176180
v -0.590687 -0.258733 0.170000
v -0.590687 -0.258733 -0.170000
v -0.589974 -0.258061 -0.176180
v -0.587906 -0.256111 -0.181756
v -0.584684 -0.253072 -0.186180
v -0.580625 -0.249244 -0.189021
v -0.576125 -0.245000 -0.190000
v -0.550792 -0.269782 0.190000
v -0.554941 -0.274370 0.189021
v -0.558684 -0.278508 0.186180
v -0.561654 -0.281792 0.181756
v -0.563561 -0.283901 0.176180
v -0.564218 -0.284627 0.170000
v -0.564218 -0.284627 -0.170000
v -0.563561 -0.283901 -0.176180
v -0.561654 -0.281792 -0.181756
v -0.558684 -0.278508 -0.186180
v -0.554941 -0.274370 -0.189021
v -0.550792 -0.269782 -0.190000
v -0.522296 -0.293593 0.190000
v -0.526081 -0.298484 0.189021
v -0.529495 -0.302897 0.186180
v -0.532205 -0.306398 0.181756
v -0.533945 -0.308647 0.176180
v -0.534544 -0.309421 0.170000
v -0.534544 -0.309421 -0.170000
v -0.533945 -0.308647 -0.176180
v -0.532205 -0.306398 -0.181756
v -0.529495 -0.302897 -0.186180
v -0.526081 -0.298484 -0.189021
v -0.522296 -0.293593 -0.190000
v -0.490453 -0.316375 0.190000
v -0.493871 -0.321529 0.189021
v -0.496955 -0.326178 0.186180
v -0.499402 -0.329868 0.181756
v -0.500973 -0.332237 0.176180
v -0.501514 -0.333053 0.170000
v -0.501514 -0.333053 -0.170000
v -0.500973 -0.332237 -0.176180
v -0.499402 -0.329868 -0.181756
v -0.496955 -0.326178 -0.186180
v -0.493871 -0.321529 -0.189021
v -0.490453 -0.316375 -0.190000
v -0.455079 -0.338074 0.190000
v -0.458136 -0.343449 0.189021
v -0.460895 -0.348298 0.186180
v -0.463084 -0.352146 0.181756
v -0.464489 -0.354616 0.176180
v -0.464973 -0.355468 0.170000
v -0.464973 -0.355468 -0.170000
v -0.464489 -0.354616 -0.176180
v -0.463084 -0.352146 -0.181756
v -0.460895 -0.348298 -0.186180
v -0.458136 -0.343449 -0.189021
v -0.455079 -0.338074 -0.190000
v -0.415989 -0.358634 0.190000
v -0.418699 -0.364192 0.189021
v -0.421144 -0.369205 0.186180
v -0.423085 -0.373184 0.181756
v -0.424330 -0.375739 0.176180
v -0.424760 -0.376619 0.170000
v -0.424760 -0.376619 -0.170000
v -0.424330 -0.375739 -0.176180
v -0.423085 -0.373184 -0.181756
v -0.421144 -0.369205 -0.186180
v -0.418699 -0.364192 -0.189021
v -0.415989 -0.358634 -0.190000
v -0.373000 -0.378000 0.190000
v -0.370690 -0.385819 0.189021
v -0.368607 -0.392873 0.186180
v -0.366953 -0.398470 0.181756
v -0.365892 -0.402064 0.176180
v -0.365526 -0.403303 0.170000
v -0.365526 -0.403303 -0.170000
v -0.365892 -0.402064 -0.176180
v -0.366953 -0.398470 -0.181756
v -0.368607 -0.392873 -0.186180
v -0.370690 -0.385819 -0.189021
v -0.373000 -0.378000 -0.190000
v -0.370280 -0.373785 0.190000
v -0.365129 -0.377201 0.189021
v -0.360481 -0.380282 0.186180
v -0.356793 -0.382727 0.181756
v -0.354425 -0.384297 0.176180
v -0.353609 -0.384837 0.170000
v -0.353609 -0.384837 -0.170000
v -0.354425 -0.384297 -0.176180
v -0.356793 -0.382727 -0.181756
v -0.360481 -0.380282 -0.186180
v -0.365129 -0.377201 -0.189021
v -0.370280 -0.373785 -0.190000
v -0.367157 -0.369199 0.190000
v -0.362086 -0.372732 0.189021
v -0.357510 -0.375918 0.186180
v -0.353880 -0.378447 0.181756
v -0.351548 -0.380071 0.176180
v -0.350745 -0.380631 0.170000
v -0.350745 -0.380631 -0.170000
v -0.351548 -0.380071 -0.176180
v -0.353880 -0.378447 -0.181756
v -0.357510 -0.375918 -0.186180
v -0.362086 -0.372732 -0.189021
v -0.367157 -0.369199 -0.190000
v -0.363688 -0.364328 0.190000
v -0.358689 -0.367963 0.189021
v -0.354179 -0.371242 0.186180
v -0.350600 -0.373844 0.181756
v -0.348303 -0.375515 0.176180
v -0.347511 -0.376091 0.170000
v -0.347511 -0.376091 -0.170000
v -0.348303 -0.375515 -0.176180
v -0.350600 -0.373844 -0.181756
v -0.354179 -0.371242 -0.186180
v -0.358689 -0.367963 -0.189021
v -0.363688 -0.364328 -0.190000
v -0.359926 -0.359259 0.190000
v -0.354998 -0.362989 0.189021
v -0.350552 -0.366354 0.186180
v -0.347023 -0.369024 0.181756
v -0.344758 -0.370739 0.176180
v -0.343978 -0.371329 0.170000
v -0.343978 -0.371329 -0.170000
v -0.344758 -0.370739 -0.176180
v -0.347023 -0.369024 -0.181756
v -0.350552 -0.366354 -0.186180
v -0.354998 -0.362989 -0.189021
v -0.359926 -0.359259 -0.190000
v -0.355928 -0.354079 0.190000
v -0.351072 -0.357902 0.189021
v -0.346691 -0.361351 0.186180
v -0.343214 -0.364088 0.181756
v -0.340982 -0.365845 0.176180
v -0.340212 -0.366451 0.170000
v -0.340212 -0.366451 -0.170000
v -0.340982 -0.365845 -0.176180
v -0.343214 -0.364088 -0.181756
v -0.346691 -0.361351 -0.186180
v -0.351072 -0.357902 -0.189021
v -0.355928 -0.354079 -0.190000
v -0.351750 -0.348875 0.190000
v -0.346970 -0.352793 0.189021
v -0.342658 -0.356328 0.186180
v -0.339236 -0.359133 0.181756
v -0.337039 -0.360934 0.176180
v -0.336282 -0.361555 0.170000
v -0.336282 -0.361555 -0.170000
v -0.337039 -0.360934 -0.176180
v -0.339236 -0.359133 -0.181756
v -0.342658 -0.356328 -0.186180
v -0.346970 -0.352793 -0.189021
v -0.351750 -0.348875 -0.190000
v -0.347447 -0.343733 0.190000
v -0.342752 -0.347753 0.189021
v -0.338516 -0.351379 0.186180
v -0.335155 -0.354257 0.181756
v -0.332997 -0.356105 0.176180
v -0.332254 -0.356742 0.170000
v -0.332254 -0.356742 -0.170000
v -0.332997 -0.356105 -0.176180
v -0.335155 -0.354257 -0.181756
v -0.338516 -0.351379 -0.186180
v -0.342752 -0.347753 -0.189021
v -0.347447 -0.343733 -0.190000
v -0.343074 -0.338741 0.190000
v -0.338477 -0.342872 0.189021
v -0.334330 -0.346600 0.186180
v -0.331039 -0.349558 0.181756
v -0.328926 -0.351457 0.176180
v -0.328198 -0.352111 0.170000
v -0.328198 -0.352111 -0.170000
v -0.328926 -0.351457 -0.176180
v -0.331039 -0.349558 -0.181756
v -0.334330 -0.346600 -0.186180
v -0.338477 -0.342872 -0.189021
v -0.343074 -0.338741 -0.190000
v -0.338688 -0.333984 0.190000
v -0.334208 -0.338243 0.189021
v -0.330167 -0.342085 0.186180
v -0.326960 -0.345134 0.181756
v -0.324901 -0.347092 0.176180
v -0.324191 -0.347766 0.170000
v -0.324191 -0.347766 -0.170000
v -0.324901 -0.347092 -0.176180
v -0.326960 -0.345134 -0.181756
v -0.330167 -0.342085 -0.186180
v -0.334208 -0.338243 -0.189021
v -0.338688 -0.333984 -0.190000
v -0.334343 -0.329551 0.190000
v -0.330009 -0.333959 0.189021
v -0.326100 -0.337935 0.186180
v -0.322997 -0.341091 0.181756
v -0.321005 -0.343117 0.176180
v -0.320319 -0.343815 0.170000
v -0.320319 -0.343815 -0.170000
v -0.321005 -0.343117 -0.176180
v -0.322997 -0.341091 -0.181756
v -0.326100 -0.337935 -0.186180
v -0.330009 -0.333959 -0.189021
v -0.334343 -0.329551 -0.190000
v -0.330095 -0.325527 0.190000
v -0.325951 -0.330115 0.189021
v -0.322212 -0.334253 0.186180
v -0.319245 -0.337537 0.181756
v -0.317340 -0.339646 0.176180
v -0.316684 -0.340372 0.170000
v -0.316684 -0.340372 -0.170000
v -0.317340 -0.339646 -0.176180
v -0.319245 -0.337537 -0.181756
v -0.322212 -0.334253 -0.186180
v -0.325951 -0.330115 -0.189021
v -0.330095 -0.325527 -0.190000
v -0.326000 -0.322000 0.190000
v -0.314552 -0.320296 0.189021
v -0.304224 -0.318759 0.186180
v -0.296028 -0.317539 0.181756
v -0.290766 -0.316756 0.176180
v -0.288953 -0.316486 0.170000
v -0.288953 -0.316486 -0.170000
v -0.290766 -0.316756 -0.176180
v -0.296028 -0.317539 -0.181756
v -0.304224 -0.318759 -0.186180
v -0.314552 -0.320296 -0.189021
v -0.326000 -0.322000 -0.190000
v -0.370415 -0.302403 0.190000
v -0.367739 -0.296829 0.189021
v -0.365324 -0.291800 0.186180
v -0.363408 -0.287810 0.181756
v -0.362178 -0.285247 0.176180
v -0.361754 -0.284364 0.170000
v -0.361754 -0.284364 -0.170000
v -0.362178 -0.285247 -0.176180
v -0.363408 -0.287810 -0.181756
v -0.365324 -0.291800 -0.186180
v -0.367739 -0.296829 -0.189021
v -0.370415 -0.302403 -0.190000
v -0.410319 -0.281644 0.190000
v -0.407273 -0.276262 0.189021
v -0.404524 -0.271407 0.186180
v -0.402343 -0.267554 0.181756
v -0.400942 -0.265081 0.176180
v -0.400460 -0.264228 0.170000
v -0.400460 -0.264228 -0.170000
v -0.400942 -0.265081 -0.176180
v -0.402343 -0.267554 -0.181756
v -0.404524 -0.271407 -0.186180
v -0.407273 -0.276262 -0.189021
v -0.410319 -0.281644 -0.190000
v -0.445953 -0.259766 0.190000
v -0.442515 -0.254624 0.189021
v -0.439414 -0.249986 0.186180
v -0.436953 -0.246305 0.181756
v -0.435373 -0.243942 0.176180
v -0.434828 -0.243127 0.170000
v -0.434828 -0.243127 -0.170000
v -0.435373 -0.243942 -0.176180
v -0.436953 -0.246305 -0.181756
v -0.439414 -0.249986 -0.186180
v -0.442515 -0.254624 -0.189021
v -0.445953 -0.259766 -0.190000
v -0.477556 -0.236815 0.190000
v -0.473715 -0.231966 0.189021
v -0.470251 -0.227591 0.186180
v -0.467501 -0.224120 0.181756
v -0.465736 -0.221891 0.176180
v -0.465128 -0.221123 0.170000
v -0.465128 -0.221123 -0.170000
v -0.465736 -0.221891 -0.176180
v -0.467501 -0.224120 -0.181756
v -0.470251 -0.227591 -0.186180
v -0.473715 -0.231966 -0.189021
v -0.477556 -0.236815 -0.190000
v -0.505366 -0.212836 0.190000
v -0.501124 -0.208333 0.189021
v -0.497297 -0.204271 0.186180
v -0.494260 -0.201048 0.181756
v -0.492310 -0.198978 0.176180
v -0.491638 -0.198265 0.170000
v -0.491638 -0.198265 -0.170000
v -0.492310 -0.198978 -0.176180
v -0.494260 -0.201048 -0.181756
v -0.497297 -0.204271 -0.186180
v -0.501124 -0.208333 -0.189021
v -0.505366 -0.212836 -0.190000
v -0.529625 -0.187875 0.190000
v -0.524997 -0.183770 0.189021
v -0.520821 -0.180066 0.186180
v -0.517508 -0.177127 0.181756
v -0.515380 -0.175240 0.176180
v -0.514647 -0.174590 0.170000
v -0.514647 -0.174590 -0.170000
v -0.515380 -0.175240 -0.176180
v -0.517508 -0.177127 -0.181756
v -0.520821 -0.180066 -0.186180
v -0.524997 -0.183770 -0.189021
v -0.529625 -0.187875 -0.190000
v -0.550571 -0.161976 0.190000
v -0.545587 -0.158310 0.189021
v -0.541091 -0.155003 0.186180
v -0.537523 -0.152379 0.181756
v -0.535233 -0.150694 0.176180
v -0.534443 -0.150113 0.170000
v -0.534443 -0.150113 -0.170000
v -0.535233 -0.150694 -0.176180
v -0.537523 -0.152379 -0.181756
v -0.541091 -0.155003 -0.186180
v -0.545587 -0.158310 -0.189021
v -0.550571 -0.161976 -0.190000
v -0.568444 -0.135185 0.190000
v -0.563149 -0.131987 0.189021
v -0.558372 -0.129101 0.186180
v -0.554580 -0.126812 0.181756
v -0.552146 -0.125341 0.176180
v -0.551307 -0.124835 0.170000
v -0.551307 -0.124835 -0.170000
v -0.552146 -0.125341 -0.176180
v -0.554580 -0.126812 -0.181756
v -0.558372 -0.129101 -0.186180
v -0.563149 -0.131987 -0.189021
v -0.568444 -0.135185 -0.190000
v -0.583484 -0.107547 0.190000
v -0.577929 -0.104826 0.189021
v -0.572917 -0.102371 0.186180
v -0.568940 -0.100423 0.181756
v -0.566386 -0.099173 0.176180
v -0.565506 -0.098742 0.170000
v -0.565506 -0.098742 -0.170000
v -0.566386 -0.099173 -0.176180
v -0.568940 -0.100423 -0.181756
v -0.572917 -0.102371 -0.186180
v -0.577929 -0.104826 -0.189021
v -0.583484 -0.107547 -0.190000
v -0.595931 -0.079106 0.190000
v -0.590170 -0.076855 0.189021
v -0.584973 -0.074823 0.186180
v -0.580849 -0.073211 0.181756
v -0.578201 -0.072176 0.176180
v -0.577289 -0.071819 0.170000
v -0.577289 -0.071819 -0.170000
v -0.578201 -0.072176 -0.176180
v -0.580849 -0.073211 -0.181756
v -0.584973 -0.074823 -0.186180
v -0.590170 -0.076855 -0.189021
v -0.595931 -0.079106 -0.190000
v -0.606023 -0.049909 0.190000
v -0.600109 -0.048101 0.189021
v -0.594773 -0.046470 0.186180
v -0.590539 -0.045175 0.181756
v -0.587821 -0.044344 0.176180
v -0.586884 -0.044058 0.170000
v -0.586884 -0.044058 -0.170000
v -0.587821 -0.044344 -0.176180
v -0.590539 -0.045175 -0.181756
v -0.594773 -0.046470 -0.186180
v -0.600109 -0.048101 -0.189021
v -0.606023 -0.049909 -0.190000
v -0.614000 -0.020000 0.190000
v -0.605955 -0.026180 0.189021
v -0.598698 -0.031756 0.186180
v -0.592938 -0.036180 0.181756
v -0.589241 -0.039021 0.176180
v -0.587966 -0.040000 0.170000
v -0.587966 -0.040000 -0.170000
v -0.589241 -0.039021 -0.176180
v -0.592938 -0.036180 -0.181756
v -0.598698 -0.031756 -0.186180
v -0.605955 -0.026180 -0.189021
v -0.614000 -0.020000 -0.190000
v -0.371000 -0.020000 0.190000
v -0.364820 -0.026180 0.189021
v -0.359244 -0.031756 0.186180
v -0.354820 -0.036180 0.181756
v -0.351979 -0.039021 0.176180
v -0.351000 -0.040000 0.170000
v -0.351000 -0.040000 -0.170000
v -0.351979 -0.039021 -0.176180
v -0.354820 -0.036180 -0.181756
v -0.359244 -0.031756 -0.186180
v -0.364820 -0.026180 -0.189021
v -0.371000 -0.020000 -0.190000
v -0.371000 0.049000 0.190000
v -0.364820 0.055180 0.189021
v -0.359244 0.060756 0.186180
v -0.354820 0.065180 0.181756
v -0.351979 0.068021 0.176180
v -0.351000 0.069000 0.170000
v -0.351000 0.069000 -0.170000
v -0.351979 0.068021 -0.176180
v -0.354820 0.065180 -0.181756
v -0.359244 0.060756 -0.186180
v -0.364820 0.055180 -0.189021
v -0.371000 0.049000 -0.190000
v -0.438000 0.049000 0.190000
v -0.431820 0.055180 0.189021
v -0.426244 0.060756 0.186180
v -0.421820 0.065180 0.181756
v -0.418979 0.068021 0.176180
v -0.418000 0.069000 0.170000
v -0.418000 0.069000 -0.170000
v -0.418979 0.068021 -0.176180
v -0.421820 0.065180 -0.181756
v -0.426244 0.060756 -0.186180
v -0.431820 0.055180 -0.189021
v -0.438000 0.049000 -0.190000
v -0.438000 0.380000 0.190000
v -0.431820 0.386180 0.189021
v -0.426244 0.391756 0.186180
v -0.421820 0.396180 0.181756
v -0.418979 0.399021 0.176180
v -0.418000 0.400000 0.170000
v -0.418000 0.400000 -0.170000
v -0.418979 0.399021 -0.176180
v -0.421820 0.396180 -0.181756
v -0.426244 0.391756 -0.186180
v -0.431820 0.386180 -0.189021
v -0.438000 0.380000 -0.190000
v -0.630000 0.380000 0.190000
v -0.623820 0.386180 0.189021
v -0.618244 0.391756 0.186180
v -0.613820 0.396180 0.181756
v -0.610979 0.399021 0.176180
v -0.610000 0.400000 0.170000
v -0.610000 0.400000 -0.170000
v -0.610979 0.399021 -0.176180
v -0.613820 0.396180 -0.181756
v -0.618244 0.391756 -0.186180
v -0.623820 0.386180 -0.189021
v -0.630000 0.380000 -0.190000
v -0.630000 0.535000 0.190000
v -0.623820 0.541180 0.189021
v -0.618244 0.546756 0.186180
v -0.613820 0.551180 0.181756
v -0.610979 0.554021 0.176180
v -0.610000 0.555000 0.170000
v -0.610000 0.555000 -0.170000
v -0.610979 0.554021 -0.176180
v -0.613820 0.551180 -0.181756
v -0.618244 0.546756 -0.186180
v -0.623820 0.541180 -0.189021
v -0.630000 0.535000 -0.190000
v -0.699000 0.535000 0.190000
v -0.705180 0.541180 0.189021
v -0.710756 0.546756 0.186180
v -0.715180 0.551180 0.181756
v -0.718021 0.554021 0.176180
v -0.719000 0.555000 0.170000
v -0.719000 0.555000 -0.170000
v -0.718021 0.554021 -0.176180
v -0.715180 0.551180 -0.181756
v -0.710756 0.546756 -0.186180
v -0.705180 0.541180 -0.189021
v -0.699000 0.535000 -0.190000
v -0.625939 0.057521 0.190000
v -0.619791 0.058154 0.189021
v -0.614245 0.058725 0.186180
v -0.609843 0.059179 0.181756
v -0.607017 0.059470 0.176180
v -0.606043 0.059570 0.170000
v -0.606043 0.059570 -0.170000
v -0.607017 0.059470 -0.176180
v -0.609843 0.059179 -0.181756
v -0.614245 0.058725 -0.186180
v -0.619791 0.058154 -0.189021
v -0.625939 0.057521 -0.190000
v -0.626759 0.066083 0.190000
v -0.620603 0.066632 0.189021
v -0.615050 0.067127 0.186180
v -0.610642 0.067520 0.181756
v -0.607813 0.067772 0.176180
v -0.606838 0.067859 0.170000
v -0.606838 0.067859 -0.170000
v -0.607813 0.067772 -0.176180
v -0.610642 0.067520 -0.181756
v -0.615050 0.067127 -0.186180
v -0.620603 0.066632 -0.189021
v -0.626759 0.066083 -0.190000
v -0.627469 0.074688 0.190000
v -0.621306 0.075157 0.189021
v -0.615747 0.075581 0.186180
v -0.611335 0.075917 0.181756
v -0.608502 0.076133 0.176180
v -0.607526 0.076208 0.170000
v -0.607526 0.076208 -0.170000
v -0.608502 0.076133 -0.176180
v -0.611335 0.075917 -0.181756
v -0.615747 0.075581 -0.186180
v -0.621306 0.075157 -0.189021
v -0.627469 0.074688 -0.190000
v -0.628074 0.083333 0.190000
v -0.621906 0.083730 0.189021
v -0.616342 0.084087 0.186180
v -0.611927 0.084371 0.181756
v -0.609092 0.084553 0.176180
v -0.608115 0.084616 0.170000
v -0.608115 0.084616 -0.170000
v -0.609092 0.084553 -0.176180
v -0.611927 0.084371 -0.181756
v -0.616342 0.084087 -0.186180
v -0.621906 0.083730 -0.189021
v -0.628074 0.083333 -0.190000
v -0.628582 0.092021 0.190000
v -0.622410 0.092349 0.189021
v -0.616843 0.092645 0.186180
v -0.612424 0.092880 0.181756
v -0.609588 0.093031 0.176180
v -0.608610 0.093083 0.170000
v -0.608610 0.093083 -0.170000
v -0.609588 0.093031 -0.176180
v -0.612424 0.092880 -0.181756
v -0.616843 0.092645 -0.186180
v -0.622410 0.092349 -0.189021
v -0.628582 0.092021 -0.190000
v -0.629000 0.100750 0.190000
v -0.622825 0.101016 0.189021
v -0.617255 0.101255 0.186180
v -0.612834 0.101445 0.181756
v -0.609996 0.101567 0.176180
v -0.609018 0.101609 0.170000
v -0.609018 0.101609 -0.170000
v -0.609996 0.101567 -0.176180
v -0.612834 0.101445 -0.181756
v -0.617255 0.101255 -0.186180
v -0.622825 0.101016 -0.189021
v -0.629000 0.100750 -0.190000
v -0.629335 0.109521 0.190000
v -0.623158 0.109729 0.189021
v -0.617585 0.109917 0.186180
v -0.613163 0.110066 0.181756
v -0.610324 0.110162 0.176180
v -0.609346 0.110195 0.170000
v -0.609346 0.110195 -0.170000
v -0.610324 0.110162 -0.176180
v -0.613163 0.110066 -0.181756
v -0.617585 0.109917 -0.186180
v -0.623158 0.109729 -0.189021
v -0.629335 0.109521 -0.190000
v -0.629593 0.118333 0.190000
v -0.623414 0.118490 0.189021
v -0.617841 0.118631 0.186180
v -0.613417 0.118743 0.181756
v -0.610577 0.118814 0.176180
v -0.609599 0.118839 0.170000
v -0.609599 0.118839 -0.170000
v -0.610577 0.118814 -0.176180
v -0.613417 0.118743 -0.181756
v -0.617841 0.118631 -0.186180
v -0.623414 0.118490 -0.189021
v -0.629593 0.118333 -0.190000
v -0.629781 0.127188 0.190000
v -0.623602 0.127297 0.189021
v -0.618027 0.127396 0.186180
v -0.613603 0.127475 0.181756
v -0.610763 0.127525 0.176180
v -0.609784 0.127542 0.170000
v -0.609784 0.127542 -0.170000
v -0.610763 0.127525 -0.176180
v -0.613603 0.127475 -0.181756
v -0.618027 0.127396 -0.186180
v -0.623602 0.127297 -0.189021
v -0.629781 0.127188 -0.190000
v -0.629907 0.136083 0.190000
v -0.623727 0.136152 0.189021
v -0.618152 0.136213 0.186180
v -0.613728 0.136262 0.181756
v -0.610887 0.136293 0.176180
v -0.609909 0.136304 0.170000
v -0.609909 0.136304 -0.170000
v -0.610887 0.136293 -0.176180
v -0.613728 0.136262 -0.181756
v -0.618152 0.136213 -0.186180
v -0.623727 0.136152 -0.189021
v -0.629907 0.136083 -0.190000
v -0.629978 0.145021 0.190000
v -0.623798 0.145053 0.189021
v -0.618222 0.145082 0.186180
v -0.613798 0.145105 0.181756
v -0.610957 0.145119 0.176180
v -0.609978 0.145124 0.170000
v -0.609978 0.145124 -0.170000
v -0.610957 0.145119 -0.176180
v -0.613798 0.145105 -0.181756
v -0.618222 0.145082 -0.186180
v -0.623798 0.145053 -0.189021
v -0.629978 0.145021 -0.190000
v -0.630000 0.154000 0.190000
v -0.623820 0.154008 0.189021
v -0.618244 0.154014 0.186180
v -0.613820 0.154020 0.181756
v -0.610979 0.154023 0.176180
v -0.610000 0.154025 0.170000
v -0.610000 0.154025 -0.170000
v -0.610979 0.154023 -0.176180
v -0.613820 0.154020 -0.181756
v -0.618244 0.154014 -0.186180
v -0.623820 0.154008 -0.189021
v -0.630000 0.154000 -0.190000
v -0.630000 0.311000 0.190000
v -0.623820 0.304820 0.189021
v -0.618244 0.299244 0.186180
v -0.613820 0.294820 0.181756
v -0.610979 0.291979 0.176180
v -0.610000 0.291000 0.170000
v -0.610000 0.291000 -0.170000
v -0.610979 0.291979 -0.176180
v -0.613820 0.294820 -0.181756
v -0.618244 0.299244 -0.186180
v -0.623820 0.304820 -0.189021
v -0.630000 0.311000 -0.190000
v -0.506000 0.311000 0.190000
v -0.512180 0.304820 0.189021
v -0.517756 0.299244 0.186180
v -0.522180 0.294820 0.181756
v -0.525021 0.291979 0.176180
v -0.526000 0.291000 0.170000
v -0.526000 0.291000 -0.170000
v -0.525021 0.291979 -0.176180
v -0.522180 0.294820 -0.181756
v -0.517756 0.299244 -0.186180
v -0.512180 0.304820 -0.189021
v -0.506000 0.311000 -0.190000
v -0.506000 0.049000 0.190000
v -0.512180 0.055180 0.189021
v -0.517756 0.060756 0.186180
v -0.522180 0.065180 0.181756
v -0.525021 0.068021 0.176180
v -0.526000 0.069000 0.170000
v -0.526000 0.069000 -0.170000
v -0.525021 0.068021 -0.176180
v -0.522180 0.065180 -0.181756
v -0.517756 0.060756 -0.186180
v -0.512180 0.055180 -0.189021
v -0.506000 0.049000 -0.190000
v -0.625000 0.049000 0.190000
v -0.619463 0.055180 0.189021
v -0.614468 0.060756 0.186180
v -0.610504 0.065180 0.181756
v -0.607959 0.068021 0.176180
v -0.607082 0.069000 0.170000
v -0.607082 0.069000 -0.170000
v -0.607959 0.068021 -0.176180
v -0.610504 0.065180 -0.181756
v -0.614468 0.060756 -0.186180
v -0.619463 0.055180 -0.189021
v -0.625000 0.049000 -0.190000
v -0.699000 0.311000 0.190000
v -0.705180 0.304820 0.189021
v -0.710756 0.299244 0.186180
v -0.715180 0.294820 0.181756
v -0.718021 0.291979 0.176180
v -0.719000 0.291000 0.170000
v -0.719000 0.291000 -0.170000
v -0.718021 0.291979 -0.176180
v -0.715180 0.294820 -0.181756
v -0.710756 0.299244 -0.186180
v -0.705180 0.304820 -0.189021
v -0.699000 0.311000 -0.190000
v -0.699000 0.154000 0.190000
v -0.705180 0.153993 0.189021
v -0.710756 0.153986 0.186180
v -0.715180 0.153981 0.181756
v -0.718021 0.153977 0.176180
v -0.719000 0.153976 0.170000
v -0.719000 0.153976 -0.170000
v -0.718021 0.153977 -0.176180
v -0.715180 0.153981 -0.181756
v -0.710756 0.153986 -0.186180
v -0.705180 0.153993 -0.189021
v -0.699000 0.154000 -0.190000
v -0.698979 0.145021 0.190000
v -0.705159 0.144990 0.189021
v -0.710734 0.144963 0.186180
v -0.715159 0.144941 0.181756
v -0.718000 0.144927 0.176180
v -0.718978 0.144923 0.170000
v -0.718978 0.144923 -0.170000
v -0.718000 0.144927 -0.176180
v -0.715159 0.144941 -0.181756
v -0.710734 0.144963 -0.186180
v -0.705159 0.144990 -0.189021
v -0.698979 0.145021 -0.190000
v -0.698912 0.136083 0.190000
v -0.705092 0.136020 0.189021
v -0.710667 0.135963 0.186180
v -0.715092 0.135918 0.181756
v -0.717932 0.135889 0.176180
v -0.718911 0.135879 0.170000
v -0.718911 0.135879 -0.170000
v -0.717932 0.135889 -0.176180
v -0.715092 0.135918 -0.181756
v -0.710667 0.135963 -0.186180
v -0.705092 0.136020 -0.189021
v -0.698912 0.136083 -0.190000
v -0.698797 0.127188 0.190000
v -0.704976 0.127089 0.189021
v -0.710551 0.127000 0.186180
v -0.714975 0.126930 0.181756
v -0.717816 0.126885 0.176180
v -0.718794 0.126869 0.170000
v -0.718794 0.126869 -0.170000
v -0.717816 0.126885 -0.176180
v -0.714975 0.126930 -0.181756
v -0.710551 0.127000 -0.186180
v -0.704976 0.127089 -0.189021
v -0.698797 0.127188 -0.190000
v -0.698630 0.118333 0.190000
v -0.704809 0.118197 0.189021
v -0.710383 0.118074 0.186180
v -0.714806 0.117976 0.181756
v -0.717646 0.117913 0.176180
v -0.718625 0.117892 0.170000
v -0.718625 0.117892 -0.170000
v -0.717646 0.117913 -0.176180
v -0.714806 0.117976 -0.181756
v -0.710383 0.118074 -0.186180
v -0.704809 0.118197 -0.189021
v -0.698630 0.118333 -0.190000
v -0.698407 0.109521 0.190000
v -0.704585 0.109343 0.189021
v -0.710158 0.109184 0.186180
v -0.714581 0.109057 0.181756
v -0.717420 0.108975 0.176180
v -0.718399 0.108947 0.170000
v -0.718399 0.108947 -0.170000
v -0.717420 0.108975 -0.176180
v -0.714581 0.109057 -0.181756
v -0.710158 0.109184 -0.186180
v -0.704585 0.109343 -0.189021
v -0.698407 0.109521 -0.190000
v -0.698125 0.100750 0.190000
v -0.704301 0.100529 0.189021
v -0.709873 0.100330 0.186180
v -0.714295 0.100171 0.181756
v -0.717134 0.100070 0.176180
v -0.718112 0.100035 0.170000
v -0.718112 0.100035 -0.170000
v -0.717134 0.100070 -0.176180
v -0.714295 0.100171 -0.181756
v -0.709873 0.100330 -0.186180
v -0.704301 0.100529 -0.189021
v -0.698125 0.100750 -0.190000
v -0.697781 0.092021 0.190000
v -0.703955 0.091753 0.189021
v -0.709526 0.091512 0.186180
v -0.713946 0.091320 0.181756
v -0.716784 0.091197 0.176180
v -0.717762 0.091155 0.170000
v -0.717762 0.091155 -0.170000
v -0.716784 0.091197 -0.176180
v -0.713946 0.091320 -0.181756
v -0.709526 0.091512 -0.186180
v -0.703955 0.091753 -0.189021
v -0.697781 0.092021 -0.190000
v -0.697370 0.083333 0.190000
v -0.703543 0.083016 0.189021
v -0.709111 0.082730 0.186180
v -0.713530 0.082503 0.181756
v -0.716367 0.082358 0.176180
v -0.717344 0.082307 0.170000
v -0.717344 0.082307 -0.170000
v -0.716367 0.082358 -0.176180
v -0.713530 0.082503 -0.181756
v -0.709111 0.082730 -0.186180
v -0.703543 0.083016 -0.189021
v -0.697370 0.083333 -0.190000
v -0.696891 0.074687 0.190000
v -0.703060 0.074318 0.189021
v -0.708625 0.073985 0.186180
v -0.713042 0.073721 0.181756
v -0.715878 0.073551 0.176180
v -0.716855 0.073492 0.170000
v -0.716855 0.073492 -0.170000
v -0.715878 0.073551 -0.176180
v -0.713042 0.073721 -0.181756
v -0.708625 0.073985 -0.186180
v -0.703060 0.074318 -0.189021
v -0.696891 0.074687 -0.190000
v -0.696338 0.066083 0.190000
v -0.702504 0.065659 0.189021
v -0.708066 0.065276 0.186180
v -0.712480 0.064972 0.181756
v -0.715314 0.064777 0.176180
v -0.716291 0.064710 0.170000
v -0.716291 0.064710 -0.170000
v -0.715314 0.064777 -0.176180
v -0.712480 0.064972 -0.181756
v -0.708066 0.065276 -0.186180
v -0.702504 0.065659 -0.189021
v -0.696338 0.066083 -0.190000
v -0.695709 0.057521 0.190000
v -0.701870 0.057038 0.189021
v -0.707429 0.056603 0.186180
v -0.711840 0.056257 0.181756
v -0.714672 0.056035 0.176180
v -0.715648 0.055959 0.170000
v -0.715648 0.055959 -0.170000
v -0.714672 0.056035 -0.176180
v -0.711840 0.056257 -0.181756
v -0.707429 0.056603 -0.186180
v -0.701870 0.057038 -0.189021
v -0.695709 0.057521 -0.190000
v -0.695000 0.049000 0.190000
v -0.701716 0.055180 0.189021
v -0.707774 0.060756 0.186180
v -0.712582 0.065180 0.181756
v -0.715669 0.068021 0.176180
v -0.716733 0.069000 0.170000
v -0.716733 0.069000 -0.170000
v -0.715669 0.068021 -0.176180
v -0.712582 0.065180 -0.181756
v -0.707774 0.060756 -0.186180
v -0.701716 0.055180 -0.189021
v -0.695000 0.049000 -0.190000
v -0.838000 0.049000 0.190000
v -0.831820 0.055180 0.189021
v -0.826244 0.060756 0.186180
v -0.821820 0.065180 0.181756
v -0.818979 0.068021 0.176180
v -0.818000 0.069000 0.170000
v -0.818000 0.069000 -0.170000
v -0.818979 0.068021 -0.176180
v -0.821820 0.065180 -0.181756
v -0.826244 0.060756 -0.186180
v -0.831820 0.055180 -0.189021
v -0.838000 0.049000 -0.190000
v -0.838000 0.311000 0.190000
v -0.831820 0.304820 0.189021
v -0.826244 0.299244 0.186180
v -0.821820 0.294820 0.181756
v -0.818979 0.291979 0.176180
v -0.818000 0.291000 0.170000
v -0.818000 0.291000 -0.170000
v -0.818979 0.291979 -0.176180
v -0.821820 0.294820 -0.181756
v -0.826244 0.299244 -0.186180
v -0.831820 0.304820 -0.189021
v -0.838000 0.311000 -0.190000
v -0.145000 -0.122000 0.190000
v -0.151180 -0.115820 0.189021
v -0.156756 -0.110244 0.186180
v -0.161180 -0.105820 0.181756
v -0.164021 -0.102979 0.176180
v -0.165000 -0.102000 0.170000
v -0.165000 -0.102000 -0.170000
v -0.164021 -0.102979 -0.176180
v -0.161180 -0.105820 -0.181756
v -0.156756 -0.110244 -0.186180
v -0.151180 -0.115820 -0.189021
v -0.145000 -0.122000 -0.190000
v -0.270000 -0.122000 0.190000
v -0.263820 -0.115820 0.189021
v -0.258244 -0.110244 0.186180
v -0.253820 -0.105820 0.181756
v -0.250979 -0.102979 0.176180
v -0.250000 -0.102000 0.170000
v -0.250000 -0.102000 -0.170000
v -0.250979 -0.102979 -0.176180
v -0.253820 -0.105820 -0.181756
v -0.258244 -0.110244 -0.186180
v -0.263820 -0.115820 -0.189021
v -0.270000 -0.122000 -0.190000
v -0.270000 0.110000 0.190000
v -0.263820 0.103820 0.189021
v -0.258244 0.098244 0.186180
v -0.253820 0.093820 0.181756
v -0.250979 0.090979 0.176180
v -0.250000 0.090000 0.170000
v -0.250000 0.090000 -0.170000
v -0.250979 0.090979 -0.176180
v -0.253820 0.093820 -0.181756
v -0.258244 0.098244 -0.186180
v -0.263820 0.103820 -0.189021
v -0.270000 0.110000 -0.190000
v -0.145000 0.110000 0.190000
v -0.151180 0.103820 0.189021
v -0.156756 0.098244 0.186180
v -0.161180 0.093820 0.181756
v -0.164021 0.090979 0.176180
v -0.165000 0.090000 0.170000
v -0.165000 0.090000 -0.170000
v -0.164021 0.090979 -0.176180
v -0.161180 0.093820 -0.181756
v -0.156756 0.098244 -0.186180
v -0.151180 0.103820 -0.189021
v -0.145000 0.110000 -0.190000
v -0.145000 0.399000 0.190000
v -0.151180 0.392820 0.189021
v -0.156756 0.387244 0.186180
v -0.161180 0.382820 0.181756
v -0.164021 0.379979 0.176180
v -0.165000 0.379000 0.170000
v -0.165000 0.379000 -0.170000
v -0.164021 0.379979 -0.176180
v -0.161180 0.382820 -0.181756
v -0.156756 0.387244 -0.186180
v -0.151180 0.392820 -0.189021
v -0.145000 0.399000 -0.190000
v -0.145000 0.176000 0.190000
v -0.151180 0.182180 0.189021
v -0.156756 0.187756 0.186180
v -0.161180 0.192180 0.181756
v -0.164021 0.195021 0.176180
v -0.165000 0.196000 0.170000
v -0.165000 0.196000 -0.170000
v -0.164021 0.195021 -0.176180
v -0.161180 0.192180 -0.181756
v -0.156756 0.187756 -0.186180
v -0.151180 0.182180 -0.189021
v -0.145000 0.176000 -0.190000
v -0.270000 0.176000 0.190000
v -0.263820 0.182180 0.189021
v -0.258244 0.187756 0.186180
v -0.253820 0.192180 0.181756
v -0.250979 0.195021 0.176180
v -0.250000 0.196000 0.170000
v -0.250000 0.196000 -0.170000
v -0.250979 0.195021 -0.176180
v -0.253820 0.192180 -0.181756
v -0.258244 0.187756 -0.186180
v -0.263820 0.182180 -0.189021
v -0.270000 0.176000 -0.190000
v -0.270000 0.399000 0.190000
v -0.263820 0.392820 0.189021
v -0.258244 0.387244 0.186180
v -0.253820 0.382820 0.181756
v -0.250979 0.379979 0.176180
v -0.250000 0.379000 0.170000
v -0.250000 0.379000 -0.170000
v -0.250979 0.379979 -0.176180
v -0.253820 0.382820 -0.181756
v -0.258244 0.387244 -0.186180
v -0.263820 0.392820 -0.189021
v -0.270000 0.399000 -0.190000
v -0.340000 -0.190000 0.190000
v -0.346180 -0.196180 0.189021
v -0.351756 -0.201756 0.186180
v -0.356180 -0.206180 0.181756
v -0.359021 -0.209021 0.176180
v -0.360000 -0.210000 0.170000
v -0.360000 -0.210000 -0.170000
v -0.359021 -0.209021 -0.176180
v -0.356180 -0.206180 -0.181756
v -0.351756 -0.201756 -0.186180
v -0.346180 -0.196180 -0.189021
v -0.340000 -0.190000 -0.190000
v -0.145000 -0.190000 0.190000
v -0.151180 -0.196180 0.189021
v -0.156756 -0.201756 0.186180
v -0.161180 -0.206180 0.181756
v -0.164021 -0.209021 0.176180
v -0.165000 -0.210000 0.170000
v -0.165000 -0.210000 -0.170000
v -0.164021 -0.209021 -0.176180
v -0.161180 -0.206180 -0.181756
v -0.156756 -0.201756 -0.186180
v -0.151180 -0.196180 -0.189021
v -0.145000 -0.190000 -0.190000
v -0.145000 -0.272000 0.190000
v -0.151180 -0.278180 0.189021
v -0.156756 -0.283756 0.186180
v -0.161180 -0.288180 0.181756
v -0.164021 -0.291021 0.176180
v -0.165000 -0.292000 0.170000
v -0.165000 -0.292000 -0.170000
v -0.164021 -0.291021 -0.176180
v -0.161180 -0.288180 -0.181756
v -0.156756 -0.283756 -0.186180
v -0.151180 -0.278180 -0.189021
v -0.145000 -0.272000 -0.190000
v -0.076000 -0.272000 0.190000
v -0.069820 -0.278180 0.189021
v -0.064244 -0.283756 0.186180
v -0.059820 -0.288180 0.181756
v -0.056979 -0.291021 0.176180
v -0.056000 -0.292000 0.170000
v -0.056000 -0.292000 -0.170000
v -0.056979 -0.291021 -0.176180
v -0.059820 -0.288180 -0.181756
v -0.064244 -0.283756 -0.186180
v -0.069820 -0.278180 -0.189021
v -0.076000 -0.272000 -0.190000
v -0.076000 0.467000 0.190000
v -0.069820 0.473180 0.189021
v -0.064244 0.478756 0.186180
v -0.059820 0.483180 0.181756
v -0.056979 0.486021 0.176180
v -0.056000 0.487000 0.170000
v -0.056000 0.487000 -0.170000
v -0.056979 0.486021 -0.176180
v -0.059820 0.483180 -0.181756
v -0.064244 0.478756 -0.186180
v -0.069820 0.473180 -0.189021
v -0.076000 0.467000 -0.190000
v -0.340000 0.467000 0.190000
v -0.346180 0.473180 0.189021
v -0.351756 0.478756 0.186180
v -0.356180 0.483180 0.181756
v -0.359021 0.486021 0.176180
v -0.360000 0.487000 0.170000
v -0.360000 0.487000 -0.170000
v -0.359021 0.486021 -0.176180
v -0.356180 0.483180 -0.181756
v -0.351756 0.478756 -0.186180
v -0.346180 0.473180 -0.189021
v -0.340000 0.467000 -0.190000
vn -0.0000 -0.0000 -1.0000
vn -0.0000 -0.0000 1.0000
vn 0.1980 -0.1980 0.9600
vn -0.0787 -0.0787 0.9938
vn -0.1980 -0.1980 0.9600
vn 0.3610 -0.3610 0.8599
vn -0.3610 -0.3610 0.8599
vn 0.5226 -0.5226 0.6736
vn -0.5226 -0.5226 0.6736
vn 0.6543 -0.6543 0.3793
vn -0.6543 -0.6543 0.3793
vn 0.7032 -0.7032 0.1049
vn -0.7032 -0.7032 0.1049
vn 0.7032 -0.7032 -0.1049
vn -0.7032 -0.7032 -0.1049
vn -0.6543 -0.6543 -0.3793
vn 0.5226 -0.5226 -0.6736
vn -0.5226 -0.5226 -0.6736
vn 0.3610 -0.3610 -0.8599
vn -0.3610 -0.3610 -0.8599
vn 0.1980 -0.1980 -0.9600
vn -0.1980 -0.1980 -0.9600
vn 0.0787 -0.0787 -0.9938
vn -0.0787 -0.0787 -0.9938
vn 0.1203 -0.1203 0.9854
vn 0.0787 -0.0787 0.9938
vn 0.2882 -0.2882 0.9132
vn 0.4666 -0.4666 0.7513
vn 0.6319 -0.6319 0.4487
vn 0.7024 -0.7023 0.1158
vn 0.7023 -0.7024 -0.1158
vn 0.6543 -0.6543 -0.3793
vn 0.6319 -0.6319 -0.4487
vn 0.4666 -0.4666 -0.7513
vn 0.2882 -0.2882 -0.9132
vn 0.1203 -0.1203 -0.9854
vn -0.1203 -0.1203 0.9854
vn -0.2882 -0.2882 0.9132
vn -0.4666 -0.4666 0.7513
vn -0.6319 -0.6319 0.4487
vn -0.7024 -0.7023 -0.1158
vn -0.6319 -0.6319 -0.4487
vn -0.4666 -0.4666 -0.7513
vn -0.1203 -0.1203 -0.9854
vn -0.7023 -0.7024 0.1158
vn -0.6543 -0.6543 -0.3792
vn -0.2882 -0.2882 -0.9132
vn 0.6543 -0.6543 0.3792
vn 0.1980 0.1980 0.9600
vn 0.3610 0.3610 0.8599
vn 0.5226 0.5226 0.6736
vn 0.7032 0.7032 0.1049
vn 0.7032 0.7032 -0.1049
vn 0.5226 0.5226 -0.6736
vn 0.1980 0.1980 -0.9600
vn 0.0787 0.0787 -0.9938
vn -0.1980 0.1980 0.9600
vn 0.0787 0.0787 0.9938
vn -0.3610 0.3610 0.8599
vn -0.5226 0.5226 0.6736
vn -0.6543 0.6543 0.3792
vn 0.6543 0.6543 0.3792
vn -0.7032 0.7032 0.1049
vn -0.7032 0.7032 -0.1049
vn -0.6543 0.6543 -0.3792
vn 0.6543 0.6543 -0.3792
vn -0.5226 0.5226 -0.6736
vn -0.3610 0.3610 -0.8599
vn 0.3610 0.3610 -0.8599
vn -0.0787 0.0787 -0.9938
vn -0.0787 0.0787 0.9938
vn -0.1980 0.1980 -0.9600
vn -0.6543 0.6543 0.3793
vn -0.6543 0.6543 -0.3793
vn -0.1133 0.0925 0.9892
vn -0.0772 0.0631 0.9950
vn -0.2819 0.2303 0.9314
vn -0.4736 0.3868 0.7913
vn -0.6729 0.5496 0.4952
vn -0.7678 0.6272 0.1304
vn -0.7678 0.6272 -0.1304
vn -0.6729 0.5496 -0.4952
vn -0.4736 0.3868 -0.7913
vn -0.2819 0.2303 -0.9314
vn -0.1133 0.0925 -0.9892
vn -0.0772 0.0631 -0.9950
vn -0.1223 -0.1534 0.9806
vn -0.2809 -0.3523 0.8928
vn -0.4381 -0.5495 0.7114
vn -0.5691 -0.7138 0.4082
vn -0.6201 -0.7776 0.1039
vn -0.6201 -0.7776 -0.1039
vn -0.5691 -0.7138 -0.4082
vn -0.4381 -0.5495 -0.7114
vn -0.2809 -0.3523 -0.8928
vn -0.1223 -0.1534 -0.9806
vn -0.1122 0.0894 0.9897
vn -0.0766 -0.0961 0.9924
vn -0.2804 0.2236 0.9335
vn -0.4731 0.3772 0.7962
vn -0.6765 0.5394 0.5013
vn -0.7750 0.6180 0.1324
vn -0.7750 0.6180 -0.1324
vn -0.6765 0.5394 -0.5013
vn -0.4731 0.3772 -0.7962
vn -0.2804 0.2236 -0.9335
vn -0.0766 -0.0961 -0.9924
vn -0.1122 0.0894 -0.9897
vn -0.0786 0.0753 0.9941
vn -0.0768 0.0613 0.9952
vn -0.1993 0.1908 0.9612
vn -0.3639 0.3484 0.8638
vn -0.5295 0.5070 0.6801
vn -0.6667 0.6383 0.3848
vn -0.7182 0.6876 -0.1070
vn -0.6667 0.6383 -0.3848
vn -0.5295 0.5070 -0.6801
vn -0.3639 0.3484 -0.8638
vn -0.1993 0.1908 -0.9612
vn -0.0786 0.0753 -0.9941
vn -0.0768 0.0613 -0.9952
vn -0.3088 -0.0139 0.9510
vn -0.5873 -0.0264 0.8090
vn -0.8083 -0.0363 0.5877
vn -0.9501 -0.0427 0.3090
vn -0.9959 -0.0447 0.0785
vn -0.7182 0.6876 0.1070
vn -0.9959 -0.0447 -0.0785
vn -0.9501 -0.0427 -0.3090
vn -0.8083 -0.0363 -0.5877
vn -0.5873 -0.0264 -0.8090
vn -0.3088 -0.0139 -0.9510
vn -0.1563 -0.0075 0.9877
vn -0.1563 -0.0070 0.9877
vn -0.3088 -0.0148 0.9510
vn -0.5872 -0.0282 0.8089
vn -0.8081 -0.0388 0.5877
vn -0.9500 -0.0456 0.3090
vn -0.9958 -0.0478 -0.0785
vn -0.9500 -0.0456 -0.3090
vn -0.8081 -0.0388 -0.5877
vn -0.5872 -0.0282 -0.8089
vn -0.3088 -0.0148 -0.9510
vn -0.1563 -0.0075 -0.9877
vn -0.1563 -0.0070 -0.9877
vn -0.1562 -0.0081 0.9877
vn -0.3088 -0.0160 0.9510
vn -0.5871 -0.0304 0.8089
vn -0.8080 -0.0419 0.5877
vn -0.9958 -0.0478 0.0785
vn -0.9498 -0.0492 0.3090
vn -0.9956 -0.0516 -0.0784
vn -0.9498 -0.0492 -0.3090
vn -0.8080 -0.0419 -0.5877
vn -0.5871 -0.0304 -0.8089
vn -0.3088 -0.0160 -0.9510
vn -0.1562 -0.0081 -0.9877
vn -0.1562 -0.0088 0.9877
vn -0.3087 -0.0174 0.9510
vn -0.5870 -0.0330 0.8089
vn -0.8078 -0.0455 0.5877
vn -0.9956 -0.0516 0.0784
vn -0.9496 -0.0534 0.3089
vn -0.9953 -0.0560 -0.0784
vn -0.9496 -0.0534 -0.3089
vn -0.8078 -0.0455 -0.5877
vn -0.5870 -0.0330 -0.8089
vn -0.3087 -0.0174 -0.9510
vn -0.1562 -0.0088 -0.9877
vn -0.1561 -0.0096 0.9877
vn -0.3087 -0.0190 0.9510
vn -0.5869 -0.0362 0.8089
vn -0.8076 -0.0498 0.5877
vn -0.9953 -0.0560 0.0784
vn -0.9493 -0.0585 0.3089
vn -0.9950 -0.0613 -0.0784
vn -0.9493 -0.0585 -0.3089
vn -0.8076 -0.0498 -0.5877
vn -0.5869 -0.0362 -0.8089
vn -0.3087 -0.0190 -0.9510
vn -0.1561 -0.0096 -0.9877
vn -0.1561 -0.0106 0.9877
vn -0.3086 -0.0210 0.9510
vn -0.5867 -0.0399 0.8089
vn -0.8073 -0.0550 0.5876
vn -0.9950 -0.0613 0.0784
vn -0.9489 -0.0646 0.3089
vn -0.9946 -0.0677 -0.0784
vn -0.9489 -0.0646 -0.3089
vn -0.8073 -0.0550 -0.5876
vn -0.5867 -0.0399 -0.8089
vn -0.3086 -0.0210 -0.9510
vn -0.1561 -0.0106 -0.9877
vn -0.1560 -0.0119 0.9877
vn -0.3085 -0.0235 0.9509
vn -0.5864 -0.0446 0.8088
vn -0.8068 -0.0614 0.5876
vn -0.9946 -0.0677 0.0784
vn -0.9484 -0.0721 0.3089
vn -0.9940 -0.0756 -0.0784
vn -0.9484 -0.0721 -0.3089
vn -0.8068 -0.0614 -0.5876
vn -0.5864 -0.0446 -0.8088
vn -0.3085 -0.0235 -0.9509
vn -0.1560 -0.0119 -0.9877
vn -0.1559 -0.0134 0.9877
vn -0.3084 -0.0266 0.9509
vn -0.5860 -0.0505 0.8088
vn -0.8062 -0.0695 0.5875
vn -0.9940 -0.0756 0.0784
vn -0.9476 -0.0817 0.3089
vn -0.9932 -0.0856 -0.0784
vn -0.9476 -0.0817 -0.3089
vn -0.8062 -0.0695 -0.5875
vn -0.5860 -0.0505 -0.8088
vn -0.3084 -0.0266 -0.9509
vn -0.1559 -0.0134 -0.9877
vn -0.1557 -0.0155 0.9877
vn -0.3082 -0.0307 0.9508
vn -0.5854 -0.0582 0.8087
vn -0.8053 -0.0801 0.5874
vn -0.9932 -0.0856 0.0784
vn -0.9465 -0.0942 0.3088
vn -0.9920 -0.0987 -0.0784
vn -0.9465 -0.0942 -0.3088
vn -0.8053 -0.0801 -0.5874
vn -0.5854 -0.0582 -0.8087
vn -0.3082 -0.0307 -0.9508
vn -0.1557 -0.0155 -0.9877
vn -0.1554 -0.0183 0.9877
vn -0.3078 -0.0362 0.9508
vn -0.5844 -0.0687 0.8085
vn -0.8038 -0.0945 0.5873
vn -0.9920 -0.0987 0.0784
vn -0.9446 -0.1111 0.3087
vn -0.9901 -0.1165 -0.0784
vn -0.9446 -0.1111 -0.3087
vn -0.8038 -0.0945 -0.5873
vn -0.5844 -0.0687 -0.8085
vn -0.3078 -0.0362 -0.9508
vn -0.1554 -0.0183 -0.9877
vn -0.1548 -0.0223 0.9877
vn -0.3072 -0.0442 0.9506
vn -0.5827 -0.0839 0.8083
vn -0.8013 -0.1153 0.5871
vn -0.9901 -0.1165 0.0784
vn -0.9415 -0.1355 0.3086
vn -0.9868 -0.1420 -0.0784
vn -0.9415 -0.1355 -0.3086
vn -0.8013 -0.1153 -0.5871
vn -0.5827 -0.0839 -0.8083
vn -0.3072 -0.0442 -0.9506
vn -0.1548 -0.0223 -0.9877
vn -0.3037 -0.0395 0.9519
vn -0.5808 -0.0756 0.8105
vn -0.8011 -0.1043 0.5893
vn -0.9428 -0.1227 0.3100
vn -0.9886 -0.1287 0.0786
vn -0.9868 -0.1420 0.0784
vn -0.9886 -0.1287 -0.0786
vn -0.9428 -0.1227 -0.3100
vn -0.8011 -0.1043 -0.5893
vn -0.5808 -0.0756 -0.8105
vn -0.3037 -0.0395 -0.9519
vn -0.1556 -0.0165 0.9877
vn -0.1551 -0.0202 0.9877
vn -0.3078 -0.0327 0.9509
vn -0.5848 -0.0621 0.8088
vn -0.8047 -0.0855 0.5875
vn -0.9458 -0.1005 0.3089
vn -0.9913 -0.1053 -0.0784
vn -0.9458 -0.1005 -0.3089
vn -0.8047 -0.0855 -0.5875
vn -0.5848 -0.0621 -0.8088
vn -0.3078 -0.0327 -0.9509
vn -0.1556 -0.0165 -0.9877
vn -0.1551 -0.0202 -0.9877
vn -0.1553 -0.0184 0.9877
vn -0.3075 -0.0365 0.9509
vn -0.5841 -0.0694 0.8087
vn -0.8036 -0.0954 0.5875
vn -0.9913 -0.1053 0.0784
vn -0.9445 -0.1122 0.3088
vn -0.9900 -0.1176 -0.0784
vn -0.9445 -0.1122 -0.3088
vn -0.8036 -0.0954 -0.5875
vn -0.5841 -0.0694 -0.8087
vn -0.3075 -0.0365 -0.9509
vn -0.1553 -0.0184 -0.9877
vn -0.1550 -0.0209 0.9877
vn -0.3070 -0.0415 0.9508
vn -0.5831 -0.0787 0.8086
vn -0.8020 -0.1083 0.5874
vn -0.9900 -0.1176 0.0784
vn -0.9426 -0.1273 0.3088
vn -0.9880 -0.1334 -0.0784
vn -0.9426 -0.1273 -0.3088
vn -0.8020 -0.1083 -0.5874
vn -0.5831 -0.0787 -0.8086
vn -0.3070 -0.0415 -0.9508
vn -0.1550 -0.0209 -0.9877
vn -0.1545 -0.0242 0.9877
vn -0.3063 -0.0479 0.9507
vn -0.5815 -0.0909 0.8085
vn -0.7997 -0.1250 0.5873
vn -0.9880 -0.1334 0.0784
vn -0.9397 -0.1469 0.3087
vn -0.9850 -0.1540 -0.0784
vn -0.9397 -0.1469 -0.3087
vn -0.7997 -0.1250 -0.5873
vn -0.5815 -0.0909 -0.8085
vn -0.3063 -0.0479 -0.9507
vn -0.1545 -0.0242 -0.9877
vn -0.1538 -0.0283 0.9877
vn -0.3052 -0.0562 0.9506
vn -0.5790 -0.1067 0.8083
vn -0.7961 -0.1467 0.5871
vn -0.9850 -0.1540 0.0784
vn -0.9354 -0.1723 0.3086
vn -0.9804 -0.1806 -0.0784
vn -0.9354 -0.1723 -0.3086
vn -0.7961 -0.1467 -0.5871
vn -0.5790 -0.1067 -0.8083
vn -0.3052 -0.0562 -0.9506
vn -0.1538 -0.0283 -0.9877
vn -0.1527 -0.0338 0.9877
vn -0.3034 -0.0671 0.9505
vn -0.5751 -0.1272 0.8081
vn -0.7906 -0.1748 0.5869
vn -0.9804 -0.1806 0.0784
vn -0.9288 -0.2054 0.3085
vn -0.9734 -0.2153 -0.0784
vn -0.9288 -0.2054 -0.3085
vn -0.7906 -0.1748 -0.5869
vn -0.5751 -0.1272 -0.8081
vn -0.3034 -0.0671 -0.9505
vn -0.1527 -0.0338 -0.9877
vn -0.1510 -0.0408 0.9877
vn -0.3005 -0.0813 0.9503
vn -0.5689 -0.1539 0.8079
vn -0.7817 -0.2114 0.5867
vn -0.9734 -0.2153 0.0784
vn -0.9183 -0.2483 0.3083
vn -0.9624 -0.2602 -0.0784
vn -0.9183 -0.2483 -0.3083
vn -0.7817 -0.2114 -0.5867
vn -0.5689 -0.1539 -0.8079
vn -0.3005 -0.0813 -0.9503
vn -0.1510 -0.0408 -0.9877
vn -0.1481 -0.0499 0.9877
vn -0.2956 -0.0997 0.9501
vn -0.5589 -0.1884 0.8075
vn -0.7676 -0.2588 0.5864
vn -0.9624 -0.2602 0.0784
vn -0.9015 -0.3039 0.3082
vn -0.9447 -0.3185 -0.0784
vn -0.9015 -0.3039 -0.3082
vn -0.7676 -0.2588 -0.5864
vn -0.5589 -0.1884 -0.8075
vn -0.2956 -0.0997 -0.9501
vn -0.1481 -0.0499 -0.9877
vn -0.1436 -0.0616 0.9877
vn -0.2875 -0.1234 0.9498
vn -0.5425 -0.2328 0.8071
vn -0.7446 -0.3195 0.5860
vn -0.9447 -0.3185 0.0784
vn -0.8743 -0.3752 0.3080
vn -0.9161 -0.3931 -0.0784
vn -0.8743 -0.3752 -0.3080
vn -0.7446 -0.3195 -0.5860
vn -0.5425 -0.2328 -0.8071
vn -0.2875 -0.1234 -0.9498
vn -0.1436 -0.0616 -0.9877
vn -0.1363 -0.0762 0.9877
vn -0.2740 -0.1531 0.9495
vn -0.5159 -0.2882 0.8067
vn -0.7076 -0.3954 0.5857
vn -0.9161 -0.3931 0.0784
vn -0.8306 -0.4641 0.3078
vn -0.8703 -0.4863 -0.0784
vn -0.8306 -0.4641 -0.3078
vn -0.7076 -0.3954 -0.5857
vn -0.5159 -0.2882 -0.8067
vn -0.2740 -0.1531 -0.9495
vn -0.1363 -0.0762 -0.9877
vn -0.1250 -0.0934 0.9878
vn -0.2523 -0.1884 0.9491
vn -0.4740 -0.3539 0.8063
vn -0.6496 -0.4851 0.5853
vn -0.8703 -0.4863 0.0784
vn -0.7624 -0.5693 0.3076
vn -0.7988 -0.5965 -0.0784
vn -0.7624 -0.5693 -0.3076
vn -0.6496 -0.4851 -0.5853
vn -0.4740 -0.3539 -0.8063
vn -0.2523 -0.1884 -0.9491
vn -0.1250 -0.0934 -0.9878
vn -0.2259 -0.2169 0.9497
vn -0.4260 -0.4090 0.8070
vn -0.5846 -0.5612 0.5859
vn -0.6863 -0.6589 0.3079
vn -0.7191 -0.6904 0.0784
vn -0.7988 -0.5965 0.0784
vn -0.7191 -0.6904 -0.0784
vn -0.6863 -0.6589 -0.3079
vn -0.5846 -0.5612 -0.5859
vn -0.4260 -0.4090 -0.8070
vn -0.2259 -0.2169 -0.9497
vn -0.2062 -0.2339 0.9501
vn -0.1127 -0.1082 0.9877
vn -0.3900 -0.4423 0.8076
vn -0.5357 -0.6076 0.5864
vn -0.6292 -0.7136 0.3082
vn -0.6593 -0.7478 0.0784
vn -0.6593 -0.7478 -0.0784
vn -0.6292 -0.7136 -0.3082
vn -0.5357 -0.6076 -0.5864
vn -0.3900 -0.4423 -0.8076
vn -0.1127 -0.1082 -0.9877
vn -0.2062 -0.2339 -0.9501
vn -0.0951 -0.1241 0.9877
vn -0.1034 -0.1173 0.9877
vn -0.1898 -0.2477 0.9501
vn -0.3588 -0.4682 0.8075
vn -0.4928 -0.6430 0.5863
vn -0.5787 -0.7551 0.3081
vn -0.6064 -0.7913 -0.0784
vn -0.5787 -0.7551 -0.3081
vn -0.4928 -0.6430 -0.5863
vn -0.3588 -0.4682 -0.8075
vn -0.1898 -0.2477 -0.9501
vn -0.0951 -0.1241 -0.9877
vn -0.1034 -0.1173 -0.9877
vn -0.0856 -0.1308 0.9877
vn -0.1711 -0.2612 0.9500
vn -0.3232 -0.4936 0.8074
vn -0.4438 -0.6778 0.5863
vn -0.6064 -0.7913 0.0784
vn -0.5212 -0.7959 0.3081
vn -0.5461 -0.8340 -0.0784
vn -0.5212 -0.7959 -0.3081
vn -0.4438 -0.6778 -0.5863
vn -0.3232 -0.4936 -0.8074
vn -0.1711 -0.2612 -0.9500
vn -0.0856 -0.1308 -0.9877
vn -0.0753 -0.1370 0.9877
vn -0.1504 -0.2737 0.9500
vn -0.2842 -0.5171 0.8074
vn -0.3902 -0.7100 0.5862
vn -0.5461 -0.8340 0.0784
vn -0.4582 -0.8337 0.3081
vn -0.4801 -0.8737 -0.0784
vn -0.4582 -0.8337 -0.3081
vn -0.3902 -0.7100 -0.5862
vn -0.2842 -0.5171 -0.8074
vn -0.1504 -0.2737 -0.9500
vn -0.0753 -0.1370 -0.9877
vn -0.1288 -0.2845 0.9500
vn -0.2433 -0.5375 0.8074
vn -0.3341 -0.7380 0.5862
vn -0.3923 -0.8667 0.3081
vn -0.4111 -0.9082 0.0784
vn -0.4801 -0.8737 0.0784
vn -0.4111 -0.9082 -0.0784
vn -0.3923 -0.8667 -0.3081
vn -0.3341 -0.7380 -0.5862
vn -0.2433 -0.5375 -0.8074
vn -0.1288 -0.2845 -0.9500
vn -0.1071 -0.2931 0.9500
vn -0.0645 -0.1424 0.9877
vn -0.2024 -0.5541 0.8075
vn -0.2780 -0.7609 0.5863
vn -0.3265 -0.8936 0.3081
vn -0.3421 -0.9364 0.0784
vn -0.3421 -0.9364 -0.0784
vn -0.3265 -0.8936 -0.3081
vn -0.2780 -0.7609 -0.5863
vn -0.2024 -0.5541 -0.8075
vn -0.0645 -0.1424 -0.9877
vn -0.1071 -0.2931 -0.9500
vn -0.0864 -0.2996 0.9501
vn -0.0536 -0.1468 0.9877
vn -0.1635 -0.5666 0.8076
vn -0.2245 -0.7783 0.5864
vn -0.2637 -0.9140 0.3082
vn -0.2764 -0.9579 0.0784
vn -0.2764 -0.9579 -0.0784
vn -0.2637 -0.9140 -0.3082
vn -0.2245 -0.7783 -0.5864
vn -0.1635 -0.5666 -0.8076
vn -0.0537 -0.1468 -0.9877
vn -0.0864 -0.2996 -0.9501
vn -0.0676 -0.3041 0.9502
vn -0.0433 -0.1502 0.9877
vn -0.1279 -0.5755 0.8078
vn -0.1757 -0.7906 0.5866
vn -0.2064 -0.9286 0.3083
vn -0.2163 -0.9732 0.0784
vn -0.2163 -0.9732 -0.0784
vn -0.2064 -0.9286 -0.3083
vn -0.1757 -0.7906 -0.5866
vn -0.1279 -0.5755 -0.8078
vn -0.0433 -0.1502 -0.9877
vn -0.0676 -0.3041 -0.9502
vn -0.0510 -0.3069 0.9504
vn -0.0339 -0.1526 0.9877
vn -0.0967 -0.5813 0.8079
vn -0.1328 -0.7988 0.5867
vn -0.1560 -0.9384 0.3084
vn -0.1635 -0.9834 0.0784
vn -0.1635 -0.9834 -0.0784
vn -0.1560 -0.9384 -0.3084
vn -0.1328 -0.7988 -0.5867
vn -0.0967 -0.5813 -0.8079
vn -0.0339 -0.1526 -0.9877
vn -0.0510 -0.3069 -0.9504
vn -0.0371 -0.3086 0.9505
vn -0.0257 -0.1543 0.9877
vn -0.0702 -0.5848 0.8081
vn -0.0965 -0.8039 0.5869
vn -0.1134 -0.9444 0.3085
vn -0.1189 -0.9898 0.0784
vn -0.1189 -0.9898 -0.0784
vn -0.1134 -0.9444 -0.3085
vn -0.0965 -0.8039 -0.5869
vn -0.0702 -0.5848 -0.8081
vn -0.0257 -0.1543 -0.9877
vn -0.0371 -0.3086 -0.9505
vn -0.0256 -0.3094 0.9506
vn -0.0187 -0.1553 0.9877
vn -0.0486 -0.5868 0.8083
vn -0.0669 -0.8068 0.5871
vn -0.0786 -0.9480 0.3086
vn -0.0823 -0.9935 0.0784
vn -0.0823 -0.9935 -0.0784
vn -0.0786 -0.9480 -0.3086
vn -0.0669 -0.8068 -0.5871
vn -0.0486 -0.5868 -0.8083
vn -0.0187 -0.1553 -0.9877
vn -0.0256 -0.3094 -0.9506
vn -0.0179 -0.3093 0.9508
vn -0.0129 -0.1559 0.9877
vn -0.0339 -0.5874 0.8086
vn -0.0467 -0.8080 0.5874
vn -0.0549 -0.9496 0.3088
vn -0.0575 -0.9953 0.0784
vn -0.0575 -0.9953 -0.0784
vn -0.0549 -0.9496 -0.3088
vn -0.0467 -0.8080 -0.5874
vn -0.0339 -0.5874 -0.8086
vn -0.0129 -0.1559 -0.9877
vn -0.0179 -0.3093 -0.9508
vn -0.0063 -0.1563 0.9877
vn -0.0090 -0.1562 0.9877
vn -0.0124 -0.3096 0.9508
vn -0.0235 -0.5879 0.8086
vn -0.0324 -0.8087 0.5874
vn -0.0380 -0.9504 0.3088
vn -0.0399 -0.9961 -0.0784
vn -0.0380 -0.9504 -0.3088
vn -0.0324 -0.8087 -0.5874
vn -0.0235 -0.5879 -0.8086
vn -0.0124 -0.3096 -0.9508
vn -0.0063 -0.1563 -0.9877
vn -0.0090 -0.1562 -0.9877
vn -0.0074 -0.3096 0.9509
vn -0.0140 -0.5881 0.8087
vn -0.0192 -0.8090 0.5875
vn -0.0226 -0.9509 0.3088
vn -0.0237 -0.9966 0.0784
vn -0.0399 -0.9961 0.0784
vn -0.0237 -0.9966 -0.0784
vn -0.0226 -0.9509 -0.3088
vn -0.0192 -0.8090 -0.5875
vn -0.0140 -0.5881 -0.8087
vn -0.0074 -0.3096 -0.9509
vn -0.0034 -0.3095 0.9509
vn -0.0037 -0.1564 0.9877
vn -0.0064 -0.5881 0.8087
vn -0.0088 -0.8092 0.5875
vn -0.0104 -0.9511 0.3089
vn -0.0109 -0.9969 0.0784
vn -0.0109 -0.9969 -0.0784
vn -0.0104 -0.9511 -0.3089
vn -0.0088 -0.8092 -0.5875
vn -0.0064 -0.5881 -0.8087
vn -0.0037 -0.1564 -0.9877
vn -0.0034 -0.3095 -0.9509
vn -0.0001 -0.3095 0.9509
vn -0.0017 -0.1564 0.9877
vn -0.0001 -0.5881 0.8088
vn -0.0001 -0.8092 0.5876
vn -0.0002 -0.9511 0.3089
vn -0.0002 -0.9969 0.0784
vn -0.0002 -0.9969 -0.0784
vn -0.0002 -0.9511 -0.3089
vn -0.0001 -0.8092 -0.5876
vn -0.0001 -0.5881 -0.8088
vn -0.0017 -0.1564 -0.9877
vn -0.0001 -0.3095 -0.9509
vn 0.0028 -0.3094 0.9509
vn -0.0000 -0.1564 0.9877
vn 0.0054 -0.5880 0.8088
vn 0.0074 -0.8091 0.5876
vn 0.0087 -0.9511 0.3089
vn 0.0091 -0.9969 0.0784
vn 0.0091 -0.9969 -0.0784
vn 0.0087 -0.9511 -0.3089
vn 0.0074 -0.8091 -0.5876
vn 0.0054 -0.5880 -0.8088
vn -0.0000 -0.1564 -0.9877
vn 0.0028 -0.3094 -0.9509
vn 0.0054 -0.3093 0.9509
vn 0.0014 -0.1564 0.9877
vn 0.0103 -0.5880 0.8088
vn 0.0141 -0.8090 0.5876
vn 0.0166 -0.9509 0.3089
vn 0.0174 -0.9968 0.0784
vn 0.0174 -0.9968 -0.0784
vn 0.0166 -0.9509 -0.3089
vn 0.0141 -0.8090 -0.5876
vn 0.0103 -0.5880 -0.8088
vn 0.0014 -0.1564 -0.9877
vn 0.0054 -0.3093 -0.9509
vn 0.0078 -0.3093 0.9509
vn 0.0027 -0.1564 0.9877
vn 0.0148 -0.5878 0.8088
vn 0.0204 -0.8089 0.5876
vn 0.0240 -0.9508 0.3089
vn 0.0251 -0.9966 0.0784
vn 0.0251 -0.9966 -0.0784
vn 0.0240 -0.9508 -0.3089
vn 0.0204 -0.8089 -0.5876
vn 0.0148 -0.5878 -0.8088
vn 0.0027 -0.1564 -0.9877
vn 0.0078 -0.3093 -0.9509
vn 0.0101 -0.3092 0.9510
vn 0.0039 -0.1564 0.9877
vn 0.0191 -0.5877 0.8088
vn 0.0263 -0.8087 0.5876
vn 0.0309 -0.9506 0.3089
vn 0.0324 -0.9964 0.0784
vn 0.0324 -0.9964 -0.0784
vn 0.0309 -0.9506 -0.3089
vn 0.0263 -0.8087 -0.5876
vn 0.0191 -0.5877 -0.8088
vn 0.0039 -0.1564 -0.9877
vn 0.0101 -0.3092 -0.9510
vn 0.0123 -0.3091 0.9510
vn 0.0051 -0.1563 0.9877
vn 0.0233 -0.5876 0.8088
vn 0.0321 -0.8085 0.5876
vn 0.0377 -0.9503 0.3089
vn 0.0395 -0.9961 0.0784
vn 0.0395 -0.9961 -0.0784
vn 0.0377 -0.9503 -0.3089
vn 0.0321 -0.8085 -0.5876
vn 0.0233 -0.5876 -0.8088
vn 0.0051 -0.1563 -0.9877
vn 0.0123 -0.3091 -0.9510
vn 0.0073 -0.1563 0.9877
vn 0.0062 -0.1563 0.9877
vn 0.0145 -0.3090 0.9510
vn 0.0275 -0.5874 0.8089
vn 0.0378 -0.8083 0.5876
vn 0.0466 -0.9958 0.0784
vn 0.0466 -0.9958 -0.0784
vn 0.0445 -0.9500 -0.3089
vn 0.0378 -0.8083 -0.5876
vn 0.0275 -0.5874 -0.8088
vn 0.0145 -0.3090 -0.9510
vn 0.0073 -0.1563 -0.9877
vn 0.0062 -0.1563 -0.9877
vn 0.0084 -0.1562 0.9877
vn 0.0167 -0.3089 0.9510
vn 0.0318 -0.5872 0.8088
vn 0.0445 -0.9500 0.3089
vn 0.0437 -0.8080 0.5876
vn 0.0514 -0.9497 0.3089
vn 0.0538 -0.9955 -0.0784
vn 0.0514 -0.9497 -0.3089
vn 0.0437 -0.8080 -0.5876
vn 0.0318 -0.5872 -0.8088
vn 0.0167 -0.3089 -0.9510
vn 0.0084 -0.1562 -0.9877
vn 0.0826 -0.0878 0.9927
vn 0.2019 -0.2145 0.9556
vn 0.3662 -0.3891 0.8453
vn 0.5208 -0.5533 0.6501
vn 0.0538 -0.9955 0.0784
vn 0.6395 -0.6795 0.3597
vn 0.6821 -0.7247 -0.0977
vn 0.6395 -0.6795 -0.3596
vn 0.5208 -0.5533 -0.6501
vn 0.3662 -0.3891 -0.8453
vn 0.2019 -0.2145 -0.9556
vn 0.0826 -0.0878 -0.9927
vn 0.3041 -0.0427 0.9517
vn 0.5806 -0.0815 0.8101
vn 0.8004 -0.1124 0.5889
vn 0.9416 -0.1322 0.3097
vn 0.9872 -0.1386 0.0786
vn 0.6821 -0.7247 0.0977
vn 0.9872 -0.1386 -0.0786
vn 0.9416 -0.1322 -0.3097
vn 0.8004 -0.1124 -0.5889
vn 0.5806 -0.0815 -0.8101
vn 0.3041 -0.0427 -0.9517
vn 0.1539 -0.0280 0.9877
vn 0.1549 -0.0217 0.9877
vn 0.3023 -0.0550 0.9516
vn 0.5770 -0.1050 0.8100
vn 0.7952 -0.1447 0.5888
vn 0.9355 -0.1702 0.3096
vn 0.9808 -0.1784 -0.0785
vn 0.9355 -0.1702 -0.3096
vn 0.7952 -0.1447 -0.5888
vn 0.5770 -0.1050 -0.8100
vn 0.3023 -0.0550 -0.9516
vn 0.1539 -0.0280 -0.9877
vn 0.1549 -0.0217 -0.9877
vn 0.1527 -0.0337 0.9877
vn 0.3001 -0.0663 0.9516
vn 0.5727 -0.1265 0.8099
vn 0.7893 -0.1744 0.5887
vn 0.9808 -0.1784 0.0785
vn 0.9285 -0.2051 0.3096
vn 0.9734 -0.2151 -0.0785
vn 0.9285 -0.2051 -0.3096
vn 0.7893 -0.1744 -0.5887
vn 0.5727 -0.1265 -0.8099
vn 0.3001 -0.0663 -0.9516
vn 0.1527 -0.0337 -0.9877
vn 0.1514 -0.0392 0.9877
vn 0.2976 -0.0771 0.9516
vn 0.5678 -0.1470 0.8099
vn 0.7826 -0.2026 0.5887
vn 0.9734 -0.2151 0.0785
vn 0.9205 -0.2384 0.3096
vn 0.9651 -0.2499 -0.0785
vn 0.9205 -0.2384 -0.3096
vn 0.7826 -0.2026 -0.5887
vn 0.5678 -0.1470 -0.8099
vn 0.2976 -0.0771 -0.9516
vn 0.1514 -0.0392 -0.9877
vn 0.2946 -0.0876 0.9516
vn 0.5623 -0.1671 0.8099
vn 0.7749 -0.2303 0.5887
vn 0.9115 -0.2709 0.3096
vn 0.9556 -0.2840 0.0785
vn 0.9651 -0.2499 0.0785
vn 0.9556 -0.2840 -0.0785
vn 0.9115 -0.2709 -0.3096
vn 0.7749 -0.2303 -0.5887
vn 0.5623 -0.1671 -0.8099
vn 0.2946 -0.0876 -0.9516
vn 0.2912 -0.0981 0.9516
vn 0.1499 -0.0446 0.9877
vn 0.5558 -0.1873 0.8099
vn 0.7660 -0.2581 0.5887
vn 0.9011 -0.3036 0.3096
vn 0.9447 -0.3183 0.0785
vn 0.9447 -0.3183 -0.0785
vn 0.9011 -0.3036 -0.3096
vn 0.7660 -0.2581 -0.5887
vn 0.5558 -0.1873 -0.8099
vn 0.1499 -0.0446 -0.9877
vn 0.2912 -0.0981 -0.9516
vn 0.2872 -0.1090 0.9516
vn 0.1482 -0.0499 0.9877
vn 0.5483 -0.2080 0.8100
vn 0.7557 -0.2867 0.5888
vn 0.8890 -0.3373 0.3096
vn 0.9321 -0.3536 0.0785
vn 0.9321 -0.3536 -0.0785
vn 0.8890 -0.3373 -0.3096
vn 0.7557 -0.2867 -0.5888
vn 0.5483 -0.2080 -0.8100
vn 0.1482 -0.0499 -0.9877
vn 0.2873 -0.1090 -0.9516
vn 0.2825 -0.1204 0.9517
vn 0.1462 -0.0555 0.9877
vn 0.5394 -0.2298 0.8101
vn 0.7436 -0.3168 0.5889
vn 0.8748 -0.3727 0.3097
vn 0.9172 -0.3907 0.0786
vn 0.9172 -0.3907 -0.0786
vn 0.8748 -0.3727 -0.3097
vn 0.7436 -0.3168 -0.5889
vn 0.5394 -0.2298 -0.8101
vn 0.1462 -0.0555 -0.9877
vn 0.2825 -0.1204 -0.9517
vn 0.2768 -0.1325 0.9517
vn 0.1439 -0.0613 0.9877
vn 0.5288 -0.2531 0.8102
vn 0.7290 -0.3489 0.5890
vn 0.8577 -0.4105 0.3098
vn 0.8992 -0.4304 0.0786
vn 0.8992 -0.4304 -0.0786
vn 0.8577 -0.4105 -0.3098
vn 0.7290 -0.3489 -0.5890
vn 0.5288 -0.2531 -0.8102
vn 0.1439 -0.0613 -0.9877
vn 0.2768 -0.1325 -0.9517
vn 0.2698 -0.1456 0.9518
vn 0.1411 -0.0675 0.9877
vn 0.5157 -0.2783 0.8103
vn 0.7111 -0.3837 0.5891
vn 0.8368 -0.4515 0.3099
vn 0.8773 -0.4734 0.0786
vn 0.8773 -0.4734 -0.0786
vn 0.8368 -0.4515 -0.3099
vn 0.7111 -0.3837 -0.5891
vn 0.5157 -0.2783 -0.8103
vn 0.1411 -0.0675 -0.9877
vn 0.2699 -0.1456 -0.9518
vn 0.2612 -0.1600 0.9519
vn 0.1376 -0.0743 0.9877
vn 0.4995 -0.3059 0.8105
vn 0.6890 -0.4219 0.5893
vn 0.8108 -0.4965 0.3100
vn 0.8502 -0.5206 0.0786
vn 0.8502 -0.5206 -0.0786
vn 0.8108 -0.4965 -0.3100
vn 0.6890 -0.4219 -0.5893
vn 0.4995 -0.3059 -0.8105
vn 0.1376 -0.0743 -0.9877
vn 0.2612 -0.1600 -0.9519
vn 0.0598 0.0355 0.9976
vn 0.1333 -0.0817 0.9877
vn 0.1680 0.0998 0.9807
vn 0.3173 0.1886 0.9294
vn 0.5121 0.3043 0.8032
vn 0.7418 0.4408 0.5053
vn 0.8490 0.5045 -0.1571
vn 0.7418 0.4408 -0.5053
vn 0.5121 0.3043 -0.8032
vn 0.3173 0.1886 -0.9294
vn 0.1680 0.0998 -0.9807
vn 0.0598 0.0355 -0.9976
vn 0.1333 -0.0817 -0.9877
vn -0.0231 0.3077 0.9512
vn -0.0441 0.5858 0.8093
vn -0.0607 0.8066 0.5880
vn -0.0713 0.9483 0.3092
vn -0.0748 0.9941 0.0785
vn 0.8490 0.5045 0.1571
vn -0.0748 0.9941 -0.0785
vn -0.0713 0.9483 -0.3092
vn -0.0607 0.8066 -0.5880
vn -0.0441 0.5858 -0.8093
vn -0.0231 0.3077 -0.9512
vn -0.0102 0.1561 0.9877
vn -0.0117 0.1560 0.9877
vn -0.0202 0.3079 0.9512
vn -0.0384 0.5862 0.8092
vn -0.0529 0.8071 0.5880
vn -0.0622 0.9490 0.3092
vn -0.0652 0.9948 -0.0785
vn -0.0622 0.9490 -0.3092
vn -0.0529 0.8071 -0.5880
vn -0.0384 0.5862 -0.8092
vn -0.0202 0.3079 -0.9512
vn -0.0102 0.1561 -0.9877
vn -0.0117 0.1560 -0.9877
vn -0.0089 0.1562 0.9877
vn -0.0175 0.3081 0.9512
vn -0.0334 0.5866 0.8092
vn -0.0459 0.8076 0.5880
vn -0.0652 0.9948 0.0785
vn -0.0540 0.9495 0.3091
vn -0.0566 0.9953 -0.0785
vn -0.0540 0.9495 -0.3091
vn -0.0459 0.8076 -0.5880
vn -0.0334 0.5866 -0.8092
vn -0.0175 0.3081 -0.9512
vn -0.0089 0.1562 -0.9877
vn -0.0076 0.1562 0.9877
vn -0.0151 0.3083 0.9512
vn -0.0287 0.5868 0.8092
vn -0.0395 0.8079 0.5880
vn -0.0566 0.9953 0.0785
vn -0.0465 0.9499 0.3091
vn -0.0487 0.9957 -0.0785
vn -0.0465 0.9499 -0.3091
vn -0.0395 0.8079 -0.5880
vn -0.0287 0.5868 -0.8092
vn -0.0151 0.3083 -0.9512
vn -0.0076 0.1562 -0.9877
vn -0.0065 0.1563 0.9877
vn -0.0128 0.3084 0.9512
vn -0.0244 0.5870 0.8092
vn -0.0336 0.8082 0.5880
vn -0.0487 0.9957 0.0785
vn -0.0396 0.9502 0.3091
vn -0.0415 0.9961 -0.0785
vn -0.0396 0.9502 -0.3091
vn -0.0336 0.8082 -0.5880
vn -0.0244 0.5870 -0.8092
vn -0.0128 0.3084 -0.9512
vn -0.0065 0.1563 -0.9877
vn -0.0055 0.1563 0.9877
vn -0.0108 0.3085 0.9512
vn -0.0205 0.5872 0.8092
vn -0.0282 0.8084 0.5879
vn -0.0415 0.9961 0.0785
vn -0.0332 0.9504 0.3091
vn -0.0348 0.9963 -0.0785
vn -0.0332 0.9504 -0.3091
vn -0.0282 0.8084 -0.5879
vn -0.0205 0.5872 -0.8092
vn -0.0108 0.3085 -0.9512
vn -0.0055 0.1563 -0.9877
vn -0.0045 0.1564 0.9877
vn -0.0088 0.3086 0.9511
vn -0.0168 0.5873 0.8092
vn -0.0231 0.8086 0.5879
vn -0.0348 0.9963 0.0785
vn -0.0272 0.9506 0.3091
vn -0.0285 0.9965 -0.0785
vn -0.0272 0.9506 -0.3091
vn -0.0231 0.8086 -0.5879
vn -0.0168 0.5873 -0.8092
vn -0.0088 0.3086 -0.9511
vn -0.0045 0.1564 -0.9877
vn -0.0036 0.1564 0.9877
vn -0.0070 0.3087 0.9511
vn -0.0133 0.5874 0.8092
vn -0.0184 0.8087 0.5879
vn -0.0285 0.9965 0.0785
vn -0.0216 0.9508 0.3091
vn -0.0226 0.9967 -0.0785
vn -0.0216 0.9508 -0.3091
vn -0.0184 0.8087 -0.5879
vn -0.0133 0.5874 -0.8092
vn -0.0070 0.3087 -0.9511
vn -0.0036 0.1564 -0.9877
vn -0.0027 0.1564 0.9877
vn -0.0053 0.3087 0.9511
vn -0.0100 0.5875 0.8092
vn -0.0138 0.8088 0.5879
vn -0.0226 0.9967 0.0785
vn -0.0162 0.9509 0.3091
vn -0.0170 0.9968 -0.0785
vn -0.0162 0.9509 -0.3091
vn -0.0138 0.8088 -0.5879
vn -0.0100 0.5875 -0.8092
vn -0.0053 0.3087 -0.9511
vn -0.0027 0.1564 -0.9877
vn -0.0018 0.1564 0.9877
vn -0.0036 0.3088 0.9511
vn -0.0068 0.5876 0.8091
vn -0.0094 0.8089 0.5879
vn -0.0170 0.9968 0.0785
vn -0.0110 0.9510 0.3091
vn -0.0115 0.9968 -0.0785
vn -0.0110 0.9510 -0.3091
vn -0.0094 0.8089 -0.5879
vn -0.0068 0.5876 -0.8091
vn -0.0036 0.3088 -0.9511
vn -0.0018 0.1564 -0.9877
vn -0.0019 0.3088 0.9511
vn -0.0035 0.5876 0.8092
vn -0.0049 0.8089 0.5879
vn -0.0057 0.9510 0.3091
vn -0.0060 0.9969 0.0785
vn -0.0115 0.9968 0.0785
vn -0.0060 0.9969 -0.0785
vn -0.0057 0.9510 -0.3091
vn -0.0049 0.8089 -0.5879
vn -0.0035 0.5876 -0.8092
vn -0.0019 0.3088 -0.9511
vn 0.0002 0.3087 0.9512
vn -0.0009 0.1564 0.9877
vn 0.0004 0.5875 0.8092
vn 0.0006 0.8089 0.5880
vn 0.0007 0.9510 0.3091
vn 0.0007 0.9969 0.0785
vn 0.0007 0.9969 -0.0785
vn 0.0007 0.9510 -0.3091
vn 0.0006 0.8089 -0.5880
vn 0.0004 0.5875 -0.8092
vn -0.0009 0.1564 -0.9877
vn 0.0002 0.3087 -0.9512
vn 0.0036 0.3084 0.9513
vn 0.0001 0.1564 0.9877
vn 0.0068 0.5873 0.8094
vn 0.0094 0.8087 0.5881
vn 0.0110 0.9509 0.3092
vn 0.0116 0.9968 0.0785
vn 0.0116 0.9968 -0.0785
vn 0.0110 0.9509 -0.3092
vn 0.0094 0.8087 -0.5881
vn 0.0068 0.5873 -0.8094
vn 0.0001 0.1564 -0.9877
vn 0.0036 0.3084 -0.9513
vn 0.0091 0.3079 0.9514
vn 0.0018 0.1564 0.9877
vn 0.0174 0.5868 0.8096
vn 0.0240 0.8083 0.5883
vn 0.0282 0.9505 0.3094
vn 0.0296 0.9965 0.0785
vn 0.0296 0.9965 -0.0785
vn 0.0282 0.9505 -0.3094
vn 0.0240 0.8083 -0.5883
vn 0.0174 0.5868 -0.8096
vn 0.0018 0.1564 -0.9877
vn 0.0091 0.3079 -0.9514
vn 0.0174 0.3071 0.9515
vn 0.0046 0.1564 0.9877
vn 0.0332 0.5858 0.8098
vn 0.0458 0.8071 0.5886
vn 0.0539 0.9494 0.3095
vn 0.0565 0.9953 0.0785
vn 0.0565 0.9953 -0.0785
vn 0.0539 0.9494 -0.3095
vn 0.0458 0.8071 -0.5886
vn 0.0332 0.5858 -0.8098
vn 0.0046 0.1564 -0.9877
vn 0.0174 0.3071 -0.9515
vn 0.0289 0.3056 0.9517
vn 0.0089 0.1562 0.9877
vn 0.0551 0.5837 0.8101
vn 0.0760 0.8046 0.5889
vn 0.0894 0.9466 0.3097
vn 0.0938 0.9925 0.0786
vn 0.0938 0.9925 -0.0786
vn 0.0894 0.9466 -0.3097
vn 0.0760 0.8046 -0.5889
vn 0.0551 0.5837 -0.8101
vn 0.0089 0.1562 -0.9877
vn 0.0289 0.3056 -0.9517
vn 0.0439 0.3032 0.9519
vn 0.0147 0.1557 0.9877
vn 0.0839 0.5798 0.8104
vn 0.1157 0.7996 0.5892
vn 0.1361 0.9410 0.3099
vn 0.1427 0.9866 0.0786
vn 0.1427 0.9866 -0.0786
vn 0.1361 0.9410 -0.3099
vn 0.1157 0.7996 -0.5892
vn 0.0839 0.5798 -0.8104
vn 0.0147 0.1557 -0.9877
vn 0.0439 0.3032 -0.9519
vn 0.0625 0.2993 0.9521
vn 0.0224 0.1548 0.9877
vn 0.1196 0.5730 0.8108
vn 0.1651 0.7906 0.5896
vn 0.1943 0.9306 0.3102
vn 0.2038 0.9759 0.0786
vn 0.2038 0.9759 -0.0786
vn 0.1943 0.9306 -0.3102
vn 0.1651 0.7906 -0.5896
vn 0.1196 0.5730 -0.8108
vn 0.0224 0.1548 -0.9877
vn 0.0625 0.2993 -0.9521
vn 0.0845 0.2932 0.9523
vn 0.0320 0.1530 0.9877
vn 0.1620 0.5619 0.8112
vn 0.2237 0.7758 0.5900
vn 0.2634 0.9134 0.3104
vn 0.2762 0.9579 0.0787
vn 0.2762 0.9579 -0.0787
vn 0.2634 0.9134 -0.3104
vn 0.2237 0.7758 -0.5900
vn 0.1620 0.5619 -0.8112
vn 0.0320 0.1530 -0.9877
vn 0.0845 0.2932 -0.9523
vn 0.1092 0.2844 0.9525
vn 0.0433 0.1502 0.9877
vn 0.2095 0.5456 0.8114
vn 0.2893 0.7535 0.5903
vn 0.3407 0.8874 0.3106
vn 0.3573 0.9307 0.0787
vn 0.3573 0.9307 -0.0787
vn 0.3407 0.8874 -0.3106
vn 0.2893 0.7535 -0.5903
vn 0.2095 0.5456 -0.8114
vn 0.0433 0.1502 -0.9877
vn 0.1092 0.2844 -0.9525
vn 0.1351 0.2727 0.9526
vn 0.0560 0.1459 0.9877
vn 0.2594 0.5235 0.8116
vn 0.3583 0.7231 0.5905
vn 0.4220 0.8517 0.3107
vn 0.4426 0.8933 0.0787
vn 0.4426 0.8933 -0.0787
vn 0.4220 0.8517 -0.3107
vn 0.3583 0.7231 -0.5905
vn 0.2594 0.5235 -0.8116
vn 0.0560 0.1459 -0.9877
vn 0.1351 0.2727 -0.9526
vn 0.1607 0.2585 0.9526
vn 0.0694 0.1400 0.9877
vn 0.3084 0.4962 0.8116
vn 0.4261 0.6854 0.5905
vn 0.5018 0.8072 0.3107
vn 0.5263 0.8466 -0.0787
vn 0.5018 0.8072 -0.3107
vn 0.4261 0.6854 -0.5905
vn 0.3084 0.4962 -0.8116
vn 0.0694 0.1400 -0.9877
vn 0.1607 0.2585 -0.9526
vn 0.0946 0.1244 0.9877
vn 0.0825 0.1327 0.9877
vn 0.1843 0.2425 0.9525
vn 0.3536 0.4653 0.8115
vn 0.4884 0.6426 0.5903
vn 0.5263 0.8466 0.0787
vn 0.5751 0.7568 0.3106
vn 0.6032 0.7937 -0.0787
vn 0.5751 0.7568 -0.3106
vn 0.4884 0.6426 -0.5903
vn 0.3536 0.4653 -0.8115
vn 0.1843 0.2425 -0.9525
vn 0.0946 0.1244 -0.9877
vn 0.0825 0.1327 -0.9877
vn 0.2078 0.2206 0.9530
vn 0.3999 0.4245 0.8123
vn 0.5530 0.5870 0.5913
vn 0.6516 0.6917 0.3113
vn 0.6835 0.7256 0.0788
vn 0.6032 0.7937 0.0787
vn 0.6836 0.7256 -0.0788
vn 0.6516 0.6917 -0.3113
vn 0.5530 0.5870 -0.5913
vn 0.3999 0.4245 -0.8123
vn 0.2078 0.2206 -0.9530
vn 0.2353 0.1869 0.9538
vn 0.1071 0.1137 0.9877
vn 0.4550 0.3613 0.8139
vn 0.6305 0.5007 0.5931
vn 0.7439 0.5907 0.3125
vn 0.7807 0.6199 0.0791
vn 0.7807 0.6199 -0.0791
vn 0.7439 0.5907 -0.3125
vn 0.6305 0.5007 -0.5931
vn 0.4550 0.3613 -0.8139
vn 0.1071 0.1137 -0.9877
vn 0.2353 0.1869 -0.9538
vn 0.1351 0.0783 0.9877
vn 0.1221 0.0969 0.9878
vn 0.2621 0.1518 0.9530
vn 0.5045 0.2922 0.8125
vn 0.6978 0.4041 0.5914
vn 0.8223 0.4763 0.3114
vn 0.8627 0.4996 -0.0788
vn 0.8223 0.4763 -0.3114
vn 0.6978 0.4041 -0.5914
vn 0.5045 0.2922 -0.8125
vn 0.2621 0.1518 -0.9530
vn 0.1351 0.0783 -0.9877
vn 0.1221 0.0969 -0.9878
vn 0.1429 0.0633 0.9877
vn 0.2785 0.1234 0.9525
vn 0.5343 0.2368 0.8115
vn 0.7379 0.3270 0.5903
vn 0.8626 0.4996 0.0788
vn 0.8690 0.3851 0.3106
vn 0.9114 0.4039 -0.0787
vn 0.8690 0.3851 -0.3106
vn 0.7379 0.3270 -0.5903
vn 0.5343 0.2368 -0.8115
vn 0.2785 0.1234 -0.9525
vn 0.1429 0.0633 -0.9877
vn 0.1475 0.0517 0.9877
vn 0.2886 0.1011 0.9521
vn 0.5524 0.1936 0.8108
vn 0.7622 0.2671 0.5896
vn 0.9114 0.4039 0.0787
vn 0.8972 0.3144 0.3102
vn 0.9408 0.3297 -0.0786
vn 0.8972 0.3144 -0.3102
vn 0.7622 0.2671 -0.5896
vn 0.5524 0.1936 -0.8108
vn 0.2886 0.1011 -0.9521
vn 0.1475 0.0517 -0.9877
vn 0.1504 0.0427 0.9877
vn 0.2949 0.0838 0.9518
vn 0.5637 0.1601 0.8103
vn 0.7773 0.2208 0.5891
vn 0.9408 0.3297 0.0786
vn 0.9146 0.2598 0.3099
vn 0.9590 0.2725 -0.0786
vn 0.9146 0.2598 -0.3099
vn 0.7773 0.2208 -0.5891
vn 0.5637 0.1601 -0.8103
vn 0.2949 0.0838 -0.9518
vn 0.1504 0.0427 -0.9877
vn 0.1523 0.0357 0.9877
vn 0.2990 0.0702 0.9517
vn 0.5709 0.1340 0.8100
vn 0.7869 0.1847 0.5888
vn 0.9590 0.2725 0.0786
vn 0.9257 0.2173 0.3097
vn 0.9705 0.2278 -0.0786
vn 0.9257 0.2173 -0.3097
vn 0.7869 0.1847 -0.5888
vn 0.5709 0.1340 -0.8100
vn 0.2990 0.0702 -0.9517
vn 0.1523 0.0357 -0.9877
vn 0.1535 0.0302 0.9877
vn 0.3017 0.0595 0.9515
vn 0.5756 0.1134 0.8098
vn 0.7932 0.1563 0.5886
vn 0.9705 0.2278 0.0786
vn 0.9330 0.1838 0.3095
vn 0.9781 0.1927 -0.0785
vn 0.9330 0.1838 -0.3095
vn 0.7932 0.1563 -0.5886
vn 0.5756 0.1134 -0.8098
vn 0.3017 0.0595 -0.9515
vn 0.1535 0.0302 -0.9877
vn 0.1543 0.0258 0.9877
vn 0.3036 0.0509 0.9514
vn 0.5789 0.0970 0.8096
vn 0.7974 0.1336 0.5884
vn 0.9781 0.1927 0.0785
vn 0.9379 0.1571 0.3094
vn 0.9832 0.1647 -0.0785
vn 0.9379 0.1571 -0.3094
vn 0.7974 0.1336 -0.5884
vn 0.5789 0.0970 -0.8096
vn 0.3036 0.0509 -0.9514
vn 0.1543 0.0258 -0.9877
vn 0.1548 0.0223 0.9877
vn 0.3049 0.0439 0.9514
vn 0.5811 0.0837 0.8095
vn 0.8004 0.1153 0.5883
vn 0.9832 0.1647 0.0785
vn 0.9412 0.1355 0.3093
vn 0.9867 0.1421 -0.0785
vn 0.9412 0.1355 -0.3093
vn 0.8004 0.1153 -0.5883
vn 0.5811 0.0837 -0.8095
vn 0.3049 0.0439 -0.9514
vn 0.1548 0.0223 -0.9877
vn 0.1552 0.0194 0.9877
vn 0.3059 0.0382 0.9513
vn 0.5827 0.0728 0.8094
vn 0.8025 0.1003 0.5882
vn 0.9867 0.1421 0.0785
vn 0.9436 0.1180 0.3093
vn 0.9892 0.1237 -0.0785
vn 0.9436 0.1180 -0.3093
vn 0.8025 0.1003 -0.5882
vn 0.5827 0.0728 -0.8094
vn 0.3059 0.0382 -0.9513
vn 0.1552 0.0194 -0.9877
vn 0.1555 0.0170 0.9877
vn 0.3066 0.0336 0.9513
vn 0.5838 0.0639 0.8094
vn 0.8040 0.0880 0.5881
vn 0.9892 0.1237 0.0785
vn 0.9453 0.1035 0.3092
vn 0.9910 0.1085 -0.0785
vn 0.9453 0.1035 -0.3092
vn 0.8040 0.0880 -0.5881
vn 0.5838 0.0639 -0.8094
vn 0.3066 0.0336 -0.9513
vn 0.1555 0.0170 -0.9877
vn 0.1173 -0.1059 0.9874
vn 0.2865 -0.2587 0.9225
vn 0.4725 -0.4266 0.7712
vn 0.6548 -0.5911 0.4709
vn 0.7367 -0.6650 0.1226
vn 0.9910 0.1085 0.0785
vn 0.7367 -0.6650 -0.1226
vn 0.6548 -0.5911 -0.4709
vn 0.4725 -0.4266 -0.7712
vn 0.2865 -0.2587 -0.9225
vn 0.1173 -0.1059 -0.9874
vn 0.0760 -0.0580 0.9954
vn 0.0783 -0.0707 0.9944
vn 0.2000 -0.1527 0.9678
vn 0.3689 -0.2816 0.8858
vn 0.5534 -0.4224 0.7179
vn 0.7220 -0.5511 0.4183
vn 0.7891 -0.6024 -0.1199
vn 0.7220 -0.5511 -0.4183
vn 0.5534 -0.4224 -0.7179
vn 0.3689 -0.2816 -0.8858
vn 0.2000 -0.1527 -0.9678
vn 0.0760 -0.0580 -0.9954
vn 0.0783 -0.0707 -0.9944
vn 0.2980 0.0795 0.9512
vn 0.5675 0.1514 0.8093
vn 0.7815 0.2085 0.5881
vn 0.9189 0.2452 0.3092
vn 0.9632 0.2570 0.0785
vn 0.7891 -0.6024 0.1199
vn 0.9632 0.2570 -0.0785
vn 0.9189 0.2452 -0.3092
vn 0.7815 0.2085 -0.5881
vn 0.5675 0.1514 -0.8093
vn 0.2980 0.0795 -0.9512
vn 0.1516 0.0387 0.9877
vn 0.1511 0.0403 0.9877
vn 0.2990 0.0763 0.9512
vn 0.5692 0.1452 0.8093
vn 0.7837 0.1999 0.5880
vn 0.9215 0.2351 0.3092
vn 0.9660 0.2464 -0.0785
vn 0.9215 0.2351 -0.3092
vn 0.7837 0.1999 -0.5880
vn 0.5692 0.1452 -0.8093
vn 0.2990 0.0763 -0.9512
vn 0.1516 0.0387 -0.9877
vn 0.1511 0.0403 -0.9877
vn 0.1519 0.0373 0.9877
vn 0.2997 0.0736 0.9512
vn 0.5706 0.1401 0.8092
vn 0.7855 0.1929 0.5880
vn 0.9660 0.2464 0.0785
vn 0.9236 0.2268 0.3091
vn 0.9681 0.2378 -0.0785
vn 0.9236 0.2268 -0.3091
vn 0.7855 0.1929 -0.5880
vn 0.5706 0.1401 -0.8092
vn 0.2997 0.0736 -0.9512
vn 0.1519 0.0373 -0.9877
vn 0.1522 0.0362 0.9877
vn 0.3003 0.0714 0.9512
vn 0.5716 0.1358 0.8092
vn 0.7870 0.1870 0.5880
vn 0.9681 0.2378 0.0785
vn 0.9253 0.2198 0.3091
vn 0.9699 0.2304 -0.0785
vn 0.9253 0.2198 -0.3091
vn 0.7870 0.1870 -0.5880
vn 0.5716 0.1358 -0.8092
vn 0.3003 0.0714 -0.9512
vn 0.1522 0.0362 -0.9877
vn 0.1524 0.0351 0.9877
vn 0.3008 0.0694 0.9511
vn 0.5726 0.1320 0.8092
vn 0.7882 0.1817 0.5879
vn 0.9699 0.2304 0.0785
vn 0.9267 0.2136 0.3091
vn 0.9714 0.2239 -0.0785
vn 0.9267 0.2136 -0.3091
vn 0.7882 0.1817 -0.5879
vn 0.5726 0.1320 -0.8092
vn 0.3008 0.0694 -0.9511
vn 0.1524 0.0351 -0.9877
vn 0.1526 0.0342 0.9877
vn 0.3013 0.0675 0.9511
vn 0.5734 0.1285 0.8092
vn 0.7893 0.1769 0.5879
vn 0.9714 0.2239 0.0785
vn 0.9280 0.2080 0.3091
vn 0.9728 0.2180 -0.0785
vn 0.9280 0.2080 -0.3091
vn 0.7893 0.1769 -0.5879
vn 0.5734 0.1285 -0.8092
vn 0.3013 0.0675 -0.9511
vn 0.1526 0.0342 -0.9877
vn 0.1528 0.0333 0.9877
vn 0.3017 0.0658 0.9511
vn 0.5741 0.1252 0.8092
vn 0.7903 0.1724 0.5879
vn 0.9728 0.2180 0.0785
vn 0.9292 0.2027 0.3091
vn 0.9740 0.2125 -0.0785
vn 0.9292 0.2027 -0.3091
vn 0.7903 0.1724 -0.5879
vn 0.5741 0.1252 -0.8092
vn 0.3017 0.0658 -0.9511
vn 0.1528 0.0333 -0.9877
vn 0.1530 0.0325 0.9877
vn 0.3020 0.0641 0.9511
vn 0.5748 0.1220 0.8091
vn 0.7913 0.1680 0.5879
vn 0.9740 0.2125 0.0785
vn 0.9303 0.1975 0.3091
vn 0.9752 0.2070 -0.0785
vn 0.9303 0.1975 -0.3091
vn 0.7913 0.1680 -0.5879
vn 0.5748 0.1220 -0.8091
vn 0.3020 0.0641 -0.9511
vn 0.1530 0.0325 -0.9877
vn 0.3024 0.0624 0.9511
vn 0.5755 0.1188 0.8092
vn 0.7922 0.1635 0.5879
vn 0.9314 0.1923 0.3091
vn 0.9763 0.2015 0.0785
vn 0.9752 0.2070 0.0785
vn 0.9763 0.2015 -0.0785
vn 0.9314 0.1923 -0.3091
vn 0.7922 0.1635 -0.5879
vn 0.5755 0.1188 -0.8092
vn 0.3024 0.0624 -0.9511
vn 0.3027 0.0606 0.9511
vn 0.1532 0.0316 0.9877
vn 0.5761 0.1154 0.8092
vn 0.7932 0.1589 0.5879
vn 0.9325 0.1868 0.3091
vn 0.9775 0.1958 0.0785
vn 0.9775 0.1958 -0.0785
vn 0.9325 0.1868 -0.3091
vn 0.7932 0.1589 -0.5879
vn 0.5761 0.1154 -0.8092
vn 0.1532 0.0316 -0.9877
vn 0.3027 0.0606 -0.9511
vn 0.3031 0.0587 0.9512
vn 0.1534 0.0307 0.9877
vn 0.5768 0.1117 0.8092
vn 0.7941 0.1538 0.5879
vn 0.9337 0.1809 0.3091
vn 0.9787 0.1896 0.0785
vn 0.9787 0.1896 -0.0785
vn 0.9337 0.1809 -0.3091
vn 0.7941 0.1538 -0.5879
vn 0.5768 0.1117 -0.8092
vn 0.1534 0.0307 -0.9877
vn 0.3031 0.0587 -0.9512
vn 0.0689 0.0929 0.9933
vn 0.1536 0.0297 0.9877
vn 0.1711 0.2306 0.9579
vn 0.3111 0.4194 0.8528
vn 0.4465 0.6018 0.6622
vn 0.5536 0.7463 0.3696
vn 0.5927 0.7990 -0.1014
vn 0.5536 0.7463 -0.3696
vn 0.4465 0.6018 -0.6622
vn 0.3111 0.4194 -0.8528
vn 0.1711 0.2306 -0.9579
vn 0.0689 0.0929 -0.9933
vn 0.1536 0.0297 -0.9877
vn -0.0855 0.0626 0.9944
vn -0.2186 0.1600 0.9626
vn -0.3999 0.2927 0.8686
vn -0.5856 0.4285 0.6881
vn 0.5927 0.7990 0.1014
vn -0.7425 0.5434 0.3917
vn -0.8021 0.5870 -0.1096
vn -0.7425 0.5434 -0.3917
vn -0.5856 0.4285 -0.6881
vn -0.3999 0.2927 -0.8686
vn -0.2186 0.1600 -0.9626
vn -0.0855 0.0626 -0.9944
vn -0.8021 0.5870 0.1096
vn -0.1203 0.1203 0.9854
vn -0.2882 0.2882 0.9132
vn -0.4666 0.4666 0.7513
vn -0.6319 0.6319 0.4487
vn -0.7024 0.7024 0.1158
vn -0.7023 0.7024 -0.1158
vn -0.6319 0.6319 -0.4487
vn -0.4666 0.4666 -0.7513
vn -0.2882 0.2882 -0.9132
vn -0.1203 0.1203 -0.9854
vn -0.7024 0.7023 0.1158
vn -0.7024 0.7023 -0.1158
vn -0.1068 -0.0769 0.9913
vn -0.2723 -0.1960 0.9420
vn -0.4680 -0.3369 0.8170
vn -0.6886 -0.4958 0.5291
vn -0.6543 -0.6543 0.3792
vn -0.8033 -0.5784 0.1419
vn -0.8033 -0.5784 -0.1419
vn -0.6886 -0.4958 -0.5291
vn -0.4680 -0.3369 -0.8170
vn -0.2723 -0.1960 -0.9420
vn -0.1068 -0.0769 -0.9913
vn -0.1468 0.0537 0.9877
vn -0.0748 -0.0538 0.9957
vn -0.2877 0.1053 0.9519
vn -0.5501 0.2013 0.8105
vn -0.7587 0.2777 0.5893
vn -0.8928 0.3267 0.3099
vn -0.9362 0.3426 -0.0786
vn -0.8928 0.3267 -0.3099
vn -0.7587 0.2777 -0.5893
vn -0.5501 0.2013 -0.8105
vn -0.2877 0.1053 -0.9519
vn -0.1468 0.0537 -0.9877
vn -0.0748 -0.0538 -0.9957
vn -0.2810 0.1217 0.9520
vn -0.5375 0.2327 0.8105
vn -0.7414 0.3210 0.5894
vn -0.8725 0.3778 0.3100
vn -0.9148 0.3961 0.0786
vn -0.9362 0.3426 0.0786
vn -0.9148 0.3961 -0.0786
vn -0.8725 0.3778 -0.3100
vn -0.7414 0.3210 -0.5894
vn -0.5375 0.2327 -0.8105
vn -0.2810 0.1217 -0.9520
vn -0.2728 0.1386 0.9520
vn -0.1435 0.0621 0.9877
vn -0.5220 0.2652 0.8106
vn -0.7202 0.3659 0.5895
vn -0.8476 0.4306 0.3101
vn -0.8888 0.4515 0.0786
vn -0.8888 0.4515 -0.0786
vn -0.8476 0.4306 -0.3101
vn -0.7202 0.3659 -0.5895
vn -0.5220 0.2652 -0.8106
vn -0.1435 0.0621 -0.9877
vn -0.2728 0.1386 -0.9520
vn -0.2631 0.1560 0.9521
vn -0.1394 0.0708 0.9877
vn -0.5035 0.2986 0.8108
vn -0.6948 0.4119 0.5896
vn -0.8177 0.4849 0.3102
vn -0.8575 0.5084 0.0786
vn -0.8575 0.5084 -0.0786
vn -0.8177 0.4849 -0.3102
vn -0.6948 0.4119 -0.5896
vn -0.5035 0.2986 -0.8108
vn -0.1394 0.0708 -0.9877
vn -0.2631 0.1560 -0.9521
vn -0.2515 0.1736 0.9521
vn -0.1345 0.0797 0.9877
vn -0.4816 0.3325 0.8109
vn -0.6646 0.4588 0.5897
vn -0.7823 0.5401 0.3102
vn -0.8204 0.5664 0.0786
vn -0.8204 0.5664 -0.0786
vn -0.7823 0.5401 -0.3102
vn -0.6646 0.4588 -0.5897
vn -0.4816 0.3325 -0.8109
vn -0.1345 0.0797 -0.9877
vn -0.2515 0.1736 -0.9521
vn -0.2381 0.1914 0.9522
vn -0.1287 0.0888 0.9877
vn -0.4560 0.3666 0.8110
vn -0.6294 0.5059 0.5898
vn -0.7410 0.5956 0.3103
vn -0.7770 0.6246 0.0787
vn -0.7770 0.6246 -0.0787
vn -0.7410 0.5956 -0.3103
vn -0.6294 0.5059 -0.5898
vn -0.4560 0.3666 -0.8110
vn -0.1287 0.0888 -0.9877
vn -0.2381 0.1914 -0.9522
vn -0.2227 0.2089 0.9523
vn -0.1218 0.0979 0.9877
vn -0.4266 0.4002 0.8111
vn -0.5889 0.5524 0.5899
vn -0.6933 0.6504 0.3104
vn -0.7271 0.6820 0.0787
vn -0.7271 0.6821 -0.0787
vn -0.6933 0.6504 -0.3104
vn -0.5889 0.5524 -0.5899
vn -0.4266 0.4002 -0.8111
vn -0.1218 0.0979 -0.9877
vn -0.2227 0.2089 -0.9523
vn -0.2052 0.2258 0.9523
vn -0.1140 0.1069 0.9877
vn -0.3933 0.4328 0.8112
vn -0.5430 0.5975 0.5900
vn -0.6393 0.7035 0.3104
vn -0.6705 0.7377 0.0787
vn -0.6705 0.7377 -0.0787
vn -0.6393 0.7035 -0.3104
vn -0.5430 0.5975 -0.5900
vn -0.3933 0.4328 -0.8112
vn -0.1140 0.1069 -0.9877
vn -0.2052 0.2258 -0.9523
vn -0.1859 0.2418 0.9523
vn -0.1051 0.1157 0.9877
vn -0.3563 0.4636 0.8112
vn -0.4920 0.6401 0.5901
vn -0.5793 0.7537 0.3105
vn -0.6075 0.7904 0.0787
vn -0.6075 0.7904 -0.0787
vn -0.5793 0.7537 -0.3105
vn -0.4920 0.6401 -0.5901
vn -0.3563 0.4636 -0.8112
vn -0.1051 0.1157 -0.9877
vn -0.1859 0.2418 -0.9523
vn -0.1648 0.2566 0.9524
vn -0.0953 0.1239 0.9877
vn -0.3160 0.4919 0.8113
vn -0.4363 0.6792 0.5901
vn -0.5138 0.7998 0.3105
vn -0.5388 0.8388 0.0787
vn -0.5388 0.8388 -0.0787
vn -0.5138 0.7998 -0.3105
vn -0.4363 0.6792 -0.5901
vn -0.3160 0.4919 -0.8113
vn -0.0953 0.1239 -0.9877
vn -0.1648 0.2566 -0.9524
vn -0.1423 0.2697 0.9524
vn -0.0845 0.1315 0.9877
vn -0.2729 0.5171 0.8113
vn -0.3768 0.7140 0.5902
vn -0.4436 0.8407 0.3105
vn -0.4653 0.8817 0.0787
vn -0.4653 0.8817 -0.0787
vn -0.4436 0.8407 -0.3105
vn -0.3768 0.7140 -0.5902
vn -0.2729 0.5171 -0.8113
vn -0.0845 0.1315 -0.9877
vn -0.1423 0.2697 -0.9524
vn -0.0857 0.0119 0.9963
vn -0.0729 0.1382 0.9877
vn -0.2309 0.0320 0.9724
vn -0.4294 0.0595 0.9012
vn -0.6594 0.0914 0.7462
vn -0.8869 0.1229 0.4452
vn -0.9820 0.1361 -0.1308
vn -0.8869 0.1229 -0.4452
vn -0.6594 0.0914 -0.7462
vn -0.4294 0.0595 -0.9012
vn -0.2309 0.0320 -0.9724
vn -0.0857 0.0119 -0.9963
vn -0.0729 0.1382 -0.9877
vn -0.2074 -0.2260 0.9518
vn -0.3963 -0.4318 0.8103
vn -0.5464 -0.5954 0.5891
vn -0.6428 -0.7005 0.3098
vn -0.6740 -0.7345 0.0786
vn -0.9820 0.1361 0.1308
vn -0.6740 -0.7345 -0.0786
vn -0.6428 -0.7005 -0.3098
vn -0.5464 -0.5954 -0.5891
vn -0.3963 -0.4318 -0.8103
vn -0.2074 -0.2260 -0.9518
vn -0.1107 -0.1105 0.9877
vn -0.1057 -0.1152 0.9877
vn -0.2175 -0.2170 0.9516
vn -0.4152 -0.4142 0.8100
vn -0.5722 -0.5709 0.5888
vn -0.6732 -0.6715 0.3096
vn -0.7058 -0.7041 -0.0786
vn -0.6732 -0.6715 -0.3096
vn -0.5722 -0.5709 -0.5888
vn -0.4152 -0.4142 -0.8100
vn -0.2175 -0.2170 -0.9516
vn -0.1107 -0.1105 -0.9877
vn -0.1057 -0.1152 -0.9877
vn -0.1146 -0.1064 0.9877
vn -0.2254 -0.2092 0.9515
vn -0.4300 -0.3991 0.8098
vn -0.5926 -0.5499 0.5886
vn -0.7058 -0.7041 0.0786
vn -0.6970 -0.6468 0.3095
vn -0.7307 -0.6781 -0.0785
vn -0.6970 -0.6468 -0.3095
vn -0.5926 -0.5499 -0.5886
vn -0.4300 -0.3991 -0.8098
vn -0.2254 -0.2092 -0.9515
vn -0.1147 -0.1064 -0.9877
vn -0.1179 -0.1028 0.9877
vn -0.2318 -0.2023 0.9515
vn -0.4421 -0.3858 0.8097
vn -0.6092 -0.5316 0.5885
vn -0.7307 -0.6781 0.0785
vn -0.7165 -0.6252 0.3095
vn -0.7511 -0.6555 -0.0785
vn -0.7165 -0.6252 -0.3095
vn -0.6092 -0.5316 -0.5885
vn -0.4421 -0.3858 -0.8097
vn -0.2318 -0.2023 -0.9515
vn -0.1179 -0.1028 -0.9877
vn -0.1206 -0.0997 0.9877
vn -0.2373 -0.1962 0.9514
vn -0.4524 -0.3740 0.8096
vn -0.6232 -0.5152 0.5884
vn -0.7511 -0.6555 0.0785
vn -0.7329 -0.6059 0.3094
vn -0.7684 -0.6352 -0.0785
vn -0.7329 -0.6059 -0.3094
vn -0.6232 -0.5152 -0.5884
vn -0.4524 -0.3740 -0.8096
vn -0.2373 -0.1962 -0.9514
vn -0.1206 -0.0997 -0.9877
vn -0.1229 -0.0967 0.9877
vn -0.2420 -0.1904 0.9514
vn -0.4613 -0.3630 0.8096
vn -0.6354 -0.5001 0.5884
vn -0.7684 -0.6352 0.0785
vn -0.7473 -0.5881 0.3094
vn -0.7834 -0.6165 -0.0785
vn -0.7473 -0.5881 -0.3094
vn -0.6354 -0.5001 -0.5884
vn -0.4613 -0.3630 -0.8096
vn -0.2420 -0.1904 -0.9514
vn -0.1229 -0.0967 -0.9877
vn -0.1251 -0.0940 0.9877
vn -0.2463 -0.1850 0.9514
vn -0.4694 -0.3526 0.8095
vn -0.6465 -0.4857 0.5883
vn -0.7834 -0.6165 0.0785
vn -0.7603 -0.5712 0.3094
vn -0.7971 -0.5988 -0.0785
vn -0.7603 -0.5712 -0.3094
vn -0.6465 -0.4857 -0.5883
vn -0.4694 -0.3526 -0.8095
vn -0.2463 -0.1850 -0.9514
vn -0.1251 -0.0940 -0.9877
vn -0.1271 -0.0912 0.9877
vn -0.2502 -0.1796 0.9514
vn -0.4769 -0.3424 0.8095
vn -0.6569 -0.4716 0.5883
vn -0.7971 -0.5988 0.0785
vn -0.7725 -0.5546 0.3093
vn -0.8098 -0.5814 -0.0785
vn -0.7725 -0.5546 -0.3093
vn -0.6569 -0.4716 -0.5883
vn -0.4769 -0.3424 -0.8095
vn -0.2502 -0.1796 -0.9514
vn -0.1271 -0.0912 -0.9877
vn -0.2541 -0.1741 0.9514
vn -0.4842 -0.3319 0.8096
vn -0.6670 -0.4572 0.5883
vn -0.7844 -0.5376 0.3094
vn -0.8223 -0.5636 0.0785
vn -0.8098 -0.5814 0.0785
vn -0.8223 -0.5636 -0.0785
vn -0.7844 -0.5376 -0.3094
vn -0.6670 -0.4572 -0.5883
vn -0.4842 -0.3319 -0.8096
vn -0.2541 -0.1741 -0.9514
vn -0.2579 -0.1683 0.9514
vn -0.1290 -0.0884 0.9877
vn -0.4916 -0.3207 0.8096
vn -0.6772 -0.4418 0.5884
vn -0.7964 -0.5196 0.3094
vn -0.8349 -0.5447 0.0785
vn -0.8349 -0.5447 -0.0785
vn -0.7964 -0.5196 -0.3094
vn -0.6772 -0.4418 -0.5884
vn -0.4916 -0.3207 -0.8096
vn -0.1290 -0.0884 -0.9877
vn -0.2579 -0.1683 -0.9514
vn -0.2619 -0.1617 0.9515
vn -0.1310 -0.0855 0.9877
vn -0.4994 -0.3083 0.8097
vn -0.6880 -0.4247 0.5884
vn -0.8092 -0.4995 0.3094
vn -0.8483 -0.5237 0.0785
vn -0.8483 -0.5237 -0.0785
vn -0.8092 -0.4995 -0.3094
vn -0.6880 -0.4247 -0.5884
vn -0.4994 -0.3083 -0.8097
vn -0.1310 -0.0855 -0.9877
vn -0.2619 -0.1617 -0.9515
vn -0.0300 -0.1096 0.9935
vn -0.1331 -0.0822 0.9877
vn -0.0749 -0.2738 0.9589
vn -0.1363 -0.4984 0.8561
vn -0.1964 -0.7182 0.6675
vn -0.2447 -0.8945 0.3741
vn -0.2624 -0.9594 -0.1030
vn -0.2447 -0.8945 -0.3741
vn -0.1964 -0.7182 -0.6675
vn -0.1363 -0.4984 -0.8561
vn -0.0749 -0.2738 -0.9589
vn -0.0300 -0.1096 -0.9935
vn -0.1331 -0.0822 -0.9877
vn 0.1590 -0.2687 0.9500
vn 0.3004 -0.5077 0.8074
vn 0.4125 -0.6972 0.5863
vn 0.4844 -0.8188 0.3081
vn 0.5076 -0.8580 0.0784
vn -0.2624 -0.9594 0.1030
vn 0.5076 -0.8580 -0.0784
vn 0.4844 -0.8188 -0.3081
vn 0.4125 -0.6972 -0.5863
vn 0.3004 -0.5077 -0.8074
vn 0.1590 -0.2687 -0.9500
vn 0.1785 -0.2561 0.9500
vn 0.0796 -0.1345 0.9877
vn 0.3373 -0.4840 0.8074
vn 0.4631 -0.6647 0.5863
vn 0.5439 -0.7806 0.3081
vn 0.5699 -0.8180 -0.0784
vn 0.5439 -0.7806 -0.3081
vn 0.4631 -0.6647 -0.5863
vn 0.3373 -0.4840 -0.8074
vn 0.1785 -0.2561 -0.9500
vn 0.0796 -0.1345 -0.9877
vn 0.1969 -0.2422 0.9500
vn 0.0894 -0.1283 0.9877
vn 0.3721 -0.4578 0.8075
vn 0.5109 -0.6286 0.5863
vn 0.6000 -0.7383 0.3081
vn 0.6288 -0.7736 0.0784
vn 0.5699 -0.8180 0.0784
vn 0.6288 -0.7736 -0.0784
vn 0.6000 -0.7383 -0.3081
vn 0.5109 -0.6286 -0.5863
vn 0.3721 -0.4578 -0.8075
vn 0.0894 -0.1283 -0.9877
vn 0.1969 -0.2422 -0.9500
vn 0.2139 -0.2272 0.9501
vn 0.0986 -0.1213 0.9877
vn 0.4043 -0.4295 0.8075
vn 0.5553 -0.5898 0.5863
vn 0.6521 -0.6927 0.3081
vn 0.6834 -0.7259 0.0784
vn 0.6834 -0.7259 -0.0784
vn 0.6521 -0.6927 -0.3081
vn 0.5553 -0.5898 -0.5863
vn 0.4043 -0.4295 -0.8075
vn 0.0986 -0.1213 -0.9877
vn 0.2139 -0.2272 -0.9501
vn 0.2294 -0.2114 0.9501
vn 0.1072 -0.1138 0.9877
vn 0.4337 -0.3998 0.8075
vn 0.5956 -0.5490 0.5864
vn 0.6995 -0.6448 0.3082
vn 0.7330 -0.6757 0.0784
vn 0.7330 -0.6757 -0.0784
vn 0.6995 -0.6448 -0.3082
vn 0.5956 -0.5490 -0.5864
vn 0.4337 -0.3998 -0.8075
vn 0.1072 -0.1138 -0.9877
vn 0.2294 -0.2114 -0.9501
vn 0.2432 -0.1952 0.9501
vn 0.1150 -0.1060 0.9877
vn 0.4599 -0.3692 0.8076
vn 0.6317 -0.5070 0.5864
vn 0.7419 -0.5955 0.3082
vn 0.7775 -0.6240 0.0784
vn 0.7775 -0.6240 -0.0784
vn 0.7419 -0.5955 -0.3082
vn 0.6317 -0.5070 -0.5864
vn 0.4599 -0.3692 -0.8076
vn 0.1150 -0.1060 -0.9877
vn 0.2432 -0.1952 -0.9501
vn 0.2553 -0.1789 0.9502
vn 0.1219 -0.0979 0.9877
vn 0.4830 -0.3383 0.8076
vn 0.6634 -0.4647 0.5865
vn 0.7792 -0.5458 0.3082
vn 0.8165 -0.5720 0.0784
vn 0.8165 -0.5720 -0.0784
vn 0.7792 -0.5458 -0.3082
vn 0.6634 -0.4647 -0.5865
vn 0.4830 -0.3383 -0.8076
vn 0.1219 -0.0979 -0.9877
vn 0.2553 -0.1789 -0.9502
vn 0.2658 -0.1626 0.9502
vn 0.1281 -0.0897 0.9877
vn 0.5029 -0.3077 0.8077
vn 0.6909 -0.4227 0.5865
vn 0.8115 -0.4965 0.3083
vn 0.8504 -0.5203 0.0784
vn 0.8504 -0.5203 -0.0784
vn 0.8115 -0.4965 -0.3083
vn 0.6909 -0.4227 -0.5865
vn 0.5029 -0.3077 -0.8077
vn 0.1281 -0.0897 -0.9877
vn 0.2658 -0.1626 -0.9502
vn 0.2747 -0.1468 0.9503
vn 0.1334 -0.0816 0.9877
vn 0.5199 -0.2778 0.8078
vn 0.7143 -0.3816 0.5866
vn 0.8391 -0.4483 0.3083
vn 0.8793 -0.4698 0.0784
vn 0.8793 -0.4698 -0.0784
vn 0.8391 -0.4483 -0.3083
vn 0.7143 -0.3816 -0.5866
vn 0.5199 -0.2778 -0.8078
vn 0.1334 -0.0816 -0.9877
vn 0.2747 -0.1468 -0.9503
vn 0.2822 -0.1314 0.9503
vn 0.1379 -0.0737 0.9877
vn 0.5343 -0.2489 0.8079
vn 0.7341 -0.3419 0.5867
vn 0.8623 -0.4017 0.3083
vn 0.9037 -0.4209 0.0784
vn 0.9037 -0.4209 -0.0784
vn 0.8623 -0.4017 -0.3083
vn 0.7341 -0.3419 -0.5867
vn 0.5343 -0.2489 -0.8079
vn 0.1379 -0.0737 -0.9877
vn 0.2822 -0.1314 -0.9503
vn 0.2884 -0.1168 0.9504
vn 0.1418 -0.0660 0.9877
vn 0.5462 -0.2212 0.8079
vn -0.4077 -0.9057 -0.1162
vn -0.4519 -0.8899 -0.0616
vn -0.4205 -0.9073 -0.0078
vn -0.4203 -0.9074 0.0078
vn -0.4519 -0.8899 0.0615
vn -0.4077 -0.9057 0.1164
vn 0.5462 -0.2212 -0.8079
vn 0.1418 -0.0660 -0.9877
vn 0.2884 -0.1168 -0.9504
vn -0.0009 -0.0669 0.9978
vn 0.1450 -0.0587 0.9877
vn 0.9864 0.0337 0.1607
vn 0.0066 0.5096 -0.8604
vn 0.0106 0.8161 -0.5778
vn 0.0128 0.9811 0.1930
vn 0.0106 0.8161 0.5778
vn 0.0066 0.5096 0.8604
vn 0.9864 0.0337 -0.1607
vn 0.1450 -0.0587 -0.9877
vn -0.0009 -0.0669 -0.9978
vn -0.1458 -0.0563 0.9877
vn -0.0007 -0.0538 0.9986
vn -0.2910 -0.1123 0.9501
vn 0.3930 -0.9121 -0.1165
vn 0.4368 -0.8975 -0.0612
vn 0.4055 -0.9140 -0.0078
vn 0.0128 0.9811 -0.1930
vn 0.4057 -0.9140 0.0078
vn 0.4368 -0.8975 0.0612
vn 0.3930 -0.9121 0.1165
vn 0.3088 -0.9377 0.1591
vn -0.1458 -0.0563 -0.9877
vn -0.0007 -0.0538 -0.9986
vn -0.1415 -0.0666 0.9877
vn 0.3072 -0.9382 -0.1593
vn -0.2825 -0.1329 0.9500
vn -0.5338 -0.2512 0.8075
vn -0.7330 -0.3449 0.5863
vn -0.8608 -0.4050 0.3081
vn -0.9021 -0.4244 -0.0784
vn -0.8608 -0.4050 -0.3081
vn -0.7330 -0.3449 -0.5863
vn -0.5338 -0.2512 -0.8075
vn -0.2825 -0.1329 -0.9500
vn -0.2910 -0.1123 -0.9501
vn -0.1415 -0.0666 -0.9877
vn -0.1360 -0.0771 0.9877
vn -0.2717 -0.1540 0.9500
vn -0.5133 -0.2909 0.8074
vn -0.7048 -0.3994 0.5862
vn -0.9021 -0.4244 0.0784
vn -0.8277 -0.4691 0.3081
vn -0.8673 -0.4915 -0.0784
vn -0.8277 -0.4691 -0.3081
vn -0.7048 -0.3994 -0.5862
vn -0.5133 -0.2909 -0.8074
vn -0.2717 -0.1540 -0.9500
vn -0.1360 -0.0771 -0.9877
vn -0.1295 -0.0876 0.9877
vn -0.2588 -0.1750 0.9499
vn -0.4888 -0.3306 0.8073
vn -0.6711 -0.4538 0.5862
vn -0.8673 -0.4915 0.0784
vn -0.7881 -0.5329 0.3081
vn -0.8258 -0.5585 -0.0784
vn -0.7881 -0.5329 -0.3081
vn -0.6711 -0.4538 -0.5862
vn -0.4888 -0.3306 -0.8073
vn -0.2588 -0.1750 -0.9499
vn -0.1295 -0.0876 -0.9877
vn -0.1220 -0.0977 0.9877
vn -0.2439 -0.1953 0.9499
vn -0.4606 -0.3689 0.8073
vn -0.6324 -0.5065 0.5862
vn -0.8258 -0.5585 0.0784
vn -0.7426 -0.5947 0.3081
vn -0.7781 -0.6232 -0.0784
vn -0.7426 -0.5947 -0.3081
vn -0.6324 -0.5065 -0.5862
vn -0.4606 -0.3689 -0.8073
vn -0.2439 -0.1953 -0.9499
vn -0.1220 -0.0977 -0.9877
vn -0.2273 -0.2144 0.9499
vn -0.4293 -0.4049 0.8073
vn -0.5894 -0.5559 0.5862
vn -0.6921 -0.6527 0.3081
vn -0.7253 -0.6840 0.0784
vn -0.7781 -0.6232 0.0784
vn -0.7253 -0.6840 -0.0784
vn -0.6921 -0.6527 -0.3081
vn -0.5894 -0.5559 -0.5862
vn -0.4293 -0.4049 -0.8073
vn -0.2273 -0.2144 -0.9499
vn -0.2095 -0.2316 0.9500
vn -0.1137 -0.1072 0.9877
vn -0.3958 -0.4376 0.8074
vn -0.5434 -0.6009 0.5862
vn -0.6381 -0.7056 0.3081
vn -0.6687 -0.7394 0.0784
vn -0.6687 -0.7394 -0.0784
vn -0.6381 -0.7056 -0.3081
vn -0.5434 -0.6009 -0.5862
vn -0.3958 -0.4376 -0.8074
vn -0.1137 -0.1072 -0.9877
vn -0.2095 -0.2316 -0.9500
vn -0.1911 -0.2469 0.9500
vn -0.1049 -0.1159 0.9877
vn -0.3610 -0.4666 0.8074
vn -0.4958 -0.6407 0.5863
vn -0.5822 -0.7524 0.3081
vn -0.6101 -0.7885 0.0784
vn -0.6101 -0.7885 -0.0784
vn -0.5822 -0.7524 -0.3081
vn -0.4958 -0.6407 -0.5863
vn -0.3610 -0.4666 -0.8074
vn -0.1048 -0.1159 -0.9877
vn -0.1911 -0.2469 -0.9500
vn -0.1725 -0.2600 0.9501
vn -0.0957 -0.1236 0.9877
vn -0.3260 -0.4916 0.8075
vn -0.4477 -0.6751 0.5863
vn -0.5258 -0.7928 0.3081
vn -0.5510 -0.8308 0.0784
vn -0.5510 -0.8308 -0.0784
vn -0.5258 -0.7928 -0.3081
vn -0.4477 -0.6751 -0.5863
vn -0.3260 -0.4916 -0.8075
vn -0.0957 -0.1236 -0.9877
vn -0.1725 -0.2600 -0.9501
vn -0.1542 -0.2710 0.9501
vn -0.0864 -0.1303 0.9877
vn -0.2916 -0.5126 0.8076
vn -0.4005 -0.7041 0.5864
vn -0.4704 -0.8269 0.3082
vn -0.4929 -0.8665 0.0784
vn -0.4929 -0.8665 -0.0784
vn -0.4704 -0.8269 -0.3082
vn -0.4005 -0.7041 -0.5864
vn -0.2916 -0.5126 -0.8076
vn -0.0864 -0.1303 -0.9877
vn -0.1542 -0.2710 -0.9501
vn -0.1366 -0.2801 0.9502
vn -0.0773 -0.1359 0.9877
vn -0.2584 -0.5299 0.8077
vn -0.3550 -0.7280 0.5865
vn -0.4170 -0.8551 0.3082
vn -0.4370 -0.8961 0.0784
vn -0.4370 -0.8961 -0.0784
vn -0.4170 -0.8550 -0.3082
vn -0.3550 -0.7280 -0.5865
vn -0.2584 -0.5299 -0.8077
vn -0.0773 -0.1359 -0.9877
vn -0.1366 -0.2801 -0.9502
vn 0.0338 -0.1143 0.9929
vn -0.0685 -0.1405 0.9877
vn 0.0829 -0.2806 0.9562
vn 0.1504 -0.5093 0.8473
vn 0.2145 -0.7261 0.6533
vn 0.2641 -0.8939 0.3623
vn 0.2819 -0.9544 -0.0987
vn 0.2641 -0.8939 -0.3623
vn 0.2145 -0.7261 -0.6533
vn 0.1504 -0.5093 -0.8473
vn 0.0829 -0.2806 -0.9562
vn 0.0338 -0.1143 -0.9929
vn -0.0685 -0.1405 -0.9877
vn 0.2566 -0.1701 0.9514
vn 0.4892 -0.3243 0.8096
vn 0.6739 -0.4468 0.5884
vn 0.7926 -0.5254 0.3094
vn 0.8309 -0.5509 0.0785
vn 0.2819 -0.9544 0.0987
vn 0.8309 -0.5509 -0.0785
vn 0.7926 -0.5255 -0.3094
vn 0.6739 -0.4468 -0.5884
vn 0.4892 -0.3243 -0.8096
vn 0.2566 -0.1701 -0.9514
vn 0.1284 -0.0894 0.9877
vn 0.1304 -0.0864 0.9877
vn 0.2528 -0.1761 0.9514
vn 0.4817 -0.3355 0.8095
vn 0.6635 -0.4622 0.5883
vn 0.7803 -0.5435 0.3093
vn 0.8180 -0.5698 -0.0785
vn 0.7803 -0.5435 -0.3093
vn 0.6635 -0.4622 -0.5883
vn 0.4817 -0.3355 -0.8095
vn 0.2528 -0.1761 -0.9514
vn 0.1284 -0.0894 -0.9877
vn 0.1304 -0.0864 -0.9877
vn 0.1265 -0.0920 0.9877
vn 0.2492 -0.1812 0.9513
vn 0.4749 -0.3453 0.8095
vn 0.6540 -0.4756 0.5883
vn 0.8180 -0.5698 0.0785
vn 0.7691 -0.5593 0.3093
vn 0.8063 -0.5863 -0.0785
vn 0.7691 -0.5593 -0.3093
vn 0.6540 -0.4756 -0.5883
vn 0.4749 -0.3453 -0.8095
vn 0.2492 -0.1812 -0.9513
vn 0.1265 -0.0920 -0.9877
vn 0.1247 -0.0944 0.9877
vn 0.2457 -0.1860 0.9513
vn 0.4682 -0.3543 0.8095
vn 0.6448 -0.4880 0.5882
vn 0.8063 -0.5863 0.0785
vn 0.7583 -0.5739 0.3093
vn 0.7949 -0.6016 -0.0785
vn 0.7583 -0.5739 -0.3093
vn 0.6448 -0.4880 -0.5882
vn 0.4682 -0.3543 -0.8095
vn 0.2457 -0.1860 -0.9513
vn 0.1247 -0.0944 -0.9877
vn 0.2421 -0.1906 0.9513
vn 0.4614 -0.3632 0.8095
vn 0.6354 -0.5002 0.5883
vn 0.7472 -0.5882 0.3093
vn 0.7833 -0.6166 0.0785
vn 0.7949 -0.6016 0.0785
vn 0.7833 -0.6166 -0.0785
vn 0.7472 -0.5882 -0.3093
vn 0.6354 -0.5002 -0.5883
vn 0.4614 -0.3632 -0.8095
vn 0.2421 -0.1906 -0.9513
vn 0.2383 -0.1953 0.9514
vn 0.1229 -0.0968 0.9877
vn 0.4540 -0.3722 0.8095
vn 0.6254 -0.5127 0.5883
vn 0.7354 -0.6029 0.3093
vn 0.7710 -0.6320 0.0785
vn 0.7710 -0.6320 -0.0785
vn 0.7354 -0.6029 -0.3093
vn 0.6254 -0.5127 -0.5883
vn 0.4540 -0.3722 -0.8095
vn 0.1229 -0.0968 -0.9877
vn 0.2383 -0.1953 -0.9514
vn 0.2340 -0.2003 0.9514
vn 0.1210 -0.0992 0.9877
vn 0.4459 -0.3818 0.8096
vn 0.6142 -0.5259 0.5883
vn 0.7223 -0.6185 0.3094
vn 0.7573 -0.6484 0.0785
vn 0.7573 -0.6484 -0.0785
vn 0.7223 -0.6185 -0.3094
vn 0.6142 -0.5259 -0.5883
vn 0.4459 -0.3818 -0.8096
vn 0.1210 -0.0992 -0.9877
vn 0.2340 -0.2003 -0.9514
vn 0.2290 -0.2058 0.9514
vn 0.1188 -0.1017 0.9877
vn 0.4365 -0.3923 0.8096
vn 0.6014 -0.5405 0.5884
vn 0.7072 -0.6357 0.3094
vn 0.7414 -0.6664 0.0785
vn 0.7414 -0.6664 -0.0785
vn 0.7072 -0.6357 -0.3094
vn 0.6014 -0.5405 -0.5884
vn 0.4365 -0.3923 -0.8096
vn 0.1188 -0.1017 -0.9877
vn 0.2290 -0.2058 -0.9514
vn 0.2229 -0.2120 0.9515
vn 0.1163 -0.1046 0.9877
vn 0.4252 -0.4043 0.8098
vn 0.5859 -0.5571 0.5885
vn 0.6892 -0.6552 0.3095
vn 0.7225 -0.6869 0.0785
vn 0.7225 -0.6869 -0.0785
vn 0.6892 -0.6552 -0.3095
vn 0.5859 -0.5571 -0.5885
vn 0.4252 -0.4043 -0.8098
vn 0.1163 -0.1046 -0.9877
vn 0.2229 -0.2120 -0.9515
vn 0.2154 -0.2191 0.9516
vn 0.1134 -0.1078 0.9877
vn 0.4112 -0.4182 0.8099
vn 0.5667 -0.5764 0.5887
vn 0.6666 -0.6780 0.3096
vn 0.6989 -0.7109 0.0785
vn 0.6989 -0.7109 -0.0785
vn 0.6666 -0.6780 -0.3096
vn 0.5667 -0.5764 -0.5887
vn 0.4112 -0.4182 -0.8099
vn 0.1134 -0.1078 -0.9877
vn 0.2154 -0.2191 -0.9516
vn 0.2057 -0.2277 0.9518
vn 0.1097 -0.1115 0.9877
vn 0.3929 -0.4349 0.8102
vn 0.5417 -0.5997 0.5890
vn 0.6374 -0.7055 0.3098
vn 0.6683 -0.7397 0.0786
vn 0.6683 -0.7397 -0.0786
vn 0.6374 -0.7055 -0.3098
vn 0.5417 -0.5997 -0.5890
vn 0.3929 -0.4349 -0.8102
vn 0.1097 -0.1115 -0.9877
vn 0.2057 -0.2277 -0.9518
vn 0.0834 0.0124 0.9964
vn 0.1048 -0.1160 0.9877
vn 0.2259 0.0336 0.9736
vn 0.4208 0.0626 0.9050
vn 0.6503 0.0968 0.7534
vn 0.8821 0.1313 0.4524
vn 0.9802 0.1459 -0.1338
vn 0.8821 0.1313 -0.4524
vn 0.6503 0.0968 -0.7534
vn 0.4208 0.0626 -0.9050
vn 0.2259 0.0336 -0.9736
vn 0.0834 0.0124 -0.9964
vn 0.1048 -0.1160 -0.9877
vn 0.1324 0.2758 0.9520
vn 0.2534 0.5278 0.8107
vn 0.3496 0.7282 0.5895
vn 0.4115 0.8570 0.3101
vn 0.4315 0.8987 0.0786
vn 0.9802 0.1459 0.1338
vn 0.4315 0.8987 -0.0786
vn 0.4115 0.8570 -0.3101
vn 0.3496 0.7282 -0.5895
vn 0.2534 0.5278 -0.8107
vn 0.1324 0.2758 -0.9520
vn 0.1506 0.2660 0.9521
vn 0.0677 0.1410 0.9877
vn 0.2883 0.5093 0.8109
vn 0.3979 0.7028 0.5897
vn 0.4684 0.8273 0.3102
vn 0.4912 0.8675 0.0786
vn 0.4912 0.8675 -0.0786
vn 0.4684 0.8273 -0.3102
vn 0.3979 0.7028 -0.5897
vn 0.2883 0.5093 -0.8109
vn 0.0677 0.1410 -0.9877
vn 0.1506 0.2660 -0.9521
vn 0.1697 0.2538 0.9522
vn 0.0770 0.1360 0.9877
vn 0.3252 0.4863 0.8111
vn 0.4488 0.6712 0.5899
vn 0.5284 0.7902 0.3104
vn 0.5541 0.8287 0.0787
vn 0.5541 0.8287 -0.0787
vn 0.5284 0.7902 -0.3104
vn 0.4488 0.6712 -0.5899
vn 0.3252 0.4863 -0.8111
vn 0.0770 0.1360 -0.9877
vn 0.1697 0.2538 -0.9522
vn 0.1894 0.2391 0.9523
vn 0.0869 0.1299 0.9877
vn 0.3630 0.4584 0.8112
vn 0.5012 0.6329 0.5901
vn 0.5902 0.7452 0.3105
vn 0.6189 0.7815 0.0787
vn 0.6189 0.7815 -0.0787
vn 0.5902 0.7452 -0.3105
vn 0.5012 0.6329 -0.5901
vn 0.3630 0.4584 -0.8112
vn 0.0869 0.1299 -0.9877
vn 0.1894 0.2391 -0.9523
vn 0.2090 0.2218 0.9524
vn 0.0970 0.1225 0.9877
vn 0.4008 0.4255 0.8114
vn 0.5535 0.5875 0.5902
vn 0.6518 0.6919 0.3106
vn 0.6836 0.7256 0.0787
vn 0.6836 0.7256 -0.0787
vn 0.6518 0.6919 -0.3106
vn 0.5535 0.5875 -0.5902
vn 0.4008 0.4255 -0.8114
vn 0.0970 0.1225 -0.9877
vn 0.2090 0.2218 -0.9524
vn 0.2279 0.2021 0.9525
vn 0.1072 0.1138 0.9877
vn 0.4372 0.3878 0.8114
vn 0.6038 0.5356 0.5903
vn 0.7111 0.6308 0.3106
vn 0.7458 0.6615 0.0787
vn 0.7458 0.6615 -0.0787
vn 0.7111 0.6308 -0.3106
vn 0.6038 0.5356 -0.5903
vn 0.4372 0.3878 -0.8114
vn 0.1072 0.1138 -0.9877
vn 0.2279 0.2021 -0.9525
vn 0.2454 0.1805 0.9525
vn 0.1169 0.1037 0.9877
vn 0.4708 0.3463 0.8115
vn 0.6502 0.4783 0.5904
vn 0.7657 0.5632 0.3106
vn 0.8030 0.5907 0.0787
vn 0.8030 0.5907 -0.0787
vn 0.7657 0.5632 -0.3106
vn 0.6502 0.4783 -0.5904
vn 0.4708 0.3463 -0.8115
vn 0.1169 0.1037 -0.9877
vn 0.2454 0.1805 -0.9525
vn 0.1338 0.0808 0.9877
vn 0.1259 0.0926 0.9877
vn 0.2608 0.1575 0.9525
vn 0.5003 0.3022 0.8114
vn 0.6909 0.4173 0.5903
vn 0.8136 0.4914 0.3106
vn 0.8533 0.5154 -0.0787
vn 0.8136 0.4914 -0.3106
vn 0.6909 0.4173 -0.5903
vn 0.5003 0.3022 -0.8114
vn 0.2608 0.1575 -0.9525
vn 0.1338 0.0808 -0.9877
vn 0.1259 0.0926 -0.9877
vn 0.1404 0.0687 0.9877
vn 0.2738 0.1341 0.9524
vn 0.5250 0.2572 0.8113
vn 0.7250 0.3551 0.5902
vn 0.8533 0.5154 0.0787
vn 0.8537 0.4181 0.3105
vn 0.8953 0.4385 -0.0787
vn 0.8537 0.4181 -0.3105
vn 0.7250 0.3551 -0.5902
vn 0.5250 0.2572 -0.8113
vn 0.2738 0.1341 -0.9524
vn 0.1404 0.0687 -0.9877
vn 0.1456 0.0569 0.9877
vn 0.2843 0.1111 0.9523
vn 0.5447 0.2129 0.8111
vn 0.7520 0.2940 0.5900
vn 0.8953 0.4385 0.0787
vn 0.8854 0.3461 0.3104
vn 0.9285 0.3630 -0.0787
vn 0.8854 0.3461 -0.3104
vn 0.7520 0.2940 -0.5900
vn 0.5447 0.2129 -0.8111
vn 0.2843 0.1111 -0.9523
vn 0.1456 0.0569 -0.9877
vn 0.1495 0.0457 0.9877
vn 0.2922 0.0894 0.9522
vn 0.5596 0.1711 0.8109
vn 0.7723 0.2361 0.5897
vn 0.9285 0.3630 0.0787
vn 0.9091 0.2780 0.3103
vn 0.9533 0.2915 -0.0786
vn 0.9091 0.2780 -0.3103
vn 0.7723 0.2361 -0.5897
vn 0.5596 0.1711 -0.8109
vn 0.2922 0.0894 -0.9522
vn 0.1495 0.0457 -0.9877
vn 0.1103 -0.0847 0.9903
vn 0.2778 -0.2134 0.9367
vn 0.4718 -0.3625 0.8038
vn 0.6816 -0.5236 0.5112
vn 0.7857 -0.6036 0.1357
vn 0.9533 0.2915 0.0786
vn 0.7857 -0.6036 -0.1357
vn 0.6816 -0.5236 -0.5112
vn 0.4718 -0.3625 -0.8038
vn 0.2778 -0.2134 -0.9367
vn 0.1103 -0.0847 -0.9903
vn 0.0762 -0.0585 0.9954
vn 0.0762 -0.0585 -0.9954
vn 0.6543 0.6543 0.3793
vn 0.6543 0.6543 -0.3793
vn 0.1203 0.1203 0.9854
vn 0.2882 0.2882 0.9132
vn 0.4666 0.4666 0.7513
vn 0.6319 0.6319 0.4487
vn 0.7024 0.7023 0.1158
vn 0.7024 0.7023 -0.1158
vn 0.6319 0.6319 -0.4487
vn 0.4666 0.4666 -0.7513
vn 0.2882 0.2882 -0.9132
vn 0.1203 0.1203 -0.9854
vn 0.7023 0.7024 0.1158
vn 0.3068 0.0316 0.9513
vn 0.1558 0.0139 0.9877
vn 0.1556 0.0160 0.9877
vn 0.0509 -0.9857 0.1605
vn 0.3072 0.0274 0.9513
vn 0.1420 -0.9827 0.1188
vn 0.5850 0.0521 0.8093
vn 0.1850 -0.9809 0.0607
vn 0.8056 0.0718 0.5881
vn 0.1520 -0.9883 0.0078
vn 0.9472 0.0844 0.3092
vn 0.9930 0.0885 -0.0785
vn 0.1512 -0.9885 -0.0078
vn 0.9472 0.0844 -0.3092
vn 0.1850 -0.9809 -0.0607
vn 0.8056 0.0718 -0.5881
vn 0.1420 -0.9827 -0.1188
vn 0.5850 0.0521 -0.8093
vn 0.0507 -0.9861 -0.1584
vn 0.3072 0.0274 -0.9513
vn 0.3067 0.0316 -0.9513
vn 0.1558 0.0139 -0.9877
vn 0.1556 0.0160 -0.9877
vn 0.1560 0.0119 0.9877
vn 0.3076 0.0234 0.9512
vn 0.5857 0.0446 0.8093
vn 0.8065 0.0615 0.5881
vn 0.9930 0.0885 0.0785
vn 0.9482 0.0723 0.3092
vn 0.9940 0.0758 -0.0785
vn 0.9482 0.0723 -0.3092
vn 0.8065 0.0615 -0.5881
vn 0.5857 0.0446 -0.8093
vn 0.3076 0.0234 -0.9512
vn 0.1560 0.0119 -0.9877
vn 0.1561 0.0100 0.9877
vn 0.3079 0.0198 0.9512
vn 0.5862 0.0377 0.8093
vn 0.8072 0.0519 0.5881
vn 0.9940 0.0758 0.0785
vn 0.9490 0.0610 0.3092
vn 0.9949 0.0639 -0.0785
vn 0.9490 0.0610 -0.3092
vn 0.8072 0.0519 -0.5881
vn 0.5862 0.0377 -0.8093
vn 0.3079 0.0198 -0.9512
vn 0.1561 0.0100 -0.9877
vn 0.1562 0.0083 0.9877
vn 0.3081 0.0164 0.9512
vn 0.5866 0.0312 0.8093
vn 0.8077 0.0430 0.5880
vn 0.9949 0.0639 0.0785
vn 0.9497 0.0505 0.3092
vn 0.9955 0.0529 -0.0785
vn 0.9497 0.0505 -0.3092
vn 0.8077 0.0430 -0.5880
vn 0.5866 0.0312 -0.8093
vn 0.3081 0.0164 -0.9512
vn 0.1562 0.0083 -0.9877
vn 0.1563 0.0067 0.9877
vn 0.3083 0.0133 0.9512
vn 0.5869 0.0252 0.8093
vn 0.8081 0.0347 0.5880
vn 0.9955 0.0529 0.0785
vn 0.9501 0.0409 0.3092
vn 0.9960 0.0428 -0.0785
vn 0.9501 0.0409 -0.3092
vn 0.8081 0.0347 -0.5880
vn 0.5869 0.0252 -0.8093
vn 0.3083 0.0133 -0.9512
vn 0.1563 0.0067 -0.9877
vn 0.1563 0.0053 0.9877
vn 0.3084 0.0104 0.9512
vn 0.5872 0.0198 0.8092
vn 0.8084 0.0273 0.5880
vn 0.9960 0.0428 0.0785
vn 0.9505 0.0320 0.3091
vn 0.9964 0.0336 -0.0785
vn 0.9505 0.0320 -0.3091
vn 0.8084 0.0273 -0.5880
vn 0.5872 0.0198 -0.8092
vn 0.3084 0.0104 -0.9512
vn 0.1563 0.0053 -0.9877
vn 0.1564 0.0040 0.9877
vn 0.3086 0.0078 0.9512
vn 0.5873 0.0149 0.8092
vn 0.8086 0.0205 0.5880
vn 0.9963 0.0336 0.0785
vn 0.9507 0.0241 0.3091
vn 0.9966 0.0252 -0.0785
vn 0.9507 0.0241 -0.3091
vn 0.8086 0.0205 -0.5880
vn 0.5873 0.0149 -0.8092
vn 0.3086 0.0078 -0.9512
vn 0.1564 0.0040 -0.9877
vn 0.1564 0.0028 0.9877
vn 0.3086 0.0055 0.9512
vn 0.5875 0.0104 0.8092
vn 0.8088 0.0144 0.5880
vn 0.9966 0.0252 0.0785
vn 0.9509 0.0169 0.3091
vn 0.9968 0.0177 -0.0785
vn 0.9509 0.0169 -0.3091
vn 0.8088 0.0144 -0.5880
vn 0.5875 0.0104 -0.8092
vn 0.3086 0.0055 -0.9512
vn 0.1564 0.0028 -0.9877
vn 0.1564 0.0017 0.9877
vn 0.3087 0.0034 0.9511
vn 0.5875 0.0065 0.8092
vn 0.8089 0.0089 0.5879
vn 0.9968 0.0177 0.0785
vn 0.9510 0.0105 0.3091
vn 0.9969 0.0110 -0.0785
vn 0.9510 0.0105 -0.3091
vn 0.8089 0.0089 -0.5879
vn 0.5875 0.0065 -0.8092
vn 0.3087 0.0034 -0.9511
vn 0.1564 0.0017 -0.9877
vn 0.1564 0.0008 0.9877
vn 0.3088 0.0016 0.9511
vn 0.5876 0.0030 0.8091
vn 0.8089 0.0042 0.5879
vn 0.9969 0.0110 0.0785
vn 0.9510 0.0049 0.3091
vn 0.9969 0.0052 -0.0785
vn 0.9510 0.0049 -0.3091
vn 0.8089 0.0042 -0.5879
vn 0.5876 0.0030 -0.8091
vn 0.3088 0.0016 -0.9511
vn 0.1564 0.0008 -0.9877
vn 0.1564 0.0002 0.9877
vn 0.3089 0.0004 0.9511
vn 0.5877 0.0007 0.8091
vn 0.8090 0.0010 0.5878
vn 0.9969 0.0052 0.0785
vn 0.9510 0.0012 0.3091
vn 0.9969 0.0012 -0.0785
vn 0.9510 0.0012 -0.3091
vn 0.8090 0.0010 -0.5878
vn 0.5877 0.0007 -0.8091
vn 0.3089 0.0004 -0.9511
vn 0.1564 0.0002 -0.9877
vn 0.9969 0.0012 0.0785
vn -0.7024 -0.7023 0.1158
vn 0.0782 0.0873 0.9931
vn 0.1221 0.1363 0.9831
vn -0.7713 0.6153 0.1626
vn -0.7218 0.6793 0.1325
vn -0.6885 0.7211 0.0775
vn -0.7111 0.7030 -0.0104
vn -0.6885 0.7211 -0.0775
vn -0.7218 0.6793 -0.1325
vn -0.7713 0.6153 -0.1626
vn 0.1221 0.1363 -0.9831
vn 0.0782 0.0873 -0.9931
vn -0.7111 0.7030 0.0104
vn -0.1564 -0.0002 0.9877
vn -0.3091 -0.0004 0.9510
vn -0.5879 -0.0007 0.8090
vn -0.8091 -0.0010 0.5877
vn -0.9511 -0.0011 0.3090
vn -0.9969 -0.0012 -0.0785
vn -0.9511 -0.0011 -0.3090
vn -0.8091 -0.0010 -0.5877
vn -0.5879 -0.0007 -0.8090
vn -0.3091 -0.0004 -0.9510
vn -0.1564 -0.0002 -0.9877
vn -0.1564 -0.0008 0.9877
vn -0.3092 -0.0015 0.9510
vn -0.5879 -0.0029 0.8089
vn -0.8091 -0.0040 0.5877
vn -0.9969 -0.0012 0.0785
vn -0.9511 -0.0047 0.3089
vn -0.9969 -0.0049 -0.0784
vn -0.9511 -0.0047 -0.3089
vn -0.8091 -0.0040 -0.5877
vn -0.5879 -0.0029 -0.8089
vn -0.3092 -0.0015 -0.9510
vn -0.1564 -0.0008 -0.9877
vn -0.1564 -0.0016 0.9877
vn -0.3092 -0.0032 0.9510
vn -0.5879 -0.0060 0.8089
vn -0.8091 -0.0082 0.5877
vn -0.9969 -0.0049 0.0784
vn -0.9510 -0.0097 0.3089
vn -0.9969 -0.0102 -0.0784
vn -0.9510 -0.0097 -0.3089
vn -0.8091 -0.0082 -0.5877
vn -0.5879 -0.0060 -0.8089
vn -0.3092 -0.0032 -0.9510
vn -0.1564 -0.0016 -0.9877
vn -0.1564 -0.0025 0.9877
vn -0.3092 -0.0049 0.9510
vn -0.5879 -0.0094 0.8089
vn -0.8090 -0.0129 0.5876
vn -0.9969 -0.0102 0.0784
vn -0.9510 -0.0151 0.3089
vn -0.9968 -0.0159 -0.0784
vn -0.9510 -0.0151 -0.3089
vn -0.8090 -0.0129 -0.5876
vn -0.5879 -0.0094 -0.8089
vn -0.3092 -0.0049 -0.9510
vn -0.1564 -0.0025 -0.9877
vn -0.1564 -0.0035 0.9877
vn -0.3092 -0.0068 0.9510
vn -0.5878 -0.0130 0.8089
vn -0.8089 -0.0179 0.5876
vn -0.9968 -0.0159 0.0784
vn -0.9509 -0.0210 0.3089
vn -0.9967 -0.0220 -0.0784
vn -0.9509 -0.0210 -0.3089
vn -0.8089 -0.0179 -0.5876
vn -0.5878 -0.0130 -0.8089
vn -0.3092 -0.0068 -0.9510
vn -0.1564 -0.0035 -0.9877
vn -0.1564 -0.0045 0.9877
vn -0.3092 -0.0089 0.9510
vn -0.5878 -0.0169 0.8089
vn -0.8088 -0.0232 0.5876
vn -0.9967 -0.0220 0.0784
vn -0.9507 -0.0273 0.3089
vn -0.9965 -0.0286 -0.0784
vn -0.9507 -0.0273 -0.3089
vn -0.8088 -0.0232 -0.5876
vn -0.5878 -0.0169 -0.8089
vn -0.3092 -0.0089 -0.9510
vn -0.1564 -0.0045 -0.9877
vn -0.1563 -0.0056 0.9877
vn -0.3091 -0.0111 0.9510
vn -0.5876 -0.0210 0.8088
vn -0.8086 -0.0289 0.5876
vn -0.9965 -0.0286 0.0784
vn -0.9505 -0.0340 0.3089
vn -0.9963 -0.0357 -0.0784
vn -0.9505 -0.0340 -0.3089
vn -0.8086 -0.0289 -0.5876
vn -0.5876 -0.0210 -0.8088
vn -0.3091 -0.0111 -0.9510
vn -0.1563 -0.0056 -0.9877
vn -0.1563 -0.0068 0.9877
vn -0.3091 -0.0134 0.9509
vn -0.5875 -0.0255 0.8088
vn -0.8084 -0.0350 0.5876
vn -0.9963 -0.0357 0.0784
vn -0.9502 -0.0412 0.3089
vn -0.9960 -0.0432 -0.0784
vn -0.9502 -0.0412 -0.3089
vn -0.8084 -0.0350 -0.5876
vn -0.5875 -0.0255 -0.8088
vn -0.3091 -0.0134 -0.9509
vn -0.1563 -0.0068 -0.9877
vn -0.1562 -0.0080 0.9877
vn -0.3090 -0.0159 0.9509
vn -0.5873 -0.0302 0.8088
vn -0.8081 -0.0415 0.5876
vn -0.9960 -0.0432 0.0784
vn -0.9498 -0.0488 0.3089
vn -0.9956 -0.0511 -0.0784
vn -0.9498 -0.0488 -0.3089
vn -0.8081 -0.0415 -0.5876
vn -0.5873 -0.0302 -0.8088
vn -0.3090 -0.0159 -0.9509
vn -0.1562 -0.0080 -0.9877
vn -0.1562 -0.0093 0.9877
vn -0.3089 -0.0185 0.9509
vn -0.5870 -0.0351 0.8088
vn -0.8077 -0.0484 0.5876
vn -0.9956 -0.0511 0.0784
vn -0.9494 -0.0568 0.3089
vn -0.9951 -0.0596 -0.0784
vn -0.9494 -0.0568 -0.3089
vn -0.8077 -0.0484 -0.5876
vn -0.5870 -0.0351 -0.8088
vn -0.3089 -0.0185 -0.9509
vn -0.1562 -0.0093 -0.9877
vn -0.1561 -0.0107 0.9877
vn -0.3087 -0.0213 0.9509
vn -0.5867 -0.0404 0.8088
vn -0.8073 -0.0556 0.5876
vn -0.9951 -0.0596 0.0784
vn -0.9489 -0.0653 0.3089
vn -0.9946 -0.0685 -0.0784
vn -0.9489 -0.0653 -0.3089
vn -0.8073 -0.0556 -0.5876
vn -0.5867 -0.0404 -0.8088
vn -0.3087 -0.0213 -0.9509
vn -0.1561 -0.0107 -0.9877
vn -0.1560 -0.0122 0.9877
vn -0.3085 -0.0242 0.9509
vn -0.1286 0.9785 -0.1615
vn -0.0410 0.9924 -0.1164
vn -0.9946 -0.0685 0.0784
vn 0.0059 0.9981 -0.0615
vn -0.0307 0.9995 0.0076
vn 0.0059 0.9981 0.0615
vn -0.0410 0.9923 0.1165
vn -0.1306 0.9789 0.1573
vn -0.3085 -0.0242 -0.9509
vn -0.1560 -0.0122 -0.9877
vn -0.1180 0.1086 0.9871
vn 0.7087 0.6864 0.1630
vn 0.6560 0.7423 0.1368
vn -0.0293 0.9995 -0.0076
vn 0.6177 0.7820 0.0832
vn 0.6403 0.7680 -0.0114
vn 0.6177 0.7820 -0.0832
vn 0.6560 0.7423 -0.1368
vn 0.7087 0.6864 -0.1630
vn -0.1180 0.1086 -0.9871
vn -0.0785 0.0722 0.9943
vn 0.6403 0.7680 0.0114
vn -0.0785 0.0722 -0.9943
vn 0.7024 -0.7023 -0.1158
vn 0.7024 0.7024 0.1158
vn -0.7024 -0.7024 -0.1158
vt 0.630769 0.000000
vt 0.646154 0.000000
vt 0.638462 0.000000
vt 0.000000 0.000000
vt 0.984615 0.000000
vt 0.930769 0.000000
vt 0.992308 0.000000
vt 1.000000 0.000000
vt 0.953846 0.000000
vt 0.961538 0.000000
vt 0.938462 0.000000
vt 0.946154 0.000000
vt 0.615385 0.000000
vt 0.753846 0.000000
vt 0.623077 0.000000
vt 0.007692 0.000000
vt 0.746154 0.000000
vt 0.776923 0.000000
vt 0.892308 0.000000
vt 0.015385 0.000000
vt 0.761538 0.000000
vt 0.738462 0.000000
vt 0.784615 0.000000
vt 0.884615 0.000000
vt 0.923077 0.000000
vt 0.915385 0.000000
vt 0.730769 0.000000
vt 0.792308 0.000000
vt 0.723077 0.000000
vt 0.800000 0.000000
vt 0.715385 0.000000
vt 0.807692 0.000000
vt 0.707692 0.000000
vt 0.815385 0.000000
vt 0.700000 0.000000
vt 0.823077 0.000000
vt 0.900000 0.000000
vt 0.907692 0.000000
vt 0.692308 0.000000
vt 0.830769 0.000000
vt 0.684615 0.000000
vt 0.838462 0.000000
vt 0.676923 0.000000
vt 0.846154 0.000000
vt 0.669231 0.000000
vt 0.853846 0.000000
vt 0.661538 0.000000
vt 0.861538 0.000000
vt 0.653846 0.000000
vt 0.869231 0.000000
vt 0.769231 0.000000
vt 0.876923 0.000000
vt 0.600000 0.000000
vt 0.607692 0.000000
vt 0.023077 0.000000
vt 0.030769 0.000000
vt 0.592308 0.000000
vt 0.584615 0.000000
vt 0.038462 0.000000
vt 0.046154 0.000000
vt 0.576923 0.000000
vt 0.315385 0.000000
vt 0.053846 0.000000
vt 0.323077 0.000000
vt 0.307692 0.000000
vt 0.569231 0.000000
vt 0.061538 0.000000
vt 0.561538 0.000000
vt 0.330769 0.000000
vt 0.300000 0.000000
vt 0.069231 0.000000
vt 0.969231 0.000000
vt 0.553846 0.000000
vt 0.338462 0.000000
vt 0.292308 0.000000
vt 0.076923 0.000000
vt 0.546154 0.000000
vt 0.346154 0.000000
vt 0.284615 0.000000
vt 0.084615 0.000000
vt 0.538462 0.000000
vt 0.976923 0.000000
vt 0.353846 0.000000
vt 0.092308 0.000000
vt 0.276923 0.000000
vt 0.530769 0.000000
vt 0.361538 0.000000
vt 0.100000 0.000000
vt 0.269231 0.000000
vt 0.523077 0.000000
vt 0.369231 0.000000
vt 0.107692 0.000000
vt 0.515385 0.000000
vt 0.261538 0.000000
vt 0.376923 0.000000
vt 0.115385 0.000000
vt 0.507692 0.000000
vt 0.253846 0.000000
vt 0.123077 0.000000
vt 0.384615 0.000000
vt 0.500000 0.000000
vt 0.130769 0.000000
vt 0.246154 0.000000
vt 0.392308 0.000000
vt 0.492308 0.000000
vt 0.138462 0.000000
vt 0.484615 0.000000
vt 0.146154 0.000000
vt 0.476923 0.000000
vt 0.153846 0.000000
vt 0.238462 0.000000
vt 0.469231 0.000000
vt 0.161538 0.000000
vt 0.400000 0.000000
vt 0.461538 0.000000
vt 0.169231 0.000000
vt 0.453846 0.000000
vt 0.176923 0.000000
vt 0.446154 0.000000
vt 0.230769 0.000000
vt 0.184615 0.000000
vt 0.438462 0.000000
vt 0.192308 0.000000
vt 0.430769 0.000000
vt 0.423077 0.000000
vt 0.415385 0.000000
vt 0.407692 0.000000
vt 0.200000 0.000000
vt 0.223077 0.000000
vt 0.215385 0.000000
vt 0.207692 0.000000
vt 0.039370 0.000000
vt 0.023622 0.000000
vt 0.047244 0.000000
vt 0.055118 0.000000
vt 0.015748 0.000000
vt 0.031496 0.000000
vt 0.007874 0.000000
vt 0.984252 0.000000
vt 0.992126 0.000000
vt 0.094488 0.000000
vt 0.976378 0.000000
vt 0.968504 0.000000
vt 0.960630 0.000000
vt 0.102362 0.000000
vt 0.110236 0.000000
vt 0.952756 0.000000
vt 0.944882 0.000000
vt 0.118110 0.000000
vt 0.125984 0.000000
vt 0.937008 0.000000
vt 0.929134 0.000000
vt 0.921260 0.000000
vt 0.913386 0.000000
vt 0.133858 0.000000
vt 0.141732 0.000000
vt 0.149606 0.000000
vt 0.157480 0.000000
vt 0.165354 0.000000
vt 0.173228 0.000000
vt 0.181102 0.000000
vt 0.188976 0.000000
vt 0.905512 0.000000
vt 0.196850 0.000000
vt 0.204724 0.000000
vt 0.212598 0.000000
vt 0.220472 0.000000
vt 0.228346 0.000000
vt 0.889764 0.000000
vt 0.236220 0.000000
vt 0.897638 0.000000
vt 0.881890 0.000000
vt 0.244094 0.000000
vt 0.874016 0.000000
vt 0.251969 0.000000
vt 0.866142 0.000000
vt 0.070866 0.000000
vt 0.086614 0.000000
vt 0.078740 0.000000
vt 0.062992 0.000000
vt 0.259843 0.000000
vt 0.858268 0.000000
vt 0.850394 0.000000
vt 0.267717 0.000000
vt 0.842520 0.000000
vt 0.275591 0.000000
vt 0.834646 0.000000
vt 0.283465 0.000000
vt 0.826772 0.000000
vt 0.818898 0.000000
vt 0.291339 0.000000
vt 0.811024 0.000000
vt 0.803150 0.000000
vt 0.299213 0.000000
vt 0.795276 0.000000
vt 0.787402 0.000000
vt 0.779528 0.000000
vt 0.598425 0.000000
vt 0.614173 0.000000
vt 0.606299 0.000000
vt 0.771654 0.000000
vt 0.307087 0.000000
vt 0.622047 0.000000
vt 0.763780 0.000000
vt 0.629921 0.000000
vt 0.755906 0.000000
vt 0.637795 0.000000
vt 0.748031 0.000000
vt 0.645669 0.000000
vt 0.653543 0.000000
vt 0.590551 0.000000
vt 0.740157 0.000000
vt 0.661417 0.000000
vt 0.732283 0.000000
vt 0.669291 0.000000
vt 0.724409 0.000000
vt 0.677165 0.000000
vt 0.716535 0.000000
vt 0.685039 0.000000
vt 0.708661 0.000000
vt 0.692913 0.000000
vt 0.700787 0.000000
vt 0.582677 0.000000
vt 0.574803 0.000000
vt 0.314961 0.000000
vt 0.566929 0.000000
vt 0.559055 0.000000
vt 0.322835 0.000000
vt 0.551181 0.000000
vt 0.543307 0.000000
vt 0.330709 0.000000
vt 0.338583 0.000000
vt 0.535433 0.000000
vt 0.346457 0.000000
vt 0.527559 0.000000
vt 0.354331 0.000000
vt 0.519685 0.000000
vt 0.362205 0.000000
vt 0.370079 0.000000
vt 0.511811 0.000000
vt 0.377953 0.000000
vt 0.385827 0.000000
vt 0.393701 0.000000
vt 0.503937 0.000000
vt 0.401575 0.000000
vt 0.496063 0.000000
vt 0.409449 0.000000
vt 0.488189 0.000000
vt 0.417323 0.000000
vt 0.480315 0.000000
vt 0.472441 0.000000
vt 0.425197 0.000000
vt 0.433071 0.000000
vt 0.464567 0.000000
vt 0.440945 0.000000
vt 0.456693 0.000000
vt 0.448819 0.000000
vt 0.125000 0.090909
vt 0.000000 0.090909
vt 0.125000 0.181818
vt 0.000000 0.181818
vt 0.125000 0.272727
vt 0.000000 0.272727
vt 0.125000 0.363636
vt 0.000000 0.363636
vt 0.125000 0.454545
vt 0.000000 0.454545
vt 0.125000 0.545455
vt 0.000000 0.545455
vt 0.000000 0.636364
vt 0.125000 0.727273
vt 0.000000 0.727273
vt 0.125000 0.818182
vt 0.000000 0.818182
vt 0.125000 0.909091
vt 0.000000 0.909091
vt 0.125000 1.000000
vt 0.000000 1.000000
vt 0.250000 0.090909
vt 0.125000 0.000000
vt 0.250000 0.181818
vt 0.250000 0.272727
vt 0.250000 0.363636
vt 0.250000 0.454545
vt 0.250000 0.545455
vt 0.125000 0.636364
vt 0.250000 0.636364
vt 0.250000 0.727273
vt 0.250000 0.818182
vt 0.250000 0.909091
vt 0.375000 0.090909
vt 0.250000 0.000000
vt 0.375000 0.181818
vt 0.375000 0.272727
vt 0.375000 0.363636
vt 0.375000 0.545455
vt 0.375000 0.636364
vt 0.375000 0.727273
vt 0.375000 0.909091
vt 0.375000 1.000000
vt 0.250000 1.000000
vt 0.375000 0.000000
vt 0.500000 0.090909
vt 0.500000 0.181818
vt 0.500000 0.272727
vt 0.375000 0.454545
vt 0.500000 0.363636
vt 0.500000 0.545455
vt 0.500000 0.636364
vt 0.500000 0.727273
vt 0.500000 0.818182
vt 0.375000 0.818182
vt 0.500000 0.909091
vt 0.500000 1.000000
vt 0.625000 0.090909
vt 0.625000 0.181818
vt 0.625000 0.272727
vt 0.625000 0.363636
vt 0.625000 0.454545
vt 0.500000 0.454545
vt 0.625000 0.545455
vt 0.625000 0.636364
vt 0.625000 0.727273
vt 0.625000 0.818182
vt 0.625000 0.909091
vt 0.625000 1.000000
vt 0.750000 0.090909
vt 0.625000 0.000000
vt 0.750000 0.181818
vt 0.750000 0.272727
vt 0.750000 0.454545
vt 0.750000 0.545455
vt 0.750000 0.727273
vt 0.750000 0.909091
vt 0.750000 1.000000
vt 0.875000 0.090909
vt 0.750000 0.000000
vt 0.875000 0.181818
vt 0.875000 0.272727
vt 0.875000 0.363636
vt 0.750000 0.363636
vt 0.875000 0.454545
vt 0.875000 0.545455
vt 0.875000 0.636364
vt 0.750000 0.636364
vt 0.875000 0.727273
vt 0.875000 0.818182
vt 0.750000 0.818182
vt 0.875000 1.000000
vt 1.000000 0.090909
vt 0.875000 0.000000
vt 1.000000 0.181818
vt 1.000000 0.363636
vt 1.000000 0.454545
vt 1.000000 0.545455
vt 1.000000 0.636364
vt 1.000000 0.818182
vt 1.000000 0.909091
vt 0.875000 0.909091
vt 1.000000 1.000000
vt 1.000000 0.272727
vt 1.000000 0.727273
vt 0.008621 0.000000
vt 0.008621 0.090909
vt 0.008621 0.181818
vt 0.008621 0.272727
vt 0.008621 0.363636
vt 0.008621 0.545455
vt 0.008621 0.636364
vt 0.008621 0.727273
vt 0.008621 0.818182
vt 0.008621 0.909091
vt 0.008621 1.000000
vt 0.017241 0.090909
vt 0.017241 0.181818
vt 0.017241 0.272727
vt 0.017241 0.363636
vt 0.017241 0.454545
vt 0.008621 0.454545
vt 0.017241 0.545455
vt 0.017241 0.727273
vt 0.017241 0.818182
vt 0.017241 0.909091
vt 0.017241 1.000000
vt 0.025862 0.090909
vt 0.017241 0.000000
vt 0.025862 0.181818
vt 0.025862 0.272727
vt 0.025862 0.363636
vt 0.025862 0.454545
vt 0.025862 0.545455
vt 0.017241 0.636364
vt 0.025862 0.636364
vt 0.025862 0.727273
vt 0.025862 0.818182
vt 0.025862 0.909091
vt 0.034483 0.090909
vt 0.025862 0.000000
vt 0.034483 0.181818
vt 0.034483 0.272727
vt 0.034483 0.363636
vt 0.034483 0.454545
vt 0.034483 0.545455
vt 0.034483 0.636364
vt 0.034483 0.727273
vt 0.034483 0.818182
vt 0.025862 1.000000
vt 0.034483 0.909091
vt 0.043103 0.000000
vt 0.034483 0.000000
vt 0.043103 0.090909
vt 0.043103 0.181818
vt 0.043103 0.272727
vt 0.043103 0.363636
vt 0.043103 0.545455
vt 0.043103 0.636364
vt 0.043103 0.727273
vt 0.043103 0.818182
vt 0.043103 0.909091
vt 0.043103 1.000000
vt 0.034483 1.000000
vt 0.051724 0.090909
vt 0.051724 0.181818
vt 0.051724 0.272727
vt 0.051724 0.363636
vt 0.051724 0.454545
vt 0.043103 0.454545
vt 0.051724 0.545455
vt 0.051724 0.636364
vt 0.051724 0.727273
vt 0.051724 0.818182
vt 0.051724 0.909091
vt 0.060345 0.000000
vt 0.051724 0.000000
vt 0.060345 0.090909
vt 0.060345 0.181818
vt 0.060345 0.272727
vt 0.060345 0.363636
vt 0.060345 0.545455
vt 0.060345 0.636364
vt 0.060345 0.727273
vt 0.060345 0.818182
vt 0.060345 0.909091
vt 0.060345 1.000000
vt 0.051724 1.000000
vt 0.068966 0.000000
vt 0.068966 0.090909
vt 0.068966 0.181818
vt 0.068966 0.272727
vt 0.060345 0.454545
vt 0.068966 0.363636
vt 0.068966 0.545455
vt 0.068966 0.636364
vt 0.068966 0.727273
vt 0.068966 0.818182
vt 0.068966 0.909091
vt 0.068966 1.000000
vt 0.077586 0.000000
vt 0.077586 0.090909
vt 0.077586 0.181818
vt 0.077586 0.272727
vt 0.068966 0.454545
vt 0.077586 0.363636
vt 0.077586 0.545455
vt 0.077586 0.636364
vt 0.077586 0.727273
vt 0.077586 0.818182
vt 0.077586 0.909091
vt 0.077586 1.000000
vt 0.086207 0.000000
vt 0.086207 0.090909
vt 0.086207 0.181818
vt 0.086207 0.272727
vt 0.077586 0.454545
vt 0.086207 0.363636
vt 0.086207 0.545455
vt 0.086207 0.636364
vt 0.086207 0.727273
vt 0.086207 0.818182
vt 0.086207 0.909091
vt 0.086207 1.000000
vt 0.094828 0.000000
vt 0.094828 0.090909
vt 0.094828 0.181818
vt 0.094828 0.272727
vt 0.086207 0.454545
vt 0.094828 0.363636
vt 0.094828 0.545455
vt 0.094828 0.636364
vt 0.094828 0.727273
vt 0.094828 0.818182
vt 0.094828 0.909091
vt 0.094828 1.000000
vt 0.103448 0.000000
vt 0.103448 0.090909
vt 0.103448 0.181818
vt 0.103448 0.272727
vt 0.094828 0.454545
vt 0.103448 0.363636
vt 0.103448 0.545455
vt 0.103448 0.636364
vt 0.103448 0.727273
vt 0.103448 0.818182
vt 0.103448 0.909091
vt 0.103448 1.000000
vt 0.112069 0.000000
vt 0.112069 0.090909
vt 0.112069 0.181818
vt 0.112069 0.272727
vt 0.103448 0.454545
vt 0.112069 0.363636
vt 0.112069 0.545455
vt 0.112069 0.636364
vt 0.112069 0.727273
vt 0.112069 0.818182
vt 0.112069 0.909091
vt 0.112069 1.000000
vt 0.120690 0.000000
vt 0.120690 0.090909
vt 0.120690 0.181818
vt 0.120690 0.272727
vt 0.112069 0.454545
vt 0.120690 0.363636
vt 0.120690 0.545455
vt 0.120690 0.636364
vt 0.120690 0.727273
vt 0.120690 0.818182
vt 0.120690 0.909091
vt 0.120690 1.000000
vt 0.129310 0.000000
vt 0.129310 0.090909
vt 0.129310 0.181818
vt 0.129310 0.272727
vt 0.120690 0.454545
vt 0.129310 0.363636
vt 0.129310 0.545455
vt 0.129310 0.636364
vt 0.129310 0.727273
vt 0.129310 0.818182
vt 0.129310 0.909091
vt 0.129310 1.000000
vt 0.137931 0.000000
vt 0.137931 0.090909
vt 0.137931 0.181818
vt 0.137931 0.272727
vt 0.129310 0.454545
vt 0.137931 0.363636
vt 0.137931 0.545455
vt 0.137931 0.636364
vt 0.137931 0.727273
vt 0.137931 0.818182
vt 0.137931 0.909091
vt 0.137931 1.000000
vt 0.146552 0.090909
vt 0.146552 0.181818
vt 0.146552 0.272727
vt 0.146552 0.363636
vt 0.146552 0.454545
vt 0.137931 0.454545
vt 0.146552 0.545455
vt 0.146552 0.636364
vt 0.146552 0.727273
vt 0.146552 0.818182
vt 0.146552 0.909091
vt 0.155172 0.000000
vt 0.146552 0.000000
vt 0.155172 0.090909
vt 0.155172 0.181818
vt 0.155172 0.272727
vt 0.155172 0.363636
vt 0.155172 0.545455
vt 0.155172 0.636364
vt 0.155172 0.727273
vt 0.155172 0.818182
vt 0.155172 0.909091
vt 0.155172 1.000000
vt 0.146552 1.000000
vt 0.163793 0.000000
vt 0.163793 0.090909
vt 0.163793 0.181818
vt 0.163793 0.272727
vt 0.155172 0.454545
vt 0.163793 0.363636
vt 0.163793 0.545455
vt 0.163793 0.636364
vt 0.163793 0.727273
vt 0.163793 0.818182
vt 0.163793 0.909091
vt 0.163793 1.000000
vt 0.172414 0.000000
vt 0.172414 0.090909
vt 0.172414 0.181818
vt 0.172414 0.272727
vt 0.163793 0.454545
vt 0.172414 0.363636
vt 0.172414 0.545455
vt 0.172414 0.636364
vt 0.172414 0.727273
vt 0.172414 0.818182
vt 0.172414 0.909091
vt 0.172414 1.000000
vt 0.181034 0.000000
vt 0.181034 0.090909
vt 0.181034 0.181818
vt 0.181034 0.272727
vt 0.172414 0.454545
vt 0.181034 0.363636
vt 0.181034 0.545455
vt 0.181034 0.636364
vt 0.181034 0.727273
vt 0.181034 0.818182
vt 0.181034 0.909091
vt 0.181034 1.000000
vt 0.189655 0.000000
vt 0.189655 0.090909
vt 0.189655 0.181818
vt 0.189655 0.272727
vt 0.181034 0.454545
vt 0.189655 0.363636
vt 0.189655 0.545455
vt 0.189655 0.636364
vt 0.189655 0.727273
vt 0.189655 0.818182
vt 0.189655 0.909091
vt 0.189655 1.000000
vt 0.198276 0.000000
vt 0.198276 0.090909
vt 0.198276 0.181818
vt 0.198276 0.272727
vt 0.189655 0.454545
vt 0.198276 0.363636
vt 0.198276 0.545455
vt 0.198276 0.636364
vt 0.198276 0.727273
vt 0.198276 0.818182
vt 0.198276 0.909091
vt 0.198276 1.000000
vt 0.206897 0.000000
vt 0.206897 0.090909
vt 0.206897 0.181818
vt 0.206897 0.272727
vt 0.198276 0.454545
vt 0.206897 0.363636
vt 0.206897 0.545455
vt 0.206897 0.636364
vt 0.206897 0.727273
vt 0.206897 0.818182
vt 0.206897 0.909091
vt 0.206897 1.000000
vt 0.215517 0.000000
vt 0.215517 0.090909
vt 0.215517 0.181818
vt 0.215517 0.272727
vt 0.206897 0.454545
vt 0.215517 0.363636
vt 0.215517 0.545455
vt 0.215517 0.636364
vt 0.215517 0.727273
vt 0.215517 0.818182
vt 0.215517 0.909091
vt 0.215517 1.000000
vt 0.224138 0.000000
vt 0.224138 0.090909
vt 0.224138 0.181818
vt 0.224138 0.272727
vt 0.215517 0.454545
vt 0.224138 0.363636
vt 0.224138 0.545455
vt 0.224138 0.636364
vt 0.224138 0.727273
vt 0.224138 0.818182
vt 0.224138 0.909091
vt 0.224138 1.000000
vt 0.232759 0.000000
vt 0.232759 0.090909
vt 0.232759 0.181818
vt 0.232759 0.272727
vt 0.224138 0.454545
vt 0.232759 0.363636
vt 0.232759 0.545455
vt 0.232759 0.636364
vt 0.232759 0.727273
vt 0.232759 0.818182
vt 0.232759 0.909091
vt 0.232759 1.000000
vt 0.241379 0.000000
vt 0.241379 0.090909
vt 0.241379 0.181818
vt 0.241379 0.272727
vt 0.232759 0.454545
vt 0.241379 0.363636
vt 0.241379 0.545455
vt 0.241379 0.636364
vt 0.241379 0.727273
vt 0.241379 0.818182
vt 0.241379 0.909091
vt 0.241379 1.000000
vt 0.241379 0.454545
vt 0.258621 0.090909
vt 0.258621 0.181818
vt 0.258621 0.272727
vt 0.258621 0.363636
vt 0.258621 0.454545
vt 0.258621 0.545455
vt 0.258621 0.636364
vt 0.258621 0.727273
vt 0.258621 0.818182
vt 0.258621 0.909091
vt 0.267241 0.000000
vt 0.258621 0.000000
vt 0.267241 0.090909
vt 0.267241 0.181818
vt 0.267241 0.272727
vt 0.267241 0.363636
vt 0.267241 0.545455
vt 0.267241 0.636364
vt 0.267241 0.727273
vt 0.267241 0.818182
vt 0.267241 0.909091
vt 0.267241 1.000000
vt 0.258621 1.000000
vt 0.275862 0.000000
vt 0.275862 0.090909
vt 0.275862 0.181818
vt 0.275862 0.272727
vt 0.267241 0.454545
vt 0.275862 0.363636
vt 0.275862 0.545455
vt 0.275862 0.636364
vt 0.275862 0.727273
vt 0.275862 0.818182
vt 0.275862 0.909091
vt 0.275862 1.000000
vt 0.284483 0.000000
vt 0.284483 0.090909
vt 0.284483 0.181818
vt 0.284483 0.272727
vt 0.275862 0.454545
vt 0.284483 0.363636
vt 0.284483 0.545455
vt 0.284483 0.636364
vt 0.284483 0.727273
vt 0.284483 0.818182
vt 0.284483 0.909091
vt 0.284483 1.000000
vt 0.293103 0.090909
vt 0.293103 0.181818
vt 0.293103 0.272727
vt 0.293103 0.363636
vt 0.293103 0.454545
vt 0.284483 0.454545
vt 0.293103 0.545455
vt 0.293103 0.636364
vt 0.293103 0.727273
vt 0.293103 0.818182
vt 0.293103 0.909091
vt 0.301724 0.090909
vt 0.293103 0.000000
vt 0.301724 0.181818
vt 0.301724 0.272727
vt 0.301724 0.363636
vt 0.301724 0.454545
vt 0.301724 0.545455
vt 0.301724 0.636364
vt 0.301724 0.727273
vt 0.301724 0.818182
vt 0.293103 1.000000
vt 0.301724 0.909091
vt 0.310345 0.090909
vt 0.301724 0.000000
vt 0.310345 0.181818
vt 0.310345 0.272727
vt 0.310345 0.363636
vt 0.310345 0.454545
vt 0.310345 0.545455
vt 0.310345 0.636364
vt 0.310345 0.727273
vt 0.310345 0.818182
vt 0.301724 1.000000
vt 0.310345 0.909091
vt 0.318966 0.090909
vt 0.310345 0.000000
vt 0.318966 0.181818
vt 0.318966 0.272727
vt 0.318966 0.363636
vt 0.318966 0.454545
vt 0.318966 0.545455
vt 0.318966 0.636364
vt 0.318966 0.727273
vt 0.318966 0.818182
vt 0.310345 1.000000
vt 0.318966 0.909091
vt 0.327586 0.090909
vt 0.318966 0.000000
vt 0.327586 0.181818
vt 0.327586 0.272727
vt 0.327586 0.363636
vt 0.327586 0.454545
vt 0.327586 0.545455
vt 0.327586 0.636364
vt 0.327586 0.727273
vt 0.327586 0.818182
vt 0.318966 1.000000
vt 0.327586 0.909091
vt 0.336207 0.090909
vt 0.327586 0.000000
vt 0.336207 0.181818
vt 0.336207 0.272727
vt 0.336207 0.363636
vt 0.336207 0.454545
vt 0.336207 0.545455
vt 0.336207 0.636364
vt 0.336207 0.727273
vt 0.336207 0.818182
vt 0.327586 1.000000
vt 0.336207 0.909091
vt 0.344828 0.090909
vt 0.336207 0.000000
vt 0.344828 0.181818
vt 0.344828 0.272727
vt 0.344828 0.363636
vt 0.344828 0.454545
vt 0.344828 0.545455
vt 0.344828 0.636364
vt 0.344828 0.727273
vt 0.344828 0.818182
vt 0.336207 1.000000
vt 0.344828 0.909091
vt 0.353448 0.090909
vt 0.344828 0.000000
vt 0.353448 0.181818
vt 0.353448 0.272727
vt 0.353448 0.363636
vt 0.353448 0.454545
vt 0.353448 0.545455
vt 0.353448 0.636364
vt 0.353448 0.727273
vt 0.353448 0.818182
vt 0.344828 1.000000
vt 0.353448 0.909091
vt 0.362069 0.000000
vt 0.353448 0.000000
vt 0.362069 0.090909
vt 0.362069 0.181818
vt 0.362069 0.272727
vt 0.362069 0.363636
vt 0.362069 0.545455
vt 0.362069 0.636364
vt 0.362069 0.727273
vt 0.362069 0.818182
vt 0.362069 0.909091
vt 0.362069 1.000000
vt 0.353448 1.000000
vt 0.370690 0.090909
vt 0.370690 0.181818
vt 0.370690 0.272727
vt 0.370690 0.363636
vt 0.370690 0.454545
vt 0.362069 0.454545
vt 0.370690 0.545455
vt 0.370690 0.636364
vt 0.370690 0.727273
vt 0.370690 0.818182
vt 0.370690 0.909091
vt 0.379310 0.090909
vt 0.370690 0.000000
vt 0.379310 0.181818
vt 0.379310 0.272727
vt 0.379310 0.363636
vt 0.379310 0.454545
vt 0.379310 0.545455
vt 0.379310 0.636364
vt 0.379310 0.727273
vt 0.379310 0.818182
vt 0.370690 1.000000
vt 0.379310 0.909091
vt 0.387931 0.090909
vt 0.379310 0.000000
vt 0.387931 0.181818
vt 0.387931 0.272727
vt 0.387931 0.363636
vt 0.387931 0.454545
vt 0.387931 0.545455
vt 0.387931 0.636364
vt 0.387931 0.727273
vt 0.387931 0.818182
vt 0.379310 1.000000
vt 0.387931 0.909091
vt 0.396552 0.090909
vt 0.387931 0.000000
vt 0.396552 0.181818
vt 0.396552 0.272727
vt 0.396552 0.363636
vt 0.396552 0.454545
vt 0.396552 0.545455
vt 0.396552 0.636364
vt 0.396552 0.727273
vt 0.396552 0.818182
vt 0.387931 1.000000
vt 0.396552 0.909091
vt 0.405172 0.090909
vt 0.396552 0.000000
vt 0.405172 0.181818
vt 0.405172 0.272727
vt 0.405172 0.363636
vt 0.405172 0.454545
vt 0.405172 0.545455
vt 0.405172 0.636364
vt 0.405172 0.727273
vt 0.405172 0.818182
vt 0.396552 1.000000
vt 0.405172 0.909091
vt 0.413793 0.090909
vt 0.405172 0.000000
vt 0.413793 0.181818
vt 0.413793 0.272727
vt 0.413793 0.363636
vt 0.413793 0.454545
vt 0.413793 0.545455
vt 0.413793 0.636364
vt 0.413793 0.727273
vt 0.413793 0.818182
vt 0.405172 1.000000
vt 0.413793 0.909091
vt 0.422414 0.090909
vt 0.413793 0.000000
vt 0.422414 0.181818
vt 0.422414 0.272727
vt 0.422414 0.363636
vt 0.422414 0.454545
vt 0.422414 0.545455
vt 0.422414 0.636364
vt 0.422414 0.727273
vt 0.422414 0.818182
vt 0.413793 1.000000
vt 0.422414 0.909091
vt 0.431034 0.090909
vt 0.422414 0.000000
vt 0.431034 0.181818
vt 0.431034 0.272727
vt 0.431034 0.363636
vt 0.431034 0.454545
vt 0.431034 0.545455
vt 0.431034 0.636364
vt 0.431034 0.727273
vt 0.431034 0.818182
vt 0.422414 1.000000
vt 0.431034 0.909091
vt 0.439655 0.000000
vt 0.431034 0.000000
vt 0.439655 0.090909
vt 0.439655 0.181818
vt 0.439655 0.272727
vt 0.439655 0.454545
vt 0.439655 0.545455
vt 0.439655 0.636364
vt 0.439655 0.727273
vt 0.439655 0.818182
vt 0.439655 0.909091
vt 0.439655 1.000000
vt 0.431034 1.000000
vt 0.448276 0.000000
vt 0.448276 0.090909
vt 0.448276 0.181818
vt 0.439655 0.363636
vt 0.448276 0.272727
vt 0.448276 0.363636
vt 0.448276 0.545455
vt 0.448276 0.636364
vt 0.448276 0.727273
vt 0.448276 0.818182
vt 0.448276 0.909091
vt 0.448276 1.000000
vt 0.456897 0.000000
vt 0.456897 0.090909
vt 0.456897 0.181818
vt 0.456897 0.272727
vt 0.448276 0.454545
vt 0.456897 0.363636
vt 0.456897 0.545455
vt 0.456897 0.636364
vt 0.456897 0.727273
vt 0.456897 0.818182
vt 0.456897 0.909091
vt 0.456897 1.000000
vt 0.465517 0.090909
vt 0.465517 0.181818
vt 0.465517 0.272727
vt 0.465517 0.363636
vt 0.465517 0.454545
vt 0.456897 0.454545
vt 0.465517 0.545455
vt 0.465517 0.636364
vt 0.465517 0.727273
vt 0.465517 0.818182
vt 0.465517 0.909091
vt 0.474138 0.000000
vt 0.465517 0.000000
vt 0.474138 0.090909
vt 0.474138 0.181818
vt 0.474138 0.272727
vt 0.474138 0.363636
vt 0.474138 0.545455
vt 0.474138 0.636364
vt 0.474138 0.727273
vt 0.474138 0.818182
vt 0.474138 0.909091
vt 0.474138 1.000000
vt 0.465517 1.000000
vt 0.482759 0.000000
vt 0.482759 0.090909
vt 0.482759 0.181818
vt 0.482759 0.272727
vt 0.474138 0.454545
vt 0.482759 0.363636
vt 0.482759 0.545455
vt 0.482759 0.636364
vt 0.482759 0.727273
vt 0.482759 0.818182
vt 0.482759 0.909091
vt 0.482759 1.000000
vt 0.491379 0.000000
vt 0.491379 0.090909
vt 0.491379 0.181818
vt 0.491379 0.272727
vt 0.482759 0.454545
vt 0.491379 0.363636
vt 0.491379 0.545455
vt 0.491379 0.636364
vt 0.491379 0.727273
vt 0.491379 0.818182
vt 0.491379 0.909091
vt 0.491379 1.000000
vt 0.491379 0.454545
vt 0.508621 0.090909
vt 0.508621 0.181818
vt 0.508621 0.272727
vt 0.508621 0.363636
vt 0.508621 0.454545
vt 0.508621 0.545455
vt 0.508621 0.636364
vt 0.508621 0.727273
vt 0.508621 0.818182
vt 0.508621 0.909091
vt 0.517241 0.090909
vt 0.508621 0.000000
vt 0.517241 0.181818
vt 0.517241 0.272727
vt 0.517241 0.363636
vt 0.517241 0.454545
vt 0.517241 0.545455
vt 0.517241 0.636364
vt 0.517241 0.727273
vt 0.517241 0.818182
vt 0.508621 1.000000
vt 0.517241 0.909091
vt 0.525862 0.090909
vt 0.517241 0.000000
vt 0.525862 0.181818
vt 0.525862 0.272727
vt 0.525862 0.363636
vt 0.525862 0.454545
vt 0.525862 0.545455
vt 0.525862 0.636364
vt 0.525862 0.727273
vt 0.525862 0.818182
vt 0.517241 1.000000
vt 0.525862 0.909091
vt 0.534483 0.090909
vt 0.525862 0.000000
vt 0.534483 0.181818
vt 0.534483 0.272727
vt 0.534483 0.363636
vt 0.534483 0.454545
vt 0.534483 0.545455
vt 0.534483 0.636364
vt 0.534483 0.727273
vt 0.534483 0.818182
vt 0.525862 1.000000
vt 0.534483 0.909091
vt 0.543103 0.090909
vt 0.534483 0.000000
vt 0.543103 0.181818
vt 0.543103 0.272727
vt 0.543103 0.363636
vt 0.543103 0.454545
vt 0.543103 0.545455
vt 0.543103 0.636364
vt 0.543103 0.727273
vt 0.543103 0.818182
vt 0.534483 1.000000
vt 0.543103 0.909091
vt 0.551724 0.090909
vt 0.543103 0.000000
vt 0.551724 0.181818
vt 0.551724 0.272727
vt 0.551724 0.363636
vt 0.551724 0.454545
vt 0.551724 0.545455
vt 0.551724 0.636364
vt 0.551724 0.727273
vt 0.551724 0.818182
vt 0.543103 1.000000
vt 0.551724 0.909091
vt 0.560345 0.000000
vt 0.551724 0.000000
vt 0.560345 0.090909
vt 0.560345 0.181818
vt 0.560345 0.272727
vt 0.560345 0.363636
vt 0.560345 0.545455
vt 0.560345 0.636364
vt 0.560345 0.727273
vt 0.560345 0.818182
vt 0.560345 0.909091
vt 0.560345 1.000000
vt 0.551724 1.000000
vt 0.568965 0.090909
vt 0.568965 0.181818
vt 0.568965 0.272727
vt 0.568965 0.363636
vt 0.568965 0.454545
vt 0.560345 0.454545
vt 0.568965 0.545455
vt 0.568965 0.636364
vt 0.568965 0.727273
vt 0.568965 0.818182
vt 0.568965 0.909091
vt 0.577586 0.000000
vt 0.568965 0.000000
vt 0.577586 0.090909
vt 0.577586 0.181818
vt 0.577586 0.272727
vt 0.577586 0.363636
vt 0.577586 0.545455
vt 0.577586 0.636364
vt 0.577586 0.727273
vt 0.577586 0.818182
vt 0.577586 0.909091
vt 0.577586 1.000000
vt 0.568965 1.000000
vt 0.586207 0.000000
vt 0.586207 0.090909
vt 0.586207 0.181818
vt 0.586207 0.272727
vt 0.577586 0.454545
vt 0.586207 0.363636
vt 0.586207 0.545455
vt 0.586207 0.636364
vt 0.586207 0.727273
vt 0.586207 0.818182
vt 0.586207 0.909091
vt 0.586207 1.000000
vt 0.594828 0.000000
vt 0.594828 0.090909
vt 0.594828 0.181818
vt 0.594828 0.272727
vt 0.586207 0.454545
vt 0.594828 0.363636
vt 0.594828 0.545455
vt 0.594828 0.636364
vt 0.594828 0.727273
vt 0.594828 0.818182
vt 0.594828 0.909091
vt 0.594828 1.000000
vt 0.603448 0.000000
vt 0.603448 0.090909
vt 0.603448 0.181818
vt 0.603448 0.272727
vt 0.594828 0.454545
vt 0.603448 0.363636
vt 0.603448 0.545455
vt 0.603448 0.636364
vt 0.603448 0.727273
vt 0.603448 0.818182
vt 0.603448 0.909091
vt 0.603448 1.000000
vt 0.612069 0.000000
vt 0.612069 0.090909
vt 0.612069 0.181818
vt 0.612069 0.272727
vt 0.603448 0.454545
vt 0.612069 0.363636
vt 0.612069 0.545455
vt 0.612069 0.636364
vt 0.612069 0.727273
vt 0.612069 0.818182
vt 0.612069 0.909091
vt 0.612069 1.000000
vt 0.620690 0.000000
vt 0.620690 0.090909
vt 0.620690 0.181818
vt 0.620690 0.272727
vt 0.612069 0.454545
vt 0.620690 0.363636
vt 0.620690 0.545455
vt 0.620690 0.636364
vt 0.620690 0.727273
vt 0.620690 0.818182
vt 0.620690 0.909091
vt 0.620690 1.000000
vt 0.629310 0.000000
vt 0.629310 0.090909
vt 0.629310 0.181818
vt 0.629310 0.272727
vt 0.620690 0.454545
vt 0.629310 0.363636
vt 0.629310 0.545455
vt 0.629310 0.636364
vt 0.629310 0.727273
vt 0.629310 0.818182
vt 0.629310 0.909091
vt 0.629310 1.000000
vt 0.637931 0.000000
vt 0.637931 0.090909
vt 0.637931 0.181818
vt 0.637931 0.272727
vt 0.629310 0.454545
vt 0.637931 0.363636
vt 0.637931 0.545455
vt 0.637931 0.636364
vt 0.637931 0.727273
vt 0.637931 0.818182
vt 0.637931 0.909091
vt 0.637931 1.000000
vt 0.646552 0.000000
vt 0.646552 0.090909
vt 0.646552 0.181818
vt 0.646552 0.272727
vt 0.637931 0.454545
vt 0.646552 0.363636
vt 0.646552 0.545455
vt 0.646552 0.636364
vt 0.646552 0.727273
vt 0.646552 0.818182
vt 0.646552 0.909091
vt 0.646552 1.000000
vt 0.655172 0.090909
vt 0.655172 0.181818
vt 0.655172 0.272727
vt 0.655172 0.363636
vt 0.655172 0.454545
vt 0.646552 0.454545
vt 0.655172 0.545455
vt 0.655172 0.636364
vt 0.655172 0.727273
vt 0.655172 0.818182
vt 0.655172 0.909091
vt 0.663793 0.090909
vt 0.655172 0.000000
vt 0.663793 0.181818
vt 0.663793 0.272727
vt 0.663793 0.363636
vt 0.663793 0.454545
vt 0.663793 0.545455
vt 0.663793 0.636364
vt 0.663793 0.727273
vt 0.663793 0.818182
vt 0.655172 1.000000
vt 0.663793 0.909091
vt 0.672414 0.090909
vt 0.663793 0.000000
vt 0.672414 0.181818
vt 0.672414 0.272727
vt 0.672414 0.363636
vt 0.672414 0.454545
vt 0.672414 0.545455
vt 0.672414 0.636364
vt 0.672414 0.727273
vt 0.672414 0.818182
vt 0.663793 1.000000
vt 0.672414 0.909091
vt 0.681035 0.090909
vt 0.672414 0.000000
vt 0.681035 0.181818
vt 0.681035 0.272727
vt 0.681035 0.363636
vt 0.681035 0.454545
vt 0.681035 0.545455
vt 0.681035 0.636364
vt 0.681035 0.727273
vt 0.681035 0.818182
vt 0.672414 1.000000
vt 0.681035 0.909091
vt 0.689655 0.090909
vt 0.681035 0.000000
vt 0.689655 0.181818
vt 0.689655 0.272727
vt 0.689655 0.363636
vt 0.689655 0.454545
vt 0.689655 0.545455
vt 0.689655 0.636364
vt 0.689655 0.727273
vt 0.689655 0.818182
vt 0.681035 1.000000
vt 0.689655 0.909091
vt 0.698276 0.090909
vt 0.689655 0.000000
vt 0.698276 0.181818
vt 0.698276 0.272727
vt 0.698276 0.363636
vt 0.698276 0.454545
vt 0.698276 0.545455
vt 0.698276 0.636364
vt 0.698276 0.727273
vt 0.698276 0.818182
vt 0.689655 1.000000
vt 0.698276 0.909091
vt 0.706897 0.090909
vt 0.698276 0.000000
vt 0.706897 0.181818
vt 0.706897 0.272727
vt 0.706897 0.363636
vt 0.706897 0.454545
vt 0.706897 0.545455
vt 0.706897 0.636364
vt 0.706897 0.727273
vt 0.706897 0.818182
vt 0.698276 1.000000
vt 0.706897 0.909091
vt 0.715517 0.090909
vt 0.706897 0.000000
vt 0.715517 0.181818
vt 0.715517 0.272727
vt 0.715517 0.363636
vt 0.715517 0.454545
vt 0.715517 0.545455
vt 0.715517 0.636364
vt 0.715517 0.727273
vt 0.715517 0.818182
vt 0.706897 1.000000
vt 0.715517 0.909091
vt 0.724138 0.090909
vt 0.715517 0.000000
vt 0.724138 0.181818
vt 0.724138 0.272727
vt 0.724138 0.363636
vt 0.724138 0.454545
vt 0.724138 0.545455
vt 0.724138 0.636364
vt 0.724138 0.727273
vt 0.724138 0.818182
vt 0.715517 1.000000
vt 0.724138 0.909091
vt 0.732759 0.090909
vt 0.724138 0.000000
vt 0.732759 0.181818
vt 0.732759 0.272727
vt 0.732759 0.363636
vt 0.732759 0.454545
vt 0.732759 0.545455
vt 0.732759 0.636364
vt 0.732759 0.727273
vt 0.732759 0.818182
vt 0.724138 1.000000
vt 0.732759 0.909091
vt 0.741379 0.090909
vt 0.732759 0.000000
vt 0.741379 0.181818
vt 0.741379 0.272727
vt 0.741379 0.363636
vt 0.741379 0.454545
vt 0.741379 0.545455
vt 0.741379 0.636364
vt 0.741379 0.727273
vt 0.741379 0.818182
vt 0.732759 1.000000
vt 0.741379 0.909091
vt 0.741379 0.000000
vt 0.741379 1.000000
vt 0.758621 0.000000
vt 0.758621 0.090909
vt 0.758621 0.181818
vt 0.758621 0.272727
vt 0.758621 0.363636
vt 0.758621 0.545455
vt 0.758621 0.636364
vt 0.758621 0.727273
vt 0.758621 0.818182
vt 0.758621 0.909091
vt 0.758621 1.000000
vt 0.767241 0.090909
vt 0.767241 0.181818
vt 0.767241 0.272727
vt 0.767241 0.363636
vt 0.767241 0.454545
vt 0.758621 0.454545
vt 0.767241 0.545455
vt 0.767241 0.636364
vt 0.767241 0.727273
vt 0.767241 0.818182
vt 0.767241 0.909091
vt 0.775862 0.090909
vt 0.767241 0.000000
vt 0.775862 0.181818
vt 0.775862 0.272727
vt 0.775862 0.363636
vt 0.775862 0.454545
vt 0.775862 0.545455
vt 0.775862 0.636364
vt 0.775862 0.727273
vt 0.775862 0.818182
vt 0.767241 1.000000
vt 0.775862 0.909091
vt 0.784483 0.000000
vt 0.775862 0.000000
vt 0.784483 0.090909
vt 0.784483 0.181818
vt 0.784483 0.272727
vt 0.784483 0.363636
vt 0.784483 0.545455
vt 0.784483 0.636364
vt 0.784483 0.727273
vt 0.784483 0.818182
vt 0.784483 0.909091
vt 0.784483 1.000000
vt 0.775862 1.000000
vt 0.793103 0.000000
vt 0.793103 0.090909
vt 0.793103 0.181818
vt 0.793103 0.272727
vt 0.784483 0.454545
vt 0.793103 0.363636
vt 0.793103 0.545455
vt 0.793103 0.636364
vt 0.793103 0.727273
vt 0.793103 0.818182
vt 0.793103 0.909091
vt 0.793103 1.000000
vt 0.801724 0.000000
vt 0.801724 0.090909
vt 0.801724 0.181818
vt 0.801724 0.272727
vt 0.793103 0.454545
vt 0.801724 0.363636
vt 0.801724 0.545455
vt 0.801724 0.636364
vt 0.801724 0.727273
vt 0.801724 0.818182
vt 0.801724 0.909091
vt 0.801724 1.000000
vt 0.810345 0.000000
vt 0.810345 0.090909
vt 0.810345 0.181818
vt 0.810345 0.272727
vt 0.801724 0.454545
vt 0.810345 0.363636
vt 0.810345 0.545455
vt 0.810345 0.636364
vt 0.810345 0.727273
vt 0.810345 0.818182
vt 0.810345 0.909091
vt 0.810345 1.000000
vt 0.818965 0.000000
vt 0.818965 0.090909
vt 0.818965 0.181818
vt 0.818965 0.272727
vt 0.810345 0.454545
vt 0.818965 0.363636
vt 0.818965 0.545455
vt 0.818965 0.636364
vt 0.818965 0.727273
vt 0.818965 0.818182
vt 0.818965 0.909091
vt 0.818965 1.000000
vt 0.827586 0.000000
vt 0.827586 0.090909
vt 0.827586 0.181818
vt 0.827586 0.272727
vt 0.818965 0.454545
vt 0.827586 0.363636
vt 0.827586 0.545455
vt 0.827586 0.636364
vt 0.827586 0.727273
vt 0.827586 0.818182
vt 0.827586 0.909091
vt 0.827586 1.000000
vt 0.836207 0.000000
vt 0.836207 0.090909
vt 0.836207 0.181818
vt 0.836207 0.272727
vt 0.827586 0.454545
vt 0.836207 0.363636
vt 0.836207 0.545455
vt 0.836207 0.636364
vt 0.836207 0.727273
vt 0.836207 0.818182
vt 0.836207 0.909091
vt 0.836207 1.000000
vt 0.844828 0.000000
vt 0.844828 0.090909
vt 0.844828 0.181818
vt 0.844828 0.272727
vt 0.836207 0.454545
vt 0.844828 0.363636
vt 0.844828 0.545455
vt 0.844828 0.636364
vt 0.844828 0.727273
vt 0.844828 0.818182
vt 0.844828 0.909091
vt 0.844828 1.000000
vt 0.853448 0.000000
vt 0.853448 0.090909
vt 0.853448 0.181818
vt 0.853448 0.272727
vt 0.844828 0.454545
vt 0.853448 0.363636
vt 0.853448 0.545455
vt 0.853448 0.636364
vt 0.853448 0.727273
vt 0.853448 0.818182
vt 0.853448 0.909091
vt 0.853448 1.000000
vt 0.862069 0.000000
vt 0.862069 0.090909
vt 0.862069 0.181818
vt 0.862069 0.272727
vt 0.853448 0.454545
vt 0.862069 0.363636
vt 0.862069 0.545455
vt 0.862069 0.636364
vt 0.862069 0.727273
vt 0.862069 0.818182
vt 0.862069 0.909091
vt 0.862069 1.000000
vt 0.870690 0.090909
vt 0.870690 0.181818
vt 0.870690 0.272727
vt 0.870690 0.363636
vt 0.870690 0.454545
vt 0.862069 0.454545
vt 0.870690 0.545455
vt 0.870690 0.636364
vt 0.870690 0.727273
vt 0.870690 0.818182
vt 0.870690 0.909091
vt 0.879310 0.000000
vt 0.870690 0.000000
vt 0.879310 0.090909
vt 0.879310 0.181818
vt 0.879310 0.272727
vt 0.879310 0.363636
vt 0.879310 0.545455
vt 0.879310 0.636364
vt 0.879310 0.727273
vt 0.879310 0.818182
vt 0.879310 0.909091
vt 0.879310 1.000000
vt 0.870690 1.000000
vt 0.887931 0.090909
vt 0.887931 0.181818
vt 0.887931 0.272727
vt 0.887931 0.363636
vt 0.887931 0.454545
vt 0.879310 0.454545
vt 0.887931 0.545455
vt 0.887931 0.636364
vt 0.887931 0.727273
vt 0.887931 0.818182
vt 0.887931 0.909091
vt 0.896552 0.000000
vt 0.887931 0.000000
vt 0.896552 0.090909
vt 0.896552 0.181818
vt 0.896552 0.272727
vt 0.896552 0.363636
vt 0.896552 0.545455
vt 0.896552 0.636364
vt 0.896552 0.727273
vt 0.896552 0.818182
vt 0.896552 0.909091
vt 0.896552 1.000000
vt 0.887931 1.000000
vt 0.905172 0.000000
vt 0.905172 0.090909
vt 0.905172 0.181818
vt 0.905172 0.272727
vt 0.896552 0.454545
vt 0.905172 0.363636
vt 0.905172 0.545455
vt 0.905172 0.636364
vt 0.905172 0.727273
vt 0.905172 0.818182
vt 0.905172 0.909091
vt 0.905172 1.000000
vt 0.913793 0.000000
vt 0.913793 0.090909
vt 0.913793 0.181818
vt 0.913793 0.272727
vt 0.905172 0.454545
vt 0.913793 0.363636
vt 0.913793 0.545455
vt 0.913793 0.636364
vt 0.913793 0.727273
vt 0.913793 0.818182
vt 0.913793 0.909091
vt 0.913793 1.000000
vt 0.922414 0.000000
vt 0.922414 0.090909
vt 0.922414 0.181818
vt 0.922414 0.272727
vt 0.913793 0.454545
vt 0.922414 0.363636
vt 0.922414 0.545455
vt 0.922414 0.636364
vt 0.922414 0.727273
vt 0.922414 0.818182
vt 0.922414 0.909091
vt 0.922414 1.000000
vt 0.931035 0.000000
vt 0.931035 0.090909
vt 0.931035 0.181818
vt 0.931035 0.272727
vt 0.922414 0.454545
vt 0.931035 0.363636
vt 0.931035 0.545455
vt 0.931035 0.636364
vt 0.931035 0.727273
vt 0.931035 0.818182
vt 0.931035 0.909091
vt 0.931035 1.000000
vt 0.939655 0.000000
vt 0.939655 0.090909
vt 0.939655 0.181818
vt 0.939655 0.272727
vt 0.931035 0.454545
vt 0.939655 0.363636
vt 0.939655 0.545455
vt 0.939655 0.636364
vt 0.939655 0.727273
vt 0.939655 0.818182
vt 0.939655 0.909091
vt 0.939655 1.000000
vt 0.948276 0.000000
vt 0.948276 0.090909
vt 0.948276 0.181818
vt 0.948276 0.272727
vt 0.939655 0.454545
vt 0.948276 0.363636
vt 0.948276 0.545455
vt 0.948276 0.636364
vt 0.948276 0.727273
vt 0.948276 0.818182
vt 0.948276 0.909091
vt 0.948276 1.000000
vt 0.956897 0.090909
vt 0.956897 0.181818
vt 0.956897 0.272727
vt 0.956897 0.363636
vt 0.956897 0.454545
vt 0.948276 0.454545
vt 0.956897 0.545455
vt 0.956897 0.636364
vt 0.956897 0.727273
vt 0.956897 0.818182
vt 0.956897 0.909091
vt 0.965517 0.090909
vt 0.956897 0.000000
vt 0.965517 0.181818
vt 0.965517 0.272727
vt 0.965517 0.363636
vt 0.965517 0.454545
vt 0.965517 0.545455
vt 0.965517 0.636364
vt 0.965517 0.727273
vt 0.965517 0.818182
vt 0.956897 1.000000
vt 0.965517 0.909091
vt 0.974138 0.090909
vt 0.965517 0.000000
vt 0.974138 0.181818
vt 0.974138 0.272727
vt 0.974138 0.363636
vt 0.974138 0.454545
vt 0.974138 0.545455
vt 0.974138 0.636364
vt 0.974138 0.727273
vt 0.974138 0.818182
vt 0.965517 1.000000
vt 0.974138 0.909091
vt 0.982759 0.000000
vt 0.974138 0.000000
vt 0.982759 0.090909
vt 0.982759 0.181818
vt 0.982759 0.272727
vt 0.982759 0.363636
vt 0.982759 0.545455
vt 0.982759 0.636364
vt 0.982759 0.727273
vt 0.982759 0.818182
vt 0.982759 0.909091
vt 0.982759 1.000000
vt 0.974138 1.000000
vt 0.991379 0.000000
vt 0.991379 0.090909
vt 0.991379 0.181818
vt 0.991379 0.272727
vt 0.982759 0.454545
vt 0.991379 0.363636
vt 0.991379 0.545455
vt 0.991379 0.636364
vt 0.991379 0.727273
vt 0.991379 0.818182
vt 0.991379 0.909091
vt 0.991379 1.000000
vt 0.991379 0.454545
vt 0.011765 0.000000
vt 0.011765 0.090909
vt 0.011765 0.181818
vt 0.011765 0.272727
vt 0.011765 0.363636
vt 0.011765 0.545455
vt 0.011765 0.636364
vt 0.011765 0.727273
vt 0.011765 0.818182
vt 0.011765 0.909091
vt 0.011765 1.000000
vt 0.023529 0.090909
vt 0.023529 0.181818
vt 0.023529 0.272727
vt 0.023529 0.363636
vt 0.023529 0.454545
vt 0.011765 0.454545
vt 0.023529 0.545455
vt 0.023529 0.636364
vt 0.023529 0.727273
vt 0.023529 0.818182
vt 0.023529 0.909091
vt 0.035294 0.000000
vt 0.023529 0.000000
vt 0.035294 0.090909
vt 0.035294 0.181818
vt 0.035294 0.272727
vt 0.035294 0.363636
vt 0.035294 0.545455
vt 0.035294 0.636364
vt 0.035294 0.727273
vt 0.035294 0.818182
vt 0.035294 0.909091
vt 0.035294 1.000000
vt 0.023529 1.000000
vt 0.047059 0.090909
vt 0.047059 0.181818
vt 0.047059 0.272727
vt 0.047059 0.454545
vt 0.035294 0.454545
vt 0.047059 0.545455
vt 0.047059 0.636364
vt 0.047059 0.727273
vt 0.047059 0.818182
vt 0.047059 0.909091
vt 0.047059 1.000000
vt 0.058824 0.090909
vt 0.047059 0.000000
vt 0.058824 0.181818
vt 0.058824 0.272727
vt 0.058824 0.363636
vt 0.047059 0.363636
vt 0.058824 0.454545
vt 0.058824 0.545455
vt 0.058824 0.636364
vt 0.058824 0.727273
vt 0.058824 0.818182
vt 0.058824 0.909091
vt 0.070588 0.000000
vt 0.058824 0.000000
vt 0.070588 0.090909
vt 0.070588 0.181818
vt 0.070588 0.272727
vt 0.070588 0.363636
vt 0.070588 0.545455
vt 0.070588 0.636364
vt 0.070588 0.727273
vt 0.070588 0.818182
vt 0.070588 0.909091
vt 0.070588 1.000000
vt 0.058824 1.000000
vt 0.082353 0.090909
vt 0.082353 0.181818
vt 0.082353 0.272727
vt 0.082353 0.363636
vt 0.082353 0.454545
vt 0.070588 0.454545
vt 0.082353 0.545455
vt 0.082353 0.636364
vt 0.082353 0.727273
vt 0.082353 0.818182
vt 0.082353 0.909091
vt 0.094118 0.090909
vt 0.082353 0.000000
vt 0.094118 0.181818
vt 0.094118 0.272727
vt 0.094118 0.363636
vt 0.094118 0.454545
vt 0.094118 0.545455
vt 0.094118 0.636364
vt 0.094118 0.727273
vt 0.094118 0.818182
vt 0.082353 1.000000
vt 0.094118 0.909091
vt 0.105882 0.090909
vt 0.094118 0.000000
vt 0.105882 0.181818
vt 0.105882 0.272727
vt 0.105882 0.363636
vt 0.105882 0.454545
vt 0.105882 0.545455
vt 0.105882 0.636364
vt 0.105882 0.727273
vt 0.105882 0.818182
vt 0.094118 1.000000
vt 0.105882 0.909091
vt 0.117647 0.090909
vt 0.105882 0.000000
vt 0.117647 0.181818
vt 0.117647 0.272727
vt 0.117647 0.363636
vt 0.117647 0.454545
vt 0.117647 0.545455
vt 0.117647 0.636364
vt 0.117647 0.727273
vt 0.117647 0.818182
vt 0.105882 1.000000
vt 0.117647 0.909091
vt 0.129412 0.090909
vt 0.117647 0.000000
vt 0.129412 0.181818
vt 0.129412 0.272727
vt 0.129412 0.363636
vt 0.129412 0.454545
vt 0.129412 0.545455
vt 0.129412 0.636364
vt 0.129412 0.727273
vt 0.129412 0.818182
vt 0.117647 1.000000
vt 0.129412 0.909091
vt 0.141176 0.090909
vt 0.129412 0.000000
vt 0.141176 0.181818
vt 0.141176 0.272727
vt 0.141176 0.363636
vt 0.141176 0.454545
vt 0.141176 0.545455
vt 0.141176 0.636364
vt 0.141176 0.727273
vt 0.141176 0.818182
vt 0.129412 1.000000
vt 0.141176 0.909091
vt 0.152941 0.090909
vt 0.141176 0.000000
vt 0.152941 0.181818
vt 0.152941 0.272727
vt 0.152941 0.363636
vt 0.152941 0.454545
vt 0.152941 0.545455
vt 0.152941 0.636364
vt 0.152941 0.727273
vt 0.152941 0.818182
vt 0.141176 1.000000
vt 0.152941 0.909091
vt 0.164706 0.090909
vt 0.152941 0.000000
vt 0.164706 0.181818
vt 0.164706 0.272727
vt 0.164706 0.363636
vt 0.164706 0.454545
vt 0.164706 0.545455
vt 0.164706 0.636364
vt 0.164706 0.727273
vt 0.164706 0.818182
vt 0.152941 1.000000
vt 0.164706 0.909091
vt 0.176471 0.090909
vt 0.164706 0.000000
vt 0.176471 0.181818
vt 0.176471 0.272727
vt 0.176471 0.363636
vt 0.176471 0.454545
vt 0.176471 0.545455
vt 0.176471 0.636364
vt 0.176471 0.727273
vt 0.176471 0.818182
vt 0.164706 1.000000
vt 0.176471 0.909091
vt 0.188235 0.090909
vt 0.176471 0.000000
vt 0.188235 0.181818
vt 0.188235 0.272727
vt 0.188235 0.363636
vt 0.188235 0.454545
vt 0.188235 0.545455
vt 0.188235 0.636364
vt 0.188235 0.727273
vt 0.188235 0.818182
vt 0.176471 1.000000
vt 0.188235 0.909091
vt 0.188235 0.000000
vt 0.200000 0.090909
vt 0.200000 0.181818
vt 0.200000 0.272727
vt 0.200000 0.363636
vt 0.200000 0.545455
vt 0.200000 0.636364
vt 0.200000 0.727273
vt 0.200000 0.818182
vt 0.200000 0.909091
vt 0.200000 1.000000
vt 0.188235 1.000000
vt 0.211765 0.090909
vt 0.211765 0.181818
vt 0.211765 0.272727
vt 0.211765 0.363636
vt 0.211765 0.454545
vt 0.200000 0.454545
vt 0.211765 0.545455
vt 0.211765 0.636364
vt 0.211765 0.727273
vt 0.211765 0.818182
vt 0.211765 0.909091
vt 0.223529 0.000000
vt 0.211765 0.000000
vt 0.223529 0.090909
vt 0.223529 0.181818
vt 0.223529 0.272727
vt 0.223529 0.363636
vt 0.223529 0.545455
vt 0.223529 0.636364
vt 0.223529 0.727273
vt 0.223529 0.818182
vt 0.223529 0.909091
vt 0.223529 1.000000
vt 0.211765 1.000000
vt 0.235294 0.000000
vt 0.235294 0.090909
vt 0.235294 0.181818
vt 0.235294 0.272727
vt 0.223529 0.454545
vt 0.235294 0.363636
vt 0.235294 0.545455
vt 0.235294 0.636364
vt 0.235294 0.727273
vt 0.235294 0.818182
vt 0.235294 0.909091
vt 0.235294 1.000000
vt 0.247059 0.000000
vt 0.247059 0.090909
vt 0.247059 0.181818
vt 0.247059 0.272727
vt 0.235294 0.454545
vt 0.247059 0.363636
vt 0.247059 0.545455
vt 0.247059 0.636364
vt 0.247059 0.727273
vt 0.247059 0.818182
vt 0.247059 0.909091
vt 0.247059 1.000000
vt 0.258824 0.000000
vt 0.258824 0.090909
vt 0.258824 0.181818
vt 0.258824 0.272727
vt 0.247059 0.454545
vt 0.258824 0.363636
vt 0.258824 0.545455
vt 0.258824 0.636364
vt 0.258824 0.727273
vt 0.258824 0.818182
vt 0.258824 0.909091
vt 0.258824 1.000000
vt 0.270588 0.000000
vt 0.270588 0.090909
vt 0.270588 0.181818
vt 0.270588 0.272727
vt 0.258824 0.454545
vt 0.270588 0.363636
vt 0.270588 0.545455
vt 0.270588 0.636364
vt 0.270588 0.727273
vt 0.270588 0.818182
vt 0.270588 0.909091
vt 0.270588 1.000000
vt 0.282353 0.000000
vt 0.282353 0.090909
vt 0.282353 0.181818
vt 0.282353 0.272727
vt 0.270588 0.454545
vt 0.282353 0.363636
vt 0.282353 0.545455
vt 0.282353 0.636364
vt 0.282353 0.727273
vt 0.282353 0.818182
vt 0.282353 0.909091
vt 0.282353 1.000000
vt 0.294118 0.000000
vt 0.294118 0.090909
vt 0.294118 0.181818
vt 0.294118 0.272727
vt 0.282353 0.454545
vt 0.294118 0.363636
vt 0.294118 0.545455
vt 0.294118 0.636364
vt 0.294118 0.727273
vt 0.294118 0.818182
vt 0.294118 0.909091
vt 0.294118 1.000000
vt 0.305882 0.090909
vt 0.305882 0.181818
vt 0.305882 0.272727
vt 0.305882 0.363636
vt 0.305882 0.454545
vt 0.294118 0.454545
vt 0.305882 0.545455
vt 0.305882 0.636364
vt 0.305882 0.727273
vt 0.305882 0.818182
vt 0.305882 0.909091
vt 0.317647 0.090909
vt 0.305882 0.000000
vt 0.317647 0.181818
vt 0.317647 0.272727
vt 0.317647 0.363636
vt 0.317647 0.454545
vt 0.317647 0.545455
vt 0.317647 0.636364
vt 0.317647 0.727273
vt 0.317647 0.818182
vt 0.305882 1.000000
vt 0.317647 0.909091
vt 0.329412 0.090909
vt 0.317647 0.000000
vt 0.329412 0.181818
vt 0.329412 0.272727
vt 0.329412 0.363636
vt 0.329412 0.454545
vt 0.329412 0.545455
vt 0.329412 0.636364
vt 0.329412 0.727273
vt 0.329412 0.818182
vt 0.317647 1.000000
vt 0.329412 0.909091
vt 0.341176 0.000000
vt 0.329412 0.000000
vt 0.341176 0.090909
vt 0.341176 0.181818
vt 0.341176 0.272727
vt 0.341176 0.363636
vt 0.341176 0.545455
vt 0.341176 0.636364
vt 0.341176 0.727273
vt 0.341176 0.818182
vt 0.341176 0.909091
vt 0.341176 1.000000
vt 0.329412 1.000000
vt 0.352941 0.090909
vt 0.352941 0.181818
vt 0.352941 0.272727
vt 0.352941 0.363636
vt 0.352941 0.454545
vt 0.341176 0.454545
vt 0.352941 0.545455
vt 0.352941 0.636364
vt 0.352941 0.727273
vt 0.352941 0.818182
vt 0.352941 0.909091
vt 0.364706 0.090909
vt 0.352941 0.000000
vt 0.364706 0.181818
vt 0.364706 0.272727
vt 0.364706 0.363636
vt 0.364706 0.545455
vt 0.364706 0.636364
vt 0.364706 0.727273
vt 0.364706 0.818182
vt 0.364706 0.909091
vt 0.352941 1.000000
vt 0.376471 0.090909
vt 0.364706 0.000000
vt 0.376471 0.181818
vt 0.376471 0.272727
vt 0.376471 0.363636
vt 0.376471 0.454545
vt 0.364706 0.454545
vt 0.376471 0.545455
vt 0.376471 0.636364
vt 0.376471 0.727273
vt 0.376471 0.818182
vt 0.364706 1.000000
vt 0.376471 0.909091
vt 0.388235 0.090909
vt 0.376471 0.000000
vt 0.388235 0.181818
vt 0.388235 0.272727
vt 0.388235 0.363636
vt 0.388235 0.454545
vt 0.388235 0.545455
vt 0.388235 0.636364
vt 0.388235 0.727273
vt 0.388235 0.818182
vt 0.376471 1.000000
vt 0.388235 0.909091
vt 0.400000 0.090909
vt 0.388235 0.000000
vt 0.400000 0.181818
vt 0.400000 0.272727
vt 0.400000 0.363636
vt 0.400000 0.454545
vt 0.400000 0.545455
vt 0.400000 0.636364
vt 0.400000 0.727273
vt 0.400000 0.818182
vt 0.388235 1.000000
vt 0.400000 0.909091
vt 0.411765 0.090909
vt 0.411765 0.181818
vt 0.411765 0.272727
vt 0.411765 0.363636
vt 0.411765 0.454545
vt 0.411765 0.545455
vt 0.411765 0.636364
vt 0.411765 0.727273
vt 0.411765 0.818182
vt 0.400000 1.000000
vt 0.411765 0.909091
vt 0.423529 0.090909
vt 0.411765 0.000000
vt 0.423529 0.181818
vt 0.423529 0.272727
vt 0.423529 0.363636
vt 0.423529 0.454545
vt 0.423529 0.545455
vt 0.423529 0.636364
vt 0.423529 0.727273
vt 0.423529 0.818182
vt 0.411765 1.000000
vt 0.423529 0.909091
vt 0.435294 0.090909
vt 0.423529 0.000000
vt 0.435294 0.181818
vt 0.435294 0.272727
vt 0.435294 0.363636
vt 0.435294 0.454545
vt 0.435294 0.545455
vt 0.435294 0.636364
vt 0.435294 0.727273
vt 0.435294 0.818182
vt 0.423529 1.000000
vt 0.435294 0.909091
vt 0.447059 0.090909
vt 0.435294 0.000000
vt 0.447059 0.181818
vt 0.447059 0.272727
vt 0.447059 0.363636
vt 0.447059 0.454545
vt 0.447059 0.545455
vt 0.447059 0.636364
vt 0.447059 0.727273
vt 0.447059 0.818182
vt 0.435294 1.000000
vt 0.447059 0.909091
vt 0.458824 0.090909
vt 0.447059 0.000000
vt 0.458824 0.181818
vt 0.458824 0.272727
vt 0.458824 0.363636
vt 0.458824 0.454545
vt 0.458824 0.545455
vt 0.458824 0.636364
vt 0.458824 0.727273
vt 0.458824 0.818182
vt 0.447059 1.000000
vt 0.458824 0.909091
vt 0.470588 0.090909
vt 0.458824 0.000000
vt 0.470588 0.181818
vt 0.470588 0.272727
vt 0.470588 0.363636
vt 0.470588 0.454545
vt 0.470588 0.545455
vt 0.470588 0.636364
vt 0.470588 0.727273
vt 0.470588 0.818182
vt 0.458824 1.000000
vt 0.470588 0.909091
vt 0.482353 0.090909
vt 0.470588 0.000000
vt 0.482353 0.181818
vt 0.482353 0.272727
vt 0.482353 0.363636
vt 0.482353 0.545455
vt 0.482353 0.636364
vt 0.482353 0.727273
vt 0.482353 0.818182
vt 0.470588 1.000000
vt 0.482353 0.909091
vt 0.494118 0.000000
vt 0.482353 0.000000
vt 0.494118 0.090909
vt 0.494118 0.272727
vt 0.494118 0.363636
vt 0.494118 0.454545
vt 0.482353 0.454545
vt 0.494118 0.545455
vt 0.494118 0.636364
vt 0.494118 0.727273
vt 0.494118 0.818182
vt 0.494118 1.000000
vt 0.482353 1.000000
vt 0.505882 0.000000
vt 0.494118 0.181818
vt 0.505882 0.090909
vt 0.505882 0.181818
vt 0.505882 0.272727
vt 0.505882 0.363636
vt 0.505882 0.545455
vt 0.505882 0.636364
vt 0.505882 0.727273
vt 0.505882 0.818182
vt 0.505882 0.909091
vt 0.494118 0.909091
vt 0.505882 1.000000
vt 0.517647 0.000000
vt 0.517647 0.090909
vt 0.517647 0.181818
vt 0.517647 0.272727
vt 0.505882 0.454545
vt 0.517647 0.363636
vt 0.517647 0.545455
vt 0.517647 0.636364
vt 0.517647 0.727273
vt 0.517647 0.818182
vt 0.517647 0.909091
vt 0.517647 1.000000
vt 0.529412 0.000000
vt 0.529412 0.090909
vt 0.529412 0.181818
vt 0.529412 0.272727
vt 0.517647 0.454545
vt 0.529412 0.363636
vt 0.529412 0.545455
vt 0.529412 0.636364
vt 0.529412 0.727273
vt 0.529412 0.818182
vt 0.529412 0.909091
vt 0.529412 1.000000
vt 0.541176 0.000000
vt 0.541176 0.090909
vt 0.541176 0.181818
vt 0.541176 0.272727
vt 0.529412 0.454545
vt 0.541176 0.363636
vt 0.541176 0.545455
vt 0.541176 0.636364
vt 0.541176 0.727273
vt 0.541176 0.818182
vt 0.541176 0.909091
vt 0.541176 1.000000
vt 0.552941 0.090909
vt 0.552941 0.181818
vt 0.552941 0.272727
vt 0.552941 0.363636
vt 0.552941 0.454545
vt 0.541176 0.454545
vt 0.552941 0.545455
vt 0.552941 0.636364
vt 0.552941 0.727273
vt 0.552941 0.818182
vt 0.552941 0.909091
vt 0.564706 0.090909
vt 0.552941 0.000000
vt 0.564706 0.181818
vt 0.564706 0.272727
vt 0.564706 0.363636
vt 0.564706 0.454545
vt 0.564706 0.545455
vt 0.564706 0.636364
vt 0.564706 0.727273
vt 0.564706 0.818182
vt 0.552941 1.000000
vt 0.564706 0.909091
vt 0.576471 0.090909
vt 0.564706 0.000000
vt 0.576471 0.181818
vt 0.576471 0.272727
vt 0.576471 0.363636
vt 0.576471 0.454545
vt 0.576471 0.545455
vt 0.576471 0.636364
vt 0.576471 0.727273
vt 0.576471 0.818182
vt 0.564706 1.000000
vt 0.576471 0.909091
vt 0.588235 0.090909
vt 0.576471 0.000000
vt 0.588235 0.181818
vt 0.588235 0.272727
vt 0.588235 0.363636
vt 0.588235 0.454545
vt 0.588235 0.545455
vt 0.588235 0.636364
vt 0.588235 0.727273
vt 0.588235 0.818182
vt 0.576471 1.000000
vt 0.588235 0.909091
vt 0.600000 0.090909
vt 0.588235 0.000000
vt 0.600000 0.181818
vt 0.600000 0.272727
vt 0.600000 0.363636
vt 0.600000 0.454545
vt 0.600000 0.545455
vt 0.600000 0.636364
vt 0.600000 0.727273
vt 0.600000 0.818182
vt 0.588235 1.000000
vt 0.600000 0.909091
vt 0.611765 0.090909
vt 0.611765 0.181818
vt 0.611765 0.272727
vt 0.611765 0.363636
vt 0.611765 0.454545
vt 0.611765 0.545455
vt 0.611765 0.636364
vt 0.611765 0.727273
vt 0.611765 0.818182
vt 0.600000 1.000000
vt 0.611765 0.909091
vt 0.623529 0.000000
vt 0.611765 0.000000
vt 0.623529 0.090909
vt 0.623529 0.181818
vt 0.623529 0.272727
vt 0.623529 0.363636
vt 0.623529 0.545455
vt 0.623529 0.636364
vt 0.623529 0.727273
vt 0.623529 0.818182
vt 0.623529 0.909091
vt 0.623529 1.000000
vt 0.611765 1.000000
vt 0.635294 0.090909
vt 0.635294 0.181818
vt 0.635294 0.272727
vt 0.635294 0.363636
vt 0.635294 0.454545
vt 0.623529 0.454545
vt 0.635294 0.545455
vt 0.635294 0.636364
vt 0.635294 0.727273
vt 0.635294 0.818182
vt 0.635294 0.909091
vt 0.647059 0.000000
vt 0.635294 0.000000
vt 0.647059 0.090909
vt 0.647059 0.181818
vt 0.647059 0.272727
vt 0.647059 0.363636
vt 0.647059 0.545455
vt 0.647059 0.636364
vt 0.647059 0.727273
vt 0.647059 0.818182
vt 0.647059 0.909091
vt 0.647059 1.000000
vt 0.635294 1.000000
vt 0.658824 0.000000
vt 0.658824 0.090909
vt 0.658824 0.181818
vt 0.658824 0.272727
vt 0.647059 0.454545
vt 0.658824 0.363636
vt 0.658824 0.545455
vt 0.658824 0.636364
vt 0.658824 0.727273
vt 0.658824 0.818182
vt 0.658824 0.909091
vt 0.658824 1.000000
vt 0.670588 0.000000
vt 0.670588 0.090909
vt 0.670588 0.181818
vt 0.670588 0.272727
vt 0.658824 0.454545
vt 0.670588 0.363636
vt 0.670588 0.545455
vt 0.670588 0.636364
vt 0.670588 0.727273
vt 0.670588 0.818182
vt 0.670588 0.909091
vt 0.670588 1.000000
vt 0.682353 0.090909
vt 0.682353 0.181818
vt 0.682353 0.272727
vt 0.682353 0.363636
vt 0.682353 0.454545
vt 0.670588 0.454545
vt 0.682353 0.545455
vt 0.682353 0.636364
vt 0.682353 0.727273
vt 0.682353 0.818182
vt 0.682353 0.909091
vt 0.694118 0.090909
vt 0.682353 0.000000
vt 0.694118 0.181818
vt 0.694118 0.272727
vt 0.694118 0.363636
vt 0.694118 0.454545
vt 0.694118 0.545455
vt 0.694118 0.636364
vt 0.694118 0.727273
vt 0.694118 0.818182
vt 0.682353 1.000000
vt 0.694118 0.909091
vt 0.705882 0.090909
vt 0.694118 0.000000
vt 0.705882 0.181818
vt 0.705882 0.272727
vt 0.705882 0.363636
vt 0.705882 0.454545
vt 0.705882 0.545455
vt 0.705882 0.636364
vt 0.705882 0.727273
vt 0.705882 0.818182
vt 0.694118 1.000000
vt 0.705882 0.909091
vt 0.717647 0.090909
vt 0.705882 0.000000
vt 0.717647 0.181818
vt 0.717647 0.272727
vt 0.717647 0.363636
vt 0.717647 0.454545
vt 0.717647 0.545455
vt 0.717647 0.636364
vt 0.717647 0.727273
vt 0.717647 0.818182
vt 0.705882 1.000000
vt 0.717647 0.909091
vt 0.729412 0.090909
vt 0.717647 0.000000
vt 0.729412 0.181818
vt 0.729412 0.272727
vt 0.729412 0.363636
vt 0.729412 0.454545
vt 0.729412 0.545455
vt 0.729412 0.636364
vt 0.729412 0.727273
vt 0.729412 0.818182
vt 0.717647 1.000000
vt 0.729412 0.909091
vt 0.741176 0.090909
vt 0.729412 0.000000
vt 0.741176 0.181818
vt 0.741176 0.272727
vt 0.741176 0.363636
vt 0.741176 0.454545
vt 0.741176 0.545455
vt 0.741176 0.636364
vt 0.741176 0.727273
vt 0.741176 0.818182
vt 0.729412 1.000000
vt 0.741176 0.909091
vt 0.752941 0.090909
vt 0.741176 0.000000
vt 0.752941 0.181818
vt 0.752941 0.272727
vt 0.752941 0.363636
vt 0.752941 0.454545
vt 0.752941 0.545455
vt 0.752941 0.636364
vt 0.752941 0.727273
vt 0.752941 0.818182
vt 0.741176 1.000000
vt 0.752941 0.909091
vt 0.764706 0.000000
vt 0.752941 0.000000
vt 0.764706 0.090909
vt 0.764706 0.181818
vt 0.764706 0.272727
vt 0.764706 0.363636
vt 0.764706 0.545455
vt 0.764706 0.636364
vt 0.764706 0.727273
vt 0.764706 0.818182
vt 0.764706 0.909091
vt 0.764706 1.000000
vt 0.752941 1.000000
vt 0.776471 0.090909
vt 0.776471 0.181818
vt 0.776471 0.272727
vt 0.776471 0.363636
vt 0.776471 0.454545
vt 0.764706 0.454545
vt 0.776471 0.545455
vt 0.776471 0.636364
vt 0.776471 0.727273
vt 0.776471 0.818182
vt 0.776471 0.909091
vt 0.788235 0.090909
vt 0.776471 0.000000
vt 0.788235 0.181818
vt 0.788235 0.272727
vt 0.788235 0.363636
vt 0.788235 0.454545
vt 0.788235 0.545455
vt 0.788235 0.636364
vt 0.788235 0.727273
vt 0.788235 0.818182
vt 0.776471 1.000000
vt 0.788235 0.909091
vt 0.800000 0.090909
vt 0.788235 0.000000
vt 0.800000 0.181818
vt 0.800000 0.272727
vt 0.800000 0.363636
vt 0.800000 0.454545
vt 0.800000 0.545455
vt 0.800000 0.636364
vt 0.800000 0.727273
vt 0.800000 0.818182
vt 0.788235 1.000000
vt 0.800000 0.909091
vt 0.811765 0.090909
vt 0.811765 0.181818
vt 0.811765 0.272727
vt 0.811765 0.363636
vt 0.811765 0.454545
vt 0.811765 0.545455
vt 0.811765 0.636364
vt 0.811765 0.727273
vt 0.811765 0.818182
vt 0.800000 1.000000
vt 0.811765 0.909091
vt 0.823529 0.090909
vt 0.811765 0.000000
vt 0.823529 0.181818
vt 0.823529 0.272727
vt 0.823529 0.363636
vt 0.823529 0.454545
vt 0.823529 0.545455
vt 0.823529 0.636364
vt 0.823529 0.727273
vt 0.823529 0.818182
vt 0.811765 1.000000
vt 0.823529 0.909091
vt 0.835294 0.090909
vt 0.823529 0.000000
vt 0.835294 0.181818
vt 0.835294 0.272727
vt 0.835294 0.363636
vt 0.835294 0.454545
vt 0.835294 0.545455
vt 0.835294 0.636364
vt 0.835294 0.727273
vt 0.835294 0.818182
vt 0.823529 1.000000
vt 0.835294 0.909091
vt 0.847059 0.090909
vt 0.835294 0.000000
vt 0.847059 0.181818
vt 0.847059 0.272727
vt 0.847059 0.363636
vt 0.847059 0.454545
vt 0.847059 0.545455
vt 0.847059 0.636364
vt 0.847059 0.727273
vt 0.847059 0.818182
vt 0.835294 1.000000
vt 0.847059 0.909091
vt 0.858824 0.000000
vt 0.847059 0.000000
vt 0.858824 0.090909
vt 0.858824 0.181818
vt 0.858824 0.272727
vt 0.858824 0.363636
vt 0.858824 0.545455
vt 0.858824 0.636364
vt 0.858824 0.727273
vt 0.858824 0.818182
vt 0.858824 0.909091
vt 0.858824 1.000000
vt 0.847059 1.000000
vt 0.870588 0.000000
vt 0.870588 0.090909
vt 0.870588 0.181818
vt 0.870588 0.272727
vt 0.858824 0.454545
vt 0.870588 0.363636
vt 0.870588 0.545455
vt 0.870588 0.636364
vt 0.870588 0.727273
vt 0.870588 0.818182
vt 0.870588 0.909091
vt 0.870588 1.000000
vt 0.882353 0.000000
vt 0.882353 0.090909
vt 0.882353 0.181818
vt 0.882353 0.272727
vt 0.870588 0.454545
vt 0.882353 0.363636
vt 0.882353 0.545455
vt 0.882353 0.636364
vt 0.882353 0.727273
vt 0.882353 0.818182
vt 0.882353 0.909091
vt 0.882353 1.000000
vt 0.894118 0.000000
vt 0.894118 0.090909
vt 0.894118 0.181818
vt 0.894118 0.272727
vt 0.882353 0.454545
vt 0.894118 0.363636
vt 0.894118 0.545455
vt 0.894118 0.636364
vt 0.894118 0.727273
vt 0.894118 0.818182
vt 0.894118 0.909091
vt 0.894118 1.000000
vt 0.905882 0.090909
vt 0.905882 0.181818
vt 0.905882 0.272727
vt 0.905882 0.363636
vt 0.905882 0.454545
vt 0.894118 0.454545
vt 0.905882 0.545455
vt 0.905882 0.636364
vt 0.905882 0.727273
vt 0.905882 0.818182
vt 0.905882 0.909091
vt 0.917647 0.000000
vt 0.905882 0.000000
vt 0.917647 0.090909
vt 0.917647 0.181818
vt 0.917647 0.272727
vt 0.917647 0.363636
vt 0.917647 0.545455
vt 0.917647 0.636364
vt 0.917647 0.727273
vt 0.917647 0.818182
vt 0.917647 0.909091
vt 0.917647 1.000000
vt 0.905882 1.000000
vt 0.929412 0.090909
vt 0.929412 0.181818
vt 0.929412 0.272727
vt 0.929412 0.363636
vt 0.929412 0.454545
vt 0.917647 0.454545
vt 0.929412 0.545455
vt 0.929412 0.636364
vt 0.929412 0.727273
vt 0.929412 0.818182
vt 0.929412 0.909091
vt 0.929412 1.000000
vt 0.941176 0.090909
vt 0.929412 0.000000
vt 0.941176 0.181818
vt 0.941176 0.272727
vt 0.941176 0.363636
vt 0.941176 0.454545
vt 0.941176 0.545455
vt 0.941176 0.636364
vt 0.941176 0.727273
vt 0.941176 0.818182
vt 0.941176 0.909091
vt 0.952941 0.000000
vt 0.941176 0.000000
vt 0.952941 0.090909
vt 0.952941 0.181818
vt 0.952941 0.272727
vt 0.952941 0.363636
vt 0.952941 0.545455
vt 0.952941 0.636364
vt 0.952941 0.727273
vt 0.952941 0.818182
vt 0.952941 0.909091
vt 0.952941 1.000000
vt 0.941176 1.000000
vt 0.964706 0.090909
vt 0.964706 0.181818
vt 0.964706 0.272727
vt 0.964706 0.363636
vt 0.964706 0.454545
vt 0.952941 0.454545
vt 0.964706 0.545455
vt 0.964706 0.636364
vt 0.964706 0.727273
vt 0.964706 0.818182
vt 0.964706 0.909091
vt 0.976471 0.000000
vt 0.964706 0.000000
vt 0.976471 0.090909
vt 0.976471 0.181818
vt 0.976471 0.272727
vt 0.976471 0.363636
vt 0.976471 0.545455
vt 0.976471 0.636364
vt 0.976471 0.727273
vt 0.976471 0.818182
vt 0.976471 0.909091
vt 0.976471 1.000000
vt 0.964706 1.000000
vt 0.988235 0.090909
vt 0.988235 0.181818
vt 0.988235 0.272727
vt 0.988235 0.363636
vt 0.988235 0.454545
vt 0.976471 0.454545
vt 0.988235 0.545455
vt 0.988235 0.636364
vt 0.988235 0.818182
vt 0.988235 0.909091
vt 0.988235 1.000000
vt 0.988235 0.000000
vt 0.988235 0.727273
vt 0.062500 0.000000
vt 0.062500 0.090909
vt 0.062500 0.181818
vt 0.062500 0.272727
vt 0.062500 0.363636
vt 0.062500 0.545455
vt 0.062500 0.636364
vt 0.062500 0.727273
vt 0.062500 0.818182
vt 0.062500 0.909091
vt 0.062500 1.000000
vt 0.062500 0.454545
vt 0.187500 0.000000
vt 0.187500 0.090909
vt 0.187500 0.181818
vt 0.187500 0.272727
vt 0.187500 0.363636
vt 0.187500 0.545455
vt 0.187500 0.636364
vt 0.187500 0.727273
vt 0.187500 0.818182
vt 0.187500 0.909091
vt 0.187500 1.000000
vt 0.187500 0.454545
vt 0.312500 0.000000
vt 0.312500 0.090909
vt 0.312500 0.181818
vt 0.312500 0.272727
vt 0.312500 0.363636
vt 0.312500 0.545455
vt 0.312500 0.636364
vt 0.312500 0.727273
vt 0.312500 0.818182
vt 0.312500 0.909091
vt 0.312500 1.000000
vt 0.312500 0.454545
vt 0.437500 0.000000
vt 0.437500 0.090909
vt 0.437500 0.181818
vt 0.437500 0.272727
vt 0.437500 0.363636
vt 0.437500 0.545455
vt 0.437500 0.636364
vt 0.437500 0.727273
vt 0.437500 0.818182
vt 0.437500 0.909091
vt 0.437500 1.000000
vt 0.437500 0.454545
vt 0.562500 0.000000
vt 0.562500 0.090909
vt 0.562500 0.181818
vt 0.562500 0.272727
vt 0.562500 0.363636
vt 0.562500 0.545455
vt 0.562500 0.636364
vt 0.562500 0.727273
vt 0.562500 0.818182
vt 0.562500 0.909091
vt 0.562500 1.000000
vt 0.562500 0.454545
vt 0.687500 0.000000
vt 0.687500 0.090909
vt 0.687500 0.181818
vt 0.687500 0.272727
vt 0.687500 0.363636
vt 0.687500 0.545455
vt 0.687500 0.636364
vt 0.687500 0.727273
vt 0.687500 0.818182
vt 0.687500 0.909091
vt 0.687500 1.000000
vt 0.687500 0.454545
vt 0.812500 0.090909
vt 0.812500 0.181818
vt 0.812500 0.272727
vt 0.812500 0.363636
vt 0.812500 0.454545
vt 0.812500 0.545455
vt 0.812500 0.636364
vt 0.812500 0.727273
vt 0.812500 0.909091
vt 0.812500 1.000000
vt 0.812500 0.000000
vt 0.812500 0.818182
vt 0.937500 0.000000
vt 0.937500 0.090909
vt 0.937500 0.181818
vt 0.937500 0.272727
vt 0.937500 0.363636
vt 0.937500 0.545455
vt 0.937500 0.636364
vt 0.937500 0.727273
vt 0.937500 0.818182
vt 0.937500 0.909091
vt 0.937500 1.000000
vt 0.937500 0.454545
vt 0.166667 0.090909
vt 0.166667 0.181818
vt 0.166667 0.272727
vt 0.166667 0.363636
vt 0.166667 0.454545
vt 0.166667 0.545455
vt 0.166667 0.636364
vt 0.166667 0.727273
vt 0.166667 0.818182
vt 0.166667 0.909091
vt 0.333333 0.000000
vt 0.166667 0.000000
vt 0.333333 0.090909
vt 0.333333 0.181818
vt 0.333333 0.272727
vt 0.333333 0.363636
vt 0.333333 0.545455
vt 0.333333 0.636364
vt 0.333333 0.727273
vt 0.333333 0.818182
vt 0.333333 0.909091
vt 0.333333 1.000000
vt 0.166667 1.000000
vt 0.333333 0.454545
vt 0.666667 0.090909
vt 0.666667 0.181818
vt 0.666667 0.272727
vt 0.666667 0.363636
vt 0.666667 0.454545
vt 0.666667 0.545455
vt 0.666667 0.636364
vt 0.666667 0.727273
vt 0.666667 0.818182
vt 0.666667 1.000000
vt 0.833333 0.090909
vt 0.666667 0.000000
vt 0.833333 0.181818
vt 0.833333 0.272727
vt 0.833333 0.363636
vt 0.833333 0.545455
vt 0.833333 0.636364
vt 0.833333 0.727273
vt 0.833333 0.818182
vt 0.833333 0.909091
vt 0.666667 0.909091
vt 0.833333 1.000000
vt 0.833333 0.000000
vt 0.833333 0.454545
s 0
usemtl マテリアル
f 83/1/1 85/2/1 84/3/1
f 83/1/1 1/4/1 85/2/1
f 129/5/1 122/6/1 130/7/1
f 122/6/1 131/8/1 130/7/1
f 122/6/1 125/9/1 131/8/1
f 125/9/1 126/10/1 131/8/1
f 129/5/1 123/11/1 122/6/1
f 124/12/1 126/10/1 125/9/1
f 81/13/1 99/14/1 82/15/1
f 99/14/1 83/1/1 82/15/1
f 99/14/1 1/4/1 83/1/1
f 99/14/1 2/16/1 1/4/1
f 99/14/1 98/17/1 2/16/1
f 98/17/1 102/18/1 2/16/1
f 102/18/1 117/19/1 2/16/1
f 117/19/1 3/20/1 2/16/1
f 81/13/1 100/21/1 99/14/1
f 97/22/1 102/18/1 98/17/1
f 97/22/1 103/23/1 102/18/1
f 116/24/1 3/20/1 117/19/1
f 129/5/1 121/25/1 123/11/1
f 121/25/1 124/12/1 123/11/1
f 121/25/1 120/26/1 124/12/1
f 120/26/1 126/10/1 124/12/1
f 96/27/1 103/23/1 97/22/1
f 96/27/1 104/28/1 103/23/1
f 95/29/1 104/28/1 96/27/1
f 95/29/1 105/30/1 104/28/1
f 94/31/1 105/30/1 95/29/1
f 94/31/1 106/32/1 105/30/1
f 93/33/1 106/32/1 94/31/1
f 93/33/1 107/34/1 106/32/1
f 92/35/1 107/34/1 93/33/1
f 92/35/1 108/36/1 107/34/1
f 129/5/1 118/37/1 121/25/1
f 119/38/1 126/10/1 120/26/1
f 91/39/1 108/36/1 92/35/1
f 91/39/1 109/40/1 108/36/1
f 90/41/1 109/40/1 91/39/1
f 90/41/1 110/42/1 109/40/1
f 89/43/1 110/42/1 90/41/1
f 89/43/1 111/44/1 110/42/1
f 88/45/1 111/44/1 89/43/1
f 88/45/1 112/46/1 111/44/1
f 87/47/1 112/46/1 88/45/1
f 87/47/1 113/48/1 112/46/1
f 86/49/1 113/48/1 87/47/1
f 86/49/1 114/50/1 113/48/1
f 101/51/1 114/50/1 86/49/1
f 101/51/1 115/52/1 114/50/1
f 79/53/1 81/13/1 80/54/1
f 79/53/1 100/21/1 81/13/1
f 79/53/1 101/51/1 100/21/1
f 79/53/1 115/52/1 101/51/1
f 79/53/1 116/24/1 115/52/1
f 79/53/1 3/20/1 116/24/1
f 79/53/1 4/55/1 3/20/1
f 79/53/1 5/56/1 4/55/1
f 78/57/2 5/56/2 79/53/2
f 77/58/1 6/59/1 78/57/1
f 6/59/1 5/56/1 78/57/1
f 77/58/1 7/60/1 6/59/1
f 76/61/1 7/60/1 77/58/1
f 76/61/1 42/62/1 7/60/1
f 42/62/1 8/63/1 7/60/1
f 76/61/1 43/64/1 42/62/1
f 41/65/1 8/63/1 42/62/1
f 75/66/1 43/64/1 76/61/1
f 41/65/1 9/67/1 8/63/1
f 74/68/1 43/64/1 75/66/1
f 74/68/1 44/69/1 43/64/1
f 40/70/1 9/67/1 41/65/1
f 40/70/1 10/71/1 9/67/1
f 129/5/1 127/72/1 118/37/1
f 127/72/1 119/38/1 118/37/1
f 127/72/1 126/10/1 119/38/1
f 73/73/1 44/69/1 74/68/1
f 73/73/1 45/74/1 44/69/1
f 39/75/1 10/71/1 40/70/1
f 39/75/1 11/76/1 10/71/1
f 72/77/1 45/74/1 73/73/1
f 72/77/1 46/78/1 45/74/1
f 38/79/1 11/76/1 39/75/1
f 38/79/1 12/80/1 11/76/1
f 71/81/1 46/78/1 72/77/1
f 129/5/1 128/82/1 127/72/1
f 71/81/1 47/83/1 46/78/1
f 38/79/1 13/84/1 12/80/1
f 37/85/1 13/84/1 38/79/1
f 70/86/1 47/83/1 71/81/1
f 70/86/1 48/87/1 47/83/1
f 37/85/1 14/88/1 13/84/1
f 36/89/1 14/88/1 37/85/1
f 69/90/1 48/87/1 70/86/1
f 69/90/1 49/91/1 48/87/1
f 36/89/1 15/92/1 14/88/1
f 68/93/1 49/91/1 69/90/1
f 35/94/1 15/92/1 36/89/1
f 68/93/1 50/95/1 49/91/1
f 35/94/1 16/96/1 15/92/1
f 67/97/1 50/95/1 68/93/1
f 34/98/1 16/96/1 35/94/1
f 34/98/1 17/99/1 16/96/1
f 67/97/1 51/100/1 50/95/1
f 66/101/1 51/100/1 67/97/1
f 34/98/1 18/102/1 17/99/1
f 33/103/1 18/102/1 34/98/1
f 66/101/1 52/104/1 51/100/1
f 65/105/1 52/104/1 66/101/1
f 33/103/1 19/106/1 18/102/1
f 64/107/1 52/104/1 65/105/1
f 33/103/1 20/108/1 19/106/1
f 63/109/1 52/104/1 64/107/1
f 33/103/1 21/110/1 20/108/1
f 32/111/1 21/110/1 33/103/1
f 62/112/1 52/104/1 63/109/1
f 32/111/1 22/113/1 21/110/1
f 62/112/1 53/114/1 52/104/1
f 61/115/1 53/114/1 62/112/1
f 32/111/1 23/116/1 22/113/1
f 60/117/1 53/114/1 61/115/1
f 32/111/1 24/118/1 23/116/1
f 59/119/1 53/114/1 60/117/1
f 31/120/1 24/118/1 32/111/1
f 31/120/1 25/121/1 24/118/1
f 58/122/1 53/114/1 59/119/1
f 31/120/1 26/123/1 25/121/1
f 58/122/1 57/124/1 53/114/1
f 57/124/1 56/125/1 53/114/1
f 56/125/1 55/126/1 53/114/1
f 55/126/1 54/127/1 53/114/1
f 31/120/1 27/128/1 26/123/1
f 30/129/1 29/130/1 31/120/1
f 29/130/1 28/131/1 31/120/1
f 28/131/1 27/128/1 31/120/1
f 137/132/1 135/133/1 138/134/1
f 135/133/1 139/135/1 138/134/1
f 135/133/1 134/136/1 139/135/1
f 134/136/1 132/4/1 139/135/1
f 137/132/1 136/137/1 135/133/1
f 133/138/1 132/4/1 134/136/1
f 257/139/1 259/8/1 258/140/1
f 257/139/1 144/141/1 259/8/1
f 256/142/1 144/141/1 257/139/1
f 255/143/1 144/141/1 256/142/1
f 254/144/1 144/141/1 255/143/1
f 254/144/1 145/145/1 144/141/1
f 254/144/1 146/146/1 145/145/1
f 253/147/1 146/146/1 254/144/1
f 252/148/1 147/149/1 253/147/1
f 147/149/1 146/146/1 253/147/1
f 252/148/1 148/150/1 147/149/1
f 251/151/1 148/150/1 252/148/1
f 250/152/1 148/150/1 251/151/1
f 249/153/1 148/150/1 250/152/1
f 248/154/1 148/150/1 249/153/1
f 248/154/1 149/155/1 148/150/1
f 248/154/1 150/156/1 149/155/1
f 248/154/1 151/157/1 150/156/1
f 248/154/1 152/158/1 151/157/1
f 248/154/1 153/159/1 152/158/1
f 248/154/1 154/160/1 153/159/1
f 248/154/1 155/161/1 154/160/1
f 248/154/1 156/162/1 155/161/1
f 247/163/1 156/162/1 248/154/1
f 247/163/1 157/164/1 156/162/1
f 247/163/1 158/165/1 157/164/1
f 247/163/1 159/166/1 158/165/1
f 247/163/1 160/167/1 159/166/1
f 247/163/1 161/168/1 160/167/1
f 247/163/1 245/169/1 161/168/1
f 245/169/1 162/170/1 161/168/1
f 246/171/1 245/169/1 247/163/1
f 244/172/1 162/170/1 245/169/1
f 244/172/1 163/173/1 162/170/1
f 243/174/1 163/173/1 244/172/1
f 243/174/1 164/175/1 163/173/1
f 242/176/1 164/175/1 243/174/1
f 141/177/1 143/178/1 142/179/1
f 141/177/1 140/180/1 143/178/1
f 242/176/1 165/181/1 164/175/1
f 241/182/1 165/181/1 242/176/1
f 240/183/1 165/181/1 241/182/1
f 240/183/1 166/184/1 165/181/1
f 239/185/1 166/184/1 240/183/1
f 239/185/1 167/186/1 166/184/1
f 238/187/1 167/186/1 239/185/1
f 238/187/1 168/188/1 167/186/1
f 237/189/1 168/188/1 238/187/1
f 236/190/1 168/188/1 237/189/1
f 236/190/1 169/191/1 168/188/1
f 235/192/1 169/191/1 236/190/1
f 234/193/1 169/191/1 235/192/1
f 234/193/1 170/194/1 169/191/1
f 233/195/1 170/194/1 234/193/1
f 232/196/1 170/194/1 233/195/1
f 231/197/1 170/194/1 232/196/1
f 208/198/1 210/199/1 209/200/1
f 230/201/1 170/194/1 231/197/1
f 230/201/1 171/202/1 170/194/1
f 208/198/1 211/203/1 210/199/1
f 229/204/1 171/202/1 230/201/1
f 208/198/1 212/205/1 211/203/1
f 228/206/1 171/202/1 229/204/1
f 208/198/1 213/207/1 212/205/1
f 227/208/1 171/202/1 228/206/1
f 208/198/1 214/209/1 213/207/1
f 208/198/1 215/210/1 214/209/1
f 207/211/1 215/210/1 208/198/1
f 226/212/1 171/202/1 227/208/1
f 207/211/1 216/213/1 215/210/1
f 225/214/1 171/202/1 226/212/1
f 207/211/1 217/215/1 216/213/1
f 224/216/1 171/202/1 225/214/1
f 207/211/1 218/217/1 217/215/1
f 223/218/1 171/202/1 224/216/1
f 207/211/1 219/219/1 218/217/1
f 222/220/1 171/202/1 223/218/1
f 207/211/1 220/221/1 219/219/1
f 221/222/1 171/202/1 222/220/1
f 207/211/1 221/222/1 220/221/1
f 207/211/1 171/202/1 221/222/1
f 206/223/1 171/202/1 207/211/1
f 205/224/1 171/202/1 206/223/1
f 205/224/1 172/225/1 171/202/1
f 204/226/1 172/225/1 205/224/1
f 203/227/1 172/225/1 204/226/1
f 203/227/1 173/228/1 172/225/1
f 202/229/1 173/228/1 203/227/1
f 201/230/1 173/228/1 202/229/1
f 201/230/1 174/231/1 173/228/1
f 201/230/1 175/232/1 174/231/1
f 200/233/1 175/232/1 201/230/1
f 200/233/1 176/234/1 175/232/1
f 199/235/1 176/234/1 200/233/1
f 199/235/1 177/236/1 176/234/1
f 198/237/1 177/236/1 199/235/1
f 198/237/1 178/238/1 177/236/1
f 198/237/1 179/239/1 178/238/1
f 197/240/1 179/239/1 198/237/1
f 197/240/1 180/241/1 179/239/1
f 197/240/1 181/242/1 180/241/1
f 197/240/1 182/243/1 181/242/1
f 196/244/1 182/243/1 197/240/1
f 196/244/1 183/245/1 182/243/1
f 195/246/1 183/245/1 196/244/1
f 195/246/1 184/247/1 183/245/1
f 194/248/1 184/247/1 195/246/1
f 194/248/1 185/249/1 184/247/1
f 193/250/1 185/249/1 194/248/1
f 192/251/1 185/249/1 193/250/1
f 192/251/1 186/252/1 185/249/1
f 192/251/1 187/253/1 186/252/1
f 191/254/1 187/253/1 192/251/1
f 191/254/1 188/255/1 187/253/1
f 190/256/1 188/255/1 191/254/1
f 189/257/1 188/255/1 190/256/1
f 342/1/2 343/3/2 344/2/2
f 342/1/2 344/2/2 260/4/2
f 388/5/2 389/7/2 381/6/2
f 381/6/2 389/7/2 390/8/2
f 381/6/2 390/8/2 384/9/2
f 384/9/2 390/8/2 385/10/2
f 388/5/2 381/6/2 382/11/2
f 383/12/2 384/9/2 385/10/2
f 340/13/2 341/15/2 358/14/2
f 358/14/2 341/15/2 342/1/2
f 358/14/2 342/1/2 260/4/2
f 358/14/2 260/4/2 261/16/2
f 358/14/2 261/16/2 357/17/2
f 357/17/2 261/16/2 361/18/2
f 361/18/2 261/16/2 376/19/2
f 376/19/2 261/16/2 262/20/2
f 340/13/2 358/14/2 359/21/2
f 356/22/2 357/17/2 361/18/2
f 356/22/2 361/18/2 362/23/2
f 375/24/2 376/19/2 262/20/2
f 388/5/2 382/11/2 380/25/2
f 380/25/2 382/11/2 383/12/2
f 380/25/2 383/12/2 379/26/2
f 379/26/2 383/12/2 385/10/2
f 355/27/2 356/22/2 362/23/2
f 355/27/2 362/23/2 363/28/2
f 354/29/2 355/27/2 363/28/2
f 354/29/2 363/28/2 364/30/2
f 353/31/2 354/29/2 364/30/2
f 353/31/2 364/30/2 365/32/2
f 352/33/2 353/31/2 365/32/2
f 352/33/2 365/32/2 366/34/2
f 351/35/2 352/33/2 366/34/2
f 351/35/2 366/34/2 367/36/2
f 388/5/2 380/25/2 377/37/2
f 378/38/2 379/26/2 385/10/2
f 350/39/2 351/35/2 367/36/2
f 350/39/2 367/36/2 368/40/2
f 349/41/2 350/39/2 368/40/2
f 349/41/2 368/40/2 369/42/2
f 348/43/2 349/41/2 369/42/2
f 348/43/2 369/42/2 370/44/2
f 347/45/2 348/43/2 370/44/2
f 347/45/2 370/44/2 371/46/2
f 346/47/2 347/45/2 371/46/2
f 346/47/2 371/46/2 372/48/2
f 345/49/2 346/47/2 372/48/2
f 345/49/2 372/48/2 373/50/2
f 360/51/2 345/49/2 373/50/2
f 360/51/2 373/50/2 374/52/2
f 338/53/2 339/54/2 340/13/2
f 338/53/2 340/13/2 359/21/2
f 338/53/2 359/21/2 360/51/2
f 338/53/2 360/51/2 374/52/2
f 338/53/2 374/52/2 375/24/2
f 338/53/2 375/24/2 262/20/2
f 338/53/2 262/20/2 263/55/2
f 338/53/2 263/55/2 264/56/2
f 337/57/1 338/53/1 264/56/1
f 336/58/2 337/57/2 265/59/2
f 265/59/1 337/57/1 264/56/1
f 336/58/2 265/59/2 266/60/2
f 335/61/2 336/58/2 266/60/2
f 335/61/2 266/60/2 301/62/2
f 301/62/2 266/60/2 267/63/2
f 335/61/2 301/62/2 302/64/2
f 300/65/2 301/62/2 267/63/2
f 334/66/2 335/61/2 302/64/2
f 300/65/2 267/63/2 268/67/2
f 333/68/2 334/66/2 302/64/2
f 333/68/2 302/64/2 303/69/2
f 299/70/2 300/65/2 268/67/2
f 299/70/2 268/67/2 269/71/2
f 388/5/2 377/37/2 386/72/2
f 386/72/2 377/37/2 378/38/2
f 386/72/2 378/38/2 385/10/2
f 332/73/2 333/68/2 303/69/2
f 332/73/2 303/69/2 304/74/2
f 298/75/2 299/70/2 269/71/2
f 298/75/2 269/71/2 270/76/2
f 331/77/2 332/73/2 304/74/2
f 331/77/2 304/74/2 305/78/2
f 297/79/2 298/75/2 270/76/2
f 297/79/2 270/76/2 271/80/2
f 330/81/2 331/77/2 305/78/2
f 388/5/2 386/72/2 387/82/2
f 330/81/2 305/78/2 306/83/2
f 297/79/2 271/80/2 272/84/2
f 296/85/2 297/79/2 272/84/2
f 329/86/2 330/81/2 306/83/2
f 329/86/2 306/83/2 307/87/2
f 296/85/2 272/84/2 273/88/2
f 295/89/2 296/85/2 273/88/2
f 328/90/2 329/86/2 307/87/2
f 328/90/2 307/87/2 308/91/2
f 295/89/2 273/88/2 274/92/2
f 327/93/2 328/90/2 308/91/2
f 294/94/2 295/89/2 274/92/2
f 327/93/2 308/91/2 309/95/2
f 294/94/2 274/92/2 275/96/2
f 326/97/2 327/93/2 309/95/2
f 293/98/2 294/94/2 275/96/2
f 293/98/2 275/96/2 276/99/2
f 326/97/2 309/95/2 310/100/2
f 325/101/2 326/97/2 310/100/2
f 293/98/2 276/99/2 277/102/2
f 292/103/2 293/98/2 277/102/2
f 325/101/2 310/100/2 311/104/2
f 324/105/2 325/101/2 311/104/2
f 292/103/2 277/102/2 278/106/2
f 323/107/2 324/105/2 311/104/2
f 292/103/2 278/106/2 279/108/2
f 322/109/2 323/107/2 311/104/2
f 292/103/2 279/108/2 280/110/2
f 291/111/2 292/103/2 280/110/2
f 321/112/2 322/109/2 311/104/2
f 291/111/2 280/110/2 281/113/2
f 321/112/2 311/104/2 312/114/2
f 320/115/2 321/112/2 312/114/2
f 291/111/2 281/113/2 282/116/2
f 319/117/2 320/115/2 312/114/2
f 291/111/2 282/116/2 283/118/2
f 318/119/2 319/117/2 312/114/2
f 290/120/2 291/111/2 283/118/2
f 290/120/2 283/118/2 284/121/2
f 317/122/2 318/119/2 312/114/2
f 290/120/2 284/121/2 285/123/2
f 317/122/2 312/114/2 316/124/2
f 316/124/2 312/114/2 315/125/2
f 315/125/2 312/114/2 314/126/2
f 314/126/2 312/114/2 313/127/2
f 290/120/2 285/123/2 286/128/2
f 289/129/2 290/120/2 288/130/2
f 288/130/2 290/120/2 287/131/2
f 287/131/2 290/120/2 286/128/2
f 396/132/2 397/134/2 394/133/2
f 394/133/2 397/134/2 398/135/2
f 394/133/2 398/135/2 393/136/2
f 393/136/2 398/135/2 391/4/2
f 396/132/2 394/133/2 395/137/2
f 392/138/2 393/136/2 391/4/2
f 516/139/2 517/140/2 518/8/2
f 516/139/2 518/8/2 403/141/2
f 515/142/2 516/139/2 403/141/2
f 514/143/2 515/142/2 403/141/2
f 513/144/2 514/143/2 403/141/2
f 513/144/2 403/141/2 404/145/2
f 513/144/2 404/145/2 405/146/2
f 512/147/2 513/144/2 405/146/2
f 511/148/2 512/147/2 406/149/2
f 406/149/2 512/147/2 405/146/2
f 511/148/2 406/149/2 407/150/2
f 510/151/2 511/148/2 407/150/2
f 509/152/2 510/151/2 407/150/2
f 508/153/2 509/152/2 407/150/2
f 507/154/2 508/153/2 407/150/2
f 507/154/2 407/150/2 408/155/2
f 507/154/2 408/155/2 409/156/2
f 507/154/2 409/156/2 410/157/2
f 507/154/2 410/157/2 411/158/2
f 507/154/2 411/158/2 412/159/2
f 507/154/2 412/159/2 413/160/2
f 507/154/2 413/160/2 414/161/2
f 507/154/2 414/161/2 415/162/2
f 506/163/2 507/154/2 415/162/2
f 506/163/2 415/162/2 416/164/2
f 506/163/2 416/164/2 417/165/2
f 506/163/2 417/165/2 418/166/2
f 506/163/2 418/166/2 419/167/2
f 506/163/2 419/167/2 420/168/2
f 506/163/2 420/168/2 504/169/2
f 504/169/2 420/168/2 421/170/2
f 505/171/2 506/163/2 504/169/2
f 503/172/2 504/169/2 421/170/2
f 503/172/2 421/170/2 422/173/2
f 502/174/2 503/172/2 422/173/2
f 502/174/2 422/173/2 423/175/2
f 501/176/2 502/174/2 423/175/2
f 400/177/2 401/179/2 402/178/2
f 400/177/2 402/178/2 399/180/2
f 501/176/2 423/175/2 424/181/2
f 500/182/2 501/176/2 424/181/2
f 499/183/2 500/182/2 424/181/2
f 499/183/2 424/181/2 425/184/2
f 498/185/2 499/183/2 425/184/2
f 498/185/2 425/184/2 426/186/2
f 497/187/2 498/185/2 426/186/2
f 497/187/2 426/186/2 427/188/2
f 496/189/2 497/187/2 427/188/2
f 495/190/2 496/189/2 427/188/2
f 495/190/2 427/188/2 428/191/2
f 494/192/2 495/190/2 428/191/2
f 493/193/2 494/192/2 428/191/2
f 493/193/2 428/191/2 429/194/2
f 492/195/2 493/193/2 429/194/2
f 491/196/2 492/195/2 429/194/2
f 490/197/2 491/196/2 429/194/2
f 467/198/2 468/200/2 469/199/2
f 489/201/2 490/197/2 429/194/2
f 489/201/2 429/194/2 430/202/2
f 467/198/2 469/199/2 470/203/2
f 488/204/2 489/201/2 430/202/2
f 467/198/2 470/203/2 471/205/2
f 487/206/2 488/204/2 430/202/2
f 467/198/2 471/205/2 472/207/2
f 486/208/2 487/206/2 430/202/2
f 467/198/2 472/207/2 473/209/2
f 467/198/2 473/209/2 474/210/2
f 466/211/2 467/198/2 474/210/2
f 485/212/2 486/208/2 430/202/2
f 466/211/2 474/210/2 475/213/2
f 484/214/2 485/212/2 430/202/2
f 466/211/2 475/213/2 476/215/2
f 483/216/2 484/214/2 430/202/2
f 466/211/2 476/215/2 477/217/2
f 482/218/2 483/216/2 430/202/2
f 466/211/2 477/217/2 478/219/2
f 481/220/2 482/218/2 430/202/2
f 466/211/2 478/219/2 479/221/2
f 480/222/2 481/220/2 430/202/2
f 466/211/2 479/221/2 480/222/2
f 466/211/2 480/222/2 430/202/2
f 465/223/2 466/211/2 430/202/2
f 464/224/2 465/223/2 430/202/2
f 464/224/2 430/202/2 431/225/2
f 463/226/2 464/224/2 431/225/2
f 462/227/2 463/226/2 431/225/2
f 462/227/2 431/225/2 432/228/2
f 461/229/2 462/227/2 432/228/2
f 460/230/2 461/229/2 432/228/2
f 460/230/2 432/228/2 433/231/2
f 460/230/2 433/231/2 434/232/2
f 459/233/2 460/230/2 434/232/2
f 459/233/2 434/232/2 435/234/2
f 458/235/2 459/233/2 435/234/2
f 458/235/2 435/234/2 436/236/2
f 457/237/2 458/235/2 436/236/2
f 457/237/2 436/236/2 437/238/2
f 457/237/2 437/238/2 438/239/2
f 456/240/2 457/237/2 438/239/2
f 456/240/2 438/239/2 439/241/2
f 456/240/2 439/241/2 440/242/2
f 456/240/2 440/242/2 441/243/2
f 455/244/2 456/240/2 441/243/2
f 455/244/2 441/243/2 442/245/2
f 454/246/2 455/244/2 442/245/2
f 454/246/2 442/245/2 443/247/2
f 453/248/2 454/246/2 443/247/2
f 453/248/2 443/247/2 444/249/2
f 452/250/2 453/248/2 444/249/2
f 451/251/2 452/250/2 444/249/2
f 451/251/2 444/249/2 445/252/2
f 451/251/2 445/252/2 446/253/2
f 450/254/2 451/251/2 446/253/2
f 450/254/2 446/253/2 447/255/2
f 449/256/2 450/254/2 447/255/2
f 448/257/2 449/256/2 447/255/2
s 1
f 532/258/3 519/4/4 520/259/5
f 533/260/6 520/259/5 521/261/7
f 534/262/8 521/261/7 522/263/9
f 535/264/10 522/263/9 523/265/11
f 536/266/12 523/265/11 524/267/13
f 537/268/14 524/267/13 525/269/15
f 526/270/16 537/268/14 525/269/15
f 539/271/17 526/270/16 527/272/18
f 540/273/19 527/272/18 528/274/20
f 541/275/21 528/274/20 529/276/22
f 542/277/23 529/276/22 530/278/24
f 544/279/25 531/280/26 532/258/3
f 545/281/27 532/258/3 533/260/6
f 546/282/28 533/260/6 534/262/8
f 547/283/29 534/262/8 535/264/10
f 548/284/30 535/264/10 536/266/12
f 549/285/31 536/266/12 537/268/14
f 538/286/32 549/285/31 537/268/14
f 539/271/17 550/287/33 538/286/32
f 540/273/19 551/288/34 539/271/17
f 541/275/21 552/289/35 540/273/19
f 542/277/23 553/290/36 541/275/21
f 556/291/37 543/292/26 544/279/25
f 557/293/38 544/279/25 545/281/27
f 558/294/39 545/281/27 546/282/28
f 559/295/40 546/282/28 547/283/29
f 548/284/30 559/295/40 547/283/29
f 561/296/41 548/284/30 549/285/31
f 562/297/42 549/285/31 550/287/33
f 563/298/43 550/287/33 551/288/34
f 552/289/35 563/298/43 551/288/34
f 565/299/44 552/289/35 553/290/36
f 566/300/24 553/290/36 554/301/23
f 556/291/37 567/101/4 555/302/4
f 557/293/38 568/303/5 556/291/37
f 558/294/39 569/304/7 557/293/38
f 559/295/40 570/305/9 558/294/39
f 560/306/45 571/307/11 559/295/40
f 573/308/15 560/306/45 561/296/41
f 574/309/46 561/296/41 562/297/42
f 575/310/18 562/297/42 563/298/43
f 576/311/20 563/298/43 564/312/47
f 577/313/22 564/312/47 565/299/44
f 578/314/24 565/299/44 566/300/24
f 580/315/3 567/101/4 568/303/5
f 581/316/6 568/303/5 569/304/7
f 582/317/8 569/304/7 570/305/9
f 583/318/48 570/305/9 571/307/11
f 584/319/12 571/307/11 572/320/13
f 585/321/14 572/320/13 573/308/15
f 586/322/32 573/308/15 574/309/46
f 587/323/17 574/309/46 575/310/18
f 588/324/19 575/310/18 576/311/20
f 589/325/21 576/311/20 577/313/22
f 590/326/23 577/313/22 578/314/24
f 592/327/49 579/328/26 580/315/3
f 593/329/50 580/315/3 581/316/6
f 594/330/51 581/316/6 582/317/8
f 583/318/48 594/330/51 582/317/8
f 596/331/52 583/318/48 584/319/12
f 597/332/53 584/319/12 585/321/14
f 586/322/32 597/332/53 585/321/14
f 599/333/54 586/322/32 587/323/17
f 588/324/19 599/333/54 587/323/17
f 601/334/55 588/324/19 589/325/21
f 602/335/56 589/325/21 590/326/23
f 604/336/57 591/337/58 592/327/49
f 605/338/59 592/327/49 593/329/50
f 606/339/60 593/329/50 594/330/51
f 607/340/61 594/330/51 595/341/62
f 608/342/63 595/341/62 596/331/52
f 609/343/64 596/331/52 597/332/53
f 610/344/65 597/332/53 598/345/66
f 611/346/67 598/345/66 599/333/54
f 612/347/68 599/333/54 600/348/69
f 601/334/55 612/347/68 600/348/69
f 614/349/70 601/334/55 602/335/56
f 520/350/5 603/351/71 604/336/57
f 521/352/7 604/336/57 605/338/59
f 606/339/60 521/352/7 605/338/59
f 523/353/11 606/339/60 607/340/61
f 524/354/13 607/340/61 608/342/63
f 525/355/15 608/342/63 609/343/64
f 526/356/16 609/343/64 610/344/65
f 611/346/67 526/356/16 610/344/65
f 528/357/20 611/346/67 612/347/68
f 529/358/22 612/347/68 613/359/72
f 530/360/24 613/359/72 614/349/70
f 628/279/3 615/4/4 616/259/5
f 617/261/7 628/279/3 616/259/5
f 618/263/9 629/281/6 617/261/7
f 631/283/48 618/263/9 619/265/11
f 632/284/12 619/265/11 620/267/13
f 633/285/14 620/267/13 621/269/15
f 634/287/32 621/269/15 622/270/16
f 635/288/17 622/270/16 623/272/18
f 624/274/20 635/288/17 623/272/18
f 637/290/21 624/274/20 625/276/22
f 638/301/23 625/276/22 626/278/24
f 640/303/49 627/292/26 628/279/3
f 629/281/6 640/303/49 628/279/3
f 642/305/51 629/281/6 630/282/8
f 643/307/62 630/282/8 631/283/48
f 632/284/12 643/307/62 631/283/48
f 645/308/53 632/284/12 633/285/14
f 646/309/66 633/285/14 634/287/32
f 647/310/54 634/287/32 635/288/17
f 648/311/69 635/288/17 636/289/19
f 649/313/55 636/289/19 637/290/21
f 638/301/23 649/313/55 637/290/21
f 652/327/57 639/101/58 640/303/49
f 653/329/59 640/303/49 641/304/50
f 642/305/51 653/329/59 641/304/50
f 655/341/73 642/305/51 643/307/62
f 656/331/63 643/307/62 644/320/52
f 657/332/64 644/320/52 645/308/53
f 658/345/74 645/308/53 646/309/66
f 659/333/67 646/309/66 647/310/54
f 648/311/69 659/333/67 647/310/54
f 661/334/72 648/311/69 649/313/55
f 662/335/70 649/313/55 650/314/56
f 616/350/5 651/337/71 652/327/57
f 617/352/7 652/327/57 653/329/59
f 618/361/9 653/329/59 654/330/60
f 655/341/73 618/361/9 654/330/60
f 620/354/13 655/341/73 656/331/63
f 621/355/15 656/331/63 657/332/64
f 622/356/16 657/332/64 658/345/74
f 623/362/18 658/345/74 659/333/67
f 624/357/20 659/333/67 660/348/68
f 625/358/22 660/348/68 661/334/72
f 626/360/24 661/334/72 662/335/70
f 664/259/75 675/363/71 663/4/76
f 665/261/77 676/364/57 664/259/75
f 666/263/78 677/365/59 665/261/77
f 667/265/79 678/366/60 666/263/78
f 668/267/80 679/367/73 667/265/79
f 681/368/64 668/267/80 669/269/81
f 682/369/74 669/269/81 670/270/82
f 683/370/67 670/270/82 671/272/83
f 684/371/68 671/272/83 672/274/84
f 685/372/72 672/274/84 673/276/85
f 686/373/70 673/276/85 674/278/86
f 688/374/5 675/363/71 676/364/57
f 689/375/7 676/364/57 677/365/59
f 690/376/9 677/365/59 678/366/60
f 691/377/11 678/366/60 679/367/73
f 692/378/13 679/367/73 680/379/63
f 693/380/15 680/379/63 681/368/64
f 682/369/74 693/380/15 681/368/64
f 695/381/18 682/369/74 683/370/67
f 696/382/20 683/370/67 684/371/68
f 697/383/22 684/371/68 685/372/72
f 698/384/24 685/372/72 686/373/70
f 700/385/87 687/386/4 688/374/5
f 701/387/88 688/374/5 689/375/7
f 702/388/89 689/375/7 690/376/9
f 703/389/90 690/376/9 691/377/11
f 704/390/91 691/377/11 692/378/13
f 705/391/92 692/378/13 693/380/15
f 694/392/16 705/391/92 693/380/15
f 695/381/18 706/393/93 694/392/16
f 696/382/20 707/394/94 695/381/18
f 697/383/22 708/395/95 696/382/20
f 698/384/24 709/396/96 697/383/22
f 712/397/97 699/398/98 700/385/87
f 713/399/99 700/385/87 701/387/88
f 714/400/100 701/387/88 702/388/89
f 715/401/101 702/388/89 703/389/90
f 716/402/102 703/389/90 704/390/91
f 717/403/103 704/390/91 705/391/92
f 706/393/93 717/403/103 705/391/92
f 707/394/94 718/404/104 706/393/93
f 708/395/95 719/405/105 707/394/94
f 709/396/96 720/406/106 708/395/95
f 710/407/107 721/408/108 709/396/96
f 712/397/97 723/409/109 711/410/110
f 713/399/99 724/411/111 712/397/97
f 714/400/100 725/412/112 713/399/99
f 715/401/101 726/413/113 714/400/100
f 716/402/102 727/414/114 715/401/101
f 729/415/115 716/402/102 717/403/103
f 730/416/116 717/403/103 718/404/104
f 731/417/117 718/404/104 719/405/105
f 732/418/118 719/405/105 720/406/106
f 733/419/119 720/406/106 721/408/108
f 734/420/120 721/408/108 722/421/121
f 736/422/122 723/409/109 724/411/111
f 737/423/123 724/411/111 725/412/112
f 738/424/124 725/412/112 726/413/113
f 739/425/125 726/413/113 727/414/114
f 740/426/126 727/414/114 728/427/127
f 741/428/128 728/427/127 729/415/115
f 730/416/116 741/428/128 729/415/115
f 731/417/117 742/429/129 730/416/116
f 732/418/118 743/430/130 731/417/117
f 733/419/119 744/431/131 732/418/118
f 734/420/120 745/432/132 733/419/119
f 736/422/122 747/433/133 735/434/134
f 737/423/123 748/435/135 736/422/122
f 738/424/124 749/436/136 737/423/123
f 739/425/125 750/437/137 738/424/124
f 740/426/126 751/438/138 739/425/125
f 753/439/139 740/426/126 741/428/128
f 754/440/140 741/428/128 742/429/129
f 755/441/141 742/429/129 743/430/130
f 756/442/142 743/430/130 744/431/131
f 757/443/143 744/431/131 745/432/132
f 758/444/144 745/432/132 746/445/145
f 748/435/135 759/446/146 747/433/133
f 749/436/136 760/447/147 748/435/135
f 750/437/137 761/448/148 749/436/136
f 751/438/138 762/449/149 750/437/137
f 752/450/150 763/451/151 751/438/138
f 765/452/152 752/450/150 753/439/139
f 766/453/153 753/439/139 754/440/140
f 767/454/154 754/440/140 755/441/141
f 768/455/155 755/441/141 756/442/142
f 769/456/156 756/442/142 757/443/143
f 770/457/157 757/443/143 758/444/144
f 760/447/147 771/458/158 759/446/146
f 761/448/148 772/459/159 760/447/147
f 762/449/149 773/460/160 761/448/148
f 763/451/151 774/461/161 762/449/149
f 764/462/162 775/463/163 763/451/151
f 777/464/164 764/462/162 765/452/152
f 778/465/165 765/452/152 766/453/153
f 779/466/166 766/453/153 767/454/154
f 780/467/167 767/454/154 768/455/155
f 781/468/168 768/455/155 769/456/156
f 782/469/169 769/456/156 770/457/157
f 772/459/159 783/470/170 771/458/158
f 773/460/160 784/471/171 772/459/159
f 774/461/161 785/472/172 773/460/160
f 775/463/163 786/473/173 774/461/161
f 776/474/174 787/475/175 775/463/163
f 789/476/176 776/474/174 777/464/164
f 790/477/177 777/464/164 778/465/165
f 791/478/178 778/465/165 779/466/166
f 792/479/179 779/466/166 780/467/167
f 793/480/180 780/467/167 781/468/168
f 794/481/181 781/468/168 782/469/169
f 784/471/171 795/482/182 783/470/170
f 785/472/172 796/483/183 784/471/171
f 786/473/173 797/484/184 785/472/172
f 787/475/175 798/485/185 786/473/173
f 788/486/186 799/487/187 787/475/175
f 801/488/188 788/486/186 789/476/176
f 802/489/189 789/476/176 790/477/177
f 803/490/190 790/477/177 791/478/178
f 804/491/191 791/478/178 792/479/179
f 805/492/192 792/479/179 793/480/180
f 806/493/193 793/480/180 794/481/181
f 796/483/183 807/494/194 795/482/182
f 797/484/184 808/495/195 796/483/183
f 798/485/185 809/496/196 797/484/184
f 799/487/187 810/497/197 798/485/185
f 800/498/198 811/499/199 799/487/187
f 813/500/200 800/498/198 801/488/188
f 814/501/201 801/488/188 802/489/189
f 815/502/202 802/489/189 803/490/190
f 816/503/203 803/490/190 804/491/191
f 817/504/204 804/491/191 805/492/192
f 818/505/205 805/492/192 806/493/193
f 808/495/195 819/506/206 807/494/194
f 809/496/196 820/507/207 808/495/195
f 810/497/197 821/508/208 809/496/196
f 811/499/199 822/509/209 810/497/197
f 812/510/210 823/511/211 811/499/199
f 825/512/212 812/510/210 813/500/200
f 826/513/213 813/500/200 814/501/201
f 827/514/214 814/501/201 815/502/202
f 828/515/215 815/502/202 816/503/203
f 829/516/216 816/503/203 817/504/204
f 830/517/217 817/504/204 818/505/205
f 820/507/207 831/518/218 819/506/206
f 821/508/208 832/519/219 820/507/207
f 822/509/209 833/520/220 821/508/208
f 823/511/211 834/521/221 822/509/209
f 824/522/222 835/523/223 823/511/211
f 837/524/224 824/522/222 825/512/212
f 838/525/225 825/512/212 826/513/213
f 839/526/226 826/513/213 827/514/214
f 840/527/227 827/514/214 828/515/215
f 841/528/228 828/515/215 829/516/216
f 842/529/229 829/516/216 830/517/217
f 832/519/219 843/530/230 831/518/218
f 833/520/220 844/531/231 832/519/219
f 834/521/221 845/532/232 833/520/220
f 835/523/223 846/533/233 834/521/221
f 836/534/234 847/535/235 835/523/223
f 849/536/236 836/534/234 837/524/224
f 850/537/237 837/524/224 838/525/225
f 851/538/238 838/525/225 839/526/226
f 852/539/239 839/526/226 840/527/227
f 853/540/240 840/527/227 841/528/228
f 854/541/241 841/528/228 842/529/229
f 844/531/231 855/542/242 843/530/230
f 845/532/232 856/543/243 844/531/231
f 846/533/233 857/544/244 845/532/232
f 847/535/235 858/545/245 846/533/233
f 848/546/246 859/547/247 847/535/235
f 861/548/248 848/546/246 849/536/236
f 862/549/249 849/536/236 850/537/237
f 863/550/250 850/537/237 851/538/238
f 864/551/251 851/538/238 852/539/239
f 865/552/252 852/539/239 853/540/240
f 866/553/253 853/540/240 854/541/241
f 868/554/254 855/542/242 856/543/243
f 869/555/255 856/543/243 857/544/244
f 870/556/256 857/544/244 858/545/245
f 871/557/257 858/545/245 859/547/247
f 872/558/258 859/547/247 860/559/259
f 873/560/260 860/559/259 861/548/248
f 862/549/249 873/560/260 861/548/248
f 863/550/250 874/561/261 862/549/249
f 864/551/251 875/562/262 863/550/250
f 865/552/252 876/563/263 864/551/251
f 866/553/253 877/564/264 865/552/252
f 868/554/254 879/565/265 867/566/266
f 869/555/255 880/567/267 868/554/254
f 870/556/256 881/568/268 869/555/255
f 871/557/257 882/569/269 870/556/256
f 872/558/258 883/570/270 871/557/257
f 885/571/271 872/558/258 873/560/260
f 886/572/272 873/560/260 874/561/261
f 887/573/273 874/561/261 875/562/262
f 888/574/274 875/562/262 876/563/263
f 889/575/275 876/563/263 877/564/264
f 890/576/276 877/564/264 878/577/277
f 880/567/267 891/578/278 879/565/265
f 881/568/268 892/579/279 880/567/267
f 882/569/269 893/580/280 881/568/268
f 883/570/270 894/581/281 882/569/269
f 884/582/282 895/583/283 883/570/270
f 897/584/284 884/582/282 885/571/271
f 898/585/285 885/571/271 886/572/272
f 899/586/286 886/572/272 887/573/273
f 900/587/287 887/573/273 888/574/274
f 901/588/288 888/574/274 889/575/275
f 902/589/289 889/575/275 890/576/276
f 892/579/279 903/590/290 891/578/278
f 893/580/280 904/591/291 892/579/279
f 894/581/281 905/592/292 893/580/280
f 895/583/283 906/593/293 894/581/281
f 896/594/294 907/595/295 895/583/283
f 909/596/296 896/594/294 897/584/284
f 910/597/297 897/584/284 898/585/285
f 911/598/298 898/585/285 899/586/286
f 912/599/299 899/586/286 900/587/287
f 913/600/300 900/587/287 901/588/288
f 914/601/301 901/588/288 902/589/289
f 904/591/291 915/602/302 903/590/290
f 905/592/292 916/603/303 904/591/291
f 906/593/293 917/604/304 905/592/292
f 907/595/295 918/605/305 906/593/293
f 908/606/306 919/607/307 907/595/295
f 921/608/308 908/606/306 909/596/296
f 922/609/309 909/596/296 910/597/297
f 923/610/310 910/597/297 911/598/298
f 924/611/311 911/598/298 912/599/299
f 925/612/312 912/599/299 913/600/300
f 926/613/313 913/600/300 914/601/301
f 916/603/303 927/614/314 915/602/302
f 917/604/304 928/615/315 916/603/303
f 918/605/305 929/616/316 917/604/304
f 919/607/307 930/617/317 918/605/305
f 920/618/318 931/619/319 919/607/307
f 933/620/320 920/618/318 921/608/308
f 934/621/321 921/608/308 922/609/309
f 935/622/322 922/609/309 923/610/310
f 936/623/323 923/610/310 924/611/311
f 937/624/324 924/611/311 925/612/312
f 938/625/325 925/612/312 926/613/313
f 928/615/315 939/626/326 927/614/314
f 929/616/316 940/627/327 928/615/315
f 930/617/317 941/628/328 929/616/316
f 931/619/319 942/629/329 930/617/317
f 932/630/330 943/631/331 931/619/319
f 945/632/332 932/630/330 933/620/320
f 946/633/333 933/620/320 934/621/321
f 947/634/334 934/621/321 935/622/322
f 948/635/335 935/622/322 936/623/323
f 949/636/336 936/623/323 937/624/324
f 950/637/337 937/624/324 938/625/325
f 940/627/327 951/638/338 939/626/326
f 941/628/328 952/639/339 940/627/327
f 942/629/329 953/640/340 941/628/328
f 943/631/331 954/641/341 942/629/329
f 944/642/342 955/643/343 943/631/331
f 957/644/344 944/642/342 945/632/332
f 958/645/345 945/632/332 946/633/333
f 959/646/346 946/633/333 947/634/334
f 960/647/347 947/634/334 948/635/335
f 961/648/348 948/635/335 949/636/336
f 962/649/349 949/636/336 950/637/337
f 952/639/339 963/650/350 951/638/338
f 953/640/340 964/651/351 952/639/339
f 954/641/341 965/652/352 953/640/340
f 955/643/343 966/653/353 954/641/341
f 956/654/354 967/655/355 955/643/343
f 969/656/356 956/654/354 957/644/344
f 970/657/357 957/644/344 958/645/345
f 971/658/358 958/645/345 959/646/346
f 972/659/359 959/646/346 960/647/347
f 973/660/360 960/647/347 961/648/348
f 974/661/361 961/648/348 962/649/349
f 964/651/351 975/662/362 963/650/350
f 965/652/352 976/663/363 964/651/351
f 966/653/353 977/664/364 965/652/352
f 967/655/355 978/665/365 966/653/353
f 968/666/366 979/667/367 967/655/355
f 981/668/368 968/666/366 969/656/356
f 982/669/369 969/656/356 970/657/357
f 983/670/370 970/657/357 971/658/358
f 984/671/371 971/658/358 972/659/359
f 985/672/372 972/659/359 973/660/360
f 986/673/373 973/660/360 974/661/361
f 976/663/363 987/674/374 975/662/362
f 977/664/364 988/675/375 976/663/363
f 978/665/365 989/676/376 977/664/364
f 979/667/367 990/677/377 978/665/365
f 980/678/378 991/679/379 979/667/367
f 993/680/380 980/678/378 981/668/368
f 994/681/381 981/668/368 982/669/369
f 995/682/382 982/669/369 983/670/370
f 996/683/383 983/670/370 984/671/371
f 997/684/384 984/671/371 985/672/372
f 998/685/385 985/672/372 986/673/373
f 988/675/375 999/686/386 987/674/374
f 989/676/376 1000/687/387 988/675/375
f 990/677/377 1001/688/388 989/676/376
f 991/679/379 1002/689/389 990/677/377
f 992/690/390 1003/691/391 991/679/379
f 1005/692/392 992/690/390 993/680/380
f 1006/693/393 993/680/380 994/681/381
f 1007/694/394 994/681/381 995/682/382
f 1008/695/395 995/682/382 996/683/383
f 1009/696/396 996/683/383 997/684/384
f 1010/697/397 997/684/384 998/685/385
f 1012/279/398 999/686/386 1000/687/387
f 1013/281/399 1000/687/387 1001/688/388
f 1014/282/400 1001/688/388 1002/689/389
f 1015/283/401 1002/689/389 1003/691/391
f 1016/284/402 1003/691/391 1004/698/403
f 1017/285/404 1004/698/403 1005/692/392
f 1006/693/393 1017/285/404 1005/692/392
f 1007/694/394 1018/287/405 1006/693/393
f 1008/695/395 1019/288/406 1007/694/394
f 1009/696/396 1020/289/407 1008/695/395
f 1010/697/397 1021/290/408 1009/696/396
f 1024/699/409 1011/292/410 1012/279/398
f 1025/700/411 1012/279/398 1013/281/399
f 1026/701/412 1013/281/399 1014/282/400
f 1027/702/413 1014/282/400 1015/283/401
f 1028/703/414 1015/283/401 1016/284/402
f 1029/704/415 1016/284/402 1017/285/404
f 1018/287/405 1029/704/415 1017/285/404
f 1019/288/406 1030/705/416 1018/287/405
f 1020/289/407 1031/706/417 1019/288/406
f 1021/290/408 1032/707/418 1020/289/407
f 1022/301/419 1033/708/420 1021/290/408
f 1024/699/409 1035/709/421 1023/710/422
f 1025/700/411 1036/711/423 1024/699/409
f 1026/701/412 1037/712/424 1025/700/411
f 1027/702/413 1038/713/425 1026/701/412
f 1028/703/414 1039/714/426 1027/702/413
f 1041/715/427 1028/703/414 1029/704/415
f 1042/716/428 1029/704/415 1030/705/416
f 1043/717/429 1030/705/416 1031/706/417
f 1044/718/430 1031/706/417 1032/707/418
f 1045/719/431 1032/707/418 1033/708/420
f 1046/720/432 1033/708/420 1034/721/433
f 1036/711/423 1047/722/434 1035/709/421
f 1037/712/424 1048/723/435 1036/711/423
f 1038/713/425 1049/724/436 1037/712/424
f 1039/714/426 1050/725/437 1038/713/425
f 1040/726/438 1051/727/439 1039/714/426
f 1053/728/440 1040/726/438 1041/715/427
f 1054/729/441 1041/715/427 1042/716/428
f 1055/730/442 1042/716/428 1043/717/429
f 1056/731/443 1043/717/429 1044/718/430
f 1057/732/444 1044/718/430 1045/719/431
f 1058/733/445 1045/719/431 1046/720/432
f 1048/723/435 1059/734/446 1047/722/434
f 1049/724/436 1060/735/447 1048/723/435
f 1050/725/437 1061/736/448 1049/724/436
f 1051/727/439 1062/737/449 1050/725/437
f 1052/738/450 1063/739/451 1051/727/439
f 1065/740/452 1052/738/450 1053/728/440
f 1066/741/453 1053/728/440 1054/729/441
f 1067/742/454 1054/729/441 1055/730/442
f 1068/743/455 1055/730/442 1056/731/443
f 1069/744/456 1056/731/443 1057/732/444
f 1070/745/457 1057/732/444 1058/733/445
f 1072/746/458 1059/734/446 1060/735/447
f 1073/747/459 1060/735/447 1061/736/448
f 1074/748/460 1061/736/448 1062/737/449
f 1075/749/461 1062/737/449 1063/739/451
f 1076/750/462 1063/739/451 1064/751/463
f 1077/752/464 1064/751/463 1065/740/452
f 1066/741/453 1077/752/464 1065/740/452
f 1067/742/454 1078/753/465 1066/741/453
f 1068/743/455 1079/754/466 1067/742/454
f 1069/744/456 1080/755/467 1068/743/455
f 1070/745/457 1081/756/468 1069/744/456
f 1084/757/469 1071/758/470 1072/746/458
f 1085/759/471 1072/746/458 1073/747/459
f 1086/760/472 1073/747/459 1074/748/460
f 1087/761/473 1074/748/460 1075/749/461
f 1088/762/474 1075/749/461 1076/750/462
f 1089/763/475 1076/750/462 1077/752/464
f 1078/753/465 1089/763/475 1077/752/464
f 1079/754/466 1090/764/476 1078/753/465
f 1080/755/467 1091/765/477 1079/754/466
f 1081/756/468 1092/766/478 1080/755/467
f 1082/767/479 1093/768/480 1081/756/468
f 1096/769/481 1083/770/482 1084/757/469
f 1097/771/483 1084/757/469 1085/759/471
f 1098/772/484 1085/759/471 1086/760/472
f 1099/773/485 1086/760/472 1087/761/473
f 1100/774/486 1087/761/473 1088/762/474
f 1101/775/487 1088/762/474 1089/763/475
f 1090/764/476 1101/775/487 1089/763/475
f 1091/765/477 1102/776/488 1090/764/476
f 1092/766/478 1103/777/489 1091/765/477
f 1093/768/480 1104/778/490 1092/766/478
f 1094/779/491 1105/780/492 1093/768/480
f 1108/781/493 1095/782/494 1096/769/481
f 1109/783/495 1096/769/481 1097/771/483
f 1110/784/496 1097/771/483 1098/772/484
f 1111/785/497 1098/772/484 1099/773/485
f 1112/786/498 1099/773/485 1100/774/486
f 1113/787/499 1100/774/486 1101/775/487
f 1102/776/488 1113/787/499 1101/775/487
f 1103/777/489 1114/788/500 1102/776/488
f 1104/778/490 1115/789/501 1103/777/489
f 1105/780/492 1116/790/502 1104/778/490
f 1106/791/503 1117/792/504 1105/780/492
f 1120/793/505 1107/794/506 1108/781/493
f 1121/795/507 1108/781/493 1109/783/495
f 1122/796/508 1109/783/495 1110/784/496
f 1123/797/509 1110/784/496 1111/785/497
f 1124/798/510 1111/785/497 1112/786/498
f 1125/799/511 1112/786/498 1113/787/499
f 1114/788/500 1125/799/511 1113/787/499
f 1115/789/501 1126/800/512 1114/788/500
f 1116/790/502 1127/801/513 1115/789/501
f 1117/792/504 1128/802/514 1116/790/502
f 1118/803/515 1129/804/516 1117/792/504
f 1132/805/517 1119/806/518 1120/793/505
f 1133/807/519 1120/793/505 1121/795/507
f 1134/808/520 1121/795/507 1122/796/508
f 1135/809/521 1122/796/508 1123/797/509
f 1136/810/522 1123/797/509 1124/798/510
f 1137/811/523 1124/798/510 1125/799/511
f 1126/800/512 1137/811/523 1125/799/511
f 1127/801/513 1138/812/524 1126/800/512
f 1128/802/514 1139/813/525 1127/801/513
f 1129/804/516 1140/814/526 1128/802/514
f 1130/815/527 1141/816/528 1129/804/516
f 1144/817/529 1131/818/530 1132/805/517
f 1145/819/531 1132/805/517 1133/807/519
f 1146/820/532 1133/807/519 1134/808/520
f 1147/821/533 1134/808/520 1135/809/521
f 1148/822/534 1135/809/521 1136/810/522
f 1149/823/535 1136/810/522 1137/811/523
f 1138/812/524 1149/823/535 1137/811/523
f 1139/813/525 1150/824/536 1138/812/524
f 1140/814/526 1151/825/537 1139/813/525
f 1141/816/528 1152/826/538 1140/814/526
f 1142/827/539 1153/828/540 1141/816/528
f 1156/829/541 1143/830/542 1144/817/529
f 1157/831/543 1144/817/529 1145/819/531
f 1158/832/544 1145/819/531 1146/820/532
f 1159/833/545 1146/820/532 1147/821/533
f 1160/834/546 1147/821/533 1148/822/534
f 1161/835/547 1148/822/534 1149/823/535
f 1150/824/536 1161/835/547 1149/823/535
f 1151/825/537 1162/836/548 1150/824/536
f 1152/826/538 1163/837/549 1151/825/537
f 1153/828/540 1164/838/550 1152/826/538
f 1154/839/551 1165/840/552 1153/828/540
f 1156/829/541 1167/841/553 1155/842/554
f 1157/831/543 1168/843/555 1156/829/541
f 1158/832/544 1169/844/556 1157/831/543
f 1159/833/545 1170/845/557 1158/832/544
f 1160/834/546 1171/846/558 1159/833/545
f 1173/847/559 1160/834/546 1161/835/547
f 1174/848/560 1161/835/547 1162/836/548
f 1175/849/561 1162/836/548 1163/837/549
f 1176/850/562 1163/837/549 1164/838/550
f 1177/851/563 1164/838/550 1165/840/552
f 1178/852/564 1165/840/552 1166/853/565
f 1180/854/566 1167/841/553 1168/843/555
f 1181/855/567 1168/843/555 1169/844/556
f 1182/856/568 1169/844/556 1170/845/557
f 1183/857/569 1170/845/557 1171/846/558
f 1184/858/570 1171/846/558 1172/859/571
f 1185/860/572 1172/859/571 1173/847/559
f 1174/848/560 1185/860/572 1173/847/559
f 1175/849/561 1186/861/573 1174/848/560
f 1176/850/562 1187/862/574 1175/849/561
f 1177/851/563 1188/863/575 1176/850/562
f 1178/852/564 1189/864/576 1177/851/563
f 1192/865/577 1179/866/578 1180/854/566
f 1193/867/579 1180/854/566 1181/855/567
f 1194/868/580 1181/855/567 1182/856/568
f 1195/869/581 1182/856/568 1183/857/569
f 1196/870/582 1183/857/569 1184/858/570
f 1197/871/583 1184/858/570 1185/860/572
f 1186/861/573 1197/871/583 1185/860/572
f 1187/862/574 1198/872/584 1186/861/573
f 1188/863/575 1199/873/585 1187/862/574
f 1189/864/576 1200/874/586 1188/863/575
f 1190/875/587 1201/876/588 1189/864/576
f 1204/877/589 1191/878/590 1192/865/577
f 1205/879/591 1192/865/577 1193/867/579
f 1206/880/592 1193/867/579 1194/868/580
f 1207/881/593 1194/868/580 1195/869/581
f 1208/882/594 1195/869/581 1196/870/582
f 1209/883/595 1196/870/582 1197/871/583
f 1198/872/584 1209/883/595 1197/871/583
f 1199/873/585 1210/884/596 1198/872/584
f 1200/874/586 1211/885/597 1199/873/585
f 1201/876/588 1212/886/598 1200/874/586
f 1202/887/599 1213/888/600 1201/876/588
f 1216/889/601 1203/890/602 1204/877/589
f 1217/891/603 1204/877/589 1205/879/591
f 1218/892/604 1205/879/591 1206/880/592
f 1219/893/605 1206/880/592 1207/881/593
f 1220/894/606 1207/881/593 1208/882/594
f 1221/895/607 1208/882/594 1209/883/595
f 1210/884/596 1221/895/607 1209/883/595
f 1211/885/597 1222/896/608 1210/884/596
f 1212/886/598 1223/897/609 1211/885/597
f 1213/888/600 1224/898/610 1212/886/598
f 1214/899/611 1225/900/612 1213/888/600
f 1228/901/613 1215/902/614 1216/889/601
f 1229/903/615 1216/889/601 1217/891/603
f 1230/904/616 1217/891/603 1218/892/604
f 1231/905/617 1218/892/604 1219/893/605
f 1232/906/618 1219/893/605 1220/894/606
f 1233/907/619 1220/894/606 1221/895/607
f 1222/896/608 1233/907/619 1221/895/607
f 1223/897/609 1234/908/620 1222/896/608
f 1224/898/610 1235/909/621 1223/897/609
f 1225/900/612 1236/910/622 1224/898/610
f 1226/911/623 1237/912/624 1225/900/612
f 1240/913/625 1227/914/626 1228/901/613
f 1241/915/627 1228/901/613 1229/903/615
f 1242/916/628 1229/903/615 1230/904/616
f 1243/917/629 1230/904/616 1231/905/617
f 1244/918/630 1231/905/617 1232/906/618
f 1245/919/631 1232/906/618 1233/907/619
f 1234/908/620 1245/919/631 1233/907/619
f 1235/909/621 1246/920/632 1234/908/620
f 1236/910/622 1247/921/633 1235/909/621
f 1237/912/624 1248/922/634 1236/910/622
f 1238/923/635 1249/924/636 1237/912/624
f 1252/925/637 1239/926/638 1240/913/625
f 1253/927/639 1240/913/625 1241/915/627
f 1254/928/640 1241/915/627 1242/916/628
f 1255/929/641 1242/916/628 1243/917/629
f 1256/930/642 1243/917/629 1244/918/630
f 1257/931/643 1244/918/630 1245/919/631
f 1246/920/632 1257/931/643 1245/919/631
f 1247/921/633 1258/932/644 1246/920/632
f 1248/922/634 1259/933/645 1247/921/633
f 1249/924/636 1260/934/646 1248/922/634
f 1250/935/647 1261/936/648 1249/924/636
f 1264/937/649 1251/938/650 1252/925/637
f 1265/939/651 1252/925/637 1253/927/639
f 1266/940/652 1253/927/639 1254/928/640
f 1267/941/653 1254/928/640 1255/929/641
f 1268/942/654 1255/929/641 1256/930/642
f 1269/943/655 1256/930/642 1257/931/643
f 1258/932/644 1269/943/655 1257/931/643
f 1259/933/645 1270/944/656 1258/932/644
f 1260/934/646 1271/945/657 1259/933/645
f 1261/936/648 1272/946/658 1260/934/646
f 1262/947/659 1273/948/660 1261/936/648
f 1264/937/649 1275/949/661 1263/950/662
f 1265/939/651 1276/951/663 1264/937/649
f 1266/940/652 1277/952/664 1265/939/651
f 1267/941/653 1278/953/665 1266/940/652
f 1280/954/666 1267/941/653 1268/942/654
f 1281/955/667 1268/942/654 1269/943/655
f 1282/956/668 1269/943/655 1270/944/656
f 1283/957/669 1270/944/656 1271/945/657
f 1284/958/670 1271/945/657 1272/946/658
f 1285/959/671 1272/946/658 1273/948/660
f 1286/960/672 1273/948/660 1274/961/673
f 1276/951/663 1287/962/674 1275/949/661
f 1277/952/664 1288/963/675 1276/951/663
f 1278/953/665 1289/964/676 1277/952/664
f 1279/965/677 1290/966/678 1278/953/665
f 1280/954/666 1291/967/679 1279/965/677
f 1293/968/680 1280/954/666 1281/955/667
f 1294/969/681 1281/955/667 1282/956/668
f 1295/970/682 1282/956/668 1283/957/669
f 1296/971/683 1283/957/669 1284/958/670
f 1297/972/684 1284/958/670 1285/959/671
f 1298/973/685 1285/959/671 1286/960/672
f 1288/963/675 1299/974/686 1287/962/674
f 1289/964/676 1300/975/687 1288/963/675
f 1290/966/678 1301/976/688 1289/964/676
f 1291/967/679 1302/977/689 1290/966/678
f 1292/978/690 1303/979/691 1291/967/679
f 1305/980/692 1292/978/690 1293/968/680
f 1306/981/693 1293/968/680 1294/969/681
f 1307/982/694 1294/969/681 1295/970/682
f 1308/983/695 1295/970/682 1296/971/683
f 1309/984/696 1296/971/683 1297/972/684
f 1310/985/697 1297/972/684 1298/973/685
f 1312/986/698 1299/974/686 1300/975/687
f 1313/987/699 1300/975/687 1301/976/688
f 1314/988/700 1301/976/688 1302/977/689
f 1315/989/701 1302/977/689 1303/979/691
f 1316/990/702 1303/979/691 1304/991/703
f 1317/992/704 1304/991/703 1305/980/692
f 1306/981/693 1317/992/704 1305/980/692
f 1307/982/694 1318/993/705 1306/981/693
f 1308/983/695 1319/994/706 1307/982/694
f 1309/984/696 1320/995/707 1308/983/695
f 1310/985/697 1321/996/708 1309/984/696
f 1312/986/698 1323/997/709 1311/998/710
f 1313/987/699 1324/999/711 1312/986/698
f 1314/988/700 1325/1000/712 1313/987/699
f 1315/989/701 1326/1001/713 1314/988/700
f 1316/990/702 1327/1002/714 1315/989/701
f 1329/1003/715 1316/990/702 1317/992/704
f 1330/1004/716 1317/992/704 1318/993/705
f 1331/1005/717 1318/993/705 1319/994/706
f 1332/1006/718 1319/994/706 1320/995/707
f 1333/1007/719 1320/995/707 1321/996/708
f 1334/1008/720 1321/996/708 1322/1009/721
f 1324/999/711 1335/1010/722 1323/997/709
f 1325/1000/712 1336/1011/723 1324/999/711
f 1326/1001/713 1337/1012/724 1325/1000/712
f 1327/1002/714 1338/1013/725 1326/1001/713
f 1328/1014/726 1339/1015/727 1327/1002/714
f 1341/1016/728 1328/1014/726 1329/1003/715
f 1342/1017/729 1329/1003/715 1330/1004/716
f 1343/1018/730 1330/1004/716 1331/1005/717
f 1344/1019/731 1331/1005/717 1332/1006/718
f 1345/1020/732 1332/1006/718 1333/1007/719
f 1346/1021/733 1333/1007/719 1334/1008/720
f 1336/1011/723 1347/1022/734 1335/1010/722
f 1337/1012/724 1348/1023/735 1336/1011/723
f 1338/1013/725 1349/1024/736 1337/1012/724
f 1339/1015/727 1350/1025/737 1338/1013/725
f 1340/1026/738 1351/1027/739 1339/1015/727
f 1353/1028/740 1340/1026/738 1341/1016/728
f 1354/1029/741 1341/1016/728 1342/1017/729
f 1355/1030/742 1342/1017/729 1343/1018/730
f 1356/1031/743 1343/1018/730 1344/1019/731
f 1357/1032/744 1344/1019/731 1345/1020/732
f 1358/1033/745 1345/1020/732 1346/1021/733
f 1360/303/746 1347/1022/734 1348/1023/735
f 1361/304/747 1348/1023/735 1349/1024/736
f 1362/305/748 1349/1024/736 1350/1025/737
f 1363/307/749 1350/1025/737 1351/1027/739
f 1364/320/750 1351/1027/739 1352/1034/751
f 1365/308/752 1352/1034/751 1353/1028/740
f 1354/1029/741 1365/308/752 1353/1028/740
f 1355/1030/742 1366/309/753 1354/1029/741
f 1356/1031/743 1367/310/754 1355/1030/742
f 1357/1032/744 1368/311/755 1356/1031/743
f 1358/1033/745 1369/313/756 1357/1032/744
f 1372/1035/757 1359/101/758 1360/303/746
f 1373/1036/759 1360/303/746 1361/304/747
f 1374/1037/760 1361/304/747 1362/305/748
f 1375/1038/761 1362/305/748 1363/307/749
f 1376/1039/762 1363/307/749 1364/320/750
f 1377/1040/763 1364/320/750 1365/308/752
f 1366/309/753 1377/1040/763 1365/308/752
f 1367/310/754 1378/1041/764 1366/309/753
f 1368/311/755 1379/1042/765 1367/310/754
f 1369/313/756 1380/1043/766 1368/311/755
f 1370/314/767 1381/1044/768 1369/313/756
f 1384/1045/769 1371/1046/770 1372/1035/757
f 1385/1047/771 1372/1035/757 1373/1036/759
f 1386/1048/772 1373/1036/759 1374/1037/760
f 1387/1049/773 1374/1037/760 1375/1038/761
f 1388/1050/774 1375/1038/761 1376/1039/762
f 1389/1051/775 1376/1039/762 1377/1040/763
f 1378/1041/764 1389/1051/775 1377/1040/763
f 1379/1042/765 1390/1052/776 1378/1041/764
f 1380/1043/766 1391/1053/777 1379/1042/765
f 1381/1044/768 1392/1054/778 1380/1043/766
f 1382/1055/779 1393/1056/780 1381/1044/768
f 1396/1057/781 1383/1058/782 1384/1045/769
f 1397/1059/783 1384/1045/769 1385/1047/771
f 1398/1060/784 1385/1047/771 1386/1048/772
f 1399/1061/785 1386/1048/772 1387/1049/773
f 1400/1062/786 1387/1049/773 1388/1050/774
f 1401/1063/787 1388/1050/774 1389/1051/775
f 1390/1052/776 1401/1063/787 1389/1051/775
f 1391/1053/777 1402/1064/788 1390/1052/776
f 1392/1054/778 1403/1065/789 1391/1053/777
f 1393/1056/780 1404/1066/790 1392/1054/778
f 1394/1067/791 1405/1068/792 1393/1056/780
f 1408/1069/793 1395/1070/794 1396/1057/781
f 1409/1071/795 1396/1057/781 1397/1059/783
f 1410/1072/796 1397/1059/783 1398/1060/784
f 1411/1073/797 1398/1060/784 1399/1061/785
f 1412/1074/798 1399/1061/785 1400/1062/786
f 1413/1075/799 1400/1062/786 1401/1063/787
f 1402/1064/788 1413/1075/799 1401/1063/787
f 1403/1065/789 1414/1076/800 1402/1064/788
f 1404/1066/790 1415/1077/801 1403/1065/789
f 1405/1068/792 1416/1078/802 1404/1066/790
f 1406/1079/803 1417/1080/804 1405/1068/792
f 1420/1081/805 1407/1082/806 1408/1069/793
f 1421/1083/807 1408/1069/793 1409/1071/795
f 1422/1084/808 1409/1071/795 1410/1072/796
f 1423/1085/809 1410/1072/796 1411/1073/797
f 1424/1086/810 1411/1073/797 1412/1074/798
f 1425/1087/811 1412/1074/798 1413/1075/799
f 1414/1076/800 1425/1087/811 1413/1075/799
f 1415/1077/801 1426/1088/812 1414/1076/800
f 1416/1078/802 1427/1089/813 1415/1077/801
f 1417/1080/804 1428/1090/814 1416/1078/802
f 1418/1091/815 1429/1092/816 1417/1080/804
f 1432/1093/817 1419/1094/818 1420/1081/805
f 1433/1095/819 1420/1081/805 1421/1083/807
f 1434/1096/820 1421/1083/807 1422/1084/808
f 1435/1097/821 1422/1084/808 1423/1085/809
f 1436/1098/822 1423/1085/809 1424/1086/810
f 1437/1099/823 1424/1086/810 1425/1087/811
f 1426/1088/812 1437/1099/823 1425/1087/811
f 1427/1089/813 1438/1100/824 1426/1088/812
f 1428/1090/814 1439/1101/825 1427/1089/813
f 1429/1092/816 1440/1102/826 1428/1090/814
f 1430/1103/827 1441/1104/828 1429/1092/816
f 1432/1093/817 1443/1105/829 1431/1106/830
f 1433/1095/819 1444/1107/831 1432/1093/817
f 1434/1096/820 1445/1108/832 1433/1095/819
f 1435/1097/821 1446/1109/833 1434/1096/820
f 1436/1098/822 1447/1110/834 1435/1097/821
f 1449/1111/835 1436/1098/822 1437/1099/823
f 1450/1112/836 1437/1099/823 1438/1100/824
f 1451/1113/837 1438/1100/824 1439/1101/825
f 1452/1114/838 1439/1101/825 1440/1102/826
f 1453/1115/839 1440/1102/826 1441/1104/828
f 1454/1116/840 1441/1104/828 1442/1117/841
f 1456/1118/842 1443/1105/829 1444/1107/831
f 1457/1119/843 1444/1107/831 1445/1108/832
f 1458/1120/844 1445/1108/832 1446/1109/833
f 1459/1121/845 1446/1109/833 1447/1110/834
f 1460/1122/846 1447/1110/834 1448/1123/847
f 1461/1124/848 1448/1123/847 1449/1111/835
f 1450/1112/836 1461/1124/848 1449/1111/835
f 1451/1113/837 1462/1125/849 1450/1112/836
f 1452/1114/838 1463/1126/850 1451/1113/837
f 1453/1115/839 1464/1127/851 1452/1114/838
f 1454/1116/840 1465/1128/852 1453/1115/839
f 1456/1118/842 1467/1129/853 1455/1130/854
f 1457/1119/843 1468/1131/855 1456/1118/842
f 1458/1120/844 1469/1132/856 1457/1119/843
f 1459/1121/845 1470/1133/857 1458/1120/844
f 1460/1122/846 1471/1134/858 1459/1121/845
f 1473/1135/859 1460/1122/846 1461/1124/848
f 1474/1136/860 1461/1124/848 1462/1125/849
f 1475/1137/861 1462/1125/849 1463/1126/850
f 1476/1138/862 1463/1126/850 1464/1127/851
f 1477/1139/863 1464/1127/851 1465/1128/852
f 1478/1140/864 1465/1128/852 1466/1141/865
f 1468/1131/855 1479/1142/866 1467/1129/853
f 1469/1132/856 1480/1143/867 1468/1131/855
f 1470/1133/857 1481/1144/868 1469/1132/856
f 1471/1134/858 1482/1145/869 1470/1133/857
f 1472/1146/870 1483/1147/871 1471/1134/858
f 1485/1148/872 1472/1146/870 1473/1135/859
f 1486/1149/873 1473/1135/859 1474/1136/860
f 1487/1150/874 1474/1136/860 1475/1137/861
f 1488/1151/875 1475/1137/861 1476/1138/862
f 1489/1152/876 1476/1138/862 1477/1139/863
f 1490/1153/877 1477/1139/863 1478/1140/864
f 1480/1143/867 1491/1154/878 1479/1142/866
f 1481/1144/868 1492/1155/879 1480/1143/867
f 1482/1145/869 1493/1156/880 1481/1144/868
f 1483/1147/871 1494/1157/881 1482/1145/869
f 1484/1158/882 1495/1159/883 1483/1147/871
f 1497/1160/884 1484/1158/882 1485/1148/872
f 1498/1161/885 1485/1148/872 1486/1149/873
f 1499/1162/886 1486/1149/873 1487/1150/874
f 1500/1163/887 1487/1150/874 1488/1151/875
f 1501/1164/888 1488/1151/875 1489/1152/876
f 1502/1165/889 1489/1152/876 1490/1153/877
f 1492/1155/879 1503/1166/890 1491/1154/878
f 1493/1156/880 1504/1167/891 1492/1155/879
f 1494/1157/881 1505/1168/892 1493/1156/880
f 1495/1159/883 1506/1169/893 1494/1157/881
f 1496/1170/894 1507/1171/895 1495/1159/883
f 1509/1172/896 1496/1170/894 1497/1160/884
f 1510/1173/897 1497/1160/884 1498/1161/885
f 1511/1174/898 1498/1161/885 1499/1162/886
f 1512/1175/899 1499/1162/886 1500/1163/887
f 1513/1176/900 1500/1163/887 1501/1164/888
f 1514/1177/901 1501/1164/888 1502/1165/889
f 1504/1167/891 1515/1178/902 1503/1166/890
f 1505/1168/892 1516/1179/903 1504/1167/891
f 1506/1169/893 1517/1180/904 1505/1168/892
f 1507/1171/895 1518/1181/905 1506/1169/893
f 1508/1182/906 1519/1183/907 1507/1171/895
f 1521/1184/908 1508/1182/906 1509/1172/896
f 1522/1185/909 1509/1172/896 1510/1173/897
f 1523/1186/910 1510/1173/897 1511/1174/898
f 1524/1187/911 1511/1174/898 1512/1175/899
f 1525/1188/912 1512/1175/899 1513/1176/900
f 1526/1189/913 1513/1176/900 1514/1177/901
f 1516/1179/903 1527/1190/914 1515/1178/902
f 1517/1180/904 1528/1191/915 1516/1179/903
f 1518/1181/905 1529/1192/916 1517/1180/904
f 1519/1183/907 1530/1193/917 1518/1181/905
f 1520/1194/918 1531/1195/919 1519/1183/907
f 1533/1196/920 1520/1194/918 1521/1184/908
f 1534/1197/921 1521/1184/908 1522/1185/909
f 1535/1198/922 1522/1185/909 1523/1186/910
f 1536/1199/923 1523/1186/910 1524/1187/911
f 1537/1200/924 1524/1187/911 1525/1188/912
f 1538/1201/925 1525/1188/912 1526/1189/913
f 1528/1191/915 1539/1202/926 1527/1190/914
f 1529/1192/916 1540/1203/927 1528/1191/915
f 1530/1193/917 1541/1204/928 1529/1192/916
f 1531/1195/919 1542/1205/929 1530/1193/917
f 1532/1206/930 1543/1207/931 1531/1195/919
f 1545/1208/932 1532/1206/930 1533/1196/920
f 1546/1209/933 1533/1196/920 1534/1197/921
f 1547/1210/934 1534/1197/921 1535/1198/922
f 1548/1211/935 1535/1198/922 1536/1199/923
f 1549/1212/936 1536/1199/923 1537/1200/924
f 1550/1213/937 1537/1200/924 1538/1201/925
f 1540/1203/927 1551/1214/938 1539/1202/926
f 1541/1204/928 1552/1215/939 1540/1203/927
f 1542/1205/929 1553/1216/940 1541/1204/928
f 1543/1207/931 1554/1217/941 1542/1205/929
f 1544/1218/942 1555/1219/943 1543/1207/931
f 1557/1220/944 1544/1218/942 1545/1208/932
f 1558/1221/945 1545/1208/932 1546/1209/933
f 1559/1222/946 1546/1209/933 1547/1210/934
f 1560/1223/947 1547/1210/934 1548/1211/935
f 1561/1224/948 1548/1211/935 1549/1212/936
f 1562/1225/949 1549/1212/936 1550/1213/937
f 1552/1215/939 1563/1226/950 1551/1214/938
f 1553/1216/940 1564/1227/951 1552/1215/939
f 1554/1217/941 1565/1228/952 1553/1216/940
f 1555/1219/943 1566/1229/953 1554/1217/941
f 1556/1230/954 1567/1231/955 1555/1219/943
f 1569/1232/956 1556/1230/954 1557/1220/944
f 1570/1233/957 1557/1220/944 1558/1221/945
f 1571/1234/958 1558/1221/945 1559/1222/946
f 1572/1235/959 1559/1222/946 1560/1223/947
f 1573/1236/960 1560/1223/947 1561/1224/948
f 1574/1237/961 1561/1224/948 1562/1225/949
f 1576/1238/962 1563/1226/950 1564/1227/951
f 1577/1239/963 1564/1227/951 1565/1228/952
f 1578/1240/964 1565/1228/952 1566/1229/953
f 1579/1241/965 1566/1229/953 1567/1231/955
f 1580/1242/966 1567/1231/955 1568/1243/967
f 1581/1244/968 1568/1243/967 1569/1232/956
f 1570/1233/957 1581/1244/968 1569/1232/956
f 1571/1234/958 1582/1245/969 1570/1233/957
f 1572/1235/959 1583/1246/970 1571/1234/958
f 1573/1236/960 1584/1247/971 1572/1235/959
f 1574/1237/961 1585/1248/972 1573/1236/960
f 1588/1249/973 1575/1250/974 1576/1238/962
f 1589/1251/975 1576/1238/962 1577/1239/963
f 1590/1252/976 1577/1239/963 1578/1240/964
f 1591/1253/977 1578/1240/964 1579/1241/965
f 1592/1254/978 1579/1241/965 1580/1242/966
f 1593/1255/979 1580/1242/966 1581/1244/968
f 1582/1245/969 1593/1255/979 1581/1244/968
f 1583/1246/970 1594/1256/980 1582/1245/969
f 1584/1247/971 1595/1257/981 1583/1246/970
f 1585/1248/972 1596/1258/982 1584/1247/971
f 1586/1259/983 1597/1260/984 1585/1248/972
f 1600/1261/985 1587/1262/986 1588/1249/973
f 1601/1263/987 1588/1249/973 1589/1251/975
f 1602/1264/988 1589/1251/975 1590/1252/976
f 1603/1265/989 1590/1252/976 1591/1253/977
f 1604/1266/990 1591/1253/977 1592/1254/978
f 1605/1267/991 1592/1254/978 1593/1255/979
f 1594/1256/980 1605/1267/991 1593/1255/979
f 1595/1257/981 1606/1268/992 1594/1256/980
f 1596/1258/982 1607/1269/993 1595/1257/981
f 1597/1260/984 1608/1270/994 1596/1258/982
f 1598/1271/995 1609/1272/996 1597/1260/984
f 1612/1273/997 1599/1274/998 1600/1261/985
f 1613/1275/999 1600/1261/985 1601/1263/987
f 1614/1276/1000 1601/1263/987 1602/1264/988
f 1615/1277/1001 1602/1264/988 1603/1265/989
f 1616/1278/1002 1603/1265/989 1604/1266/990
f 1617/1279/1003 1604/1266/990 1605/1267/991
f 1606/1268/992 1617/1279/1003 1605/1267/991
f 1607/1269/993 1618/1280/1004 1606/1268/992
f 1608/1270/994 1619/1281/1005 1607/1269/993
f 1609/1272/996 1620/1282/1006 1608/1270/994
f 1610/1283/1007 1621/1284/1008 1609/1272/996
f 1624/1285/1009 1611/1286/1010 1612/1273/997
f 1625/1287/1011 1612/1273/997 1613/1275/999
f 1626/1288/1012 1613/1275/999 1614/1276/1000
f 1627/1289/1013 1614/1276/1000 1615/1277/1001
f 1628/1290/1014 1615/1277/1001 1616/1278/1002
f 1629/1291/1015 1616/1278/1002 1617/1279/1003
f 1618/1280/1004 1629/1291/1015 1617/1279/1003
f 1619/1281/1005 1630/1292/1016 1618/1280/1004
f 1620/1282/1006 1631/1293/1017 1619/1281/1005
f 1621/1284/1008 1632/1294/1018 1620/1282/1006
f 1622/1295/1019 1633/1296/1020 1621/1284/1008
f 1636/1297/1021 1623/1298/1022 1624/1285/1009
f 1637/1299/1023 1624/1285/1009 1625/1287/1011
f 1638/1300/1024 1625/1287/1011 1626/1288/1012
f 1639/1301/1025 1626/1288/1012 1627/1289/1013
f 1640/1302/1026 1627/1289/1013 1628/1290/1014
f 1641/1303/1027 1628/1290/1014 1629/1291/1015
f 1630/1292/1016 1641/1303/1027 1629/1291/1015
f 1631/1293/1017 1642/1304/1028 1630/1292/1016
f 1632/1294/1018 1643/1305/1029 1631/1293/1017
f 1633/1296/1020 1644/1306/1030 1632/1294/1018
f 1634/1307/1031 1645/1308/1032 1633/1296/1020
f 1648/1309/1033 1635/1310/1034 1636/1297/1021
f 1649/1311/1035 1636/1297/1021 1637/1299/1023
f 1650/1312/1036 1637/1299/1023 1638/1300/1024
f 1651/1313/1037 1638/1300/1024 1639/1301/1025
f 1652/1314/1038 1639/1301/1025 1640/1302/1026
f 1653/1315/1039 1640/1302/1026 1641/1303/1027
f 1642/1304/1028 1653/1315/1039 1641/1303/1027
f 1643/1305/1029 1654/1316/1040 1642/1304/1028
f 1644/1306/1030 1655/1317/1041 1643/1305/1029
f 1645/1308/1032 1656/1318/1042 1644/1306/1030
f 1646/1319/1043 1657/1320/1044 1645/1308/1032
f 1660/1321/1045 1647/1322/1046 1648/1309/1033
f 1661/1323/1047 1648/1309/1033 1649/1311/1035
f 1662/1324/1048 1649/1311/1035 1650/1312/1036
f 1663/1325/1049 1650/1312/1036 1651/1313/1037
f 1664/1326/1050 1651/1313/1037 1652/1314/1038
f 1665/1327/1051 1652/1314/1038 1653/1315/1039
f 1654/1316/1040 1665/1327/1051 1653/1315/1039
f 1655/1317/1041 1666/1328/1052 1654/1316/1040
f 1656/1318/1042 1667/1329/1053 1655/1317/1041
f 1657/1320/1044 1668/1330/1054 1656/1318/1042
f 1658/1331/1055 1669/1332/1056 1657/1320/1044
f 1672/1333/1057 1659/1334/1058 1660/1321/1045
f 1673/1335/1059 1660/1321/1045 1661/1323/1047
f 1674/1336/1060 1661/1323/1047 1662/1324/1048
f 1675/1337/1061 1662/1324/1048 1663/1325/1049
f 1676/1338/1062 1663/1325/1049 1664/1326/1050
f 1677/1339/1063 1664/1326/1050 1665/1327/1051
f 1666/1328/1052 1677/1339/1063 1665/1327/1051
f 1667/1329/1053 1678/1340/1064 1666/1328/1052
f 1668/1330/1054 1679/1341/1065 1667/1329/1053
f 1669/1332/1056 1680/1342/1066 1668/1330/1054
f 1670/1343/1067 1681/1344/1068 1669/1332/1056
f 1684/1345/1069 1671/1346/1070 1672/1333/1057
f 1685/1347/1071 1672/1333/1057 1673/1335/1059
f 1686/1348/1072 1673/1335/1059 1674/1336/1060
f 1687/1349/1073 1674/1336/1060 1675/1337/1061
f 1688/1350/1074 1675/1337/1061 1676/1338/1062
f 1689/1351/1075 1676/1338/1062 1677/1339/1063
f 1678/1340/1064 1689/1351/1075 1677/1339/1063
f 1679/1341/1065 1690/1352/1076 1678/1340/1064
f 1680/1342/1066 1691/1353/1077 1679/1341/1065
f 1681/1344/1068 1692/1354/1078 1680/1342/1066
f 1682/1355/1079 1693/1356/1080 1681/1344/1068
f 1696/1357/1081 1683/1358/1082 1684/1345/1069
f 1697/1359/1083 1684/1345/1069 1685/1347/1071
f 1698/1360/1084 1685/1347/1071 1686/1348/1072
f 1699/1361/1085 1686/1348/1072 1687/1349/1073
f 1700/1362/1086 1687/1349/1073 1688/1350/1074
f 1701/1363/1087 1688/1350/1074 1689/1351/1075
f 1690/1352/1076 1701/1363/1087 1689/1351/1075
f 1691/1353/1077 1702/1364/1088 1690/1352/1076
f 1692/1354/1078 1703/1365/1089 1691/1353/1077
f 1693/1356/1080 1704/1366/1090 1692/1354/1078
f 1694/1367/1091 1705/1368/1092 1693/1356/1080
f 1708/327/1093 1695/1369/1094 1696/1357/1081
f 1709/329/1095 1696/1357/1081 1697/1359/1083
f 1710/330/1096 1697/1359/1083 1698/1360/1084
f 1711/341/1097 1698/1360/1084 1699/1361/1085
f 1700/1362/1086 1711/341/1097 1699/1361/1085
f 1713/332/1098 1700/1362/1086 1701/1363/1087
f 1702/1364/1088 1713/332/1098 1701/1363/1087
f 1703/1365/1089 1714/345/1099 1702/1364/1088
f 1704/1366/1090 1715/333/1100 1703/1365/1089
f 1705/1368/1092 1716/348/1101 1704/1366/1090
f 1706/1370/1102 1717/334/1103 1705/1368/1092
f 1708/327/1093 1719/1371/1104 1707/337/1105
f 1709/329/1095 1720/1372/1106 1708/327/1093
f 1710/330/1096 1721/1373/1107 1709/329/1095
f 1711/341/1097 1722/1374/1108 1710/330/1096
f 1712/331/1109 1723/1375/1110 1711/341/1097
f 1725/1376/1111 1712/331/1109 1713/332/1098
f 1726/1377/1112 1713/332/1098 1714/345/1099
f 1727/1378/1113 1714/345/1099 1715/333/1100
f 1728/1379/1114 1715/333/1100 1716/348/1101
f 1729/1380/1115 1716/348/1101 1717/334/1103
f 1730/1381/1116 1717/334/1103 1718/335/1117
f 1732/1382/1118 1719/1371/1104 1720/1372/1106
f 1733/1383/1119 1720/1372/1106 1721/1373/1107
f 1734/1384/1120 1721/1373/1107 1722/1374/1108
f 1735/1385/1121 1722/1374/1108 1723/1375/1110
f 1736/1386/1122 1723/1375/1110 1724/1387/1123
f 1737/1388/1124 1724/1387/1123 1725/1376/1111
f 1726/1377/1112 1737/1388/1124 1725/1376/1111
f 1727/1378/1113 1738/1389/1125 1726/1377/1112
f 1728/1379/1114 1739/1390/1126 1727/1378/1113
f 1729/1380/1115 1740/1391/1127 1728/1379/1114
f 1730/1381/1116 1741/1392/1128 1729/1380/1115
f 1744/1393/1129 1731/1394/1130 1732/1382/1118
f 1745/1395/1131 1732/1382/1118 1733/1383/1119
f 1746/1396/1132 1733/1383/1119 1734/1384/1120
f 1747/1397/1133 1734/1384/1120 1735/1385/1121
f 1748/1398/1134 1735/1385/1121 1736/1386/1122
f 1749/1399/1135 1736/1386/1122 1737/1388/1124
f 1738/1389/1125 1749/1399/1135 1737/1388/1124
f 1739/1390/1126 1750/1400/1136 1738/1389/1125
f 1740/1391/1127 1751/1401/1137 1739/1390/1126
f 1741/1392/1128 1752/1402/1138 1740/1391/1127
f 1742/1403/1139 1753/1404/1140 1741/1392/1128
f 1744/1393/1129 1755/1405/1141 1743/1406/1142
f 1745/1395/1131 1756/1407/1143 1744/1393/1129
f 1746/1396/1132 1757/1408/1144 1745/1395/1131
f 1747/1397/1133 1758/1409/1145 1746/1396/1132
f 1748/1398/1134 1759/1410/1146 1747/1397/1133
f 1761/1411/1147 1748/1398/1134 1749/1399/1135
f 1762/1412/1148 1749/1399/1135 1750/1400/1136
f 1763/1413/1149 1750/1400/1136 1751/1401/1137
f 1764/1414/1150 1751/1401/1137 1752/1402/1138
f 1765/1415/1151 1752/1402/1138 1753/1404/1140
f 1766/1416/1152 1753/1404/1140 1754/1417/1153
f 1756/1407/1143 1767/1418/1154 1755/1405/1141
f 1757/1408/1144 1768/1419/1155 1756/1407/1143
f 1758/1409/1145 1769/1420/1156 1757/1408/1144
f 1759/1410/1146 1770/1421/1157 1758/1409/1145
f 1760/1422/1158 1771/1423/1159 1759/1410/1146
f 1773/1424/1160 1760/1422/1158 1761/1411/1147
f 1774/1425/1161 1761/1411/1147 1762/1412/1148
f 1775/1426/1162 1762/1412/1148 1763/1413/1149
f 1776/1427/1163 1763/1413/1149 1764/1414/1150
f 1777/1428/1164 1764/1414/1150 1765/1415/1151
f 1778/1429/1165 1765/1415/1151 1766/1416/1152
f 1768/1419/1155 1779/1430/1166 1767/1418/1154
f 1769/1420/1156 1780/1431/1167 1768/1419/1155
f 1770/1421/1157 1781/1432/1168 1769/1420/1156
f 1771/1423/1159 1782/1433/1169 1770/1421/1157
f 1772/1434/1170 1783/1435/1171 1771/1423/1159
f 1785/1436/1172 1772/1434/1170 1773/1424/1160
f 1786/1437/1173 1773/1424/1160 1774/1425/1161
f 1787/1438/1174 1774/1425/1161 1775/1426/1162
f 1788/1439/1175 1775/1426/1162 1776/1427/1163
f 1789/1440/1176 1776/1427/1163 1777/1428/1164
f 1790/1441/1177 1777/1428/1164 1778/1429/1165
f 1780/1431/1167 1791/1442/1178 1779/1430/1166
f 1781/1432/1168 1792/1443/1179 1780/1431/1167
f 1782/1433/1169 1793/1444/1180 1781/1432/1168
f 1783/1435/1171 1794/1445/1181 1782/1433/1169
f 1784/1446/1182 1795/1447/1183 1783/1435/1171
f 1797/1448/1184 1784/1446/1182 1785/1436/1172
f 1798/1449/1185 1785/1436/1172 1786/1437/1173
f 1799/1450/1186 1786/1437/1173 1787/1438/1174
f 1800/1451/1187 1787/1438/1174 1788/1439/1175
f 1801/1452/1188 1788/1439/1175 1789/1440/1176
f 1802/1453/1189 1789/1440/1176 1790/1441/1177
f 1792/1443/1179 1803/1454/1190 1791/1442/1178
f 1793/1444/1180 1804/1455/1191 1792/1443/1179
f 1794/1445/1181 1805/1456/1192 1793/1444/1180
f 1795/1447/1183 1806/1457/1193 1794/1445/1181
f 1796/1458/1194 1807/1459/1195 1795/1447/1183
f 1809/1460/1196 1796/1458/1194 1797/1448/1184
f 1810/1461/1197 1797/1448/1184 1798/1449/1185
f 1811/1462/1198 1798/1449/1185 1799/1450/1186
f 1812/1463/1199 1799/1450/1186 1800/1451/1187
f 1813/1464/1200 1800/1451/1187 1801/1452/1188
f 1814/1465/1201 1801/1452/1188 1802/1453/1189
f 1804/1455/1191 1815/1466/1202 1803/1454/1190
f 1805/1456/1192 1816/1467/1203 1804/1455/1191
f 1806/1457/1193 1817/1468/1204 1805/1456/1192
f 1807/1459/1195 1818/1469/1205 1806/1457/1193
f 1808/1470/1206 1819/1471/1207 1807/1459/1195
f 1821/1472/1208 1808/1470/1206 1809/1460/1196
f 1822/1473/1209 1809/1460/1196 1810/1461/1197
f 1823/1474/1210 1810/1461/1197 1811/1462/1198
f 1824/1475/1211 1811/1462/1198 1812/1463/1199
f 1825/1476/1212 1812/1463/1199 1813/1464/1200
f 1826/1477/1213 1813/1464/1200 1814/1465/1201
f 1816/1467/1203 1827/1478/1214 1815/1466/1202
f 1817/1468/1204 1828/1479/1215 1816/1467/1203
f 1818/1469/1205 1829/1480/1216 1817/1468/1204
f 1819/1471/1207 1830/1481/1217 1818/1469/1205
f 1820/1482/1218 1831/1483/1219 1819/1471/1207
f 1833/1484/1220 1820/1482/1218 1821/1472/1208
f 1834/1485/1221 1821/1472/1208 1822/1473/1209
f 1835/1486/1222 1822/1473/1209 1823/1474/1210
f 1836/1487/1223 1823/1474/1210 1824/1475/1211
f 1837/1488/1224 1824/1475/1211 1825/1476/1212
f 1838/1489/1225 1825/1476/1212 1826/1477/1213
f 1828/1479/1215 1839/1490/1226 1827/1478/1214
f 1829/1480/1216 1840/1491/1227 1828/1479/1215
f 1830/1481/1217 1841/1492/1228 1829/1480/1216
f 1831/1483/1219 1842/1493/1229 1830/1481/1217
f 1832/1494/1230 1843/1495/1231 1831/1483/1219
f 1845/1496/1232 1832/1494/1230 1833/1484/1220
f 1846/1497/1233 1833/1484/1220 1834/1485/1221
f 1847/1498/1234 1834/1485/1221 1835/1486/1222
f 1848/1499/1235 1835/1486/1222 1836/1487/1223
f 1849/1500/1236 1836/1487/1223 1837/1488/1224
f 1850/1501/1237 1837/1488/1224 1838/1489/1225
f 1840/1491/1227 1851/1502/1238 1839/1490/1226
f 1841/1492/1228 1852/1503/1239 1840/1491/1227
f 1842/1493/1229 1853/1504/1240 1841/1492/1228
f 1843/1495/1231 1854/1505/1241 1842/1493/1229
f 1844/1506/1242 1855/1507/1243 1843/1495/1231
f 1857/1508/1244 1844/1506/1242 1845/1496/1232
f 1858/1509/1245 1845/1496/1232 1846/1497/1233
f 1859/1510/1246 1846/1497/1233 1847/1498/1234
f 1860/1511/1247 1847/1498/1234 1848/1499/1235
f 1861/1512/1248 1848/1499/1235 1849/1500/1236
f 1862/1513/1249 1849/1500/1236 1850/1501/1237
f 1852/1503/1239 1863/1514/1250 1851/1502/1238
f 1853/1504/1240 1864/1515/1251 1852/1503/1239
f 1854/1505/1241 1865/1516/1252 1853/1504/1240
f 1855/1507/1243 1866/1517/1253 1854/1505/1241
f 1856/1518/1254 1867/1519/1255 1855/1507/1243
f 1869/1520/1256 1856/1518/1254 1857/1508/1244
f 1870/1521/1257 1857/1508/1244 1858/1509/1245
f 1871/1522/1258 1858/1509/1245 1859/1510/1246
f 1872/1523/1259 1859/1510/1246 1860/1511/1247
f 1873/1524/1260 1860/1511/1247 1861/1512/1248
f 1874/1525/1261 1861/1512/1248 1862/1513/1249
f 1876/1526/1262 1863/1514/1250 1864/1515/1251
f 1877/1527/1263 1864/1515/1251 1865/1516/1252
f 1878/1528/1264 1865/1516/1252 1866/1517/1253
f 1879/1529/1265 1866/1517/1253 1867/1519/1255
f 1880/1530/1266 1867/1519/1255 1868/1531/1267
f 1881/1532/1268 1868/1531/1267 1869/1520/1256
f 1870/1521/1257 1881/1532/1268 1869/1520/1256
f 1871/1522/1258 1882/1533/1269 1870/1521/1257
f 1872/1523/1259 1883/1534/1270 1871/1522/1258
f 1873/1524/1260 1884/1535/1271 1872/1523/1259
f 1874/1525/1261 1885/1536/1272 1873/1524/1260
f 1876/1526/1262 1887/1537/1273 1875/1538/1274
f 1877/1527/1263 1888/1539/1275 1876/1526/1262
f 1878/1528/1264 1889/1540/1276 1877/1527/1263
f 1879/1529/1265 1890/1541/1277 1878/1528/1264
f 1880/1530/1266 1891/1542/1278 1879/1529/1265
f 1893/1543/1279 1880/1530/1266 1881/1532/1268
f 1894/1544/1280 1881/1532/1268 1882/1533/1269
f 1895/1545/1281 1882/1533/1269 1883/1534/1270
f 1896/1546/1282 1883/1534/1270 1884/1535/1271
f 1897/1547/1283 1884/1535/1271 1885/1536/1272
f 1898/1548/1284 1885/1536/1272 1886/1549/1285
f 1900/1550/1286 1887/1537/1273 1888/1539/1275
f 1901/1551/1287 1888/1539/1275 1889/1540/1276
f 1902/1552/1288 1889/1540/1276 1890/1541/1277
f 1903/1553/1289 1890/1541/1277 1891/1542/1278
f 1904/1554/1290 1891/1542/1278 1892/1555/1291
f 1905/1556/1292 1892/1555/1291 1893/1543/1279
f 1894/1544/1280 1905/1556/1292 1893/1543/1279
f 1895/1545/1281 1906/1557/1293 1894/1544/1280
f 1896/1546/1282 1907/1558/1294 1895/1545/1281
f 1897/1547/1283 1908/1559/1295 1896/1546/1282
f 1898/1548/1284 1909/1560/1296 1897/1547/1283
f 1900/1550/1286 1911/1561/1297 1899/1562/1298
f 1901/1551/1287 1912/1563/1299 1900/1550/1286
f 1902/1552/1288 1913/1564/1300 1901/1551/1287
f 1903/1553/1289 1914/1565/1301 1902/1552/1288
f 1904/1554/1290 1915/1566/1302 1903/1553/1289
f 1917/1567/1303 1904/1554/1290 1905/1556/1292
f 1918/1568/1304 1905/1556/1292 1906/1557/1293
f 1919/1569/1305 1906/1557/1293 1907/1558/1294
f 1920/1570/1306 1907/1558/1294 1908/1559/1295
f 1921/1571/1307 1908/1559/1295 1909/1560/1296
f 1922/1572/1308 1909/1560/1296 1910/1573/1309
f 1912/1563/1299 1923/1574/1310 1911/1561/1297
f 1913/1564/1300 1924/1575/1311 1912/1563/1299
f 1914/1565/1301 1925/1576/1312 1913/1564/1300
f 1915/1566/1302 1926/1577/1313 1914/1565/1301
f 1916/1578/1314 1927/1579/1315 1915/1566/1302
f 1929/1580/1316 1916/1578/1314 1917/1567/1303
f 1930/1581/1317 1917/1567/1303 1918/1568/1304
f 1931/1582/1318 1918/1568/1304 1919/1569/1305
f 1932/1583/1319 1919/1569/1305 1920/1570/1306
f 1933/1584/1320 1920/1570/1306 1921/1571/1307
f 1934/1585/1321 1921/1571/1307 1922/1572/1308
f 1924/1575/1311 1935/1586/1322 1923/1574/1310
f 1925/1576/1312 1936/1587/1323 1924/1575/1311
f 1926/1577/1313 1937/1588/1324 1925/1576/1312
f 1927/1579/1315 1938/1589/1325 1926/1577/1313
f 1928/1590/1326 1939/1591/1327 1927/1579/1315
f 1941/1592/1328 1928/1590/1326 1929/1580/1316
f 1942/1593/1329 1929/1580/1316 1930/1581/1317
f 1943/1594/1330 1930/1581/1317 1931/1582/1318
f 1944/1595/1331 1931/1582/1318 1932/1583/1319
f 1945/1596/1332 1932/1583/1319 1933/1584/1320
f 1946/1597/1333 1933/1584/1320 1934/1585/1321
f 1936/1587/1323 1947/1598/1334 1935/1586/1322
f 1937/1588/1324 1948/1599/1335 1936/1587/1323
f 1938/1589/1325 1949/1600/1336 1937/1588/1324
f 1939/1591/1327 1950/1601/1337 1938/1589/1325
f 1940/1602/1338 1951/1603/1339 1939/1591/1327
f 1953/1604/1340 1940/1602/1338 1941/1592/1328
f 1954/1605/1341 1941/1592/1328 1942/1593/1329
f 1955/1606/1342 1942/1593/1329 1943/1594/1330
f 1956/1607/1343 1943/1594/1330 1944/1595/1331
f 1957/1608/1344 1944/1595/1331 1945/1596/1332
f 1958/1609/1345 1945/1596/1332 1946/1597/1333
f 1948/1599/1335 1959/1610/1346 1947/1598/1334
f 1949/1600/1336 1960/1611/1347 1948/1599/1335
f 1950/1601/1337 1961/1612/1348 1949/1600/1336
f 1951/1603/1339 1962/1613/1349 1950/1601/1337
f 1952/1614/1350 1963/1615/1351 1951/1603/1339
f 1965/1616/1352 1952/1614/1350 1953/1604/1340
f 1966/1617/1353 1953/1604/1340 1954/1605/1341
f 1967/1618/1354 1954/1605/1341 1955/1606/1342
f 1968/1619/1355 1955/1606/1342 1956/1607/1343
f 1969/1620/1356 1956/1607/1343 1957/1608/1344
f 1970/1621/1357 1957/1608/1344 1958/1609/1345
f 1960/1611/1347 1971/1622/1358 1959/1610/1346
f 1961/1612/1348 1972/1623/1359 1960/1611/1347
f 1962/1613/1349 1973/1624/1360 1961/1612/1348
f 1963/1615/1351 1974/1625/1361 1962/1613/1349
f 1964/1626/1362 1975/1627/1363 1963/1615/1351
f 1977/1628/1364 1964/1626/1362 1965/1616/1352
f 1978/1629/1365 1965/1616/1352 1966/1617/1353
f 1979/1630/1366 1966/1617/1353 1967/1618/1354
f 1980/1631/1367 1967/1618/1354 1968/1619/1355
f 1981/1632/1368 1968/1619/1355 1969/1620/1356
f 1982/1633/1369 1969/1620/1356 1970/1621/1357
f 1972/1623/1359 1983/1634/1370 1971/1622/1358
f 1973/1624/1360 1984/1635/1371 1972/1623/1359
f 1974/1625/1361 1985/1636/1372 1973/1624/1360
f 1975/1627/1363 1986/1637/1373 1974/1625/1361
f 1976/1638/1374 1987/1639/1375 1975/1627/1363
f 1989/1640/1376 1976/1638/1374 1977/1628/1364
f 1990/1641/1377 1977/1628/1364 1978/1629/1365
f 1991/1642/1378 1978/1629/1365 1979/1630/1366
f 1992/1643/1379 1979/1630/1366 1980/1631/1367
f 1993/1644/1380 1980/1631/1367 1981/1632/1368
f 1994/1645/1381 1981/1632/1368 1982/1633/1369
f 1996/1646/1382 1983/1634/1370 1984/1635/1371
f 1997/1647/1383 1984/1635/1371 1985/1636/1372
f 1998/1648/1384 1985/1636/1372 1986/1637/1373
f 1999/1649/1385 1986/1637/1373 1987/1639/1375
f 2000/1650/1386 1987/1639/1375 1988/1651/1387
f 2001/1652/1388 1988/1651/1387 1989/1640/1376
f 1990/1641/1377 2001/1652/1388 1989/1640/1376
f 1991/1642/1378 2002/1653/1389 1990/1641/1377
f 1992/1643/1379 2003/1654/1390 1991/1642/1378
f 1993/1644/1380 2004/1655/1391 1992/1643/1379
f 1994/1645/1381 2005/1656/1392 1993/1644/1380
f 2008/1657/1393 1995/1658/1394 1996/1646/1382
f 2009/1659/1395 1996/1646/1382 1997/1647/1383
f 2010/1660/1396 1997/1647/1383 1998/1648/1384
f 2011/1661/1397 1998/1648/1384 1999/1649/1385
f 2012/1662/1398 1999/1649/1385 2000/1650/1386
f 2013/1663/1399 2000/1650/1386 2001/1652/1388
f 2002/1653/1389 2013/1663/1399 2001/1652/1388
f 2003/1654/1390 2014/1664/1400 2002/1653/1389
f 2004/1655/1391 2015/1665/1401 2003/1654/1390
f 2005/1656/1392 2016/1666/1402 2004/1655/1391
f 2006/1667/1403 2017/1668/1404 2005/1656/1392
f 2020/1669/1405 2007/1670/1406 2008/1657/1393
f 2021/1671/1407 2008/1657/1393 2009/1659/1395
f 2022/1672/1408 2009/1659/1395 2010/1660/1396
f 2023/1673/1409 2010/1660/1396 2011/1661/1397
f 2024/1674/1410 2011/1661/1397 2012/1662/1398
f 2025/1675/1411 2012/1662/1398 2013/1663/1399
f 2014/1664/1400 2025/1675/1411 2013/1663/1399
f 2015/1665/1401 2026/1676/1412 2014/1664/1400
f 2016/1666/1402 2027/1677/1413 2015/1665/1401
f 2017/1668/1404 2028/1678/1414 2016/1666/1402
f 2018/1679/1415 2029/1680/1416 2017/1668/1404
f 2020/1669/1405 2031/1681/1417 2019/1682/1418
f 2021/1671/1407 2032/1683/1419 2020/1669/1405
f 2022/1672/1408 2033/1684/1420 2021/1671/1407
f 2023/1673/1409 2034/1685/1421 2022/1672/1408
f 2024/1674/1410 2035/1686/1422 2023/1673/1409
f 2037/1687/1423 2024/1674/1410 2025/1675/1411
f 2038/1688/1424 2025/1675/1411 2026/1676/1412
f 2039/1689/1425 2026/1676/1412 2027/1677/1413
f 2040/1690/1426 2027/1677/1413 2028/1678/1414
f 2041/1691/1427 2028/1678/1414 2029/1680/1416
f 2042/1692/1428 2029/1680/1416 2030/1693/1429
f 2032/1683/1419 2043/1694/1430 2031/1681/1417
f 2033/1684/1420 2044/1695/1431 2032/1683/1419
f 2034/1685/1421 2045/1696/1432 2033/1684/1420
f 2035/1686/1422 2046/1697/1433 2034/1685/1421
f 2036/1698/1434 2047/1699/1435 2035/1686/1422
f 2049/1700/1436 2036/1698/1434 2037/1687/1423
f 2050/1701/1437 2037/1687/1423 2038/1688/1424
f 2051/1702/1438 2038/1688/1424 2039/1689/1425
f 2052/1703/1439 2039/1689/1425 2040/1690/1426
f 2053/1704/1440 2040/1690/1426 2041/1691/1427
f 2054/1705/1441 2041/1691/1427 2042/1692/1428
f 664/350/75 2043/1694/1430 2044/1695/1431
f 665/352/77 2044/1695/1431 2045/1696/1432
f 666/361/78 2045/1696/1432 2046/1697/1433
f 667/353/79 2046/1697/1433 2047/1699/1435
f 668/354/80 2047/1699/1435 2048/1706/1442
f 669/355/81 2048/1706/1442 2049/1700/1436
f 2050/1701/1437 669/355/81 2049/1700/1436
f 2051/1702/1438 670/356/82 2050/1701/1437
f 2052/1703/1439 671/362/83 2051/1702/1438
f 2053/1704/1440 672/357/84 2052/1703/1439
f 2054/1705/1441 673/358/85 2053/1704/1440
f 2056/259/1443 2067/1707/71 2055/4/71
f 2057/261/1444 2068/1708/57 2056/259/1443
f 2058/263/1445 2069/1709/59 2057/261/1444
f 2059/265/1446 2070/1710/60 2058/263/1445
f 2060/267/1447 2071/1711/73 2059/265/1446
f 2073/1712/64 2060/267/1447 2061/269/1448
f 2074/1713/74 2061/269/1448 2062/270/1449
f 2075/1714/67 2062/270/1449 2063/272/1450
f 2076/1715/68 2063/272/1450 2064/274/1451
f 2077/1716/72 2064/274/1451 2065/276/1452
f 2078/1717/70 2065/276/1452 2066/278/70
f 2080/1718/1443 2067/1707/71 2068/1708/57
f 2081/1719/1444 2068/1708/57 2069/1709/59
f 2082/1720/1445 2069/1709/59 2070/1710/60
f 2083/1721/1446 2070/1710/60 2071/1711/73
f 2084/1722/1453 2071/1711/73 2072/1723/63
f 2085/1724/1454 2072/1723/63 2073/1712/64
f 2074/1713/74 2085/1724/1454 2073/1712/64
f 2075/1714/67 2086/1725/1449 2074/1713/74
f 2076/1715/68 2087/1726/1450 2075/1714/67
f 2077/1716/72 2088/1727/1451 2076/1715/68
f 2078/1717/70 2089/1728/1452 2077/1716/72
f 2080/1718/1443 2091/1729/71 2079/1730/71
f 2081/1719/1444 2092/1731/57 2080/1718/1443
f 2082/1720/1445 2093/1732/59 2081/1719/1444
f 2083/1721/1446 2094/1733/60 2082/1720/1445
f 2084/1722/1453 2095/1734/73 2083/1721/1446
f 2097/1735/64 2084/1722/1453 2085/1724/1454
f 2098/1736/74 2085/1724/1454 2086/1725/1449
f 2099/1737/67 2086/1725/1449 2087/1726/1450
f 2100/1738/68 2087/1726/1450 2088/1727/1451
f 2101/1739/72 2088/1727/1451 2089/1728/1452
f 2102/1740/70 2089/1728/1452 2090/1741/70
f 2104/1742/5 2091/1729/71 2092/1731/57
f 2105/1743/7 2092/1731/57 2093/1732/59
f 2106/1744/9 2093/1732/59 2094/1733/60
f 2095/1734/73 2106/1744/9 2094/1733/60
f 2108/1745/13 2095/1734/73 2096/1746/63
f 2109/1747/15 2096/1746/63 2097/1735/64
f 2110/1748/46 2097/1735/64 2098/1736/74
f 2111/1749/18 2098/1736/74 2099/1737/67
f 2112/1750/20 2099/1737/67 2100/1738/68
f 2113/1751/22 2100/1738/68 2101/1739/72
f 2114/1752/24 2101/1739/72 2102/1740/70
f 2116/1753/1455 2103/1754/4 2104/1742/5
f 2117/1755/1456 2104/1742/5 2105/1743/7
f 2118/1756/1457 2105/1743/7 2106/1744/9
f 2119/1757/1458 2106/1744/9 2107/1758/1459
f 2120/1759/1460 2107/1758/1459 2108/1745/13
f 2121/1760/1461 2108/1745/13 2109/1747/15
f 2110/1748/46 2121/1760/1461 2109/1747/15
f 2111/1749/18 2122/1761/1462 2110/1748/46
f 2112/1750/20 2123/1762/1463 2111/1749/18
f 2113/1751/22 2124/1763/1464 2112/1750/20
f 2114/1752/24 2125/1764/1465 2113/1751/22
f 2116/1753/1455 2127/1765/1466 2115/1766/1467
f 2117/1755/1456 2128/1767/1468 2116/1753/1455
f 2118/1756/1457 2129/1768/1469 2117/1755/1456
f 2119/1757/1458 2130/1769/1470 2118/1756/1457
f 2120/1759/1460 2131/1770/1471 2119/1757/1458
f 2133/1771/1472 2120/1759/1460 2121/1760/1461
f 2134/1772/1473 2121/1760/1461 2122/1761/1462
f 2135/1773/1474 2122/1761/1462 2123/1762/1463
f 2136/1774/1475 2123/1762/1463 2124/1763/1464
f 2137/1775/1476 2124/1763/1464 2125/1764/1465
f 2138/1776/1477 2125/1764/1465 2126/1777/1478
f 2140/1778/1479 2127/1765/1466 2128/1767/1468
f 2141/1779/1480 2128/1767/1468 2129/1768/1469
f 2142/1780/1481 2129/1768/1469 2130/1769/1470
f 2143/1781/1482 2130/1769/1470 2131/1770/1471
f 2144/1782/1483 2131/1770/1471 2132/1783/1484
f 2145/1784/1485 2132/1783/1484 2133/1771/1472
f 2134/1772/1473 2145/1784/1485 2133/1771/1472
f 2135/1773/1474 2146/1785/1486 2134/1772/1473
f 2136/1774/1475 2147/1786/1487 2135/1773/1474
f 2137/1775/1476 2148/1787/1488 2136/1774/1475
f 2138/1776/1477 2149/1788/1489 2137/1775/1476
f 2152/1789/1490 2139/1790/1491 2140/1778/1479
f 2153/1791/1492 2140/1778/1479 2141/1779/1480
f 2154/1792/1493 2141/1779/1480 2142/1780/1481
f 2155/1793/1494 2142/1780/1481 2143/1781/1482
f 2156/1794/1495 2143/1781/1482 2144/1782/1483
f 2157/1795/1496 2144/1782/1483 2145/1784/1485
f 2146/1785/1486 2157/1795/1496 2145/1784/1485
f 2147/1786/1487 2158/1796/1497 2146/1785/1486
f 2148/1787/1488 2159/1797/1498 2147/1786/1487
f 2149/1788/1489 2160/1798/1499 2148/1787/1488
f 2150/1799/1500 2161/1800/1501 2149/1788/1489
f 2164/1801/1502 2151/1802/1503 2152/1789/1490
f 2165/1803/1504 2152/1789/1490 2153/1791/1492
f 2166/1804/1505 2153/1791/1492 2154/1792/1493
f 2167/1805/1506 2154/1792/1493 2155/1793/1494
f 2168/1806/1507 2155/1793/1494 2156/1794/1495
f 2169/1807/1508 2156/1794/1495 2157/1795/1496
f 2158/1796/1497 2169/1807/1508 2157/1795/1496
f 2159/1797/1498 2170/1808/1509 2158/1796/1497
f 2160/1798/1499 2171/1809/1510 2159/1797/1498
f 2161/1800/1501 2172/1810/1511 2160/1798/1499
f 2162/1811/1512 2173/1812/1513 2161/1800/1501
f 2176/1813/1514 2163/1814/1515 2164/1801/1502
f 2177/1815/1516 2164/1801/1502 2165/1803/1504
f 2178/1816/1517 2165/1803/1504 2166/1804/1505
f 2179/1817/1518 2166/1804/1505 2167/1805/1506
f 2180/1818/1519 2167/1805/1506 2168/1806/1507
f 2181/1819/1520 2168/1806/1507 2169/1807/1508
f 2170/1808/1509 2181/1819/1520 2169/1807/1508
f 2171/1809/1510 2182/1820/1521 2170/1808/1509
f 2172/1810/1511 2183/1821/1522 2171/1809/1510
f 2173/1812/1513 2184/1822/1523 2172/1810/1511
f 2174/1823/1524 2185/1824/1525 2173/1812/1513
f 2188/1825/1526 2175/1826/1527 2176/1813/1514
f 2189/1827/1528 2176/1813/1514 2177/1815/1516
f 2190/1828/1529 2177/1815/1516 2178/1816/1517
f 2191/1829/1530 2178/1816/1517 2179/1817/1518
f 2192/1830/1531 2179/1817/1518 2180/1818/1519
f 2193/1831/1532 2180/1818/1519 2181/1819/1520
f 2182/1820/1521 2193/1831/1532 2181/1819/1520
f 2183/1821/1522 2194/1832/1533 2182/1820/1521
f 2184/1822/1523 2195/1833/1534 2183/1821/1522
f 2185/1824/1525 2196/1834/1535 2184/1822/1523
f 2186/1835/1536 2197/1836/1537 2185/1824/1525
f 2200/1837/1538 2187/1838/1539 2188/1825/1526
f 2201/1839/1540 2188/1825/1526 2189/1827/1528
f 2202/1840/1541 2189/1827/1528 2190/1828/1529
f 2203/1841/1542 2190/1828/1529 2191/1829/1530
f 2204/1842/1543 2191/1829/1530 2192/1830/1531
f 2205/1843/1544 2192/1830/1531 2193/1831/1532
f 2194/1832/1533 2205/1843/1544 2193/1831/1532
f 2195/1833/1534 2206/1844/1545 2194/1832/1533
f 2196/1834/1535 2207/1845/1546 2195/1833/1534
f 2197/1836/1537 2208/1846/1547 2196/1834/1535
f 2198/1847/1548 2209/1848/1549 2197/1836/1537
f 2212/1849/1550 2199/1850/1551 2200/1837/1538
f 2213/1851/1552 2200/1837/1538 2201/1839/1540
f 2214/1852/1553 2201/1839/1540 2202/1840/1541
f 2215/1853/1554 2202/1840/1541 2203/1841/1542
f 2216/1854/1555 2203/1841/1542 2204/1842/1543
f 2217/1855/1556 2204/1842/1543 2205/1843/1544
f 2206/1844/1545 2217/1855/1556 2205/1843/1544
f 2207/1845/1546 2218/1856/1557 2206/1844/1545
f 2208/1846/1547 2219/1857/1558 2207/1845/1546
f 2209/1848/1549 2220/1858/1559 2208/1846/1547
f 2210/1859/1560 2221/1860/1561 2209/1848/1549
f 2224/1861/1562 2211/1862/1563 2212/1849/1550
f 2225/1863/1564 2212/1849/1550 2213/1851/1552
f 2226/1864/1565 2213/1851/1552 2214/1852/1553
f 2227/1865/1566 2214/1852/1553 2215/1853/1554
f 2228/1866/1567 2215/1853/1554 2216/1854/1555
f 2229/1867/1568 2216/1854/1555 2217/1855/1556
f 2218/1856/1557 2229/1867/1568 2217/1855/1556
f 2219/1857/1558 2230/1868/1569 2218/1856/1557
f 2220/1858/1559 2231/1869/1570 2219/1857/1558
f 2221/1860/1561 2232/1870/1571 2220/1858/1559
f 2222/1871/1572 2233/1872/1573 2221/1860/1561
f 2236/1873/1574 2223/1874/1575 2224/1861/1562
f 2237/1875/1576 2224/1861/1562 2225/1863/1564
f 2238/1876/1577 2225/1863/1564 2226/1864/1565
f 2239/1877/1578 2226/1864/1565 2227/1865/1566
f 2240/1878/1579 2227/1865/1566 2228/1866/1567
f 2241/1879/1580 2228/1866/1567 2229/1867/1568
f 2230/1868/1569 2241/1879/1580 2229/1867/1568
f 2231/1869/1570 2242/1880/1581 2230/1868/1569
f 2232/1870/1571 2243/1881/1582 2231/1869/1570
f 2233/1872/1573 2244/1882/1583 2232/1870/1571
f 2234/1883/1584 2245/1884/1585 2233/1872/1573
f 2248/1885/1586 2235/1886/1587 2236/1873/1574
f 2249/1887/1588 2236/1873/1574 2237/1875/1576
f 2250/1888/1589 2237/1875/1576 2238/1876/1577
f 2251/1889/1590 2238/1876/1577 2239/1877/1578
f 2252/1890/1591 2239/1877/1578 2240/1878/1579
f 2253/1891/1592 2240/1878/1579 2241/1879/1580
f 2242/1880/1581 2253/1891/1592 2241/1879/1580
f 2243/1881/1582 2254/1892/1593 2242/1880/1581
f 2244/1882/1583 2255/1893/1594 2243/1881/1582
f 2245/1884/1585 2256/1894/1595 2244/1882/1583
f 2246/1895/1596 2257/1896/1597 2245/1884/1585
f 2248/1885/1586 2259/128/1598 2247/1897/1599
f 2249/1887/1588 2260/1898/1600 2248/1885/1586
f 2250/1888/1589 2261/1899/1601 2249/1887/1588
f 2251/1889/1590 2262/1900/1602 2250/1888/1589
f 2252/1890/1591 2263/1901/1603 2251/1889/1590
f 2265/1902/1604 2252/1890/1591 2253/1891/1592
f 2266/1903/1605 2253/1891/1592 2254/1892/1593
f 2267/1904/1606 2254/1892/1593 2255/1893/1594
f 2268/1905/1607 2255/1893/1594 2256/1894/1595
f 2269/1906/1608 2256/1894/1595 2257/1896/1597
f 2270/1907/1609 2257/1896/1597 2258/1908/1610
f 2272/1909/1611 2259/128/1598 2260/1898/1600
f 2273/1910/1612 2260/1898/1600 2261/1899/1601
f 2274/1911/1613 2261/1899/1601 2262/1900/1602
f 2275/1912/1614 2262/1900/1602 2263/1901/1603
f 2276/1913/1615 2263/1901/1603 2264/1914/1616
f 2277/1915/1617 2264/1914/1616 2265/1902/1604
f 2266/1903/1605 2277/1915/1617 2265/1902/1604
f 2267/1904/1606 2278/1916/1618 2266/1903/1605
f 2268/1905/1607 2279/1917/1619 2267/1904/1606
f 2269/1906/1608 2280/1918/1620 2268/1905/1607
f 2270/1907/1609 2281/1919/1621 2269/1906/1608
f 2272/1909/1611 2283/1920/1622 2271/1921/1623
f 2273/1910/1612 2284/1922/1624 2272/1909/1611
f 2274/1911/1613 2285/1923/1625 2273/1910/1612
f 2275/1912/1614 2286/1924/1626 2274/1911/1613
f 2276/1913/1615 2287/1925/1627 2275/1912/1614
f 2289/1926/1628 2276/1913/1615 2277/1915/1617
f 2290/1927/1629 2277/1915/1617 2278/1916/1618
f 2291/1928/1630 2278/1916/1618 2279/1917/1619
f 2292/1929/1631 2279/1917/1619 2280/1918/1620
f 2293/1930/1632 2280/1918/1620 2281/1919/1621
f 2294/1931/1633 2281/1919/1621 2282/1932/1634
f 2284/1922/1624 2295/1933/1635 2283/1920/1622
f 2285/1923/1625 2296/1934/1636 2284/1922/1624
f 2286/1924/1626 2297/1935/1637 2285/1923/1625
f 2287/1925/1627 2298/1936/1638 2286/1924/1626
f 2288/1937/1639 2299/1938/1640 2287/1925/1627
f 2301/1939/1641 2288/1937/1639 2289/1926/1628
f 2302/1940/1642 2289/1926/1628 2290/1927/1629
f 2303/1941/1643 2290/1927/1629 2291/1928/1630
f 2304/1942/1644 2291/1928/1630 2292/1929/1631
f 2305/1943/1645 2292/1929/1631 2293/1930/1632
f 2306/1944/1646 2293/1930/1632 2294/1931/1633
f 2296/1934/1636 2307/1945/1647 2295/1933/1635
f 2297/1935/1637 2308/1946/1648 2296/1934/1636
f 2298/1936/1638 2309/1947/1649 2297/1935/1637
f 2299/1938/1640 2310/1948/1650 2298/1936/1638
f 2300/1949/1651 2311/1950/1652 2299/1938/1640
f 2313/1951/1653 2300/1949/1651 2301/1939/1641
f 2314/1952/1654 2301/1939/1641 2302/1940/1642
f 2315/1953/1655 2302/1940/1642 2303/1941/1643
f 2316/1954/1656 2303/1941/1643 2304/1942/1644
f 2317/1955/1657 2304/1942/1644 2305/1943/1645
f 2318/1956/1658 2305/1943/1645 2306/1944/1646
f 2308/1946/1648 2319/1957/1659 2307/1945/1647
f 2309/1947/1649 2320/1958/1660 2308/1946/1648
f 2310/1948/1650 2321/1959/1661 2309/1947/1649
f 2311/1950/1652 2322/1960/1662 2310/1948/1650
f 2312/1961/1663 2323/1962/1664 2311/1950/1652
f 2325/1963/1665 2312/1961/1663 2313/1951/1653
f 2326/1964/1666 2313/1951/1653 2314/1952/1654
f 2327/1965/1667 2314/1952/1654 2315/1953/1655
f 2328/1966/1668 2315/1953/1655 2316/1954/1656
f 2329/1967/1669 2316/1954/1656 2317/1955/1657
f 2330/1968/1670 2317/1955/1657 2318/1956/1658
f 2320/1958/1660 2331/1969/1671 2319/1957/1659
f 2321/1959/1661 2332/1970/1672 2320/1958/1660
f 2322/1960/1662 2333/1971/1673 2321/1959/1661
f 2323/1962/1664 2334/1972/1674 2322/1960/1662
f 2324/1973/1675 2335/1974/1676 2323/1962/1664
f 2337/1975/1677 2324/1973/1675 2325/1963/1665
f 2338/1976/1678 2325/1963/1665 2326/1964/1666
f 2339/1977/1679 2326/1964/1666 2327/1965/1667
f 2340/1978/1680 2327/1965/1667 2328/1966/1668
f 2341/1979/1681 2328/1966/1668 2329/1967/1669
f 2342/1980/1682 2329/1967/1669 2330/1968/1670
f 2332/1970/1672 2343/1981/1683 2331/1969/1671
f 2333/1971/1673 2344/1982/1684 2332/1970/1672
f 2334/1972/1674 2345/1983/1685 2333/1971/1673
f 2335/1974/1676 2346/1984/1686 2334/1972/1674
f 2336/1985/1687 2347/1986/1688 2335/1974/1676
f 2349/1987/1689 2336/1985/1687 2337/1975/1677
f 2350/1988/1690 2337/1975/1677 2338/1976/1678
f 2351/1989/1691 2338/1976/1678 2339/1977/1679
f 2352/1990/1692 2339/1977/1679 2340/1978/1680
f 2353/1991/1693 2340/1978/1680 2341/1979/1681
f 2354/1992/1694 2341/1979/1681 2342/1980/1682
f 2344/1982/1684 2355/1993/1695 2343/1981/1683
f 2345/1983/1685 2356/1994/1696 2344/1982/1684
f 2346/1984/1686 2357/1995/1697 2345/1983/1685
f 2347/1986/1688 2358/1996/1698 2346/1984/1686
f 2348/1997/1699 2359/1998/1700 2347/1986/1688
f 2361/1999/1701 2348/1997/1699 2349/1987/1689
f 2362/2000/1702 2349/1987/1689 2350/1988/1690
f 2363/2001/1703 2350/1988/1690 2351/1989/1691
f 2364/2002/1704 2351/1989/1691 2352/1990/1692
f 2365/2003/1705 2352/1990/1692 2353/1991/1693
f 2366/2004/1706 2353/1991/1693 2354/1992/1694
f 2368/2005/1707 2355/1993/1695 2356/1994/1696
f 2369/2006/1708 2356/1994/1696 2357/1995/1697
f 2370/2007/1709 2357/1995/1697 2358/1996/1698
f 2371/2008/1710 2358/1996/1698 2359/1998/1700
f 2372/2009/1711 2359/1998/1700 2360/2010/1712
f 2373/2011/1713 2360/2010/1712 2361/1999/1701
f 2362/2000/1702 2373/2011/1713 2361/1999/1701
f 2363/2001/1703 2374/2012/1714 2362/2000/1702
f 2364/2002/1704 2375/2013/1715 2363/2001/1703
f 2365/2003/1705 2376/2014/1716 2364/2002/1704
f 2366/2004/1706 2377/2015/1717 2365/2003/1705
f 2380/2016/1718 2367/2017/1719 2368/2005/1707
f 2381/2018/1720 2368/2005/1707 2369/2006/1708
f 2382/2019/1721 2369/2006/1708 2370/2007/1709
f 2383/2020/1722 2370/2007/1709 2371/2008/1710
f 2384/2021/1723 2371/2008/1710 2372/2009/1711
f 2385/2022/1724 2372/2009/1711 2373/2011/1713
f 2374/2012/1714 2385/2022/1724 2373/2011/1713
f 2375/2013/1715 2386/2023/1725 2374/2012/1714
f 2376/2014/1716 2387/2024/1726 2375/2013/1715
f 2377/2015/1717 2388/2025/1727 2376/2014/1716
f 2378/2026/1728 2389/2027/1729 2377/2015/1717
f 2392/2028/1730 2379/2029/1731 2380/2016/1718
f 2393/2030/1732 2380/2016/1718 2381/2018/1720
f 2394/2031/1733 2381/2018/1720 2382/2019/1721
f 2395/2032/1734 2382/2019/1721 2383/2020/1722
f 2396/2033/1735 2383/2020/1722 2384/2021/1723
f 2397/2034/1736 2384/2021/1723 2385/2022/1724
f 2386/2023/1725 2397/2034/1736 2385/2022/1724
f 2387/2024/1726 2398/2035/1737 2386/2023/1725
f 2388/2025/1727 2399/2036/1738 2387/2024/1726
f 2389/2027/1729 2400/2037/1739 2388/2025/1727
f 2390/2038/1740 2401/2039/1741 2389/2027/1729
f 2392/2028/1730 2403/2040/1742 2391/2041/1743
f 2393/2030/1732 2404/2042/1744 2392/2028/1730
f 2394/2031/1733 2405/2043/1745 2393/2030/1732
f 2395/2032/1734 2406/2044/1746 2394/2031/1733
f 2396/2033/1735 2407/2045/1747 2395/2032/1734
f 2409/2046/1748 2396/2033/1735 2397/2034/1736
f 2410/2047/1749 2397/2034/1736 2398/2035/1737
f 2411/2048/1750 2398/2035/1737 2399/2036/1738
f 2412/2049/1751 2399/2036/1738 2400/2037/1739
f 2413/2050/1752 2400/2037/1739 2401/2039/1741
f 2414/2051/1753 2401/2039/1741 2402/2052/1754
f 2416/2053/1755 2403/2040/1742 2404/2042/1744
f 2417/2054/1756 2404/2042/1744 2405/2043/1745
f 2418/2055/1757 2405/2043/1745 2406/2044/1746
f 2419/2056/1758 2406/2044/1746 2407/2045/1747
f 2420/2057/1759 2407/2045/1747 2408/2058/1760
f 2421/2059/1761 2408/2058/1760 2409/2046/1748
f 2410/2047/1749 2421/2059/1761 2409/2046/1748
f 2411/2048/1750 2422/2060/1762 2410/2047/1749
f 2412/2049/1751 2423/2061/1763 2411/2048/1750
f 2413/2050/1752 2424/2062/1764 2412/2049/1751
f 2414/2051/1753 2425/2063/1765 2413/2050/1752
f 2428/2064/1766 2415/2065/1767 2416/2053/1755
f 2417/2054/1756 2428/2064/1766 2416/2053/1755
f 2418/2055/1757 2429/2066/1768 2417/2054/1756
f 2419/2056/1758 2430/2067/1769 2418/2055/1757
f 2420/2057/1759 2431/2068/1770 2419/2056/1758
f 2433/2069/1771 2420/2057/1759 2421/2059/1761
f 2434/2070/1772 2421/2059/1761 2422/2060/1762
f 2435/2071/1773 2422/2060/1762 2423/2061/1763
f 2436/2072/1774 2423/2061/1763 2424/2062/1764
f 2437/2073/1775 2424/2062/1764 2425/2063/1765
f 2426/2074/1776 2437/2073/1775 2425/2063/1765
f 2440/2075/1777 2427/2076/1778 2428/2064/1766
f 2441/2077/1779 2428/2064/1766 2429/2066/1768
f 2442/2078/1780 2429/2066/1768 2430/2067/1769
f 2443/2079/1781 2430/2067/1769 2431/2068/1770
f 2444/2080/1782 2431/2068/1770 2432/2081/1783
f 2445/2082/1784 2432/2081/1783 2433/2069/1771
f 2434/2070/1772 2445/2082/1784 2433/2069/1771
f 2435/2071/1773 2446/2083/1785 2434/2070/1772
f 2436/2072/1774 2447/2084/1786 2435/2071/1773
f 2437/2073/1775 2448/2085/1787 2436/2072/1774
f 2438/2086/1788 2449/2087/1789 2437/2073/1775
f 2452/2088/1790 2439/2089/1791 2440/2075/1777
f 2453/2090/1792 2440/2075/1777 2441/2077/1779
f 2454/2091/1793 2441/2077/1779 2442/2078/1780
f 2455/2092/1794 2442/2078/1780 2443/2079/1781
f 2456/2093/1795 2443/2079/1781 2444/2080/1782
f 2457/2094/1796 2444/2080/1782 2445/2082/1784
f 2446/2083/1785 2457/2094/1796 2445/2082/1784
f 2447/2084/1786 2458/2095/1797 2446/2083/1785
f 2448/2085/1787 2459/2096/1798 2447/2084/1786
f 2449/2087/1789 2460/2097/1799 2448/2085/1787
f 2450/2098/1800 2461/2099/1801 2449/2087/1789
f 2464/2100/1802 2451/2101/1803 2452/2088/1790
f 2465/2102/1804 2452/2088/1790 2453/2090/1792
f 2466/2103/1805 2453/2090/1792 2454/2091/1793
f 2467/2104/1806 2454/2091/1793 2455/2092/1794
f 2468/2105/1807 2455/2092/1794 2456/2093/1795
f 2469/2106/1808 2456/2093/1795 2457/2094/1796
f 2458/2095/1797 2469/2106/1808 2457/2094/1796
f 2459/2096/1798 2470/2107/1809 2458/2095/1797
f 2460/2097/1799 2471/2108/1810 2459/2096/1798
f 2461/2099/1801 2472/2109/1811 2460/2097/1799
f 2462/2110/1812 2473/2111/1813 2461/2099/1801
f 2476/2112/1814 2463/114/1815 2464/2100/1802
f 2477/2113/1816 2464/2100/1802 2465/2102/1804
f 2478/2114/1817 2465/2102/1804 2466/2103/1805
f 2479/2115/1818 2466/2103/1805 2467/2104/1806
f 2480/2116/1819 2467/2104/1806 2468/2105/1807
f 2481/2117/1820 2468/2105/1807 2469/2106/1808
f 2470/2107/1809 2481/2117/1820 2469/2106/1808
f 2471/2108/1810 2482/2118/1821 2470/2107/1809
f 2472/2109/1811 2483/2119/1822 2471/2108/1810
f 2473/2111/1813 2484/2120/1823 2472/2109/1811
f 2474/2121/1824 2485/2122/1825 2473/2111/1813
f 2488/2123/1826 2475/2124/1827 2476/2112/1814
f 2489/2125/1828 2476/2112/1814 2477/2113/1816
f 2490/2126/1829 2477/2113/1816 2478/2114/1817
f 2491/2127/1830 2478/2114/1817 2479/2115/1818
f 2492/2128/1831 2479/2115/1818 2480/2116/1819
f 2493/2129/1832 2480/2116/1819 2481/2117/1820
f 2482/2118/1821 2493/2129/1832 2481/2117/1820
f 2483/2119/1822 2494/2130/1833 2482/2118/1821
f 2484/2120/1823 2495/2131/1834 2483/2119/1822
f 2485/2122/1825 2496/2132/1835 2484/2120/1823
f 2486/2133/1836 2497/2134/1837 2485/2122/1825
f 2500/2135/1838 2487/2136/1839 2488/2123/1826
f 2501/2137/1840 2488/2123/1826 2489/2125/1828
f 2502/2138/1841 2489/2125/1828 2490/2126/1829
f 2503/2139/1842 2490/2126/1829 2491/2127/1830
f 2504/2140/1843 2491/2127/1830 2492/2128/1831
f 2505/2141/1844 2492/2128/1831 2493/2129/1832
f 2494/2130/1833 2505/2141/1844 2493/2129/1832
f 2495/2131/1834 2506/2142/1845 2494/2130/1833
f 2496/2132/1835 2507/2143/1846 2495/2131/1834
f 2497/2134/1837 2508/2144/1847 2496/2132/1835
f 2498/2145/1848 2509/2146/1849 2497/2134/1837
f 2512/2147/1850 2499/2148/1851 2500/2135/1838
f 2513/2149/1852 2500/2135/1838 2501/2137/1840
f 2514/2150/1853 2501/2137/1840 2502/2138/1841
f 2515/2151/1854 2502/2138/1841 2503/2139/1842
f 2516/2152/1855 2503/2139/1842 2504/2140/1843
f 2517/2153/1856 2504/2140/1843 2505/2141/1844
f 2506/2142/1845 2517/2153/1856 2505/2141/1844
f 2507/2143/1846 2518/2154/1857 2506/2142/1845
f 2508/2144/1847 2519/2155/1858 2507/2143/1846
f 2509/2146/1849 2520/2156/1859 2508/2144/1847
f 2510/2157/1860 2521/2158/1861 2509/2146/1849
f 2524/2159/1862 2511/2160/1863 2512/2147/1850
f 2525/2161/1864 2512/2147/1850 2513/2149/1852
f 2526/2162/1865 2513/2149/1852 2514/2150/1853
f 2527/2163/1866 2514/2150/1853 2515/2151/1854
f 2528/2164/1867 2515/2151/1854 2516/2152/1855
f 2529/2165/1868 2516/2152/1855 2517/2153/1856
f 2518/2154/1857 2529/2165/1868 2517/2153/1856
f 2519/2155/1858 2530/2166/1869 2518/2154/1857
f 2520/2156/1859 2531/2167/1870 2519/2155/1858
f 2521/2158/1861 2532/2168/1871 2520/2156/1859
f 2522/2169/1872 2533/2170/1873 2521/2158/1861
f 2536/2171/1874 2523/2172/1875 2524/2159/1862
f 2537/2173/1876 2524/2159/1862 2525/2161/1864
f 2538/2174/1877 2525/2161/1864 2526/2162/1865
f 2539/2175/1878 2526/2162/1865 2527/2163/1866
f 2540/2176/1879 2527/2163/1866 2528/2164/1867
f 2541/2177/1880 2528/2164/1867 2529/2165/1868
f 2530/2166/1869 2541/2177/1880 2529/2165/1868
f 2531/2167/1870 2542/2178/1881 2530/2166/1869
f 2532/2168/1871 2543/2179/1882 2531/2167/1870
f 2533/2170/1873 2544/2180/1883 2532/2168/1871
f 2534/2181/1884 2545/2182/1885 2533/2170/1873
f 2548/2183/1886 2535/2184/1887 2536/2171/1874
f 2549/2185/1888 2536/2171/1874 2537/2173/1876
f 2538/2174/1877 2549/2185/1888 2537/2173/1876
f 2539/2175/1878 2550/2186/1889 2538/2174/1877
f 2540/2176/1879 2551/2187/1890 2539/2175/1878
f 2553/2188/1891 2540/2176/1879 2541/2177/1880
f 2554/2189/1892 2541/2177/1880 2542/2178/1881
f 2555/2190/1893 2542/2178/1881 2543/2179/1882
f 2544/2180/1883 2555/2190/1893 2543/2179/1882
f 2545/2182/1885 2556/2191/1894 2544/2180/1883
f 2546/2192/1895 2557/2193/1896 2545/2182/1885
f 2548/2183/1886 2559/2194/1897 2547/2195/1898
f 2549/2185/1888 2560/2196/1899 2548/2183/1886
f 2562/2197/1900 2549/2185/1888 2550/2186/1889
f 2563/2198/1901 2550/2186/1889 2551/2187/1890
f 2564/2199/1902 2551/2187/1890 2552/2200/1903
f 2565/2201/1904 2552/2200/1903 2553/2188/1891
f 2554/2189/1892 2565/2201/1904 2553/2188/1891
f 2555/2190/1893 2566/2202/1905 2554/2189/1892
f 2556/2191/1894 2567/2203/1906 2555/2190/1893
f 2557/2193/1896 2568/2204/1907 2556/2191/1894
f 2570/2205/1908 2557/2193/1896 2558/2206/1909
f 2560/2196/1899 2571/2207/1910 2559/2194/1897
f 2561/2208/1911 2572/2209/1912 2560/2196/1899
f 2562/2197/1900 2573/2210/1913 2561/2208/1911
f 2563/2198/1901 2574/2211/1914 2562/2197/1900
f 2564/2199/1902 2575/2212/1915 2563/2198/1901
f 2577/2213/1916 2564/2199/1902 2565/2201/1904
f 2578/2214/1917 2565/2201/1904 2566/2202/1905
f 2579/2215/1918 2566/2202/1905 2567/2203/1906
f 2580/2216/1919 2567/2203/1906 2568/2204/1907
f 2581/2217/1920 2568/2204/1907 2569/2218/1921
f 2582/2219/1922 2569/2218/1921 2570/2205/1908
f 2572/2209/1912 2583/2220/1923 2571/2207/1910
f 2573/2210/1913 2584/2221/1924 2572/2209/1912
f 2574/2211/1914 2585/2222/1925 2573/2210/1913
f 2575/2212/1915 2586/2223/1926 2574/2211/1914
f 2576/2224/1927 2587/2225/1928 2575/2212/1915
f 2589/2226/1929 2576/2224/1927 2577/2213/1916
f 2590/2227/1930 2577/2213/1916 2578/2214/1917
f 2591/2228/1931 2578/2214/1917 2579/2215/1918
f 2592/2229/1932 2579/2215/1918 2580/2216/1919
f 2593/2230/1933 2580/2216/1919 2581/2217/1920
f 2594/2231/1934 2581/2217/1920 2582/2219/1922
f 2584/2221/1924 2595/2232/1935 2583/2220/1923
f 2585/2222/1925 2596/2233/1936 2584/2221/1924
f 2586/2223/1926 2597/2234/1937 2585/2222/1925
f 2587/2225/1928 2598/2235/1938 2586/2223/1926
f 2588/2236/1939 2599/2237/1940 2587/2225/1928
f 2601/2238/1941 2588/2236/1939 2589/2226/1929
f 2602/2239/1942 2589/2226/1929 2590/2227/1930
f 2603/2240/1943 2590/2227/1930 2591/2228/1931
f 2604/2241/1944 2591/2228/1931 2592/2229/1932
f 2605/2242/1945 2592/2229/1932 2593/2230/1933
f 2606/2243/1946 2593/2230/1933 2594/2231/1934
f 2596/2233/1936 2607/2244/1947 2595/2232/1935
f 2597/2234/1937 2608/2245/1948 2596/2233/1936
f 2598/2235/1938 2609/2246/1949 2597/2234/1937
f 2599/2237/1940 2610/2247/1950 2598/2235/1938
f 2600/2248/1951 2611/2249/1952 2599/2237/1940
f 2613/2250/1953 2600/2248/1951 2601/2238/1941
f 2614/2251/1954 2601/2238/1941 2602/2239/1942
f 2615/2252/1955 2602/2239/1942 2603/2240/1943
f 2616/2253/1956 2603/2240/1943 2604/2241/1944
f 2617/2254/1957 2604/2241/1944 2605/2242/1945
f 2618/2255/1958 2605/2242/1945 2606/2243/1946
f 2620/2256/1959 2607/2244/1947 2608/2245/1948
f 2621/2257/1960 2608/2245/1948 2609/2246/1949
f 2622/2258/1961 2609/2246/1949 2610/2247/1950
f 2623/2259/1962 2610/2247/1950 2611/2249/1952
f 2624/2260/1963 2611/2249/1952 2612/2261/1964
f 2625/2262/1965 2612/2261/1964 2613/2250/1953
f 2614/2251/1954 2625/2262/1965 2613/2250/1953
f 2615/2252/1955 2626/2263/1966 2614/2251/1954
f 2616/2253/1956 2627/2264/1967 2615/2252/1955
f 2617/2254/1957 2628/2265/1968 2616/2253/1956
f 2618/2255/1958 2629/2266/1969 2617/2254/1957
f 2632/2267/1970 2619/2268/1971 2620/2256/1959
f 2633/2269/1972 2620/2256/1959 2621/2257/1960
f 2634/2270/1973 2621/2257/1960 2622/2258/1961
f 2635/2271/1974 2622/2258/1961 2623/2259/1962
f 2636/2272/1975 2623/2259/1962 2624/2260/1963
f 2637/2273/1976 2624/2260/1963 2625/2262/1965
f 2626/2263/1966 2637/2273/1976 2625/2262/1965
f 2627/2264/1967 2638/2274/1977 2626/2263/1966
f 2628/2265/1968 2639/2275/1978 2627/2264/1967
f 2629/2266/1969 2640/2276/1979 2628/2265/1968
f 2630/2277/1980 2641/2278/1981 2629/2266/1969
f 2644/2279/1982 2631/2280/1983 2632/2267/1970
f 2645/2281/1984 2632/2267/1970 2633/2269/1972
f 2646/2282/1985 2633/2269/1972 2634/2270/1973
f 2647/2283/1986 2634/2270/1973 2635/2271/1974
f 2648/2284/1987 2635/2271/1974 2636/2272/1975
f 2649/2285/1988 2636/2272/1975 2637/2273/1976
f 2638/2274/1977 2649/2285/1988 2637/2273/1976
f 2639/2275/1978 2650/2286/1989 2638/2274/1977
f 2640/2276/1979 2651/2287/1990 2639/2275/1978
f 2641/2278/1981 2652/2288/1991 2640/2276/1979
f 2642/2289/1992 2653/2290/1993 2641/2278/1981
f 2656/2291/1994 2643/2292/1995 2644/2279/1982
f 2657/2293/1996 2644/2279/1982 2645/2281/1984
f 2658/2294/1997 2645/2281/1984 2646/2282/1985
f 2659/2295/1998 2646/2282/1985 2647/2283/1986
f 2660/2296/1999 2647/2283/1986 2648/2284/1987
f 2661/2297/2000 2648/2284/1987 2649/2285/1988
f 2650/2286/1989 2661/2297/2000 2649/2285/1988
f 2651/2287/1990 2662/2298/2001 2650/2286/1989
f 2652/2288/1991 2663/2299/2002 2651/2287/1990
f 2653/2290/1993 2664/2300/2003 2652/2288/1991
f 2654/2301/2004 2665/2302/2005 2653/2290/1993
f 2668/2303/2006 2655/2304/2007 2656/2291/1994
f 2669/2305/2008 2656/2291/1994 2657/2293/1996
f 2670/2306/2009 2657/2293/1996 2658/2294/1997
f 2671/2307/2010 2658/2294/1997 2659/2295/1998
f 2672/2308/2011 2659/2295/1998 2660/2296/1999
f 2673/2309/2012 2660/2296/1999 2661/2297/2000
f 2662/2298/2001 2673/2309/2012 2661/2297/2000
f 2663/2299/2002 2674/2310/2013 2662/2298/2001
f 2664/2300/2003 2675/2311/2014 2663/2299/2002
f 2665/2302/2005 2676/2312/2015 2664/2300/2003
f 2666/2313/2016 2677/2314/2017 2665/2302/2005
f 2680/2315/2018 2667/53/2019 2668/2303/2006
f 2681/2316/2020 2668/2303/2006 2669/2305/2008
f 2682/2317/2021 2669/2305/2008 2670/2306/2009
f 2683/2318/2022 2670/2306/2009 2671/2307/2010
f 2684/2319/2023 2671/2307/2010 2672/2308/2011
f 2685/2320/2024 2672/2308/2011 2673/2309/2012
f 2674/2310/2013 2685/2320/2024 2673/2309/2012
f 2675/2311/2014 2686/2321/2025 2674/2310/2013
f 2676/2312/2015 2687/2322/2026 2675/2311/2014
f 2677/2314/2017 2688/2323/2027 2676/2312/2015
f 2678/2324/2028 2689/2325/2029 2677/2314/2017
f 2680/2315/2018 2691/2326/2030 2679/2327/2031
f 2681/2316/2020 2692/2328/2032 2680/2315/2018
f 2682/2317/2021 2693/2329/2033 2681/2316/2020
f 2683/2318/2022 2694/2330/2034 2682/2317/2021
f 2684/2319/2023 2695/2331/2035 2683/2318/2022
f 2697/2332/2036 2684/2319/2023 2685/2320/2024
f 2698/2333/2037 2685/2320/2024 2686/2321/2025
f 2699/2334/2038 2686/2321/2025 2687/2322/2026
f 2700/2335/2039 2687/2322/2026 2688/2323/2027
f 2701/2336/2040 2688/2323/2027 2689/2325/2029
f 2702/2337/2041 2689/2325/2029 2690/2338/2042
f 2704/2339/2043 2691/2326/2030 2692/2328/2032
f 2705/2340/2044 2692/2328/2032 2693/2329/2033
f 2706/2341/2045 2693/2329/2033 2694/2330/2034
f 2707/2342/2046 2694/2330/2034 2695/2331/2035
f 2708/2343/2047 2695/2331/2035 2696/2344/2048
f 2709/2345/2049 2696/2344/2048 2697/2332/2036
f 2698/2333/2037 2709/2345/2049 2697/2332/2036
f 2699/2334/2038 2710/2346/2050 2698/2333/2037
f 2700/2335/2039 2711/2347/2051 2699/2334/2038
f 2701/2336/2040 2712/2348/2052 2700/2335/2039
f 2702/2337/2041 2713/2349/2053 2701/2336/2040
f 2704/2339/2043 2715/2350/2054 2703/2351/2055
f 2705/2340/2044 2716/2352/2056 2704/2339/2043
f 2706/2341/2045 2717/2353/2057 2705/2340/2044
f 2707/2342/2046 2718/2354/2058 2706/2341/2045
f 2708/2343/2047 2719/2355/2059 2707/2342/2046
f 2721/2356/2060 2708/2343/2047 2709/2345/2049
f 2722/2357/2061 2709/2345/2049 2710/2346/2050
f 2723/2358/2062 2710/2346/2050 2711/2347/2051
f 2724/2359/2063 2711/2347/2051 2712/2348/2052
f 2725/2360/2064 2712/2348/2052 2713/2349/2053
f 2726/2361/2065 2713/2349/2053 2714/2362/2066
f 2716/2352/2056 2727/2363/2067 2715/2350/2054
f 2717/2353/2057 2728/2364/2068 2716/2352/2056
f 2718/2354/2058 2729/2365/2069 2717/2353/2057
f 2719/2355/2059 2730/2366/2070 2718/2354/2058
f 2720/2367/2071 2731/2368/2072 2719/2355/2059
f 2733/2369/2073 2720/2367/2071 2721/2356/2060
f 2734/2370/2074 2721/2356/2060 2722/2357/2061
f 2735/2371/2075 2722/2357/2061 2723/2358/2062
f 2736/2372/2076 2723/2358/2062 2724/2359/2063
f 2737/2373/2077 2724/2359/2063 2725/2360/2064
f 2738/2374/2078 2725/2360/2064 2726/2361/2065
f 2728/2364/2068 2739/2375/2079 2727/2363/2067
f 2729/2365/2069 2740/2376/2080 2728/2364/2068
f 2730/2366/2070 2741/2377/2081 2729/2365/2069
f 2731/2368/2072 2742/2378/2082 2730/2366/2070
f 2732/2379/2083 2743/2380/2084 2731/2368/2072
f 2745/2381/2085 2732/2379/2083 2733/2369/2073
f 2746/2382/2086 2733/2369/2073 2734/2370/2074
f 2747/2383/2087 2734/2370/2074 2735/2371/2075
f 2748/2384/2088 2735/2371/2075 2736/2372/2076
f 2749/2385/2089 2736/2372/2076 2737/2373/2077
f 2750/2386/2090 2737/2373/2077 2738/2374/2078
f 2752/2387/2091 2739/2375/2079 2740/2376/2080
f 2753/2388/2092 2740/2376/2080 2741/2377/2081
f 2754/2389/2093 2741/2377/2081 2742/2378/2082
f 2755/2390/2094 2742/2378/2082 2743/2380/2084
f 2756/2391/2095 2743/2380/2084 2744/2392/2096
f 2757/2393/2097 2744/2392/2096 2745/2381/2085
f 2746/2382/2086 2757/2393/2097 2745/2381/2085
f 2747/2383/2087 2758/2394/2098 2746/2382/2086
f 2748/2384/2088 2759/2395/2099 2747/2383/2087
f 2749/2385/2089 2760/2396/2100 2748/2384/2088
f 2750/2386/2090 2761/2397/2101 2749/2385/2089
f 2764/2398/2102 2751/2399/2103 2752/2387/2091
f 2765/2400/2104 2752/2387/2091 2753/2388/2092
f 2766/2401/2105 2753/2388/2092 2754/2389/2093
f 2767/2402/2106 2754/2389/2093 2755/2390/2094
f 2768/2403/2107 2755/2390/2094 2756/2391/2095
f 2769/2404/2108 2756/2391/2095 2757/2393/2097
f 2758/2394/2098 2769/2404/2108 2757/2393/2097
f 2759/2395/2099 2770/2405/2109 2758/2394/2098
f 2760/2396/2100 2771/2406/2110 2759/2395/2099
f 2761/2397/2101 2772/2407/2111 2760/2396/2100
f 2762/2408/2112 2773/2409/2113 2761/2397/2101
f 2776/2410/2114 2763/2411/2115 2764/2398/2102
f 2777/2412/2116 2764/2398/2102 2765/2400/2104
f 2778/2413/2117 2765/2400/2104 2766/2401/2105
f 2779/2414/2118 2766/2401/2105 2767/2402/2106
f 2780/2415/2119 2767/2402/2106 2768/2403/2107
f 2781/2416/2120 2768/2403/2107 2769/2404/2108
f 2770/2405/2109 2781/2416/2120 2769/2404/2108
f 2771/2406/2110 2782/2417/2121 2770/2405/2109
f 2772/2407/2111 2783/2418/2122 2771/2406/2110
f 2773/2409/2113 2784/2419/2123 2772/2407/2111
f 2774/2420/2124 2785/2421/2125 2773/2409/2113
f 2788/2422/2126 2775/2423/2127 2776/2410/2114
f 2789/2424/2128 2776/2410/2114 2777/2412/2116
f 2790/2425/2129 2777/2412/2116 2778/2413/2117
f 2791/2426/2130 2778/2413/2117 2779/2414/2118
f 2792/2427/2131 2779/2414/2118 2780/2415/2119
f 2793/2428/2132 2780/2415/2119 2781/2416/2120
f 2782/2417/2121 2793/2428/2132 2781/2416/2120
f 2783/2418/2122 2794/2429/2133 2782/2417/2121
f 2784/2419/2123 2795/2430/2134 2783/2418/2122
f 2785/2421/2125 2796/2431/2135 2784/2419/2123
f 2786/2432/2136 2797/2433/2137 2785/2421/2125
f 2800/2434/2138 2787/2435/2139 2788/2422/2126
f 2801/2436/2140 2788/2422/2126 2789/2424/2128
f 2802/2437/2141 2789/2424/2128 2790/2425/2129
f 2803/2438/2142 2790/2425/2129 2791/2426/2130
f 2804/2439/2143 2791/2426/2130 2792/2427/2131
f 2805/2440/2144 2792/2427/2131 2793/2428/2132
f 2794/2429/2133 2805/2440/2144 2793/2428/2132
f 2795/2430/2134 2806/2441/2145 2794/2429/2133
f 2796/2431/2135 2807/2442/2146 2795/2430/2134
f 2797/2433/2137 2808/2443/2147 2796/2431/2135
f 2798/2444/2148 2809/2445/2149 2797/2433/2137
f 2812/2446/2150 2799/2447/2151 2800/2434/2138
f 2813/2448/2152 2800/2434/2138 2801/2436/2140
f 2814/2449/2153 2801/2436/2140 2802/2437/2141
f 2815/2450/2154 2802/2437/2141 2803/2438/2142
f 2816/2451/2155 2803/2438/2142 2804/2439/2143
f 2817/2452/2156 2804/2439/2143 2805/2440/2144
f 2806/2441/2145 2817/2452/2156 2805/2440/2144
f 2807/2442/2146 2818/2453/2157 2806/2441/2145
f 2808/2443/2147 2819/2454/2158 2807/2442/2146
f 2809/2445/2149 2820/2455/2159 2808/2443/2147
f 2810/2456/2160 2821/2457/2161 2809/2445/2149
f 2824/2458/2162 2811/2459/2163 2812/2446/2150
f 2825/2460/2164 2812/2446/2150 2813/2448/2152
f 2826/2461/2165 2813/2448/2152 2814/2449/2153
f 2827/2462/2166 2814/2449/2153 2815/2450/2154
f 2828/2463/2167 2815/2450/2154 2816/2451/2155
f 2829/2464/2168 2816/2451/2155 2817/2452/2156
f 2818/2453/2157 2829/2464/2168 2817/2452/2156
f 2819/2454/2158 2830/2465/2169 2818/2453/2157
f 2820/2455/2159 2831/2466/2170 2819/2454/2158
f 2821/2457/2161 2832/2467/2171 2820/2455/2159
f 2822/2468/2172 2833/2469/2173 2821/2457/2161
f 2824/2458/2162 2835/2470/2174 2823/2471/2175
f 2825/2460/2164 2836/2472/2176 2824/2458/2162
f 2826/2461/2165 2837/2473/2177 2825/2460/2164
f 2827/2462/2166 2838/2474/2178 2826/2461/2165
f 2828/2463/2167 2839/2475/2179 2827/2462/2166
f 2841/2476/2180 2828/2463/2167 2829/2464/2168
f 2842/2477/2181 2829/2464/2168 2830/2465/2169
f 2843/2478/2182 2830/2465/2169 2831/2466/2170
f 2844/2479/2183 2831/2466/2170 2832/2467/2171
f 2845/2480/2184 2832/2467/2171 2833/2469/2173
f 2846/2481/2185 2833/2469/2173 2834/2482/2186
f 2848/2483/2187 2835/2470/2174 2836/2472/2176
f 2849/2484/2188 2836/2472/2176 2837/2473/2177
f 2850/2485/2189 2837/2473/2177 2838/2474/2178
f 2851/2486/2190 2838/2474/2178 2839/2475/2179
f 2852/2487/2191 2839/2475/2179 2840/2488/2192
f 2853/2489/2193 2840/2488/2192 2841/2476/2180
f 2842/2477/2181 2853/2489/2193 2841/2476/2180
f 2843/2478/2182 2854/2490/2194 2842/2477/2181
f 2844/2479/2183 2855/2491/2195 2843/2478/2182
f 2845/2480/2184 2856/2492/2196 2844/2479/2183
f 2846/2481/2185 2857/2493/2197 2845/2480/2184
f 2860/2494/2198 2847/2495/2199 2848/2483/2187
f 2861/2496/2200 2848/2483/2187 2849/2484/2188
f 2862/2497/2201 2849/2484/2188 2850/2485/2189
f 2863/2498/2202 2850/2485/2189 2851/2486/2190
f 2864/2499/2203 2851/2486/2190 2852/2487/2191
f 2865/2500/2204 2852/2487/2191 2853/2489/2193
f 2854/2490/2194 2865/2500/2204 2853/2489/2193
f 2855/2491/2195 2866/2501/2205 2854/2490/2194
f 2856/2492/2196 2867/2502/2206 2855/2491/2195
f 2857/2493/2197 2868/2503/2207 2856/2492/2196
f 2858/2504/2208 2869/2505/2209 2857/2493/2197
f 2872/2506/2210 2859/2507/2211 2860/2494/2198
f 2873/2508/2212 2860/2494/2198 2861/2496/2200
f 2874/2509/2213 2861/2496/2200 2862/2497/2201
f 2875/2510/2214 2862/2497/2201 2863/2498/2202
f 2876/2511/2215 2863/2498/2202 2864/2499/2203
f 2877/2512/2216 2864/2499/2203 2865/2500/2204
f 2866/2501/2205 2877/2512/2216 2865/2500/2204
f 2867/2502/2206 2878/2513/2217 2866/2501/2205
f 2868/2503/2207 2879/2514/2218 2867/2502/2206
f 2869/2505/2209 2880/2515/2219 2868/2503/2207
f 2870/2516/2220 2881/2517/2221 2869/2505/2209
f 2884/2518/2222 2871/30/2223 2872/2506/2210
f 2885/2519/2224 2872/2506/2210 2873/2508/2212
f 2886/2520/2225 2873/2508/2212 2874/2509/2213
f 2887/2521/2226 2874/2509/2213 2875/2510/2214
f 2888/2522/2227 2875/2510/2214 2876/2511/2215
f 2889/2523/2228 2876/2511/2215 2877/2512/2216
f 2878/2513/2217 2889/2523/2228 2877/2512/2216
f 2879/2514/2218 2890/2524/2229 2878/2513/2217
f 2880/2515/2219 2891/2525/2230 2879/2514/2218
f 2881/2517/2221 2892/2526/2231 2880/2515/2219
f 2882/2527/2232 2893/2528/2233 2881/2517/2221
f 2896/2529/2234 2883/2530/2235 2884/2518/2222
f 2897/2531/2236 2884/2518/2222 2885/2519/2224
f 2898/2532/2237 2885/2519/2224 2886/2520/2225
f 2899/2533/2238 2886/2520/2225 2887/2521/2226
f 2900/2534/2239 2887/2521/2226 2888/2522/2227
f 2901/2535/2240 2888/2522/2227 2889/2523/2228
f 2890/2524/2229 2901/2535/2240 2889/2523/2228
f 2891/2525/2230 2902/2536/2241 2890/2524/2229
f 2892/2526/2231 2903/2537/2242 2891/2525/2230
f 2893/2528/2233 2904/2538/2243 2892/2526/2231
f 2894/2539/2244 2905/2540/2245 2893/2528/2233
f 2908/2541/2246 2895/2542/2247 2896/2529/2234
f 2909/2543/2248 2896/2529/2234 2897/2531/2236
f 2910/2544/2249 2897/2531/2236 2898/2532/2237
f 2911/2545/2250 2898/2532/2237 2899/2533/2238
f 2912/2546/2251 2899/2533/2238 2900/2534/2239
f 2913/2547/2252 2900/2534/2239 2901/2535/2240
f 2902/2536/2241 2913/2547/2252 2901/2535/2240
f 2903/2537/2242 2914/2548/2253 2902/2536/2241
f 2904/2538/2243 2915/2549/2254 2903/2537/2242
f 2905/2540/2245 2916/2550/2255 2904/2538/2243
f 2906/2551/2256 2917/2552/2257 2905/2540/2245
f 2920/2553/2258 2907/2554/2259 2908/2541/2246
f 2921/2555/2260 2908/2541/2246 2909/2543/2248
f 2922/2556/2261 2909/2543/2248 2910/2544/2249
f 2923/2557/2262 2910/2544/2249 2911/2545/2250
f 2924/2558/2263 2911/2545/2250 2912/2546/2251
f 2925/2559/2264 2912/2546/2251 2913/2547/2252
f 2914/2548/2253 2925/2559/2264 2913/2547/2252
f 2915/2549/2254 2926/2560/2265 2914/2548/2253
f 2916/2550/2255 2927/2561/2266 2915/2549/2254
f 2917/2552/2257 2928/2562/2267 2916/2550/2255
f 2918/2563/2268 2929/2564/2269 2917/2552/2257
f 2920/2553/2258 2931/2565/2270 2919/2566/2271
f 2921/2555/2260 2932/2567/2272 2920/2553/2258
f 2922/2556/2261 2933/2568/2273 2921/2555/2260
f 2923/2557/2262 2934/2569/2274 2922/2556/2261
f 2924/2558/2263 2935/2570/2275 2923/2557/2262
f 2937/2571/2276 2924/2558/2263 2925/2559/2264
f 2938/2572/2277 2925/2559/2264 2926/2560/2265
f 2939/2573/2278 2926/2560/2265 2927/2561/2266
f 2940/2574/2279 2927/2561/2266 2928/2562/2267
f 2941/2575/2280 2928/2562/2267 2929/2564/2269
f 2942/2576/2281 2929/2564/2269 2930/2577/2282
f 2932/2567/2272 2943/2578/2283 2931/2565/2270
f 2933/2568/2273 2944/2579/2284 2932/2567/2272
f 2934/2569/2274 2945/2580/2285 2933/2568/2273
f 2935/2570/2275 2946/2581/2286 2934/2569/2274
f 2936/2582/2287 2947/2583/2288 2935/2570/2275
f 2949/2584/2289 2936/2582/2287 2937/2571/2276
f 2950/2585/2290 2937/2571/2276 2938/2572/2277
f 2951/2586/2291 2938/2572/2277 2939/2573/2278
f 2952/2587/2292 2939/2573/2278 2940/2574/2279
f 2953/2588/2293 2940/2574/2279 2941/2575/2280
f 2954/2589/2294 2941/2575/2280 2942/2576/2281
f 2944/2579/2284 2955/2590/2295 2943/2578/2283
f 2945/2580/2285 2956/2591/2296 2944/2579/2284
f 2946/2581/2286 2957/2592/2297 2945/2580/2285
f 2947/2583/2288 2958/2593/2298 2946/2581/2286
f 2948/2594/2299 2959/2595/2300 2947/2583/2288
f 2961/2596/2301 2948/2594/2299 2949/2584/2289
f 2962/2597/2302 2949/2584/2289 2950/2585/2290
f 2963/2598/2303 2950/2585/2290 2951/2586/2291
f 2964/2599/2304 2951/2586/2291 2952/2587/2292
f 2965/2600/2305 2952/2587/2292 2953/2588/2293
f 2966/2601/2306 2953/2588/2293 2954/2589/2294
f 2956/2591/2296 2967/2602/2307 2955/2590/2295
f 2957/2592/2297 2968/2603/2308 2956/2591/2296
f 2958/2593/2298 2969/2604/2309 2957/2592/2297
f 2959/2595/2300 2970/2605/2310 2958/2593/2298
f 2960/2606/2311 2971/2607/2312 2959/2595/2300
f 2973/2608/2313 2960/2606/2311 2961/2596/2301
f 2974/2609/2314 2961/2596/2301 2962/2597/2302
f 2975/2610/2315 2962/2597/2302 2963/2598/2303
f 2976/2611/2316 2963/2598/2303 2964/2599/2304
f 2977/2612/2317 2964/2599/2304 2965/2600/2305
f 2978/2613/2318 2965/2600/2305 2966/2601/2306
f 2980/2614/2319 2967/2602/2307 2968/2603/2308
f 2981/2615/2320 2968/2603/2308 2969/2604/2309
f 2982/2616/2321 2969/2604/2309 2970/2605/2310
f 2983/2617/2322 2970/2605/2310 2971/2607/2312
f 2984/2618/2323 2971/2607/2312 2972/2619/2324
f 2985/2620/2325 2972/2619/2324 2973/2608/2313
f 2974/2609/2314 2985/2620/2325 2973/2608/2313
f 2975/2610/2315 2986/2621/2326 2974/2609/2314
f 2976/2611/2316 2987/2622/2327 2975/2610/2315
f 2977/2612/2317 2988/2623/2328 2976/2611/2316
f 2978/2613/2318 2989/2624/2329 2977/2612/2317
f 2980/2614/2319 2991/2625/26 2979/2626/2330
f 2981/2615/2320 2992/2627/3 2980/2614/2319
f 2982/2616/2321 2993/2628/6 2981/2615/2320
f 2983/2617/2322 2994/2629/8 2982/2616/2321
f 2984/2618/2323 2995/2630/10 2983/2617/2322
f 2997/2631/14 2984/2618/2323 2985/2620/2325
f 2998/2632/32 2985/2620/2325 2986/2621/2326
f 2999/2633/17 2986/2621/2326 2987/2622/2327
f 3000/2634/19 2987/2622/2327 2988/2623/2328
f 3001/2635/21 2988/2623/2328 2989/2624/2329
f 3002/2636/23 2989/2624/2329 2990/2637/2331
f 3004/2638/49 2991/2625/26 2992/2627/3
f 3005/2639/50 2992/2627/3 2993/2628/6
f 3006/2640/51 2993/2628/6 2994/2629/8
f 3007/2641/2332 2994/2629/8 2995/2630/10
f 3008/2642/52 2995/2630/10 2996/2643/12
f 3009/2644/53 2996/2643/12 2997/2631/14
f 3010/2645/2333 2997/2631/14 2998/2632/32
f 3011/2646/54 2998/2632/32 2999/2633/17
f 3012/2647/69 2999/2633/17 3000/2634/19
f 3013/2648/55 3000/2634/19 3001/2635/21
f 3014/2649/56 3001/2635/21 3002/2636/23
f 3016/2650/2334 3003/2651/58 3004/2638/49
f 3017/2652/2335 3004/2638/49 3005/2639/50
f 3018/2653/2336 3005/2639/50 3006/2640/51
f 3019/2654/2337 3006/2640/51 3007/2641/2332
f 3020/2655/2338 3007/2641/2332 3008/2642/52
f 3021/2656/2339 3008/2642/52 3009/2644/53
f 3010/2645/2333 3021/2656/2339 3009/2644/53
f 3011/2646/54 3022/2657/2340 3010/2645/2333
f 3012/2647/69 3023/2658/2341 3011/2646/54
f 3013/2648/55 3024/2659/2342 3012/2647/69
f 3014/2649/56 3025/2660/2343 3013/2648/55
f 3016/2650/2334 3027/2661/58 3015/2662/58
f 3017/2652/2335 3028/2663/49 3016/2650/2334
f 3018/2653/2336 3029/2664/50 3017/2652/2335
f 3019/2654/2337 3030/2665/51 3018/2653/2336
f 3020/2655/2338 3031/2666/2332 3019/2654/2337
f 3033/2667/53 3020/2655/2338 3021/2656/2339
f 3034/2668/2333 3021/2656/2339 3022/2657/2340
f 3035/2669/54 3022/2657/2340 3023/2658/2341
f 3036/2670/69 3023/2658/2341 3024/2659/2342
f 3037/2671/55 3024/2659/2342 3025/2660/2343
f 3038/2672/56 3025/2660/2343 3026/2673/56
f 3040/2674/2334 3027/2661/58 3028/2663/49
f 3041/2675/2335 3028/2663/49 3029/2664/50
f 3042/2676/2336 3029/2664/50 3030/2665/51
f 3043/2677/2337 3030/2665/51 3031/2666/2332
f 3044/2678/2344 3031/2666/2332 3032/2679/52
f 3045/2680/2339 3032/2679/52 3033/2667/53
f 3034/2668/2333 3045/2680/2339 3033/2667/53
f 3035/2669/54 3046/2681/2340 3034/2668/2333
f 3036/2670/69 3047/2682/2341 3035/2669/54
f 3037/2671/55 3048/2683/2342 3036/2670/69
f 3038/2672/56 3049/2684/2343 3037/2671/55
f 3040/2674/2334 3051/2685/58 3039/2686/58
f 3041/2675/2335 3052/2687/49 3040/2674/2334
f 3042/2676/2336 3053/2688/50 3041/2675/2335
f 3043/2677/2337 3054/2689/51 3042/2676/2336
f 3044/2678/2344 3055/2690/62 3043/2677/2337
f 3057/2691/53 3044/2678/2344 3045/2680/2339
f 3058/2692/2333 3045/2680/2339 3046/2681/2340
f 3059/2693/54 3046/2681/2340 3047/2682/2341
f 3060/2694/69 3047/2682/2341 3048/2683/2342
f 3061/2695/55 3048/2683/2342 3049/2684/2343
f 3062/2696/56 3049/2684/2343 3050/2697/56
f 3064/2698/57 3051/2685/58 3052/2687/49
f 3065/2699/59 3052/2687/49 3053/2688/50
f 3066/2700/60 3053/2688/50 3054/2689/51
f 3067/2701/61 3054/2689/51 3055/2690/62
f 3068/2702/63 3055/2690/62 3056/2703/52
f 3069/2704/64 3056/2703/52 3057/2691/53
f 3070/2705/65 3057/2691/53 3058/2692/2333
f 3059/2693/54 3070/2705/65 3058/2692/2333
f 3072/2706/68 3059/2693/54 3060/2694/69
f 3073/2707/72 3060/2694/69 3061/2695/55
f 3074/2708/70 3061/2695/55 3062/2696/56
f 2056/350/1443 3063/2709/71 3064/2698/57
f 2057/352/1444 3064/2698/57 3065/2699/59
f 2058/361/1445 3065/2699/59 3066/2700/60
f 2059/353/1446 3066/2700/60 3067/2701/61
f 2060/354/1447 3067/2701/61 3068/2702/63
f 2061/355/1448 3068/2702/63 3069/2704/64
f 3070/2705/65 2061/355/1448 3069/2704/64
f 3071/2710/67 2062/356/1449 3070/2705/65
f 3072/2706/68 2063/362/1450 3071/2710/67
f 3073/2707/72 2064/357/1451 3072/2706/68
f 3074/2708/70 2065/358/1452 3073/2707/72
f 3076/259/2345 3087/2711/2346 3075/4/2347
f 3077/261/2348 3088/2712/2349 3076/259/2345
f 3078/263/2350 3089/2713/2351 3077/261/2348
f 3079/265/2352 3090/2714/2353 3078/263/2350
f 3080/267/2354 3091/2715/2355 3079/265/2352
f 3093/2716/2356 3080/267/2354 3081/269/2357
f 3094/2717/2358 3081/269/2357 3082/270/2359
f 3095/2718/2360 3082/270/2359 3083/272/2361
f 3096/2719/2362 3083/272/2361 3084/274/2363
f 3097/2720/2364 3084/274/2363 3085/276/2365
f 3098/2721/2366 3085/276/2365 3086/278/2367
f 3088/2712/2349 3099/280/2368 3087/2711/2346
f 3089/2713/2351 3100/258/2369 3088/2712/2349
f 3090/2714/2353 3101/260/2370 3089/2713/2351
f 3091/2715/2355 3102/262/2371 3090/2714/2353
f 3092/2722/2372 3103/264/2373 3091/2715/2355
f 3105/268/2374 3092/2722/2372 3093/2716/2356
f 3106/286/2375 3093/2716/2356 3094/2717/2358
f 3107/271/2376 3094/2717/2358 3095/2718/2360
f 3108/273/2377 3095/2718/2360 3096/2719/2362
f 3109/275/2378 3096/2719/2362 3097/2720/2364
f 3110/277/2379 3097/2720/2364 3098/2721/2366
f 3100/258/2369 3111/2723/2380 3099/280/2368
f 3101/260/2370 3112/2724/2381 3100/258/2369
f 3102/262/2371 3113/2725/2382 3101/260/2370
f 3103/264/2373 3114/2726/2383 3102/262/2371
f 3104/266/2384 3115/2727/2385 3103/264/2373
f 3117/2728/2386 3104/266/2384 3105/268/2374
f 3118/2729/2387 3105/268/2374 3106/286/2375
f 3119/2730/2388 3106/286/2375 3107/271/2376
f 3120/2731/2389 3107/271/2376 3108/273/2377
f 3121/2732/2390 3108/273/2377 3109/275/2378
f 3122/2733/2391 3109/275/2378 3110/277/2379
f 3112/2724/2381 3123/292/2392 3111/2723/2380
f 3113/2725/2382 3124/279/2393 3112/2724/2381
f 3114/2726/2383 3125/281/2394 3113/2725/2382
f 3115/2727/2385 3126/282/2395 3114/2726/2383
f 3116/2734/2396 3127/283/2397 3115/2727/2385
f 3129/285/2398 3116/2734/2396 3117/2728/2386
f 3130/287/2399 3117/2728/2386 3118/2729/2387
f 3131/288/2400 3118/2729/2387 3119/2730/2388
f 3132/289/2401 3119/2730/2388 3120/2731/2389
f 3133/290/2402 3120/2731/2389 3121/2732/2390
f 3134/301/2403 3121/2732/2390 3122/2733/2391
f 3124/279/2393 3135/2735/2404 3123/292/2392
f 3125/281/2394 3136/2736/2405 3124/279/2393
f 3126/282/2395 3137/2737/2406 3125/281/2394
f 3127/283/2397 3138/2738/2407 3126/282/2395
f 3128/284/2408 3139/2739/2409 3127/283/2397
f 3141/2740/2410 3128/284/2408 3129/285/2398
f 3142/2741/2411 3129/285/2398 3130/287/2399
f 3143/2742/2412 3130/287/2399 3131/288/2400
f 3144/2743/2413 3131/288/2400 3132/289/2401
f 3145/2744/2414 3132/289/2401 3133/290/2402
f 3146/2745/2415 3133/290/2402 3134/301/2403
f 3136/2736/2405 3147/302/2416 3135/2735/2404
f 3137/2737/2406 3148/291/2417 3136/2736/2405
f 3138/2738/2407 3149/293/2418 3137/2737/2406
f 3139/2739/2409 3150/294/2419 3138/2738/2407
f 3140/2746/2420 3151/295/2421 3139/2739/2409
f 3153/296/2422 3140/2746/2420 3141/2740/2410
f 3154/297/2423 3141/2740/2410 3142/2741/2411
f 3155/298/2424 3142/2741/2411 3143/2742/2412
f 3156/312/2425 3143/2742/2412 3144/2743/2413
f 3157/299/2426 3144/2743/2413 3145/2744/2414
f 3158/300/2427 3145/2744/2414 3146/2745/2415
f 3148/291/2417 3159/2747/2428 3147/302/2416
f 3149/293/2418 3160/2748/2429 3148/291/2417
f 3150/294/2419 3161/2749/2430 3149/293/2418
f 3151/295/2421 3162/2750/2431 3150/294/2419
f 3152/306/2432 3163/2751/2433 3151/295/2421
f 3165/2752/2434 3152/306/2432 3153/296/2422
f 3166/2753/2435 3153/296/2422 3154/297/2423
f 3167/2754/2436 3154/297/2423 3155/298/2424
f 3168/2755/2437 3155/298/2424 3156/312/2425
f 3169/2756/2438 3156/312/2425 3157/299/2426
f 3170/2757/2439 3157/299/2426 3158/300/2427
f 3160/2748/2429 3171/101/2440 3159/2747/2428
f 3161/2749/2430 3172/303/2441 3160/2748/2429
f 3162/2750/2431 3173/304/2442 3161/2749/2430
f 3163/2751/2433 3174/305/2443 3162/2750/2431
f 3164/2758/2444 3175/307/2445 3163/2751/2433
f 3177/308/2446 3164/2758/2444 3165/2752/2434
f 3178/309/2447 3165/2752/2434 3166/2753/2435
f 3179/310/2448 3166/2753/2435 3167/2754/2436
f 3180/311/2449 3167/2754/2436 3168/2755/2437
f 3181/313/2450 3168/2755/2437 3169/2756/2438
f 3182/314/2451 3169/2756/2438 3170/2757/2439
f 3172/303/2441 3183/2759/2452 3171/101/2440
f 3173/304/2442 3184/2760/2453 3172/303/2441
f 3174/305/2443 3185/2761/2454 3173/304/2442
f 3175/307/2445 3186/2762/2455 3174/305/2443
f 3176/320/2456 3187/2763/2457 3175/307/2445
f 3189/2764/2458 3176/320/2456 3177/308/2446
f 3190/2765/2459 3177/308/2446 3178/309/2447
f 3191/2766/2460 3178/309/2447 3179/310/2448
f 3192/2767/2461 3179/310/2448 3180/311/2449
f 3193/2768/2462 3180/311/2449 3181/313/2450
f 3194/2769/2463 3181/313/2450 3182/314/2451
f 3184/2760/2453 3195/328/2464 3183/2759/2452
f 3185/2761/2454 3196/315/2465 3184/2760/2453
f 3186/2762/2455 3197/316/2466 3185/2761/2454
f 3187/2763/2457 3198/317/2467 3186/2762/2455
f 3188/2770/2468 3199/318/2469 3187/2763/2457
f 3201/321/2470 3188/2770/2468 3189/2764/2458
f 3202/322/2471 3189/2764/2458 3190/2765/2459
f 3203/323/2472 3190/2765/2459 3191/2766/2460
f 3204/324/2473 3191/2766/2460 3192/2767/2461
f 3205/325/2474 3192/2767/2461 3193/2768/2462
f 3206/326/2475 3193/2768/2462 3194/2769/2463
f 3196/315/2465 3207/2771/2476 3195/328/2464
f 3197/316/2466 3208/2772/2477 3196/315/2465
f 3198/317/2467 3209/2773/2478 3197/316/2466
f 3199/318/2469 3210/2774/2479 3198/317/2467
f 3200/319/2480 3211/2775/2481 3199/318/2469
f 3213/2776/2482 3200/319/2480 3201/321/2470
f 3214/2777/2483 3201/321/2470 3202/322/2471
f 3215/2778/2484 3202/322/2471 3203/323/2472
f 3216/2779/2485 3203/323/2472 3204/324/2473
f 3217/2780/2486 3204/324/2473 3205/325/2474
f 3218/2781/2487 3205/325/2474 3206/326/2475
f 3220/327/25 3207/2771/2476 3208/2772/2477
f 3221/329/27 3208/2772/2477 3209/2773/2478
f 3222/330/28 3209/2773/2478 3210/2774/2479
f 3223/341/29 3210/2774/2479 3211/2775/2481
f 3224/331/30 3211/2775/2481 3212/2782/2488
f 3225/332/31 3212/2782/2488 3213/2776/2482
f 3214/2777/2483 3225/332/31 3213/2776/2482
f 3215/2778/2484 3226/345/33 3214/2777/2483
f 3216/2779/2485 3227/333/34 3215/2778/2484
f 3217/2780/2486 3228/348/35 3216/2779/2485
f 3218/2781/2487 3229/334/36 3217/2780/2486
f 3232/2783/37 3219/337/26 3220/327/25
f 3233/2784/38 3220/327/25 3221/329/27
f 3234/2785/39 3221/329/27 3222/330/28
f 3235/2786/40 3222/330/28 3223/341/29
f 3236/2787/2489 3223/341/29 3224/331/30
f 3237/2788/41 3224/331/30 3225/332/31
f 3238/2789/42 3225/332/31 3226/345/33
f 3239/2790/43 3226/345/33 3227/333/34
f 3228/348/35 3239/2790/43 3227/333/34
f 3241/2791/44 3228/348/35 3229/334/36
f 3242/2792/24 3229/334/36 3230/335/23
f 3244/336/1443 3231/2793/4 3232/2783/37
f 3245/338/1444 3232/2783/37 3233/2784/38
f 3246/339/1445 3233/2784/38 3234/2785/39
f 3247/340/1446 3234/2785/39 3235/2786/40
f 3236/2787/2489 3247/340/1446 3235/2786/40
f 3249/343/1454 3236/2787/2489 3237/2788/41
f 3250/344/1449 3237/2788/41 3238/2789/42
f 3251/346/1450 3238/2789/42 3239/2790/43
f 3252/347/1451 3239/2790/43 3240/2794/47
f 3253/359/1452 3240/2794/47 3241/2791/44
f 3254/349/70 3241/2791/44 3242/2792/24
f 3244/336/1443 3255/2795/2490 3243/351/71
f 3245/338/1444 3256/2796/2491 3244/336/1443
f 3246/339/1445 3257/2797/2492 3245/338/1444
f 3247/340/1446 3258/2798/2493 3246/339/1445
f 3248/342/1453 3259/2799/2494 3247/340/1446
f 3261/2800/2495 3248/342/1453 3249/343/1454
f 3262/2801/2496 3249/343/1454 3250/344/1449
f 3263/2802/2497 3250/344/1449 3251/346/1450
f 3264/2803/2498 3251/346/1450 3252/347/1451
f 3265/2804/2499 3252/347/1451 3253/359/1452
f 3266/2805/2500 3253/359/1452 3254/349/70
f 3256/2796/2491 3075/8/2347 3255/2795/2490
f 3257/2797/2492 3076/350/2345 3256/2796/2491
f 3078/361/2350 3257/2797/2492 3258/2798/2493
f 3079/353/2352 3258/2798/2493 3259/2799/2494
f 3080/354/2354 3259/2799/2494 3260/2806/2501
f 3081/355/2357 3260/2806/2501 3261/2800/2495
f 3262/2801/2496 3081/355/2357 3261/2800/2495
f 3263/2802/2497 3082/356/2359 3262/2801/2496
f 3264/2803/2498 3083/362/2361 3263/2802/2497
f 3265/2804/2499 3084/357/2363 3264/2803/2498
f 3086/360/2367 3265/2804/2499 3266/2805/2500
f 3268/259/37 3279/2711/2502 3267/4/4
f 3269/261/38 3280/2712/2503 3268/259/37
f 3270/263/39 3281/2713/2504 3269/261/38
f 3271/265/40 3282/2714/2505 3270/263/39
f 3272/267/45 3283/2715/2506 3271/265/40
f 3285/2716/2507 3272/267/45 3273/269/41
f 3286/2717/2508 3273/269/41 3274/270/42
f 3287/2718/2509 3274/270/42 3275/272/43
f 3288/2719/2510 3275/272/43 3276/274/47
f 3289/2720/2511 3276/274/47 3277/276/44
f 3290/2721/2512 3277/276/44 3278/278/24
f 3280/2712/2503 3291/280/2513 3279/2711/2502
f 3281/2713/2504 3292/258/2514 3280/2712/2503
f 3282/2714/2505 3293/260/2515 3281/2713/2504
f 3283/2715/2506 3294/262/2516 3282/2714/2505
f 3284/2722/2517 3295/264/2518 3283/2715/2506
f 3297/268/2519 3284/2722/2517 3285/2716/2507
f 3298/286/2520 3285/2716/2507 3286/2717/2508
f 3299/271/2521 3286/2717/2508 3287/2718/2509
f 3300/273/2522 3287/2718/2509 3288/2719/2510
f 3301/275/2523 3288/2719/2510 3289/2720/2511
f 3302/277/2524 3289/2720/2511 3290/2721/2512
f 3292/258/2514 3303/2723/2525 3291/280/2513
f 3293/260/2515 3304/2724/2526 3292/258/2514
f 3294/262/2516 3305/2725/2527 3293/260/2515
f 3295/264/2518 3306/2726/2528 3294/262/2516
f 3296/266/2529 3307/2727/2530 3295/264/2518
f 3309/2728/2531 3296/266/2529 3297/268/2519
f 3310/2729/2532 3297/268/2519 3298/286/2520
f 3311/2730/2533 3298/286/2520 3299/271/2521
f 3312/2731/2534 3299/271/2521 3300/273/2522
f 3313/2732/2535 3300/273/2522 3301/275/2523
f 3314/2733/2536 3301/275/2523 3302/277/2524
f 3304/2724/2526 3315/292/2537 3303/2723/2525
f 3305/2725/2527 3316/279/2538 3304/2724/2526
f 3306/2726/2528 3317/281/2539 3305/2725/2527
f 3307/2727/2530 3318/282/2540 3306/2726/2528
f 3308/2734/2541 3319/283/2542 3307/2727/2530
f 3321/285/2543 3308/2734/2541 3309/2728/2531
f 3322/287/2544 3309/2728/2531 3310/2729/2532
f 3323/288/2545 3310/2729/2532 3311/2730/2533
f 3324/289/2546 3311/2730/2533 3312/2731/2534
f 3325/290/2547 3312/2731/2534 3313/2732/2535
f 3326/301/2548 3313/2732/2535 3314/2733/2536
f 3316/279/2538 3327/2735/2549 3315/292/2537
f 3317/281/2539 3328/2736/2550 3316/279/2538
f 3318/282/2540 3329/2737/2551 3317/281/2539
f 3319/283/2542 3330/2738/2552 3318/282/2540
f 3320/284/2553 3331/2739/2554 3319/283/2542
f 3333/2740/2555 3320/284/2553 3321/285/2543
f 3334/2741/2556 3321/285/2543 3322/287/2544
f 3335/2742/2557 3322/287/2544 3323/288/2545
f 3336/2743/2558 3323/288/2545 3324/289/2546
f 3337/2744/2559 3324/289/2546 3325/290/2547
f 3338/2745/2560 3325/290/2547 3326/301/2548
f 3328/2736/2550 3339/302/2561 3327/2735/2549
f 3329/2737/2551 3340/291/2562 3328/2736/2550
f 3330/2738/2552 3341/293/2563 3329/2737/2551
f 3331/2739/2554 3342/294/2564 3330/2738/2552
f 3332/2746/2565 3343/295/2566 3331/2739/2554
f 3345/296/2567 3332/2746/2565 3333/2740/2555
f 3346/297/2568 3333/2740/2555 3334/2741/2556
f 3347/298/2569 3334/2741/2556 3335/2742/2557
f 3348/312/2570 3335/2742/2557 3336/2743/2558
f 3349/299/2571 3336/2743/2558 3337/2744/2559
f 3350/300/2572 3337/2744/2559 3338/2745/2560
f 3340/291/2562 3351/2747/2573 3339/302/2561
f 3341/293/2563 3352/2748/2574 3340/291/2562
f 3342/294/2564 3353/2749/2575 3341/293/2563
f 3343/295/2566 3354/2750/2576 3342/294/2564
f 3344/306/2577 3355/2751/2578 3343/295/2566
f 3357/2752/2579 3344/306/2577 3345/296/2567
f 3358/2753/2580 3345/296/2567 3346/297/2568
f 3359/2754/2581 3346/297/2568 3347/298/2569
f 3360/2755/2582 3347/298/2569 3348/312/2570
f 3361/2756/2583 3348/312/2570 3349/299/2571
f 3362/2757/2584 3349/299/2571 3350/300/2572
f 3352/2748/2574 3363/101/2585 3351/2747/2573
f 3353/2749/2575 3364/303/2586 3352/2748/2574
f 3354/2750/2576 3365/304/2587 3353/2749/2575
f 3355/2751/2578 3366/305/2588 3354/2750/2576
f 3356/2758/2589 3367/307/2590 3355/2751/2578
f 3369/308/2591 3356/2758/2589 3357/2752/2579
f 3370/309/2592 3357/2752/2579 3358/2753/2580
f 3371/310/2593 3358/2753/2580 3359/2754/2581
f 3372/311/2594 3359/2754/2581 3360/2755/2582
f 3373/313/2595 3360/2755/2582 3361/2756/2583
f 3374/314/2596 3361/2756/2583 3362/2757/2584
f 3364/303/2586 3375/2759/2597 3363/101/2585
f 3365/304/2587 3376/2760/2598 3364/303/2586
f 3366/305/2588 3377/2761/2599 3365/304/2587
f 3367/307/2590 3378/2762/2600 3366/305/2588
f 3368/320/2601 3379/2763/2602 3367/307/2590
f 3381/2764/2603 3368/320/2601 3369/308/2591
f 3382/2765/2604 3369/308/2591 3370/309/2592
f 3383/2766/2605 3370/309/2592 3371/310/2593
f 3384/2767/2606 3371/310/2593 3372/311/2594
f 3385/2768/2607 3372/311/2594 3373/313/2595
f 3386/2769/2608 3373/313/2595 3374/314/2596
f 3376/2760/2598 3387/328/2609 3375/2759/2597
f 3377/2761/2599 3388/315/2610 3376/2760/2598
f 3378/2762/2600 3389/316/2611 3377/2761/2599
f 3379/2763/2602 3390/317/2612 3378/2762/2600
f 3380/2770/2613 3391/318/2614 3379/2763/2602
f 3393/321/2615 3380/2770/2613 3381/2764/2603
f 3394/322/2616 3381/2764/2603 3382/2765/2604
f 3395/323/2617 3382/2765/2604 3383/2766/2605
f 3396/324/2618 3383/2766/2605 3384/2767/2606
f 3397/325/2619 3384/2767/2606 3385/2768/2607
f 3398/326/2620 3385/2768/2607 3386/2769/2608
f 3388/315/2610 3399/2771/2621 3387/328/2609
f 3389/316/2611 3400/2772/2622 3388/315/2610
f 3390/317/2612 3401/2773/2623 3389/316/2611
f 3391/318/2614 3402/2774/2624 3390/317/2612
f 3392/319/2625 3403/2775/2626 3391/318/2614
f 3405/2776/2627 3392/319/2625 3393/321/2615
f 3406/2777/2628 3393/321/2615 3394/322/2616
f 3407/2778/2629 3394/322/2616 3395/323/2617
f 3408/2779/2630 3395/323/2617 3396/324/2618
f 3409/2780/2631 3396/324/2618 3397/325/2619
f 3410/2781/2632 3397/325/2619 3398/326/2620
f 3400/2772/2622 3411/337/2633 3399/2771/2621
f 3401/2773/2623 3412/327/2634 3400/2772/2622
f 3402/2774/2624 3413/329/2635 3401/2773/2623
f 3403/2775/2626 3414/330/2636 3402/2774/2624
f 3404/2782/2637 3415/341/2638 3403/2775/2626
f 3417/332/2639 3404/2782/2637 3405/2776/2627
f 3418/345/2640 3405/2776/2627 3406/2777/2628
f 3419/333/2641 3406/2777/2628 3407/2778/2629
f 3420/348/2642 3407/2778/2629 3408/2779/2630
f 3421/334/2643 3408/2779/2630 3409/2780/2631
f 3422/335/2644 3409/2780/2631 3410/2781/2632
f 3424/2783/2645 3411/337/2633 3412/327/2634
f 3413/329/2635 3424/2783/2645 3412/327/2634
f 3414/330/2636 3425/2784/2646 3413/329/2635
f 3415/341/2638 3426/2785/2647 3414/330/2636
f 3416/331/2648 3427/2786/2649 3415/341/2638
f 3429/2788/2650 3416/331/2648 3417/332/2639
f 3430/2789/2651 3417/332/2639 3418/345/2640
f 3431/2790/2652 3418/345/2640 3419/333/2641
f 3432/2794/2653 3419/333/2641 3420/348/2642
f 3421/334/2643 3432/2794/2653 3420/348/2642
f 3422/335/2644 3433/2791/2654 3421/334/2643
f 3424/2783/2645 3435/351/58 3423/2793/2655
f 3425/2784/2646 3436/336/2334 3424/2783/2645
f 3426/2785/2647 3437/338/2335 3425/2784/2646
f 3427/2786/2649 3438/339/2336 3426/2785/2647
f 3428/2787/2656 3439/340/2337 3427/2786/2649
f 3441/343/2339 3428/2787/2656 3429/2788/2650
f 3442/344/2340 3429/2788/2650 3430/2789/2651
f 3443/346/2341 3430/2789/2651 3431/2790/2652
f 3444/347/2342 3431/2790/2652 3432/2794/2653
f 3445/359/2343 3432/2794/2653 3433/2791/2654
f 3446/349/56 3433/2791/2654 3434/2792/2657
f 3448/2796/25 3435/351/58 3436/336/2334
f 3437/338/2335 3448/2796/25 3436/336/2334
f 3450/2798/28 3437/338/2335 3438/339/2336
f 3451/2799/29 3438/339/2336 3439/340/2337
f 3452/2806/30 3439/340/2337 3440/342/2338
f 3453/2800/2658 3440/342/2338 3441/343/2339
f 3454/2801/33 3441/343/2339 3442/344/2340
f 3455/2802/34 3442/344/2340 3443/346/2341
f 3444/347/2342 3455/2802/34 3443/346/2341
f 3457/2804/36 3444/347/2342 3445/359/2343
f 3458/2805/23 3445/359/2343 3446/349/56
f 3268/350/37 3447/2795/26 3448/2796/25
f 3269/352/38 3448/2796/25 3449/2797/27
f 3270/361/39 3449/2797/27 3450/2798/28
f 3271/353/40 3450/2798/28 3451/2799/29
f 3272/354/45 3451/2799/29 3452/2806/30
f 3273/355/41 3452/2806/30 3453/2800/2658
f 3274/356/42 3453/2800/2658 3454/2801/33
f 3455/2802/34 3274/356/42 3454/2801/33
f 3276/357/47 3455/2802/34 3456/2803/35
f 3277/358/44 3456/2803/35 3457/2804/36
f 3278/360/24 3457/2804/36 3458/2805/23
f 3472/279/2334 3459/4/71 3460/259/1443
f 3473/281/2335 3460/259/1443 3461/261/1444
f 3474/282/2336 3461/261/1444 3462/263/1445
f 3463/265/1446 3474/282/2336 3462/263/1445
f 3476/284/2338 3463/265/1446 3464/267/1453
f 3477/285/2339 3464/267/1453 3465/269/1448
f 3466/270/1449 3477/285/2339 3465/269/1448
f 3479/288/2341 3466/270/1449 3467/272/1450
f 3480/289/2342 3467/272/1450 3468/274/1451
f 3481/290/2343 3468/274/1451 3469/276/1452
f 3482/301/56 3469/276/1452 3470/278/70
f 3484/303/25 3471/292/58 3472/279/2334
f 3485/304/27 3472/279/2334 3473/281/2335
f 3486/305/28 3473/281/2335 3474/282/2336
f 3487/307/29 3474/282/2336 3475/283/2337
f 3488/320/30 3475/283/2337 3476/284/2338
f 3489/308/31 3476/284/2338 3477/285/2339
f 3478/287/2340 3489/308/31 3477/285/2339
f 3491/310/34 3478/287/2340 3479/288/2341
f 3492/311/35 3479/288/2341 3480/289/2342
f 3481/290/2343 3492/311/35 3480/289/2342
f 3494/314/23 3481/290/2343 3482/301/56
f 3484/303/25 3495/337/4 3483/101/26
f 3497/329/38 3484/303/25 3485/304/27
f 3498/330/39 3485/304/27 3486/305/28
f 3487/307/29 3498/330/39 3486/305/28
f 3488/320/30 3499/341/40 3487/307/29
f 3501/332/41 3488/320/30 3489/308/31
f 3502/345/42 3489/308/31 3490/309/33
f 3503/333/43 3490/309/33 3491/310/34
f 3504/348/47 3491/310/34 3492/311/35
f 3505/334/44 3492/311/35 3493/313/36
f 3506/335/24 3493/313/36 3494/314/23
f 3496/327/37 3459/8/71 3495/337/4
f 3461/352/1444 3496/327/37 3497/329/38
f 3462/361/1445 3497/329/38 3498/330/39
f 3463/353/1446 3498/330/39 3499/341/40
f 3464/354/1453 3499/341/40 3500/331/45
f 3465/355/1448 3500/331/45 3501/332/41
f 3466/356/1449 3501/332/41 3502/345/42
f 3467/362/1450 3502/345/42 3503/333/43
f 3468/357/1451 3503/333/43 3504/348/47
f 3505/334/44 3468/357/1451 3504/348/47
f 3470/360/70 3505/334/44 3506/335/24
f 3520/279/1443 3507/4/4 3508/259/37
f 3521/281/1444 3508/259/37 3509/261/38
f 3522/282/1445 3509/261/38 3510/263/39
f 3523/283/1446 3510/263/39 3511/265/40
f 3524/284/1453 3511/265/40 3512/267/2489
f 3525/285/1454 3512/267/2489 3513/269/41
f 3526/287/1449 3513/269/41 3514/270/42
f 3527/288/1450 3514/270/42 3515/272/43
f 3528/289/1451 3515/272/43 3516/274/47
f 3529/290/1452 3516/274/47 3517/276/44
f 3530/301/70 3517/276/44 3518/278/24
f 3532/303/2334 3519/292/71 3520/279/1443
f 3533/304/2335 3520/279/1443 3521/281/1444
f 3534/305/2336 3521/281/1444 3522/282/1445
f 3535/307/2337 3522/282/1445 3523/283/1446
f 3536/320/2659 3523/283/1446 3524/284/1453
f 3537/308/2339 3524/284/1453 3525/285/1454
f 3538/309/2340 3525/285/1454 3526/287/1449
f 3539/310/2341 3526/287/1449 3527/288/1450
f 3540/311/2342 3527/288/1450 3528/289/1451
f 3541/313/2343 3528/289/1451 3529/290/1452
f 3542/314/56 3529/290/1452 3530/301/70
f 3544/327/25 3531/101/58 3532/303/2334
f 3545/329/27 3532/303/2334 3533/304/2335
f 3546/330/28 3533/304/2335 3534/305/2336
f 3547/341/29 3534/305/2336 3535/307/2337
f 3548/331/30 3535/307/2337 3536/320/2659
f 3549/332/31 3536/320/2659 3537/308/2339
f 3538/309/2340 3549/332/31 3537/308/2339
f 3551/333/34 3538/309/2340 3539/310/2341
f 3552/348/35 3539/310/2341 3540/311/2342
f 3553/334/36 3540/311/2342 3541/313/2343
f 3554/335/23 3541/313/2343 3542/314/56
f 3544/327/25 3507/8/4 3543/337/26
f 3509/352/38 3544/327/25 3545/329/27
f 3510/361/39 3545/329/27 3546/330/28
f 3511/353/40 3546/330/28 3547/341/29
f 3512/354/2489 3547/341/29 3548/331/30
f 3513/355/41 3548/331/30 3549/332/31
f 3514/356/42 3549/332/31 3550/345/33
f 3515/362/43 3550/345/33 3551/333/34
f 3516/357/47 3551/333/34 3552/348/35
f 3517/358/44 3552/348/35 3553/334/36
f 3518/360/24 3553/334/36 3554/335/23
f 3568/2807/37 3555/4/4 3556/259/5
f 3569/2808/38 3556/259/5 3557/261/7
f 3570/2809/39 3557/261/7 3558/263/9
f 3571/2810/40 3558/263/9 3559/265/11
f 3572/2811/45 3559/265/11 3560/267/13
f 3573/2812/2660 3560/267/13 3561/269/15
f 3562/270/16 3573/2812/2660 3561/269/15
f 3563/272/18 3574/2813/42 3562/270/16
f 3564/274/20 3575/2814/43 3563/272/18
f 3565/276/22 3576/2815/47 3564/274/20
f 3566/278/24 3577/2816/44 3565/276/22
f 3568/2807/37 3579/2817/4 3567/2818/4
f 3569/2808/38 3580/2819/5 3568/2807/37
f 3570/2809/39 3581/2820/7 3569/2808/38
f 3571/2810/40 3582/2821/9 3570/2809/39
f 3572/2811/45 3583/2822/11 3571/2810/40
f 3585/2823/15 3572/2811/45 3573/2812/2660
f 3586/2824/16 3573/2812/2660 3574/2813/42
f 3587/2825/18 3574/2813/42 3575/2814/43
f 3588/2826/20 3575/2814/43 3576/2815/47
f 3589/2827/22 3576/2815/47 3577/2816/44
f 3590/2828/24 3577/2816/44 3578/2829/24
f 3592/303/3 3579/2817/4 3580/2819/5
f 3593/304/6 3580/2819/5 3581/2820/7
f 3594/305/8 3581/2820/7 3582/2821/9
f 3595/307/10 3582/2821/9 3583/2822/11
f 3596/320/12 3583/2822/11 3584/2830/13
f 3597/308/14 3584/2830/13 3585/2823/15
f 3586/2824/16 3597/308/14 3585/2823/15
f 3599/310/17 3586/2824/16 3587/2825/18
f 3600/311/19 3587/2825/18 3588/2826/20
f 3601/313/21 3588/2826/20 3589/2827/22
f 3590/2828/24 3601/313/21 3589/2827/22
f 3604/2831/49 3591/101/26 3592/303/3
f 3605/2832/50 3592/303/3 3593/304/6
f 3606/2833/51 3593/304/6 3594/305/8
f 3607/2834/2332 3594/305/8 3595/307/10
f 3608/2835/52 3595/307/10 3596/320/12
f 3609/2836/53 3596/320/12 3597/308/14
f 3610/2837/2333 3597/308/14 3598/309/32
f 3611/2838/54 3598/309/32 3599/310/17
f 3612/2839/69 3599/310/17 3600/311/19
f 3601/313/21 3612/2839/69 3600/311/19
f 3614/2840/56 3601/313/21 3602/314/23
f 3616/2841/57 3603/2842/58 3604/2831/49
f 3617/2843/59 3604/2831/49 3605/2832/50
f 3618/2844/60 3605/2832/50 3606/2833/51
f 3619/2845/73 3606/2833/51 3607/2834/2332
f 3608/2835/52 3619/2845/73 3607/2834/2332
f 3621/2846/64 3608/2835/52 3609/2836/53
f 3622/2847/74 3609/2836/53 3610/2837/2333
f 3623/2848/67 3610/2837/2333 3611/2838/54
f 3624/2849/68 3611/2838/54 3612/2839/69
f 3625/2850/72 3612/2839/69 3613/2851/55
f 3626/2852/70 3613/2851/55 3614/2840/56
f 3556/350/5 3615/2853/71 3616/2841/57
f 3557/352/7 3616/2841/57 3617/2843/59
f 3558/361/9 3617/2843/59 3618/2844/60
f 3559/353/11 3618/2844/60 3619/2845/73
f 3560/354/13 3619/2845/73 3620/2854/63
f 3561/355/15 3620/2854/63 3621/2846/64
f 3562/356/16 3621/2846/64 3622/2847/74
f 3563/362/18 3622/2847/74 3623/2848/67
f 3564/357/20 3623/2848/67 3624/2849/68
f 3565/358/22 3624/2849/68 3625/2850/72
f 3566/360/24 3625/2850/72 3626/2852/70
f 532/258/3 531/280/26 519/4/4
f 533/260/6 532/258/3 520/259/5
f 534/262/8 533/260/6 521/261/7
f 535/264/10 534/262/8 522/263/9
f 536/266/12 535/264/10 523/265/11
f 537/268/14 536/266/12 524/267/13
f 526/270/16 538/286/32 537/268/14
f 539/271/17 538/286/32 526/270/16
f 540/273/19 539/271/17 527/272/18
f 541/275/21 540/273/19 528/274/20
f 542/277/23 541/275/21 529/276/22
f 544/279/25 543/292/26 531/280/26
f 545/281/27 544/279/25 532/258/3
f 546/282/28 545/281/27 533/260/6
f 547/283/29 546/282/28 534/262/8
f 548/284/30 547/283/29 535/264/10
f 549/285/31 548/284/30 536/266/12
f 538/286/32 550/287/33 549/285/31
f 539/271/17 551/288/34 550/287/33
f 540/273/19 552/289/35 551/288/34
f 541/275/21 553/290/36 552/289/35
f 542/277/23 554/301/23 553/290/36
f 556/291/37 555/302/4 543/292/26
f 557/293/38 556/291/37 544/279/25
f 558/294/39 557/293/38 545/281/27
f 559/295/40 558/294/39 546/282/28
f 548/284/30 560/306/45 559/295/40
f 561/296/41 560/306/45 548/284/30
f 562/297/42 561/296/41 549/285/31
f 563/298/43 562/297/42 550/287/33
f 552/289/35 564/312/47 563/298/43
f 565/299/44 564/312/47 552/289/35
f 566/300/24 565/299/44 553/290/36
f 556/291/37 568/303/5 567/101/4
f 557/293/38 569/304/7 568/303/5
f 558/294/39 570/305/9 569/304/7
f 559/295/40 571/307/11 570/305/9
f 560/306/45 572/320/13 571/307/11
f 573/308/15 572/320/13 560/306/45
f 574/309/46 573/308/15 561/296/41
f 575/310/18 574/309/46 562/297/42
f 576/311/20 575/310/18 563/298/43
f 577/313/22 576/311/20 564/312/47
f 578/314/24 577/313/22 565/299/44
f 580/315/3 579/328/26 567/101/4
f 581/316/6 580/315/3 568/303/5
f 582/317/8 581/316/6 569/304/7
f 583/318/48 582/317/8 570/305/9
f 584/319/12 583/318/48 571/307/11
f 585/321/14 584/319/12 572/320/13
f 586/322/32 585/321/14 573/308/15
f 587/323/17 586/322/32 574/309/46
f 588/324/19 587/323/17 575/310/18
f 589/325/21 588/324/19 576/311/20
f 590/326/23 589/325/21 577/313/22
f 592/327/49 591/337/58 579/328/26
f 593/329/50 592/327/49 580/315/3
f 594/330/51 593/329/50 581/316/6
f 583/318/48 595/341/62 594/330/51
f 596/331/52 595/341/62 583/318/48
f 597/332/53 596/331/52 584/319/12
f 586/322/32 598/345/66 597/332/53
f 599/333/54 598/345/66 586/322/32
f 588/324/19 600/348/69 599/333/54
f 601/334/55 600/348/69 588/324/19
f 602/335/56 601/334/55 589/325/21
f 604/336/57 603/351/71 591/337/58
f 605/338/59 604/336/57 592/327/49
f 606/339/60 605/338/59 593/329/50
f 607/340/61 606/339/60 594/330/51
f 608/342/63 607/340/61 595/341/62
f 609/343/64 608/342/63 596/331/52
f 610/344/65 609/343/64 597/332/53
f 611/346/67 610/344/65 598/345/66
f 612/347/68 611/346/67 599/333/54
f 601/334/55 613/359/72 612/347/68
f 614/349/70 613/359/72 601/334/55
f 520/350/5 519/8/4 603/351/71
f 521/352/7 520/350/5 604/336/57
f 606/339/60 522/361/9 521/352/7
f 523/353/11 522/361/9 606/339/60
f 524/354/13 523/353/11 607/340/61
f 525/355/15 524/354/13 608/342/63
f 526/356/16 525/355/15 609/343/64
f 611/346/67 527/362/18 526/356/16
f 528/357/20 527/362/18 611/346/67
f 529/358/22 528/357/20 612/347/68
f 530/360/24 529/358/22 613/359/72
f 628/279/3 627/292/26 615/4/4
f 617/261/7 629/281/6 628/279/3
f 618/263/9 630/282/8 629/281/6
f 631/283/48 630/282/8 618/263/9
f 632/284/12 631/283/48 619/265/11
f 633/285/14 632/284/12 620/267/13
f 634/287/32 633/285/14 621/269/15
f 635/288/17 634/287/32 622/270/16
f 624/274/20 636/289/19 635/288/17
f 637/290/21 636/289/19 624/274/20
f 638/301/23 637/290/21 625/276/22
f 640/303/49 639/101/58 627/292/26
f 629/281/6 641/304/50 640/303/49
f 642/305/51 641/304/50 629/281/6
f 643/307/62 642/305/51 630/282/8
f 632/284/12 644/320/52 643/307/62
f 645/308/53 644/320/52 632/284/12
f 646/309/66 645/308/53 633/285/14
f 647/310/54 646/309/66 634/287/32
f 648/311/69 647/310/54 635/288/17
f 649/313/55 648/311/69 636/289/19
f 638/301/23 650/314/56 649/313/55
f 652/327/57 651/337/71 639/101/58
f 653/329/59 652/327/57 640/303/49
f 642/305/51 654/330/60 653/329/59
f 655/341/73 654/330/60 642/305/51
f 656/331/63 655/341/73 643/307/62
f 657/332/64 656/331/63 644/320/52
f 658/345/74 657/332/64 645/308/53
f 659/333/67 658/345/74 646/309/66
f 648/311/69 660/348/68 659/333/67
f 661/334/72 660/348/68 648/311/69
f 662/335/70 661/334/72 649/313/55
f 616/350/5 615/8/4 651/337/71
f 617/352/7 616/350/5 652/327/57
f 618/361/9 617/352/7 653/329/59
f 655/341/73 619/353/11 618/361/9
f 620/354/13 619/353/11 655/341/73
f 621/355/15 620/354/13 656/331/63
f 622/356/16 621/355/15 657/332/64
f 623/362/18 622/356/16 658/345/74
f 624/357/20 623/362/18 659/333/67
f 625/358/22 624/357/20 660/348/68
f 626/360/24 625/358/22 661/334/72
f 664/259/75 676/364/57 675/363/71
f 665/261/77 677/365/59 676/364/57
f 666/263/78 678/366/60 677/365/59
f 667/265/79 679/367/73 678/366/60
f 668/267/80 680/379/63 679/367/73
f 681/368/64 680/379/63 668/267/80
f 682/369/74 681/368/64 669/269/81
f 683/370/67 682/369/74 670/270/82
f 684/371/68 683/370/67 671/272/83
f 685/372/72 684/371/68 672/274/84
f 686/373/70 685/372/72 673/276/85
f 688/374/5 687/386/4 675/363/71
f 689/375/7 688/374/5 676/364/57
f 690/376/9 689/375/7 677/365/59
f 691/377/11 690/376/9 678/366/60
f 692/378/13 691/377/11 679/367/73
f 693/380/15 692/378/13 680/379/63
f 682/369/74 694/392/16 693/380/15
f 695/381/18 694/392/16 682/369/74
f 696/382/20 695/381/18 683/370/67
f 697/383/22 696/382/20 684/371/68
f 698/384/24 697/383/22 685/372/72
f 700/385/87 699/398/98 687/386/4
f 701/387/88 700/385/87 688/374/5
f 702/388/89 701/387/88 689/375/7
f 703/389/90 702/388/89 690/376/9
f 704/390/91 703/389/90 691/377/11
f 705/391/92 704/390/91 692/378/13
f 694/392/16 706/393/93 705/391/92
f 695/381/18 707/394/94 706/393/93
f 696/382/20 708/395/95 707/394/94
f 697/383/22 709/396/96 708/395/95
f 698/384/24 710/407/107 709/396/96
f 712/397/97 711/410/110 699/398/98
f 713/399/99 712/397/97 700/385/87
f 714/400/100 713/399/99 701/387/88
f 715/401/101 714/400/100 702/388/89
f 716/402/102 715/401/101 703/389/90
f 717/403/103 716/402/102 704/390/91
f 706/393/93 718/404/104 717/403/103
f 707/394/94 719/405/105 718/404/104
f 708/395/95 720/406/106 719/405/105
f 709/396/96 721/408/108 720/406/106
f 710/407/107 722/421/121 721/408/108
f 712/397/97 724/411/111 723/409/109
f 713/399/99 725/412/112 724/411/111
f 714/400/100 726/413/113 725/412/112
f 715/401/101 727/414/114 726/413/113
f 716/402/102 728/427/127 727/414/114
f 729/415/115 728/427/127 716/402/102
f 730/416/116 729/415/115 717/403/103
f 731/417/117 730/416/116 718/404/104
f 732/418/118 731/417/117 719/405/105
f 733/419/119 732/418/118 720/406/106
f 734/420/120 733/419/119 721/408/108
f 736/422/122 735/434/134 723/409/109
f 737/423/123 736/422/122 724/411/111
f 738/424/124 737/423/123 725/412/112
f 739/425/125 738/424/124 726/413/113
f 740/426/126 739/425/125 727/414/114
f 741/428/128 740/426/126 728/427/127
f 730/416/116 742/429/129 741/428/128
f 731/417/117 743/430/130 742/429/129
f 732/418/118 744/431/131 743/430/130
f 733/419/119 745/432/132 744/431/131
f 734/420/120 746/445/145 745/432/132
f 736/422/122 748/435/135 747/433/133
f 737/423/123 749/436/136 748/435/135
f 738/424/124 750/437/137 749/436/136
f 739/425/125 751/438/138 750/437/137
f 740/426/126 752/450/150 751/438/138
f 753/439/139 752/450/150 740/426/126
f 754/440/140 753/439/139 741/428/128
f 755/441/141 754/440/140 742/429/129
f 756/442/142 755/441/141 743/430/130
f 757/443/143 756/442/142 744/431/131
f 758/444/144 757/443/143 745/432/132
f 748/435/135 760/447/147 759/446/146
f 749/436/136 761/448/148 760/447/147
f 750/437/137 762/449/149 761/448/148
f 751/438/138 763/451/151 762/449/149
f 752/450/150 764/462/162 763/451/151
f 765/452/152 764/462/162 752/450/150
f 766/453/153 765/452/152 753/439/139
f 767/454/154 766/453/153 754/440/140
f 768/455/155 767/454/154 755/441/141
f 769/456/156 768/455/155 756/442/142
f 770/457/157 769/456/156 757/443/143
f 760/447/147 772/459/159 771/458/158
f 761/448/148 773/460/160 772/459/159
f 762/449/149 774/461/161 773/460/160
f 763/451/151 775/463/163 774/461/161
f 764/462/162 776/474/174 775/463/163
f 777/464/164 776/474/174 764/462/162
f 778/465/165 777/464/164 765/452/152
f 779/466/166 778/465/165 766/453/153
f 780/467/167 779/466/166 767/454/154
f 781/468/168 780/467/167 768/455/155
f 782/469/169 781/468/168 769/456/156
f 772/459/159 784/471/171 783/470/170
f 773/460/160 785/472/172 784/471/171
f 774/461/161 786/473/173 785/472/172
f 775/463/163 787/475/175 786/473/173
f 776/474/174 788/486/186 787/475/175
f 789/476/176 788/486/186 776/474/174
f 790/477/177 789/476/176 777/464/164
f 791/478/178 790/477/177 778/465/165
f 792/479/179 791/478/178 779/466/166
f 793/480/180 792/479/179 780/467/167
f 794/481/181 793/480/180 781/468/168
f 784/471/171 796/483/183 795/482/182
f 785/472/172 797/484/184 796/483/183
f 786/473/173 798/485/185 797/484/184
f 787/475/175 799/487/187 798/485/185
f 788/486/186 800/498/198 799/487/187
f 801/488/188 800/498/198 788/486/186
f 802/489/189 801/488/188 789/476/176
f 803/490/190 802/489/189 790/477/177
f 804/491/191 803/490/190 791/478/178
f 805/492/192 804/491/191 792/479/179
f 806/493/193 805/492/192 793/480/180
f 796/483/183 808/495/195 807/494/194
f 797/484/184 809/496/196 808/495/195
f 798/485/185 810/497/197 809/496/196
f 799/487/187 811/499/199 810/497/197
f 800/498/198 812/510/210 811/499/199
f 813/500/200 812/510/210 800/498/198
f 814/501/201 813/500/200 801/488/188
f 815/502/202 814/501/201 802/489/189
f 816/503/203 815/502/202 803/490/190
f 817/504/204 816/503/203 804/491/191
f 818/505/205 817/504/204 805/492/192
f 808/495/195 820/507/207 819/506/206
f 809/496/196 821/508/208 820/507/207
f 810/497/197 822/509/209 821/508/208
f 811/499/199 823/511/211 822/509/209
f 812/510/210 824/522/222 823/511/211
f 825/512/212 824/522/222 812/510/210
f 826/513/213 825/512/212 813/500/200
f 827/514/214 826/513/213 814/501/201
f 828/515/215 827/514/214 815/502/202
f 829/516/216 828/515/215 816/503/203
f 830/517/217 829/516/216 817/504/204
f 820/507/207 832/519/219 831/518/218
f 821/508/208 833/520/220 832/519/219
f 822/509/209 834/521/221 833/520/220
f 823/511/211 835/523/223 834/521/221
f 824/522/222 836/534/234 835/523/223
f 837/524/224 836/534/234 824/522/222
f 838/525/225 837/524/224 825/512/212
f 839/526/226 838/525/225 826/513/213
f 840/527/227 839/526/226 827/514/214
f 841/528/228 840/527/227 828/515/215
f 842/529/229 841/528/228 829/516/216
f 832/519/219 844/531/231 843/530/230
f 833/520/220 845/532/232 844/531/231
f 834/521/221 846/533/233 845/532/232
f 835/523/223 847/535/235 846/533/233
f 836/534/234 848/546/246 847/535/235
f 849/536/236 848/546/246 836/534/234
f 850/537/237 849/536/236 837/524/224
f 851/538/238 850/537/237 838/525/225
f 852/539/239 851/538/238 839/526/226
f 853/540/240 852/539/239 840/527/227
f 854/541/241 853/540/240 841/528/228
f 844/531/231 856/543/243 855/542/242
f 845/532/232 857/544/244 856/543/243
f 846/533/233 858/545/245 857/544/244
f 847/535/235 859/547/247 858/545/245
f 848/546/246 860/559/259 859/547/247
f 861/548/248 860/559/259 848/546/246
f 862/549/249 861/548/248 849/536/236
f 863/550/250 862/549/249 850/537/237
f 864/551/251 863/550/250 851/538/238
f 865/552/252 864/551/251 852/539/239
f 866/553/253 865/552/252 853/540/240
f 868/554/254 867/566/266 855/542/242
f 869/555/255 868/554/254 856/543/243
f 870/556/256 869/555/255 857/544/244
f 871/557/257 870/556/256 858/545/245
f 872/558/258 871/557/257 859/547/247
f 873/560/260 872/558/258 860/559/259
f 862/549/249 874/561/261 873/560/260
f 863/550/250 875/562/262 874/561/261
f 864/551/251 876/563/263 875/562/262
f 865/552/252 877/564/264 876/563/263
f 866/553/253 878/577/277 877/564/264
f 868/554/254 880/567/267 879/565/265
f 869/555/255 881/568/268 880/567/267
f 870/556/256 882/569/269 881/568/268
f 871/557/257 883/570/270 882/569/269
f 872/558/258 884/582/282 883/570/270
f 885/571/271 884/582/282 872/558/258
f 886/572/272 885/571/271 873/560/260
f 887/573/273 886/572/272 874/561/261
f 888/574/274 887/573/273 875/562/262
f 889/575/275 888/574/274 876/563/263
f 890/576/276 889/575/275 877/564/264
f 880/567/267 892/579/279 891/578/278
f 881/568/268 893/580/280 892/579/279
f 882/569/269 894/581/281 893/580/280
f 883/570/270 895/583/283 894/581/281
f 884/582/282 896/594/294 895/583/283
f 897/584/284 896/594/294 884/582/282
f 898/585/285 897/584/284 885/571/271
f 899/586/286 898/585/285 886/572/272
f 900/587/287 899/586/286 887/573/273
f 901/588/288 900/587/287 888/574/274
f 902/589/289 901/588/288 889/575/275
f 892/579/279 904/591/291 903/590/290
f 893/580/280 905/592/292 904/591/291
f 894/581/281 906/593/293 905/592/292
f 895/583/283 907/595/295 906/593/293
f 896/594/294 908/606/306 907/595/295
f 909/596/296 908/606/306 896/594/294
f 910/597/297 909/596/296 897/584/284
f 911/598/298 910/597/297 898/585/285
f 912/599/299 911/598/298 899/586/286
f 913/600/300 912/599/299 900/587/287
f 914/601/301 913/600/300 901/588/288
f 904/591/291 916/603/303 915/602/302
f 905/592/292 917/604/304 916/603/303
f 906/593/293 918/605/305 917/604/304
f 907/595/295 919/607/307 918/605/305
f 908/606/306 920/618/318 919/607/307
f 921/608/308 920/618/318 908/606/306
f 922/609/309 921/608/308 909/596/296
f 923/610/310 922/609/309 910/597/297
f 924/611/311 923/610/310 911/598/298
f 925/612/312 924/611/311 912/599/299
f 926/613/313 925/612/312 913/600/300
f 916/603/303 928/615/315 927/614/314
f 917/604/304 929/616/316 928/615/315
f 918/605/305 930/617/317 929/616/316
f 919/607/307 931/619/319 930/617/317
f 920/618/318 932/630/330 931/619/319
f 933/620/320 932/630/330 920/618/318
f 934/621/321 933/620/320 921/608/308
f 935/622/322 934/621/321 922/609/309
f 936/623/323 935/622/322 923/610/310
f 937/624/324 936/623/323 924/611/311
f 938/625/325 937/624/324 925/612/312
f 928/615/315 940/627/327 939/626/326
f 929/616/316 941/628/328 940/627/327
f 930/617/317 942/629/329 941/628/328
f 931/619/319 943/631/331 942/629/329
f 932/630/330 944/642/342 943/631/331
f 945/632/332 944/642/342 932/630/330
f 946/633/333 945/632/332 933/620/320
f 947/634/334 946/633/333 934/621/321
f 948/635/335 947/634/334 935/622/322
f 949/636/336 948/635/335 936/623/323
f 950/637/337 949/636/336 937/624/324
f 940/627/327 952/639/339 951/638/338
f 941/628/328 953/640/340 952/639/339
f 942/629/329 954/641/341 953/640/340
f 943/631/331 955/643/343 954/641/341
f 944/642/342 956/654/354 955/643/343
f 957/644/344 956/654/354 944/642/342
f 958/645/345 957/644/344 945/632/332
f 959/646/346 958/645/345 946/633/333
f 960/647/347 959/646/346 947/634/334
f 961/648/348 960/647/347 948/635/335
f 962/649/349 961/648/348 949/636/336
f 952/639/339 964/651/351 963/650/350
f 953/640/340 965/652/352 964/651/351
f 954/641/341 966/653/353 965/652/352
f 955/643/343 967/655/355 966/653/353
f 956/654/354 968/666/366 967/655/355
f 969/656/356 968/666/366 956/654/354
f 970/657/357 969/656/356 957/644/344
f 971/658/358 970/657/357 958/645/345
f 972/659/359 971/658/358 959/646/346
f 973/660/360 972/659/359 960/647/347
f 974/661/361 973/660/360 961/648/348
f 964/651/351 976/663/363 975/662/362
f 965/652/352 977/664/364 976/663/363
f 966/653/353 978/665/365 977/664/364
f 967/655/355 979/667/367 978/665/365
f 968/666/366 980/678/378 979/667/367
f 981/668/368 980/678/378 968/666/366
f 982/669/369 981/668/368 969/656/356
f 983/670/370 982/669/369 970/657/357
f 984/671/371 983/670/370 971/658/358
f 985/672/372 984/671/371 972/659/359
f 986/673/373 985/672/372 973/660/360
f 976/663/363 988/675/375 987/674/374
f 977/664/364 989/676/376 988/675/375
f 978/665/365 990/677/377 989/676/376
f 979/667/367 991/679/379 990/677/377
f 980/678/378 992/690/390 991/679/379
f 993/680/380 992/690/390 980/678/378
f 994/681/381 993/680/380 981/668/368
f 995/682/382 994/681/381 982/669/369
f 996/683/383 995/682/382 983/670/370
f 997/684/384 996/683/383 984/671/371
f 998/685/385 997/684/384 985/672/372
f 988/675/375 1000/687/387 999/686/386
f 989/676/376 1001/688/388 1000/687/387
f 990/677/377 1002/689/389 1001/688/388
f 991/679/379 1003/691/391 1002/689/389
f 992/690/390 1004/698/403 1003/691/391
f 1005/692/392 1004/698/403 992/690/390
f 1006/693/393 1005/692/392 993/680/380
f 1007/694/394 1006/693/393 994/681/381
f 1008/695/395 1007/694/394 995/682/382
f 1009/696/396 1008/695/395 996/683/383
f 1010/697/397 1009/696/396 997/684/384
f 1012/279/398 1011/292/410 999/686/386
f 1013/281/399 1012/279/398 1000/687/387
f 1014/282/400 1013/281/399 1001/688/388
f 1015/283/401 1014/282/400 1002/689/389
f 1016/284/402 1015/283/401 1003/691/391
f 1017/285/404 1016/284/402 1004/698/403
f 1006/693/393 1018/287/405 1017/285/404
f 1007/694/394 1019/288/406 1018/287/405
f 1008/695/395 1020/289/407 1019/288/406
f 1009/696/396 1021/290/408 1020/289/407
f 1010/697/397 1022/301/419 1021/290/408
f 1024/699/409 1023/710/422 1011/292/410
f 1025/700/411 1024/699/409 1012/279/398
f 1026/701/412 1025/700/411 1013/281/399
f 1027/702/413 1026/701/412 1014/282/400
f 1028/703/414 1027/702/413 1015/283/401
f 1029/704/415 1028/703/414 1016/284/402
f 1018/287/405 1030/705/416 1029/704/415
f 1019/288/406 1031/706/417 1030/705/416
f 1020/289/407 1032/707/418 1031/706/417
f 1021/290/408 1033/708/420 1032/707/418
f 1022/301/419 1034/721/433 1033/708/420
f 1024/699/409 1036/711/423 1035/709/421
f 1025/700/411 1037/712/424 1036/711/423
f 1026/701/412 1038/713/425 1037/712/424
f 1027/702/413 1039/714/426 1038/713/425
f 1028/703/414 1040/726/438 1039/714/426
f 1041/715/427 1040/726/438 1028/703/414
f 1042/716/428 1041/715/427 1029/704/415
f 1043/717/429 1042/716/428 1030/705/416
f 1044/718/430 1043/717/429 1031/706/417
f 1045/719/431 1044/718/430 1032/707/418
f 1046/720/432 1045/719/431 1033/708/420
f 1036/711/423 1048/723/435 1047/722/434
f 1037/712/424 1049/724/436 1048/723/435
f 1038/713/425 1050/725/437 1049/724/436
f 1039/714/426 1051/727/439 1050/725/437
f 1040/726/438 1052/738/450 1051/727/439
f 1053/728/440 1052/738/450 1040/726/438
f 1054/729/441 1053/728/440 1041/715/427
f 1055/730/442 1054/729/441 1042/716/428
f 1056/731/443 1055/730/442 1043/717/429
f 1057/732/444 1056/731/443 1044/718/430
f 1058/733/445 1057/732/444 1045/719/431
f 1048/723/435 1060/735/447 1059/734/446
f 1049/724/436 1061/736/448 1060/735/447
f 1050/725/437 1062/737/449 1061/736/448
f 1051/727/439 1063/739/451 1062/737/449
f 1052/738/450 1064/751/463 1063/739/451
f 1065/740/452 1064/751/463 1052/738/450
f 1066/741/453 1065/740/452 1053/728/440
f 1067/742/454 1066/741/453 1054/729/441
f 1068/743/455 1067/742/454 1055/730/442
f 1069/744/456 1068/743/455 1056/731/443
f 1070/745/457 1069/744/456 1057/732/444
f 1072/746/458 1071/758/470 1059/734/446
f 1073/747/459 1072/746/458 1060/735/447
f 1074/748/460 1073/747/459 1061/736/448
f 1075/749/461 1074/748/460 1062/737/449
f 1076/750/462 1075/749/461 1063/739/451
f 1077/752/464 1076/750/462 1064/751/463
f 1066/741/453 1078/753/465 1077/752/464
f 1067/742/454 1079/754/466 1078/753/465
f 1068/743/455 1080/755/467 1079/754/466
f 1069/744/456 1081/756/468 1080/755/467
f 1070/745/457 1082/767/479 1081/756/468
f 1084/757/469 1083/770/482 1071/758/470
f 1085/759/471 1084/757/469 1072/746/458
f 1086/760/472 1085/759/471 1073/747/459
f 1087/761/473 1086/760/472 1074/748/460
f 1088/762/474 1087/761/473 1075/749/461
f 1089/763/475 1088/762/474 1076/750/462
f 1078/753/465 1090/764/476 1089/763/475
f 1079/754/466 1091/765/477 1090/764/476
f 1080/755/467 1092/766/478 1091/765/477
f 1081/756/468 1093/768/480 1092/766/478
f 1082/767/479 1094/779/491 1093/768/480
f 1096/769/481 1095/782/494 1083/770/482
f 1097/771/483 1096/769/481 1084/757/469
f 1098/772/484 1097/771/483 1085/759/471
f 1099/773/485 1098/772/484 1086/760/472
f 1100/774/486 1099/773/485 1087/761/473
f 1101/775/487 1100/774/486 1088/762/474
f 1090/764/476 1102/776/488 1101/775/487
f 1091/765/477 1103/777/489 1102/776/488
f 1092/766/478 1104/778/490 1103/777/489
f 1093/768/480 1105/780/492 1104/778/490
f 1094/779/491 1106/791/503 1105/780/492
f 1108/781/493 1107/794/506 1095/782/494
f 1109/783/495 1108/781/493 1096/769/481
f 1110/784/496 1109/783/495 1097/771/483
f 1111/785/497 1110/784/496 1098/772/484
f 1112/786/498 1111/785/497 1099/773/485
f 1113/787/499 1112/786/498 1100/774/486
f 1102/776/488 1114/788/500 1113/787/499
f 1103/777/489 1115/789/501 1114/788/500
f 1104/778/490 1116/790/502 1115/789/501
f 1105/780/492 1117/792/504 1116/790/502
f 1106/791/503 1118/803/515 1117/792/504
f 1120/793/505 1119/806/518 1107/794/506
f 1121/795/507 1120/793/505 1108/781/493
f 1122/796/508 1121/795/507 1109/783/495
f 1123/797/509 1122/796/508 1110/784/496
f 1124/798/510 1123/797/509 1111/785/497
f 1125/799/511 1124/798/510 1112/786/498
f 1114/788/500 1126/800/512 1125/799/511
f 1115/789/501 1127/801/513 1126/800/512
f 1116/790/502 1128/802/514 1127/801/513
f 1117/792/504 1129/804/516 1128/802/514
f 1118/803/515 1130/815/527 1129/804/516
f 1132/805/517 1131/818/530 1119/806/518
f 1133/807/519 1132/805/517 1120/793/505
f 1134/808/520 1133/807/519 1121/795/507
f 1135/809/521 1134/808/520 1122/796/508
f 1136/810/522 1135/809/521 1123/797/509
f 1137/811/523 1136/810/522 1124/798/510
f 1126/800/512 1138/812/524 1137/811/523
f 1127/801/513 1139/813/525 1138/812/524
f 1128/802/514 1140/814/526 1139/813/525
f 1129/804/516 1141/816/528 1140/814/526
f 1130/815/527 1142/827/539 1141/816/528
f 1144/817/529 1143/830/542 1131/818/530
f 1145/819/531 1144/817/529 1132/805/517
f 1146/820/532 1145/819/531 1133/807/519
f 1147/821/533 1146/820/532 1134/808/520
f 1148/822/534 1147/821/533 1135/809/521
f 1149/823/535 1148/822/534 1136/810/522
f 1138/812/524 1150/824/536 1149/823/535
f 1139/813/525 1151/825/537 1150/824/536
f 1140/814/526 1152/826/538 1151/825/537
f 1141/816/528 1153/828/540 1152/826/538
f 1142/827/539 1154/839/551 1153/828/540
f 1156/829/541 1155/842/554 1143/830/542
f 1157/831/543 1156/829/541 1144/817/529
f 1158/832/544 1157/831/543 1145/819/531
f 1159/833/545 1158/832/544 1146/820/532
f 1160/834/546 1159/833/545 1147/821/533
f 1161/835/547 1160/834/546 1148/822/534
f 1150/824/536 1162/836/548 1161/835/547
f 1151/825/537 1163/837/549 1162/836/548
f 1152/826/538 1164/838/550 1163/837/549
f 1153/828/540 1165/840/552 1164/838/550
f 1154/839/551 1166/853/565 1165/840/552
f 1156/829/541 1168/843/555 1167/841/553
f 1157/831/543 1169/844/556 1168/843/555
f 1158/832/544 1170/845/557 1169/844/556
f 1159/833/545 1171/846/558 1170/845/557
f 1160/834/546 1172/859/571 1171/846/558
f 1173/847/559 1172/859/571 1160/834/546
f 1174/848/560 1173/847/559 1161/835/547
f 1175/849/561 1174/848/560 1162/836/548
f 1176/850/562 1175/849/561 1163/837/549
f 1177/851/563 1176/850/562 1164/838/550
f 1178/852/564 1177/851/563 1165/840/552
f 1180/854/566 1179/866/578 1167/841/553
f 1181/855/567 1180/854/566 1168/843/555
f 1182/856/568 1181/855/567 1169/844/556
f 1183/857/569 1182/856/568 1170/845/557
f 1184/858/570 1183/857/569 1171/846/558
f 1185/860/572 1184/858/570 1172/859/571
f 1174/848/560 1186/861/573 1185/860/572
f 1175/849/561 1187/862/574 1186/861/573
f 1176/850/562 1188/863/575 1187/862/574
f 1177/851/563 1189/864/576 1188/863/575
f 1178/852/564 1190/875/587 1189/864/576
f 1192/865/577 1191/878/590 1179/866/578
f 1193/867/579 1192/865/577 1180/854/566
f 1194/868/580 1193/867/579 1181/855/567
f 1195/869/581 1194/868/580 1182/856/568
f 1196/870/582 1195/869/581 1183/857/569
f 1197/871/583 1196/870/582 1184/858/570
f 1186/861/573 1198/872/584 1197/871/583
f 1187/862/574 1199/873/585 1198/872/584
f 1188/863/575 1200/874/586 1199/873/585
f 1189/864/576 1201/876/588 1200/874/586
f 1190/875/587 1202/887/599 1201/876/588
f 1204/877/589 1203/890/602 1191/878/590
f 1205/879/591 1204/877/589 1192/865/577
f 1206/880/592 1205/879/591 1193/867/579
f 1207/881/593 1206/880/592 1194/868/580
f 1208/882/594 1207/881/593 1195/869/581
f 1209/883/595 1208/882/594 1196/870/582
f 1198/872/584 1210/884/596 1209/883/595
f 1199/873/585 1211/885/597 1210/884/596
f 1200/874/586 1212/886/598 1211/885/597
f 1201/876/588 1213/888/600 1212/886/598
f 1202/887/599 1214/899/611 1213/888/600
f 1216/889/601 1215/902/614 1203/890/602
f 1217/891/603 1216/889/601 1204/877/589
f 1218/892/604 1217/891/603 1205/879/591
f 1219/893/605 1218/892/604 1206/880/592
f 1220/894/606 1219/893/605 1207/881/593
f 1221/895/607 1220/894/606 1208/882/594
f 1210/884/596 1222/896/608 1221/895/607
f 1211/885/597 1223/897/609 1222/896/608
f 1212/886/598 1224/898/610 1223/897/609
f 1213/888/600 1225/900/612 1224/898/610
f 1214/899/611 1226/911/623 1225/900/612
f 1228/901/613 1227/914/626 1215/902/614
f 1229/903/615 1228/901/613 1216/889/601
f 1230/904/616 1229/903/615 1217/891/603
f 1231/905/617 1230/904/616 1218/892/604
f 1232/906/618 1231/905/617 1219/893/605
f 1233/907/619 1232/906/618 1220/894/606
f 1222/896/608 1234/908/620 1233/907/619
f 1223/897/609 1235/909/621 1234/908/620
f 1224/898/610 1236/910/622 1235/909/621
f 1225/900/612 1237/912/624 1236/910/622
f 1226/911/623 1238/923/635 1237/912/624
f 1240/913/625 1239/926/638 1227/914/626
f 1241/915/627 1240/913/625 1228/901/613
f 1242/916/628 1241/915/627 1229/903/615
f 1243/917/629 1242/916/628 1230/904/616
f 1244/918/630 1243/917/629 1231/905/617
f 1245/919/631 1244/918/630 1232/906/618
f 1234/908/620 1246/920/632 1245/919/631
f 1235/909/621 1247/921/633 1246/920/632
f 1236/910/622 1248/922/634 1247/921/633
f 1237/912/624 1249/924/636 1248/922/634
f 1238/923/635 1250/935/647 1249/924/636
f 1252/925/637 1251/938/650 1239/926/638
f 1253/927/639 1252/925/637 1240/913/625
f 1254/928/640 1253/927/639 1241/915/627
f 1255/929/641 1254/928/640 1242/916/628
f 1256/930/642 1255/929/641 1243/917/629
f 1257/931/643 1256/930/642 1244/918/630
f 1246/920/632 1258/932/644 1257/931/643
f 1247/921/633 1259/933/645 1258/932/644
f 1248/922/634 1260/934/646 1259/933/645
f 1249/924/636 1261/936/648 1260/934/646
f 1250/935/647 1262/947/659 1261/936/648
f 1264/937/649 1263/950/662 1251/938/650
f 1265/939/651 1264/937/649 1252/925/637
f 1266/940/652 1265/939/651 1253/927/639
f 1267/941/653 1266/940/652 1254/928/640
f 1268/942/654 1267/941/653 1255/929/641
f 1269/943/655 1268/942/654 1256/930/642
f 1258/932/644 1270/944/656 1269/943/655
f 1259/933/645 1271/945/657 1270/944/656
f 1260/934/646 1272/946/658 1271/945/657
f 1261/936/648 1273/948/660 1272/946/658
f 1262/947/659 1274/961/673 1273/948/660
f 1264/937/649 1276/951/663 1275/949/661
f 1265/939/651 1277/952/664 1276/951/663
f 1266/940/652 1278/953/665 1277/952/664
f 1267/941/653 1279/965/677 1278/953/665
f 1280/954/666 1279/965/677 1267/941/653
f 1281/955/667 1280/954/666 1268/942/654
f 1282/956/668 1281/955/667 1269/943/655
f 1283/957/669 1282/956/668 1270/944/656
f 1284/958/670 1283/957/669 1271/945/657
f 1285/959/671 1284/958/670 1272/946/658
f 1286/960/672 1285/959/671 1273/948/660
f 1276/951/663 1288/963/675 1287/962/674
f 1277/952/664 1289/964/676 1288/963/675
f 1278/953/665 1290/966/678 1289/964/676
f 1279/965/677 1291/967/679 1290/966/678
f 1280/954/666 1292/978/690 1291/967/679
f 1293/968/680 1292/978/690 1280/954/666
f 1294/969/681 1293/968/680 1281/955/667
f 1295/970/682 1294/969/681 1282/956/668
f 1296/971/683 1295/970/682 1283/957/669
f 1297/972/684 1296/971/683 1284/958/670
f 1298/973/685 1297/972/684 1285/959/671
f 1288/963/675 1300/975/687 1299/974/686
f 1289/964/676 1301/976/688 1300/975/687
f 1290/966/678 1302/977/689 1301/976/688
f 1291/967/679 1303/979/691 1302/977/689
f 1292/978/690 1304/991/703 1303/979/691
f 1305/980/692 1304/991/703 1292/978/690
f 1306/981/693 1305/980/692 1293/968/680
f 1307/982/694 1306/981/693 1294/969/681
f 1308/983/695 1307/982/694 1295/970/682
f 1309/984/696 1308/983/695 1296/971/683
f 1310/985/697 1309/984/696 1297/972/684
f 1312/986/698 1311/998/710 1299/974/686
f 1313/987/699 1312/986/698 1300/975/687
f 1314/988/700 1313/987/699 1301/976/688
f 1315/989/701 1314/988/700 1302/977/689
f 1316/990/702 1315/989/701 1303/979/691
f 1317/992/704 1316/990/702 1304/991/703
f 1306/981/693 1318/993/705 1317/992/704
f 1307/982/694 1319/994/706 1318/993/705
f 1308/983/695 1320/995/707 1319/994/706
f 1309/984/696 1321/996/708 1320/995/707
f 1310/985/697 1322/1009/721 1321/996/708
f 1312/986/698 1324/999/711 1323/997/709
f 1313/987/699 1325/1000/712 1324/999/711
f 1314/988/700 1326/1001/713 1325/1000/712
f 1315/989/701 1327/1002/714 1326/1001/713
f 1316/990/702 1328/1014/726 1327/1002/714
f 1329/1003/715 1328/1014/726 1316/990/702
f 1330/1004/716 1329/1003/715 1317/992/704
f 1331/1005/717 1330/1004/716 1318/993/705
f 1332/1006/718 1331/1005/717 1319/994/706
f 1333/1007/719 1332/1006/718 1320/995/707
f 1334/1008/720 1333/1007/719 1321/996/708
f 1324/999/711 1336/1011/723 1335/1010/722
f 1325/1000/712 1337/1012/724 1336/1011/723
f 1326/1001/713 1338/1013/725 1337/1012/724
f 1327/1002/714 1339/1015/727 1338/1013/725
f 1328/1014/726 1340/1026/738 1339/1015/727
f 1341/1016/728 1340/1026/738 1328/1014/726
f 1342/1017/729 1341/1016/728 1329/1003/715
f 1343/1018/730 1342/1017/729 1330/1004/716
f 1344/1019/731 1343/1018/730 1331/1005/717
f 1345/1020/732 1344/1019/731 1332/1006/718
f 1346/1021/733 1345/1020/732 1333/1007/719
f 1336/1011/723 1348/1023/735 1347/1022/734
f 1337/1012/724 1349/1024/736 1348/1023/735
f 1338/1013/725 1350/1025/737 1349/1024/736
f 1339/1015/727 1351/1027/739 1350/1025/737
f 1340/1026/738 1352/1034/751 1351/1027/739
f 1353/1028/740 1352/1034/751 1340/1026/738
f 1354/1029/741 1353/1028/740 1341/1016/728
f 1355/1030/742 1354/1029/741 1342/1017/729
f 1356/1031/743 1355/1030/742 1343/1018/730
f 1357/1032/744 1356/1031/743 1344/1019/731
f 1358/1033/745 1357/1032/744 1345/1020/732
f 1360/303/746 1359/101/758 1347/1022/734
f 1361/304/747 1360/303/746 1348/1023/735
f 1362/305/748 1361/304/747 1349/1024/736
f 1363/307/749 1362/305/748 1350/1025/737
f 1364/320/750 1363/307/749 1351/1027/739
f 1365/308/752 1364/320/750 1352/1034/751
f 1354/1029/741 1366/309/753 1365/308/752
f 1355/1030/742 1367/310/754 1366/309/753
f 1356/1031/743 1368/311/755 1367/310/754
f 1357/1032/744 1369/313/756 1368/311/755
f 1358/1033/745 1370/314/767 1369/313/756
f 1372/1035/757 1371/1046/770 1359/101/758
f 1373/1036/759 1372/1035/757 1360/303/746
f 1374/1037/760 1373/1036/759 1361/304/747
f 1375/1038/761 1374/1037/760 1362/305/748
f 1376/1039/762 1375/1038/761 1363/307/749
f 1377/1040/763 1376/1039/762 1364/320/750
f 1366/309/753 1378/1041/764 1377/1040/763
f 1367/310/754 1379/1042/765 1378/1041/764
f 1368/311/755 1380/1043/766 1379/1042/765
f 1369/313/756 1381/1044/768 1380/1043/766
f 1370/314/767 1382/1055/779 1381/1044/768
f 1384/1045/769 1383/1058/782 1371/1046/770
f 1385/1047/771 1384/1045/769 1372/1035/757
f 1386/1048/772 1385/1047/771 1373/1036/759
f 1387/1049/773 1386/1048/772 1374/1037/760
f 1388/1050/774 1387/1049/773 1375/1038/761
f 1389/1051/775 1388/1050/774 1376/1039/762
f 1378/1041/764 1390/1052/776 1389/1051/775
f 1379/1042/765 1391/1053/777 1390/1052/776
f 1380/1043/766 1392/1054/778 1391/1053/777
f 1381/1044/768 1393/1056/780 1392/1054/778
f 1382/1055/779 1394/1067/791 1393/1056/780
f 1396/1057/781 1395/1070/794 1383/1058/782
f 1397/1059/783 1396/1057/781 1384/1045/769
f 1398/1060/784 1397/1059/783 1385/1047/771
f 1399/1061/785 1398/1060/784 1386/1048/772
f 1400/1062/786 1399/1061/785 1387/1049/773
f 1401/1063/787 1400/1062/786 1388/1050/774
f 1390/1052/776 1402/1064/788 1401/1063/787
f 1391/1053/777 1403/1065/789 1402/1064/788
f 1392/1054/778 1404/1066/790 1403/1065/789
f 1393/1056/780 1405/1068/792 1404/1066/790
f 1394/1067/791 1406/1079/803 1405/1068/792
f 1408/1069/793 1407/1082/806 1395/1070/794
f 1409/1071/795 1408/1069/793 1396/1057/781
f 1410/1072/796 1409/1071/795 1397/1059/783
f 1411/1073/797 1410/1072/796 1398/1060/784
f 1412/1074/798 1411/1073/797 1399/1061/785
f 1413/1075/799 1412/1074/798 1400/1062/786
f 1402/1064/788 1414/1076/800 1413/1075/799
f 1403/1065/789 1415/1077/801 1414/1076/800
f 1404/1066/790 1416/1078/802 1415/1077/801
f 1405/1068/792 1417/1080/804 1416/1078/802
f 1406/1079/803 1418/1091/815 1417/1080/804
f 1420/1081/805 1419/1094/818 1407/1082/806
f 1421/1083/807 1420/1081/805 1408/1069/793
f 1422/1084/808 1421/1083/807 1409/1071/795
f 1423/1085/809 1422/1084/808 1410/1072/796
f 1424/1086/810 1423/1085/809 1411/1073/797
f 1425/1087/811 1424/1086/810 1412/1074/798
f 1414/1076/800 1426/1088/812 1425/1087/811
f 1415/1077/801 1427/1089/813 1426/1088/812
f 1416/1078/802 1428/1090/814 1427/1089/813
f 1417/1080/804 1429/1092/816 1428/1090/814
f 1418/1091/815 1430/1103/827 1429/1092/816
f 1432/1093/817 1431/1106/830 1419/1094/818
f 1433/1095/819 1432/1093/817 1420/1081/805
f 1434/1096/820 1433/1095/819 1421/1083/807
f 1435/1097/821 1434/1096/820 1422/1084/808
f 1436/1098/822 1435/1097/821 1423/1085/809
f 1437/1099/823 1436/1098/822 1424/1086/810
f 1426/1088/812 1438/1100/824 1437/1099/823
f 1427/1089/813 1439/1101/825 1438/1100/824
f 1428/1090/814 1440/1102/826 1439/1101/825
f 1429/1092/816 1441/1104/828 1440/1102/826
f 1430/1103/827 1442/1117/841 1441/1104/828
f 1432/1093/817 1444/1107/831 1443/1105/829
f 1433/1095/819 1445/1108/832 1444/1107/831
f 1434/1096/820 1446/1109/833 1445/1108/832
f 1435/1097/821 1447/1110/834 1446/1109/833
f 1436/1098/822 1448/1123/847 1447/1110/834
f 1449/1111/835 1448/1123/847 1436/1098/822
f 1450/1112/836 1449/1111/835 1437/1099/823
f 1451/1113/837 1450/1112/836 1438/1100/824
f 1452/1114/838 1451/1113/837 1439/1101/825
f 1453/1115/839 1452/1114/838 1440/1102/826
f 1454/1116/840 1453/1115/839 1441/1104/828
f 1456/1118/842 1455/1130/854 1443/1105/829
f 1457/1119/843 1456/1118/842 1444/1107/831
f 1458/1120/844 1457/1119/843 1445/1108/832
f 1459/1121/845 1458/1120/844 1446/1109/833
f 1460/1122/846 1459/1121/845 1447/1110/834
f 1461/1124/848 1460/1122/846 1448/1123/847
f 1450/1112/836 1462/1125/849 1461/1124/848
f 1451/1113/837 1463/1126/850 1462/1125/849
f 1452/1114/838 1464/1127/851 1463/1126/850
f 1453/1115/839 1465/1128/852 1464/1127/851
f 1454/1116/840 1466/1141/865 1465/1128/852
f 1456/1118/842 1468/1131/855 1467/1129/853
f 1457/1119/843 1469/1132/856 1468/1131/855
f 1458/1120/844 1470/1133/857 1469/1132/856
f 1459/1121/845 1471/1134/858 1470/1133/857
f 1460/1122/846 1472/1146/870 1471/1134/858
f 1473/1135/859 1472/1146/870 1460/1122/846
f 1474/1136/860 1473/1135/859 1461/1124/848
f 1475/1137/861 1474/1136/860 1462/1125/849
f 1476/1138/862 1475/1137/861 1463/1126/850
f 1477/1139/863 1476/1138/862 1464/1127/851
f 1478/1140/864 1477/1139/863 1465/1128/852
f 1468/1131/855 1480/1143/867 1479/1142/866
f 1469/1132/856 1481/1144/868 1480/1143/867
f 1470/1133/857 1482/1145/869 1481/1144/868
f 1471/1134/858 1483/1147/871 1482/1145/869
f 1472/1146/870 1484/1158/882 1483/1147/871
f 1485/1148/872 1484/1158/882 1472/1146/870
f 1486/1149/873 1485/1148/872 1473/1135/859
f 1487/1150/874 1486/1149/873 1474/1136/860
f 1488/1151/875 1487/1150/874 1475/1137/861
f 1489/1152/876 1488/1151/875 1476/1138/862
f 1490/1153/877 1489/1152/876 1477/1139/863
f 1480/1143/867 1492/1155/879 1491/1154/878
f 1481/1144/868 1493/1156/880 1492/1155/879
f 1482/1145/869 1494/1157/881 1493/1156/880
f 1483/1147/871 1495/1159/883 1494/1157/881
f 1484/1158/882 1496/1170/894 1495/1159/883
f 1497/1160/884 1496/1170/894 1484/1158/882
f 1498/1161/885 1497/1160/884 1485/1148/872
f 1499/1162/886 1498/1161/885 1486/1149/873
f 1500/1163/887 1499/1162/886 1487/1150/874
f 1501/1164/888 1500/1163/887 1488/1151/875
f 1502/1165/889 1501/1164/888 1489/1152/876
f 1492/1155/879 1504/1167/891 1503/1166/890
f 1493/1156/880 1505/1168/892 1504/1167/891
f 1494/1157/881 1506/1169/893 1505/1168/892
f 1495/1159/883 1507/1171/895 1506/1169/893
f 1496/1170/894 1508/1182/906 1507/1171/895
f 1509/1172/896 1508/1182/906 1496/1170/894
f 1510/1173/897 1509/1172/896 1497/1160/884
f 1511/1174/898 1510/1173/897 1498/1161/885
f 1512/1175/899 1511/1174/898 1499/1162/886
f 1513/1176/900 1512/1175/899 1500/1163/887
f 1514/1177/901 1513/1176/900 1501/1164/888
f 1504/1167/891 1516/1179/903 1515/1178/902
f 1505/1168/892 1517/1180/904 1516/1179/903
f 1506/1169/893 1518/1181/905 1517/1180/904
f 1507/1171/895 1519/1183/907 1518/1181/905
f 1508/1182/906 1520/1194/918 1519/1183/907
f 1521/1184/908 1520/1194/918 1508/1182/906
f 1522/1185/909 1521/1184/908 1509/1172/896
f 1523/1186/910 1522/1185/909 1510/1173/897
f 1524/1187/911 1523/1186/910 1511/1174/898
f 1525/1188/912 1524/1187/911 1512/1175/899
f 1526/1189/913 1525/1188/912 1513/1176/900
f 1516/1179/903 1528/1191/915 1527/1190/914
f 1517/1180/904 1529/1192/916 1528/1191/915
f 1518/1181/905 1530/1193/917 1529/1192/916
f 1519/1183/907 1531/1195/919 1530/1193/917
f 1520/1194/918 1532/1206/930 1531/1195/919
f 1533/1196/920 1532/1206/930 1520/1194/918
f 1534/1197/921 1533/1196/920 1521/1184/908
f 1535/1198/922 1534/1197/921 1522/1185/909
f 1536/1199/923 1535/1198/922 1523/1186/910
f 1537/1200/924 1536/1199/923 1524/1187/911
f 1538/1201/925 1537/1200/924 1525/1188/912
f 1528/1191/915 1540/1203/927 1539/1202/926
f 1529/1192/916 1541/1204/928 1540/1203/927
f 1530/1193/917 1542/1205/929 1541/1204/928
f 1531/1195/919 1543/1207/931 1542/1205/929
f 1532/1206/930 1544/1218/942 1543/1207/931
f 1545/1208/932 1544/1218/942 1532/1206/930
f 1546/1209/933 1545/1208/932 1533/1196/920
f 1547/1210/934 1546/1209/933 1534/1197/921
f 1548/1211/935 1547/1210/934 1535/1198/922
f 1549/1212/936 1548/1211/935 1536/1199/923
f 1550/1213/937 1549/1212/936 1537/1200/924
f 1540/1203/927 1552/1215/939 1551/1214/938
f 1541/1204/928 1553/1216/940 1552/1215/939
f 1542/1205/929 1554/1217/941 1553/1216/940
f 1543/1207/931 1555/1219/943 1554/1217/941
f 1544/1218/942 1556/1230/954 1555/1219/943
f 1557/1220/944 1556/1230/954 1544/1218/942
f 1558/1221/945 1557/1220/944 1545/1208/932
f 1559/1222/946 1558/1221/945 1546/1209/933
f 1560/1223/947 1559/1222/946 1547/1210/934
f 1561/1224/948 1560/1223/947 1548/1211/935
f 1562/1225/949 1561/1224/948 1549/1212/936
f 1552/1215/939 1564/1227/951 1563/1226/950
f 1553/1216/940 1565/1228/952 1564/1227/951
f 1554/1217/941 1566/1229/953 1565/1228/952
f 1555/1219/943 1567/1231/955 1566/1229/953
f 1556/1230/954 1568/1243/967 1567/1231/955
f 1569/1232/956 1568/1243/967 1556/1230/954
f 1570/1233/957 1569/1232/956 1557/1220/944
f 1571/1234/958 1570/1233/957 1558/1221/945
f 1572/1235/959 1571/1234/958 1559/1222/946
f 1573/1236/960 1572/1235/959 1560/1223/947
f 1574/1237/961 1573/1236/960 1561/1224/948
f 1576/1238/962 1575/1250/974 1563/1226/950
f 1577/1239/963 1576/1238/962 1564/1227/951
f 1578/1240/964 1577/1239/963 1565/1228/952
f 1579/1241/965 1578/1240/964 1566/1229/953
f 1580/1242/966 1579/1241/965 1567/1231/955
f 1581/1244/968 1580/1242/966 1568/1243/967
f 1570/1233/957 1582/1245/969 1581/1244/968
f 1571/1234/958 1583/1246/970 1582/1245/969
f 1572/1235/959 1584/1247/971 1583/1246/970
f 1573/1236/960 1585/1248/972 1584/1247/971
f 1574/1237/961 1586/1259/983 1585/1248/972
f 1588/1249/973 1587/1262/986 1575/1250/974
f 1589/1251/975 1588/1249/973 1576/1238/962
f 1590/1252/976 1589/1251/975 1577/1239/963
f 1591/1253/977 1590/1252/976 1578/1240/964
f 1592/1254/978 1591/1253/977 1579/1241/965
f 1593/1255/979 1592/1254/978 1580/1242/966
f 1582/1245/969 1594/1256/980 1593/1255/979
f 1583/1246/970 1595/1257/981 1594/1256/980
f 1584/1247/971 1596/1258/982 1595/1257/981
f 1585/1248/972 1597/1260/984 1596/1258/982
f 1586/1259/983 1598/1271/995 1597/1260/984
f 1600/1261/985 1599/1274/998 1587/1262/986
f 1601/1263/987 1600/1261/985 1588/1249/973
f 1602/1264/988 1601/1263/987 1589/1251/975
f 1603/1265/989 1602/1264/988 1590/1252/976
f 1604/1266/990 1603/1265/989 1591/1253/977
f 1605/1267/991 1604/1266/990 1592/1254/978
f 1594/1256/980 1606/1268/992 1605/1267/991
f 1595/1257/981 1607/1269/993 1606/1268/992
f 1596/1258/982 1608/1270/994 1607/1269/993
f 1597/1260/984 1609/1272/996 1608/1270/994
f 1598/1271/995 1610/1283/1007 1609/1272/996
f 1612/1273/997 1611/1286/1010 1599/1274/998
f 1613/1275/999 1612/1273/997 1600/1261/985
f 1614/1276/1000 1613/1275/999 1601/1263/987
f 1615/1277/1001 1614/1276/1000 1602/1264/988
f 1616/1278/1002 1615/1277/1001 1603/1265/989
f 1617/1279/1003 1616/1278/1002 1604/1266/990
f 1606/1268/992 1618/1280/1004 1617/1279/1003
f 1607/1269/993 1619/1281/1005 1618/1280/1004
f 1608/1270/994 1620/1282/1006 1619/1281/1005
f 1609/1272/996 1621/1284/1008 1620/1282/1006
f 1610/1283/1007 1622/1295/1019 1621/1284/1008
f 1624/1285/1009 1623/1298/1022 1611/1286/1010
f 1625/1287/1011 1624/1285/1009 1612/1273/997
f 1626/1288/1012 1625/1287/1011 1613/1275/999
f 1627/1289/1013 1626/1288/1012 1614/1276/1000
f 1628/1290/1014 1627/1289/1013 1615/1277/1001
f 1629/1291/1015 1628/1290/1014 1616/1278/1002
f 1618/1280/1004 1630/1292/1016 1629/1291/1015
f 1619/1281/1005 1631/1293/1017 1630/1292/1016
f 1620/1282/1006 1632/1294/1018 1631/1293/1017
f 1621/1284/1008 1633/1296/1020 1632/1294/1018
f 1622/1295/1019 1634/1307/1031 1633/1296/1020
f 1636/1297/1021 1635/1310/1034 1623/1298/1022
f 1637/1299/1023 1636/1297/1021 1624/1285/1009
f 1638/1300/1024 1637/1299/1023 1625/1287/1011
f 1639/1301/1025 1638/1300/1024 1626/1288/1012
f 1640/1302/1026 1639/1301/1025 1627/1289/1013
f 1641/1303/1027 1640/1302/1026 1628/1290/1014
f 1630/1292/1016 1642/1304/1028 1641/1303/1027
f 1631/1293/1017 1643/1305/1029 1642/1304/1028
f 1632/1294/1018 1644/1306/1030 1643/1305/1029
f 1633/1296/1020 1645/1308/1032 1644/1306/1030
f 1634/1307/1031 1646/1319/1043 1645/1308/1032
f 1648/1309/1033 1647/1322/1046 1635/1310/1034
f 1649/1311/1035 1648/1309/1033 1636/1297/1021
f 1650/1312/1036 1649/1311/1035 1637/1299/1023
f 1651/1313/1037 1650/1312/1036 1638/1300/1024
f 1652/1314/1038 1651/1313/1037 1639/1301/1025
f 1653/1315/1039 1652/1314/1038 1640/1302/1026
f 1642/1304/1028 1654/1316/1040 1653/1315/1039
f 1643/1305/1029 1655/1317/1041 1654/1316/1040
f 1644/1306/1030 1656/1318/1042 1655/1317/1041
f 1645/1308/1032 1657/1320/1044 1656/1318/1042
f 1646/1319/1043 1658/1331/1055 1657/1320/1044
f 1660/1321/1045 1659/1334/1058 1647/1322/1046
f 1661/1323/1047 1660/1321/1045 1648/1309/1033
f 1662/1324/1048 1661/1323/1047 1649/1311/1035
f 1663/1325/1049 1662/1324/1048 1650/1312/1036
f 1664/1326/1050 1663/1325/1049 1651/1313/1037
f 1665/1327/1051 1664/1326/1050 1652/1314/1038
f 1654/1316/1040 1666/1328/1052 1665/1327/1051
f 1655/1317/1041 1667/1329/1053 1666/1328/1052
f 1656/1318/1042 1668/1330/1054 1667/1329/1053
f 1657/1320/1044 1669/1332/1056 1668/1330/1054
f 1658/1331/1055 1670/1343/1067 1669/1332/1056
f 1672/1333/1057 1671/1346/1070 1659/1334/1058
f 1673/1335/1059 1672/1333/1057 1660/1321/1045
f 1674/1336/1060 1673/1335/1059 1661/1323/1047
f 1675/1337/1061 1674/1336/1060 1662/1324/1048
f 1676/1338/1062 1675/1337/1061 1663/1325/1049
f 1677/1339/1063 1676/1338/1062 1664/1326/1050
f 1666/1328/1052 1678/1340/1064 1677/1339/1063
f 1667/1329/1053 1679/1341/1065 1678/1340/1064
f 1668/1330/1054 1680/1342/1066 1679/1341/1065
f 1669/1332/1056 1681/1344/1068 1680/1342/1066
f 1670/1343/1067 1682/1355/1079 1681/1344/1068
f 1684/1345/1069 1683/1358/1082 1671/1346/1070
f 1685/1347/1071 1684/1345/1069 1672/1333/1057
f 1686/1348/1072 1685/1347/1071 1673/1335/1059
f 1687/1349/1073 1686/1348/1072 1674/1336/1060
f 1688/1350/1074 1687/1349/1073 1675/1337/1061
f 1689/1351/1075 1688/1350/1074 1676/1338/1062
f 1678/1340/1064 1690/1352/1076 1689/1351/1075
f 1679/1341/1065 1691/1353/1077 1690/1352/1076
f 1680/1342/1066 1692/1354/1078 1691/1353/1077
f 1681/1344/1068 1693/1356/1080 1692/1354/1078
f 1682/1355/1079 1694/1367/1091 1693/1356/1080
f 1696/1357/1081 1695/1369/1094 1683/1358/1082
f 1697/1359/1083 1696/1357/1081 1684/1345/1069
f 1698/1360/1084 1697/1359/1083 1685/1347/1071
f 1699/1361/1085 1698/1360/1084 1686/1348/1072
f 1700/1362/1086 1699/1361/1085 1687/1349/1073
f 1701/1363/1087 1700/1362/1086 1688/1350/1074
f 1690/1352/1076 1702/1364/1088 1701/1363/1087
f 1691/1353/1077 1703/1365/1089 1702/1364/1088
f 1692/1354/1078 1704/1366/1090 1703/1365/1089
f 1693/1356/1080 1705/1368/1092 1704/1366/1090
f 1694/1367/1091 1706/1370/1102 1705/1368/1092
f 1708/327/1093 1707/337/1105 1695/1369/1094
f 1709/329/1095 1708/327/1093 1696/1357/1081
f 1710/330/1096 1709/329/1095 1697/1359/1083
f 1711/341/1097 1710/330/1096 1698/1360/1084
f 1700/1362/1086 1712/331/1109 1711/341/1097
f 1713/332/1098 1712/331/1109 1700/1362/1086
f 1702/1364/1088 1714/345/1099 1713/332/1098
f 1703/1365/1089 1715/333/1100 1714/345/1099
f 1704/1366/1090 1716/348/1101 1715/333/1100
f 1705/1368/1092 1717/334/1103 1716/348/1101
f 1706/1370/1102 1718/335/1117 1717/334/1103
f 1708/327/1093 1720/1372/1106 1719/1371/1104
f 1709/329/1095 1721/1373/1107 1720/1372/1106
f 1710/330/1096 1722/1374/1108 1721/1373/1107
f 1711/341/1097 1723/1375/1110 1722/1374/1108
f 1712/331/1109 1724/1387/1123 1723/1375/1110
f 1725/1376/1111 1724/1387/1123 1712/331/1109
f 1726/1377/1112 1725/1376/1111 1713/332/1098
f 1727/1378/1113 1726/1377/1112 1714/345/1099
f 1728/1379/1114 1727/1378/1113 1715/333/1100
f 1729/1380/1115 1728/1379/1114 1716/348/1101
f 1730/1381/1116 1729/1380/1115 1717/334/1103
f 1732/1382/1118 1731/1394/1130 1719/1371/1104
f 1733/1383/1119 1732/1382/1118 1720/1372/1106
f 1734/1384/1120 1733/1383/1119 1721/1373/1107
f 1735/1385/1121 1734/1384/1120 1722/1374/1108
f 1736/1386/1122 1735/1385/1121 1723/1375/1110
f 1737/1388/1124 1736/1386/1122 1724/1387/1123
f 1726/1377/1112 1738/1389/1125 1737/1388/1124
f 1727/1378/1113 1739/1390/1126 1738/1389/1125
f 1728/1379/1114 1740/1391/1127 1739/1390/1126
f 1729/1380/1115 1741/1392/1128 1740/1391/1127
f 1730/1381/1116 1742/1403/1139 1741/1392/1128
f 1744/1393/1129 1743/1406/1142 1731/1394/1130
f 1745/1395/1131 1744/1393/1129 1732/1382/1118
f 1746/1396/1132 1745/1395/1131 1733/1383/1119
f 1747/1397/1133 1746/1396/1132 1734/1384/1120
f 1748/1398/1134 1747/1397/1133 1735/1385/1121
f 1749/1399/1135 1748/1398/1134 1736/1386/1122
f 1738/1389/1125 1750/1400/1136 1749/1399/1135
f 1739/1390/1126 1751/1401/1137 1750/1400/1136
f 1740/1391/1127 1752/1402/1138 1751/1401/1137
f 1741/1392/1128 1753/1404/1140 1752/1402/1138
f 1742/1403/1139 1754/1417/1153 1753/1404/1140
f 1744/1393/1129 1756/1407/1143 1755/1405/1141
f 1745/1395/1131 1757/1408/1144 1756/1407/1143
f 1746/1396/1132 1758/1409/1145 1757/1408/1144
f 1747/1397/1133 1759/1410/1146 1758/1409/1145
f 1748/1398/1134 1760/1422/1158 1759/1410/1146
f 1761/1411/1147 1760/1422/1158 1748/1398/1134
f 1762/1412/1148 1761/1411/1147 1749/1399/1135
f 1763/1413/1149 1762/1412/1148 1750/1400/1136
f 1764/1414/1150 1763/1413/1149 1751/1401/1137
f 1765/1415/1151 1764/1414/1150 1752/1402/1138
f 1766/1416/1152 1765/1415/1151 1753/1404/1140
f 1756/1407/1143 1768/1419/1155 1767/1418/1154
f 1757/1408/1144 1769/1420/1156 1768/1419/1155
f 1758/1409/1145 1770/1421/1157 1769/1420/1156
f 1759/1410/1146 1771/1423/1159 1770/1421/1157
f 1760/1422/1158 1772/1434/1170 1771/1423/1159
f 1773/1424/1160 1772/1434/1170 1760/1422/1158
f 1774/1425/1161 1773/1424/1160 1761/1411/1147
f 1775/1426/1162 1774/1425/1161 1762/1412/1148
f 1776/1427/1163 1775/1426/1162 1763/1413/1149
f 1777/1428/1164 1776/1427/1163 1764/1414/1150
f 1778/1429/1165 1777/1428/1164 1765/1415/1151
f 1768/1419/1155 1780/1431/1167 1779/1430/1166
f 1769/1420/1156 1781/1432/1168 1780/1431/1167
f 1770/1421/1157 1782/1433/1169 1781/1432/1168
f 1771/1423/1159 1783/1435/1171 1782/1433/1169
f 1772/1434/1170 1784/1446/1182 1783/1435/1171
f 1785/1436/1172 1784/1446/1182 1772/1434/1170
f 1786/1437/1173 1785/1436/1172 1773/1424/1160
f 1787/1438/1174 1786/1437/1173 1774/1425/1161
f 1788/1439/1175 1787/1438/1174 1775/1426/1162
f 1789/1440/1176 1788/1439/1175 1776/1427/1163
f 1790/1441/1177 1789/1440/1176 1777/1428/1164
f 1780/1431/1167 1792/1443/1179 1791/1442/1178
f 1781/1432/1168 1793/1444/1180 1792/1443/1179
f 1782/1433/1169 1794/1445/1181 1793/1444/1180
f 1783/1435/1171 1795/1447/1183 1794/1445/1181
f 1784/1446/1182 1796/1458/1194 1795/1447/1183
f 1797/1448/1184 1796/1458/1194 1784/1446/1182
f 1798/1449/1185 1797/1448/1184 1785/1436/1172
f 1799/1450/1186 1798/1449/1185 1786/1437/1173
f 1800/1451/1187 1799/1450/1186 1787/1438/1174
f 1801/1452/1188 1800/1451/1187 1788/1439/1175
f 1802/1453/1189 1801/1452/1188 1789/1440/1176
f 1792/1443/1179 1804/1455/1191 1803/1454/1190
f 1793/1444/1180 1805/1456/1192 1804/1455/1191
f 1794/1445/1181 1806/1457/1193 1805/1456/1192
f 1795/1447/1183 1807/1459/1195 1806/1457/1193
f 1796/1458/1194 1808/1470/1206 1807/1459/1195
f 1809/1460/1196 1808/1470/1206 1796/1458/1194
f 1810/1461/1197 1809/1460/1196 1797/1448/1184
f 1811/1462/1198 1810/1461/1197 1798/1449/1185
f 1812/1463/1199 1811/1462/1198 1799/1450/1186
f 1813/1464/1200 1812/1463/1199 1800/1451/1187
f 1814/1465/1201 1813/1464/1200 1801/1452/1188
f 1804/1455/1191 1816/1467/1203 1815/1466/1202
f 1805/1456/1192 1817/1468/1204 1816/1467/1203
f 1806/1457/1193 1818/1469/1205 1817/1468/1204
f 1807/1459/1195 1819/1471/1207 1818/1469/1205
f 1808/1470/1206 1820/1482/1218 1819/1471/1207
f 1821/1472/1208 1820/1482/1218 1808/1470/1206
f 1822/1473/1209 1821/1472/1208 1809/1460/1196
f 1823/1474/1210 1822/1473/1209 1810/1461/1197
f 1824/1475/1211 1823/1474/1210 1811/1462/1198
f 1825/1476/1212 1824/1475/1211 1812/1463/1199
f 1826/1477/1213 1825/1476/1212 1813/1464/1200
f 1816/1467/1203 1828/1479/1215 1827/1478/1214
f 1817/1468/1204 1829/1480/1216 1828/1479/1215
f 1818/1469/1205 1830/1481/1217 1829/1480/1216
f 1819/1471/1207 1831/1483/1219 1830/1481/1217
f 1820/1482/1218 1832/1494/1230 1831/1483/1219
f 1833/1484/1220 1832/1494/1230 1820/1482/1218
f 1834/1485/1221 1833/1484/1220 1821/1472/1208
f 1835/1486/1222 1834/1485/1221 1822/1473/1209
f 1836/1487/1223 1835/1486/1222 1823/1474/1210
f 1837/1488/1224 1836/1487/1223 1824/1475/1211
f 1838/1489/1225 1837/1488/1224 1825/1476/1212
f 1828/1479/1215 1840/1491/1227 1839/1490/1226
f 1829/1480/1216 1841/1492/1228 1840/1491/1227
f 1830/1481/1217 1842/1493/1229 1841/1492/1228
f 1831/1483/1219 1843/1495/1231 1842/1493/1229
f 1832/1494/1230 1844/1506/1242 1843/1495/1231
f 1845/1496/1232 1844/1506/1242 1832/1494/1230
f 1846/1497/1233 1845/1496/1232 1833/1484/1220
f 1847/1498/1234 1846/1497/1233 1834/1485/1221
f 1848/1499/1235 1847/1498/1234 1835/1486/1222
f 1849/1500/1236 1848/1499/1235 1836/1487/1223
f 1850/1501/1237 1849/1500/1236 1837/1488/1224
f 1840/1491/1227 1852/1503/1239 1851/1502/1238
f 1841/1492/1228 1853/1504/1240 1852/1503/1239
f 1842/1493/1229 1854/1505/1241 1853/1504/1240
f 1843/1495/1231 1855/1507/1243 1854/1505/1241
f 1844/1506/1242 1856/1518/1254 1855/1507/1243
f 1857/1508/1244 1856/1518/1254 1844/1506/1242
f 1858/1509/1245 1857/1508/1244 1845/1496/1232
f 1859/1510/1246 1858/1509/1245 1846/1497/1233
f 1860/1511/1247 1859/1510/1246 1847/1498/1234
f 1861/1512/1248 1860/1511/1247 1848/1499/1235
f 1862/1513/1249 1861/1512/1248 1849/1500/1236
f 1852/1503/1239 1864/1515/1251 1863/1514/1250
f 1853/1504/1240 1865/1516/1252 1864/1515/1251
f 1854/1505/1241 1866/1517/1253 1865/1516/1252
f 1855/1507/1243 1867/1519/1255 1866/1517/1253
f 1856/1518/1254 1868/1531/1267 1867/1519/1255
f 1869/1520/1256 1868/1531/1267 1856/1518/1254
f 1870/1521/1257 1869/1520/1256 1857/1508/1244
f 1871/1522/1258 1870/1521/1257 1858/1509/1245
f 1872/1523/1259 1871/1522/1258 1859/1510/1246
f 1873/1524/1260 1872/1523/1259 1860/1511/1247
f 1874/1525/1261 1873/1524/1260 1861/1512/1248
f 1876/1526/1262 1875/1538/1274 1863/1514/1250
f 1877/1527/1263 1876/1526/1262 1864/1515/1251
f 1878/1528/1264 1877/1527/1263 1865/1516/1252
f 1879/1529/1265 1878/1528/1264 1866/1517/1253
f 1880/1530/1266 1879/1529/1265 1867/1519/1255
f 1881/1532/1268 1880/1530/1266 1868/1531/1267
f 1870/1521/1257 1882/1533/1269 1881/1532/1268
f 1871/1522/1258 1883/1534/1270 1882/1533/1269
f 1872/1523/1259 1884/1535/1271 1883/1534/1270
f 1873/1524/1260 1885/1536/1272 1884/1535/1271
f 1874/1525/1261 1886/1549/1285 1885/1536/1272
f 1876/1526/1262 1888/1539/1275 1887/1537/1273
f 1877/1527/1263 1889/1540/1276 1888/1539/1275
f 1878/1528/1264 1890/1541/1277 1889/1540/1276
f 1879/1529/1265 1891/1542/1278 1890/1541/1277
f 1880/1530/1266 1892/1555/1291 1891/1542/1278
f 1893/1543/1279 1892/1555/1291 1880/1530/1266
f 1894/1544/1280 1893/1543/1279 1881/1532/1268
f 1895/1545/1281 1894/1544/1280 1882/1533/1269
f 1896/1546/1282 1895/1545/1281 1883/1534/1270
f 1897/1547/1283 1896/1546/1282 1884/1535/1271
f 1898/1548/1284 1897/1547/1283 1885/1536/1272
f 1900/1550/1286 1899/1562/1298 1887/1537/1273
f 1901/1551/1287 1900/1550/1286 1888/1539/1275
f 1902/1552/1288 1901/1551/1287 1889/1540/1276
f 1903/1553/1289 1902/1552/1288 1890/1541/1277
f 1904/1554/1290 1903/1553/1289 1891/1542/1278
f 1905/1556/1292 1904/1554/1290 1892/1555/1291
f 1894/1544/1280 1906/1557/1293 1905/1556/1292
f 1895/1545/1281 1907/1558/1294 1906/1557/1293
f 1896/1546/1282 1908/1559/1295 1907/1558/1294
f 1897/1547/1283 1909/1560/1296 1908/1559/1295
f 1898/1548/1284 1910/1573/1309 1909/1560/1296
f 1900/1550/1286 1912/1563/1299 1911/1561/1297
f 1901/1551/1287 1913/1564/1300 1912/1563/1299
f 1902/1552/1288 1914/1565/1301 1913/1564/1300
f 1903/1553/1289 1915/1566/1302 1914/1565/1301
f 1904/1554/1290 1916/1578/1314 1915/1566/1302
f 1917/1567/1303 1916/1578/1314 1904/1554/1290
f 1918/1568/1304 1917/1567/1303 1905/1556/1292
f 1919/1569/1305 1918/1568/1304 1906/1557/1293
f 1920/1570/1306 1919/1569/1305 1907/1558/1294
f 1921/1571/1307 1920/1570/1306 1908/1559/1295
f 1922/1572/1308 1921/1571/1307 1909/1560/1296
f 1912/1563/1299 1924/1575/1311 1923/1574/1310
f 1913/1564/1300 1925/1576/1312 1924/1575/1311
f 1914/1565/1301 1926/1577/1313 1925/1576/1312
f 1915/1566/1302 1927/1579/1315 1926/1577/1313
f 1916/1578/1314 1928/1590/1326 1927/1579/1315
f 1929/1580/1316 1928/1590/1326 1916/1578/1314
f 1930/1581/1317 1929/1580/1316 1917/1567/1303
f 1931/1582/1318 1930/1581/1317 1918/1568/1304
f 1932/1583/1319 1931/1582/1318 1919/1569/1305
f 1933/1584/1320 1932/1583/1319 1920/1570/1306
f 1934/1585/1321 1933/1584/1320 1921/1571/1307
f 1924/1575/1311 1936/1587/1323 1935/1586/1322
f 1925/1576/1312 1937/1588/1324 1936/1587/1323
f 1926/1577/1313 1938/1589/1325 1937/1588/1324
f 1927/1579/1315 1939/1591/1327 1938/1589/1325
f 1928/1590/1326 1940/1602/1338 1939/1591/1327
f 1941/1592/1328 1940/1602/1338 1928/1590/1326
f 1942/1593/1329 1941/1592/1328 1929/1580/1316
f 1943/1594/1330 1942/1593/1329 1930/1581/1317
f 1944/1595/1331 1943/1594/1330 1931/1582/1318
f 1945/1596/1332 1944/1595/1331 1932/1583/1319
f 1946/1597/1333 1945/1596/1332 1933/1584/1320
f 1936/1587/1323 1948/1599/1335 1947/1598/1334
f 1937/1588/1324 1949/1600/1336 1948/1599/1335
f 1938/1589/1325 1950/1601/1337 1949/1600/1336
f 1939/1591/1327 1951/1603/1339 1950/1601/1337
f 1940/1602/1338 1952/1614/1350 1951/1603/1339
f 1953/1604/1340 1952/1614/1350 1940/1602/1338
f 1954/1605/1341 1953/1604/1340 1941/1592/1328
f 1955/1606/1342 1954/1605/1341 1942/1593/1329
f 1956/1607/1343 1955/1606/1342 1943/1594/1330
f 1957/1608/1344 1956/1607/1343 1944/1595/1331
f 1958/1609/1345 1957/1608/1344 1945/1596/1332
f 1948/1599/1335 1960/1611/1347 1959/1610/1346
f 1949/1600/1336 1961/1612/1348 1960/1611/1347
f 1950/1601/1337 1962/1613/1349 1961/1612/1348
f 1951/1603/1339 1963/1615/1351 1962/1613/1349
f 1952/1614/1350 1964/1626/1362 1963/1615/1351
f 1965/1616/1352 1964/1626/1362 1952/1614/1350
f 1966/1617/1353 1965/1616/1352 1953/1604/1340
f 1967/1618/1354 1966/1617/1353 1954/1605/1341
f 1968/1619/1355 1967/1618/1354 1955/1606/1342
f 1969/1620/1356 1968/1619/1355 1956/1607/1343
f 1970/1621/1357 1969/1620/1356 1957/1608/1344
f 1960/1611/1347 1972/1623/1359 1971/1622/1358
f 1961/1612/1348 1973/1624/1360 1972/1623/1359
f 1962/1613/1349 1974/1625/1361 1973/1624/1360
f 1963/1615/1351 1975/1627/1363 1974/1625/1361
f 1964/1626/1362 1976/1638/1374 1975/1627/1363
f 1977/1628/1364 1976/1638/1374 1964/1626/1362
f 1978/1629/1365 1977/1628/1364 1965/1616/1352
f 1979/1630/1366 1978/1629/1365 1966/1617/1353
f 1980/1631/1367 1979/1630/1366 1967/1618/1354
f 1981/1632/1368 1980/1631/1367 1968/1619/1355
f 1982/1633/1369 1981/1632/1368 1969/1620/1356
f 1972/1623/1359 1984/1635/1371 1983/1634/1370
f 1973/1624/1360 1985/1636/1372 1984/1635/1371
f 1974/1625/1361 1986/1637/1373 1985/1636/1372
f 1975/1627/1363 1987/1639/1375 1986/1637/1373
f 1976/1638/1374 1988/1651/1387 1987/1639/1375
f 1989/1640/1376 1988/1651/1387 1976/1638/1374
f 1990/1641/1377 1989/1640/1376 1977/1628/1364
f 1991/1642/1378 1990/1641/1377 1978/1629/1365
f 1992/1643/1379 1991/1642/1378 1979/1630/1366
f 1993/1644/1380 1992/1643/1379 1980/1631/1367
f 1994/1645/1381 1993/1644/1380 1981/1632/1368
f 1996/1646/1382 1995/1658/1394 1983/1634/1370
f 1997/1647/1383 1996/1646/1382 1984/1635/1371
f 1998/1648/1384 1997/1647/1383 1985/1636/1372
f 1999/1649/1385 1998/1648/1384 1986/1637/1373
f 2000/1650/1386 1999/1649/1385 1987/1639/1375
f 2001/1652/1388 2000/1650/1386 1988/1651/1387
f 1990/1641/1377 2002/1653/1389 2001/1652/1388
f 1991/1642/1378 2003/1654/1390 2002/1653/1389
f 1992/1643/1379 2004/1655/1391 2003/1654/1390
f 1993/1644/1380 2005/1656/1392 2004/1655/1391
f 1994/1645/1381 2006/1667/1403 2005/1656/1392
f 2008/1657/1393 2007/1670/1406 1995/1658/1394
f 2009/1659/1395 2008/1657/1393 1996/1646/1382
f 2010/1660/1396 2009/1659/1395 1997/1647/1383
f 2011/1661/1397 2010/1660/1396 1998/1648/1384
f 2012/1662/1398 2011/1661/1397 1999/1649/1385
f 2013/1663/1399 2012/1662/1398 2000/1650/1386
f 2002/1653/1389 2014/1664/1400 2013/1663/1399
f 2003/1654/1390 2015/1665/1401 2014/1664/1400
f 2004/1655/1391 2016/1666/1402 2015/1665/1401
f 2005/1656/1392 2017/1668/1404 2016/1666/1402
f 2006/1667/1403 2018/1679/1415 2017/1668/1404
f 2020/1669/1405 2019/1682/1418 2007/1670/1406
f 2021/1671/1407 2020/1669/1405 2008/1657/1393
f 2022/1672/1408 2021/1671/1407 2009/1659/1395
f 2023/1673/1409 2022/1672/1408 2010/1660/1396
f 2024/1674/1410 2023/1673/1409 2011/1661/1397
f 2025/1675/1411 2024/1674/1410 2012/1662/1398
f 2014/1664/1400 2026/1676/1412 2025/1675/1411
f 2015/1665/1401 2027/1677/1413 2026/1676/1412
f 2016/1666/1402 2028/1678/1414 2027/1677/1413
f 2017/1668/1404 2029/1680/1416 2028/1678/1414
f 2018/1679/1415 2030/1693/1429 2029/1680/1416
f 2020/1669/1405 2032/1683/1419 2031/1681/1417
f 2021/1671/1407 2033/1684/1420 2032/1683/1419
f 2022/1672/1408 2034/1685/1421 2033/1684/1420
f 2023/1673/1409 2035/1686/1422 2034/1685/1421
f 2024/1674/1410 2036/1698/1434 2035/1686/1422
f 2037/1687/1423 2036/1698/1434 2024/1674/1410
f 2038/1688/1424 2037/1687/1423 2025/1675/1411
f 2039/1689/1425 2038/1688/1424 2026/1676/1412
f 2040/1690/1426 2039/1689/1425 2027/1677/1413
f 2041/1691/1427 2040/1690/1426 2028/1678/1414
f 2042/1692/1428 2041/1691/1427 2029/1680/1416
f 2032/1683/1419 2044/1695/1431 2043/1694/1430
f 2033/1684/1420 2045/1696/1432 2044/1695/1431
f 2034/1685/1421 2046/1697/1433 2045/1696/1432
f 2035/1686/1422 2047/1699/1435 2046/1697/1433
f 2036/1698/1434 2048/1706/1442 2047/1699/1435
f 2049/1700/1436 2048/1706/1442 2036/1698/1434
f 2050/1701/1437 2049/1700/1436 2037/1687/1423
f 2051/1702/1438 2050/1701/1437 2038/1688/1424
f 2052/1703/1439 2051/1702/1438 2039/1689/1425
f 2053/1704/1440 2052/1703/1439 2040/1690/1426
f 2054/1705/1441 2053/1704/1440 2041/1691/1427
f 664/350/75 663/8/76 2043/1694/1430
f 665/352/77 664/350/75 2044/1695/1431
f 666/361/78 665/352/77 2045/1696/1432
f 667/353/79 666/361/78 2046/1697/1433
f 668/354/80 667/353/79 2047/1699/1435
f 669/355/81 668/354/80 2048/1706/1442
f 2050/1701/1437 670/356/82 669/355/81
f 2051/1702/1438 671/362/83 670/356/82
f 2052/1703/1439 672/357/84 671/362/83
f 2053/1704/1440 673/358/85 672/357/84
f 2054/1705/1441 674/360/86 673/358/85
f 2056/259/1443 2068/1708/57 2067/1707/71
f 2057/261/1444 2069/1709/59 2068/1708/57
f 2058/263/1445 2070/1710/60 2069/1709/59
f 2059/265/1446 2071/1711/73 2070/1710/60
f 2060/267/1447 2072/1723/63 2071/1711/73
f 2073/1712/64 2072/1723/63 2060/267/1447
f 2074/1713/74 2073/1712/64 2061/269/1448
f 2075/1714/67 2074/1713/74 2062/270/1449
f 2076/1715/68 2075/1714/67 2063/272/1450
f 2077/1716/72 2076/1715/68 2064/274/1451
f 2078/1717/70 2077/1716/72 2065/276/1452
f 2080/1718/1443 2079/1730/71 2067/1707/71
f 2081/1719/1444 2080/1718/1443 2068/1708/57
f 2082/1720/1445 2081/1719/1444 2069/1709/59
f 2083/1721/1446 2082/1720/1445 2070/1710/60
f 2084/1722/1453 2083/1721/1446 2071/1711/73
f 2085/1724/1454 2084/1722/1453 2072/1723/63
f 2074/1713/74 2086/1725/1449 2085/1724/1454
f 2075/1714/67 2087/1726/1450 2086/1725/1449
f 2076/1715/68 2088/1727/1451 2087/1726/1450
f 2077/1716/72 2089/1728/1452 2088/1727/1451
f 2078/1717/70 2090/1741/70 2089/1728/1452
f 2080/1718/1443 2092/1731/57 2091/1729/71
f 2081/1719/1444 2093/1732/59 2092/1731/57
f 2082/1720/1445 2094/1733/60 2093/1732/59
f 2083/1721/1446 2095/1734/73 2094/1733/60
f 2084/1722/1453 2096/1746/63 2095/1734/73
f 2097/1735/64 2096/1746/63 2084/1722/1453
f 2098/1736/74 2097/1735/64 2085/1724/1454
f 2099/1737/67 2098/1736/74 2086/1725/1449
f 2100/1738/68 2099/1737/67 2087/1726/1450
f 2101/1739/72 2100/1738/68 2088/1727/1451
f 2102/1740/70 2101/1739/72 2089/1728/1452
f 2104/1742/5 2103/1754/4 2091/1729/71
f 2105/1743/7 2104/1742/5 2092/1731/57
f 2106/1744/9 2105/1743/7 2093/1732/59
f 2095/1734/73 2107/1758/1459 2106/1744/9
f 2108/1745/13 2107/1758/1459 2095/1734/73
f 2109/1747/15 2108/1745/13 2096/1746/63
f 2110/1748/46 2109/1747/15 2097/1735/64
f 2111/1749/18 2110/1748/46 2098/1736/74
f 2112/1750/20 2111/1749/18 2099/1737/67
f 2113/1751/22 2112/1750/20 2100/1738/68
f 2114/1752/24 2113/1751/22 2101/1739/72
f 2116/1753/1455 2115/1766/1467 2103/1754/4
f 2117/1755/1456 2116/1753/1455 2104/1742/5
f 2118/1756/1457 2117/1755/1456 2105/1743/7
f 2119/1757/1458 2118/1756/1457 2106/1744/9
f 2120/1759/1460 2119/1757/1458 2107/1758/1459
f 2121/1760/1461 2120/1759/1460 2108/1745/13
f 2110/1748/46 2122/1761/1462 2121/1760/1461
f 2111/1749/18 2123/1762/1463 2122/1761/1462
f 2112/1750/20 2124/1763/1464 2123/1762/1463
f 2113/1751/22 2125/1764/1465 2124/1763/1464
f 2114/1752/24 2126/1777/1478 2125/1764/1465
f 2116/1753/1455 2128/1767/1468 2127/1765/1466
f 2117/1755/1456 2129/1768/1469 2128/1767/1468
f 2118/1756/1457 2130/1769/1470 2129/1768/1469
f 2119/1757/1458 2131/1770/1471 2130/1769/1470
f 2120/1759/1460 2132/1783/1484 2131/1770/1471
f 2133/1771/1472 2132/1783/1484 2120/1759/1460
f 2134/1772/1473 2133/1771/1472 2121/1760/1461
f 2135/1773/1474 2134/1772/1473 2122/1761/1462
f 2136/1774/1475 2135/1773/1474 2123/1762/1463
f 2137/1775/1476 2136/1774/1475 2124/1763/1464
f 2138/1776/1477 2137/1775/1476 2125/1764/1465
f 2140/1778/1479 2139/1790/1491 2127/1765/1466
f 2141/1779/1480 2140/1778/1479 2128/1767/1468
f 2142/1780/1481 2141/1779/1480 2129/1768/1469
f 2143/1781/1482 2142/1780/1481 2130/1769/1470
f 2144/1782/1483 2143/1781/1482 2131/1770/1471
f 2145/1784/1485 2144/1782/1483 2132/1783/1484
f 2134/1772/1473 2146/1785/1486 2145/1784/1485
f 2135/1773/1474 2147/1786/1487 2146/1785/1486
f 2136/1774/1475 2148/1787/1488 2147/1786/1487
f 2137/1775/1476 2149/1788/1489 2148/1787/1488
f 2138/1776/1477 2150/1799/1500 2149/1788/1489
f 2152/1789/1490 2151/1802/1503 2139/1790/1491
f 2153/1791/1492 2152/1789/1490 2140/1778/1479
f 2154/1792/1493 2153/1791/1492 2141/1779/1480
f 2155/1793/1494 2154/1792/1493 2142/1780/1481
f 2156/1794/1495 2155/1793/1494 2143/1781/1482
f 2157/1795/1496 2156/1794/1495 2144/1782/1483
f 2146/1785/1486 2158/1796/1497 2157/1795/1496
f 2147/1786/1487 2159/1797/1498 2158/1796/1497
f 2148/1787/1488 2160/1798/1499 2159/1797/1498
f 2149/1788/1489 2161/1800/1501 2160/1798/1499
f 2150/1799/1500 2162/1811/1512 2161/1800/1501
f 2164/1801/1502 2163/1814/1515 2151/1802/1503
f 2165/1803/1504 2164/1801/1502 2152/1789/1490
f 2166/1804/1505 2165/1803/1504 2153/1791/1492
f 2167/1805/1506 2166/1804/1505 2154/1792/1493
f 2168/1806/1507 2167/1805/1506 2155/1793/1494
f 2169/1807/1508 2168/1806/1507 2156/1794/1495
f 2158/1796/1497 2170/1808/1509 2169/1807/1508
f 2159/1797/1498 2171/1809/1510 2170/1808/1509
f 2160/1798/1499 2172/1810/1511 2171/1809/1510
f 2161/1800/1501 2173/1812/1513 2172/1810/1511
f 2162/1811/1512 2174/1823/1524 2173/1812/1513
f 2176/1813/1514 2175/1826/1527 2163/1814/1515
f 2177/1815/1516 2176/1813/1514 2164/1801/1502
f 2178/1816/1517 2177/1815/1516 2165/1803/1504
f 2179/1817/1518 2178/1816/1517 2166/1804/1505
f 2180/1818/1519 2179/1817/1518 2167/1805/1506
f 2181/1819/1520 2180/1818/1519 2168/1806/1507
f 2170/1808/1509 2182/1820/1521 2181/1819/1520
f 2171/1809/1510 2183/1821/1522 2182/1820/1521
f 2172/1810/1511 2184/1822/1523 2183/1821/1522
f 2173/1812/1513 2185/1824/1525 2184/1822/1523
f 2174/1823/1524 2186/1835/1536 2185/1824/1525
f 2188/1825/1526 2187/1838/1539 2175/1826/1527
f 2189/1827/1528 2188/1825/1526 2176/1813/1514
f 2190/1828/1529 2189/1827/1528 2177/1815/1516
f 2191/1829/1530 2190/1828/1529 2178/1816/1517
f 2192/1830/1531 2191/1829/1530 2179/1817/1518
f 2193/1831/1532 2192/1830/1531 2180/1818/1519
f 2182/1820/1521 2194/1832/1533 2193/1831/1532
f 2183/1821/1522 2195/1833/1534 2194/1832/1533
f 2184/1822/1523 2196/1834/1535 2195/1833/1534
f 2185/1824/1525 2197/1836/1537 2196/1834/1535
f 2186/1835/1536 2198/1847/1548 2197/1836/1537
f 2200/1837/1538 2199/1850/1551 2187/1838/1539
f 2201/1839/1540 2200/1837/1538 2188/1825/1526
f 2202/1840/1541 2201/1839/1540 2189/1827/1528
f 2203/1841/1542 2202/1840/1541 2190/1828/1529
f 2204/1842/1543 2203/1841/1542 2191/1829/1530
f 2205/1843/1544 2204/1842/1543 2192/1830/1531
f 2194/1832/1533 2206/1844/1545 2205/1843/1544
f 2195/1833/1534 2207/1845/1546 2206/1844/1545
f 2196/1834/1535 2208/1846/1547 2207/1845/1546
f 2197/1836/1537 2209/1848/1549 2208/1846/1547
f 2198/1847/1548 2210/1859/1560 2209/1848/1549
f 2212/1849/1550 2211/1862/1563 2199/1850/1551
f 2213/1851/1552 2212/1849/1550 2200/1837/1538
f 2214/1852/1553 2213/1851/1552 2201/1839/1540
f 2215/1853/1554 2214/1852/1553 2202/1840/1541
f 2216/1854/1555 2215/1853/1554 2203/1841/1542
f 2217/1855/1556 2216/1854/1555 2204/1842/1543
f 2206/1844/1545 2218/1856/1557 2217/1855/1556
f 2207/1845/1546 2219/1857/1558 2218/1856/1557
f 2208/1846/1547 2220/1858/1559 2219/1857/1558
f 2209/1848/1549 2221/1860/1561 2220/1858/1559
f 2210/1859/1560 2222/1871/1572 2221/1860/1561
f 2224/1861/1562 2223/1874/1575 2211/1862/1563
f 2225/1863/1564 2224/1861/1562 2212/1849/1550
f 2226/1864/1565 2225/1863/1564 2213/1851/1552
f 2227/1865/1566 2226/1864/1565 2214/1852/1553
f 2228/1866/1567 2227/1865/1566 2215/1853/1554
f 2229/1867/1568 2228/1866/1567 2216/1854/1555
f 2218/1856/1557 2230/1868/1569 2229/1867/1568
f 2219/1857/1558 2231/1869/1570 2230/1868/1569
f 2220/1858/1559 2232/1870/1571 2231/1869/1570
f 2221/1860/1561 2233/1872/1573 2232/1870/1571
f 2222/1871/1572 2234/1883/1584 2233/1872/1573
f 2236/1873/1574 2235/1886/1587 2223/1874/1575
f 2237/1875/1576 2236/1873/1574 2224/1861/1562
f 2238/1876/1577 2237/1875/1576 2225/1863/1564
f 2239/1877/1578 2238/1876/1577 2226/1864/1565
f 2240/1878/1579 2239/1877/1578 2227/1865/1566
f 2241/1879/1580 2240/1878/1579 2228/1866/1567
f 2230/1868/1569 2242/1880/1581 2241/1879/1580
f 2231/1869/1570 2243/1881/1582 2242/1880/1581
f 2232/1870/1571 2244/1882/1583 2243/1881/1582
f 2233/1872/1573 2245/1884/1585 2244/1882/1583
f 2234/1883/1584 2246/1895/1596 2245/1884/1585
f 2248/1885/1586 2247/1897/1599 2235/1886/1587
f 2249/1887/1588 2248/1885/1586 2236/1873/1574
f 2250/1888/1589 2249/1887/1588 2237/1875/1576
f 2251/1889/1590 2250/1888/1589 2238/1876/1577
f 2252/1890/1591 2251/1889/1590 2239/1877/1578
f 2253/1891/1592 2252/1890/1591 2240/1878/1579
f 2242/1880/1581 2254/1892/1593 2253/1891/1592
f 2243/1881/1582 2255/1893/1594 2254/1892/1593
f 2244/1882/1583 2256/1894/1595 2255/1893/1594
f 2245/1884/1585 2257/1896/1597 2256/1894/1595
f 2246/1895/1596 2258/1908/1610 2257/1896/1597
f 2248/1885/1586 2260/1898/1600 2259/128/1598
f 2249/1887/1588 2261/1899/1601 2260/1898/1600
f 2250/1888/1589 2262/1900/1602 2261/1899/1601
f 2251/1889/1590 2263/1901/1603 2262/1900/1602
f 2252/1890/1591 2264/1914/1616 2263/1901/1603
f 2265/1902/1604 2264/1914/1616 2252/1890/1591
f 2266/1903/1605 2265/1902/1604 2253/1891/1592
f 2267/1904/1606 2266/1903/1605 2254/1892/1593
f 2268/1905/1607 2267/1904/1606 2255/1893/1594
f 2269/1906/1608 2268/1905/1607 2256/1894/1595
f 2270/1907/1609 2269/1906/1608 2257/1896/1597
f 2272/1909/1611 2271/1921/1623 2259/128/1598
f 2273/1910/1612 2272/1909/1611 2260/1898/1600
f 2274/1911/1613 2273/1910/1612 2261/1899/1601
f 2275/1912/1614 2274/1911/1613 2262/1900/1602
f 2276/1913/1615 2275/1912/1614 2263/1901/1603
f 2277/1915/1617 2276/1913/1615 2264/1914/1616
f 2266/1903/1605 2278/1916/1618 2277/1915/1617
f 2267/1904/1606 2279/1917/1619 2278/1916/1618
f 2268/1905/1607 2280/1918/1620 2279/1917/1619
f 2269/1906/1608 2281/1919/1621 2280/1918/1620
f 2270/1907/1609 2282/1932/1634 2281/1919/1621
f 2272/1909/1611 2284/1922/1624 2283/1920/1622
f 2273/1910/1612 2285/1923/1625 2284/1922/1624
f 2274/1911/1613 2286/1924/1626 2285/1923/1625
f 2275/1912/1614 2287/1925/1627 2286/1924/1626
f 2276/1913/1615 2288/1937/1639 2287/1925/1627
f 2289/1926/1628 2288/1937/1639 2276/1913/1615
f 2290/1927/1629 2289/1926/1628 2277/1915/1617
f 2291/1928/1630 2290/1927/1629 2278/1916/1618
f 2292/1929/1631 2291/1928/1630 2279/1917/1619
f 2293/1930/1632 2292/1929/1631 2280/1918/1620
f 2294/1931/1633 2293/1930/1632 2281/1919/1621
f 2284/1922/1624 2296/1934/1636 2295/1933/1635
f 2285/1923/1625 2297/1935/1637 2296/1934/1636
f 2286/1924/1626 2298/1936/1638 2297/1935/1637
f 2287/1925/1627 2299/1938/1640 2298/1936/1638
f 2288/1937/1639 2300/1949/1651 2299/1938/1640
f 2301/1939/1641 2300/1949/1651 2288/1937/1639
f 2302/1940/1642 2301/1939/1641 2289/1926/1628
f 2303/1941/1643 2302/1940/1642 2290/1927/1629
f 2304/1942/1644 2303/1941/1643 2291/1928/1630
f 2305/1943/1645 2304/1942/1644 2292/1929/1631
f 2306/1944/1646 2305/1943/1645 2293/1930/1632
f 2296/1934/1636 2308/1946/1648 2307/1945/1647
f 2297/1935/1637 2309/1947/1649 2308/1946/1648
f 2298/1936/1638 2310/1948/1650 2309/1947/1649
f 2299/1938/1640 2311/1950/1652 2310/1948/1650
f 2300/1949/1651 2312/1961/1663 2311/1950/1652
f 2313/1951/1653 2312/1961/1663 2300/1949/1651
f 2314/1952/1654 2313/1951/1653 2301/1939/1641
f 2315/1953/1655 2314/1952/1654 2302/1940/1642
f 2316/1954/1656 2315/1953/1655 2303/1941/1643
f 2317/1955/1657 2316/1954/1656 2304/1942/1644
f 2318/1956/1658 2317/1955/1657 2305/1943/1645
f 2308/1946/1648 2320/1958/1660 2319/1957/1659
f 2309/1947/1649 2321/1959/1661 2320/1958/1660
f 2310/1948/1650 2322/1960/1662 2321/1959/1661
f 2311/1950/1652 2323/1962/1664 2322/1960/1662
f 2312/1961/1663 2324/1973/1675 2323/1962/1664
f 2325/1963/1665 2324/1973/1675 2312/1961/1663
f 2326/1964/1666 2325/1963/1665 2313/1951/1653
f 2327/1965/1667 2326/1964/1666 2314/1952/1654
f 2328/1966/1668 2327/1965/1667 2315/1953/1655
f 2329/1967/1669 2328/1966/1668 2316/1954/1656
f 2330/1968/1670 2329/1967/1669 2317/1955/1657
f 2320/1958/1660 2332/1970/1672 2331/1969/1671
f 2321/1959/1661 2333/1971/1673 2332/1970/1672
f 2322/1960/1662 2334/1972/1674 2333/1971/1673
f 2323/1962/1664 2335/1974/1676 2334/1972/1674
f 2324/1973/1675 2336/1985/1687 2335/1974/1676
f 2337/1975/1677 2336/1985/1687 2324/1973/1675
f 2338/1976/1678 2337/1975/1677 2325/1963/1665
f 2339/1977/1679 2338/1976/1678 2326/1964/1666
f 2340/1978/1680 2339/1977/1679 2327/1965/1667
f 2341/1979/1681 2340/1978/1680 2328/1966/1668
f 2342/1980/1682 2341/1979/1681 2329/1967/1669
f 2332/1970/1672 2344/1982/1684 2343/1981/1683
f 2333/1971/1673 2345/1983/1685 2344/1982/1684
f 2334/1972/1674 2346/1984/1686 2345/1983/1685
f 2335/1974/1676 2347/1986/1688 2346/1984/1686
f 2336/1985/1687 2348/1997/1699 2347/1986/1688
f 2349/1987/1689 2348/1997/1699 2336/1985/1687
f 2350/1988/1690 2349/1987/1689 2337/1975/1677
f 2351/1989/1691 2350/1988/1690 2338/1976/1678
f 2352/1990/1692 2351/1989/1691 2339/1977/1679
f 2353/1991/1693 2352/1990/1692 2340/1978/1680
f 2354/1992/1694 2353/1991/1693 2341/1979/1681
f 2344/1982/1684 2356/1994/1696 2355/1993/1695
f 2345/1983/1685 2357/1995/1697 2356/1994/1696
f 2346/1984/1686 2358/1996/1698 2357/1995/1697
f 2347/1986/1688 2359/1998/1700 2358/1996/1698
f 2348/1997/1699 2360/2010/1712 2359/1998/1700
f 2361/1999/1701 2360/2010/1712 2348/1997/1699
f 2362/2000/1702 2361/1999/1701 2349/1987/1689
f 2363/2001/1703 2362/2000/1702 2350/1988/1690
f 2364/2002/1704 2363/2001/1703 2351/1989/1691
f 2365/2003/1705 2364/2002/1704 2352/1990/1692
f 2366/2004/1706 2365/2003/1705 2353/1991/1693
f 2368/2005/1707 2367/2017/1719 2355/1993/1695
f 2369/2006/1708 2368/2005/1707 2356/1994/1696
f 2370/2007/1709 2369/2006/1708 2357/1995/1697
f 2371/2008/1710 2370/2007/1709 2358/1996/1698
f 2372/2009/1711 2371/2008/1710 2359/1998/1700
f 2373/2011/1713 2372/2009/1711 2360/2010/1712
f 2362/2000/1702 2374/2012/1714 2373/2011/1713
f 2363/2001/1703 2375/2013/1715 2374/2012/1714
f 2364/2002/1704 2376/2014/1716 2375/2013/1715
f 2365/2003/1705 2377/2015/1717 2376/2014/1716
f 2366/2004/1706 2378/2026/1728 2377/2015/1717
f 2380/2016/1718 2379/2029/1731 2367/2017/1719
f 2381/2018/1720 2380/2016/1718 2368/2005/1707
f 2382/2019/1721 2381/2018/1720 2369/2006/1708
f 2383/2020/1722 2382/2019/1721 2370/2007/1709
f 2384/2021/1723 2383/2020/1722 2371/2008/1710
f 2385/2022/1724 2384/2021/1723 2372/2009/1711
f 2374/2012/1714 2386/2023/1725 2385/2022/1724
f 2375/2013/1715 2387/2024/1726 2386/2023/1725
f 2376/2014/1716 2388/2025/1727 2387/2024/1726
f 2377/2015/1717 2389/2027/1729 2388/2025/1727
f 2378/2026/1728 2390/2038/1740 2389/2027/1729
f 2392/2028/1730 2391/2041/1743 2379/2029/1731
f 2393/2030/1732 2392/2028/1730 2380/2016/1718
f 2394/2031/1733 2393/2030/1732 2381/2018/1720
f 2395/2032/1734 2394/2031/1733 2382/2019/1721
f 2396/2033/1735 2395/2032/1734 2383/2020/1722
f 2397/2034/1736 2396/2033/1735 2384/2021/1723
f 2386/2023/1725 2398/2035/1737 2397/2034/1736
f 2387/2024/1726 2399/2036/1738 2398/2035/1737
f 2388/2025/1727 2400/2037/1739 2399/2036/1738
f 2389/2027/1729 2401/2039/1741 2400/2037/1739
f 2390/2038/1740 2402/2052/1754 2401/2039/1741
f 2392/2028/1730 2404/2042/1744 2403/2040/1742
f 2393/2030/1732 2405/2043/1745 2404/2042/1744
f 2394/2031/1733 2406/2044/1746 2405/2043/1745
f 2395/2032/1734 2407/2045/1747 2406/2044/1746
f 2396/2033/1735 2408/2058/1760 2407/2045/1747
f 2409/2046/1748 2408/2058/1760 2396/2033/1735
f 2410/2047/1749 2409/2046/1748 2397/2034/1736
f 2411/2048/1750 2410/2047/1749 2398/2035/1737
f 2412/2049/1751 2411/2048/1750 2399/2036/1738
f 2413/2050/1752 2412/2049/1751 2400/2037/1739
f 2414/2051/1753 2413/2050/1752 2401/2039/1741
f 2416/2053/1755 2415/2065/1767 2403/2040/1742
f 2417/2054/1756 2416/2053/1755 2404/2042/1744
f 2418/2055/1757 2417/2054/1756 2405/2043/1745
f 2419/2056/1758 2418/2055/1757 2406/2044/1746
f 2420/2057/1759 2419/2056/1758 2407/2045/1747
f 2421/2059/1761 2420/2057/1759 2408/2058/1760
f 2410/2047/1749 2422/2060/1762 2421/2059/1761
f 2411/2048/1750 2423/2061/1763 2422/2060/1762
f 2412/2049/1751 2424/2062/1764 2423/2061/1763
f 2413/2050/1752 2425/2063/1765 2424/2062/1764
f 2414/2051/1753 2426/2074/1776 2425/2063/1765
f 2428/2064/1766 2427/2076/1778 2415/2065/1767
f 2417/2054/1756 2429/2066/1768 2428/2064/1766
f 2418/2055/1757 2430/2067/1769 2429/2066/1768
f 2419/2056/1758 2431/2068/1770 2430/2067/1769
f 2420/2057/1759 2432/2081/1783 2431/2068/1770
f 2433/2069/1771 2432/2081/1783 2420/2057/1759
f 2434/2070/1772 2433/2069/1771 2421/2059/1761
f 2435/2071/1773 2434/2070/1772 2422/2060/1762
f 2436/2072/1774 2435/2071/1773 2423/2061/1763
f 2437/2073/1775 2436/2072/1774 2424/2062/1764
f 2426/2074/1776 2438/2086/1788 2437/2073/1775
f 2440/2075/1777 2439/2089/1791 2427/2076/1778
f 2441/2077/1779 2440/2075/1777 2428/2064/1766
f 2442/2078/1780 2441/2077/1779 2429/2066/1768
f 2443/2079/1781 2442/2078/1780 2430/2067/1769
f 2444/2080/1782 2443/2079/1781 2431/2068/1770
f 2445/2082/1784 2444/2080/1782 2432/2081/1783
f 2434/2070/1772 2446/2083/1785 2445/2082/1784
f 2435/2071/1773 2447/2084/1786 2446/2083/1785
f 2436/2072/1774 2448/2085/1787 2447/2084/1786
f 2437/2073/1775 2449/2087/1789 2448/2085/1787
f 2438/2086/1788 2450/2098/1800 2449/2087/1789
f 2452/2088/1790 2451/2101/1803 2439/2089/1791
f 2453/2090/1792 2452/2088/1790 2440/2075/1777
f 2454/2091/1793 2453/2090/1792 2441/2077/1779
f 2455/2092/1794 2454/2091/1793 2442/2078/1780
f 2456/2093/1795 2455/2092/1794 2443/2079/1781
f 2457/2094/1796 2456/2093/1795 2444/2080/1782
f 2446/2083/1785 2458/2095/1797 2457/2094/1796
f 2447/2084/1786 2459/2096/1798 2458/2095/1797
f 2448/2085/1787 2460/2097/1799 2459/2096/1798
f 2449/2087/1789 2461/2099/1801 2460/2097/1799
f 2450/2098/1800 2462/2110/1812 2461/2099/1801
f 2464/2100/1802 2463/114/1815 2451/2101/1803
f 2465/2102/1804 2464/2100/1802 2452/2088/1790
f 2466/2103/1805 2465/2102/1804 2453/2090/1792
f 2467/2104/1806 2466/2103/1805 2454/2091/1793
f 2468/2105/1807 2467/2104/1806 2455/2092/1794
f 2469/2106/1808 2468/2105/1807 2456/2093/1795
f 2458/2095/1797 2470/2107/1809 2469/2106/1808
f 2459/2096/1798 2471/2108/1810 2470/2107/1809
f 2460/2097/1799 2472/2109/1811 2471/2108/1810
f 2461/2099/1801 2473/2111/1813 2472/2109/1811
f 2462/2110/1812 2474/2121/1824 2473/2111/1813
f 2476/2112/1814 2475/2124/1827 2463/114/1815
f 2477/2113/1816 2476/2112/1814 2464/2100/1802
f 2478/2114/1817 2477/2113/1816 2465/2102/1804
f 2479/2115/1818 2478/2114/1817 2466/2103/1805
f 2480/2116/1819 2479/2115/1818 2467/2104/1806
f 2481/2117/1820 2480/2116/1819 2468/2105/1807
f 2470/2107/1809 2482/2118/1821 2481/2117/1820
f 2471/2108/1810 2483/2119/1822 2482/2118/1821
f 2472/2109/1811 2484/2120/1823 2483/2119/1822
f 2473/2111/1813 2485/2122/1825 2484/2120/1823
f 2474/2121/1824 2486/2133/1836 2485/2122/1825
f 2488/2123/1826 2487/2136/1839 2475/2124/1827
f 2489/2125/1828 2488/2123/1826 2476/2112/1814
f 2490/2126/1829 2489/2125/1828 2477/2113/1816
f 2491/2127/1830 2490/2126/1829 2478/2114/1817
f 2492/2128/1831 2491/2127/1830 2479/2115/1818
f 2493/2129/1832 2492/2128/1831 2480/2116/1819
f 2482/2118/1821 2494/2130/1833 2493/2129/1832
f 2483/2119/1822 2495/2131/1834 2494/2130/1833
f 2484/2120/1823 2496/2132/1835 2495/2131/1834
f 2485/2122/1825 2497/2134/1837 2496/2132/1835
f 2486/2133/1836 2498/2145/1848 2497/2134/1837
f 2500/2135/1838 2499/2148/1851 2487/2136/1839
f 2501/2137/1840 2500/2135/1838 2488/2123/1826
f 2502/2138/1841 2501/2137/1840 2489/2125/1828
f 2503/2139/1842 2502/2138/1841 2490/2126/1829
f 2504/2140/1843 2503/2139/1842 2491/2127/1830
f 2505/2141/1844 2504/2140/1843 2492/2128/1831
f 2494/2130/1833 2506/2142/1845 2505/2141/1844
f 2495/2131/1834 2507/2143/1846 2506/2142/1845
f 2496/2132/1835 2508/2144/1847 2507/2143/1846
f 2497/2134/1837 2509/2146/1849 2508/2144/1847
f 2498/2145/1848 2510/2157/1860 2509/2146/1849
f 2512/2147/1850 2511/2160/1863 2499/2148/1851
f 2513/2149/1852 2512/2147/1850 2500/2135/1838
f 2514/2150/1853 2513/2149/1852 2501/2137/1840
f 2515/2151/1854 2514/2150/1853 2502/2138/1841
f 2516/2152/1855 2515/2151/1854 2503/2139/1842
f 2517/2153/1856 2516/2152/1855 2504/2140/1843
f 2506/2142/1845 2518/2154/1857 2517/2153/1856
f 2507/2143/1846 2519/2155/1858 2518/2154/1857
f 2508/2144/1847 2520/2156/1859 2519/2155/1858
f 2509/2146/1849 2521/2158/1861 2520/2156/1859
f 2510/2157/1860 2522/2169/1872 2521/2158/1861
f 2524/2159/1862 2523/2172/1875 2511/2160/1863
f 2525/2161/1864 2524/2159/1862 2512/2147/1850
f 2526/2162/1865 2525/2161/1864 2513/2149/1852
f 2527/2163/1866 2526/2162/1865 2514/2150/1853
f 2528/2164/1867 2527/2163/1866 2515/2151/1854
f 2529/2165/1868 2528/2164/1867 2516/2152/1855
f 2518/2154/1857 2530/2166/1869 2529/2165/1868
f 2519/2155/1858 2531/2167/1870 2530/2166/1869
f 2520/2156/1859 2532/2168/1871 2531/2167/1870
f 2521/2158/1861 2533/2170/1873 2532/2168/1871
f 2522/2169/1872 2534/2181/1884 2533/2170/1873
f 2536/2171/1874 2535/2184/1887 2523/2172/1875
f 2537/2173/1876 2536/2171/1874 2524/2159/1862
f 2538/2174/1877 2537/2173/1876 2525/2161/1864
f 2539/2175/1878 2538/2174/1877 2526/2162/1865
f 2540/2176/1879 2539/2175/1878 2527/2163/1866
f 2541/2177/1880 2540/2176/1879 2528/2164/1867
f 2530/2166/1869 2542/2178/1881 2541/2177/1880
f 2531/2167/1870 2543/2179/1882 2542/2178/1881
f 2532/2168/1871 2544/2180/1883 2543/2179/1882
f 2533/2170/1873 2545/2182/1885 2544/2180/1883
f 2534/2181/1884 2546/2192/1895 2545/2182/1885
f 2548/2183/1886 2547/2195/1898 2535/2184/1887
f 2549/2185/1888 2548/2183/1886 2536/2171/1874
f 2538/2174/1877 2550/2186/1889 2549/2185/1888
f 2539/2175/1878 2551/2187/1890 2550/2186/1889
f 2540/2176/1879 2552/2200/1903 2551/2187/1890
f 2553/2188/1891 2552/2200/1903 2540/2176/1879
f 2554/2189/1892 2553/2188/1891 2541/2177/1880
f 2555/2190/1893 2554/2189/1892 2542/2178/1881
f 2544/2180/1883 2556/2191/1894 2555/2190/1893
f 2545/2182/1885 2557/2193/1896 2556/2191/1894
f 2546/2192/1895 2558/2206/1909 2557/2193/1896
f 2548/2183/1886 2560/2196/1899 2559/2194/1897
f 2549/2185/1888 2561/2208/1911 2560/2196/1899
f 2562/2197/1900 2561/2208/1911 2549/2185/1888
f 2563/2198/1901 2562/2197/1900 2550/2186/1889
f 2564/2199/1902 2563/2198/1901 2551/2187/1890
f 2565/2201/1904 2564/2199/1902 2552/2200/1903
f 2554/2189/1892 2566/2202/1905 2565/2201/1904
f 2555/2190/1893 2567/2203/1906 2566/2202/1905
f 2556/2191/1894 2568/2204/1907 2567/2203/1906
f 2557/2193/1896 2569/2218/1921 2568/2204/1907
f 2570/2205/1908 2569/2218/1921 2557/2193/1896
f 2560/2196/1899 2572/2209/1912 2571/2207/1910
f 2561/2208/1911 2573/2210/1913 2572/2209/1912
f 2562/2197/1900 2574/2211/1914 2573/2210/1913
f 2563/2198/1901 2575/2212/1915 2574/2211/1914
f 2564/2199/1902 2576/2224/1927 2575/2212/1915
f 2577/2213/1916 2576/2224/1927 2564/2199/1902
f 2578/2214/1917 2577/2213/1916 2565/2201/1904
f 2579/2215/1918 2578/2214/1917 2566/2202/1905
f 2580/2216/1919 2579/2215/1918 2567/2203/1906
f 2581/2217/1920 2580/2216/1919 2568/2204/1907
f 2582/2219/1922 2581/2217/1920 2569/2218/1921
f 2572/2209/1912 2584/2221/1924 2583/2220/1923
f 2573/2210/1913 2585/2222/1925 2584/2221/1924
f 2574/2211/1914 2586/2223/1926 2585/2222/1925
f 2575/2212/1915 2587/2225/1928 2586/2223/1926
f 2576/2224/1927 2588/2236/1939 2587/2225/1928
f 2589/2226/1929 2588/2236/1939 2576/2224/1927
f 2590/2227/1930 2589/2226/1929 2577/2213/1916
f 2591/2228/1931 2590/2227/1930 2578/2214/1917
f 2592/2229/1932 2591/2228/1931 2579/2215/1918
f 2593/2230/1933 2592/2229/1932 2580/2216/1919
f 2594/2231/1934 2593/2230/1933 2581/2217/1920
f 2584/2221/1924 2596/2233/1936 2595/2232/1935
f 2585/2222/1925 2597/2234/1937 2596/2233/1936
f 2586/2223/1926 2598/2235/1938 2597/2234/1937
f 2587/2225/1928 2599/2237/1940 2598/2235/1938
f 2588/2236/1939 2600/2248/1951 2599/2237/1940
f 2601/2238/1941 2600/2248/1951 2588/2236/1939
f 2602/2239/1942 2601/2238/1941 2589/2226/1929
f 2603/2240/1943 2602/2239/1942 2590/2227/1930
f 2604/2241/1944 2603/2240/1943 2591/2228/1931
f 2605/2242/1945 2604/2241/1944 2592/2229/1932
f 2606/2243/1946 2605/2242/1945 2593/2230/1933
f 2596/2233/1936 2608/2245/1948 2607/2244/1947
f 2597/2234/1937 2609/2246/1949 2608/2245/1948
f 2598/2235/1938 2610/2247/1950 2609/2246/1949
f 2599/2237/1940 2611/2249/1952 2610/2247/1950
f 2600/2248/1951 2612/2261/1964 2611/2249/1952
f 2613/2250/1953 2612/2261/1964 2600/2248/1951
f 2614/2251/1954 2613/2250/1953 2601/2238/1941
f 2615/2252/1955 2614/2251/1954 2602/2239/1942
f 2616/2253/1956 2615/2252/1955 2603/2240/1943
f 2617/2254/1957 2616/2253/1956 2604/2241/1944
f 2618/2255/1958 2617/2254/1957 2605/2242/1945
f 2620/2256/1959 2619/2268/1971 2607/2244/1947
f 2621/2257/1960 2620/2256/1959 2608/2245/1948
f 2622/2258/1961 2621/2257/1960 2609/2246/1949
f 2623/2259/1962 2622/2258/1961 2610/2247/1950
f 2624/2260/1963 2623/2259/1962 2611/2249/1952
f 2625/2262/1965 2624/2260/1963 2612/2261/1964
f 2614/2251/1954 2626/2263/1966 2625/2262/1965
f 2615/2252/1955 2627/2264/1967 2626/2263/1966
f 2616/2253/1956 2628/2265/1968 2627/2264/1967
f 2617/2254/1957 2629/2266/1969 2628/2265/1968
f 2618/2255/1958 2630/2277/1980 2629/2266/1969
f 2632/2267/1970 2631/2280/1983 2619/2268/1971
f 2633/2269/1972 2632/2267/1970 2620/2256/1959
f 2634/2270/1973 2633/2269/1972 2621/2257/1960
f 2635/2271/1974 2634/2270/1973 2622/2258/1961
f 2636/2272/1975 2635/2271/1974 2623/2259/1962
f 2637/2273/1976 2636/2272/1975 2624/2260/1963
f 2626/2263/1966 2638/2274/1977 2637/2273/1976
f 2627/2264/1967 2639/2275/1978 2638/2274/1977
f 2628/2265/1968 2640/2276/1979 2639/2275/1978
f 2629/2266/1969 2641/2278/1981 2640/2276/1979
f 2630/2277/1980 2642/2289/1992 2641/2278/1981
f 2644/2279/1982 2643/2292/1995 2631/2280/1983
f 2645/2281/1984 2644/2279/1982 2632/2267/1970
f 2646/2282/1985 2645/2281/1984 2633/2269/1972
f 2647/2283/1986 2646/2282/1985 2634/2270/1973
f 2648/2284/1987 2647/2283/1986 2635/2271/1974
f 2649/2285/1988 2648/2284/1987 2636/2272/1975
f 2638/2274/1977 2650/2286/1989 2649/2285/1988
f 2639/2275/1978 2651/2287/1990 2650/2286/1989
f 2640/2276/1979 2652/2288/1991 2651/2287/1990
f 2641/2278/1981 2653/2290/1993 2652/2288/1991
f 2642/2289/1992 2654/2301/2004 2653/2290/1993
f 2656/2291/1994 2655/2304/2007 2643/2292/1995
f 2657/2293/1996 2656/2291/1994 2644/2279/1982
f 2658/2294/1997 2657/2293/1996 2645/2281/1984
f 2659/2295/1998 2658/2294/1997 2646/2282/1985
f 2660/2296/1999 2659/2295/1998 2647/2283/1986
f 2661/2297/2000 2660/2296/1999 2648/2284/1987
f 2650/2286/1989 2662/2298/2001 2661/2297/2000
f 2651/2287/1990 2663/2299/2002 2662/2298/2001
f 2652/2288/1991 2664/2300/2003 2663/2299/2002
f 2653/2290/1993 2665/2302/2005 2664/2300/2003
f 2654/2301/2004 2666/2313/2016 2665/2302/2005
f 2668/2303/2006 2667/53/2019 2655/2304/2007
f 2669/2305/2008 2668/2303/2006 2656/2291/1994
f 2670/2306/2009 2669/2305/2008 2657/2293/1996
f 2671/2307/2010 2670/2306/2009 2658/2294/1997
f 2672/2308/2011 2671/2307/2010 2659/2295/1998
f 2673/2309/2012 2672/2308/2011 2660/2296/1999
f 2662/2298/2001 2674/2310/2013 2673/2309/2012
f 2663/2299/2002 2675/2311/2014 2674/2310/2013
f 2664/2300/2003 2676/2312/2015 2675/2311/2014
f 2665/2302/2005 2677/2314/2017 2676/2312/2015
f 2666/2313/2016 2678/2324/2028 2677/2314/2017
f 2680/2315/2018 2679/2327/2031 2667/53/2019
f 2681/2316/2020 2680/2315/2018 2668/2303/2006
f 2682/2317/2021 2681/2316/2020 2669/2305/2008
f 2683/2318/2022 2682/2317/2021 2670/2306/2009
f 2684/2319/2023 2683/2318/2022 2671/2307/2010
f 2685/2320/2024 2684/2319/2023 2672/2308/2011
f 2674/2310/2013 2686/2321/2025 2685/2320/2024
f 2675/2311/2014 2687/2322/2026 2686/2321/2025
f 2676/2312/2015 2688/2323/2027 2687/2322/2026
f 2677/2314/2017 2689/2325/2029 2688/2323/2027
f 2678/2324/2028 2690/2338/2042 2689/2325/2029
f 2680/2315/2018 2692/2328/2032 2691/2326/2030
f 2681/2316/2020 2693/2329/2033 2692/2328/2032
f 2682/2317/2021 2694/2330/2034 2693/2329/2033
f 2683/2318/2022 2695/2331/2035 2694/2330/2034
f 2684/2319/2023 2696/2344/2048 2695/2331/2035
f 2697/2332/2036 2696/2344/2048 2684/2319/2023
f 2698/2333/2037 2697/2332/2036 2685/2320/2024
f 2699/2334/2038 2698/2333/2037 2686/2321/2025
f 2700/2335/2039 2699/2334/2038 2687/2322/2026
f 2701/2336/2040 2700/2335/2039 2688/2323/2027
f 2702/2337/2041 2701/2336/2040 2689/2325/2029
f 2704/2339/2043 2703/2351/2055 2691/2326/2030
f 2705/2340/2044 2704/2339/2043 2692/2328/2032
f 2706/2341/2045 2705/2340/2044 2693/2329/2033
f 2707/2342/2046 2706/2341/2045 2694/2330/2034
f 2708/2343/2047 2707/2342/2046 2695/2331/2035
f 2709/2345/2049 2708/2343/2047 2696/2344/2048
f 2698/2333/2037 2710/2346/2050 2709/2345/2049
f 2699/2334/2038 2711/2347/2051 2710/2346/2050
f 2700/2335/2039 2712/2348/2052 2711/2347/2051
f 2701/2336/2040 2713/2349/2053 2712/2348/2052
f 2702/2337/2041 2714/2362/2066 2713/2349/2053
f 2704/2339/2043 2716/2352/2056 2715/2350/2054
f 2705/2340/2044 2717/2353/2057 2716/2352/2056
f 2706/2341/2045 2718/2354/2058 2717/2353/2057
f 2707/2342/2046 2719/2355/2059 2718/2354/2058
f 2708/2343/2047 2720/2367/2071 2719/2355/2059
f 2721/2356/2060 2720/2367/2071 2708/2343/2047
f 2722/2357/2061 2721/2356/2060 2709/2345/2049
f 2723/2358/2062 2722/2357/2061 2710/2346/2050
f 2724/2359/2063 2723/2358/2062 2711/2347/2051
f 2725/2360/2064 2724/2359/2063 2712/2348/2052
f 2726/2361/2065 2725/2360/2064 2713/2349/2053
f 2716/2352/2056 2728/2364/2068 2727/2363/2067
f 2717/2353/2057 2729/2365/2069 2728/2364/2068
f 2718/2354/2058 2730/2366/2070 2729/2365/2069
f 2719/2355/2059 2731/2368/2072 2730/2366/2070
f 2720/2367/2071 2732/2379/2083 2731/2368/2072
f 2733/2369/2073 2732/2379/2083 2720/2367/2071
f 2734/2370/2074 2733/2369/2073 2721/2356/2060
f 2735/2371/2075 2734/2370/2074 2722/2357/2061
f 2736/2372/2076 2735/2371/2075 2723/2358/2062
f 2737/2373/2077 2736/2372/2076 2724/2359/2063
f 2738/2374/2078 2737/2373/2077 2725/2360/2064
f 2728/2364/2068 2740/2376/2080 2739/2375/2079
f 2729/2365/2069 2741/2377/2081 2740/2376/2080
f 2730/2366/2070 2742/2378/2082 2741/2377/2081
f 2731/2368/2072 2743/2380/2084 2742/2378/2082
f 2732/2379/2083 2744/2392/2096 2743/2380/2084
f 2745/2381/2085 2744/2392/2096 2732/2379/2083
f 2746/2382/2086 2745/2381/2085 2733/2369/2073
f 2747/2383/2087 2746/2382/2086 2734/2370/2074
f 2748/2384/2088 2747/2383/2087 2735/2371/2075
f 2749/2385/2089 2748/2384/2088 2736/2372/2076
f 2750/2386/2090 2749/2385/2089 2737/2373/2077
f 2752/2387/2091 2751/2399/2103 2739/2375/2079
f 2753/2388/2092 2752/2387/2091 2740/2376/2080
f 2754/2389/2093 2753/2388/2092 2741/2377/2081
f 2755/2390/2094 2754/2389/2093 2742/2378/2082
f 2756/2391/2095 2755/2390/2094 2743/2380/2084
f 2757/2393/2097 2756/2391/2095 2744/2392/2096
f 2746/2382/2086 2758/2394/2098 2757/2393/2097
f 2747/2383/2087 2759/2395/2099 2758/2394/2098
f 2748/2384/2088 2760/2396/2100 2759/2395/2099
f 2749/2385/2089 2761/2397/2101 2760/2396/2100
f 2750/2386/2090 2762/2408/2112 2761/2397/2101
f 2764/2398/2102 2763/2411/2115 2751/2399/2103
f 2765/2400/2104 2764/2398/2102 2752/2387/2091
f 2766/2401/2105 2765/2400/2104 2753/2388/2092
f 2767/2402/2106 2766/2401/2105 2754/2389/2093
f 2768/2403/2107 2767/2402/2106 2755/2390/2094
f 2769/2404/2108 2768/2403/2107 2756/2391/2095
f 2758/2394/2098 2770/2405/2109 2769/2404/2108
f 2759/2395/2099 2771/2406/2110 2770/2405/2109
f 2760/2396/2100 2772/2407/2111 2771/2406/2110
f 2761/2397/2101 2773/2409/2113 2772/2407/2111
f 2762/2408/2112 2774/2420/2124 2773/2409/2113
f 2776/2410/2114 2775/2423/2127 2763/2411/2115
f 2777/2412/2116 2776/2410/2114 2764/2398/2102
f 2778/2413/2117 2777/2412/2116 2765/2400/2104
f 2779/2414/2118 2778/2413/2117 2766/2401/2105
f 2780/2415/2119 2779/2414/2118 2767/2402/2106
f 2781/2416/2120 2780/2415/2119 2768/2403/2107
f 2770/2405/2109 2782/2417/2121 2781/2416/2120
f 2771/2406/2110 2783/2418/2122 2782/2417/2121
f 2772/2407/2111 2784/2419/2123 2783/2418/2122
f 2773/2409/2113 2785/2421/2125 2784/2419/2123
f 2774/2420/2124 2786/2432/2136 2785/2421/2125
f 2788/2422/2126 2787/2435/2139 2775/2423/2127
f 2789/2424/2128 2788/2422/2126 2776/2410/2114
f 2790/2425/2129 2789/2424/2128 2777/2412/2116
f 2791/2426/2130 2790/2425/2129 2778/2413/2117
f 2792/2427/2131 2791/2426/2130 2779/2414/2118
f 2793/2428/2132 2792/2427/2131 2780/2415/2119
f 2782/2417/2121 2794/2429/2133 2793/2428/2132
f 2783/2418/2122 2795/2430/2134 2794/2429/2133
f 2784/2419/2123 2796/2431/2135 2795/2430/2134
f 2785/2421/2125 2797/2433/2137 2796/2431/2135
f 2786/2432/2136 2798/2444/2148 2797/2433/2137
f 2800/2434/2138 2799/2447/2151 2787/2435/2139
f 2801/2436/2140 2800/2434/2138 2788/2422/2126
f 2802/2437/2141 2801/2436/2140 2789/2424/2128
f 2803/2438/2142 2802/2437/2141 2790/2425/2129
f 2804/2439/2143 2803/2438/2142 2791/2426/2130
f 2805/2440/2144 2804/2439/2143 2792/2427/2131
f 2794/2429/2133 2806/2441/2145 2805/2440/2144
f 2795/2430/2134 2807/2442/2146 2806/2441/2145
f 2796/2431/2135 2808/2443/2147 2807/2442/2146
f 2797/2433/2137 2809/2445/2149 2808/2443/2147
f 2798/2444/2148 2810/2456/2160 2809/2445/2149
f 2812/2446/2150 2811/2459/2163 2799/2447/2151
f 2813/2448/2152 2812/2446/2150 2800/2434/2138
f 2814/2449/2153 2813/2448/2152 2801/2436/2140
f 2815/2450/2154 2814/2449/2153 2802/2437/2141
f 2816/2451/2155 2815/2450/2154 2803/2438/2142
f 2817/2452/2156 2816/2451/2155 2804/2439/2143
f 2806/2441/2145 2818/2453/2157 2817/2452/2156
f 2807/2442/2146 2819/2454/2158 2818/2453/2157
f 2808/2443/2147 2820/2455/2159 2819/2454/2158
f 2809/2445/2149 2821/2457/2161 2820/2455/2159
f 2810/2456/2160 2822/2468/2172 2821/2457/2161
f 2824/2458/2162 2823/2471/2175 2811/2459/2163
f 2825/2460/2164 2824/2458/2162 2812/2446/2150
f 2826/2461/2165 2825/2460/2164 2813/2448/2152
f 2827/2462/2166 2826/2461/2165 2814/2449/2153
f 2828/2463/2167 2827/2462/2166 2815/2450/2154
f 2829/2464/2168 2828/2463/2167 2816/2451/2155
f 2818/2453/2157 2830/2465/2169 2829/2464/2168
f 2819/2454/2158 2831/2466/2170 2830/2465/2169
f 2820/2455/2159 2832/2467/2171 2831/2466/2170
f 2821/2457/2161 2833/2469/2173 2832/2467/2171
f 2822/2468/2172 2834/2482/2186 2833/2469/2173
f 2824/2458/2162 2836/2472/2176 2835/2470/2174
f 2825/2460/2164 2837/2473/2177 2836/2472/2176
f 2826/2461/2165 2838/2474/2178 2837/2473/2177
f 2827/2462/2166 2839/2475/2179 2838/2474/2178
f 2828/2463/2167 2840/2488/2192 2839/2475/2179
f 2841/2476/2180 2840/2488/2192 2828/2463/2167
f 2842/2477/2181 2841/2476/2180 2829/2464/2168
f 2843/2478/2182 2842/2477/2181 2830/2465/2169
f 2844/2479/2183 2843/2478/2182 2831/2466/2170
f 2845/2480/2184 2844/2479/2183 2832/2467/2171
f 2846/2481/2185 2845/2480/2184 2833/2469/2173
f 2848/2483/2187 2847/2495/2199 2835/2470/2174
f 2849/2484/2188 2848/2483/2187 2836/2472/2176
f 2850/2485/2189 2849/2484/2188 2837/2473/2177
f 2851/2486/2190 2850/2485/2189 2838/2474/2178
f 2852/2487/2191 2851/2486/2190 2839/2475/2179
f 2853/2489/2193 2852/2487/2191 2840/2488/2192
f 2842/2477/2181 2854/2490/2194 2853/2489/2193
f 2843/2478/2182 2855/2491/2195 2854/2490/2194
f 2844/2479/2183 2856/2492/2196 2855/2491/2195
f 2845/2480/2184 2857/2493/2197 2856/2492/2196
f 2846/2481/2185 2858/2504/2208 2857/2493/2197
f 2860/2494/2198 2859/2507/2211 2847/2495/2199
f 2861/2496/2200 2860/2494/2198 2848/2483/2187
f 2862/2497/2201 2861/2496/2200 2849/2484/2188
f 2863/2498/2202 2862/2497/2201 2850/2485/2189
f 2864/2499/2203 2863/2498/2202 2851/2486/2190
f 2865/2500/2204 2864/2499/2203 2852/2487/2191
f 2854/2490/2194 2866/2501/2205 2865/2500/2204
f 2855/2491/2195 2867/2502/2206 2866/2501/2205
f 2856/2492/2196 2868/2503/2207 2867/2502/2206
f 2857/2493/2197 2869/2505/2209 2868/2503/2207
f 2858/2504/2208 2870/2516/2220 2869/2505/2209
f 2872/2506/2210 2871/30/2223 2859/2507/2211
f 2873/2508/2212 2872/2506/2210 2860/2494/2198
f 2874/2509/2213 2873/2508/2212 2861/2496/2200
f 2875/2510/2214 2874/2509/2213 2862/2497/2201
f 2876/2511/2215 2875/2510/2214 2863/2498/2202
f 2877/2512/2216 2876/2511/2215 2864/2499/2203
f 2866/2501/2205 2878/2513/2217 2877/2512/2216
f 2867/2502/2206 2879/2514/2218 2878/2513/2217
f 2868/2503/2207 2880/2515/2219 2879/2514/2218
f 2869/2505/2209 2881/2517/2221 2880/2515/2219
f 2870/2516/2220 2882/2527/2232 2881/2517/2221
f 2884/2518/2222 2883/2530/2235 2871/30/2223
f 2885/2519/2224 2884/2518/2222 2872/2506/2210
f 2886/2520/2225 2885/2519/2224 2873/2508/2212
f 2887/2521/2226 2886/2520/2225 2874/2509/2213
f 2888/2522/2227 2887/2521/2226 2875/2510/2214
f 2889/2523/2228 2888/2522/2227 2876/2511/2215
f 2878/2513/2217 2890/2524/2229 2889/2523/2228
f 2879/2514/2218 2891/2525/2230 2890/2524/2229
f 2880/2515/2219 2892/2526/2231 2891/2525/2230
f 2881/2517/2221 2893/2528/2233 2892/2526/2231
f 2882/2527/2232 2894/2539/2244 2893/2528/2233
f 2896/2529/2234 2895/2542/2247 2883/2530/2235
f 2897/2531/2236 2896/2529/2234 2884/2518/2222
f 2898/2532/2237 2897/2531/2236 2885/2519/2224
f 2899/2533/2238 2898/2532/2237 2886/2520/2225
f 2900/2534/2239 2899/2533/2238 2887/2521/2226
f 2901/2535/2240 2900/2534/2239 2888/2522/2227
f 2890/2524/2229 2902/2536/2241 2901/2535/2240
f 2891/2525/2230 2903/2537/2242 2902/2536/2241
f 2892/2526/2231 2904/2538/2243 2903/2537/2242
f 2893/2528/2233 2905/2540/2245 2904/2538/2243
f 2894/2539/2244 2906/2551/2256 2905/2540/2245
f 2908/2541/2246 2907/2554/2259 2895/2542/2247
f 2909/2543/2248 2908/2541/2246 2896/2529/2234
f 2910/2544/2249 2909/2543/2248 2897/2531/2236
f 2911/2545/2250 2910/2544/2249 2898/2532/2237
f 2912/2546/2251 2911/2545/2250 2899/2533/2238
f 2913/2547/2252 2912/2546/2251 2900/2534/2239
f 2902/2536/2241 2914/2548/2253 2913/2547/2252
f 2903/2537/2242 2915/2549/2254 2914/2548/2253
f 2904/2538/2243 2916/2550/2255 2915/2549/2254
f 2905/2540/2245 2917/2552/2257 2916/2550/2255
f 2906/2551/2256 2918/2563/2268 2917/2552/2257
f 2920/2553/2258 2919/2566/2271 2907/2554/2259
f 2921/2555/2260 2920/2553/2258 2908/2541/2246
f 2922/2556/2261 2921/2555/2260 2909/2543/2248
f 2923/2557/2262 2922/2556/2261 2910/2544/2249
f 2924/2558/2263 2923/2557/2262 2911/2545/2250
f 2925/2559/2264 2924/2558/2263 2912/2546/2251
f 2914/2548/2253 2926/2560/2265 2925/2559/2264
f 2915/2549/2254 2927/2561/2266 2926/2560/2265
f 2916/2550/2255 2928/2562/2267 2927/2561/2266
f 2917/2552/2257 2929/2564/2269 2928/2562/2267
f 2918/2563/2268 2930/2577/2282 2929/2564/2269
f 2920/2553/2258 2932/2567/2272 2931/2565/2270
f 2921/2555/2260 2933/2568/2273 2932/2567/2272
f 2922/2556/2261 2934/2569/2274 2933/2568/2273
f 2923/2557/2262 2935/2570/2275 2934/2569/2274
f 2924/2558/2263 2936/2582/2287 2935/2570/2275
f 2937/2571/2276 2936/2582/2287 2924/2558/2263
f 2938/2572/2277 2937/2571/2276 2925/2559/2264
f 2939/2573/2278 2938/2572/2277 2926/2560/2265
f 2940/2574/2279 2939/2573/2278 2927/2561/2266
f 2941/2575/2280 2940/2574/2279 2928/2562/2267
f 2942/2576/2281 2941/2575/2280 2929/2564/2269
f 2932/2567/2272 2944/2579/2284 2943/2578/2283
f 2933/2568/2273 2945/2580/2285 2944/2579/2284
f 2934/2569/2274 2946/2581/2286 2945/2580/2285
f 2935/2570/2275 2947/2583/2288 2946/2581/2286
f 2936/2582/2287 2948/2594/2299 2947/2583/2288
f 2949/2584/2289 2948/2594/2299 2936/2582/2287
f 2950/2585/2290 2949/2584/2289 2937/2571/2276
f 2951/2586/2291 2950/2585/2290 2938/2572/2277
f 2952/2587/2292 2951/2586/2291 2939/2573/2278
f 2953/2588/2293 2952/2587/2292 2940/2574/2279
f 2954/2589/2294 2953/2588/2293 2941/2575/2280
f 2944/2579/2284 2956/2591/2296 2955/2590/2295
f 2945/2580/2285 2957/2592/2297 2956/2591/2296
f 2946/2581/2286 2958/2593/2298 2957/2592/2297
f 2947/2583/2288 2959/2595/2300 2958/2593/2298
f 2948/2594/2299 2960/2606/2311 2959/2595/2300
f 2961/2596/2301 2960/2606/2311 2948/2594/2299
f 2962/2597/2302 2961/2596/2301 2949/2584/2289
f 2963/2598/2303 2962/2597/2302 2950/2585/2290
f 2964/2599/2304 2963/2598/2303 2951/2586/2291
f 2965/2600/2305 2964/2599/2304 2952/2587/2292
f 2966/2601/2306 2965/2600/2305 2953/2588/2293
f 2956/2591/2296 2968/2603/2308 2967/2602/2307
f 2957/2592/2297 2969/2604/2309 2968/2603/2308
f 2958/2593/2298 2970/2605/2310 2969/2604/2309
f 2959/2595/2300 2971/2607/2312 2970/2605/2310
f 2960/2606/2311 2972/2619/2324 2971/2607/2312
f 2973/2608/2313 2972/2619/2324 2960/2606/2311
f 2974/2609/2314 2973/2608/2313 2961/2596/2301
f 2975/2610/2315 2974/2609/2314 2962/2597/2302
f 2976/2611/2316 2975/2610/2315 2963/2598/2303
f 2977/2612/2317 2976/2611/2316 2964/2599/2304
f 2978/2613/2318 2977/2612/2317 2965/2600/2305
f 2980/2614/2319 2979/2626/2330 2967/2602/2307
f 2981/2615/2320 2980/2614/2319 2968/2603/2308
f 2982/2616/2321 2981/2615/2320 2969/2604/2309
f 2983/2617/2322 2982/2616/2321 2970/2605/2310
f 2984/2618/2323 2983/2617/2322 2971/2607/2312
f 2985/2620/2325 2984/2618/2323 2972/2619/2324
f 2974/2609/2314 2986/2621/2326 2985/2620/2325
f 2975/2610/2315 2987/2622/2327 2986/2621/2326
f 2976/2611/2316 2988/2623/2328 2987/2622/2327
f 2977/2612/2317 2989/2624/2329 2988/2623/2328
f 2978/2613/2318 2990/2637/2331 2989/2624/2329
f 2980/2614/2319 2992/2627/3 2991/2625/26
f 2981/2615/2320 2993/2628/6 2992/2627/3
f 2982/2616/2321 2994/2629/8 2993/2628/6
f 2983/2617/2322 2995/2630/10 2994/2629/8
f 2984/2618/2323 2996/2643/12 2995/2630/10
f 2997/2631/14 2996/2643/12 2984/2618/2323
f 2998/2632/32 2997/2631/14 2985/2620/2325
f 2999/2633/17 2998/2632/32 2986/2621/2326
f 3000/2634/19 2999/2633/17 2987/2622/2327
f 3001/2635/21 3000/2634/19 2988/2623/2328
f 3002/2636/23 3001/2635/21 2989/2624/2329
f 3004/2638/49 3003/2651/58 2991/2625/26
f 3005/2639/50 3004/2638/49 2992/2627/3
f 3006/2640/51 3005/2639/50 2993/2628/6
f 3007/2641/2332 3006/2640/51 2994/2629/8
f 3008/2642/52 3007/2641/2332 2995/2630/10
f 3009/2644/53 3008/2642/52 2996/2643/12
f 3010/2645/2333 3009/2644/53 2997/2631/14
f 3011/2646/54 3010/2645/2333 2998/2632/32
f 3012/2647/69 3011/2646/54 2999/2633/17
f 3013/2648/55 3012/2647/69 3000/2634/19
f 3014/2649/56 3013/2648/55 3001/2635/21
f 3016/2650/2334 3015/2662/58 3003/2651/58
f 3017/2652/2335 3016/2650/2334 3004/2638/49
f 3018/2653/2336 3017/2652/2335 3005/2639/50
f 3019/2654/2337 3018/2653/2336 3006/2640/51
f 3020/2655/2338 3019/2654/2337 3007/2641/2332
f 3021/2656/2339 3020/2655/2338 3008/2642/52
f 3010/2645/2333 3022/2657/2340 3021/2656/2339
f 3011/2646/54 3023/2658/2341 3022/2657/2340
f 3012/2647/69 3024/2659/2342 3023/2658/2341
f 3013/2648/55 3025/2660/2343 3024/2659/2342
f 3014/2649/56 3026/2673/56 3025/2660/2343
f 3016/2650/2334 3028/2663/49 3027/2661/58
f 3017/2652/2335 3029/2664/50 3028/2663/49
f 3018/2653/2336 3030/2665/51 3029/2664/50
f 3019/2654/2337 3031/2666/2332 3030/2665/51
f 3020/2655/2338 3032/2679/52 3031/2666/2332
f 3033/2667/53 3032/2679/52 3020/2655/2338
f 3034/2668/2333 3033/2667/53 3021/2656/2339
f 3035/2669/54 3034/2668/2333 3022/2657/2340
f 3036/2670/69 3035/2669/54 3023/2658/2341
f 3037/2671/55 3036/2670/69 3024/2659/2342
f 3038/2672/56 3037/2671/55 3025/2660/2343
f 3040/2674/2334 3039/2686/58 3027/2661/58
f 3041/2675/2335 3040/2674/2334 3028/2663/49
f 3042/2676/2336 3041/2675/2335 3029/2664/50
f 3043/2677/2337 3042/2676/2336 3030/2665/51
f 3044/2678/2344 3043/2677/2337 3031/2666/2332
f 3045/2680/2339 3044/2678/2344 3032/2679/52
f 3034/2668/2333 3046/2681/2340 3045/2680/2339
f 3035/2669/54 3047/2682/2341 3046/2681/2340
f 3036/2670/69 3048/2683/2342 3047/2682/2341
f 3037/2671/55 3049/2684/2343 3048/2683/2342
f 3038/2672/56 3050/2697/56 3049/2684/2343
f 3040/2674/2334 3052/2687/49 3051/2685/58
f 3041/2675/2335 3053/2688/50 3052/2687/49
f 3042/2676/2336 3054/2689/51 3053/2688/50
f 3043/2677/2337 3055/2690/62 3054/2689/51
f 3044/2678/2344 3056/2703/52 3055/2690/62
f 3057/2691/53 3056/2703/52 3044/2678/2344
f 3058/2692/2333 3057/2691/53 3045/2680/2339
f 3059/2693/54 3058/2692/2333 3046/2681/2340
f 3060/2694/69 3059/2693/54 3047/2682/2341
f 3061/2695/55 3060/2694/69 3048/2683/2342
f 3062/2696/56 3061/2695/55 3049/2684/2343
f 3064/2698/57 3063/2709/71 3051/2685/58
f 3065/2699/59 3064/2698/57 3052/2687/49
f 3066/2700/60 3065/2699/59 3053/2688/50
f 3067/2701/61 3066/2700/60 3054/2689/51
f 3068/2702/63 3067/2701/61 3055/2690/62
f 3069/2704/64 3068/2702/63 3056/2703/52
f 3070/2705/65 3069/2704/64 3057/2691/53
f 3059/2693/54 3071/2710/67 3070/2705/65
f 3072/2706/68 3071/2710/67 3059/2693/54
f 3073/2707/72 3072/2706/68 3060/2694/69
f 3074/2708/70 3073/2707/72 3061/2695/55
f 2056/350/1443 2055/8/71 3063/2709/71
f 2057/352/1444 2056/350/1443 3064/2698/57
f 2058/361/1445 2057/352/1444 3065/2699/59
f 2059/353/1446 2058/361/1445 3066/2700/60
f 2060/354/1447 2059/353/1446 3067/2701/61
f 2061/355/1448 2060/354/1447 3068/2702/63
f 3070/2705/65 2062/356/1449 2061/355/1448
f 3071/2710/67 2063/362/1450 2062/356/1449
f 3072/2706/68 2064/357/1451 2063/362/1450
f 3073/2707/72 2065/358/1452 2064/357/1451
f 3074/2708/70 2066/360/70 2065/358/1452
f 3076/259/2345 3088/2712/2349 3087/2711/2346
f 3077/261/2348 3089/2713/2351 3088/2712/2349
f 3078/263/2350 3090/2714/2353 3089/2713/2351
f 3079/265/2352 3091/2715/2355 3090/2714/2353
f 3080/267/2354 3092/2722/2372 3091/2715/2355
f 3093/2716/2356 3092/2722/2372 3080/267/2354
f 3094/2717/2358 3093/2716/2356 3081/269/2357
f 3095/2718/2360 3094/2717/2358 3082/270/2359
f 3096/2719/2362 3095/2718/2360 3083/272/2361
f 3097/2720/2364 3096/2719/2362 3084/274/2363
f 3098/2721/2366 3097/2720/2364 3085/276/2365
f 3088/2712/2349 3100/258/2369 3099/280/2368
f 3089/2713/2351 3101/260/2370 3100/258/2369
f 3090/2714/2353 3102/262/2371 3101/260/2370
f 3091/2715/2355 3103/264/2373 3102/262/2371
f 3092/2722/2372 3104/266/2384 3103/264/2373
f 3105/268/2374 3104/266/2384 3092/2722/2372
f 3106/286/2375 3105/268/2374 3093/2716/2356
f 3107/271/2376 3106/286/2375 3094/2717/2358
f 3108/273/2377 3107/271/2376 3095/2718/2360
f 3109/275/2378 3108/273/2377 3096/2719/2362
f 3110/277/2379 3109/275/2378 3097/2720/2364
f 3100/258/2369 3112/2724/2381 3111/2723/2380
f 3101/260/2370 3113/2725/2382 3112/2724/2381
f 3102/262/2371 3114/2726/2383 3113/2725/2382
f 3103/264/2373 3115/2727/2385 3114/2726/2383
f 3104/266/2384 3116/2734/2396 3115/2727/2385
f 3117/2728/2386 3116/2734/2396 3104/266/2384
f 3118/2729/2387 3117/2728/2386 3105/268/2374
f 3119/2730/2388 3118/2729/2387 3106/286/2375
f 3120/2731/2389 3119/2730/2388 3107/271/2376
f 3121/2732/2390 3120/2731/2389 3108/273/2377
f 3122/2733/2391 3121/2732/2390 3109/275/2378
f 3112/2724/2381 3124/279/2393 3123/292/2392
f 3113/2725/2382 3125/281/2394 3124/279/2393
f 3114/2726/2383 3126/282/2395 3125/281/2394
f 3115/2727/2385 3127/283/2397 3126/282/2395
f 3116/2734/2396 3128/284/2408 3127/283/2397
f 3129/285/2398 3128/284/2408 3116/2734/2396
f 3130/287/2399 3129/285/2398 3117/2728/2386
f 3131/288/2400 3130/287/2399 3118/2729/2387
f 3132/289/2401 3131/288/2400 3119/2730/2388
f 3133/290/2402 3132/289/2401 3120/2731/2389
f 3134/301/2403 3133/290/2402 3121/2732/2390
f 3124/279/2393 3136/2736/2405 3135/2735/2404
f 3125/281/2394 3137/2737/2406 3136/2736/2405
f 3126/282/2395 3138/2738/2407 3137/2737/2406
f 3127/283/2397 3139/2739/2409 3138/2738/2407
f 3128/284/2408 3140/2746/2420 3139/2739/2409
f 3141/2740/2410 3140/2746/2420 3128/284/2408
f 3142/2741/2411 3141/2740/2410 3129/285/2398
f 3143/2742/2412 3142/2741/2411 3130/287/2399
f 3144/2743/2413 3143/2742/2412 3131/288/2400
f 3145/2744/2414 3144/2743/2413 3132/289/2401
f 3146/2745/2415 3145/2744/2414 3133/290/2402
f 3136/2736/2405 3148/291/2417 3147/302/2416
f 3137/2737/2406 3149/293/2418 3148/291/2417
f 3138/2738/2407 3150/294/2419 3149/293/2418
f 3139/2739/2409 3151/295/2421 3150/294/2419
f 3140/2746/2420 3152/306/2432 3151/295/2421
f 3153/296/2422 3152/306/2432 3140/2746/2420
f 3154/297/2423 3153/296/2422 3141/2740/2410
f 3155/298/2424 3154/297/2423 3142/2741/2411
f 3156/312/2425 3155/298/2424 3143/2742/2412
f 3157/299/2426 3156/312/2425 3144/2743/2413
f 3158/300/2427 3157/299/2426 3145/2744/2414
f 3148/291/2417 3160/2748/2429 3159/2747/2428
f 3149/293/2418 3161/2749/2430 3160/2748/2429
f 3150/294/2419 3162/2750/2431 3161/2749/2430
f 3151/295/2421 3163/2751/2433 3162/2750/2431
f 3152/306/2432 3164/2758/2444 3163/2751/2433
f 3165/2752/2434 3164/2758/2444 3152/306/2432
f 3166/2753/2435 3165/2752/2434 3153/296/2422
f 3167/2754/2436 3166/2753/2435 3154/297/2423
f 3168/2755/2437 3167/2754/2436 3155/298/2424
f 3169/2756/2438 3168/2755/2437 3156/312/2425
f 3170/2757/2439 3169/2756/2438 3157/299/2426
f 3160/2748/2429 3172/303/2441 3171/101/2440
f 3161/2749/2430 3173/304/2442 3172/303/2441
f 3162/2750/2431 3174/305/2443 3173/304/2442
f 3163/2751/2433 3175/307/2445 3174/305/2443
f 3164/2758/2444 3176/320/2456 3175/307/2445
f 3177/308/2446 3176/320/2456 3164/2758/2444
f 3178/309/2447 3177/308/2446 3165/2752/2434
f 3179/310/2448 3178/309/2447 3166/2753/2435
f 3180/311/2449 3179/310/2448 3167/2754/2436
f 3181/313/2450 3180/311/2449 3168/2755/2437
f 3182/314/2451 3181/313/2450 3169/2756/2438
f 3172/303/2441 3184/2760/2453 3183/2759/2452
f 3173/304/2442 3185/2761/2454 3184/2760/2453
f 3174/305/2443 3186/2762/2455 3185/2761/2454
f 3175/307/2445 3187/2763/2457 3186/2762/2455
f 3176/320/2456 3188/2770/2468 3187/2763/2457
f 3189/2764/2458 3188/2770/2468 3176/320/2456
f 3190/2765/2459 3189/2764/2458 3177/308/2446
f 3191/2766/2460 3190/2765/2459 3178/309/2447
f 3192/2767/2461 3191/2766/2460 3179/310/2448
f 3193/2768/2462 3192/2767/2461 3180/311/2449
f 3194/2769/2463 3193/2768/2462 3181/313/2450
f 3184/2760/2453 3196/315/2465 3195/328/2464
f 3185/2761/2454 3197/316/2466 3196/315/2465
f 3186/2762/2455 3198/317/2467 3197/316/2466
f 3187/2763/2457 3199/318/2469 3198/317/2467
f 3188/2770/2468 3200/319/2480 3199/318/2469
f 3201/321/2470 3200/319/2480 3188/2770/2468
f 3202/322/2471 3201/321/2470 3189/2764/2458
f 3203/323/2472 3202/322/2471 3190/2765/2459
f 3204/324/2473 3203/323/2472 3191/2766/2460
f 3205/325/2474 3204/324/2473 3192/2767/2461
f 3206/326/2475 3205/325/2474 3193/2768/2462
f 3196/315/2465 3208/2772/2477 3207/2771/2476
f 3197/316/2466 3209/2773/2478 3208/2772/2477
f 3198/317/2467 3210/2774/2479 3209/2773/2478
f 3199/318/2469 3211/2775/2481 3210/2774/2479
f 3200/319/2480 3212/2782/2488 3211/2775/2481
f 3213/2776/2482 3212/2782/2488 3200/319/2480
f 3214/2777/2483 3213/2776/2482 3201/321/2470
f 3215/2778/2484 3214/2777/2483 3202/322/2471
f 3216/2779/2485 3215/2778/2484 3203/323/2472
f 3217/2780/2486 3216/2779/2485 3204/324/2473
f 3218/2781/2487 3217/2780/2486 3205/325/2474
f 3220/327/25 3219/337/26 3207/2771/2476
f 3221/329/27 3220/327/25 3208/2772/2477
f 3222/330/28 3221/329/27 3209/2773/2478
f 3223/341/29 3222/330/28 3210/2774/2479
f 3224/331/30 3223/341/29 3211/2775/2481
f 3225/332/31 3224/331/30 3212/2782/2488
f 3214/2777/2483 3226/345/33 3225/332/31
f 3215/2778/2484 3227/333/34 3226/345/33
f 3216/2779/2485 3228/348/35 3227/333/34
f 3217/2780/2486 3229/334/36 3228/348/35
f 3218/2781/2487 3230/335/23 3229/334/36
f 3232/2783/37 3231/2793/4 3219/337/26
f 3233/2784/38 3232/2783/37 3220/327/25
f 3234/2785/39 3233/2784/38 3221/329/27
f 3235/2786/40 3234/2785/39 3222/330/28
f 3236/2787/2489 3235/2786/40 3223/341/29
f 3237/2788/41 3236/2787/2489 3224/331/30
f 3238/2789/42 3237/2788/41 3225/332/31
f 3239/2790/43 3238/2789/42 3226/345/33
f 3228/348/35 3240/2794/47 3239/2790/43
f 3241/2791/44 3240/2794/47 3228/348/35
f 3242/2792/24 3241/2791/44 3229/334/36
f 3244/336/1443 3243/351/71 3231/2793/4
f 3245/338/1444 3244/336/1443 3232/2783/37
f 3246/339/1445 3245/338/1444 3233/2784/38
f 3247/340/1446 3246/339/1445 3234/2785/39
f 3236/2787/2489 3248/342/1453 3247/340/1446
f 3249/343/1454 3248/342/1453 3236/2787/2489
f 3250/344/1449 3249/343/1454 3237/2788/41
f 3251/346/1450 3250/344/1449 3238/2789/42
f 3252/347/1451 3251/346/1450 3239/2790/43
f 3253/359/1452 3252/347/1451 3240/2794/47
f 3254/349/70 3253/359/1452 3241/2791/44
f 3244/336/1443 3256/2796/2491 3255/2795/2490
f 3245/338/1444 3257/2797/2492 3256/2796/2491
f 3246/339/1445 3258/2798/2493 3257/2797/2492
f 3247/340/1446 3259/2799/2494 3258/2798/2493
f 3248/342/1453 3260/2806/2501 3259/2799/2494
f 3261/2800/2495 3260/2806/2501 3248/342/1453
f 3262/2801/2496 3261/2800/2495 3249/343/1454
f 3263/2802/2497 3262/2801/2496 3250/344/1449
f 3264/2803/2498 3263/2802/2497 3251/346/1450
f 3265/2804/2499 3264/2803/2498 3252/347/1451
f 3266/2805/2500 3265/2804/2499 3253/359/1452
f 3256/2796/2491 3076/350/2345 3075/8/2347
f 3257/2797/2492 3077/352/2348 3076/350/2345
f 3078/361/2350 3077/352/2348 3257/2797/2492
f 3079/353/2352 3078/361/2350 3258/2798/2493
f 3080/354/2354 3079/353/2352 3259/2799/2494
f 3081/355/2357 3080/354/2354 3260/2806/2501
f 3262/2801/2496 3082/356/2359 3081/355/2357
f 3263/2802/2497 3083/362/2361 3082/356/2359
f 3264/2803/2498 3084/357/2363 3083/362/2361
f 3265/2804/2499 3085/358/2365 3084/357/2363
f 3086/360/2367 3085/358/2365 3265/2804/2499
f 3268/259/37 3280/2712/2503 3279/2711/2502
f 3269/261/38 3281/2713/2504 3280/2712/2503
f 3270/263/39 3282/2714/2505 3281/2713/2504
f 3271/265/40 3283/2715/2506 3282/2714/2505
f 3272/267/45 3284/2722/2517 3283/2715/2506
f 3285/2716/2507 3284/2722/2517 3272/267/45
f 3286/2717/2508 3285/2716/2507 3273/269/41
f 3287/2718/2509 3286/2717/2508 3274/270/42
f 3288/2719/2510 3287/2718/2509 3275/272/43
f 3289/2720/2511 3288/2719/2510 3276/274/47
f 3290/2721/2512 3289/2720/2511 3277/276/44
f 3280/2712/2503 3292/258/2514 3291/280/2513
f 3281/2713/2504 3293/260/2515 3292/258/2514
f 3282/2714/2505 3294/262/2516 3293/260/2515
f 3283/2715/2506 3295/264/2518 3294/262/2516
f 3284/2722/2517 3296/266/2529 3295/264/2518
f 3297/268/2519 3296/266/2529 3284/2722/2517
f 3298/286/2520 3297/268/2519 3285/2716/2507
f 3299/271/2521 3298/286/2520 3286/2717/2508
f 3300/273/2522 3299/271/2521 3287/2718/2509
f 3301/275/2523 3300/273/2522 3288/2719/2510
f 3302/277/2524 3301/275/2523 3289/2720/2511
f 3292/258/2514 3304/2724/2526 3303/2723/2525
f 3293/260/2515 3305/2725/2527 3304/2724/2526
f 3294/262/2516 3306/2726/2528 3305/2725/2527
f 3295/264/2518 3307/2727/2530 3306/2726/2528
f 3296/266/2529 3308/2734/2541 3307/2727/2530
f 3309/2728/2531 3308/2734/2541 3296/266/2529
f 3310/2729/2532 3309/2728/2531 3297/268/2519
f 3311/2730/2533 3310/2729/2532 3298/286/2520
f 3312/2731/2534 3311/2730/2533 3299/271/2521
f 3313/2732/2535 3312/2731/2534 3300/273/2522
f 3314/2733/2536 3313/2732/2535 3301/275/2523
f 3304/2724/2526 3316/279/2538 3315/292/2537
f 3305/2725/2527 3317/281/2539 3316/279/2538
f 3306/2726/2528 3318/282/2540 3317/281/2539
f 3307/2727/2530 3319/283/2542 3318/282/2540
f 3308/2734/2541 3320/284/2553 3319/283/2542
f 3321/285/2543 3320/284/2553 3308/2734/2541
f 3322/287/2544 3321/285/2543 3309/2728/2531
f 3323/288/2545 3322/287/2544 3310/2729/2532
f 3324/289/2546 3323/288/2545 3311/2730/2533
f 3325/290/2547 3324/289/2546 3312/2731/2534
f 3326/301/2548 3325/290/2547 3313/2732/2535
f 3316/279/2538 3328/2736/2550 3327/2735/2549
f 3317/281/2539 3329/2737/2551 3328/2736/2550
f 3318/282/2540 3330/2738/2552 3329/2737/2551
f 3319/283/2542 3331/2739/2554 3330/2738/2552
f 3320/284/2553 3332/2746/2565 3331/2739/2554
f 3333/2740/2555 3332/2746/2565 3320/284/2553
f 3334/2741/2556 3333/2740/2555 3321/285/2543
f 3335/2742/2557 3334/2741/2556 3322/287/2544
f 3336/2743/2558 3335/2742/2557 3323/288/2545
f 3337/2744/2559 3336/2743/2558 3324/289/2546
f 3338/2745/2560 3337/2744/2559 3325/290/2547
f 3328/2736/2550 3340/291/2562 3339/302/2561
f 3329/2737/2551 3341/293/2563 3340/291/2562
f 3330/2738/2552 3342/294/2564 3341/293/2563
f 3331/2739/2554 3343/295/2566 3342/294/2564
f 3332/2746/2565 3344/306/2577 3343/295/2566
f 3345/296/2567 3344/306/2577 3332/2746/2565
f 3346/297/2568 3345/296/2567 3333/2740/2555
f 3347/298/2569 3346/297/2568 3334/2741/2556
f 3348/312/2570 3347/298/2569 3335/2742/2557
f 3349/299/2571 3348/312/2570 3336/2743/2558
f 3350/300/2572 3349/299/2571 3337/2744/2559
f 3340/291/2562 3352/2748/2574 3351/2747/2573
f 3341/293/2563 3353/2749/2575 3352/2748/2574
f 3342/294/2564 3354/2750/2576 3353/2749/2575
f 3343/295/2566 3355/2751/2578 3354/2750/2576
f 3344/306/2577 3356/2758/2589 3355/2751/2578
f 3357/2752/2579 3356/2758/2589 3344/306/2577
f 3358/2753/2580 3357/2752/2579 3345/296/2567
f 3359/2754/2581 3358/2753/2580 3346/297/2568
f 3360/2755/2582 3359/2754/2581 3347/298/2569
f 3361/2756/2583 3360/2755/2582 3348/312/2570
f 3362/2757/2584 3361/2756/2583 3349/299/2571
f 3352/2748/2574 3364/303/2586 3363/101/2585
f 3353/2749/2575 3365/304/2587 3364/303/2586
f 3354/2750/2576 3366/305/2588 3365/304/2587
f 3355/2751/2578 3367/307/2590 3366/305/2588
f 3356/2758/2589 3368/320/2601 3367/307/2590
f 3369/308/2591 3368/320/2601 3356/2758/2589
f 3370/309/2592 3369/308/2591 3357/2752/2579
f 3371/310/2593 3370/309/2592 3358/2753/2580
f 3372/311/2594 3371/310/2593 3359/2754/2581
f 3373/313/2595 3372/311/2594 3360/2755/2582
f 3374/314/2596 3373/313/2595 3361/2756/2583
f 3364/303/2586 3376/2760/2598 3375/2759/2597
f 3365/304/2587 3377/2761/2599 3376/2760/2598
f 3366/305/2588 3378/2762/2600 3377/2761/2599
f 3367/307/2590 3379/2763/2602 3378/2762/2600
f 3368/320/2601 3380/2770/2613 3379/2763/2602
f 3381/2764/2603 3380/2770/2613 3368/320/2601
f 3382/2765/2604 3381/2764/2603 3369/308/2591
f 3383/2766/2605 3382/2765/2604 3370/309/2592
f 3384/2767/2606 3383/2766/2605 3371/310/2593
f 3385/2768/2607 3384/2767/2606 3372/311/2594
f 3386/2769/2608 3385/2768/2607 3373/313/2595
f 3376/2760/2598 3388/315/2610 3387/328/2609
f 3377/2761/2599 3389/316/2611 3388/315/2610
f 3378/2762/2600 3390/317/2612 3389/316/2611
f 3379/2763/2602 3391/318/2614 3390/317/2612
f 3380/2770/2613 3392/319/2625 3391/318/2614
f 3393/321/2615 3392/319/2625 3380/2770/2613
f 3394/322/2616 3393/321/2615 3381/2764/2603
f 3395/323/2617 3394/322/2616 3382/2765/2604
f 3396/324/2618 3395/323/2617 3383/2766/2605
f 3397/325/2619 3396/324/2618 3384/2767/2606
f 3398/326/2620 3397/325/2619 3385/2768/2607
f 3388/315/2610 3400/2772/2622 3399/2771/2621
f 3389/316/2611 3401/2773/2623 3400/2772/2622
f 3390/317/2612 3402/2774/2624 3401/2773/2623
f 3391/318/2614 3403/2775/2626 3402/2774/2624
f 3392/319/2625 3404/2782/2637 3403/2775/2626
f 3405/2776/2627 3404/2782/2637 3392/319/2625
f 3406/2777/2628 3405/2776/2627 3393/321/2615
f 3407/2778/2629 3406/2777/2628 3394/322/2616
f 3408/2779/2630 3407/2778/2629 3395/323/2617
f 3409/2780/2631 3408/2779/2630 3396/324/2618
f 3410/2781/2632 3409/2780/2631 3397/325/2619
f 3400/2772/2622 3412/327/2634 3411/337/2633
f 3401/2773/2623 3413/329/2635 3412/327/2634
f 3402/2774/2624 3414/330/2636 3413/329/2635
f 3403/2775/2626 3415/341/2638 3414/330/2636
f 3404/2782/2637 3416/331/2648 3415/341/2638
f 3417/332/2639 3416/331/2648 3404/2782/2637
f 3418/345/2640 3417/332/2639 3405/2776/2627
f 3419/333/2641 3418/345/2640 3406/2777/2628
f 3420/348/2642 3419/333/2641 3407/2778/2629
f 3421/334/2643 3420/348/2642 3408/2779/2630
f 3422/335/2644 3421/334/2643 3409/2780/2631
f 3424/2783/2645 3423/2793/2655 3411/337/2633
f 3413/329/2635 3425/2784/2646 3424/2783/2645
f 3414/330/2636 3426/2785/2647 3425/2784/2646
f 3415/341/2638 3427/2786/2649 3426/2785/2647
f 3416/331/2648 3428/2787/2656 3427/2786/2649
f 3429/2788/2650 3428/2787/2656 3416/331/2648
f 3430/2789/2651 3429/2788/2650 3417/332/2639
f 3431/2790/2652 3430/2789/2651 3418/345/2640
f 3432/2794/2653 3431/2790/2652 3419/333/2641
f 3421/334/2643 3433/2791/2654 3432/2794/2653
f 3422/335/2644 3434/2792/2657 3433/2791/2654
f 3424/2783/2645 3436/336/2334 3435/351/58
f 3425/2784/2646 3437/338/2335 3436/336/2334
f 3426/2785/2647 3438/339/2336 3437/338/2335
f 3427/2786/2649 3439/340/2337 3438/339/2336
f 3428/2787/2656 3440/342/2338 3439/340/2337
f 3441/343/2339 3440/342/2338 3428/2787/2656
f 3442/344/2340 3441/343/2339 3429/2788/2650
f 3443/346/2341 3442/344/2340 3430/2789/2651
f 3444/347/2342 3443/346/2341 3431/2790/2652
f 3445/359/2343 3444/347/2342 3432/2794/2653
f 3446/349/56 3445/359/2343 3433/2791/2654
f 3448/2796/25 3447/2795/26 3435/351/58
f 3437/338/2335 3449/2797/27 3448/2796/25
f 3450/2798/28 3449/2797/27 3437/338/2335
f 3451/2799/29 3450/2798/28 3438/339/2336
f 3452/2806/30 3451/2799/29 3439/340/2337
f 3453/2800/2658 3452/2806/30 3440/342/2338
f 3454/2801/33 3453/2800/2658 3441/343/2339
f 3455/2802/34 3454/2801/33 3442/344/2340
f 3444/347/2342 3456/2803/35 3455/2802/34
f 3457/2804/36 3456/2803/35 3444/347/2342
f 3458/2805/23 3457/2804/36 3445/359/2343
f 3268/350/37 3267/8/4 3447/2795/26
f 3269/352/38 3268/350/37 3448/2796/25
f 3270/361/39 3269/352/38 3449/2797/27
f 3271/353/40 3270/361/39 3450/2798/28
f 3272/354/45 3271/353/40 3451/2799/29
f 3273/355/41 3272/354/45 3452/2806/30
f 3274/356/42 3273/355/41 3453/2800/2658
f 3455/2802/34 3275/362/43 3274/356/42
f 3276/357/47 3275/362/43 3455/2802/34
f 3277/358/44 3276/357/47 3456/2803/35
f 3278/360/24 3277/358/44 3457/2804/36
f 3472/279/2334 3471/292/58 3459/4/71
f 3473/281/2335 3472/279/2334 3460/259/1443
f 3474/282/2336 3473/281/2335 3461/261/1444
f 3463/265/1446 3475/283/2337 3474/282/2336
f 3476/284/2338 3475/283/2337 3463/265/1446
f 3477/285/2339 3476/284/2338 3464/267/1453
f 3466/270/1449 3478/287/2340 3477/285/2339
f 3479/288/2341 3478/287/2340 3466/270/1449
f 3480/289/2342 3479/288/2341 3467/272/1450
f 3481/290/2343 3480/289/2342 3468/274/1451
f 3482/301/56 3481/290/2343 3469/276/1452
f 3484/303/25 3483/101/26 3471/292/58
f 3485/304/27 3484/303/25 3472/279/2334
f 3486/305/28 3485/304/27 3473/281/2335
f 3487/307/29 3486/305/28 3474/282/2336
f 3488/320/30 3487/307/29 3475/283/2337
f 3489/308/31 3488/320/30 3476/284/2338
f 3478/287/2340 3490/309/33 3489/308/31
f 3491/310/34 3490/309/33 3478/287/2340
f 3492/311/35 3491/310/34 3479/288/2341
f 3481/290/2343 3493/313/36 3492/311/35
f 3494/314/23 3493/313/36 3481/290/2343
f 3484/303/25 3496/327/37 3495/337/4
f 3497/329/38 3496/327/37 3484/303/25
f 3498/330/39 3497/329/38 3485/304/27
f 3487/307/29 3499/341/40 3498/330/39
f 3488/320/30 3500/331/45 3499/341/40
f 3501/332/41 3500/331/45 3488/320/30
f 3502/345/42 3501/332/41 3489/308/31
f 3503/333/43 3502/345/42 3490/309/33
f 3504/348/47 3503/333/43 3491/310/34
f 3505/334/44 3504/348/47 3492/311/35
f 3506/335/24 3505/334/44 3493/313/36
f 3496/327/37 3460/350/1443 3459/8/71
f 3461/352/1444 3460/350/1443 3496/327/37
f 3462/361/1445 3461/352/1444 3497/329/38
f 3463/353/1446 3462/361/1445 3498/330/39
f 3464/354/1453 3463/353/1446 3499/341/40
f 3465/355/1448 3464/354/1453 3500/331/45
f 3466/356/1449 3465/355/1448 3501/332/41
f 3467/362/1450 3466/356/1449 3502/345/42
f 3468/357/1451 3467/362/1450 3503/333/43
f 3505/334/44 3469/358/1452 3468/357/1451
f 3470/360/70 3469/358/1452 3505/334/44
f 3520/279/1443 3519/292/71 3507/4/4
f 3521/281/1444 3520/279/1443 3508/259/37
f 3522/282/1445 3521/281/1444 3509/261/38
f 3523/283/1446 3522/282/1445 3510/263/39
f 3524/284/1453 3523/283/1446 3511/265/40
f 3525/285/1454 3524/284/1453 3512/267/2489
f 3526/287/1449 3525/285/1454 3513/269/41
f 3527/288/1450 3526/287/1449 3514/270/42
f 3528/289/1451 3527/288/1450 3515/272/43
f 3529/290/1452 3528/289/1451 3516/274/47
f 3530/301/70 3529/290/1452 3517/276/44
f 3532/303/2334 3531/101/58 3519/292/71
f 3533/304/2335 3532/303/2334 3520/279/1443
f 3534/305/2336 3533/304/2335 3521/281/1444
f 3535/307/2337 3534/305/2336 3522/282/1445
f 3536/320/2659 3535/307/2337 3523/283/1446
f 3537/308/2339 3536/320/2659 3524/284/1453
f 3538/309/2340 3537/308/2339 3525/285/1454
f 3539/310/2341 3538/309/2340 3526/287/1449
f 3540/311/2342 3539/310/2341 3527/288/1450
f 3541/313/2343 3540/311/2342 3528/289/1451
f 3542/314/56 3541/313/2343 3529/290/1452
f 3544/327/25 3543/337/26 3531/101/58
f 3545/329/27 3544/327/25 3532/303/2334
f 3546/330/28 3545/329/27 3533/304/2335
f 3547/341/29 3546/330/28 3534/305/2336
f 3548/331/30 3547/341/29 3535/307/2337
f 3549/332/31 3548/331/30 3536/320/2659
f 3538/309/2340 3550/345/33 3549/332/31
f 3551/333/34 3550/345/33 3538/309/2340
f 3552/348/35 3551/333/34 3539/310/2341
f 3553/334/36 3552/348/35 3540/311/2342
f 3554/335/23 3553/334/36 3541/313/2343
f 3544/327/25 3508/350/37 3507/8/4
f 3509/352/38 3508/350/37 3544/327/25
f 3510/361/39 3509/352/38 3545/329/27
f 3511/353/40 3510/361/39 3546/330/28
f 3512/354/2489 3511/353/40 3547/341/29
f 3513/355/41 3512/354/2489 3548/331/30
f 3514/356/42 3513/355/41 3549/332/31
f 3515/362/43 3514/356/42 3550/345/33
f 3516/357/47 3515/362/43 3551/333/34
f 3517/358/44 3516/357/47 3552/348/35
f 3518/360/24 3517/358/44 3553/334/36
f 3568/2807/37 3567/2818/4 3555/4/4
f 3569/2808/38 3568/2807/37 3556/259/5
f 3570/2809/39 3569/2808/38 3557/261/7
f 3571/2810/40 3570/2809/39 3558/263/9
f 3572/2811/45 3571/2810/40 3559/265/11
f 3573/2812/2660 3572/2811/45 3560/267/13
f 3562/270/16 3574/2813/42 3573/2812/2660
f 3563/272/18 3575/2814/43 3574/2813/42
f 3564/274/20 3576/2815/47 3575/2814/43
f 3565/276/22 3577/2816/44 3576/2815/47
f 3566/278/24 3578/2829/24 3577/2816/44
f 3568/2807/37 3580/2819/5 3579/2817/4
f 3569/2808/38 3581/2820/7 3580/2819/5
f 3570/2809/39 3582/2821/9 3581/2820/7
f 3571/2810/40 3583/2822/11 3582/2821/9
f 3572/2811/45 3584/2830/13 3583/2822/11
f 3585/2823/15 3584/2830/13 3572/2811/45
f 3586/2824/16 3585/2823/15 3573/2812/2660
f 3587/2825/18 3586/2824/16 3574/2813/42
f 3588/2826/20 3587/2825/18 3575/2814/43
f 3589/2827/22 3588/2826/20 3576/2815/47
f 3590/2828/24 3589/2827/22 3577/2816/44
f 3592/303/3 3591/101/26 3579/2817/4
f 3593/304/6 3592/303/3 3580/2819/5
f 3594/305/8 3593/304/6 3581/2820/7
f 3595/307/10 3594/305/8 3582/2821/9
f 3596/320/12 3595/307/10 3583/2822/11
f 3597/308/14 3596/320/12 3584/2830/13
f 3586/2824/16 3598/309/32 3597/308/14
f 3599/310/17 3598/309/32 3586/2824/16
f 3600/311/19 3599/310/17 3587/2825/18
f 3601/313/21 3600/311/19 3588/2826/20
f 3590/2828/24 3602/314/23 3601/313/21
f 3604/2831/49 3603/2842/58 3591/101/26
f 3605/2832/50 3604/2831/49 3592/303/3
f 3606/2833/51 3605/2832/50 3593/304/6
f 3607/2834/2332 3606/2833/51 3594/305/8
f 3608/2835/52 3607/2834/2332 3595/307/10
f 3609/2836/53 3608/2835/52 3596/320/12
f 3610/2837/2333 3609/2836/53 3597/308/14
f 3611/2838/54 3610/2837/2333 3598/309/32
f 3612/2839/69 3611/2838/54 3599/310/17
f 3601/313/21 3613/2851/55 3612/2839/69
f 3614/2840/56 3613/2851/55 3601/313/21
f 3616/2841/57 3615/2853/71 3603/2842/58
f 3617/2843/59 3616/2841/57 3604/2831/49
f 3618/2844/60 3617/2843/59 3605/2832/50
f 3619/2845/73 3618/2844/60 3606/2833/51
f 3608/2835/52 3620/2854/63 3619/2845/73
f 3621/2846/64 3620/2854/63 3608/2835/52
f 3622/2847/74 3621/2846/64 3609/2836/53
f 3623/2848/67 3622/2847/74 3610/2837/2333
f 3624/2849/68 3623/2848/67 3611/2838/54
f 3625/2850/72 3624/2849/68 3612/2839/69
f 3626/2852/70 3625/2850/72 3613/2851/55
f 3556/350/5 3555/8/4 3615/2853/71
f 3557/352/7 3556/350/5 3616/2841/57
f 3558/361/9 3557/352/7 3617/2843/59
f 3559/353/11 3558/361/9 3618/2844/60
f 3560/354/13 3559/353/11 3619/2845/73
f 3561/355/15 3560/354/13 3620/2854/63
f 3562/356/16 3561/355/15 3621/2846/64
f 3563/362/18 3562/356/16 3622/2847/74
f 3564/357/20 3563/362/18 3623/2848/67
f 3565/358/22 3564/357/20 3624/2849/68
f 3566/360/24 3565/358/22 3625/2850/72
