# Blender 4.1.1
# www.blender.org
mtllib UI_Title_Stsrt.mtl
o テキスト
v -1.336957 0.377336 -0.100000
v -1.336824 0.385273 -0.100000
v -1.336594 0.393703 -0.100000
v -1.336259 0.402519 -0.100000
v -1.335814 0.411612 -0.100000
v -1.335250 0.420875 -0.100000
v -1.334561 0.430201 -0.100000
v -1.333741 0.439482 -0.100000
v -1.332781 0.448609 -0.100000
v -1.331676 0.457477 -0.100000
v -1.330418 0.465976 -0.100000
v -1.329000 0.474000 -0.100000
v -1.427000 0.474000 -0.100000
v -1.426232 0.466014 -0.100000
v -1.425440 0.457616 -0.100000
v -1.424641 0.448891 -0.100000
v -1.423852 0.439926 -0.100000
v -1.423091 0.430808 -0.100000
v -1.422375 0.421625 -0.100000
v -1.421722 0.412462 -0.100000
v -1.421148 0.403407 -0.100000
v -1.420672 0.394547 -0.100000
v -1.420310 0.385968 -0.100000
v -1.420081 0.377756 -0.100000
v -1.420000 0.370000 -0.100000
v -1.420000 0.207000 -0.100000
v -1.454126 0.196363 -0.100000
v -1.490172 0.184569 -0.100000
v -1.527641 0.171797 -0.100000
v -1.566037 0.158222 -0.100000
v -1.604864 0.144023 -0.100000
v -1.643625 0.129375 -0.100000
v -1.681824 0.114457 -0.100000
v -1.718963 0.099444 -0.100000
v -1.754547 0.084516 -0.100000
v -1.788079 0.069847 -0.100000
v -1.819062 0.055616 -0.100000
v -1.847000 0.042000 -0.100000
v -1.813000 -0.043000 -0.100000
v -1.784490 -0.028106 -0.100000
v -1.753750 -0.013019 -0.100000
v -1.721219 0.002125 -0.100000
v -1.687333 0.017185 -0.100000
v -1.652531 0.032023 -0.100000
v -1.617250 0.046500 -0.100000
v -1.581927 0.060477 -0.100000
v -1.547000 0.073815 -0.100000
v -1.512906 0.086375 -0.100000
v -1.480083 0.098019 -0.100000
v -1.448969 0.108606 -0.100000
v -1.420000 0.118000 -0.100000
v -1.421000 -0.212000 -0.100000
v -1.421041 -0.220204 -0.100000
v -1.421167 -0.229213 -0.100000
v -1.421375 -0.238875 -0.100000
v -1.421667 -0.249037 -0.100000
v -1.422042 -0.259546 -0.100000
v -1.422500 -0.270250 -0.100000
v -1.423042 -0.280995 -0.100000
v -1.423667 -0.291630 -0.100000
v -1.424375 -0.302000 -0.100000
v -1.425167 -0.311954 -0.100000
v -1.426042 -0.321338 -0.100000
v -1.427000 -0.330000 -0.100000
v -1.330000 -0.330000 -0.100000
v -1.331188 -0.321663 -0.100000
v -1.332255 -0.312718 -0.100000
v -1.333203 -0.303266 -0.100000
v -1.334037 -0.293407 -0.100000
v -1.334760 -0.283244 -0.100000
v -1.335375 -0.272875 -0.100000
v -1.335886 -0.262402 -0.100000
v -1.336296 -0.251926 -0.100000
v -1.336609 -0.241547 -0.100000
v -1.336829 -0.231366 -0.100000
v -1.336958 -0.221483 -0.100000
v -1.337000 -0.212000 -0.100000
v -1.337000 -0.190389 -0.100000
v -1.337000 -0.155278 -0.100000
v -1.337000 -0.109250 -0.100000
v -1.337000 -0.054889 -0.100000
v -1.337000 0.005222 -0.100000
v -1.337000 0.068500 -0.100000
v -1.337000 0.132361 -0.100000
v -1.337000 0.194222 -0.100000
v -1.337000 0.251500 -0.100000
v -1.337000 0.301611 -0.100000
v -1.337000 0.341972 -0.100000
v -1.337000 0.370000 -0.100000
v -0.265914 0.128000 -0.100000
v -0.302148 0.128000 -0.100000
v -0.347438 0.128000 -0.100000
v -0.399519 0.128000 -0.100000
v -0.456127 0.128000 -0.100000
v -0.515000 0.128000 -0.100000
v -0.573873 0.128000 -0.100000
v -0.630482 0.128000 -0.100000
v -0.682563 0.128000 -0.100000
v -0.727852 0.128000 -0.100000
v -0.764086 0.128000 -0.100000
v -0.789000 0.128000 -0.100000
v -0.801208 0.128060 -0.100000
v -0.812833 0.128232 -0.100000
v -0.823875 0.128500 -0.100000
v -0.834333 0.128852 -0.100000
v -0.844208 0.129273 -0.100000
v -0.853500 0.129750 -0.100000
v -0.862208 0.130269 -0.100000
v -0.870333 0.130815 -0.100000
v -0.877875 0.131375 -0.100000
v -0.884833 0.131935 -0.100000
v -0.891208 0.132482 -0.100000
v -0.897000 0.133000 -0.100000
v -0.897000 0.035000 -0.100000
v -0.891553 0.035308 -0.100000
v -0.885255 0.035718 -0.100000
v -0.878172 0.036203 -0.100000
v -0.870370 0.036741 -0.100000
v -0.861916 0.037306 -0.100000
v -0.852875 0.037875 -0.100000
v -0.843313 0.038423 -0.100000
v -0.833296 0.038926 -0.100000
v -0.822891 0.039359 -0.100000
v -0.812162 0.039699 -0.100000
v -0.801177 0.039921 -0.100000
v -0.790000 0.040000 -0.100000
v -0.764875 0.040000 -0.100000
v -0.728500 0.040000 -0.100000
v -0.683125 0.040000 -0.100000
v -0.631000 0.040000 -0.100000
v -0.574375 0.040000 -0.100000
v -0.515500 0.040000 -0.100000
v -0.456625 0.040000 -0.100000
v -0.400000 0.040000 -0.100000
v -0.347875 0.040000 -0.100000
v -0.302500 0.040000 -0.100000
v -0.266125 0.040000 -0.100000
v -0.241000 0.040000 -0.100000
v -0.227303 0.039959 -0.100000
v -0.213759 0.039838 -0.100000
v -0.200438 0.039641 -0.100000
v -0.187407 0.039370 -0.100000
v -0.174738 0.039031 -0.100000
v -0.162500 0.038625 -0.100000
v -0.150762 0.038157 -0.100000
v -0.139593 0.037630 -0.100000
v -0.129063 0.037047 -0.100000
v -0.119241 0.036412 -0.100000
v -0.110197 0.035729 -0.100000
v -0.102000 0.035000 -0.100000
v -0.102000 0.133000 -0.100000
v -0.109968 0.132481 -0.100000
v -0.118824 0.131935 -0.100000
v -0.128500 0.131375 -0.100000
v -0.138926 0.130815 -0.100000
v -0.150032 0.130269 -0.100000
v -0.161750 0.129750 -0.100000
v -0.174009 0.129273 -0.100000
v -0.186741 0.128852 -0.100000
v -0.199875 0.128500 -0.100000
v -0.213343 0.128231 -0.100000
v -0.227074 0.128060 -0.100000
v -0.241000 0.128000 -0.100000
v 0.530000 0.371000 -0.100000
v 0.259000 0.371000 -0.100000
v 0.252354 0.371063 -0.100000
v 0.245917 0.371255 -0.100000
v 0.239687 0.371578 -0.100000
v 0.233667 0.372037 -0.100000
v 0.227854 0.372635 -0.100000
v 0.222250 0.373375 -0.100000
v 0.216854 0.374261 -0.100000
v 0.211667 0.375296 -0.100000
v 0.206687 0.376484 -0.100000
v 0.201917 0.377829 -0.100000
v 0.197354 0.379333 -0.100000
v 0.193000 0.381000 -0.100000
v 0.127000 0.341000 -0.100000
v 0.129248 0.337302 -0.100000
v 0.131486 0.333250 -0.100000
v 0.133703 0.328906 -0.100000
v 0.135889 0.324333 -0.100000
v 0.138033 0.319594 -0.100000
v 0.140125 0.314750 -0.100000
v 0.142154 0.309865 -0.100000
v 0.144111 0.305000 -0.100000
v 0.145984 0.300219 -0.100000
v 0.147764 0.295583 -0.100000
v 0.149439 0.291156 -0.100000
v 0.151000 0.287000 -0.100000
v 0.158080 0.263502 -0.100000
v 0.166306 0.239102 -0.100000
v 0.175656 0.213937 -0.100000
v 0.186111 0.188148 -0.100000
v 0.197649 0.161873 -0.100000
v 0.210250 0.135250 -0.100000
v 0.223892 0.108419 -0.100000
v 0.238556 0.081519 -0.100000
v 0.254219 0.054688 -0.100000
v 0.270861 0.028065 -0.100000
v 0.288462 0.001789 -0.100000
v 0.307000 -0.024000 -0.100000
v 0.296545 -0.031747 -0.100000
v 0.286194 -0.039477 -0.100000
v 0.275969 -0.047172 -0.100000
v 0.265889 -0.054815 -0.100000
v 0.255976 -0.062388 -0.100000
v 0.246250 -0.069875 -0.100000
v 0.236733 -0.077258 -0.100000
v 0.227444 -0.084519 -0.100000
v 0.218406 -0.091641 -0.100000
v 0.209639 -0.098606 -0.100000
v 0.201163 -0.105399 -0.100000
v 0.193000 -0.112000 -0.100000
v 0.252000 -0.181000 -0.100000
v 0.259664 -0.174168 -0.100000
v 0.267643 -0.167176 -0.100000
v 0.275922 -0.160031 -0.100000
v 0.284481 -0.152741 -0.100000
v 0.293305 -0.145311 -0.100000
v 0.302375 -0.137750 -0.100000
v 0.311674 -0.130064 -0.100000
v 0.321185 -0.122259 -0.100000
v 0.330891 -0.114344 -0.100000
v 0.340773 -0.106324 -0.100000
v 0.350815 -0.098207 -0.100000
v 0.361000 -0.090000 -0.100000
v 0.383965 -0.114591 -0.100000
v 0.408389 -0.138815 -0.100000
v 0.434312 -0.162594 -0.100000
v 0.461778 -0.185852 -0.100000
v 0.490826 -0.208513 -0.100000
v 0.521500 -0.230500 -0.100000
v 0.553840 -0.251737 -0.100000
v 0.587889 -0.272148 -0.100000
v 0.623688 -0.291656 -0.100000
v 0.661278 -0.310185 -0.100000
v 0.700701 -0.327659 -0.100000
v 0.742000 -0.344000 -0.100000
v 0.814000 -0.282000 -0.100000
v 0.772602 -0.268187 -0.100000
v 0.732903 -0.252829 -0.100000
v 0.694891 -0.236047 -0.100000
v 0.658556 -0.217963 -0.100000
v 0.623887 -0.198699 -0.100000
v 0.590875 -0.178375 -0.100000
v 0.559509 -0.157114 -0.100000
v 0.529778 -0.135037 -0.100000
v 0.501672 -0.112266 -0.100000
v 0.475181 -0.088921 -0.100000
v 0.450293 -0.065126 -0.100000
v 0.427000 -0.041000 -0.100000
v 0.445074 -0.028007 -0.100000
v 0.463259 -0.015056 -0.100000
v 0.481500 -0.002187 -0.100000
v 0.499741 0.010556 -0.100000
v 0.517926 0.023132 -0.100000
v 0.536000 0.035500 -0.100000
v 0.553907 0.047618 -0.100000
v 0.571593 0.059444 -0.100000
v 0.589000 0.070938 -0.100000
v 0.606074 0.082056 -0.100000
v 0.622759 0.092757 -0.100000
v 0.639000 0.103000 -0.100000
v 0.585000 0.158000 -0.100000
v 0.568321 0.148297 -0.100000
v 0.551315 0.138208 -0.100000
v 0.534031 0.127766 -0.100000
v 0.516518 0.117000 -0.100000
v 0.498825 0.105943 -0.100000
v 0.481000 0.094625 -0.100000
v 0.463091 0.083078 -0.100000
v 0.445148 0.071333 -0.100000
v 0.427219 0.059422 -0.100000
v 0.409352 0.047375 -0.100000
v 0.391596 0.035224 -0.100000
v 0.374000 0.023000 -0.100000
v 0.358052 0.045160 -0.100000
v 0.342745 0.068032 -0.100000
v 0.328141 0.091453 -0.100000
v 0.314296 0.115259 -0.100000
v 0.301271 0.139288 -0.100000
v 0.289125 0.163375 -0.100000
v 0.277916 0.187358 -0.100000
v 0.267704 0.211074 -0.100000
v 0.258547 0.234359 -0.100000
v 0.250505 0.257051 -0.100000
v 0.243636 0.278986 -0.100000
v 0.238000 0.300000 -0.100000
v 0.576000 0.300000 -0.100000
v 0.592520 0.277350 -0.100000
v 0.610074 0.254468 -0.100000
v 0.628656 0.231453 -0.100000
v 0.648259 0.208407 -0.100000
v 0.668876 0.185431 -0.100000
v 0.690500 0.162625 -0.100000
v 0.713124 0.140090 -0.100000
v 0.736741 0.117926 -0.100000
v 0.761344 0.096234 -0.100000
v 0.786926 0.075116 -0.100000
v 0.813480 0.054671 -0.100000
v 0.841000 0.035000 -0.100000
v 0.908000 0.087000 -0.100000
v 0.866450 0.114587 -0.100000
v 0.827764 0.143611 -0.100000
v 0.791891 0.173719 -0.100000
v 0.758778 0.204556 -0.100000
v 0.728373 0.235767 -0.100000
v 0.700625 0.267000 -0.100000
v 0.675481 0.297899 -0.100000
v 0.652889 0.328111 -0.100000
v 0.632797 0.357281 -0.100000
v 0.615153 0.385056 -0.100000
v 0.599905 0.411080 -0.100000
v 0.587000 0.435000 -0.100000
v 0.584384 0.439839 -0.100000
v 0.581574 0.445296 -0.100000
v 0.578625 0.451281 -0.100000
v 0.575593 0.457704 -0.100000
v 0.572532 0.464473 -0.100000
v 0.569500 0.471500 -0.100000
v 0.566551 0.478693 -0.100000
v 0.563741 0.485963 -0.100000
v 0.561125 0.493219 -0.100000
v 0.558759 0.500370 -0.100000
v 0.556699 0.507328 -0.100000
v 0.555000 0.514000 -0.100000
v 0.464000 0.485000 -0.100000
v 0.468266 0.478347 -0.100000
v 0.472542 0.471444 -0.100000
v 0.476797 0.464375 -0.100000
v 0.481000 0.457222 -0.100000
v 0.485120 0.450069 -0.100000
v 0.489125 0.443000 -0.100000
v 0.492984 0.436097 -0.100000
v 0.496667 0.429444 -0.100000
v 0.500141 0.423125 -0.100000
v 0.503375 0.417222 -0.100000
v 0.506338 0.411819 -0.100000
v 0.509000 0.407000 -0.100000
v 1.234092 0.302888 -0.100000
v 1.244319 0.279685 -0.100000
v 1.255609 0.255594 -0.100000
v 1.267889 0.230815 -0.100000
v 1.281085 0.205550 -0.100000
v 1.295125 0.180000 -0.100000
v 1.309936 0.154367 -0.100000
v 1.325444 0.128852 -0.100000
v 1.341578 0.103656 -0.100000
v 1.358264 0.078981 -0.100000
v 1.375429 0.055029 -0.100000
v 1.393000 0.032000 -0.100000
v 1.366439 0.008719 -0.100000
v 1.339426 -0.015912 -0.100000
v 1.312219 -0.041578 -0.100000
v 1.285074 -0.067963 -0.100000
v 1.258249 -0.094751 -0.100000
v 1.232000 -0.121625 -0.100000
v 1.206585 -0.148270 -0.100000
v 1.182259 -0.174370 -0.100000
v 1.159281 -0.199609 -0.100000
v 1.137907 -0.223671 -0.100000
v 1.118395 -0.246240 -0.100000
v 1.101000 -0.267000 -0.100000
v 1.171000 -0.327000 -0.100000
v 1.188538 -0.304198 -0.100000
v 1.207551 -0.280417 -0.100000
v 1.227891 -0.255844 -0.100000
v 1.249407 -0.230667 -0.100000
v 1.271952 -0.205073 -0.100000
v 1.295375 -0.179250 -0.100000
v 1.319527 -0.153385 -0.100000
v 1.344259 -0.127667 -0.100000
v 1.369422 -0.102281 -0.100000
v 1.394866 -0.077417 -0.100000
v 1.420442 -0.053260 -0.100000
v 1.446000 -0.030000 -0.100000
v 1.473325 -0.058624 -0.100000
v 1.501764 -0.086907 -0.100000
v 1.531266 -0.114719 -0.100000
v 1.561778 -0.141926 -0.100000
v 1.593248 -0.168397 -0.100000
v 1.625625 -0.194000 -0.100000
v 1.658856 -0.218603 -0.100000
v 1.692889 -0.242074 -0.100000
v 1.727672 -0.264281 -0.100000
v 1.763153 -0.285093 -0.100000
v 1.799279 -0.304376 -0.100000
v 1.836000 -0.322000 -0.100000
v 1.900000 -0.255000 -0.100000
v 1.860039 -0.238118 -0.100000
v 1.820731 -0.219111 -0.100000
v 1.782187 -0.198187 -0.100000
v 1.744519 -0.175556 -0.100000
v 1.707836 -0.151424 -0.100000
v 1.672250 -0.126000 -0.100000
v 1.637873 -0.099493 -0.100000
v 1.604815 -0.072111 -0.100000
v 1.573187 -0.044062 -0.100000
v 1.543102 -0.015556 -0.100000
v 1.514669 0.013201 -0.100000
v 1.488000 0.042000 -0.100000
v 1.470926 0.062060 -0.100000
v 1.453829 0.083565 -0.100000
v 1.436890 0.106250 -0.100000
v 1.420296 0.129852 -0.100000
v 1.404230 0.154106 -0.100000
v 1.388875 0.178750 -0.100000
v 1.374416 0.203519 -0.100000
v 1.361037 0.228148 -0.100000
v 1.348922 0.252375 -0.100000
v 1.338255 0.275935 -0.100000
v 1.329219 0.298565 -0.100000
v 1.322000 0.320000 -0.100000
v 1.336568 0.320000 -0.100000
v 1.360958 0.320000 -0.100000
v 1.393203 0.320000 -0.100000
v 1.431333 0.320000 -0.100000
v 1.473380 0.320000 -0.100000
v 1.517375 0.320000 -0.100000
v 1.561349 0.320000 -0.100000
v 1.603333 0.320000 -0.100000
v 1.641359 0.320000 -0.100000
v 1.673458 0.320000 -0.100000
v 1.697662 0.320000 -0.100000
v 1.712000 0.320000 -0.100000
v 1.721130 0.319921 -0.100000
v 1.730870 0.319699 -0.100000
v 1.741000 0.319359 -0.100000
v 1.751296 0.318926 -0.100000
v 1.761537 0.318423 -0.100000
v 1.771500 0.317875 -0.100000
v 1.780963 0.317306 -0.100000
v 1.789704 0.316741 -0.100000
v 1.797500 0.316203 -0.100000
v 1.804130 0.315718 -0.100000
v 1.809370 0.315308 -0.100000
v 1.813000 0.315000 -0.100000
v 1.813000 0.406000 -0.100000
v 1.808645 0.405462 -0.100000
v 1.802741 0.404861 -0.100000
v 1.795531 0.404219 -0.100000
v 1.787259 0.403556 -0.100000
v 1.778168 0.402892 -0.100000
v 1.768500 0.402250 -0.100000
v 1.758499 0.401649 -0.100000
v 1.748407 0.401111 -0.100000
v 1.738469 0.400656 -0.100000
v 1.728926 0.400306 -0.100000
v 1.720022 0.400080 -0.100000
v 1.712000 0.400000 -0.100000
v 1.696709 0.400000 -0.100000
v 1.672088 0.400000 -0.100000
v 1.640016 0.400000 -0.100000
v 1.602371 0.400000 -0.100000
v 1.561031 0.400000 -0.100000
v 1.517875 0.400000 -0.100000
v 1.474782 0.400000 -0.100000
v 1.433630 0.400000 -0.100000
v 1.396297 0.400000 -0.100000
v 1.364662 0.400000 -0.100000
v 1.340604 0.400000 -0.100000
v 1.326000 0.400000 -0.100000
v 1.317898 0.400062 -0.100000
v 1.310097 0.400245 -0.100000
v 1.302609 0.400547 -0.100000
v 1.295444 0.400963 -0.100000
v 1.288613 0.401490 -0.100000
v 1.282125 0.402125 -0.100000
v 1.275991 0.402864 -0.100000
v 1.270222 0.403704 -0.100000
v 1.264828 0.404641 -0.100000
v 1.259819 0.405671 -0.100000
v 1.255207 0.406792 -0.100000
v 1.251000 0.408000 -0.100000
v 1.200000 0.369000 -0.100000
v 1.201638 0.366721 -0.100000
v 1.203519 0.363935 -0.100000
v 1.205594 0.360719 -0.100000
v 1.207815 0.357148 -0.100000
v 1.210133 0.353300 -0.100000
v 1.212500 0.349250 -0.100000
v 1.214867 0.345075 -0.100000
v 1.217185 0.340852 -0.100000
v 1.219406 0.336656 -0.100000
v 1.221481 0.332565 -0.100000
v 1.223362 0.328654 -0.100000
v 1.225000 0.325000 -0.100000
v -1.336957 0.377336 0.100000
v -1.336824 0.385273 0.100000
v -1.336594 0.393703 0.100000
v -1.336259 0.402519 0.100000
v -1.335814 0.411612 0.100000
v -1.335250 0.420875 0.100000
v -1.334561 0.430201 0.100000
v -1.333741 0.439482 0.100000
v -1.332781 0.448609 0.100000
v -1.331676 0.457477 0.100000
v -1.330418 0.465976 0.100000
v -1.329000 0.474000 0.100000
v -1.427000 0.474000 0.100000
v -1.426232 0.466014 0.100000
v -1.425440 0.457616 0.100000
v -1.424641 0.448891 0.100000
v -1.423852 0.439926 0.100000
v -1.423091 0.430808 0.100000
v -1.422375 0.421625 0.100000
v -1.421722 0.412462 0.100000
v -1.421148 0.403407 0.100000
v -1.420672 0.394547 0.100000
v -1.420310 0.385968 0.100000
v -1.420081 0.377756 0.100000
v -1.420000 0.370000 0.100000
v -1.420000 0.207000 0.100000
v -1.454126 0.196363 0.100000
v -1.490172 0.184569 0.100000
v -1.527641 0.171797 0.100000
v -1.566037 0.158222 0.100000
v -1.604864 0.144023 0.100000
v -1.643625 0.129375 0.100000
v -1.681824 0.114457 0.100000
v -1.718963 0.099444 0.100000
v -1.754547 0.084516 0.100000
v -1.788079 0.069847 0.100000
v -1.819062 0.055616 0.100000
v -1.847000 0.042000 0.100000
v -1.813000 -0.043000 0.100000
v -1.784490 -0.028106 0.100000
v -1.753750 -0.013019 0.100000
v -1.721219 0.002125 0.100000
v -1.687333 0.017185 0.100000
v -1.652531 0.032023 0.100000
v -1.617250 0.046500 0.100000
v -1.581927 0.060477 0.100000
v -1.547000 0.073815 0.100000
v -1.512906 0.086375 0.100000
v -1.480083 0.098019 0.100000
v -1.448969 0.108606 0.100000
v -1.420000 0.118000 0.100000
v -1.421000 -0.212000 0.100000
v -1.421041 -0.220204 0.100000
v -1.421167 -0.229213 0.100000
v -1.421375 -0.238875 0.100000
v -1.421667 -0.249037 0.100000
v -1.422042 -0.259546 0.100000
v -1.422500 -0.270250 0.100000
v -1.423042 -0.280995 0.100000
v -1.423667 -0.291630 0.100000
v -1.424375 -0.302000 0.100000
v -1.425167 -0.311954 0.100000
v -1.426042 -0.321338 0.100000
v -1.427000 -0.330000 0.100000
v -1.330000 -0.330000 0.100000
v -1.331188 -0.321663 0.100000
v -1.332255 -0.312718 0.100000
v -1.333203 -0.303266 0.100000
v -1.334037 -0.293407 0.100000
v -1.334760 -0.283244 0.100000
v -1.335375 -0.272875 0.100000
v -1.335886 -0.262402 0.100000
v -1.336296 -0.251926 0.100000
v -1.336609 -0.241547 0.100000
v -1.336829 -0.231366 0.100000
v -1.336958 -0.221483 0.100000
v -1.337000 -0.212000 0.100000
v -1.337000 -0.190389 0.100000
v -1.337000 -0.155278 0.100000
v -1.337000 -0.109250 0.100000
v -1.337000 -0.054889 0.100000
v -1.337000 0.005222 0.100000
v -1.337000 0.068500 0.100000
v -1.337000 0.132361 0.100000
v -1.337000 0.194222 0.100000
v -1.337000 0.251500 0.100000
v -1.337000 0.301611 0.100000
v -1.337000 0.341972 0.100000
v -1.337000 0.370000 0.100000
v -0.265914 0.128000 0.100000
v -0.302148 0.128000 0.100000
v -0.347438 0.128000 0.100000
v -0.399519 0.128000 0.100000
v -0.456127 0.128000 0.100000
v -0.515000 0.128000 0.100000
v -0.573873 0.128000 0.100000
v -0.630482 0.128000 0.100000
v -0.682563 0.128000 0.100000
v -0.727852 0.128000 0.100000
v -0.764086 0.128000 0.100000
v -0.789000 0.128000 0.100000
v -0.801208 0.128060 0.100000
v -0.812833 0.128232 0.100000
v -0.823875 0.128500 0.100000
v -0.834333 0.128852 0.100000
v -0.844208 0.129273 0.100000
v -0.853500 0.129750 0.100000
v -0.862208 0.130269 0.100000
v -0.870333 0.130815 0.100000
v -0.877875 0.131375 0.100000
v -0.884833 0.131935 0.100000
v -0.891208 0.132482 0.100000
v -0.897000 0.133000 0.100000
v -0.897000 0.035000 0.100000
v -0.891553 0.035308 0.100000
v -0.885255 0.035718 0.100000
v -0.878172 0.036203 0.100000
v -0.870370 0.036741 0.100000
v -0.861916 0.037306 0.100000
v -0.852875 0.037875 0.100000
v -0.843313 0.038423 0.100000
v -0.833296 0.038926 0.100000
v -0.822891 0.039359 0.100000
v -0.812162 0.039699 0.100000
v -0.801177 0.039921 0.100000
v -0.790000 0.040000 0.100000
v -0.764875 0.040000 0.100000
v -0.728500 0.040000 0.100000
v -0.683125 0.040000 0.100000
v -0.631000 0.040000 0.100000
v -0.574375 0.040000 0.100000
v -0.515500 0.040000 0.100000
v -0.456625 0.040000 0.100000
v -0.400000 0.040000 0.100000
v -0.347875 0.040000 0.100000
v -0.302500 0.040000 0.100000
v -0.266125 0.040000 0.100000
v -0.241000 0.040000 0.100000
v -0.227303 0.039959 0.100000
v -0.213759 0.039838 0.100000
v -0.200438 0.039641 0.100000
v -0.187407 0.039370 0.100000
v -0.174738 0.039031 0.100000
v -0.162500 0.038625 0.100000
v -0.150762 0.038157 0.100000
v -0.139593 0.037630 0.100000
v -0.129063 0.037047 0.100000
v -0.119241 0.036412 0.100000
v -0.110197 0.035729 0.100000
v -0.102000 0.035000 0.100000
v -0.102000 0.133000 0.100000
v -0.109968 0.132481 0.100000
v -0.118824 0.131935 0.100000
v -0.128500 0.131375 0.100000
v -0.138926 0.130815 0.100000
v -0.150032 0.130269 0.100000
v -0.161750 0.129750 0.100000
v -0.174009 0.129273 0.100000
v -0.186741 0.128852 0.100000
v -0.199875 0.128500 0.100000
v -0.213343 0.128231 0.100000
v -0.227074 0.128060 0.100000
v -0.241000 0.128000 0.100000
v 0.530000 0.371000 0.100000
v 0.259000 0.371000 0.100000
v 0.252354 0.371063 0.100000
v 0.245917 0.371255 0.100000
v 0.239687 0.371578 0.100000
v 0.233667 0.372037 0.100000
v 0.227854 0.372635 0.100000
v 0.222250 0.373375 0.100000
v 0.216854 0.374261 0.100000
v 0.211667 0.375296 0.100000
v 0.206687 0.376484 0.100000
v 0.201917 0.377829 0.100000
v 0.197354 0.379333 0.100000
v 0.193000 0.381000 0.100000
v 0.127000 0.341000 0.100000
v 0.129248 0.337302 0.100000
v 0.131486 0.333250 0.100000
v 0.133703 0.328906 0.100000
v 0.135889 0.324333 0.100000
v 0.138033 0.319594 0.100000
v 0.140125 0.314750 0.100000
v 0.142154 0.309865 0.100000
v 0.144111 0.305000 0.100000
v 0.145984 0.300219 0.100000
v 0.147764 0.295583 0.100000
v 0.149439 0.291156 0.100000
v 0.151000 0.287000 0.100000
v 0.158080 0.263502 0.100000
v 0.166306 0.239102 0.100000
v 0.175656 0.213937 0.100000
v 0.186111 0.188148 0.100000
v 0.197649 0.161873 0.100000
v 0.210250 0.135250 0.100000
v 0.223892 0.108419 0.100000
v 0.238556 0.081519 0.100000
v 0.254219 0.054688 0.100000
v 0.270861 0.028065 0.100000
v 0.288462 0.001789 0.100000
v 0.307000 -0.024000 0.100000
v 0.296545 -0.031747 0.100000
v 0.286194 -0.039477 0.100000
v 0.275969 -0.047172 0.100000
v 0.265889 -0.054815 0.100000
v 0.255976 -0.062388 0.100000
v 0.246250 -0.069875 0.100000
v 0.236733 -0.077258 0.100000
v 0.227444 -0.084519 0.100000
v 0.218406 -0.091641 0.100000
v 0.209639 -0.098606 0.100000
v 0.201163 -0.105399 0.100000
v 0.193000 -0.112000 0.100000
v 0.252000 -0.181000 0.100000
v 0.259664 -0.174168 0.100000
v 0.267643 -0.167176 0.100000
v 0.275922 -0.160031 0.100000
v 0.284481 -0.152741 0.100000
v 0.293305 -0.145311 0.100000
v 0.302375 -0.137750 0.100000
v 0.311674 -0.130064 0.100000
v 0.321185 -0.122259 0.100000
v 0.330891 -0.114344 0.100000
v 0.340773 -0.106324 0.100000
v 0.350815 -0.098207 0.100000
v 0.361000 -0.090000 0.100000
v 0.383965 -0.114591 0.100000
v 0.408389 -0.138815 0.100000
v 0.434312 -0.162594 0.100000
v 0.461778 -0.185852 0.100000
v 0.490826 -0.208513 0.100000
v 0.521500 -0.230500 0.100000
v 0.553840 -0.251737 0.100000
v 0.587889 -0.272148 0.100000
v 0.623688 -0.291656 0.100000
v 0.661278 -0.310185 0.100000
v 0.700701 -0.327659 0.100000
v 0.742000 -0.344000 0.100000
v 0.814000 -0.282000 0.100000
v 0.772602 -0.268187 0.100000
v 0.732903 -0.252829 0.100000
v 0.694891 -0.236047 0.100000
v 0.658556 -0.217963 0.100000
v 0.623887 -0.198699 0.100000
v 0.590875 -0.178375 0.100000
v 0.559509 -0.157114 0.100000
v 0.529778 -0.135037 0.100000
v 0.501672 -0.112266 0.100000
v 0.475181 -0.088921 0.100000
v 0.450293 -0.065126 0.100000
v 0.427000 -0.041000 0.100000
v 0.445074 -0.028007 0.100000
v 0.463259 -0.015056 0.100000
v 0.481500 -0.002187 0.100000
v 0.499741 0.010556 0.100000
v 0.517926 0.023132 0.100000
v 0.536000 0.035500 0.100000
v 0.553907 0.047618 0.100000
v 0.571593 0.059444 0.100000
v 0.589000 0.070938 0.100000
v 0.606074 0.082056 0.100000
v 0.622759 0.092757 0.100000
v 0.639000 0.103000 0.100000
v 0.585000 0.158000 0.100000
v 0.568321 0.148297 0.100000
v 0.551315 0.138208 0.100000
v 0.534031 0.127766 0.100000
v 0.516518 0.117000 0.100000
v 0.498825 0.105943 0.100000
v 0.481000 0.094625 0.100000
v 0.463091 0.083078 0.100000
v 0.445148 0.071333 0.100000
v 0.427219 0.059422 0.100000
v 0.409352 0.047375 0.100000
v 0.391596 0.035224 0.100000
v 0.374000 0.023000 0.100000
v 0.358052 0.045160 0.100000
v 0.342745 0.068032 0.100000
v 0.328141 0.091453 0.100000
v 0.314296 0.115259 0.100000
v 0.301271 0.139288 0.100000
v 0.289125 0.163375 0.100000
v 0.277916 0.187358 0.100000
v 0.267704 0.211074 0.100000
v 0.258547 0.234359 0.100000
v 0.250505 0.257051 0.100000
v 0.243636 0.278986 0.100000
v 0.238000 0.300000 0.100000
v 0.576000 0.300000 0.100000
v 0.592520 0.277350 0.100000
v 0.610074 0.254468 0.100000
v 0.628656 0.231453 0.100000
v 0.648259 0.208407 0.100000
v 0.668876 0.185431 0.100000
v 0.690500 0.162625 0.100000
v 0.713124 0.140090 0.100000
v 0.736741 0.117926 0.100000
v 0.761344 0.096234 0.100000
v 0.786926 0.075116 0.100000
v 0.813480 0.054671 0.100000
v 0.841000 0.035000 0.100000
v 0.908000 0.087000 0.100000
v 0.866450 0.114587 0.100000
v 0.827764 0.143611 0.100000
v 0.791891 0.173719 0.100000
v 0.758778 0.204556 0.100000
v 0.728373 0.235767 0.100000
v 0.700625 0.267000 0.100000
v 0.675481 0.297899 0.100000
v 0.652889 0.328111 0.100000
v 0.632797 0.357281 0.100000
v 0.615153 0.385056 0.100000
v 0.599905 0.411080 0.100000
v 0.587000 0.435000 0.100000
v 0.584384 0.439839 0.100000
v 0.581574 0.445296 0.100000
v 0.578625 0.451281 0.100000
v 0.575593 0.457704 0.100000
v 0.572532 0.464473 0.100000
v 0.569500 0.471500 0.100000
v 0.566551 0.478693 0.100000
v 0.563741 0.485963 0.100000
v 0.561125 0.493219 0.100000
v 0.558759 0.500370 0.100000
v 0.556699 0.507328 0.100000
v 0.555000 0.514000 0.100000
v 0.464000 0.485000 0.100000
v 0.468266 0.478347 0.100000
v 0.472542 0.471444 0.100000
v 0.476797 0.464375 0.100000
v 0.481000 0.457222 0.100000
v 0.485120 0.450069 0.100000
v 0.489125 0.443000 0.100000
v 0.492984 0.436097 0.100000
v 0.496667 0.429444 0.100000
v 0.500141 0.423125 0.100000
v 0.503375 0.417222 0.100000
v 0.506338 0.411819 0.100000
v 0.509000 0.407000 0.100000
v 1.234092 0.302888 0.100000
v 1.244319 0.279685 0.100000
v 1.255609 0.255594 0.100000
v 1.267889 0.230815 0.100000
v 1.281085 0.205550 0.100000
v 1.295125 0.180000 0.100000
v 1.309936 0.154367 0.100000
v 1.325444 0.128852 0.100000
v 1.341578 0.103656 0.100000
v 1.358264 0.078981 0.100000
v 1.375429 0.055029 0.100000
v 1.393000 0.032000 0.100000
v 1.366439 0.008719 0.100000
v 1.339426 -0.015912 0.100000
v 1.312219 -0.041578 0.100000
v 1.285074 -0.067963 0.100000
v 1.258249 -0.094751 0.100000
v 1.232000 -0.121625 0.100000
v 1.206585 -0.148270 0.100000
v 1.182259 -0.174370 0.100000
v 1.159281 -0.199609 0.100000
v 1.137907 -0.223671 0.100000
v 1.118395 -0.246240 0.100000
v 1.101000 -0.267000 0.100000
v 1.171000 -0.327000 0.100000
v 1.188538 -0.304198 0.100000
v 1.207551 -0.280417 0.100000
v 1.227891 -0.255844 0.100000
v 1.249407 -0.230667 0.100000
v 1.271952 -0.205073 0.100000
v 1.295375 -0.179250 0.100000
v 1.319527 -0.153385 0.100000
v 1.344259 -0.127667 0.100000
v 1.369422 -0.102281 0.100000
v 1.394866 -0.077417 0.100000
v 1.420442 -0.053260 0.100000
v 1.446000 -0.030000 0.100000
v 1.473325 -0.058624 0.100000
v 1.501764 -0.086907 0.100000
v 1.531266 -0.114719 0.100000
v 1.561778 -0.141926 0.100000
v 1.593248 -0.168397 0.100000
v 1.625625 -0.194000 0.100000
v 1.658856 -0.218603 0.100000
v 1.692889 -0.242074 0.100000
v 1.727672 -0.264281 0.100000
v 1.763153 -0.285093 0.100000
v 1.799279 -0.304376 0.100000
v 1.836000 -0.322000 0.100000
v 1.900000 -0.255000 0.100000
v 1.860039 -0.238118 0.100000
v 1.820731 -0.219111 0.100000
v 1.782187 -0.198187 0.100000
v 1.744519 -0.175556 0.100000
v 1.707836 -0.151424 0.100000
v 1.672250 -0.126000 0.100000
v 1.637873 -0.099493 0.100000
v 1.604815 -0.072111 0.100000
v 1.573187 -0.044062 0.100000
v 1.543102 -0.015556 0.100000
v 1.514669 0.013201 0.100000
v 1.488000 0.042000 0.100000
v 1.470926 0.062060 0.100000
v 1.453829 0.083565 0.100000
v 1.436890 0.106250 0.100000
v 1.420296 0.129852 0.100000
v 1.404230 0.154106 0.100000
v 1.388875 0.178750 0.100000
v 1.374416 0.203519 0.100000
v 1.361037 0.228148 0.100000
v 1.348922 0.252375 0.100000
v 1.338255 0.275935 0.100000
v 1.329219 0.298565 0.100000
v 1.322000 0.320000 0.100000
v 1.336568 0.320000 0.100000
v 1.360958 0.320000 0.100000
v 1.393203 0.320000 0.100000
v 1.431333 0.320000 0.100000
v 1.473380 0.320000 0.100000
v 1.517375 0.320000 0.100000
v 1.561349 0.320000 0.100000
v 1.603333 0.320000 0.100000
v 1.641359 0.320000 0.100000
v 1.673458 0.320000 0.100000
v 1.697662 0.320000 0.100000
v 1.712000 0.320000 0.100000
v 1.721130 0.319921 0.100000
v 1.730870 0.319699 0.100000
v 1.741000 0.319359 0.100000
v 1.751296 0.318926 0.100000
v 1.761537 0.318423 0.100000
v 1.771500 0.317875 0.100000
v 1.780963 0.317306 0.100000
v 1.789704 0.316741 0.100000
v 1.797500 0.316203 0.100000
v 1.804130 0.315718 0.100000
v 1.809370 0.315308 0.100000
v 1.813000 0.315000 0.100000
v 1.813000 0.406000 0.100000
v 1.808645 0.405462 0.100000
v 1.802741 0.404861 0.100000
v 1.795531 0.404219 0.100000
v 1.787259 0.403556 0.100000
v 1.778168 0.402892 0.100000
v 1.768500 0.402250 0.100000
v 1.758499 0.401649 0.100000
v 1.748407 0.401111 0.100000
v 1.738469 0.400656 0.100000
v 1.728926 0.400306 0.100000
v 1.720022 0.400080 0.100000
v 1.712000 0.400000 0.100000
v 1.696709 0.400000 0.100000
v 1.672088 0.400000 0.100000
v 1.640016 0.400000 0.100000
v 1.602371 0.400000 0.100000
v 1.561031 0.400000 0.100000
v 1.517875 0.400000 0.100000
v 1.474782 0.400000 0.100000
v 1.433630 0.400000 0.100000
v 1.396297 0.400000 0.100000
v 1.364662 0.400000 0.100000
v 1.340604 0.400000 0.100000
v 1.326000 0.400000 0.100000
v 1.317898 0.400062 0.100000
v 1.310097 0.400245 0.100000
v 1.302609 0.400547 0.100000
v 1.295444 0.400963 0.100000
v 1.288613 0.401490 0.100000
v 1.282125 0.402125 0.100000
v 1.275991 0.402864 0.100000
v 1.270222 0.403704 0.100000
v 1.264828 0.404641 0.100000
v 1.259819 0.405671 0.100000
v 1.255207 0.406792 0.100000
v 1.251000 0.408000 0.100000
v 1.200000 0.369000 0.100000
v 1.201638 0.366721 0.100000
v 1.203519 0.363935 0.100000
v 1.205594 0.360719 0.100000
v 1.207815 0.357148 0.100000
v 1.210133 0.353300 0.100000
v 1.212500 0.349250 0.100000
v 1.214867 0.345075 0.100000
v 1.217185 0.340852 0.100000
v 1.219406 0.336656 0.100000
v 1.221481 0.332565 0.100000
v 1.223362 0.328654 0.100000
v 1.225000 0.325000 0.100000
v 1.234092 0.302888 0.100000
v 1.234092 0.302888 -0.100000
v 1.244319 0.279685 0.100000
v 1.244319 0.279685 -0.100000
v 1.255609 0.255594 0.100000
v 1.255609 0.255594 -0.100000
v 1.267889 0.230815 0.100000
v 1.267889 0.230815 -0.100000
v 1.281085 0.205550 0.100000
v 1.281085 0.205550 -0.100000
v 1.295125 0.180000 0.100000
v 1.295125 0.180000 -0.100000
v 1.309936 0.154367 0.100000
v 1.309936 0.154367 -0.100000
v 1.325444 0.128852 0.100000
v 1.325444 0.128852 -0.100000
v 1.341578 0.103656 0.100000
v 1.341578 0.103656 -0.100000
v 1.358264 0.078981 0.100000
v 1.358264 0.078981 -0.100000
v 1.375429 0.055029 0.100000
v 1.375429 0.055029 -0.100000
v 1.393000 0.032000 0.100000
v 1.393000 0.032000 -0.100000
v 1.366439 0.008719 0.100000
v 1.366439 0.008719 -0.100000
v 1.339426 -0.015912 0.100000
v 1.339426 -0.015912 -0.100000
v 1.312219 -0.041578 0.100000
v 1.312219 -0.041578 -0.100000
v 1.285074 -0.067963 0.100000
v 1.285074 -0.067963 -0.100000
v 1.258249 -0.094751 0.100000
v 1.258249 -0.094751 -0.100000
v 1.232000 -0.121625 0.100000
v 1.232000 -0.121625 -0.100000
v 1.206585 -0.148270 0.100000
v 1.206585 -0.148270 -0.100000
v 1.182259 -0.174370 0.100000
v 1.182259 -0.174370 -0.100000
v 1.159281 -0.199609 0.100000
v 1.159281 -0.199609 -0.100000
v 1.137907 -0.223671 0.100000
v 1.137907 -0.223671 -0.100000
v 1.118395 -0.246240 0.100000
v 1.118395 -0.246240 -0.100000
v 1.101000 -0.267000 0.100000
v 1.101000 -0.267000 -0.100000
v 1.171000 -0.327000 0.100000
v 1.171000 -0.327000 -0.100000
v 1.188538 -0.304198 0.100000
v 1.188538 -0.304198 -0.100000
v 1.207551 -0.280417 0.100000
v 1.207551 -0.280417 -0.100000
v 1.227891 -0.255844 0.100000
v 1.227891 -0.255844 -0.100000
v 1.249407 -0.230667 0.100000
v 1.249407 -0.230667 -0.100000
v 1.271952 -0.205073 0.100000
v 1.271952 -0.205073 -0.100000
v 1.295375 -0.179250 0.100000
v 1.295375 -0.179250 -0.100000
v 1.319527 -0.153385 0.100000
v 1.319527 -0.153385 -0.100000
v 1.344259 -0.127667 0.100000
v 1.344259 -0.127667 -0.100000
v 1.369422 -0.102281 0.100000
v 1.369422 -0.102281 -0.100000
v 1.394866 -0.077417 0.100000
v 1.394866 -0.077417 -0.100000
v 1.420442 -0.053260 0.100000
v 1.420442 -0.053260 -0.100000
v 1.446000 -0.030000 0.100000
v 1.446000 -0.030000 -0.100000
v 1.473325 -0.058624 0.100000
v 1.473325 -0.058624 -0.100000
v 1.501764 -0.086907 0.100000
v 1.501764 -0.086907 -0.100000
v 1.531266 -0.114719 0.100000
v 1.531266 -0.114719 -0.100000
v 1.561778 -0.141926 0.100000
v 1.561778 -0.141926 -0.100000
v 1.593248 -0.168397 0.100000
v 1.593248 -0.168397 -0.100000
v 1.625625 -0.194000 0.100000
v 1.625625 -0.194000 -0.100000
v 1.658856 -0.218603 0.100000
v 1.658856 -0.218603 -0.100000
v 1.692889 -0.242074 0.100000
v 1.692889 -0.242074 -0.100000
v 1.727672 -0.264281 0.100000
v 1.727672 -0.264281 -0.100000
v 1.763153 -0.285093 0.100000
v 1.763153 -0.285093 -0.100000
v 1.799279 -0.304376 0.100000
v 1.799279 -0.304376 -0.100000
v 1.836000 -0.322000 0.100000
v 1.836000 -0.322000 -0.100000
v 1.900000 -0.255000 0.100000
v 1.900000 -0.255000 -0.100000
v 1.860039 -0.238118 0.100000
v 1.860039 -0.238118 -0.100000
v 1.820731 -0.219111 0.100000
v 1.820731 -0.219111 -0.100000
v 1.782187 -0.198187 0.100000
v 1.782187 -0.198187 -0.100000
v 1.744519 -0.175556 0.100000
v 1.744519 -0.175556 -0.100000
v 1.707836 -0.151424 0.100000
v 1.707836 -0.151424 -0.100000
v 1.672250 -0.126000 0.100000
v 1.672250 -0.126000 -0.100000
v 1.637873 -0.099493 0.100000
v 1.637873 -0.099493 -0.100000
v 1.604815 -0.072111 0.100000
v 1.604815 -0.072111 -0.100000
v 1.573187 -0.044062 0.100000
v 1.573187 -0.044062 -0.100000
v 1.543102 -0.015556 0.100000
v 1.543102 -0.015556 -0.100000
v 1.514669 0.013201 0.100000
v 1.514669 0.013201 -0.100000
v 1.488000 0.042000 0.100000
v 1.488000 0.042000 -0.100000
v 1.470926 0.062060 0.100000
v 1.470926 0.062060 -0.100000
v 1.453829 0.083565 0.100000
v 1.453829 0.083565 -0.100000
v 1.436890 0.106250 0.100000
v 1.436890 0.106250 -0.100000
v 1.420296 0.129852 0.100000
v 1.420296 0.129852 -0.100000
v 1.404230 0.154106 0.100000
v 1.404230 0.154106 -0.100000
v 1.388875 0.178750 0.100000
v 1.388875 0.178750 -0.100000
v 1.374416 0.203519 0.100000
v 1.374416 0.203519 -0.100000
v 1.361037 0.228148 0.100000
v 1.361037 0.228148 -0.100000
v 1.348922 0.252375 0.100000
v 1.348922 0.252375 -0.100000
v 1.338255 0.275935 0.100000
v 1.338255 0.275935 -0.100000
v 1.329219 0.298565 0.100000
v 1.329219 0.298565 -0.100000
v 1.322000 0.320000 0.100000
v 1.322000 0.320000 -0.100000
v 1.336568 0.320000 0.100000
v 1.336568 0.320000 -0.100000
v 1.360958 0.320000 0.100000
v 1.360958 0.320000 -0.100000
v 1.393203 0.320000 0.100000
v 1.393203 0.320000 -0.100000
v 1.431333 0.320000 0.100000
v 1.431333 0.320000 -0.100000
v 1.473380 0.320000 0.100000
v 1.473380 0.320000 -0.100000
v 1.517375 0.320000 0.100000
v 1.517375 0.320000 -0.100000
v 1.561349 0.320000 0.100000
v 1.561349 0.320000 -0.100000
v 1.603333 0.320000 0.100000
v 1.603333 0.320000 -0.100000
v 1.641359 0.320000 0.100000
v 1.641359 0.320000 -0.100000
v 1.673458 0.320000 0.100000
v 1.673458 0.320000 -0.100000
v 1.697662 0.320000 0.100000
v 1.697662 0.320000 -0.100000
v 1.712000 0.320000 0.100000
v 1.712000 0.320000 -0.100000
v 1.721130 0.319921 0.100000
v 1.721130 0.319921 -0.100000
v 1.730870 0.319699 0.100000
v 1.730870 0.319699 -0.100000
v 1.741000 0.319359 0.100000
v 1.741000 0.319359 -0.100000
v 1.751296 0.318926 0.100000
v 1.751296 0.318926 -0.100000
v 1.761537 0.318423 0.100000
v 1.761537 0.318423 -0.100000
v 1.771500 0.317875 0.100000
v 1.771500 0.317875 -0.100000
v 1.780963 0.317306 0.100000
v 1.780963 0.317306 -0.100000
v 1.789704 0.316741 0.100000
v 1.789704 0.316741 -0.100000
v 1.797500 0.316203 0.100000
v 1.797500 0.316203 -0.100000
v 1.804130 0.315718 0.100000
v 1.804130 0.315718 -0.100000
v 1.809370 0.315308 0.100000
v 1.809370 0.315308 -0.100000
v 1.813000 0.315000 0.100000
v 1.813000 0.315000 -0.100000
v 1.813000 0.406000 0.100000
v 1.813000 0.406000 -0.100000
v 1.808645 0.405462 0.100000
v 1.808645 0.405462 -0.100000
v 1.802741 0.404861 0.100000
v 1.802741 0.404861 -0.100000
v 1.795531 0.404219 0.100000
v 1.795531 0.404219 -0.100000
v 1.787259 0.403556 0.100000
v 1.787259 0.403556 -0.100000
v 1.778168 0.402892 0.100000
v 1.778168 0.402892 -0.100000
v 1.768500 0.402250 0.100000
v 1.768500 0.402250 -0.100000
v 1.758499 0.401649 0.100000
v 1.758499 0.401649 -0.100000
v 1.748407 0.401111 0.100000
v 1.748407 0.401111 -0.100000
v 1.738469 0.400656 0.100000
v 1.738469 0.400656 -0.100000
v 1.728926 0.400306 0.100000
v 1.728926 0.400306 -0.100000
v 1.720022 0.400080 0.100000
v 1.720022 0.400080 -0.100000
v 1.712000 0.400000 0.100000
v 1.712000 0.400000 -0.100000
v 1.696709 0.400000 0.100000
v 1.696709 0.400000 -0.100000
v 1.672088 0.400000 0.100000
v 1.672088 0.400000 -0.100000
v 1.640016 0.400000 0.100000
v 1.640016 0.400000 -0.100000
v 1.602371 0.400000 0.100000
v 1.602371 0.400000 -0.100000
v 1.561031 0.400000 0.100000
v 1.561031 0.400000 -0.100000
v 1.517875 0.400000 0.100000
v 1.517875 0.400000 -0.100000
v 1.474782 0.400000 0.100000
v 1.474782 0.400000 -0.100000
v 1.433630 0.400000 0.100000
v 1.433630 0.400000 -0.100000
v 1.396297 0.400000 0.100000
v 1.396297 0.400000 -0.100000
v 1.364662 0.400000 0.100000
v 1.364662 0.400000 -0.100000
v 1.340604 0.400000 0.100000
v 1.340604 0.400000 -0.100000
v 1.326000 0.400000 0.100000
v 1.326000 0.400000 -0.100000
v 1.317898 0.400062 0.100000
v 1.317898 0.400062 -0.100000
v 1.310097 0.400245 0.100000
v 1.310097 0.400245 -0.100000
v 1.302609 0.400547 0.100000
v 1.302609 0.400547 -0.100000
v 1.295444 0.400963 0.100000
v 1.295444 0.400963 -0.100000
v 1.288613 0.401490 0.100000
v 1.288613 0.401490 -0.100000
v 1.282125 0.402125 0.100000
v 1.282125 0.402125 -0.100000
v 1.275991 0.402864 0.100000
v 1.275991 0.402864 -0.100000
v 1.270222 0.403704 0.100000
v 1.270222 0.403704 -0.100000
v 1.264828 0.404641 0.100000
v 1.264828 0.404641 -0.100000
v 1.259819 0.405671 0.100000
v 1.259819 0.405671 -0.100000
v 1.255207 0.406792 0.100000
v 1.255207 0.406792 -0.100000
v 1.251000 0.408000 0.100000
v 1.251000 0.408000 -0.100000
v 1.200000 0.369000 0.100000
v 1.200000 0.369000 -0.100000
v 1.201638 0.366721 0.100000
v 1.201638 0.366721 -0.100000
v 1.203519 0.363935 0.100000
v 1.203519 0.363935 -0.100000
v 1.205594 0.360719 0.100000
v 1.205594 0.360719 -0.100000
v 1.207815 0.357148 0.100000
v 1.207815 0.357148 -0.100000
v 1.210133 0.353300 0.100000
v 1.210133 0.353300 -0.100000
v 1.212500 0.349250 0.100000
v 1.212500 0.349250 -0.100000
v 1.214867 0.345075 0.100000
v 1.214867 0.345075 -0.100000
v 1.217185 0.340852 0.100000
v 1.217185 0.340852 -0.100000
v 1.219406 0.336656 0.100000
v 1.219406 0.336656 -0.100000
v 1.221481 0.332565 0.100000
v 1.221481 0.332565 -0.100000
v 1.223362 0.328654 0.100000
v 1.223362 0.328654 -0.100000
v 1.225000 0.325000 0.100000
v 1.225000 0.325000 -0.100000
v 0.530000 0.371000 0.100000
v 0.530000 0.371000 -0.100000
v 0.259000 0.371000 0.100000
v 0.259000 0.371000 -0.100000
v 0.252354 0.371063 0.100000
v 0.252354 0.371063 -0.100000
v 0.245917 0.371255 0.100000
v 0.245917 0.371255 -0.100000
v 0.239687 0.371578 0.100000
v 0.239687 0.371578 -0.100000
v 0.233667 0.372037 0.100000
v 0.233667 0.372037 -0.100000
v 0.227854 0.372635 0.100000
v 0.227854 0.372635 -0.100000
v 0.222250 0.373375 0.100000
v 0.222250 0.373375 -0.100000
v 0.216854 0.374261 0.100000
v 0.216854 0.374261 -0.100000
v 0.211667 0.375296 0.100000
v 0.211667 0.375296 -0.100000
v 0.206687 0.376484 0.100000
v 0.206687 0.376484 -0.100000
v 0.201917 0.377829 0.100000
v 0.201917 0.377829 -0.100000
v 0.197354 0.379333 0.100000
v 0.197354 0.379333 -0.100000
v 0.193000 0.381000 0.100000
v 0.193000 0.381000 -0.100000
v 0.127000 0.341000 0.100000
v 0.127000 0.341000 -0.100000
v 0.129248 0.337302 0.100000
v 0.129248 0.337302 -0.100000
v 0.131486 0.333250 0.100000
v 0.131486 0.333250 -0.100000
v 0.133703 0.328906 0.100000
v 0.133703 0.328906 -0.100000
v 0.135889 0.324333 0.100000
v 0.135889 0.324333 -0.100000
v 0.138033 0.319594 0.100000
v 0.138033 0.319594 -0.100000
v 0.140125 0.314750 0.100000
v 0.140125 0.314750 -0.100000
v 0.142154 0.309865 0.100000
v 0.142154 0.309865 -0.100000
v 0.144111 0.305000 0.100000
v 0.144111 0.305000 -0.100000
v 0.145984 0.300219 0.100000
v 0.145984 0.300219 -0.100000
v 0.147764 0.295583 0.100000
v 0.147764 0.295583 -0.100000
v 0.149439 0.291156 0.100000
v 0.149439 0.291156 -0.100000
v 0.151000 0.287000 0.100000
v 0.151000 0.287000 -0.100000
v 0.158080 0.263502 0.100000
v 0.158080 0.263502 -0.100000
v 0.166306 0.239102 0.100000
v 0.166306 0.239102 -0.100000
v 0.175656 0.213937 0.100000
v 0.175656 0.213937 -0.100000
v 0.186111 0.188148 0.100000
v 0.186111 0.188148 -0.100000
v 0.197649 0.161873 0.100000
v 0.197649 0.161873 -0.100000
v 0.210250 0.135250 0.100000
v 0.210250 0.135250 -0.100000
v 0.223892 0.108419 0.100000
v 0.223892 0.108419 -0.100000
v 0.238556 0.081519 0.100000
v 0.238556 0.081519 -0.100000
v 0.254219 0.054688 0.100000
v 0.254219 0.054688 -0.100000
v 0.270861 0.028065 0.100000
v 0.270861 0.028065 -0.100000
v 0.288462 0.001789 0.100000
v 0.288462 0.001789 -0.100000
v 0.307000 -0.024000 0.100000
v 0.307000 -0.024000 -0.100000
v 0.296545 -0.031747 0.100000
v 0.296545 -0.031747 -0.100000
v 0.286194 -0.039477 0.100000
v 0.286194 -0.039477 -0.100000
v 0.275969 -0.047172 0.100000
v 0.275969 -0.047172 -0.100000
v 0.265889 -0.054815 0.100000
v 0.265889 -0.054815 -0.100000
v 0.255976 -0.062388 0.100000
v 0.255976 -0.062388 -0.100000
v 0.246250 -0.069875 0.100000
v 0.246250 -0.069875 -0.100000
v 0.236733 -0.077258 0.100000
v 0.236733 -0.077258 -0.100000
v 0.227444 -0.084519 0.100000
v 0.227444 -0.084519 -0.100000
v 0.218406 -0.091641 0.100000
v 0.218406 -0.091641 -0.100000
v 0.209639 -0.098606 0.100000
v 0.209639 -0.098606 -0.100000
v 0.201163 -0.105399 0.100000
v 0.201163 -0.105399 -0.100000
v 0.193000 -0.112000 0.100000
v 0.193000 -0.112000 -0.100000
v 0.252000 -0.181000 0.100000
v 0.252000 -0.181000 -0.100000
v 0.259664 -0.174168 0.100000
v 0.259664 -0.174168 -0.100000
v 0.267643 -0.167176 0.100000
v 0.267643 -0.167176 -0.100000
v 0.275922 -0.160031 0.100000
v 0.275922 -0.160031 -0.100000
v 0.284481 -0.152741 0.100000
v 0.284481 -0.152741 -0.100000
v 0.293305 -0.145311 0.100000
v 0.293305 -0.145311 -0.100000
v 0.302375 -0.137750 0.100000
v 0.302375 -0.137750 -0.100000
v 0.311674 -0.130064 0.100000
v 0.311674 -0.130064 -0.100000
v 0.321185 -0.122259 0.100000
v 0.321185 -0.122259 -0.100000
v 0.330891 -0.114344 0.100000
v 0.330891 -0.114344 -0.100000
v 0.340773 -0.106324 0.100000
v 0.340773 -0.106324 -0.100000
v 0.350815 -0.098207 0.100000
v 0.350815 -0.098207 -0.100000
v 0.361000 -0.090000 0.100000
v 0.361000 -0.090000 -0.100000
v 0.383965 -0.114591 0.100000
v 0.383965 -0.114591 -0.100000
v 0.408389 -0.138815 0.100000
v 0.408389 -0.138815 -0.100000
v 0.434312 -0.162594 0.100000
v 0.434312 -0.162594 -0.100000
v 0.461778 -0.185852 0.100000
v 0.461778 -0.185852 -0.100000
v 0.490826 -0.208513 0.100000
v 0.490826 -0.208513 -0.100000
v 0.521500 -0.230500 0.100000
v 0.521500 -0.230500 -0.100000
v 0.553840 -0.251737 0.100000
v 0.553840 -0.251737 -0.100000
v 0.587889 -0.272148 0.100000
v 0.587889 -0.272148 -0.100000
v 0.623688 -0.291656 0.100000
v 0.623688 -0.291656 -0.100000
v 0.661278 -0.310185 0.100000
v 0.661278 -0.310185 -0.100000
v 0.700701 -0.327659 0.100000
v 0.700701 -0.327659 -0.100000
v 0.742000 -0.344000 0.100000
v 0.742000 -0.344000 -0.100000
v 0.814000 -0.282000 0.100000
v 0.814000 -0.282000 -0.100000
v 0.772602 -0.268187 0.100000
v 0.772602 -0.268187 -0.100000
v 0.732903 -0.252829 0.100000
v 0.732903 -0.252829 -0.100000
v 0.694891 -0.236047 0.100000
v 0.694891 -0.236047 -0.100000
v 0.658556 -0.217963 0.100000
v 0.658556 -0.217963 -0.100000
v 0.623887 -0.198699 0.100000
v 0.623887 -0.198699 -0.100000
v 0.590875 -0.178375 0.100000
v 0.590875 -0.178375 -0.100000
v 0.559509 -0.157114 0.100000
v 0.559509 -0.157114 -0.100000
v 0.529778 -0.135037 0.100000
v 0.529778 -0.135037 -0.100000
v 0.501672 -0.112266 0.100000
v 0.501672 -0.112266 -0.100000
v 0.475181 -0.088921 0.100000
v 0.475181 -0.088921 -0.100000
v 0.450293 -0.065126 0.100000
v 0.450293 -0.065126 -0.100000
v 0.427000 -0.041000 0.100000
v 0.427000 -0.041000 -0.100000
v 0.445074 -0.028007 0.100000
v 0.445074 -0.028007 -0.100000
v 0.463259 -0.015056 0.100000
v 0.463259 -0.015056 -0.100000
v 0.481500 -0.002187 0.100000
v 0.481500 -0.002187 -0.100000
v 0.499741 0.010556 0.100000
v 0.499741 0.010556 -0.100000
v 0.517926 0.023132 0.100000
v 0.517926 0.023132 -0.100000
v 0.536000 0.035500 0.100000
v 0.536000 0.035500 -0.100000
v 0.553907 0.047618 0.100000
v 0.553907 0.047618 -0.100000
v 0.571593 0.059444 0.100000
v 0.571593 0.059444 -0.100000
v 0.589000 0.070938 0.100000
v 0.589000 0.070938 -0.100000
v 0.606074 0.082056 0.100000
v 0.606074 0.082056 -0.100000
v 0.622759 0.092757 0.100000
v 0.622759 0.092757 -0.100000
v 0.639000 0.103000 0.100000
v 0.639000 0.103000 -0.100000
v 0.585000 0.158000 0.100000
v 0.585000 0.158000 -0.100000
v 0.568321 0.148297 0.100000
v 0.568321 0.148297 -0.100000
v 0.551315 0.138208 0.100000
v 0.551315 0.138208 -0.100000
v 0.534031 0.127766 0.100000
v 0.534031 0.127766 -0.100000
v 0.516518 0.117000 0.100000
v 0.516518 0.117000 -0.100000
v 0.498825 0.105943 0.100000
v 0.498825 0.105943 -0.100000
v 0.481000 0.094625 0.100000
v 0.481000 0.094625 -0.100000
v 0.463091 0.083078 0.100000
v 0.463091 0.083078 -0.100000
v 0.445148 0.071333 0.100000
v 0.445148 0.071333 -0.100000
v 0.427219 0.059422 0.100000
v 0.427219 0.059422 -0.100000
v 0.409352 0.047375 0.100000
v 0.409352 0.047375 -0.100000
v 0.391596 0.035224 0.100000
v 0.391596 0.035224 -0.100000
v 0.374000 0.023000 0.100000
v 0.374000 0.023000 -0.100000
v 0.358052 0.045160 0.100000
v 0.358052 0.045160 -0.100000
v 0.342745 0.068032 0.100000
v 0.342745 0.068032 -0.100000
v 0.328141 0.091453 0.100000
v 0.328141 0.091453 -0.100000
v 0.314296 0.115259 0.100000
v 0.314296 0.115259 -0.100000
v 0.301271 0.139288 0.100000
v 0.301271 0.139288 -0.100000
v 0.289125 0.163375 0.100000
v 0.289125 0.163375 -0.100000
v 0.277916 0.187358 0.100000
v 0.277916 0.187358 -0.100000
v 0.267704 0.211074 0.100000
v 0.267704 0.211074 -0.100000
v 0.258547 0.234359 0.100000
v 0.258547 0.234359 -0.100000
v 0.250505 0.257051 0.100000
v 0.250505 0.257051 -0.100000
v 0.243636 0.278986 0.100000
v 0.243636 0.278986 -0.100000
v 0.238000 0.300000 0.100000
v 0.238000 0.300000 -0.100000
v 0.576000 0.300000 0.100000
v 0.576000 0.300000 -0.100000
v 0.592520 0.277350 0.100000
v 0.592520 0.277350 -0.100000
v 0.610074 0.254468 0.100000
v 0.610074 0.254468 -0.100000
v 0.628656 0.231453 0.100000
v 0.628656 0.231453 -0.100000
v 0.648259 0.208407 0.100000
v 0.648259 0.208407 -0.100000
v 0.668876 0.185431 0.100000
v 0.668876 0.185431 -0.100000
v 0.690500 0.162625 0.100000
v 0.690500 0.162625 -0.100000
v 0.713124 0.140090 0.100000
v 0.713124 0.140090 -0.100000
v 0.736741 0.117926 0.100000
v 0.736741 0.117926 -0.100000
v 0.761344 0.096234 0.100000
v 0.761344 0.096234 -0.100000
v 0.786926 0.075116 0.100000
v 0.786926 0.075116 -0.100000
v 0.813480 0.054671 0.100000
v 0.813480 0.054671 -0.100000
v 0.841000 0.035000 0.100000
v 0.841000 0.035000 -0.100000
v 0.908000 0.087000 0.100000
v 0.908000 0.087000 -0.100000
v 0.866450 0.114587 0.100000
v 0.866450 0.114587 -0.100000
v 0.827764 0.143611 0.100000
v 0.827764 0.143611 -0.100000
v 0.791891 0.173719 0.100000
v 0.791891 0.173719 -0.100000
v 0.758778 0.204556 0.100000
v 0.758778 0.204556 -0.100000
v 0.728373 0.235767 0.100000
v 0.728373 0.235767 -0.100000
v 0.700625 0.267000 0.100000
v 0.700625 0.267000 -0.100000
v 0.675481 0.297899 0.100000
v 0.675481 0.297899 -0.100000
v 0.652889 0.328111 0.100000
v 0.652889 0.328111 -0.100000
v 0.632797 0.357281 0.100000
v 0.632797 0.357281 -0.100000
v 0.615153 0.385056 0.100000
v 0.615153 0.385056 -0.100000
v 0.599905 0.411080 0.100000
v 0.599905 0.411080 -0.100000
v 0.587000 0.435000 0.100000
v 0.587000 0.435000 -0.100000
v 0.584384 0.439839 0.100000
v 0.584384 0.439839 -0.100000
v 0.581574 0.445296 0.100000
v 0.581574 0.445296 -0.100000
v 0.578625 0.451281 0.100000
v 0.578625 0.451281 -0.100000
v 0.575593 0.457704 0.100000
v 0.575593 0.457704 -0.100000
v 0.572532 0.464473 0.100000
v 0.572532 0.464473 -0.100000
v 0.569500 0.471500 0.100000
v 0.569500 0.471500 -0.100000
v 0.566551 0.478693 0.100000
v 0.566551 0.478693 -0.100000
v 0.563741 0.485963 0.100000
v 0.563741 0.485963 -0.100000
v 0.561125 0.493219 0.100000
v 0.561125 0.493219 -0.100000
v 0.558759 0.500370 0.100000
v 0.558759 0.500370 -0.100000
v 0.556699 0.507328 0.100000
v 0.556699 0.507328 -0.100000
v 0.555000 0.514000 0.100000
v 0.555000 0.514000 -0.100000
v 0.464000 0.485000 0.100000
v 0.464000 0.485000 -0.100000
v 0.468266 0.478347 0.100000
v 0.468266 0.478347 -0.100000
v 0.472542 0.471444 0.100000
v 0.472542 0.471444 -0.100000
v 0.476797 0.464375 0.100000
v 0.476797 0.464375 -0.100000
v 0.481000 0.457222 0.100000
v 0.481000 0.457222 -0.100000
v 0.485120 0.450069 0.100000
v 0.485120 0.450069 -0.100000
v 0.489125 0.443000 0.100000
v 0.489125 0.443000 -0.100000
v 0.492984 0.436097 0.100000
v 0.492984 0.436097 -0.100000
v 0.496667 0.429444 0.100000
v 0.496667 0.429444 -0.100000
v 0.500141 0.423125 0.100000
v 0.500141 0.423125 -0.100000
v 0.503375 0.417222 0.100000
v 0.503375 0.417222 -0.100000
v 0.506338 0.411819 0.100000
v 0.506338 0.411819 -0.100000
v 0.509000 0.407000 0.100000
v 0.509000 0.407000 -0.100000
v -0.265914 0.128000 0.100000
v -0.265914 0.128000 -0.100000
v -0.302148 0.128000 0.100000
v -0.302148 0.128000 -0.100000
v -0.347438 0.128000 0.100000
v -0.347438 0.128000 -0.100000
v -0.399519 0.128000 0.100000
v -0.399519 0.128000 -0.100000
v -0.456127 0.128000 0.100000
v -0.456127 0.128000 -0.100000
v -0.515000 0.128000 0.100000
v -0.515000 0.128000 -0.100000
v -0.573873 0.128000 0.100000
v -0.573873 0.128000 -0.100000
v -0.630482 0.128000 0.100000
v -0.630482 0.128000 -0.100000
v -0.682563 0.128000 0.100000
v -0.682563 0.128000 -0.100000
v -0.727852 0.128000 0.100000
v -0.727852 0.128000 -0.100000
v -0.764086 0.128000 0.100000
v -0.764086 0.128000 -0.100000
v -0.789000 0.128000 0.100000
v -0.789000 0.128000 -0.100000
v -0.801208 0.128060 0.100000
v -0.801208 0.128060 -0.100000
v -0.812833 0.128232 0.100000
v -0.812833 0.128232 -0.100000
v -0.823875 0.128500 0.100000
v -0.823875 0.128500 -0.100000
v -0.834333 0.128852 0.100000
v -0.834333 0.128852 -0.100000
v -0.844208 0.129273 0.100000
v -0.844208 0.129273 -0.100000
v -0.853500 0.129750 0.100000
v -0.853500 0.129750 -0.100000
v -0.862208 0.130269 0.100000
v -0.862208 0.130269 -0.100000
v -0.870333 0.130815 0.100000
v -0.870333 0.130815 -0.100000
v -0.877875 0.131375 0.100000
v -0.877875 0.131375 -0.100000
v -0.884833 0.131935 0.100000
v -0.884833 0.131935 -0.100000
v -0.891208 0.132482 0.100000
v -0.891208 0.132482 -0.100000
v -0.897000 0.133000 0.100000
v -0.897000 0.133000 -0.100000
v -0.897000 0.035000 0.100000
v -0.897000 0.035000 -0.100000
v -0.891553 0.035308 0.100000
v -0.891553 0.035308 -0.100000
v -0.885255 0.035718 0.100000
v -0.885255 0.035718 -0.100000
v -0.878172 0.036203 0.100000
v -0.878172 0.036203 -0.100000
v -0.870370 0.036741 0.100000
v -0.870370 0.036741 -0.100000
v -0.861916 0.037306 0.100000
v -0.861916 0.037306 -0.100000
v -0.852875 0.037875 0.100000
v -0.852875 0.037875 -0.100000
v -0.843313 0.038423 0.100000
v -0.843313 0.038423 -0.100000
v -0.833296 0.038926 0.100000
v -0.833296 0.038926 -0.100000
v -0.822891 0.039359 0.100000
v -0.822891 0.039359 -0.100000
v -0.812162 0.039699 0.100000
v -0.812162 0.039699 -0.100000
v -0.801177 0.039921 0.100000
v -0.801177 0.039921 -0.100000
v -0.790000 0.040000 0.100000
v -0.790000 0.040000 -0.100000
v -0.764875 0.040000 0.100000
v -0.764875 0.040000 -0.100000
v -0.728500 0.040000 0.100000
v -0.728500 0.040000 -0.100000
v -0.683125 0.040000 0.100000
v -0.683125 0.040000 -0.100000
v -0.631000 0.040000 0.100000
v -0.631000 0.040000 -0.100000
v -0.574375 0.040000 0.100000
v -0.574375 0.040000 -0.100000
v -0.515500 0.040000 0.100000
v -0.515500 0.040000 -0.100000
v -0.456625 0.040000 0.100000
v -0.456625 0.040000 -0.100000
v -0.400000 0.040000 0.100000
v -0.400000 0.040000 -0.100000
v -0.347875 0.040000 0.100000
v -0.347875 0.040000 -0.100000
v -0.302500 0.040000 0.100000
v -0.302500 0.040000 -0.100000
v -0.266125 0.040000 0.100000
v -0.266125 0.040000 -0.100000
v -0.241000 0.040000 0.100000
v -0.241000 0.040000 -0.100000
v -0.227303 0.039959 0.100000
v -0.227303 0.039959 -0.100000
v -0.213759 0.039838 0.100000
v -0.213759 0.039838 -0.100000
v -0.200438 0.039641 0.100000
v -0.200438 0.039641 -0.100000
v -0.187407 0.039370 0.100000
v -0.187407 0.039370 -0.100000
v -0.174738 0.039031 0.100000
v -0.174738 0.039031 -0.100000
v -0.162500 0.038625 0.100000
v -0.162500 0.038625 -0.100000
v -0.150762 0.038157 0.100000
v -0.150762 0.038157 -0.100000
v -0.139593 0.037630 0.100000
v -0.139593 0.037630 -0.100000
v -0.129063 0.037047 0.100000
v -0.129063 0.037047 -0.100000
v -0.119241 0.036412 0.100000
v -0.119241 0.036412 -0.100000
v -0.110197 0.035729 0.100000
v -0.110197 0.035729 -0.100000
v -0.102000 0.035000 0.100000
v -0.102000 0.035000 -0.100000
v -0.102000 0.133000 0.100000
v -0.102000 0.133000 -0.100000
v -0.109968 0.132481 0.100000
v -0.109968 0.132481 -0.100000
v -0.118824 0.131935 0.100000
v -0.118824 0.131935 -0.100000
v -0.128500 0.131375 0.100000
v -0.128500 0.131375 -0.100000
v -0.138926 0.130815 0.100000
v -0.138926 0.130815 -0.100000
v -0.150032 0.130269 0.100000
v -0.150032 0.130269 -0.100000
v -0.161750 0.129750 0.100000
v -0.161750 0.129750 -0.100000
v -0.174009 0.129273 0.100000
v -0.174009 0.129273 -0.100000
v -0.186741 0.128852 0.100000
v -0.186741 0.128852 -0.100000
v -0.199875 0.128500 0.100000
v -0.199875 0.128500 -0.100000
v -0.213343 0.128231 0.100000
v -0.213343 0.128231 -0.100000
v -0.227074 0.128060 0.100000
v -0.227074 0.128060 -0.100000
v -0.241000 0.128000 0.100000
v -0.241000 0.128000 -0.100000
v -1.336957 0.377336 0.100000
v -1.336957 0.377336 -0.100000
v -1.336824 0.385273 0.100000
v -1.336824 0.385273 -0.100000
v -1.336594 0.393703 0.100000
v -1.336594 0.393703 -0.100000
v -1.336259 0.402519 0.100000
v -1.336259 0.402519 -0.100000
v -1.335814 0.411612 0.100000
v -1.335814 0.411612 -0.100000
v -1.335250 0.420875 0.100000
v -1.335250 0.420875 -0.100000
v -1.334561 0.430201 0.100000
v -1.334561 0.430201 -0.100000
v -1.333741 0.439482 0.100000
v -1.333741 0.439482 -0.100000
v -1.332781 0.448609 0.100000
v -1.332781 0.448609 -0.100000
v -1.331676 0.457477 0.100000
v -1.331676 0.457477 -0.100000
v -1.330418 0.465976 0.100000
v -1.330418 0.465976 -0.100000
v -1.329000 0.474000 0.100000
v -1.329000 0.474000 -0.100000
v -1.427000 0.474000 0.100000
v -1.427000 0.474000 -0.100000
v -1.426232 0.466014 0.100000
v -1.426232 0.466014 -0.100000
v -1.425440 0.457616 0.100000
v -1.425440 0.457616 -0.100000
v -1.424641 0.448891 0.100000
v -1.424641 0.448891 -0.100000
v -1.423852 0.439926 0.100000
v -1.423852 0.439926 -0.100000
v -1.423091 0.430808 0.100000
v -1.423091 0.430808 -0.100000
v -1.422375 0.421625 0.100000
v -1.422375 0.421625 -0.100000
v -1.421722 0.412462 0.100000
v -1.421722 0.412462 -0.100000
v -1.421148 0.403407 0.100000
v -1.421148 0.403407 -0.100000
v -1.420672 0.394547 0.100000
v -1.420672 0.394547 -0.100000
v -1.420310 0.385968 0.100000
v -1.420310 0.385968 -0.100000
v -1.420081 0.377756 0.100000
v -1.420081 0.377756 -0.100000
v -1.420000 0.370000 0.100000
v -1.420000 0.370000 -0.100000
v -1.420000 0.207000 0.100000
v -1.420000 0.207000 -0.100000
v -1.454126 0.196363 0.100000
v -1.454126 0.196363 -0.100000
v -1.490172 0.184569 0.100000
v -1.490172 0.184569 -0.100000
v -1.527641 0.171797 0.100000
v -1.527641 0.171797 -0.100000
v -1.566037 0.158222 0.100000
v -1.566037 0.158222 -0.100000
v -1.604864 0.144023 0.100000
v -1.604864 0.144023 -0.100000
v -1.643625 0.129375 0.100000
v -1.643625 0.129375 -0.100000
v -1.681824 0.114457 0.100000
v -1.681824 0.114457 -0.100000
v -1.718963 0.099444 0.100000
v -1.718963 0.099444 -0.100000
v -1.754547 0.084516 0.100000
v -1.754547 0.084516 -0.100000
v -1.788079 0.069847 0.100000
v -1.788079 0.069847 -0.100000
v -1.819062 0.055616 0.100000
v -1.819062 0.055616 -0.100000
v -1.847000 0.042000 0.100000
v -1.847000 0.042000 -0.100000
v -1.813000 -0.043000 0.100000
v -1.813000 -0.043000 -0.100000
v -1.784490 -0.028106 0.100000
v -1.784490 -0.028106 -0.100000
v -1.753750 -0.013019 0.100000
v -1.753750 -0.013019 -0.100000
v -1.721219 0.002125 0.100000
v -1.721219 0.002125 -0.100000
v -1.687333 0.017185 0.100000
v -1.687333 0.017185 -0.100000
v -1.652531 0.032023 0.100000
v -1.652531 0.032023 -0.100000
v -1.617250 0.046500 0.100000
v -1.617250 0.046500 -0.100000
v -1.581927 0.060477 0.100000
v -1.581927 0.060477 -0.100000
v -1.547000 0.073815 0.100000
v -1.547000 0.073815 -0.100000
v -1.512906 0.086375 0.100000
v -1.512906 0.086375 -0.100000
v -1.480083 0.098019 0.100000
v -1.480083 0.098019 -0.100000
v -1.448969 0.108606 0.100000
v -1.448969 0.108606 -0.100000
v -1.420000 0.118000 0.100000
v -1.420000 0.118000 -0.100000
v -1.421000 -0.212000 0.100000
v -1.421000 -0.212000 -0.100000
v -1.421041 -0.220204 0.100000
v -1.421041 -0.220204 -0.100000
v -1.421167 -0.229213 0.100000
v -1.421167 -0.229213 -0.100000
v -1.421375 -0.238875 0.100000
v -1.421375 -0.238875 -0.100000
v -1.421667 -0.249037 0.100000
v -1.421667 -0.249037 -0.100000
v -1.422042 -0.259546 0.100000
v -1.422042 -0.259546 -0.100000
v -1.422500 -0.270250 0.100000
v -1.422500 -0.270250 -0.100000
v -1.423042 -0.280995 0.100000
v -1.423042 -0.280995 -0.100000
v -1.423667 -0.291630 0.100000
v -1.423667 -0.291630 -0.100000
v -1.424375 -0.302000 0.100000
v -1.424375 -0.302000 -0.100000
v -1.425167 -0.311954 0.100000
v -1.425167 -0.311954 -0.100000
v -1.426042 -0.321338 0.100000
v -1.426042 -0.321338 -0.100000
v -1.427000 -0.330000 0.100000
v -1.427000 -0.330000 -0.100000
v -1.330000 -0.330000 0.100000
v -1.330000 -0.330000 -0.100000
v -1.331188 -0.321663 0.100000
v -1.331188 -0.321663 -0.100000
v -1.332255 -0.312718 0.100000
v -1.332255 -0.312718 -0.100000
v -1.333203 -0.303266 0.100000
v -1.333203 -0.303266 -0.100000
v -1.334037 -0.293407 0.100000
v -1.334037 -0.293407 -0.100000
v -1.334760 -0.283244 0.100000
v -1.334760 -0.283244 -0.100000
v -1.335375 -0.272875 0.100000
v -1.335375 -0.272875 -0.100000
v -1.335886 -0.262402 0.100000
v -1.335886 -0.262402 -0.100000
v -1.336296 -0.251926 0.100000
v -1.336296 -0.251926 -0.100000
v -1.336609 -0.241547 0.100000
v -1.336609 -0.241547 -0.100000
v -1.336829 -0.231366 0.100000
v -1.336829 -0.231366 -0.100000
v -1.336958 -0.221483 0.100000
v -1.336958 -0.221483 -0.100000
v -1.337000 -0.212000 0.100000
v -1.337000 -0.212000 -0.100000
v -1.337000 -0.190389 0.100000
v -1.337000 -0.190389 -0.100000
v -1.337000 -0.155278 0.100000
v -1.337000 -0.155278 -0.100000
v -1.337000 -0.109250 0.100000
v -1.337000 -0.109250 -0.100000
v -1.337000 -0.054889 0.100000
v -1.337000 -0.054889 -0.100000
v -1.337000 0.005222 0.100000
v -1.337000 0.005222 -0.100000
v -1.337000 0.068500 0.100000
v -1.337000 0.068500 -0.100000
v -1.337000 0.132361 0.100000
v -1.337000 0.132361 -0.100000
v -1.337000 0.194222 0.100000
v -1.337000 0.194222 -0.100000
v -1.337000 0.251500 0.100000
v -1.337000 0.251500 -0.100000
v -1.337000 0.301611 0.100000
v -1.337000 0.301611 -0.100000
v -1.337000 0.341972 0.100000
v -1.337000 0.341972 -0.100000
v -1.337000 0.370000 0.100000
v -1.337000 0.370000 -0.100000
vn -0.0000 -0.0000 -1.0000
vn 0.0001 -0.0000 -1.0000
vn -0.0000 -0.0000 1.0000
vn 0.0001 -0.0000 1.0000
vn -0.9103 -0.4139 -0.0000
vn -0.9200 -0.3918 -0.0000
vn -0.9008 -0.4342 -0.0000
vn -0.8912 -0.4535 -0.0000
vn -0.8814 -0.4723 -0.0000
vn -0.8712 -0.4910 -0.0000
vn -0.8602 -0.5099 -0.0000
vn -0.8484 -0.5294 -0.0000
vn -0.8353 -0.5498 -0.0000
vn -0.8207 -0.5714 -0.0000
vn -0.8040 -0.5946 -0.0000
vn -0.9950 0.0995 -0.0000
vn -0.6665 0.7455 -0.0000
vn -0.6800 0.7332 -0.0000
vn -0.6916 0.7223 -0.0000
vn -0.7018 0.7124 -0.0000
vn -0.7110 0.7032 -0.0000
vn -0.7195 0.6945 -0.0000
vn -0.7276 0.6860 -0.0000
vn -0.7355 0.6775 -0.0000
vn -0.7436 0.6687 -0.0000
vn -0.7521 0.6591 -0.0000
vn -0.7615 0.6482 -0.0000
vn -0.9966 -0.0823 -0.0000
vn 0.1031 -0.9947 -0.0000
vn 0.7869 -0.6171 -0.0000
vn 0.7757 -0.6311 -0.0000
vn 0.7653 -0.6437 -0.0000
vn 0.7553 -0.6554 -0.0000
vn 0.7456 -0.6664 -0.0000
vn 0.7358 -0.6772 -0.0000
vn 0.7259 -0.6878 -0.0000
vn 0.7155 -0.6986 -0.0000
vn 0.7046 -0.7096 -0.0000
vn 0.6928 -0.7211 -0.0000
vn 0.6799 -0.7333 -0.0000
vn -0.0351 -0.9994 -0.0000
vn -0.7143 -0.6998 -0.0000
vn -0.6956 -0.7184 -0.0000
vn -0.6758 -0.7371 -0.0000
vn -0.6547 -0.7559 -0.0000
vn -0.6321 -0.7749 -0.0000
vn -0.6077 -0.7941 -0.0000
vn -0.5815 -0.8136 -0.0000
vn -0.5530 -0.8332 -0.0000
vn -0.5221 -0.8529 -0.0000
vn -0.4885 -0.8726 -0.0000
vn -0.4519 -0.8921 -0.0000
vn 0.1794 -0.9838 -0.0000
vn 0.9792 0.2029 -0.0000
vn 0.4124 0.9110 -0.0000
vn 0.4563 0.8898 -0.0000
vn 0.4962 0.8682 -0.0000
vn 0.5324 0.8465 -0.0000
vn 0.5656 0.8247 -0.0000
vn 0.5961 0.8029 -0.0000
vn 0.6244 0.7811 -0.0000
vn 0.6508 0.7593 -0.0000
vn 0.6757 0.7371 -0.0000
vn 0.6995 0.7146 -0.0000
vn 0.7225 0.6914 -0.0000
vn 0.7478 0.6639 -0.0000
vn 0.7722 0.6353 -0.0000
vn 0.7921 0.6104 -0.0000
vn 0.8097 0.5868 -0.0000
vn 0.8259 0.5638 -0.0000
vn 0.8413 0.5406 -0.0000
vn 0.8563 0.5165 -0.0000
vn 0.8713 0.4908 -0.0000
vn 0.8867 0.4624 -0.0000
vn 0.9029 0.4299 -0.0000
vn 0.9201 0.3917 -0.0000
vn 0.9386 0.3451 -0.0000
vn 0.8122 -0.5834 -0.0000
vn -0.0000 -1.0000 -0.0000
vn 0.8121 -0.5835 -0.0000
vn -0.0043 -1.0000 -0.0000
vn -0.0157 -0.9999 -0.0000
vn -0.0281 -0.9996 -0.0000
vn -0.0378 -0.9993 -0.0000
vn -0.0456 -0.9990 -0.0000
vn -0.0520 -0.9986 -0.0000
vn -0.0575 -0.9983 -0.0000
vn -0.0623 -0.9981 -0.0000
vn -0.0667 -0.9978 -0.0000
vn -0.0709 -0.9975 -0.0000
vn -0.0754 -0.9972 -0.0000
vn -0.0813 -0.9967 -0.0000
vn 0.6765 -0.7364 -0.0000
vn 0.6623 0.7492 -0.0000
vn 0.6765 -0.7365 -0.0000
vn -0.1119 0.9937 -0.0000
vn -0.0950 0.9955 -0.0000
vn -0.0843 0.9964 -0.0000
vn -0.0763 0.9971 -0.0000
vn -0.0695 0.9976 -0.0000
vn -0.0631 0.9980 -0.0000
vn -0.0566 0.9984 -0.0000
vn -0.0495 0.9988 -0.0000
vn -0.0412 0.9991 -0.0000
vn -0.0310 0.9995 -0.0000
vn -0.0176 0.9998 -0.0000
vn -0.0050 1.0000 -0.0000
vn -0.0000 1.0000 -0.0000
vn 0.0038 1.0000 -0.0000
vn 0.0156 0.9999 -0.0000
vn 0.0319 0.9995 -0.0000
vn 0.0491 0.9988 -0.0000
vn 0.0675 0.9977 -0.0000
vn 0.0872 0.9962 -0.0000
vn 0.1085 0.9941 -0.0000
vn 0.1318 0.9913 -0.0000
vn 0.1576 0.9875 -0.0000
vn 0.1864 0.9825 -0.0000
vn 0.2189 0.9758 -0.0000
vn 0.2561 0.9666 -0.0000
vn -0.1855 0.9826 -0.0000
vn -0.9892 0.1468 -0.0000
vn -0.8205 -0.5716 -0.0000
vn -0.9892 0.1469 -0.0000
vn -0.8346 -0.5509 -0.0000
vn -0.8447 -0.5352 -0.0000
vn -0.8529 -0.5221 -0.0000
vn -0.8600 -0.5103 -0.0000
vn -0.8666 -0.4989 -0.0000
vn -0.8733 -0.4872 -0.0000
vn -0.8667 -0.4989 -0.0000
vn -0.8802 -0.4746 -0.0000
vn -0.8879 -0.4601 -0.0000
vn -0.8802 -0.4745 -0.0000
vn -0.8966 -0.4429 -0.0000
vn -0.8878 -0.4601 -0.0000
vn -0.9070 -0.4212 -0.0000
vn -0.9188 -0.3947 -0.0000
vn 0.0047 1.0000 -0.0000
vn -0.8671 0.4981 -0.0000
vn 0.0196 0.9998 -0.0000
vn 0.0408 0.9992 -0.0000
vn 0.0639 0.9980 -0.0000
vn 0.0892 0.9960 -0.0000
vn 0.1166 0.9932 -0.0000
vn 0.1465 0.9892 -0.0000
vn 0.1789 0.9839 -0.0000
vn 0.2139 0.9768 -0.0000
vn 0.2517 0.9678 -0.0000
vn 0.2922 0.9564 -0.0000
vn 0.3354 0.9421 -0.0000
vn -0.0895 0.9960 -0.0000
vn -0.9714 0.2375 -0.0000
vn -0.8651 -0.5016 -0.0000
vn -0.8832 -0.4691 -0.0000
vn -0.8965 -0.4430 -0.0000
vn -0.9067 -0.4217 -0.0000
vn -0.9146 -0.4043 -0.0000
vn -0.9208 -0.3901 -0.0000
vn -0.9146 -0.4044 -0.0000
vn -0.9256 -0.3784 -0.0000
vn -0.9294 -0.3690 -0.0000
vn -0.9323 -0.3616 -0.0000
vn -0.9344 -0.3562 -0.0000
vn -0.9357 -0.3527 -0.0000
vn -0.9473 -0.3202 -0.0000
vn -0.9527 -0.3040 -0.0000
vn -0.9474 -0.3202 -0.0000
vn -0.9426 -0.3339 -0.0000
vn -0.9322 -0.3620 -0.0000
vn -0.9213 -0.3889 -0.0000
vn -0.9098 -0.4150 -0.0000
vn -0.8977 -0.4406 -0.0000
vn -0.8848 -0.4660 -0.0000
vn -0.8709 -0.4914 -0.0000
vn -0.8559 -0.5172 -0.0000
vn -0.8395 -0.5434 -0.0000
vn -0.8215 -0.5702 -0.0000
vn -0.9880 0.1543 -0.0000
vn -0.5969 0.8023 -0.0000
vn -0.5998 0.8001 -0.0000
vn -0.6027 0.7979 -0.0000
vn -0.6056 0.7957 -0.0000
vn -0.6085 0.7935 -0.0000
vn -0.6115 0.7913 -0.0000
vn -0.6144 0.7890 -0.0000
vn -0.6174 0.7866 -0.0000
vn -0.6205 0.7842 -0.0000
vn -0.6237 0.7817 -0.0000
vn -0.6271 0.7790 -0.0000
vn -0.9958 0.0916 -0.0000
vn -0.0676 -0.9977 -0.0000
vn 0.6622 -0.7493 -0.0000
vn 0.6562 -0.7546 -0.0000
vn 0.6509 -0.7592 -0.0000
vn 0.6463 -0.7631 -0.0000
vn 0.6422 -0.7665 -0.0000
vn 0.6387 -0.7694 -0.0000
vn 0.6357 -0.7719 -0.0000
vn 0.6332 -0.7740 -0.0000
vn 0.6311 -0.7757 -0.0000
vn 0.6294 -0.7771 -0.0000
vn 0.6280 -0.7782 -0.0000
vn -0.0706 -0.9975 -0.0000
vn -0.7177 -0.6964 -0.0000
vn -0.6902 -0.7236 -0.0000
vn -0.6612 -0.7502 -0.0000
vn -0.6308 -0.7760 -0.0000
vn -0.5990 -0.8008 -0.0000
vn -0.5659 -0.8245 -0.0000
vn -0.5316 -0.8470 -0.0000
vn -0.4964 -0.8681 -0.0000
vn -0.4604 -0.8877 -0.0000
vn -0.4238 -0.9058 -0.0000
vn -0.3866 -0.9222 -0.0000
vn 0.1663 -0.9861 -0.0000
vn 0.9812 0.1932 -0.0000
vn 0.3388 0.9409 -0.0000
vn 0.3824 0.9240 -0.0000
vn 0.4248 0.9053 -0.0000
vn 0.4658 0.8849 -0.0000
vn 0.5051 0.8631 -0.0000
vn 0.5428 0.8399 -0.0000
vn 0.5788 0.8155 -0.0000
vn 0.6130 0.7901 -0.0000
vn 0.6455 0.7638 -0.0000
vn 0.6762 0.7367 -0.0000
vn 0.7054 0.7088 -0.0000
vn 0.9960 -0.0897 -0.0000
vn 0.5819 -0.8133 -0.0000
vn 0.5783 -0.8158 -0.0000
vn 0.5746 -0.8185 -0.0000
vn 0.5707 -0.8211 -0.0000
vn 0.5668 -0.8239 -0.0000
vn 0.5626 -0.8267 -0.0000
vn 0.5582 -0.8297 -0.0000
vn 0.5534 -0.8329 -0.0000
vn 0.5483 -0.8363 -0.0000
vn 0.5428 -0.8399 -0.0000
vn 0.5367 -0.8438 -0.0000
vn 0.9933 -0.1157 -0.0000
vn 0.1334 0.9911 -0.0000
vn -0.5065 0.8622 -0.0000
vn -0.5137 0.8580 -0.0000
vn -0.5204 0.8539 -0.0000
vn -0.5268 0.8500 -0.0000
vn -0.5330 0.8461 -0.0000
vn -0.5390 0.8423 -0.0000
vn -0.5448 0.8386 -0.0000
vn -0.5505 0.8348 -0.0000
vn -0.5562 0.8310 -0.0000
vn -0.5619 0.8272 -0.0000
vn -0.5676 0.8233 -0.0000
vn 0.1691 0.9856 -0.0000
vn -0.5677 0.8233 -0.0000
vn 0.8215 0.5702 -0.0000
vn 0.8399 0.5427 -0.0000
vn 0.8566 0.5160 -0.0000
vn 0.8719 0.4897 -0.0000
vn 0.8861 0.4635 -0.0000
vn 0.8995 0.4369 -0.0000
vn 0.9123 0.4095 -0.0000
vn 0.9247 0.3808 -0.0000
vn 0.9367 0.3501 -0.0000
vn 0.9486 0.3165 -0.0000
vn 0.9603 0.2790 -0.0000
vn 0.7934 -0.6087 -0.0000
vn -0.4532 -0.8914 -0.0000
vn -0.8007 -0.5990 -0.0000
vn -0.7858 -0.6185 -0.0000
vn -0.7699 -0.6381 -0.0000
vn -0.7531 -0.6579 -0.0000
vn -0.7350 -0.6780 -0.0000
vn -0.7158 -0.6983 -0.0000
vn -0.6951 -0.7189 -0.0000
vn -0.6729 -0.7397 -0.0000
vn -0.6491 -0.7607 -0.0000
vn -0.6234 -0.7819 -0.0000
vn -0.5959 -0.8031 -0.0000
vn 0.0197 -0.9998 -0.0000
vn 0.9993 0.0370 -0.0000
vn 0.5769 0.8168 -0.0000
vn 0.9993 0.0369 -0.0000
vn 0.6217 0.7832 -0.0000
vn 0.6624 0.7491 -0.0000
vn 0.6991 0.7150 -0.0000
vn 0.7321 0.6812 -0.0000
vn 0.7618 0.6478 -0.0000
vn 0.7884 0.6151 -0.0000
vn 0.8124 0.5832 -0.0000
vn 0.8340 0.5518 -0.0000
vn 0.8536 0.5210 -0.0000
vn 0.8716 0.4902 -0.0000
vn 0.8799 0.4752 -0.0000
vn 0.8844 0.4667 -0.0000
vn 0.8931 0.4499 -0.0000
vn 0.9007 0.4345 -0.0000
vn 0.9078 0.4194 -0.0000
vn 0.9147 0.4041 -0.0000
vn 0.9078 0.4195 -0.0000
vn 0.9217 0.3878 -0.0000
vn 0.9290 0.3700 -0.0000
vn 0.9368 0.3499 -0.0000
vn 0.9452 0.3266 -0.0000
vn 0.9542 0.2990 -0.0000
vn 0.9641 0.2654 -0.0000
vn 0.4851 0.8745 -0.0000
vn -0.9407 0.3392 -0.0000
vn 0.4851 0.8744 -0.0000
vn -0.8460 -0.5332 -0.0000
vn -0.8535 -0.5212 -0.0000
vn -0.8595 -0.5112 -0.0000
vn -0.8644 -0.5029 -0.0000
vn -0.8683 -0.4960 -0.0000
vn -0.8715 -0.4905 -0.0000
vn -0.8739 -0.4861 -0.0000
vn -0.8756 -0.4830 -0.0000
vn -0.8766 -0.4811 -0.0000
vn -0.8769 -0.4807 -0.0000
vn -0.8761 -0.4822 -0.0000
vn -0.8696 -0.4937 -0.0000
vn 0.0025 1.0000 -0.0000
vn 0.0098 1.0000 -0.0000
vn 0.0195 0.9998 -0.0000
vn 0.0290 0.9996 -0.0000
vn 0.0381 0.9993 -0.0000
vn 0.0469 0.9989 -0.0000
vn 0.0553 0.9985 -0.0000
vn 0.0633 0.9980 -0.0000
vn 0.0706 0.9975 -0.0000
vn 0.0772 0.9970 -0.0000
vn 0.0828 0.9966 -0.0000
vn 0.0873 0.9962 -0.0000
vn -0.6748 0.7380 -0.0000
vn -0.6868 -0.7268 -0.0000
vn 0.0607 -0.9982 -0.0000
vn 0.0666 -0.9978 -0.0000
vn 0.0686 -0.9976 -0.0000
vn 0.0677 -0.9977 -0.0000
vn 0.0648 -0.9979 -0.0000
vn 0.0600 -0.9982 -0.0000
vn 0.0537 -0.9986 -0.0000
vn 0.0459 -0.9989 -0.0000
vn 0.0366 -0.9993 -0.0000
vn 0.0259 -0.9997 -0.0000
vn 0.0136 -0.9999 -0.0000
vn 0.0035 -1.0000 -0.0000
vn -0.0015 -1.0000 -0.0000
vn -0.0060 -1.0000 -0.0000
vn -0.0119 -0.9999 -0.0000
vn -0.0178 -0.9998 -0.0000
vn -0.0238 -0.9997 -0.0000
vn -0.0300 -0.9996 -0.0000
vn -0.0365 -0.9993 -0.0000
vn -0.0435 -0.9991 -0.0000
vn -0.0512 -0.9987 -0.0000
vn -0.0599 -0.9982 -0.0000
vn -0.0699 -0.9976 -0.0000
vn -0.0819 -0.9966 -0.0000
vn 0.6751 -0.7378 -0.0000
vn 0.6837 0.7297 -0.0000
vn -0.0633 0.9980 -0.0000
vn 0.6838 0.7297 -0.0000
vn -0.0597 0.9982 -0.0000
vn -0.0557 0.9984 -0.0000
vn -0.0514 0.9987 -0.0000
vn -0.0467 0.9989 -0.0000
vn -0.0415 0.9991 -0.0000
vn -0.0360 0.9994 -0.0000
vn -0.0299 0.9996 -0.0000
vn -0.0234 0.9997 -0.0000
vn -0.0162 0.9999 -0.0000
vn -0.0084 1.0000 -0.0000
vn -0.0022 1.0000 -0.0000
vn 0.9998 -0.0220 -0.0000
vn 0.9999 -0.0113 -0.0000
vn 0.9995 -0.0326 -0.0000
vn 0.9991 -0.0434 -0.0000
vn 0.9985 -0.0548 -0.0000
vn 0.9977 -0.0672 -0.0000
vn 0.9967 -0.0809 -0.0000
vn 0.9953 -0.0963 -0.0000
vn 0.9935 -0.1141 -0.0000
vn 0.9954 -0.0963 -0.0000
vn 0.9908 -0.1351 -0.0000
vn 0.9871 -0.1602 -0.0000
vn 0.7662 0.6426 -0.0000
vn 0.9871 -0.1603 -0.0000
vn -0.7402 0.6724 -0.0000
vn -0.9955 -0.0948 -0.0000
vn -0.9957 -0.0926 -0.0000
vn -0.9960 -0.0895 -0.0000
vn -0.9957 -0.0925 -0.0000
vn -0.9963 -0.0854 -0.0000
vn -0.9960 -0.0894 -0.0000
vn -0.9968 -0.0805 -0.0000
vn -0.9972 -0.0744 -0.0000
vn -0.9968 -0.0804 -0.0000
vn -0.9977 -0.0672 -0.0000
vn -0.9983 -0.0584 -0.0000
vn -0.9989 -0.0479 -0.0000
vn -0.9983 -0.0585 -0.0000
vn -0.9994 -0.0350 -0.0000
vn -0.9998 -0.0192 -0.0000
vn -0.9994 -0.0351 -0.0000
vn -1.0000 -0.0052 -0.0000
vn -0.8055 0.5926 -0.0000
vn -0.3043 0.9526 -0.0000
vn -0.3168 0.9485 -0.0000
vn -0.3280 0.9447 -0.0000
vn -0.3384 0.9410 -0.0000
vn -0.3485 0.9373 -0.0000
vn -0.3586 0.9335 -0.0000
vn -0.3693 0.9293 -0.0000
vn -0.3808 0.9246 -0.0000
vn -0.3938 0.9192 -0.0000
vn -0.4091 0.9125 -0.0000
vn -0.4278 0.9039 -0.0000
vn -0.9329 0.3601 -0.0000
vn -0.3470 -0.9378 -0.0000
vn 0.4519 -0.8921 -0.0000
vn -0.3471 -0.9378 -0.0000
vn 0.4313 -0.9022 -0.0000
vn 0.4141 -0.9102 -0.0000
vn 0.3992 -0.9169 -0.0000
vn 0.3859 -0.9225 -0.0000
vn 0.3738 -0.9275 -0.0000
vn 0.3623 -0.9320 -0.0000
vn 0.3512 -0.9363 -0.0000
vn 0.3400 -0.9404 -0.0000
vn 0.3282 -0.9446 -0.0000
vn 0.3153 -0.9490 -0.0000
vn -0.5893 -0.8079 -0.0000
vn -1.0000 0.0040 -0.0000
vn -0.5892 -0.8080 -0.0000
vn -1.0000 0.0095 -0.0000
vn -0.9998 0.0177 -0.0000
vn -0.9997 0.0251 -0.0000
vn -0.9995 0.0322 -0.0000
vn -0.9992 0.0392 -0.0000
vn -0.9989 0.0466 -0.0000
vn -0.9985 0.0545 -0.0000
vn -0.9980 0.0634 -0.0000
vn -0.9973 0.0737 -0.0000
vn -0.9963 0.0861 -0.0000
vn -0.9948 0.1014 -0.0000
vn -0.7450 -0.6671 -0.0000
vn 0.7554 -0.6553 -0.0000
vn 0.9915 0.1298 -0.0000
vn 0.7553 -0.6553 -0.0000
vn 0.9940 0.1091 -0.0000
vn 0.9915 0.1297 -0.0000
vn 0.9958 0.0921 -0.0000
vn 0.9970 0.0776 -0.0000
vn 0.9979 0.0651 -0.0000
vn 0.9985 0.0540 -0.0000
vn 0.9990 0.0439 -0.0000
vn 0.9994 0.0346 -0.0000
vn 0.9997 0.0258 -0.0000
vn 0.9994 0.0347 -0.0000
vn 0.9999 0.0173 -0.0000
vn 0.9997 0.0259 -0.0000
vn 1.0000 0.0088 -0.0000
vn 1.0000 0.0022 -0.0000
vn 1.0000 0.0087 -0.0000
vn 1.0000 -0.0000 -0.0000
vn 1.0000 -0.0029 -0.0000
vt 0.113636 0.000000
vt 0.136364 0.000000
vt 0.125000 0.000000
vt 0.147727 0.000000
vt 0.159091 0.000000
vt 0.102273 0.000000
vt 0.170455 0.000000
vt 0.090909 0.000000
vt 0.181818 0.000000
vt 0.079545 0.000000
vt 0.193182 0.000000
vt 0.068182 0.000000
vt 0.204545 0.000000
vt 0.056818 0.000000
vt 0.215909 0.000000
vt 0.045455 0.000000
vt 0.227273 0.000000
vt 0.034091 0.000000
vt 0.238636 0.000000
vt 0.022727 0.000000
vt 0.250000 0.000000
vt 0.011364 0.000000
vt 0.261364 0.000000
vt 0.000000 0.000000
vt 0.272727 0.000000
vt 1.000000 0.000000
vt 0.988636 0.000000
vt 0.284091 0.000000
vt 0.977273 0.000000
vt 0.965909 0.000000
vt 0.954545 0.000000
vt 0.295455 0.000000
vt 0.306818 0.000000
vt 0.943182 0.000000
vt 0.318182 0.000000
vt 0.329545 0.000000
vt 0.340909 0.000000
vt 0.352273 0.000000
vt 0.931818 0.000000
vt 0.568182 0.000000
vt 0.363636 0.000000
vt 0.579545 0.000000
vt 0.556818 0.000000
vt 0.375000 0.000000
vt 0.545455 0.000000
vt 0.386364 0.000000
vt 0.534091 0.000000
vt 0.522727 0.000000
vt 0.397727 0.000000
vt 0.511364 0.000000
vt 0.409091 0.000000
vt 0.920455 0.000000
vt 0.500000 0.000000
vt 0.420455 0.000000
vt 0.488636 0.000000
vt 0.477273 0.000000
vt 0.465909 0.000000
vt 0.454545 0.000000
vt 0.443182 0.000000
vt 0.431818 0.000000
vt 0.909091 0.000000
vt 0.897727 0.000000
vt 0.886364 0.000000
vt 0.875000 0.000000
vt 0.863636 0.000000
vt 0.852273 0.000000
vt 0.590909 0.000000
vt 0.602273 0.000000
vt 0.840909 0.000000
vt 0.613636 0.000000
vt 0.829545 0.000000
vt 0.625000 0.000000
vt 0.818182 0.000000
vt 0.636364 0.000000
vt 0.806818 0.000000
vt 0.647727 0.000000
vt 0.795455 0.000000
vt 0.659091 0.000000
vt 0.784091 0.000000
vt 0.670455 0.000000
vt 0.772727 0.000000
vt 0.681818 0.000000
vt 0.761364 0.000000
vt 0.693182 0.000000
vt 0.750000 0.000000
vt 0.704545 0.000000
vt 0.738636 0.000000
vt 0.715909 0.000000
vt 0.727273 0.000000
vt 0.821918 0.000000
vt 0.849315 0.000000
vt 0.835616 0.000000
vt 0.301370 0.000000
vt 0.328767 0.000000
vt 0.315068 0.000000
vt 0.287671 0.000000
vt 0.863014 0.000000
vt 0.273973 0.000000
vt 0.876712 0.000000
vt 0.260274 0.000000
vt 0.890411 0.000000
vt 0.246575 0.000000
vt 0.904110 0.000000
vt 0.232877 0.000000
vt 0.917808 0.000000
vt 0.219178 0.000000
vt 0.931507 0.000000
vt 0.205479 0.000000
vt 0.945205 0.000000
vt 0.191781 0.000000
vt 0.958904 0.000000
vt 0.178082 0.000000
vt 0.972603 0.000000
vt 0.164384 0.000000
vt 0.986301 0.000000
vt 0.150685 0.000000
vt 0.013699 0.000000
vt 0.027397 0.000000
vt 0.041096 0.000000
vt 0.054795 0.000000
vt 0.068493 0.000000
vt 0.082192 0.000000
vt 0.095890 0.000000
vt 0.109589 0.000000
vt 0.123288 0.000000
vt 0.136986 0.000000
vt 0.808219 0.000000
vt 0.794521 0.000000
vt 0.780822 0.000000
vt 0.767123 0.000000
vt 0.753425 0.000000
vt 0.739726 0.000000
vt 0.726027 0.000000
vt 0.712329 0.000000
vt 0.698630 0.000000
vt 0.684932 0.000000
vt 0.671233 0.000000
vt 0.657534 0.000000
vt 0.643836 0.000000
vt 0.630137 0.000000
vt 0.616438 0.000000
vt 0.602740 0.000000
vt 0.589041 0.000000
vt 0.575342 0.000000
vt 0.547945 0.000000
vt 0.506849 0.000000
vt 0.493151 0.000000
vt 0.479452 0.000000
vt 0.465753 0.000000
vt 0.452055 0.000000
vt 0.438356 0.000000
vt 0.424658 0.000000
vt 0.410959 0.000000
vt 0.397260 0.000000
vt 0.561644 0.000000
vt 0.534247 0.000000
vt 0.520548 0.000000
vt 0.383562 0.000000
vt 0.369863 0.000000
vt 0.356164 0.000000
vt 0.342466 0.000000
vt 0.926136 0.000000
vt 0.914773 0.000000
vt 0.903409 0.000000
vt 0.937500 0.000000
vt 0.892045 0.000000
vt 0.948864 0.000000
vt 0.880682 0.000000
vt 0.960227 0.000000
vt 0.869318 0.000000
vt 0.971591 0.000000
vt 0.857955 0.000000
vt 0.982955 0.000000
vt 0.994318 0.000000
vt 0.846591 0.000000
vt 0.073864 0.000000
vt 0.062500 0.000000
vt 0.051136 0.000000
vt 0.039773 0.000000
vt 0.028409 0.000000
vt 0.017045 0.000000
vt 0.005682 0.000000
vt 0.835227 0.000000
vt 0.085227 0.000000
vt 0.096591 0.000000
vt 0.107955 0.000000
vt 0.119318 0.000000
vt 0.130682 0.000000
vt 0.710227 0.000000
vt 0.721591 0.000000
vt 0.823864 0.000000
vt 0.142045 0.000000
vt 0.153409 0.000000
vt 0.698864 0.000000
vt 0.732955 0.000000
vt 0.164773 0.000000
vt 0.812500 0.000000
vt 0.687500 0.000000
vt 0.744318 0.000000
vt 0.176136 0.000000
vt 0.676136 0.000000
vt 0.801136 0.000000
vt 0.755682 0.000000
vt 0.573864 0.000000
vt 0.585227 0.000000
vt 0.664773 0.000000
vt 0.187500 0.000000
vt 0.596591 0.000000
vt 0.767045 0.000000
vt 0.789773 0.000000
vt 0.607955 0.000000
vt 0.562500 0.000000
vt 0.653409 0.000000
vt 0.619318 0.000000
vt 0.551136 0.000000
vt 0.198864 0.000000
vt 0.778409 0.000000
vt 0.539773 0.000000
vt 0.630682 0.000000
vt 0.642045 0.000000
vt 0.528409 0.000000
vt 0.210227 0.000000
vt 0.517045 0.000000
vt 0.505682 0.000000
vt 0.221591 0.000000
vt 0.232955 0.000000
vt 0.494318 0.000000
vt 0.244318 0.000000
vt 0.255682 0.000000
vt 0.357955 0.000000
vt 0.267045 0.000000
vt 0.482955 0.000000
vt 0.346591 0.000000
vt 0.278409 0.000000
vt 0.335227 0.000000
vt 0.323864 0.000000
vt 0.312500 0.000000
vt 0.301136 0.000000
vt 0.289773 0.000000
vt 0.369318 0.000000
vt 0.471591 0.000000
vt 0.380682 0.000000
vt 0.460227 0.000000
vt 0.392045 0.000000
vt 0.448864 0.000000
vt 0.403409 0.000000
vt 0.437500 0.000000
vt 0.426136 0.000000
vt 0.414773 0.000000
vt 0.904762 0.000000
vt 0.918367 0.000000
vt 0.911565 0.000000
vt 0.897959 0.000000
vt 0.659864 0.000000
vt 0.673469 0.000000
vt 0.666667 0.000000
vt 0.891156 0.000000
vt 0.680272 0.000000
vt 0.687075 0.000000
vt 0.884354 0.000000
vt 0.693878 0.000000
vt 0.877551 0.000000
vt 0.700680 0.000000
vt 0.707483 0.000000
vt 0.870748 0.000000
vt 0.714286 0.000000
vt 0.863946 0.000000
vt 0.721088 0.000000
vt 0.857143 0.000000
vt 0.727891 0.000000
vt 0.850340 0.000000
vt 0.734694 0.000000
vt 0.843537 0.000000
vt 0.741497 0.000000
vt 0.836735 0.000000
vt 0.748299 0.000000
vt 0.829932 0.000000
vt 0.755102 0.000000
vt 0.761905 0.000000
vt 0.768707 0.000000
vt 0.775510 0.000000
vt 0.782313 0.000000
vt 0.789116 0.000000
vt 0.795918 0.000000
vt 0.802721 0.000000
vt 0.809524 0.000000
vt 0.816327 0.000000
vt 0.823129 0.000000
vt 0.653061 0.000000
vt 0.925170 0.000000
vt 0.931973 0.000000
vt 0.646259 0.000000
vt 0.938776 0.000000
vt 0.639456 0.000000
vt 0.945578 0.000000
vt 0.632653 0.000000
vt 0.625850 0.000000
vt 0.952381 0.000000
vt 0.619048 0.000000
vt 0.959184 0.000000
vt 0.612245 0.000000
vt 0.605442 0.000000
vt 0.965986 0.000000
vt 0.598639 0.000000
vt 0.972789 0.000000
vt 0.591837 0.000000
vt 0.979592 0.000000
vt 0.986395 0.000000
vt 0.585034 0.000000
vt 0.993197 0.000000
vt 0.578231 0.000000
vt 0.564626 0.000000
vt 0.557823 0.000000
vt 0.551020 0.000000
vt 0.544218 0.000000
vt 0.537415 0.000000
vt 0.530612 0.000000
vt 0.517007 0.000000
vt 0.510204 0.000000
vt 0.503401 0.000000
vt 0.496599 0.000000
vt 0.571429 0.000000
vt 0.523810 0.000000
vt 0.489796 0.000000
vt 0.006803 0.000000
vt 0.482993 0.000000
vt 0.013605 0.000000
vt 0.476190 0.000000
vt 0.020408 0.000000
vt 0.469388 0.000000
vt 0.027211 0.000000
vt 0.462585 0.000000
vt 0.034014 0.000000
vt 0.455782 0.000000
vt 0.040816 0.000000
vt 0.448980 0.000000
vt 0.047619 0.000000
vt 0.442177 0.000000
vt 0.435374 0.000000
vt 0.054422 0.000000
vt 0.428571 0.000000
vt 0.061224 0.000000
vt 0.421769 0.000000
vt 0.068027 0.000000
vt 0.414966 0.000000
vt 0.074830 0.000000
vt 0.408163 0.000000
vt 0.081633 0.000000
vt 0.401361 0.000000
vt 0.088435 0.000000
vt 0.394558 0.000000
vt 0.244898 0.000000
vt 0.095238 0.000000
vt 0.251701 0.000000
vt 0.238095 0.000000
vt 0.102041 0.000000
vt 0.387755 0.000000
vt 0.231293 0.000000
vt 0.258503 0.000000
vt 0.108844 0.000000
vt 0.380952 0.000000
vt 0.224490 0.000000
vt 0.265306 0.000000
vt 0.115646 0.000000
vt 0.374150 0.000000
vt 0.217687 0.000000
vt 0.272109 0.000000
vt 0.122449 0.000000
vt 0.367347 0.000000
vt 0.210884 0.000000
vt 0.278912 0.000000
vt 0.129252 0.000000
vt 0.360544 0.000000
vt 0.204082 0.000000
vt 0.285714 0.000000
vt 0.136054 0.000000
vt 0.353741 0.000000
vt 0.197279 0.000000
vt 0.292517 0.000000
vt 0.346939 0.000000
vt 0.142857 0.000000
vt 0.190476 0.000000
vt 0.299320 0.000000
vt 0.340136 0.000000
vt 0.149660 0.000000
vt 0.183673 0.000000
vt 0.333333 0.000000
vt 0.306122 0.000000
vt 0.156463 0.000000
vt 0.326531 0.000000
vt 0.176871 0.000000
vt 0.312925 0.000000
vt 0.170068 0.000000
vt 0.163265 0.000000
vt 0.319728 0.000000
vt 0.006757 1.000000
vt 0.000000 1.000000
vt 0.013514 1.000000
vt 0.006757 0.000000
vt 0.020270 1.000000
vt 0.013514 0.000000
vt 0.027027 1.000000
vt 0.020270 0.000000
vt 0.033784 1.000000
vt 0.027027 0.000000
vt 0.040541 1.000000
vt 0.033784 0.000000
vt 0.047297 1.000000
vt 0.040541 0.000000
vt 0.054054 1.000000
vt 0.047297 0.000000
vt 0.060811 1.000000
vt 0.054054 0.000000
vt 0.067568 1.000000
vt 0.060811 0.000000
vt 0.074324 1.000000
vt 0.067568 0.000000
vt 0.081081 1.000000
vt 0.074324 0.000000
vt 0.087838 1.000000
vt 0.081081 0.000000
vt 0.094595 1.000000
vt 0.087838 0.000000
vt 0.101351 1.000000
vt 0.094595 0.000000
vt 0.108108 1.000000
vt 0.101351 0.000000
vt 0.114865 1.000000
vt 0.108108 0.000000
vt 0.121622 1.000000
vt 0.114865 0.000000
vt 0.128378 1.000000
vt 0.121622 0.000000
vt 0.135135 1.000000
vt 0.128378 0.000000
vt 0.141892 1.000000
vt 0.135135 0.000000
vt 0.148649 1.000000
vt 0.141892 0.000000
vt 0.155405 1.000000
vt 0.148649 0.000000
vt 0.162162 1.000000
vt 0.155405 0.000000
vt 0.168919 1.000000
vt 0.162162 0.000000
vt 0.175676 1.000000
vt 0.168919 0.000000
vt 0.182432 1.000000
vt 0.175676 0.000000
vt 0.189189 1.000000
vt 0.182432 0.000000
vt 0.195946 1.000000
vt 0.189189 0.000000
vt 0.202703 1.000000
vt 0.195946 0.000000
vt 0.209459 1.000000
vt 0.202703 0.000000
vt 0.216216 1.000000
vt 0.209459 0.000000
vt 0.222973 1.000000
vt 0.216216 0.000000
vt 0.229730 1.000000
vt 0.222973 0.000000
vt 0.236486 1.000000
vt 0.229730 0.000000
vt 0.243243 1.000000
vt 0.236486 0.000000
vt 0.250000 1.000000
vt 0.243243 0.000000
vt 0.256757 1.000000
vt 0.263514 1.000000
vt 0.256757 0.000000
vt 0.270270 1.000000
vt 0.263514 0.000000
vt 0.277027 1.000000
vt 0.270270 0.000000
vt 0.283784 1.000000
vt 0.277027 0.000000
vt 0.290541 1.000000
vt 0.283784 0.000000
vt 0.297297 1.000000
vt 0.290541 0.000000
vt 0.304054 1.000000
vt 0.297297 0.000000
vt 0.310811 1.000000
vt 0.304054 0.000000
vt 0.317568 1.000000
vt 0.310811 0.000000
vt 0.324324 1.000000
vt 0.317568 0.000000
vt 0.331081 1.000000
vt 0.324324 0.000000
vt 0.337838 1.000000
vt 0.331081 0.000000
vt 0.344595 1.000000
vt 0.337838 0.000000
vt 0.351351 1.000000
vt 0.344595 0.000000
vt 0.358108 1.000000
vt 0.351351 0.000000
vt 0.364865 1.000000
vt 0.358108 0.000000
vt 0.371622 1.000000
vt 0.364865 0.000000
vt 0.378378 1.000000
vt 0.371622 0.000000
vt 0.385135 1.000000
vt 0.378378 0.000000
vt 0.391892 1.000000
vt 0.385135 0.000000
vt 0.398649 1.000000
vt 0.391892 0.000000
vt 0.405405 1.000000
vt 0.398649 0.000000
vt 0.412162 1.000000
vt 0.405405 0.000000
vt 0.418919 1.000000
vt 0.412162 0.000000
vt 0.425676 1.000000
vt 0.418919 0.000000
vt 0.432432 1.000000
vt 0.425676 0.000000
vt 0.439189 1.000000
vt 0.432432 0.000000
vt 0.445946 1.000000
vt 0.439189 0.000000
vt 0.452703 1.000000
vt 0.445946 0.000000
vt 0.459459 1.000000
vt 0.452703 0.000000
vt 0.466216 1.000000
vt 0.459459 0.000000
vt 0.472973 1.000000
vt 0.466216 0.000000
vt 0.479730 1.000000
vt 0.472973 0.000000
vt 0.486486 1.000000
vt 0.479730 0.000000
vt 0.493243 1.000000
vt 0.486486 0.000000
vt 0.500000 1.000000
vt 0.493243 0.000000
vt 0.506757 1.000000
vt 0.513514 1.000000
vt 0.506757 0.000000
vt 0.520270 1.000000
vt 0.513514 0.000000
vt 0.527027 1.000000
vt 0.520270 0.000000
vt 0.533784 1.000000
vt 0.527027 0.000000
vt 0.540541 1.000000
vt 0.533784 0.000000
vt 0.547297 1.000000
vt 0.540541 0.000000
vt 0.554054 1.000000
vt 0.547297 0.000000
vt 0.560811 1.000000
vt 0.554054 0.000000
vt 0.567568 1.000000
vt 0.560811 0.000000
vt 0.574324 1.000000
vt 0.567568 0.000000
vt 0.581081 1.000000
vt 0.574324 0.000000
vt 0.587838 1.000000
vt 0.581081 0.000000
vt 0.594595 1.000000
vt 0.587838 0.000000
vt 0.601351 1.000000
vt 0.594595 0.000000
vt 0.608108 1.000000
vt 0.601351 0.000000
vt 0.614865 1.000000
vt 0.608108 0.000000
vt 0.621622 1.000000
vt 0.614865 0.000000
vt 0.628378 1.000000
vt 0.621622 0.000000
vt 0.635135 1.000000
vt 0.628378 0.000000
vt 0.641892 1.000000
vt 0.635135 0.000000
vt 0.648649 1.000000
vt 0.641892 0.000000
vt 0.655405 1.000000
vt 0.648649 0.000000
vt 0.662162 1.000000
vt 0.655405 0.000000
vt 0.668919 1.000000
vt 0.662162 0.000000
vt 0.675676 1.000000
vt 0.668919 0.000000
vt 0.682432 1.000000
vt 0.675676 0.000000
vt 0.689189 1.000000
vt 0.682432 0.000000
vt 0.695946 1.000000
vt 0.689189 0.000000
vt 0.702703 1.000000
vt 0.695946 0.000000
vt 0.709459 1.000000
vt 0.702703 0.000000
vt 0.716216 1.000000
vt 0.709459 0.000000
vt 0.722973 1.000000
vt 0.716216 0.000000
vt 0.729730 1.000000
vt 0.722973 0.000000
vt 0.736486 1.000000
vt 0.729730 0.000000
vt 0.743243 1.000000
vt 0.736486 0.000000
vt 0.750000 1.000000
vt 0.743243 0.000000
vt 0.756757 1.000000
vt 0.763514 1.000000
vt 0.756757 0.000000
vt 0.770270 1.000000
vt 0.763514 0.000000
vt 0.777027 1.000000
vt 0.770270 0.000000
vt 0.783784 1.000000
vt 0.777027 0.000000
vt 0.790541 1.000000
vt 0.783784 0.000000
vt 0.797297 1.000000
vt 0.790541 0.000000
vt 0.804054 1.000000
vt 0.797297 0.000000
vt 0.810811 1.000000
vt 0.804054 0.000000
vt 0.817568 1.000000
vt 0.810811 0.000000
vt 0.824324 1.000000
vt 0.817568 0.000000
vt 0.831081 1.000000
vt 0.824324 0.000000
vt 0.837838 1.000000
vt 0.831081 0.000000
vt 0.844595 1.000000
vt 0.837838 0.000000
vt 0.851351 1.000000
vt 0.844595 0.000000
vt 0.858108 1.000000
vt 0.851351 0.000000
vt 0.864865 1.000000
vt 0.858108 0.000000
vt 0.871622 1.000000
vt 0.864865 0.000000
vt 0.878378 1.000000
vt 0.871622 0.000000
vt 0.885135 1.000000
vt 0.878378 0.000000
vt 0.891892 1.000000
vt 0.885135 0.000000
vt 0.898649 1.000000
vt 0.891892 0.000000
vt 0.905405 1.000000
vt 0.898649 0.000000
vt 0.912162 1.000000
vt 0.905405 0.000000
vt 0.918919 1.000000
vt 0.912162 0.000000
vt 0.925676 1.000000
vt 0.918919 0.000000
vt 0.932432 1.000000
vt 0.925676 0.000000
vt 0.939189 1.000000
vt 0.932432 0.000000
vt 0.945946 1.000000
vt 0.939189 0.000000
vt 0.952703 1.000000
vt 0.945946 0.000000
vt 0.959459 1.000000
vt 0.952703 0.000000
vt 0.966216 1.000000
vt 0.959459 0.000000
vt 0.972973 1.000000
vt 0.966216 0.000000
vt 0.979730 1.000000
vt 0.972973 0.000000
vt 0.986486 1.000000
vt 0.979730 0.000000
vt 0.993243 1.000000
vt 0.986486 0.000000
vt 1.000000 1.000000
vt 0.993243 0.000000
vt 0.005650 1.000000
vt 0.011299 1.000000
vt 0.005650 0.000000
vt 0.016949 1.000000
vt 0.011299 0.000000
vt 0.022599 1.000000
vt 0.016949 0.000000
vt 0.028249 1.000000
vt 0.022599 0.000000
vt 0.033898 1.000000
vt 0.028249 0.000000
vt 0.039548 1.000000
vt 0.033898 0.000000
vt 0.045198 1.000000
vt 0.039548 0.000000
vt 0.050847 1.000000
vt 0.045198 0.000000
vt 0.056497 1.000000
vt 0.050847 0.000000
vt 0.062147 1.000000
vt 0.056497 0.000000
vt 0.067797 1.000000
vt 0.062147 0.000000
vt 0.073446 1.000000
vt 0.067797 0.000000
vt 0.079096 1.000000
vt 0.073446 0.000000
vt 0.084746 1.000000
vt 0.079096 0.000000
vt 0.090395 1.000000
vt 0.084746 0.000000
vt 0.096045 1.000000
vt 0.090395 0.000000
vt 0.101695 1.000000
vt 0.096045 0.000000
vt 0.107345 1.000000
vt 0.101695 0.000000
vt 0.112994 1.000000
vt 0.107345 0.000000
vt 0.118644 1.000000
vt 0.112994 0.000000
vt 0.124294 1.000000
vt 0.118644 0.000000
vt 0.129944 1.000000
vt 0.124294 0.000000
vt 0.135593 1.000000
vt 0.129944 0.000000
vt 0.141243 1.000000
vt 0.135593 0.000000
vt 0.146893 1.000000
vt 0.141243 0.000000
vt 0.152542 1.000000
vt 0.146893 0.000000
vt 0.158192 1.000000
vt 0.152542 0.000000
vt 0.163842 1.000000
vt 0.158192 0.000000
vt 0.169492 1.000000
vt 0.163842 0.000000
vt 0.175141 1.000000
vt 0.169492 0.000000
vt 0.180791 1.000000
vt 0.175141 0.000000
vt 0.186441 1.000000
vt 0.180791 0.000000
vt 0.192090 1.000000
vt 0.186441 0.000000
vt 0.197740 1.000000
vt 0.192090 0.000000
vt 0.203390 1.000000
vt 0.197740 0.000000
vt 0.209040 1.000000
vt 0.203390 0.000000
vt 0.214689 1.000000
vt 0.209040 0.000000
vt 0.220339 1.000000
vt 0.214689 0.000000
vt 0.225989 1.000000
vt 0.220339 0.000000
vt 0.231638 1.000000
vt 0.225989 0.000000
vt 0.237288 1.000000
vt 0.231638 0.000000
vt 0.242938 1.000000
vt 0.237288 0.000000
vt 0.248588 1.000000
vt 0.242938 0.000000
vt 0.254237 1.000000
vt 0.248588 0.000000
vt 0.259887 1.000000
vt 0.254237 0.000000
vt 0.265537 1.000000
vt 0.259887 0.000000
vt 0.271186 1.000000
vt 0.265537 0.000000
vt 0.276836 1.000000
vt 0.271186 0.000000
vt 0.282486 1.000000
vt 0.276836 0.000000
vt 0.288136 1.000000
vt 0.282486 0.000000
vt 0.293785 1.000000
vt 0.288136 0.000000
vt 0.299435 1.000000
vt 0.293785 0.000000
vt 0.305085 1.000000
vt 0.299435 0.000000
vt 0.310734 1.000000
vt 0.305085 0.000000
vt 0.316384 1.000000
vt 0.310734 0.000000
vt 0.322034 1.000000
vt 0.316384 0.000000
vt 0.327684 1.000000
vt 0.322034 0.000000
vt 0.333333 1.000000
vt 0.327684 0.000000
vt 0.338983 1.000000
vt 0.344633 1.000000
vt 0.338983 0.000000
vt 0.350282 1.000000
vt 0.344633 0.000000
vt 0.355932 1.000000
vt 0.350282 0.000000
vt 0.361582 1.000000
vt 0.355932 0.000000
vt 0.367232 1.000000
vt 0.361582 0.000000
vt 0.372881 1.000000
vt 0.367232 0.000000
vt 0.378531 1.000000
vt 0.372881 0.000000
vt 0.384181 1.000000
vt 0.378531 0.000000
vt 0.389830 1.000000
vt 0.384181 0.000000
vt 0.395480 1.000000
vt 0.389830 0.000000
vt 0.401130 1.000000
vt 0.395480 0.000000
vt 0.406780 1.000000
vt 0.401130 0.000000
vt 0.412429 1.000000
vt 0.406780 0.000000
vt 0.418079 1.000000
vt 0.412429 0.000000
vt 0.423729 1.000000
vt 0.418079 0.000000
vt 0.429379 1.000000
vt 0.423729 0.000000
vt 0.435028 1.000000
vt 0.429379 0.000000
vt 0.440678 1.000000
vt 0.435028 0.000000
vt 0.446328 1.000000
vt 0.440678 0.000000
vt 0.451977 1.000000
vt 0.446328 0.000000
vt 0.457627 1.000000
vt 0.451977 0.000000
vt 0.463277 1.000000
vt 0.457627 0.000000
vt 0.468927 1.000000
vt 0.463277 0.000000
vt 0.474576 1.000000
vt 0.468927 0.000000
vt 0.480226 1.000000
vt 0.474576 0.000000
vt 0.485876 1.000000
vt 0.480226 0.000000
vt 0.491525 1.000000
vt 0.485876 0.000000
vt 0.497175 1.000000
vt 0.491525 0.000000
vt 0.502825 1.000000
vt 0.497175 0.000000
vt 0.508475 1.000000
vt 0.502825 0.000000
vt 0.514124 1.000000
vt 0.508475 0.000000
vt 0.519774 1.000000
vt 0.514124 0.000000
vt 0.525424 1.000000
vt 0.519774 0.000000
vt 0.531073 1.000000
vt 0.525424 0.000000
vt 0.536723 1.000000
vt 0.531073 0.000000
vt 0.542373 1.000000
vt 0.536723 0.000000
vt 0.548023 1.000000
vt 0.542373 0.000000
vt 0.553672 1.000000
vt 0.548023 0.000000
vt 0.559322 1.000000
vt 0.553672 0.000000
vt 0.564972 1.000000
vt 0.559322 0.000000
vt 0.570621 1.000000
vt 0.564972 0.000000
vt 0.576271 1.000000
vt 0.570621 0.000000
vt 0.581921 1.000000
vt 0.576271 0.000000
vt 0.587571 1.000000
vt 0.581921 0.000000
vt 0.593220 1.000000
vt 0.587571 0.000000
vt 0.598870 1.000000
vt 0.593220 0.000000
vt 0.604520 1.000000
vt 0.598870 0.000000
vt 0.610169 1.000000
vt 0.604520 0.000000
vt 0.615819 1.000000
vt 0.610169 0.000000
vt 0.621469 1.000000
vt 0.615819 0.000000
vt 0.627119 1.000000
vt 0.621469 0.000000
vt 0.632768 1.000000
vt 0.627119 0.000000
vt 0.638418 1.000000
vt 0.632768 0.000000
vt 0.644068 1.000000
vt 0.638418 0.000000
vt 0.649718 1.000000
vt 0.644068 0.000000
vt 0.655367 1.000000
vt 0.649718 0.000000
vt 0.661017 1.000000
vt 0.655367 0.000000
vt 0.666667 1.000000
vt 0.661017 0.000000
vt 0.672316 1.000000
vt 0.677966 1.000000
vt 0.672316 0.000000
vt 0.683616 1.000000
vt 0.677966 0.000000
vt 0.689266 1.000000
vt 0.683616 0.000000
vt 0.694915 1.000000
vt 0.689266 0.000000
vt 0.700565 1.000000
vt 0.694915 0.000000
vt 0.706215 1.000000
vt 0.700565 0.000000
vt 0.711864 1.000000
vt 0.706215 0.000000
vt 0.717514 1.000000
vt 0.711864 0.000000
vt 0.723164 1.000000
vt 0.717514 0.000000
vt 0.728814 1.000000
vt 0.723164 0.000000
vt 0.734463 1.000000
vt 0.728814 0.000000
vt 0.740113 1.000000
vt 0.734463 0.000000
vt 0.745763 1.000000
vt 0.740113 0.000000
vt 0.751412 1.000000
vt 0.745763 0.000000
vt 0.757062 1.000000
vt 0.751412 0.000000
vt 0.762712 1.000000
vt 0.757062 0.000000
vt 0.768362 1.000000
vt 0.762712 0.000000
vt 0.774011 1.000000
vt 0.768362 0.000000
vt 0.779661 1.000000
vt 0.774011 0.000000
vt 0.785311 1.000000
vt 0.779661 0.000000
vt 0.790960 1.000000
vt 0.785311 0.000000
vt 0.796610 1.000000
vt 0.790960 0.000000
vt 0.802260 1.000000
vt 0.796610 0.000000
vt 0.807910 1.000000
vt 0.802260 0.000000
vt 0.813559 1.000000
vt 0.807910 0.000000
vt 0.819209 1.000000
vt 0.813559 0.000000
vt 0.824859 1.000000
vt 0.819209 0.000000
vt 0.830508 1.000000
vt 0.824859 0.000000
vt 0.836158 1.000000
vt 0.830508 0.000000
vt 0.841808 1.000000
vt 0.836158 0.000000
vt 0.847458 1.000000
vt 0.841808 0.000000
vt 0.853107 1.000000
vt 0.847458 0.000000
vt 0.858757 1.000000
vt 0.853107 0.000000
vt 0.864407 1.000000
vt 0.858757 0.000000
vt 0.870057 1.000000
vt 0.864407 0.000000
vt 0.875706 1.000000
vt 0.870057 0.000000
vt 0.881356 1.000000
vt 0.875706 0.000000
vt 0.887006 1.000000
vt 0.881356 0.000000
vt 0.892655 1.000000
vt 0.887006 0.000000
vt 0.898305 1.000000
vt 0.892655 0.000000
vt 0.903955 1.000000
vt 0.898305 0.000000
vt 0.909605 1.000000
vt 0.903955 0.000000
vt 0.915254 1.000000
vt 0.909605 0.000000
vt 0.920904 1.000000
vt 0.915254 0.000000
vt 0.926554 1.000000
vt 0.920904 0.000000
vt 0.932203 1.000000
vt 0.926554 0.000000
vt 0.937853 1.000000
vt 0.932203 0.000000
vt 0.943503 1.000000
vt 0.937853 0.000000
vt 0.949153 1.000000
vt 0.943503 0.000000
vt 0.954802 1.000000
vt 0.949153 0.000000
vt 0.960452 1.000000
vt 0.954802 0.000000
vt 0.966102 1.000000
vt 0.960452 0.000000
vt 0.971751 1.000000
vt 0.966102 0.000000
vt 0.977401 1.000000
vt 0.971751 0.000000
vt 0.983051 1.000000
vt 0.977401 0.000000
vt 0.988701 1.000000
vt 0.983051 0.000000
vt 0.994350 1.000000
vt 0.988701 0.000000
vt 0.994350 0.000000
vt 0.011236 1.000000
vt 0.022472 1.000000
vt 0.011236 0.000000
vt 0.033708 1.000000
vt 0.022472 0.000000
vt 0.044944 1.000000
vt 0.033708 0.000000
vt 0.056180 1.000000
vt 0.044944 0.000000
vt 0.067416 1.000000
vt 0.056180 0.000000
vt 0.078652 1.000000
vt 0.067416 0.000000
vt 0.089888 1.000000
vt 0.078652 0.000000
vt 0.101124 1.000000
vt 0.089888 0.000000
vt 0.112360 1.000000
vt 0.101124 0.000000
vt 0.123596 1.000000
vt 0.112360 0.000000
vt 0.134831 1.000000
vt 0.123596 0.000000
vt 0.146067 1.000000
vt 0.134831 0.000000
vt 0.157303 1.000000
vt 0.146067 0.000000
vt 0.168539 1.000000
vt 0.157303 0.000000
vt 0.179775 1.000000
vt 0.168539 0.000000
vt 0.191011 1.000000
vt 0.179775 0.000000
vt 0.202247 1.000000
vt 0.191011 0.000000
vt 0.213483 1.000000
vt 0.202247 0.000000
vt 0.224719 1.000000
vt 0.213483 0.000000
vt 0.235955 1.000000
vt 0.224719 0.000000
vt 0.247191 1.000000
vt 0.235955 0.000000
vt 0.258427 1.000000
vt 0.247191 0.000000
vt 0.269663 1.000000
vt 0.258427 0.000000
vt 0.280899 1.000000
vt 0.269663 0.000000
vt 0.292135 1.000000
vt 0.280899 0.000000
vt 0.303371 1.000000
vt 0.292135 0.000000
vt 0.314607 1.000000
vt 0.303371 0.000000
vt 0.325843 1.000000
vt 0.314607 0.000000
vt 0.337079 1.000000
vt 0.325843 0.000000
vt 0.348315 1.000000
vt 0.337079 0.000000
vt 0.359551 1.000000
vt 0.348315 0.000000
vt 0.370787 1.000000
vt 0.359551 0.000000
vt 0.382022 1.000000
vt 0.370787 0.000000
vt 0.393258 1.000000
vt 0.382022 0.000000
vt 0.404494 1.000000
vt 0.393258 0.000000
vt 0.415730 1.000000
vt 0.404494 0.000000
vt 0.426966 1.000000
vt 0.415730 0.000000
vt 0.438202 1.000000
vt 0.426966 0.000000
vt 0.449438 1.000000
vt 0.438202 0.000000
vt 0.460674 1.000000
vt 0.449438 0.000000
vt 0.471910 1.000000
vt 0.460674 0.000000
vt 0.483146 1.000000
vt 0.471910 0.000000
vt 0.494382 1.000000
vt 0.483146 0.000000
vt 0.505618 1.000000
vt 0.494382 0.000000
vt 0.516854 1.000000
vt 0.505618 0.000000
vt 0.528090 1.000000
vt 0.516854 0.000000
vt 0.539326 1.000000
vt 0.528090 0.000000
vt 0.550562 1.000000
vt 0.539326 0.000000
vt 0.561798 1.000000
vt 0.550562 0.000000
vt 0.573034 1.000000
vt 0.561798 0.000000
vt 0.584270 1.000000
vt 0.573034 0.000000
vt 0.595506 1.000000
vt 0.584270 0.000000
vt 0.606742 1.000000
vt 0.595506 0.000000
vt 0.617977 1.000000
vt 0.606742 0.000000
vt 0.629214 1.000000
vt 0.617977 0.000000
vt 0.640449 1.000000
vt 0.629214 0.000000
vt 0.651685 1.000000
vt 0.640449 0.000000
vt 0.662921 1.000000
vt 0.651685 0.000000
vt 0.674157 1.000000
vt 0.662921 0.000000
vt 0.685393 1.000000
vt 0.674157 0.000000
vt 0.696629 1.000000
vt 0.685393 0.000000
vt 0.707865 1.000000
vt 0.696629 0.000000
vt 0.719101 1.000000
vt 0.707865 0.000000
vt 0.730337 1.000000
vt 0.719101 0.000000
vt 0.741573 1.000000
vt 0.730337 0.000000
vt 0.752809 1.000000
vt 0.741573 0.000000
vt 0.764045 1.000000
vt 0.752809 0.000000
vt 0.775281 1.000000
vt 0.764045 0.000000
vt 0.786517 1.000000
vt 0.775281 0.000000
vt 0.797753 1.000000
vt 0.786517 0.000000
vt 0.808989 1.000000
vt 0.797753 0.000000
vt 0.820225 1.000000
vt 0.808989 0.000000
vt 0.831461 1.000000
vt 0.820225 0.000000
vt 0.842697 1.000000
vt 0.831461 0.000000
vt 0.853933 1.000000
vt 0.842697 0.000000
vt 0.865169 1.000000
vt 0.853933 0.000000
vt 0.876405 1.000000
vt 0.865169 0.000000
vt 0.887640 1.000000
vt 0.876405 0.000000
vt 0.898876 1.000000
vt 0.887640 0.000000
vt 0.910112 1.000000
vt 0.898876 0.000000
vt 0.921348 1.000000
vt 0.910112 0.000000
vt 0.932584 1.000000
vt 0.921348 0.000000
vt 0.943820 1.000000
vt 0.932584 0.000000
vt 0.955056 1.000000
vt 0.943820 0.000000
vt 0.966292 1.000000
vt 0.955056 0.000000
vt 0.977528 1.000000
vt 0.966292 0.000000
vt 0.988764 1.000000
vt 0.977528 0.000000
vt 0.988764 0.000000
s 0
usemtl マテリアル
f 11/1/1 13/2/1 12/3/1
f 11/1/1 14/4/1 13/2/1
f 11/1/1 15/5/1 14/4/1
f 10/6/1 15/5/1 11/1/1
f 10/6/1 16/7/1 15/5/1
f 9/8/1 16/7/1 10/6/1
f 9/8/1 17/9/1 16/7/1
f 8/10/1 17/9/1 9/8/1
f 8/10/1 18/11/1 17/9/1
f 7/12/1 18/11/1 8/10/1
f 7/12/1 19/13/1 18/11/1
f 6/14/1 19/13/1 7/12/1
f 6/14/1 20/15/1 19/13/1
f 5/16/1 20/15/1 6/14/1
f 5/16/1 21/17/1 20/15/1
f 4/18/1 21/17/1 5/16/1
f 4/18/1 22/19/1 21/17/1
f 3/20/1 22/19/1 4/18/1
f 3/20/1 23/21/1 22/19/1
f 2/22/1 23/21/1 3/20/1
f 2/22/1 24/23/1 23/21/1
f 1/24/1 24/23/1 2/22/1
f 1/24/1 25/25/1 24/23/1
f 89/26/1 25/25/1 1/24/1
f 88/27/1 25/25/1 89/26/1
f 88/27/1 26/28/1 25/25/1
f 87/29/1 26/28/1 88/27/1
f 86/30/1 26/28/1 87/29/1
f 85/31/1 26/28/1 86/30/1
f 85/31/1 27/32/1 26/28/1
f 85/31/1 28/33/1 27/32/1
f 84/34/1 28/33/1 85/31/1
f 84/34/1 29/35/1 28/33/1
f 84/34/1 30/36/1 29/35/1
f 84/34/1 31/37/1 30/36/1
f 84/34/1 32/38/1 31/37/1
f 83/39/1 51/40/1 84/34/1
f 51/40/1 32/38/1 84/34/1
f 51/40/1 33/41/1 32/38/1
f 83/39/1 52/42/1 51/40/1
f 50/43/1 33/41/1 51/40/1
f 50/43/1 34/44/1 33/41/1
f 49/45/1 34/44/1 50/43/1
f 49/45/1 35/46/1 34/44/1
f 48/47/1 35/46/1 49/45/1
f 47/48/1 35/46/1 48/47/1
f 47/48/1 36/49/1 35/46/1
f 46/50/1 36/49/1 47/48/1
f 46/50/1 37/51/1 36/49/1
f 82/52/1 52/42/1 83/39/1
f 45/53/1 37/51/1 46/50/1
f 45/53/1 38/54/1 37/51/1
f 44/55/1 38/54/1 45/53/1
f 44/55/1 43/56/1 38/54/1
f 43/56/1 42/57/1 38/54/1
f 42/57/1 41/58/1 38/54/1
f 41/58/1 40/59/1 38/54/1
f 40/59/1 39/60/1 38/54/1
f 81/61/1 52/42/1 82/52/1
f 80/62/1 52/42/1 81/61/1
f 79/63/1 52/42/1 80/62/1
f 78/64/1 52/42/1 79/63/1
f 77/65/1 52/42/1 78/64/1
f 76/66/1 52/42/1 77/65/1
f 76/66/1 53/67/1 52/42/1
f 76/66/1 54/68/1 53/67/1
f 75/69/1 54/68/1 76/66/1
f 75/69/1 55/70/1 54/68/1
f 74/71/1 55/70/1 75/69/1
f 74/71/1 56/72/1 55/70/1
f 73/73/1 56/72/1 74/71/1
f 73/73/1 57/74/1 56/72/1
f 72/75/1 57/74/1 73/73/1
f 72/75/1 58/76/1 57/74/1
f 71/77/1 58/76/1 72/75/1
f 71/77/1 59/78/1 58/76/1
f 70/79/1 59/78/1 71/77/1
f 70/79/1 60/80/1 59/78/1
f 69/81/1 60/80/1 70/79/1
f 69/81/1 61/82/1 60/80/1
f 68/83/1 61/82/1 69/81/1
f 68/83/1 62/84/1 61/82/1
f 67/85/1 62/84/1 68/83/1
f 67/85/1 63/86/1 62/84/1
f 66/87/1 63/86/1 67/85/1
f 66/87/1 64/88/1 63/86/1
f 65/89/1 64/88/1 66/87/1
f 150/90/1 152/91/1 151/92/1
f 112/93/1 114/94/1 113/95/1
f 111/96/1 114/94/1 112/93/1
f 150/90/1 153/97/1 152/91/1
f 110/98/1 114/94/1 111/96/1
f 150/90/1 154/99/1 153/97/1
f 109/100/1 114/94/1 110/98/1
f 150/90/1 155/101/1 154/99/1
f 108/102/1 114/94/1 109/100/1
f 150/90/1 156/103/1 155/101/1
f 107/104/1 114/94/1 108/102/1
f 150/90/1 157/105/1 156/103/1
f 106/106/1 114/94/1 107/104/1
f 150/90/1 158/107/1 157/105/1
f 105/108/1 114/94/1 106/106/1
f 150/90/1 159/109/1 158/107/1
f 104/110/1 114/94/1 105/108/1
f 150/90/1 160/111/1 159/109/1
f 103/112/1 114/94/1 104/110/1
f 150/90/1 161/113/1 160/111/1
f 102/114/1 114/94/1 103/112/1
f 150/90/1 162/115/1 161/113/1
f 101/116/1 114/94/1 102/114/1
f 150/90/1 163/26/1 162/115/1
f 150/90/1 90/24/1 163/26/1
f 150/90/1 91/117/1 90/24/1
f 150/90/1 92/118/1 91/117/1
f 150/90/1 93/119/1 92/118/1
f 150/90/1 94/120/1 93/119/1
f 150/90/1 95/121/1 94/120/1
f 150/90/1 96/122/1 95/121/1
f 150/90/1 97/123/1 96/122/1
f 150/90/1 98/124/1 97/123/1
f 150/90/1 99/125/1 98/124/1
f 150/90/1 100/126/1 99/125/1
f 150/90/1 101/116/1 100/126/1
f 150/90/1 149/127/1 101/116/1
f 149/127/1 148/128/1 101/116/1
f 148/128/1 147/129/1 101/116/1
f 147/129/1 146/130/1 101/116/1
f 146/130/1 145/131/1 101/116/1
f 145/131/1 144/132/1 101/116/1
f 144/132/1 143/133/1 101/116/1
f 143/133/1 142/134/1 101/116/1
f 142/134/1 141/135/1 101/116/1
f 141/135/1 140/136/1 101/116/1
f 140/136/1 139/137/1 101/116/1
f 139/137/1 138/138/1 101/116/1
f 138/138/1 137/139/1 101/116/1
f 137/139/1 136/140/1 101/116/1
f 136/140/1 135/141/1 101/116/1
f 135/141/1 134/142/1 101/116/1
f 134/142/1 133/143/1 101/116/1
f 133/143/1 132/144/1 101/116/1
f 132/144/1 130/145/1 101/116/1
f 130/145/1 127/146/1 101/116/1
f 127/146/1 126/147/1 101/116/1
f 126/147/1 125/148/1 101/116/1
f 125/148/1 124/149/1 101/116/1
f 124/149/1 123/150/1 101/116/1
f 123/150/1 122/151/1 101/116/1
f 122/151/1 121/152/1 101/116/1
f 121/152/1 120/153/1 101/116/1
f 120/153/1 119/154/1 101/116/1
f 119/154/1 114/94/1 101/116/1
f 131/155/1 130/145/1 132/144/1
f 129/156/1 127/146/1 130/145/1
f 128/157/1 127/146/1 129/156/1
f 118/158/1 114/94/1 119/154/1
f 117/159/1 114/94/1 118/158/1
f 116/160/1 114/94/1 117/159/1
f 115/161/1 114/94/1 116/160/1
f 326/52/1 328/39/1 327/162/1
f 325/163/1 328/39/1 326/52/1
f 324/61/1 328/39/1 325/163/1
f 323/164/1 328/39/1 324/61/1
f 322/62/1 328/39/1 323/164/1
f 322/62/1 329/165/1 328/39/1
f 321/166/1 329/165/1 322/62/1
f 321/166/1 330/34/1 329/165/1
f 320/63/1 330/34/1 321/166/1
f 320/63/1 331/167/1 330/34/1
f 319/168/1 331/167/1 320/63/1
f 319/168/1 332/31/1 331/167/1
f 318/64/1 332/31/1 319/168/1
f 318/64/1 333/169/1 332/31/1
f 317/170/1 333/169/1 318/64/1
f 317/170/1 334/30/1 333/169/1
f 316/65/1 334/30/1 317/170/1
f 316/65/1 335/171/1 334/30/1
f 315/172/1 335/171/1 316/65/1
f 315/172/1 336/29/1 335/171/1
f 314/66/1 336/29/1 315/172/1
f 314/66/1 337/173/1 336/29/1
f 314/66/1 338/27/1 337/173/1
f 314/66/1 339/174/1 338/27/1
f 314/66/1 340/26/1 339/174/1
f 313/175/1 340/26/1 314/66/1
f 313/175/1 164/24/1 340/26/1
f 312/69/1 164/24/1 313/175/1
f 176/12/1 178/10/1 177/176/1
f 175/177/1 178/10/1 176/12/1
f 174/14/1 178/10/1 175/177/1
f 173/178/1 178/10/1 174/14/1
f 172/16/1 178/10/1 173/178/1
f 171/179/1 178/10/1 172/16/1
f 170/18/1 178/10/1 171/179/1
f 169/180/1 178/10/1 170/18/1
f 168/20/1 178/10/1 169/180/1
f 167/181/1 178/10/1 168/20/1
f 166/22/1 178/10/1 167/181/1
f 165/182/1 178/10/1 166/22/1
f 312/69/1 165/182/1 164/24/1
f 312/69/1 178/10/1 165/182/1
f 311/183/1 178/10/1 312/69/1
f 311/183/1 179/184/1 178/10/1
f 311/183/1 180/8/1 179/184/1
f 311/183/1 181/185/1 180/8/1
f 311/183/1 182/6/1 181/185/1
f 310/71/1 182/6/1 311/183/1
f 310/71/1 183/186/1 182/6/1
f 310/71/1 184/1/1 183/186/1
f 310/71/1 185/187/1 184/1/1
f 310/71/1 290/88/1 185/187/1
f 290/88/1 186/3/1 185/187/1
f 290/88/1 187/188/1 186/3/1
f 290/88/1 289/189/1 187/188/1
f 289/189/1 188/2/1 187/188/1
f 310/71/1 291/190/1 290/88/1
f 288/86/1 188/2/1 289/189/1
f 309/191/1 291/190/1 310/71/1
f 288/86/1 189/192/1 188/2/1
f 288/86/1 190/4/1 189/192/1
f 288/86/1 191/193/1 190/4/1
f 287/194/1 191/193/1 288/86/1
f 309/191/1 292/89/1 291/190/1
f 308/73/1 292/89/1 309/191/1
f 287/194/1 192/5/1 191/193/1
f 286/84/1 192/5/1 287/194/1
f 308/73/1 293/195/1 292/89/1
f 286/84/1 193/196/1 192/5/1
f 307/197/1 293/195/1 308/73/1
f 285/198/1 193/196/1 286/84/1
f 307/197/1 294/87/1 293/195/1
f 285/198/1 194/7/1 193/196/1
f 284/82/1 194/7/1 285/198/1
f 307/197/1 295/199/1 294/87/1
f 306/75/1 295/199/1 307/197/1
f 284/82/1 195/200/1 194/7/1
f 283/201/1 195/200/1 284/82/1
f 306/75/1 296/85/1 295/199/1
f 305/202/1 296/85/1 306/75/1
f 282/80/1 195/200/1 283/201/1
f 305/202/1 297/203/1 296/85/1
f 282/80/1 196/9/1 195/200/1
f 264/40/1 266/42/1 265/204/1
f 264/40/1 267/205/1 266/42/1
f 304/77/1 297/203/1 305/202/1
f 304/77/1 298/83/1 297/203/1
f 281/206/1 196/9/1 282/80/1
f 264/40/1 268/67/1 267/205/1
f 281/206/1 197/207/1 196/9/1
f 264/40/1 269/208/1 268/67/1
f 304/77/1 299/209/1 298/83/1
f 264/40/1 270/68/1 269/208/1
f 280/78/1 197/207/1 281/206/1
f 303/210/1 299/209/1 304/77/1
f 280/78/1 198/11/1 197/207/1
f 264/40/1 271/211/1 270/68/1
f 263/212/1 271/211/1 264/40/1
f 303/210/1 300/81/1 299/209/1
f 263/212/1 272/70/1 271/211/1
f 262/43/1 272/70/1 263/212/1
f 279/213/1 198/11/1 280/78/1
f 302/79/1 300/81/1 303/210/1
f 262/43/1 273/214/1 272/70/1
f 261/215/1 273/214/1 262/43/1
f 279/213/1 199/216/1 198/11/1
f 302/79/1 301/217/1 300/81/1
f 261/215/1 274/72/1 273/214/1
f 260/45/1 274/72/1 261/215/1
f 278/76/1 199/216/1 279/213/1
f 259/218/1 274/72/1 260/45/1
f 259/218/1 275/219/1 274/72/1
f 278/76/1 200/13/1 199/216/1
f 258/47/1 275/219/1 259/218/1
f 258/47/1 276/74/1 275/219/1
f 277/220/1 200/13/1 278/76/1
f 257/221/1 276/74/1 258/47/1
f 257/221/1 277/220/1 276/74/1
f 277/220/1 201/222/1 200/13/1
f 256/48/1 277/220/1 257/221/1
f 256/48/1 201/222/1 277/220/1
f 255/223/1 201/222/1 256/48/1
f 255/223/1 202/15/1 201/222/1
f 254/50/1 202/15/1 255/223/1
f 253/224/1 202/15/1 254/50/1
f 253/224/1 203/225/1 202/15/1
f 252/53/1 203/225/1 253/224/1
f 252/53/1 204/17/1 203/225/1
f 252/53/1 205/226/1 204/17/1
f 251/227/1 205/226/1 252/53/1
f 251/227/1 206/19/1 205/226/1
f 251/227/1 207/228/1 206/19/1
f 251/227/1 208/21/1 207/228/1
f 250/55/1 208/21/1 251/227/1
f 250/55/1 209/229/1 208/21/1
f 250/55/1 210/23/1 209/229/1
f 250/55/1 227/230/1 210/23/1
f 227/230/1 211/231/1 210/23/1
f 249/232/1 227/230/1 250/55/1
f 249/232/1 228/41/1 227/230/1
f 226/38/1 211/231/1 227/230/1
f 226/38/1 212/25/1 211/231/1
f 225/233/1 212/25/1 226/38/1
f 225/233/1 213/234/1 212/25/1
f 225/233/1 214/28/1 213/234/1
f 224/37/1 214/28/1 225/233/1
f 224/37/1 223/235/1 214/28/1
f 223/235/1 222/36/1 214/28/1
f 222/36/1 221/236/1 214/28/1
f 221/236/1 220/35/1 214/28/1
f 220/35/1 219/237/1 214/28/1
f 219/237/1 218/33/1 214/28/1
f 218/33/1 217/238/1 214/28/1
f 217/238/1 216/32/1 214/28/1
f 216/32/1 215/239/1 214/28/1
f 248/56/1 228/41/1 249/232/1
f 248/56/1 229/240/1 228/41/1
f 247/241/1 229/240/1 248/56/1
f 247/241/1 230/44/1 229/240/1
f 246/57/1 230/44/1 247/241/1
f 246/57/1 231/242/1 230/44/1
f 245/243/1 231/242/1 246/57/1
f 245/243/1 232/46/1 231/242/1
f 244/58/1 232/46/1 245/243/1
f 244/58/1 233/244/1 232/46/1
f 243/245/1 233/244/1 244/58/1
f 243/245/1 234/49/1 233/244/1
f 242/59/1 234/49/1 243/245/1
f 242/59/1 235/246/1 234/49/1
f 241/247/1 235/246/1 242/59/1
f 240/60/1 235/246/1 241/247/1
f 240/60/1 236/51/1 235/246/1
f 239/248/1 236/51/1 240/60/1
f 239/248/1 237/249/1 236/51/1
f 239/248/1 238/54/1 237/249/1
f 474/250/1 476/251/1 475/252/1
f 473/253/1 476/251/1 474/250/1
f 438/254/1 440/255/1 439/256/1
f 472/257/1 476/251/1 473/253/1
f 438/254/1 441/258/1 440/255/1
f 438/254/1 442/259/1 441/258/1
f 471/260/1 476/251/1 472/257/1
f 438/254/1 443/261/1 442/259/1
f 470/262/1 476/251/1 471/260/1
f 438/254/1 444/263/1 443/261/1
f 438/254/1 445/264/1 444/263/1
f 469/265/1 476/251/1 470/262/1
f 438/254/1 446/266/1 445/264/1
f 468/267/1 476/251/1 469/265/1
f 438/254/1 447/268/1 446/266/1
f 467/269/1 476/251/1 468/267/1
f 438/254/1 448/270/1 447/268/1
f 466/271/1 476/251/1 467/269/1
f 438/254/1 449/272/1 448/270/1
f 465/273/1 476/251/1 466/271/1
f 438/254/1 450/274/1 449/272/1
f 464/275/1 476/251/1 465/273/1
f 438/254/1 451/276/1 450/274/1
f 463/277/1 476/251/1 464/275/1
f 438/254/1 452/278/1 451/276/1
f 438/254/1 453/279/1 452/278/1
f 438/254/1 454/280/1 453/279/1
f 438/254/1 455/281/1 454/280/1
f 438/254/1 456/282/1 455/281/1
f 438/254/1 457/283/1 456/282/1
f 438/254/1 458/284/1 457/283/1
f 438/254/1 459/285/1 458/284/1
f 438/254/1 460/286/1 459/285/1
f 438/254/1 461/287/1 460/286/1
f 438/254/1 462/288/1 461/287/1
f 438/254/1 463/277/1 462/288/1
f 438/254/1 476/251/1 463/277/1
f 438/254/1 437/289/1 476/251/1
f 437/289/1 477/290/1 476/251/1
f 437/289/1 478/291/1 477/290/1
f 437/289/2 436/292/2 478/291/2
f 436/292/1 479/293/1 478/291/1
f 436/292/2 435/294/2 479/293/2
f 435/294/1 480/295/1 479/293/1
f 435/294/1 434/296/1 480/295/1
f 434/296/1 433/297/1 480/295/1
f 433/297/1 481/298/1 480/295/1
f 433/297/1 432/299/1 481/298/1
f 432/299/1 482/300/1 481/298/1
f 432/299/1 431/301/1 482/300/1
f 431/301/1 430/302/1 482/300/1
f 430/302/1 483/303/1 482/300/1
f 430/302/1 429/304/1 483/303/1
f 429/304/1 484/305/1 483/303/1
f 429/304/1 428/306/1 484/305/1
f 428/306/1 485/307/1 484/305/1
f 428/306/1 486/308/1 485/307/1
f 428/306/1 427/309/1 486/308/1
f 427/309/1 487/310/1 486/308/1
f 427/309/1 488/26/1 487/310/1
f 427/309/1 426/311/1 488/26/1
f 426/311/1 424/312/1 488/26/1
f 424/312/1 423/313/1 488/26/1
f 423/313/1 422/314/1 488/26/1
f 422/314/1 421/315/1 488/26/1
f 421/315/1 420/316/1 488/26/1
f 420/316/1 419/317/1 488/26/1
f 419/317/1 417/318/1 488/26/1
f 417/318/1 416/319/1 488/26/1
f 416/319/1 415/320/1 488/26/1
f 415/320/1 414/321/1 488/26/1
f 414/321/1 341/24/1 488/26/1
f 425/322/1 424/312/1 426/311/1
f 418/323/1 417/318/1 419/317/1
f 413/324/1 341/24/1 414/321/1
f 413/324/1 342/325/1 341/24/1
f 412/326/1 342/325/1 413/324/1
f 412/326/1 343/327/1 342/325/1
f 411/328/1 343/327/1 412/326/1
f 411/328/1 344/329/1 343/327/1
f 410/330/1 344/329/1 411/328/1
f 410/330/1 345/331/1 344/329/1
f 409/332/1 345/331/1 410/330/1
f 409/332/1 346/333/1 345/331/1
f 408/334/1 346/333/1 409/332/1
f 408/334/1 347/335/1 346/333/1
f 407/336/1 347/335/1 408/334/1
f 407/336/1 348/337/1 347/335/1
f 406/338/1 348/337/1 407/336/1
f 405/339/1 348/337/1 406/338/1
f 405/339/1 349/340/1 348/337/1
f 404/341/1 349/340/1 405/339/1
f 404/341/1 350/342/1 349/340/1
f 403/343/1 350/342/1 404/341/1
f 403/343/1 351/344/1 350/342/1
f 402/345/1 351/344/1 403/343/1
f 402/345/1 352/346/1 351/344/1
f 401/347/1 352/346/1 402/345/1
f 401/347/1 353/348/1 352/346/1
f 400/349/1 353/348/1 401/347/1
f 400/349/1 354/350/1 353/348/1
f 399/351/1 354/350/1 400/349/1
f 399/351/1 377/352/1 354/350/1
f 377/352/1 355/353/1 354/350/1
f 399/351/1 378/354/1 377/352/1
f 376/355/1 355/353/1 377/352/1
f 376/355/1 356/356/1 355/353/1
f 398/357/1 378/354/1 399/351/1
f 375/358/1 356/356/1 376/355/1
f 398/357/1 379/359/1 378/354/1
f 375/358/1 357/360/1 356/356/1
f 397/361/1 379/359/1 398/357/1
f 374/362/1 357/360/1 375/358/1
f 397/361/1 380/363/1 379/359/1
f 374/362/1 358/364/1 357/360/1
f 396/365/1 380/363/1 397/361/1
f 373/366/1 358/364/1 374/362/1
f 396/365/1 381/367/1 380/363/1
f 373/366/1 359/368/1 358/364/1
f 395/369/1 381/367/1 396/365/1
f 372/370/1 359/368/1 373/366/1
f 395/369/1 382/371/1 381/367/1
f 372/370/1 360/372/1 359/368/1
f 394/373/1 382/371/1 395/369/1
f 371/374/1 360/372/1 372/370/1
f 394/373/1 383/375/1 382/371/1
f 371/374/1 361/376/1 360/372/1
f 393/377/1 383/375/1 394/373/1
f 370/378/1 361/376/1 371/374/1
f 393/377/1 384/379/1 383/375/1
f 392/380/1 384/379/1 393/377/1
f 370/378/1 362/381/1 361/376/1
f 369/382/1 362/381/1 370/378/1
f 392/380/1 385/383/1 384/379/1
f 391/384/1 385/383/1 392/380/1
f 369/382/1 363/385/1 362/381/1
f 368/386/1 363/385/1 369/382/1
f 390/387/1 385/383/1 391/384/1
f 390/387/1 386/388/1 385/383/1
f 368/386/1 364/389/1 363/385/1
f 389/390/1 386/388/1 390/387/1
f 367/391/1 364/389/1 368/386/1
f 389/390/1 387/392/1 386/388/1
f 367/391/1 366/393/1 364/389/1
f 366/393/1 365/394/1 364/389/1
f 389/390/1 388/395/1 387/392/1
f 499/1/3 500/3/3 501/2/3
f 499/1/3 501/2/3 502/4/3
f 499/1/3 502/4/3 503/5/3
f 498/6/3 499/1/3 503/5/3
f 498/6/3 503/5/3 504/7/3
f 497/8/3 498/6/3 504/7/3
f 497/8/3 504/7/3 505/9/3
f 496/10/3 497/8/3 505/9/3
f 496/10/3 505/9/3 506/11/3
f 495/12/3 496/10/3 506/11/3
f 495/12/3 506/11/3 507/13/3
f 494/14/3 495/12/3 507/13/3
f 494/14/3 507/13/3 508/15/3
f 493/16/3 494/14/3 508/15/3
f 493/16/3 508/15/3 509/17/3
f 492/18/3 493/16/3 509/17/3
f 492/18/3 509/17/3 510/19/3
f 491/20/3 492/18/3 510/19/3
f 491/20/3 510/19/3 511/21/3
f 490/22/3 491/20/3 511/21/3
f 490/22/3 511/21/3 512/23/3
f 489/24/3 490/22/3 512/23/3
f 489/24/3 512/23/3 513/25/3
f 577/26/3 489/24/3 513/25/3
f 576/27/3 577/26/3 513/25/3
f 576/27/3 513/25/3 514/28/3
f 575/29/3 576/27/3 514/28/3
f 574/30/3 575/29/3 514/28/3
f 573/31/3 574/30/3 514/28/3
f 573/31/3 514/28/3 515/32/3
f 573/31/3 515/32/3 516/33/3
f 572/34/3 573/31/3 516/33/3
f 572/34/3 516/33/3 517/35/3
f 572/34/3 517/35/3 518/36/3
f 572/34/3 518/36/3 519/37/3
f 572/34/3 519/37/3 520/38/3
f 571/39/3 572/34/3 539/40/3
f 539/40/3 572/34/3 520/38/3
f 539/40/3 520/38/3 521/41/3
f 571/39/3 539/40/3 540/42/3
f 538/43/3 539/40/3 521/41/3
f 538/43/3 521/41/3 522/44/3
f 537/45/3 538/43/3 522/44/3
f 537/45/3 522/44/3 523/46/3
f 536/47/3 537/45/3 523/46/3
f 535/48/3 536/47/3 523/46/3
f 535/48/3 523/46/3 524/49/3
f 534/50/3 535/48/3 524/49/3
f 534/50/3 524/49/3 525/51/3
f 570/52/3 571/39/3 540/42/3
f 533/53/3 534/50/3 525/51/3
f 533/53/3 525/51/3 526/54/3
f 532/55/3 533/53/3 526/54/3
f 532/55/3 526/54/3 531/56/3
f 531/56/3 526/54/3 530/57/3
f 530/57/3 526/54/3 529/58/3
f 529/58/3 526/54/3 528/59/3
f 528/59/3 526/54/3 527/60/3
f 569/61/3 570/52/3 540/42/3
f 568/62/3 569/61/3 540/42/3
f 567/63/3 568/62/3 540/42/3
f 566/64/3 567/63/3 540/42/3
f 565/65/3 566/64/3 540/42/3
f 564/66/3 565/65/3 540/42/3
f 564/66/3 540/42/3 541/67/3
f 564/66/3 541/67/3 542/68/3
f 563/69/3 564/66/3 542/68/3
f 563/69/3 542/68/3 543/70/3
f 562/71/3 563/69/3 543/70/3
f 562/71/3 543/70/3 544/72/3
f 561/73/3 562/71/3 544/72/3
f 561/73/3 544/72/3 545/74/3
f 560/75/3 561/73/3 545/74/3
f 560/75/3 545/74/3 546/76/3
f 559/77/3 560/75/3 546/76/3
f 559/77/3 546/76/3 547/78/3
f 558/79/3 559/77/3 547/78/3
f 558/79/3 547/78/3 548/80/3
f 557/81/3 558/79/3 548/80/3
f 557/81/3 548/80/3 549/82/3
f 556/83/3 557/81/3 549/82/3
f 556/83/3 549/82/3 550/84/3
f 555/85/3 556/83/3 550/84/3
f 555/85/3 550/84/3 551/86/3
f 554/87/3 555/85/3 551/86/3
f 554/87/3 551/86/3 552/88/3
f 553/89/3 554/87/3 552/88/3
f 638/90/3 639/92/3 640/91/3
f 600/93/3 601/95/3 602/94/3
f 599/96/3 600/93/3 602/94/3
f 638/90/3 640/91/3 641/97/3
f 598/98/3 599/96/3 602/94/3
f 638/90/3 641/97/3 642/99/3
f 597/100/3 598/98/3 602/94/3
f 638/90/3 642/99/3 643/101/3
f 596/102/3 597/100/3 602/94/3
f 638/90/3 643/101/3 644/103/3
f 595/104/3 596/102/3 602/94/3
f 638/90/3 644/103/3 645/105/3
f 594/106/3 595/104/3 602/94/3
f 638/90/3 645/105/3 646/107/3
f 593/108/3 594/106/3 602/94/3
f 638/90/3 646/107/3 647/109/3
f 592/110/3 593/108/3 602/94/3
f 638/90/3 647/109/3 648/111/3
f 591/112/3 592/110/3 602/94/3
f 638/90/3 648/111/3 649/113/3
f 590/114/3 591/112/3 602/94/3
f 638/90/3 649/113/3 650/115/3
f 589/116/3 590/114/3 602/94/3
f 638/90/3 650/115/3 651/26/3
f 638/90/3 651/26/3 578/24/3
f 638/90/3 578/24/3 579/117/3
f 638/90/3 579/117/3 580/118/3
f 638/90/3 580/118/3 581/119/3
f 638/90/3 581/119/3 582/120/3
f 638/90/3 582/120/3 583/121/3
f 638/90/3 583/121/3 584/122/3
f 638/90/3 584/122/3 585/123/3
f 638/90/3 585/123/3 586/124/3
f 638/90/3 586/124/3 587/125/3
f 638/90/3 587/125/3 588/126/3
f 638/90/3 588/126/3 589/116/3
f 638/90/3 589/116/3 637/127/3
f 637/127/3 589/116/3 636/128/3
f 636/128/3 589/116/3 635/129/3
f 635/129/3 589/116/3 634/130/3
f 634/130/3 589/116/3 633/131/3
f 633/131/3 589/116/3 632/132/3
f 632/132/3 589/116/3 631/133/3
f 631/133/3 589/116/3 630/134/3
f 630/134/3 589/116/3 629/135/3
f 629/135/3 589/116/3 628/136/3
f 628/136/3 589/116/3 627/137/3
f 627/137/3 589/116/3 626/138/3
f 626/138/3 589/116/3 625/139/3
f 625/139/3 589/116/3 624/140/3
f 624/140/3 589/116/3 623/141/3
f 623/141/3 589/116/3 622/142/3
f 622/142/3 589/116/3 621/143/3
f 621/143/3 589/116/3 620/144/3
f 620/144/3 589/116/3 618/145/3
f 618/145/3 589/116/3 615/146/3
f 615/146/3 589/116/3 614/147/3
f 614/147/3 589/116/3 613/148/3
f 613/148/3 589/116/3 612/149/3
f 612/149/3 589/116/3 611/150/3
f 611/150/3 589/116/3 610/151/3
f 610/151/3 589/116/3 609/152/3
f 609/152/3 589/116/3 608/153/3
f 608/153/3 589/116/3 607/154/3
f 607/154/3 589/116/3 602/94/3
f 619/155/1 620/144/1 618/145/1
f 617/156/1 618/145/1 615/146/1
f 616/157/1 617/156/1 615/146/1
f 606/158/3 607/154/3 602/94/3
f 605/159/3 606/158/3 602/94/3
f 604/160/3 605/159/3 602/94/3
f 603/161/3 604/160/3 602/94/3
f 814/52/3 815/162/3 816/39/3
f 813/163/3 814/52/3 816/39/3
f 812/61/3 813/163/3 816/39/3
f 811/164/3 812/61/3 816/39/3
f 810/62/3 811/164/3 816/39/3
f 810/62/3 816/39/3 817/165/3
f 809/166/3 810/62/3 817/165/3
f 809/166/3 817/165/3 818/34/3
f 808/63/3 809/166/3 818/34/3
f 808/63/3 818/34/3 819/167/3
f 807/168/3 808/63/3 819/167/3
f 807/168/3 819/167/3 820/31/3
f 806/64/3 807/168/3 820/31/3
f 806/64/3 820/31/3 821/169/3
f 805/170/3 806/64/3 821/169/3
f 805/170/3 821/169/3 822/30/3
f 804/65/3 805/170/3 822/30/3
f 804/65/3 822/30/3 823/171/3
f 803/172/3 804/65/3 823/171/3
f 803/172/3 823/171/3 824/29/3
f 802/66/3 803/172/3 824/29/3
f 802/66/3 824/29/3 825/173/3
f 802/66/3 825/173/3 826/27/3
f 802/66/3 826/27/3 827/174/3
f 802/66/3 827/174/3 828/26/3
f 801/175/3 802/66/3 828/26/3
f 801/175/3 828/26/3 652/24/3
f 800/69/3 801/175/3 652/24/3
f 664/12/3 665/176/3 666/10/3
f 663/177/3 664/12/3 666/10/3
f 662/14/3 663/177/3 666/10/3
f 661/178/3 662/14/3 666/10/3
f 660/16/3 661/178/3 666/10/3
f 659/179/3 660/16/3 666/10/3
f 658/18/3 659/179/3 666/10/3
f 657/180/3 658/18/3 666/10/3
f 656/20/3 657/180/3 666/10/3
f 655/181/3 656/20/3 666/10/3
f 654/22/3 655/181/3 666/10/3
f 653/182/3 654/22/3 666/10/3
f 800/69/3 652/24/3 653/182/3
f 800/69/3 653/182/3 666/10/3
f 799/183/3 800/69/3 666/10/3
f 799/183/3 666/10/3 667/184/3
f 799/183/3 667/184/3 668/8/3
f 799/183/3 668/8/3 669/185/3
f 799/183/3 669/185/3 670/6/3
f 798/71/3 799/183/3 670/6/3
f 798/71/3 670/6/3 671/186/3
f 798/71/3 671/186/3 672/1/3
f 798/71/3 672/1/3 673/187/3
f 798/71/3 673/187/3 778/88/3
f 778/88/3 673/187/3 674/3/3
f 778/88/3 674/3/3 675/188/3
f 778/88/3 675/188/3 777/189/3
f 777/189/3 675/188/3 676/2/3
f 798/71/3 778/88/3 779/190/3
f 776/86/3 777/189/3 676/2/3
f 797/191/3 798/71/3 779/190/3
f 776/86/3 676/2/3 677/192/3
f 776/86/3 677/192/3 678/4/3
f 776/86/3 678/4/3 679/193/3
f 775/194/3 776/86/3 679/193/3
f 797/191/3 779/190/3 780/89/3
f 796/73/3 797/191/3 780/89/3
f 775/194/3 679/193/3 680/5/3
f 774/84/3 775/194/3 680/5/3
f 796/73/3 780/89/3 781/195/3
f 774/84/3 680/5/3 681/196/3
f 795/197/3 796/73/3 781/195/3
f 773/198/3 774/84/3 681/196/3
f 795/197/3 781/195/3 782/87/3
f 773/198/3 681/196/3 682/7/3
f 772/82/3 773/198/3 682/7/3
f 795/197/3 782/87/3 783/199/3
f 794/75/3 795/197/3 783/199/3
f 772/82/3 682/7/3 683/200/3
f 771/201/3 772/82/3 683/200/3
f 794/75/3 783/199/3 784/85/3
f 793/202/3 794/75/3 784/85/3
f 770/80/3 771/201/3 683/200/3
f 793/202/3 784/85/3 785/203/3
f 770/80/3 683/200/3 684/9/3
f 752/40/3 753/204/3 754/42/3
f 752/40/3 754/42/3 755/205/3
f 792/77/3 793/202/3 785/203/3
f 792/77/3 785/203/3 786/83/3
f 769/206/3 770/80/3 684/9/3
f 752/40/3 755/205/3 756/67/3
f 769/206/3 684/9/3 685/207/3
f 752/40/3 756/67/3 757/208/3
f 792/77/3 786/83/3 787/209/3
f 752/40/3 757/208/3 758/68/3
f 768/78/3 769/206/3 685/207/3
f 791/210/3 792/77/3 787/209/3
f 768/78/3 685/207/3 686/11/3
f 752/40/3 758/68/3 759/211/3
f 751/212/3 752/40/3 759/211/3
f 791/210/3 787/209/3 788/81/3
f 751/212/3 759/211/3 760/70/3
f 750/43/3 751/212/3 760/70/3
f 767/213/3 768/78/3 686/11/3
f 790/79/3 791/210/3 788/81/3
f 750/43/3 760/70/3 761/214/3
f 749/215/3 750/43/3 761/214/3
f 767/213/3 686/11/3 687/216/3
f 790/79/3 788/81/3 789/217/3
f 749/215/3 761/214/3 762/72/3
f 748/45/3 749/215/3 762/72/3
f 766/76/3 767/213/3 687/216/3
f 747/218/3 748/45/3 762/72/3
f 747/218/3 762/72/3 763/219/3
f 766/76/3 687/216/3 688/13/3
f 746/47/3 747/218/3 763/219/3
f 746/47/3 763/219/3 764/74/3
f 765/220/3 766/76/3 688/13/3
f 745/221/3 746/47/3 764/74/3
f 745/221/3 764/74/3 765/220/3
f 765/220/3 688/13/3 689/222/3
f 744/48/3 745/221/3 765/220/3
f 744/48/3 765/220/3 689/222/3
f 743/223/3 744/48/3 689/222/3
f 743/223/3 689/222/3 690/15/3
f 742/50/3 743/223/3 690/15/3
f 741/224/3 742/50/3 690/15/3
f 741/224/3 690/15/3 691/225/3
f 740/53/3 741/224/3 691/225/3
f 740/53/3 691/225/3 692/17/3
f 740/53/3 692/17/3 693/226/3
f 739/227/3 740/53/3 693/226/3
f 739/227/3 693/226/3 694/19/3
f 739/227/3 694/19/3 695/228/3
f 739/227/3 695/228/3 696/21/3
f 738/55/3 739/227/3 696/21/3
f 738/55/3 696/21/3 697/229/3
f 738/55/3 697/229/3 698/23/3
f 738/55/3 698/23/3 715/230/3
f 715/230/3 698/23/3 699/231/3
f 737/232/3 738/55/3 715/230/3
f 737/232/3 715/230/3 716/41/3
f 714/38/3 715/230/3 699/231/3
f 714/38/3 699/231/3 700/25/3
f 713/233/3 714/38/3 700/25/3
f 713/233/3 700/25/3 701/234/3
f 713/233/3 701/234/3 702/28/3
f 712/37/3 713/233/3 702/28/3
f 712/37/3 702/28/3 711/235/3
f 711/235/3 702/28/3 710/36/3
f 710/36/3 702/28/3 709/236/3
f 709/236/3 702/28/3 708/35/3
f 708/35/3 702/28/3 707/237/3
f 707/237/3 702/28/3 706/33/3
f 706/33/3 702/28/3 705/238/3
f 705/238/3 702/28/3 704/32/3
f 704/32/3 702/28/3 703/239/3
f 736/56/3 737/232/3 716/41/3
f 736/56/3 716/41/3 717/240/3
f 735/241/3 736/56/3 717/240/3
f 735/241/3 717/240/3 718/44/3
f 734/57/3 735/241/3 718/44/3
f 734/57/3 718/44/3 719/242/3
f 733/243/3 734/57/3 719/242/3
f 733/243/3 719/242/3 720/46/3
f 732/58/3 733/243/3 720/46/3
f 732/58/3 720/46/3 721/244/3
f 731/245/3 732/58/3 721/244/3
f 731/245/3 721/244/3 722/49/3
f 730/59/3 731/245/3 722/49/3
f 730/59/3 722/49/3 723/246/3
f 729/247/3 730/59/3 723/246/3
f 728/60/3 729/247/3 723/246/3
f 728/60/3 723/246/3 724/51/3
f 727/248/3 728/60/3 724/51/3
f 727/248/3 724/51/3 725/249/3
f 727/248/3 725/249/3 726/54/3
f 962/250/3 963/252/3 964/251/3
f 961/253/3 962/250/3 964/251/3
f 926/254/3 927/256/3 928/255/3
f 960/257/3 961/253/3 964/251/3
f 926/254/3 928/255/3 929/258/3
f 926/254/3 929/258/3 930/259/3
f 959/260/3 960/257/3 964/251/3
f 926/254/3 930/259/3 931/261/3
f 958/262/3 959/260/3 964/251/3
f 926/254/3 931/261/3 932/263/3
f 926/254/3 932/263/3 933/264/3
f 957/265/3 958/262/3 964/251/3
f 926/254/3 933/264/3 934/266/3
f 956/267/3 957/265/3 964/251/3
f 926/254/3 934/266/3 935/268/3
f 955/269/3 956/267/3 964/251/3
f 926/254/3 935/268/3 936/270/3
f 954/271/3 955/269/3 964/251/3
f 926/254/3 936/270/3 937/272/3
f 953/273/3 954/271/3 964/251/3
f 926/254/3 937/272/3 938/274/3
f 952/275/3 953/273/3 964/251/3
f 926/254/3 938/274/3 939/276/3
f 951/277/3 952/275/3 964/251/3
f 926/254/3 939/276/3 940/278/3
f 926/254/3 940/278/3 941/279/3
f 926/254/3 941/279/3 942/280/3
f 926/254/3 942/280/3 943/281/3
f 926/254/3 943/281/3 944/282/3
f 926/254/3 944/282/3 945/283/3
f 926/254/3 945/283/3 946/284/3
f 926/254/3 946/284/3 947/285/3
f 926/254/3 947/285/3 948/286/3
f 926/254/3 948/286/3 949/287/3
f 926/254/3 949/287/3 950/288/3
f 926/254/3 950/288/3 951/277/3
f 926/254/3 951/277/3 964/251/3
f 926/254/3 964/251/3 925/289/3
f 925/289/3 964/251/3 965/290/3
f 925/289/3 965/290/3 966/291/3
f 925/289/4 966/291/4 924/292/4
f 924/292/3 966/291/3 967/293/3
f 924/292/4 967/293/4 923/294/4
f 923/294/3 967/293/3 968/295/3
f 923/294/3 968/295/3 922/296/3
f 922/296/3 968/295/3 921/297/3
f 921/297/3 968/295/3 969/298/3
f 921/297/3 969/298/3 920/299/3
f 920/299/3 969/298/3 970/300/3
f 920/299/3 970/300/3 919/301/3
f 919/301/3 970/300/3 918/302/3
f 918/302/3 970/300/3 971/303/3
f 918/302/3 971/303/3 917/304/3
f 917/304/3 971/303/3 972/305/3
f 917/304/3 972/305/3 916/306/3
f 916/306/3 972/305/3 973/307/3
f 916/306/3 973/307/3 974/308/3
f 916/306/3 974/308/3 915/309/3
f 915/309/3 974/308/3 975/310/3
f 915/309/3 975/310/3 976/26/3
f 915/309/3 976/26/3 914/311/3
f 914/311/3 976/26/3 912/312/3
f 912/312/3 976/26/3 911/313/3
f 911/313/3 976/26/3 910/314/3
f 910/314/3 976/26/3 909/315/3
f 909/315/3 976/26/3 908/316/3
f 908/316/3 976/26/3 907/317/3
f 907/317/3 976/26/3 905/318/3
f 905/318/3 976/26/3 904/319/3
f 904/319/3 976/26/3 903/320/3
f 903/320/3 976/26/3 902/321/3
f 902/321/3 976/26/3 829/24/3
f 913/322/1 914/311/1 912/312/1
f 906/323/1 907/317/1 905/318/1
f 901/324/3 902/321/3 829/24/3
f 901/324/3 829/24/3 830/325/3
f 900/326/3 901/324/3 830/325/3
f 900/326/3 830/325/3 831/327/3
f 899/328/3 900/326/3 831/327/3
f 899/328/3 831/327/3 832/329/3
f 898/330/3 899/328/3 832/329/3
f 898/330/3 832/329/3 833/331/3
f 897/332/3 898/330/3 833/331/3
f 897/332/3 833/331/3 834/333/3
f 896/334/3 897/332/3 834/333/3
f 896/334/3 834/333/3 835/335/3
f 895/336/3 896/334/3 835/335/3
f 895/336/3 835/335/3 836/337/3
f 894/338/3 895/336/3 836/337/3
f 893/339/3 894/338/3 836/337/3
f 893/339/3 836/337/3 837/340/3
f 892/341/3 893/339/3 837/340/3
f 892/341/3 837/340/3 838/342/3
f 891/343/3 892/341/3 838/342/3
f 891/343/3 838/342/3 839/344/3
f 890/345/3 891/343/3 839/344/3
f 890/345/3 839/344/3 840/346/3
f 889/347/3 890/345/3 840/346/3
f 889/347/3 840/346/3 841/348/3
f 888/349/3 889/347/3 841/348/3
f 888/349/3 841/348/3 842/350/3
f 887/351/3 888/349/3 842/350/3
f 887/351/3 842/350/3 865/352/3
f 865/352/3 842/350/3 843/353/3
f 887/351/3 865/352/3 866/354/3
f 864/355/3 865/352/3 843/353/3
f 864/355/3 843/353/3 844/356/3
f 886/357/3 887/351/3 866/354/3
f 863/358/3 864/355/3 844/356/3
f 886/357/3 866/354/3 867/359/3
f 863/358/3 844/356/3 845/360/3
f 885/361/3 886/357/3 867/359/3
f 862/362/3 863/358/3 845/360/3
f 885/361/3 867/359/3 868/363/3
f 862/362/3 845/360/3 846/364/3
f 884/365/3 885/361/3 868/363/3
f 861/366/3 862/362/3 846/364/3
f 884/365/3 868/363/3 869/367/3
f 861/366/3 846/364/3 847/368/3
f 883/369/3 884/365/3 869/367/3
f 860/370/3 861/366/3 847/368/3
f 883/369/3 869/367/3 870/371/3
f 860/370/3 847/368/3 848/372/3
f 882/373/3 883/369/3 870/371/3
f 859/374/3 860/370/3 848/372/3
f 882/373/3 870/371/3 871/375/3
f 859/374/3 848/372/3 849/376/3
f 881/377/3 882/373/3 871/375/3
f 858/378/3 859/374/3 849/376/3
f 881/377/3 871/375/3 872/379/3
f 880/380/3 881/377/3 872/379/3
f 858/378/3 849/376/3 850/381/3
f 857/382/3 858/378/3 850/381/3
f 880/380/3 872/379/3 873/383/3
f 879/384/3 880/380/3 873/383/3
f 857/382/3 850/381/3 851/385/3
f 856/386/3 857/382/3 851/385/3
f 878/387/3 879/384/3 873/383/3
f 878/387/3 873/383/3 874/388/3
f 856/386/3 851/385/3 852/389/3
f 877/390/3 878/387/3 874/388/3
f 855/391/3 856/386/3 852/389/3
f 877/390/3 874/388/3 875/392/3
f 855/391/3 852/389/3 854/393/3
f 854/393/3 852/389/3 853/394/3
f 877/390/3 875/392/3 876/395/3
s 1
f 980/396/5 977/24/6 978/397/6
f 982/398/7 979/399/5 980/396/5
f 984/400/8 981/401/7 982/398/7
f 986/402/9 983/403/8 984/400/8
f 988/404/10 985/405/9 986/402/9
f 990/406/11 987/407/10 988/404/10
f 992/408/12 989/409/11 990/406/11
f 994/410/13 991/411/12 992/408/12
f 996/412/14 993/413/13 994/410/13
f 998/414/15 995/415/14 996/412/14
f 1000/416/16 997/417/15 998/414/15
f 1002/418/17 999/419/16 1000/416/16
f 1004/420/18 1001/421/17 1002/418/17
f 1006/422/19 1003/423/18 1004/420/18
f 1008/424/20 1005/425/19 1006/422/19
f 1010/426/21 1007/427/20 1008/424/20
f 1012/428/22 1009/429/21 1010/426/21
f 1014/430/23 1011/431/22 1012/428/22
f 1016/432/24 1013/433/23 1014/430/23
f 1018/434/25 1015/435/24 1016/432/24
f 1020/436/26 1017/437/25 1018/434/25
f 1022/438/27 1019/439/26 1020/436/26
f 1024/440/28 1021/441/27 1022/438/27
f 1026/442/29 1023/443/28 1024/440/28
f 1028/444/30 1025/445/29 1026/442/29
f 1030/446/31 1027/447/30 1028/444/30
f 1032/448/32 1029/449/31 1030/446/31
f 1034/450/33 1031/451/32 1032/448/32
f 1036/452/34 1033/453/33 1034/450/33
f 1038/454/35 1035/455/34 1036/452/34
f 1040/456/36 1037/457/35 1038/454/35
f 1042/458/37 1039/459/36 1040/456/36
f 1044/460/38 1041/461/37 1042/458/37
f 1046/462/39 1043/463/38 1044/460/38
f 1048/464/40 1045/465/39 1046/462/39
f 1050/466/41 1047/467/40 1048/464/40
f 1052/468/42 1049/469/41 1050/466/41
f 1054/470/43 1051/21/42 1052/468/42
f 1056/471/44 1053/472/43 1054/470/43
f 1058/473/45 1055/474/44 1056/471/44
f 1060/475/46 1057/476/45 1058/473/45
f 1062/477/47 1059/478/46 1060/475/46
f 1064/479/48 1061/480/47 1062/477/47
f 1066/481/49 1063/482/48 1064/479/48
f 1068/483/50 1065/484/49 1066/481/49
f 1070/485/51 1067/486/50 1068/483/50
f 1072/487/52 1069/488/51 1070/485/51
f 1074/489/53 1071/490/52 1072/487/52
f 1076/491/54 1073/492/53 1074/489/53
f 1078/493/55 1075/494/54 1076/491/54
f 1080/495/56 1077/496/55 1078/493/55
f 1082/497/57 1079/498/56 1080/495/56
f 1084/499/58 1081/500/57 1082/497/57
f 1086/501/59 1083/502/58 1084/499/58
f 1088/503/60 1085/504/59 1086/501/59
f 1090/505/61 1087/506/60 1088/503/60
f 1092/507/62 1089/508/61 1090/505/61
f 1094/509/63 1091/510/62 1092/507/62
f 1096/511/64 1093/512/63 1094/509/63
f 1098/513/65 1095/514/64 1096/511/64
f 1100/515/66 1097/516/65 1098/513/65
f 1102/517/67 1099/518/66 1100/515/66
f 1104/519/68 1101/520/67 1102/517/67
f 1106/521/69 1103/522/68 1104/519/68
f 1108/523/70 1105/524/69 1106/521/69
f 1110/525/71 1107/526/70 1108/523/70
f 1112/527/72 1109/528/71 1110/525/71
f 1114/529/73 1111/530/72 1112/527/72
f 1116/531/74 1113/532/73 1114/529/73
f 1118/533/75 1115/534/74 1116/531/74
f 1120/535/76 1117/536/75 1118/533/75
f 1122/537/77 1119/538/76 1120/535/76
f 1124/539/78 1121/540/77 1122/537/77
f 1126/541/79 1123/542/80 1124/539/78
f 1128/543/79 1125/53/79 1126/541/79
f 1130/544/79 1127/545/79 1128/543/79
f 1132/546/79 1129/547/79 1130/544/79
f 1134/548/79 1131/549/79 1132/546/79
f 1136/550/79 1133/551/79 1134/548/79
f 1138/552/79 1135/553/79 1136/550/79
f 1140/554/79 1137/555/79 1138/552/79
f 1142/556/79 1139/557/79 1140/554/79
f 1144/558/79 1141/559/79 1142/556/79
f 1146/560/79 1143/561/79 1144/558/79
f 1148/562/81 1145/563/79 1146/560/79
f 1150/564/82 1147/565/81 1148/562/81
f 1152/566/83 1149/567/82 1150/564/82
f 1154/568/84 1151/569/83 1152/566/83
f 1156/570/85 1153/571/84 1154/568/84
f 1158/572/86 1155/573/85 1156/570/85
f 1160/574/87 1157/575/86 1158/572/86
f 1162/576/88 1159/577/87 1160/574/87
f 1164/578/89 1161/579/88 1162/576/88
f 1166/580/90 1163/581/89 1164/578/89
f 1168/582/91 1165/583/90 1166/580/90
f 1170/584/92 1167/585/91 1168/582/91
f 1172/586/93 1169/587/92 1170/584/92
f 1174/588/94 1171/589/95 1172/586/93
f 1176/590/96 1173/591/94 1174/588/94
f 1178/592/97 1175/593/96 1176/590/96
f 1180/594/98 1177/595/97 1178/592/97
f 1182/596/99 1179/597/98 1180/594/98
f 1184/598/100 1181/599/99 1182/596/99
f 1186/600/101 1183/601/100 1184/598/100
f 1188/602/102 1185/603/101 1186/600/101
f 1190/604/103 1187/605/102 1188/602/102
f 1192/606/104 1189/607/103 1190/604/103
f 1194/608/105 1191/609/104 1192/606/104
f 1196/610/106 1193/611/105 1194/608/105
f 1198/612/107 1195/613/106 1196/610/106
f 1200/614/108 1197/615/107 1198/612/107
f 1202/616/108 1199/85/108 1200/614/108
f 1204/617/108 1201/618/108 1202/616/108
f 1206/619/108 1203/620/108 1204/617/108
f 1208/621/108 1205/622/108 1206/619/108
f 1210/623/108 1207/624/108 1208/621/108
f 1212/625/108 1209/626/108 1210/623/108
f 1214/627/108 1211/628/108 1212/625/108
f 1216/629/108 1213/630/108 1214/627/108
f 1218/631/108 1215/632/108 1216/629/108
f 1220/633/108 1217/634/108 1218/631/108
f 1222/635/109 1219/636/108 1220/633/108
f 1224/637/110 1221/638/109 1222/635/109
f 1226/639/111 1223/640/110 1224/637/110
f 1228/641/112 1225/642/111 1226/639/111
f 1230/643/113 1227/644/112 1228/641/112
f 1232/645/114 1229/646/113 1230/643/113
f 1234/647/115 1231/648/114 1232/645/114
f 1236/649/116 1233/650/115 1234/647/115
f 1238/651/117 1235/652/116 1236/649/116
f 1240/653/118 1237/654/117 1238/651/117
f 1242/655/119 1239/656/118 1240/653/118
f 1244/657/120 1241/658/119 1242/655/119
f 1246/659/121 1243/660/120 1244/657/120
f 1248/661/122 1245/662/121 1246/659/121
f 1250/663/123 1247/664/124 1248/661/122
f 1252/665/125 1249/666/123 1250/663/123
f 1254/667/126 1251/668/125 1252/665/125
f 1256/669/127 1253/670/126 1254/667/126
f 1258/671/128 1255/672/127 1256/669/127
f 1260/673/129 1257/674/128 1258/671/128
f 1262/675/130 1259/676/131 1260/673/129
f 1264/677/132 1261/678/130 1262/675/130
f 1266/679/133 1263/680/134 1264/677/132
f 1268/681/135 1265/682/136 1266/679/133
f 1270/683/137 1267/684/135 1268/681/135
f 1272/685/138 1269/686/137 1270/683/137
f 978/687/6 1271/688/138 1272/685/138
f 1276/689/139 1273/24/140 1274/397/140
f 1278/690/141 1275/691/139 1276/689/139
f 1280/692/142 1277/693/141 1278/690/141
f 1282/694/143 1279/695/142 1280/692/142
f 1284/696/144 1281/697/143 1282/694/143
f 1286/698/145 1283/699/144 1284/696/144
f 1288/700/146 1285/701/145 1286/698/145
f 1290/702/147 1287/703/146 1288/700/146
f 1292/704/148 1289/705/147 1290/702/147
f 1294/706/149 1291/707/148 1292/704/148
f 1296/708/150 1293/709/149 1294/706/149
f 1298/710/151 1295/711/150 1296/708/150
f 1300/712/152 1297/713/151 1298/710/151
f 1302/714/153 1299/715/152 1300/712/152
f 1304/716/154 1301/717/153 1302/714/153
f 1306/718/155 1303/719/154 1304/716/154
f 1308/720/156 1305/721/155 1306/718/155
f 1310/722/157 1307/723/156 1308/720/156
f 1312/724/158 1309/725/157 1310/722/157
f 1314/726/159 1311/727/160 1312/724/158
f 1316/728/161 1313/729/159 1314/726/159
f 1318/730/162 1315/731/161 1316/728/161
f 1320/732/163 1317/733/162 1318/730/162
f 1322/734/164 1319/735/163 1320/732/163
f 1324/736/165 1321/737/164 1322/734/164
f 1326/738/166 1323/739/165 1324/736/165
f 1328/740/167 1325/741/168 1326/738/166
f 1330/742/169 1327/743/167 1328/740/167
f 1332/744/170 1329/745/169 1330/742/169
f 1334/746/171 1331/747/170 1332/744/170
f 1336/748/172 1333/749/171 1334/746/171
f 1338/750/173 1335/751/172 1336/748/172
f 1340/752/174 1337/753/173 1338/750/173
f 1342/754/175 1339/755/174 1340/752/174
f 1344/756/176 1341/757/175 1342/754/175
f 1346/758/177 1343/759/176 1344/756/176
f 1348/760/178 1345/761/177 1346/758/177
f 1350/762/179 1347/763/178 1348/760/178
f 1352/764/180 1349/765/179 1350/762/179
f 1354/766/181 1351/767/180 1352/764/180
f 1356/768/182 1353/769/181 1354/766/181
f 1358/770/183 1355/771/182 1356/768/182
f 1360/772/184 1357/773/183 1358/770/183
f 1362/774/185 1359/775/184 1360/772/184
f 1364/776/186 1361/777/185 1362/774/185
f 1366/778/187 1363/779/186 1364/776/186
f 1368/780/188 1365/781/187 1366/778/187
f 1370/782/189 1367/783/188 1368/780/188
f 1372/784/190 1369/785/189 1370/782/189
f 1374/786/191 1371/787/190 1372/784/190
f 1376/788/192 1373/789/191 1374/786/191
f 1378/790/193 1375/791/192 1376/788/192
f 1380/792/194 1377/793/193 1378/790/193
f 1382/794/195 1379/795/194 1380/792/194
f 1384/796/196 1381/797/195 1382/794/195
f 1386/798/197 1383/799/196 1384/796/196
f 1388/800/198 1385/801/197 1386/798/197
f 1390/802/199 1387/803/198 1388/800/198
f 1392/804/200 1389/805/199 1390/802/199
f 1394/806/201 1391/387/200 1392/804/200
f 1396/807/202 1393/808/201 1394/806/201
f 1398/809/203 1395/810/202 1396/807/202
f 1400/811/204 1397/812/203 1398/809/203
f 1402/813/205 1399/814/204 1400/811/204
f 1404/815/206 1401/816/205 1402/813/205
f 1406/817/207 1403/818/206 1404/815/206
f 1408/819/208 1405/820/207 1406/817/207
f 1410/821/209 1407/822/208 1408/819/208
f 1412/823/210 1409/824/209 1410/821/209
f 1414/825/211 1411/826/210 1412/823/210
f 1416/827/212 1413/828/211 1414/825/211
f 1418/829/213 1415/830/212 1416/827/212
f 1420/831/214 1417/832/213 1418/829/213
f 1422/833/215 1419/834/214 1420/831/214
f 1424/835/216 1421/836/215 1422/833/215
f 1426/837/217 1423/838/216 1424/835/216
f 1428/839/218 1425/840/217 1426/837/217
f 1430/841/219 1427/842/218 1428/839/218
f 1432/843/220 1429/844/219 1430/841/219
f 1434/845/221 1431/846/220 1432/843/220
f 1436/847/222 1433/848/221 1434/845/221
f 1438/849/223 1435/850/222 1436/847/222
f 1440/851/224 1437/852/223 1438/849/223
f 1442/853/225 1439/854/224 1440/851/224
f 1444/855/226 1441/856/225 1442/853/225
f 1446/857/227 1443/858/226 1444/855/226
f 1448/859/228 1445/860/227 1446/857/227
f 1450/861/229 1447/862/228 1448/859/228
f 1452/863/230 1449/864/229 1450/861/229
f 1454/865/231 1451/866/230 1452/863/230
f 1456/867/232 1453/868/231 1454/865/231
f 1458/869/233 1455/870/232 1456/867/232
f 1460/871/234 1457/872/233 1458/869/233
f 1462/873/235 1459/874/234 1460/871/234
f 1464/875/236 1461/876/235 1462/873/235
f 1466/877/237 1463/878/236 1464/875/236
f 1468/879/238 1465/880/237 1466/877/237
f 1470/881/239 1467/882/238 1468/879/238
f 1472/883/240 1469/884/239 1470/881/239
f 1474/885/241 1471/886/240 1472/883/240
f 1476/887/242 1473/888/241 1474/885/241
f 1478/889/243 1475/890/242 1476/887/242
f 1480/891/244 1477/892/243 1478/889/243
f 1482/893/245 1479/894/244 1480/891/244
f 1484/895/246 1481/896/245 1482/893/245
f 1486/897/247 1483/898/246 1484/895/246
f 1488/899/248 1485/900/247 1486/897/247
f 1490/901/249 1487/902/248 1488/899/248
f 1492/903/250 1489/904/249 1490/901/249
f 1494/905/251 1491/906/250 1492/903/250
f 1496/907/252 1493/908/251 1494/905/251
f 1498/909/253 1495/910/252 1496/907/252
f 1500/911/254 1497/912/255 1498/909/253
f 1502/913/256 1499/914/254 1500/911/254
f 1504/915/257 1501/916/256 1502/913/256
f 1506/917/258 1503/918/257 1504/915/257
f 1508/919/259 1505/920/258 1506/917/258
f 1510/921/260 1507/922/259 1508/919/259
f 1512/923/261 1509/256/260 1510/921/260
f 1514/924/262 1511/925/261 1512/923/261
f 1516/926/263 1513/927/262 1514/924/262
f 1518/928/264 1515/929/263 1516/926/263
f 1520/930/265 1517/931/264 1518/928/264
f 1522/932/266 1519/933/265 1520/930/265
f 1524/934/267 1521/935/266 1522/932/266
f 1526/936/268 1523/937/267 1524/934/267
f 1528/938/269 1525/939/268 1526/936/268
f 1530/940/270 1527/941/269 1528/938/269
f 1532/942/271 1529/943/270 1530/940/270
f 1534/944/272 1531/945/271 1532/942/271
f 1536/946/273 1533/947/272 1534/944/272
f 1538/948/274 1535/949/273 1536/946/273
f 1540/950/275 1537/951/274 1538/948/274
f 1542/952/276 1539/953/275 1540/950/275
f 1544/954/277 1541/955/276 1542/952/276
f 1546/956/278 1543/957/277 1544/954/277
f 1548/958/279 1545/959/278 1546/956/278
f 1550/960/280 1547/961/279 1548/958/279
f 1552/962/281 1549/963/280 1550/960/280
f 1554/964/282 1551/965/283 1552/962/281
f 1556/966/284 1553/967/282 1554/964/282
f 1558/968/285 1555/969/284 1556/966/284
f 1560/970/286 1557/971/285 1558/968/285
f 1562/972/287 1559/973/286 1560/970/286
f 1564/974/288 1561/975/287 1562/972/287
f 1566/976/289 1563/977/288 1564/974/288
f 1568/978/290 1565/979/289 1566/976/289
f 1570/980/291 1567/981/290 1568/978/290
f 1572/982/292 1569/983/291 1570/980/291
f 1574/984/293 1571/985/292 1572/982/292
f 1576/986/294 1573/987/293 1574/984/293
f 1578/988/295 1575/989/294 1576/986/294
f 1580/990/296 1577/991/295 1578/988/295
f 1582/992/297 1579/993/296 1580/990/296
f 1584/994/298 1581/995/297 1582/992/297
f 1586/996/299 1583/997/300 1584/994/298
f 1588/998/301 1585/999/299 1586/996/299
f 1590/1000/302 1587/1001/301 1588/998/301
f 1592/1002/303 1589/1003/302 1590/1000/302
f 1594/1004/304 1591/1005/303 1592/1002/303
f 1596/1006/305 1593/1007/304 1594/1004/304
f 1598/1008/306 1595/1009/305 1596/1006/305
f 1600/1010/307 1597/1011/306 1598/1008/306
f 1602/1012/308 1599/1013/309 1600/1010/307
f 1604/1014/310 1601/1015/308 1602/1012/308
f 1606/1016/311 1603/1017/310 1604/1014/310
f 1608/1018/312 1605/1019/311 1606/1016/311
f 1610/1020/313 1607/1021/312 1608/1018/312
f 1612/1022/314 1609/1023/313 1610/1020/313
f 1614/1024/315 1611/1025/314 1612/1022/314
f 1616/1026/316 1613/1027/315 1614/1024/315
f 1618/1028/317 1615/1029/316 1616/1026/316
f 1620/1030/318 1617/1031/317 1618/1028/317
f 1622/1032/319 1619/1033/318 1620/1030/318
f 1624/1034/320 1621/1035/319 1622/1032/319
f 1626/1036/321 1623/1037/320 1624/1034/320
f 1274/687/140 1625/1038/321 1626/1036/321
f 1630/398/108 1627/24/108 1628/397/108
f 1632/402/108 1629/401/108 1630/398/108
f 1634/406/108 1631/405/108 1632/402/108
f 1636/410/108 1633/409/108 1634/406/108
f 1638/414/108 1635/413/108 1636/410/108
f 1640/418/108 1637/417/108 1638/414/108
f 1642/422/108 1639/421/108 1640/418/108
f 1644/426/108 1641/425/108 1642/422/108
f 1646/430/108 1643/429/108 1644/426/108
f 1648/434/108 1645/433/108 1646/430/108
f 1650/438/322 1647/437/108 1648/434/108
f 1652/442/323 1649/441/322 1650/438/322
f 1654/446/324 1651/445/323 1652/442/323
f 1656/450/325 1653/449/324 1654/446/324
f 1658/454/326 1655/453/325 1656/450/325
f 1660/458/327 1657/457/326 1658/454/326
f 1662/462/328 1659/461/327 1660/458/327
f 1664/466/329 1661/465/328 1662/462/328
f 1666/470/330 1663/469/329 1664/466/329
f 1668/473/331 1665/472/330 1666/470/330
f 1670/477/332 1667/476/331 1668/473/331
f 1672/481/333 1669/480/332 1670/477/332
f 1674/485/334 1671/484/333 1672/481/333
f 1676/489/335 1673/488/334 1674/485/334
f 1678/493/336 1675/492/335 1676/489/335
f 1680/497/337 1677/496/336 1678/493/336
f 1682/501/338 1679/500/337 1680/497/337
f 1684/505/339 1681/504/338 1682/501/338
f 1686/509/340 1683/508/339 1684/505/339
f 1688/513/341 1685/512/340 1686/509/340
f 1690/517/342 1687/516/341 1688/513/341
f 1692/521/343 1689/520/342 1690/517/342
f 1694/525/344 1691/524/343 1692/521/343
f 1696/529/345 1693/528/344 1694/525/344
f 1698/533/346 1695/532/345 1696/529/345
f 1700/537/347 1697/536/346 1698/533/346
f 1702/541/79 1699/540/347 1700/537/347
f 1704/544/79 1701/53/79 1702/541/79
f 1706/548/79 1703/547/79 1704/544/79
f 1708/552/79 1705/551/79 1706/548/79
f 1710/556/79 1707/555/79 1708/552/79
f 1712/560/79 1709/559/79 1710/556/79
f 1714/564/79 1711/563/79 1712/560/79
f 1716/568/79 1713/567/79 1714/564/79
f 1718/572/79 1715/571/79 1716/568/79
f 1720/576/79 1717/575/79 1718/572/79
f 1722/580/79 1719/579/79 1720/576/79
f 1724/584/348 1721/583/79 1722/580/79
f 1726/588/349 1723/587/348 1724/584/348
f 1728/592/350 1725/591/349 1726/588/349
f 1730/596/351 1727/595/350 1728/592/350
f 1732/600/352 1729/599/351 1730/596/351
f 1734/604/353 1731/603/352 1732/600/352
f 1736/608/354 1733/607/353 1734/604/353
f 1738/612/355 1735/611/354 1736/608/354
f 1740/616/356 1737/615/355 1738/612/355
f 1742/619/357 1739/618/356 1740/616/356
f 1744/623/358 1741/622/357 1742/619/357
f 1746/627/359 1743/626/358 1744/623/358
f 1748/631/360 1745/630/359 1746/627/359
f 1750/635/361 1747/634/360 1748/631/360
f 1752/639/362 1749/638/363 1750/635/361
f 1754/643/364 1751/642/362 1752/639/362
f 1756/647/365 1753/646/364 1754/643/364
f 1758/651/366 1755/650/365 1756/647/365
f 1760/655/367 1757/654/366 1758/651/366
f 1762/659/368 1759/658/367 1760/655/367
f 1764/663/369 1761/662/368 1762/659/368
f 1766/667/370 1763/666/369 1764/663/369
f 1768/671/371 1765/670/370 1766/667/370
f 1770/675/372 1767/674/371 1768/671/371
f 1772/679/373 1769/678/372 1770/675/372
f 1774/683/374 1771/682/373 1772/679/373
f 1628/687/108 1773/686/374 1774/683/374
f 1778/1039/375 1775/24/376 1776/397/376
f 1780/1040/377 1777/1041/375 1778/1039/375
f 1782/1042/378 1779/1043/377 1780/1040/377
f 1784/1044/379 1781/1045/378 1782/1042/378
f 1786/1046/380 1783/1047/379 1784/1044/379
f 1788/1048/381 1785/1049/380 1786/1046/380
f 1790/1050/382 1787/1051/381 1788/1048/381
f 1792/1052/383 1789/1053/384 1790/1050/382
f 1794/1054/385 1791/1055/383 1792/1052/383
f 1796/1056/386 1793/1057/385 1794/1054/385
f 1798/1058/387 1795/1059/388 1796/1056/386
f 1800/1060/389 1797/1061/387 1798/1058/387
f 1802/1062/390 1799/1063/389 1800/1060/389
f 1804/1064/391 1801/1065/390 1802/1062/390
f 1806/1066/392 1803/1067/393 1804/1064/391
f 1808/1068/394 1805/1069/395 1806/1066/392
f 1810/1070/396 1807/1071/394 1808/1068/394
f 1812/1072/397 1809/1073/398 1810/1070/396
f 1814/1074/399 1811/1075/397 1812/1072/397
f 1816/1076/400 1813/1077/399 1814/1074/399
f 1818/1078/401 1815/1079/402 1816/1076/400
f 1820/1080/403 1817/1081/401 1818/1078/401
f 1822/1082/404 1819/1083/405 1820/1080/403
f 1824/1084/406 1821/1085/404 1822/1082/404
f 1826/1086/407 1823/1087/406 1824/1084/406
f 1828/1088/408 1825/1089/407 1826/1086/407
f 1830/1090/409 1827/1091/408 1828/1088/408
f 1832/1092/410 1829/1093/409 1830/1090/409
f 1834/1094/411 1831/1095/410 1832/1092/410
f 1836/1096/412 1833/1097/411 1834/1094/411
f 1838/1098/413 1835/1099/412 1836/1096/412
f 1840/1100/414 1837/1101/413 1838/1098/413
f 1842/1102/415 1839/1103/414 1840/1100/414
f 1844/1104/416 1841/1105/415 1842/1102/415
f 1846/1106/417 1843/1107/416 1844/1104/416
f 1848/1108/418 1845/1109/417 1846/1106/417
f 1850/1110/419 1847/1111/418 1848/1108/418
f 1852/1112/420 1849/1113/419 1850/1110/419
f 1854/1114/421 1851/1115/422 1852/1112/420
f 1856/1116/423 1853/1117/421 1854/1114/421
f 1858/1118/424 1855/1119/423 1856/1116/423
f 1860/1120/425 1857/1121/424 1858/1118/424
f 1862/1122/426 1859/1123/425 1860/1120/425
f 1864/1124/427 1861/1125/426 1862/1122/426
f 1866/1126/428 1863/1127/427 1864/1124/427
f 1868/1128/429 1865/1129/428 1866/1126/428
f 1870/1130/430 1867/1131/429 1868/1128/429
f 1872/1132/431 1869/1133/430 1870/1130/430
f 1874/1134/432 1871/1135/431 1872/1132/431
f 1876/1136/433 1873/1137/432 1874/1134/432
f 1878/1138/434 1875/1139/435 1876/1136/433
f 1880/1140/436 1877/1141/434 1878/1138/434
f 1882/1142/437 1879/1143/436 1880/1140/436
f 1884/1144/438 1881/1145/437 1882/1142/437
f 1886/1146/439 1883/1147/438 1884/1144/438
f 1888/1148/440 1885/1149/439 1886/1146/439
f 1890/1150/441 1887/1151/440 1888/1148/440
f 1892/1152/442 1889/1153/441 1890/1150/441
f 1894/1154/443 1891/1155/442 1892/1152/442
f 1896/1156/444 1893/1157/443 1894/1154/443
f 1898/1158/445 1895/1159/444 1896/1156/444
f 1900/1160/446 1897/1161/445 1898/1158/445
f 1902/1162/447 1899/1163/446 1900/1160/446
f 1904/1164/448 1901/1165/447 1902/1162/447
f 1906/1166/449 1903/1167/450 1904/1164/448
f 1908/1168/451 1905/1169/452 1906/1166/449
f 1910/1170/453 1907/1171/451 1908/1168/451
f 1912/1172/454 1909/1173/453 1910/1170/453
f 1914/1174/455 1911/1175/454 1912/1172/454
f 1916/1176/456 1913/1177/455 1914/1174/455
f 1918/1178/457 1915/1179/456 1916/1176/456
f 1920/1180/458 1917/1181/457 1918/1178/457
f 1922/1182/459 1919/1183/460 1920/1180/458
f 1924/1184/461 1921/1185/462 1922/1182/459
f 1926/1186/463 1923/1187/461 1924/1184/461
f 1928/1188/464 1925/1189/465 1926/1186/463
f 1930/1190/466 1927/1191/464 1928/1188/464
f 1932/1192/466 1929/1193/466 1930/1190/466
f 1934/1194/466 1931/1195/466 1932/1192/466
f 1936/1196/466 1933/1197/466 1934/1194/466
f 1938/1198/466 1935/1199/466 1936/1196/466
f 1940/1200/466 1937/1201/466 1938/1198/466
f 1942/1202/466 1939/1203/466 1940/1200/466
f 1944/1204/466 1941/1205/466 1942/1202/466
f 1946/1206/466 1943/1207/466 1944/1204/466
f 1948/1208/466 1945/1209/466 1946/1206/466
f 1950/1210/466 1947/1211/466 1948/1208/466
f 1952/1212/467 1949/1213/466 1950/1210/466
f 1776/687/376 1951/1214/467 1952/1212/467
f 980/396/5 979/399/5 977/24/6
f 982/398/7 981/401/7 979/399/5
f 984/400/8 983/403/8 981/401/7
f 986/402/9 985/405/9 983/403/8
f 988/404/10 987/407/10 985/405/9
f 990/406/11 989/409/11 987/407/10
f 992/408/12 991/411/12 989/409/11
f 994/410/13 993/413/13 991/411/12
f 996/412/14 995/415/14 993/413/13
f 998/414/15 997/417/15 995/415/14
f 1000/416/16 999/419/16 997/417/15
f 1002/418/17 1001/421/17 999/419/16
f 1004/420/18 1003/423/18 1001/421/17
f 1006/422/19 1005/425/19 1003/423/18
f 1008/424/20 1007/427/20 1005/425/19
f 1010/426/21 1009/429/21 1007/427/20
f 1012/428/22 1011/431/22 1009/429/21
f 1014/430/23 1013/433/23 1011/431/22
f 1016/432/24 1015/435/24 1013/433/23
f 1018/434/25 1017/437/25 1015/435/24
f 1020/436/26 1019/439/26 1017/437/25
f 1022/438/27 1021/441/27 1019/439/26
f 1024/440/28 1023/443/28 1021/441/27
f 1026/442/29 1025/445/29 1023/443/28
f 1028/444/30 1027/447/30 1025/445/29
f 1030/446/31 1029/449/31 1027/447/30
f 1032/448/32 1031/451/32 1029/449/31
f 1034/450/33 1033/453/33 1031/451/32
f 1036/452/34 1035/455/34 1033/453/33
f 1038/454/35 1037/457/35 1035/455/34
f 1040/456/36 1039/459/36 1037/457/35
f 1042/458/37 1041/461/37 1039/459/36
f 1044/460/38 1043/463/38 1041/461/37
f 1046/462/39 1045/465/39 1043/463/38
f 1048/464/40 1047/467/40 1045/465/39
f 1050/466/41 1049/469/41 1047/467/40
f 1052/468/42 1051/21/42 1049/469/41
f 1054/470/43 1053/472/43 1051/21/42
f 1056/471/44 1055/474/44 1053/472/43
f 1058/473/45 1057/476/45 1055/474/44
f 1060/475/46 1059/478/46 1057/476/45
f 1062/477/47 1061/480/47 1059/478/46
f 1064/479/48 1063/482/48 1061/480/47
f 1066/481/49 1065/484/49 1063/482/48
f 1068/483/50 1067/486/50 1065/484/49
f 1070/485/51 1069/488/51 1067/486/50
f 1072/487/52 1071/490/52 1069/488/51
f 1074/489/53 1073/492/53 1071/490/52
f 1076/491/54 1075/494/54 1073/492/53
f 1078/493/55 1077/496/55 1075/494/54
f 1080/495/56 1079/498/56 1077/496/55
f 1082/497/57 1081/500/57 1079/498/56
f 1084/499/58 1083/502/58 1081/500/57
f 1086/501/59 1085/504/59 1083/502/58
f 1088/503/60 1087/506/60 1085/504/59
f 1090/505/61 1089/508/61 1087/506/60
f 1092/507/62 1091/510/62 1089/508/61
f 1094/509/63 1093/512/63 1091/510/62
f 1096/511/64 1095/514/64 1093/512/63
f 1098/513/65 1097/516/65 1095/514/64
f 1100/515/66 1099/518/66 1097/516/65
f 1102/517/67 1101/520/67 1099/518/66
f 1104/519/68 1103/522/68 1101/520/67
f 1106/521/69 1105/524/69 1103/522/68
f 1108/523/70 1107/526/70 1105/524/69
f 1110/525/71 1109/528/71 1107/526/70
f 1112/527/72 1111/530/72 1109/528/71
f 1114/529/73 1113/532/73 1111/530/72
f 1116/531/74 1115/534/74 1113/532/73
f 1118/533/75 1117/536/75 1115/534/74
f 1120/535/76 1119/538/76 1117/536/75
f 1122/537/77 1121/540/77 1119/538/76
f 1124/539/78 1123/542/80 1121/540/77
f 1126/541/79 1125/53/79 1123/542/80
f 1128/543/79 1127/545/79 1125/53/79
f 1130/544/79 1129/547/79 1127/545/79
f 1132/546/79 1131/549/79 1129/547/79
f 1134/548/79 1133/551/79 1131/549/79
f 1136/550/79 1135/553/79 1133/551/79
f 1138/552/79 1137/555/79 1135/553/79
f 1140/554/79 1139/557/79 1137/555/79
f 1142/556/79 1141/559/79 1139/557/79
f 1144/558/79 1143/561/79 1141/559/79
f 1146/560/79 1145/563/79 1143/561/79
f 1148/562/81 1147/565/81 1145/563/79
f 1150/564/82 1149/567/82 1147/565/81
f 1152/566/83 1151/569/83 1149/567/82
f 1154/568/84 1153/571/84 1151/569/83
f 1156/570/85 1155/573/85 1153/571/84
f 1158/572/86 1157/575/86 1155/573/85
f 1160/574/87 1159/577/87 1157/575/86
f 1162/576/88 1161/579/88 1159/577/87
f 1164/578/89 1163/581/89 1161/579/88
f 1166/580/90 1165/583/90 1163/581/89
f 1168/582/91 1167/585/91 1165/583/90
f 1170/584/92 1169/587/92 1167/585/91
f 1172/586/93 1171/589/95 1169/587/92
f 1174/588/94 1173/591/94 1171/589/95
f 1176/590/96 1175/593/96 1173/591/94
f 1178/592/97 1177/595/97 1175/593/96
f 1180/594/98 1179/597/98 1177/595/97
f 1182/596/99 1181/599/99 1179/597/98
f 1184/598/100 1183/601/100 1181/599/99
f 1186/600/101 1185/603/101 1183/601/100
f 1188/602/102 1187/605/102 1185/603/101
f 1190/604/103 1189/607/103 1187/605/102
f 1192/606/104 1191/609/104 1189/607/103
f 1194/608/105 1193/611/105 1191/609/104
f 1196/610/106 1195/613/106 1193/611/105
f 1198/612/107 1197/615/107 1195/613/106
f 1200/614/108 1199/85/108 1197/615/107
f 1202/616/108 1201/618/108 1199/85/108
f 1204/617/108 1203/620/108 1201/618/108
f 1206/619/108 1205/622/108 1203/620/108
f 1208/621/108 1207/624/108 1205/622/108
f 1210/623/108 1209/626/108 1207/624/108
f 1212/625/108 1211/628/108 1209/626/108
f 1214/627/108 1213/630/108 1211/628/108
f 1216/629/108 1215/632/108 1213/630/108
f 1218/631/108 1217/634/108 1215/632/108
f 1220/633/108 1219/636/108 1217/634/108
f 1222/635/109 1221/638/109 1219/636/108
f 1224/637/110 1223/640/110 1221/638/109
f 1226/639/111 1225/642/111 1223/640/110
f 1228/641/112 1227/644/112 1225/642/111
f 1230/643/113 1229/646/113 1227/644/112
f 1232/645/114 1231/648/114 1229/646/113
f 1234/647/115 1233/650/115 1231/648/114
f 1236/649/116 1235/652/116 1233/650/115
f 1238/651/117 1237/654/117 1235/652/116
f 1240/653/118 1239/656/118 1237/654/117
f 1242/655/119 1241/658/119 1239/656/118
f 1244/657/120 1243/660/120 1241/658/119
f 1246/659/121 1245/662/121 1243/660/120
f 1248/661/122 1247/664/124 1245/662/121
f 1250/663/123 1249/666/123 1247/664/124
f 1252/665/125 1251/668/125 1249/666/123
f 1254/667/126 1253/670/126 1251/668/125
f 1256/669/127 1255/672/127 1253/670/126
f 1258/671/128 1257/674/128 1255/672/127
f 1260/673/129 1259/676/131 1257/674/128
f 1262/675/130 1261/678/130 1259/676/131
f 1264/677/132 1263/680/134 1261/678/130
f 1266/679/133 1265/682/136 1263/680/134
f 1268/681/135 1267/684/135 1265/682/136
f 1270/683/137 1269/686/137 1267/684/135
f 1272/685/138 1271/688/138 1269/686/137
f 978/687/6 977/26/6 1271/688/138
f 1276/689/139 1275/691/139 1273/24/140
f 1278/690/141 1277/693/141 1275/691/139
f 1280/692/142 1279/695/142 1277/693/141
f 1282/694/143 1281/697/143 1279/695/142
f 1284/696/144 1283/699/144 1281/697/143
f 1286/698/145 1285/701/145 1283/699/144
f 1288/700/146 1287/703/146 1285/701/145
f 1290/702/147 1289/705/147 1287/703/146
f 1292/704/148 1291/707/148 1289/705/147
f 1294/706/149 1293/709/149 1291/707/148
f 1296/708/150 1295/711/150 1293/709/149
f 1298/710/151 1297/713/151 1295/711/150
f 1300/712/152 1299/715/152 1297/713/151
f 1302/714/153 1301/717/153 1299/715/152
f 1304/716/154 1303/719/154 1301/717/153
f 1306/718/155 1305/721/155 1303/719/154
f 1308/720/156 1307/723/156 1305/721/155
f 1310/722/157 1309/725/157 1307/723/156
f 1312/724/158 1311/727/160 1309/725/157
f 1314/726/159 1313/729/159 1311/727/160
f 1316/728/161 1315/731/161 1313/729/159
f 1318/730/162 1317/733/162 1315/731/161
f 1320/732/163 1319/735/163 1317/733/162
f 1322/734/164 1321/737/164 1319/735/163
f 1324/736/165 1323/739/165 1321/737/164
f 1326/738/166 1325/741/168 1323/739/165
f 1328/740/167 1327/743/167 1325/741/168
f 1330/742/169 1329/745/169 1327/743/167
f 1332/744/170 1331/747/170 1329/745/169
f 1334/746/171 1333/749/171 1331/747/170
f 1336/748/172 1335/751/172 1333/749/171
f 1338/750/173 1337/753/173 1335/751/172
f 1340/752/174 1339/755/174 1337/753/173
f 1342/754/175 1341/757/175 1339/755/174
f 1344/756/176 1343/759/176 1341/757/175
f 1346/758/177 1345/761/177 1343/759/176
f 1348/760/178 1347/763/178 1345/761/177
f 1350/762/179 1349/765/179 1347/763/178
f 1352/764/180 1351/767/180 1349/765/179
f 1354/766/181 1353/769/181 1351/767/180
f 1356/768/182 1355/771/182 1353/769/181
f 1358/770/183 1357/773/183 1355/771/182
f 1360/772/184 1359/775/184 1357/773/183
f 1362/774/185 1361/777/185 1359/775/184
f 1364/776/186 1363/779/186 1361/777/185
f 1366/778/187 1365/781/187 1363/779/186
f 1368/780/188 1367/783/188 1365/781/187
f 1370/782/189 1369/785/189 1367/783/188
f 1372/784/190 1371/787/190 1369/785/189
f 1374/786/191 1373/789/191 1371/787/190
f 1376/788/192 1375/791/192 1373/789/191
f 1378/790/193 1377/793/193 1375/791/192
f 1380/792/194 1379/795/194 1377/793/193
f 1382/794/195 1381/797/195 1379/795/194
f 1384/796/196 1383/799/196 1381/797/195
f 1386/798/197 1385/801/197 1383/799/196
f 1388/800/198 1387/803/198 1385/801/197
f 1390/802/199 1389/805/199 1387/803/198
f 1392/804/200 1391/387/200 1389/805/199
f 1394/806/201 1393/808/201 1391/387/200
f 1396/807/202 1395/810/202 1393/808/201
f 1398/809/203 1397/812/203 1395/810/202
f 1400/811/204 1399/814/204 1397/812/203
f 1402/813/205 1401/816/205 1399/814/204
f 1404/815/206 1403/818/206 1401/816/205
f 1406/817/207 1405/820/207 1403/818/206
f 1408/819/208 1407/822/208 1405/820/207
f 1410/821/209 1409/824/209 1407/822/208
f 1412/823/210 1411/826/210 1409/824/209
f 1414/825/211 1413/828/211 1411/826/210
f 1416/827/212 1415/830/212 1413/828/211
f 1418/829/213 1417/832/213 1415/830/212
f 1420/831/214 1419/834/214 1417/832/213
f 1422/833/215 1421/836/215 1419/834/214
f 1424/835/216 1423/838/216 1421/836/215
f 1426/837/217 1425/840/217 1423/838/216
f 1428/839/218 1427/842/218 1425/840/217
f 1430/841/219 1429/844/219 1427/842/218
f 1432/843/220 1431/846/220 1429/844/219
f 1434/845/221 1433/848/221 1431/846/220
f 1436/847/222 1435/850/222 1433/848/221
f 1438/849/223 1437/852/223 1435/850/222
f 1440/851/224 1439/854/224 1437/852/223
f 1442/853/225 1441/856/225 1439/854/224
f 1444/855/226 1443/858/226 1441/856/225
f 1446/857/227 1445/860/227 1443/858/226
f 1448/859/228 1447/862/228 1445/860/227
f 1450/861/229 1449/864/229 1447/862/228
f 1452/863/230 1451/866/230 1449/864/229
f 1454/865/231 1453/868/231 1451/866/230
f 1456/867/232 1455/870/232 1453/868/231
f 1458/869/233 1457/872/233 1455/870/232
f 1460/871/234 1459/874/234 1457/872/233
f 1462/873/235 1461/876/235 1459/874/234
f 1464/875/236 1463/878/236 1461/876/235
f 1466/877/237 1465/880/237 1463/878/236
f 1468/879/238 1467/882/238 1465/880/237
f 1470/881/239 1469/884/239 1467/882/238
f 1472/883/240 1471/886/240 1469/884/239
f 1474/885/241 1473/888/241 1471/886/240
f 1476/887/242 1475/890/242 1473/888/241
f 1478/889/243 1477/892/243 1475/890/242
f 1480/891/244 1479/894/244 1477/892/243
f 1482/893/245 1481/896/245 1479/894/244
f 1484/895/246 1483/898/246 1481/896/245
f 1486/897/247 1485/900/247 1483/898/246
f 1488/899/248 1487/902/248 1485/900/247
f 1490/901/249 1489/904/249 1487/902/248
f 1492/903/250 1491/906/250 1489/904/249
f 1494/905/251 1493/908/251 1491/906/250
f 1496/907/252 1495/910/252 1493/908/251
f 1498/909/253 1497/912/255 1495/910/252
f 1500/911/254 1499/914/254 1497/912/255
f 1502/913/256 1501/916/256 1499/914/254
f 1504/915/257 1503/918/257 1501/916/256
f 1506/917/258 1505/920/258 1503/918/257
f 1508/919/259 1507/922/259 1505/920/258
f 1510/921/260 1509/256/260 1507/922/259
f 1512/923/261 1511/925/261 1509/256/260
f 1514/924/262 1513/927/262 1511/925/261
f 1516/926/263 1515/929/263 1513/927/262
f 1518/928/264 1517/931/264 1515/929/263
f 1520/930/265 1519/933/265 1517/931/264
f 1522/932/266 1521/935/266 1519/933/265
f 1524/934/267 1523/937/267 1521/935/266
f 1526/936/268 1525/939/268 1523/937/267
f 1528/938/269 1527/941/269 1525/939/268
f 1530/940/270 1529/943/270 1527/941/269
f 1532/942/271 1531/945/271 1529/943/270
f 1534/944/272 1533/947/272 1531/945/271
f 1536/946/273 1535/949/273 1533/947/272
f 1538/948/274 1537/951/274 1535/949/273
f 1540/950/275 1539/953/275 1537/951/274
f 1542/952/276 1541/955/276 1539/953/275
f 1544/954/277 1543/957/277 1541/955/276
f 1546/956/278 1545/959/278 1543/957/277
f 1548/958/279 1547/961/279 1545/959/278
f 1550/960/280 1549/963/280 1547/961/279
f 1552/962/281 1551/965/283 1549/963/280
f 1554/964/282 1553/967/282 1551/965/283
f 1556/966/284 1555/969/284 1553/967/282
f 1558/968/285 1557/971/285 1555/969/284
f 1560/970/286 1559/973/286 1557/971/285
f 1562/972/287 1561/975/287 1559/973/286
f 1564/974/288 1563/977/288 1561/975/287
f 1566/976/289 1565/979/289 1563/977/288
f 1568/978/290 1567/981/290 1565/979/289
f 1570/980/291 1569/983/291 1567/981/290
f 1572/982/292 1571/985/292 1569/983/291
f 1574/984/293 1573/987/293 1571/985/292
f 1576/986/294 1575/989/294 1573/987/293
f 1578/988/295 1577/991/295 1575/989/294
f 1580/990/296 1579/993/296 1577/991/295
f 1582/992/297 1581/995/297 1579/993/296
f 1584/994/298 1583/997/300 1581/995/297
f 1586/996/299 1585/999/299 1583/997/300
f 1588/998/301 1587/1001/301 1585/999/299
f 1590/1000/302 1589/1003/302 1587/1001/301
f 1592/1002/303 1591/1005/303 1589/1003/302
f 1594/1004/304 1593/1007/304 1591/1005/303
f 1596/1006/305 1595/1009/305 1593/1007/304
f 1598/1008/306 1597/1011/306 1595/1009/305
f 1600/1010/307 1599/1013/309 1597/1011/306
f 1602/1012/308 1601/1015/308 1599/1013/309
f 1604/1014/310 1603/1017/310 1601/1015/308
f 1606/1016/311 1605/1019/311 1603/1017/310
f 1608/1018/312 1607/1021/312 1605/1019/311
f 1610/1020/313 1609/1023/313 1607/1021/312
f 1612/1022/314 1611/1025/314 1609/1023/313
f 1614/1024/315 1613/1027/315 1611/1025/314
f 1616/1026/316 1615/1029/316 1613/1027/315
f 1618/1028/317 1617/1031/317 1615/1029/316
f 1620/1030/318 1619/1033/318 1617/1031/317
f 1622/1032/319 1621/1035/319 1619/1033/318
f 1624/1034/320 1623/1037/320 1621/1035/319
f 1626/1036/321 1625/1038/321 1623/1037/320
f 1274/687/140 1273/26/140 1625/1038/321
f 1630/398/108 1629/401/108 1627/24/108
f 1632/402/108 1631/405/108 1629/401/108
f 1634/406/108 1633/409/108 1631/405/108
f 1636/410/108 1635/413/108 1633/409/108
f 1638/414/108 1637/417/108 1635/413/108
f 1640/418/108 1639/421/108 1637/417/108
f 1642/422/108 1641/425/108 1639/421/108
f 1644/426/108 1643/429/108 1641/425/108
f 1646/430/108 1645/433/108 1643/429/108
f 1648/434/108 1647/437/108 1645/433/108
f 1650/438/322 1649/441/322 1647/437/108
f 1652/442/323 1651/445/323 1649/441/322
f 1654/446/324 1653/449/324 1651/445/323
f 1656/450/325 1655/453/325 1653/449/324
f 1658/454/326 1657/457/326 1655/453/325
f 1660/458/327 1659/461/327 1657/457/326
f 1662/462/328 1661/465/328 1659/461/327
f 1664/466/329 1663/469/329 1661/465/328
f 1666/470/330 1665/472/330 1663/469/329
f 1668/473/331 1667/476/331 1665/472/330
f 1670/477/332 1669/480/332 1667/476/331
f 1672/481/333 1671/484/333 1669/480/332
f 1674/485/334 1673/488/334 1671/484/333
f 1676/489/335 1675/492/335 1673/488/334
f 1678/493/336 1677/496/336 1675/492/335
f 1680/497/337 1679/500/337 1677/496/336
f 1682/501/338 1681/504/338 1679/500/337
f 1684/505/339 1683/508/339 1681/504/338
f 1686/509/340 1685/512/340 1683/508/339
f 1688/513/341 1687/516/341 1685/512/340
f 1690/517/342 1689/520/342 1687/516/341
f 1692/521/343 1691/524/343 1689/520/342
f 1694/525/344 1693/528/344 1691/524/343
f 1696/529/345 1695/532/345 1693/528/344
f 1698/533/346 1697/536/346 1695/532/345
f 1700/537/347 1699/540/347 1697/536/346
f 1702/541/79 1701/53/79 1699/540/347
f 1704/544/79 1703/547/79 1701/53/79
f 1706/548/79 1705/551/79 1703/547/79
f 1708/552/79 1707/555/79 1705/551/79
f 1710/556/79 1709/559/79 1707/555/79
f 1712/560/79 1711/563/79 1709/559/79
f 1714/564/79 1713/567/79 1711/563/79
f 1716/568/79 1715/571/79 1713/567/79
f 1718/572/79 1717/575/79 1715/571/79
f 1720/576/79 1719/579/79 1717/575/79
f 1722/580/79 1721/583/79 1719/579/79
f 1724/584/348 1723/587/348 1721/583/79
f 1726/588/349 1725/591/349 1723/587/348
f 1728/592/350 1727/595/350 1725/591/349
f 1730/596/351 1729/599/351 1727/595/350
f 1732/600/352 1731/603/352 1729/599/351
f 1734/604/353 1733/607/353 1731/603/352
f 1736/608/354 1735/611/354 1733/607/353
f 1738/612/355 1737/615/355 1735/611/354
f 1740/616/356 1739/618/356 1737/615/355
f 1742/619/357 1741/622/357 1739/618/356
f 1744/623/358 1743/626/358 1741/622/357
f 1746/627/359 1745/630/359 1743/626/358
f 1748/631/360 1747/634/360 1745/630/359
f 1750/635/361 1749/638/363 1747/634/360
f 1752/639/362 1751/642/362 1749/638/363
f 1754/643/364 1753/646/364 1751/642/362
f 1756/647/365 1755/650/365 1753/646/364
f 1758/651/366 1757/654/366 1755/650/365
f 1760/655/367 1759/658/367 1757/654/366
f 1762/659/368 1761/662/368 1759/658/367
f 1764/663/369 1763/666/369 1761/662/368
f 1766/667/370 1765/670/370 1763/666/369
f 1768/671/371 1767/674/371 1765/670/370
f 1770/675/372 1769/678/372 1767/674/371
f 1772/679/373 1771/682/373 1769/678/372
f 1774/683/374 1773/686/374 1771/682/373
f 1628/687/108 1627/26/108 1773/686/374
f 1778/1039/375 1777/1041/375 1775/24/376
f 1780/1040/377 1779/1043/377 1777/1041/375
f 1782/1042/378 1781/1045/378 1779/1043/377
f 1784/1044/379 1783/1047/379 1781/1045/378
f 1786/1046/380 1785/1049/380 1783/1047/379
f 1788/1048/381 1787/1051/381 1785/1049/380
f 1790/1050/382 1789/1053/384 1787/1051/381
f 1792/1052/383 1791/1055/383 1789/1053/384
f 1794/1054/385 1793/1057/385 1791/1055/383
f 1796/1056/386 1795/1059/388 1793/1057/385
f 1798/1058/387 1797/1061/387 1795/1059/388
f 1800/1060/389 1799/1063/389 1797/1061/387
f 1802/1062/390 1801/1065/390 1799/1063/389
f 1804/1064/391 1803/1067/393 1801/1065/390
f 1806/1066/392 1805/1069/395 1803/1067/393
f 1808/1068/394 1807/1071/394 1805/1069/395
f 1810/1070/396 1809/1073/398 1807/1071/394
f 1812/1072/397 1811/1075/397 1809/1073/398
f 1814/1074/399 1813/1077/399 1811/1075/397
f 1816/1076/400 1815/1079/402 1813/1077/399
f 1818/1078/401 1817/1081/401 1815/1079/402
f 1820/1080/403 1819/1083/405 1817/1081/401
f 1822/1082/404 1821/1085/404 1819/1083/405
f 1824/1084/406 1823/1087/406 1821/1085/404
f 1826/1086/407 1825/1089/407 1823/1087/406
f 1828/1088/408 1827/1091/408 1825/1089/407
f 1830/1090/409 1829/1093/409 1827/1091/408
f 1832/1092/410 1831/1095/410 1829/1093/409
f 1834/1094/411 1833/1097/411 1831/1095/410
f 1836/1096/412 1835/1099/412 1833/1097/411
f 1838/1098/413 1837/1101/413 1835/1099/412
f 1840/1100/414 1839/1103/414 1837/1101/413
f 1842/1102/415 1841/1105/415 1839/1103/414
f 1844/1104/416 1843/1107/416 1841/1105/415
f 1846/1106/417 1845/1109/417 1843/1107/416
f 1848/1108/418 1847/1111/418 1845/1109/417
f 1850/1110/419 1849/1113/419 1847/1111/418
f 1852/1112/420 1851/1115/422 1849/1113/419
f 1854/1114/421 1853/1117/421 1851/1115/422
f 1856/1116/423 1855/1119/423 1853/1117/421
f 1858/1118/424 1857/1121/424 1855/1119/423
f 1860/1120/425 1859/1123/425 1857/1121/424
f 1862/1122/426 1861/1125/426 1859/1123/425
f 1864/1124/427 1863/1127/427 1861/1125/426
f 1866/1126/428 1865/1129/428 1863/1127/427
f 1868/1128/429 1867/1131/429 1865/1129/428
f 1870/1130/430 1869/1133/430 1867/1131/429
f 1872/1132/431 1871/1135/431 1869/1133/430
f 1874/1134/432 1873/1137/432 1871/1135/431
f 1876/1136/433 1875/1139/435 1873/1137/432
f 1878/1138/434 1877/1141/434 1875/1139/435
f 1880/1140/436 1879/1143/436 1877/1141/434
f 1882/1142/437 1881/1145/437 1879/1143/436
f 1884/1144/438 1883/1147/438 1881/1145/437
f 1886/1146/439 1885/1149/439 1883/1147/438
f 1888/1148/440 1887/1151/440 1885/1149/439
f 1890/1150/441 1889/1153/441 1887/1151/440
f 1892/1152/442 1891/1155/442 1889/1153/441
f 1894/1154/443 1893/1157/443 1891/1155/442
f 1896/1156/444 1895/1159/444 1893/1157/443
f 1898/1158/445 1897/1161/445 1895/1159/444
f 1900/1160/446 1899/1163/446 1897/1161/445
f 1902/1162/447 1901/1165/447 1899/1163/446
f 1904/1164/448 1903/1167/450 1901/1165/447
f 1906/1166/449 1905/1169/452 1903/1167/450
f 1908/1168/451 1907/1171/451 1905/1169/452
f 1910/1170/453 1909/1173/453 1907/1171/451
f 1912/1172/454 1911/1175/454 1909/1173/453
f 1914/1174/455 1913/1177/455 1911/1175/454
f 1916/1176/456 1915/1179/456 1913/1177/455
f 1918/1178/457 1917/1181/457 1915/1179/456
f 1920/1180/458 1919/1183/460 1917/1181/457
f 1922/1182/459 1921/1185/462 1919/1183/460
f 1924/1184/461 1923/1187/461 1921/1185/462
f 1926/1186/463 1925/1189/465 1923/1187/461
f 1928/1188/464 1927/1191/464 1925/1189/465
f 1930/1190/466 1929/1193/466 1927/1191/464
f 1932/1192/466 1931/1195/466 1929/1193/466
f 1934/1194/466 1933/1197/466 1931/1195/466
f 1936/1196/466 1935/1199/466 1933/1197/466
f 1938/1198/466 1937/1201/466 1935/1199/466
f 1940/1200/466 1939/1203/466 1937/1201/466
f 1942/1202/466 1941/1205/466 1939/1203/466
f 1944/1204/466 1943/1207/466 1941/1205/466
f 1946/1206/466 1945/1209/466 1943/1207/466
f 1948/1208/466 1947/1211/466 1945/1209/466
f 1950/1210/466 1949/1213/466 1947/1211/466
f 1952/1212/467 1951/1214/467 1949/1213/466
f 1776/687/376 1775/26/376 1951/1214/467
